quarter_id,quarter_timestamp,stored_BPM,QUARTER_STATE,selected_event_id,selected_timestamp,selected_source_state,QUARTER_NEAREST_ONSET_OFFSET_MS,ABS_DISTANCE_TO_QUARTER_MS,NEAREST_ONSET_TIE,tied_event_ids,native_candidate_N,context_N,context_source_composition,original_quarter_id,original_quarter_timestamp,original_offset_ms,source_provenance,source_provenance_sha256
0,0.06965986394557823,161.4990234375,EMPTY,NONE,,,,,False,[],0,0,"{""BASS_AND_DRUM_SUPPORTED"": 0, ""BASS_SUPPORTED"": 0, ""CONFLICTING_EVIDENCE"": 0, ""DRUM_SUPPORTED"": 0, ""UNKNOWN"": 0}",,,,/Users/StarTrack/Development/JazzGrooveAnalyzer/docs/scientific/rfc/JGA_WHOLE_TRACK_GROOVE_FROZEN_PIPELINE_001_20260921/WHOLE_TRACK_SOURCE_STATES.csv,7d5ced889b068c5328afd81b1ff02d04b682639aa4f47410e45e21f689bf2547
1,0.44117913832199546,161.4990234375,EMPTY,NONE,,,,,False,[],0,0,"{""BASS_AND_DRUM_SUPPORTED"": 0, ""BASS_SUPPORTED"": 0, ""CONFLICTING_EVIDENCE"": 0, ""DRUM_SUPPORTED"": 0, ""UNKNOWN"": 0}",,,,/Users/StarTrack/Development/JazzGrooveAnalyzer/docs/scientific/rfc/JGA_WHOLE_TRACK_GROOVE_FROZEN_PIPELINE_001_20260921/WHOLE_TRACK_SOURCE_STATES.csv,7d5ced889b068c5328afd81b1ff02d04b682639aa4f47410e45e21f689bf2547
2,0.8126984126984127,161.49902343749997,SELECTED,F_MIX_00001,0.8359183673469388,DRUM_SUPPORTED,23.2199546485261000,23.2199546485261000,False,[],3,2,"{""BASS_AND_DRUM_SUPPORTED"": 1, ""BASS_SUPPORTED"": 0, ""CONFLICTING_EVIDENCE"": 0, ""DRUM_SUPPORTED"": 0, ""UNKNOWN"": 1}",1,0.6823742634453166,153.5441039016222000,/Users/StarTrack/Development/JazzGrooveAnalyzer/docs/scientific/rfc/JGA_WHOLE_TRACK_GROOVE_FROZEN_PIPELINE_001_20260921/WHOLE_TRACK_SOURCE_STATES.csv,7d5ced889b068c5328afd81b1ff02d04b682639aa4f47410e45e21f689bf2547
3,1.18421768707483,161.49902343750006,SELECTED,F_MIX_00003,1.230657596371882,DRUM_SUPPORTED,46.439909297052000,46.439909297052000,False,[],1,0,"{""BASS_AND_DRUM_SUPPORTED"": 0, ""BASS_SUPPORTED"": 0, ""CONFLICTING_EVIDENCE"": 0, ""DRUM_SUPPORTED"": 0, ""UNKNOWN"": 0}",2,1.0607553362280218,169.9022601438602000,/Users/StarTrack/Development/JazzGrooveAnalyzer/docs/scientific/rfc/JGA_WHOLE_TRACK_GROOVE_FROZEN_PIPELINE_001_20260921/WHOLE_TRACK_SOURCE_STATES.csv,7d5ced889b068c5328afd81b1ff02d04b682639aa4f47410e45e21f689bf2547
4,1.555736961451247,161.49902343749997,SELECTED,F_MIX_00005,1.5789569160997732,BASS_AND_DRUM_SUPPORTED,23.2199546485262000,23.2199546485262000,False,[],2,1,"{""BASS_AND_DRUM_SUPPORTED"": 0, ""BASS_SUPPORTED"": 0, ""CONFLICTING_EVIDENCE"": 0, ""DRUM_SUPPORTED"": 0, ""UNKNOWN"": 1}",3,1.4372539161113105,141.7029999884627000,/Users/StarTrack/Development/JazzGrooveAnalyzer/docs/scientific/rfc/JGA_WHOLE_TRACK_GROOVE_FROZEN_PIPELINE_001_20260921/WHOLE_TRACK_SOURCE_STATES.csv,7d5ced889b068c5328afd81b1ff02d04b682639aa4f47410e45e21f689bf2547
5,1.9272562358276644,151.9990808823529,SELECTED,F_MIX_00008,1.9736961451247166,DRUM_SUPPORTED,46.4399092970522000,46.4399092970522000,False,[],3,2,"{""BASS_AND_DRUM_SUPPORTED"": 0, ""BASS_SUPPORTED"": 0, ""CONFLICTING_EVIDENCE"": 0, ""DRUM_SUPPORTED"": 0, ""UNKNOWN"": 2}",4,1.8118793687314982,161.8167763932184000,/Users/StarTrack/Development/JazzGrooveAnalyzer/docs/scientific/rfc/JGA_WHOLE_TRACK_GROOVE_FROZEN_PIPELINE_001_20260921/WHOLE_TRACK_SOURCE_STATES.csv,7d5ced889b068c5328afd81b1ff02d04b682639aa4f47410e45e21f689bf2547
6,2.3219954648526078,172.26562499999997,SELECTED,F_MIX_00010,2.3219954648526078,BASS_AND_DRUM_SUPPORTED,0E-16,0E-16,False,[],2,1,"{""BASS_AND_DRUM_SUPPORTED"": 0, ""BASS_SUPPORTED"": 0, ""CONFLICTING_EVIDENCE"": 0, ""DRUM_SUPPORTED"": 1, ""UNKNOWN"": 0}",5,2.1864770623709613,135.5184024816465000,/Users/StarTrack/Development/JazzGrooveAnalyzer/docs/scientific/rfc/JGA_WHOLE_TRACK_GROOVE_FROZEN_PIPELINE_001_20260921/WHOLE_TRACK_SOURCE_STATES.csv,7d5ced889b068c5328afd81b1ff02d04b682639aa4f47410e45e21f689bf2547
7,2.670294784580499,161.49902343749997,SELECTED,F_MIX_00012,2.705124716553288,DRUM_SUPPORTED,34.829931972789000,34.829931972789000,False,[],2,1,"{""BASS_AND_DRUM_SUPPORTED"": 0, ""BASS_SUPPORTED"": 0, ""CONFLICTING_EVIDENCE"": 0, ""DRUM_SUPPORTED"": 0, ""UNKNOWN"": 1}",6,2.561043912698508,144.080803854780000,/Users/StarTrack/Development/JazzGrooveAnalyzer/docs/scientific/rfc/JGA_WHOLE_TRACK_GROOVE_FROZEN_PIPELINE_001_20260921/WHOLE_TRACK_SOURCE_STATES.csv,7d5ced889b068c5328afd81b1ff02d04b682639aa4f47410e45e21f689bf2547
8,3.0418140589569163,161.49902343749997,SELECTED,F_MIX_00015,3.076643990929705,DRUM_SUPPORTED,34.8299319727887000,34.8299319727887000,False,[],3,2,"{""BASS_AND_DRUM_SUPPORTED"": 0, ""BASS_SUPPORTED"": 0, ""CONFLICTING_EVIDENCE"": 0, ""DRUM_SUPPORTED"": 0, ""UNKNOWN"": 2}",7,2.935576492679481,141.067498250224000,/Users/StarTrack/Development/JazzGrooveAnalyzer/docs/scientific/rfc/JGA_WHOLE_TRACK_GROOVE_FROZEN_PIPELINE_001_20260921/WHOLE_TRACK_SOURCE_STATES.csv,7d5ced889b068c5328afd81b1ff02d04b682639aa4f47410e45e21f689bf2547
9,3.4133333333333336,161.49902343750017,SELECTED,F_MIX_00017,3.436553287981859,DRUM_SUPPORTED,23.2199546485254000,23.2199546485254000,False,[],2,1,"{""BASS_AND_DRUM_SUPPORTED"": 0, ""BASS_SUPPORTED"": 0, ""CONFLICTING_EVIDENCE"": 0, ""DRUM_SUPPORTED"": 0, ""UNKNOWN"": 1}",8,3.310111306918859,126.441981063000000,/Users/StarTrack/Development/JazzGrooveAnalyzer/docs/scientific/rfc/JGA_WHOLE_TRACK_GROOVE_FROZEN_PIPELINE_001_20260921/WHOLE_TRACK_SOURCE_STATES.csv,7d5ced889b068c5328afd81b1ff02d04b682639aa4f47410e45e21f689bf2547
10,3.7848526077097504,161.49902343749997,SELECTED,F_MIX_00019,3.7964625850340137,DRUM_SUPPORTED,11.6099773242633000,11.6099773242633000,False,[],2,1,"{""BASS_AND_DRUM_SUPPORTED"": 0, ""BASS_SUPPORTED"": 0, ""CONFLICTING_EVIDENCE"": 0, ""DRUM_SUPPORTED"": 1, ""UNKNOWN"": 0}",9,3.6846486036675756,111.8139813664381000,/Users/StarTrack/Development/JazzGrooveAnalyzer/docs/scientific/rfc/JGA_WHOLE_TRACK_GROOVE_FROZEN_PIPELINE_001_20260921/WHOLE_TRACK_SOURCE_STATES.csv,7d5ced889b068c5328afd81b1ff02d04b682639aa4f47410e45e21f689bf2547
11,4.156371882086168,172.26562499999997,SELECTED,F_MIX_00021,4.191201814058957,DRUM_SUPPORTED,34.829931972789000,34.829931972789000,False,[],2,1,"{""BASS_AND_DRUM_SUPPORTED"": 0, ""BASS_SUPPORTED"": 0, ""CONFLICTING_EVIDENCE"": 0, ""DRUM_SUPPORTED"": 0, ""UNKNOWN"": 1}",10,4.059188658760002,132.013155298955000,/Users/StarTrack/Development/JazzGrooveAnalyzer/docs/scientific/rfc/JGA_WHOLE_TRACK_GROOVE_FROZEN_PIPELINE_001_20260921/WHOLE_TRACK_SOURCE_STATES.csv,7d5ced889b068c5328afd81b1ff02d04b682639aa4f47410e45e21f689bf2547
12,4.504671201814059,161.49902343749977,SELECTED,F_MIX_00023,4.516281179138322,BASS_AND_DRUM_SUPPORTED,11.609977324263000,11.609977324263000,False,[],3,2,"{""BASS_AND_DRUM_SUPPORTED"": 0, ""BASS_SUPPORTED"": 0, ""CONFLICTING_EVIDENCE"": 0, ""DRUM_SUPPORTED"": 1, ""UNKNOWN"": 1}",11,4.433731778678773,82.549400459549000,/Users/StarTrack/Development/JazzGrooveAnalyzer/docs/scientific/rfc/JGA_WHOLE_TRACK_GROOVE_FROZEN_PIPELINE_001_20260921/WHOLE_TRACK_SOURCE_STATES.csv,7d5ced889b068c5328afd81b1ff02d04b682639aa4f47410e45e21f689bf2547
13,4.876190476190477,172.26562500000043,SELECTED,F_MIX_00025,4.899410430839002,DRUM_SUPPORTED,23.219954648525000,23.219954648525000,False,[],1,0,"{""BASS_AND_DRUM_SUPPORTED"": 0, ""BASS_SUPPORTED"": 0, ""CONFLICTING_EVIDENCE"": 0, ""DRUM_SUPPORTED"": 0, ""UNKNOWN"": 0}",12,4.808278303960148,91.132126878854000,/Users/StarTrack/Development/JazzGrooveAnalyzer/docs/scientific/rfc/JGA_WHOLE_TRACK_GROOVE_FROZEN_PIPELINE_001_20260921/WHOLE_TRACK_SOURCE_STATES.csv,7d5ced889b068c5328afd81b1ff02d04b682639aa4f47410e45e21f689bf2547
14,5.224489795918367,161.49902343749977,SELECTED,F_MIX_00027,5.259319727891157,DRUM_SUPPORTED,34.829931972790000,34.829931972790000,False,[],2,1,"{""BASS_AND_DRUM_SUPPORTED"": 0, ""BASS_SUPPORTED"": 1, ""CONFLICTING_EVIDENCE"": 0, ""DRUM_SUPPORTED"": 0, ""UNKNOWN"": 0}",13,5.182788300556487,76.531427334670000,/Users/StarTrack/Development/JazzGrooveAnalyzer/docs/scientific/rfc/JGA_WHOLE_TRACK_GROOVE_FROZEN_PIPELINE_001_20260921/WHOLE_TRACK_SOURCE_STATES.csv,7d5ced889b068c5328afd81b1ff02d04b682639aa4f47410e45e21f689bf2547
15,5.596009070294785,172.26562499999997,SELECTED,F_MIX_00029,5.630839002267574,BASS_AND_DRUM_SUPPORTED,34.829931972789000,34.829931972789000,False,[],2,1,"{""BASS_AND_DRUM_SUPPORTED"": 0, ""BASS_SUPPORTED"": 0, ""CONFLICTING_EVIDENCE"": 0, ""DRUM_SUPPORTED"": 1, ""UNKNOWN"": 0}",14,5.557257709725006,73.581292542568000,/Users/StarTrack/Development/JazzGrooveAnalyzer/docs/scientific/rfc/JGA_WHOLE_TRACK_GROOVE_FROZEN_PIPELINE_001_20260921/WHOLE_TRACK_SOURCE_STATES.csv,7d5ced889b068c5328afd81b1ff02d04b682639aa4f47410e45e21f689bf2547
16,5.944308390022676,161.49902343750017,SELECTED,F_MIX_00031,5.9675283446712015,BASS_AND_DRUM_SUPPORTED,23.2199546485255000,23.2199546485255000,False,[],2,1,"{""BASS_AND_DRUM_SUPPORTED"": 0, ""BASS_SUPPORTED"": 0, ""CONFLICTING_EVIDENCE"": 0, ""DRUM_SUPPORTED"": 1, ""UNKNOWN"": 0}",15,5.931682021751503,35.8463229196985000,/Users/StarTrack/Development/JazzGrooveAnalyzer/docs/scientific/rfc/JGA_WHOLE_TRACK_GROOVE_FROZEN_PIPELINE_001_20260921/WHOLE_TRACK_SOURCE_STATES.csv,7d5ced889b068c5328afd81b1ff02d04b682639aa4f47410e45e21f689bf2547
17,6.315827664399093,172.26562499999997,SELECTED,F_MIX_00034,6.339047619047619,DRUM_SUPPORTED,23.219954648526000,23.219954648526000,False,[],3,2,"{""BASS_AND_DRUM_SUPPORTED"": 0, ""BASS_SUPPORTED"": 0, ""CONFLICTING_EVIDENCE"": 0, ""DRUM_SUPPORTED"": 2, ""UNKNOWN"": 0}",16,6.306056225842422,32.991393205197000,/Users/StarTrack/Development/JazzGrooveAnalyzer/docs/scientific/rfc/JGA_WHOLE_TRACK_GROOVE_FROZEN_PIPELINE_001_20260921/WHOLE_TRACK_SOURCE_STATES.csv,7d5ced889b068c5328afd81b1ff02d04b682639aa4f47410e45e21f689bf2547
18,6.664126984126984,172.26562499999997,SELECTED,F_MIX_00036,6.6873469387755105,BASS_AND_DRUM_SUPPORTED,23.2199546485265000,23.2199546485265000,False,[],2,1,"{""BASS_AND_DRUM_SUPPORTED"": 0, ""BASS_SUPPORTED"": 0, ""CONFLICTING_EVIDENCE"": 0, ""DRUM_SUPPORTED"": 1, ""UNKNOWN"": 0}",17,6.680374754449364,6.9721843261465000,/Users/StarTrack/Development/JazzGrooveAnalyzer/docs/scientific/rfc/JGA_WHOLE_TRACK_GROOVE_FROZEN_PIPELINE_001_20260921/WHOLE_TRACK_SOURCE_STATES.csv,7d5ced889b068c5328afd81b1ff02d04b682639aa4f47410e45e21f689bf2547
19,7.012426303854875,161.49902343749977,SELECTED,F_MIX_00037,6.965986394557823,UNKNOWN,-46.439909297052000,46.439909297052000,False,[],2,1,"{""BASS_AND_DRUM_SUPPORTED"": 0, ""BASS_SUPPORTED"": 0, ""CONFLICTING_EVIDENCE"": 0, ""DRUM_SUPPORTED"": 1, ""UNKNOWN"": 0}",18,7.054631421407442,-88.645026849619000,/Users/StarTrack/Development/JazzGrooveAnalyzer/docs/scientific/rfc/JGA_WHOLE_TRACK_GROOVE_FROZEN_PIPELINE_001_20260921/WHOLE_TRACK_SOURCE_STATES.csv,7d5ced889b068c5328afd81b1ff02d04b682639aa4f47410e45e21f689bf2547
20,7.383945578231293,172.26562499999997,SELECTED,F_MIX_00039,7.430385487528345,BASS_AND_DRUM_SUPPORTED,46.439909297052000,46.439909297052000,False,[],1,0,"{""BASS_AND_DRUM_SUPPORTED"": 0, ""BASS_SUPPORTED"": 0, ""CONFLICTING_EVIDENCE"": 0, ""DRUM_SUPPORTED"": 0, ""UNKNOWN"": 0}",19,7.428819353200116,1.566134328229000,/Users/StarTrack/Development/JazzGrooveAnalyzer/docs/scientific/rfc/JGA_WHOLE_TRACK_GROOVE_FROZEN_PIPELINE_001_20260921/WHOLE_TRACK_SOURCE_STATES.csv,7d5ced889b068c5328afd81b1ff02d04b682639aa4f47410e45e21f689bf2547
21,7.732244897959184,161.49902343749977,SELECTED,F_MIX_00040,7.790294784580499,DRUM_SUPPORTED,58.049886621315000,58.049886621315000,False,[],1,0,"{""BASS_AND_DRUM_SUPPORTED"": 0, ""BASS_SUPPORTED"": 0, ""CONFLICTING_EVIDENCE"": 0, ""DRUM_SUPPORTED"": 0, ""UNKNOWN"": 0}",20,7.802971225008052,-12.676440427553000,/Users/StarTrack/Development/JazzGrooveAnalyzer/docs/scientific/rfc/JGA_WHOLE_TRACK_GROOVE_FROZEN_PIPELINE_001_20260921/WHOLE_TRACK_SOURCE_STATES.csv,7d5ced889b068c5328afd81b1ff02d04b682639aa4f47410e45e21f689bf2547
22,8.103764172335602,172.26562499999997,SELECTED,F_MIX_00042,8.13859410430839,DRUM_SUPPORTED,34.829931972788000,34.829931972788000,False,[],2,1,"{""BASS_AND_DRUM_SUPPORTED"": 0, ""BASS_SUPPORTED"": 1, ""CONFLICTING_EVIDENCE"": 0, ""DRUM_SUPPORTED"": 0, ""UNKNOWN"": 0}",21,8.177083030166276,-38.488925857886000,/Users/StarTrack/Development/JazzGrooveAnalyzer/docs/scientific/rfc/JGA_WHOLE_TRACK_GROOVE_FROZEN_PIPELINE_001_20260921/WHOLE_TRACK_SOURCE_STATES.csv,7d5ced889b068c5328afd81b1ff02d04b682639aa4f47410e45e21f689bf2547
23,8.452063492063493,161.49902343750054,SELECTED,F_MIX_00044,8.510113378684807,BASS_AND_DRUM_SUPPORTED,58.049886621314000,58.049886621314000,False,[],2,1,"{""BASS_AND_DRUM_SUPPORTED"": 0, ""BASS_SUPPORTED"": 0, ""CONFLICTING_EVIDENCE"": 0, ""DRUM_SUPPORTED"": 1, ""UNKNOWN"": 0}",22,8.551150316824822,-41.036938140015000,/Users/StarTrack/Development/JazzGrooveAnalyzer/docs/scientific/rfc/JGA_WHOLE_TRACK_GROOVE_FROZEN_PIPELINE_001_20260921/WHOLE_TRACK_SOURCE_STATES.csv,7d5ced889b068c5328afd81b1ff02d04b682639aa4f47410e45e21f689bf2547
24,8.823582766439909,172.26562499999997,SELECTED,F_MIX_00045,8.777142857142858,UNKNOWN,-46.439909297051000,46.439909297051000,False,[],2,1,"{""BASS_AND_DRUM_SUPPORTED"": 1, ""BASS_SUPPORTED"": 0, ""CONFLICTING_EVIDENCE"": 0, ""DRUM_SUPPORTED"": 0, ""UNKNOWN"": 0}",23,8.925168138483727,-148.025281340869000,/Users/StarTrack/Development/JazzGrooveAnalyzer/docs/scientific/rfc/JGA_WHOLE_TRACK_GROOVE_FROZEN_PIPELINE_001_20260921/WHOLE_TRACK_SOURCE_STATES.csv,7d5ced889b068c5328afd81b1ff02d04b682639aa4f47410e45e21f689bf2547
25,9.1718820861678,161.49902343749977,SELECTED,F_MIX_00047,9.218321995464853,BASS_AND_DRUM_SUPPORTED,46.439909297053000,46.439909297053000,False,[],1,0,"{""BASS_AND_DRUM_SUPPORTED"": 0, ""BASS_SUPPORTED"": 0, ""CONFLICTING_EVIDENCE"": 0, ""DRUM_SUPPORTED"": 0, ""UNKNOWN"": 0}",24,9.299130999031917,-80.809003567064000,/Users/StarTrack/Development/JazzGrooveAnalyzer/docs/scientific/rfc/JGA_WHOLE_TRACK_GROOVE_FROZEN_PIPELINE_001_20260921/WHOLE_TRACK_SOURCE_STATES.csv,7d5ced889b068c5328afd81b1ff02d04b682639aa4f47410e45e21f689bf2547
26,9.543401360544218,161.49902343749977,SELECTED,F_MIX_00048,9.508571428571429,DRUM_SUPPORTED,-34.829931972789000,34.829931972789000,False,[],2,1,"{""BASS_AND_DRUM_SUPPORTED"": 1, ""BASS_SUPPORTED"": 0, ""CONFLICTING_EVIDENCE"": 0, ""DRUM_SUPPORTED"": 0, ""UNKNOWN"": 0}",25,9.673032791679313,-164.461363107884000,/Users/StarTrack/Development/JazzGrooveAnalyzer/docs/scientific/rfc/JGA_WHOLE_TRACK_GROOVE_FROZEN_PIPELINE_001_20260921/WHOLE_TRACK_SOURCE_STATES.csv,7d5ced889b068c5328afd81b1ff02d04b682639aa4f47410e45e21f689bf2547
27,9.914920634920636,161.49902343750054,SELECTED,F_MIX_00050,9.868480725623582,DRUM_SUPPORTED,-46.439909297054000,46.439909297054000,False,[],2,1,"{""BASS_AND_DRUM_SUPPORTED"": 0, ""BASS_SUPPORTED"": 0, ""CONFLICTING_EVIDENCE"": 0, ""DRUM_SUPPORTED"": 1, ""UNKNOWN"": 0}",26,10.046866731103608,-178.386005480026000,/Users/StarTrack/Development/JazzGrooveAnalyzer/docs/scientific/rfc/JGA_WHOLE_TRACK_GROOVE_FROZEN_PIPELINE_001_20260921/WHOLE_TRACK_SOURCE_STATES.csv,7d5ced889b068c5328afd81b1ff02d04b682639aa4f47410e45e21f689bf2547
28,10.286439909297052,172.26562499999997,SELECTED,F_MIX_00052,10.216780045351474,DRUM_SUPPORTED,-69.659863945578000,69.659863945578000,False,[],2,1,"{""BASS_AND_DRUM_SUPPORTED"": 1, ""BASS_SUPPORTED"": 0, ""CONFLICTING_EVIDENCE"": 0, ""DRUM_SUPPORTED"": 0, ""UNKNOWN"": 0}",26,10.046866731103608,169.913314247866000,/Users/StarTrack/Development/JazzGrooveAnalyzer/docs/scientific/rfc/JGA_WHOLE_TRACK_GROOVE_FROZEN_PIPELINE_001_20260921/WHOLE_TRACK_SOURCE_STATES.csv,7d5ced889b068c5328afd81b1ff02d04b682639aa4f47410e45e21f689bf2547
29,10.634739229024943,161.49902343749977,SELECTED,F_MIX_00054,10.611519274376418,UNKNOWN,-23.219954648525000,23.219954648525000,False,[],2,1,"{""BASS_AND_DRUM_SUPPORTED"": 0, ""BASS_SUPPORTED"": 0, ""CONFLICTING_EVIDENCE"": 0, ""DRUM_SUPPORTED"": 1, ""UNKNOWN"": 0}",28,10.794485940654337,-182.966666277919000,/Users/StarTrack/Development/JazzGrooveAnalyzer/docs/scientific/rfc/JGA_WHOLE_TRACK_GROOVE_FROZEN_PIPELINE_001_20260921/WHOLE_TRACK_SOURCE_STATES.csv,7d5ced889b068c5328afd81b1ff02d04b682639aa4f47410e45e21f689bf2547
30,11.00625850340136,161.49902343749977,SELECTED,F_MIX_00057,10.983038548752834,UNKNOWN,-23.219954648526000,23.219954648526000,False,[],2,1,"{""BASS_AND_DRUM_SUPPORTED"": 0, ""BASS_SUPPORTED"": 1, ""CONFLICTING_EVIDENCE"": 0, ""DRUM_SUPPORTED"": 0, ""UNKNOWN"": 0}",29,11.168330169496112,-185.291620743278000,/Users/StarTrack/Development/JazzGrooveAnalyzer/docs/scientific/rfc/JGA_WHOLE_TRACK_GROOVE_FROZEN_PIPELINE_001_20260921/WHOLE_TRACK_SOURCE_STATES.csv,7d5ced889b068c5328afd81b1ff02d04b682639aa4f47410e45e21f689bf2547
31,11.377777777777778,161.49902343750054,SELECTED,F_MIX_00059,11.34294784580499,DRUM_SUPPORTED,-34.829931972788000,34.829931972788000,False,[],3,2,"{""BASS_AND_DRUM_SUPPORTED"": 0, ""BASS_SUPPORTED"": 0, ""CONFLICTING_EVIDENCE"": 0, ""DRUM_SUPPORTED"": 1, ""UNKNOWN"": 1}",29,11.168330169496112,174.617676308878000,/Users/StarTrack/Development/JazzGrooveAnalyzer/docs/scientific/rfc/JGA_WHOLE_TRACK_GROOVE_FROZEN_PIPELINE_001_20260921/WHOLE_TRACK_SOURCE_STATES.csv,7d5ced889b068c5328afd81b1ff02d04b682639aa4f47410e45e21f689bf2547
32,11.749297052154194,161.49902343749977,SELECTED,F_MIX_00062,11.72607709750567,DRUM_SUPPORTED,-23.219954648524000,23.219954648524000,False,[],4,3,"{""BASS_AND_DRUM_SUPPORTED"": 0, ""BASS_SUPPORTED"": 0, ""CONFLICTING_EVIDENCE"": 0, ""DRUM_SUPPORTED"": 3, ""UNKNOWN"": 0}",30,11.542140461557647,183.936635948023000,/Users/StarTrack/Development/JazzGrooveAnalyzer/docs/scientific/rfc/JGA_WHOLE_TRACK_GROOVE_FROZEN_PIPELINE_001_20260921/WHOLE_TRACK_SOURCE_STATES.csv,7d5ced889b068c5328afd81b1ff02d04b682639aa4f47410e45e21f689bf2547
33,12.120816326530612,161.49902343749977,SELECTED,F_MIX_00066,12.144036281179138,BASS_AND_DRUM_SUPPORTED,23.219954648526000,23.219954648526000,False,[],2,1,"{""BASS_AND_DRUM_SUPPORTED"": 0, ""BASS_SUPPORTED"": 0, ""CONFLICTING_EVIDENCE"": 0, ""DRUM_SUPPORTED"": 0, ""UNKNOWN"": 1}",32,12.289643733353959,-145.607452174821000,/Users/StarTrack/Development/JazzGrooveAnalyzer/docs/scientific/rfc/JGA_WHOLE_TRACK_GROOVE_FROZEN_PIPELINE_001_20260921/WHOLE_TRACK_SOURCE_STATES.csv,7d5ced889b068c5328afd81b1ff02d04b682639aa4f47410e45e21f689bf2547
34,12.49233560090703,161.49902343749977,SELECTED,F_MIX_00067,12.527165532879819,BASS_AND_DRUM_SUPPORTED,34.829931972789000,34.829931972789000,False,[],1,0,"{""BASS_AND_DRUM_SUPPORTED"": 0, ""BASS_SUPPORTED"": 0, ""CONFLICTING_EVIDENCE"": 0, ""DRUM_SUPPORTED"": 0, ""UNKNOWN"": 0}",33,12.663287555690452,-136.122022810633000,/Users/StarTrack/Development/JazzGrooveAnalyzer/docs/scientific/rfc/JGA_WHOLE_TRACK_GROOVE_FROZEN_PIPELINE_001_20260921/WHOLE_TRACK_SOURCE_STATES.csv,7d5ced889b068c5328afd81b1ff02d04b682639aa4f47410e45e21f689bf2547
35,12.863854875283447,161.49902343750054,SELECTED,F_MIX_00068,12.910294784580499,DRUM_SUPPORTED,46.439909297052000,46.439909297052000,False,[],1,0,"{""BASS_AND_DRUM_SUPPORTED"": 0, ""BASS_SUPPORTED"": 0, ""CONFLICTING_EVIDENCE"": 0, ""DRUM_SUPPORTED"": 0, ""UNKNOWN"": 0}",34,13.036875173857227,-126.580389276728000,/Users/StarTrack/Development/JazzGrooveAnalyzer/docs/scientific/rfc/JGA_WHOLE_TRACK_GROOVE_FROZEN_PIPELINE_001_20260921/WHOLE_TRACK_SOURCE_STATES.csv,7d5ced889b068c5328afd81b1ff02d04b682639aa4f47410e45e21f689bf2547
36,13.235374149659863,161.49902343749977,SELECTED,F_MIX_00070,13.25859410430839,DRUM_SUPPORTED,23.219954648527000,23.219954648527000,False,[],3,2,"{""BASS_AND_DRUM_SUPPORTED"": 1, ""BASS_SUPPORTED"": 0, ""CONFLICTING_EVIDENCE"": 0, ""DRUM_SUPPORTED"": 0, ""UNKNOWN"": 1}",35,13.41040034294654,-151.80623863815000,/Users/StarTrack/Development/JazzGrooveAnalyzer/docs/scientific/rfc/JGA_WHOLE_TRACK_GROOVE_FROZEN_PIPELINE_001_20260921/WHOLE_TRACK_SOURCE_STATES.csv,7d5ced889b068c5328afd81b1ff02d04b682639aa4f47410e45e21f689bf2547
37,13.606893424036281,172.26562499999997,SELECTED,F_MIX_00073,13.64172335600907,DRUM_SUPPORTED,34.829931972789000,34.829931972789000,False,[],2,1,"{""BASS_AND_DRUM_SUPPORTED"": 0, ""BASS_SUPPORTED"": 0, ""CONFLICTING_EVIDENCE"": 0, ""DRUM_SUPPORTED"": 1, ""UNKNOWN"": 0}",36,13.783916592803902,-142.193236794832000,/Users/StarTrack/Development/JazzGrooveAnalyzer/docs/scientific/rfc/JGA_WHOLE_TRACK_GROOVE_FROZEN_PIPELINE_001_20260921/WHOLE_TRACK_SOURCE_STATES.csv,7d5ced889b068c5328afd81b1ff02d04b682639aa4f47410e45e21f689bf2547
38,13.955192743764172,161.49902343749977,SELECTED,F_MIX_00074,13.908752834467121,UNKNOWN,-46.439909297051000,46.439909297051000,False,[],2,1,"{""BASS_AND_DRUM_SUPPORTED"": 1, ""BASS_SUPPORTED"": 0, ""CONFLICTING_EVIDENCE"": 0, ""DRUM_SUPPORTED"": 0, ""UNKNOWN"": 0}",36,13.783916592803902,124.836241663219000,/Users/StarTrack/Development/JazzGrooveAnalyzer/docs/scientific/rfc/JGA_WHOLE_TRACK_GROOVE_FROZEN_PIPELINE_001_20260921/WHOLE_TRACK_SOURCE_STATES.csv,7d5ced889b068c5328afd81b1ff02d04b682639aa4f47410e45e21f689bf2547
39,14.32671201814059,161.49902343750054,SELECTED,F_MIX_00076,14.373151927437641,DRUM_SUPPORTED,46.439909297051000,46.439909297051000,False,[],1,0,"{""BASS_AND_DRUM_SUPPORTED"": 0, ""BASS_SUPPORTED"": 0, ""CONFLICTING_EVIDENCE"": 0, ""DRUM_SUPPORTED"": 0, ""UNKNOWN"": 0}",38,14.530790604605036,-157.638677167395000,/Users/StarTrack/Development/JazzGrooveAnalyzer/docs/scientific/rfc/JGA_WHOLE_TRACK_GROOVE_FROZEN_PIPELINE_001_20260921/WHOLE_TRACK_SOURCE_STATES.csv,7d5ced889b068c5328afd81b1ff02d04b682639aa4f47410e45e21f689bf2547
40,14.698231292517006,161.49902343749977,SELECTED,F_MIX_00078,14.733061224489797,DRUM_SUPPORTED,34.829931972791000,34.829931972791000,False,[],3,2,"{""BASS_AND_DRUM_SUPPORTED"": 0, ""BASS_SUPPORTED"": 0, ""CONFLICTING_EVIDENCE"": 0, ""DRUM_SUPPORTED"": 0, ""UNKNOWN"": 2}",39,14.904199045289154,-171.137820799357000,/Users/StarTrack/Development/JazzGrooveAnalyzer/docs/scientific/rfc/JGA_WHOLE_TRACK_GROOVE_FROZEN_PIPELINE_001_20260921/WHOLE_TRACK_SOURCE_STATES.csv,7d5ced889b068c5328afd81b1ff02d04b682639aa4f47410e45e21f689bf2547
41,15.069750566893424,161.49902343749977,SELECTED,F_MIX_00081,15.069750566893424,BASS_AND_DRUM_SUPPORTED,0E-15,0E-15,False,[],3,2,"{""BASS_AND_DRUM_SUPPORTED"": 0, ""BASS_SUPPORTED"": 0, ""CONFLICTING_EVIDENCE"": 0, ""DRUM_SUPPORTED"": 0, ""UNKNOWN"": 2}",39,14.904199045289154,165.551521604270000,/Users/StarTrack/Development/JazzGrooveAnalyzer/docs/scientific/rfc/JGA_WHOLE_TRACK_GROOVE_FROZEN_PIPELINE_001_20260921/WHOLE_TRACK_SOURCE_STATES.csv,7d5ced889b068c5328afd81b1ff02d04b682639aa4f47410e45e21f689bf2547
42,15.441269841269841,172.26562499999997,SELECTED,F_MIX_00083,15.464489795918368,BASS_AND_DRUM_SUPPORTED,23.219954648527000,23.219954648527000,False,[],1,0,"{""BASS_AND_DRUM_SUPPORTED"": 0, ""BASS_SUPPORTED"": 0, ""CONFLICTING_EVIDENCE"": 0, ""DRUM_SUPPORTED"": 0, ""UNKNOWN"": 0}",41,15.650887358744049,-186.397562825681000,/Users/StarTrack/Development/JazzGrooveAnalyzer/docs/scientific/rfc/JGA_WHOLE_TRACK_GROOVE_FROZEN_PIPELINE_001_20260921/WHOLE_TRACK_SOURCE_STATES.csv,7d5ced889b068c5328afd81b1ff02d04b682639aa4f47410e45e21f689bf2547
43,15.789569160997733,161.49902343749977,SELECTED,F_MIX_00085,15.824399092970522,DRUM_SUPPORTED,34.829931972789000,34.829931972789000,False,[],2,1,"{""BASS_AND_DRUM_SUPPORTED"": 0, ""BASS_SUPPORTED"": 0, ""CONFLICTING_EVIDENCE"": 0, ""DRUM_SUPPORTED"": 0, ""UNKNOWN"": 1}",41,15.650887358744049,173.511734226473000,/Users/StarTrack/Development/JazzGrooveAnalyzer/docs/scientific/rfc/JGA_WHOLE_TRACK_GROOVE_FROZEN_PIPELINE_001_20260921/WHOLE_TRACK_SOURCE_STATES.csv,7d5ced889b068c5328afd81b1ff02d04b682639aa4f47410e45e21f689bf2547
44,16.16108843537415,161.49902343749977,SELECTED,F_MIX_00087,16.195918367346938,BASS_AND_DRUM_SUPPORTED,34.829931972788000,34.829931972788000,False,[],2,1,"{""BASS_AND_DRUM_SUPPORTED"": 0, ""BASS_SUPPORTED"": 0, ""CONFLICTING_EVIDENCE"": 0, ""DRUM_SUPPORTED"": 0, ""UNKNOWN"": 1}",42,16.024155378308315,171.762989038623000,/Users/StarTrack/Development/JazzGrooveAnalyzer/docs/scientific/rfc/JGA_WHOLE_TRACK_GROOVE_FROZEN_PIPELINE_001_20260921/WHOLE_TRACK_SOURCE_STATES.csv,7d5ced889b068c5328afd81b1ff02d04b682639aa4f47410e45e21f689bf2547
45,16.532607709750568,161.49902343749977,SELECTED,F_MIX_00088,16.555827664399093,DRUM_SUPPORTED,23.219954648525000,23.219954648525000,False,[],1,0,"{""BASS_AND_DRUM_SUPPORTED"": 0, ""BASS_SUPPORTED"": 0, ""CONFLICTING_EVIDENCE"": 0, ""DRUM_SUPPORTED"": 0, ""UNKNOWN"": 0}",43,16.39738590647118,158.441757927913000,/Users/StarTrack/Development/JazzGrooveAnalyzer/docs/scientific/rfc/JGA_WHOLE_TRACK_GROOVE_FROZEN_PIPELINE_001_20260921/WHOLE_TRACK_SOURCE_STATES.csv,7d5ced889b068c5328afd81b1ff02d04b682639aa4f47410e45e21f689bf2547
46,16.904126984126986,161.49902343750134,SELECTED,F_MIX_00090,16.938956916099773,BASS_AND_DRUM_SUPPORTED,34.829931972787000,34.829931972787000,False,[],2,1,"{""BASS_AND_DRUM_SUPPORTED"": 0, ""BASS_SUPPORTED"": 0, ""CONFLICTING_EVIDENCE"": 0, ""DRUM_SUPPORTED"": 0, ""UNKNOWN"": 1}",44,16.77051430888948,168.442607210293000,/Users/StarTrack/Development/JazzGrooveAnalyzer/docs/scientific/rfc/JGA_WHOLE_TRACK_GROOVE_FROZEN_PIPELINE_001_20260921/WHOLE_TRACK_SOURCE_STATES.csv,7d5ced889b068c5328afd81b1ff02d04b682639aa4f47410e45e21f689bf2547
47,17.2756462585034,161.49902343749977,SELECTED,F_MIX_00091,17.29886621315193,DRUM_SUPPORTED,23.21995464853000,23.21995464853000,False,[],2,1,"{""BASS_AND_DRUM_SUPPORTED"": 0, ""BASS_SUPPORTED"": 0, ""CONFLICTING_EVIDENCE"": 0, ""DRUM_SUPPORTED"": 0, ""UNKNOWN"": 1}",45,17.143529238258267,155.336974893663000,/Users/StarTrack/Development/JazzGrooveAnalyzer/docs/scientific/rfc/JGA_WHOLE_TRACK_GROOVE_FROZEN_PIPELINE_001_20260921/WHOLE_TRACK_SOURCE_STATES.csv,7d5ced889b068c5328afd81b1ff02d04b682639aa4f47410e45e21f689bf2547
48,17.647165532879818,161.49902343749977,SELECTED,F_MIX_00094,17.670385487528346,BASS_AND_DRUM_SUPPORTED,23.219954648528000,23.219954648528000,False,[],3,2,"{""BASS_AND_DRUM_SUPPORTED"": 0, ""BASS_SUPPORTED"": 0, ""CONFLICTING_EVIDENCE"": 0, ""DRUM_SUPPORTED"": 1, ""UNKNOWN"": 1}",46,17.516337461618395,154.048025909951000,/Users/StarTrack/Development/JazzGrooveAnalyzer/docs/scientific/rfc/JGA_WHOLE_TRACK_GROOVE_FROZEN_PIPELINE_001_20260921/WHOLE_TRACK_SOURCE_STATES.csv,7d5ced889b068c5328afd81b1ff02d04b682639aa4f47410e45e21f689bf2547
49,18.018684807256236,161.49902343749977,SELECTED,F_MIX_00097,18.04190476190476,DRUM_SUPPORTED,23.219954648524000,23.219954648524000,False,[],2,1,"{""BASS_AND_DRUM_SUPPORTED"": 0, ""BASS_SUPPORTED"": 0, ""CONFLICTING_EVIDENCE"": 0, ""DRUM_SUPPORTED"": 1, ""UNKNOWN"": 0}",47,17.888996636478097,152.908125426663000,/Users/StarTrack/Development/JazzGrooveAnalyzer/docs/scientific/rfc/JGA_WHOLE_TRACK_GROOVE_FROZEN_PIPELINE_001_20260921/WHOLE_TRACK_SOURCE_STATES.csv,7d5ced889b068c5328afd81b1ff02d04b682639aa4f47410e45e21f689bf2547
50,18.390204081632653,161.49902343749977,SELECTED,F_MIX_00100,18.401814058956916,DRUM_SUPPORTED,11.609977324263000,11.609977324263000,False,[],3,2,"{""BASS_AND_DRUM_SUPPORTED"": 0, ""BASS_SUPPORTED"": 0, ""CONFLICTING_EVIDENCE"": 0, ""DRUM_SUPPORTED"": 0, ""UNKNOWN"": 2}",48,18.26155067052478,140.263388432136000,/Users/StarTrack/Development/JazzGrooveAnalyzer/docs/scientific/rfc/JGA_WHOLE_TRACK_GROOVE_FROZEN_PIPELINE_001_20260921/WHOLE_TRACK_SOURCE_STATES.csv,7d5ced889b068c5328afd81b1ff02d04b682639aa4f47410e45e21f689bf2547
51,18.76172335600907,172.26562500000085,SELECTED,F_MIX_00102,18.784943310657596,DRUM_SUPPORTED,23.219954648526000,23.219954648526000,False,[],2,1,"{""BASS_AND_DRUM_SUPPORTED"": 0, ""BASS_SUPPORTED"": 0, ""CONFLICTING_EVIDENCE"": 0, ""DRUM_SUPPORTED"": 0, ""UNKNOWN"": 1}",49,18.633987881445886,150.955429211710000,/Users/StarTrack/Development/JazzGrooveAnalyzer/docs/scientific/rfc/JGA_WHOLE_TRACK_GROOVE_FROZEN_PIPELINE_001_20260921/WHOLE_TRACK_SOURCE_STATES.csv,7d5ced889b068c5328afd81b1ff02d04b682639aa4f47410e45e21f689bf2547
52,19.11002267573696,161.49902343749977,SELECTED,F_MIX_00104,19.156462585034014,BASS_AND_DRUM_SUPPORTED,46.439909297054000,46.439909297054000,False,[],2,1,"{""BASS_AND_DRUM_SUPPORTED"": 0, ""BASS_SUPPORTED"": 0, ""CONFLICTING_EVIDENCE"": 0, ""DRUM_SUPPORTED"": 0, ""UNKNOWN"": 1}",50,19.006355757526027,150.106827507987000,/Users/StarTrack/Development/JazzGrooveAnalyzer/docs/scientific/rfc/JGA_WHOLE_TRACK_GROOVE_FROZEN_PIPELINE_001_20260921/WHOLE_TRACK_SOURCE_STATES.csv,7d5ced889b068c5328afd81b1ff02d04b682639aa4f47410e45e21f689bf2547
53,19.481541950113378,172.26562499999912,SELECTED,F_MIX_00105,19.504761904761907,DRUM_SUPPORTED,23.219954648529000,23.219954648529000,False,[],1,0,"{""BASS_AND_DRUM_SUPPORTED"": 0, ""BASS_SUPPORTED"": 0, ""CONFLICTING_EVIDENCE"": 0, ""DRUM_SUPPORTED"": 0, ""UNKNOWN"": 0}",51,19.378646594893986,126.115309867921000,/Users/StarTrack/Development/JazzGrooveAnalyzer/docs/scientific/rfc/JGA_WHOLE_TRACK_GROOVE_FROZEN_PIPELINE_001_20260921/WHOLE_TRACK_SOURCE_STATES.csv,7d5ced889b068c5328afd81b1ff02d04b682639aa4f47410e45e21f689bf2547
54,19.82984126984127,161.49902343750134,SELECTED,F_MIX_00108,19.86467120181406,DRUM_SUPPORTED,34.82993197279000,34.82993197279000,False,[],3,2,"{""BASS_AND_DRUM_SUPPORTED"": 0, ""BASS_SUPPORTED"": 1, ""CONFLICTING_EVIDENCE"": 0, ""DRUM_SUPPORTED"": 0, ""UNKNOWN"": 1}",52,19.750851833692852,113.819368121208000,/Users/StarTrack/Development/JazzGrooveAnalyzer/docs/scientific/rfc/JGA_WHOLE_TRACK_GROOVE_FROZEN_PIPELINE_001_20260921/WHOLE_TRACK_SOURCE_STATES.csv,7d5ced889b068c5328afd81b1ff02d04b682639aa4f47410e45e21f689bf2547
55,20.201360544217685,172.26562499999912,SELECTED,F_MIX_00110,20.21297052154195,BASS_AND_DRUM_SUPPORTED,11.609977324265000,11.609977324265000,False,[],2,1,"{""BASS_AND_DRUM_SUPPORTED"": 0, ""BASS_SUPPORTED"": 0, ""CONFLICTING_EVIDENCE"": 0, ""DRUM_SUPPORTED"": 0, ""UNKNOWN"": 1}",53,20.122987158233794,89.983363308156000,/Users/StarTrack/Development/JazzGrooveAnalyzer/docs/scientific/rfc/JGA_WHOLE_TRACK_GROOVE_FROZEN_PIPELINE_001_20260921/WHOLE_TRACK_SOURCE_STATES.csv,7d5ced889b068c5328afd81b1ff02d04b682639aa4f47410e45e21f689bf2547
56,20.54965986394558,172.26562500000085,SELECTED,F_MIX_00112,20.58448979591837,DRUM_SUPPORTED,34.82993197279000,34.82993197279000,False,[],2,1,"{""BASS_AND_DRUM_SUPPORTED"": 0, ""BASS_SUPPORTED"": 0, ""CONFLICTING_EVIDENCE"": 0, ""DRUM_SUPPORTED"": 1, ""UNKNOWN"": 0}",54,20.495130464161118,89.359331757252000,/Users/StarTrack/Development/JazzGrooveAnalyzer/docs/scientific/rfc/JGA_WHOLE_TRACK_GROOVE_FROZEN_PIPELINE_001_20260921/WHOLE_TRACK_SOURCE_STATES.csv,7d5ced889b068c5328afd81b1ff02d04b682639aa4f47410e45e21f689bf2547
57,20.897959183673468,172.26562499999912,SELECTED,F_MIX_00113,20.839909297052156,DRUM_SUPPORTED,-58.049886621312000,58.049886621312000,False,[],2,1,"{""BASS_AND_DRUM_SUPPORTED"": 0, ""BASS_SUPPORTED"": 0, ""CONFLICTING_EVIDENCE"": 0, ""DRUM_SUPPORTED"": 1, ""UNKNOWN"": 0}",55,20.867343106927432,-27.433809875276000,/Users/StarTrack/Development/JazzGrooveAnalyzer/docs/scientific/rfc/JGA_WHOLE_TRACK_GROOVE_FROZEN_PIPELINE_001_20260921/WHOLE_TRACK_SOURCE_STATES.csv,7d5ced889b068c5328afd81b1ff02d04b682639aa4f47410e45e21f689bf2547
58,21.24625850340136,161.49902343749977,SELECTED,F_MIX_00115,21.223038548752836,UNKNOWN,-23.219954648524000,23.219954648524000,False,[],2,1,"{""BASS_AND_DRUM_SUPPORTED"": 0, ""BASS_SUPPORTED"": 0, ""CONFLICTING_EVIDENCE"": 0, ""DRUM_SUPPORTED"": 1, ""UNKNOWN"": 0}",56,21.23957232199406,-16.533773241224000,/Users/StarTrack/Development/JazzGrooveAnalyzer/docs/scientific/rfc/JGA_WHOLE_TRACK_GROOVE_FROZEN_PIPELINE_001_20260921/WHOLE_TRACK_SOURCE_STATES.csv,7d5ced889b068c5328afd81b1ff02d04b682639aa4f47410e45e21f689bf2547
59,21.61777777777778,172.26562500000085,SELECTED,F_MIX_00117,21.559727891156463,DRUM_SUPPORTED,-58.049886621317000,58.049886621317000,False,[],1,0,"{""BASS_AND_DRUM_SUPPORTED"": 0, ""BASS_SUPPORTED"": 0, ""CONFLICTING_EVIDENCE"": 0, ""DRUM_SUPPORTED"": 0, ""UNKNOWN"": 0}",57,21.6118804193596,-52.152528203137000,/Users/StarTrack/Development/JazzGrooveAnalyzer/docs/scientific/rfc/JGA_WHOLE_TRACK_GROOVE_FROZEN_PIPELINE_001_20260921/WHOLE_TRACK_SOURCE_STATES.csv,7d5ced889b068c5328afd81b1ff02d04b682639aa4f47410e45e21f689bf2547
60,21.966077097505668,161.49902343749977,SELECTED,F_MIX_00118,21.93124716553288,DRUM_SUPPORTED,-34.829931972788000,34.829931972788000,False,[],2,1,"{""BASS_AND_DRUM_SUPPORTED"": 0, ""BASS_SUPPORTED"": 0, ""CONFLICTING_EVIDENCE"": 0, ""DRUM_SUPPORTED"": 1, ""UNKNOWN"": 0}",58,21.984215695092033,-52.968529559153000,/Users/StarTrack/Development/JazzGrooveAnalyzer/docs/scientific/rfc/JGA_WHOLE_TRACK_GROOVE_FROZEN_PIPELINE_001_20260921/WHOLE_TRACK_SOURCE_STATES.csv,7d5ced889b068c5328afd81b1ff02d04b682639aa4f47410e45e21f689bf2547
61,22.337596371882086,172.26562499999912,SELECTED,F_MIX_00120,22.27954648526077,DRUM_SUPPORTED,-58.049886621316000,58.049886621316000,False,[],2,1,"{""BASS_AND_DRUM_SUPPORTED"": 0, ""BASS_SUPPORTED"": 0, ""CONFLICTING_EVIDENCE"": 0, ""DRUM_SUPPORTED"": 1, ""UNKNOWN"": 0}",59,22.3566416376418,-77.09515238103000,/Users/StarTrack/Development/JazzGrooveAnalyzer/docs/scientific/rfc/JGA_WHOLE_TRACK_GROOVE_FROZEN_PIPELINE_001_20260921/WHOLE_TRACK_SOURCE_STATES.csv,7d5ced889b068c5328afd81b1ff02d04b682639aa4f47410e45e21f689bf2547
62,22.68589569160998,161.49902343749977,SELECTED,F_MIX_00122,22.651065759637188,DRUM_SUPPORTED,-34.829931972792000,34.829931972792000,False,[],2,1,"{""BASS_AND_DRUM_SUPPORTED"": 0, ""BASS_SUPPORTED"": 0, ""CONFLICTING_EVIDENCE"": 0, ""DRUM_SUPPORTED"": 1, ""UNKNOWN"": 0}",60,22.729168321099717,-78.102561462529000,/Users/StarTrack/Development/JazzGrooveAnalyzer/docs/scientific/rfc/JGA_WHOLE_TRACK_GROOVE_FROZEN_PIPELINE_001_20260921/WHOLE_TRACK_SOURCE_STATES.csv,7d5ced889b068c5328afd81b1ff02d04b682639aa4f47410e45e21f689bf2547
63,23.057414965986396,161.49902343750134,SELECTED,F_MIX_00124,23.034195011337868,UNKNOWN,-23.219954648528000,23.219954648528000,False,[],2,1,"{""BASS_AND_DRUM_SUPPORTED"": 1, ""BASS_SUPPORTED"": 0, ""CONFLICTING_EVIDENCE"": 0, ""DRUM_SUPPORTED"": 0, ""UNKNOWN"": 0}",61,23.101746470268125,-67.551458930257000,/Users/StarTrack/Development/JazzGrooveAnalyzer/docs/scientific/rfc/JGA_WHOLE_TRACK_GROOVE_FROZEN_PIPELINE_001_20260921/WHOLE_TRACK_SOURCE_STATES.csv,7d5ced889b068c5328afd81b1ff02d04b682639aa4f47410e45e21f689bf2547
64,23.42893424036281,161.49902343749977,SELECTED,F_MIX_00126,23.394104308390023,DRUM_SUPPORTED,-34.829931972787000,34.829931972787000,False,[],1,0,"{""BASS_AND_DRUM_SUPPORTED"": 0, ""BASS_SUPPORTED"": 0, ""CONFLICTING_EVIDENCE"": 0, ""DRUM_SUPPORTED"": 0, ""UNKNOWN"": 0}",62,23.474321334927406,-80.217026537383000,/Users/StarTrack/Development/JazzGrooveAnalyzer/docs/scientific/rfc/JGA_WHOLE_TRACK_GROOVE_FROZEN_PIPELINE_001_20260921/WHOLE_TRACK_SOURCE_STATES.csv,7d5ced889b068c5328afd81b1ff02d04b682639aa4f47410e45e21f689bf2547
65,23.800453514739228,161.49902343749977,SELECTED,F_MIX_00129,23.84689342403628,BASS_AND_DRUM_SUPPORTED,46.439909297052000,46.439909297052000,False,[],3,2,"{""BASS_AND_DRUM_SUPPORTED"": 0, ""BASS_SUPPORTED"": 0, ""CONFLICTING_EVIDENCE"": 0, ""DRUM_SUPPORTED"": 1, ""UNKNOWN"": 1}",63,23.84686735486881,0.02606916747000,/Users/StarTrack/Development/JazzGrooveAnalyzer/docs/scientific/rfc/JGA_WHOLE_TRACK_GROOVE_FROZEN_PIPELINE_001_20260921/WHOLE_TRACK_SOURCE_STATES.csv,7d5ced889b068c5328afd81b1ff02d04b682639aa4f47410e45e21f689bf2547
66,24.171972789115646,161.49902343749977,SELECTED,F_MIX_00130,24.18358276643991,DRUM_SUPPORTED,11.609977324264000,11.609977324264000,False,[],2,1,"{""BASS_AND_DRUM_SUPPORTED"": 0, ""BASS_SUPPORTED"": 0, ""CONFLICTING_EVIDENCE"": 0, ""DRUM_SUPPORTED"": 0, ""UNKNOWN"": 1}",64,24.219406520386972,-35.823753947062000,/Users/StarTrack/Development/JazzGrooveAnalyzer/docs/scientific/rfc/JGA_WHOLE_TRACK_GROOVE_FROZEN_PIPELINE_001_20260921/WHOLE_TRACK_SOURCE_STATES.csv,7d5ced889b068c5328afd81b1ff02d04b682639aa4f47410e45e21f689bf2547
67,24.543492063492064,161.49902343749977,SELECTED,F_MIX_00132,24.555102040816326,BASS_AND_DRUM_SUPPORTED,11.609977324262000,11.609977324262000,False,[],2,1,"{""BASS_AND_DRUM_SUPPORTED"": 0, ""BASS_SUPPORTED"": 0, ""CONFLICTING_EVIDENCE"": 0, ""DRUM_SUPPORTED"": 1, ""UNKNOWN"": 0}",65,24.59199853851121,-36.896497694884000,/Users/StarTrack/Development/JazzGrooveAnalyzer/docs/scientific/rfc/JGA_WHOLE_TRACK_GROOVE_FROZEN_PIPELINE_001_20260921/WHOLE_TRACK_SOURCE_STATES.csv,7d5ced889b068c5328afd81b1ff02d04b682639aa4f47410e45e21f689bf2547
68,24.91501133786848,161.49902343749977,SELECTED,F_MIX_00135,24.94984126984127,BASS_AND_DRUM_SUPPORTED,34.82993197279000,34.82993197279000,False,[],2,1,"{""BASS_AND_DRUM_SUPPORTED"": 0, ""BASS_SUPPORTED"": 0, ""CONFLICTING_EVIDENCE"": 0, ""DRUM_SUPPORTED"": 0, ""UNKNOWN"": 1}",66,24.964649281753307,-14.808011912037000,/Users/StarTrack/Development/JazzGrooveAnalyzer/docs/scientific/rfc/JGA_WHOLE_TRACK_GROOVE_FROZEN_PIPELINE_001_20260921/WHOLE_TRACK_SOURCE_STATES.csv,7d5ced889b068c5328afd81b1ff02d04b682639aa4f47410e45e21f689bf2547
69,25.2865306122449,161.49902343749977,SELECTED,F_MIX_00138,25.33297052154195,BASS_AND_DRUM_SUPPORTED,46.43990929705000,46.43990929705000,False,[],3,2,"{""BASS_AND_DRUM_SUPPORTED"": 0, ""BASS_SUPPORTED"": 0, ""CONFLICTING_EVIDENCE"": 0, ""DRUM_SUPPORTED"": 2, ""UNKNOWN"": 0}",67,25.33736527512636,-4.39475358441000,/Users/StarTrack/Development/JazzGrooveAnalyzer/docs/scientific/rfc/JGA_WHOLE_TRACK_GROOVE_FROZEN_PIPELINE_001_20260921/WHOLE_TRACK_SOURCE_STATES.csv,7d5ced889b068c5328afd81b1ff02d04b682639aa4f47410e45e21f689bf2547
70,25.658049886621317,161.49902343750134,SELECTED,F_MIX_00140,25.66965986394558,BASS_AND_DRUM_SUPPORTED,11.609977324263000,11.609977324263000,False,[],2,1,"{""BASS_AND_DRUM_SUPPORTED"": 0, ""BASS_SUPPORTED"": 0, ""CONFLICTING_EVIDENCE"": 0, ""DRUM_SUPPORTED"": 1, ""UNKNOWN"": 0}",68,25.71015376864492,-40.49390469934000,/Users/StarTrack/Development/JazzGrooveAnalyzer/docs/scientific/rfc/JGA_WHOLE_TRACK_GROOVE_FROZEN_PIPELINE_001_20260921/WHOLE_TRACK_SOURCE_STATES.csv,7d5ced889b068c5328afd81b1ff02d04b682639aa4f47410e45e21f689bf2547
71,26.02956916099773,161.49902343749977,SELECTED,F_MIX_00142,26.041179138321997,DRUM_SUPPORTED,11.609977324267000,11.609977324267000,False,[],3,2,"{""BASS_AND_DRUM_SUPPORTED"": 0, ""BASS_SUPPORTED"": 0, ""CONFLICTING_EVIDENCE"": 0, ""DRUM_SUPPORTED"": 0, ""UNKNOWN"": 2}",69,26.08293715398552,-41.758015663523000,/Users/StarTrack/Development/JazzGrooveAnalyzer/docs/scientific/rfc/JGA_WHOLE_TRACK_GROOVE_FROZEN_PIPELINE_001_20260921/WHOLE_TRACK_SOURCE_STATES.csv,7d5ced889b068c5328afd81b1ff02d04b682639aa4f47410e45e21f689bf2547
72,26.40108843537415,161.49902343749977,SELECTED,F_MIX_00145,26.40108843537415,DRUM_SUPPORTED,0E-14,0E-14,False,[],4,3,"{""BASS_AND_DRUM_SUPPORTED"": 0, ""BASS_SUPPORTED"": 0, ""CONFLICTING_EVIDENCE"": 0, ""DRUM_SUPPORTED"": 0, ""UNKNOWN"": 3}",70,26.455740058836124,-54.651623461974000,/Users/StarTrack/Development/JazzGrooveAnalyzer/docs/scientific/rfc/JGA_WHOLE_TRACK_GROOVE_FROZEN_PIPELINE_001_20260921/WHOLE_TRACK_SOURCE_STATES.csv,7d5ced889b068c5328afd81b1ff02d04b682639aa4f47410e45e21f689bf2547
73,26.772607709750567,161.49902343749977,SELECTED,F_MIX_00149,26.772607709750567,DRUM_SUPPORTED,0E-15,0E-15,False,[],2,1,"{""BASS_AND_DRUM_SUPPORTED"": 0, ""BASS_SUPPORTED"": 0, ""CONFLICTING_EVIDENCE"": 0, ""DRUM_SUPPORTED"": 0, ""UNKNOWN"": 1}",71,26.82844875382004,-55.841044069473000,/Users/StarTrack/Development/JazzGrooveAnalyzer/docs/scientific/rfc/JGA_WHOLE_TRACK_GROOVE_FROZEN_PIPELINE_001_20260921/WHOLE_TRACK_SOURCE_STATES.csv,7d5ced889b068c5328afd81b1ff02d04b682639aa4f47410e45e21f689bf2547
74,27.144126984126984,161.49902343749977,SELECTED,F_MIX_00150,27.144126984126984,BASS_AND_DRUM_SUPPORTED,0E-15,0E-15,False,[],1,0,"{""BASS_AND_DRUM_SUPPORTED"": 0, ""BASS_SUPPORTED"": 0, ""CONFLICTING_EVIDENCE"": 0, ""DRUM_SUPPORTED"": 0, ""UNKNOWN"": 0}",72,27.201052771174307,-56.925787047323000,/Users/StarTrack/Development/JazzGrooveAnalyzer/docs/scientific/rfc/JGA_WHOLE_TRACK_GROOVE_FROZEN_PIPELINE_001_20260921/WHOLE_TRACK_SOURCE_STATES.csv,7d5ced889b068c5328afd81b1ff02d04b682639aa4f47410e45e21f689bf2547
75,27.515646258503402,161.49902343749977,SELECTED,F_MIX_00151,27.50403628117914,BASS_AND_DRUM_SUPPORTED,-11.609977324262000,11.609977324262000,False,[],1,0,"{""BASS_AND_DRUM_SUPPORTED"": 0, ""BASS_SUPPORTED"": 0, ""CONFLICTING_EVIDENCE"": 0, ""DRUM_SUPPORTED"": 0, ""UNKNOWN"": 0}",73,27.57354048005118,-69.50419887204000,/Users/StarTrack/Development/JazzGrooveAnalyzer/docs/scientific/rfc/JGA_WHOLE_TRACK_GROOVE_FROZEN_PIPELINE_001_20260921/WHOLE_TRACK_SOURCE_STATES.csv,7d5ced889b068c5328afd81b1ff02d04b682639aa4f47410e45e21f689bf2547
76,27.88716553287982,172.26562500000085,SELECTED,F_MIX_00152,27.805895691609976,DRUM_SUPPORTED,-81.269841269844000,81.269841269844000,False,[],1,0,"{""BASS_AND_DRUM_SUPPORTED"": 0, ""BASS_SUPPORTED"": 0, ""CONFLICTING_EVIDENCE"": 0, ""DRUM_SUPPORTED"": 0, ""UNKNOWN"": 0}",74,27.945898957286506,-140.003265676530000,/Users/StarTrack/Development/JazzGrooveAnalyzer/docs/scientific/rfc/JGA_WHOLE_TRACK_GROOVE_FROZEN_PIPELINE_001_20260921/WHOLE_TRACK_SOURCE_STATES.csv,7d5ced889b068c5328afd81b1ff02d04b682639aa4f47410e45e21f689bf2547
77,28.23546485260771,161.49902343749977,SELECTED,F_MIX_00154,28.23546485260771,BASS_AND_DRUM_SUPPORTED,0E-14,0E-14,False,[],2,1,"{""BASS_AND_DRUM_SUPPORTED"": 0, ""BASS_SUPPORTED"": 0, ""CONFLICTING_EVIDENCE"": 0, ""DRUM_SUPPORTED"": 0, ""UNKNOWN"": 1}",75,28.31822974202014,-82.76488941243000,/Users/StarTrack/Development/JazzGrooveAnalyzer/docs/scientific/rfc/JGA_WHOLE_TRACK_GROOVE_FROZEN_PIPELINE_001_20260921/WHOLE_TRACK_SOURCE_STATES.csv,7d5ced889b068c5328afd81b1ff02d04b682639aa4f47410e45e21f689bf2547
78,28.606984126984127,172.26562500000085,SELECTED,F_MIX_00156,28.606984126984127,BASS_AND_DRUM_SUPPORTED,0E-15,0E-15,False,[],2,1,"{""BASS_AND_DRUM_SUPPORTED"": 0, ""BASS_SUPPORTED"": 0, ""CONFLICTING_EVIDENCE"": 0, ""DRUM_SUPPORTED"": 0, ""UNKNOWN"": 1}",76,28.690529757307445,-83.545630323318000,/Users/StarTrack/Development/JazzGrooveAnalyzer/docs/scientific/rfc/JGA_WHOLE_TRACK_GROOVE_FROZEN_PIPELINE_001_20260921/WHOLE_TRACK_SOURCE_STATES.csv,7d5ced889b068c5328afd81b1ff02d04b682639aa4f47410e45e21f689bf2547
79,28.955283446712016,161.49902343749977,SELECTED,F_MIX_00157,28.943673469387754,BASS_AND_DRUM_SUPPORTED,-11.609977324262000,11.609977324262000,False,[],1,0,"{""BASS_AND_DRUM_SUPPORTED"": 0, ""BASS_SUPPORTED"": 0, ""CONFLICTING_EVIDENCE"": 0, ""DRUM_SUPPORTED"": 0, ""UNKNOWN"": 0}",77,29.062795584321055,-119.122114933301000,/Users/StarTrack/Development/JazzGrooveAnalyzer/docs/scientific/rfc/JGA_WHOLE_TRACK_GROOVE_FROZEN_PIPELINE_001_20260921/WHOLE_TRACK_SOURCE_STATES.csv,7d5ced889b068c5328afd81b1ff02d04b682639aa4f47410e45e21f689bf2547
80,29.326802721088434,172.26562499999912,SELECTED,F_MIX_00158,29.31519274376417,BASS_AND_DRUM_SUPPORTED,-11.609977324264000,11.609977324264000,False,[],1,0,"{""BASS_AND_DRUM_SUPPORTED"": 0, ""BASS_SUPPORTED"": 0, ""CONFLICTING_EVIDENCE"": 0, ""DRUM_SUPPORTED"": 0, ""UNKNOWN"": 0}",78,29.435023424363894,-119.830680599724000,/Users/StarTrack/Development/JazzGrooveAnalyzer/docs/scientific/rfc/JGA_WHOLE_TRACK_GROOVE_FROZEN_PIPELINE_001_20260921/WHOLE_TRACK_SOURCE_STATES.csv,7d5ced889b068c5328afd81b1ff02d04b682639aa4f47410e45e21f689bf2547
81,29.675102040816327,161.49902343749977,SELECTED,F_MIX_00160,29.68671201814059,DRUM_SUPPORTED,11.609977324263000,11.609977324263000,False,[],2,1,"{""BASS_AND_DRUM_SUPPORTED"": 0, ""BASS_SUPPORTED"": 0, ""CONFLICTING_EVIDENCE"": 0, ""DRUM_SUPPORTED"": 0, ""UNKNOWN"": 1}",79,29.807209056661428,-120.497038520838000,/Users/StarTrack/Development/JazzGrooveAnalyzer/docs/scientific/rfc/JGA_WHOLE_TRACK_GROOVE_FROZEN_PIPELINE_001_20260921/WHOLE_TRACK_SOURCE_STATES.csv,7d5ced889b068c5328afd81b1ff02d04b682639aa4f47410e45e21f689bf2547
82,30.046621315192745,172.26562500000085,SELECTED,F_MIX_00162,30.06984126984127,DRUM_SUPPORTED,23.219954648525000,23.219954648525000,False,[],2,1,"{""BASS_AND_DRUM_SUPPORTED"": 0, ""BASS_SUPPORTED"": 0, ""CONFLICTING_EVIDENCE"": 0, ""DRUM_SUPPORTED"": 0, ""UNKNOWN"": 1}",80,30.17934779146418,-109.50652162291000,/Users/StarTrack/Development/JazzGrooveAnalyzer/docs/scientific/rfc/JGA_WHOLE_TRACK_GROOVE_FROZEN_PIPELINE_001_20260921/WHOLE_TRACK_SOURCE_STATES.csv,7d5ced889b068c5328afd81b1ff02d04b682639aa4f47410e45e21f689bf2547
83,30.394920634920634,172.26562499999912,SELECTED,F_MIX_00163,30.37170068027211,DRUM_SUPPORTED,-23.219954648524000,23.219954648524000,False,[],1,0,"{""BASS_AND_DRUM_SUPPORTED"": 0, ""BASS_SUPPORTED"": 0, ""CONFLICTING_EVIDENCE"": 0, ""DRUM_SUPPORTED"": 0, ""UNKNOWN"": 0}",81,30.5514344179394,-179.73373766729000,/Users/StarTrack/Development/JazzGrooveAnalyzer/docs/scientific/rfc/JGA_WHOLE_TRACK_GROOVE_FROZEN_PIPELINE_001_20260921/WHOLE_TRACK_SOURCE_STATES.csv,7d5ced889b068c5328afd81b1ff02d04b682639aa4f47410e45e21f689bf2547
84,30.743219954648527,161.49902343749977,SELECTED,F_MIX_00165,30.778049886621314,DRUM_SUPPORTED,34.829931972787000,34.829931972787000,False,[],2,1,"{""BASS_AND_DRUM_SUPPORTED"": 0, ""BASS_SUPPORTED"": 0, ""CONFLICTING_EVIDENCE"": 0, ""DRUM_SUPPORTED"": 0, ""UNKNOWN"": 1}",82,30.923463146272912,-145.413259651598000,/Users/StarTrack/Development/JazzGrooveAnalyzer/docs/scientific/rfc/JGA_WHOLE_TRACK_GROOVE_FROZEN_PIPELINE_001_20260921/WHOLE_TRACK_SOURCE_STATES.csv,7d5ced889b068c5328afd81b1ff02d04b682639aa4f47410e45e21f689bf2547
85,31.114739229024945,172.26562500000085,SELECTED,F_MIX_00167,31.13795918367347,DRUM_SUPPORTED,23.219954648525000,23.219954648525000,False,[],2,1,"{""BASS_AND_DRUM_SUPPORTED"": 0, ""BASS_SUPPORTED"": 0, ""CONFLICTING_EVIDENCE"": 0, ""DRUM_SUPPORTED"": 0, ""UNKNOWN"": 1}",83,31.295427543337862,-157.468359664392000,/Users/StarTrack/Development/JazzGrooveAnalyzer/docs/scientific/rfc/JGA_WHOLE_TRACK_GROOVE_FROZEN_PIPELINE_001_20260921/WHOLE_TRACK_SOURCE_STATES.csv,7d5ced889b068c5328afd81b1ff02d04b682639aa4f47410e45e21f689bf2547
86,31.463038548752834,161.49902343749977,SELECTED,F_MIX_00169,31.509478458049887,DRUM_SUPPORTED,46.439909297053000,46.439909297053000,False,[],2,1,"{""BASS_AND_DRUM_SUPPORTED"": 0, ""BASS_SUPPORTED"": 0, ""CONFLICTING_EVIDENCE"": 0, ""DRUM_SUPPORTED"": 0, ""UNKNOWN"": 1}",84,31.667204563004386,-157.726104954499000,/Users/StarTrack/Development/JazzGrooveAnalyzer/docs/scientific/rfc/JGA_WHOLE_TRACK_GROOVE_FROZEN_PIPELINE_001_20260921/WHOLE_TRACK_SOURCE_STATES.csv,7d5ced889b068c5328afd81b1ff02d04b682639aa4f47410e45e21f689bf2547
87,31.834557823129252,172.26562499999912,SELECTED,F_MIX_00170,31.86938775510204,DRUM_SUPPORTED,34.829931972788000,34.829931972788000,False,[],1,0,"{""BASS_AND_DRUM_SUPPORTED"": 0, ""BASS_SUPPORTED"": 0, ""CONFLICTING_EVIDENCE"": 0, ""DRUM_SUPPORTED"": 0, ""UNKNOWN"": 0}",85,32.03888928377268,-169.50152867064000,/Users/StarTrack/Development/JazzGrooveAnalyzer/docs/scientific/rfc/JGA_WHOLE_TRACK_GROOVE_FROZEN_PIPELINE_001_20260921/WHOLE_TRACK_SOURCE_STATES.csv,7d5ced889b068c5328afd81b1ff02d04b682639aa4f47410e45e21f689bf2547
88,32.182857142857145,172.26562500000261,SELECTED,F_MIX_00171,32.13641723356009,UNKNOWN,-46.439909297055000,46.439909297055000,False,[],1,0,"{""BASS_AND_DRUM_SUPPORTED"": 0, ""BASS_SUPPORTED"": 0, ""CONFLICTING_EVIDENCE"": 0, ""DRUM_SUPPORTED"": 0, ""UNKNOWN"": 0}",85,32.03888928377268,97.52794978741000,/Users/StarTrack/Development/JazzGrooveAnalyzer/docs/scientific/rfc/JGA_WHOLE_TRACK_GROOVE_FROZEN_PIPELINE_001_20260921/WHOLE_TRACK_SOURCE_STATES.csv,7d5ced889b068c5328afd81b1ff02d04b682639aa4f47410e45e21f689bf2547
89,32.53115646258503,161.49902343749977,SELECTED,F_MIX_00173,32.496326530612244,DRUM_SUPPORTED,-34.829931972786000,34.829931972786000,False,[],3,2,"{""BASS_AND_DRUM_SUPPORTED"": 0, ""BASS_SUPPORTED"": 0, ""CONFLICTING_EVIDENCE"": 0, ""DRUM_SUPPORTED"": 1, ""UNKNOWN"": 1}",86,32.410531918841514,85.794611770730000,/Users/StarTrack/Development/JazzGrooveAnalyzer/docs/scientific/rfc/JGA_WHOLE_TRACK_GROOVE_FROZEN_PIPELINE_001_20260921/WHOLE_TRACK_SOURCE_STATES.csv,7d5ced889b068c5328afd81b1ff02d04b682639aa4f47410e45e21f689bf2547
90,32.90267573696145,161.49902343749977,SELECTED,F_MIX_00176,32.879455782312924,UNKNOWN,-23.219954648526000,23.219954648526000,False,[],3,2,"{""BASS_AND_DRUM_SUPPORTED"": 0, ""BASS_SUPPORTED"": 0, ""CONFLICTING_EVIDENCE"": 0, ""DRUM_SUPPORTED"": 1, ""UNKNOWN"": 1}",87,32.78206732339015,97.388458922774000,/Users/StarTrack/Development/JazzGrooveAnalyzer/docs/scientific/rfc/JGA_WHOLE_TRACK_GROOVE_FROZEN_PIPELINE_001_20260921/WHOLE_TRACK_SOURCE_STATES.csv,7d5ced889b068c5328afd81b1ff02d04b682639aa4f47410e45e21f689bf2547
91,33.274195011337866,172.26562499999912,SELECTED,F_MIX_00179,33.32063492063492,DRUM_SUPPORTED,46.439909297054000,46.439909297054000,False,[],2,1,"{""BASS_AND_DRUM_SUPPORTED"": 0, ""BASS_SUPPORTED"": 0, ""CONFLICTING_EVIDENCE"": 0, ""DRUM_SUPPORTED"": 1, ""UNKNOWN"": 0}",88,33.15367506691736,166.95985371756000,/Users/StarTrack/Development/JazzGrooveAnalyzer/docs/scientific/rfc/JGA_WHOLE_TRACK_GROOVE_FROZEN_PIPELINE_001_20260921/WHOLE_TRACK_SOURCE_STATES.csv,7d5ced889b068c5328afd81b1ff02d04b682639aa4f47410e45e21f689bf2547
92,33.62249433106576,161.49902343749977,SELECTED,F_MIX_00180,33.57605442176871,DRUM_SUPPORTED,-46.43990929705000,46.43990929705000,False,[],2,1,"{""BASS_AND_DRUM_SUPPORTED"": 0, ""BASS_SUPPORTED"": 0, ""CONFLICTING_EVIDENCE"": 0, ""DRUM_SUPPORTED"": 1, ""UNKNOWN"": 0}",89,33.52555467108843,50.49975068028000,/Users/StarTrack/Development/JazzGrooveAnalyzer/docs/scientific/rfc/JGA_WHOLE_TRACK_GROOVE_FROZEN_PIPELINE_001_20260921/WHOLE_TRACK_SOURCE_STATES.csv,7d5ced889b068c5328afd81b1ff02d04b682639aa4f47410e45e21f689bf2547
93,33.99401360544218,161.49902343749977,SELECTED,F_MIX_00182,33.94757369614513,UNKNOWN,-46.43990929705000,46.43990929705000,False,[],2,1,"{""BASS_AND_DRUM_SUPPORTED"": 0, ""BASS_SUPPORTED"": 0, ""CONFLICTING_EVIDENCE"": 0, ""DRUM_SUPPORTED"": 1, ""UNKNOWN"": 0}",90,33.89742896042943,50.14473571570000,/Users/StarTrack/Development/JazzGrooveAnalyzer/docs/scientific/rfc/JGA_WHOLE_TRACK_GROOVE_FROZEN_PIPELINE_001_20260921/WHOLE_TRACK_SOURCE_STATES.csv,7d5ced889b068c5328afd81b1ff02d04b682639aa4f47410e45e21f689bf2547
94,34.365532879818595,172.26562499999912,SELECTED,F_MIX_00186,34.40036281179138,DRUM_SUPPORTED,34.829931972785000,34.829931972785000,False,[],3,2,"{""BASS_AND_DRUM_SUPPORTED"": 0, ""BASS_SUPPORTED"": 0, ""CONFLICTING_EVIDENCE"": 0, ""DRUM_SUPPORTED"": 0, ""UNKNOWN"": 2}",91,34.269604726615825,130.758085175555000,/Users/StarTrack/Development/JazzGrooveAnalyzer/docs/scientific/rfc/JGA_WHOLE_TRACK_GROOVE_FROZEN_PIPELINE_001_20260921/WHOLE_TRACK_SOURCE_STATES.csv,7d5ced889b068c5328afd81b1ff02d04b682639aa4f47410e45e21f689bf2547
95,34.71383219954649,161.49902343749977,SELECTED,F_MIX_00188,34.76027210884354,DRUM_SUPPORTED,46.43990929705000,46.43990929705000,False,[],2,1,"{""BASS_AND_DRUM_SUPPORTED"": 0, ""BASS_SUPPORTED"": 0, ""CONFLICTING_EVIDENCE"": 0, ""DRUM_SUPPORTED"": 1, ""UNKNOWN"": 0}",92,34.64211546707489,118.15664176865000,/Users/StarTrack/Development/JazzGrooveAnalyzer/docs/scientific/rfc/JGA_WHOLE_TRACK_GROOVE_FROZEN_PIPELINE_001_20260921/WHOLE_TRACK_SOURCE_STATES.csv,7d5ced889b068c5328afd81b1ff02d04b682639aa4f47410e45e21f689bf2547
96,35.085351473922906,161.49902343750287,SELECTED,F_MIX_00189,35.02730158730159,UNKNOWN,-58.049886621316000,58.049886621316000,False,[],2,1,"{""BASS_AND_DRUM_SUPPORTED"": 0, ""BASS_SUPPORTED"": 0, ""CONFLICTING_EVIDENCE"": 0, ""DRUM_SUPPORTED"": 1, ""UNKNOWN"": 0}",93,35.014998401170246,12.303186131344000,/Users/StarTrack/Development/JazzGrooveAnalyzer/docs/scientific/rfc/JGA_WHOLE_TRACK_GROOVE_FROZEN_PIPELINE_001_20260921/WHOLE_TRACK_SOURCE_STATES.csv,7d5ced889b068c5328afd81b1ff02d04b682639aa4f47410e45e21f689bf2547
97,35.456870748299316,161.49902343749977,SELECTED,F_MIX_00191,35.49170068027211,DRUM_SUPPORTED,34.829931972794000,34.829931972794000,False,[],1,0,"{""BASS_AND_DRUM_SUPPORTED"": 0, ""BASS_SUPPORTED"": 0, ""CONFLICTING_EVIDENCE"": 0, ""DRUM_SUPPORTED"": 0, ""UNKNOWN"": 0}",94,35.38801773585418,103.68294441793000,/Users/StarTrack/Development/JazzGrooveAnalyzer/docs/scientific/rfc/JGA_WHOLE_TRACK_GROOVE_FROZEN_PIPELINE_001_20260921/WHOLE_TRACK_SOURCE_STATES.csv,7d5ced889b068c5328afd81b1ff02d04b682639aa4f47410e45e21f689bf2547
98,35.828390022675734,161.49902343749977,SELECTED,F_MIX_00193,35.86321995464853,DRUM_SUPPORTED,34.829931972796000,34.829931972796000,False,[],2,1,"{""BASS_AND_DRUM_SUPPORTED"": 0, ""BASS_SUPPORTED"": 0, ""CONFLICTING_EVIDENCE"": 0, ""DRUM_SUPPORTED"": 1, ""UNKNOWN"": 0}",95,35.76118862674763,102.03132790090000,/Users/StarTrack/Development/JazzGrooveAnalyzer/docs/scientific/rfc/JGA_WHOLE_TRACK_GROOVE_FROZEN_PIPELINE_001_20260921/WHOLE_TRACK_SOURCE_STATES.csv,7d5ced889b068c5328afd81b1ff02d04b682639aa4f47410e45e21f689bf2547
99,36.19990929705215,161.49902343749977,SELECTED,F_MIX_00195,36.22312925170068,DRUM_SUPPORTED,23.21995464853000,23.21995464853000,False,[],2,1,"{""BASS_AND_DRUM_SUPPORTED"": 0, ""BASS_SUPPORTED"": 0, ""CONFLICTING_EVIDENCE"": 0, ""DRUM_SUPPORTED"": 0, ""UNKNOWN"": 1}",96,36.13452791342945,88.60133827123000,/Users/StarTrack/Development/JazzGrooveAnalyzer/docs/scientific/rfc/JGA_WHOLE_TRACK_GROOVE_FROZEN_PIPELINE_001_20260921/WHOLE_TRACK_SOURCE_STATES.csv,7d5ced889b068c5328afd81b1ff02d04b682639aa4f47410e45e21f689bf2547
100,36.57142857142857,161.49902343749977,SELECTED,F_MIX_00196,36.594648526077094,DRUM_SUPPORTED,23.219954648524000,23.219954648524000,False,[],1,0,"{""BASS_AND_DRUM_SUPPORTED"": 0, ""BASS_SUPPORTED"": 0, ""CONFLICTING_EVIDENCE"": 0, ""DRUM_SUPPORTED"": 0, ""UNKNOWN"": 0}",97,36.50774692433064,86.901601746454000,/Users/StarTrack/Development/JazzGrooveAnalyzer/docs/scientific/rfc/JGA_WHOLE_TRACK_GROOVE_FROZEN_PIPELINE_001_20260921/WHOLE_TRACK_SOURCE_STATES.csv,7d5ced889b068c5328afd81b1ff02d04b682639aa4f47410e45e21f689bf2547
101,36.94294784580499,161.49902343749977,SELECTED,F_MIX_00198,36.95455782312925,DRUM_SUPPORTED,11.60997732426000,11.60997732426000,False,[],2,1,"{""BASS_AND_DRUM_SUPPORTED"": 0, ""BASS_SUPPORTED"": 0, ""CONFLICTING_EVIDENCE"": 0, ""DRUM_SUPPORTED"": 0, ""UNKNOWN"": 1}",98,36.88086252979152,73.69529333773000,/Users/StarTrack/Development/JazzGrooveAnalyzer/docs/scientific/rfc/JGA_WHOLE_TRACK_GROOVE_FROZEN_PIPELINE_001_20260921/WHOLE_TRACK_SOURCE_STATES.csv,7d5ced889b068c5328afd81b1ff02d04b682639aa4f47410e45e21f689bf2547
102,37.314467120181405,161.49902343749977,SELECTED,F_MIX_00199,37.314467120181405,DRUM_SUPPORTED,0E-15,0E-15,False,[],1,0,"{""BASS_AND_DRUM_SUPPORTED"": 0, ""BASS_SUPPORTED"": 0, ""CONFLICTING_EVIDENCE"": 0, ""DRUM_SUPPORTED"": 0, ""UNKNOWN"": 0}",99,37.253802771686836,60.664348494569000,/Users/StarTrack/Development/JazzGrooveAnalyzer/docs/scientific/rfc/JGA_WHOLE_TRACK_GROOVE_FROZEN_PIPELINE_001_20260921/WHOLE_TRACK_SOURCE_STATES.csv,7d5ced889b068c5328afd81b1ff02d04b682639aa4f47410e45e21f689bf2547
103,37.68598639455782,161.49902343749977,SELECTED,F_MIX_00200,37.697596371882085,DRUM_SUPPORTED,11.609977324265000,11.609977324265000,False,[],2,1,"{""BASS_AND_DRUM_SUPPORTED"": 0, ""BASS_SUPPORTED"": 0, ""CONFLICTING_EVIDENCE"": 0, ""DRUM_SUPPORTED"": 0, ""UNKNOWN"": 1}",100,37.62633148591166,71.264885970425000,/Users/StarTrack/Development/JazzGrooveAnalyzer/docs/scientific/rfc/JGA_WHOLE_TRACK_GROOVE_FROZEN_PIPELINE_001_20260921/WHOLE_TRACK_SOURCE_STATES.csv,7d5ced889b068c5328afd81b1ff02d04b682639aa4f47410e45e21f689bf2547
104,38.05750566893424,161.49902343749977,SELECTED,F_MIX_00204,38.0691156462585,DRUM_SUPPORTED,11.60997732426000,11.60997732426000,False,[],3,2,"{""BASS_AND_DRUM_SUPPORTED"": 0, ""BASS_SUPPORTED"": 0, ""CONFLICTING_EVIDENCE"": 0, ""DRUM_SUPPORTED"": 0, ""UNKNOWN"": 2}",101,37.99812579927308,70.98984698542000,/Users/StarTrack/Development/JazzGrooveAnalyzer/docs/scientific/rfc/JGA_WHOLE_TRACK_GROOVE_FROZEN_PIPELINE_001_20260921/WHOLE_TRACK_SOURCE_STATES.csv,7d5ced889b068c5328afd81b1ff02d04b682639aa4f47410e45e21f689bf2547
105,38.42902494331066,172.26562499999912,SELECTED,F_MIX_00207,38.44063492063492,DRUM_SUPPORTED,11.60997732426000,11.60997732426000,False,[],3,2,"{""BASS_AND_DRUM_SUPPORTED"": 0, ""BASS_SUPPORTED"": 0, ""CONFLICTING_EVIDENCE"": 0, ""DRUM_SUPPORTED"": 0, ""UNKNOWN"": 2}",102,38.36938125957136,71.25366106356000,/Users/StarTrack/Development/JazzGrooveAnalyzer/docs/scientific/rfc/JGA_WHOLE_TRACK_GROOVE_FROZEN_PIPELINE_001_20260921/WHOLE_TRACK_SOURCE_STATES.csv,7d5ced889b068c5328afd81b1ff02d04b682639aa4f47410e45e21f689bf2547
106,38.77732426303855,161.49902343749977,SELECTED,F_MIX_00209,38.81215419501134,DRUM_SUPPORTED,34.82993197279000,34.82993197279000,False,[],2,1,"{""BASS_AND_DRUM_SUPPORTED"": 0, ""BASS_SUPPORTED"": 0, ""CONFLICTING_EVIDENCE"": 0, ""DRUM_SUPPORTED"": 0, ""UNKNOWN"": 1}",103,38.74003799424393,72.11620076741000,/Users/StarTrack/Development/JazzGrooveAnalyzer/docs/scientific/rfc/JGA_WHOLE_TRACK_GROOVE_FROZEN_PIPELINE_001_20260921/WHOLE_TRACK_SOURCE_STATES.csv,7d5ced889b068c5328afd81b1ff02d04b682639aa4f47410e45e21f689bf2547
107,39.14884353741497,161.49902343749977,SELECTED,F_MIX_00210,39.172063492063494,DRUM_SUPPORTED,23.219954648524000,23.219954648524000,False,[],1,0,"{""BASS_AND_DRUM_SUPPORTED"": 0, ""BASS_SUPPORTED"": 0, ""CONFLICTING_EVIDENCE"": 0, ""DRUM_SUPPORTED"": 0, ""UNKNOWN"": 0}",104,39.11030662611745,61.756865946044000,/Users/StarTrack/Development/JazzGrooveAnalyzer/docs/scientific/rfc/JGA_WHOLE_TRACK_GROOVE_FROZEN_PIPELINE_001_20260921/WHOLE_TRACK_SOURCE_STATES.csv,7d5ced889b068c5328afd81b1ff02d04b682639aa4f47410e45e21f689bf2547
108,39.52036281179139,161.49902343750287,SELECTED,F_MIX_00212,39.555192743764174,DRUM_SUPPORTED,34.829931972784000,34.829931972784000,False,[],2,1,"{""BASS_AND_DRUM_SUPPORTED"": 0, ""BASS_SUPPORTED"": 0, ""CONFLICTING_EVIDENCE"": 0, ""DRUM_SUPPORTED"": 0, ""UNKNOWN"": 1}",105,39.4801440326587,75.048711105474000,/Users/StarTrack/Development/JazzGrooveAnalyzer/docs/scientific/rfc/JGA_WHOLE_TRACK_GROOVE_FROZEN_PIPELINE_001_20260921/WHOLE_TRACK_SOURCE_STATES.csv,7d5ced889b068c5328afd81b1ff02d04b682639aa4f47410e45e21f689bf2547
109,39.8918820861678,161.49902343749977,SELECTED,F_MIX_00214,39.92671201814059,DRUM_SUPPORTED,34.82993197279000,34.82993197279000,False,[],2,1,"{""BASS_AND_DRUM_SUPPORTED"": 0, ""BASS_SUPPORTED"": 0, ""CONFLICTING_EVIDENCE"": 0, ""DRUM_SUPPORTED"": 0, ""UNKNOWN"": 1}",106,39.84922515204568,77.48686609491000,/Users/StarTrack/Development/JazzGrooveAnalyzer/docs/scientific/rfc/JGA_WHOLE_TRACK_GROOVE_FROZEN_PIPELINE_001_20260921/WHOLE_TRACK_SOURCE_STATES.csv,7d5ced889b068c5328afd81b1ff02d04b682639aa4f47410e45e21f689bf2547
110,40.263401360544215,172.26562499999912,SELECTED,F_MIX_00216,40.29823129251701,DRUM_SUPPORTED,34.829931972795000,34.829931972795000,False,[],2,1,"{""BASS_AND_DRUM_SUPPORTED"": 0, ""BASS_SUPPORTED"": 0, ""CONFLICTING_EVIDENCE"": 0, ""DRUM_SUPPORTED"": 0, ""UNKNOWN"": 1}",107,40.21746595237236,80.76534014465000,/Users/StarTrack/Development/JazzGrooveAnalyzer/docs/scientific/rfc/JGA_WHOLE_TRACK_GROOVE_FROZEN_PIPELINE_001_20260921/WHOLE_TRACK_SOURCE_STATES.csv,7d5ced889b068c5328afd81b1ff02d04b682639aa4f47410e45e21f689bf2547
111,40.61170068027211,161.49902343749977,SELECTED,F_MIX_00217,40.56526077097506,UNKNOWN,-46.43990929705000,46.43990929705000,False,[],2,1,"{""BASS_AND_DRUM_SUPPORTED"": 0, ""BASS_SUPPORTED"": 0, ""CONFLICTING_EVIDENCE"": 0, ""DRUM_SUPPORTED"": 1, ""UNKNOWN"": 0}",108,40.584773064854254,-19.512293879194000,/Users/StarTrack/Development/JazzGrooveAnalyzer/docs/scientific/rfc/JGA_WHOLE_TRACK_GROOVE_FROZEN_PIPELINE_001_20260921/WHOLE_TRACK_SOURCE_STATES.csv,7d5ced889b068c5328afd81b1ff02d04b682639aa4f47410e45e21f689bf2547
112,40.983219954648526,161.49902343749977,SELECTED,F_MIX_00220,41.029659863945575,DRUM_SUPPORTED,46.439909297049000,46.439909297049000,False,[],2,1,"{""BASS_AND_DRUM_SUPPORTED"": 0, ""BASS_SUPPORTED"": 0, ""CONFLICTING_EVIDENCE"": 0, ""DRUM_SUPPORTED"": 0, ""UNKNOWN"": 1}",109,40.951042746397505,78.617117548070000,/Users/StarTrack/Development/JazzGrooveAnalyzer/docs/scientific/rfc/JGA_WHOLE_TRACK_GROOVE_FROZEN_PIPELINE_001_20260921/WHOLE_TRACK_SOURCE_STATES.csv,7d5ced889b068c5328afd81b1ff02d04b682639aa4f47410e45e21f689bf2547
113,41.35473922902494,161.49902343749977,SELECTED,F_MIX_00222,41.40117913832199,BASS_AND_DRUM_SUPPORTED,46.43990929705000,46.43990929705000,False,[],2,1,"{""BASS_AND_DRUM_SUPPORTED"": 0, ""BASS_SUPPORTED"": 0, ""CONFLICTING_EVIDENCE"": 0, ""DRUM_SUPPORTED"": 1, ""UNKNOWN"": 0}",110,41.316159726897816,85.019411424174000,/Users/StarTrack/Development/JazzGrooveAnalyzer/docs/scientific/rfc/JGA_WHOLE_TRACK_GROOVE_FROZEN_PIPELINE_001_20260921/WHOLE_TRACK_SOURCE_STATES.csv,7d5ced889b068c5328afd81b1ff02d04b682639aa4f47410e45e21f689bf2547
114,41.72625850340136,161.49902343749977,SELECTED,F_MIX_00224,41.749478458049886,BASS_AND_DRUM_SUPPORTED,23.219954648526000,23.219954648526000,False,[],2,1,"{""BASS_AND_DRUM_SUPPORTED"": 0, ""BASS_SUPPORTED"": 0, ""CONFLICTING_EVIDENCE"": 0, ""DRUM_SUPPORTED"": 1, ""UNKNOWN"": 0}",111,41.67999592846153,69.482529588356000,/Users/StarTrack/Development/JazzGrooveAnalyzer/docs/scientific/rfc/JGA_WHOLE_TRACK_GROOVE_FROZEN_PIPELINE_001_20260921/WHOLE_TRACK_SOURCE_STATES.csv,7d5ced889b068c5328afd81b1ff02d04b682639aa4f47410e45e21f689bf2547
115,42.09777777777778,161.49902343749977,SELECTED,F_MIX_00225,42.10938775510204,DRUM_SUPPORTED,11.60997732426000,11.60997732426000,False,[],1,0,"{""BASS_AND_DRUM_SUPPORTED"": 0, ""BASS_SUPPORTED"": 0, ""CONFLICTING_EVIDENCE"": 0, ""DRUM_SUPPORTED"": 0, ""UNKNOWN"": 0}",112,42.042686190214106,66.701564887934000,/Users/StarTrack/Development/JazzGrooveAnalyzer/docs/scientific/rfc/JGA_WHOLE_TRACK_GROOVE_FROZEN_PIPELINE_001_20260921/WHOLE_TRACK_SOURCE_STATES.csv,7d5ced889b068c5328afd81b1ff02d04b682639aa4f47410e45e21f689bf2547
116,42.4692970521542,172.26562499999912,SELECTED,F_MIX_00227,42.52734693877551,UNKNOWN,58.04988662131000,58.04988662131000,False,[],2,1,"{""BASS_AND_DRUM_SUPPORTED"": 0, ""BASS_SUPPORTED"": 0, ""CONFLICTING_EVIDENCE"": 0, ""DRUM_SUPPORTED"": 1, ""UNKNOWN"": 0}",113,42.40410318550986,123.24375326565000,/Users/StarTrack/Development/JazzGrooveAnalyzer/docs/scientific/rfc/JGA_WHOLE_TRACK_GROOVE_FROZEN_PIPELINE_001_20260921/WHOLE_TRACK_SOURCE_STATES.csv,7d5ced889b068c5328afd81b1ff02d04b682639aa4f47410e45e21f689bf2547
117,42.81759637188209,161.49902343750287,SELECTED,F_MIX_00230,42.86403628117914,DRUM_SUPPORTED,46.43990929705000,46.43990929705000,False,[],3,2,"{""BASS_AND_DRUM_SUPPORTED"": 0, ""BASS_SUPPORTED"": 0, ""CONFLICTING_EVIDENCE"": 0, ""DRUM_SUPPORTED"": 2, ""UNKNOWN"": 0}",114,42.76521403188282,98.82224929632000,/Users/StarTrack/Development/JazzGrooveAnalyzer/docs/scientific/rfc/JGA_WHOLE_TRACK_GROOVE_FROZEN_PIPELINE_001_20260921/WHOLE_TRACK_SOURCE_STATES.csv,7d5ced889b068c5328afd81b1ff02d04b682639aa4f47410e45e21f689bf2547
118,43.1891156462585,161.49902343749977,SELECTED,F_MIX_00231,43.23555555555556,BASS_AND_DRUM_SUPPORTED,46.43990929706000,46.43990929706000,False,[],1,0,"{""BASS_AND_DRUM_SUPPORTED"": 0, ""BASS_SUPPORTED"": 0, ""CONFLICTING_EVIDENCE"": 0, ""DRUM_SUPPORTED"": 0, ""UNKNOWN"": 0}",115,43.12598471278601,109.57084276955000,/Users/StarTrack/Development/JazzGrooveAnalyzer/docs/scientific/rfc/JGA_WHOLE_TRACK_GROOVE_FROZEN_PIPELINE_001_20260921/WHOLE_TRACK_SOURCE_STATES.csv,7d5ced889b068c5328afd81b1ff02d04b682639aa4f47410e45e21f689bf2547
119,43.56063492063492,161.49902343749977,SELECTED,F_MIX_00232,43.47936507936508,DRUM_SUPPORTED,-81.26984126984000,81.26984126984000,False,[],1,0,"{""BASS_AND_DRUM_SUPPORTED"": 0, ""BASS_SUPPORTED"": 0, ""CONFLICTING_EVIDENCE"": 0, ""DRUM_SUPPORTED"": 0, ""UNKNOWN"": 0}",116,43.486377432056116,-7.012352691036000,/Users/StarTrack/Development/JazzGrooveAnalyzer/docs/scientific/rfc/JGA_WHOLE_TRACK_GROOVE_FROZEN_PIPELINE_001_20260921/WHOLE_TRACK_SOURCE_STATES.csv,7d5ced889b068c5328afd81b1ff02d04b682639aa4f47410e45e21f689bf2547
120,43.932154195011336,161.49902343749977,SELECTED,F_MIX_00233,43.86249433106576,UNKNOWN,-69.659863945576000,69.659863945576000,False,[],2,1,"{""BASS_AND_DRUM_SUPPORTED"": 0, ""BASS_SUPPORTED"": 0, ""CONFLICTING_EVIDENCE"": 0, ""DRUM_SUPPORTED"": 1, ""UNKNOWN"": 0}",117,43.846350193956134,16.144137109626000,/Users/StarTrack/Development/JazzGrooveAnalyzer/docs/scientific/rfc/JGA_WHOLE_TRACK_GROOVE_FROZEN_PIPELINE_001_20260921/WHOLE_TRACK_SOURCE_STATES.csv,7d5ced889b068c5328afd81b1ff02d04b682639aa4f47410e45e21f689bf2547
121,44.30367346938775,151.99908088235324,SELECTED,F_MIX_00237,44.36172335600907,UNKNOWN,58.04988662132000,58.04988662132000,False,[],3,2,"{""BASS_AND_DRUM_SUPPORTED"": 0, ""BASS_SUPPORTED"": 0, ""CONFLICTING_EVIDENCE"": 0, ""DRUM_SUPPORTED"": 2, ""UNKNOWN"": 0}",118,44.20696492814084,154.75842786823000,/Users/StarTrack/Development/JazzGrooveAnalyzer/docs/scientific/rfc/JGA_WHOLE_TRACK_GROOVE_FROZEN_PIPELINE_001_20260921/WHOLE_TRACK_SOURCE_STATES.csv,7d5ced889b068c5328afd81b1ff02d04b682639aa4f47410e45e21f689bf2547
122,44.698412698412696,161.49902343749977,SELECTED,F_MIX_00238,44.68680272108843,BASS_AND_DRUM_SUPPORTED,-11.609977324266000,11.609977324266000,False,[],2,1,"{""BASS_AND_DRUM_SUPPORTED"": 0, ""BASS_SUPPORTED"": 0, ""CONFLICTING_EVIDENCE"": 0, ""DRUM_SUPPORTED"": 1, ""UNKNOWN"": 0}",119,44.567184373279304,119.618347809126000,/Users/StarTrack/Development/JazzGrooveAnalyzer/docs/scientific/rfc/JGA_WHOLE_TRACK_GROOVE_FROZEN_PIPELINE_001_20260921/WHOLE_TRACK_SOURCE_STATES.csv,7d5ced889b068c5328afd81b1ff02d04b682639aa4f47410e45e21f689bf2547
123,45.069931972789114,161.49902343749977,SELECTED,F_MIX_00240,45.10476190476191,UNKNOWN,34.829931972796000,34.829931972796000,False,[],1,0,"{""BASS_AND_DRUM_SUPPORTED"": 0, ""BASS_SUPPORTED"": 0, ""CONFLICTING_EVIDENCE"": 0, ""DRUM_SUPPORTED"": 0, ""UNKNOWN"": 0}",120,44.928073199951164,176.688704810746000,/Users/StarTrack/Development/JazzGrooveAnalyzer/docs/scientific/rfc/JGA_WHOLE_TRACK_GROOVE_FROZEN_PIPELINE_001_20260921/WHOLE_TRACK_SOURCE_STATES.csv,7d5ced889b068c5328afd81b1ff02d04b682639aa4f47410e45e21f689bf2547
124,45.44145124716553,151.99908088235324,EMPTY,NONE,,,,,False,[],0,0,"{""BASS_AND_DRUM_SUPPORTED"": 0, ""BASS_SUPPORTED"": 0, ""CONFLICTING_EVIDENCE"": 0, ""DRUM_SUPPORTED"": 0, ""UNKNOWN"": 0}",,,,/Users/StarTrack/Development/JazzGrooveAnalyzer/docs/scientific/rfc/JGA_WHOLE_TRACK_GROOVE_FROZEN_PIPELINE_001_20260921/WHOLE_TRACK_SOURCE_STATES.csv,7d5ced889b068c5328afd81b1ff02d04b682639aa4f47410e45e21f689bf2547
125,45.836190476190474,151.99908088235324,SELECTED,F_MIX_00241,45.77814058956916,UNKNOWN,-58.049886621314000,58.049886621314000,False,[],1,0,"{""BASS_AND_DRUM_SUPPORTED"": 0, ""BASS_SUPPORTED"": 0, ""CONFLICTING_EVIDENCE"": 0, ""DRUM_SUPPORTED"": 0, ""UNKNOWN"": 0}",122,45.65044028896981,127.70030059935000,/Users/StarTrack/Development/JazzGrooveAnalyzer/docs/scientific/rfc/JGA_WHOLE_TRACK_GROOVE_FROZEN_PIPELINE_001_20260921/WHOLE_TRACK_SOURCE_STATES.csv,7d5ced889b068c5328afd81b1ff02d04b682639aa4f47410e45e21f689bf2547
126,46.23092970521542,151.9990808823505,SELECTED,F_MIX_00242,46.172879818594105,UNKNOWN,-58.049886621315000,58.049886621315000,False,[],2,1,"{""BASS_AND_DRUM_SUPPORTED"": 0, ""BASS_SUPPORTED"": 0, ""CONFLICTING_EVIDENCE"": 0, ""DRUM_SUPPORTED"": 0, ""UNKNOWN"": 1}",123,46.01140869710287,161.471121491235000,/Users/StarTrack/Development/JazzGrooveAnalyzer/docs/scientific/rfc/JGA_WHOLE_TRACK_GROOVE_FROZEN_PIPELINE_001_20260921/WHOLE_TRACK_SOURCE_STATES.csv,7d5ced889b068c5328afd81b1ff02d04b682639aa4f47410e45e21f689bf2547
127,46.625668934240366,151.99908088235324,SELECTED,F_MIX_00245,46.66049886621315,UNKNOWN,34.829931972784000,34.829931972784000,False,[],2,1,"{""BASS_AND_DRUM_SUPPORTED"": 0, ""BASS_SUPPORTED"": 0, ""CONFLICTING_EVIDENCE"": 0, ""DRUM_SUPPORTED"": 0, ""UNKNOWN"": 1}",125,46.731849975831615,-71.351109618465000,/Users/StarTrack/Development/JazzGrooveAnalyzer/docs/scientific/rfc/JGA_WHOLE_TRACK_GROOVE_FROZEN_PIPELINE_001_20260921/WHOLE_TRACK_SOURCE_STATES.csv,7d5ced889b068c5328afd81b1ff02d04b682639aa4f47410e45e21f689bf2547
128,47.02040816326531,161.49902343749977,SELECTED,F_MIX_00246,47.04362811791383,UNKNOWN,23.21995464852000,23.21995464852000,False,[],1,0,"{""BASS_AND_DRUM_SUPPORTED"": 0, ""BASS_SUPPORTED"": 0, ""CONFLICTING_EVIDENCE"": 0, ""DRUM_SUPPORTED"": 0, ""UNKNOWN"": 0}",126,47.09212341593899,-48.49529802516000,/Users/StarTrack/Development/JazzGrooveAnalyzer/docs/scientific/rfc/JGA_WHOLE_TRACK_GROOVE_FROZEN_PIPELINE_001_20260921/WHOLE_TRACK_SOURCE_STATES.csv,7d5ced889b068c5328afd81b1ff02d04b682639aa4f47410e45e21f689bf2547
129,47.391927437641726,151.99908088235324,SELECTED,F_MIX_00248,47.42675736961451,DRUM_SUPPORTED,34.829931972784000,34.829931972784000,False,[],2,1,"{""BASS_AND_DRUM_SUPPORTED"": 0, ""BASS_SUPPORTED"": 0, ""CONFLICTING_EVIDENCE"": 0, ""DRUM_SUPPORTED"": 0, ""UNKNOWN"": 1}",127,47.45243731638584,-25.67994677133000,/Users/StarTrack/Development/JazzGrooveAnalyzer/docs/scientific/rfc/JGA_WHOLE_TRACK_GROOVE_FROZEN_PIPELINE_001_20260921/WHOLE_TRACK_SOURCE_STATES.csv,7d5ced889b068c5328afd81b1ff02d04b682639aa4f47410e45e21f689bf2547
130,47.78666666666667,161.49902343749977,SELECTED,F_MIX_00250,47.751836734693875,UNKNOWN,-34.829931972795000,34.829931972795000,False,[],3,2,"{""BASS_AND_DRUM_SUPPORTED"": 0, ""BASS_SUPPORTED"": 0, ""CONFLICTING_EVIDENCE"": 0, ""DRUM_SUPPORTED"": 0, ""UNKNOWN"": 2}",128,47.81311363308289,-61.276898389015000,/Users/StarTrack/Development/JazzGrooveAnalyzer/docs/scientific/rfc/JGA_WHOLE_TRACK_GROOVE_FROZEN_PIPELINE_001_20260921/WHOLE_TRACK_SOURCE_STATES.csv,7d5ced889b068c5328afd81b1ff02d04b682639aa4f47410e45e21f689bf2547
131,48.15818594104309,161.49902343749977,SELECTED,F_MIX_00253,48.12335600907029,DRUM_SUPPORTED,-34.82993197280000,34.82993197280000,False,[],2,1,"{""BASS_AND_DRUM_SUPPORTED"": 0, ""BASS_SUPPORTED"": 0, ""CONFLICTING_EVIDENCE"": 0, ""DRUM_SUPPORTED"": 0, ""UNKNOWN"": 1}",129,48.17419263450239,-50.83662543210000,/Users/StarTrack/Development/JazzGrooveAnalyzer/docs/scientific/rfc/JGA_WHOLE_TRACK_GROOVE_FROZEN_PIPELINE_001_20260921/WHOLE_TRACK_SOURCE_STATES.csv,7d5ced889b068c5328afd81b1ff02d04b682639aa4f47410e45e21f689bf2547
132,48.529705215419504,161.49902343750287,SELECTED,F_MIX_00254,48.54131519274377,DRUM_SUPPORTED,11.609977324266000,11.609977324266000,False,[],1,0,"{""BASS_AND_DRUM_SUPPORTED"": 0, ""BASS_SUPPORTED"": 0, ""CONFLICTING_EVIDENCE"": 0, ""DRUM_SUPPORTED"": 0, ""UNKNOWN"": 0}",130,48.53571906339128,5.59612935249000,/Users/StarTrack/Development/JazzGrooveAnalyzer/docs/scientific/rfc/JGA_WHOLE_TRACK_GROOVE_FROZEN_PIPELINE_001_20260921/WHOLE_TRACK_SOURCE_STATES.csv,7d5ced889b068c5328afd81b1ff02d04b682639aa4f47410e45e21f689bf2547
133,48.901224489795915,161.49902343749977,SELECTED,F_MIX_00255,48.901224489795915,DRUM_SUPPORTED,0E-15,0E-15,False,[],1,0,"{""BASS_AND_DRUM_SUPPORTED"": 0, ""BASS_SUPPORTED"": 0, ""CONFLICTING_EVIDENCE"": 0, ""DRUM_SUPPORTED"": 0, ""UNKNOWN"": 0}",131,48.89774263391282,3.481855883095000,/Users/StarTrack/Development/JazzGrooveAnalyzer/docs/scientific/rfc/JGA_WHOLE_TRACK_GROOVE_FROZEN_PIPELINE_001_20260921/WHOLE_TRACK_SOURCE_STATES.csv,7d5ced889b068c5328afd81b1ff02d04b682639aa4f47410e45e21f689bf2547
134,49.27274376417233,161.49902343749977,SELECTED,F_MIX_00257,49.284353741496595,DRUM_SUPPORTED,11.609977324265000,11.609977324265000,False,[],3,2,"{""BASS_AND_DRUM_SUPPORTED"": 0, ""BASS_SUPPORTED"": 0, ""CONFLICTING_EVIDENCE"": 0, ""DRUM_SUPPORTED"": 2, ""UNKNOWN"": 0}",132,49.2603185840262,24.035157470395000,/Users/StarTrack/Development/JazzGrooveAnalyzer/docs/scientific/rfc/JGA_WHOLE_TRACK_GROOVE_FROZEN_PIPELINE_001_20260921/WHOLE_TRACK_SOURCE_STATES.csv,7d5ced889b068c5328afd81b1ff02d04b682639aa4f47410e45e21f689bf2547
135,49.64426303854875,161.49902343749977,SELECTED,F_MIX_00259,49.65587301587301,DRUM_SUPPORTED,11.60997732426000,11.60997732426000,False,[],1,0,"{""BASS_AND_DRUM_SUPPORTED"": 0, ""BASS_SUPPORTED"": 0, ""CONFLICTING_EVIDENCE"": 0, ""DRUM_SUPPORTED"": 0, ""UNKNOWN"": 0}",133,49.62350828924162,32.36472663139000,/Users/StarTrack/Development/JazzGrooveAnalyzer/docs/scientific/rfc/JGA_WHOLE_TRACK_GROOVE_FROZEN_PIPELINE_001_20260921/WHOLE_TRACK_SOURCE_STATES.csv,7d5ced889b068c5328afd81b1ff02d04b682639aa4f47410e45e21f689bf2547
136,50.01578231292517,161.49902343749977,SELECTED,F_MIX_00260,50.01578231292517,DRUM_SUPPORTED,0E-14,0E-14,False,[],1,0,"{""BASS_AND_DRUM_SUPPORTED"": 0, ""BASS_SUPPORTED"": 0, ""CONFLICTING_EVIDENCE"": 0, ""DRUM_SUPPORTED"": 0, ""UNKNOWN"": 0}",134,49.98706248425296,28.71982867221000,/Users/StarTrack/Development/JazzGrooveAnalyzer/docs/scientific/rfc/JGA_WHOLE_TRACK_GROOVE_FROZEN_PIPELINE_001_20260921/WHOLE_TRACK_SOURCE_STATES.csv,7d5ced889b068c5328afd81b1ff02d04b682639aa4f47410e45e21f689bf2547
137,50.387301587301586,161.49902343749977,SELECTED,F_MIX_00261,50.39891156462585,DRUM_SUPPORTED,11.609977324264000,11.609977324264000,False,[],1,0,"{""BASS_AND_DRUM_SUPPORTED"": 0, ""BASS_SUPPORTED"": 0, ""CONFLICTING_EVIDENCE"": 0, ""DRUM_SUPPORTED"": 0, ""UNKNOWN"": 0}",135,50.351021667926425,47.889896699425000,/Users/StarTrack/Development/JazzGrooveAnalyzer/docs/scientific/rfc/JGA_WHOLE_TRACK_GROOVE_FROZEN_PIPELINE_001_20260921/WHOLE_TRACK_SOURCE_STATES.csv,7d5ced889b068c5328afd81b1ff02d04b682639aa4f47410e45e21f689bf2547
138,50.758820861678004,172.26562499999912,SELECTED,F_MIX_00262,50.758820861678004,DRUM_SUPPORTED,0E-15,0E-15,False,[],1,0,"{""BASS_AND_DRUM_SUPPORTED"": 0, ""BASS_SUPPORTED"": 0, ""CONFLICTING_EVIDENCE"": 0, ""DRUM_SUPPORTED"": 0, ""UNKNOWN"": 0}",136,50.71498085159989,43.840010078114000,/Users/StarTrack/Development/JazzGrooveAnalyzer/docs/scientific/rfc/JGA_WHOLE_TRACK_GROOVE_FROZEN_PIPELINE_001_20260921/WHOLE_TRACK_SOURCE_STATES.csv,7d5ced889b068c5328afd81b1ff02d04b682639aa4f47410e45e21f689bf2547
139,51.1071201814059,161.49902343749977,SELECTED,F_MIX_00264,51.13034013605442,DRUM_SUPPORTED,23.21995464852000,23.21995464852000,False,[],2,1,"{""BASS_AND_DRUM_SUPPORTED"": 0, ""BASS_SUPPORTED"": 0, ""CONFLICTING_EVIDENCE"": 0, ""DRUM_SUPPORTED"": 0, ""UNKNOWN"": 1}",137,51.07824933232551,52.09080372891000,/Users/StarTrack/Development/JazzGrooveAnalyzer/docs/scientific/rfc/JGA_WHOLE_TRACK_GROOVE_FROZEN_PIPELINE_001_20260921/WHOLE_TRACK_SOURCE_STATES.csv,7d5ced889b068c5328afd81b1ff02d04b682639aa4f47410e45e21f689bf2547
140,51.478639455782314,161.49902343749977,SELECTED,F_MIX_00265,51.44380952380953,UNKNOWN,-34.829931972784000,34.829931972784000,False,[],1,0,"{""BASS_AND_DRUM_SUPPORTED"": 0, ""BASS_SUPPORTED"": 0, ""CONFLICTING_EVIDENCE"": 0, ""DRUM_SUPPORTED"": 0, ""UNKNOWN"": 0}",138,51.44139504661123,2.41447719830000,/Users/StarTrack/Development/JazzGrooveAnalyzer/docs/scientific/rfc/JGA_WHOLE_TRACK_GROOVE_FROZEN_PIPELINE_001_20260921/WHOLE_TRACK_SOURCE_STATES.csv,7d5ced889b068c5328afd81b1ff02d04b682639aa4f47410e45e21f689bf2547
141,51.85015873015873,161.49902343749977,SELECTED,F_MIX_00267,51.81532879818594,UNKNOWN,-34.82993197279000,34.82993197279000,False,[],3,2,"{""BASS_AND_DRUM_SUPPORTED"": 0, ""BASS_SUPPORTED"": 0, ""CONFLICTING_EVIDENCE"": 0, ""DRUM_SUPPORTED"": 0, ""UNKNOWN"": 2}",139,51.80464342302846,10.68537515748000,/Users/StarTrack/Development/JazzGrooveAnalyzer/docs/scientific/rfc/JGA_WHOLE_TRACK_GROOVE_FROZEN_PIPELINE_001_20260921/WHOLE_TRACK_SOURCE_STATES.csv,7d5ced889b068c5328afd81b1ff02d04b682639aa4f47410e45e21f689bf2547
142,52.22167800453515,161.49902343749977,SELECTED,F_MIX_00270,52.244897959183675,DRUM_SUPPORTED,23.219954648525000,23.219954648525000,False,[],2,1,"{""BASS_AND_DRUM_SUPPORTED"": 0, ""BASS_SUPPORTED"": 0, ""CONFLICTING_EVIDENCE"": 0, ""DRUM_SUPPORTED"": 1, ""UNKNOWN"": 0}",140,52.167984195364056,76.913763819619000,/Users/StarTrack/Development/JazzGrooveAnalyzer/docs/scientific/rfc/JGA_WHOLE_TRACK_GROOVE_FROZEN_PIPELINE_001_20260921/WHOLE_TRACK_SOURCE_STATES.csv,7d5ced889b068c5328afd81b1ff02d04b682639aa4f47410e45e21f689bf2547
143,52.59319727891157,161.49902343749977,SELECTED,F_MIX_00272,52.61641723356009,DRUM_SUPPORTED,23.21995464852000,23.21995464852000,False,[],2,1,"{""BASS_AND_DRUM_SUPPORTED"": 0, ""BASS_SUPPORTED"": 0, ""CONFLICTING_EVIDENCE"": 0, ""DRUM_SUPPORTED"": 1, ""UNKNOWN"": 0}",141,52.531408124026186,85.009109533904000,/Users/StarTrack/Development/JazzGrooveAnalyzer/docs/scientific/rfc/JGA_WHOLE_TRACK_GROOVE_FROZEN_PIPELINE_001_20260921/WHOLE_TRACK_SOURCE_STATES.csv,7d5ced889b068c5328afd81b1ff02d04b682639aa4f47410e45e21f689bf2547
144,52.964716553287985,161.49902343750287,SELECTED,F_MIX_00274,52.97632653061225,DRUM_SUPPORTED,11.609977324265000,11.609977324265000,False,[],2,1,"{""BASS_AND_DRUM_SUPPORTED"": 0, ""BASS_SUPPORTED"": 0, ""CONFLICTING_EVIDENCE"": 0, ""DRUM_SUPPORTED"": 0, ""UNKNOWN"": 1}",142,52.89469374145476,81.63278915749000,/Users/StarTrack/Development/JazzGrooveAnalyzer/docs/scientific/rfc/JGA_WHOLE_TRACK_GROOVE_FROZEN_PIPELINE_001_20260921/WHOLE_TRACK_SOURCE_STATES.csv,7d5ced889b068c5328afd81b1ff02d04b682639aa4f47410e45e21f689bf2547
145,53.336235827664396,161.49902343749977,SELECTED,F_MIX_00275,53.324625850340134,DRUM_SUPPORTED,-11.609977324262000,11.609977324262000,False,[],1,0,"{""BASS_AND_DRUM_SUPPORTED"": 0, ""BASS_SUPPORTED"": 0, ""CONFLICTING_EVIDENCE"": 0, ""DRUM_SUPPORTED"": 0, ""UNKNOWN"": 0}",143,53.25764172684569,66.984123494444000,/Users/StarTrack/Development/JazzGrooveAnalyzer/docs/scientific/rfc/JGA_WHOLE_TRACK_GROOVE_FROZEN_PIPELINE_001_20260921/WHOLE_TRACK_SOURCE_STATES.csv,7d5ced889b068c5328afd81b1ff02d04b682639aa4f47410e45e21f689bf2547
146,53.707755102040814,161.49902343749977,SELECTED,F_MIX_00277,53.69614512471655,DRUM_SUPPORTED,-11.609977324264000,11.609977324264000,False,[],2,1,"{""BASS_AND_DRUM_SUPPORTED"": 0, ""BASS_SUPPORTED"": 0, ""CONFLICTING_EVIDENCE"": 0, ""DRUM_SUPPORTED"": 1, ""UNKNOWN"": 0}",144,53.62049899533018,75.64612938637000,/Users/StarTrack/Development/JazzGrooveAnalyzer/docs/scientific/rfc/JGA_WHOLE_TRACK_GROOVE_FROZEN_PIPELINE_001_20260921/WHOLE_TRACK_SOURCE_STATES.csv,7d5ced889b068c5328afd81b1ff02d04b682639aa4f47410e45e21f689bf2547
147,54.07927437641723,172.26562499999912,SELECTED,F_MIX_00279,54.05605442176871,DRUM_SUPPORTED,-23.21995464852000,23.21995464852000,False,[],2,1,"{""BASS_AND_DRUM_SUPPORTED"": 0, ""BASS_SUPPORTED"": 0, ""CONFLICTING_EVIDENCE"": 0, ""DRUM_SUPPORTED"": 0, ""UNKNOWN"": 1}",145,53.98348777052631,72.56665124240000,/Users/StarTrack/Development/JazzGrooveAnalyzer/docs/scientific/rfc/JGA_WHOLE_TRACK_GROOVE_FROZEN_PIPELINE_001_20260921/WHOLE_TRACK_SOURCE_STATES.csv,7d5ced889b068c5328afd81b1ff02d04b682639aa4f47410e45e21f689bf2547
148,54.427573696145124,161.49902343749977,SELECTED,F_MIX_00281,54.427573696145124,DRUM_SUPPORTED,0E-15,0E-15,False,[],3,2,"{""BASS_AND_DRUM_SUPPORTED"": 0, ""BASS_SUPPORTED"": 0, ""CONFLICTING_EVIDENCE"": 0, ""DRUM_SUPPORTED"": 1, ""UNKNOWN"": 1}",146,54.34638174983548,81.191946309644000,/Users/StarTrack/Development/JazzGrooveAnalyzer/docs/scientific/rfc/JGA_WHOLE_TRACK_GROOVE_FROZEN_PIPELINE_001_20260921/WHOLE_TRACK_SOURCE_STATES.csv,7d5ced889b068c5328afd81b1ff02d04b682639aa4f47410e45e21f689bf2547
149,54.79909297052154,161.49902343749977,SELECTED,F_MIX_00283,54.78748299319728,DRUM_SUPPORTED,-11.60997732426000,11.60997732426000,False,[],1,0,"{""BASS_AND_DRUM_SUPPORTED"": 0, ""BASS_SUPPORTED"": 0, ""CONFLICTING_EVIDENCE"": 0, ""DRUM_SUPPORTED"": 0, ""UNKNOWN"": 0}",147,54.70940356477382,78.07942842346000,/Users/StarTrack/Development/JazzGrooveAnalyzer/docs/scientific/rfc/JGA_WHOLE_TRACK_GROOVE_FROZEN_PIPELINE_001_20260921/WHOLE_TRACK_SOURCE_STATES.csv,7d5ced889b068c5328afd81b1ff02d04b682639aa4f47410e45e21f689bf2547
150,55.17061224489796,161.49902343749977,SELECTED,F_MIX_00284,55.147392290249435,DRUM_SUPPORTED,-23.219954648525000,23.219954648525000,False,[],1,0,"{""BASS_AND_DRUM_SUPPORTED"": 0, ""BASS_SUPPORTED"": 0, ""CONFLICTING_EVIDENCE"": 0, ""DRUM_SUPPORTED"": 0, ""UNKNOWN"": 0}",148,55.07232727985099,75.065010398445000,/Users/StarTrack/Development/JazzGrooveAnalyzer/docs/scientific/rfc/JGA_WHOLE_TRACK_GROOVE_FROZEN_PIPELINE_001_20260921/WHOLE_TRACK_SOURCE_STATES.csv,7d5ced889b068c5328afd81b1ff02d04b682639aa4f47410e45e21f689bf2547
151,55.54213151927438,172.26562499999912,SELECTED,F_MIX_00285,55.50730158730159,DRUM_SUPPORTED,-34.82993197279000,34.82993197279000,False,[],1,0,"{""BASS_AND_DRUM_SUPPORTED"": 0, ""BASS_SUPPORTED"": 0, ""CONFLICTING_EVIDENCE"": 0, ""DRUM_SUPPORTED"": 0, ""UNKNOWN"": 0}",149,55.43537585698053,71.92573032106000,/Users/StarTrack/Development/JazzGrooveAnalyzer/docs/scientific/rfc/JGA_WHOLE_TRACK_GROOVE_FROZEN_PIPELINE_001_20260921/WHOLE_TRACK_SOURCE_STATES.csv,7d5ced889b068c5328afd81b1ff02d04b682639aa4f47410e45e21f689bf2547
152,55.89043083900227,161.49902343749977,SELECTED,F_MIX_00287,55.878820861678,DRUM_SUPPORTED,-11.60997732427000,11.60997732427000,False,[],2,1,"{""BASS_AND_DRUM_SUPPORTED"": 0, ""BASS_SUPPORTED"": 0, ""CONFLICTING_EVIDENCE"": 0, ""DRUM_SUPPORTED"": 0, ""UNKNOWN"": 1}",150,55.798323658029766,80.497203648234000,/Users/StarTrack/Development/JazzGrooveAnalyzer/docs/scientific/rfc/JGA_WHOLE_TRACK_GROOVE_FROZEN_PIPELINE_001_20260921/WHOLE_TRACK_SOURCE_STATES.csv,7d5ced889b068c5328afd81b1ff02d04b682639aa4f47410e45e21f689bf2547
153,56.26195011337869,172.26562500000261,SELECTED,F_MIX_00289,56.23873015873016,DRUM_SUPPORTED,-23.21995464853000,23.21995464853000,False,[],2,1,"{""BASS_AND_DRUM_SUPPORTED"": 0, ""BASS_SUPPORTED"": 0, ""CONFLICTING_EVIDENCE"": 0, ""DRUM_SUPPORTED"": 0, ""UNKNOWN"": 1}",151,56.16118076060673,77.54939812343000,/Users/StarTrack/Development/JazzGrooveAnalyzer/docs/scientific/rfc/JGA_WHOLE_TRACK_GROOVE_FROZEN_PIPELINE_001_20260921/WHOLE_TRACK_SOURCE_STATES.csv,7d5ced889b068c5328afd81b1ff02d04b682639aa4f47410e45e21f689bf2547
154,56.610249433106574,161.49902343749977,SELECTED,F_MIX_00291,56.610249433106574,DRUM_SUPPORTED,0E-15,0E-15,False,[],2,1,"{""BASS_AND_DRUM_SUPPORTED"": 0, ""BASS_SUPPORTED"": 0, ""CONFLICTING_EVIDENCE"": 0, ""DRUM_SUPPORTED"": 1, ""UNKNOWN"": 0}",152,56.52395623455865,86.293198547924000,/Users/StarTrack/Development/JazzGrooveAnalyzer/docs/scientific/rfc/JGA_WHOLE_TRACK_GROOVE_FROZEN_PIPELINE_001_20260921/WHOLE_TRACK_SOURCE_STATES.csv,7d5ced889b068c5328afd81b1ff02d04b682639aa4f47410e45e21f689bf2547
155,56.98176870748299,172.26562499999912,SELECTED,F_MIX_00292,56.95854875283447,DRUM_SUPPORTED,-23.21995464852000,23.21995464852000,False,[],1,0,"{""BASS_AND_DRUM_SUPPORTED"": 0, ""BASS_SUPPORTED"": 0, ""CONFLICTING_EVIDENCE"": 0, ""DRUM_SUPPORTED"": 0, ""UNKNOWN"": 0}",153,56.886658242748034,71.890510086436000,/Users/StarTrack/Development/JazzGrooveAnalyzer/docs/scientific/rfc/JGA_WHOLE_TRACK_GROOVE_FROZEN_PIPELINE_001_20260921/WHOLE_TRACK_SOURCE_STATES.csv,7d5ced889b068c5328afd81b1ff02d04b682639aa4f47410e45e21f689bf2547
156,57.330068027210885,172.26562499999912,SELECTED,F_MIX_00294,57.376507936507934,UNKNOWN,46.439909297049000,46.439909297049000,False,[],2,1,"{""BASS_AND_DRUM_SUPPORTED"": 0, ""BASS_SUPPORTED"": 0, ""CONFLICTING_EVIDENCE"": 0, ""DRUM_SUPPORTED"": 1, ""UNKNOWN"": 0}",154,57.24929413175113,127.213804756804000,/Users/StarTrack/Development/JazzGrooveAnalyzer/docs/scientific/rfc/JGA_WHOLE_TRACK_GROOVE_FROZEN_PIPELINE_001_20260921/WHOLE_TRACK_SOURCE_STATES.csv,7d5ced889b068c5328afd81b1ff02d04b682639aa4f47410e45e21f689bf2547
157,57.67836734693878,172.26562500000261,SELECTED,F_MIX_00295,57.68997732426304,DRUM_SUPPORTED,11.60997732426000,11.60997732426000,False,[],1,0,"{""BASS_AND_DRUM_SUPPORTED"": 0, ""BASS_SUPPORTED"": 0, ""CONFLICTING_EVIDENCE"": 0, ""DRUM_SUPPORTED"": 0, ""UNKNOWN"": 0}",155,57.61187051348657,78.10681077647000,/Users/StarTrack/Development/JazzGrooveAnalyzer/docs/scientific/rfc/JGA_WHOLE_TRACK_GROOVE_FROZEN_PIPELINE_001_20260921/WHOLE_TRACK_SOURCE_STATES.csv,7d5ced889b068c5328afd81b1ff02d04b682639aa4f47410e45e21f689bf2547
158,58.026666666666664,161.49902343749977,SELECTED,F_MIX_00296,57.96861678004535,DRUM_SUPPORTED,-58.049886621314000,58.049886621314000,False,[],2,1,"{""BASS_AND_DRUM_SUPPORTED"": 0, ""BASS_SUPPORTED"": 0, ""CONFLICTING_EVIDENCE"": 0, ""DRUM_SUPPORTED"": 1, ""UNKNOWN"": 0}",156,57.974393338681125,-5.776558635775000,/Users/StarTrack/Development/JazzGrooveAnalyzer/docs/scientific/rfc/JGA_WHOLE_TRACK_GROOVE_FROZEN_PIPELINE_001_20260921/WHOLE_TRACK_SOURCE_STATES.csv,7d5ced889b068c5328afd81b1ff02d04b682639aa4f47410e45e21f689bf2547
159,58.39818594104308,172.26562499999912,SELECTED,F_MIX_00298,58.38657596371882,DRUM_SUPPORTED,-11.60997732426000,11.60997732426000,False,[],2,1,"{""BASS_AND_DRUM_SUPPORTED"": 0, ""BASS_SUPPORTED"": 0, ""CONFLICTING_EVIDENCE"": 0, ""DRUM_SUPPORTED"": 1, ""UNKNOWN"": 0}",157,58.336867962988876,49.708000729944000,/Users/StarTrack/Development/JazzGrooveAnalyzer/docs/scientific/rfc/JGA_WHOLE_TRACK_GROOVE_FROZEN_PIPELINE_001_20260921/WHOLE_TRACK_SOURCE_STATES.csv,7d5ced889b068c5328afd81b1ff02d04b682639aa4f47410e45e21f689bf2547
160,58.746485260770974,161.49902343749977,SELECTED,F_MIX_00300,58.700045351473925,DRUM_SUPPORTED,-46.439909297049000,46.439909297049000,False,[],2,1,"{""BASS_AND_DRUM_SUPPORTED"": 0, ""BASS_SUPPORTED"": 0, ""CONFLICTING_EVIDENCE"": 0, ""DRUM_SUPPORTED"": 1, ""UNKNOWN"": 0}",158,58.69951235842594,0.532993047985000,/Users/StarTrack/Development/JazzGrooveAnalyzer/docs/scientific/rfc/JGA_WHOLE_TRACK_GROOVE_FROZEN_PIPELINE_001_20260921/WHOLE_TRACK_SOURCE_STATES.csv,7d5ced889b068c5328afd81b1ff02d04b682639aa4f47410e45e21f689bf2547
161,59.11800453514739,172.26562499999912,SELECTED,F_MIX_00303,59.15283446712018,DRUM_SUPPORTED,34.82993197279000,34.82993197279000,False,[],2,1,"{""BASS_AND_DRUM_SUPPORTED"": 0, ""BASS_SUPPORTED"": 0, ""CONFLICTING_EVIDENCE"": 0, ""DRUM_SUPPORTED"": 0, ""UNKNOWN"": 1}",159,59.06230954787939,90.52491924079000,/Users/StarTrack/Development/JazzGrooveAnalyzer/docs/scientific/rfc/JGA_WHOLE_TRACK_GROOVE_FROZEN_PIPELINE_001_20260921/WHOLE_TRACK_SOURCE_STATES.csv,7d5ced889b068c5328afd81b1ff02d04b682639aa4f47410e45e21f689bf2547
162,59.466303854875285,161.49902343749977,SELECTED,F_MIX_00304,59.43147392290249,UNKNOWN,-34.829931972795000,34.829931972795000,False,[],2,1,"{""BASS_AND_DRUM_SUPPORTED"": 0, ""BASS_SUPPORTED"": 0, ""CONFLICTING_EVIDENCE"": 0, ""DRUM_SUPPORTED"": 1, ""UNKNOWN"": 0}",160,59.42524425194758,6.22967095491000,/Users/StarTrack/Development/JazzGrooveAnalyzer/docs/scientific/rfc/JGA_WHOLE_TRACK_GROOVE_FROZEN_PIPELINE_001_20260921/WHOLE_TRACK_SOURCE_STATES.csv,7d5ced889b068c5328afd81b1ff02d04b682639aa4f47410e45e21f689bf2547
163,59.8378231292517,161.49902343749977,SELECTED,F_MIX_00306,59.88426303854875,DRUM_SUPPORTED,46.43990929705000,46.43990929705000,False,[],1,0,"{""BASS_AND_DRUM_SUPPORTED"": 0, ""BASS_SUPPORTED"": 0, ""CONFLICTING_EVIDENCE"": 0, ""DRUM_SUPPORTED"": 0, ""UNKNOWN"": 0}",161,59.788302719169046,95.960319379704000,/Users/StarTrack/Development/JazzGrooveAnalyzer/docs/scientific/rfc/JGA_WHOLE_TRACK_GROOVE_FROZEN_PIPELINE_001_20260921/WHOLE_TRACK_SOURCE_STATES.csv,7d5ced889b068c5328afd81b1ff02d04b682639aa4f47410e45e21f689bf2547
164,60.20934240362812,161.49902343749977,SELECTED,F_MIX_00309,60.24417233560091,BASS_AND_DRUM_SUPPORTED,34.82993197279000,34.82993197279000,False,[],4,3,"{""BASS_AND_DRUM_SUPPORTED"": 0, ""BASS_SUPPORTED"": 0, ""CONFLICTING_EVIDENCE"": 0, ""DRUM_SUPPORTED"": 0, ""UNKNOWN"": 3}",162,60.15147257322845,92.69976237246000,/Users/StarTrack/Development/JazzGrooveAnalyzer/docs/scientific/rfc/JGA_WHOLE_TRACK_GROOVE_FROZEN_PIPELINE_001_20260921/WHOLE_TRACK_SOURCE_STATES.csv,7d5ced889b068c5328afd81b1ff02d04b682639aa4f47410e45e21f689bf2547
165,60.58086167800454,172.26562500000261,SELECTED,F_MIX_00312,60.615691609977326,BASS_AND_DRUM_SUPPORTED,34.829931972786000,34.829931972786000,False,[],2,1,"{""BASS_AND_DRUM_SUPPORTED"": 0, ""BASS_SUPPORTED"": 0, ""CONFLICTING_EVIDENCE"": 0, ""DRUM_SUPPORTED"": 0, ""UNKNOWN"": 1}",163,60.514529523514575,101.162086462751000,/Users/StarTrack/Development/JazzGrooveAnalyzer/docs/scientific/rfc/JGA_WHOLE_TRACK_GROOVE_FROZEN_PIPELINE_001_20260921/WHOLE_TRACK_SOURCE_STATES.csv,7d5ced889b068c5328afd81b1ff02d04b682639aa4f47410e45e21f689bf2547
166,60.929160997732424,151.99908088235324,SELECTED,F_MIX_00313,60.87111111111111,UNKNOWN,-58.049886621314000,58.049886621314000,False,[],2,1,"{""BASS_AND_DRUM_SUPPORTED"": 0, ""BASS_SUPPORTED"": 0, ""CONFLICTING_EVIDENCE"": 0, ""DRUM_SUPPORTED"": 0, ""UNKNOWN"": 1}",164,60.877698012332175,-6.586901221065000,/Users/StarTrack/Development/JazzGrooveAnalyzer/docs/scientific/rfc/JGA_WHOLE_TRACK_GROOVE_FROZEN_PIPELINE_001_20260921/WHOLE_TRACK_SOURCE_STATES.csv,7d5ced889b068c5328afd81b1ff02d04b682639aa4f47410e45e21f689bf2547
167,61.32390022675737,161.49902343749977,SELECTED,F_MIX_00316,61.35873015873016,BASS_AND_DRUM_SUPPORTED,34.82993197279000,34.82993197279000,False,[],2,1,"{""BASS_AND_DRUM_SUPPORTED"": 0, ""BASS_SUPPORTED"": 0, ""CONFLICTING_EVIDENCE"": 0, ""DRUM_SUPPORTED"": 0, ""UNKNOWN"": 1}",165,61.24096688582811,117.76327290205000,/Users/StarTrack/Development/JazzGrooveAnalyzer/docs/scientific/rfc/JGA_WHOLE_TRACK_GROOVE_FROZEN_PIPELINE_001_20260921/WHOLE_TRACK_SOURCE_STATES.csv,7d5ced889b068c5328afd81b1ff02d04b682639aa4f47410e45e21f689bf2547
168,61.695419501133784,161.49902343749977,SELECTED,F_MIX_00318,61.73024943310658,BASS_AND_DRUM_SUPPORTED,34.829931972796000,34.829931972796000,False,[],2,1,"{""BASS_AND_DRUM_SUPPORTED"": 0, ""BASS_SUPPORTED"": 0, ""CONFLICTING_EVIDENCE"": 0, ""DRUM_SUPPORTED"": 1, ""UNKNOWN"": 0}",166,61.6041129536071,126.13647949948000,/Users/StarTrack/Development/JazzGrooveAnalyzer/docs/scientific/rfc/JGA_WHOLE_TRACK_GROOVE_FROZEN_PIPELINE_001_20260921/WHOLE_TRACK_SOURCE_STATES.csv,7d5ced889b068c5328afd81b1ff02d04b682639aa4f47410e45e21f689bf2547
169,62.0669387755102,161.49902343749977,SELECTED,F_MIX_00319,62.0669387755102,BASS_AND_DRUM_SUPPORTED,0E-13,0E-13,False,[],1,0,"{""BASS_AND_DRUM_SUPPORTED"": 0, ""BASS_SUPPORTED"": 0, ""CONFLICTING_EVIDENCE"": 0, ""DRUM_SUPPORTED"": 0, ""UNKNOWN"": 0}",167,61.967148496240846,99.790279269354000,/Users/StarTrack/Development/JazzGrooveAnalyzer/docs/scientific/rfc/JGA_WHOLE_TRACK_GROOVE_FROZEN_PIPELINE_001_20260921/WHOLE_TRACK_SOURCE_STATES.csv,7d5ced889b068c5328afd81b1ff02d04b682639aa4f47410e45e21f689bf2547
170,62.43845804988662,161.49902343749977,SELECTED,F_MIX_00321,62.43845804988662,DRUM_SUPPORTED,0E-14,0E-14,False,[],3,2,"{""BASS_AND_DRUM_SUPPORTED"": 0, ""BASS_SUPPORTED"": 0, ""CONFLICTING_EVIDENCE"": 0, ""DRUM_SUPPORTED"": 0, ""UNKNOWN"": 2}",168,62.33029771817131,108.16033171531000,/Users/StarTrack/Development/JazzGrooveAnalyzer/docs/scientific/rfc/JGA_WHOLE_TRACK_GROOVE_FROZEN_PIPELINE_001_20260921/WHOLE_TRACK_SOURCE_STATES.csv,7d5ced889b068c5328afd81b1ff02d04b682639aa4f47410e45e21f689bf2547
171,62.80997732426304,161.49902343749977,SELECTED,F_MIX_00323,62.798367346938775,BASS_AND_DRUM_SUPPORTED,-11.609977324265000,11.609977324265000,False,[],1,0,"{""BASS_AND_DRUM_SUPPORTED"": 0, ""BASS_SUPPORTED"": 0, ""CONFLICTING_EVIDENCE"": 0, ""DRUM_SUPPORTED"": 0, ""UNKNOWN"": 0}",169,62.694546983895115,103.820363043660000,/Users/StarTrack/Development/JazzGrooveAnalyzer/docs/scientific/rfc/JGA_WHOLE_TRACK_GROOVE_FROZEN_PIPELINE_001_20260921/WHOLE_TRACK_SOURCE_STATES.csv,7d5ced889b068c5328afd81b1ff02d04b682639aa4f47410e45e21f689bf2547
172,63.181496598639455,172.26562499999912,SELECTED,F_MIX_00324,63.181496598639455,BASS_AND_DRUM_SUPPORTED,0E-15,0E-15,False,[],1,0,"{""BASS_AND_DRUM_SUPPORTED"": 0, ""BASS_SUPPORTED"": 0, ""CONFLICTING_EVIDENCE"": 0, ""DRUM_SUPPORTED"": 0, ""UNKNOWN"": 0}",170,63.058788556606636,122.708042032819000,/Users/StarTrack/Development/JazzGrooveAnalyzer/docs/scientific/rfc/JGA_WHOLE_TRACK_GROOVE_FROZEN_PIPELINE_001_20260921/WHOLE_TRACK_SOURCE_STATES.csv,7d5ced889b068c5328afd81b1ff02d04b682639aa4f47410e45e21f689bf2547
173,63.52979591836735,161.49902343749977,SELECTED,F_MIX_00326,63.54140589569161,DRUM_SUPPORTED,11.60997732426000,11.60997732426000,False,[],2,1,"{""BASS_AND_DRUM_SUPPORTED"": 0, ""BASS_SUPPORTED"": 0, ""CONFLICTING_EVIDENCE"": 0, ""DRUM_SUPPORTED"": 1, ""UNKNOWN"": 0}",171,63.4240209380334,117.38495765821000,/Users/StarTrack/Development/JazzGrooveAnalyzer/docs/scientific/rfc/JGA_WHOLE_TRACK_GROOVE_FROZEN_PIPELINE_001_20260921/WHOLE_TRACK_SOURCE_STATES.csv,7d5ced889b068c5328afd81b1ff02d04b682639aa4f47410e45e21f689bf2547
174,63.901315192743766,161.49902343750287,SELECTED,F_MIX_00327,63.80843537414966,DRUM_SUPPORTED,-92.879818594106000,92.879818594106000,False,[],1,0,"{""BASS_AND_DRUM_SUPPORTED"": 0, ""BASS_SUPPORTED"": 0, ""CONFLICTING_EVIDENCE"": 0, ""DRUM_SUPPORTED"": 0, ""UNKNOWN"": 0}",172,63.7910794813673,17.35589278236000,/Users/StarTrack/Development/JazzGrooveAnalyzer/docs/scientific/rfc/JGA_WHOLE_TRACK_GROOVE_FROZEN_PIPELINE_001_20260921/WHOLE_TRACK_SOURCE_STATES.csv,7d5ced889b068c5328afd81b1ff02d04b682639aa4f47410e45e21f689bf2547
175,64.27283446712018,172.2656249999956,SELECTED,F_MIX_00328,64.24961451247165,DRUM_SUPPORTED,-23.21995464853000,23.21995464853000,False,[],1,0,"{""BASS_AND_DRUM_SUPPORTED"": 0, ""BASS_SUPPORTED"": 0, ""CONFLICTING_EVIDENCE"": 0, ""DRUM_SUPPORTED"": 0, ""UNKNOWN"": 0}",173,64.1588471363542,90.76737611745000,/Users/StarTrack/Development/JazzGrooveAnalyzer/docs/scientific/rfc/JGA_WHOLE_TRACK_GROOVE_FROZEN_PIPELINE_001_20260921/WHOLE_TRACK_SOURCE_STATES.csv,7d5ced889b068c5328afd81b1ff02d04b682639aa4f47410e45e21f689bf2547
176,64.62113378684808,161.49902343750287,SELECTED,F_MIX_00330,64.62113378684808,DRUM_SUPPORTED,0E-14,0E-14,False,[],2,1,"{""BASS_AND_DRUM_SUPPORTED"": 0, ""BASS_SUPPORTED"": 0, ""CONFLICTING_EVIDENCE"": 0, ""DRUM_SUPPORTED"": 1, ""UNKNOWN"": 0}",174,64.5272529918288,93.88079501928000,/Users/StarTrack/Development/JazzGrooveAnalyzer/docs/scientific/rfc/JGA_WHOLE_TRACK_GROOVE_FROZEN_PIPELINE_001_20260921/WHOLE_TRACK_SOURCE_STATES.csv,7d5ced889b068c5328afd81b1ff02d04b682639aa4f47410e45e21f689bf2547
177,64.99265306122449,172.2656249999956,SELECTED,F_MIX_00332,64.98104308390023,DRUM_SUPPORTED,-11.60997732426000,11.60997732426000,False,[],2,1,"{""BASS_AND_DRUM_SUPPORTED"": 0, ""BASS_SUPPORTED"": 0, ""CONFLICTING_EVIDENCE"": 0, ""DRUM_SUPPORTED"": 0, ""UNKNOWN"": 1}",175,64.89623322774234,84.80985615789000,/Users/StarTrack/Development/JazzGrooveAnalyzer/docs/scientific/rfc/JGA_WHOLE_TRACK_GROOVE_FROZEN_PIPELINE_001_20260921/WHOLE_TRACK_SOURCE_STATES.csv,7d5ced889b068c5328afd81b1ff02d04b682639aa4f47410e45e21f689bf2547
178,65.34095238095239,172.26562500000261,SELECTED,F_MIX_00334,65.34095238095239,DRUM_SUPPORTED,0E-14,0E-14,False,[],2,1,"{""BASS_AND_DRUM_SUPPORTED"": 0, ""BASS_SUPPORTED"": 0, ""CONFLICTING_EVIDENCE"": 0, ""DRUM_SUPPORTED"": 0, ""UNKNOWN"": 1}",176,65.26672813847722,74.22424247517000,/Users/StarTrack/Development/JazzGrooveAnalyzer/docs/scientific/rfc/JGA_WHOLE_TRACK_GROOVE_FROZEN_PIPELINE_001_20260921/WHOLE_TRACK_SOURCE_STATES.csv,7d5ced889b068c5328afd81b1ff02d04b682639aa4f47410e45e21f689bf2547
179,65.68925170068027,161.49902343750287,SELECTED,F_MIX_00335,65.70086167800453,DRUM_SUPPORTED,11.60997732426000,11.60997732426000,False,[],1,0,"{""BASS_AND_DRUM_SUPPORTED"": 0, ""BASS_SUPPORTED"": 0, ""CONFLICTING_EVIDENCE"": 0, ""DRUM_SUPPORTED"": 0, ""UNKNOWN"": 0}",177,65.6385862565513,62.27542145323000,/Users/StarTrack/Development/JazzGrooveAnalyzer/docs/scientific/rfc/JGA_WHOLE_TRACK_GROOVE_FROZEN_PIPELINE_001_20260921/WHOLE_TRACK_SOURCE_STATES.csv,7d5ced889b068c5328afd81b1ff02d04b682639aa4f47410e45e21f689bf2547
180,66.06077097505668,172.2656249999956,SELECTED,F_MIX_00337,66.07238095238095,BASS_AND_DRUM_SUPPORTED,11.60997732427000,11.60997732427000,False,[],2,1,"{""BASS_AND_DRUM_SUPPORTED"": 0, ""BASS_SUPPORTED"": 0, ""CONFLICTING_EVIDENCE"": 0, ""DRUM_SUPPORTED"": 0, ""UNKNOWN"": 1}",178,66.01067352880439,61.70742357656000,/Users/StarTrack/Development/JazzGrooveAnalyzer/docs/scientific/rfc/JGA_WHOLE_TRACK_GROOVE_FROZEN_PIPELINE_001_20260921/WHOLE_TRACK_SOURCE_STATES.csv,7d5ced889b068c5328afd81b1ff02d04b682639aa4f47410e45e21f689bf2547
181,66.40907029478458,161.49902343750287,SELECTED,F_MIX_00338,66.42068027210884,BASS_AND_DRUM_SUPPORTED,11.60997732426000,11.60997732426000,False,[],1,0,"{""BASS_AND_DRUM_SUPPORTED"": 0, ""BASS_SUPPORTED"": 0, ""CONFLICTING_EVIDENCE"": 0, ""DRUM_SUPPORTED"": 0, ""UNKNOWN"": 0}",179,66.38296703981855,37.71323229029000,/Users/StarTrack/Development/JazzGrooveAnalyzer/docs/scientific/rfc/JGA_WHOLE_TRACK_GROOVE_FROZEN_PIPELINE_001_20260921/WHOLE_TRACK_SOURCE_STATES.csv,7d5ced889b068c5328afd81b1ff02d04b682639aa4f47410e45e21f689bf2547
182,66.780589569161,172.2656249999956,SELECTED,F_MIX_00340,66.79219954648526,BASS_AND_DRUM_SUPPORTED,11.60997732426000,11.60997732426000,False,[],2,1,"{""BASS_AND_DRUM_SUPPORTED"": 0, ""BASS_SUPPORTED"": 0, ""CONFLICTING_EVIDENCE"": 0, ""DRUM_SUPPORTED"": 1, ""UNKNOWN"": 0}",180,66.75444843329139,37.75111319387000,/Users/StarTrack/Development/JazzGrooveAnalyzer/docs/scientific/rfc/JGA_WHOLE_TRACK_GROOVE_FROZEN_PIPELINE_001_20260921/WHOLE_TRACK_SOURCE_STATES.csv,7d5ced889b068c5328afd81b1ff02d04b682639aa4f47410e45e21f689bf2547
183,67.1288888888889,172.26562500000261,SELECTED,F_MIX_00341,67.1288888888889,BASS_AND_DRUM_SUPPORTED,0E-13,0E-13,False,[],1,0,"{""BASS_AND_DRUM_SUPPORTED"": 0, ""BASS_SUPPORTED"": 0, ""CONFLICTING_EVIDENCE"": 0, ""DRUM_SUPPORTED"": 0, ""UNKNOWN"": 0}",181,67.12619665340334,2.69223548556000,/Users/StarTrack/Development/JazzGrooveAnalyzer/docs/scientific/rfc/JGA_WHOLE_TRACK_GROOVE_FROZEN_PIPELINE_001_20260921/WHOLE_TRACK_SOURCE_STATES.csv,7d5ced889b068c5328afd81b1ff02d04b682639aa4f47410e45e21f689bf2547
184,67.47718820861678,161.49902343750287,SELECTED,F_MIX_00343,67.5004081632653,DRUM_SUPPORTED,23.21995464852000,23.21995464852000,False,[],2,1,"{""BASS_AND_DRUM_SUPPORTED"": 0, ""BASS_SUPPORTED"": 0, ""CONFLICTING_EVIDENCE"": 0, ""DRUM_SUPPORTED"": 0, ""UNKNOWN"": 1}",182,67.49818501749048,2.22314577482000,/Users/StarTrack/Development/JazzGrooveAnalyzer/docs/scientific/rfc/JGA_WHOLE_TRACK_GROOVE_FROZEN_PIPELINE_001_20260921/WHOLE_TRACK_SOURCE_STATES.csv,7d5ced889b068c5328afd81b1ff02d04b682639aa4f47410e45e21f689bf2547
185,67.84870748299319,172.2656249999956,SELECTED,F_MIX_00345,67.87192743764173,DRUM_SUPPORTED,23.21995464854000,23.21995464854000,False,[],2,1,"{""BASS_AND_DRUM_SUPPORTED"": 0, ""BASS_SUPPORTED"": 0, ""CONFLICTING_EVIDENCE"": 0, ""DRUM_SUPPORTED"": 0, ""UNKNOWN"": 1}",183,67.86939177872901,2.53565891272000,/Users/StarTrack/Development/JazzGrooveAnalyzer/docs/scientific/rfc/JGA_WHOLE_TRACK_GROOVE_FROZEN_PIPELINE_001_20260921/WHOLE_TRACK_SOURCE_STATES.csv,7d5ced889b068c5328afd81b1ff02d04b682639aa4f47410e45e21f689bf2547
186,68.19700680272109,161.49902343750287,SELECTED,F_MIX_00347,68.20861678004535,DRUM_SUPPORTED,11.60997732426000,11.60997732426000,False,[],3,2,"{""BASS_AND_DRUM_SUPPORTED"": 0, ""BASS_SUPPORTED"": 0, ""CONFLICTING_EVIDENCE"": 0, ""DRUM_SUPPORTED"": 1, ""UNKNOWN"": 1}",184,68.2407023536396,-32.08557359425000,/Users/StarTrack/Development/JazzGrooveAnalyzer/docs/scientific/rfc/JGA_WHOLE_TRACK_GROOVE_FROZEN_PIPELINE_001_20260921/WHOLE_TRACK_SOURCE_STATES.csv,7d5ced889b068c5328afd81b1ff02d04b682639aa4f47410e45e21f689bf2547
187,68.5685260770975,172.2656249999956,SELECTED,F_MIX_00350,68.59174603174603,BASS_AND_DRUM_SUPPORTED,23.21995464853000,23.21995464853000,False,[],2,1,"{""BASS_AND_DRUM_SUPPORTED"": 0, ""BASS_SUPPORTED"": 0, ""CONFLICTING_EVIDENCE"": 0, ""DRUM_SUPPORTED"": 0, ""UNKNOWN"": 1}",185,68.61329456947183,-21.54853772580000,/Users/StarTrack/Development/JazzGrooveAnalyzer/docs/scientific/rfc/JGA_WHOLE_TRACK_GROOVE_FROZEN_PIPELINE_001_20260921/WHOLE_TRACK_SOURCE_STATES.csv,7d5ced889b068c5328afd81b1ff02d04b682639aa4f47410e45e21f689bf2547
188,68.9168253968254,161.49902343750287,SELECTED,F_MIX_00352,68.98648526077098,UNKNOWN,69.65986394558000,69.65986394558000,False,[],2,1,"{""BASS_AND_DRUM_SUPPORTED"": 0, ""BASS_SUPPORTED"": 0, ""CONFLICTING_EVIDENCE"": 0, ""DRUM_SUPPORTED"": 1, ""UNKNOWN"": 0}",186,68.98704026213353,-0.55500136255000,/Users/StarTrack/Development/JazzGrooveAnalyzer/docs/scientific/rfc/JGA_WHOLE_TRACK_GROOVE_FROZEN_PIPELINE_001_20260921/WHOLE_TRACK_SOURCE_STATES.csv,7d5ced889b068c5328afd81b1ff02d04b682639aa4f47410e45e21f689bf2547
189,69.28834467120181,172.26562500000261,SELECTED,F_MIX_00353,69.29995464852608,BASS_AND_DRUM_SUPPORTED,11.60997732427000,11.60997732427000,False,[],1,0,"{""BASS_AND_DRUM_SUPPORTED"": 0, ""BASS_SUPPORTED"": 0, ""CONFLICTING_EVIDENCE"": 0, ""DRUM_SUPPORTED"": 0, ""UNKNOWN"": 0}",187,69.36063587532499,-60.68122679891000,/Users/StarTrack/Development/JazzGrooveAnalyzer/docs/scientific/rfc/JGA_WHOLE_TRACK_GROOVE_FROZEN_PIPELINE_001_20260921/WHOLE_TRACK_SOURCE_STATES.csv,7d5ced889b068c5328afd81b1ff02d04b682639aa4f47410e45e21f689bf2547
190,69.6366439909297,172.2656249999956,SELECTED,F_MIX_00355,69.64825396825397,DRUM_SUPPORTED,11.60997732427000,11.60997732427000,False,[],2,1,"{""BASS_AND_DRUM_SUPPORTED"": 0, ""BASS_SUPPORTED"": 0, ""CONFLICTING_EVIDENCE"": 0, ""DRUM_SUPPORTED"": 0, ""UNKNOWN"": 1}",188,69.73528462560999,-87.03065735602000,/Users/StarTrack/Development/JazzGrooveAnalyzer/docs/scientific/rfc/JGA_WHOLE_TRACK_GROOVE_FROZEN_PIPELINE_001_20260921/WHOLE_TRACK_SOURCE_STATES.csv,7d5ced889b068c5328afd81b1ff02d04b682639aa4f47410e45e21f689bf2547
191,69.9849433106576,161.49902343750287,SELECTED,F_MIX_00357,70.01977324263038,DRUM_SUPPORTED,34.82993197278000,34.82993197278000,False,[],2,1,"{""BASS_AND_DRUM_SUPPORTED"": 0, ""BASS_SUPPORTED"": 0, ""CONFLICTING_EVIDENCE"": 0, ""DRUM_SUPPORTED"": 0, ""UNKNOWN"": 1}",189,70.10969299066241,-89.91974803203000,/Users/StarTrack/Development/JazzGrooveAnalyzer/docs/scientific/rfc/JGA_WHOLE_TRACK_GROOVE_FROZEN_PIPELINE_001_20260921/WHOLE_TRACK_SOURCE_STATES.csv,7d5ced889b068c5328afd81b1ff02d04b682639aa4f47410e45e21f689bf2547
192,70.35646258503401,172.2656249999956,SELECTED,F_MIX_00359,70.37968253968253,DRUM_SUPPORTED,23.21995464852000,23.21995464852000,False,[],2,1,"{""BASS_AND_DRUM_SUPPORTED"": 0, ""BASS_SUPPORTED"": 0, ""CONFLICTING_EVIDENCE"": 0, ""DRUM_SUPPORTED"": 0, ""UNKNOWN"": 1}",190,70.48507321762229,-105.39067793976000,/Users/StarTrack/Development/JazzGrooveAnalyzer/docs/scientific/rfc/JGA_WHOLE_TRACK_GROOVE_FROZEN_PIPELINE_001_20260921/WHOLE_TRACK_SOURCE_STATES.csv,7d5ced889b068c5328afd81b1ff02d04b682639aa4f47410e45e21f689bf2547
193,70.70476190476191,161.49902343750287,SELECTED,F_MIX_00361,70.75120181405896,DRUM_SUPPORTED,46.43990929705000,46.43990929705000,False,[],2,1,"{""BASS_AND_DRUM_SUPPORTED"": 0, ""BASS_SUPPORTED"": 0, ""CONFLICTING_EVIDENCE"": 0, ""DRUM_SUPPORTED"": 1, ""UNKNOWN"": 0}",191,70.8601399116821,-108.93809762314000,/Users/StarTrack/Development/JazzGrooveAnalyzer/docs/scientific/rfc/JGA_WHOLE_TRACK_GROOVE_FROZEN_PIPELINE_001_20260921/WHOLE_TRACK_SOURCE_STATES.csv,7d5ced889b068c5328afd81b1ff02d04b682639aa4f47410e45e21f689bf2547
194,71.07628117913832,172.2656249999956,SELECTED,F_MIX_00363,71.1459410430839,UNKNOWN,69.65986394558000,69.65986394558000,False,[],2,1,"{""BASS_AND_DRUM_SUPPORTED"": 0, ""BASS_SUPPORTED"": 0, ""CONFLICTING_EVIDENCE"": 0, ""DRUM_SUPPORTED"": 1, ""UNKNOWN"": 0}",192,71.23611263474862,-90.17159166472000,/Users/StarTrack/Development/JazzGrooveAnalyzer/docs/scientific/rfc/JGA_WHOLE_TRACK_GROOVE_FROZEN_PIPELINE_001_20260921/WHOLE_TRACK_SOURCE_STATES.csv,7d5ced889b068c5328afd81b1ff02d04b682639aa4f47410e45e21f689bf2547
195,71.42458049886622,161.49902343750287,SELECTED,F_MIX_00364,71.40136054421768,UNKNOWN,-23.21995464854000,23.21995464854000,False,[],2,1,"{""BASS_AND_DRUM_SUPPORTED"": 0, ""BASS_SUPPORTED"": 0, ""CONFLICTING_EVIDENCE"": 0, ""DRUM_SUPPORTED"": 1, ""UNKNOWN"": 0}",192,71.23611263474862,165.24790946906000,/Users/StarTrack/Development/JazzGrooveAnalyzer/docs/scientific/rfc/JGA_WHOLE_TRACK_GROOVE_FROZEN_PIPELINE_001_20260921/WHOLE_TRACK_SOURCE_STATES.csv,7d5ced889b068c5328afd81b1ff02d04b682639aa4f47410e45e21f689bf2547
196,71.79609977324263,172.26562500000261,SELECTED,F_MIX_00367,71.81931972789116,DRUM_SUPPORTED,23.21995464853000,23.21995464853000,False,[],2,1,"{""BASS_AND_DRUM_SUPPORTED"": 0, ""BASS_SUPPORTED"": 0, ""CONFLICTING_EVIDENCE"": 0, ""DRUM_SUPPORTED"": 1, ""UNKNOWN"": 0}",194,71.9904228165892,-171.10308869804000,/Users/StarTrack/Development/JazzGrooveAnalyzer/docs/scientific/rfc/JGA_WHOLE_TRACK_GROOVE_FROZEN_PIPELINE_001_20260921/WHOLE_TRACK_SOURCE_STATES.csv,7d5ced889b068c5328afd81b1ff02d04b682639aa4f47410e45e21f689bf2547
197,72.14439909297052,161.4990234374967,SELECTED,F_MIX_00368,72.09795918367347,UNKNOWN,-46.43990929705000,46.43990929705000,False,[],2,1,"{""BASS_AND_DRUM_SUPPORTED"": 0, ""BASS_SUPPORTED"": 0, ""CONFLICTING_EVIDENCE"": 0, ""DRUM_SUPPORTED"": 1, ""UNKNOWN"": 0}",194,71.9904228165892,107.53636708427000,/Users/StarTrack/Development/JazzGrooveAnalyzer/docs/scientific/rfc/JGA_WHOLE_TRACK_GROOVE_FROZEN_PIPELINE_001_20260921/WHOLE_TRACK_SOURCE_STATES.csv,7d5ced889b068c5328afd81b1ff02d04b682639aa4f47410e45e21f689bf2547
198,72.51591836734694,172.26562500000261,SELECTED,F_MIX_00371,72.53913832199547,DRUM_SUPPORTED,23.21995464853000,23.21995464853000,False,[],2,1,"{""BASS_AND_DRUM_SUPPORTED"": 0, ""BASS_SUPPORTED"": 0, ""CONFLICTING_EVIDENCE"": 0, ""DRUM_SUPPORTED"": 1, ""UNKNOWN"": 0}",195,72.36860534440311,170.53297759236000,/Users/StarTrack/Development/JazzGrooveAnalyzer/docs/scientific/rfc/JGA_WHOLE_TRACK_GROOVE_FROZEN_PIPELINE_001_20260921/WHOLE_TRACK_SOURCE_STATES.csv,7d5ced889b068c5328afd81b1ff02d04b682639aa4f47410e45e21f689bf2547
199,72.86421768707483,161.4990234374967,SELECTED,F_MIX_00372,72.89904761904762,DRUM_SUPPORTED,34.82993197279000,34.82993197279000,False,[],1,0,"{""BASS_AND_DRUM_SUPPORTED"": 0, ""BASS_SUPPORTED"": 0, ""CONFLICTING_EVIDENCE"": 0, ""DRUM_SUPPORTED"": 0, ""UNKNOWN"": 0}",196,72.74619410923154,152.85350981608000,/Users/StarTrack/Development/JazzGrooveAnalyzer/docs/scientific/rfc/JGA_WHOLE_TRACK_GROOVE_FROZEN_PIPELINE_001_20260921/WHOLE_TRACK_SOURCE_STATES.csv,7d5ced889b068c5328afd81b1ff02d04b682639aa4f47410e45e21f689bf2547
200,73.23573696145125,161.49902343750287,SELECTED,F_MIX_00374,73.27056689342403,DRUM_SUPPORTED,34.82993197278000,34.82993197278000,False,[],2,1,"{""BASS_AND_DRUM_SUPPORTED"": 0, ""BASS_SUPPORTED"": 0, ""CONFLICTING_EVIDENCE"": 0, ""DRUM_SUPPORTED"": 1, ""UNKNOWN"": 0}",197,73.12294009735038,147.62679607365000,/Users/StarTrack/Development/JazzGrooveAnalyzer/docs/scientific/rfc/JGA_WHOLE_TRACK_GROOVE_FROZEN_PIPELINE_001_20260921/WHOLE_TRACK_SOURCE_STATES.csv,7d5ced889b068c5328afd81b1ff02d04b682639aa4f47410e45e21f689bf2547
201,73.60725623582766,172.26562500000261,SELECTED,F_MIX_00375,73.60725623582766,DRUM_SUPPORTED,0E-14,0E-14,False,[],2,1,"{""BASS_AND_DRUM_SUPPORTED"": 0, ""BASS_SUPPORTED"": 0, ""CONFLICTING_EVIDENCE"": 0, ""DRUM_SUPPORTED"": 1, ""UNKNOWN"": 0}",198,73.49892758643057,108.32864939709000,/Users/StarTrack/Development/JazzGrooveAnalyzer/docs/scientific/rfc/JGA_WHOLE_TRACK_GROOVE_FROZEN_PIPELINE_001_20260921/WHOLE_TRACK_SOURCE_STATES.csv,7d5ced889b068c5328afd81b1ff02d04b682639aa4f47410e45e21f689bf2547
202,73.95555555555555,161.4990234374967,SELECTED,F_MIX_00377,73.88589569160997,DRUM_SUPPORTED,-69.65986394558000,69.65986394558000,False,[],1,0,"{""BASS_AND_DRUM_SUPPORTED"": 0, ""BASS_SUPPORTED"": 0, ""CONFLICTING_EVIDENCE"": 0, ""DRUM_SUPPORTED"": 0, ""UNKNOWN"": 0}",199,73.8749807256957,10.91496591427000,/Users/StarTrack/Development/JazzGrooveAnalyzer/docs/scientific/rfc/JGA_WHOLE_TRACK_GROOVE_FROZEN_PIPELINE_001_20260921/WHOLE_TRACK_SOURCE_STATES.csv,7d5ced889b068c5328afd81b1ff02d04b682639aa4f47410e45e21f689bf2547
203,74.32707482993197,172.26562500000261,SELECTED,F_MIX_00378,74.33868480725623,BASS_AND_DRUM_SUPPORTED,11.60997732426000,11.60997732426000,False,[],1,0,"{""BASS_AND_DRUM_SUPPORTED"": 0, ""BASS_SUPPORTED"": 0, ""CONFLICTING_EVIDENCE"": 0, ""DRUM_SUPPORTED"": 0, ""UNKNOWN"": 0}",200,74.25184124944704,86.84355780919000,/Users/StarTrack/Development/JazzGrooveAnalyzer/docs/scientific/rfc/JGA_WHOLE_TRACK_GROOVE_FROZEN_PIPELINE_001_20260921/WHOLE_TRACK_SOURCE_STATES.csv,7d5ced889b068c5328afd81b1ff02d04b682639aa4f47410e45e21f689bf2547
204,74.67537414965986,161.4990234374967,SELECTED,F_MIX_00379,74.64054421768708,DRUM_SUPPORTED,-34.82993197278000,34.82993197278000,False,[],2,1,"{""BASS_AND_DRUM_SUPPORTED"": 1, ""BASS_SUPPORTED"": 0, ""CONFLICTING_EVIDENCE"": 0, ""DRUM_SUPPORTED"": 0, ""UNKNOWN"": 0}",201,74.62868011991621,11.86409777087000,/Users/StarTrack/Development/JazzGrooveAnalyzer/docs/scientific/rfc/JGA_WHOLE_TRACK_GROOVE_FROZEN_PIPELINE_001_20260921/WHOLE_TRACK_SOURCE_STATES.csv,7d5ced889b068c5328afd81b1ff02d04b682639aa4f47410e45e21f689bf2547
205,75.04689342403628,172.26562500000261,SELECTED,F_MIX_00382,75.08172335600906,BASS_AND_DRUM_SUPPORTED,34.82993197278000,34.82993197278000,False,[],2,1,"{""BASS_AND_DRUM_SUPPORTED"": 0, ""BASS_SUPPORTED"": 0, ""CONFLICTING_EVIDENCE"": 0, ""DRUM_SUPPORTED"": 0, ""UNKNOWN"": 1}",202,75.00475120311171,76.97215289735000,/Users/StarTrack/Development/JazzGrooveAnalyzer/docs/scientific/rfc/JGA_WHOLE_TRACK_GROOVE_FROZEN_PIPELINE_001_20260921/WHOLE_TRACK_SOURCE_STATES.csv,7d5ced889b068c5328afd81b1ff02d04b682639aa4f47410e45e21f689bf2547
206,75.39519274376417,161.4990234374967,SELECTED,F_MIX_00384,75.43002267573696,BASS_AND_DRUM_SUPPORTED,34.82993197279000,34.82993197279000,False,[],2,1,"{""BASS_AND_DRUM_SUPPORTED"": 0, ""BASS_SUPPORTED"": 0, ""CONFLICTING_EVIDENCE"": 0, ""DRUM_SUPPORTED"": 1, ""UNKNOWN"": 0}",203,75.38087957708062,49.14309865634000,/Users/StarTrack/Development/JazzGrooveAnalyzer/docs/scientific/rfc/JGA_WHOLE_TRACK_GROOVE_FROZEN_PIPELINE_001_20260921/WHOLE_TRACK_SOURCE_STATES.csv,7d5ced889b068c5328afd81b1ff02d04b682639aa4f47410e45e21f689bf2547
207,75.7667120181406,172.26562500000261,SELECTED,F_MIX_00386,75.80154195011337,DRUM_SUPPORTED,34.82993197277000,34.82993197277000,False,[],2,1,"{""BASS_AND_DRUM_SUPPORTED"": 0, ""BASS_SUPPORTED"": 0, ""CONFLICTING_EVIDENCE"": 0, ""DRUM_SUPPORTED"": 1, ""UNKNOWN"": 0}",204,75.75780781206534,43.73413804803000,/Users/StarTrack/Development/JazzGrooveAnalyzer/docs/scientific/rfc/JGA_WHOLE_TRACK_GROOVE_FROZEN_PIPELINE_001_20260921/WHOLE_TRACK_SOURCE_STATES.csv,7d5ced889b068c5328afd81b1ff02d04b682639aa4f47410e45e21f689bf2547
208,76.11501133786848,161.49902343750287,SELECTED,F_MIX_00387,76.06857142857143,DRUM_SUPPORTED,-46.43990929705000,46.43990929705000,False,[],1,0,"{""BASS_AND_DRUM_SUPPORTED"": 0, ""BASS_SUPPORTED"": 0, ""CONFLICTING_EVIDENCE"": 0, ""DRUM_SUPPORTED"": 0, ""UNKNOWN"": 0}",205,76.13545592196428,-66.88449339285000,/Users/StarTrack/Development/JazzGrooveAnalyzer/docs/scientific/rfc/JGA_WHOLE_TRACK_GROOVE_FROZEN_PIPELINE_001_20260921/WHOLE_TRACK_SOURCE_STATES.csv,7d5ced889b068c5328afd81b1ff02d04b682639aa4f47410e45e21f689bf2547
209,76.48653061224489,172.2656249999956,SELECTED,F_MIX_00389,76.52136054421769,DRUM_SUPPORTED,34.82993197280000,34.82993197280000,False,[],2,1,"{""BASS_AND_DRUM_SUPPORTED"": 0, ""BASS_SUPPORTED"": 0, ""CONFLICTING_EVIDENCE"": 0, ""DRUM_SUPPORTED"": 0, ""UNKNOWN"": 1}",206,76.51375191928602,7.60862493167000,/Users/StarTrack/Development/JazzGrooveAnalyzer/docs/scientific/rfc/JGA_WHOLE_TRACK_GROOVE_FROZEN_PIPELINE_001_20260921/WHOLE_TRACK_SOURCE_STATES.csv,7d5ced889b068c5328afd81b1ff02d04b682639aa4f47410e45e21f689bf2547
210,76.83482993197279,172.26562500000261,SELECTED,F_MIX_00390,76.77678004535147,DRUM_SUPPORTED,-58.04988662132000,58.04988662132000,False,[],1,0,"{""BASS_AND_DRUM_SUPPORTED"": 0, ""BASS_SUPPORTED"": 0, ""CONFLICTING_EVIDENCE"": 0, ""DRUM_SUPPORTED"": 0, ""UNKNOWN"": 0}",207,76.89113441664884,-114.35437129737000,/Users/StarTrack/Development/JazzGrooveAnalyzer/docs/scientific/rfc/JGA_WHOLE_TRACK_GROOVE_FROZEN_PIPELINE_001_20260921/WHOLE_TRACK_SOURCE_STATES.csv,7d5ced889b068c5328afd81b1ff02d04b682639aa4f47410e45e21f689bf2547
211,77.18312925170068,161.4990234374967,SELECTED,F_MIX_00391,77.13668934240363,DRUM_SUPPORTED,-46.43990929705000,46.43990929705000,True,"[""F_MIX_00391"", ""F_MIX_00392""]",2,1,"{""BASS_AND_DRUM_SUPPORTED"": 0, ""BASS_SUPPORTED"": 0, ""CONFLICTING_EVIDENCE"": 0, ""DRUM_SUPPORTED"": 1, ""UNKNOWN"": 0}",208,77.26794419715519,-131.25485475156000,/Users/StarTrack/Development/JazzGrooveAnalyzer/docs/scientific/rfc/JGA_WHOLE_TRACK_GROOVE_FROZEN_PIPELINE_001_20260921/WHOLE_TRACK_SOURCE_STATES.csv,7d5ced889b068c5328afd81b1ff02d04b682639aa4f47410e45e21f689bf2547
212,77.5546485260771,172.26562500000261,SELECTED,F_MIX_00393,77.48498866213151,DRUM_SUPPORTED,-69.65986394559000,69.65986394559000,False,[],1,0,"{""BASS_AND_DRUM_SUPPORTED"": 0, ""BASS_SUPPORTED"": 0, ""CONFLICTING_EVIDENCE"": 0, ""DRUM_SUPPORTED"": 0, ""UNKNOWN"": 0}",209,77.64398909938414,-159.00043725263000,/Users/StarTrack/Development/JazzGrooveAnalyzer/docs/scientific/rfc/JGA_WHOLE_TRACK_GROOVE_FROZEN_PIPELINE_001_20260921/WHOLE_TRACK_SOURCE_STATES.csv,7d5ced889b068c5328afd81b1ff02d04b682639aa4f47410e45e21f689bf2547
213,77.90294784580499,161.4990234374967,SELECTED,F_MIX_00394,77.87972789115646,UNKNOWN,-23.21995464853000,23.21995464853000,False,[],2,1,"{""BASS_AND_DRUM_SUPPORTED"": 0, ""BASS_SUPPORTED"": 0, ""CONFLICTING_EVIDENCE"": 0, ""DRUM_SUPPORTED"": 1, ""UNKNOWN"": 0}",210,78.01959504427002,-139.86715311356000,/Users/StarTrack/Development/JazzGrooveAnalyzer/docs/scientific/rfc/JGA_WHOLE_TRACK_GROOVE_FROZEN_PIPELINE_001_20260921/WHOLE_TRACK_SOURCE_STATES.csv,7d5ced889b068c5328afd81b1ff02d04b682639aa4f47410e45e21f689bf2547
214,78.27446712018141,172.26562500000261,SELECTED,F_MIX_00397,78.3092970521542,DRUM_SUPPORTED,34.82993197279000,34.82993197279000,False,[],2,1,"{""BASS_AND_DRUM_SUPPORTED"": 0, ""BASS_SUPPORTED"": 0, ""CONFLICTING_EVIDENCE"": 0, ""DRUM_SUPPORTED"": 1, ""UNKNOWN"": 0}",211,78.39455649444055,-85.25944228635000,/Users/StarTrack/Development/JazzGrooveAnalyzer/docs/scientific/rfc/JGA_WHOLE_TRACK_GROOVE_FROZEN_PIPELINE_001_20260921/WHOLE_TRACK_SOURCE_STATES.csv,7d5ced889b068c5328afd81b1ff02d04b682639aa4f47410e45e21f689bf2547
215,78.6227664399093,172.26562500000261,SELECTED,F_MIX_00398,78.57632653061225,UNKNOWN,-46.43990929705000,46.43990929705000,False,[],2,1,"{""BASS_AND_DRUM_SUPPORTED"": 0, ""BASS_SUPPORTED"": 0, ""CONFLICTING_EVIDENCE"": 0, ""DRUM_SUPPORTED"": 1, ""UNKNOWN"": 0}",211,78.39455649444055,181.77003617170000,/Users/StarTrack/Development/JazzGrooveAnalyzer/docs/scientific/rfc/JGA_WHOLE_TRACK_GROOVE_FROZEN_PIPELINE_001_20260921/WHOLE_TRACK_SOURCE_STATES.csv,7d5ced889b068c5328afd81b1ff02d04b682639aa4f47410e45e21f689bf2547
216,78.97106575963718,161.4990234374967,SELECTED,F_MIX_00400,78.9362358276644,DRUM_SUPPORTED,-34.82993197278000,34.82993197278000,False,[],2,1,"{""BASS_AND_DRUM_SUPPORTED"": 0, ""BASS_SUPPORTED"": 0, ""CONFLICTING_EVIDENCE"": 0, ""DRUM_SUPPORTED"": 1, ""UNKNOWN"": 0}",212,78.7686884662607,167.5473614037000,/Users/StarTrack/Development/JazzGrooveAnalyzer/docs/scientific/rfc/JGA_WHOLE_TRACK_GROOVE_FROZEN_PIPELINE_001_20260921/WHOLE_TRACK_SOURCE_STATES.csv,7d5ced889b068c5328afd81b1ff02d04b682639aa4f47410e45e21f689bf2547
217,79.34258503401361,172.26562500000261,SELECTED,F_MIX_00403,79.38902494331066,DRUM_SUPPORTED,46.43990929705000,46.43990929705000,False,[],2,1,"{""BASS_AND_DRUM_SUPPORTED"": 0, ""BASS_SUPPORTED"": 0, ""CONFLICTING_EVIDENCE"": 0, ""DRUM_SUPPORTED"": 1, ""UNKNOWN"": 0}",214,79.51526139430898,-126.23645099832000,/Users/StarTrack/Development/JazzGrooveAnalyzer/docs/scientific/rfc/JGA_WHOLE_TRACK_GROOVE_FROZEN_PIPELINE_001_20260921/WHOLE_TRACK_SOURCE_STATES.csv,7d5ced889b068c5328afd81b1ff02d04b682639aa4f47410e45e21f689bf2547
218,79.6908843537415,172.26562500000261,SELECTED,F_MIX_00405,79.74893424036281,DRUM_SUPPORTED,58.04988662131000,58.04988662131000,False,[],2,1,"{""BASS_AND_DRUM_SUPPORTED"": 0, ""BASS_SUPPORTED"": 0, ""CONFLICTING_EVIDENCE"": 0, ""DRUM_SUPPORTED"": 1, ""UNKNOWN"": 0}",215,79.88732287614228,-138.38863577947000,/Users/StarTrack/Development/JazzGrooveAnalyzer/docs/scientific/rfc/JGA_WHOLE_TRACK_GROOVE_FROZEN_PIPELINE_001_20260921/WHOLE_TRACK_SOURCE_STATES.csv,7d5ced889b068c5328afd81b1ff02d04b682639aa4f47410e45e21f689bf2547
219,80.03918367346938,161.4990234374967,SELECTED,F_MIX_00406,80.0043537414966,DRUM_SUPPORTED,-34.82993197278000,34.82993197278000,False,[],2,1,"{""BASS_AND_DRUM_SUPPORTED"": 0, ""BASS_SUPPORTED"": 0, ""CONFLICTING_EVIDENCE"": 0, ""DRUM_SUPPORTED"": 1, ""UNKNOWN"": 0}",215,79.88732287614228,117.03086535432000,/Users/StarTrack/Development/JazzGrooveAnalyzer/docs/scientific/rfc/JGA_WHOLE_TRACK_GROOVE_FROZEN_PIPELINE_001_20260921/WHOLE_TRACK_SOURCE_STATES.csv,7d5ced889b068c5328afd81b1ff02d04b682639aa4f47410e45e21f689bf2547
220,80.4107029478458,161.49902343750287,SELECTED,F_MIX_00408,80.35265306122449,DRUM_SUPPORTED,-58.04988662131000,58.04988662131000,False,[],1,0,"{""BASS_AND_DRUM_SUPPORTED"": 0, ""BASS_SUPPORTED"": 0, ""CONFLICTING_EVIDENCE"": 0, ""DRUM_SUPPORTED"": 0, ""UNKNOWN"": 0}",216,80.25866347056323,93.98959066126000,/Users/StarTrack/Development/JazzGrooveAnalyzer/docs/scientific/rfc/JGA_WHOLE_TRACK_GROOVE_FROZEN_PIPELINE_001_20260921/WHOLE_TRACK_SOURCE_STATES.csv,7d5ced889b068c5328afd81b1ff02d04b682639aa4f47410e45e21f689bf2547
221,80.78222222222222,172.2656249999956,SELECTED,F_MIX_00410,80.82866213151928,BASS_AND_DRUM_SUPPORTED,46.43990929706000,46.43990929706000,False,[],2,1,"{""BASS_AND_DRUM_SUPPORTED"": 1, ""BASS_SUPPORTED"": 0, ""CONFLICTING_EVIDENCE"": 0, ""DRUM_SUPPORTED"": 0, ""UNKNOWN"": 0}",218,80.99959239495958,-170.93026344030000,/Users/StarTrack/Development/JazzGrooveAnalyzer/docs/scientific/rfc/JGA_WHOLE_TRACK_GROOVE_FROZEN_PIPELINE_001_20260921/WHOLE_TRACK_SOURCE_STATES.csv,7d5ced889b068c5328afd81b1ff02d04b682639aa4f47410e45e21f689bf2547
222,81.13052154195012,161.49902343750287,SELECTED,F_MIX_00411,81.08408163265307,DRUM_SUPPORTED,-46.43990929705000,46.43990929705000,False,[],2,1,"{""BASS_AND_DRUM_SUPPORTED"": 0, ""BASS_SUPPORTED"": 0, ""CONFLICTING_EVIDENCE"": 0, ""DRUM_SUPPORTED"": 1, ""UNKNOWN"": 0}",218,80.99959239495958,84.48923769349000,/Users/StarTrack/Development/JazzGrooveAnalyzer/docs/scientific/rfc/JGA_WHOLE_TRACK_GROOVE_FROZEN_PIPELINE_001_20260921/WHOLE_TRACK_SOURCE_STATES.csv,7d5ced889b068c5328afd81b1ff02d04b682639aa4f47410e45e21f689bf2547
223,81.50204081632653,161.4990234374967,SELECTED,F_MIX_00413,81.45560090702948,BASS_SUPPORTED,-46.43990929705000,46.43990929705000,True,"[""F_MIX_00413"", ""F_MIX_00414""]",2,1,"{""BASS_AND_DRUM_SUPPORTED"": 0, ""BASS_SUPPORTED"": 0, ""CONFLICTING_EVIDENCE"": 0, ""DRUM_SUPPORTED"": 1, ""UNKNOWN"": 0}",219,81.36916181981172,86.43908721776000,/Users/StarTrack/Development/JazzGrooveAnalyzer/docs/scientific/rfc/JGA_WHOLE_TRACK_GROOVE_FROZEN_PIPELINE_001_20260921/WHOLE_TRACK_SOURCE_STATES.csv,7d5ced889b068c5328afd81b1ff02d04b682639aa4f47410e45e21f689bf2547
224,81.87356009070295,161.49902343750287,SELECTED,F_MIX_00416,81.90839002267573,BASS_AND_DRUM_SUPPORTED,34.82993197278000,34.82993197278000,False,[],2,1,"{""BASS_AND_DRUM_SUPPORTED"": 0, ""BASS_SUPPORTED"": 0, ""CONFLICTING_EVIDENCE"": 0, ""DRUM_SUPPORTED"": 0, ""UNKNOWN"": 1}",220,81.73825956294964,170.13045972609000,/Users/StarTrack/Development/JazzGrooveAnalyzer/docs/scientific/rfc/JGA_WHOLE_TRACK_GROOVE_FROZEN_PIPELINE_001_20260921/WHOLE_TRACK_SOURCE_STATES.csv,7d5ced889b068c5328afd81b1ff02d04b682639aa4f47410e45e21f689bf2547
225,82.24507936507936,161.4990234374967,SELECTED,F_MIX_00418,82.25668934240363,DRUM_SUPPORTED,11.60997732427000,11.60997732427000,False,[],2,1,"{""BASS_AND_DRUM_SUPPORTED"": 0, ""BASS_SUPPORTED"": 0, ""CONFLICTING_EVIDENCE"": 0, ""DRUM_SUPPORTED"": 0, ""UNKNOWN"": 1}",221,82.10686476533385,149.82457706978000,/Users/StarTrack/Development/JazzGrooveAnalyzer/docs/scientific/rfc/JGA_WHOLE_TRACK_GROOVE_FROZEN_PIPELINE_001_20260921/WHOLE_TRACK_SOURCE_STATES.csv,7d5ced889b068c5328afd81b1ff02d04b682639aa4f47410e45e21f689bf2547
226,82.61659863945579,161.49902343750287,SELECTED,F_MIX_00419,82.62820861678004,DRUM_SUPPORTED,11.60997732425000,11.60997732425000,False,[],1,0,"{""BASS_AND_DRUM_SUPPORTED"": 0, ""BASS_SUPPORTED"": 0, ""CONFLICTING_EVIDENCE"": 0, ""DRUM_SUPPORTED"": 0, ""UNKNOWN"": 0}",222,82.47477724793316,153.43136884688000,/Users/StarTrack/Development/JazzGrooveAnalyzer/docs/scientific/rfc/JGA_WHOLE_TRACK_GROOVE_FROZEN_PIPELINE_001_20260921/WHOLE_TRACK_SOURCE_STATES.csv,7d5ced889b068c5328afd81b1ff02d04b682639aa4f47410e45e21f689bf2547
227,82.9881179138322,161.4990234374967,SELECTED,F_MIX_00420,82.99972789115647,UNKNOWN,11.60997732427000,11.60997732427000,False,[],1,0,"{""BASS_AND_DRUM_SUPPORTED"": 0, ""BASS_SUPPORTED"": 0, ""CONFLICTING_EVIDENCE"": 0, ""DRUM_SUPPORTED"": 0, ""UNKNOWN"": 0}",223,82.84181684961948,157.91104153699000,/Users/StarTrack/Development/JazzGrooveAnalyzer/docs/scientific/rfc/JGA_WHOLE_TRACK_GROOVE_FROZEN_PIPELINE_001_20260921/WHOLE_TRACK_SOURCE_STATES.csv,7d5ced889b068c5328afd81b1ff02d04b682639aa4f47410e45e21f689bf2547
228,83.35963718820862,161.49902343750287,SELECTED,F_MIX_00421,83.34802721088435,DRUM_SUPPORTED,-11.60997732427000,11.60997732427000,False,[],1,0,"{""BASS_AND_DRUM_SUPPORTED"": 0, ""BASS_SUPPORTED"": 0, ""CONFLICTING_EVIDENCE"": 0, ""DRUM_SUPPORTED"": 0, ""UNKNOWN"": 0}",224,83.20739512152265,140.63208936170000,/Users/StarTrack/Development/JazzGrooveAnalyzer/docs/scientific/rfc/JGA_WHOLE_TRACK_GROOVE_FROZEN_PIPELINE_001_20260921/WHOLE_TRACK_SOURCE_STATES.csv,7d5ced889b068c5328afd81b1ff02d04b682639aa4f47410e45e21f689bf2547
229,83.73115646258503,161.49902343750287,SELECTED,F_MIX_00422,83.71954648526076,DRUM_SUPPORTED,-11.60997732427000,11.60997732427000,False,[],1,0,"{""BASS_AND_DRUM_SUPPORTED"": 0, ""BASS_SUPPORTED"": 0, ""CONFLICTING_EVIDENCE"": 0, ""DRUM_SUPPORTED"": 0, ""UNKNOWN"": 0}",225,83.57215706283415,147.38942242661000,/Users/StarTrack/Development/JazzGrooveAnalyzer/docs/scientific/rfc/JGA_WHOLE_TRACK_GROOVE_FROZEN_PIPELINE_001_20260921/WHOLE_TRACK_SOURCE_STATES.csv,7d5ced889b068c5328afd81b1ff02d04b682639aa4f47410e45e21f689bf2547
230,84.10267573696144,172.2656249999956,SELECTED,F_MIX_00423,84.09106575963719,BASS_AND_DRUM_SUPPORTED,-11.60997732425000,11.60997732425000,False,[],1,0,"{""BASS_AND_DRUM_SUPPORTED"": 0, ""BASS_SUPPORTED"": 0, ""CONFLICTING_EVIDENCE"": 0, ""DRUM_SUPPORTED"": 0, ""UNKNOWN"": 0}",226,83.93618430661313,154.88145302406000,/Users/StarTrack/Development/JazzGrooveAnalyzer/docs/scientific/rfc/JGA_WHOLE_TRACK_GROOVE_FROZEN_PIPELINE_001_20260921/WHOLE_TRACK_SOURCE_STATES.csv,7d5ced889b068c5328afd81b1ff02d04b682639aa4f47410e45e21f689bf2547
231,84.45097505668934,161.49902343750287,SELECTED,F_MIX_00424,84.45097505668934,BASS_AND_DRUM_SUPPORTED,0E-14,0E-14,False,[],1,0,"{""BASS_AND_DRUM_SUPPORTED"": 0, ""BASS_SUPPORTED"": 0, ""CONFLICTING_EVIDENCE"": 0, ""DRUM_SUPPORTED"": 0, ""UNKNOWN"": 0}",227,84.29972719336115,151.24786332819000,/Users/StarTrack/Development/JazzGrooveAnalyzer/docs/scientific/rfc/JGA_WHOLE_TRACK_GROOVE_FROZEN_PIPELINE_001_20260921/WHOLE_TRACK_SOURCE_STATES.csv,7d5ced889b068c5328afd81b1ff02d04b682639aa4f47410e45e21f689bf2547
232,84.82249433106576,172.2656249999956,SELECTED,F_MIX_00426,84.82249433106576,BASS_AND_DRUM_SUPPORTED,0E-14,0E-14,False,[],2,1,"{""BASS_AND_DRUM_SUPPORTED"": 0, ""BASS_SUPPORTED"": 0, ""CONFLICTING_EVIDENCE"": 0, ""DRUM_SUPPORTED"": 0, ""UNKNOWN"": 1}",228,84.66283415878131,159.66017228445000,/Users/StarTrack/Development/JazzGrooveAnalyzer/docs/scientific/rfc/JGA_WHOLE_TRACK_GROOVE_FROZEN_PIPELINE_001_20260921/WHOLE_TRACK_SOURCE_STATES.csv,7d5ced889b068c5328afd81b1ff02d04b682639aa4f47410e45e21f689bf2547
233,85.17079365079366,161.49902343750287,SELECTED,F_MIX_00428,85.18240362811791,BASS_AND_DRUM_SUPPORTED,11.60997732425000,11.60997732425000,False,[],2,1,"{""BASS_AND_DRUM_SUPPORTED"": 0, ""BASS_SUPPORTED"": 0, ""CONFLICTING_EVIDENCE"": 0, ""DRUM_SUPPORTED"": 0, ""UNKNOWN"": 1}",229,85.0253719242581,157.03170385981000,/Users/StarTrack/Development/JazzGrooveAnalyzer/docs/scientific/rfc/JGA_WHOLE_TRACK_GROOVE_FROZEN_PIPELINE_001_20260921/WHOLE_TRACK_SOURCE_STATES.csv,7d5ced889b068c5328afd81b1ff02d04b682639aa4f47410e45e21f689bf2547
234,85.54231292517007,172.2656249999956,SELECTED,F_MIX_00430,85.53070294784581,BASS_AND_DRUM_SUPPORTED,-11.60997732426000,11.60997732426000,False,[],2,1,"{""BASS_AND_DRUM_SUPPORTED"": 0, ""BASS_SUPPORTED"": 0, ""CONFLICTING_EVIDENCE"": 0, ""DRUM_SUPPORTED"": 1, ""UNKNOWN"": 0}",230,85.38739740978585,143.30553805996000,/Users/StarTrack/Development/JazzGrooveAnalyzer/docs/scientific/rfc/JGA_WHOLE_TRACK_GROOVE_FROZEN_PIPELINE_001_20260921/WHOLE_TRACK_SOURCE_STATES.csv,7d5ced889b068c5328afd81b1ff02d04b682639aa4f47410e45e21f689bf2547
235,85.89061224489797,172.26562500000261,SELECTED,F_MIX_00432,85.90222222222222,BASS_AND_DRUM_SUPPORTED,11.60997732425000,11.60997732425000,False,[],2,1,"{""BASS_AND_DRUM_SUPPORTED"": 0, ""BASS_SUPPORTED"": 0, ""CONFLICTING_EVIDENCE"": 0, ""DRUM_SUPPORTED"": 1, ""UNKNOWN"": 0}",231,85.74896184335945,153.26037886277000,/Users/StarTrack/Development/JazzGrooveAnalyzer/docs/scientific/rfc/JGA_WHOLE_TRACK_GROOVE_FROZEN_PIPELINE_001_20260921/WHOLE_TRACK_SOURCE_STATES.csv,7d5ced889b068c5328afd81b1ff02d04b682639aa4f47410e45e21f689bf2547
236,86.23891156462585,161.49902343750287,SELECTED,F_MIX_00434,86.2505215419501,BASS_AND_DRUM_SUPPORTED,11.60997732425000,11.60997732425000,False,[],3,2,"{""BASS_AND_DRUM_SUPPORTED"": 0, ""BASS_SUPPORTED"": 0, ""CONFLICTING_EVIDENCE"": 0, ""DRUM_SUPPORTED"": 1, ""UNKNOWN"": 1}",232,86.10993445942604,140.58708252406000,/Users/StarTrack/Development/JazzGrooveAnalyzer/docs/scientific/rfc/JGA_WHOLE_TRACK_GROOVE_FROZEN_PIPELINE_001_20260921/WHOLE_TRACK_SOURCE_STATES.csv,7d5ced889b068c5328afd81b1ff02d04b682639aa4f47410e45e21f689bf2547
237,86.61043083900226,172.2656249999956,SELECTED,F_MIX_00436,86.61043083900226,BASS_AND_DRUM_SUPPORTED,0E-14,0E-14,False,[],1,0,"{""BASS_AND_DRUM_SUPPORTED"": 0, ""BASS_SUPPORTED"": 0, ""CONFLICTING_EVIDENCE"": 0, ""DRUM_SUPPORTED"": 0, ""UNKNOWN"": 0}",233,86.47005244427146,140.37839473080000,/Users/StarTrack/Development/JazzGrooveAnalyzer/docs/scientific/rfc/JGA_WHOLE_TRACK_GROOVE_FROZEN_PIPELINE_001_20260921/WHOLE_TRACK_SOURCE_STATES.csv,7d5ced889b068c5328afd81b1ff02d04b682639aa4f47410e45e21f689bf2547
238,86.95873015873016,172.26562500000261,SELECTED,F_MIX_00438,86.98195011337869,BASS_AND_DRUM_SUPPORTED,23.21995464853000,23.21995464853000,False,[],3,2,"{""BASS_AND_DRUM_SUPPORTED"": 0, ""BASS_SUPPORTED"": 0, ""CONFLICTING_EVIDENCE"": 0, ""DRUM_SUPPORTED"": 0, ""UNKNOWN"": 2}",234,86.82940126101782,152.54885236087000,/Users/StarTrack/Development/JazzGrooveAnalyzer/docs/scientific/rfc/JGA_WHOLE_TRACK_GROOVE_FROZEN_PIPELINE_001_20260921/WHOLE_TRACK_SOURCE_STATES.csv,7d5ced889b068c5328afd81b1ff02d04b682639aa4f47410e45e21f689bf2547
239,87.30702947845805,161.4990234374967,SELECTED,F_MIX_00441,87.34185941043084,DRUM_SUPPORTED,34.82993197279000,34.82993197279000,False,[],2,1,"{""BASS_AND_DRUM_SUPPORTED"": 0, ""BASS_SUPPORTED"": 0, ""CONFLICTING_EVIDENCE"": 0, ""DRUM_SUPPORTED"": 0, ""UNKNOWN"": 1}",235,87.18805782647503,153.80158395581000,/Users/StarTrack/Development/JazzGrooveAnalyzer/docs/scientific/rfc/JGA_WHOLE_TRACK_GROOVE_FROZEN_PIPELINE_001_20260921/WHOLE_TRACK_SOURCE_STATES.csv,7d5ced889b068c5328afd81b1ff02d04b682639aa4f47410e45e21f689bf2547
240,87.67854875283447,172.26562500000261,SELECTED,F_MIX_00442,87.59727891156463,DRUM_SUPPORTED,-81.26984126984000,81.26984126984000,False,[],1,0,"{""BASS_AND_DRUM_SUPPORTED"": 0, ""BASS_SUPPORTED"": 0, ""CONFLICTING_EVIDENCE"": 0, ""DRUM_SUPPORTED"": 0, ""UNKNOWN"": 0}",236,87.54609136577201,51.18754579262000,/Users/StarTrack/Development/JazzGrooveAnalyzer/docs/scientific/rfc/JGA_WHOLE_TRACK_GROOVE_FROZEN_PIPELINE_001_20260921/WHOLE_TRACK_SOURCE_STATES.csv,7d5ced889b068c5328afd81b1ff02d04b682639aa4f47410e45e21f689bf2547
241,88.02684807256236,161.49902343750287,SELECTED,F_MIX_00443,88.03845804988661,BASS_AND_DRUM_SUPPORTED,11.60997732425000,11.60997732425000,False,[],1,0,"{""BASS_AND_DRUM_SUPPORTED"": 0, ""BASS_SUPPORTED"": 0, ""CONFLICTING_EVIDENCE"": 0, ""DRUM_SUPPORTED"": 0, ""UNKNOWN"": 0}",237,87.90356418152479,134.89386836182000,/Users/StarTrack/Development/JazzGrooveAnalyzer/docs/scientific/rfc/JGA_WHOLE_TRACK_GROOVE_FROZEN_PIPELINE_001_20260921/WHOLE_TRACK_SOURCE_STATES.csv,7d5ced889b068c5328afd81b1ff02d04b682639aa4f47410e45e21f689bf2547
242,88.39836734693877,172.2656249999956,SELECTED,F_MIX_00444,88.3287074829932,UNKNOWN,-69.65986394557000,69.65986394557000,False,[],1,0,"{""BASS_AND_DRUM_SUPPORTED"": 0, ""BASS_SUPPORTED"": 0, ""CONFLICTING_EVIDENCE"": 0, ""DRUM_SUPPORTED"": 0, ""UNKNOWN"": 0}",238,88.26021035062291,68.49713237029000,/Users/StarTrack/Development/JazzGrooveAnalyzer/docs/scientific/rfc/JGA_WHOLE_TRACK_GROOVE_FROZEN_PIPELINE_001_20260921/WHOLE_TRACK_SOURCE_STATES.csv,7d5ced889b068c5328afd81b1ff02d04b682639aa4f47410e45e21f689bf2547
243,88.74666666666667,172.26562500000261,SELECTED,F_MIX_00445,88.75827664399092,BASS_AND_DRUM_SUPPORTED,11.60997732425000,11.60997732425000,False,[],1,0,"{""BASS_AND_DRUM_SUPPORTED"": 0, ""BASS_SUPPORTED"": 0, ""CONFLICTING_EVIDENCE"": 0, ""DRUM_SUPPORTED"": 0, ""UNKNOWN"": 0}",239,88.61643453319671,141.84211079421000,/Users/StarTrack/Development/JazzGrooveAnalyzer/docs/scientific/rfc/JGA_WHOLE_TRACK_GROOVE_FROZEN_PIPELINE_001_20260921/WHOLE_TRACK_SOURCE_STATES.csv,7d5ced889b068c5328afd81b1ff02d04b682639aa4f47410e45e21f689bf2547
244,89.09496598639456,161.4990234374967,SELECTED,F_MIX_00447,89.10657596371883,BASS_AND_DRUM_SUPPORTED,11.60997732427000,11.60997732427000,False,[],2,1,"{""BASS_AND_DRUM_SUPPORTED"": 0, ""BASS_SUPPORTED"": 0, ""CONFLICTING_EVIDENCE"": 0, ""DRUM_SUPPORTED"": 0, ""UNKNOWN"": 1}",240,88.97195693243377,134.61903128506000,/Users/StarTrack/Development/JazzGrooveAnalyzer/docs/scientific/rfc/JGA_WHOLE_TRACK_GROOVE_FROZEN_PIPELINE_001_20260921/WHOLE_TRACK_SOURCE_STATES.csv,7d5ced889b068c5328afd81b1ff02d04b682639aa4f47410e45e21f689bf2547
245,89.46648526077098,172.26562500000261,SELECTED,F_MIX_00448,89.47809523809524,BASS_AND_DRUM_SUPPORTED,11.60997732426000,11.60997732426000,False,[],1,0,"{""BASS_AND_DRUM_SUPPORTED"": 0, ""BASS_SUPPORTED"": 0, ""CONFLICTING_EVIDENCE"": 0, ""DRUM_SUPPORTED"": 0, ""UNKNOWN"": 0}",241,89.32684772666775,151.24751142749000,/Users/StarTrack/Development/JazzGrooveAnalyzer/docs/scientific/rfc/JGA_WHOLE_TRACK_GROOVE_FROZEN_PIPELINE_001_20260921/WHOLE_TRACK_SOURCE_STATES.csv,7d5ced889b068c5328afd81b1ff02d04b682639aa4f47410e45e21f689bf2547
246,89.81478458049887,172.26562500000261,SELECTED,F_MIX_00449,89.74512471655329,DRUM_SUPPORTED,-69.65986394558000,69.65986394558000,False,[],1,0,"{""BASS_AND_DRUM_SUPPORTED"": 0, ""BASS_SUPPORTED"": 0, ""CONFLICTING_EVIDENCE"": 0, ""DRUM_SUPPORTED"": 0, ""UNKNOWN"": 0}",242,89.68117007639897,63.95464015432000,/Users/StarTrack/Development/JazzGrooveAnalyzer/docs/scientific/rfc/JGA_WHOLE_TRACK_GROOVE_FROZEN_PIPELINE_001_20260921/WHOLE_TRACK_SOURCE_STATES.csv,7d5ced889b068c5328afd81b1ff02d04b682639aa4f47410e45e21f689bf2547
247,90.16308390022675,161.4990234374967,SELECTED,F_MIX_00450,90.16308390022675,BASS_AND_DRUM_SUPPORTED,0E-14,0E-14,False,[],1,0,"{""BASS_AND_DRUM_SUPPORTED"": 0, ""BASS_SUPPORTED"": 0, ""CONFLICTING_EVIDENCE"": 0, ""DRUM_SUPPORTED"": 0, ""UNKNOWN"": 0}",243,90.0349808260777,128.10307414905000,/Users/StarTrack/Development/JazzGrooveAnalyzer/docs/scientific/rfc/JGA_WHOLE_TRACK_GROOVE_FROZEN_PIPELINE_001_20260921/WHOLE_TRACK_SOURCE_STATES.csv,7d5ced889b068c5328afd81b1ff02d04b682639aa4f47410e45e21f689bf2547
248,90.53460317460318,172.26562500000261,SELECTED,F_MIX_00452,90.5578231292517,BASS_AND_DRUM_SUPPORTED,23.21995464852000,23.21995464852000,False,[],3,2,"{""BASS_AND_DRUM_SUPPORTED"": 0, ""BASS_SUPPORTED"": 0, ""CONFLICTING_EVIDENCE"": 0, ""DRUM_SUPPORTED"": 1, ""UNKNOWN"": 1}",244,90.3883311357092,169.4919935425000,/Users/StarTrack/Development/JazzGrooveAnalyzer/docs/scientific/rfc/JGA_WHOLE_TRACK_GROOVE_FROZEN_PIPELINE_001_20260921/WHOLE_TRACK_SOURCE_STATES.csv,7d5ced889b068c5328afd81b1ff02d04b682639aa4f47410e45e21f689bf2547
249,90.88290249433106,161.4990234374967,SELECTED,F_MIX_00455,90.90612244897959,BASS_AND_DRUM_SUPPORTED,23.21995464853000,23.21995464853000,False,[],2,1,"{""BASS_AND_DRUM_SUPPORTED"": 0, ""BASS_SUPPORTED"": 0, ""CONFLICTING_EVIDENCE"": 0, ""DRUM_SUPPORTED"": 0, ""UNKNOWN"": 1}",245,90.74126704929817,164.85539968142000,/Users/StarTrack/Development/JazzGrooveAnalyzer/docs/scientific/rfc/JGA_WHOLE_TRACK_GROOVE_FROZEN_PIPELINE_001_20260921/WHOLE_TRACK_SOURCE_STATES.csv,7d5ced889b068c5328afd81b1ff02d04b682639aa4f47410e45e21f689bf2547
250,91.25442176870749,172.26562500000261,SELECTED,F_MIX_00457,91.26603174603174,BASS_AND_DRUM_SUPPORTED,11.60997732425000,11.60997732425000,False,[],2,1,"{""BASS_AND_DRUM_SUPPORTED"": 0, ""BASS_SUPPORTED"": 0, ""CONFLICTING_EVIDENCE"": 0, ""DRUM_SUPPORTED"": 0, ""UNKNOWN"": 1}",246,91.09383000644888,172.20173958286000,/Users/StarTrack/Development/JazzGrooveAnalyzer/docs/scientific/rfc/JGA_WHOLE_TRACK_GROOVE_FROZEN_PIPELINE_001_20260921/WHOLE_TRACK_SOURCE_STATES.csv,7d5ced889b068c5328afd81b1ff02d04b682639aa4f47410e45e21f689bf2547
251,91.60272108843537,161.4990234374967,SELECTED,F_MIX_00459,91.6259410430839,BASS_AND_DRUM_SUPPORTED,23.21995464853000,23.21995464853000,False,[],2,1,"{""BASS_AND_DRUM_SUPPORTED"": 0, ""BASS_SUPPORTED"": 0, ""CONFLICTING_EVIDENCE"": 0, ""DRUM_SUPPORTED"": 0, ""UNKNOWN"": 1}",248,91.79923828675938,-173.29724367548000,/Users/StarTrack/Development/JazzGrooveAnalyzer/docs/scientific/rfc/JGA_WHOLE_TRACK_GROOVE_FROZEN_PIPELINE_001_20260921/WHOLE_TRACK_SOURCE_STATES.csv,7d5ced889b068c5328afd81b1ff02d04b682639aa4f47410e45e21f689bf2547
252,91.9742403628118,172.26562500000261,SELECTED,F_MIX_00461,91.99746031746032,DRUM_SUPPORTED,23.21995464852000,23.21995464852000,False,[],2,1,"{""BASS_AND_DRUM_SUPPORTED"": 0, ""BASS_SUPPORTED"": 0, ""CONFLICTING_EVIDENCE"": 0, ""DRUM_SUPPORTED"": 1, ""UNKNOWN"": 0}",249,92.15205400678529,-154.59368932497000,/Users/StarTrack/Development/JazzGrooveAnalyzer/docs/scientific/rfc/JGA_WHOLE_TRACK_GROOVE_FROZEN_PIPELINE_001_20260921/WHOLE_TRACK_SOURCE_STATES.csv,7d5ced889b068c5328afd81b1ff02d04b682639aa4f47410e45e21f689bf2547
253,92.32253968253968,172.26562500000261,SELECTED,F_MIX_00464,92.34575963718821,DRUM_SUPPORTED,23.21995464853000,23.21995464853000,False,[],3,2,"{""BASS_AND_DRUM_SUPPORTED"": 1, ""BASS_SUPPORTED"": 0, ""CONFLICTING_EVIDENCE"": 0, ""DRUM_SUPPORTED"": 0, ""UNKNOWN"": 1}",250,92.5048307851941,-159.07114800589000,/Users/StarTrack/Development/JazzGrooveAnalyzer/docs/scientific/rfc/JGA_WHOLE_TRACK_GROOVE_FROZEN_PIPELINE_001_20260921/WHOLE_TRACK_SOURCE_STATES.csv,7d5ced889b068c5328afd81b1ff02d04b682639aa4f47410e45e21f689bf2547
254,92.67083900226757,161.4990234374967,SELECTED,F_MIX_00465,92.63600907029479,UNKNOWN,-34.82993197278000,34.82993197278000,False,[],2,1,"{""BASS_AND_DRUM_SUPPORTED"": 1, ""BASS_SUPPORTED"": 0, ""CONFLICTING_EVIDENCE"": 0, ""DRUM_SUPPORTED"": 0, ""UNKNOWN"": 0}",250,92.5048307851941,131.17828510069000,/Users/StarTrack/Development/JazzGrooveAnalyzer/docs/scientific/rfc/JGA_WHOLE_TRACK_GROOVE_FROZEN_PIPELINE_001_20260921/WHOLE_TRACK_SOURCE_STATES.csv,7d5ced889b068c5328afd81b1ff02d04b682639aa4f47410e45e21f689bf2547
255,93.042358276644,172.26562500000261,SELECTED,F_MIX_00468,93.07718820861678,BASS_AND_DRUM_SUPPORTED,34.82993197278000,34.82993197278000,False,[],2,1,"{""BASS_AND_DRUM_SUPPORTED"": 0, ""BASS_SUPPORTED"": 0, ""CONFLICTING_EVIDENCE"": 0, ""DRUM_SUPPORTED"": 1, ""UNKNOWN"": 0}",252,93.20967091300786,-132.48270439108000,/Users/StarTrack/Development/JazzGrooveAnalyzer/docs/scientific/rfc/JGA_WHOLE_TRACK_GROOVE_FROZEN_PIPELINE_001_20260921/WHOLE_TRACK_SOURCE_STATES.csv,7d5ced889b068c5328afd81b1ff02d04b682639aa4f47410e45e21f689bf2547
256,93.39065759637188,161.4990234374967,SELECTED,F_MIX_00470,93.43709750566893,DRUM_SUPPORTED,46.43990929705000,46.43990929705000,False,[],2,1,"{""BASS_AND_DRUM_SUPPORTED"": 0, ""BASS_SUPPORTED"": 0, ""CONFLICTING_EVIDENCE"": 0, ""DRUM_SUPPORTED"": 1, ""UNKNOWN"": 0}",253,93.56209189648601,-124.99439081708000,/Users/StarTrack/Development/JazzGrooveAnalyzer/docs/scientific/rfc/JGA_WHOLE_TRACK_GROOVE_FROZEN_PIPELINE_001_20260921/WHOLE_TRACK_SOURCE_STATES.csv,7d5ced889b068c5328afd81b1ff02d04b682639aa4f47410e45e21f689bf2547
257,93.7621768707483,172.26562500000261,SELECTED,F_MIX_00472,93.79700680272109,DRUM_SUPPORTED,34.82993197279000,34.82993197279000,False,[],2,1,"{""BASS_AND_DRUM_SUPPORTED"": 0, ""BASS_SUPPORTED"": 0, ""CONFLICTING_EVIDENCE"": 0, ""DRUM_SUPPORTED"": 0, ""UNKNOWN"": 1}",254,93.91451341200184,-117.50660928075000,/Users/StarTrack/Development/JazzGrooveAnalyzer/docs/scientific/rfc/JGA_WHOLE_TRACK_GROOVE_FROZEN_PIPELINE_001_20260921/WHOLE_TRACK_SOURCE_STATES.csv,7d5ced889b068c5328afd81b1ff02d04b682639aa4f47410e45e21f689bf2547
258,94.11047619047619,161.49902343750287,SELECTED,F_MIX_00473,94.04081632653062,DRUM_SUPPORTED,-69.65986394557000,69.65986394557000,False,[],1,0,"{""BASS_AND_DRUM_SUPPORTED"": 0, ""BASS_SUPPORTED"": 0, ""CONFLICTING_EVIDENCE"": 0, ""DRUM_SUPPORTED"": 0, ""UNKNOWN"": 0}",254,93.91451341200184,126.30291452878000,/Users/StarTrack/Development/JazzGrooveAnalyzer/docs/scientific/rfc/JGA_WHOLE_TRACK_GROOVE_FROZEN_PIPELINE_001_20260921/WHOLE_TRACK_SOURCE_STATES.csv,7d5ced889b068c5328afd81b1ff02d04b682639aa4f47410e45e21f689bf2547
259,94.4819954648526,161.4990234374967,SELECTED,F_MIX_00474,94.50521541950113,BASS_AND_DRUM_SUPPORTED,23.21995464853000,23.21995464853000,False,[],1,0,"{""BASS_AND_DRUM_SUPPORTED"": 0, ""BASS_SUPPORTED"": 0, ""CONFLICTING_EVIDENCE"": 0, ""DRUM_SUPPORTED"": 0, ""UNKNOWN"": 0}",256,94.62080454366996,-115.58912416883000,/Users/StarTrack/Development/JazzGrooveAnalyzer/docs/scientific/rfc/JGA_WHOLE_TRACK_GROOVE_FROZEN_PIPELINE_001_20260921/WHOLE_TRACK_SOURCE_STATES.csv,7d5ced889b068c5328afd81b1ff02d04b682639aa4f47410e45e21f689bf2547
260,94.85351473922903,172.26562500000261,SELECTED,F_MIX_00475,94.78385487528345,DRUM_SUPPORTED,-69.65986394558000,69.65986394558000,False,[],1,0,"{""BASS_AND_DRUM_SUPPORTED"": 0, ""BASS_SUPPORTED"": 0, ""CONFLICTING_EVIDENCE"": 0, ""DRUM_SUPPORTED"": 0, ""UNKNOWN"": 0}",256,94.62080454366996,163.05033161349000,/Users/StarTrack/Development/JazzGrooveAnalyzer/docs/scientific/rfc/JGA_WHOLE_TRACK_GROOVE_FROZEN_PIPELINE_001_20260921/WHOLE_TRACK_SOURCE_STATES.csv,7d5ced889b068c5328afd81b1ff02d04b682639aa4f47410e45e21f689bf2547
261,95.20181405895691,161.4990234374967,SELECTED,F_MIX_00476,95.19020408163266,DRUM_SUPPORTED,-11.60997732425000,11.60997732425000,False,[],1,0,"{""BASS_AND_DRUM_SUPPORTED"": 0, ""BASS_SUPPORTED"": 0, ""CONFLICTING_EVIDENCE"": 0, ""DRUM_SUPPORTED"": 0, ""UNKNOWN"": 0}",258,95.32923097256605,-139.02689093339000,/Users/StarTrack/Development/JazzGrooveAnalyzer/docs/scientific/rfc/JGA_WHOLE_TRACK_GROOVE_FROZEN_PIPELINE_001_20260921/WHOLE_TRACK_SOURCE_STATES.csv,7d5ced889b068c5328afd81b1ff02d04b682639aa4f47410e45e21f689bf2547
262,95.57333333333334,172.26562500000261,SELECTED,F_MIX_00478,95.59655328798186,BASS_AND_DRUM_SUPPORTED,23.21995464852000,23.21995464852000,False,[],2,1,"{""BASS_AND_DRUM_SUPPORTED"": 0, ""BASS_SUPPORTED"": 0, ""CONFLICTING_EVIDENCE"": 0, ""DRUM_SUPPORTED"": 1, ""UNKNOWN"": 0}",259,95.68417667571198,-87.62338773012000,/Users/StarTrack/Development/JazzGrooveAnalyzer/docs/scientific/rfc/JGA_WHOLE_TRACK_GROOVE_FROZEN_PIPELINE_001_20260921/WHOLE_TRACK_SOURCE_STATES.csv,7d5ced889b068c5328afd81b1ff02d04b682639aa4f47410e45e21f689bf2547
263,95.92163265306122,161.4990234374967,SELECTED,F_MIX_00480,95.95646258503402,DRUM_SUPPORTED,34.82993197280000,34.82993197280000,False,[],2,1,"{""BASS_AND_DRUM_SUPPORTED"": 0, ""BASS_SUPPORTED"": 0, ""CONFLICTING_EVIDENCE"": 0, ""DRUM_SUPPORTED"": 0, ""UNKNOWN"": 1}",260,96.03954617589025,-83.08359085623000,/Users/StarTrack/Development/JazzGrooveAnalyzer/docs/scientific/rfc/JGA_WHOLE_TRACK_GROOVE_FROZEN_PIPELINE_001_20260921/WHOLE_TRACK_SOURCE_STATES.csv,7d5ced889b068c5328afd81b1ff02d04b682639aa4f47410e45e21f689bf2547
264,96.29315192743765,172.26562500000261,SELECTED,F_MIX_00481,96.23510204081633,DRUM_SUPPORTED,-58.04988662132000,58.04988662132000,False,[],1,0,"{""BASS_AND_DRUM_SUPPORTED"": 0, ""BASS_SUPPORTED"": 0, ""CONFLICTING_EVIDENCE"": 0, ""DRUM_SUPPORTED"": 0, ""UNKNOWN"": 0}",261,96.39529709339763,-160.19505258130000,/Users/StarTrack/Development/JazzGrooveAnalyzer/docs/scientific/rfc/JGA_WHOLE_TRACK_GROOVE_FROZEN_PIPELINE_001_20260921/WHOLE_TRACK_SOURCE_STATES.csv,7d5ced889b068c5328afd81b1ff02d04b682639aa4f47410e45e21f689bf2547
265,96.64145124716553,161.49902343750287,SELECTED,F_MIX_00482,96.60662131519274,UNKNOWN,-34.82993197279000,34.82993197279000,False,[],2,1,"{""BASS_AND_DRUM_SUPPORTED"": 1, ""BASS_SUPPORTED"": 0, ""CONFLICTING_EVIDENCE"": 0, ""DRUM_SUPPORTED"": 0, ""UNKNOWN"": 0}",262,96.75139128650122,-144.76997130848000,/Users/StarTrack/Development/JazzGrooveAnalyzer/docs/scientific/rfc/JGA_WHOLE_TRACK_GROOVE_FROZEN_PIPELINE_001_20260921/WHOLE_TRACK_SOURCE_STATES.csv,7d5ced889b068c5328afd81b1ff02d04b682639aa4f47410e45e21f689bf2547
266,97.01297052154194,172.2656249999956,SELECTED,F_MIX_00485,96.97814058956916,DRUM_SUPPORTED,-34.82993197278000,34.82993197278000,False,[],2,1,"{""BASS_AND_DRUM_SUPPORTED"": 0, ""BASS_SUPPORTED"": 0, ""CONFLICTING_EVIDENCE"": 0, ""DRUM_SUPPORTED"": 1, ""UNKNOWN"": 0}",263,97.10779442764138,-129.65383807222000,/Users/StarTrack/Development/JazzGrooveAnalyzer/docs/scientific/rfc/JGA_WHOLE_TRACK_GROOVE_FROZEN_PIPELINE_001_20260921/WHOLE_TRACK_SOURCE_STATES.csv,7d5ced889b068c5328afd81b1ff02d04b682639aa4f47410e45e21f689bf2547
267,97.36126984126984,161.49902343750287,SELECTED,F_MIX_00486,97.4077097505669,DRUM_SUPPORTED,46.43990929706000,46.43990929706000,False,[],1,0,"{""BASS_AND_DRUM_SUPPORTED"": 0, ""BASS_SUPPORTED"": 0, ""CONFLICTING_EVIDENCE"": 0, ""DRUM_SUPPORTED"": 0, ""UNKNOWN"": 0}",264,97.46447562201446,-56.76587144756000,/Users/StarTrack/Development/JazzGrooveAnalyzer/docs/scientific/rfc/JGA_WHOLE_TRACK_GROOVE_FROZEN_PIPELINE_001_20260921/WHOLE_TRACK_SOURCE_STATES.csv,7d5ced889b068c5328afd81b1ff02d04b682639aa4f47410e45e21f689bf2547
268,97.73278911564626,172.2656249999956,SELECTED,F_MIX_00487,97.69795918367348,DRUM_SUPPORTED,-34.82993197278000,34.82993197278000,False,[],1,0,"{""BASS_AND_DRUM_SUPPORTED"": 0, ""BASS_SUPPORTED"": 0, ""CONFLICTING_EVIDENCE"": 0, ""DRUM_SUPPORTED"": 0, ""UNKNOWN"": 0}",265,97.82140706429718,-123.44788062370000,/Users/StarTrack/Development/JazzGrooveAnalyzer/docs/scientific/rfc/JGA_WHOLE_TRACK_GROOVE_FROZEN_PIPELINE_001_20260921/WHOLE_TRACK_SOURCE_STATES.csv,7d5ced889b068c5328afd81b1ff02d04b682639aa4f47410e45e21f689bf2547
269,98.08108843537416,161.49902343750287,SELECTED,F_MIX_00488,98.06947845804989,UNKNOWN,-11.60997732427000,11.60997732427000,False,[],2,1,"{""BASS_AND_DRUM_SUPPORTED"": 0, ""BASS_SUPPORTED"": 0, ""CONFLICTING_EVIDENCE"": 0, ""DRUM_SUPPORTED"": 1, ""UNKNOWN"": 0}",266,98.17906259591172,-109.58413786183000,/Users/StarTrack/Development/JazzGrooveAnalyzer/docs/scientific/rfc/JGA_WHOLE_TRACK_GROOVE_FROZEN_PIPELINE_001_20260921/WHOLE_TRACK_SOURCE_STATES.csv,7d5ced889b068c5328afd81b1ff02d04b682639aa4f47410e45e21f689bf2547
270,98.45260770975057,161.4990234374967,SELECTED,F_MIX_00490,98.40616780045352,DRUM_SUPPORTED,-46.43990929705000,46.43990929705000,False,[],1,0,"{""BASS_AND_DRUM_SUPPORTED"": 0, ""BASS_SUPPORTED"": 0, ""CONFLICTING_EVIDENCE"": 0, ""DRUM_SUPPORTED"": 0, ""UNKNOWN"": 0}",267,98.53736980792489,-131.20200747137000,/Users/StarTrack/Development/JazzGrooveAnalyzer/docs/scientific/rfc/JGA_WHOLE_TRACK_GROOVE_FROZEN_PIPELINE_001_20260921/WHOLE_TRACK_SOURCE_STATES.csv,7d5ced889b068c5328afd81b1ff02d04b682639aa4f47410e45e21f689bf2547
271,98.82412698412699,172.26562500000261,SELECTED,F_MIX_00491,98.7892970521542,UNKNOWN,-34.82993197279000,34.82993197279000,False,[],2,1,"{""BASS_AND_DRUM_SUPPORTED"": 0, ""BASS_SUPPORTED"": 0, ""CONFLICTING_EVIDENCE"": 0, ""DRUM_SUPPORTED"": 1, ""UNKNOWN"": 0}",268,98.89626353229683,-106.96648014263000,/Users/StarTrack/Development/JazzGrooveAnalyzer/docs/scientific/rfc/JGA_WHOLE_TRACK_GROOVE_FROZEN_PIPELINE_001_20260921/WHOLE_TRACK_SOURCE_STATES.csv,7d5ced889b068c5328afd81b1ff02d04b682639aa4f47410e45e21f689bf2547
272,99.17242630385488,161.49902343750287,SELECTED,F_MIX_00493,99.12598639455783,DRUM_SUPPORTED,-46.43990929705000,46.43990929705000,False,[],1,0,"{""BASS_AND_DRUM_SUPPORTED"": 0, ""BASS_SUPPORTED"": 0, ""CONFLICTING_EVIDENCE"": 0, ""DRUM_SUPPORTED"": 0, ""UNKNOWN"": 0}",269,99.25568511779167,-129.69872323384000,/Users/StarTrack/Development/JazzGrooveAnalyzer/docs/scientific/rfc/JGA_WHOLE_TRACK_GROOVE_FROZEN_PIPELINE_001_20260921/WHOLE_TRACK_SOURCE_STATES.csv,7d5ced889b068c5328afd81b1ff02d04b682639aa4f47410e45e21f689bf2547
273,99.54394557823129,161.4990234374967,SELECTED,F_MIX_00495,99.57877551020408,BASS_AND_DRUM_SUPPORTED,34.82993197279000,34.82993197279000,False,[],2,1,"{""BASS_AND_DRUM_SUPPORTED"": 0, ""BASS_SUPPORTED"": 0, ""CONFLICTING_EVIDENCE"": 0, ""DRUM_SUPPORTED"": 1, ""UNKNOWN"": 0}",270,99.61558177829711,-36.80626809303000,/Users/StarTrack/Development/JazzGrooveAnalyzer/docs/scientific/rfc/JGA_WHOLE_TRACK_GROOVE_FROZEN_PIPELINE_001_20260921/WHOLE_TRACK_SOURCE_STATES.csv,7d5ced889b068c5328afd81b1ff02d04b682639aa4f47410e45e21f689bf2547
274,99.91546485260771,161.49902343750287,SELECTED,F_MIX_00497,99.93868480725624,BASS_AND_DRUM_SUPPORTED,23.21995464853000,23.21995464853000,False,[],2,1,"{""BASS_AND_DRUM_SUPPORTED"": 0, ""BASS_SUPPORTED"": 0, ""CONFLICTING_EVIDENCE"": 0, ""DRUM_SUPPORTED"": 0, ""UNKNOWN"": 1}",271,99.97565657320553,-36.97176594929000,/Users/StarTrack/Development/JazzGrooveAnalyzer/docs/scientific/rfc/JGA_WHOLE_TRACK_GROOVE_FROZEN_PIPELINE_001_20260921/WHOLE_TRACK_SOURCE_STATES.csv,7d5ced889b068c5328afd81b1ff02d04b682639aa4f47410e45e21f689bf2547
275,100.28698412698412,161.4990234374967,SELECTED,F_MIX_00500,100.29859410430839,BASS_AND_DRUM_SUPPORTED,11.60997732427000,11.60997732427000,False,[],3,2,"{""BASS_AND_DRUM_SUPPORTED"": 0, ""BASS_SUPPORTED"": 0, ""CONFLICTING_EVIDENCE"": 0, ""DRUM_SUPPORTED"": 0, ""UNKNOWN"": 2}",272,100.3361411221832,-37.54701787481000,/Users/StarTrack/Development/JazzGrooveAnalyzer/docs/scientific/rfc/JGA_WHOLE_TRACK_GROOVE_FROZEN_PIPELINE_001_20260921/WHOLE_TRACK_SOURCE_STATES.csv,7d5ced889b068c5328afd81b1ff02d04b682639aa4f47410e45e21f689bf2547
276,100.65850340136055,161.49902343750287,SELECTED,F_MIX_00502,100.68172335600907,BASS_AND_DRUM_SUPPORTED,23.21995464852000,23.21995464852000,False,[],2,1,"{""BASS_AND_DRUM_SUPPORTED"": 0, ""BASS_SUPPORTED"": 0, ""CONFLICTING_EVIDENCE"": 0, ""DRUM_SUPPORTED"": 0, ""UNKNOWN"": 1}",273,100.69699444982318,-15.27109381411000,/Users/StarTrack/Development/JazzGrooveAnalyzer/docs/scientific/rfc/JGA_WHOLE_TRACK_GROOVE_FROZEN_PIPELINE_001_20260921/WHOLE_TRACK_SOURCE_STATES.csv,7d5ced889b068c5328afd81b1ff02d04b682639aa4f47410e45e21f689bf2547
277,101.03002267573696,161.4990234374967,SELECTED,F_MIX_00504,101.05324263038548,BASS_AND_DRUM_SUPPORTED,23.21995464852000,23.21995464852000,False,[],2,1,"{""BASS_AND_DRUM_SUPPORTED"": 0, ""BASS_SUPPORTED"": 0, ""CONFLICTING_EVIDENCE"": 0, ""DRUM_SUPPORTED"": 0, ""UNKNOWN"": 1}",274,101.05817967825926,-4.93704787378000,/Users/StarTrack/Development/JazzGrooveAnalyzer/docs/scientific/rfc/JGA_WHOLE_TRACK_GROOVE_FROZEN_PIPELINE_001_20260921/WHOLE_TRACK_SOURCE_STATES.csv,7d5ced889b068c5328afd81b1ff02d04b682639aa4f47410e45e21f689bf2547
278,101.40154195011338,172.26562500000261,SELECTED,F_MIX_00505,101.3318820861678,UNKNOWN,-69.65986394558000,69.65986394558000,False,[],1,0,"{""BASS_AND_DRUM_SUPPORTED"": 0, ""BASS_SUPPORTED"": 0, ""CONFLICTING_EVIDENCE"": 0, ""DRUM_SUPPORTED"": 0, ""UNKNOWN"": 0}",275,101.4199130505184,-88.0309643506000,/Users/StarTrack/Development/JazzGrooveAnalyzer/docs/scientific/rfc/JGA_WHOLE_TRACK_GROOVE_FROZEN_PIPELINE_001_20260921/WHOLE_TRACK_SOURCE_STATES.csv,7d5ced889b068c5328afd81b1ff02d04b682639aa4f47410e45e21f689bf2547
279,101.74984126984127,161.4990234374967,SELECTED,F_MIX_00507,101.78467120181406,BASS_AND_DRUM_SUPPORTED,34.82993197279000,34.82993197279000,False,[],2,1,"{""BASS_AND_DRUM_SUPPORTED"": 0, ""BASS_SUPPORTED"": 0, ""CONFLICTING_EVIDENCE"": 0, ""DRUM_SUPPORTED"": 0, ""UNKNOWN"": 1}",276,101.78238918532487,2.28201648919000,/Users/StarTrack/Development/JazzGrooveAnalyzer/docs/scientific/rfc/JGA_WHOLE_TRACK_GROOVE_FROZEN_PIPELINE_001_20260921/WHOLE_TRACK_SOURCE_STATES.csv,7d5ced889b068c5328afd81b1ff02d04b682639aa4f47410e45e21f689bf2547
280,102.1213605442177,172.26562500000261,SELECTED,F_MIX_00508,102.0517006802721,DRUM_SUPPORTED,-69.6598639456000,69.6598639456000,False,[],1,0,"{""BASS_AND_DRUM_SUPPORTED"": 0, ""BASS_SUPPORTED"": 0, ""CONFLICTING_EVIDENCE"": 0, ""DRUM_SUPPORTED"": 0, ""UNKNOWN"": 0}",277,102.14553380642394,-93.83312615184000,/Users/StarTrack/Development/JazzGrooveAnalyzer/docs/scientific/rfc/JGA_WHOLE_TRACK_GROOVE_FROZEN_PIPELINE_001_20260921/WHOLE_TRACK_SOURCE_STATES.csv,7d5ced889b068c5328afd81b1ff02d04b682639aa4f47410e45e21f689bf2547
281,102.46965986394558,161.49902343750287,SELECTED,F_MIX_00510,102.50448979591837,DRUM_SUPPORTED,34.82993197279000,34.82993197279000,False,[],2,1,"{""BASS_AND_DRUM_SUPPORTED"": 0, ""BASS_SUPPORTED"": 0, ""CONFLICTING_EVIDENCE"": 0, ""DRUM_SUPPORTED"": 0, ""UNKNOWN"": 1}",278,102.50928006518635,-4.79026926798000,/Users/StarTrack/Development/JazzGrooveAnalyzer/docs/scientific/rfc/JGA_WHOLE_TRACK_GROOVE_FROZEN_PIPELINE_001_20260921/WHOLE_TRACK_SOURCE_STATES.csv,7d5ced889b068c5328afd81b1ff02d04b682639aa4f47410e45e21f689bf2547
282,102.84117913832199,172.2656249999956,SELECTED,F_MIX_00511,102.78312925170069,UNKNOWN,-58.04988662130000,58.04988662130000,False,[],1,0,"{""BASS_AND_DRUM_SUPPORTED"": 0, ""BASS_SUPPORTED"": 0, ""CONFLICTING_EVIDENCE"": 0, ""DRUM_SUPPORTED"": 0, ""UNKNOWN"": 0}",279,102.87356779784575,-90.43854614506000,/Users/StarTrack/Development/JazzGrooveAnalyzer/docs/scientific/rfc/JGA_WHOLE_TRACK_GROOVE_FROZEN_PIPELINE_001_20260921/WHOLE_TRACK_SOURCE_STATES.csv,7d5ced889b068c5328afd81b1ff02d04b682639aa4f47410e45e21f689bf2547
283,103.18947845804989,172.26562500000261,SELECTED,F_MIX_00512,103.22430839002267,BASS_AND_DRUM_SUPPORTED,34.82993197278000,34.82993197278000,False,[],1,0,"{""BASS_AND_DRUM_SUPPORTED"": 0, ""BASS_SUPPORTED"": 0, ""CONFLICTING_EVIDENCE"": 0, ""DRUM_SUPPORTED"": 0, ""UNKNOWN"": 0}",280,103.23809342390588,-13.78503388321000,/Users/StarTrack/Development/JazzGrooveAnalyzer/docs/scientific/rfc/JGA_WHOLE_TRACK_GROOVE_FROZEN_PIPELINE_001_20260921/WHOLE_TRACK_SOURCE_STATES.csv,7d5ced889b068c5328afd81b1ff02d04b682639aa4f47410e45e21f689bf2547
284,103.53777777777778,161.4990234374967,SELECTED,F_MIX_00513,103.49133786848073,DRUM_SUPPORTED,-46.43990929705000,46.43990929705000,True,"[""F_MIX_00513"", ""F_MIX_00514""]",2,1,"{""BASS_AND_DRUM_SUPPORTED"": 1, ""BASS_SUPPORTED"": 0, ""CONFLICTING_EVIDENCE"": 0, ""DRUM_SUPPORTED"": 0, ""UNKNOWN"": 0}",281,103.60308258713324,-111.74471865251000,/Users/StarTrack/Development/JazzGrooveAnalyzer/docs/scientific/rfc/JGA_WHOLE_TRACK_GROOVE_FROZEN_PIPELINE_001_20260921/WHOLE_TRACK_SOURCE_STATES.csv,7d5ced889b068c5328afd81b1ff02d04b682639aa4f47410e45e21f689bf2547
285,103.9092970521542,172.26562500000261,SELECTED,F_MIX_00516,103.94412698412698,BASS_AND_DRUM_SUPPORTED,34.82993197278000,34.82993197278000,False,[],2,1,"{""BASS_AND_DRUM_SUPPORTED"": 0, ""BASS_SUPPORTED"": 0, ""CONFLICTING_EVIDENCE"": 0, ""DRUM_SUPPORTED"": 0, ""UNKNOWN"": 1}",282,103.9684889338111,-24.36194968412000,/Users/StarTrack/Development/JazzGrooveAnalyzer/docs/scientific/rfc/JGA_WHOLE_TRACK_GROOVE_FROZEN_PIPELINE_001_20260921/WHOLE_TRACK_SOURCE_STATES.csv,7d5ced889b068c5328afd81b1ff02d04b682639aa4f47410e45e21f689bf2547
286,104.25759637188209,172.26562500000261,SELECTED,F_MIX_00518,104.23437641723356,UNKNOWN,-23.21995464853000,23.21995464853000,False,[],4,3,"{""BASS_AND_DRUM_SUPPORTED"": 0, ""BASS_SUPPORTED"": 0, ""CONFLICTING_EVIDENCE"": 0, ""DRUM_SUPPORTED"": 3, ""UNKNOWN"": 0}",283,104.33427074559442,-99.89432836086000,/Users/StarTrack/Development/JazzGrooveAnalyzer/docs/scientific/rfc/JGA_WHOLE_TRACK_GROOVE_FROZEN_PIPELINE_001_20260921/WHOLE_TRACK_SOURCE_STATES.csv,7d5ced889b068c5328afd81b1ff02d04b682639aa4f47410e45e21f689bf2547
287,104.60589569160997,161.4990234374967,SELECTED,F_MIX_00522,104.65233560090702,BASS_AND_DRUM_SUPPORTED,46.43990929705000,46.43990929705000,False,[],2,1,"{""BASS_AND_DRUM_SUPPORTED"": 0, ""BASS_SUPPORTED"": 0, ""CONFLICTING_EVIDENCE"": 0, ""DRUM_SUPPORTED"": 1, ""UNKNOWN"": 0}",284,104.70039047597265,-48.05487506563000,/Users/StarTrack/Development/JazzGrooveAnalyzer/docs/scientific/rfc/JGA_WHOLE_TRACK_GROOVE_FROZEN_PIPELINE_001_20260921/WHOLE_TRACK_SOURCE_STATES.csv,7d5ced889b068c5328afd81b1ff02d04b682639aa4f47410e45e21f689bf2547
288,104.9774149659864,172.26562500000261,SELECTED,F_MIX_00524,105.02385487528345,DRUM_SUPPORTED,46.43990929705000,46.43990929705000,False,[],2,1,"{""BASS_AND_DRUM_SUPPORTED"": 0, ""BASS_SUPPORTED"": 0, ""CONFLICTING_EVIDENCE"": 0, ""DRUM_SUPPORTED"": 1, ""UNKNOWN"": 0}",285,105.0668143330863,-42.95945780285000,/Users/StarTrack/Development/JazzGrooveAnalyzer/docs/scientific/rfc/JGA_WHOLE_TRACK_GROOVE_FROZEN_PIPELINE_001_20260921/WHOLE_TRACK_SOURCE_STATES.csv,7d5ced889b068c5328afd81b1ff02d04b682639aa4f47410e45e21f689bf2547
289,105.32571428571428,172.2656249999956,SELECTED,F_MIX_00525,105.27927437641723,UNKNOWN,-46.43990929705000,46.43990929705000,False,[],2,1,"{""BASS_AND_DRUM_SUPPORTED"": 0, ""BASS_SUPPORTED"": 0, ""CONFLICTING_EVIDENCE"": 0, ""DRUM_SUPPORTED"": 1, ""UNKNOWN"": 0}",286,105.43351190426182,-154.23752784459000,/Users/StarTrack/Development/JazzGrooveAnalyzer/docs/scientific/rfc/JGA_WHOLE_TRACK_GROOVE_FROZEN_PIPELINE_001_20260921/WHOLE_TRACK_SOURCE_STATES.csv,7d5ced889b068c5328afd81b1ff02d04b682639aa4f47410e45e21f689bf2547
290,105.67401360544218,161.49902343750287,SELECTED,F_MIX_00527,105.61596371882086,DRUM_SUPPORTED,-58.04988662132000,58.04988662132000,False,[],1,0,"{""BASS_AND_DRUM_SUPPORTED"": 0, ""BASS_SUPPORTED"": 0, ""CONFLICTING_EVIDENCE"": 0, ""DRUM_SUPPORTED"": 0, ""UNKNOWN"": 0}",286,105.43351190426182,182.45181455904000,/Users/StarTrack/Development/JazzGrooveAnalyzer/docs/scientific/rfc/JGA_WHOLE_TRACK_GROOVE_FROZEN_PIPELINE_001_20260921/WHOLE_TRACK_SOURCE_STATES.csv,7d5ced889b068c5328afd81b1ff02d04b682639aa4f47410e45e21f689bf2547
291,106.0455328798186,172.26562500000261,SELECTED,F_MIX_00528,106.10358276643991,DRUM_SUPPORTED,58.04988662131000,58.04988662131000,False,[],1,0,"{""BASS_AND_DRUM_SUPPORTED"": 0, ""BASS_SUPPORTED"": 0, ""CONFLICTING_EVIDENCE"": 0, ""DRUM_SUPPORTED"": 0, ""UNKNOWN"": 0}",288,106.16762144031438,-64.03867387447000,/Users/StarTrack/Development/JazzGrooveAnalyzer/docs/scientific/rfc/JGA_WHOLE_TRACK_GROOVE_FROZEN_PIPELINE_001_20260921/WHOLE_TRACK_SOURCE_STATES.csv,7d5ced889b068c5328afd81b1ff02d04b682639aa4f47410e45e21f689bf2547
292,106.39383219954648,172.2656249999956,SELECTED,F_MIX_00529,106.37061224489796,DRUM_SUPPORTED,-23.21995464852000,23.21995464852000,False,[],1,0,"{""BASS_AND_DRUM_SUPPORTED"": 0, ""BASS_SUPPORTED"": 0, ""CONFLICTING_EVIDENCE"": 0, ""DRUM_SUPPORTED"": 0, ""UNKNOWN"": 0}",289,106.53498660008682,-164.37435518886000,/Users/StarTrack/Development/JazzGrooveAnalyzer/docs/scientific/rfc/JGA_WHOLE_TRACK_GROOVE_FROZEN_PIPELINE_001_20260921/WHOLE_TRACK_SOURCE_STATES.csv,7d5ced889b068c5328afd81b1ff02d04b682639aa4f47410e45e21f689bf2547
293,106.74213151927438,161.49902343750287,SELECTED,F_MIX_00530,106.82340136054422,DRUM_SUPPORTED,81.26984126984000,81.26984126984000,False,[],1,0,"{""BASS_AND_DRUM_SUPPORTED"": 0, ""BASS_SUPPORTED"": 0, ""CONFLICTING_EVIDENCE"": 0, ""DRUM_SUPPORTED"": 0, ""UNKNOWN"": 0}",290,106.90253134365527,-79.12998311105000,/Users/StarTrack/Development/JazzGrooveAnalyzer/docs/scientific/rfc/JGA_WHOLE_TRACK_GROOVE_FROZEN_PIPELINE_001_20260921/WHOLE_TRACK_SOURCE_STATES.csv,7d5ced889b068c5328afd81b1ff02d04b682639aa4f47410e45e21f689bf2547
294,107.11365079365079,172.2656249999956,SELECTED,F_MIX_00531,107.06721088435374,DRUM_SUPPORTED,-46.43990929705000,46.43990929705000,False,[],2,1,"{""BASS_AND_DRUM_SUPPORTED"": 0, ""BASS_SUPPORTED"": 0, ""CONFLICTING_EVIDENCE"": 0, ""DRUM_SUPPORTED"": 1, ""UNKNOWN"": 0}",290,106.90253134365527,164.67954069847000,/Users/StarTrack/Development/JazzGrooveAnalyzer/docs/scientific/rfc/JGA_WHOLE_TRACK_GROOVE_FROZEN_PIPELINE_001_20260921/WHOLE_TRACK_SOURCE_STATES.csv,7d5ced889b068c5328afd81b1ff02d04b682639aa4f47410e45e21f689bf2547
295,107.46195011337869,172.26562500000261,SELECTED,F_MIX_00533,107.4271201814059,DRUM_SUPPORTED,-34.82993197279000,34.82993197279000,False,[],2,1,"{""BASS_AND_DRUM_SUPPORTED"": 0, ""BASS_SUPPORTED"": 0, ""CONFLICTING_EVIDENCE"": 0, ""DRUM_SUPPORTED"": 1, ""UNKNOWN"": 0}",291,107.27023771264011,156.88246876579000,/Users/StarTrack/Development/JazzGrooveAnalyzer/docs/scientific/rfc/JGA_WHOLE_TRACK_GROOVE_FROZEN_PIPELINE_001_20260921/WHOLE_TRACK_SOURCE_STATES.csv,7d5ced889b068c5328afd81b1ff02d04b682639aa4f47410e45e21f689bf2547
296,107.81024943310658,161.49902343750287,SELECTED,F_MIX_00535,107.76380952380953,DRUM_SUPPORTED,-46.43990929705000,46.43990929705000,False,[],2,1,"{""BASS_AND_DRUM_SUPPORTED"": 0, ""BASS_SUPPORTED"": 0, ""CONFLICTING_EVIDENCE"": 0, ""DRUM_SUPPORTED"": 1, ""UNKNOWN"": 0}",292,107.6380895444997,125.71997930983000,/Users/StarTrack/Development/JazzGrooveAnalyzer/docs/scientific/rfc/JGA_WHOLE_TRACK_GROOVE_FROZEN_PIPELINE_001_20260921/WHOLE_TRACK_SOURCE_STATES.csv,7d5ced889b068c5328afd81b1ff02d04b682639aa4f47410e45e21f689bf2547
297,108.18176870748299,172.2656249999956,SELECTED,F_MIX_00538,108.2398185941043,DRUM_SUPPORTED,58.04988662131000,58.04988662131000,False,[],2,1,"{""BASS_AND_DRUM_SUPPORTED"": 0, ""BASS_SUPPORTED"": 0, ""CONFLICTING_EVIDENCE"": 0, ""DRUM_SUPPORTED"": 1, ""UNKNOWN"": 0}",294,108.37417286632201,-134.35427221771000,/Users/StarTrack/Development/JazzGrooveAnalyzer/docs/scientific/rfc/JGA_WHOLE_TRACK_GROOVE_FROZEN_PIPELINE_001_20260921/WHOLE_TRACK_SOURCE_STATES.csv,7d5ced889b068c5328afd81b1ff02d04b682639aa4f47410e45e21f689bf2547
298,108.53006802721089,161.49902343750287,SELECTED,F_MIX_00539,108.4604081632653,DRUM_SUPPORTED,-69.65986394559000,69.65986394559000,False,[],1,0,"{""BASS_AND_DRUM_SUPPORTED"": 0, ""BASS_SUPPORTED"": 0, ""CONFLICTING_EVIDENCE"": 0, ""DRUM_SUPPORTED"": 0, ""UNKNOWN"": 0}",294,108.37417286632201,86.23529694329000,/Users/StarTrack/Development/JazzGrooveAnalyzer/docs/scientific/rfc/JGA_WHOLE_TRACK_GROOVE_FROZEN_PIPELINE_001_20260921/WHOLE_TRACK_SOURCE_STATES.csv,7d5ced889b068c5328afd81b1ff02d04b682639aa4f47410e45e21f689bf2547
299,108.9015873015873,172.2656249999956,SELECTED,F_MIX_00540,108.92480725623582,DRUM_SUPPORTED,23.21995464852000,23.21995464852000,False,[],2,1,"{""BASS_AND_DRUM_SUPPORTED"": 0, ""BASS_SUPPORTED"": 0, ""CONFLICTING_EVIDENCE"": 0, ""DRUM_SUPPORTED"": 1, ""UNKNOWN"": 0}",295,108.74237948213315,182.42777410267000,/Users/StarTrack/Development/JazzGrooveAnalyzer/docs/scientific/rfc/JGA_WHOLE_TRACK_GROOVE_FROZEN_PIPELINE_001_20260921/WHOLE_TRACK_SOURCE_STATES.csv,7d5ced889b068c5328afd81b1ff02d04b682639aa4f47410e45e21f689bf2547
300,109.2498866213152,161.49902343750287,SELECTED,F_MIX_00543,109.3079365079365,DRUM_SUPPORTED,58.0498866213000,58.0498866213000,False,[],2,1,"{""BASS_AND_DRUM_SUPPORTED"": 0, ""BASS_SUPPORTED"": 0, ""CONFLICTING_EVIDENCE"": 0, ""DRUM_SUPPORTED"": 1, ""UNKNOWN"": 0}",297,109.47906948451259,-171.13297657609000,/Users/StarTrack/Development/JazzGrooveAnalyzer/docs/scientific/rfc/JGA_WHOLE_TRACK_GROOVE_FROZEN_PIPELINE_001_20260921/WHOLE_TRACK_SOURCE_STATES.csv,7d5ced889b068c5328afd81b1ff02d04b682639aa4f47410e45e21f689bf2547
301,109.62140589569161,172.26562500000261,SELECTED,F_MIX_00544,109.6562358276644,DRUM_SUPPORTED,34.82993197279000,34.82993197279000,False,[],1,0,"{""BASS_AND_DRUM_SUPPORTED"": 0, ""BASS_SUPPORTED"": 0, ""CONFLICTING_EVIDENCE"": 0, ""DRUM_SUPPORTED"": 0, ""UNKNOWN"": 0}",297,109.47906948451259,177.16634315181000,/Users/StarTrack/Development/JazzGrooveAnalyzer/docs/scientific/rfc/JGA_WHOLE_TRACK_GROOVE_FROZEN_PIPELINE_001_20260921/WHOLE_TRACK_SOURCE_STATES.csv,7d5ced889b068c5328afd81b1ff02d04b682639aa4f47410e45e21f689bf2547
302,109.9697052154195,161.4990234374967,SELECTED,F_MIX_00545,109.91165532879819,DRUM_SUPPORTED,-58.04988662131000,58.04988662131000,False,[],1,0,"{""BASS_AND_DRUM_SUPPORTED"": 0, ""BASS_SUPPORTED"": 0, ""CONFLICTING_EVIDENCE"": 0, ""DRUM_SUPPORTED"": 0, ""UNKNOWN"": 0}",298,109.84753473782439,64.12059097380000,/Users/StarTrack/Development/JazzGrooveAnalyzer/docs/scientific/rfc/JGA_WHOLE_TRACK_GROOVE_FROZEN_PIPELINE_001_20260921/WHOLE_TRACK_SOURCE_STATES.csv,7d5ced889b068c5328afd81b1ff02d04b682639aa4f47410e45e21f689bf2547
303,110.34122448979592,172.26562500000261,SELECTED,F_MIX_00546,110.38766439909297,DRUM_SUPPORTED,46.43990929705000,46.43990929705000,False,[],1,0,"{""BASS_AND_DRUM_SUPPORTED"": 0, ""BASS_SUPPORTED"": 0, ""CONFLICTING_EVIDENCE"": 0, ""DRUM_SUPPORTED"": 0, ""UNKNOWN"": 0}",299,110.21606956557825,171.59483351472000,/Users/StarTrack/Development/JazzGrooveAnalyzer/docs/scientific/rfc/JGA_WHOLE_TRACK_GROOVE_FROZEN_PIPELINE_001_20260921/WHOLE_TRACK_SOURCE_STATES.csv,7d5ced889b068c5328afd81b1ff02d04b682639aa4f47410e45e21f689bf2547
304,110.6895238095238,161.4990234374967,SELECTED,F_MIX_00548,110.65469387755103,DRUM_SUPPORTED,-34.82993197277000,34.82993197277000,False,[],4,3,"{""BASS_AND_DRUM_SUPPORTED"": 0, ""BASS_SUPPORTED"": 0, ""CONFLICTING_EVIDENCE"": 0, ""DRUM_SUPPORTED"": 1, ""UNKNOWN"": 2}",300,110.58466701032997,70.02686722106000,/Users/StarTrack/Development/JazzGrooveAnalyzer/docs/scientific/rfc/JGA_WHOLE_TRACK_GROOVE_FROZEN_PIPELINE_001_20260921/WHOLE_TRACK_SOURCE_STATES.csv,7d5ced889b068c5328afd81b1ff02d04b682639aa4f47410e45e21f689bf2547
305,111.06104308390023,161.49902343750287,SELECTED,F_MIX_00551,110.99138321995464,DRUM_SUPPORTED,-69.65986394559000,69.65986394559000,False,[],2,1,"{""BASS_AND_DRUM_SUPPORTED"": 0, ""BASS_SUPPORTED"": 0, ""CONFLICTING_EVIDENCE"": 0, ""DRUM_SUPPORTED"": 0, ""UNKNOWN"": 1}",301,110.95332081037975,38.06240957489000,/Users/StarTrack/Development/JazzGrooveAnalyzer/docs/scientific/rfc/JGA_WHOLE_TRACK_GROOVE_FROZEN_PIPELINE_001_20260921/WHOLE_TRACK_SOURCE_STATES.csv,7d5ced889b068c5328afd81b1ff02d04b682639aa4f47410e45e21f689bf2547
306,111.43256235827664,172.2656249999956,SELECTED,F_MIX_00554,111.46739229024944,DRUM_SUPPORTED,34.82993197280000,34.82993197280000,False,[],2,1,"{""BASS_AND_DRUM_SUPPORTED"": 0, ""BASS_SUPPORTED"": 0, ""CONFLICTING_EVIDENCE"": 0, ""DRUM_SUPPORTED"": 0, ""UNKNOWN"": 1}",302,111.3220253301978,145.36696005164000,/Users/StarTrack/Development/JazzGrooveAnalyzer/docs/scientific/rfc/JGA_WHOLE_TRACK_GROOVE_FROZEN_PIPELINE_001_20260921/WHOLE_TRACK_SOURCE_STATES.csv,7d5ced889b068c5328afd81b1ff02d04b682639aa4f47410e45e21f689bf2547
307,111.78086167800454,172.26562500000261,SELECTED,F_MIX_00556,111.82730158730159,DRUM_SUPPORTED,46.43990929705000,46.43990929705000,False,[],2,1,"{""BASS_AND_DRUM_SUPPORTED"": 0, ""BASS_SUPPORTED"": 0, ""CONFLICTING_EVIDENCE"": 0, ""DRUM_SUPPORTED"": 0, ""UNKNOWN"": 1}",303,111.6907754978073,136.52608949429000,/Users/StarTrack/Development/JazzGrooveAnalyzer/docs/scientific/rfc/JGA_WHOLE_TRACK_GROOVE_FROZEN_PIPELINE_001_20260921/WHOLE_TRACK_SOURCE_STATES.csv,7d5ced889b068c5328afd81b1ff02d04b682639aa4f47410e45e21f689bf2547
308,112.12916099773243,161.49902343750287,SELECTED,F_MIX_00557,112.11755102040816,UNKNOWN,-11.60997732427000,11.60997732427000,False,[],2,1,"{""BASS_AND_DRUM_SUPPORTED"": 0, ""BASS_SUPPORTED"": 0, ""CONFLICTING_EVIDENCE"": 0, ""DRUM_SUPPORTED"": 1, ""UNKNOWN"": 0}",304,112.05956674842908,57.98427197908000,/Users/StarTrack/Development/JazzGrooveAnalyzer/docs/scientific/rfc/JGA_WHOLE_TRACK_GROOVE_FROZEN_PIPELINE_001_20260921/WHOLE_TRACK_SOURCE_STATES.csv,7d5ced889b068c5328afd81b1ff02d04b682639aa4f47410e45e21f689bf2547
309,112.50068027210884,172.2656249999956,SELECTED,F_MIX_00559,112.51229024943311,DRUM_SUPPORTED,11.60997732427000,11.60997732427000,False,[],2,1,"{""BASS_AND_DRUM_SUPPORTED"": 0, ""BASS_SUPPORTED"": 0, ""CONFLICTING_EVIDENCE"": 0, ""DRUM_SUPPORTED"": 1, ""UNKNOWN"": 0}",305,112.42839497376193,83.89527567118000,/Users/StarTrack/Development/JazzGrooveAnalyzer/docs/scientific/rfc/JGA_WHOLE_TRACK_GROOVE_FROZEN_PIPELINE_001_20260921/WHOLE_TRACK_SOURCE_STATES.csv,7d5ced889b068c5328afd81b1ff02d04b682639aa4f47410e45e21f689bf2547
310,112.84897959183674,161.49902343750287,SELECTED,F_MIX_00561,112.80253968253969,UNKNOWN,-46.43990929705000,46.43990929705000,False,[],1,0,"{""BASS_AND_DRUM_SUPPORTED"": 0, ""BASS_SUPPORTED"": 0, ""CONFLICTING_EVIDENCE"": 0, ""DRUM_SUPPORTED"": 0, ""UNKNOWN"": 0}",306,112.79725647633472,5.28320620497000,/Users/StarTrack/Development/JazzGrooveAnalyzer/docs/scientific/rfc/JGA_WHOLE_TRACK_GROOVE_FROZEN_PIPELINE_001_20260921/WHOLE_TRACK_SOURCE_STATES.csv,7d5ced889b068c5328afd81b1ff02d04b682639aa4f47410e45e21f689bf2547
311,113.22049886621315,172.2656249999956,SELECTED,F_MIX_00562,113.1740589569161,UNKNOWN,-46.43990929705000,46.43990929705000,False,[],2,1,"{""BASS_AND_DRUM_SUPPORTED"": 0, ""BASS_SUPPORTED"": 0, ""CONFLICTING_EVIDENCE"": 0, ""DRUM_SUPPORTED"": 1, ""UNKNOWN"": 0}",307,113.16614792842348,7.91102849262000,/Users/StarTrack/Development/JazzGrooveAnalyzer/docs/scientific/rfc/JGA_WHOLE_TRACK_GROOVE_FROZEN_PIPELINE_001_20260921/WHOLE_TRACK_SOURCE_STATES.csv,7d5ced889b068c5328afd81b1ff02d04b682639aa4f47410e45e21f689bf2547
312,113.56879818594105,161.49902343750287,SELECTED,F_MIX_00564,113.54557823129252,DRUM_SUPPORTED,-23.21995464853000,23.21995464853000,False,[],2,1,"{""BASS_AND_DRUM_SUPPORTED"": 0, ""BASS_SUPPORTED"": 0, ""CONFLICTING_EVIDENCE"": 0, ""DRUM_SUPPORTED"": 1, ""UNKNOWN"": 0}",308,113.53506633507662,10.51189621590000,/Users/StarTrack/Development/JazzGrooveAnalyzer/docs/scientific/rfc/JGA_WHOLE_TRACK_GROOVE_FROZEN_PIPELINE_001_20260921/WHOLE_TRACK_SOURCE_STATES.csv,7d5ced889b068c5328afd81b1ff02d04b682639aa4f47410e45e21f689bf2547
313,113.94031746031746,161.4990234374967,SELECTED,F_MIX_00566,113.90548752834466,UNKNOWN,-34.82993197280000,34.82993197280000,False,[],2,1,"{""BASS_AND_DRUM_SUPPORTED"": 0, ""BASS_SUPPORTED"": 0, ""CONFLICTING_EVIDENCE"": 0, ""DRUM_SUPPORTED"": 1, ""UNKNOWN"": 0}",309,113.90400900083769,1.47852750697000,/Users/StarTrack/Development/JazzGrooveAnalyzer/docs/scientific/rfc/JGA_WHOLE_TRACK_GROOVE_FROZEN_PIPELINE_001_20260921/WHOLE_TRACK_SOURCE_STATES.csv,7d5ced889b068c5328afd81b1ff02d04b682639aa4f47410e45e21f689bf2547
314,114.31183673469388,172.26562500000261,SELECTED,F_MIX_00568,114.2421768707483,UNKNOWN,-69.65986394558000,69.65986394558000,False,[],1,0,"{""BASS_AND_DRUM_SUPPORTED"": 0, ""BASS_SUPPORTED"": 0, ""CONFLICTING_EVIDENCE"": 0, ""DRUM_SUPPORTED"": 0, ""UNKNOWN"": 0}",310,114.27297349979588,-30.79662904758000,/Users/StarTrack/Development/JazzGrooveAnalyzer/docs/scientific/rfc/JGA_WHOLE_TRACK_GROOVE_FROZEN_PIPELINE_001_20260921/WHOLE_TRACK_SOURCE_STATES.csv,7d5ced889b068c5328afd81b1ff02d04b682639aa4f47410e45e21f689bf2547
315,114.66013605442177,161.49902343750287,SELECTED,F_MIX_00569,114.71818594104309,DRUM_SUPPORTED,58.04988662132000,58.04988662132000,False,[],1,0,"{""BASS_AND_DRUM_SUPPORTED"": 0, ""BASS_SUPPORTED"": 0, ""CONFLICTING_EVIDENCE"": 0, ""DRUM_SUPPORTED"": 0, ""UNKNOWN"": 0}",311,114.6419576486315,76.22829241159000,/Users/StarTrack/Development/JazzGrooveAnalyzer/docs/scientific/rfc/JGA_WHOLE_TRACK_GROOVE_FROZEN_PIPELINE_001_20260921/WHOLE_TRACK_SOURCE_STATES.csv,7d5ced889b068c5328afd81b1ff02d04b682639aa4f47410e45e21f689bf2547
316,115.03165532879818,161.4990234374967,SELECTED,F_MIX_00571,115.06648526077097,BASS_AND_DRUM_SUPPORTED,34.82993197279000,34.82993197279000,False,[],2,1,"{""BASS_AND_DRUM_SUPPORTED"": 0, ""BASS_SUPPORTED"": 0, ""CONFLICTING_EVIDENCE"": 0, ""DRUM_SUPPORTED"": 1, ""UNKNOWN"": 0}",312,115.01095948235681,55.52577841416000,/Users/StarTrack/Development/JazzGrooveAnalyzer/docs/scientific/rfc/JGA_WHOLE_TRACK_GROOVE_FROZEN_PIPELINE_001_20260921/WHOLE_TRACK_SOURCE_STATES.csv,7d5ced889b068c5328afd81b1ff02d04b682639aa4f47410e45e21f689bf2547
317,115.4031746031746,161.49902343750287,SELECTED,F_MIX_00572,115.43800453514739,BASS_AND_DRUM_SUPPORTED,34.82993197279000,34.82993197279000,False,[],1,0,"{""BASS_AND_DRUM_SUPPORTED"": 0, ""BASS_SUPPORTED"": 0, ""CONFLICTING_EVIDENCE"": 0, ""DRUM_SUPPORTED"": 0, ""UNKNOWN"": 0}",313,115.37997723248282,58.02730266457000,/Users/StarTrack/Development/JazzGrooveAnalyzer/docs/scientific/rfc/JGA_WHOLE_TRACK_GROOVE_FROZEN_PIPELINE_001_20260921/WHOLE_TRACK_SOURCE_STATES.csv,7d5ced889b068c5328afd81b1ff02d04b682639aa4f47410e45e21f689bf2547
318,115.77469387755102,161.4990234374967,SELECTED,F_MIX_00573,115.79791383219954,BASS_AND_DRUM_SUPPORTED,23.21995464852000,23.21995464852000,False,[],1,0,"{""BASS_AND_DRUM_SUPPORTED"": 0, ""BASS_SUPPORTED"": 0, ""CONFLICTING_EVIDENCE"": 0, ""DRUM_SUPPORTED"": 0, ""UNKNOWN"": 0}",314,115.74900930736946,48.90452483008000,/Users/StarTrack/Development/JazzGrooveAnalyzer/docs/scientific/rfc/JGA_WHOLE_TRACK_GROOVE_FROZEN_PIPELINE_001_20260921/WHOLE_TRACK_SOURCE_STATES.csv,7d5ced889b068c5328afd81b1ff02d04b682639aa4f47410e45e21f689bf2547
319,116.14621315192744,161.49902343750287,SELECTED,F_MIX_00575,116.16943310657597,DRUM_SUPPORTED,23.21995464853000,23.21995464853000,False,[],2,1,"{""BASS_AND_DRUM_SUPPORTED"": 0, ""BASS_SUPPORTED"": 0, ""CONFLICTING_EVIDENCE"": 0, ""DRUM_SUPPORTED"": 0, ""UNKNOWN"": 1}",315,116.1180542745407,51.37883203527000,/Users/StarTrack/Development/JazzGrooveAnalyzer/docs/scientific/rfc/JGA_WHOLE_TRACK_GROOVE_FROZEN_PIPELINE_001_20260921/WHOLE_TRACK_SOURCE_STATES.csv,7d5ced889b068c5328afd81b1ff02d04b682639aa4f47410e45e21f689bf2547
320,116.51773242630385,161.4990234374967,SELECTED,F_MIX_00576,116.5061224489796,BASS_AND_DRUM_SUPPORTED,-11.60997732425000,11.60997732425000,False,[],2,1,"{""BASS_AND_DRUM_SUPPORTED"": 0, ""BASS_SUPPORTED"": 0, ""CONFLICTING_EVIDENCE"": 0, ""DRUM_SUPPORTED"": 0, ""UNKNOWN"": 1}",316,116.48711084476805,19.01160421155000,/Users/StarTrack/Development/JazzGrooveAnalyzer/docs/scientific/rfc/JGA_WHOLE_TRACK_GROOVE_FROZEN_PIPELINE_001_20260921/WHOLE_TRACK_SOURCE_STATES.csv,7d5ced889b068c5328afd81b1ff02d04b682639aa4f47410e45e21f689bf2547
321,116.88925170068028,161.49902343750287,SELECTED,F_MIX_00578,116.877641723356,BASS_AND_DRUM_SUPPORTED,-11.60997732428000,11.60997732428000,False,[],1,0,"{""BASS_AND_DRUM_SUPPORTED"": 0, ""BASS_SUPPORTED"": 0, ""CONFLICTING_EVIDENCE"": 0, ""DRUM_SUPPORTED"": 0, ""UNKNOWN"": 0}",317,116.85581051080713,21.83121254887000,/Users/StarTrack/Development/JazzGrooveAnalyzer/docs/scientific/rfc/JGA_WHOLE_TRACK_GROOVE_FROZEN_PIPELINE_001_20260921/WHOLE_TRACK_SOURCE_STATES.csv,7d5ced889b068c5328afd81b1ff02d04b682639aa4f47410e45e21f689bf2547
322,117.26077097505669,161.4990234374967,SELECTED,F_MIX_00580,117.26077097505669,DRUM_SUPPORTED,0E-14,0E-14,False,[],2,1,"{""BASS_AND_DRUM_SUPPORTED"": 1, ""BASS_SUPPORTED"": 0, ""CONFLICTING_EVIDENCE"": 0, ""DRUM_SUPPORTED"": 0, ""UNKNOWN"": 0}",318,117.223821616138,36.94935891869000,/Users/StarTrack/Development/JazzGrooveAnalyzer/docs/scientific/rfc/JGA_WHOLE_TRACK_GROOVE_FROZEN_PIPELINE_001_20260921/WHOLE_TRACK_SOURCE_STATES.csv,7d5ced889b068c5328afd81b1ff02d04b682639aa4f47410e45e21f689bf2547
323,117.63229024943311,161.49902343750287,SELECTED,F_MIX_00582,117.60907029478459,DRUM_SUPPORTED,-23.21995464852000,23.21995464852000,False,[],2,1,"{""BASS_AND_DRUM_SUPPORTED"": 0, ""BASS_SUPPORTED"": 0, ""CONFLICTING_EVIDENCE"": 0, ""DRUM_SUPPORTED"": 0, ""UNKNOWN"": 1}",319,117.59102254064099,18.04775414360000,/Users/StarTrack/Development/JazzGrooveAnalyzer/docs/scientific/rfc/JGA_WHOLE_TRACK_GROOVE_FROZEN_PIPELINE_001_20260921/WHOLE_TRACK_SOURCE_STATES.csv,7d5ced889b068c5328afd81b1ff02d04b682639aa4f47410e45e21f689bf2547
324,118.00380952380952,161.4990234374967,SELECTED,F_MIX_00583,117.980589569161,BASS_AND_DRUM_SUPPORTED,-23.21995464852000,23.21995464852000,False,[],1,0,"{""BASS_AND_DRUM_SUPPORTED"": 0, ""BASS_SUPPORTED"": 0, ""CONFLICTING_EVIDENCE"": 0, ""DRUM_SUPPORTED"": 0, ""UNKNOWN"": 0}",320,117.9574943023989,23.0952667621000,/Users/StarTrack/Development/JazzGrooveAnalyzer/docs/scientific/rfc/JGA_WHOLE_TRACK_GROOVE_FROZEN_PIPELINE_001_20260921/WHOLE_TRACK_SOURCE_STATES.csv,7d5ced889b068c5328afd81b1ff02d04b682639aa4f47410e45e21f689bf2547
325,118.37532879818595,172.26562500000261,SELECTED,F_MIX_00584,118.35210884353741,BASS_AND_DRUM_SUPPORTED,-23.21995464854000,23.21995464854000,False,[],1,0,"{""BASS_AND_DRUM_SUPPORTED"": 0, ""BASS_SUPPORTED"": 0, ""CONFLICTING_EVIDENCE"": 0, ""DRUM_SUPPORTED"": 0, ""UNKNOWN"": 0}",321,118.32330981768624,28.79902585117000,/Users/StarTrack/Development/JazzGrooveAnalyzer/docs/scientific/rfc/JGA_WHOLE_TRACK_GROOVE_FROZEN_PIPELINE_001_20260921/WHOLE_TRACK_SOURCE_STATES.csv,7d5ced889b068c5328afd81b1ff02d04b682639aa4f47410e45e21f689bf2547
326,118.72362811791383,161.49902343750287,SELECTED,F_MIX_00586,118.72362811791383,BASS_AND_DRUM_SUPPORTED,0E-14,0E-14,False,[],2,1,"{""BASS_AND_DRUM_SUPPORTED"": 0, ""BASS_SUPPORTED"": 0, ""CONFLICTING_EVIDENCE"": 0, ""DRUM_SUPPORTED"": 0, ""UNKNOWN"": 1}",322,118.68853471115006,35.09340676377000,/Users/StarTrack/Development/JazzGrooveAnalyzer/docs/scientific/rfc/JGA_WHOLE_TRACK_GROOVE_FROZEN_PIPELINE_001_20260921/WHOLE_TRACK_SOURCE_STATES.csv,7d5ced889b068c5328afd81b1ff02d04b682639aa4f47410e45e21f689bf2547
327,119.09514739229024,172.2656249999956,SELECTED,F_MIX_00588,119.09514739229024,DRUM_SUPPORTED,0E-14,0E-14,False,[],2,1,"{""BASS_AND_DRUM_SUPPORTED"": 1, ""BASS_SUPPORTED"": 0, ""CONFLICTING_EVIDENCE"": 0, ""DRUM_SUPPORTED"": 0, ""UNKNOWN"": 0}",323,119.05369063000671,41.45676228353000,/Users/StarTrack/Development/JazzGrooveAnalyzer/docs/scientific/rfc/JGA_WHOLE_TRACK_GROOVE_FROZEN_PIPELINE_001_20260921/WHOLE_TRACK_SOURCE_STATES.csv,7d5ced889b068c5328afd81b1ff02d04b682639aa4f47410e45e21f689bf2547
328,119.44344671201814,161.49902343750287,SELECTED,F_MIX_00589,119.44344671201814,DRUM_SUPPORTED,0E-14,0E-14,False,[],2,1,"{""BASS_AND_DRUM_SUPPORTED"": 0, ""BASS_SUPPORTED"": 0, ""CONFLICTING_EVIDENCE"": 0, ""DRUM_SUPPORTED"": 0, ""UNKNOWN"": 1}",324,119.41878447171695,24.66224030119000,/Users/StarTrack/Development/JazzGrooveAnalyzer/docs/scientific/rfc/JGA_WHOLE_TRACK_GROOVE_FROZEN_PIPELINE_001_20260921/WHOLE_TRACK_SOURCE_STATES.csv,7d5ced889b068c5328afd81b1ff02d04b682639aa4f47410e45e21f689bf2547
329,119.81496598639455,172.2656249999956,SELECTED,F_MIX_00591,119.8033560090703,BASS_AND_DRUM_SUPPORTED,-11.60997732425000,11.60997732425000,False,[],1,0,"{""BASS_AND_DRUM_SUPPORTED"": 0, ""BASS_SUPPORTED"": 0, ""CONFLICTING_EVIDENCE"": 0, ""DRUM_SUPPORTED"": 0, ""UNKNOWN"": 0}",325,119.78382244399538,19.53356507492000,/Users/StarTrack/Development/JazzGrooveAnalyzer/docs/scientific/rfc/JGA_WHOLE_TRACK_GROOVE_FROZEN_PIPELINE_001_20260921/WHOLE_TRACK_SOURCE_STATES.csv,7d5ced889b068c5328afd81b1ff02d04b682639aa4f47410e45e21f689bf2547
330,120.16326530612245,161.49902343750287,SELECTED,F_MIX_00592,120.07038548752834,BASS_AND_DRUM_SUPPORTED,-92.87981859411000,92.87981859411000,False,[],2,1,"{""BASS_AND_DRUM_SUPPORTED"": 0, ""BASS_SUPPORTED"": 0, ""CONFLICTING_EVIDENCE"": 0, ""DRUM_SUPPORTED"": 0, ""UNKNOWN"": 1}",326,120.14881013378519,-78.42464625685000,/Users/StarTrack/Development/JazzGrooveAnalyzer/docs/scientific/rfc/JGA_WHOLE_TRACK_GROOVE_FROZEN_PIPELINE_001_20260921/WHOLE_TRACK_SOURCE_STATES.csv,7d5ced889b068c5328afd81b1ff02d04b682639aa4f47410e45e21f689bf2547
331,120.53478458049887,172.26562500000261,SELECTED,F_MIX_00594,120.52317460317461,DRUM_SUPPORTED,-11.60997732426000,11.60997732426000,False,[],1,0,"{""BASS_AND_DRUM_SUPPORTED"": 0, ""BASS_SUPPORTED"": 0, ""CONFLICTING_EVIDENCE"": 0, ""DRUM_SUPPORTED"": 0, ""UNKNOWN"": 0}",327,120.51375256933525,9.42203383936000,/Users/StarTrack/Development/JazzGrooveAnalyzer/docs/scientific/rfc/JGA_WHOLE_TRACK_GROOVE_FROZEN_PIPELINE_001_20260921/WHOLE_TRACK_SOURCE_STATES.csv,7d5ced889b068c5328afd81b1ff02d04b682639aa4f47410e45e21f689bf2547
332,120.88308390022675,161.4990234374967,SELECTED,F_MIX_00595,120.80181405895692,UNKNOWN,-81.26984126983000,81.26984126983000,False,[],1,0,"{""BASS_AND_DRUM_SUPPORTED"": 0, ""BASS_SUPPORTED"": 0, ""CONFLICTING_EVIDENCE"": 0, ""DRUM_SUPPORTED"": 0, ""UNKNOWN"": 0}",328,120.87865427606954,-76.84021711262000,/Users/StarTrack/Development/JazzGrooveAnalyzer/docs/scientific/rfc/JGA_WHOLE_TRACK_GROOVE_FROZEN_PIPELINE_001_20260921/WHOLE_TRACK_SOURCE_STATES.csv,7d5ced889b068c5328afd81b1ff02d04b682639aa4f47410e45e21f689bf2547
333,121.25460317460318,172.26562500000261,SELECTED,F_MIX_00597,121.25460317460318,BASS_AND_DRUM_SUPPORTED,0E-14,0E-14,False,[],2,1,"{""BASS_AND_DRUM_SUPPORTED"": 0, ""BASS_SUPPORTED"": 0, ""CONFLICTING_EVIDENCE"": 0, ""DRUM_SUPPORTED"": 0, ""UNKNOWN"": 1}",329,121.24351932686963,11.08384773355000,/Users/StarTrack/Development/JazzGrooveAnalyzer/docs/scientific/rfc/JGA_WHOLE_TRACK_GROOVE_FROZEN_PIPELINE_001_20260921/WHOLE_TRACK_SOURCE_STATES.csv,7d5ced889b068c5328afd81b1ff02d04b682639aa4f47410e45e21f689bf2547
334,121.60290249433106,161.4990234374967,SELECTED,F_MIX_00598,121.61451247165533,BASS_AND_DRUM_SUPPORTED,11.60997732427000,11.60997732427000,False,[],1,0,"{""BASS_AND_DRUM_SUPPORTED"": 0, ""BASS_SUPPORTED"": 0, ""CONFLICTING_EVIDENCE"": 0, ""DRUM_SUPPORTED"": 0, ""UNKNOWN"": 0}",330,121.60835138732894,6.16108432639000,/Users/StarTrack/Development/JazzGrooveAnalyzer/docs/scientific/rfc/JGA_WHOLE_TRACK_GROOVE_FROZEN_PIPELINE_001_20260921/WHOLE_TRACK_SOURCE_STATES.csv,7d5ced889b068c5328afd81b1ff02d04b682639aa4f47410e45e21f689bf2547
335,121.97442176870749,172.26562500000261,SELECTED,F_MIX_00600,121.97442176870749,BASS_AND_DRUM_SUPPORTED,0E-14,0E-14,False,[],2,1,"{""BASS_AND_DRUM_SUPPORTED"": 0, ""BASS_SUPPORTED"": 0, ""CONFLICTING_EVIDENCE"": 0, ""DRUM_SUPPORTED"": 0, ""UNKNOWN"": 1}",331,121.97315375648155,1.26801222594000,/Users/StarTrack/Development/JazzGrooveAnalyzer/docs/scientific/rfc/JGA_WHOLE_TRACK_GROOVE_FROZEN_PIPELINE_001_20260921/WHOLE_TRACK_SOURCE_STATES.csv,7d5ced889b068c5328afd81b1ff02d04b682639aa4f47410e45e21f689bf2547
336,122.32272108843537,161.4990234374967,SELECTED,F_MIX_00602,122.33433106575964,BASS_AND_DRUM_SUPPORTED,11.60997732427000,11.60997732427000,False,[],2,1,"{""BASS_AND_DRUM_SUPPORTED"": 0, ""BASS_SUPPORTED"": 0, ""CONFLICTING_EVIDENCE"": 0, ""DRUM_SUPPORTED"": 0, ""UNKNOWN"": 1}",332,122.33792940345812,-3.59833769848,/Users/StarTrack/Development/JazzGrooveAnalyzer/docs/scientific/rfc/JGA_WHOLE_TRACK_GROOVE_FROZEN_PIPELINE_001_20260921/WHOLE_TRACK_SOURCE_STATES.csv,7d5ced889b068c5328afd81b1ff02d04b682639aa4f47410e45e21f689bf2547
337,122.6942403628118,161.49902343750287,SELECTED,F_MIX_00603,122.70585034013605,BASS_AND_DRUM_SUPPORTED,11.60997732425000,11.60997732425000,False,[],1,0,"{""BASS_AND_DRUM_SUPPORTED"": 0, ""BASS_SUPPORTED"": 0, ""CONFLICTING_EVIDENCE"": 0, ""DRUM_SUPPORTED"": 0, ""UNKNOWN"": 0}",333,122.70268100047626,3.16933965979,/Users/StarTrack/Development/JazzGrooveAnalyzer/docs/scientific/rfc/JGA_WHOLE_TRACK_GROOVE_FROZEN_PIPELINE_001_20260921/WHOLE_TRACK_SOURCE_STATES.csv,7d5ced889b068c5328afd81b1ff02d04b682639aa4f47410e45e21f689bf2547
338,123.06575963718821,172.26562500000261,SELECTED,F_MIX_00604,123.05414965986395,BASS_AND_DRUM_SUPPORTED,-11.60997732426000,11.60997732426000,False,[],1,0,"{""BASS_AND_DRUM_SUPPORTED"": 0, ""BASS_SUPPORTED"": 0, ""CONFLICTING_EVIDENCE"": 0, ""DRUM_SUPPORTED"": 0, ""UNKNOWN"": 0}",334,123.06741095253182,-13.26129266787,/Users/StarTrack/Development/JazzGrooveAnalyzer/docs/scientific/rfc/JGA_WHOLE_TRACK_GROOVE_FROZEN_PIPELINE_001_20260921/WHOLE_TRACK_SOURCE_STATES.csv,7d5ced889b068c5328afd81b1ff02d04b682639aa4f47410e45e21f689bf2547
339,123.4140589569161,161.4990234374967,SELECTED,F_MIX_00606,123.42566893424036,BASS_AND_DRUM_SUPPORTED,11.60997732426000,11.60997732426000,False,[],2,1,"{""BASS_AND_DRUM_SUPPORTED"": 0, ""BASS_SUPPORTED"": 0, ""CONFLICTING_EVIDENCE"": 0, ""DRUM_SUPPORTED"": 1, ""UNKNOWN"": 0}",335,123.43212142412105,-6.45248988069,/Users/StarTrack/Development/JazzGrooveAnalyzer/docs/scientific/rfc/JGA_WHOLE_TRACK_GROOVE_FROZEN_PIPELINE_001_20260921/WHOLE_TRACK_SOURCE_STATES.csv,7d5ced889b068c5328afd81b1ff02d04b682639aa4f47410e45e21f689bf2547
340,123.78557823129252,172.26562500000261,SELECTED,F_MIX_00608,123.79718820861677,BASS_AND_DRUM_SUPPORTED,11.60997732425000,11.60997732425000,False,[],2,1,"{""BASS_AND_DRUM_SUPPORTED"": 0, ""BASS_SUPPORTED"": 0, ""CONFLICTING_EVIDENCE"": 0, ""DRUM_SUPPORTED"": 0, ""UNKNOWN"": 1}",336,123.7968143632906,0.37384532617,/Users/StarTrack/Development/JazzGrooveAnalyzer/docs/scientific/rfc/JGA_WHOLE_TRACK_GROOVE_FROZEN_PIPELINE_001_20260921/WHOLE_TRACK_SOURCE_STATES.csv,7d5ced889b068c5328afd81b1ff02d04b682639aa4f47410e45e21f689bf2547
341,124.1338775510204,161.4990234374967,SELECTED,F_MIX_00610,124.15709750566893,BASS_AND_DRUM_SUPPORTED,23.21995464853000,23.21995464853000,False,[],2,1,"{""BASS_AND_DRUM_SUPPORTED"": 0, ""BASS_SUPPORTED"": 0, ""CONFLICTING_EVIDENCE"": 0, ""DRUM_SUPPORTED"": 0, ""UNKNOWN"": 1}",337,124.16149152328241,-4.39401761348,/Users/StarTrack/Development/JazzGrooveAnalyzer/docs/scientific/rfc/JGA_WHOLE_TRACK_GROOVE_FROZEN_PIPELINE_001_20260921/WHOLE_TRACK_SOURCE_STATES.csv,7d5ced889b068c5328afd81b1ff02d04b682639aa4f47410e45e21f689bf2547
342,124.50539682539683,172.26562500000261,SELECTED,F_MIX_00612,124.52861678004535,BASS_AND_DRUM_SUPPORTED,23.21995464852000,23.21995464852000,False,[],2,1,"{""BASS_AND_DRUM_SUPPORTED"": 0, ""BASS_SUPPORTED"": 0, ""CONFLICTING_EVIDENCE"": 0, ""DRUM_SUPPORTED"": 1, ""UNKNOWN"": 0}",338,124.52569189698025,2.9248830651,/Users/StarTrack/Development/JazzGrooveAnalyzer/docs/scientific/rfc/JGA_WHOLE_TRACK_GROOVE_FROZEN_PIPELINE_001_20260921/WHOLE_TRACK_SOURCE_STATES.csv,7d5ced889b068c5328afd81b1ff02d04b682639aa4f47410e45e21f689bf2547
343,124.85369614512472,161.4990234374967,SELECTED,F_MIX_00613,124.87691609977324,BASS_AND_DRUM_SUPPORTED,23.21995464852000,23.21995464852000,False,[],1,0,"{""BASS_AND_DRUM_SUPPORTED"": 0, ""BASS_SUPPORTED"": 0, ""CONFLICTING_EVIDENCE"": 0, ""DRUM_SUPPORTED"": 0, ""UNKNOWN"": 0}",339,124.88946316301353,-12.54706324029,/Users/StarTrack/Development/JazzGrooveAnalyzer/docs/scientific/rfc/JGA_WHOLE_TRACK_GROOVE_FROZEN_PIPELINE_001_20260921/WHOLE_TRACK_SOURCE_STATES.csv,7d5ced889b068c5328afd81b1ff02d04b682639aa4f47410e45e21f689bf2547
344,125.22521541950114,172.26562500000261,SELECTED,F_MIX_00615,125.2368253968254,BASS_AND_DRUM_SUPPORTED,11.60997732426000,11.60997732426000,False,[],2,1,"{""BASS_AND_DRUM_SUPPORTED"": 0, ""BASS_SUPPORTED"": 0, ""CONFLICTING_EVIDENCE"": 0, ""DRUM_SUPPORTED"": 0, ""UNKNOWN"": 1}",340,125.25356025028928,-16.73485346388,/Users/StarTrack/Development/JazzGrooveAnalyzer/docs/scientific/rfc/JGA_WHOLE_TRACK_GROOVE_FROZEN_PIPELINE_001_20260921/WHOLE_TRACK_SOURCE_STATES.csv,7d5ced889b068c5328afd81b1ff02d04b682639aa4f47410e45e21f689bf2547
345,125.57351473922903,161.49902343750287,SELECTED,F_MIX_00616,125.58512471655328,BASS_AND_DRUM_SUPPORTED,11.60997732425000,11.60997732425000,False,[],1,0,"{""BASS_AND_DRUM_SUPPORTED"": 0, ""BASS_SUPPORTED"": 0, ""CONFLICTING_EVIDENCE"": 0, ""DRUM_SUPPORTED"": 0, ""UNKNOWN"": 0}",341,125.61866259482386,-33.53787827058,/Users/StarTrack/Development/JazzGrooveAnalyzer/docs/scientific/rfc/JGA_WHOLE_TRACK_GROOVE_FROZEN_PIPELINE_001_20260921/WHOLE_TRACK_SOURCE_STATES.csv,7d5ced889b068c5328afd81b1ff02d04b682639aa4f47410e45e21f689bf2547
346,125.94503401360544,172.2656249999956,SELECTED,F_MIX_00618,125.9914739229025,BASS_SUPPORTED,46.43990929706000,46.43990929706000,False,[],2,1,"{""BASS_AND_DRUM_SUPPORTED"": 0, ""BASS_SUPPORTED"": 0, ""CONFLICTING_EVIDENCE"": 0, ""DRUM_SUPPORTED"": 1, ""UNKNOWN"": 0}",342,125.98395765275079,7.51627015171,/Users/StarTrack/Development/JazzGrooveAnalyzer/docs/scientific/rfc/JGA_WHOLE_TRACK_GROOVE_FROZEN_PIPELINE_001_20260921/WHOLE_TRACK_SOURCE_STATES.csv,7d5ced889b068c5328afd81b1ff02d04b682639aa4f47410e45e21f689bf2547
347,126.29333333333334,161.49902343750287,SELECTED,F_MIX_00620,126.30494331065759,BASS_AND_DRUM_SUPPORTED,11.60997732425000,11.60997732425000,False,[],2,1,"{""BASS_AND_DRUM_SUPPORTED"": 0, ""BASS_SUPPORTED"": 0, ""CONFLICTING_EVIDENCE"": 0, ""DRUM_SUPPORTED"": 0, ""UNKNOWN"": 1}",343,126.35031504161971,-45.37173096212,/Users/StarTrack/Development/JazzGrooveAnalyzer/docs/scientific/rfc/JGA_WHOLE_TRACK_GROOVE_FROZEN_PIPELINE_001_20260921/WHOLE_TRACK_SOURCE_STATES.csv,7d5ced889b068c5328afd81b1ff02d04b682639aa4f47410e45e21f689bf2547
348,126.66485260770975,172.2656249999956,SELECTED,F_MIX_00621,126.65324263038549,BASS_AND_DRUM_SUPPORTED,-11.60997732426000,11.60997732426000,False,[],2,1,"{""BASS_AND_DRUM_SUPPORTED"": 0, ""BASS_SUPPORTED"": 0, ""CONFLICTING_EVIDENCE"": 0, ""DRUM_SUPPORTED"": 1, ""UNKNOWN"": 0}",344,126.71673963944754,-63.49700906205,/Users/StarTrack/Development/JazzGrooveAnalyzer/docs/scientific/rfc/JGA_WHOLE_TRACK_GROOVE_FROZEN_PIPELINE_001_20260921/WHOLE_TRACK_SOURCE_STATES.csv,7d5ced889b068c5328afd81b1ff02d04b682639aa4f47410e45e21f689bf2547
349,127.01315192743765,172.26562500000261,SELECTED,F_MIX_00624,127.0247619047619,DRUM_SUPPORTED,11.60997732425000,11.60997732425000,False,[],2,1,"{""BASS_AND_DRUM_SUPPORTED"": 0, ""BASS_SUPPORTED"": 0, ""CONFLICTING_EVIDENCE"": 0, ""DRUM_SUPPORTED"": 0, ""UNKNOWN"": 1}",345,127.08251270719781,-57.75080243591,/Users/StarTrack/Development/JazzGrooveAnalyzer/docs/scientific/rfc/JGA_WHOLE_TRACK_GROOVE_FROZEN_PIPELINE_001_20260921/WHOLE_TRACK_SOURCE_STATES.csv,7d5ced889b068c5328afd81b1ff02d04b682639aa4f47410e45e21f689bf2547
350,127.36145124716553,161.49902343750287,SELECTED,F_MIX_00626,127.39628117913833,DRUM_SUPPORTED,34.82993197280000,34.82993197280000,False,[],2,1,"{""BASS_AND_DRUM_SUPPORTED"": 0, ""BASS_SUPPORTED"": 0, ""CONFLICTING_EVIDENCE"": 0, ""DRUM_SUPPORTED"": 1, ""UNKNOWN"": 0}",346,127.44769939787827,-51.41821873994,/Users/StarTrack/Development/JazzGrooveAnalyzer/docs/scientific/rfc/JGA_WHOLE_TRACK_GROOVE_FROZEN_PIPELINE_001_20260921/WHOLE_TRACK_SOURCE_STATES.csv,7d5ced889b068c5328afd81b1ff02d04b682639aa4f47410e45e21f689bf2547
351,127.73297052154194,172.26562500000261,SELECTED,F_MIX_00628,127.74458049886621,DRUM_SUPPORTED,11.60997732427000,11.60997732427000,False,[],2,1,"{""BASS_AND_DRUM_SUPPORTED"": 0, ""BASS_SUPPORTED"": 0, ""CONFLICTING_EVIDENCE"": 0, ""DRUM_SUPPORTED"": 0, ""UNKNOWN"": 1}",347,127.81235834919589,-67.77785032968,/Users/StarTrack/Development/JazzGrooveAnalyzer/docs/scientific/rfc/JGA_WHOLE_TRACK_GROOVE_FROZEN_PIPELINE_001_20260921/WHOLE_TRACK_SOURCE_STATES.csv,7d5ced889b068c5328afd81b1ff02d04b682639aa4f47410e45e21f689bf2547
352,128.08126984126983,161.4990234374967,SELECTED,F_MIX_00630,128.1277097505669,DRUM_SUPPORTED,46.43990929707000,46.43990929707000,False,[],2,1,"{""BASS_AND_DRUM_SUPPORTED"": 0, ""BASS_SUPPORTED"": 0, ""CONFLICTING_EVIDENCE"": 0, ""DRUM_SUPPORTED"": 0, ""UNKNOWN"": 1}",348,128.17654233508696,-48.83258452006,/Users/StarTrack/Development/JazzGrooveAnalyzer/docs/scientific/rfc/JGA_WHOLE_TRACK_GROOVE_FROZEN_PIPELINE_001_20260921/WHOLE_TRACK_SOURCE_STATES.csv,7d5ced889b068c5328afd81b1ff02d04b682639aa4f47410e45e21f689bf2547
353,128.45278911564625,172.26562500000261,SELECTED,F_MIX_00632,128.4992290249433,DRUM_SUPPORTED,46.43990929705000,46.43990929705000,False,[],2,1,"{""BASS_AND_DRUM_SUPPORTED"": 0, ""BASS_SUPPORTED"": 0, ""CONFLICTING_EVIDENCE"": 0, ""DRUM_SUPPORTED"": 0, ""UNKNOWN"": 1}",349,128.54029885209414,-41.06982715084,/Users/StarTrack/Development/JazzGrooveAnalyzer/docs/scientific/rfc/JGA_WHOLE_TRACK_GROOVE_FROZEN_PIPELINE_001_20260921/WHOLE_TRACK_SOURCE_STATES.csv,7d5ced889b068c5328afd81b1ff02d04b682639aa4f47410e45e21f689bf2547
354,128.80108843537414,161.4990234374967,SELECTED,F_MIX_00633,128.74303854875282,UNKNOWN,-58.04988662132000,58.04988662132000,False,[],2,1,"{""BASS_AND_DRUM_SUPPORTED"": 0, ""BASS_SUPPORTED"": 0, ""CONFLICTING_EVIDENCE"": 0, ""DRUM_SUPPORTED"": 0, ""UNKNOWN"": 1}",350,128.90367064710583,-160.63209835301000,/Users/StarTrack/Development/JazzGrooveAnalyzer/docs/scientific/rfc/JGA_WHOLE_TRACK_GROOVE_FROZEN_PIPELINE_001_20260921/WHOLE_TRACK_SOURCE_STATES.csv,7d5ced889b068c5328afd81b1ff02d04b682639aa4f47410e45e21f689bf2547
355,129.17260770975057,172.26562500000261,SELECTED,F_MIX_00635,129.20743764172335,DRUM_SUPPORTED,34.82993197278000,34.82993197278000,False,[],2,1,"{""BASS_AND_DRUM_SUPPORTED"": 0, ""BASS_SUPPORTED"": 0, ""CONFLICTING_EVIDENCE"": 0, ""DRUM_SUPPORTED"": 0, ""UNKNOWN"": 1}",351,129.26669619232155,-59.25855059820000,/Users/StarTrack/Development/JazzGrooveAnalyzer/docs/scientific/rfc/JGA_WHOLE_TRACK_GROOVE_FROZEN_PIPELINE_001_20260921/WHOLE_TRACK_SOURCE_STATES.csv,7d5ced889b068c5328afd81b1ff02d04b682639aa4f47410e45e21f689bf2547
356,129.52090702947845,161.4990234374967,SELECTED,F_MIX_00637,129.4744671201814,DRUM_SUPPORTED,-46.43990929705000,46.43990929705000,False,[],1,0,"{""BASS_AND_DRUM_SUPPORTED"": 0, ""BASS_SUPPORTED"": 0, ""CONFLICTING_EVIDENCE"": 0, ""DRUM_SUPPORTED"": 0, ""UNKNOWN"": 0}",352,129.62941011272093,-154.94299253953000,/Users/StarTrack/Development/JazzGrooveAnalyzer/docs/scientific/rfc/JGA_WHOLE_TRACK_GROOVE_FROZEN_PIPELINE_001_20260921/WHOLE_TRACK_SOURCE_STATES.csv,7d5ced889b068c5328afd81b1ff02d04b682639aa4f47410e45e21f689bf2547
357,129.89242630385488,172.26562500000261,SELECTED,F_MIX_00639,129.92725623582766,DRUM_SUPPORTED,34.82993197278000,34.82993197278000,False,[],2,1,"{""BASS_AND_DRUM_SUPPORTED"": 0, ""BASS_SUPPORTED"": 0, ""CONFLICTING_EVIDENCE"": 0, ""DRUM_SUPPORTED"": 1, ""UNKNOWN"": 0}",353,129.9918435707856,-64.58733495794000,/Users/StarTrack/Development/JazzGrooveAnalyzer/docs/scientific/rfc/JGA_WHOLE_TRACK_GROOVE_FROZEN_PIPELINE_001_20260921/WHOLE_TRACK_SOURCE_STATES.csv,7d5ced889b068c5328afd81b1ff02d04b682639aa4f47410e45e21f689bf2547
358,130.24072562358276,161.4990234374967,SELECTED,F_MIX_00640,130.2871655328798,DRUM_SUPPORTED,46.43990929704000,46.43990929704000,False,[],1,0,"{""BASS_AND_DRUM_SUPPORTED"": 0, ""BASS_SUPPORTED"": 0, ""CONFLICTING_EVIDENCE"": 0, ""DRUM_SUPPORTED"": 0, ""UNKNOWN"": 0}",354,130.354024612749,-66.8590798692000,/Users/StarTrack/Development/JazzGrooveAnalyzer/docs/scientific/rfc/JGA_WHOLE_TRACK_GROOVE_FROZEN_PIPELINE_001_20260921/WHOLE_TRACK_SOURCE_STATES.csv,7d5ced889b068c5328afd81b1ff02d04b682639aa4f47410e45e21f689bf2547
359,130.6122448979592,172.26562500000261,SELECTED,F_MIX_00642,130.6354648526077,DRUM_SUPPORTED,23.2199546485000,23.2199546485000,False,[],2,1,"{""BASS_AND_DRUM_SUPPORTED"": 0, ""BASS_SUPPORTED"": 0, ""CONFLICTING_EVIDENCE"": 0, ""DRUM_SUPPORTED"": 1, ""UNKNOWN"": 0}",355,130.71597848022125,-80.51362761355000,/Users/StarTrack/Development/JazzGrooveAnalyzer/docs/scientific/rfc/JGA_WHOLE_TRACK_GROOVE_FROZEN_PIPELINE_001_20260921/WHOLE_TRACK_SOURCE_STATES.csv,7d5ced889b068c5328afd81b1ff02d04b682639aa4f47410e45e21f689bf2547
360,130.96054421768707,161.4990234374967,SELECTED,F_MIX_00644,130.9489342403628,DRUM_SUPPORTED,-11.60997732427000,11.60997732427000,False,[],3,2,"{""BASS_AND_DRUM_SUPPORTED"": 0, ""BASS_SUPPORTED"": 0, ""CONFLICTING_EVIDENCE"": 0, ""DRUM_SUPPORTED"": 1, ""UNKNOWN"": 1}",356,131.07772789065152,-128.79365028872000,/Users/StarTrack/Development/JazzGrooveAnalyzer/docs/scientific/rfc/JGA_WHOLE_TRACK_GROOVE_FROZEN_PIPELINE_001_20260921/WHOLE_TRACK_SOURCE_STATES.csv,7d5ced889b068c5328afd81b1ff02d04b682639aa4f47410e45e21f689bf2547
361,131.3320634920635,172.26562500000261,SELECTED,F_MIX_00647,131.3320634920635,UNKNOWN,0E-13,0E-13,False,[],2,1,"{""BASS_AND_DRUM_SUPPORTED"": 0, ""BASS_SUPPORTED"": 0, ""CONFLICTING_EVIDENCE"": 0, ""DRUM_SUPPORTED"": 0, ""UNKNOWN"": 1}",357,131.43929328974397,-107.22979768047000,/Users/StarTrack/Development/JazzGrooveAnalyzer/docs/scientific/rfc/JGA_WHOLE_TRACK_GROOVE_FROZEN_PIPELINE_001_20260921/WHOLE_TRACK_SOURCE_STATES.csv,7d5ced889b068c5328afd81b1ff02d04b682639aa4f47410e45e21f689bf2547
362,131.68036281179138,161.4990234374967,SELECTED,F_MIX_00648,131.59909297052155,DRUM_SUPPORTED,-81.26984126983000,81.26984126983000,False,[],1,0,"{""BASS_AND_DRUM_SUPPORTED"": 0, ""BASS_SUPPORTED"": 0, ""CONFLICTING_EVIDENCE"": 0, ""DRUM_SUPPORTED"": 0, ""UNKNOWN"": 0}",357,131.43929328974397,159.79968077758000,/Users/StarTrack/Development/JazzGrooveAnalyzer/docs/scientific/rfc/JGA_WHOLE_TRACK_GROOVE_FROZEN_PIPELINE_001_20260921/WHOLE_TRACK_SOURCE_STATES.csv,7d5ced889b068c5328afd81b1ff02d04b682639aa4f47410e45e21f689bf2547
363,132.0518820861678,172.26562500000261,SELECTED,F_MIX_00649,132.0867120181406,DRUM_SUPPORTED,34.8299319728000,34.8299319728000,False,[],1,0,"{""BASS_AND_DRUM_SUPPORTED"": 0, ""BASS_SUPPORTED"": 0, ""CONFLICTING_EVIDENCE"": 0, ""DRUM_SUPPORTED"": 0, ""UNKNOWN"": 0}",359,132.1619438183372,-75.2318001966000,/Users/StarTrack/Development/JazzGrooveAnalyzer/docs/scientific/rfc/JGA_WHOLE_TRACK_GROOVE_FROZEN_PIPELINE_001_20260921/WHOLE_TRACK_SOURCE_STATES.csv,7d5ced889b068c5328afd81b1ff02d04b682639aa4f47410e45e21f689bf2547
364,132.4001814058957,161.4990234374967,SELECTED,F_MIX_00651,132.44662131519274,DRUM_SUPPORTED,46.43990929704000,46.43990929704000,False,[],2,1,"{""BASS_AND_DRUM_SUPPORTED"": 0, ""BASS_SUPPORTED"": 0, ""CONFLICTING_EVIDENCE"": 0, ""DRUM_SUPPORTED"": 1, ""UNKNOWN"": 0}",360,132.52453887182662,-77.91755663388000,/Users/StarTrack/Development/JazzGrooveAnalyzer/docs/scientific/rfc/JGA_WHOLE_TRACK_GROOVE_FROZEN_PIPELINE_001_20260921/WHOLE_TRACK_SOURCE_STATES.csv,7d5ced889b068c5328afd81b1ff02d04b682639aa4f47410e45e21f689bf2547
365,132.77170068027212,172.26562500000261,SELECTED,F_MIX_00653,132.78331065759636,DRUM_SUPPORTED,11.60997732424000,11.60997732424000,False,[],2,1,"{""BASS_AND_DRUM_SUPPORTED"": 0, ""BASS_SUPPORTED"": 0, ""CONFLICTING_EVIDENCE"": 0, ""DRUM_SUPPORTED"": 0, ""UNKNOWN"": 1}",361,132.88894690058348,-105.63624298712000,/Users/StarTrack/Development/JazzGrooveAnalyzer/docs/scientific/rfc/JGA_WHOLE_TRACK_GROOVE_FROZEN_PIPELINE_001_20260921/WHOLE_TRACK_SOURCE_STATES.csv,7d5ced889b068c5328afd81b1ff02d04b682639aa4f47410e45e21f689bf2547
366,133.12,161.4990234374967,SELECTED,F_MIX_00654,133.05034013605442,UNKNOWN,-69.65986394558000,69.65986394558000,False,[],1,0,"{""BASS_AND_DRUM_SUPPORTED"": 0, ""BASS_SUPPORTED"": 0, ""CONFLICTING_EVIDENCE"": 0, ""DRUM_SUPPORTED"": 0, ""UNKNOWN"": 0}",361,132.88894690058348,161.39323547094000,/Users/StarTrack/Development/JazzGrooveAnalyzer/docs/scientific/rfc/JGA_WHOLE_TRACK_GROOVE_FROZEN_PIPELINE_001_20260921/WHOLE_TRACK_SOURCE_STATES.csv,7d5ced889b068c5328afd81b1ff02d04b682639aa4f47410e45e21f689bf2547
367,133.49151927437643,172.26562500000261,SELECTED,F_MIX_00656,133.51473922902494,DRUM_SUPPORTED,23.21995464851000,23.21995464851000,False,[],2,1,"{""BASS_AND_DRUM_SUPPORTED"": 0, ""BASS_SUPPORTED"": 0, ""CONFLICTING_EVIDENCE"": 0, ""DRUM_SUPPORTED"": 0, ""UNKNOWN"": 1}",363,133.6232381887293,-108.49895970436000,/Users/StarTrack/Development/JazzGrooveAnalyzer/docs/scientific/rfc/JGA_WHOLE_TRACK_GROOVE_FROZEN_PIPELINE_001_20260921/WHOLE_TRACK_SOURCE_STATES.csv,7d5ced889b068c5328afd81b1ff02d04b682639aa4f47410e45e21f689bf2547
368,133.83981859410432,161.49902343750904,SELECTED,F_MIX_00658,133.86303854875283,DRUM_SUPPORTED,23.21995464851000,23.21995464851000,False,[],2,1,"{""BASS_AND_DRUM_SUPPORTED"": 0, ""BASS_SUPPORTED"": 0, ""CONFLICTING_EVIDENCE"": 0, ""DRUM_SUPPORTED"": 0, ""UNKNOWN"": 1}",364,133.99313971407068,-130.10116531785000,/Users/StarTrack/Development/JazzGrooveAnalyzer/docs/scientific/rfc/JGA_WHOLE_TRACK_GROOVE_FROZEN_PIPELINE_001_20260921/WHOLE_TRACK_SOURCE_STATES.csv,7d5ced889b068c5328afd81b1ff02d04b682639aa4f47410e45e21f689bf2547
369,134.2113378684807,172.26562499998857,SELECTED,F_MIX_00660,134.22294784580498,DRUM_SUPPORTED,11.60997732428000,11.60997732428000,False,[],2,1,"{""BASS_AND_DRUM_SUPPORTED"": 0, ""BASS_SUPPORTED"": 0, ""CONFLICTING_EVIDENCE"": 0, ""DRUM_SUPPORTED"": 0, ""UNKNOWN"": 1}",365,134.36489074703877,-141.94290123379000,/Users/StarTrack/Development/JazzGrooveAnalyzer/docs/scientific/rfc/JGA_WHOLE_TRACK_GROOVE_FROZEN_PIPELINE_001_20260921/WHOLE_TRACK_SOURCE_STATES.csv,7d5ced889b068c5328afd81b1ff02d04b682639aa4f47410e45e21f689bf2547
370,134.55963718820863,161.49902343750904,SELECTED,F_MIX_00661,134.47836734693877,UNKNOWN,-81.26984126986000,81.26984126986000,False,[],1,0,"{""BASS_AND_DRUM_SUPPORTED"": 0, ""BASS_SUPPORTED"": 0, ""CONFLICTING_EVIDENCE"": 0, ""DRUM_SUPPORTED"": 0, ""UNKNOWN"": 0}",365,134.36489074703877,113.47659990000000,/Users/StarTrack/Development/JazzGrooveAnalyzer/docs/scientific/rfc/JGA_WHOLE_TRACK_GROOVE_FROZEN_PIPELINE_001_20260921/WHOLE_TRACK_SOURCE_STATES.csv,7d5ced889b068c5328afd81b1ff02d04b682639aa4f47410e45e21f689bf2547
371,134.93115646258502,172.26562499998857,SELECTED,F_MIX_00662,134.93115646258502,DRUM_SUPPORTED,0E-14,0E-14,False,[],1,0,"{""BASS_AND_DRUM_SUPPORTED"": 0, ""BASS_SUPPORTED"": 0, ""CONFLICTING_EVIDENCE"": 0, ""DRUM_SUPPORTED"": 0, ""UNKNOWN"": 0}",367,135.1139783722453,-182.82190966028000,/Users/StarTrack/Development/JazzGrooveAnalyzer/docs/scientific/rfc/JGA_WHOLE_TRACK_GROOVE_FROZEN_PIPELINE_001_20260921/WHOLE_TRACK_SOURCE_STATES.csv,7d5ced889b068c5328afd81b1ff02d04b682639aa4f47410e45e21f689bf2547
372,135.27945578231294,161.49902343750904,SELECTED,F_MIX_00663,135.30267573696145,DRUM_SUPPORTED,23.21995464851000,23.21995464851000,False,[],1,0,"{""BASS_AND_DRUM_SUPPORTED"": 0, ""BASS_SUPPORTED"": 0, ""CONFLICTING_EVIDENCE"": 0, ""DRUM_SUPPORTED"": 0, ""UNKNOWN"": 0}",368,135.49133359850427,-188.65786154282000,/Users/StarTrack/Development/JazzGrooveAnalyzer/docs/scientific/rfc/JGA_WHOLE_TRACK_GROOVE_FROZEN_PIPELINE_001_20260921/WHOLE_TRACK_SOURCE_STATES.csv,7d5ced889b068c5328afd81b1ff02d04b682639aa4f47410e45e21f689bf2547
373,135.65097505668933,172.26562499998857,SELECTED,F_MIX_00664,135.6625850340136,DRUM_SUPPORTED,11.60997732427000,11.60997732427000,False,[],1,0,"{""BASS_AND_DRUM_SUPPORTED"": 0, ""BASS_SUPPORTED"": 0, ""CONFLICTING_EVIDENCE"": 0, ""DRUM_SUPPORTED"": 0, ""UNKNOWN"": 0}",368,135.49133359850427,171.25143550933000,/Users/StarTrack/Development/JazzGrooveAnalyzer/docs/scientific/rfc/JGA_WHOLE_TRACK_GROOVE_FROZEN_PIPELINE_001_20260921/WHOLE_TRACK_SOURCE_STATES.csv,7d5ced889b068c5328afd81b1ff02d04b682639aa4f47410e45e21f689bf2547
374,135.99927437641725,161.49902343750904,SELECTED,F_MIX_00665,136.0108843537415,DRUM_SUPPORTED,11.60997732425000,11.60997732425000,False,[],1,0,"{""BASS_AND_DRUM_SUPPORTED"": 0, ""BASS_SUPPORTED"": 0, ""CONFLICTING_EVIDENCE"": 0, ""DRUM_SUPPORTED"": 0, ""UNKNOWN"": 0}",369,135.8705756008945,140.3087528470000,/Users/StarTrack/Development/JazzGrooveAnalyzer/docs/scientific/rfc/JGA_WHOLE_TRACK_GROOVE_FROZEN_PIPELINE_001_20260921/WHOLE_TRACK_SOURCE_STATES.csv,7d5ced889b068c5328afd81b1ff02d04b682639aa4f47410e45e21f689bf2547
375,136.37079365079364,172.26562500000261,SELECTED,F_MIX_00666,136.35918367346937,DRUM_SUPPORTED,-11.60997732427000,11.60997732427000,False,[],2,1,"{""BASS_AND_DRUM_SUPPORTED"": 0, ""BASS_SUPPORTED"": 0, ""CONFLICTING_EVIDENCE"": 0, ""DRUM_SUPPORTED"": 1, ""UNKNOWN"": 0}",370,136.25171381329673,107.46986017264000,/Users/StarTrack/Development/JazzGrooveAnalyzer/docs/scientific/rfc/JGA_WHOLE_TRACK_GROOVE_FROZEN_PIPELINE_001_20260921/WHOLE_TRACK_SOURCE_STATES.csv,7d5ced889b068c5328afd81b1ff02d04b682639aa4f47410e45e21f689bf2547
376,136.71909297052153,161.4990234374967,SELECTED,F_MIX_00668,136.74231292517007,DRUM_SUPPORTED,23.21995464854000,23.21995464854000,False,[],1,0,"{""BASS_AND_DRUM_SUPPORTED"": 0, ""BASS_SUPPORTED"": 0, ""CONFLICTING_EVIDENCE"": 0, ""DRUM_SUPPORTED"": 0, ""UNKNOWN"": 0}",371,136.63475771676096,107.55520840911000,/Users/StarTrack/Development/JazzGrooveAnalyzer/docs/scientific/rfc/JGA_WHOLE_TRACK_GROOVE_FROZEN_PIPELINE_001_20260921/WHOLE_TRACK_SOURCE_STATES.csv,7d5ced889b068c5328afd81b1ff02d04b682639aa4f47410e45e21f689bf2547
377,137.09061224489795,172.26562500000261,SELECTED,F_MIX_00670,137.1138321995465,DRUM_SUPPORTED,23.21995464855000,23.21995464855000,False,[],2,1,"{""BASS_AND_DRUM_SUPPORTED"": 0, ""BASS_SUPPORTED"": 0, ""CONFLICTING_EVIDENCE"": 0, ""DRUM_SUPPORTED"": 0, ""UNKNOWN"": 1}",372,137.01691219586516,96.92000368134000,/Users/StarTrack/Development/JazzGrooveAnalyzer/docs/scientific/rfc/JGA_WHOLE_TRACK_GROOVE_FROZEN_PIPELINE_001_20260921/WHOLE_TRACK_SOURCE_STATES.csv,7d5ced889b068c5328afd81b1ff02d04b682639aa4f47410e45e21f689bf2547
378,137.43891156462584,161.4990234374967,SELECTED,F_MIX_00672,137.47374149659865,DRUM_SUPPORTED,34.82993197281000,34.82993197281000,False,[],2,1,"{""BASS_AND_DRUM_SUPPORTED"": 0, ""BASS_SUPPORTED"": 0, ""CONFLICTING_EVIDENCE"": 0, ""DRUM_SUPPORTED"": 1, ""UNKNOWN"": 0}",373,137.39826619304532,75.47530355333000,/Users/StarTrack/Development/JazzGrooveAnalyzer/docs/scientific/rfc/JGA_WHOLE_TRACK_GROOVE_FROZEN_PIPELINE_001_20260921/WHOLE_TRACK_SOURCE_STATES.csv,7d5ced889b068c5328afd81b1ff02d04b682639aa4f47410e45e21f689bf2547
379,137.81043083900227,172.26562500000261,SELECTED,F_MIX_00674,137.82204081632653,DRUM_SUPPORTED,11.60997732426000,11.60997732426000,False,[],2,1,"{""BASS_AND_DRUM_SUPPORTED"": 0, ""BASS_SUPPORTED"": 0, ""CONFLICTING_EVIDENCE"": 0, ""DRUM_SUPPORTED"": 0, ""UNKNOWN"": 1}",374,137.78055962043945,41.48119588708000,/Users/StarTrack/Development/JazzGrooveAnalyzer/docs/scientific/rfc/JGA_WHOLE_TRACK_GROOVE_FROZEN_PIPELINE_001_20260921/WHOLE_TRACK_SOURCE_STATES.csv,7d5ced889b068c5328afd81b1ff02d04b682639aa4f47410e45e21f689bf2547
380,138.15873015873015,172.26562500000261,SELECTED,F_MIX_00675,138.10068027210883,DRUM_SUPPORTED,-58.04988662132000,58.04988662132000,False,[],1,0,"{""BASS_AND_DRUM_SUPPORTED"": 0, ""BASS_SUPPORTED"": 0, ""CONFLICTING_EVIDENCE"": 0, ""DRUM_SUPPORTED"": 0, ""UNKNOWN"": 0}",375,138.16369853502613,-63.01826291730000,/Users/StarTrack/Development/JazzGrooveAnalyzer/docs/scientific/rfc/JGA_WHOLE_TRACK_GROOVE_FROZEN_PIPELINE_001_20260921/WHOLE_TRACK_SOURCE_STATES.csv,7d5ced889b068c5328afd81b1ff02d04b682639aa4f47410e45e21f689bf2547
381,138.50702947845804,161.4990234374967,SELECTED,F_MIX_00676,138.54185941043085,DRUM_SUPPORTED,34.82993197281000,34.82993197281000,False,[],1,0,"{""BASS_AND_DRUM_SUPPORTED"": 0, ""BASS_SUPPORTED"": 0, ""CONFLICTING_EVIDENCE"": 0, ""DRUM_SUPPORTED"": 0, ""UNKNOWN"": 0}",376,138.5475983880861,-5.73897765525000,/Users/StarTrack/Development/JazzGrooveAnalyzer/docs/scientific/rfc/JGA_WHOLE_TRACK_GROOVE_FROZEN_PIPELINE_001_20260921/WHOLE_TRACK_SOURCE_STATES.csv,7d5ced889b068c5328afd81b1ff02d04b682639aa4f47410e45e21f689bf2547
382,138.87854875283446,172.26562500000261,SELECTED,F_MIX_00677,138.79727891156463,DRUM_SUPPORTED,-81.26984126983000,81.26984126983000,False,[],1,0,"{""BASS_AND_DRUM_SUPPORTED"": 0, ""BASS_SUPPORTED"": 0, ""CONFLICTING_EVIDENCE"": 0, ""DRUM_SUPPORTED"": 0, ""UNKNOWN"": 0}",377,138.93218308577207,-134.90417420744000,/Users/StarTrack/Development/JazzGrooveAnalyzer/docs/scientific/rfc/JGA_WHOLE_TRACK_GROOVE_FROZEN_PIPELINE_001_20260921/WHOLE_TRACK_SOURCE_STATES.csv,7d5ced889b068c5328afd81b1ff02d04b682639aa4f47410e45e21f689bf2547
383,139.22684807256235,161.4990234374967,SELECTED,F_MIX_00679,139.26167800453516,DRUM_SUPPORTED,34.82993197281000,34.82993197281000,False,[],2,1,"{""BASS_AND_DRUM_SUPPORTED"": 0, ""BASS_SUPPORTED"": 0, ""CONFLICTING_EVIDENCE"": 0, ""DRUM_SUPPORTED"": 1, ""UNKNOWN"": 0}",378,139.3173841436214,-55.70613908624000,/Users/StarTrack/Development/JazzGrooveAnalyzer/docs/scientific/rfc/JGA_WHOLE_TRACK_GROOVE_FROZEN_PIPELINE_001_20260921/WHOLE_TRACK_SOURCE_STATES.csv,7d5ced889b068c5328afd81b1ff02d04b682639aa4f47410e45e21f689bf2547
384,139.59836734693877,172.26562500000261,SELECTED,F_MIX_00681,139.6215873015873,DRUM_SUPPORTED,23.21995464853000,23.21995464853000,False,[],2,1,"{""BASS_AND_DRUM_SUPPORTED"": 0, ""BASS_SUPPORTED"": 0, ""CONFLICTING_EVIDENCE"": 0, ""DRUM_SUPPORTED"": 0, ""UNKNOWN"": 1}",379,139.7031399256178,-81.5526240305000,/Users/StarTrack/Development/JazzGrooveAnalyzer/docs/scientific/rfc/JGA_WHOLE_TRACK_GROOVE_FROZEN_PIPELINE_001_20260921/WHOLE_TRACK_SOURCE_STATES.csv,7d5ced889b068c5328afd81b1ff02d04b682639aa4f47410e45e21f689bf2547
385,139.94666666666666,161.4990234374967,SELECTED,F_MIX_00683,139.9698866213152,DRUM_SUPPORTED,23.21995464854000,23.21995464854000,False,[],2,1,"{""BASS_AND_DRUM_SUPPORTED"": 0, ""BASS_SUPPORTED"": 0, ""CONFLICTING_EVIDENCE"": 0, ""DRUM_SUPPORTED"": 0, ""UNKNOWN"": 1}",380,140.0893949593465,-119.5083380313000,/Users/StarTrack/Development/JazzGrooveAnalyzer/docs/scientific/rfc/JGA_WHOLE_TRACK_GROOVE_FROZEN_PIPELINE_001_20260921/WHOLE_TRACK_SOURCE_STATES.csv,7d5ced889b068c5328afd81b1ff02d04b682639aa4f47410e45e21f689bf2547
386,140.31818594104308,161.4990234374967,SELECTED,F_MIX_00684,140.21369614512471,DRUM_SUPPORTED,-104.48979591837000,104.48979591837000,False,[],1,0,"{""BASS_AND_DRUM_SUPPORTED"": 0, ""BASS_SUPPORTED"": 0, ""CONFLICTING_EVIDENCE"": 0, ""DRUM_SUPPORTED"": 0, ""UNKNOWN"": 0}",380,140.0893949593465,124.30118577821000,/Users/StarTrack/Development/JazzGrooveAnalyzer/docs/scientific/rfc/JGA_WHOLE_TRACK_GROOVE_FROZEN_PIPELINE_001_20260921/WHOLE_TRACK_SOURCE_STATES.csv,7d5ced889b068c5328afd81b1ff02d04b682639aa4f47410e45e21f689bf2547
387,140.6897052154195,172.26562500000261,SELECTED,F_MIX_00686,140.70131519274378,DRUM_SUPPORTED,11.60997732428000,11.60997732428000,False,[],2,1,"{""BASS_AND_DRUM_SUPPORTED"": 0, ""BASS_SUPPORTED"": 0, ""CONFLICTING_EVIDENCE"": 0, ""DRUM_SUPPORTED"": 0, ""UNKNOWN"": 1}",382,140.8632080738253,-161.89288108152000,/Users/StarTrack/Development/JazzGrooveAnalyzer/docs/scientific/rfc/JGA_WHOLE_TRACK_GROOVE_FROZEN_PIPELINE_001_20260921/WHOLE_TRACK_SOURCE_STATES.csv,7d5ced889b068c5328afd81b1ff02d04b682639aa4f47410e45e21f689bf2547
388,141.0380045351474,161.4990234374967,SELECTED,F_MIX_00687,141.0612244897959,DRUM_SUPPORTED,23.2199546485000,23.2199546485000,False,[],1,0,"{""BASS_AND_DRUM_SUPPORTED"": 0, ""BASS_SUPPORTED"": 0, ""CONFLICTING_EVIDENCE"": 0, ""DRUM_SUPPORTED"": 0, ""UNKNOWN"": 0}",383,141.25068078252917,-189.45629273327000,/Users/StarTrack/Development/JazzGrooveAnalyzer/docs/scientific/rfc/JGA_WHOLE_TRACK_GROOVE_FROZEN_PIPELINE_001_20260921/WHOLE_TRACK_SOURCE_STATES.csv,7d5ced889b068c5328afd81b1ff02d04b682639aa4f47410e45e21f689bf2547
389,141.40952380952382,161.49902343750904,SELECTED,F_MIX_00689,141.42113378684806,DRUM_SUPPORTED,11.60997732424000,11.60997732424000,False,[],2,1,"{""BASS_AND_DRUM_SUPPORTED"": 0, ""BASS_SUPPORTED"": 0, ""CONFLICTING_EVIDENCE"": 0, ""DRUM_SUPPORTED"": 0, ""UNKNOWN"": 1}",383,141.25068078252917,170.45300431889000,/Users/StarTrack/Development/JazzGrooveAnalyzer/docs/scientific/rfc/JGA_WHOLE_TRACK_GROOVE_FROZEN_PIPELINE_001_20260921/WHOLE_TRACK_SOURCE_STATES.csv,7d5ced889b068c5328afd81b1ff02d04b682639aa4f47410e45e21f689bf2547
390,141.78104308390022,172.26562499998857,SELECTED,F_MIX_00691,141.79265306122448,DRUM_SUPPORTED,11.60997732426000,11.60997732426000,False,[],2,1,"{""BASS_AND_DRUM_SUPPORTED"": 0, ""BASS_SUPPORTED"": 0, ""CONFLICTING_EVIDENCE"": 0, ""DRUM_SUPPORTED"": 0, ""UNKNOWN"": 1}",384,141.63848105029464,154.17201092984000,/Users/StarTrack/Development/JazzGrooveAnalyzer/docs/scientific/rfc/JGA_WHOLE_TRACK_GROOVE_FROZEN_PIPELINE_001_20260921/WHOLE_TRACK_SOURCE_STATES.csv,7d5ced889b068c5328afd81b1ff02d04b682639aa4f47410e45e21f689bf2547
391,142.12934240362813,161.49902343750904,SELECTED,F_MIX_00692,142.12934240362813,DRUM_SUPPORTED,0E-14,0E-14,False,[],2,1,"{""BASS_AND_DRUM_SUPPORTED"": 0, ""BASS_SUPPORTED"": 0, ""CONFLICTING_EVIDENCE"": 0, ""DRUM_SUPPORTED"": 1, ""UNKNOWN"": 0}",385,142.02491625726995,104.42614635818000,/Users/StarTrack/Development/JazzGrooveAnalyzer/docs/scientific/rfc/JGA_WHOLE_TRACK_GROOVE_FROZEN_PIPELINE_001_20260921/WHOLE_TRACK_SOURCE_STATES.csv,7d5ced889b068c5328afd81b1ff02d04b682639aa4f47410e45e21f689bf2547
392,142.50086167800453,161.4990234374967,SELECTED,F_MIX_00694,142.4428117913832,DRUM_SUPPORTED,-58.04988662133000,58.04988662133000,False,[],1,0,"{""BASS_AND_DRUM_SUPPORTED"": 0, ""BASS_SUPPORTED"": 0, ""CONFLICTING_EVIDENCE"": 0, ""DRUM_SUPPORTED"": 0, ""UNKNOWN"": 0}",386,142.4117827734797,31.0290179035000,/Users/StarTrack/Development/JazzGrooveAnalyzer/docs/scientific/rfc/JGA_WHOLE_TRACK_GROOVE_FROZEN_PIPELINE_001_20260921/WHOLE_TRACK_SOURCE_STATES.csv,7d5ced889b068c5328afd81b1ff02d04b682639aa4f47410e45e21f689bf2547
393,142.87238095238095,172.26562500000261,SELECTED,F_MIX_00695,142.86077097505668,DRUM_SUPPORTED,-11.60997732427000,11.60997732427000,False,[],1,0,"{""BASS_AND_DRUM_SUPPORTED"": 0, ""BASS_SUPPORTED"": 0, ""CONFLICTING_EVIDENCE"": 0, ""DRUM_SUPPORTED"": 0, ""UNKNOWN"": 0}",387,142.8005836222705,60.18735278618000,/Users/StarTrack/Development/JazzGrooveAnalyzer/docs/scientific/rfc/JGA_WHOLE_TRACK_GROOVE_FROZEN_PIPELINE_001_20260921/WHOLE_TRACK_SOURCE_STATES.csv,7d5ced889b068c5328afd81b1ff02d04b682639aa4f47410e45e21f689bf2547
394,143.22068027210884,161.4990234374967,SELECTED,F_MIX_00697,143.2322902494331,DRUM_SUPPORTED,11.60997732426000,11.60997732426000,False,[],2,1,"{""BASS_AND_DRUM_SUPPORTED"": 0, ""BASS_SUPPORTED"": 0, ""CONFLICTING_EVIDENCE"": 0, ""DRUM_SUPPORTED"": 0, ""UNKNOWN"": 1}",388,143.1895792161142,42.7110333189000,/Users/StarTrack/Development/JazzGrooveAnalyzer/docs/scientific/rfc/JGA_WHOLE_TRACK_GROOVE_FROZEN_PIPELINE_001_20260921/WHOLE_TRACK_SOURCE_STATES.csv,7d5ced889b068c5328afd81b1ff02d04b682639aa4f47410e45e21f689bf2547
395,143.59219954648526,172.26562500000261,SELECTED,F_MIX_00699,143.60380952380953,DRUM_SUPPORTED,11.60997732427000,11.60997732427000,False,[],2,1,"{""BASS_AND_DRUM_SUPPORTED"": 0, ""BASS_SUPPORTED"": 0, ""CONFLICTING_EVIDENCE"": 0, ""DRUM_SUPPORTED"": 0, ""UNKNOWN"": 1}",389,143.5787500805055,25.05944330403000,/Users/StarTrack/Development/JazzGrooveAnalyzer/docs/scientific/rfc/JGA_WHOLE_TRACK_GROOVE_FROZEN_PIPELINE_001_20260921/WHOLE_TRACK_SOURCE_STATES.csv,7d5ced889b068c5328afd81b1ff02d04b682639aa4f47410e45e21f689bf2547
396,143.94049886621315,172.26562500000261,SELECTED,F_MIX_00700,143.9637188208617,DRUM_SUPPORTED,23.21995464855000,23.21995464855000,False,[],1,0,"{""BASS_AND_DRUM_SUPPORTED"": 0, ""BASS_SUPPORTED"": 0, ""CONFLICTING_EVIDENCE"": 0, ""DRUM_SUPPORTED"": 0, ""UNKNOWN"": 0}",390,143.96641882444405,-2.70000358235000,/Users/StarTrack/Development/JazzGrooveAnalyzer/docs/scientific/rfc/JGA_WHOLE_TRACK_GROOVE_FROZEN_PIPELINE_001_20260921/WHOLE_TRACK_SOURCE_STATES.csv,7d5ced889b068c5328afd81b1ff02d04b682639aa4f47410e45e21f689bf2547
397,144.28879818594103,161.4990234374967,SELECTED,F_MIX_00701,144.25396825396825,UNKNOWN,-34.82993197278000,34.82993197278000,False,[],2,1,"{""BASS_AND_DRUM_SUPPORTED"": 0, ""BASS_SUPPORTED"": 0, ""CONFLICTING_EVIDENCE"": 0, ""DRUM_SUPPORTED"": 1, ""UNKNOWN"": 0}",391,144.35214922466292,-98.18097069467000,/Users/StarTrack/Development/JazzGrooveAnalyzer/docs/scientific/rfc/JGA_WHOLE_TRACK_GROOVE_FROZEN_PIPELINE_001_20260921/WHOLE_TRACK_SOURCE_STATES.csv,7d5ced889b068c5328afd81b1ff02d04b682639aa4f47410e45e21f689bf2547
398,144.66031746031746,172.26562500000261,SELECTED,F_MIX_00703,144.62548752834468,UNKNOWN,-34.82993197278000,34.82993197278000,False,[],1,0,"{""BASS_AND_DRUM_SUPPORTED"": 0, ""BASS_SUPPORTED"": 0, ""CONFLICTING_EVIDENCE"": 0, ""DRUM_SUPPORTED"": 0, ""UNKNOWN"": 0}",392,144.7367215508463,-111.23402250162000,/Users/StarTrack/Development/JazzGrooveAnalyzer/docs/scientific/rfc/JGA_WHOLE_TRACK_GROOVE_FROZEN_PIPELINE_001_20260921/WHOLE_TRACK_SOURCE_STATES.csv,7d5ced889b068c5328afd81b1ff02d04b682639aa4f47410e45e21f689bf2547
399,145.00861678004534,161.4990234374967,SELECTED,F_MIX_00704,144.98539682539683,UNKNOWN,-23.21995464851000,23.21995464851000,False,[],2,1,"{""BASS_AND_DRUM_SUPPORTED"": 0, ""BASS_SUPPORTED"": 0, ""CONFLICTING_EVIDENCE"": 0, ""DRUM_SUPPORTED"": 1, ""UNKNOWN"": 0}",393,145.1207504766109,-135.35365121407000,/Users/StarTrack/Development/JazzGrooveAnalyzer/docs/scientific/rfc/JGA_WHOLE_TRACK_GROOVE_FROZEN_PIPELINE_001_20260921/WHOLE_TRACK_SOURCE_STATES.csv,7d5ced889b068c5328afd81b1ff02d04b682639aa4f47410e45e21f689bf2547
400,145.38013605442177,172.26562500000261,SELECTED,F_MIX_00706,145.29886621315194,DRUM_SUPPORTED,-81.26984126983000,81.26984126983000,False,[],1,0,"{""BASS_AND_DRUM_SUPPORTED"": 0, ""BASS_SUPPORTED"": 0, ""CONFLICTING_EVIDENCE"": 0, ""DRUM_SUPPORTED"": 0, ""UNKNOWN"": 0}",393,145.1207504766109,178.11573654104000,/Users/StarTrack/Development/JazzGrooveAnalyzer/docs/scientific/rfc/JGA_WHOLE_TRACK_GROOVE_FROZEN_PIPELINE_001_20260921/WHOLE_TRACK_SOURCE_STATES.csv,7d5ced889b068c5328afd81b1ff02d04b682639aa4f47410e45e21f689bf2547
401,145.72843537414965,161.4990234374967,SELECTED,F_MIX_00708,145.76326530612246,DRUM_SUPPORTED,34.82993197281000,34.82993197281000,False,[],2,1,"{""BASS_AND_DRUM_SUPPORTED"": 0, ""BASS_SUPPORTED"": 0, ""CONFLICTING_EVIDENCE"": 0, ""DRUM_SUPPORTED"": 1, ""UNKNOWN"": 0}",395,145.88594334102888,-122.67803490642000,/Users/StarTrack/Development/JazzGrooveAnalyzer/docs/scientific/rfc/JGA_WHOLE_TRACK_GROOVE_FROZEN_PIPELINE_001_20260921/WHOLE_TRACK_SOURCE_STATES.csv,7d5ced889b068c5328afd81b1ff02d04b682639aa4f47410e45e21f689bf2547
402,146.09995464852608,172.26562500000261,SELECTED,F_MIX_00710,146.13478458049886,DRUM_SUPPORTED,34.82993197278000,34.82993197278000,False,[],2,1,"{""BASS_AND_DRUM_SUPPORTED"": 0, ""BASS_SUPPORTED"": 0, ""CONFLICTING_EVIDENCE"": 0, ""DRUM_SUPPORTED"": 0, ""UNKNOWN"": 1}",396,146.26779385194754,-133.00927144868000,/Users/StarTrack/Development/JazzGrooveAnalyzer/docs/scientific/rfc/JGA_WHOLE_TRACK_GROOVE_FROZEN_PIPELINE_001_20260921/WHOLE_TRACK_SOURCE_STATES.csv,7d5ced889b068c5328afd81b1ff02d04b682639aa4f47410e45e21f689bf2547
403,146.44825396825397,172.26562500000261,SELECTED,F_MIX_00711,146.49469387755101,DRUM_SUPPORTED,46.43990929704000,46.43990929704000,False,[],1,0,"{""BASS_AND_DRUM_SUPPORTED"": 0, ""BASS_SUPPORTED"": 0, ""CONFLICTING_EVIDENCE"": 0, ""DRUM_SUPPORTED"": 0, ""UNKNOWN"": 0}",397,146.64987201018704,-155.17813263603000,/Users/StarTrack/Development/JazzGrooveAnalyzer/docs/scientific/rfc/JGA_WHOLE_TRACK_GROOVE_FROZEN_PIPELINE_001_20260921/WHOLE_TRACK_SOURCE_STATES.csv,7d5ced889b068c5328afd81b1ff02d04b682639aa4f47410e45e21f689bf2547
404,146.79655328798185,161.4990234374967,SELECTED,F_MIX_00713,146.77333333333334,UNKNOWN,-23.21995464851000,23.21995464851000,False,[],3,2,"{""BASS_AND_DRUM_SUPPORTED"": 0, ""BASS_SUPPORTED"": 0, ""CONFLICTING_EVIDENCE"": 0, ""DRUM_SUPPORTED"": 0, ""UNKNOWN"": 2}",397,146.64987201018704,123.46132314630000,/Users/StarTrack/Development/JazzGrooveAnalyzer/docs/scientific/rfc/JGA_WHOLE_TRACK_GROOVE_FROZEN_PIPELINE_001_20260921/WHOLE_TRACK_SOURCE_STATES.csv,7d5ced889b068c5328afd81b1ff02d04b682639aa4f47410e45e21f689bf2547
405,147.16807256235828,172.26562500000261,SELECTED,F_MIX_00717,147.14485260770974,UNKNOWN,-23.21995464854000,23.21995464854000,False,[],4,3,"{""BASS_AND_DRUM_SUPPORTED"": 0, ""BASS_SUPPORTED"": 0, ""CONFLICTING_EVIDENCE"": 0, ""DRUM_SUPPORTED"": 1, ""UNKNOWN"": 2}",398,147.03115731858898,113.69528912076000,/Users/StarTrack/Development/JazzGrooveAnalyzer/docs/scientific/rfc/JGA_WHOLE_TRACK_GROOVE_FROZEN_PIPELINE_001_20260921/WHOLE_TRACK_SOURCE_STATES.csv,7d5ced889b068c5328afd81b1ff02d04b682639aa4f47410e45e21f689bf2547
406,147.51637188208616,161.4990234374967,SELECTED,F_MIX_00720,147.48154195011338,UNKNOWN,-34.82993197278000,34.82993197278000,False,[],3,2,"{""BASS_AND_DRUM_SUPPORTED"": 0, ""BASS_SUPPORTED"": 0, ""CONFLICTING_EVIDENCE"": 0, ""DRUM_SUPPORTED"": 0, ""UNKNOWN"": 2}",399,147.4107313297108,70.81062040258000,/Users/StarTrack/Development/JazzGrooveAnalyzer/docs/scientific/rfc/JGA_WHOLE_TRACK_GROOVE_FROZEN_PIPELINE_001_20260921/WHOLE_TRACK_SOURCE_STATES.csv,7d5ced889b068c5328afd81b1ff02d04b682639aa4f47410e45e21f689bf2547
407,147.8878911564626,172.26562500000261,SELECTED,F_MIX_00725,147.9111111111111,DRUM_SUPPORTED,23.2199546485000,23.2199546485000,False,[],4,3,"{""BASS_AND_DRUM_SUPPORTED"": 0, ""BASS_SUPPORTED"": 0, ""CONFLICTING_EVIDENCE"": 0, ""DRUM_SUPPORTED"": 0, ""UNKNOWN"": 3}",400,147.78876517328055,122.34593783055000,/Users/StarTrack/Development/JazzGrooveAnalyzer/docs/scientific/rfc/JGA_WHOLE_TRACK_GROOVE_FROZEN_PIPELINE_001_20260921/WHOLE_TRACK_SOURCE_STATES.csv,7d5ced889b068c5328afd81b1ff02d04b682639aa4f47410e45e21f689bf2547
408,148.23619047619047,172.26562500000261,SELECTED,F_MIX_00728,148.2013605442177,UNKNOWN,-34.82993197277000,34.82993197277000,False,[],4,3,"{""BASS_AND_DRUM_SUPPORTED"": 0, ""BASS_SUPPORTED"": 0, ""CONFLICTING_EVIDENCE"": 0, ""DRUM_SUPPORTED"": 1, ""UNKNOWN"": 2}",401,148.1654128660534,35.9476781643000,/Users/StarTrack/Development/JazzGrooveAnalyzer/docs/scientific/rfc/JGA_WHOLE_TRACK_GROOVE_FROZEN_PIPELINE_001_20260921/WHOLE_TRACK_SOURCE_STATES.csv,7d5ced889b068c5328afd81b1ff02d04b682639aa4f47410e45e21f689bf2547
409,148.58448979591836,161.4990234374967,SELECTED,F_MIX_00731,148.6309297052154,UNKNOWN,46.43990929704000,46.43990929704000,False,[],2,1,"{""BASS_AND_DRUM_SUPPORTED"": 0, ""BASS_SUPPORTED"": 0, ""CONFLICTING_EVIDENCE"": 0, ""DRUM_SUPPORTED"": 1, ""UNKNOWN"": 0}",402,148.54081302310905,90.11668210635000,/Users/StarTrack/Development/JazzGrooveAnalyzer/docs/scientific/rfc/JGA_WHOLE_TRACK_GROOVE_FROZEN_PIPELINE_001_20260921/WHOLE_TRACK_SOURCE_STATES.csv,7d5ced889b068c5328afd81b1ff02d04b682639aa4f47410e45e21f689bf2547
410,148.95600907029478,172.26562500000261,SELECTED,F_MIX_00732,148.93278911564627,UNKNOWN,-23.21995464851000,23.21995464851000,False,[],3,2,"{""BASS_AND_DRUM_SUPPORTED"": 0, ""BASS_SUPPORTED"": 0, ""CONFLICTING_EVIDENCE"": 0, ""DRUM_SUPPORTED"": 0, ""UNKNOWN"": 2}",403,148.91509039801923,17.69871762704000,/Users/StarTrack/Development/JazzGrooveAnalyzer/docs/scientific/rfc/JGA_WHOLE_TRACK_GROOVE_FROZEN_PIPELINE_001_20260921/WHOLE_TRACK_SOURCE_STATES.csv,7d5ced889b068c5328afd81b1ff02d04b682639aa4f47410e45e21f689bf2547
411,149.30430839002267,172.26562500000261,SELECTED,F_MIX_00735,149.2926984126984,UNKNOWN,-11.60997732427000,11.60997732427000,False,[],2,1,"{""BASS_AND_DRUM_SUPPORTED"": 0, ""BASS_SUPPORTED"": 0, ""CONFLICTING_EVIDENCE"": 0, ""DRUM_SUPPORTED"": 0, ""UNKNOWN"": 1}",404,149.28835726899848,4.34114369992000,/Users/StarTrack/Development/JazzGrooveAnalyzer/docs/scientific/rfc/JGA_WHOLE_TRACK_GROOVE_FROZEN_PIPELINE_001_20260921/WHOLE_TRACK_SOURCE_STATES.csv,7d5ced889b068c5328afd81b1ff02d04b682639aa4f47410e45e21f689bf2547
412,149.65260770975055,161.4990234374967,SELECTED,F_MIX_00737,149.65260770975055,UNKNOWN,0E-14,0E-14,False,[],2,1,"{""BASS_AND_DRUM_SUPPORTED"": 0, ""BASS_SUPPORTED"": 0, ""CONFLICTING_EVIDENCE"": 0, ""DRUM_SUPPORTED"": 1, ""UNKNOWN"": 0}",405,149.66071468643992,-8.10697668937000,/Users/StarTrack/Development/JazzGrooveAnalyzer/docs/scientific/rfc/JGA_WHOLE_TRACK_GROOVE_FROZEN_PIPELINE_001_20260921/WHOLE_TRACK_SOURCE_STATES.csv,7d5ced889b068c5328afd81b1ff02d04b682639aa4f47410e45e21f689bf2547
413,150.02412698412698,161.4990234374967,SELECTED,F_MIX_00740,150.0125170068027,DRUM_SUPPORTED,-11.60997732428000,11.60997732428000,False,[],3,2,"{""BASS_AND_DRUM_SUPPORTED"": 0, ""BASS_SUPPORTED"": 0, ""CONFLICTING_EVIDENCE"": 0, ""DRUM_SUPPORTED"": 1, ""UNKNOWN"": 1}",406,150.03225359569728,-19.73658889458000,/Users/StarTrack/Development/JazzGrooveAnalyzer/docs/scientific/rfc/JGA_WHOLE_TRACK_GROOVE_FROZEN_PIPELINE_001_20260921/WHOLE_TRACK_SOURCE_STATES.csv,7d5ced889b068c5328afd81b1ff02d04b682639aa4f47410e45e21f689bf2547
414,150.3956462585034,172.26562500000261,SELECTED,F_MIX_00743,150.37242630385487,DRUM_SUPPORTED,-23.21995464853000,23.21995464853000,False,[],3,2,"{""BASS_AND_DRUM_SUPPORTED"": 0, ""BASS_SUPPORTED"": 0, ""CONFLICTING_EVIDENCE"": 0, ""DRUM_SUPPORTED"": 1, ""UNKNOWN"": 1}",407,150.403055847589,-30.62954373413000,/Users/StarTrack/Development/JazzGrooveAnalyzer/docs/scientific/rfc/JGA_WHOLE_TRACK_GROOVE_FROZEN_PIPELINE_001_20260921/WHOLE_TRACK_SOURCE_STATES.csv,7d5ced889b068c5328afd81b1ff02d04b682639aa4f47410e45e21f689bf2547
415,150.7439455782313,161.4990234374967,SELECTED,F_MIX_00745,150.7091156462585,UNKNOWN,-34.8299319728000,34.8299319728000,False,[],2,1,"{""BASS_AND_DRUM_SUPPORTED"": 0, ""BASS_SUPPORTED"": 0, ""CONFLICTING_EVIDENCE"": 0, ""DRUM_SUPPORTED"": 1, ""UNKNOWN"": 0}",408,150.77319510785165,-64.07946159315000,/Users/StarTrack/Development/JazzGrooveAnalyzer/docs/scientific/rfc/JGA_WHOLE_TRACK_GROOVE_FROZEN_PIPELINE_001_20260921/WHOLE_TRACK_SOURCE_STATES.csv,7d5ced889b068c5328afd81b1ff02d04b682639aa4f47410e45e21f689bf2547
416,151.11546485260772,161.4990234374967,SELECTED,F_MIX_00748,151.0806349206349,UNKNOWN,-34.82993197282000,34.82993197282000,False,[],3,2,"{""BASS_AND_DRUM_SUPPORTED"": 0, ""BASS_SUPPORTED"": 0, ""CONFLICTING_EVIDENCE"": 0, ""DRUM_SUPPORTED"": 1, ""UNKNOWN"": 1}",409,151.1427376756481,-62.1027550132000,/Users/StarTrack/Development/JazzGrooveAnalyzer/docs/scientific/rfc/JGA_WHOLE_TRACK_GROOVE_FROZEN_PIPELINE_001_20260921/WHOLE_TRACK_SOURCE_STATES.csv,7d5ced889b068c5328afd81b1ff02d04b682639aa4f47410e45e21f689bf2547
417,151.48698412698414,161.49902343750904,SELECTED,F_MIX_00750,151.44054421768706,UNKNOWN,-46.43990929708000,46.43990929708000,False,[],2,1,"{""BASS_AND_DRUM_SUPPORTED"": 0, ""BASS_SUPPORTED"": 0, ""CONFLICTING_EVIDENCE"": 0, ""DRUM_SUPPORTED"": 0, ""UNKNOWN"": 1}",410,151.51224208643816,-71.69786875110000,/Users/StarTrack/Development/JazzGrooveAnalyzer/docs/scientific/rfc/JGA_WHOLE_TRACK_GROOVE_FROZEN_PIPELINE_001_20260921/WHOLE_TRACK_SOURCE_STATES.csv,7d5ced889b068c5328afd81b1ff02d04b682639aa4f47410e45e21f689bf2547
418,151.85850340136054,161.4990234374967,SELECTED,F_MIX_00752,151.7772335600907,DRUM_SUPPORTED,-81.26984126984000,81.26984126984000,False,[],1,0,"{""BASS_AND_DRUM_SUPPORTED"": 0, ""BASS_SUPPORTED"": 0, ""CONFLICTING_EVIDENCE"": 0, ""DRUM_SUPPORTED"": 0, ""UNKNOWN"": 0}",411,151.8812132897093,-103.9797296186000,/Users/StarTrack/Development/JazzGrooveAnalyzer/docs/scientific/rfc/JGA_WHOLE_TRACK_GROOVE_FROZEN_PIPELINE_001_20260921/WHOLE_TRACK_SOURCE_STATES.csv,7d5ced889b068c5328afd81b1ff02d04b682639aa4f47410e45e21f689bf2547
419,152.23002267573696,161.4990234374967,SELECTED,F_MIX_00753,152.2184126984127,UNKNOWN,-11.60997732426000,11.60997732426000,False,[],3,2,"{""BASS_AND_DRUM_SUPPORTED"": 0, ""BASS_SUPPORTED"": 0, ""CONFLICTING_EVIDENCE"": 0, ""DRUM_SUPPORTED"": 1, ""UNKNOWN"": 1}",412,152.249491454286,-31.0787558733000,/Users/StarTrack/Development/JazzGrooveAnalyzer/docs/scientific/rfc/JGA_WHOLE_TRACK_GROOVE_FROZEN_PIPELINE_001_20260921/WHOLE_TRACK_SOURCE_STATES.csv,7d5ced889b068c5328afd81b1ff02d04b682639aa4f47410e45e21f689bf2547
420,152.6015419501134,151.99908088235597,SELECTED,F_MIX_00756,152.56671201814058,UNKNOWN,-34.82993197282000,34.82993197282000,False,[],2,1,"{""BASS_AND_DRUM_SUPPORTED"": 0, ""BASS_SUPPORTED"": 0, ""CONFLICTING_EVIDENCE"": 0, ""DRUM_SUPPORTED"": 1, ""UNKNOWN"": 0}",413,152.61735903596508,-50.64701782450000,/Users/StarTrack/Development/JazzGrooveAnalyzer/docs/scientific/rfc/JGA_WHOLE_TRACK_GROOVE_FROZEN_PIPELINE_001_20260921/WHOLE_TRACK_SOURCE_STATES.csv,7d5ced889b068c5328afd81b1ff02d04b682639aa4f47410e45e21f689bf2547
421,152.99628117913832,161.4990234374967,SELECTED,F_MIX_00758,153.01950113378686,DRUM_SUPPORTED,23.21995464854000,23.21995464854000,False,[],1,0,"{""BASS_AND_DRUM_SUPPORTED"": 0, ""BASS_SUPPORTED"": 0, ""CONFLICTING_EVIDENCE"": 0, ""DRUM_SUPPORTED"": 0, ""UNKNOWN"": 0}",414,152.98485709303637,34.64404075049000,/Users/StarTrack/Development/JazzGrooveAnalyzer/docs/scientific/rfc/JGA_WHOLE_TRACK_GROOVE_FROZEN_PIPELINE_001_20260921/WHOLE_TRACK_SOURCE_STATES.csv,7d5ced889b068c5328afd81b1ff02d04b682639aa4f47410e45e21f689bf2547
422,153.36780045351475,161.49902343750904,SELECTED,F_MIX_00759,153.37941043083902,DRUM_SUPPORTED,11.60997732427000,11.60997732427000,False,[],1,0,"{""BASS_AND_DRUM_SUPPORTED"": 0, ""BASS_SUPPORTED"": 0, ""CONFLICTING_EVIDENCE"": 0, ""DRUM_SUPPORTED"": 0, ""UNKNOWN"": 0}",415,153.3520225779606,27.38785287842000,/Users/StarTrack/Development/JazzGrooveAnalyzer/docs/scientific/rfc/JGA_WHOLE_TRACK_GROOVE_FROZEN_PIPELINE_001_20260921/WHOLE_TRACK_SOURCE_STATES.csv,7d5ced889b068c5328afd81b1ff02d04b682639aa4f47410e45e21f689bf2547
423,153.73931972789114,172.26562499998857,SELECTED,F_MIX_00760,153.73931972789114,DRUM_SUPPORTED,0E-14,0E-14,False,[],1,0,"{""BASS_AND_DRUM_SUPPORTED"": 0, ""BASS_SUPPORTED"": 0, ""CONFLICTING_EVIDENCE"": 0, ""DRUM_SUPPORTED"": 0, ""UNKNOWN"": 0}",416,153.71888874795252,20.43097993862000,/Users/StarTrack/Development/JazzGrooveAnalyzer/docs/scientific/rfc/JGA_WHOLE_TRACK_GROOVE_FROZEN_PIPELINE_001_20260921/WHOLE_TRACK_SOURCE_STATES.csv,7d5ced889b068c5328afd81b1ff02d04b682639aa4f47410e45e21f689bf2547
424,154.08761904761906,161.49902343750904,SELECTED,F_MIX_00762,154.11083900226757,DRUM_SUPPORTED,23.21995464851000,23.21995464851000,False,[],2,1,"{""BASS_AND_DRUM_SUPPORTED"": 0, ""BASS_SUPPORTED"": 0, ""CONFLICTING_EVIDENCE"": 0, ""DRUM_SUPPORTED"": 0, ""UNKNOWN"": 1}",417,154.08548553450532,25.35346776225000,/Users/StarTrack/Development/JazzGrooveAnalyzer/docs/scientific/rfc/JGA_WHOLE_TRACK_GROOVE_FROZEN_PIPELINE_001_20260921/WHOLE_TRACK_SOURCE_STATES.csv,7d5ced889b068c5328afd81b1ff02d04b682639aa4f47410e45e21f689bf2547
425,154.45913832199545,161.4990234374967,SELECTED,F_MIX_00763,154.47074829931972,DRUM_SUPPORTED,11.60997732427000,11.60997732427000,False,[],1,0,"{""BASS_AND_DRUM_SUPPORTED"": 0, ""BASS_SUPPORTED"": 0, ""CONFLICTING_EVIDENCE"": 0, ""DRUM_SUPPORTED"": 0, ""UNKNOWN"": 0}",418,154.45183987596295,18.90842335677000,/Users/StarTrack/Development/JazzGrooveAnalyzer/docs/scientific/rfc/JGA_WHOLE_TRACK_GROOVE_FROZEN_PIPELINE_001_20260921/WHOLE_TRACK_SOURCE_STATES.csv,7d5ced889b068c5328afd81b1ff02d04b682639aa4f47410e45e21f689bf2547
426,154.83065759637188,172.26562500000261,SELECTED,F_MIX_00765,154.84226757369615,DRUM_SUPPORTED,11.60997732427000,11.60997732427000,False,[],2,1,"{""BASS_AND_DRUM_SUPPORTED"": 0, ""BASS_SUPPORTED"": 0, ""CONFLICTING_EVIDENCE"": 0, ""DRUM_SUPPORTED"": 0, ""UNKNOWN"": 1}",419,154.8179760168349,24.29155686125000,/Users/StarTrack/Development/JazzGrooveAnalyzer/docs/scientific/rfc/JGA_WHOLE_TRACK_GROOVE_FROZEN_PIPELINE_001_20260921/WHOLE_TRACK_SOURCE_STATES.csv,7d5ced889b068c5328afd81b1ff02d04b682639aa4f47410e45e21f689bf2547
427,155.17895691609976,172.26562500000261,SELECTED,F_MIX_00767,155.19056689342403,DRUM_SUPPORTED,11.60997732427000,11.60997732427000,False,[],2,1,"{""BASS_AND_DRUM_SUPPORTED"": 0, ""BASS_SUPPORTED"": 0, ""CONFLICTING_EVIDENCE"": 0, ""DRUM_SUPPORTED"": 0, ""UNKNOWN"": 1}",420,155.18391577717975,6.65111624428000,/Users/StarTrack/Development/JazzGrooveAnalyzer/docs/scientific/rfc/JGA_WHOLE_TRACK_GROOVE_FROZEN_PIPELINE_001_20260921/WHOLE_TRACK_SOURCE_STATES.csv,7d5ced889b068c5328afd81b1ff02d04b682639aa4f47410e45e21f689bf2547
428,155.52725623582765,161.4990234374967,SELECTED,F_MIX_00769,155.50403628117914,DRUM_SUPPORTED,-23.21995464851000,23.21995464851000,False,[],2,1,"{""BASS_AND_DRUM_SUPPORTED"": 0, ""BASS_SUPPORTED"": 0, ""CONFLICTING_EVIDENCE"": 0, ""DRUM_SUPPORTED"": 1, ""UNKNOWN"": 0}",421,155.5496787950502,-45.64251387106000,/Users/StarTrack/Development/JazzGrooveAnalyzer/docs/scientific/rfc/JGA_WHOLE_TRACK_GROOVE_FROZEN_PIPELINE_001_20260921/WHOLE_TRACK_SOURCE_STATES.csv,7d5ced889b068c5328afd81b1ff02d04b682639aa4f47410e45e21f689bf2547
429,155.89877551020408,172.26562500000261,SELECTED,F_MIX_00771,155.91038548752834,DRUM_SUPPORTED,11.60997732426000,11.60997732426000,False,[],2,1,"{""BASS_AND_DRUM_SUPPORTED"": 0, ""BASS_SUPPORTED"": 0, ""CONFLICTING_EVIDENCE"": 0, ""DRUM_SUPPORTED"": 0, ""UNKNOWN"": 1}",422,155.91528274469368,-4.89725716534000,/Users/StarTrack/Development/JazzGrooveAnalyzer/docs/scientific/rfc/JGA_WHOLE_TRACK_GROOVE_FROZEN_PIPELINE_001_20260921/WHOLE_TRACK_SOURCE_STATES.csv,7d5ced889b068c5328afd81b1ff02d04b682639aa4f47410e45e21f689bf2547
430,156.24707482993196,161.4990234374967,SELECTED,F_MIX_00773,156.2702947845805,DRUM_SUPPORTED,23.21995464854000,23.21995464854000,False,[],3,2,"{""BASS_AND_DRUM_SUPPORTED"": 0, ""BASS_SUPPORTED"": 0, ""CONFLICTING_EVIDENCE"": 0, ""DRUM_SUPPORTED"": 1, ""UNKNOWN"": 1}",423,156.28074353293292,-10.44874835242000,/Users/StarTrack/Development/JazzGrooveAnalyzer/docs/scientific/rfc/JGA_WHOLE_TRACK_GROOVE_FROZEN_PIPELINE_001_20260921/WHOLE_TRACK_SOURCE_STATES.csv,7d5ced889b068c5328afd81b1ff02d04b682639aa4f47410e45e21f689bf2547
431,156.6185941043084,172.26562500000261,SELECTED,F_MIX_00775,156.6185941043084,DRUM_SUPPORTED,0E-13,0E-13,False,[],1,0,"{""BASS_AND_DRUM_SUPPORTED"": 0, ""BASS_SUPPORTED"": 0, ""CONFLICTING_EVIDENCE"": 0, ""DRUM_SUPPORTED"": 0, ""UNKNOWN"": 0}",424,156.6460754759083,-27.4813715999000,/Users/StarTrack/Development/JazzGrooveAnalyzer/docs/scientific/rfc/JGA_WHOLE_TRACK_GROOVE_FROZEN_PIPELINE_001_20260921/WHOLE_TRACK_SOURCE_STATES.csv,7d5ced889b068c5328afd81b1ff02d04b682639aa4f47410e45e21f689bf2547
432,156.96689342403627,161.4990234374967,SELECTED,F_MIX_00776,156.88562358276644,DRUM_SUPPORTED,-81.26984126983000,81.26984126983000,False,[],1,0,"{""BASS_AND_DRUM_SUPPORTED"": 0, ""BASS_SUPPORTED"": 0, ""CONFLICTING_EVIDENCE"": 0, ""DRUM_SUPPORTED"": 0, ""UNKNOWN"": 0}",425,157.01129145814625,-125.66787537981000,/Users/StarTrack/Development/JazzGrooveAnalyzer/docs/scientific/rfc/JGA_WHOLE_TRACK_GROOVE_FROZEN_PIPELINE_001_20260921/WHOLE_TRACK_SOURCE_STATES.csv,7d5ced889b068c5328afd81b1ff02d04b682639aa4f47410e45e21f689bf2547
433,157.3384126984127,161.4990234374967,SELECTED,F_MIX_00777,157.35002267573697,DRUM_SUPPORTED,11.60997732427000,11.60997732427000,False,[],1,0,"{""BASS_AND_DRUM_SUPPORTED"": 0, ""BASS_SUPPORTED"": 0, ""CONFLICTING_EVIDENCE"": 0, ""DRUM_SUPPORTED"": 0, ""UNKNOWN"": 0}",426,157.37618992379305,-26.16724805608000,/Users/StarTrack/Development/JazzGrooveAnalyzer/docs/scientific/rfc/JGA_WHOLE_TRACK_GROOVE_FROZEN_PIPELINE_001_20260921/WHOLE_TRACK_SOURCE_STATES.csv,7d5ced889b068c5328afd81b1ff02d04b682639aa4f47410e45e21f689bf2547
434,157.70993197278912,161.4990234374967,SELECTED,F_MIX_00779,157.73315192743763,DRUM_SUPPORTED,23.21995464851000,23.21995464851000,False,[],2,1,"{""BASS_AND_DRUM_SUPPORTED"": 0, ""BASS_SUPPORTED"": 0, ""CONFLICTING_EVIDENCE"": 0, ""DRUM_SUPPORTED"": 1, ""UNKNOWN"": 0}",427,157.74101577643526,-7.86384899763000,/Users/StarTrack/Development/JazzGrooveAnalyzer/docs/scientific/rfc/JGA_WHOLE_TRACK_GROOVE_FROZEN_PIPELINE_001_20260921/WHOLE_TRACK_SOURCE_STATES.csv,7d5ced889b068c5328afd81b1ff02d04b682639aa4f47410e45e21f689bf2547
435,158.08145124716555,161.49902343750904,SELECTED,F_MIX_00781,158.0930612244898,DRUM_SUPPORTED,11.60997732425000,11.60997732425000,False,[],2,1,"{""BASS_AND_DRUM_SUPPORTED"": 0, ""BASS_SUPPORTED"": 0, ""CONFLICTING_EVIDENCE"": 0, ""DRUM_SUPPORTED"": 0, ""UNKNOWN"": 1}",428,158.10577627737334,-12.71505288354000,/Users/StarTrack/Development/JazzGrooveAnalyzer/docs/scientific/rfc/JGA_WHOLE_TRACK_GROOVE_FROZEN_PIPELINE_001_20260921/WHOLE_TRACK_SOURCE_STATES.csv,7d5ced889b068c5328afd81b1ff02d04b682639aa4f47410e45e21f689bf2547
436,158.45297052154194,172.26562500000261,SELECTED,F_MIX_00782,158.4645804988662,DRUM_SUPPORTED,11.60997732426000,11.60997732426000,False,[],1,0,"{""BASS_AND_DRUM_SUPPORTED"": 0, ""BASS_SUPPORTED"": 0, ""CONFLICTING_EVIDENCE"": 0, ""DRUM_SUPPORTED"": 0, ""UNKNOWN"": 0}",429,158.4704779617777,-5.8974629115000,/Users/StarTrack/Development/JazzGrooveAnalyzer/docs/scientific/rfc/JGA_WHOLE_TRACK_GROOVE_FROZEN_PIPELINE_001_20260921/WHOLE_TRACK_SOURCE_STATES.csv,7d5ced889b068c5328afd81b1ff02d04b682639aa4f47410e45e21f689bf2547
437,158.80126984126983,161.4990234374967,SELECTED,F_MIX_00784,158.83609977324264,DRUM_SUPPORTED,34.82993197281000,34.82993197281000,False,[],2,1,"{""BASS_AND_DRUM_SUPPORTED"": 0, ""BASS_SUPPORTED"": 0, ""CONFLICTING_EVIDENCE"": 0, ""DRUM_SUPPORTED"": 0, ""UNKNOWN"": 1}",430,158.8351267113017,0.97306194094000,/Users/StarTrack/Development/JazzGrooveAnalyzer/docs/scientific/rfc/JGA_WHOLE_TRACK_GROOVE_FROZEN_PIPELINE_001_20260921/WHOLE_TRACK_SOURCE_STATES.csv,7d5ced889b068c5328afd81b1ff02d04b682639aa4f47410e45e21f689bf2547
438,159.17278911564625,161.4990234374967,SELECTED,F_MIX_00786,159.18439909297052,DRUM_SUPPORTED,11.60997732427000,11.60997732427000,False,[],3,2,"{""BASS_AND_DRUM_SUPPORTED"": 0, ""BASS_SUPPORTED"": 0, ""CONFLICTING_EVIDENCE"": 0, ""DRUM_SUPPORTED"": 1, ""UNKNOWN"": 1}",431,159.1997278194334,-15.32872646288000,/Users/StarTrack/Development/JazzGrooveAnalyzer/docs/scientific/rfc/JGA_WHOLE_TRACK_GROOVE_FROZEN_PIPELINE_001_20260921/WHOLE_TRACK_SOURCE_STATES.csv,7d5ced889b068c5328afd81b1ff02d04b682639aa4f47410e45e21f689bf2547
439,159.54430839002268,161.4990234374967,SELECTED,F_MIX_00789,159.55591836734695,DRUM_SUPPORTED,11.60997732427000,11.60997732427000,False,[],2,1,"{""BASS_AND_DRUM_SUPPORTED"": 0, ""BASS_SUPPORTED"": 0, ""CONFLICTING_EVIDENCE"": 0, ""DRUM_SUPPORTED"": 0, ""UNKNOWN"": 1}",432,159.56428605031203,-8.36768296508000,/Users/StarTrack/Development/JazzGrooveAnalyzer/docs/scientific/rfc/JGA_WHOLE_TRACK_GROOVE_FROZEN_PIPELINE_001_20260921/WHOLE_TRACK_SOURCE_STATES.csv,7d5ced889b068c5328afd81b1ff02d04b682639aa4f47410e45e21f689bf2547
440,159.9158276643991,172.26562500000261,SELECTED,F_MIX_00792,159.9158276643991,UNKNOWN,0E-13,0E-13,False,[],3,2,"{""BASS_AND_DRUM_SUPPORTED"": 0, ""BASS_SUPPORTED"": 0, ""CONFLICTING_EVIDENCE"": 0, ""DRUM_SUPPORTED"": 0, ""UNKNOWN"": 2}",433,159.9288056916629,-12.9780272638000,/Users/StarTrack/Development/JazzGrooveAnalyzer/docs/scientific/rfc/JGA_WHOLE_TRACK_GROOVE_FROZEN_PIPELINE_001_20260921/WHOLE_TRACK_SOURCE_STATES.csv,7d5ced889b068c5328afd81b1ff02d04b682639aa4f47410e45e21f689bf2547
441,160.264126984127,172.26562500000261,SELECTED,F_MIX_00794,160.2873469387755,DRUM_SUPPORTED,23.2199546485000,23.2199546485000,False,[],2,1,"{""BASS_AND_DRUM_SUPPORTED"": 0, ""BASS_SUPPORTED"": 0, ""CONFLICTING_EVIDENCE"": 0, ""DRUM_SUPPORTED"": 0, ""UNKNOWN"": 1}",434,160.29329060243876,-5.94366366326000,/Users/StarTrack/Development/JazzGrooveAnalyzer/docs/scientific/rfc/JGA_WHOLE_TRACK_GROOVE_FROZEN_PIPELINE_001_20260921/WHOLE_TRACK_SOURCE_STATES.csv,7d5ced889b068c5328afd81b1ff02d04b682639aa4f47410e45e21f689bf2547
442,160.61242630385487,161.4990234374967,SELECTED,F_MIX_00795,160.6356462585034,DRUM_SUPPORTED,23.21995464853000,23.21995464853000,False,[],1,0,"{""BASS_AND_DRUM_SUPPORTED"": 0, ""BASS_SUPPORTED"": 0, ""CONFLICTING_EVIDENCE"": 0, ""DRUM_SUPPORTED"": 0, ""UNKNOWN"": 0}",435,160.6577442556971,-22.0979971937000,/Users/StarTrack/Development/JazzGrooveAnalyzer/docs/scientific/rfc/JGA_WHOLE_TRACK_GROOVE_FROZEN_PIPELINE_001_20260921/WHOLE_TRACK_SOURCE_STATES.csv,7d5ced889b068c5328afd81b1ff02d04b682639aa4f47410e45e21f689bf2547
443,160.9839455782313,172.26562500000261,SELECTED,F_MIX_00798,161.03038548752835,DRUM_SUPPORTED,46.43990929705000,46.43990929705000,False,[],3,2,"{""BASS_AND_DRUM_SUPPORTED"": 0, ""BASS_SUPPORTED"": 0, ""CONFLICTING_EVIDENCE"": 0, ""DRUM_SUPPORTED"": 0, ""UNKNOWN"": 2}",436,161.02216977718973,8.21571033862000,/Users/StarTrack/Development/JazzGrooveAnalyzer/docs/scientific/rfc/JGA_WHOLE_TRACK_GROOVE_FROZEN_PIPELINE_001_20260921/WHOLE_TRACK_SOURCE_STATES.csv,7d5ced889b068c5328afd81b1ff02d04b682639aa4f47410e45e21f689bf2547
444,161.33224489795919,172.26562500000261,SELECTED,F_MIX_00801,161.2974149659864,UNKNOWN,-34.82993197279000,34.82993197279000,False,[],5,4,"{""BASS_AND_DRUM_SUPPORTED"": 0, ""BASS_SUPPORTED"": 0, ""CONFLICTING_EVIDENCE"": 0, ""DRUM_SUPPORTED"": 0, ""UNKNOWN"": 4}",437,161.38656998009318,-89.15501410678000,/Users/StarTrack/Development/JazzGrooveAnalyzer/docs/scientific/rfc/JGA_WHOLE_TRACK_GROOVE_FROZEN_PIPELINE_001_20260921/WHOLE_TRACK_SOURCE_STATES.csv,7d5ced889b068c5328afd81b1ff02d04b682639aa4f47410e45e21f689bf2547
445,161.68054421768707,161.4990234374967,SELECTED,F_MIX_00804,161.62249433106575,DRUM_SUPPORTED,-58.04988662132000,58.04988662132000,False,[],2,1,"{""BASS_AND_DRUM_SUPPORTED"": 0, ""BASS_SUPPORTED"": 0, ""CONFLICTING_EVIDENCE"": 0, ""DRUM_SUPPORTED"": 1, ""UNKNOWN"": 0}",438,161.75094739626638,-128.45306520063000,/Users/StarTrack/Development/JazzGrooveAnalyzer/docs/scientific/rfc/JGA_WHOLE_TRACK_GROOVE_FROZEN_PIPELINE_001_20260921/WHOLE_TRACK_SOURCE_STATES.csv,7d5ced889b068c5328afd81b1ff02d04b682639aa4f47410e45e21f689bf2547
446,162.0520634920635,172.26562500000261,SELECTED,F_MIX_00807,162.09850340136055,DRUM_SUPPORTED,46.43990929705000,46.43990929705000,False,[],2,1,"{""BASS_AND_DRUM_SUPPORTED"": 0, ""BASS_SUPPORTED"": 0, ""CONFLICTING_EVIDENCE"": 0, ""DRUM_SUPPORTED"": 0, ""UNKNOWN"": 1}",439,162.11480543816918,-16.30203680863000,/Users/StarTrack/Development/JazzGrooveAnalyzer/docs/scientific/rfc/JGA_WHOLE_TRACK_GROOVE_FROZEN_PIPELINE_001_20260921/WHOLE_TRACK_SOURCE_STATES.csv,7d5ced889b068c5328afd81b1ff02d04b682639aa4f47410e45e21f689bf2547
447,162.40036281179138,161.4990234374967,SELECTED,F_MIX_00808,162.4584126984127,DRUM_SUPPORTED,58.04988662132000,58.04988662132000,False,[],1,0,"{""BASS_AND_DRUM_SUPPORTED"": 0, ""BASS_SUPPORTED"": 0, ""CONFLICTING_EVIDENCE"": 0, ""DRUM_SUPPORTED"": 0, ""UNKNOWN"": 0}",440,162.47819604322865,-19.78334481595000,/Users/StarTrack/Development/JazzGrooveAnalyzer/docs/scientific/rfc/JGA_WHOLE_TRACK_GROOVE_FROZEN_PIPELINE_001_20260921/WHOLE_TRACK_SOURCE_STATES.csv,7d5ced889b068c5328afd81b1ff02d04b682639aa4f47410e45e21f689bf2547
448,162.7718820861678,161.4990234374967,SELECTED,F_MIX_00810,162.81832199546486,UNKNOWN,46.43990929706000,46.43990929706000,False,[],3,2,"{""BASS_AND_DRUM_SUPPORTED"": 0, ""BASS_SUPPORTED"": 0, ""CONFLICTING_EVIDENCE"": 0, ""DRUM_SUPPORTED"": 1, ""UNKNOWN"": 1}",441,162.84166482134225,-23.34282587739000,/Users/StarTrack/Development/JazzGrooveAnalyzer/docs/scientific/rfc/JGA_WHOLE_TRACK_GROOVE_FROZEN_PIPELINE_001_20260921/WHOLE_TRACK_SOURCE_STATES.csv,7d5ced889b068c5328afd81b1ff02d04b682639aa4f47410e45e21f689bf2547
449,163.14340136054423,161.49902343750904,SELECTED,F_MIX_00813,163.178231292517,DRUM_SUPPORTED,34.82993197277000,34.82993197277000,False,[],2,1,"{""BASS_AND_DRUM_SUPPORTED"": 0, ""BASS_SUPPORTED"": 0, ""CONFLICTING_EVIDENCE"": 0, ""DRUM_SUPPORTED"": 1, ""UNKNOWN"": 0}",442,163.20520395520458,-26.97266268758000,/Users/StarTrack/Development/JazzGrooveAnalyzer/docs/scientific/rfc/JGA_WHOLE_TRACK_GROOVE_FROZEN_PIPELINE_001_20260921/WHOLE_TRACK_SOURCE_STATES.csv,7d5ced889b068c5328afd81b1ff02d04b682639aa4f47410e45e21f689bf2547
450,163.51492063492063,161.4990234374967,SELECTED,F_MIX_00814,163.44526077097507,UNKNOWN,-69.65986394556000,69.65986394556000,False,[],1,0,"{""BASS_AND_DRUM_SUPPORTED"": 0, ""BASS_SUPPORTED"": 0, ""CONFLICTING_EVIDENCE"": 0, ""DRUM_SUPPORTED"": 0, ""UNKNOWN"": 0}",443,163.56805810992105,-122.79733894598000,/Users/StarTrack/Development/JazzGrooveAnalyzer/docs/scientific/rfc/JGA_WHOLE_TRACK_GROOVE_FROZEN_PIPELINE_001_20260921/WHOLE_TRACK_SOURCE_STATES.csv,7d5ced889b068c5328afd81b1ff02d04b682639aa4f47410e45e21f689bf2547
451,163.88643990929705,172.26562500000261,SELECTED,F_MIX_00815,163.85160997732427,UNKNOWN,-34.82993197278000,34.82993197278000,True,"[""F_MIX_00815"", ""F_MIX_00816""]",2,1,"{""BASS_AND_DRUM_SUPPORTED"": 0, ""BASS_SUPPORTED"": 0, ""CONFLICTING_EVIDENCE"": 0, ""DRUM_SUPPORTED"": 1, ""UNKNOWN"": 0}",444,163.93029578340625,-78.68580608198000,/Users/StarTrack/Development/JazzGrooveAnalyzer/docs/scientific/rfc/JGA_WHOLE_TRACK_GROOVE_FROZEN_PIPELINE_001_20260921/WHOLE_TRACK_SOURCE_STATES.csv,7d5ced889b068c5328afd81b1ff02d04b682639aa4f47410e45e21f689bf2547
452,164.23473922902494,161.4990234374967,SELECTED,F_MIX_00817,164.1882993197279,UNKNOWN,-46.43990929704000,46.43990929704000,False,[],3,2,"{""BASS_AND_DRUM_SUPPORTED"": 0, ""BASS_SUPPORTED"": 0, ""CONFLICTING_EVIDENCE"": 0, ""DRUM_SUPPORTED"": 1, ""UNKNOWN"": 1}",445,164.29197862378328,-103.67930405538000,/Users/StarTrack/Development/JazzGrooveAnalyzer/docs/scientific/rfc/JGA_WHOLE_TRACK_GROOVE_FROZEN_PIPELINE_001_20260921/WHOLE_TRACK_SOURCE_STATES.csv,7d5ced889b068c5328afd81b1ff02d04b682639aa4f47410e45e21f689bf2547
453,164.60625850340136,161.4990234374967,SELECTED,F_MIX_00821,164.62947845804987,DRUM_SUPPORTED,23.21995464851000,23.21995464851000,False,[],3,2,"{""BASS_AND_DRUM_SUPPORTED"": 0, ""BASS_SUPPORTED"": 0, ""CONFLICTING_EVIDENCE"": 0, ""DRUM_SUPPORTED"": 1, ""UNKNOWN"": 1}",446,164.65316211436297,-23.68365631310000,/Users/StarTrack/Development/JazzGrooveAnalyzer/docs/scientific/rfc/JGA_WHOLE_TRACK_GROOVE_FROZEN_PIPELINE_001_20260921/WHOLE_TRACK_SOURCE_STATES.csv,7d5ced889b068c5328afd81b1ff02d04b682639aa4f47410e45e21f689bf2547
454,164.9777777777778,161.49902343750904,SELECTED,F_MIX_00823,164.93133786848074,UNKNOWN,-46.43990929706000,46.43990929706000,False,[],1,0,"{""BASS_AND_DRUM_SUPPORTED"": 0, ""BASS_SUPPORTED"": 0, ""CONFLICTING_EVIDENCE"": 0, ""DRUM_SUPPORTED"": 0, ""UNKNOWN"": 0}",447,165.01314789080533,-81.81002232459000,/Users/StarTrack/Development/JazzGrooveAnalyzer/docs/scientific/rfc/JGA_WHOLE_TRACK_GROOVE_FROZEN_PIPELINE_001_20260921/WHOLE_TRACK_SOURCE_STATES.csv,7d5ced889b068c5328afd81b1ff02d04b682639aa4f47410e45e21f689bf2547
455,165.34929705215418,172.26562499998857,SELECTED,F_MIX_00824,165.37251700680272,DRUM_SUPPORTED,23.21995464854000,23.21995464854000,False,[],1,0,"{""BASS_AND_DRUM_SUPPORTED"": 0, ""BASS_SUPPORTED"": 0, ""CONFLICTING_EVIDENCE"": 0, ""DRUM_SUPPORTED"": 0, ""UNKNOWN"": 0}",448,165.37133373836548,1.18326843724000,/Users/StarTrack/Development/JazzGrooveAnalyzer/docs/scientific/rfc/JGA_WHOLE_TRACK_GROOVE_FROZEN_PIPELINE_001_20260921/WHOLE_TRACK_SOURCE_STATES.csv,7d5ced889b068c5328afd81b1ff02d04b682639aa4f47410e45e21f689bf2547
456,165.6975963718821,161.49902343750904,SELECTED,F_MIX_00826,165.73242630385488,DRUM_SUPPORTED,34.82993197278000,34.82993197278000,False,[],2,1,"{""BASS_AND_DRUM_SUPPORTED"": 0, ""BASS_SUPPORTED"": 0, ""CONFLICTING_EVIDENCE"": 0, ""DRUM_SUPPORTED"": 0, ""UNKNOWN"": 1}",449,165.72862163609025,3.80466776463000,/Users/StarTrack/Development/JazzGrooveAnalyzer/docs/scientific/rfc/JGA_WHOLE_TRACK_GROOVE_FROZEN_PIPELINE_001_20260921/WHOLE_TRACK_SOURCE_STATES.csv,7d5ced889b068c5328afd81b1ff02d04b682639aa4f47410e45e21f689bf2547
457,166.0691156462585,172.26562500000261,SELECTED,F_MIX_00828,166.09233560090703,DRUM_SUPPORTED,23.21995464853000,23.21995464853000,False,[],2,1,"{""BASS_AND_DRUM_SUPPORTED"": 0, ""BASS_SUPPORTED"": 0, ""CONFLICTING_EVIDENCE"": 0, ""DRUM_SUPPORTED"": 0, ""UNKNOWN"": 1}",450,166.0841230943264,8.21250658063000,/Users/StarTrack/Development/JazzGrooveAnalyzer/docs/scientific/rfc/JGA_WHOLE_TRACK_GROOVE_FROZEN_PIPELINE_001_20260921/WHOLE_TRACK_SOURCE_STATES.csv,7d5ced889b068c5328afd81b1ff02d04b682639aa4f47410e45e21f689bf2547
458,166.41741496598638,161.4990234374967,SELECTED,F_MIX_00830,166.4522448979592,DRUM_SUPPORTED,34.82993197282000,34.82993197282000,False,[],3,2,"{""BASS_AND_DRUM_SUPPORTED"": 0, ""BASS_SUPPORTED"": 0, ""CONFLICTING_EVIDENCE"": 0, ""DRUM_SUPPORTED"": 0, ""UNKNOWN"": 2}",451,166.43799730923325,14.24758872595000,/Users/StarTrack/Development/JazzGrooveAnalyzer/docs/scientific/rfc/JGA_WHOLE_TRACK_GROOVE_FROZEN_PIPELINE_001_20260921/WHOLE_TRACK_SOURCE_STATES.csv,7d5ced889b068c5328afd81b1ff02d04b682639aa4f47410e45e21f689bf2547
459,166.7889342403628,172.26562500000261,SELECTED,F_MIX_00832,166.71927437641725,DRUM_SUPPORTED,-69.65986394555000,69.65986394555000,False,[],1,0,"{""BASS_AND_DRUM_SUPPORTED"": 0, ""BASS_SUPPORTED"": 0, ""CONFLICTING_EVIDENCE"": 0, ""DRUM_SUPPORTED"": 0, ""UNKNOWN"": 0}",452,166.79040700514375,-71.13262872650000,/Users/StarTrack/Development/JazzGrooveAnalyzer/docs/scientific/rfc/JGA_WHOLE_TRACK_GROOVE_FROZEN_PIPELINE_001_20260921/WHOLE_TRACK_SOURCE_STATES.csv,7d5ced889b068c5328afd81b1ff02d04b682639aa4f47410e45e21f689bf2547
460,167.1372335600907,172.26562499998857,SELECTED,F_MIX_00834,167.16045351473923,DRUM_SUPPORTED,23.21995464853000,23.21995464853000,False,[],2,1,"{""BASS_AND_DRUM_SUPPORTED"": 0, ""BASS_SUPPORTED"": 0, ""CONFLICTING_EVIDENCE"": 0, ""DRUM_SUPPORTED"": 0, ""UNKNOWN"": 1}",453,167.14149863395753,18.95488078170000,/Users/StarTrack/Development/JazzGrooveAnalyzer/docs/scientific/rfc/JGA_WHOLE_TRACK_GROOVE_FROZEN_PIPELINE_001_20260921/WHOLE_TRACK_SOURCE_STATES.csv,7d5ced889b068c5328afd81b1ff02d04b682639aa4f47410e45e21f689bf2547
461,167.4855328798186,172.26562500000261,SELECTED,F_MIX_00837,167.5203628117914,DRUM_SUPPORTED,34.8299319728000,34.8299319728000,False,[],3,2,"{""BASS_AND_DRUM_SUPPORTED"": 0, ""BASS_SUPPORTED"": 0, ""CONFLICTING_EVIDENCE"": 0, ""DRUM_SUPPORTED"": 0, ""UNKNOWN"": 2}",454,167.49140400238426,28.95880940714000,/Users/StarTrack/Development/JazzGrooveAnalyzer/docs/scientific/rfc/JGA_WHOLE_TRACK_GROOVE_FROZEN_PIPELINE_001_20260921/WHOLE_TRACK_SOURCE_STATES.csv,7d5ced889b068c5328afd81b1ff02d04b682639aa4f47410e45e21f689bf2547
462,167.8338321995465,161.49902343750904,SELECTED,F_MIX_00838,167.78739229024944,UNKNOWN,-46.43990929706000,46.43990929706000,False,[],1,0,"{""BASS_AND_DRUM_SUPPORTED"": 0, ""BASS_SUPPORTED"": 0, ""CONFLICTING_EVIDENCE"": 0, ""DRUM_SUPPORTED"": 0, ""UNKNOWN"": 0}",455,167.84123946888894,-53.84717863950000,/Users/StarTrack/Development/JazzGrooveAnalyzer/docs/scientific/rfc/JGA_WHOLE_TRACK_GROOVE_FROZEN_PIPELINE_001_20260921/WHOLE_TRACK_SOURCE_STATES.csv,7d5ced889b068c5328afd81b1ff02d04b682639aa4f47410e45e21f689bf2547
463,168.2053514739229,172.26562499998857,SELECTED,F_MIX_00840,168.25179138321997,DRUM_SUPPORTED,46.43990929707000,46.43990929707000,False,[],2,1,"{""BASS_AND_DRUM_SUPPORTED"": 0, ""BASS_SUPPORTED"": 0, ""CONFLICTING_EVIDENCE"": 0, ""DRUM_SUPPORTED"": 0, ""UNKNOWN"": 1}",456,168.19176032298353,60.03106023644000,/Users/StarTrack/Development/JazzGrooveAnalyzer/docs/scientific/rfc/JGA_WHOLE_TRACK_GROOVE_FROZEN_PIPELINE_001_20260921/WHOLE_TRACK_SOURCE_STATES.csv,7d5ced889b068c5328afd81b1ff02d04b682639aa4f47410e45e21f689bf2547
464,168.5536507936508,161.49902343750904,SELECTED,F_MIX_00842,168.60009070294785,DRUM_SUPPORTED,46.43990929705000,46.43990929705000,False,[],2,1,"{""BASS_AND_DRUM_SUPPORTED"": 0, ""BASS_SUPPORTED"": 0, ""CONFLICTING_EVIDENCE"": 0, ""DRUM_SUPPORTED"": 1, ""UNKNOWN"": 0}",457,168.542898025909,57.19267703885000,/Users/StarTrack/Development/JazzGrooveAnalyzer/docs/scientific/rfc/JGA_WHOLE_TRACK_GROOVE_FROZEN_PIPELINE_001_20260921/WHOLE_TRACK_SOURCE_STATES.csv,7d5ced889b068c5328afd81b1ff02d04b682639aa4f47410e45e21f689bf2547
465,168.9251700680272,172.26562499998857,SELECTED,F_MIX_00844,168.94839002267574,DRUM_SUPPORTED,23.21995464854000,23.21995464854000,False,[],2,1,"{""BASS_AND_DRUM_SUPPORTED"": 0, ""BASS_SUPPORTED"": 0, ""CONFLICTING_EVIDENCE"": 0, ""DRUM_SUPPORTED"": 1, ""UNKNOWN"": 0}",458,168.8945908927823,53.79912989344000,/Users/StarTrack/Development/JazzGrooveAnalyzer/docs/scientific/rfc/JGA_WHOLE_TRACK_GROOVE_FROZEN_PIPELINE_001_20260921/WHOLE_TRACK_SOURCE_STATES.csv,7d5ced889b068c5328afd81b1ff02d04b682639aa4f47410e45e21f689bf2547
466,169.2734693877551,172.26562500000261,SELECTED,F_MIX_00846,169.3082993197279,DRUM_SUPPORTED,34.8299319728000,34.8299319728000,False,[],2,1,"{""BASS_AND_DRUM_SUPPORTED"": 0, ""BASS_SUPPORTED"": 0, ""CONFLICTING_EVIDENCE"": 0, ""DRUM_SUPPORTED"": 1, ""UNKNOWN"": 0}",459,169.24678340720865,61.51591251925000,/Users/StarTrack/Development/JazzGrooveAnalyzer/docs/scientific/rfc/JGA_WHOLE_TRACK_GROOVE_FROZEN_PIPELINE_001_20260921/WHOLE_TRACK_SOURCE_STATES.csv,7d5ced889b068c5328afd81b1ff02d04b682639aa4f47410e45e21f689bf2547
467,169.621768707483,161.4990234374967,SELECTED,F_MIX_00847,169.69142857142856,DRUM_SUPPORTED,69.65986394556000,69.65986394556000,False,[],1,0,"{""BASS_AND_DRUM_SUPPORTED"": 0, ""BASS_SUPPORTED"": 0, ""CONFLICTING_EVIDENCE"": 0, ""DRUM_SUPPORTED"": 0, ""UNKNOWN"": 0}",460,169.59942560443272,92.00296699584000,/Users/StarTrack/Development/JazzGrooveAnalyzer/docs/scientific/rfc/JGA_WHOLE_TRACK_GROOVE_FROZEN_PIPELINE_001_20260921/WHOLE_TRACK_SOURCE_STATES.csv,7d5ced889b068c5328afd81b1ff02d04b682639aa4f47410e45e21f689bf2547
468,169.99328798185942,172.26562500000261,SELECTED,F_MIX_00849,169.97006802721089,UNKNOWN,-23.21995464853000,23.21995464853000,False,[],3,2,"{""BASS_AND_DRUM_SUPPORTED"": 0, ""BASS_SUPPORTED"": 0, ""CONFLICTING_EVIDENCE"": 0, ""DRUM_SUPPORTED"": 2, ""UNKNOWN"": 0}",461,169.95247251617474,17.59551103615000,/Users/StarTrack/Development/JazzGrooveAnalyzer/docs/scientific/rfc/JGA_WHOLE_TRACK_GROOVE_FROZEN_PIPELINE_001_20260921/WHOLE_TRACK_SOURCE_STATES.csv,7d5ced889b068c5328afd81b1ff02d04b682639aa4f47410e45e21f689bf2547
469,170.3415873015873,161.49902343750904,SELECTED,F_MIX_00851,170.283537414966,DRUM_SUPPORTED,-58.0498866213000,58.0498866213000,False,[],2,1,"{""BASS_AND_DRUM_SUPPORTED"": 0, ""BASS_SUPPORTED"": 0, ""CONFLICTING_EVIDENCE"": 0, ""DRUM_SUPPORTED"": 1, ""UNKNOWN"": 0}",462,170.30588367098292,-22.34625601692000,/Users/StarTrack/Development/JazzGrooveAnalyzer/docs/scientific/rfc/JGA_WHOLE_TRACK_GROOVE_FROZEN_PIPELINE_001_20260921/WHOLE_TRACK_SOURCE_STATES.csv,7d5ced889b068c5328afd81b1ff02d04b682639aa4f47410e45e21f689bf2547
470,170.7131065759637,172.26562499998857,SELECTED,F_MIX_00853,170.67827664399093,UNKNOWN,-34.82993197277000,34.82993197277000,False,[],2,1,"{""BASS_AND_DRUM_SUPPORTED"": 0, ""BASS_SUPPORTED"": 0, ""CONFLICTING_EVIDENCE"": 0, ""DRUM_SUPPORTED"": 1, ""UNKNOWN"": 0}",463,170.65962264455064,18.65399944029000,/Users/StarTrack/Development/JazzGrooveAnalyzer/docs/scientific/rfc/JGA_WHOLE_TRACK_GROOVE_FROZEN_PIPELINE_001_20260921/WHOLE_TRACK_SOURCE_STATES.csv,7d5ced889b068c5328afd81b1ff02d04b682639aa4f47410e45e21f689bf2547
471,171.06140589569162,161.49902343750904,SELECTED,F_MIX_00856,171.1194557823129,DRUM_SUPPORTED,58.04988662128000,58.04988662128000,False,[],2,1,"{""BASS_AND_DRUM_SUPPORTED"": 0, ""BASS_SUPPORTED"": 0, ""CONFLICTING_EVIDENCE"": 0, ""DRUM_SUPPORTED"": 1, ""UNKNOWN"": 0}",464,171.01365665500197,105.79912731093000,/Users/StarTrack/Development/JazzGrooveAnalyzer/docs/scientific/rfc/JGA_WHOLE_TRACK_GROOVE_FROZEN_PIPELINE_001_20260921/WHOLE_TRACK_SOURCE_STATES.csv,7d5ced889b068c5328afd81b1ff02d04b682639aa4f47410e45e21f689bf2547
472,171.43292517006802,172.26562499998857,SELECTED,F_MIX_00858,171.46775510204083,DRUM_SUPPORTED,34.82993197281000,34.82993197281000,False,[],2,1,"{""BASS_AND_DRUM_SUPPORTED"": 0, ""BASS_SUPPORTED"": 0, ""CONFLICTING_EVIDENCE"": 0, ""DRUM_SUPPORTED"": 1, ""UNKNOWN"": 0}",465,171.36795619864853,99.79890339230000,/Users/StarTrack/Development/JazzGrooveAnalyzer/docs/scientific/rfc/JGA_WHOLE_TRACK_GROOVE_FROZEN_PIPELINE_001_20260921/WHOLE_TRACK_SOURCE_STATES.csv,7d5ced889b068c5328afd81b1ff02d04b682639aa4f47410e45e21f689bf2547
473,171.78122448979593,161.49902343750904,SELECTED,F_MIX_00860,171.8508843537415,DRUM_SUPPORTED,69.65986394557000,69.65986394557000,False,[],2,1,"{""BASS_AND_DRUM_SUPPORTED"": 0, ""BASS_SUPPORTED"": 0, ""CONFLICTING_EVIDENCE"": 0, ""DRUM_SUPPORTED"": 1, ""UNKNOWN"": 0}",466,171.72174642285106,129.13793089044000,/Users/StarTrack/Development/JazzGrooveAnalyzer/docs/scientific/rfc/JGA_WHOLE_TRACK_GROOVE_FROZEN_PIPELINE_001_20260921/WHOLE_TRACK_SOURCE_STATES.csv,7d5ced889b068c5328afd81b1ff02d04b682639aa4f47410e45e21f689bf2547
474,172.15274376417233,172.26562500000261,SELECTED,F_MIX_00862,172.18757369614514,DRUM_SUPPORTED,34.82993197281000,34.82993197281000,False,[],3,2,"{""BASS_AND_DRUM_SUPPORTED"": 0, ""BASS_SUPPORTED"": 0, ""CONFLICTING_EVIDENCE"": 0, ""DRUM_SUPPORTED"": 1, ""UNKNOWN"": 1}",467,172.07507825955398,112.49543659116000,/Users/StarTrack/Development/JazzGrooveAnalyzer/docs/scientific/rfc/JGA_WHOLE_TRACK_GROOVE_FROZEN_PIPELINE_001_20260921/WHOLE_TRACK_SOURCE_STATES.csv,7d5ced889b068c5328afd81b1ff02d04b682639aa4f47410e45e21f689bf2547
475,172.5010430839002,161.4990234374967,SELECTED,F_MIX_00864,172.5474829931973,DRUM_SUPPORTED,46.4399092971000,46.4399092971000,False,[],1,0,"{""BASS_AND_DRUM_SUPPORTED"": 0, ""BASS_SUPPORTED"": 0, ""CONFLICTING_EVIDENCE"": 0, ""DRUM_SUPPORTED"": 0, ""UNKNOWN"": 0}",468,172.42675038197436,120.73261122294000,/Users/StarTrack/Development/JazzGrooveAnalyzer/docs/scientific/rfc/JGA_WHOLE_TRACK_GROOVE_FROZEN_PIPELINE_001_20260921/WHOLE_TRACK_SOURCE_STATES.csv,7d5ced889b068c5328afd81b1ff02d04b682639aa4f47410e45e21f689bf2547
476,172.87256235827664,172.26562500000261,SELECTED,F_MIX_00866,172.90739229024942,DRUM_SUPPORTED,34.82993197278000,34.82993197278000,False,[],2,1,"{""BASS_AND_DRUM_SUPPORTED"": 0, ""BASS_SUPPORTED"": 0, ""CONFLICTING_EVIDENCE"": 0, ""DRUM_SUPPORTED"": 1, ""UNKNOWN"": 0}",469,172.77817592707333,129.21636317609000,/Users/StarTrack/Development/JazzGrooveAnalyzer/docs/scientific/rfc/JGA_WHOLE_TRACK_GROOVE_FROZEN_PIPELINE_001_20260921/WHOLE_TRACK_SOURCE_STATES.csv,7d5ced889b068c5328afd81b1ff02d04b682639aa4f47410e45e21f689bf2547
477,173.22086167800452,161.4990234374967,SELECTED,F_MIX_00868,173.25569160997733,DRUM_SUPPORTED,34.82993197281000,34.82993197281000,False,[],2,1,"{""BASS_AND_DRUM_SUPPORTED"": 0, ""BASS_SUPPORTED"": 0, ""CONFLICTING_EVIDENCE"": 0, ""DRUM_SUPPORTED"": 0, ""UNKNOWN"": 1}",470,173.12913011947646,126.56149050087000,/Users/StarTrack/Development/JazzGrooveAnalyzer/docs/scientific/rfc/JGA_WHOLE_TRACK_GROOVE_FROZEN_PIPELINE_001_20260921/WHOLE_TRACK_SOURCE_STATES.csv,7d5ced889b068c5328afd81b1ff02d04b682639aa4f47410e45e21f689bf2547
478,173.59238095238095,172.26562500000261,SELECTED,F_MIX_00870,173.638820861678,DRUM_SUPPORTED,46.43990929705000,46.43990929705000,False,[],2,1,"{""BASS_AND_DRUM_SUPPORTED"": 0, ""BASS_SUPPORTED"": 0, ""CONFLICTING_EVIDENCE"": 0, ""DRUM_SUPPORTED"": 1, ""UNKNOWN"": 0}",471,173.47832954091757,160.49132076043000,/Users/StarTrack/Development/JazzGrooveAnalyzer/docs/scientific/rfc/JGA_WHOLE_TRACK_GROOVE_FROZEN_PIPELINE_001_20260921/WHOLE_TRACK_SOURCE_STATES.csv,7d5ced889b068c5328afd81b1ff02d04b682639aa4f47410e45e21f689bf2547
479,173.94068027210884,161.4990234374967,SELECTED,F_MIX_00872,173.96390022675737,DRUM_SUPPORTED,23.21995464853000,23.21995464853000,False,[],3,2,"{""BASS_AND_DRUM_SUPPORTED"": 0, ""BASS_SUPPORTED"": 0, ""CONFLICTING_EVIDENCE"": 0, ""DRUM_SUPPORTED"": 1, ""UNKNOWN"": 1}",472,173.82578296525148,138.11726150589000,/Users/StarTrack/Development/JazzGrooveAnalyzer/docs/scientific/rfc/JGA_WHOLE_TRACK_GROOVE_FROZEN_PIPELINE_001_20260921/WHOLE_TRACK_SOURCE_STATES.csv,7d5ced889b068c5328afd81b1ff02d04b682639aa4f47410e45e21f689bf2547
480,174.31219954648526,161.4990234374967,SELECTED,F_MIX_00875,174.32380952380953,DRUM_SUPPORTED,11.60997732427000,11.60997732427000,False,[],2,1,"{""BASS_AND_DRUM_SUPPORTED"": 0, ""BASS_SUPPORTED"": 0, ""CONFLICTING_EVIDENCE"": 0, ""DRUM_SUPPORTED"": 0, ""UNKNOWN"": 1}",473,174.17149912246373,152.31040134580000,/Users/StarTrack/Development/JazzGrooveAnalyzer/docs/scientific/rfc/JGA_WHOLE_TRACK_GROOVE_FROZEN_PIPELINE_001_20260921/WHOLE_TRACK_SOURCE_STATES.csv,7d5ced889b068c5328afd81b1ff02d04b682639aa4f47410e45e21f689bf2547
481,174.68371882086169,172.26562500000261,SELECTED,F_MIX_00877,174.69532879818595,DRUM_SUPPORTED,11.60997732426000,11.60997732426000,False,[],2,1,"{""BASS_AND_DRUM_SUPPORTED"": 0, ""BASS_SUPPORTED"": 0, ""CONFLICTING_EVIDENCE"": 0, ""DRUM_SUPPORTED"": 0, ""UNKNOWN"": 1}",475,174.85775433743396,-162.42553924801000,/Users/StarTrack/Development/JazzGrooveAnalyzer/docs/scientific/rfc/JGA_WHOLE_TRACK_GROOVE_FROZEN_PIPELINE_001_20260921/WHOLE_TRACK_SOURCE_STATES.csv,7d5ced889b068c5328afd81b1ff02d04b682639aa4f47410e45e21f689bf2547
482,175.03201814058957,161.4990234374967,SELECTED,F_MIX_00880,175.05523809523808,DRUM_SUPPORTED,23.21995464851000,23.21995464851000,False,[],3,2,"{""BASS_AND_DRUM_SUPPORTED"": 0, ""BASS_SUPPORTED"": 0, ""CONFLICTING_EVIDENCE"": 0, ""DRUM_SUPPORTED"": 1, ""UNKNOWN"": 1}",476,175.19831063778528,-143.07254254720000,/Users/StarTrack/Development/JazzGrooveAnalyzer/docs/scientific/rfc/JGA_WHOLE_TRACK_GROOVE_FROZEN_PIPELINE_001_20260921/WHOLE_TRACK_SOURCE_STATES.csv,7d5ced889b068c5328afd81b1ff02d04b682639aa4f47410e45e21f689bf2547
483,175.403537414966,172.26562500000261,SELECTED,F_MIX_00883,175.4267573696145,DRUM_SUPPORTED,23.2199546485000,23.2199546485000,False,[],3,2,"{""BASS_AND_DRUM_SUPPORTED"": 0, ""BASS_SUPPORTED"": 0, ""CONFLICTING_EVIDENCE"": 0, ""DRUM_SUPPORTED"": 0, ""UNKNOWN"": 2}",477,175.53716415663484,-110.40678702034000,/Users/StarTrack/Development/JazzGrooveAnalyzer/docs/scientific/rfc/JGA_WHOLE_TRACK_GROOVE_FROZEN_PIPELINE_001_20260921/WHOLE_TRACK_SOURCE_STATES.csv,7d5ced889b068c5328afd81b1ff02d04b682639aa4f47410e45e21f689bf2547
484,175.75183673469388,161.4990234374967,SELECTED,F_MIX_00886,175.79827664399093,DRUM_SUPPORTED,46.43990929705000,46.43990929705000,False,[],3,2,"{""BASS_AND_DRUM_SUPPORTED"": 0, ""BASS_SUPPORTED"": 0, ""CONFLICTING_EVIDENCE"": 0, ""DRUM_SUPPORTED"": 0, ""UNKNOWN"": 2}",478,175.87432340789016,-76.04676389923000,/Users/StarTrack/Development/JazzGrooveAnalyzer/docs/scientific/rfc/JGA_WHOLE_TRACK_GROOVE_FROZEN_PIPELINE_001_20260921/WHOLE_TRACK_SOURCE_STATES.csv,7d5ced889b068c5328afd81b1ff02d04b682639aa4f47410e45e21f689bf2547
485,176.1233560090703,172.26562500000261,SELECTED,F_MIX_00889,176.13496598639455,DRUM_SUPPORTED,11.60997732425000,11.60997732425000,False,[],3,2,"{""BASS_AND_DRUM_SUPPORTED"": 0, ""BASS_SUPPORTED"": 0, ""CONFLICTING_EVIDENCE"": 0, ""DRUM_SUPPORTED"": 0, ""UNKNOWN"": 2}",479,176.20979686288922,-74.83087649467000,/Users/StarTrack/Development/JazzGrooveAnalyzer/docs/scientific/rfc/JGA_WHOLE_TRACK_GROOVE_FROZEN_PIPELINE_001_20260921/WHOLE_TRACK_SOURCE_STATES.csv,7d5ced889b068c5328afd81b1ff02d04b682639aa4f47410e45e21f689bf2547
486,176.4716553287982,161.4990234374967,SELECTED,F_MIX_00891,176.43682539682538,UNKNOWN,-34.82993197282000,34.82993197282000,False,[],3,2,"{""BASS_AND_DRUM_SUPPORTED"": 0, ""BASS_SUPPORTED"": 0, ""CONFLICTING_EVIDENCE"": 0, ""DRUM_SUPPORTED"": 1, ""UNKNOWN"": 1}",480,176.5436504100301,-106.82501320472000,/Users/StarTrack/Development/JazzGrooveAnalyzer/docs/scientific/rfc/JGA_WHOLE_TRACK_GROOVE_FROZEN_PIPELINE_001_20260921/WHOLE_TRACK_SOURCE_STATES.csv,7d5ced889b068c5328afd81b1ff02d04b682639aa4f47410e45e21f689bf2547
487,176.84317460317462,172.26562500000261,SELECTED,F_MIX_00893,176.79673469387754,DRUM_SUPPORTED,-46.43990929708000,46.43990929708000,False,[],1,0,"{""BASS_AND_DRUM_SUPPORTED"": 0, ""BASS_SUPPORTED"": 0, ""CONFLICTING_EVIDENCE"": 0, ""DRUM_SUPPORTED"": 0, ""UNKNOWN"": 0}",481,176.8760460400986,-79.31134622106000,/Users/StarTrack/Development/JazzGrooveAnalyzer/docs/scientific/rfc/JGA_WHOLE_TRACK_GROOVE_FROZEN_PIPELINE_001_20260921/WHOLE_TRACK_SOURCE_STATES.csv,7d5ced889b068c5328afd81b1ff02d04b682639aa4f47410e45e21f689bf2547
488,177.1914739229025,161.49902343750904,SELECTED,F_MIX_00894,177.16825396825396,UNKNOWN,-23.21995464854000,23.21995464854000,False,[],2,1,"{""BASS_AND_DRUM_SUPPORTED"": 0, ""BASS_SUPPORTED"": 0, ""CONFLICTING_EVIDENCE"": 0, ""DRUM_SUPPORTED"": 1, ""UNKNOWN"": 0}",482,177.20712954480197,-38.87557654801000,/Users/StarTrack/Development/JazzGrooveAnalyzer/docs/scientific/rfc/JGA_WHOLE_TRACK_GROOVE_FROZEN_PIPELINE_001_20260921/WHOLE_TRACK_SOURCE_STATES.csv,7d5ced889b068c5328afd81b1ff02d04b682639aa4f47410e45e21f689bf2547
489,177.5629931972789,172.26562499998857,SELECTED,F_MIX_00896,177.5978231292517,DRUM_SUPPORTED,34.8299319728000,34.8299319728000,False,[],1,0,"{""BASS_AND_DRUM_SUPPORTED"": 0, ""BASS_SUPPORTED"": 0, ""CONFLICTING_EVIDENCE"": 0, ""DRUM_SUPPORTED"": 0, ""UNKNOWN"": 0}",483,177.53703213667674,60.79099257496000,/Users/StarTrack/Development/JazzGrooveAnalyzer/docs/scientific/rfc/JGA_WHOLE_TRACK_GROOVE_FROZEN_PIPELINE_001_20260921/WHOLE_TRACK_SOURCE_STATES.csv,7d5ced889b068c5328afd81b1ff02d04b682639aa4f47410e45e21f689bf2547
490,177.9112925170068,161.49902343750904,SELECTED,F_MIX_00897,177.86485260770976,DRUM_SUPPORTED,-46.43990929704000,46.43990929704000,False,[],1,0,"{""BASS_AND_DRUM_SUPPORTED"": 0, ""BASS_SUPPORTED"": 0, ""CONFLICTING_EVIDENCE"": 0, ""DRUM_SUPPORTED"": 0, ""UNKNOWN"": 0}",484,177.86587190700575,-1.01929929599000,/Users/StarTrack/Development/JazzGrooveAnalyzer/docs/scientific/rfc/JGA_WHOLE_TRACK_GROOVE_FROZEN_PIPELINE_001_20260921/WHOLE_TRACK_SOURCE_STATES.csv,7d5ced889b068c5328afd81b1ff02d04b682639aa4f47410e45e21f689bf2547
491,178.2828117913832,172.26562499998857,SELECTED,F_MIX_00898,178.23637188208616,UNKNOWN,-46.43990929704000,46.43990929704000,False,[],2,1,"{""BASS_AND_DRUM_SUPPORTED"": 0, ""BASS_SUPPORTED"": 0, ""CONFLICTING_EVIDENCE"": 0, ""DRUM_SUPPORTED"": 1, ""UNKNOWN"": 0}",485,178.19375513794358,42.61674414258000,/Users/StarTrack/Development/JazzGrooveAnalyzer/docs/scientific/rfc/JGA_WHOLE_TRACK_GROOVE_FROZEN_PIPELINE_001_20260921/WHOLE_TRACK_SOURCE_STATES.csv,7d5ced889b068c5328afd81b1ff02d04b682639aa4f47410e45e21f689bf2547
492,178.63111111111112,161.49902343750904,SELECTED,F_MIX_00900,178.5730612244898,DRUM_SUPPORTED,-58.04988662132000,58.04988662132000,False,[],1,0,"{""BASS_AND_DRUM_SUPPORTED"": 0, ""BASS_SUPPORTED"": 0, ""CONFLICTING_EVIDENCE"": 0, ""DRUM_SUPPORTED"": 0, ""UNKNOWN"": 0}",486,178.52077748342936,52.28374106044000,/Users/StarTrack/Development/JazzGrooveAnalyzer/docs/scientific/rfc/JGA_WHOLE_TRACK_GROOVE_FROZEN_PIPELINE_001_20260921/WHOLE_TRACK_SOURCE_STATES.csv,7d5ced889b068c5328afd81b1ff02d04b682639aa4f47410e45e21f689bf2547
493,179.00263038548752,161.4990234374967,SELECTED,F_MIX_00901,179.03746031746033,DRUM_SUPPORTED,34.82993197281000,34.82993197281000,False,[],1,0,"{""BASS_AND_DRUM_SUPPORTED"": 0, ""BASS_SUPPORTED"": 0, ""CONFLICTING_EVIDENCE"": 0, ""DRUM_SUPPORTED"": 0, ""UNKNOWN"": 0}",488,179.17257526337102,-135.11494591069000,/Users/StarTrack/Development/JazzGrooveAnalyzer/docs/scientific/rfc/JGA_WHOLE_TRACK_GROOVE_FROZEN_PIPELINE_001_20260921/WHOLE_TRACK_SOURCE_STATES.csv,7d5ced889b068c5328afd81b1ff02d04b682639aa4f47410e45e21f689bf2547
494,179.37414965986395,172.26562500000261,SELECTED,F_MIX_00902,179.39736961451248,DRUM_SUPPORTED,23.21995464853000,23.21995464853000,False,[],1,0,"{""BASS_AND_DRUM_SUPPORTED"": 0, ""BASS_SUPPORTED"": 0, ""CONFLICTING_EVIDENCE"": 0, ""DRUM_SUPPORTED"": 0, ""UNKNOWN"": 0}",489,179.49749790923923,-100.12829472675000,/Users/StarTrack/Development/JazzGrooveAnalyzer/docs/scientific/rfc/JGA_WHOLE_TRACK_GROOVE_FROZEN_PIPELINE_001_20260921/WHOLE_TRACK_SOURCE_STATES.csv,7d5ced889b068c5328afd81b1ff02d04b682639aa4f47410e45e21f689bf2547
495,179.72244897959183,161.4990234374967,SELECTED,F_MIX_00903,179.74566893424037,DRUM_SUPPORTED,23.21995464854000,23.21995464854000,False,[],1,0,"{""BASS_AND_DRUM_SUPPORTED"": 0, ""BASS_SUPPORTED"": 0, ""CONFLICTING_EVIDENCE"": 0, ""DRUM_SUPPORTED"": 0, ""UNKNOWN"": 0}",490,179.82185572816235,-76.18679392198000,/Users/StarTrack/Development/JazzGrooveAnalyzer/docs/scientific/rfc/JGA_WHOLE_TRACK_GROOVE_FROZEN_PIPELINE_001_20260921/WHOLE_TRACK_SOURCE_STATES.csv,7d5ced889b068c5328afd81b1ff02d04b682639aa4f47410e45e21f689bf2547
496,180.09396825396826,161.4990234374967,SELECTED,F_MIX_00905,180.12879818594104,DRUM_SUPPORTED,34.82993197278000,34.82993197278000,False,[],2,1,"{""BASS_AND_DRUM_SUPPORTED"": 0, ""BASS_SUPPORTED"": 0, ""CONFLICTING_EVIDENCE"": 0, ""DRUM_SUPPORTED"": 1, ""UNKNOWN"": 0}",491,180.14570520283488,-16.90701689384000,/Users/StarTrack/Development/JazzGrooveAnalyzer/docs/scientific/rfc/JGA_WHOLE_TRACK_GROOVE_FROZEN_PIPELINE_001_20260921/WHOLE_TRACK_SOURCE_STATES.csv,7d5ced889b068c5328afd81b1ff02d04b682639aa4f47410e45e21f689bf2547
497,180.46548752834468,161.49902343750904,SELECTED,F_MIX_00907,180.4887074829932,DRUM_SUPPORTED,23.21995464852000,23.21995464852000,False,[],2,1,"{""BASS_AND_DRUM_SUPPORTED"": 0, ""BASS_SUPPORTED"": 0, ""CONFLICTING_EVIDENCE"": 0, ""DRUM_SUPPORTED"": 1, ""UNKNOWN"": 0}",492,180.46909716768187,19.61031531133000,/Users/StarTrack/Development/JazzGrooveAnalyzer/docs/scientific/rfc/JGA_WHOLE_TRACK_GROOVE_FROZEN_PIPELINE_001_20260921/WHOLE_TRACK_SOURCE_STATES.csv,7d5ced889b068c5328afd81b1ff02d04b682639aa4f47410e45e21f689bf2547
498,180.83700680272108,161.4990234374967,SELECTED,F_MIX_00909,180.84861678004535,DRUM_SUPPORTED,11.60997732427000,11.60997732427000,False,[],3,2,"{""BASS_AND_DRUM_SUPPORTED"": 0, ""BASS_SUPPORTED"": 0, ""CONFLICTING_EVIDENCE"": 0, ""DRUM_SUPPORTED"": 2, ""UNKNOWN"": 0}",493,180.79207737368588,56.53940635947000,/Users/StarTrack/Development/JazzGrooveAnalyzer/docs/scientific/rfc/JGA_WHOLE_TRACK_GROOVE_FROZEN_PIPELINE_001_20260921/WHOLE_TRACK_SOURCE_STATES.csv,7d5ced889b068c5328afd81b1ff02d04b682639aa4f47410e45e21f689bf2547
499,181.2085260770975,161.4990234374967,SELECTED,F_MIX_00911,181.23174603174604,DRUM_SUPPORTED,23.21995464854000,23.21995464854000,False,[],1,0,"{""BASS_AND_DRUM_SUPPORTED"": 0, ""BASS_SUPPORTED"": 0, ""CONFLICTING_EVIDENCE"": 0, ""DRUM_SUPPORTED"": 0, ""UNKNOWN"": 0}",494,181.11468699673122,117.05903501482000,/Users/StarTrack/Development/JazzGrooveAnalyzer/docs/scientific/rfc/JGA_WHOLE_TRACK_GROOVE_FROZEN_PIPELINE_001_20260921/WHOLE_TRACK_SOURCE_STATES.csv,7d5ced889b068c5328afd81b1ff02d04b682639aa4f47410e45e21f689bf2547
500,181.58004535147393,172.26562500000261,SELECTED,F_MIX_00913,181.56843537414966,UNKNOWN,-11.60997732427000,11.60997732427000,False,[],3,2,"{""BASS_AND_DRUM_SUPPORTED"": 0, ""BASS_SUPPORTED"": 0, ""CONFLICTING_EVIDENCE"": 0, ""DRUM_SUPPORTED"": 2, ""UNKNOWN"": 0}",495,181.43696309511375,131.47227903591000,/Users/StarTrack/Development/JazzGrooveAnalyzer/docs/scientific/rfc/JGA_WHOLE_TRACK_GROOVE_FROZEN_PIPELINE_001_20260921/WHOLE_TRACK_SOURCE_STATES.csv,7d5ced889b068c5328afd81b1ff02d04b682639aa4f47410e45e21f689bf2547
501,181.9283446712018,161.4990234374967,SELECTED,F_MIX_00916,181.95156462585035,DRUM_SUPPORTED,23.21995464855000,23.21995464855000,False,[],2,1,"{""BASS_AND_DRUM_SUPPORTED"": 0, ""BASS_SUPPORTED"": 0, ""CONFLICTING_EVIDENCE"": 0, ""DRUM_SUPPORTED"": 0, ""UNKNOWN"": 1}",497,182.08151529187882,-129.95066602847000,/Users/StarTrack/Development/JazzGrooveAnalyzer/docs/scientific/rfc/JGA_WHOLE_TRACK_GROOVE_FROZEN_PIPELINE_001_20260921/WHOLE_TRACK_SOURCE_STATES.csv,7d5ced889b068c5328afd81b1ff02d04b682639aa4f47410e45e21f689bf2547
502,182.29986394557824,172.26562500000261,SELECTED,F_MIX_00918,182.29986394557824,UNKNOWN,0E-14,0E-14,False,[],3,2,"{""BASS_AND_DRUM_SUPPORTED"": 0, ""BASS_SUPPORTED"": 0, ""CONFLICTING_EVIDENCE"": 0, ""DRUM_SUPPORTED"": 2, ""UNKNOWN"": 0}",498,182.40379139026135,-103.92744468311000,/Users/StarTrack/Development/JazzGrooveAnalyzer/docs/scientific/rfc/JGA_WHOLE_TRACK_GROOVE_FROZEN_PIPELINE_001_20260921/WHOLE_TRACK_SOURCE_STATES.csv,7d5ced889b068c5328afd81b1ff02d04b682639aa4f47410e45e21f689bf2547
503,182.64816326530612,161.4990234374967,SELECTED,F_MIX_00920,182.6829931972789,DRUM_SUPPORTED,34.82993197278000,34.82993197278000,False,[],1,0,"{""BASS_AND_DRUM_SUPPORTED"": 0, ""BASS_SUPPORTED"": 0, ""CONFLICTING_EVIDENCE"": 0, ""DRUM_SUPPORTED"": 0, ""UNKNOWN"": 0}",499,182.72606748864388,-43.07429136498000,/Users/StarTrack/Development/JazzGrooveAnalyzer/docs/scientific/rfc/JGA_WHOLE_TRACK_GROOVE_FROZEN_PIPELINE_001_20260921/WHOLE_TRACK_SOURCE_STATES.csv,7d5ced889b068c5328afd81b1ff02d04b682639aa4f47410e45e21f689bf2547
504,183.01968253968255,172.26562500000261,SELECTED,F_MIX_00922,183.04290249433106,DRUM_SUPPORTED,23.21995464851000,23.21995464851000,False,[],2,1,"{""BASS_AND_DRUM_SUPPORTED"": 0, ""BASS_SUPPORTED"": 0, ""CONFLICTING_EVIDENCE"": 0, ""DRUM_SUPPORTED"": 1, ""UNKNOWN"": 0}",500,183.0483435870264,-5.44109269534000,/Users/StarTrack/Development/JazzGrooveAnalyzer/docs/scientific/rfc/JGA_WHOLE_TRACK_GROOVE_FROZEN_PIPELINE_001_20260921/WHOLE_TRACK_SOURCE_STATES.csv,7d5ced889b068c5328afd81b1ff02d04b682639aa4f47410e45e21f689bf2547
505,183.36798185941043,172.26562500000261,EMPTY,NONE,,,,,False,[],0,0,"{""BASS_AND_DRUM_SUPPORTED"": 0, ""BASS_SUPPORTED"": 0, ""CONFLICTING_EVIDENCE"": 0, ""DRUM_SUPPORTED"": 0, ""UNKNOWN"": 0}",,,,/Users/StarTrack/Development/JazzGrooveAnalyzer/docs/scientific/rfc/JGA_WHOLE_TRACK_GROOVE_FROZEN_PIPELINE_001_20260921/WHOLE_TRACK_SOURCE_STATES.csv,7d5ced889b068c5328afd81b1ff02d04b682639aa4f47410e45e21f689bf2547
506,183.71628117913832,172.26562500000261,SELECTED,F_MIX_00924,183.7511111111111,DRUM_SUPPORTED,34.82993197278000,34.82993197278000,False,[],3,2,"{""BASS_AND_DRUM_SUPPORTED"": 0, ""BASS_SUPPORTED"": 0, ""CONFLICTING_EVIDENCE"": 0, ""DRUM_SUPPORTED"": 2, ""UNKNOWN"": 0}",502,183.69289578379147,58.21532731963000,/Users/StarTrack/Development/JazzGrooveAnalyzer/docs/scientific/rfc/JGA_WHOLE_TRACK_GROOVE_FROZEN_PIPELINE_001_20260921/WHOLE_TRACK_SOURCE_STATES.csv,7d5ced889b068c5328afd81b1ff02d04b682639aa4f47410e45e21f689bf2547
507,184.0645804988662,161.4990234374967,SELECTED,F_MIX_00927,184.02975056689343,UNKNOWN,-34.82993197277000,34.82993197277000,False,[],3,2,"{""BASS_AND_DRUM_SUPPORTED"": 0, ""BASS_SUPPORTED"": 0, ""CONFLICTING_EVIDENCE"": 0, ""DRUM_SUPPORTED"": 2, ""UNKNOWN"": 0}",503,184.015171882174,14.57868471943000,/Users/StarTrack/Development/JazzGrooveAnalyzer/docs/scientific/rfc/JGA_WHOLE_TRACK_GROOVE_FROZEN_PIPELINE_001_20260921/WHOLE_TRACK_SOURCE_STATES.csv,7d5ced889b068c5328afd81b1ff02d04b682639aa4f47410e45e21f689bf2547
508,184.43609977324263,172.26562500000261,SELECTED,F_MIX_00930,184.45931972789117,DRUM_SUPPORTED,23.21995464854000,23.21995464854000,False,[],2,1,"{""BASS_AND_DRUM_SUPPORTED"": 0, ""BASS_SUPPORTED"": 0, ""CONFLICTING_EVIDENCE"": 0, ""DRUM_SUPPORTED"": 0, ""UNKNOWN"": 1}",504,184.33714780836002,122.17191953115000,/Users/StarTrack/Development/JazzGrooveAnalyzer/docs/scientific/rfc/JGA_WHOLE_TRACK_GROOVE_FROZEN_PIPELINE_001_20260921/WHOLE_TRACK_SOURCE_STATES.csv,7d5ced889b068c5328afd81b1ff02d04b682639aa4f47410e45e21f689bf2547
509,184.78439909297052,161.4990234374967,SELECTED,F_MIX_00931,184.74956916099774,UNKNOWN,-34.82993197278000,34.82993197278000,False,[],2,1,"{""BASS_AND_DRUM_SUPPORTED"": 0, ""BASS_SUPPORTED"": 0, ""CONFLICTING_EVIDENCE"": 0, ""DRUM_SUPPORTED"": 1, ""UNKNOWN"": 0}",505,184.65885357956915,90.71558142859000,/Users/StarTrack/Development/JazzGrooveAnalyzer/docs/scientific/rfc/JGA_WHOLE_TRACK_GROOVE_FROZEN_PIPELINE_001_20260921/WHOLE_TRACK_SOURCE_STATES.csv,7d5ced889b068c5328afd81b1ff02d04b682639aa4f47410e45e21f689bf2547
510,185.15591836734694,172.26562500000261,SELECTED,F_MIX_00934,185.17913832199545,DRUM_SUPPORTED,23.21995464851000,23.21995464851000,False,[],2,1,"{""BASS_AND_DRUM_SUPPORTED"": 0, ""BASS_SUPPORTED"": 0, ""CONFLICTING_EVIDENCE"": 0, ""DRUM_SUPPORTED"": 1, ""UNKNOWN"": 0}",507,185.30156001749776,-122.42169550231000,/Users/StarTrack/Development/JazzGrooveAnalyzer/docs/scientific/rfc/JGA_WHOLE_TRACK_GROOVE_FROZEN_PIPELINE_001_20260921/WHOLE_TRACK_SOURCE_STATES.csv,7d5ced889b068c5328afd81b1ff02d04b682639aa4f47410e45e21f689bf2547
511,185.50421768707483,161.4990234374967,SELECTED,F_MIX_00935,185.5390476190476,DRUM_SUPPORTED,34.82993197277000,34.82993197277000,False,[],1,0,"{""BASS_AND_DRUM_SUPPORTED"": 0, ""BASS_SUPPORTED"": 0, ""CONFLICTING_EVIDENCE"": 0, ""DRUM_SUPPORTED"": 0, ""UNKNOWN"": 0}",508,185.62260688071828,-83.55926167068000,/Users/StarTrack/Development/JazzGrooveAnalyzer/docs/scientific/rfc/JGA_WHOLE_TRACK_GROOVE_FROZEN_PIPELINE_001_20260921/WHOLE_TRACK_SOURCE_STATES.csv,7d5ced889b068c5328afd81b1ff02d04b682639aa4f47410e45e21f689bf2547
512,185.87573696145125,161.4990234374967,SELECTED,F_MIX_00937,185.9221768707483,DRUM_SUPPORTED,46.43990929705000,46.43990929705000,False,[],2,1,"{""BASS_AND_DRUM_SUPPORTED"": 0, ""BASS_SUPPORTED"": 0, ""CONFLICTING_EVIDENCE"": 0, ""DRUM_SUPPORTED"": 1, ""UNKNOWN"": 0}",509,185.94347649525847,-21.29962451017000,/Users/StarTrack/Development/JazzGrooveAnalyzer/docs/scientific/rfc/JGA_WHOLE_TRACK_GROOVE_FROZEN_PIPELINE_001_20260921/WHOLE_TRACK_SOURCE_STATES.csv,7d5ced889b068c5328afd81b1ff02d04b682639aa4f47410e45e21f689bf2547
513,186.24725623582768,161.49902343750904,SELECTED,F_MIX_00939,186.28208616780046,DRUM_SUPPORTED,34.82993197278000,34.82993197278000,False,[],2,1,"{""BASS_AND_DRUM_SUPPORTED"": 0, ""BASS_SUPPORTED"": 0, ""CONFLICTING_EVIDENCE"": 0, ""DRUM_SUPPORTED"": 1, ""UNKNOWN"": 0}",510,186.26418658598638,17.89958181408000,/Users/StarTrack/Development/JazzGrooveAnalyzer/docs/scientific/rfc/JGA_WHOLE_TRACK_GROOVE_FROZEN_PIPELINE_001_20260921/WHOLE_TRACK_SOURCE_STATES.csv,7d5ced889b068c5328afd81b1ff02d04b682639aa4f47410e45e21f689bf2547
514,186.61877551020407,161.4990234374967,SELECTED,F_MIX_00940,186.6419954648526,DRUM_SUPPORTED,23.21995464853000,23.21995464853000,False,[],2,1,"{""BASS_AND_DRUM_SUPPORTED"": 0, ""BASS_SUPPORTED"": 0, ""CONFLICTING_EVIDENCE"": 0, ""DRUM_SUPPORTED"": 0, ""UNKNOWN"": 1}",511,186.58475310528323,57.24235956937000,/Users/StarTrack/Development/JazzGrooveAnalyzer/docs/scientific/rfc/JGA_WHOLE_TRACK_GROOVE_FROZEN_PIPELINE_001_20260921/WHOLE_TRACK_SOURCE_STATES.csv,7d5ced889b068c5328afd81b1ff02d04b682639aa4f47410e45e21f689bf2547
515,186.9902947845805,161.4990234374967,SELECTED,F_MIX_00943,187.00190476190477,DRUM_SUPPORTED,11.60997732427000,11.60997732427000,False,[],2,1,"{""BASS_AND_DRUM_SUPPORTED"": 0, ""BASS_SUPPORTED"": 0, ""CONFLICTING_EVIDENCE"": 0, ""DRUM_SUPPORTED"": 0, ""UNKNOWN"": 1}",512,186.9051904102921,96.71435161267000,/Users/StarTrack/Development/JazzGrooveAnalyzer/docs/scientific/rfc/JGA_WHOLE_TRACK_GROOVE_FROZEN_PIPELINE_001_20260921/WHOLE_TRACK_SOURCE_STATES.csv,7d5ced889b068c5328afd81b1ff02d04b682639aa4f47410e45e21f689bf2547
516,187.36181405895692,161.49902343750904,SELECTED,F_MIX_00945,187.3734240362812,DRUM_SUPPORTED,11.60997732428000,11.60997732428000,False,[],3,2,"{""BASS_AND_DRUM_SUPPORTED"": 0, ""BASS_SUPPORTED"": 0, ""CONFLICTING_EVIDENCE"": 0, ""DRUM_SUPPORTED"": 2, ""UNKNOWN"": 0}",513,187.22551142244183,147.91261383937000,/Users/StarTrack/Development/JazzGrooveAnalyzer/docs/scientific/rfc/JGA_WHOLE_TRACK_GROOVE_FROZEN_PIPELINE_001_20260921/WHOLE_TRACK_SOURCE_STATES.csv,7d5ced889b068c5328afd81b1ff02d04b682639aa4f47410e45e21f689bf2547
517,187.73333333333332,172.26562499998857,SELECTED,F_MIX_00948,187.73333333333332,DRUM_SUPPORTED,0E-14,0E-14,False,[],2,1,"{""BASS_AND_DRUM_SUPPORTED"": 0, ""BASS_SUPPORTED"": 0, ""CONFLICTING_EVIDENCE"": 0, ""DRUM_SUPPORTED"": 1, ""UNKNOWN"": 0}",515,187.86801999040605,-134.68665707273000,/Users/StarTrack/Development/JazzGrooveAnalyzer/docs/scientific/rfc/JGA_WHOLE_TRACK_GROOVE_FROZEN_PIPELINE_001_20260921/WHOLE_TRACK_SOURCE_STATES.csv,7d5ced889b068c5328afd81b1ff02d04b682639aa4f47410e45e21f689bf2547
518,188.08163265306123,161.49902343750904,SELECTED,F_MIX_00949,188.01197278911565,UNKNOWN,-69.65986394558000,69.65986394558000,False,[],1,0,"{""BASS_AND_DRUM_SUPPORTED"": 0, ""BASS_SUPPORTED"": 0, ""CONFLICTING_EVIDENCE"": 0, ""DRUM_SUPPORTED"": 0, ""UNKNOWN"": 0}",515,187.86801999040605,143.95279870960000,/Users/StarTrack/Development/JazzGrooveAnalyzer/docs/scientific/rfc/JGA_WHOLE_TRACK_GROOVE_FROZEN_PIPELINE_001_20260921/WHOLE_TRACK_SOURCE_STATES.csv,7d5ced889b068c5328afd81b1ff02d04b682639aa4f47410e45e21f689bf2547
519,188.45315192743763,172.26562499998857,SELECTED,F_MIX_00950,188.45315192743763,DRUM_SUPPORTED,0E-14,0E-14,False,[],1,0,"{""BASS_AND_DRUM_SUPPORTED"": 0, ""BASS_SUPPORTED"": 0, ""CONFLICTING_EVIDENCE"": 0, ""DRUM_SUPPORTED"": 0, ""UNKNOWN"": 0}",517,188.5126197309106,-59.46780347297000,/Users/StarTrack/Development/JazzGrooveAnalyzer/docs/scientific/rfc/JGA_WHOLE_TRACK_GROOVE_FROZEN_PIPELINE_001_20260921/WHOLE_TRACK_SOURCE_STATES.csv,7d5ced889b068c5328afd81b1ff02d04b682639aa4f47410e45e21f689bf2547
520,188.80145124716555,172.26562500000261,SELECTED,F_MIX_00951,188.8130612244898,DRUM_SUPPORTED,11.60997732425000,11.60997732425000,False,[],1,0,"{""BASS_AND_DRUM_SUPPORTED"": 0, ""BASS_SUPPORTED"": 0, ""CONFLICTING_EVIDENCE"": 0, ""DRUM_SUPPORTED"": 0, ""UNKNOWN"": 0}",518,188.8355764958057,-22.5152713159000,/Users/StarTrack/Development/JazzGrooveAnalyzer/docs/scientific/rfc/JGA_WHOLE_TRACK_GROOVE_FROZEN_PIPELINE_001_20260921/WHOLE_TRACK_SOURCE_STATES.csv,7d5ced889b068c5328afd81b1ff02d04b682639aa4f47410e45e21f689bf2547
521,189.14975056689343,172.26562500000261,SELECTED,F_MIX_00953,189.1845804988662,DRUM_SUPPORTED,34.82993197277000,34.82993197277000,False,[],2,1,"{""BASS_AND_DRUM_SUPPORTED"": 0, ""BASS_SUPPORTED"": 0, ""CONFLICTING_EVIDENCE"": 0, ""DRUM_SUPPORTED"": 1, ""UNKNOWN"": 0}",519,189.15891332117275,25.66717769345000,/Users/StarTrack/Development/JazzGrooveAnalyzer/docs/scientific/rfc/JGA_WHOLE_TRACK_GROOVE_FROZEN_PIPELINE_001_20260921/WHOLE_TRACK_SOURCE_STATES.csv,7d5ced889b068c5328afd81b1ff02d04b682639aa4f47410e45e21f689bf2547
522,189.49804988662132,161.4990234374967,SELECTED,F_MIX_00954,189.4167800453515,DRUM_SUPPORTED,-81.26984126982000,81.26984126982000,False,[],1,0,"{""BASS_AND_DRUM_SUPPORTED"": 0, ""BASS_SUPPORTED"": 0, ""CONFLICTING_EVIDENCE"": 0, ""DRUM_SUPPORTED"": 0, ""UNKNOWN"": 0}",520,189.48259220096455,-65.81215561305000,/Users/StarTrack/Development/JazzGrooveAnalyzer/docs/scientific/rfc/JGA_WHOLE_TRACK_GROOVE_FROZEN_PIPELINE_001_20260921/WHOLE_TRACK_SOURCE_STATES.csv,7d5ced889b068c5328afd81b1ff02d04b682639aa4f47410e45e21f689bf2547
523,189.86956916099774,172.26562500000261,SELECTED,F_MIX_00955,189.90439909297052,DRUM_SUPPORTED,34.82993197278000,34.82993197278000,False,[],1,0,"{""BASS_AND_DRUM_SUPPORTED"": 0, ""BASS_SUPPORTED"": 0, ""CONFLICTING_EVIDENCE"": 0, ""DRUM_SUPPORTED"": 0, ""UNKNOWN"": 0}",521,189.80657892973863,97.82016323189000,/Users/StarTrack/Development/JazzGrooveAnalyzer/docs/scientific/rfc/JGA_WHOLE_TRACK_GROOVE_FROZEN_PIPELINE_001_20260921/WHOLE_TRACK_SOURCE_STATES.csv,7d5ced889b068c5328afd81b1ff02d04b682639aa4f47410e45e21f689bf2547
524,190.21786848072563,172.26562500000261,SELECTED,F_MIX_00957,190.26430839002268,DRUM_SUPPORTED,46.43990929705000,46.43990929705000,False,[],2,1,"{""BASS_AND_DRUM_SUPPORTED"": 0, ""BASS_SUPPORTED"": 0, ""CONFLICTING_EVIDENCE"": 0, ""DRUM_SUPPORTED"": 0, ""UNKNOWN"": 1}",522,190.13084272259675,133.46566742593000,/Users/StarTrack/Development/JazzGrooveAnalyzer/docs/scientific/rfc/JGA_WHOLE_TRACK_GROOVE_FROZEN_PIPELINE_001_20260921/WHOLE_TRACK_SOURCE_STATES.csv,7d5ced889b068c5328afd81b1ff02d04b682639aa4f47410e45e21f689bf2547
525,190.5661678004535,172.26562500000261,SELECTED,F_MIX_00958,190.61260770975056,BASS_AND_DRUM_SUPPORTED,46.43990929706000,46.43990929706000,False,[],1,0,"{""BASS_AND_DRUM_SUPPORTED"": 0, ""BASS_SUPPORTED"": 0, ""CONFLICTING_EVIDENCE"": 0, ""DRUM_SUPPORTED"": 0, ""UNKNOWN"": 0}",523,190.45535587313051,157.25183662005000,/Users/StarTrack/Development/JazzGrooveAnalyzer/docs/scientific/rfc/JGA_WHOLE_TRACK_GROOVE_FROZEN_PIPELINE_001_20260921/WHOLE_TRACK_SOURCE_STATES.csv,7d5ced889b068c5328afd81b1ff02d04b682639aa4f47410e45e21f689bf2547
526,190.9144671201814,172.26562500000261,SELECTED,F_MIX_00959,190.85641723356008,DRUM_SUPPORTED,-58.04988662132000,58.04988662132000,False,[],1,0,"{""BASS_AND_DRUM_SUPPORTED"": 0, ""BASS_SUPPORTED"": 0, ""CONFLICTING_EVIDENCE"": 0, ""DRUM_SUPPORTED"": 0, ""UNKNOWN"": 0}",524,190.77986902366428,76.54820989580000,/Users/StarTrack/Development/JazzGrooveAnalyzer/docs/scientific/rfc/JGA_WHOLE_TRACK_GROOVE_FROZEN_PIPELINE_001_20260921/WHOLE_TRACK_SOURCE_STATES.csv,7d5ced889b068c5328afd81b1ff02d04b682639aa4f47410e45e21f689bf2547
527,191.26276643990929,172.26562499998857,SELECTED,F_MIX_00960,191.33242630385487,DRUM_SUPPORTED,69.65986394558000,69.65986394558000,False,[],1,0,"{""BASS_AND_DRUM_SUPPORTED"": 0, ""BASS_SUPPORTED"": 0, ""CONFLICTING_EVIDENCE"": 0, ""DRUM_SUPPORTED"": 0, ""UNKNOWN"": 0}",526,191.4288953247318,-96.46902087693000,/Users/StarTrack/Development/JazzGrooveAnalyzer/docs/scientific/rfc/JGA_WHOLE_TRACK_GROOVE_FROZEN_PIPELINE_001_20260921/WHOLE_TRACK_SOURCE_STATES.csv,7d5ced889b068c5328afd81b1ff02d04b682639aa4f47410e45e21f689bf2547
528,191.6110657596372,172.26562500000261,SELECTED,F_MIX_00961,191.58784580498866,DRUM_SUPPORTED,-23.21995464854000,23.21995464854000,False,[],2,1,"{""BASS_AND_DRUM_SUPPORTED"": 0, ""BASS_SUPPORTED"": 0, ""CONFLICTING_EVIDENCE"": 0, ""DRUM_SUPPORTED"": 1, ""UNKNOWN"": 0}",526,191.4288953247318,158.95048025686000,/Users/StarTrack/Development/JazzGrooveAnalyzer/docs/scientific/rfc/JGA_WHOLE_TRACK_GROOVE_FROZEN_PIPELINE_001_20260921/WHOLE_TRACK_SOURCE_STATES.csv,7d5ced889b068c5328afd81b1ff02d04b682639aa4f47410e45e21f689bf2547
529,191.95936507936509,161.4990234374967,SELECTED,F_MIX_00963,191.93614512471655,DRUM_SUPPORTED,-23.21995464854000,23.21995464854000,False,[],2,1,"{""BASS_AND_DRUM_SUPPORTED"": 0, ""BASS_SUPPORTED"": 0, ""CONFLICTING_EVIDENCE"": 0, ""DRUM_SUPPORTED"": 0, ""UNKNOWN"": 1}",528,192.07792162579932,-141.77650108277000,/Users/StarTrack/Development/JazzGrooveAnalyzer/docs/scientific/rfc/JGA_WHOLE_TRACK_GROOVE_FROZEN_PIPELINE_001_20260921/WHOLE_TRACK_SOURCE_STATES.csv,7d5ced889b068c5328afd81b1ff02d04b682639aa4f47410e45e21f689bf2547
530,192.3308843537415,172.26562500000261,SELECTED,F_MIX_00965,192.2728344671202,DRUM_SUPPORTED,-58.0498866213000,58.0498866213000,False,[],1,0,"{""BASS_AND_DRUM_SUPPORTED"": 0, ""BASS_SUPPORTED"": 0, ""CONFLICTING_EVIDENCE"": 0, ""DRUM_SUPPORTED"": 0, ""UNKNOWN"": 0}",529,192.40243477633308,-129.60030921288000,/Users/StarTrack/Development/JazzGrooveAnalyzer/docs/scientific/rfc/JGA_WHOLE_TRACK_GROOVE_FROZEN_PIPELINE_001_20260921/WHOLE_TRACK_SOURCE_STATES.csv,7d5ced889b068c5328afd81b1ff02d04b682639aa4f47410e45e21f689bf2547
531,192.6791836734694,172.26562500000261,SELECTED,F_MIX_00966,192.63274376417235,DRUM_SUPPORTED,-46.43990929705000,46.43990929705000,False,[],2,1,"{""BASS_AND_DRUM_SUPPORTED"": 0, ""BASS_SUPPORTED"": 0, ""CONFLICTING_EVIDENCE"": 0, ""DRUM_SUPPORTED"": 1, ""UNKNOWN"": 0}",530,192.72694792686684,-94.20416269449000,/Users/StarTrack/Development/JazzGrooveAnalyzer/docs/scientific/rfc/JGA_WHOLE_TRACK_GROOVE_FROZEN_PIPELINE_001_20260921/WHOLE_TRACK_SOURCE_STATES.csv,7d5ced889b068c5328afd81b1ff02d04b682639aa4f47410e45e21f689bf2547
532,193.02748299319728,172.26562500000261,SELECTED,F_MIX_00968,192.98104308390023,DRUM_SUPPORTED,-46.43990929705000,46.43990929705000,False,[],1,0,"{""BASS_AND_DRUM_SUPPORTED"": 0, ""BASS_SUPPORTED"": 0, ""CONFLICTING_EVIDENCE"": 0, ""DRUM_SUPPORTED"": 0, ""UNKNOWN"": 0}",531,193.0514610774006,-70.41799350037000,/Users/StarTrack/Development/JazzGrooveAnalyzer/docs/scientific/rfc/JGA_WHOLE_TRACK_GROOVE_FROZEN_PIPELINE_001_20260921/WHOLE_TRACK_SOURCE_STATES.csv,7d5ced889b068c5328afd81b1ff02d04b682639aa4f47410e45e21f689bf2547
533,193.37578231292517,172.26562500000261,SELECTED,F_MIX_00969,193.31773242630385,DRUM_SUPPORTED,-58.04988662132000,58.04988662132000,False,[],2,1,"{""BASS_AND_DRUM_SUPPORTED"": 0, ""BASS_SUPPORTED"": 0, ""CONFLICTING_EVIDENCE"": 0, ""DRUM_SUPPORTED"": 1, ""UNKNOWN"": 0}",532,193.37597422793436,-58.24180163051000,/Users/StarTrack/Development/JazzGrooveAnalyzer/docs/scientific/rfc/JGA_WHOLE_TRACK_GROOVE_FROZEN_PIPELINE_001_20260921/WHOLE_TRACK_SOURCE_STATES.csv,7d5ced889b068c5328afd81b1ff02d04b682639aa4f47410e45e21f689bf2547
534,193.72408163265305,172.26562500000261,SELECTED,F_MIX_00971,193.68925170068027,UNKNOWN,-34.82993197278000,34.82993197278000,False,[],2,1,"{""BASS_AND_DRUM_SUPPORTED"": 0, ""BASS_SUPPORTED"": 0, ""CONFLICTING_EVIDENCE"": 0, ""DRUM_SUPPORTED"": 1, ""UNKNOWN"": 0}",533,193.70048737846813,-11.23567778786000,/Users/StarTrack/Development/JazzGrooveAnalyzer/docs/scientific/rfc/JGA_WHOLE_TRACK_GROOVE_FROZEN_PIPELINE_001_20260921/WHOLE_TRACK_SOURCE_STATES.csv,7d5ced889b068c5328afd81b1ff02d04b682639aa4f47410e45e21f689bf2547
535,194.07238095238094,161.4990234374967,SELECTED,F_MIX_00973,194.1536507936508,DRUM_SUPPORTED,81.26984126986000,81.26984126986000,False,[],1,0,"{""BASS_AND_DRUM_SUPPORTED"": 0, ""BASS_SUPPORTED"": 0, ""CONFLICTING_EVIDENCE"": 0, ""DRUM_SUPPORTED"": 0, ""UNKNOWN"": 0}",534,194.0250005290019,128.6502646489000,/Users/StarTrack/Development/JazzGrooveAnalyzer/docs/scientific/rfc/JGA_WHOLE_TRACK_GROOVE_FROZEN_PIPELINE_001_20260921/WHOLE_TRACK_SOURCE_STATES.csv,7d5ced889b068c5328afd81b1ff02d04b682639aa4f47410e45e21f689bf2547
536,194.44390022675736,172.26562500000261,SELECTED,F_MIX_00974,194.3742403628118,DRUM_SUPPORTED,-69.65986394556000,69.65986394556000,False,[],1,0,"{""BASS_AND_DRUM_SUPPORTED"": 0, ""BASS_SUPPORTED"": 0, ""CONFLICTING_EVIDENCE"": 0, ""DRUM_SUPPORTED"": 0, ""UNKNOWN"": 0}",535,194.3511362452883,23.1041175235000,/Users/StarTrack/Development/JazzGrooveAnalyzer/docs/scientific/rfc/JGA_WHOLE_TRACK_GROOVE_FROZEN_PIPELINE_001_20260921/WHOLE_TRACK_SOURCE_STATES.csv,7d5ced889b068c5328afd81b1ff02d04b682639aa4f47410e45e21f689bf2547
537,194.79219954648525,172.26562499998857,SELECTED,F_MIX_00976,194.8386394557823,UNKNOWN,46.43990929705000,46.43990929705000,False,[],2,1,"{""BASS_AND_DRUM_SUPPORTED"": 0, ""BASS_SUPPORTED"": 0, ""CONFLICTING_EVIDENCE"": 0, ""DRUM_SUPPORTED"": 1, ""UNKNOWN"": 0}",536,194.67808242622726,160.55702955504000,/Users/StarTrack/Development/JazzGrooveAnalyzer/docs/scientific/rfc/JGA_WHOLE_TRACK_GROOVE_FROZEN_PIPELINE_001_20260921/WHOLE_TRACK_SOURCE_STATES.csv,7d5ced889b068c5328afd81b1ff02d04b682639aa4f47410e45e21f689bf2547
538,195.14049886621316,172.26562500000261,SELECTED,F_MIX_00979,195.11727891156463,DRUM_SUPPORTED,-23.21995464853000,23.21995464853000,False,[],5,4,"{""BASS_AND_DRUM_SUPPORTED"": 0, ""BASS_SUPPORTED"": 0, ""CONFLICTING_EVIDENCE"": 0, ""DRUM_SUPPORTED"": 3, ""UNKNOWN"": 1}",537,195.00575802535351,111.52088621112000,/Users/StarTrack/Development/JazzGrooveAnalyzer/docs/scientific/rfc/JGA_WHOLE_TRACK_GROOVE_FROZEN_PIPELINE_001_20260921/WHOLE_TRACK_SOURCE_STATES.csv,7d5ced889b068c5328afd81b1ff02d04b682639aa4f47410e45e21f689bf2547
539,195.48879818594105,161.49902343750904,SELECTED,F_MIX_00982,195.50040816326532,DRUM_SUPPORTED,11.60997732427000,11.60997732427000,False,[],1,0,"{""BASS_AND_DRUM_SUPPORTED"": 0, ""BASS_SUPPORTED"": 0, ""CONFLICTING_EVIDENCE"": 0, ""DRUM_SUPPORTED"": 0, ""UNKNOWN"": 0}",539,195.66301300507482,-162.60484180950000,/Users/StarTrack/Development/JazzGrooveAnalyzer/docs/scientific/rfc/JGA_WHOLE_TRACK_GROOVE_FROZEN_PIPELINE_001_20260921/WHOLE_TRACK_SOURCE_STATES.csv,7d5ced889b068c5328afd81b1ff02d04b682639aa4f47410e45e21f689bf2547
540,195.86031746031745,172.26562499998857,SELECTED,F_MIX_00983,195.8487074829932,DRUM_SUPPORTED,-11.60997732425000,11.60997732425000,False,[],2,1,"{""BASS_AND_DRUM_SUPPORTED"": 0, ""BASS_SUPPORTED"": 0, ""CONFLICTING_EVIDENCE"": 0, ""DRUM_SUPPORTED"": 1, ""UNKNOWN"": 0}",540,195.99246765515986,-143.76017216666000,/Users/StarTrack/Development/JazzGrooveAnalyzer/docs/scientific/rfc/JGA_WHOLE_TRACK_GROOVE_FROZEN_PIPELINE_001_20260921/WHOLE_TRACK_SOURCE_STATES.csv,7d5ced889b068c5328afd81b1ff02d04b682639aa4f47410e45e21f689bf2547
541,196.20861678004536,172.26562500000261,SELECTED,F_MIX_00985,196.2202267573696,DRUM_SUPPORTED,11.60997732424000,11.60997732424000,False,[],1,0,"{""BASS_AND_DRUM_SUPPORTED"": 0, ""BASS_SUPPORTED"": 0, ""CONFLICTING_EVIDENCE"": 0, ""DRUM_SUPPORTED"": 0, ""UNKNOWN"": 0}",541,196.32240087651755,-102.17411914795000,/Users/StarTrack/Development/JazzGrooveAnalyzer/docs/scientific/rfc/JGA_WHOLE_TRACK_GROOVE_FROZEN_PIPELINE_001_20260921/WHOLE_TRACK_SOURCE_STATES.csv,7d5ced889b068c5328afd81b1ff02d04b682639aa4f47410e45e21f689bf2547
542,196.55691609977325,172.26562500000261,SELECTED,F_MIX_00986,196.45242630385488,DRUM_SUPPORTED,-104.48979591837000,104.48979591837000,False,[],1,0,"{""BASS_AND_DRUM_SUPPORTED"": 0, ""BASS_SUPPORTED"": 0, ""CONFLICTING_EVIDENCE"": 0, ""DRUM_SUPPORTED"": 0, ""UNKNOWN"": 0}",541,196.32240087651755,130.02542733733000,/Users/StarTrack/Development/JazzGrooveAnalyzer/docs/scientific/rfc/JGA_WHOLE_TRACK_GROOVE_FROZEN_PIPELINE_001_20260921/WHOLE_TRACK_SOURCE_STATES.csv,7d5ced889b068c5328afd81b1ff02d04b682639aa4f47410e45e21f689bf2547
543,196.90521541950113,161.4990234374967,SELECTED,F_MIX_00987,196.8239455782313,DRUM_SUPPORTED,-81.26984126983000,81.26984126983000,False,[],2,1,"{""BASS_AND_DRUM_SUPPORTED"": 0, ""BASS_SUPPORTED"": 0, ""CONFLICTING_EVIDENCE"": 0, ""DRUM_SUPPORTED"": 1, ""UNKNOWN"": 0}",543,196.98351639025464,-159.57081202334000,/Users/StarTrack/Development/JazzGrooveAnalyzer/docs/scientific/rfc/JGA_WHOLE_TRACK_GROOVE_FROZEN_PIPELINE_001_20260921/WHOLE_TRACK_SOURCE_STATES.csv,7d5ced889b068c5328afd81b1ff02d04b682639aa4f47410e45e21f689bf2547
544,197.27673469387756,172.26562500000261,SELECTED,F_MIX_00990,197.27673469387756,DRUM_SUPPORTED,0E-14,0E-14,False,[],3,2,"{""BASS_AND_DRUM_SUPPORTED"": 0, ""BASS_SUPPORTED"": 0, ""CONFLICTING_EVIDENCE"": 0, ""DRUM_SUPPORTED"": 2, ""UNKNOWN"": 0}",544,197.3146168469464,-37.88215306884000,/Users/StarTrack/Development/JazzGrooveAnalyzer/docs/scientific/rfc/JGA_WHOLE_TRACK_GROOVE_FROZEN_PIPELINE_001_20260921/WHOLE_TRACK_SOURCE_STATES.csv,7d5ced889b068c5328afd81b1ff02d04b682639aa4f47410e45e21f689bf2547
545,197.62503401360544,172.26562500000261,SELECTED,F_MIX_00993,197.6018140589569,DRUM_SUPPORTED,-23.21995464854000,23.21995464854000,False,[],3,2,"{""BASS_AND_DRUM_SUPPORTED"": 0, ""BASS_SUPPORTED"": 0, ""CONFLICTING_EVIDENCE"": 0, ""DRUM_SUPPORTED"": 2, ""UNKNOWN"": 0}",545,197.64603129425015,-44.21723529325000,/Users/StarTrack/Development/JazzGrooveAnalyzer/docs/scientific/rfc/JGA_WHOLE_TRACK_GROOVE_FROZEN_PIPELINE_001_20260921/WHOLE_TRACK_SOURCE_STATES.csv,7d5ced889b068c5328afd81b1ff02d04b682639aa4f47410e45e21f689bf2547
546,197.97333333333333,161.4990234374967,SELECTED,F_MIX_00995,197.96172335600906,DRUM_SUPPORTED,-11.60997732427000,11.60997732427000,False,[],1,0,"{""BASS_AND_DRUM_SUPPORTED"": 0, ""BASS_SUPPORTED"": 0, ""CONFLICTING_EVIDENCE"": 0, ""DRUM_SUPPORTED"": 0, ""UNKNOWN"": 0}",546,197.97772833310472,-16.00497709566000,/Users/StarTrack/Development/JazzGrooveAnalyzer/docs/scientific/rfc/JGA_WHOLE_TRACK_GROOVE_FROZEN_PIPELINE_001_20260921/WHOLE_TRACK_SOURCE_STATES.csv,7d5ced889b068c5328afd81b1ff02d04b682639aa4f47410e45e21f689bf2547
547,198.34485260770975,172.26562500000261,EMPTY,NONE,,,,,False,[],0,0,"{""BASS_AND_DRUM_SUPPORTED"": 0, ""BASS_SUPPORTED"": 0, ""CONFLICTING_EVIDENCE"": 0, ""DRUM_SUPPORTED"": 0, ""UNKNOWN"": 0}",,,,/Users/StarTrack/Development/JazzGrooveAnalyzer/docs/scientific/rfc/JGA_WHOLE_TRACK_GROOVE_FROZEN_PIPELINE_001_20260921/WHOLE_TRACK_SOURCE_STATES.csv,7d5ced889b068c5328afd81b1ff02d04b682639aa4f47410e45e21f689bf2547
548,198.69315192743764,161.4990234374967,SELECTED,F_MIX_00996,198.6118820861678,DRUM_SUPPORTED,-81.26984126984000,81.26984126984000,False,[],1,0,"{""BASS_AND_DRUM_SUPPORTED"": 0, ""BASS_SUPPORTED"": 0, ""CONFLICTING_EVIDENCE"": 0, ""DRUM_SUPPORTED"": 0, ""UNKNOWN"": 0}",548,198.64185997476145,-29.97788859365000,/Users/StarTrack/Development/JazzGrooveAnalyzer/docs/scientific/rfc/JGA_WHOLE_TRACK_GROOVE_FROZEN_PIPELINE_001_20260921/WHOLE_TRACK_SOURCE_STATES.csv,7d5ced889b068c5328afd81b1ff02d04b682639aa4f47410e45e21f689bf2547
549,199.06467120181406,172.26562500000261,SELECTED,F_MIX_00997,199.07628117913833,DRUM_SUPPORTED,11.60997732427000,11.60997732427000,False,[],1,0,"{""BASS_AND_DRUM_SUPPORTED"": 0, ""BASS_SUPPORTED"": 0, ""CONFLICTING_EVIDENCE"": 0, ""DRUM_SUPPORTED"": 0, ""UNKNOWN"": 0}",549,198.97424625440843,102.03492472990000,/Users/StarTrack/Development/JazzGrooveAnalyzer/docs/scientific/rfc/JGA_WHOLE_TRACK_GROOVE_FROZEN_PIPELINE_001_20260921/WHOLE_TRACK_SOURCE_STATES.csv,7d5ced889b068c5328afd81b1ff02d04b682639aa4f47410e45e21f689bf2547
550,199.41297052154195,172.26562500000261,SELECTED,F_MIX_00998,199.4361904761905,DRUM_SUPPORTED,23.21995464855000,23.21995464855000,False,[],1,0,"{""BASS_AND_DRUM_SUPPORTED"": 0, ""BASS_SUPPORTED"": 0, ""CONFLICTING_EVIDENCE"": 0, ""DRUM_SUPPORTED"": 0, ""UNKNOWN"": 0}",550,199.30681794237188,129.37253381862000,/Users/StarTrack/Development/JazzGrooveAnalyzer/docs/scientific/rfc/JGA_WHOLE_TRACK_GROOVE_FROZEN_PIPELINE_001_20260921/WHOLE_TRACK_SOURCE_STATES.csv,7d5ced889b068c5328afd81b1ff02d04b682639aa4f47410e45e21f689bf2547
551,199.76126984126984,161.4990234374967,SELECTED,F_MIX_00999,199.81931972789116,DRUM_SUPPORTED,58.04988662132000,58.04988662132000,False,[],1,0,"{""BASS_AND_DRUM_SUPPORTED"": 0, ""BASS_SUPPORTED"": 0, ""CONFLICTING_EVIDENCE"": 0, ""DRUM_SUPPORTED"": 0, ""UNKNOWN"": 0}",552,199.9733930798098,-154.07335191864000,/Users/StarTrack/Development/JazzGrooveAnalyzer/docs/scientific/rfc/JGA_WHOLE_TRACK_GROOVE_FROZEN_PIPELINE_001_20260921/WHOLE_TRACK_SOURCE_STATES.csv,7d5ced889b068c5328afd81b1ff02d04b682639aa4f47410e45e21f689bf2547
552,200.13278911564626,172.26562500000261,SELECTED,F_MIX_01000,200.16761904761904,DRUM_SUPPORTED,34.82993197278000,34.82993197278000,False,[],1,0,"{""BASS_AND_DRUM_SUPPORTED"": 0, ""BASS_SUPPORTED"": 0, ""CONFLICTING_EVIDENCE"": 0, ""DRUM_SUPPORTED"": 0, ""UNKNOWN"": 0}",553,200.30642196731927,-138.80291970023000,/Users/StarTrack/Development/JazzGrooveAnalyzer/docs/scientific/rfc/JGA_WHOLE_TRACK_GROOVE_FROZEN_PIPELINE_001_20260921/WHOLE_TRACK_SOURCE_STATES.csv,7d5ced889b068c5328afd81b1ff02d04b682639aa4f47410e45e21f689bf2547
553,200.48108843537415,161.4990234374967,EMPTY,NONE,,,,,False,[],0,0,"{""BASS_AND_DRUM_SUPPORTED"": 0, ""BASS_SUPPORTED"": 0, ""CONFLICTING_EVIDENCE"": 0, ""DRUM_SUPPORTED"": 0, ""UNKNOWN"": 0}",,,,/Users/StarTrack/Development/JazzGrooveAnalyzer/docs/scientific/rfc/JGA_WHOLE_TRACK_GROOVE_FROZEN_PIPELINE_001_20260921/WHOLE_TRACK_SOURCE_STATES.csv,7d5ced889b068c5328afd81b1ff02d04b682639aa4f47410e45e21f689bf2547
554,200.85260770975057,172.26562500000261,SELECTED,F_MIX_01001,200.80616780045352,DRUM_SUPPORTED,-46.43990929705000,46.43990929705000,False,[],1,0,"{""BASS_AND_DRUM_SUPPORTED"": 0, ""BASS_SUPPORTED"": 0, ""CONFLICTING_EVIDENCE"": 0, ""DRUM_SUPPORTED"": 0, ""UNKNOWN"": 0}",555,200.97167370056138,-165.50590010786000,/Users/StarTrack/Development/JazzGrooveAnalyzer/docs/scientific/rfc/JGA_WHOLE_TRACK_GROOVE_FROZEN_PIPELINE_001_20260921/WHOLE_TRACK_SOURCE_STATES.csv,7d5ced889b068c5328afd81b1ff02d04b682639aa4f47410e45e21f689bf2547
555,201.20090702947846,161.4990234374967,SELECTED,F_MIX_01002,201.2473469387755,DRUM_SUPPORTED,46.43990929704000,46.43990929704000,False,[],1,0,"{""BASS_AND_DRUM_SUPPORTED"": 0, ""BASS_SUPPORTED"": 0, ""CONFLICTING_EVIDENCE"": 0, ""DRUM_SUPPORTED"": 0, ""UNKNOWN"": 0}",556,201.30394935592767,-56.60241715217000,/Users/StarTrack/Development/JazzGrooveAnalyzer/docs/scientific/rfc/JGA_WHOLE_TRACK_GROOVE_FROZEN_PIPELINE_001_20260921/WHOLE_TRACK_SOURCE_STATES.csv,7d5ced889b068c5328afd81b1ff02d04b682639aa4f47410e45e21f689bf2547
556,201.57242630385488,172.26562500000261,SELECTED,F_MIX_01004,201.6304761904762,DRUM_SUPPORTED,58.04988662132000,58.04988662132000,False,[],2,1,"{""BASS_AND_DRUM_SUPPORTED"": 0, ""BASS_SUPPORTED"": 0, ""CONFLICTING_EVIDENCE"": 0, ""DRUM_SUPPORTED"": 1, ""UNKNOWN"": 0}",557,201.636022389068,-5.5461985918000,/Users/StarTrack/Development/JazzGrooveAnalyzer/docs/scientific/rfc/JGA_WHOLE_TRACK_GROOVE_FROZEN_PIPELINE_001_20260921/WHOLE_TRACK_SOURCE_STATES.csv,7d5ced889b068c5328afd81b1ff02d04b682639aa4f47410e45e21f689bf2547
557,201.92072562358277,172.26562500000261,SELECTED,F_MIX_01005,201.87428571428572,DRUM_SUPPORTED,-46.43990929705000,46.43990929705000,True,"[""F_MIX_01005"", ""F_MIX_01006""]",2,1,"{""BASS_AND_DRUM_SUPPORTED"": 0, ""BASS_SUPPORTED"": 0, ""CONFLICTING_EVIDENCE"": 0, ""DRUM_SUPPORTED"": 1, ""UNKNOWN"": 0}",558,201.96791306220493,-93.62734791921000,/Users/StarTrack/Development/JazzGrooveAnalyzer/docs/scientific/rfc/JGA_WHOLE_TRACK_GROOVE_FROZEN_PIPELINE_001_20260921/WHOLE_TRACK_SOURCE_STATES.csv,7d5ced889b068c5328afd81b1ff02d04b682639aa4f47410e45e21f689bf2547
558,202.26902494331065,161.4990234374967,SELECTED,F_MIX_01008,202.2922448979592,DRUM_SUPPORTED,23.21995464855000,23.21995464855000,False,[],2,1,"{""BASS_AND_DRUM_SUPPORTED"": 0, ""BASS_SUPPORTED"": 0, ""CONFLICTING_EVIDENCE"": 0, ""DRUM_SUPPORTED"": 0, ""UNKNOWN"": 1}",559,202.29963961133885,-7.39471337965000,/Users/StarTrack/Development/JazzGrooveAnalyzer/docs/scientific/rfc/JGA_WHOLE_TRACK_GROOVE_FROZEN_PIPELINE_001_20260921/WHOLE_TRACK_SOURCE_STATES.csv,7d5ced889b068c5328afd81b1ff02d04b682639aa4f47410e45e21f689bf2547
559,202.64054421768708,172.26562500000261,SELECTED,F_MIX_01009,202.6057142857143,UNKNOWN,-34.82993197278000,34.82993197278000,False,[],2,1,"{""BASS_AND_DRUM_SUPPORTED"": 0, ""BASS_SUPPORTED"": 0, ""CONFLICTING_EVIDENCE"": 0, ""DRUM_SUPPORTED"": 1, ""UNKNOWN"": 0}",560,202.63121844887002,-25.50416315572000,/Users/StarTrack/Development/JazzGrooveAnalyzer/docs/scientific/rfc/JGA_WHOLE_TRACK_GROOVE_FROZEN_PIPELINE_001_20260921/WHOLE_TRACK_SOURCE_STATES.csv,7d5ced889b068c5328afd81b1ff02d04b682639aa4f47410e45e21f689bf2547
560,202.98884353741497,172.26562500000261,SELECTED,F_MIX_01012,203.04689342403628,DRUM_SUPPORTED,58.04988662131000,58.04988662131000,False,[],2,1,"{""BASS_AND_DRUM_SUPPORTED"": 0, ""BASS_SUPPORTED"": 0, ""CONFLICTING_EVIDENCE"": 0, ""DRUM_SUPPORTED"": 0, ""UNKNOWN"": 1}",561,202.96266434595873,84.22907807755000,/Users/StarTrack/Development/JazzGrooveAnalyzer/docs/scientific/rfc/JGA_WHOLE_TRACK_GROOVE_FROZEN_PIPELINE_001_20260921/WHOLE_TRACK_SOURCE_STATES.csv,7d5ced889b068c5328afd81b1ff02d04b682639aa4f47410e45e21f689bf2547
561,203.33714285714285,172.26562500000261,SELECTED,F_MIX_01013,203.32553287981858,UNKNOWN,-11.60997732427000,11.60997732427000,False,[],2,1,"{""BASS_AND_DRUM_SUPPORTED"": 0, ""BASS_SUPPORTED"": 0, ""CONFLICTING_EVIDENCE"": 0, ""DRUM_SUPPORTED"": 1, ""UNKNOWN"": 0}",562,203.29399059664922,31.54228316936000,/Users/StarTrack/Development/JazzGrooveAnalyzer/docs/scientific/rfc/JGA_WHOLE_TRACK_GROOVE_FROZEN_PIPELINE_001_20260921/WHOLE_TRACK_SOURCE_STATES.csv,7d5ced889b068c5328afd81b1ff02d04b682639aa4f47410e45e21f689bf2547
562,203.68544217687074,161.4990234374967,SELECTED,F_MIX_01015,203.66222222222223,DRUM_SUPPORTED,-23.21995464851000,23.21995464851000,False,[],2,1,"{""BASS_AND_DRUM_SUPPORTED"": 0, ""BASS_SUPPORTED"": 0, ""CONFLICTING_EVIDENCE"": 0, ""DRUM_SUPPORTED"": 1, ""UNKNOWN"": 0}",563,203.62520916558134,37.01305664089000,/Users/StarTrack/Development/JazzGrooveAnalyzer/docs/scientific/rfc/JGA_WHOLE_TRACK_GROOVE_FROZEN_PIPELINE_001_20260921/WHOLE_TRACK_SOURCE_STATES.csv,7d5ced889b068c5328afd81b1ff02d04b682639aa4f47410e45e21f689bf2547
563,204.05696145124716,172.26562500000261,SELECTED,F_MIX_01017,204.03374149659865,DRUM_SUPPORTED,-23.21995464851000,23.21995464851000,False,[],1,0,"{""BASS_AND_DRUM_SUPPORTED"": 0, ""BASS_SUPPORTED"": 0, ""CONFLICTING_EVIDENCE"": 0, ""DRUM_SUPPORTED"": 0, ""UNKNOWN"": 0}",564,203.95672991390143,77.01158269722000,/Users/StarTrack/Development/JazzGrooveAnalyzer/docs/scientific/rfc/JGA_WHOLE_TRACK_GROOVE_FROZEN_PIPELINE_001_20260921/WHOLE_TRACK_SOURCE_STATES.csv,7d5ced889b068c5328afd81b1ff02d04b682639aa4f47410e45e21f689bf2547
564,204.40526077097505,172.26562499998857,SELECTED,F_MIX_01018,204.3356009070295,DRUM_SUPPORTED,-69.65986394555000,69.65986394555000,False,[],1,0,"{""BASS_AND_DRUM_SUPPORTED"": 0, ""BASS_SUPPORTED"": 0, ""CONFLICTING_EVIDENCE"": 0, ""DRUM_SUPPORTED"": 0, ""UNKNOWN"": 0}",565,204.28812353070015,47.47737632935000,/Users/StarTrack/Development/JazzGrooveAnalyzer/docs/scientific/rfc/JGA_WHOLE_TRACK_GROOVE_FROZEN_PIPELINE_001_20260921/WHOLE_TRACK_SOURCE_STATES.csv,7d5ced889b068c5328afd81b1ff02d04b682639aa4f47410e45e21f689bf2547
565,204.75356009070296,161.49902343750904,SELECTED,F_MIX_01019,204.70712018140588,DRUM_SUPPORTED,-46.43990929708000,46.43990929708000,False,[],2,1,"{""BASS_AND_DRUM_SUPPORTED"": 0, ""BASS_SUPPORTED"": 0, ""CONFLICTING_EVIDENCE"": 0, ""DRUM_SUPPORTED"": 0, ""UNKNOWN"": 1}",566,204.6198018221002,87.31835930568000,/Users/StarTrack/Development/JazzGrooveAnalyzer/docs/scientific/rfc/JGA_WHOLE_TRACK_GROOVE_FROZEN_PIPELINE_001_20260921/WHOLE_TRACK_SOURCE_STATES.csv,7d5ced889b068c5328afd81b1ff02d04b682639aa4f47410e45e21f689bf2547
566,205.12507936507936,172.26562500000261,SELECTED,F_MIX_01021,205.06702947845804,DRUM_SUPPORTED,-58.04988662132000,58.04988662132000,False,[],1,0,"{""BASS_AND_DRUM_SUPPORTED"": 0, ""BASS_SUPPORTED"": 0, ""CONFLICTING_EVIDENCE"": 0, ""DRUM_SUPPORTED"": 0, ""UNKNOWN"": 0}",567,204.95198575374798,115.04372471006000,/Users/StarTrack/Development/JazzGrooveAnalyzer/docs/scientific/rfc/JGA_WHOLE_TRACK_GROOVE_FROZEN_PIPELINE_001_20260921/WHOLE_TRACK_SOURCE_STATES.csv,7d5ced889b068c5328afd81b1ff02d04b682639aa4f47410e45e21f689bf2547
567,205.47337868480724,161.4990234374967,SELECTED,F_MIX_01022,205.43854875283446,DRUM_SUPPORTED,-34.82993197278000,34.82993197278000,False,[],2,1,"{""BASS_AND_DRUM_SUPPORTED"": 0, ""BASS_SUPPORTED"": 0, ""CONFLICTING_EVIDENCE"": 0, ""DRUM_SUPPORTED"": 0, ""UNKNOWN"": 1}",568,205.28487419472532,153.67455810914000,/Users/StarTrack/Development/JazzGrooveAnalyzer/docs/scientific/rfc/JGA_WHOLE_TRACK_GROOVE_FROZEN_PIPELINE_001_20260921/WHOLE_TRACK_SOURCE_STATES.csv,7d5ced889b068c5328afd81b1ff02d04b682639aa4f47410e45e21f689bf2547
568,205.84489795918367,172.26562500000261,SELECTED,F_MIX_01024,205.8100680272109,DRUM_SUPPORTED,-34.82993197277000,34.82993197277000,False,[],1,0,"{""BASS_AND_DRUM_SUPPORTED"": 0, ""BASS_SUPPORTED"": 0, ""CONFLICTING_EVIDENCE"": 0, ""DRUM_SUPPORTED"": 0, ""UNKNOWN"": 0}",570,205.95248984603012,-142.42181881922000,/Users/StarTrack/Development/JazzGrooveAnalyzer/docs/scientific/rfc/JGA_WHOLE_TRACK_GROOVE_FROZEN_PIPELINE_001_20260921/WHOLE_TRACK_SOURCE_STATES.csv,7d5ced889b068c5328afd81b1ff02d04b682639aa4f47410e45e21f689bf2547
569,206.19319727891155,161.4990234374967,SELECTED,F_MIX_01025,206.16997732426304,DRUM_SUPPORTED,-23.21995464851000,23.21995464851000,False,[],2,1,"{""BASS_AND_DRUM_SUPPORTED"": 0, ""BASS_SUPPORTED"": 0, ""CONFLICTING_EVIDENCE"": 0, ""DRUM_SUPPORTED"": 1, ""UNKNOWN"": 0}",571,206.28709658526222,-117.11926099918000,/Users/StarTrack/Development/JazzGrooveAnalyzer/docs/scientific/rfc/JGA_WHOLE_TRACK_GROOVE_FROZEN_PIPELINE_001_20260921/WHOLE_TRACK_SOURCE_STATES.csv,7d5ced889b068c5328afd81b1ff02d04b682639aa4f47410e45e21f689bf2547
570,206.56471655328798,161.4990234374967,SELECTED,F_MIX_01027,206.50666666666666,DRUM_SUPPORTED,-58.04988662132000,58.04988662132000,False,[],1,0,"{""BASS_AND_DRUM_SUPPORTED"": 0, ""BASS_SUPPORTED"": 0, ""CONFLICTING_EVIDENCE"": 0, ""DRUM_SUPPORTED"": 0, ""UNKNOWN"": 0}",572,206.62216555306546,-115.49888639880000,/Users/StarTrack/Development/JazzGrooveAnalyzer/docs/scientific/rfc/JGA_WHOLE_TRACK_GROOVE_FROZEN_PIPELINE_001_20260921/WHOLE_TRACK_SOURCE_STATES.csv,7d5ced889b068c5328afd81b1ff02d04b682639aa4f47410e45e21f689bf2547
571,206.9362358276644,161.4990234374967,SELECTED,F_MIX_01028,206.87818594104309,DRUM_SUPPORTED,-58.04988662131000,58.04988662131000,False,[],2,1,"{""BASS_AND_DRUM_SUPPORTED"": 0, ""BASS_SUPPORTED"": 0, ""CONFLICTING_EVIDENCE"": 0, ""DRUM_SUPPORTED"": 1, ""UNKNOWN"": 0}",573,206.9576505265827,-79.46458553961000,/Users/StarTrack/Development/JazzGrooveAnalyzer/docs/scientific/rfc/JGA_WHOLE_TRACK_GROOVE_FROZEN_PIPELINE_001_20260921/WHOLE_TRACK_SOURCE_STATES.csv,7d5ced889b068c5328afd81b1ff02d04b682639aa4f47410e45e21f689bf2547
572,207.30775510204083,161.49902343750904,SELECTED,F_MIX_01032,207.35419501133788,DRUM_SUPPORTED,46.43990929705000,46.43990929705000,False,[],3,2,"{""BASS_AND_DRUM_SUPPORTED"": 0, ""BASS_SUPPORTED"": 0, ""CONFLICTING_EVIDENCE"": 0, ""DRUM_SUPPORTED"": 1, ""UNKNOWN"": 1}",574,207.29350990524256,60.68510609532000,/Users/StarTrack/Development/JazzGrooveAnalyzer/docs/scientific/rfc/JGA_WHOLE_TRACK_GROOVE_FROZEN_PIPELINE_001_20260921/WHOLE_TRACK_SOURCE_STATES.csv,7d5ced889b068c5328afd81b1ff02d04b682639aa4f47410e45e21f689bf2547
573,207.67927437641723,161.4990234374967,EMPTY,NONE,,,,,False,[],0,0,"{""BASS_AND_DRUM_SUPPORTED"": 0, ""BASS_SUPPORTED"": 0, ""CONFLICTING_EVIDENCE"": 0, ""DRUM_SUPPORTED"": 0, ""UNKNOWN"": 0}",,,,/Users/StarTrack/Development/JazzGrooveAnalyzer/docs/scientific/rfc/JGA_WHOLE_TRACK_GROOVE_FROZEN_PIPELINE_001_20260921/WHOLE_TRACK_SOURCE_STATES.csv,7d5ced889b068c5328afd81b1ff02d04b682639aa4f47410e45e21f689bf2547
574,208.05079365079365,151.99908088235597,EMPTY,NONE,,,,,False,[],0,0,"{""BASS_AND_DRUM_SUPPORTED"": 0, ""BASS_SUPPORTED"": 0, ""CONFLICTING_EVIDENCE"": 0, ""DRUM_SUPPORTED"": 0, ""UNKNOWN"": 0}",,,,/Users/StarTrack/Development/JazzGrooveAnalyzer/docs/scientific/rfc/JGA_WHOLE_TRACK_GROOVE_FROZEN_PIPELINE_001_20260921/WHOLE_TRACK_SOURCE_STATES.csv,7d5ced889b068c5328afd81b1ff02d04b682639aa4f47410e45e21f689bf2547
575,208.4455328798186,161.4990234374967,EMPTY,NONE,,,,,False,[],0,0,"{""BASS_AND_DRUM_SUPPORTED"": 0, ""BASS_SUPPORTED"": 0, ""CONFLICTING_EVIDENCE"": 0, ""DRUM_SUPPORTED"": 0, ""UNKNOWN"": 0}",,,,/Users/StarTrack/Development/JazzGrooveAnalyzer/docs/scientific/rfc/JGA_WHOLE_TRACK_GROOVE_FROZEN_PIPELINE_001_20260921/WHOLE_TRACK_SOURCE_STATES.csv,7d5ced889b068c5328afd81b1ff02d04b682639aa4f47410e45e21f689bf2547
576,208.817052154195,151.99908088235597,EMPTY,NONE,,,,,False,[],0,0,"{""BASS_AND_DRUM_SUPPORTED"": 0, ""BASS_SUPPORTED"": 0, ""CONFLICTING_EVIDENCE"": 0, ""DRUM_SUPPORTED"": 0, ""UNKNOWN"": 0}",,,,/Users/StarTrack/Development/JazzGrooveAnalyzer/docs/scientific/rfc/JGA_WHOLE_TRACK_GROOVE_FROZEN_PIPELINE_001_20260921/WHOLE_TRACK_SOURCE_STATES.csv,7d5ced889b068c5328afd81b1ff02d04b682639aa4f47410e45e21f689bf2547
577,209.21179138321995,161.4990234374967,SELECTED,F_MIX_01033,209.258231292517,DRUM_SUPPORTED,46.43990929705000,46.43990929705000,False,[],1,0,"{""BASS_AND_DRUM_SUPPORTED"": 0, ""BASS_SUPPORTED"": 0, ""CONFLICTING_EVIDENCE"": 0, ""DRUM_SUPPORTED"": 0, ""UNKNOWN"": 0}",580,209.3149235851726,-56.6922926556000,/Users/StarTrack/Development/JazzGrooveAnalyzer/docs/scientific/rfc/JGA_WHOLE_TRACK_GROOVE_FROZEN_PIPELINE_001_20260921/WHOLE_TRACK_SOURCE_STATES.csv,7d5ced889b068c5328afd81b1ff02d04b682639aa4f47410e45e21f689bf2547
578,209.58331065759637,161.4990234374967,SELECTED,F_MIX_01035,209.59492063492064,DRUM_SUPPORTED,11.60997732427000,11.60997732427000,False,[],2,1,"{""BASS_AND_DRUM_SUPPORTED"": 0, ""BASS_SUPPORTED"": 0, ""CONFLICTING_EVIDENCE"": 0, ""DRUM_SUPPORTED"": 0, ""UNKNOWN"": 1}",581,209.65276540854035,-57.84477361971000,/Users/StarTrack/Development/JazzGrooveAnalyzer/docs/scientific/rfc/JGA_WHOLE_TRACK_GROOVE_FROZEN_PIPELINE_001_20260921/WHOLE_TRACK_SOURCE_STATES.csv,7d5ced889b068c5328afd81b1ff02d04b682639aa4f47410e45e21f689bf2547
579,209.9548299319728,161.49902343750904,SELECTED,F_MIX_01036,209.98965986394558,DRUM_SUPPORTED,34.82993197278000,34.82993197278000,False,[],2,1,"{""BASS_AND_DRUM_SUPPORTED"": 0, ""BASS_SUPPORTED"": 0, ""CONFLICTING_EVIDENCE"": 0, ""DRUM_SUPPORTED"": 0, ""UNKNOWN"": 1}",582,209.99099538517223,-1.33552122665000,/Users/StarTrack/Development/JazzGrooveAnalyzer/docs/scientific/rfc/JGA_WHOLE_TRACK_GROOVE_FROZEN_PIPELINE_001_20260921/WHOLE_TRACK_SOURCE_STATES.csv,7d5ced889b068c5328afd81b1ff02d04b682639aa4f47410e45e21f689bf2547
580,210.3263492063492,161.4990234374967,SELECTED,F_MIX_01040,210.34956916099773,DRUM_SUPPORTED,23.21995464853000,23.21995464853000,False,[],3,2,"{""BASS_AND_DRUM_SUPPORTED"": 0, ""BASS_SUPPORTED"": 0, ""CONFLICTING_EVIDENCE"": 0, ""DRUM_SUPPORTED"": 0, ""UNKNOWN"": 2}",583,210.3298241328484,19.74502814933000,/Users/StarTrack/Development/JazzGrooveAnalyzer/docs/scientific/rfc/JGA_WHOLE_TRACK_GROOVE_FROZEN_PIPELINE_001_20260921/WHOLE_TRACK_SOURCE_STATES.csv,7d5ced889b068c5328afd81b1ff02d04b682639aa4f47410e45e21f689bf2547
581,210.69786848072562,161.4990234374967,SELECTED,F_MIX_01043,210.68625850340135,DRUM_SUPPORTED,-11.60997732427000,11.60997732427000,False,[],4,3,"{""BASS_AND_DRUM_SUPPORTED"": 0, ""BASS_SUPPORTED"": 0, ""CONFLICTING_EVIDENCE"": 0, ""DRUM_SUPPORTED"": 0, ""UNKNOWN"": 3}",584,210.67018950689072,16.06899651063000,/Users/StarTrack/Development/JazzGrooveAnalyzer/docs/scientific/rfc/JGA_WHOLE_TRACK_GROOVE_FROZEN_PIPELINE_001_20260921/WHOLE_TRACK_SOURCE_STATES.csv,7d5ced889b068c5328afd81b1ff02d04b682639aa4f47410e45e21f689bf2547
582,211.06938775510204,172.26562500000261,SELECTED,F_MIX_01046,211.05777777777777,DRUM_SUPPORTED,-11.60997732427000,11.60997732427000,False,[],3,2,"{""BASS_AND_DRUM_SUPPORTED"": 0, ""BASS_SUPPORTED"": 0, ""CONFLICTING_EVIDENCE"": 0, ""DRUM_SUPPORTED"": 1, ""UNKNOWN"": 1}",585,211.0119378446626,45.83993311517000,/Users/StarTrack/Development/JazzGrooveAnalyzer/docs/scientific/rfc/JGA_WHOLE_TRACK_GROOVE_FROZEN_PIPELINE_001_20260921/WHOLE_TRACK_SOURCE_STATES.csv,7d5ced889b068c5328afd81b1ff02d04b682639aa4f47410e45e21f689bf2547
583,211.41768707482993,161.4990234374967,SELECTED,F_MIX_01049,211.40607709750566,DRUM_SUPPORTED,-11.60997732427000,11.60997732427000,False,[],4,3,"{""BASS_AND_DRUM_SUPPORTED"": 0, ""BASS_SUPPORTED"": 0, ""CONFLICTING_EVIDENCE"": 0, ""DRUM_SUPPORTED"": 1, ""UNKNOWN"": 2}",586,211.3549308497911,51.14624771456000,/Users/StarTrack/Development/JazzGrooveAnalyzer/docs/scientific/rfc/JGA_WHOLE_TRACK_GROOVE_FROZEN_PIPELINE_001_20260921/WHOLE_TRACK_SOURCE_STATES.csv,7d5ced889b068c5328afd81b1ff02d04b682639aa4f47410e45e21f689bf2547
584,211.78920634920635,172.26562500000261,SELECTED,F_MIX_01053,211.78920634920635,DRUM_SUPPORTED,0E-14,0E-14,False,[],2,1,"{""BASS_AND_DRUM_SUPPORTED"": 0, ""BASS_SUPPORTED"": 0, ""CONFLICTING_EVIDENCE"": 0, ""DRUM_SUPPORTED"": 0, ""UNKNOWN"": 1}",587,211.69792385491957,91.28249428678000,/Users/StarTrack/Development/JazzGrooveAnalyzer/docs/scientific/rfc/JGA_WHOLE_TRACK_GROOVE_FROZEN_PIPELINE_001_20260921/WHOLE_TRACK_SOURCE_STATES.csv,7d5ced889b068c5328afd81b1ff02d04b682639aa4f47410e45e21f689bf2547
585,212.13750566893424,161.4990234374967,SELECTED,F_MIX_01055,212.1491156462585,DRUM_SUPPORTED,11.60997732426000,11.60997732426000,False,[],2,1,"{""BASS_AND_DRUM_SUPPORTED"": 0, ""BASS_SUPPORTED"": 0, ""CONFLICTING_EVIDENCE"": 0, ""DRUM_SUPPORTED"": 0, ""UNKNOWN"": 1}",588,212.04091686004804,108.19878621046000,/Users/StarTrack/Development/JazzGrooveAnalyzer/docs/scientific/rfc/JGA_WHOLE_TRACK_GROOVE_FROZEN_PIPELINE_001_20260921/WHOLE_TRACK_SOURCE_STATES.csv,7d5ced889b068c5328afd81b1ff02d04b682639aa4f47410e45e21f689bf2547
586,212.50902494331066,172.26562500000261,SELECTED,F_MIX_01057,212.52063492063493,DRUM_SUPPORTED,11.60997732427000,11.60997732427000,False,[],2,1,"{""BASS_AND_DRUM_SUPPORTED"": 0, ""BASS_SUPPORTED"": 0, ""CONFLICTING_EVIDENCE"": 0, ""DRUM_SUPPORTED"": 1, ""UNKNOWN"": 0}",589,212.38390986517652,136.72505545841000,/Users/StarTrack/Development/JazzGrooveAnalyzer/docs/scientific/rfc/JGA_WHOLE_TRACK_GROOVE_FROZEN_PIPELINE_001_20260921/WHOLE_TRACK_SOURCE_STATES.csv,7d5ced889b068c5328afd81b1ff02d04b682639aa4f47410e45e21f689bf2547
587,212.85732426303855,172.26562500000261,SELECTED,F_MIX_01059,212.8805442176871,DRUM_SUPPORTED,23.21995464855000,23.21995464855000,False,[],2,1,"{""BASS_AND_DRUM_SUPPORTED"": 0, ""BASS_SUPPORTED"": 0, ""CONFLICTING_EVIDENCE"": 0, ""DRUM_SUPPORTED"": 0, ""UNKNOWN"": 1}",590,212.726902870305,153.6413473821000,/Users/StarTrack/Development/JazzGrooveAnalyzer/docs/scientific/rfc/JGA_WHOLE_TRACK_GROOVE_FROZEN_PIPELINE_001_20260921/WHOLE_TRACK_SOURCE_STATES.csv,7d5ced889b068c5328afd81b1ff02d04b682639aa4f47410e45e21f689bf2547
588,213.20562358276644,161.4990234374967,SELECTED,F_MIX_01061,213.25206349206348,DRUM_SUPPORTED,46.43990929704000,46.43990929704000,False,[],2,1,"{""BASS_AND_DRUM_SUPPORTED"": 0, ""BASS_SUPPORTED"": 0, ""CONFLICTING_EVIDENCE"": 0, ""DRUM_SUPPORTED"": 0, ""UNKNOWN"": 1}",592,213.41288888056195,-160.82538849847000,/Users/StarTrack/Development/JazzGrooveAnalyzer/docs/scientific/rfc/JGA_WHOLE_TRACK_GROOVE_FROZEN_PIPELINE_001_20260921/WHOLE_TRACK_SOURCE_STATES.csv,7d5ced889b068c5328afd81b1ff02d04b682639aa4f47410e45e21f689bf2547
589,213.57714285714286,172.26562500000261,SELECTED,F_MIX_01063,213.6235827664399,DRUM_SUPPORTED,46.43990929704000,46.43990929704000,False,[],2,1,"{""BASS_AND_DRUM_SUPPORTED"": 0, ""BASS_SUPPORTED"": 0, ""CONFLICTING_EVIDENCE"": 0, ""DRUM_SUPPORTED"": 0, ""UNKNOWN"": 1}",593,213.75588188569043,-132.29911925053000,/Users/StarTrack/Development/JazzGrooveAnalyzer/docs/scientific/rfc/JGA_WHOLE_TRACK_GROOVE_FROZEN_PIPELINE_001_20260921/WHOLE_TRACK_SOURCE_STATES.csv,7d5ced889b068c5328afd81b1ff02d04b682639aa4f47410e45e21f689bf2547
590,213.92544217687075,172.26562500000261,SELECTED,F_MIX_01064,213.8790022675737,DRUM_SUPPORTED,-46.43990929705000,46.43990929705000,False,[],1,0,"{""BASS_AND_DRUM_SUPPORTED"": 0, ""BASS_SUPPORTED"": 0, ""CONFLICTING_EVIDENCE"": 0, ""DRUM_SUPPORTED"": 0, ""UNKNOWN"": 0}",593,213.75588188569043,123.12038188327000,/Users/StarTrack/Development/JazzGrooveAnalyzer/docs/scientific/rfc/JGA_WHOLE_TRACK_GROOVE_FROZEN_PIPELINE_001_20260921/WHOLE_TRACK_SOURCE_STATES.csv,7d5ced889b068c5328afd81b1ff02d04b682639aa4f47410e45e21f689bf2547
591,214.27374149659863,161.4990234374967,SELECTED,F_MIX_01066,214.25052154195012,UNKNOWN,-23.21995464851000,23.21995464851000,False,[],3,2,"{""BASS_AND_DRUM_SUPPORTED"": 0, ""BASS_SUPPORTED"": 0, ""CONFLICTING_EVIDENCE"": 0, ""DRUM_SUPPORTED"": 1, ""UNKNOWN"": 1}",594,214.0988748908189,151.64665113122000,/Users/StarTrack/Development/JazzGrooveAnalyzer/docs/scientific/rfc/JGA_WHOLE_TRACK_GROOVE_FROZEN_PIPELINE_001_20260921/WHOLE_TRACK_SOURCE_STATES.csv,7d5ced889b068c5328afd81b1ff02d04b682639aa4f47410e45e21f689bf2547
592,214.64526077097506,172.26562500000261,SELECTED,F_MIX_01068,214.598820861678,UNKNOWN,-46.43990929706000,46.43990929706000,False,[],2,1,"{""BASS_AND_DRUM_SUPPORTED"": 0, ""BASS_SUPPORTED"": 0, ""CONFLICTING_EVIDENCE"": 0, ""DRUM_SUPPORTED"": 1, ""UNKNOWN"": 0}",595,214.44273866346177,156.08219821623000,/Users/StarTrack/Development/JazzGrooveAnalyzer/docs/scientific/rfc/JGA_WHOLE_TRACK_GROOVE_FROZEN_PIPELINE_001_20260921/WHOLE_TRACK_SOURCE_STATES.csv,7d5ced889b068c5328afd81b1ff02d04b682639aa4f47410e45e21f689bf2547
593,214.99356009070294,172.26562500000261,SELECTED,F_MIX_01070,214.95873015873016,DRUM_SUPPORTED,-34.82993197278000,34.82993197278000,False,[],2,1,"{""BASS_AND_DRUM_SUPPORTED"": 0, ""BASS_SUPPORTED"": 0, ""CONFLICTING_EVIDENCE"": 0, ""DRUM_SUPPORTED"": 1, ""UNKNOWN"": 0}",596,214.78832175496782,170.40840376234000,/Users/StarTrack/Development/JazzGrooveAnalyzer/docs/scientific/rfc/JGA_WHOLE_TRACK_GROOVE_FROZEN_PIPELINE_001_20260921/WHOLE_TRACK_SOURCE_STATES.csv,7d5ced889b068c5328afd81b1ff02d04b682639aa4f47410e45e21f689bf2547
594,215.34185941043083,161.4990234374967,SELECTED,F_MIX_01072,215.34185941043083,UNKNOWN,0E-14,0E-14,False,[],2,1,"{""BASS_AND_DRUM_SUPPORTED"": 0, ""BASS_SUPPORTED"": 0, ""CONFLICTING_EVIDENCE"": 0, ""DRUM_SUPPORTED"": 1, ""UNKNOWN"": 0}",598,215.48468032392984,-142.82091349901000,/Users/StarTrack/Development/JazzGrooveAnalyzer/docs/scientific/rfc/JGA_WHOLE_TRACK_GROOVE_FROZEN_PIPELINE_001_20260921/WHOLE_TRACK_SOURCE_STATES.csv,7d5ced889b068c5328afd81b1ff02d04b682639aa4f47410e45e21f689bf2547
595,215.71337868480725,172.26562500000261,SELECTED,F_MIX_01074,215.69015873015874,DRUM_SUPPORTED,-23.21995464851000,23.21995464851000,False,[],1,0,"{""BASS_AND_DRUM_SUPPORTED"": 0, ""BASS_SUPPORTED"": 0, ""CONFLICTING_EVIDENCE"": 0, ""DRUM_SUPPORTED"": 0, ""UNKNOWN"": 0}",599,215.83547312373824,-145.31439357950000,/Users/StarTrack/Development/JazzGrooveAnalyzer/docs/scientific/rfc/JGA_WHOLE_TRACK_GROOVE_FROZEN_PIPELINE_001_20260921/WHOLE_TRACK_SOURCE_STATES.csv,7d5ced889b068c5328afd81b1ff02d04b682639aa4f47410e45e21f689bf2547
596,216.06167800453514,172.26562500000261,SELECTED,F_MIX_01075,216.03845804988663,DRUM_SUPPORTED,-23.21995464851000,23.21995464851000,False,[],1,0,"{""BASS_AND_DRUM_SUPPORTED"": 0, ""BASS_SUPPORTED"": 0, ""CONFLICTING_EVIDENCE"": 0, ""DRUM_SUPPORTED"": 0, ""UNKNOWN"": 0}",600,216.18785331023247,-149.39526034584000,/Users/StarTrack/Development/JazzGrooveAnalyzer/docs/scientific/rfc/JGA_WHOLE_TRACK_GROOVE_FROZEN_PIPELINE_001_20260921/WHOLE_TRACK_SOURCE_STATES.csv,7d5ced889b068c5328afd81b1ff02d04b682639aa4f47410e45e21f689bf2547
597,216.40997732426302,161.4990234374967,SELECTED,F_MIX_01076,216.37514739229024,DRUM_SUPPORTED,-34.82993197278000,34.82993197278000,False,[],2,1,"{""BASS_AND_DRUM_SUPPORTED"": 0, ""BASS_SUPPORTED"": 0, ""CONFLICTING_EVIDENCE"": 0, ""DRUM_SUPPORTED"": 0, ""UNKNOWN"": 1}",601,216.54191157785053,-166.76418556029000,/Users/StarTrack/Development/JazzGrooveAnalyzer/docs/scientific/rfc/JGA_WHOLE_TRACK_GROOVE_FROZEN_PIPELINE_001_20260921/WHOLE_TRACK_SOURCE_STATES.csv,7d5ced889b068c5328afd81b1ff02d04b682639aa4f47410e45e21f689bf2547
598,216.78149659863945,172.26562500000261,SELECTED,F_MIX_01079,216.79310657596372,DRUM_SUPPORTED,11.60997732427000,11.60997732427000,False,[],2,1,"{""BASS_AND_DRUM_SUPPORTED"": 0, ""BASS_SUPPORTED"": 0, ""CONFLICTING_EVIDENCE"": 0, ""DRUM_SUPPORTED"": 1, ""UNKNOWN"": 0}",602,216.89723068537344,-104.12410940972000,/Users/StarTrack/Development/JazzGrooveAnalyzer/docs/scientific/rfc/JGA_WHOLE_TRACK_GROOVE_FROZEN_PIPELINE_001_20260921/WHOLE_TRACK_SOURCE_STATES.csv,7d5ced889b068c5328afd81b1ff02d04b682639aa4f47410e45e21f689bf2547
599,217.12979591836734,172.26562499998857,SELECTED,F_MIX_01080,217.17623582766439,DRUM_SUPPORTED,46.43990929705000,46.43990929705000,False,[],1,0,"{""BASS_AND_DRUM_SUPPORTED"": 0, ""BASS_SUPPORTED"": 0, ""CONFLICTING_EVIDENCE"": 0, ""DRUM_SUPPORTED"": 0, ""UNKNOWN"": 0}",603,217.25343511570415,-77.19928803976000,/Users/StarTrack/Development/JazzGrooveAnalyzer/docs/scientific/rfc/JGA_WHOLE_TRACK_GROOVE_FROZEN_PIPELINE_001_20260921/WHOLE_TRACK_SOURCE_STATES.csv,7d5ced889b068c5328afd81b1ff02d04b682639aa4f47410e45e21f689bf2547
600,217.47809523809525,172.26562500000261,SELECTED,F_MIX_01081,217.40843537414966,DRUM_SUPPORTED,-69.65986394559000,69.65986394559000,False,[],1,0,"{""BASS_AND_DRUM_SUPPORTED"": 0, ""BASS_SUPPORTED"": 0, ""CONFLICTING_EVIDENCE"": 0, ""DRUM_SUPPORTED"": 0, ""UNKNOWN"": 0}",603,217.25343511570415,155.00025844551000,/Users/StarTrack/Development/JazzGrooveAnalyzer/docs/scientific/rfc/JGA_WHOLE_TRACK_GROOVE_FROZEN_PIPELINE_001_20260921/WHOLE_TRACK_SOURCE_STATES.csv,7d5ced889b068c5328afd81b1ff02d04b682639aa4f47410e45e21f689bf2547
601,217.82639455782314,161.4990234374967,SELECTED,F_MIX_01082,217.7799546485261,DRUM_SUPPORTED,-46.43990929704000,46.43990929704000,False,[],2,1,"{""BASS_AND_DRUM_SUPPORTED"": 0, ""BASS_SUPPORTED"": 0, ""CONFLICTING_EVIDENCE"": 0, ""DRUM_SUPPORTED"": 1, ""UNKNOWN"": 0}",604,217.60968803724217,170.26661128393000,/Users/StarTrack/Development/JazzGrooveAnalyzer/docs/scientific/rfc/JGA_WHOLE_TRACK_GROOVE_FROZEN_PIPELINE_001_20260921/WHOLE_TRACK_SOURCE_STATES.csv,7d5ced889b068c5328afd81b1ff02d04b682639aa4f47410e45e21f689bf2547
602,218.19791383219956,172.26562500000261,SELECTED,F_MIX_01085,218.1863038548753,DRUM_SUPPORTED,-11.60997732426000,11.60997732426000,False,[],3,2,"{""BASS_AND_DRUM_SUPPORTED"": 0, ""BASS_SUPPORTED"": 0, ""CONFLICTING_EVIDENCE"": 0, ""DRUM_SUPPORTED"": 2, ""UNKNOWN"": 0}",606,218.3223204423692,-136.0165874939000,/Users/StarTrack/Development/JazzGrooveAnalyzer/docs/scientific/rfc/JGA_WHOLE_TRACK_GROOVE_FROZEN_PIPELINE_001_20260921/WHOLE_TRACK_SOURCE_STATES.csv,7d5ced889b068c5328afd81b1ff02d04b682639aa4f47410e45e21f689bf2547
603,218.54621315192745,161.49902343750904,SELECTED,F_MIX_01087,218.51138321995464,DRUM_SUPPORTED,-34.82993197281000,34.82993197281000,False,[],2,1,"{""BASS_AND_DRUM_SUPPORTED"": 0, ""BASS_SUPPORTED"": 0, ""CONFLICTING_EVIDENCE"": 0, ""DRUM_SUPPORTED"": 1, ""UNKNOWN"": 0}",607,218.6786916339618,-167.30841400716000,/Users/StarTrack/Development/JazzGrooveAnalyzer/docs/scientific/rfc/JGA_WHOLE_TRACK_GROOVE_FROZEN_PIPELINE_001_20260921/WHOLE_TRACK_SOURCE_STATES.csv,7d5ced889b068c5328afd81b1ff02d04b682639aa4f47410e45e21f689bf2547
604,218.91773242630384,161.4990234374967,SELECTED,F_MIX_01091,218.94095238095238,DRUM_SUPPORTED,23.21995464854000,23.21995464854000,False,[],3,2,"{""BASS_AND_DRUM_SUPPORTED"": 0, ""BASS_SUPPORTED"": 0, ""CONFLICTING_EVIDENCE"": 0, ""DRUM_SUPPORTED"": 2, ""UNKNOWN"": 0}",608,219.0350946406355,-94.14225968312000,/Users/StarTrack/Development/JazzGrooveAnalyzer/docs/scientific/rfc/JGA_WHOLE_TRACK_GROOVE_FROZEN_PIPELINE_001_20260921/WHOLE_TRACK_SOURCE_STATES.csv,7d5ced889b068c5328afd81b1ff02d04b682639aa4f47410e45e21f689bf2547
605,219.28925170068027,161.4990234374967,SELECTED,F_MIX_01092,219.19637188208617,DRUM_SUPPORTED,-92.87981859410000,92.87981859410000,False,[],2,1,"{""BASS_AND_DRUM_SUPPORTED"": 0, ""BASS_SUPPORTED"": 0, ""CONFLICTING_EVIDENCE"": 0, ""DRUM_SUPPORTED"": 0, ""UNKNOWN"": 1}",608,219.0350946406355,161.27724145067000,/Users/StarTrack/Development/JazzGrooveAnalyzer/docs/scientific/rfc/JGA_WHOLE_TRACK_GROOVE_FROZEN_PIPELINE_001_20260921/WHOLE_TRACK_SOURCE_STATES.csv,7d5ced889b068c5328afd81b1ff02d04b682639aa4f47410e45e21f689bf2547
606,219.6607709750567,151.99908088235597,SELECTED,F_MIX_01095,219.6839909297052,DRUM_SUPPORTED,23.2199546485000,23.2199546485000,False,[],4,3,"{""BASS_AND_DRUM_SUPPORTED"": 0, ""BASS_SUPPORTED"": 0, ""CONFLICTING_EVIDENCE"": 0, ""DRUM_SUPPORTED"": 3, ""UNKNOWN"": 0}",610,219.74873199066428,-64.74106095908000,/Users/StarTrack/Development/JazzGrooveAnalyzer/docs/scientific/rfc/JGA_WHOLE_TRACK_GROOVE_FROZEN_PIPELINE_001_20260921/WHOLE_TRACK_SOURCE_STATES.csv,7d5ced889b068c5328afd81b1ff02d04b682639aa4f47410e45e21f689bf2547
607,220.05551020408163,151.99908088235597,SELECTED,F_MIX_01098,219.9974603174603,DRUM_SUPPORTED,-58.04988662133000,58.04988662133000,False,[],2,1,"{""BASS_AND_DRUM_SUPPORTED"": 0, ""BASS_SUPPORTED"": 0, ""CONFLICTING_EVIDENCE"": 0, ""DRUM_SUPPORTED"": 1, ""UNKNOWN"": 0}",611,220.1066343630283,-109.1740455680000,/Users/StarTrack/Development/JazzGrooveAnalyzer/docs/scientific/rfc/JGA_WHOLE_TRACK_GROOVE_FROZEN_PIPELINE_001_20260921/WHOLE_TRACK_SOURCE_STATES.csv,7d5ced889b068c5328afd81b1ff02d04b682639aa4f47410e45e21f689bf2547
608,220.45024943310656,161.4990234374967,SELECTED,F_MIX_01100,220.380589569161,DRUM_SUPPORTED,-69.65986394556000,69.65986394556000,False,[],1,0,"{""BASS_AND_DRUM_SUPPORTED"": 0, ""BASS_SUPPORTED"": 0, ""CONFLICTING_EVIDENCE"": 0, ""DRUM_SUPPORTED"": 0, ""UNKNOWN"": 0}",612,220.465163731716,-84.574162555000,/Users/StarTrack/Development/JazzGrooveAnalyzer/docs/scientific/rfc/JGA_WHOLE_TRACK_GROOVE_FROZEN_PIPELINE_001_20260921/WHOLE_TRACK_SOURCE_STATES.csv,7d5ced889b068c5328afd81b1ff02d04b682639aa4f47410e45e21f689bf2547
609,220.821768707483,161.4990234374967,SELECTED,F_MIX_01101,220.86820861678004,DRUM_SUPPORTED,46.43990929704000,46.43990929704000,False,[],1,0,"{""BASS_AND_DRUM_SUPPORTED"": 0, ""BASS_SUPPORTED"": 0, ""CONFLICTING_EVIDENCE"": 0, ""DRUM_SUPPORTED"": 0, ""UNKNOWN"": 0}",613,220.8235090977753,44.69951900474000,/Users/StarTrack/Development/JazzGrooveAnalyzer/docs/scientific/rfc/JGA_WHOLE_TRACK_GROOVE_FROZEN_PIPELINE_001_20260921/WHOLE_TRACK_SOURCE_STATES.csv,7d5ced889b068c5328afd81b1ff02d04b682639aa4f47410e45e21f689bf2547
610,221.1932879818594,161.4990234374967,SELECTED,F_MIX_01102,221.262947845805,DRUM_SUPPORTED,69.6598639456000,69.6598639456000,False,[],1,0,"{""BASS_AND_DRUM_SUPPORTED"": 0, ""BASS_SUPPORTED"": 0, ""CONFLICTING_EVIDENCE"": 0, ""DRUM_SUPPORTED"": 0, ""UNKNOWN"": 0}",614,221.1809405621493,82.0072836557000,/Users/StarTrack/Development/JazzGrooveAnalyzer/docs/scientific/rfc/JGA_WHOLE_TRACK_GROOVE_FROZEN_PIPELINE_001_20260921/WHOLE_TRACK_SOURCE_STATES.csv,7d5ced889b068c5328afd81b1ff02d04b682639aa4f47410e45e21f689bf2547
611,221.56480725623584,151.99908088235597,SELECTED,F_MIX_01103,221.5183673469388,DRUM_SUPPORTED,-46.43990929704000,46.43990929704000,False,[],3,2,"{""BASS_AND_DRUM_SUPPORTED"": 1, ""BASS_SUPPORTED"": 0, ""CONFLICTING_EVIDENCE"": 0, ""DRUM_SUPPORTED"": 0, ""UNKNOWN"": 1}",615,221.5375495150065,-19.1821680677000,/Users/StarTrack/Development/JazzGrooveAnalyzer/docs/scientific/rfc/JGA_WHOLE_TRACK_GROOVE_FROZEN_PIPELINE_001_20260921/WHOLE_TRACK_SOURCE_STATES.csv,7d5ced889b068c5328afd81b1ff02d04b682639aa4f47410e45e21f689bf2547
612,221.95954648526077,161.4990234374967,SELECTED,F_MIX_01106,221.98276643990928,BASS_AND_DRUM_SUPPORTED,23.21995464851000,23.21995464851000,False,[],1,0,"{""BASS_AND_DRUM_SUPPORTED"": 0, ""BASS_SUPPORTED"": 0, ""CONFLICTING_EVIDENCE"": 0, ""DRUM_SUPPORTED"": 0, ""UNKNOWN"": 0}",616,221.89341820749866,89.34823241062000,/Users/StarTrack/Development/JazzGrooveAnalyzer/docs/scientific/rfc/JGA_WHOLE_TRACK_GROOVE_FROZEN_PIPELINE_001_20260921/WHOLE_TRACK_SOURCE_STATES.csv,7d5ced889b068c5328afd81b1ff02d04b682639aa4f47410e45e21f689bf2547
613,222.3310657596372,161.49902343750904,SELECTED,F_MIX_01108,222.37750566893425,BASS_AND_DRUM_SUPPORTED,46.43990929705000,46.43990929705000,False,[],2,1,"{""BASS_AND_DRUM_SUPPORTED"": 0, ""BASS_SUPPORTED"": 0, ""CONFLICTING_EVIDENCE"": 0, ""DRUM_SUPPORTED"": 0, ""UNKNOWN"": 1}",617,222.24862066566223,128.88500327202000,/Users/StarTrack/Development/JazzGrooveAnalyzer/docs/scientific/rfc/JGA_WHOLE_TRACK_GROOVE_FROZEN_PIPELINE_001_20260921/WHOLE_TRACK_SOURCE_STATES.csv,7d5ced889b068c5328afd81b1ff02d04b682639aa4f47410e45e21f689bf2547
614,222.7025850340136,161.4990234374967,SELECTED,F_MIX_01109,222.74902494331064,BASS_AND_DRUM_SUPPORTED,46.43990929704000,46.43990929704000,False,[],1,0,"{""BASS_AND_DRUM_SUPPORTED"": 0, ""BASS_SUPPORTED"": 0, ""CONFLICTING_EVIDENCE"": 0, ""DRUM_SUPPORTED"": 0, ""UNKNOWN"": 0}",618,222.60322351293007,145.80143038057000,/Users/StarTrack/Development/JazzGrooveAnalyzer/docs/scientific/rfc/JGA_WHOLE_TRACK_GROOVE_FROZEN_PIPELINE_001_20260921/WHOLE_TRACK_SOURCE_STATES.csv,7d5ced889b068c5328afd81b1ff02d04b682639aa4f47410e45e21f689bf2547
615,223.07410430839002,172.26562500000261,SELECTED,F_MIX_01111,223.1089342403628,DRUM_SUPPORTED,34.82993197278000,34.82993197278000,False,[],2,1,"{""BASS_AND_DRUM_SUPPORTED"": 0, ""BASS_SUPPORTED"": 0, ""CONFLICTING_EVIDENCE"": 0, ""DRUM_SUPPORTED"": 1, ""UNKNOWN"": 0}",619,222.95728671039177,151.64752997103000,/Users/StarTrack/Development/JazzGrooveAnalyzer/docs/scientific/rfc/JGA_WHOLE_TRACK_GROOVE_FROZEN_PIPELINE_001_20260921/WHOLE_TRACK_SOURCE_STATES.csv,7d5ced889b068c5328afd81b1ff02d04b682639aa4f47410e45e21f689bf2547
616,223.4224036281179,161.4990234374967,SELECTED,F_MIX_01112,223.3643537414966,UNKNOWN,-58.0498866213000,58.0498866213000,False,[],1,0,"{""BASS_AND_DRUM_SUPPORTED"": 0, ""BASS_SUPPORTED"": 0, ""CONFLICTING_EVIDENCE"": 0, ""DRUM_SUPPORTED"": 0, ""UNKNOWN"": 0}",620,223.31086422302792,53.48951846868000,/Users/StarTrack/Development/JazzGrooveAnalyzer/docs/scientific/rfc/JGA_WHOLE_TRACK_GROOVE_FROZEN_PIPELINE_001_20260921/WHOLE_TRACK_SOURCE_STATES.csv,7d5ced889b068c5328afd81b1ff02d04b682639aa4f47410e45e21f689bf2547
617,223.79392290249433,172.26562500000261,SELECTED,F_MIX_01113,223.72426303854874,DRUM_SUPPORTED,-69.65986394559000,69.65986394559000,False,[],1,0,"{""BASS_AND_DRUM_SUPPORTED"": 0, ""BASS_SUPPORTED"": 0, ""CONFLICTING_EVIDENCE"": 0, ""DRUM_SUPPORTED"": 0, ""UNKNOWN"": 0}",621,223.6640046193211,60.25841922764000,/Users/StarTrack/Development/JazzGrooveAnalyzer/docs/scientific/rfc/JGA_WHOLE_TRACK_GROOVE_FROZEN_PIPELINE_001_20260921/WHOLE_TRACK_SOURCE_STATES.csv,7d5ced889b068c5328afd81b1ff02d04b682639aa4f47410e45e21f689bf2547
618,224.14222222222222,161.4990234374967,SELECTED,F_MIX_01114,224.16544217687076,BASS_AND_DRUM_SUPPORTED,23.21995464854000,23.21995464854000,False,[],1,0,"{""BASS_AND_DRUM_SUPPORTED"": 0, ""BASS_SUPPORTED"": 0, ""CONFLICTING_EVIDENCE"": 0, ""DRUM_SUPPORTED"": 0, ""UNKNOWN"": 0}",622,224.0167516109056,148.69056596516000,/Users/StarTrack/Development/JazzGrooveAnalyzer/docs/scientific/rfc/JGA_WHOLE_TRACK_GROOVE_FROZEN_PIPELINE_001_20260921/WHOLE_TRACK_SOURCE_STATES.csv,7d5ced889b068c5328afd81b1ff02d04b682639aa4f47410e45e21f689bf2547
619,224.51374149659864,172.26562500000261,SELECTED,F_MIX_01116,224.53696145124715,BASS_AND_DRUM_SUPPORTED,23.21995464851000,23.21995464851000,False,[],2,1,"{""BASS_AND_DRUM_SUPPORTED"": 0, ""BASS_SUPPORTED"": 0, ""CONFLICTING_EVIDENCE"": 0, ""DRUM_SUPPORTED"": 1, ""UNKNOWN"": 0}",623,224.36914453825227,167.81691299488000,/Users/StarTrack/Development/JazzGrooveAnalyzer/docs/scientific/rfc/JGA_WHOLE_TRACK_GROOVE_FROZEN_PIPELINE_001_20260921/WHOLE_TRACK_SOURCE_STATES.csv,7d5ced889b068c5328afd81b1ff02d04b682639aa4f47410e45e21f689bf2547
620,224.86204081632653,161.4990234374967,SELECTED,F_MIX_01117,224.82721088435375,UNKNOWN,-34.82993197278000,34.82993197278000,False,[],2,1,"{""BASS_AND_DRUM_SUPPORTED"": 1, ""BASS_SUPPORTED"": 0, ""CONFLICTING_EVIDENCE"": 0, ""DRUM_SUPPORTED"": 0, ""UNKNOWN"": 0}",624,224.7212188077849,105.99207656885000,/Users/StarTrack/Development/JazzGrooveAnalyzer/docs/scientific/rfc/JGA_WHOLE_TRACK_GROOVE_FROZEN_PIPELINE_001_20260921/WHOLE_TRACK_SOURCE_STATES.csv,7d5ced889b068c5328afd81b1ff02d04b682639aa4f47410e45e21f689bf2547
621,225.23356009070295,172.26562500000261,SELECTED,F_MIX_01120,225.25678004535146,DRUM_SUPPORTED,23.21995464851000,23.21995464851000,False,[],2,1,"{""BASS_AND_DRUM_SUPPORTED"": 0, ""BASS_SUPPORTED"": 0, ""CONFLICTING_EVIDENCE"": 0, ""DRUM_SUPPORTED"": 0, ""UNKNOWN"": 1}",626,225.42453564995557,-167.75560460411000,/Users/StarTrack/Development/JazzGrooveAnalyzer/docs/scientific/rfc/JGA_WHOLE_TRACK_GROOVE_FROZEN_PIPELINE_001_20260921/WHOLE_TRACK_SOURCE_STATES.csv,7d5ced889b068c5328afd81b1ff02d04b682639aa4f47410e45e21f689bf2547
622,225.58185941043084,172.26562500000261,SELECTED,F_MIX_01121,225.61668934240362,DRUM_SUPPORTED,34.82993197278000,34.82993197278000,False,[],1,0,"{""BASS_AND_DRUM_SUPPORTED"": 0, ""BASS_SUPPORTED"": 0, ""CONFLICTING_EVIDENCE"": 0, ""DRUM_SUPPORTED"": 0, ""UNKNOWN"": 0}",627,225.7758327130798,-159.14337067618000,/Users/StarTrack/Development/JazzGrooveAnalyzer/docs/scientific/rfc/JGA_WHOLE_TRACK_GROOVE_FROZEN_PIPELINE_001_20260921/WHOLE_TRACK_SOURCE_STATES.csv,7d5ced889b068c5328afd81b1ff02d04b682639aa4f47410e45e21f689bf2547
623,225.93015873015872,172.26562500000261,SELECTED,F_MIX_01122,225.8721088435374,DRUM_SUPPORTED,-58.04988662132000,58.04988662132000,True,"[""F_MIX_01122"", ""F_MIX_01123""]",2,1,"{""BASS_AND_DRUM_SUPPORTED"": 0, ""BASS_SUPPORTED"": 0, ""CONFLICTING_EVIDENCE"": 0, ""DRUM_SUPPORTED"": 1, ""UNKNOWN"": 0}",627,225.7758327130798,96.2761304576000,/Users/StarTrack/Development/JazzGrooveAnalyzer/docs/scientific/rfc/JGA_WHOLE_TRACK_GROOVE_FROZEN_PIPELINE_001_20260921/WHOLE_TRACK_SOURCE_STATES.csv,7d5ced889b068c5328afd81b1ff02d04b682639aa4f47410e45e21f689bf2547
624,226.2784580498866,161.4990234374967,SELECTED,F_MIX_01124,226.23201814058956,DRUM_SUPPORTED,-46.43990929704000,46.43990929704000,False,[],2,1,"{""BASS_AND_DRUM_SUPPORTED"": 0, ""BASS_SUPPORTED"": 0, ""CONFLICTING_EVIDENCE"": 0, ""DRUM_SUPPORTED"": 1, ""UNKNOWN"": 0}",628,226.12692070481225,105.09743577731000,/Users/StarTrack/Development/JazzGrooveAnalyzer/docs/scientific/rfc/JGA_WHOLE_TRACK_GROOVE_FROZEN_PIPELINE_001_20260921/WHOLE_TRACK_SOURCE_STATES.csv,7d5ced889b068c5328afd81b1ff02d04b682639aa4f47410e45e21f689bf2547
625,226.64997732426303,172.26562500000261,SELECTED,F_MIX_01126,226.61514739229025,DRUM_SUPPORTED,-34.82993197278000,34.82993197278000,False,[],1,0,"{""BASS_AND_DRUM_SUPPORTED"": 0, ""BASS_SUPPORTED"": 0, ""CONFLICTING_EVIDENCE"": 0, ""DRUM_SUPPORTED"": 0, ""UNKNOWN"": 0}",629,226.47782053229207,137.32685999818000,/Users/StarTrack/Development/JazzGrooveAnalyzer/docs/scientific/rfc/JGA_WHOLE_TRACK_GROOVE_FROZEN_PIPELINE_001_20260921/WHOLE_TRACK_SOURCE_STATES.csv,7d5ced889b068c5328afd81b1ff02d04b682639aa4f47410e45e21f689bf2547
626,226.99827664399092,172.26562499998857,SELECTED,F_MIX_01127,226.96344671201814,DRUM_SUPPORTED,-34.82993197278000,34.82993197278000,False,[],2,1,"{""BASS_AND_DRUM_SUPPORTED"": 0, ""BASS_SUPPORTED"": 0, ""CONFLICTING_EVIDENCE"": 0, ""DRUM_SUPPORTED"": 1, ""UNKNOWN"": 0}",630,226.82855101194454,134.89570007360000,/Users/StarTrack/Development/JazzGrooveAnalyzer/docs/scientific/rfc/JGA_WHOLE_TRACK_GROOVE_FROZEN_PIPELINE_001_20260921/WHOLE_TRACK_SOURCE_STATES.csv,7d5ced889b068c5328afd81b1ff02d04b682639aa4f47410e45e21f689bf2547
627,227.34657596371883,161.49902343750904,SELECTED,F_MIX_01129,227.31174603174603,DRUM_SUPPORTED,-34.82993197280000,34.82993197280000,False,[],2,1,"{""BASS_AND_DRUM_SUPPORTED"": 0, ""BASS_SUPPORTED"": 0, ""CONFLICTING_EVIDENCE"": 0, ""DRUM_SUPPORTED"": 1, ""UNKNOWN"": 0}",631,227.17912907855242,132.61695319361000,/Users/StarTrack/Development/JazzGrooveAnalyzer/docs/scientific/rfc/JGA_WHOLE_TRACK_GROOVE_FROZEN_PIPELINE_001_20260921/WHOLE_TRACK_SOURCE_STATES.csv,7d5ced889b068c5328afd81b1ff02d04b682639aa4f47410e45e21f689bf2547
628,227.71809523809523,172.26562500000261,SELECTED,F_MIX_01131,227.6600453514739,UNKNOWN,-58.04988662133000,58.04988662133000,False,[],1,0,"{""BASS_AND_DRUM_SUPPORTED"": 0, ""BASS_SUPPORTED"": 0, ""CONFLICTING_EVIDENCE"": 0, ""DRUM_SUPPORTED"": 0, ""UNKNOWN"": 0}",632,227.52956997342014,130.47537805376000,/Users/StarTrack/Development/JazzGrooveAnalyzer/docs/scientific/rfc/JGA_WHOLE_TRACK_GROOVE_FROZEN_PIPELINE_001_20260921/WHOLE_TRACK_SOURCE_STATES.csv,7d5ced889b068c5328afd81b1ff02d04b682639aa4f47410e45e21f689bf2547
629,228.06639455782312,161.4990234374967,SELECTED,F_MIX_01132,227.99673469387756,DRUM_SUPPORTED,-69.65986394556000,69.65986394556000,False,[],1,0,"{""BASS_AND_DRUM_SUPPORTED"": 0, ""BASS_SUPPORTED"": 0, ""CONFLICTING_EVIDENCE"": 0, ""DRUM_SUPPORTED"": 0, ""UNKNOWN"": 0}",633,227.87988741372172,116.84728015584000,/Users/StarTrack/Development/JazzGrooveAnalyzer/docs/scientific/rfc/JGA_WHOLE_TRACK_GROOVE_FROZEN_PIPELINE_001_20260921/WHOLE_TRACK_SOURCE_STATES.csv,7d5ced889b068c5328afd81b1ff02d04b682639aa4f47410e45e21f689bf2547
630,228.43791383219954,161.4990234374967,SELECTED,F_MIX_01133,228.37986394557822,DRUM_SUPPORTED,-58.04988662132000,58.04988662132000,False,[],1,0,"{""BASS_AND_DRUM_SUPPORTED"": 0, ""BASS_SUPPORTED"": 0, ""CONFLICTING_EVIDENCE"": 0, ""DRUM_SUPPORTED"": 0, ""UNKNOWN"": 0}",634,228.23009374491377,149.77020066445000,/Users/StarTrack/Development/JazzGrooveAnalyzer/docs/scientific/rfc/JGA_WHOLE_TRACK_GROOVE_FROZEN_PIPELINE_001_20260921/WHOLE_TRACK_SOURCE_STATES.csv,7d5ced889b068c5328afd81b1ff02d04b682639aa4f47410e45e21f689bf2547
631,228.80943310657597,161.4990234374967,SELECTED,F_MIX_01134,228.76299319727892,DRUM_SUPPORTED,-46.43990929705000,46.43990929705000,False,[],2,1,"{""BASS_AND_DRUM_SUPPORTED"": 0, ""BASS_SUPPORTED"": 0, ""CONFLICTING_EVIDENCE"": 0, ""DRUM_SUPPORTED"": 1, ""UNKNOWN"": 0}",636,228.93021641252201,-167.22321524309000,/Users/StarTrack/Development/JazzGrooveAnalyzer/docs/scientific/rfc/JGA_WHOLE_TRACK_GROOVE_FROZEN_PIPELINE_001_20260921/WHOLE_TRACK_SOURCE_STATES.csv,7d5ced889b068c5328afd81b1ff02d04b682639aa4f47410e45e21f689bf2547
632,229.1809523809524,161.49902343750904,SELECTED,F_MIX_01136,229.13451247165534,DRUM_SUPPORTED,-46.43990929706000,46.43990929706000,False,[],3,2,"{""BASS_AND_DRUM_SUPPORTED"": 0, ""BASS_SUPPORTED"": 0, ""CONFLICTING_EVIDENCE"": 0, ""DRUM_SUPPORTED"": 2, ""UNKNOWN"": 0}",637,229.28015174859596,-145.63927694062000,/Users/StarTrack/Development/JazzGrooveAnalyzer/docs/scientific/rfc/JGA_WHOLE_TRACK_GROOVE_FROZEN_PIPELINE_001_20260921/WHOLE_TRACK_SOURCE_STATES.csv,7d5ced889b068c5328afd81b1ff02d04b682639aa4f47410e45e21f689bf2547
633,229.5524716553288,161.4990234374967,SELECTED,F_MIX_01140,229.59891156462584,DRUM_SUPPORTED,46.43990929704000,46.43990929704000,False,[],3,2,"{""BASS_AND_DRUM_SUPPORTED"": 0, ""BASS_SUPPORTED"": 0, ""CONFLICTING_EVIDENCE"": 0, ""DRUM_SUPPORTED"": 2, ""UNKNOWN"": 0}",638,229.63001418598313,-31.10262135729000,/Users/StarTrack/Development/JazzGrooveAnalyzer/docs/scientific/rfc/JGA_WHOLE_TRACK_GROOVE_FROZEN_PIPELINE_001_20260921/WHOLE_TRACK_SOURCE_STATES.csv,7d5ced889b068c5328afd81b1ff02d04b682639aa4f47410e45e21f689bf2547
634,229.9239909297052,151.99908088235597,SELECTED,F_MIX_01143,229.94721088435375,DRUM_SUPPORTED,23.21995464855000,23.21995464855000,False,[],2,1,"{""BASS_AND_DRUM_SUPPORTED"": 0, ""BASS_SUPPORTED"": 0, ""CONFLICTING_EVIDENCE"": 0, ""DRUM_SUPPORTED"": 1, ""UNKNOWN"": 0}",639,229.9798110145522,-32.60013019845000,/Users/StarTrack/Development/JazzGrooveAnalyzer/docs/scientific/rfc/JGA_WHOLE_TRACK_GROOVE_FROZEN_PIPELINE_001_20260921/WHOLE_TRACK_SOURCE_STATES.csv,7d5ced889b068c5328afd81b1ff02d04b682639aa4f47410e45e21f689bf2547
635,230.31873015873015,161.4990234374967,EMPTY,NONE,,,,,False,[],0,0,"{""BASS_AND_DRUM_SUPPORTED"": 0, ""BASS_SUPPORTED"": 0, ""CONFLICTING_EVIDENCE"": 0, ""DRUM_SUPPORTED"": 0, ""UNKNOWN"": 0}",,,,/Users/StarTrack/Development/JazzGrooveAnalyzer/docs/scientific/rfc/JGA_WHOLE_TRACK_GROOVE_FROZEN_PIPELINE_001_20260921/WHOLE_TRACK_SOURCE_STATES.csv,7d5ced889b068c5328afd81b1ff02d04b682639aa4f47410e45e21f689bf2547
636,230.69024943310657,161.4990234374967,EMPTY,NONE,,,,,False,[],0,0,"{""BASS_AND_DRUM_SUPPORTED"": 0, ""BASS_SUPPORTED"": 0, ""CONFLICTING_EVIDENCE"": 0, ""DRUM_SUPPORTED"": 0, ""UNKNOWN"": 0}",,,,/Users/StarTrack/Development/JazzGrooveAnalyzer/docs/scientific/rfc/JGA_WHOLE_TRACK_GROOVE_FROZEN_PIPELINE_001_20260921/WHOLE_TRACK_SOURCE_STATES.csv,7d5ced889b068c5328afd81b1ff02d04b682639aa4f47410e45e21f689bf2547
637,231.061768707483,151.99908088235597,SELECTED,F_MIX_01144,231.03854875283446,UNKNOWN,-23.21995464854000,23.21995464854000,False,[],1,0,"{""BASS_AND_DRUM_SUPPORTED"": 0, ""BASS_SUPPORTED"": 0, ""CONFLICTING_EVIDENCE"": 0, ""DRUM_SUPPORTED"": 0, ""UNKNOWN"": 0}",642,231.03149019598553,7.05855684893000,/Users/StarTrack/Development/JazzGrooveAnalyzer/docs/scientific/rfc/JGA_WHOLE_TRACK_GROOVE_FROZEN_PIPELINE_001_20260921/WHOLE_TRACK_SOURCE_STATES.csv,7d5ced889b068c5328afd81b1ff02d04b682639aa4f47410e45e21f689bf2547
638,231.45650793650793,161.4990234374967,EMPTY,NONE,,,,,False,[],0,0,"{""BASS_AND_DRUM_SUPPORTED"": 0, ""BASS_SUPPORTED"": 0, ""CONFLICTING_EVIDENCE"": 0, ""DRUM_SUPPORTED"": 0, ""UNKNOWN"": 0}",,,,/Users/StarTrack/Development/JazzGrooveAnalyzer/docs/scientific/rfc/JGA_WHOLE_TRACK_GROOVE_FROZEN_PIPELINE_001_20260921/WHOLE_TRACK_SOURCE_STATES.csv,7d5ced889b068c5328afd81b1ff02d04b682639aa4f47410e45e21f689bf2547
639,231.82802721088436,161.4990234374967,EMPTY,NONE,,,,,False,[],0,0,"{""BASS_AND_DRUM_SUPPORTED"": 0, ""BASS_SUPPORTED"": 0, ""CONFLICTING_EVIDENCE"": 0, ""DRUM_SUPPORTED"": 0, ""UNKNOWN"": 0}",,,,/Users/StarTrack/Development/JazzGrooveAnalyzer/docs/scientific/rfc/JGA_WHOLE_TRACK_GROOVE_FROZEN_PIPELINE_001_20260921/WHOLE_TRACK_SOURCE_STATES.csv,7d5ced889b068c5328afd81b1ff02d04b682639aa4f47410e45e21f689bf2547
640,232.19954648526078,161.49902343750904,SELECTED,F_MIX_01146,232.21115646258502,DRUM_SUPPORTED,11.60997732424000,11.60997732424000,False,[],2,1,"{""BASS_AND_DRUM_SUPPORTED"": 0, ""BASS_SUPPORTED"": 0, ""CONFLICTING_EVIDENCE"": 0, ""DRUM_SUPPORTED"": 0, ""UNKNOWN"": 1}",645,232.08006717639324,131.08928619178000,/Users/StarTrack/Development/JazzGrooveAnalyzer/docs/scientific/rfc/JGA_WHOLE_TRACK_GROOVE_FROZEN_PIPELINE_001_20260921/WHOLE_TRACK_SOURCE_STATES.csv,7d5ced889b068c5328afd81b1ff02d04b682639aa4f47410e45e21f689bf2547
641,232.57106575963718,161.4990234374967,SELECTED,F_MIX_01149,232.59428571428572,DRUM_SUPPORTED,23.21995464854000,23.21995464854000,False,[],3,2,"{""BASS_AND_DRUM_SUPPORTED"": 0, ""BASS_SUPPORTED"": 0, ""CONFLICTING_EVIDENCE"": 0, ""DRUM_SUPPORTED"": 0, ""UNKNOWN"": 2}",646,232.42856845648822,165.71725779750000,/Users/StarTrack/Development/JazzGrooveAnalyzer/docs/scientific/rfc/JGA_WHOLE_TRACK_GROOVE_FROZEN_PIPELINE_001_20260921/WHOLE_TRACK_SOURCE_STATES.csv,7d5ced889b068c5328afd81b1ff02d04b682639aa4f47410e45e21f689bf2547
642,232.9425850340136,151.99908088235597,SELECTED,F_MIX_01150,232.96580498866214,DRUM_SUPPORTED,23.21995464854000,23.21995464854000,False,[],1,0,"{""BASS_AND_DRUM_SUPPORTED"": 0, ""BASS_SUPPORTED"": 0, ""CONFLICTING_EVIDENCE"": 0, ""DRUM_SUPPORTED"": 0, ""UNKNOWN"": 0}",648,233.12480269760482,-158.99770894268000,/Users/StarTrack/Development/JazzGrooveAnalyzer/docs/scientific/rfc/JGA_WHOLE_TRACK_GROOVE_FROZEN_PIPELINE_001_20260921/WHOLE_TRACK_SOURCE_STATES.csv,7d5ced889b068c5328afd81b1ff02d04b682639aa4f47410e45e21f689bf2547
643,233.33732426303854,161.4990234374967,SELECTED,F_MIX_01152,233.33732426303854,DRUM_SUPPORTED,0E-14,0E-14,False,[],2,1,"{""BASS_AND_DRUM_SUPPORTED"": 0, ""BASS_SUPPORTED"": 0, ""CONFLICTING_EVIDENCE"": 0, ""DRUM_SUPPORTED"": 0, ""UNKNOWN"": 1}",649,233.4730934641274,-135.76920108886000,/Users/StarTrack/Development/JazzGrooveAnalyzer/docs/scientific/rfc/JGA_WHOLE_TRACK_GROOVE_FROZEN_PIPELINE_001_20260921/WHOLE_TRACK_SOURCE_STATES.csv,7d5ced889b068c5328afd81b1ff02d04b682639aa4f47410e45e21f689bf2547
644,233.70884353741496,161.4990234374967,SELECTED,F_MIX_01154,233.74367346938774,DRUM_SUPPORTED,34.82993197278000,34.82993197278000,False,[],2,1,"{""BASS_AND_DRUM_SUPPORTED"": 0, ""BASS_SUPPORTED"": 0, ""CONFLICTING_EVIDENCE"": 0, ""DRUM_SUPPORTED"": 0, ""UNKNOWN"": 1}",650,233.81964277681735,-75.96930742961000,/Users/StarTrack/Development/JazzGrooveAnalyzer/docs/scientific/rfc/JGA_WHOLE_TRACK_GROOVE_FROZEN_PIPELINE_001_20260921/WHOLE_TRACK_SOURCE_STATES.csv,7d5ced889b068c5328afd81b1ff02d04b682639aa4f47410e45e21f689bf2547
645,234.0803628117914,161.4990234374967,SELECTED,F_MIX_01156,234.09197278911566,BASS_AND_DRUM_SUPPORTED,11.60997732426000,11.60997732426000,False,[],2,1,"{""BASS_AND_DRUM_SUPPORTED"": 0, ""BASS_SUPPORTED"": 0, ""CONFLICTING_EVIDENCE"": 0, ""DRUM_SUPPORTED"": 0, ""UNKNOWN"": 1}",651,234.16792483607074,-75.95204695508000,/Users/StarTrack/Development/JazzGrooveAnalyzer/docs/scientific/rfc/JGA_WHOLE_TRACK_GROOVE_FROZEN_PIPELINE_001_20260921/WHOLE_TRACK_SOURCE_STATES.csv,7d5ced889b068c5328afd81b1ff02d04b682639aa4f47410e45e21f689bf2547
646,234.4518820861678,161.49902343750904,SELECTED,F_MIX_01158,234.4867120181406,DRUM_SUPPORTED,34.8299319728000,34.8299319728000,False,[],2,1,"{""BASS_AND_DRUM_SUPPORTED"": 0, ""BASS_SUPPORTED"": 0, ""CONFLICTING_EVIDENCE"": 0, ""DRUM_SUPPORTED"": 0, ""UNKNOWN"": 1}",652,234.51620689532413,-29.49487718353000,/Users/StarTrack/Development/JazzGrooveAnalyzer/docs/scientific/rfc/JGA_WHOLE_TRACK_GROOVE_FROZEN_PIPELINE_001_20260921/WHOLE_TRACK_SOURCE_STATES.csv,7d5ced889b068c5328afd81b1ff02d04b682639aa4f47410e45e21f689bf2547
647,234.8234013605442,161.4990234374967,SELECTED,F_MIX_01160,234.85823129251702,BASS_AND_DRUM_SUPPORTED,34.82993197282000,34.82993197282000,False,[],2,1,"{""BASS_AND_DRUM_SUPPORTED"": 0, ""BASS_SUPPORTED"": 0, ""CONFLICTING_EVIDENCE"": 0, ""DRUM_SUPPORTED"": 0, ""UNKNOWN"": 1}",653,234.86448895457752,-6.25766206050000,/Users/StarTrack/Development/JazzGrooveAnalyzer/docs/scientific/rfc/JGA_WHOLE_TRACK_GROOVE_FROZEN_PIPELINE_001_20260921/WHOLE_TRACK_SOURCE_STATES.csv,7d5ced889b068c5328afd81b1ff02d04b682639aa4f47410e45e21f689bf2547
648,235.19492063492063,161.4990234374967,SELECTED,F_MIX_01162,235.22975056689341,DRUM_SUPPORTED,34.82993197278000,34.82993197278000,False,[],2,1,"{""BASS_AND_DRUM_SUPPORTED"": 0, ""BASS_SUPPORTED"": 0, ""CONFLICTING_EVIDENCE"": 0, ""DRUM_SUPPORTED"": 0, ""UNKNOWN"": 1}",654,235.21277101383092,16.97955306249000,/Users/StarTrack/Development/JazzGrooveAnalyzer/docs/scientific/rfc/JGA_WHOLE_TRACK_GROOVE_FROZEN_PIPELINE_001_20260921/WHOLE_TRACK_SOURCE_STATES.csv,7d5ced889b068c5328afd81b1ff02d04b682639aa4f47410e45e21f689bf2547
649,235.56643990929706,151.99908088235597,SELECTED,F_MIX_01164,235.58965986394557,DRUM_SUPPORTED,23.21995464851000,23.21995464851000,False,[],2,1,"{""BASS_AND_DRUM_SUPPORTED"": 0, ""BASS_SUPPORTED"": 0, ""CONFLICTING_EVIDENCE"": 0, ""DRUM_SUPPORTED"": 0, ""UNKNOWN"": 1}",655,235.5610530730843,28.60679086127000,/Users/StarTrack/Development/JazzGrooveAnalyzer/docs/scientific/rfc/JGA_WHOLE_TRACK_GROOVE_FROZEN_PIPELINE_001_20260921/WHOLE_TRACK_SOURCE_STATES.csv,7d5ced889b068c5328afd81b1ff02d04b682639aa4f47410e45e21f689bf2547
650,235.961179138322,161.4990234374967,SELECTED,F_MIX_01166,235.98439909297053,DRUM_SUPPORTED,23.21995464853000,23.21995464853000,False,[],2,1,"{""BASS_AND_DRUM_SUPPORTED"": 0, ""BASS_SUPPORTED"": 0, ""CONFLICTING_EVIDENCE"": 0, ""DRUM_SUPPORTED"": 0, ""UNKNOWN"": 1}",656,235.9093351323377,75.06396063283000,/Users/StarTrack/Development/JazzGrooveAnalyzer/docs/scientific/rfc/JGA_WHOLE_TRACK_GROOVE_FROZEN_PIPELINE_001_20260921/WHOLE_TRACK_SOURCE_STATES.csv,7d5ced889b068c5328afd81b1ff02d04b682639aa4f47410e45e21f689bf2547
651,236.33269841269842,161.49902343750904,SELECTED,F_MIX_01168,236.3443083900227,DRUM_SUPPORTED,11.60997732428000,11.60997732428000,False,[],2,1,"{""BASS_AND_DRUM_SUPPORTED"": 0, ""BASS_SUPPORTED"": 0, ""CONFLICTING_EVIDENCE"": 0, ""DRUM_SUPPORTED"": 1, ""UNKNOWN"": 0}",657,236.2576171915911,86.6911984316000,/Users/StarTrack/Development/JazzGrooveAnalyzer/docs/scientific/rfc/JGA_WHOLE_TRACK_GROOVE_FROZEN_PIPELINE_001_20260921/WHOLE_TRACK_SOURCE_STATES.csv,7d5ced889b068c5328afd81b1ff02d04b682639aa4f47410e45e21f689bf2547
652,236.70421768707482,161.4990234374967,SELECTED,F_MIX_01169,236.72743764172336,DRUM_SUPPORTED,23.21995464854000,23.21995464854000,False,[],2,1,"{""BASS_AND_DRUM_SUPPORTED"": 0, ""BASS_SUPPORTED"": 0, ""CONFLICTING_EVIDENCE"": 0, ""DRUM_SUPPORTED"": 0, ""UNKNOWN"": 1}",658,236.6058992508445,121.53839087886000,/Users/StarTrack/Development/JazzGrooveAnalyzer/docs/scientific/rfc/JGA_WHOLE_TRACK_GROOVE_FROZEN_PIPELINE_001_20260921/WHOLE_TRACK_SOURCE_STATES.csv,7d5ced889b068c5328afd81b1ff02d04b682639aa4f47410e45e21f689bf2547
653,237.07573696145124,161.4990234374967,SELECTED,F_MIX_01172,237.06412698412697,DRUM_SUPPORTED,-11.60997732427000,11.60997732427000,False,[],2,1,"{""BASS_AND_DRUM_SUPPORTED"": 0, ""BASS_SUPPORTED"": 0, ""CONFLICTING_EVIDENCE"": 0, ""DRUM_SUPPORTED"": 0, ""UNKNOWN"": 1}",659,236.95418131009788,109.94567402909000,/Users/StarTrack/Development/JazzGrooveAnalyzer/docs/scientific/rfc/JGA_WHOLE_TRACK_GROOVE_FROZEN_PIPELINE_001_20260921/WHOLE_TRACK_SOURCE_STATES.csv,7d5ced889b068c5328afd81b1ff02d04b682639aa4f47410e45e21f689bf2547
654,237.44725623582767,161.4990234374967,SELECTED,F_MIX_01173,237.47047619047618,DRUM_SUPPORTED,23.21995464851000,23.21995464851000,False,[],1,0,"{""BASS_AND_DRUM_SUPPORTED"": 0, ""BASS_SUPPORTED"": 0, ""CONFLICTING_EVIDENCE"": 0, ""DRUM_SUPPORTED"": 0, ""UNKNOWN"": 0}",660,237.30246336935127,168.01282112491000,/Users/StarTrack/Development/JazzGrooveAnalyzer/docs/scientific/rfc/JGA_WHOLE_TRACK_GROOVE_FROZEN_PIPELINE_001_20260921/WHOLE_TRACK_SOURCE_STATES.csv,7d5ced889b068c5328afd81b1ff02d04b682639aa4f47410e45e21f689bf2547
655,237.8187755102041,161.49902343750904,SELECTED,F_MIX_01175,237.83038548752833,BASS_AND_DRUM_SUPPORTED,11.60997732423000,11.60997732423000,False,[],2,1,"{""BASS_AND_DRUM_SUPPORTED"": 0, ""BASS_SUPPORTED"": 0, ""CONFLICTING_EVIDENCE"": 0, ""DRUM_SUPPORTED"": 0, ""UNKNOWN"": 1}",662,237.99902748785806,-168.64200032973000,/Users/StarTrack/Development/JazzGrooveAnalyzer/docs/scientific/rfc/JGA_WHOLE_TRACK_GROOVE_FROZEN_PIPELINE_001_20260921/WHOLE_TRACK_SOURCE_STATES.csv,7d5ced889b068c5328afd81b1ff02d04b682639aa4f47410e45e21f689bf2547
656,238.1902947845805,161.4990234374967,SELECTED,F_MIX_01176,238.12063492063493,UNKNOWN,-69.65986394557000,69.65986394557000,False,[],1,0,"{""BASS_AND_DRUM_SUPPORTED"": 0, ""BASS_SUPPORTED"": 0, ""CONFLICTING_EVIDENCE"": 0, ""DRUM_SUPPORTED"": 0, ""UNKNOWN"": 0}",662,237.99902748785806,121.60743277687000,/Users/StarTrack/Development/JazzGrooveAnalyzer/docs/scientific/rfc/JGA_WHOLE_TRACK_GROOVE_FROZEN_PIPELINE_001_20260921/WHOLE_TRACK_SOURCE_STATES.csv,7d5ced889b068c5328afd81b1ff02d04b682639aa4f47410e45e21f689bf2547
657,238.5618140589569,161.4990234374967,SELECTED,F_MIX_01178,238.57342403628118,BASS_AND_DRUM_SUPPORTED,11.60997732428000,11.60997732428000,False,[],2,1,"{""BASS_AND_DRUM_SUPPORTED"": 0, ""BASS_SUPPORTED"": 0, ""CONFLICTING_EVIDENCE"": 0, ""DRUM_SUPPORTED"": 0, ""UNKNOWN"": 1}",664,238.69559160636484,-122.16757008366000,/Users/StarTrack/Development/JazzGrooveAnalyzer/docs/scientific/rfc/JGA_WHOLE_TRACK_GROOVE_FROZEN_PIPELINE_001_20260921/WHOLE_TRACK_SOURCE_STATES.csv,7d5ced889b068c5328afd81b1ff02d04b682639aa4f47410e45e21f689bf2547
658,238.93333333333334,151.99908088235597,SELECTED,F_MIX_01179,238.96816326530612,DRUM_SUPPORTED,34.82993197278000,34.82993197278000,False,[],2,1,"{""BASS_AND_DRUM_SUPPORTED"": 0, ""BASS_SUPPORTED"": 0, ""CONFLICTING_EVIDENCE"": 0, ""DRUM_SUPPORTED"": 0, ""UNKNOWN"": 1}",665,239.04387366561824,-75.71040031212000,/Users/StarTrack/Development/JazzGrooveAnalyzer/docs/scientific/rfc/JGA_WHOLE_TRACK_GROOVE_FROZEN_PIPELINE_001_20260921/WHOLE_TRACK_SOURCE_STATES.csv,7d5ced889b068c5328afd81b1ff02d04b682639aa4f47410e45e21f689bf2547
659,239.32807256235827,161.4990234374967,SELECTED,F_MIX_01182,239.32807256235827,DRUM_SUPPORTED,0E-14,0E-14,False,[],2,1,"{""BASS_AND_DRUM_SUPPORTED"": 0, ""BASS_SUPPORTED"": 0, ""CONFLICTING_EVIDENCE"": 0, ""DRUM_SUPPORTED"": 1, ""UNKNOWN"": 0}",666,239.39215572487163,-64.08316251336000,/Users/StarTrack/Development/JazzGrooveAnalyzer/docs/scientific/rfc/JGA_WHOLE_TRACK_GROOVE_FROZEN_PIPELINE_001_20260921/WHOLE_TRACK_SOURCE_STATES.csv,7d5ced889b068c5328afd81b1ff02d04b682639aa4f47410e45e21f689bf2547
660,239.6995918367347,161.4990234374967,SELECTED,F_MIX_01184,239.71120181405897,DRUM_SUPPORTED,11.60997732427000,11.60997732427000,False,[],2,1,"{""BASS_AND_DRUM_SUPPORTED"": 0, ""BASS_SUPPORTED"": 0, ""CONFLICTING_EVIDENCE"": 0, ""DRUM_SUPPORTED"": 0, ""UNKNOWN"": 1}",667,239.74043778412502,-29.23597006605000,/Users/StarTrack/Development/JazzGrooveAnalyzer/docs/scientific/rfc/JGA_WHOLE_TRACK_GROOVE_FROZEN_PIPELINE_001_20260921/WHOLE_TRACK_SOURCE_STATES.csv,7d5ced889b068c5328afd81b1ff02d04b682639aa4f47410e45e21f689bf2547
661,240.07111111111112,161.49902343750904,SELECTED,F_MIX_01187,240.07111111111112,DRUM_SUPPORTED,0E-14,0E-14,False,[],3,2,"{""BASS_AND_DRUM_SUPPORTED"": 0, ""BASS_SUPPORTED"": 0, ""CONFLICTING_EVIDENCE"": 0, ""DRUM_SUPPORTED"": 0, ""UNKNOWN"": 2}",668,240.0887198433784,-17.60873226728000,/Users/StarTrack/Development/JazzGrooveAnalyzer/docs/scientific/rfc/JGA_WHOLE_TRACK_GROOVE_FROZEN_PIPELINE_001_20260921/WHOLE_TRACK_SOURCE_STATES.csv,7d5ced889b068c5328afd81b1ff02d04b682639aa4f47410e45e21f689bf2547
662,240.44263038548752,161.4990234374967,SELECTED,F_MIX_01189,240.47746031746033,DRUM_SUPPORTED,34.82993197281000,34.82993197281000,False,[],2,1,"{""BASS_AND_DRUM_SUPPORTED"": 0, ""BASS_SUPPORTED"": 0, ""CONFLICTING_EVIDENCE"": 0, ""DRUM_SUPPORTED"": 0, ""UNKNOWN"": 1}",669,240.4370019026318,40.45841482853000,/Users/StarTrack/Development/JazzGrooveAnalyzer/docs/scientific/rfc/JGA_WHOLE_TRACK_GROOVE_FROZEN_PIPELINE_001_20260921/WHOLE_TRACK_SOURCE_STATES.csv,7d5ced889b068c5328afd81b1ff02d04b682639aa4f47410e45e21f689bf2547
663,240.81414965986394,161.4990234374967,SELECTED,F_MIX_01191,240.84897959183672,DRUM_SUPPORTED,34.82993197278000,34.82993197278000,False,[],2,1,"{""BASS_AND_DRUM_SUPPORTED"": 0, ""BASS_SUPPORTED"": 0, ""CONFLICTING_EVIDENCE"": 0, ""DRUM_SUPPORTED"": 0, ""UNKNOWN"": 1}",670,240.7852839618852,63.69562995152000,/Users/StarTrack/Development/JazzGrooveAnalyzer/docs/scientific/rfc/JGA_WHOLE_TRACK_GROOVE_FROZEN_PIPELINE_001_20260921/WHOLE_TRACK_SOURCE_STATES.csv,7d5ced889b068c5328afd81b1ff02d04b682639aa4f47410e45e21f689bf2547
664,241.18566893424037,161.4990234374967,SELECTED,F_MIX_01192,241.12761904761905,UNKNOWN,-58.04988662132000,58.04988662132000,False,[],2,1,"{""BASS_AND_DRUM_SUPPORTED"": 0, ""BASS_SUPPORTED"": 0, ""CONFLICTING_EVIDENCE"": 0, ""DRUM_SUPPORTED"": 1, ""UNKNOWN"": 0}",671,241.1335660211386,-5.94697351955000,/Users/StarTrack/Development/JazzGrooveAnalyzer/docs/scientific/rfc/JGA_WHOLE_TRACK_GROOVE_FROZEN_PIPELINE_001_20260921/WHOLE_TRACK_SOURCE_STATES.csv,7d5ced889b068c5328afd81b1ff02d04b682639aa4f47410e45e21f689bf2547
665,241.5571882086168,161.49902343750904,SELECTED,F_MIX_01195,241.59201814058957,BASS_AND_DRUM_SUPPORTED,34.82993197277000,34.82993197277000,False,[],2,1,"{""BASS_AND_DRUM_SUPPORTED"": 0, ""BASS_SUPPORTED"": 0, ""CONFLICTING_EVIDENCE"": 0, ""DRUM_SUPPORTED"": 0, ""UNKNOWN"": 1}",672,241.48184808039198,110.17006019759000,/Users/StarTrack/Development/JazzGrooveAnalyzer/docs/scientific/rfc/JGA_WHOLE_TRACK_GROOVE_FROZEN_PIPELINE_001_20260921/WHOLE_TRACK_SOURCE_STATES.csv,7d5ced889b068c5328afd81b1ff02d04b682639aa4f47410e45e21f689bf2547
666,241.9287074829932,161.4990234374967,SELECTED,F_MIX_01197,241.963537414966,DRUM_SUPPORTED,34.8299319728000,34.8299319728000,False,[],2,1,"{""BASS_AND_DRUM_SUPPORTED"": 0, ""BASS_SUPPORTED"": 0, ""CONFLICTING_EVIDENCE"": 0, ""DRUM_SUPPORTED"": 0, ""UNKNOWN"": 1}",673,241.83013013964538,133.40727532062000,/Users/StarTrack/Development/JazzGrooveAnalyzer/docs/scientific/rfc/JGA_WHOLE_TRACK_GROOVE_FROZEN_PIPELINE_001_20260921/WHOLE_TRACK_SOURCE_STATES.csv,7d5ced889b068c5328afd81b1ff02d04b682639aa4f47410e45e21f689bf2547
667,242.30022675736961,151.99908088235597,SELECTED,F_MIX_01199,242.34666666666666,DRUM_SUPPORTED,46.43990929705000,46.43990929705000,False,[],3,2,"{""BASS_AND_DRUM_SUPPORTED"": 0, ""BASS_SUPPORTED"": 0, ""CONFLICTING_EVIDENCE"": 0, ""DRUM_SUPPORTED"": 0, ""UNKNOWN"": 2}",674,242.18015360919506,166.51305747160000,/Users/StarTrack/Development/JazzGrooveAnalyzer/docs/scientific/rfc/JGA_WHOLE_TRACK_GROOVE_FROZEN_PIPELINE_001_20260921/WHOLE_TRACK_SOURCE_STATES.csv,7d5ced889b068c5328afd81b1ff02d04b682639aa4f47410e45e21f689bf2547
668,242.69496598639455,161.4990234374967,SELECTED,F_MIX_01202,242.7181859410431,DRUM_SUPPORTED,23.21995464855000,23.21995464855000,False,[],2,1,"{""BASS_AND_DRUM_SUPPORTED"": 0, ""BASS_SUPPORTED"": 0, ""CONFLICTING_EVIDENCE"": 0, ""DRUM_SUPPORTED"": 0, ""UNKNOWN"": 1}",676,242.8854596509244,-167.2737098813000,/Users/StarTrack/Development/JazzGrooveAnalyzer/docs/scientific/rfc/JGA_WHOLE_TRACK_GROOVE_FROZEN_PIPELINE_001_20260921/WHOLE_TRACK_SOURCE_STATES.csv,7d5ced889b068c5328afd81b1ff02d04b682639aa4f47410e45e21f689bf2547
669,243.06648526077097,161.4990234374967,SELECTED,F_MIX_01203,242.98521541950115,UNKNOWN,-81.26984126982000,81.26984126982000,False,[],1,0,"{""BASS_AND_DRUM_SUPPORTED"": 0, ""BASS_SUPPORTED"": 0, ""CONFLICTING_EVIDENCE"": 0, ""DRUM_SUPPORTED"": 0, ""UNKNOWN"": 0}",676,242.8854596509244,99.75576857675000,/Users/StarTrack/Development/JazzGrooveAnalyzer/docs/scientific/rfc/JGA_WHOLE_TRACK_GROOVE_FROZEN_PIPELINE_001_20260921/WHOLE_TRACK_SOURCE_STATES.csv,7d5ced889b068c5328afd81b1ff02d04b682639aa4f47410e45e21f689bf2547
670,243.4380045351474,161.49902343750904,SELECTED,F_MIX_01205,243.47283446712018,DRUM_SUPPORTED,34.82993197278000,34.82993197278000,False,[],2,1,"{""BASS_AND_DRUM_SUPPORTED"": 0, ""BASS_SUPPORTED"": 0, ""CONFLICTING_EVIDENCE"": 0, ""DRUM_SUPPORTED"": 0, ""UNKNOWN"": 1}",678,243.59783638572205,-125.00191860187000,/Users/StarTrack/Development/JazzGrooveAnalyzer/docs/scientific/rfc/JGA_WHOLE_TRACK_GROOVE_FROZEN_PIPELINE_001_20260921/WHOLE_TRACK_SOURCE_STATES.csv,7d5ced889b068c5328afd81b1ff02d04b682639aa4f47410e45e21f689bf2547
671,243.8095238095238,161.4990234374967,SELECTED,F_MIX_01207,243.85596371882087,DRUM_SUPPORTED,46.43990929707000,46.43990929707000,False,[],2,1,"{""BASS_AND_DRUM_SUPPORTED"": 0, ""BASS_SUPPORTED"": 0, ""CONFLICTING_EVIDENCE"": 0, ""DRUM_SUPPORTED"": 1, ""UNKNOWN"": 0}",679,243.9566983865021,-100.73466768123000,/Users/StarTrack/Development/JazzGrooveAnalyzer/docs/scientific/rfc/JGA_WHOLE_TRACK_GROOVE_FROZEN_PIPELINE_001_20260921/WHOLE_TRACK_SOURCE_STATES.csv,7d5ced889b068c5328afd81b1ff02d04b682639aa4f47410e45e21f689bf2547
672,244.18104308390022,161.4990234374967,SELECTED,F_MIX_01208,244.21587301587303,DRUM_SUPPORTED,34.82993197281000,34.82993197281000,False,[],1,0,"{""BASS_AND_DRUM_SUPPORTED"": 0, ""BASS_SUPPORTED"": 0, ""CONFLICTING_EVIDENCE"": 0, ""DRUM_SUPPORTED"": 0, ""UNKNOWN"": 0}",680,244.31735469728605,-101.48168141302000,/Users/StarTrack/Development/JazzGrooveAnalyzer/docs/scientific/rfc/JGA_WHOLE_TRACK_GROOVE_FROZEN_PIPELINE_001_20260921/WHOLE_TRACK_SOURCE_STATES.csv,7d5ced889b068c5328afd81b1ff02d04b682639aa4f47410e45e21f689bf2547
673,244.55256235827665,161.4990234374967,SELECTED,F_MIX_01209,244.49451247165533,UNKNOWN,-58.04988662132000,58.04988662132000,False,[],1,0,"{""BASS_AND_DRUM_SUPPORTED"": 0, ""BASS_SUPPORTED"": 0, ""CONFLICTING_EVIDENCE"": 0, ""DRUM_SUPPORTED"": 0, ""UNKNOWN"": 0}",680,244.31735469728605,177.15777436928000,/Users/StarTrack/Development/JazzGrooveAnalyzer/docs/scientific/rfc/JGA_WHOLE_TRACK_GROOVE_FROZEN_PIPELINE_001_20260921/WHOLE_TRACK_SOURCE_STATES.csv,7d5ced889b068c5328afd81b1ff02d04b682639aa4f47410e45e21f689bf2547
674,244.92408163265307,151.99908088235597,SELECTED,F_MIX_01210,244.99374149659863,DRUM_SUPPORTED,69.65986394556000,69.65986394556000,False,[],1,0,"{""BASS_AND_DRUM_SUPPORTED"": 0, ""BASS_SUPPORTED"": 0, ""CONFLICTING_EVIDENCE"": 0, ""DRUM_SUPPORTED"": 0, ""UNKNOWN"": 0}",682,245.04408617992348,-50.34468332485000,/Users/StarTrack/Development/JazzGrooveAnalyzer/docs/scientific/rfc/JGA_WHOLE_TRACK_GROOVE_FROZEN_PIPELINE_001_20260921/WHOLE_TRACK_SOURCE_STATES.csv,7d5ced889b068c5328afd81b1ff02d04b682639aa4f47410e45e21f689bf2547
675,245.318820861678,161.4990234374967,SELECTED,F_MIX_01212,245.3536507936508,DRUM_SUPPORTED,34.8299319728000,34.8299319728000,False,[],2,1,"{""BASS_AND_DRUM_SUPPORTED"": 0, ""BASS_SUPPORTED"": 0, ""CONFLICTING_EVIDENCE"": 0, ""DRUM_SUPPORTED"": 0, ""UNKNOWN"": 1}",683,245.41017942967454,-56.52863602374000,/Users/StarTrack/Development/JazzGrooveAnalyzer/docs/scientific/rfc/JGA_WHOLE_TRACK_GROOVE_FROZEN_PIPELINE_001_20260921/WHOLE_TRACK_SOURCE_STATES.csv,7d5ced889b068c5328afd81b1ff02d04b682639aa4f47410e45e21f689bf2547
676,245.69034013605443,161.49902343750904,SELECTED,F_MIX_01214,245.73678004535148,DRUM_SUPPORTED,46.43990929705000,46.43990929705000,False,[],2,1,"{""BASS_AND_DRUM_SUPPORTED"": 0, ""BASS_SUPPORTED"": 0, ""CONFLICTING_EVIDENCE"": 0, ""DRUM_SUPPORTED"": 0, ""UNKNOWN"": 1}",684,245.77810314567435,-41.32310032287000,/Users/StarTrack/Development/JazzGrooveAnalyzer/docs/scientific/rfc/JGA_WHOLE_TRACK_GROOVE_FROZEN_PIPELINE_001_20260921/WHOLE_TRACK_SOURCE_STATES.csv,7d5ced889b068c5328afd81b1ff02d04b682639aa4f47410e45e21f689bf2547
677,246.06185941043083,161.4990234374967,SELECTED,F_MIX_01216,246.11990929705215,BASS_AND_DRUM_SUPPORTED,58.04988662132000,58.04988662132000,False,[],2,1,"{""BASS_AND_DRUM_SUPPORTED"": 0, ""BASS_SUPPORTED"": 0, ""CONFLICTING_EVIDENCE"": 0, ""DRUM_SUPPORTED"": 1, ""UNKNOWN"": 0}",685,246.14786648025418,-27.95718320203000,/Users/StarTrack/Development/JazzGrooveAnalyzer/docs/scientific/rfc/JGA_WHOLE_TRACK_GROOVE_FROZEN_PIPELINE_001_20260921/WHOLE_TRACK_SOURCE_STATES.csv,7d5ced889b068c5328afd81b1ff02d04b682639aa4f47410e45e21f689bf2547
678,246.43337868480725,161.4990234374967,SELECTED,F_MIX_01218,246.50303854875284,DRUM_SUPPORTED,69.65986394559000,69.65986394559000,False,[],3,2,"{""BASS_AND_DRUM_SUPPORTED"": 0, ""BASS_SUPPORTED"": 0, ""CONFLICTING_EVIDENCE"": 0, ""DRUM_SUPPORTED"": 2, ""UNKNOWN"": 0}",686,246.51906617978872,-16.02763103588000,/Users/StarTrack/Development/JazzGrooveAnalyzer/docs/scientific/rfc/JGA_WHOLE_TRACK_GROOVE_FROZEN_PIPELINE_001_20260921/WHOLE_TRACK_SOURCE_STATES.csv,7d5ced889b068c5328afd81b1ff02d04b682639aa4f47410e45e21f689bf2547
679,246.80489795918368,151.99908088235597,SELECTED,F_MIX_01221,246.83972789115646,BASS_AND_DRUM_SUPPORTED,34.82993197278000,34.82993197278000,False,[],2,1,"{""BASS_AND_DRUM_SUPPORTED"": 0, ""BASS_SUPPORTED"": 0, ""CONFLICTING_EVIDENCE"": 0, ""DRUM_SUPPORTED"": 0, ""UNKNOWN"": 1}",687,246.89212187782093,-52.39398666447000,/Users/StarTrack/Development/JazzGrooveAnalyzer/docs/scientific/rfc/JGA_WHOLE_TRACK_GROOVE_FROZEN_PIPELINE_001_20260921/WHOLE_TRACK_SOURCE_STATES.csv,7d5ced889b068c5328afd81b1ff02d04b682639aa4f47410e45e21f689bf2547
680,247.1996371882086,161.4990234374967,SELECTED,F_MIX_01223,247.2344671201814,DRUM_SUPPORTED,34.8299319728000,34.8299319728000,False,[],2,1,"{""BASS_AND_DRUM_SUPPORTED"": 0, ""BASS_SUPPORTED"": 0, ""CONFLICTING_EVIDENCE"": 0, ""DRUM_SUPPORTED"": 0, ""UNKNOWN"": 1}",688,247.2670428543433,-32.5757341619000,/Users/StarTrack/Development/JazzGrooveAnalyzer/docs/scientific/rfc/JGA_WHOLE_TRACK_GROOVE_FROZEN_PIPELINE_001_20260921/WHOLE_TRACK_SOURCE_STATES.csv,7d5ced889b068c5328afd81b1ff02d04b682639aa4f47410e45e21f689bf2547
681,247.57115646258504,161.4990234374967,SELECTED,F_MIX_01225,247.5827664399093,BASS_AND_DRUM_SUPPORTED,11.60997732426000,11.60997732426000,False,[],2,1,"{""BASS_AND_DRUM_SUPPORTED"": 0, ""BASS_SUPPORTED"": 0, ""CONFLICTING_EVIDENCE"": 0, ""DRUM_SUPPORTED"": 1, ""UNKNOWN"": 0}",689,247.64383843574828,-61.07199583898000,/Users/StarTrack/Development/JazzGrooveAnalyzer/docs/scientific/rfc/JGA_WHOLE_TRACK_GROOVE_FROZEN_PIPELINE_001_20260921/WHOLE_TRACK_SOURCE_STATES.csv,7d5ced889b068c5328afd81b1ff02d04b682639aa4f47410e45e21f689bf2547
682,247.94267573696146,161.49902343750904,SELECTED,F_MIX_01226,247.9891156462585,DRUM_SUPPORTED,46.43990929704000,46.43990929704000,False,[],1,0,"{""BASS_AND_DRUM_SUPPORTED"": 0, ""BASS_SUPPORTED"": 0, ""CONFLICTING_EVIDENCE"": 0, ""DRUM_SUPPORTED"": 0, ""UNKNOWN"": 0}",690,248.02251799506027,-33.40234880177000,/Users/StarTrack/Development/JazzGrooveAnalyzer/docs/scientific/rfc/JGA_WHOLE_TRACK_GROOVE_FROZEN_PIPELINE_001_20260921/WHOLE_TRACK_SOURCE_STATES.csv,7d5ced889b068c5328afd81b1ff02d04b682639aa4f47410e45e21f689bf2547
683,248.31419501133786,161.4990234374967,SELECTED,F_MIX_01229,248.3606349206349,BASS_AND_DRUM_SUPPORTED,46.43990929704000,46.43990929704000,False,[],3,2,"{""BASS_AND_DRUM_SUPPORTED"": 0, ""BASS_SUPPORTED"": 0, ""CONFLICTING_EVIDENCE"": 0, ""DRUM_SUPPORTED"": 2, ""UNKNOWN"": 0}",691,248.40309095216884,-42.45603153394000,/Users/StarTrack/Development/JazzGrooveAnalyzer/docs/scientific/rfc/JGA_WHOLE_TRACK_GROOVE_FROZEN_PIPELINE_001_20260921/WHOLE_TRACK_SOURCE_STATES.csv,7d5ced889b068c5328afd81b1ff02d04b682639aa4f47410e45e21f689bf2547
684,248.68571428571428,161.4990234374967,SELECTED,F_MIX_01231,248.7437641723356,DRUM_SUPPORTED,58.04988662132000,58.04988662132000,False,[],2,1,"{""BASS_AND_DRUM_SUPPORTED"": 0, ""BASS_SUPPORTED"": 0, ""CONFLICTING_EVIDENCE"": 0, ""DRUM_SUPPORTED"": 0, ""UNKNOWN"": 1}",692,248.78556677406294,-41.80260172734000,/Users/StarTrack/Development/JazzGrooveAnalyzer/docs/scientific/rfc/JGA_WHOLE_TRACK_GROOVE_FROZEN_PIPELINE_001_20260921/WHOLE_TRACK_SOURCE_STATES.csv,7d5ced889b068c5328afd81b1ff02d04b682639aa4f47410e45e21f689bf2547
685,249.0572335600907,161.4990234374967,SELECTED,F_MIX_01233,248.9991836734694,DRUM_SUPPORTED,-58.0498866213000,58.0498866213000,False,[],3,2,"{""BASS_AND_DRUM_SUPPORTED"": 1, ""BASS_SUPPORTED"": 0, ""CONFLICTING_EVIDENCE"": 0, ""DRUM_SUPPORTED"": 0, ""UNKNOWN"": 1}",693,249.16995497506653,-170.77130159713000,/Users/StarTrack/Development/JazzGrooveAnalyzer/docs/scientific/rfc/JGA_WHOLE_TRACK_GROOVE_FROZEN_PIPELINE_001_20260921/WHOLE_TRACK_SOURCE_STATES.csv,7d5ced889b068c5328afd81b1ff02d04b682639aa4f47410e45e21f689bf2547
686,249.42875283446713,151.99908088235597,SELECTED,F_MIX_01237,249.48680272108842,BASS_AND_DRUM_SUPPORTED,58.04988662129000,58.04988662129000,False,[],3,2,"{""BASS_AND_DRUM_SUPPORTED"": 0, ""BASS_SUPPORTED"": 0, ""CONFLICTING_EVIDENCE"": 0, ""DRUM_SUPPORTED"": 1, ""UNKNOWN"": 1}",694,249.55626511707513,-69.46239598671000,/Users/StarTrack/Development/JazzGrooveAnalyzer/docs/scientific/rfc/JGA_WHOLE_TRACK_GROOVE_FROZEN_PIPELINE_001_20260921/WHOLE_TRACK_SOURCE_STATES.csv,7d5ced889b068c5328afd81b1ff02d04b682639aa4f47410e45e21f689bf2547
687,249.82349206349207,161.4990234374967,SELECTED,F_MIX_01239,249.83510204081634,DRUM_SUPPORTED,11.60997732427000,11.60997732427000,False,[],2,1,"{""BASS_AND_DRUM_SUPPORTED"": 0, ""BASS_SUPPORTED"": 0, ""CONFLICTING_EVIDENCE"": 0, ""DRUM_SUPPORTED"": 1, ""UNKNOWN"": 0}",695,249.94450680979375,-109.40476897741000,/Users/StarTrack/Development/JazzGrooveAnalyzer/docs/scientific/rfc/JGA_WHOLE_TRACK_GROOVE_FROZEN_PIPELINE_001_20260921/WHOLE_TRACK_SOURCE_STATES.csv,7d5ced889b068c5328afd81b1ff02d04b682639aa4f47410e45e21f689bf2547
688,250.1950113378685,161.49902343750904,SELECTED,F_MIX_01240,250.20662131519273,DRUM_SUPPORTED,11.60997732423000,11.60997732423000,False,[],1,0,"{""BASS_AND_DRUM_SUPPORTED"": 0, ""BASS_SUPPORTED"": 0, ""CONFLICTING_EVIDENCE"": 0, ""DRUM_SUPPORTED"": 0, ""UNKNOWN"": 0}",696,250.334689710976,-128.06839578327000,/Users/StarTrack/Development/JazzGrooveAnalyzer/docs/scientific/rfc/JGA_WHOLE_TRACK_GROOVE_FROZEN_PIPELINE_001_20260921/WHOLE_TRACK_SOURCE_STATES.csv,7d5ced889b068c5328afd81b1ff02d04b682639aa4f47410e45e21f689bf2547
689,250.5665306122449,161.4990234374967,SELECTED,F_MIX_01242,250.57814058956916,DRUM_SUPPORTED,11.60997732426000,11.60997732426000,False,[],2,1,"{""BASS_AND_DRUM_SUPPORTED"": 0, ""BASS_SUPPORTED"": 0, ""CONFLICTING_EVIDENCE"": 0, ""DRUM_SUPPORTED"": 0, ""UNKNOWN"": 1}",697,250.72682352666413,-148.68293709497000,/Users/StarTrack/Development/JazzGrooveAnalyzer/docs/scientific/rfc/JGA_WHOLE_TRACK_GROOVE_FROZEN_PIPELINE_001_20260921/WHOLE_TRACK_SOURCE_STATES.csv,7d5ced889b068c5328afd81b1ff02d04b682639aa4f47410e45e21f689bf2547
690,250.93804988662131,161.4990234374967,SELECTED,F_MIX_01244,250.9728798185941,DRUM_SUPPORTED,34.82993197279000,34.82993197279000,False,[],2,1,"{""BASS_AND_DRUM_SUPPORTED"": 0, ""BASS_SUPPORTED"": 0, ""CONFLICTING_EVIDENCE"": 0, ""DRUM_SUPPORTED"": 0, ""UNKNOWN"": 1}",698,251.12091801143072,-148.03819283662000,/Users/StarTrack/Development/JazzGrooveAnalyzer/docs/scientific/rfc/JGA_WHOLE_TRACK_GROOVE_FROZEN_PIPELINE_001_20260921/WHOLE_TRACK_SOURCE_STATES.csv,7d5ced889b068c5328afd81b1ff02d04b682639aa4f47410e45e21f689bf2547
691,251.30956916099774,161.49902343750904,SELECTED,F_MIX_01246,251.33278911564625,DRUM_SUPPORTED,23.21995464851000,23.21995464851000,False,[],3,2,"{""BASS_AND_DRUM_SUPPORTED"": 0, ""BASS_SUPPORTED"": 0, ""CONFLICTING_EVIDENCE"": 0, ""DRUM_SUPPORTED"": 1, ""UNKNOWN"": 1}",699,251.51698296862114,-184.19385297489000,/Users/StarTrack/Development/JazzGrooveAnalyzer/docs/scientific/rfc/JGA_WHOLE_TRACK_GROOVE_FROZEN_PIPELINE_001_20260921/WHOLE_TRACK_SOURCE_STATES.csv,7d5ced889b068c5328afd81b1ff02d04b682639aa4f47410e45e21f689bf2547
692,251.68108843537414,161.4990234374967,SELECTED,F_MIX_01248,251.71591836734694,DRUM_SUPPORTED,34.82993197280000,34.82993197280000,False,[],2,1,"{""BASS_AND_DRUM_SUPPORTED"": 0, ""BASS_SUPPORTED"": 0, ""CONFLICTING_EVIDENCE"": 0, ""DRUM_SUPPORTED"": 0, ""UNKNOWN"": 1}",700,251.9117543552626,-195.83598791566000,/Users/StarTrack/Development/JazzGrooveAnalyzer/docs/scientific/rfc/JGA_WHOLE_TRACK_GROOVE_FROZEN_PIPELINE_001_20260921/WHOLE_TRACK_SOURCE_STATES.csv,7d5ced889b068c5328afd81b1ff02d04b682639aa4f47410e45e21f689bf2547
693,252.05260770975056,161.4990234374967,SELECTED,F_MIX_01251,252.08743764172337,BASS_AND_DRUM_SUPPORTED,34.82993197281000,34.82993197281000,False,[],2,1,"{""BASS_AND_DRUM_SUPPORTED"": 0, ""BASS_SUPPORTED"": 0, ""CONFLICTING_EVIDENCE"": 0, ""DRUM_SUPPORTED"": 1, ""UNKNOWN"": 0}",700,251.9117543552626,175.68328646077000,/Users/StarTrack/Development/JazzGrooveAnalyzer/docs/scientific/rfc/JGA_WHOLE_TRACK_GROOVE_FROZEN_PIPELINE_001_20260921/WHOLE_TRACK_SOURCE_STATES.csv,7d5ced889b068c5328afd81b1ff02d04b682639aa4f47410e45e21f689bf2547
694,252.42412698412699,161.4990234374967,SELECTED,F_MIX_01253,252.45895691609977,DRUM_SUPPORTED,34.82993197278000,34.82993197278000,False,[],2,1,"{""BASS_AND_DRUM_SUPPORTED"": 0, ""BASS_SUPPORTED"": 0, ""CONFLICTING_EVIDENCE"": 0, ""DRUM_SUPPORTED"": 1, ""UNKNOWN"": 0}",701,252.30773341049613,151.22350560364000,/Users/StarTrack/Development/JazzGrooveAnalyzer/docs/scientific/rfc/JGA_WHOLE_TRACK_GROOVE_FROZEN_PIPELINE_001_20260921/WHOLE_TRACK_SOURCE_STATES.csv,7d5ced889b068c5328afd81b1ff02d04b682639aa4f47410e45e21f689bf2547
695,252.7956462585034,161.49902343750904,SELECTED,F_MIX_01255,252.81886621315192,DRUM_SUPPORTED,23.21995464852000,23.21995464852000,False,[],2,1,"{""BASS_AND_DRUM_SUPPORTED"": 0, ""BASS_SUPPORTED"": 0, ""CONFLICTING_EVIDENCE"": 0, ""DRUM_SUPPORTED"": 0, ""UNKNOWN"": 1}",702,252.70242748537638,116.43872777554000,/Users/StarTrack/Development/JazzGrooveAnalyzer/docs/scientific/rfc/JGA_WHOLE_TRACK_GROOVE_FROZEN_PIPELINE_001_20260921/WHOLE_TRACK_SOURCE_STATES.csv,7d5ced889b068c5328afd81b1ff02d04b682639aa4f47410e45e21f689bf2547
696,253.1671655328798,151.99908088234503,SELECTED,F_MIX_01257,253.20199546485262,DRUM_SUPPORTED,34.82993197282000,34.82993197282000,False,[],2,1,"{""BASS_AND_DRUM_SUPPORTED"": 0, ""BASS_SUPPORTED"": 0, ""CONFLICTING_EVIDENCE"": 0, ""DRUM_SUPPORTED"": 1, ""UNKNOWN"": 0}",703,253.09551609834682,106.47936650580000,/Users/StarTrack/Development/JazzGrooveAnalyzer/docs/scientific/rfc/JGA_WHOLE_TRACK_GROOVE_FROZEN_PIPELINE_001_20260921/WHOLE_TRACK_SOURCE_STATES.csv,7d5ced889b068c5328afd81b1ff02d04b682639aa4f47410e45e21f689bf2547
697,253.56190476190477,161.49902343750904,SELECTED,F_MIX_01258,253.56190476190477,DRUM_SUPPORTED,0E-14,0E-14,False,[],1,0,"{""BASS_AND_DRUM_SUPPORTED"": 0, ""BASS_SUPPORTED"": 0, ""CONFLICTING_EVIDENCE"": 0, ""DRUM_SUPPORTED"": 0, ""UNKNOWN"": 0}",704,253.48671081600662,75.19394589815000,/Users/StarTrack/Development/JazzGrooveAnalyzer/docs/scientific/rfc/JGA_WHOLE_TRACK_GROOVE_FROZEN_PIPELINE_001_20260921/WHOLE_TRACK_SOURCE_STATES.csv,7d5ced889b068c5328afd81b1ff02d04b682639aa4f47410e45e21f689bf2547
698,253.93342403628117,161.4990234374967,SELECTED,F_MIX_01259,253.9566439909297,DRUM_SUPPORTED,23.21995464853000,23.21995464853000,False,[],1,0,"{""BASS_AND_DRUM_SUPPORTED"": 0, ""BASS_SUPPORTED"": 0, ""CONFLICTING_EVIDENCE"": 0, ""DRUM_SUPPORTED"": 0, ""UNKNOWN"": 0}",705,253.87620102788685,80.44296304285000,/Users/StarTrack/Development/JazzGrooveAnalyzer/docs/scientific/rfc/JGA_WHOLE_TRACK_GROOVE_FROZEN_PIPELINE_001_20260921/WHOLE_TRACK_SOURCE_STATES.csv,7d5ced889b068c5328afd81b1ff02d04b682639aa4f47410e45e21f689bf2547
699,254.3049433106576,151.99908088235597,SELECTED,F_MIX_01261,254.33977324263037,DRUM_SUPPORTED,34.82993197277000,34.82993197277000,False,[],2,1,"{""BASS_AND_DRUM_SUPPORTED"": 0, ""BASS_SUPPORTED"": 0, ""CONFLICTING_EVIDENCE"": 0, ""DRUM_SUPPORTED"": 1, ""UNKNOWN"": 0}",706,254.26402566529106,75.74757733931000,/Users/StarTrack/Development/JazzGrooveAnalyzer/docs/scientific/rfc/JGA_WHOLE_TRACK_GROOVE_FROZEN_PIPELINE_001_20260921/WHOLE_TRACK_SOURCE_STATES.csv,7d5ced889b068c5328afd81b1ff02d04b682639aa4f47410e45e21f689bf2547
700,254.69968253968253,151.99908088234503,SELECTED,F_MIX_01263,254.69968253968253,DRUM_SUPPORTED,0E-14,0E-14,False,[],2,1,"{""BASS_AND_DRUM_SUPPORTED"": 0, ""BASS_SUPPORTED"": 0, ""CONFLICTING_EVIDENCE"": 0, ""DRUM_SUPPORTED"": 0, ""UNKNOWN"": 1}",707,254.6502197663925,49.46277329003000,/Users/StarTrack/Development/JazzGrooveAnalyzer/docs/scientific/rfc/JGA_WHOLE_TRACK_GROOVE_FROZEN_PIPELINE_001_20260921/WHOLE_TRACK_SOURCE_STATES.csv,7d5ced889b068c5328afd81b1ff02d04b682639aa4f47410e45e21f689bf2547
701,255.0944217687075,161.49902343750904,SELECTED,F_MIX_01264,254.98993197278912,DRUM_SUPPORTED,-104.48979591838000,104.48979591838000,False,[],1,0,"{""BASS_AND_DRUM_SUPPORTED"": 0, ""BASS_SUPPORTED"": 0, ""CONFLICTING_EVIDENCE"": 0, ""DRUM_SUPPORTED"": 0, ""UNKNOWN"": 0}",708,255.03507790409583,-45.14593130671000,/Users/StarTrack/Development/JazzGrooveAnalyzer/docs/scientific/rfc/JGA_WHOLE_TRACK_GROOVE_FROZEN_PIPELINE_001_20260921/WHOLE_TRACK_SOURCE_STATES.csv,7d5ced889b068c5328afd81b1ff02d04b682639aa4f47410e45e21f689bf2547
702,255.4659410430839,151.99908088234503,SELECTED,F_MIX_01266,255.4659410430839,DRUM_SUPPORTED,0E-13,0E-13,False,[],2,1,"{""BASS_AND_DRUM_SUPPORTED"": 0, ""BASS_SUPPORTED"": 0, ""CONFLICTING_EVIDENCE"": 0, ""DRUM_SUPPORTED"": 1, ""UNKNOWN"": 0}",709,255.41860215546646,47.33888761744000,/Users/StarTrack/Development/JazzGrooveAnalyzer/docs/scientific/rfc/JGA_WHOLE_TRACK_GROOVE_FROZEN_PIPELINE_001_20260921/WHOLE_TRACK_SOURCE_STATES.csv,7d5ced889b068c5328afd81b1ff02d04b682639aa4f47410e45e21f689bf2547
703,255.86068027210885,161.4990234374967,SELECTED,F_MIX_01268,255.8374603174603,DRUM_SUPPORTED,-23.21995464855000,23.21995464855000,False,[],2,1,"{""BASS_AND_DRUM_SUPPORTED"": 0, ""BASS_SUPPORTED"": 0, ""CONFLICTING_EVIDENCE"": 0, ""DRUM_SUPPORTED"": 0, ""UNKNOWN"": 1}",710,255.80092590913767,36.53440832263000,/Users/StarTrack/Development/JazzGrooveAnalyzer/docs/scientific/rfc/JGA_WHOLE_TRACK_GROOVE_FROZEN_PIPELINE_001_20260921/WHOLE_TRACK_SOURCE_STATES.csv,7d5ced889b068c5328afd81b1ff02d04b682639aa4f47410e45e21f689bf2547
704,256.2321995464853,161.49902343750904,SELECTED,F_MIX_01270,256.24380952380955,DRUM_SUPPORTED,11.60997732425000,11.60997732425000,False,[],2,1,"{""BASS_AND_DRUM_SUPPORTED"": 0, ""BASS_SUPPORTED"": 0, ""CONFLICTING_EVIDENCE"": 0, ""DRUM_SUPPORTED"": 1, ""UNKNOWN"": 0}",711,256.18180186794064,62.00765586891000,/Users/StarTrack/Development/JazzGrooveAnalyzer/docs/scientific/rfc/JGA_WHOLE_TRACK_GROOVE_FROZEN_PIPELINE_001_20260921/WHOLE_TRACK_SOURCE_STATES.csv,7d5ced889b068c5328afd81b1ff02d04b682639aa4f47410e45e21f689bf2547
705,256.6037188208617,161.49902343750904,SELECTED,F_MIX_01271,256.5921088435374,DRUM_SUPPORTED,-11.6099773243000,11.6099773243000,False,[],3,2,"{""BASS_AND_DRUM_SUPPORTED"": 0, ""BASS_SUPPORTED"": 0, ""CONFLICTING_EVIDENCE"": 0, ""DRUM_SUPPORTED"": 1, ""UNKNOWN"": 1}",712,256.56137481136216,30.73403217524000,/Users/StarTrack/Development/JazzGrooveAnalyzer/docs/scientific/rfc/JGA_WHOLE_TRACK_GROOVE_FROZEN_PIPELINE_001_20260921/WHOLE_TRACK_SOURCE_STATES.csv,7d5ced889b068c5328afd81b1ff02d04b682639aa4f47410e45e21f689bf2547
706,256.97523809523807,161.49902343748434,SELECTED,F_MIX_01274,256.97523809523807,DRUM_SUPPORTED,0E-14,0E-14,False,[],1,0,"{""BASS_AND_DRUM_SUPPORTED"": 0, ""BASS_SUPPORTED"": 0, ""CONFLICTING_EVIDENCE"": 0, ""DRUM_SUPPORTED"": 0, ""UNKNOWN"": 0}",713,256.9394076940016,35.83040123647000,/Users/StarTrack/Development/JazzGrooveAnalyzer/docs/scientific/rfc/JGA_WHOLE_TRACK_GROOVE_FROZEN_PIPELINE_001_20260921/WHOLE_TRACK_SOURCE_STATES.csv,7d5ced889b068c5328afd81b1ff02d04b682639aa4f47410e45e21f689bf2547
707,257.3467573696145,161.49902343750904,SELECTED,F_MIX_01275,257.3583673469388,DRUM_SUPPORTED,11.6099773243000,11.6099773243000,False,[],2,1,"{""BASS_AND_DRUM_SUPPORTED"": 0, ""BASS_SUPPORTED"": 0, ""CONFLICTING_EVIDENCE"": 0, ""DRUM_SUPPORTED"": 1, ""UNKNOWN"": 0}",714,257.3160545219372,42.3128250016000,/Users/StarTrack/Development/JazzGrooveAnalyzer/docs/scientific/rfc/JGA_WHOLE_TRACK_GROOVE_FROZEN_PIPELINE_001_20260921/WHOLE_TRACK_SOURCE_STATES.csv,7d5ced889b068c5328afd81b1ff02d04b682639aa4f47410e45e21f689bf2547
708,257.7182766439909,161.49902343748434,SELECTED,F_MIX_01277,257.7298866213152,DRUM_SUPPORTED,11.6099773243000,11.6099773243000,False,[],1,0,"{""BASS_AND_DRUM_SUPPORTED"": 0, ""BASS_SUPPORTED"": 0, ""CONFLICTING_EVIDENCE"": 0, ""DRUM_SUPPORTED"": 0, ""UNKNOWN"": 0}",715,257.6914539006393,38.4327206759000,/Users/StarTrack/Development/JazzGrooveAnalyzer/docs/scientific/rfc/JGA_WHOLE_TRACK_GROOVE_FROZEN_PIPELINE_001_20260921/WHOLE_TRACK_SOURCE_STATES.csv,7d5ced889b068c5328afd81b1ff02d04b682639aa4f47410e45e21f689bf2547
709,258.0897959183674,161.49902343750904,SELECTED,F_MIX_01279,258.0781859410431,UNKNOWN,-11.6099773243000,11.6099773243000,False,[],2,1,"{""BASS_AND_DRUM_SUPPORTED"": 0, ""BASS_SUPPORTED"": 0, ""CONFLICTING_EVIDENCE"": 0, ""DRUM_SUPPORTED"": 1, ""UNKNOWN"": 0}",716,258.0652317088182,12.9542322249000,/Users/StarTrack/Development/JazzGrooveAnalyzer/docs/scientific/rfc/JGA_WHOLE_TRACK_GROOVE_FROZEN_PIPELINE_001_20260921/WHOLE_TRACK_SOURCE_STATES.csv,7d5ced889b068c5328afd81b1ff02d04b682639aa4f47410e45e21f689bf2547
710,258.46131519274377,161.49902343750904,SELECTED,F_MIX_01280,258.4497052154195,DRUM_SUPPORTED,-11.60997732427000,11.60997732427000,False,[],2,1,"{""BASS_AND_DRUM_SUPPORTED"": 0, ""BASS_SUPPORTED"": 0, ""CONFLICTING_EVIDENCE"": 0, ""DRUM_SUPPORTED"": 1, ""UNKNOWN"": 0}",717,258.4375501035261,12.1551118934000,/Users/StarTrack/Development/JazzGrooveAnalyzer/docs/scientific/rfc/JGA_WHOLE_TRACK_GROOVE_FROZEN_PIPELINE_001_20260921/WHOLE_TRACK_SOURCE_STATES.csv,7d5ced889b068c5328afd81b1ff02d04b682639aa4f47410e45e21f689bf2547
711,258.83283446712016,161.49902343748434,SELECTED,F_MIX_01283,258.83283446712016,DRUM_SUPPORTED,0E-14,0E-14,False,[],2,1,"{""BASS_AND_DRUM_SUPPORTED"": 0, ""BASS_SUPPORTED"": 0, ""CONFLICTING_EVIDENCE"": 0, ""DRUM_SUPPORTED"": 0, ""UNKNOWN"": 1}",718,258.80905389232333,23.78057479683000,/Users/StarTrack/Development/JazzGrooveAnalyzer/docs/scientific/rfc/JGA_WHOLE_TRACK_GROOVE_FROZEN_PIPELINE_001_20260921/WHOLE_TRACK_SOURCE_STATES.csv,7d5ced889b068c5328afd81b1ff02d04b682639aa4f47410e45e21f689bf2547
712,259.2043537414966,161.49902343750904,SELECTED,F_MIX_01285,259.2043537414966,DRUM_SUPPORTED,0E-13,0E-13,False,[],2,1,"{""BASS_AND_DRUM_SUPPORTED"": 0, ""BASS_SUPPORTED"": 0, ""CONFLICTING_EVIDENCE"": 0, ""DRUM_SUPPORTED"": 0, ""UNKNOWN"": 1}",719,259.1798245358009,24.5292056957000,/Users/StarTrack/Development/JazzGrooveAnalyzer/docs/scientific/rfc/JGA_WHOLE_TRACK_GROOVE_FROZEN_PIPELINE_001_20260921/WHOLE_TRACK_SOURCE_STATES.csv,7d5ced889b068c5328afd81b1ff02d04b682639aa4f47410e45e21f689bf2547
713,259.575873015873,161.49902343750904,SELECTED,F_MIX_01287,259.575873015873,DRUM_SUPPORTED,0E-12,0E-12,False,[],3,2,"{""BASS_AND_DRUM_SUPPORTED"": 0, ""BASS_SUPPORTED"": 0, ""CONFLICTING_EVIDENCE"": 0, ""DRUM_SUPPORTED"": 1, ""UNKNOWN"": 1}",720,259.5499353484908,25.9376673822000,/Users/StarTrack/Development/JazzGrooveAnalyzer/docs/scientific/rfc/JGA_WHOLE_TRACK_GROOVE_FROZEN_PIPELINE_001_20260921/WHOLE_TRACK_SOURCE_STATES.csv,7d5ced889b068c5328afd81b1ff02d04b682639aa4f47410e45e21f689bf2547
714,259.9473922902494,161.49902343748434,SELECTED,F_MIX_01290,259.9473922902494,DRUM_SUPPORTED,0E-13,0E-13,False,[],2,1,"{""BASS_AND_DRUM_SUPPORTED"": 0, ""BASS_SUPPORTED"": 0, ""CONFLICTING_EVIDENCE"": 0, ""DRUM_SUPPORTED"": 1, ""UNKNOWN"": 0}",721,259.9194523134718,27.9399767776000,/Users/StarTrack/Development/JazzGrooveAnalyzer/docs/scientific/rfc/JGA_WHOLE_TRACK_GROOVE_FROZEN_PIPELINE_001_20260921/WHOLE_TRACK_SOURCE_STATES.csv,7d5ced889b068c5328afd81b1ff02d04b682639aa4f47410e45e21f689bf2547
715,260.31891156462586,161.49902343750904,SELECTED,F_MIX_01292,260.3073015873016,DRUM_SUPPORTED,-11.60997732426000,11.60997732426000,False,[],2,1,"{""BASS_AND_DRUM_SUPPORTED"": 0, ""BASS_SUPPORTED"": 0, ""CONFLICTING_EVIDENCE"": 0, ""DRUM_SUPPORTED"": 0, ""UNKNOWN"": 1}",722,260.2884348155148,18.8667717868000,/Users/StarTrack/Development/JazzGrooveAnalyzer/docs/scientific/rfc/JGA_WHOLE_TRACK_GROOVE_FROZEN_PIPELINE_001_20260921/WHOLE_TRACK_SOURCE_STATES.csv,7d5ced889b068c5328afd81b1ff02d04b682639aa4f47410e45e21f689bf2547
716,260.69043083900226,161.49902343750904,SELECTED,F_MIX_01294,260.678820861678,DRUM_SUPPORTED,-11.60997732426000,11.60997732426000,False,[],2,1,"{""BASS_AND_DRUM_SUPPORTED"": 0, ""BASS_SUPPORTED"": 0, ""CONFLICTING_EVIDENCE"": 0, ""DRUM_SUPPORTED"": 0, ""UNKNOWN"": 1}",723,260.65693630091357,21.88456076443000,/Users/StarTrack/Development/JazzGrooveAnalyzer/docs/scientific/rfc/JGA_WHOLE_TRACK_GROOVE_FROZEN_PIPELINE_001_20260921/WHOLE_TRACK_SOURCE_STATES.csv,7d5ced889b068c5328afd81b1ff02d04b682639aa4f47410e45e21f689bf2547
717,261.06195011337866,172.26562499998857,SELECTED,F_MIX_01296,261.05034013605444,DRUM_SUPPORTED,-11.60997732422000,11.60997732422000,False,[],3,2,"{""BASS_AND_DRUM_SUPPORTED"": 0, ""BASS_SUPPORTED"": 0, ""CONFLICTING_EVIDENCE"": 0, ""DRUM_SUPPORTED"": 2, ""UNKNOWN"": 0}",724,261.02500487133256,25.33526472188000,/Users/StarTrack/Development/JazzGrooveAnalyzer/docs/scientific/rfc/JGA_WHOLE_TRACK_GROOVE_FROZEN_PIPELINE_001_20260921/WHOLE_TRACK_SOURCE_STATES.csv,7d5ced889b068c5328afd81b1ff02d04b682639aa4f47410e45e21f689bf2547
718,261.41024943310657,161.49902343750904,SELECTED,F_MIX_01298,261.41024943310657,DRUM_SUPPORTED,0E-14,0E-14,False,[],1,0,"{""BASS_AND_DRUM_SUPPORTED"": 0, ""BASS_SUPPORTED"": 0, ""CONFLICTING_EVIDENCE"": 0, ""DRUM_SUPPORTED"": 0, ""UNKNOWN"": 0}",725,261.39268381826975,17.56561483682000,/Users/StarTrack/Development/JazzGrooveAnalyzer/docs/scientific/rfc/JGA_WHOLE_TRACK_GROOVE_FROZEN_PIPELINE_001_20260921/WHOLE_TRACK_SOURCE_STATES.csv,7d5ced889b068c5328afd81b1ff02d04b682639aa4f47410e45e21f689bf2547
719,261.78176870748297,161.49902343748434,SELECTED,F_MIX_01300,261.77015873015876,DRUM_SUPPORTED,-11.60997732421000,11.60997732421000,False,[],2,1,"{""BASS_AND_DRUM_SUPPORTED"": 0, ""BASS_SUPPORTED"": 0, ""CONFLICTING_EVIDENCE"": 0, ""DRUM_SUPPORTED"": 0, ""UNKNOWN"": 1}",726,261.76001210407327,10.14662608549000,/Users/StarTrack/Development/JazzGrooveAnalyzer/docs/scientific/rfc/JGA_WHOLE_TRACK_GROOVE_FROZEN_PIPELINE_001_20260921/WHOLE_TRACK_SOURCE_STATES.csv,7d5ced889b068c5328afd81b1ff02d04b682639aa4f47410e45e21f689bf2547
720,262.1532879818594,172.26562500001668,SELECTED,F_MIX_01302,262.04879818594105,DRUM_SUPPORTED,-104.48979591835000,104.48979591835000,False,[],3,2,"{""BASS_AND_DRUM_SUPPORTED"": 0, ""BASS_SUPPORTED"": 0, ""CONFLICTING_EVIDENCE"": 0, ""DRUM_SUPPORTED"": 0, ""UNKNOWN"": 2}",727,262.12702479485654,-78.22660891549000,/Users/StarTrack/Development/JazzGrooveAnalyzer/docs/scientific/rfc/JGA_WHOLE_TRACK_GROOVE_FROZEN_PIPELINE_001_20260921/WHOLE_TRACK_SOURCE_STATES.csv,7d5ced889b068c5328afd81b1ff02d04b682639aa4f47410e45e21f689bf2547
721,262.5015873015873,161.49902343748434,SELECTED,F_MIX_01305,262.51319727891155,DRUM_SUPPORTED,11.60997732425000,11.60997732425000,False,[],2,1,"{""BASS_AND_DRUM_SUPPORTED"": 0, ""BASS_SUPPORTED"": 0, ""CONFLICTING_EVIDENCE"": 0, ""DRUM_SUPPORTED"": 0, ""UNKNOWN"": 1}",728,262.4937534501216,19.44382878995000,/Users/StarTrack/Development/JazzGrooveAnalyzer/docs/scientific/rfc/JGA_WHOLE_TRACK_GROOVE_FROZEN_PIPELINE_001_20260921/WHOLE_TRACK_SOURCE_STATES.csv,7d5ced889b068c5328afd81b1ff02d04b682639aa4f47410e45e21f689bf2547
722,262.87310657596373,172.26562500001668,SELECTED,F_MIX_01307,262.884716553288,DRUM_SUPPORTED,11.60997732427000,11.60997732427000,False,[],2,1,"{""BASS_AND_DRUM_SUPPORTED"": 0, ""BASS_SUPPORTED"": 0, ""CONFLICTING_EVIDENCE"": 0, ""DRUM_SUPPORTED"": 0, ""UNKNOWN"": 1}",729,262.8602264734202,24.4900798678000,/Users/StarTrack/Development/JazzGrooveAnalyzer/docs/scientific/rfc/JGA_WHOLE_TRACK_GROOVE_FROZEN_PIPELINE_001_20260921/WHOLE_TRACK_SOURCE_STATES.csv,7d5ced889b068c5328afd81b1ff02d04b682639aa4f47410e45e21f689bf2547
723,263.2214058956916,172.26562499998857,SELECTED,F_MIX_01308,263.15174603174603,DRUM_SUPPORTED,-69.65986394557000,69.65986394557000,False,[],1,0,"{""BASS_AND_DRUM_SUPPORTED"": 0, ""BASS_SUPPORTED"": 0, ""CONFLICTING_EVIDENCE"": 0, ""DRUM_SUPPORTED"": 0, ""UNKNOWN"": 0}",730,263.22646942794904,-74.72339620301000,/Users/StarTrack/Development/JazzGrooveAnalyzer/docs/scientific/rfc/JGA_WHOLE_TRACK_GROOVE_FROZEN_PIPELINE_001_20260921/WHOLE_TRACK_SOURCE_STATES.csv,7d5ced889b068c5328afd81b1ff02d04b682639aa4f47410e45e21f689bf2547
724,263.5697052154195,161.49902343750904,SELECTED,F_MIX_01309,263.5232653061224,DRUM_SUPPORTED,-46.4399092971000,46.4399092971000,True,"[""F_MIX_01309"", ""F_MIX_01310""]",2,1,"{""BASS_AND_DRUM_SUPPORTED"": 0, ""BASS_SUPPORTED"": 0, ""CONFLICTING_EVIDENCE"": 0, ""DRUM_SUPPORTED"": 1, ""UNKNOWN"": 0}",731,263.5925053205851,-69.2400144627000,/Users/StarTrack/Development/JazzGrooveAnalyzer/docs/scientific/rfc/JGA_WHOLE_TRACK_GROOVE_FROZEN_PIPELINE_001_20260921/WHOLE_TRACK_SOURCE_STATES.csv,7d5ced889b068c5328afd81b1ff02d04b682639aa4f47410e45e21f689bf2547
725,263.9412244897959,172.26562499998857,SELECTED,F_MIX_01311,263.8831746031746,DRUM_SUPPORTED,-58.0498866213000,58.0498866213000,False,[],1,0,"{""BASS_AND_DRUM_SUPPORTED"": 0, ""BASS_SUPPORTED"": 0, ""CONFLICTING_EVIDENCE"": 0, ""DRUM_SUPPORTED"": 0, ""UNKNOWN"": 0}",732,263.9583548575176,-75.1802543430000,/Users/StarTrack/Development/JazzGrooveAnalyzer/docs/scientific/rfc/JGA_WHOLE_TRACK_GROOVE_FROZEN_PIPELINE_001_20260921/WHOLE_TRACK_SOURCE_STATES.csv,7d5ced889b068c5328afd81b1ff02d04b682639aa4f47410e45e21f689bf2547
726,264.2895238095238,172.26562499998857,SELECTED,F_MIX_01312,264.3243537414966,DRUM_SUPPORTED,34.8299319728000,34.8299319728000,False,[],1,0,"{""BASS_AND_DRUM_SUPPORTED"": 0, ""BASS_SUPPORTED"": 0, ""CONFLICTING_EVIDENCE"": 0, ""DRUM_SUPPORTED"": 0, ""UNKNOWN"": 0}",733,264.3240366743169,0.3170671797000,/Users/StarTrack/Development/JazzGrooveAnalyzer/docs/scientific/rfc/JGA_WHOLE_TRACK_GROOVE_FROZEN_PIPELINE_001_20260921/WHOLE_TRACK_SOURCE_STATES.csv,7d5ced889b068c5328afd81b1ff02d04b682639aa4f47410e45e21f689bf2547
727,264.63782312925173,161.49902343750904,SELECTED,F_MIX_01313,264.59138321995465,UNKNOWN,-46.43990929708000,46.43990929708000,False,[],2,1,"{""BASS_AND_DRUM_SUPPORTED"": 0, ""BASS_SUPPORTED"": 0, ""CONFLICTING_EVIDENCE"": 0, ""DRUM_SUPPORTED"": 1, ""UNKNOWN"": 0}",734,264.68956754299643,-98.18432304178000,/Users/StarTrack/Development/JazzGrooveAnalyzer/docs/scientific/rfc/JGA_WHOLE_TRACK_GROOVE_FROZEN_PIPELINE_001_20260921/WHOLE_TRACK_SOURCE_STATES.csv,7d5ced889b068c5328afd81b1ff02d04b682639aa4f47410e45e21f689bf2547
728,265.0093424036281,172.26562500001668,SELECTED,F_MIX_01315,264.96290249433105,DRUM_SUPPORTED,-46.43990929705000,46.43990929705000,True,"[""F_MIX_01315"", ""F_MIX_01316""]",2,1,"{""BASS_AND_DRUM_SUPPORTED"": 0, ""BASS_SUPPORTED"": 0, ""CONFLICTING_EVIDENCE"": 0, ""DRUM_SUPPORTED"": 1, ""UNKNOWN"": 0}",735,265.05496255836806,-92.06006403701000,/Users/StarTrack/Development/JazzGrooveAnalyzer/docs/scientific/rfc/JGA_WHOLE_TRACK_GROOVE_FROZEN_PIPELINE_001_20260921/WHOLE_TRACK_SOURCE_STATES.csv,7d5ced889b068c5328afd81b1ff02d04b682639aa4f47410e45e21f689bf2547
729,265.357641723356,161.49902343748434,SELECTED,F_MIX_01317,265.31120181405896,DRUM_SUPPORTED,-46.43990929704000,46.43990929704000,False,[],2,1,"{""BASS_AND_DRUM_SUPPORTED"": 0, ""BASS_SUPPORTED"": 0, ""CONFLICTING_EVIDENCE"": 0, ""DRUM_SUPPORTED"": 1, ""UNKNOWN"": 0}",736,265.4202353057626,-109.03349170364000,/Users/StarTrack/Development/JazzGrooveAnalyzer/docs/scientific/rfc/JGA_WHOLE_TRACK_GROOVE_FROZEN_PIPELINE_001_20260921/WHOLE_TRACK_SOURCE_STATES.csv,7d5ced889b068c5328afd81b1ff02d04b682639aa4f47410e45e21f689bf2547
730,265.72916099773244,161.49902343750904,SELECTED,F_MIX_01320,265.7872108843537,DRUM_SUPPORTED,58.04988662126000,58.04988662126000,False,[],2,1,"{""BASS_AND_DRUM_SUPPORTED"": 0, ""BASS_SUPPORTED"": 0, ""CONFLICTING_EVIDENCE"": 0, ""DRUM_SUPPORTED"": 1, ""UNKNOWN"": 0}",737,265.7853980119778,1.8128723759000,/Users/StarTrack/Development/JazzGrooveAnalyzer/docs/scientific/rfc/JGA_WHOLE_TRACK_GROOVE_FROZEN_PIPELINE_001_20260921/WHOLE_TRACK_SOURCE_STATES.csv,7d5ced889b068c5328afd81b1ff02d04b682639aa4f47410e45e21f689bf2547
731,266.10068027210883,161.49902343748434,SELECTED,F_MIX_01322,266.13551020408164,DRUM_SUPPORTED,34.82993197281000,34.82993197281000,False,[],2,1,"{""BASS_AND_DRUM_SUPPORTED"": 0, ""BASS_SUPPORTED"": 0, ""CONFLICTING_EVIDENCE"": 0, ""DRUM_SUPPORTED"": 1, ""UNKNOWN"": 0}",738,266.15046168113156,-14.95147704992000,/Users/StarTrack/Development/JazzGrooveAnalyzer/docs/scientific/rfc/JGA_WHOLE_TRACK_GROOVE_FROZEN_PIPELINE_001_20260921/WHOLE_TRACK_SOURCE_STATES.csv,7d5ced889b068c5328afd81b1ff02d04b682639aa4f47410e45e21f689bf2547
732,266.4721995464853,161.49902343750904,SELECTED,F_MIX_01324,266.5302494331066,DRUM_SUPPORTED,58.0498866213000,58.0498866213000,False,[],2,1,"{""BASS_AND_DRUM_SUPPORTED"": 0, ""BASS_SUPPORTED"": 0, ""CONFLICTING_EVIDENCE"": 0, ""DRUM_SUPPORTED"": 1, ""UNKNOWN"": 0}",739,266.5158035638688,14.4458692378000,/Users/StarTrack/Development/JazzGrooveAnalyzer/docs/scientific/rfc/JGA_WHOLE_TRACK_GROOVE_FROZEN_PIPELINE_001_20260921/WHOLE_TRACK_SOURCE_STATES.csv,7d5ced889b068c5328afd81b1ff02d04b682639aa4f47410e45e21f689bf2547
733,266.8437188208617,161.49902343750904,SELECTED,F_MIX_01326,266.8785487528345,DRUM_SUPPORTED,34.8299319728000,34.8299319728000,False,[],2,1,"{""BASS_AND_DRUM_SUPPORTED"": 0, ""BASS_SUPPORTED"": 0, ""CONFLICTING_EVIDENCE"": 0, ""DRUM_SUPPORTED"": 0, ""UNKNOWN"": 1}",740,266.88102849189244,-2.47973905794000,/Users/StarTrack/Development/JazzGrooveAnalyzer/docs/scientific/rfc/JGA_WHOLE_TRACK_GROOVE_FROZEN_PIPELINE_001_20260921/WHOLE_TRACK_SOURCE_STATES.csv,7d5ced889b068c5328afd81b1ff02d04b682639aa4f47410e45e21f689bf2547
734,267.2152380952381,161.49902343748434,SELECTED,F_MIX_01328,267.2732879818594,DRUM_SUPPORTED,58.0498866213000,58.0498866213000,False,[],2,1,"{""BASS_AND_DRUM_SUPPORTED"": 0, ""BASS_SUPPORTED"": 0, ""CONFLICTING_EVIDENCE"": 0, ""DRUM_SUPPORTED"": 1, ""UNKNOWN"": 0}",741,267.2461481606738,27.1398211856000,/Users/StarTrack/Development/JazzGrooveAnalyzer/docs/scientific/rfc/JGA_WHOLE_TRACK_GROOVE_FROZEN_PIPELINE_001_20260921/WHOLE_TRACK_SOURCE_STATES.csv,7d5ced889b068c5328afd81b1ff02d04b682639aa4f47410e45e21f689bf2547
735,267.58675736961453,161.49902343750904,SELECTED,F_MIX_01330,267.6215873015873,DRUM_SUPPORTED,34.82993197277000,34.82993197277000,False,[],2,1,"{""BASS_AND_DRUM_SUPPORTED"": 0, ""BASS_SUPPORTED"": 0, ""CONFLICTING_EVIDENCE"": 0, ""DRUM_SUPPORTED"": 1, ""UNKNOWN"": 0}",742,267.61117309613707,10.41420545023000,/Users/StarTrack/Development/JazzGrooveAnalyzer/docs/scientific/rfc/JGA_WHOLE_TRACK_GROOVE_FROZEN_PIPELINE_001_20260921/WHOLE_TRACK_SOURCE_STATES.csv,7d5ced889b068c5328afd81b1ff02d04b682639aa4f47410e45e21f689bf2547
736,267.9582766439909,161.49902343750904,SELECTED,F_MIX_01331,267.8770068027211,DRUM_SUPPORTED,-81.2698412698000,81.2698412698000,False,[],1,0,"{""BASS_AND_DRUM_SUPPORTED"": 0, ""BASS_SUPPORTED"": 0, ""CONFLICTING_EVIDENCE"": 0, ""DRUM_SUPPORTED"": 0, ""UNKNOWN"": 0}",743,267.9761127716141,-99.1059688930000,/Users/StarTrack/Development/JazzGrooveAnalyzer/docs/scientific/rfc/JGA_WHOLE_TRACK_GROOVE_FROZEN_PIPELINE_001_20260921/WHOLE_TRACK_SOURCE_STATES.csv,7d5ced889b068c5328afd81b1ff02d04b682639aa4f47410e45e21f689bf2547
737,268.3297959183673,151.99908088233408,SELECTED,F_MIX_01332,268.35301587301586,UNKNOWN,23.21995464856000,23.21995464856000,False,[],1,0,"{""BASS_AND_DRUM_SUPPORTED"": 0, ""BASS_SUPPORTED"": 0, ""CONFLICTING_EVIDENCE"": 0, ""DRUM_SUPPORTED"": 0, ""UNKNOWN"": 0}",744,268.34097571310355,12.04015991231000,/Users/StarTrack/Development/JazzGrooveAnalyzer/docs/scientific/rfc/JGA_WHOLE_TRACK_GROOVE_FROZEN_PIPELINE_001_20260921/WHOLE_TRACK_SOURCE_STATES.csv,7d5ced889b068c5328afd81b1ff02d04b682639aa4f47410e45e21f689bf2547
738,268.7245351473923,161.49902343750904,SELECTED,F_MIX_01334,268.73614512471653,DRUM_SUPPORTED,11.60997732423000,11.60997732423000,False,[],2,1,"{""BASS_AND_DRUM_SUPPORTED"": 0, ""BASS_SUPPORTED"": 0, ""CONFLICTING_EVIDENCE"": 0, ""DRUM_SUPPORTED"": 0, ""UNKNOWN"": 1}",745,268.70576959400415,30.37553071238000,/Users/StarTrack/Development/JazzGrooveAnalyzer/docs/scientific/rfc/JGA_WHOLE_TRACK_GROOVE_FROZEN_PIPELINE_001_20260921/WHOLE_TRACK_SOURCE_STATES.csv,7d5ced889b068c5328afd81b1ff02d04b682639aa4f47410e45e21f689bf2547
739,269.0960544217687,161.49902343750904,SELECTED,F_MIX_01336,269.107664399093,DRUM_SUPPORTED,11.6099773243000,11.6099773243000,False,[],2,1,"{""BASS_AND_DRUM_SUPPORTED"": 0, ""BASS_SUPPORTED"": 0, ""CONFLICTING_EVIDENCE"": 0, ""DRUM_SUPPORTED"": 0, ""UNKNOWN"": 1}",746,269.0705013203748,37.1630787182000,/Users/StarTrack/Development/JazzGrooveAnalyzer/docs/scientific/rfc/JGA_WHOLE_TRACK_GROOVE_FROZEN_PIPELINE_001_20260921/WHOLE_TRACK_SOURCE_STATES.csv,7d5ced889b068c5328afd81b1ff02d04b682639aa4f47410e45e21f689bf2547
740,269.4675736961451,161.49902343748434,SELECTED,F_MIX_01337,269.5140136054422,DRUM_SUPPORTED,46.4399092971000,46.4399092971000,False,[],1,0,"{""BASS_AND_DRUM_SUPPORTED"": 0, ""BASS_SUPPORTED"": 0, ""CONFLICTING_EVIDENCE"": 0, ""DRUM_SUPPORTED"": 0, ""UNKNOWN"": 0}",747,269.43492767456183,79.08593088037000,/Users/StarTrack/Development/JazzGrooveAnalyzer/docs/scientific/rfc/JGA_WHOLE_TRACK_GROOVE_FROZEN_PIPELINE_001_20260921/WHOLE_TRACK_SOURCE_STATES.csv,7d5ced889b068c5328afd81b1ff02d04b682639aa4f47410e45e21f689bf2547
741,269.83909297052156,151.99908088235597,SELECTED,F_MIX_01340,269.8855328798186,DRUM_SUPPORTED,46.43990929704000,46.43990929704000,False,[],4,3,"{""BASS_AND_DRUM_SUPPORTED"": 0, ""BASS_SUPPORTED"": 0, ""CONFLICTING_EVIDENCE"": 0, ""DRUM_SUPPORTED"": 0, ""UNKNOWN"": 3}",748,269.79932862689026,86.20425292834000,/Users/StarTrack/Development/JazzGrooveAnalyzer/docs/scientific/rfc/JGA_WHOLE_TRACK_GROOVE_FROZEN_PIPELINE_001_20260921/WHOLE_TRACK_SOURCE_STATES.csv,7d5ced889b068c5328afd81b1ff02d04b682639aa4f47410e45e21f689bf2547
742,270.2338321995465,161.49902343750904,SELECTED,F_MIX_01343,270.2802721088435,DRUM_SUPPORTED,46.4399092970000,46.4399092970000,False,[],2,1,"{""BASS_AND_DRUM_SUPPORTED"": 0, ""BASS_SUPPORTED"": 0, ""CONFLICTING_EVIDENCE"": 0, ""DRUM_SUPPORTED"": 0, ""UNKNOWN"": 1}",749,270.16370671754595,116.56539129755000,/Users/StarTrack/Development/JazzGrooveAnalyzer/docs/scientific/rfc/JGA_WHOLE_TRACK_GROOVE_FROZEN_PIPELINE_001_20260921/WHOLE_TRACK_SOURCE_STATES.csv,7d5ced889b068c5328afd81b1ff02d04b682639aa4f47410e45e21f689bf2547
743,270.6053514739229,161.49902343748434,SELECTED,F_MIX_01346,270.65179138322,DRUM_SUPPORTED,46.4399092971000,46.4399092971000,False,[],3,2,"{""BASS_AND_DRUM_SUPPORTED"": 0, ""BASS_SUPPORTED"": 1, ""CONFLICTING_EVIDENCE"": 0, ""DRUM_SUPPORTED"": 0, ""UNKNOWN"": 1}",750,270.5278147995896,123.9765836304000,/Users/StarTrack/Development/JazzGrooveAnalyzer/docs/scientific/rfc/JGA_WHOLE_TRACK_GROOVE_FROZEN_PIPELINE_001_20260921/WHOLE_TRACK_SOURCE_STATES.csv,7d5ced889b068c5328afd81b1ff02d04b682639aa4f47410e45e21f689bf2547
744,270.97687074829935,161.49902343750904,SELECTED,F_MIX_01347,270.8607709750567,BASS_AND_DRUM_SUPPORTED,-116.09977324265000,116.09977324265000,False,[],2,1,"{""BASS_AND_DRUM_SUPPORTED"": 0, ""BASS_SUPPORTED"": 0, ""CONFLICTING_EVIDENCE"": 0, ""DRUM_SUPPORTED"": 1, ""UNKNOWN"": 0}",751,270.89192930698897,-31.15833193227000,/Users/StarTrack/Development/JazzGrooveAnalyzer/docs/scientific/rfc/JGA_WHOLE_TRACK_GROOVE_FROZEN_PIPELINE_001_20260921/WHOLE_TRACK_SOURCE_STATES.csv,7d5ced889b068c5328afd81b1ff02d04b682639aa4f47410e45e21f689bf2547
745,271.34839002267574,151.99908088235597,SELECTED,F_MIX_01350,271.36,BASS_AND_DRUM_SUPPORTED,11.60997732426000,11.60997732426000,False,[],2,1,"{""BASS_AND_DRUM_SUPPORTED"": 0, ""BASS_SUPPORTED"": 0, ""CONFLICTING_EVIDENCE"": 0, ""DRUM_SUPPORTED"": 0, ""UNKNOWN"": 1}",752,271.2558001641019,104.1998358981000,/Users/StarTrack/Development/JazzGrooveAnalyzer/docs/scientific/rfc/JGA_WHOLE_TRACK_GROOVE_FROZEN_PIPELINE_001_20260921/WHOLE_TRACK_SOURCE_STATES.csv,7d5ced889b068c5328afd81b1ff02d04b682639aa4f47410e45e21f689bf2547
746,271.7431292517007,161.49902343750904,SELECTED,F_MIX_01351,271.75473922902495,DRUM_SUPPORTED,11.60997732425000,11.60997732425000,False,[],1,0,"{""BASS_AND_DRUM_SUPPORTED"": 0, ""BASS_SUPPORTED"": 0, ""CONFLICTING_EVIDENCE"": 0, ""DRUM_SUPPORTED"": 0, ""UNKNOWN"": 0}",753,271.61945173595706,135.28749306789000,/Users/StarTrack/Development/JazzGrooveAnalyzer/docs/scientific/rfc/JGA_WHOLE_TRACK_GROOVE_FROZEN_PIPELINE_001_20260921/WHOLE_TRACK_SOURCE_STATES.csv,7d5ced889b068c5328afd81b1ff02d04b682639aa4f47410e45e21f689bf2547
747,272.1146485260771,161.49902343748434,SELECTED,F_MIX_01353,272.1146485260771,BASS_AND_DRUM_SUPPORTED,0E-13,0E-13,False,[],3,2,"{""BASS_AND_DRUM_SUPPORTED"": 0, ""BASS_SUPPORTED"": 0, ""CONFLICTING_EVIDENCE"": 0, ""DRUM_SUPPORTED"": 1, ""UNKNOWN"": 1}",754,271.9831553841868,131.4931418903000,/Users/StarTrack/Development/JazzGrooveAnalyzer/docs/scientific/rfc/JGA_WHOLE_TRACK_GROOVE_FROZEN_PIPELINE_001_20260921/WHOLE_TRACK_SOURCE_STATES.csv,7d5ced889b068c5328afd81b1ff02d04b682639aa4f47410e45e21f689bf2547
748,272.48616780045353,161.49902343750904,SELECTED,F_MIX_01355,272.5209977324263,DRUM_SUPPORTED,34.82993197277000,34.82993197277000,False,[],1,0,"{""BASS_AND_DRUM_SUPPORTED"": 0, ""BASS_SUPPORTED"": 0, ""CONFLICTING_EVIDENCE"": 0, ""DRUM_SUPPORTED"": 0, ""UNKNOWN"": 0}",755,272.34790363357996,173.09409884634000,/Users/StarTrack/Development/JazzGrooveAnalyzer/docs/scientific/rfc/JGA_WHOLE_TRACK_GROOVE_FROZEN_PIPELINE_001_20260921/WHOLE_TRACK_SOURCE_STATES.csv,7d5ced889b068c5328afd81b1ff02d04b682639aa4f47410e45e21f689bf2547
749,272.8576870748299,151.99908088235597,SELECTED,F_MIX_01357,272.89251700680273,BASS_AND_DRUM_SUPPORTED,34.82993197283000,34.82993197283000,False,[],2,1,"{""BASS_AND_DRUM_SUPPORTED"": 0, ""BASS_SUPPORTED"": 0, ""CONFLICTING_EVIDENCE"": 0, ""DRUM_SUPPORTED"": 1, ""UNKNOWN"": 0}",756,272.7144756242201,178.04138258263000,/Users/StarTrack/Development/JazzGrooveAnalyzer/docs/scientific/rfc/JGA_WHOLE_TRACK_GROOVE_FROZEN_PIPELINE_001_20260921/WHOLE_TRACK_SOURCE_STATES.csv,7d5ced889b068c5328afd81b1ff02d04b682639aa4f47410e45e21f689bf2547
750,273.25242630385486,161.49902343748434,SELECTED,F_MIX_01358,273.26403628117913,BASS_AND_DRUM_SUPPORTED,11.60997732427000,11.60997732427000,False,[],1,0,"{""BASS_AND_DRUM_SUPPORTED"": 0, ""BASS_SUPPORTED"": 0, ""CONFLICTING_EVIDENCE"": 0, ""DRUM_SUPPORTED"": 0, ""UNKNOWN"": 0}",757,273.0828804748134,181.15580636573000,/Users/StarTrack/Development/JazzGrooveAnalyzer/docs/scientific/rfc/JGA_WHOLE_TRACK_GROOVE_FROZEN_PIPELINE_001_20260921/WHOLE_TRACK_SOURCE_STATES.csv,7d5ced889b068c5328afd81b1ff02d04b682639aa4f47410e45e21f689bf2547
751,273.6239455782313,161.49902343750904,SELECTED,F_MIX_01360,273.6239455782313,BASS_AND_DRUM_SUPPORTED,0E-13,0E-13,False,[],2,1,"{""BASS_AND_DRUM_SUPPORTED"": 0, ""BASS_SUPPORTED"": 0, ""CONFLICTING_EVIDENCE"": 0, ""DRUM_SUPPORTED"": 1, ""UNKNOWN"": 0}",758,273.4531273496597,170.8182285716000,/Users/StarTrack/Development/JazzGrooveAnalyzer/docs/scientific/rfc/JGA_WHOLE_TRACK_GROOVE_FROZEN_PIPELINE_001_20260921/WHOLE_TRACK_SOURCE_STATES.csv,7d5ced889b068c5328afd81b1ff02d04b682639aa4f47410e45e21f689bf2547
752,273.9954648526077,161.49902343750904,SELECTED,F_MIX_01362,274.007074829932,BASS_AND_DRUM_SUPPORTED,11.6099773243000,11.6099773243000,False,[],2,1,"{""BASS_AND_DRUM_SUPPORTED"": 1, ""BASS_SUPPORTED"": 0, ""CONFLICTING_EVIDENCE"": 0, ""DRUM_SUPPORTED"": 0, ""UNKNOWN"": 0}",759,273.82522545888025,181.84937105175000,/Users/StarTrack/Development/JazzGrooveAnalyzer/docs/scientific/rfc/JGA_WHOLE_TRACK_GROOVE_FROZEN_PIPELINE_001_20260921/WHOLE_TRACK_SOURCE_STATES.csv,7d5ced889b068c5328afd81b1ff02d04b682639aa4f47410e45e21f689bf2547
753,274.3669841269841,161.49902343748434,SELECTED,F_MIX_01364,274.35537414965984,BASS_AND_DRUM_SUPPORTED,-11.60997732426000,11.60997732426000,False,[],2,1,"{""BASS_AND_DRUM_SUPPORTED"": 0, ""BASS_SUPPORTED"": 0, ""CONFLICTING_EVIDENCE"": 0, ""DRUM_SUPPORTED"": 0, ""UNKNOWN"": 1}",760,274.1990253218046,156.34882785524000,/Users/StarTrack/Development/JazzGrooveAnalyzer/docs/scientific/rfc/JGA_WHOLE_TRACK_GROOVE_FROZEN_PIPELINE_001_20260921/WHOLE_TRACK_SOURCE_STATES.csv,7d5ced889b068c5328afd81b1ff02d04b682639aa4f47410e45e21f689bf2547
754,274.73850340136056,161.49902343750904,SELECTED,F_MIX_01365,274.75011337868483,DRUM_SUPPORTED,11.60997732427000,11.60997732427000,False,[],1,0,"{""BASS_AND_DRUM_SUPPORTED"": 0, ""BASS_SUPPORTED"": 0, ""CONFLICTING_EVIDENCE"": 0, ""DRUM_SUPPORTED"": 0, ""UNKNOWN"": 0}",761,274.5743567630623,175.75661562253000,/Users/StarTrack/Development/JazzGrooveAnalyzer/docs/scientific/rfc/JGA_WHOLE_TRACK_GROOVE_FROZEN_PIPELINE_001_20260921/WHOLE_TRACK_SOURCE_STATES.csv,7d5ced889b068c5328afd81b1ff02d04b682639aa4f47410e45e21f689bf2547
755,275.11002267573696,161.49902343750904,SELECTED,F_MIX_01367,275.1216326530612,BASS_AND_DRUM_SUPPORTED,11.60997732424000,11.60997732424000,False,[],3,2,"{""BASS_AND_DRUM_SUPPORTED"": 0, ""BASS_SUPPORTED"": 0, ""CONFLICTING_EVIDENCE"": 0, ""DRUM_SUPPORTED"": 0, ""UNKNOWN"": 2}",762,274.95106662482016,170.56602824104000,/Users/StarTrack/Development/JazzGrooveAnalyzer/docs/scientific/rfc/JGA_WHOLE_TRACK_GROOVE_FROZEN_PIPELINE_001_20260921/WHOLE_TRACK_SOURCE_STATES.csv,7d5ced889b068c5328afd81b1ff02d04b682639aa4f47410e45e21f689bf2547
756,275.48154195011335,161.49902343748434,SELECTED,F_MIX_01369,275.51637188208616,DRUM_SUPPORTED,34.82993197281000,34.82993197281000,False,[],1,0,"{""BASS_AND_DRUM_SUPPORTED"": 0, ""BASS_SUPPORTED"": 0, ""CONFLICTING_EVIDENCE"": 0, ""DRUM_SUPPORTED"": 0, ""UNKNOWN"": 0}",763,275.32901706502804,187.35481705812000,/Users/StarTrack/Development/JazzGrooveAnalyzer/docs/scientific/rfc/JGA_WHOLE_TRACK_GROOVE_FROZEN_PIPELINE_001_20260921/WHOLE_TRACK_SOURCE_STATES.csv,7d5ced889b068c5328afd81b1ff02d04b682639aa4f47410e45e21f689bf2547
757,275.8530612244898,161.49902343750904,SELECTED,F_MIX_01371,275.8995011337868,BASS_AND_DRUM_SUPPORTED,46.4399092970000,46.4399092970000,False,[],2,1,"{""BASS_AND_DRUM_SUPPORTED"": 0, ""BASS_SUPPORTED"": 0, ""CONFLICTING_EVIDENCE"": 0, ""DRUM_SUPPORTED"": 0, ""UNKNOWN"": 1}",765,276.0881558551985,-188.6547214117000,/Users/StarTrack/Development/JazzGrooveAnalyzer/docs/scientific/rfc/JGA_WHOLE_TRACK_GROOVE_FROZEN_PIPELINE_001_20260921/WHOLE_TRACK_SOURCE_STATES.csv,7d5ced889b068c5328afd81b1ff02d04b682639aa4f47410e45e21f689bf2547
758,276.2245804988662,161.49902343748434,SELECTED,F_MIX_01372,276.259410430839,DRUM_SUPPORTED,34.8299319728000,34.8299319728000,False,[],1,0,"{""BASS_AND_DRUM_SUPPORTED"": 0, ""BASS_SUPPORTED"": 0, ""CONFLICTING_EVIDENCE"": 0, ""DRUM_SUPPORTED"": 0, ""UNKNOWN"": 0}",765,276.0881558551985,171.2545756405000,/Users/StarTrack/Development/JazzGrooveAnalyzer/docs/scientific/rfc/JGA_WHOLE_TRACK_GROOVE_FROZEN_PIPELINE_001_20260921/WHOLE_TRACK_SOURCE_STATES.csv,7d5ced889b068c5328afd81b1ff02d04b682639aa4f47410e45e21f689bf2547
759,276.59609977324266,161.49902343750904,SELECTED,F_MIX_01374,276.6309297052154,BASS_AND_DRUM_SUPPORTED,34.82993197274000,34.82993197274000,False,[],2,1,"{""BASS_AND_DRUM_SUPPORTED"": 0, ""BASS_SUPPORTED"": 0, ""CONFLICTING_EVIDENCE"": 0, ""DRUM_SUPPORTED"": 0, ""UNKNOWN"": 1}",766,276.4691320662461,161.7976389693000,/Users/StarTrack/Development/JazzGrooveAnalyzer/docs/scientific/rfc/JGA_WHOLE_TRACK_GROOVE_FROZEN_PIPELINE_001_20260921/WHOLE_TRACK_SOURCE_STATES.csv,7d5ced889b068c5328afd81b1ff02d04b682639aa4f47410e45e21f689bf2547
760,276.96761904761905,161.49902343750904,SELECTED,F_MIX_01376,277.0140589569161,DRUM_SUPPORTED,46.43990929705000,46.43990929705000,False,[],2,1,"{""BASS_AND_DRUM_SUPPORTED"": 0, ""BASS_SUPPORTED"": 0, ""CONFLICTING_EVIDENCE"": 0, ""DRUM_SUPPORTED"": 1, ""UNKNOWN"": 0}",767,276.8509222208148,163.1367361013000,/Users/StarTrack/Development/JazzGrooveAnalyzer/docs/scientific/rfc/JGA_WHOLE_TRACK_GROOVE_FROZEN_PIPELINE_001_20260921/WHOLE_TRACK_SOURCE_STATES.csv,7d5ced889b068c5328afd81b1ff02d04b682639aa4f47410e45e21f689bf2547
761,277.33913832199545,161.49902343748434,SELECTED,F_MIX_01378,277.362358276644,BASS_AND_DRUM_SUPPORTED,23.21995464855000,23.21995464855000,False,[],2,1,"{""BASS_AND_DRUM_SUPPORTED"": 0, ""BASS_SUPPORTED"": 0, ""CONFLICTING_EVIDENCE"": 0, ""DRUM_SUPPORTED"": 1, ""UNKNOWN"": 0}",768,277.2334449245525,128.9133520915000,/Users/StarTrack/Development/JazzGrooveAnalyzer/docs/scientific/rfc/JGA_WHOLE_TRACK_GROOVE_FROZEN_PIPELINE_001_20260921/WHOLE_TRACK_SOURCE_STATES.csv,7d5ced889b068c5328afd81b1ff02d04b682639aa4f47410e45e21f689bf2547
762,277.7106575963719,161.49902343750904,SELECTED,F_MIX_01379,277.74548752834465,DRUM_SUPPORTED,34.82993197275000,34.82993197275000,False,[],1,0,"{""BASS_AND_DRUM_SUPPORTED"": 0, ""BASS_SUPPORTED"": 0, ""CONFLICTING_EVIDENCE"": 0, ""DRUM_SUPPORTED"": 0, ""UNKNOWN"": 0}",769,277.61463145768965,130.85607065500000,/Users/StarTrack/Development/JazzGrooveAnalyzer/docs/scientific/rfc/JGA_WHOLE_TRACK_GROOVE_FROZEN_PIPELINE_001_20260921/WHOLE_TRACK_SOURCE_STATES.csv,7d5ced889b068c5328afd81b1ff02d04b682639aa4f47410e45e21f689bf2547
763,278.0821768707483,161.49902343750904,SELECTED,F_MIX_01381,278.10539682539684,DRUM_SUPPORTED,23.21995464854000,23.21995464854000,False,[],2,1,"{""BASS_AND_DRUM_SUPPORTED"": 0, ""BASS_SUPPORTED"": 0, ""CONFLICTING_EVIDENCE"": 0, ""DRUM_SUPPORTED"": 0, ""UNKNOWN"": 1}",770,277.9956131697126,109.78365568424000,/Users/StarTrack/Development/JazzGrooveAnalyzer/docs/scientific/rfc/JGA_WHOLE_TRACK_GROOVE_FROZEN_PIPELINE_001_20260921/WHOLE_TRACK_SOURCE_STATES.csv,7d5ced889b068c5328afd81b1ff02d04b682639aa4f47410e45e21f689bf2547
764,278.4536961451247,161.49902343748434,SELECTED,F_MIX_01382,278.4885260770975,DRUM_SUPPORTED,34.8299319728000,34.8299319728000,False,[],1,0,"{""BASS_AND_DRUM_SUPPORTED"": 0, ""BASS_SUPPORTED"": 0, ""CONFLICTING_EVIDENCE"": 0, ""DRUM_SUPPORTED"": 0, ""UNKNOWN"": 0}",771,278.37541281030656,113.11326679094000,/Users/StarTrack/Development/JazzGrooveAnalyzer/docs/scientific/rfc/JGA_WHOLE_TRACK_GROOVE_FROZEN_PIPELINE_001_20260921/WHOLE_TRACK_SOURCE_STATES.csv,7d5ced889b068c5328afd81b1ff02d04b682639aa4f47410e45e21f689bf2547
765,278.82521541950115,161.49902343750904,SELECTED,F_MIX_01384,278.8484353741497,BASS_AND_DRUM_SUPPORTED,23.21995464855000,23.21995464855000,False,[],2,1,"{""BASS_AND_DRUM_SUPPORTED"": 0, ""BASS_SUPPORTED"": 0, ""CONFLICTING_EVIDENCE"": 0, ""DRUM_SUPPORTED"": 1, ""UNKNOWN"": 0}",772,278.75389915350775,94.53622064195000,/Users/StarTrack/Development/JazzGrooveAnalyzer/docs/scientific/rfc/JGA_WHOLE_TRACK_GROOVE_FROZEN_PIPELINE_001_20260921/WHOLE_TRACK_SOURCE_STATES.csv,7d5ced889b068c5328afd81b1ff02d04b682639aa4f47410e45e21f689bf2547
766,279.19673469387754,161.49902343750904,SELECTED,F_MIX_01386,279.23156462585035,DRUM_SUPPORTED,34.82993197281000,34.82993197281000,False,[],2,1,"{""BASS_AND_DRUM_SUPPORTED"": 0, ""BASS_SUPPORTED"": 0, ""CONFLICTING_EVIDENCE"": 0, ""DRUM_SUPPORTED"": 0, ""UNKNOWN"": 1}",773,279.1324506945884,99.11393126195000,/Users/StarTrack/Development/JazzGrooveAnalyzer/docs/scientific/rfc/JGA_WHOLE_TRACK_GROOVE_FROZEN_PIPELINE_001_20260921/WHOLE_TRACK_SOURCE_STATES.csv,7d5ced889b068c5328afd81b1ff02d04b682639aa4f47410e45e21f689bf2547
767,279.56825396825394,161.49902343748434,SELECTED,F_MIX_01388,279.5798639455782,DRUM_SUPPORTED,11.60997732426000,11.60997732426000,False,[],2,1,"{""BASS_AND_DRUM_SUPPORTED"": 0, ""BASS_SUPPORTED"": 0, ""CONFLICTING_EVIDENCE"": 0, ""DRUM_SUPPORTED"": 0, ""UNKNOWN"": 1}",774,279.5098137482276,70.0501973506000,/Users/StarTrack/Development/JazzGrooveAnalyzer/docs/scientific/rfc/JGA_WHOLE_TRACK_GROOVE_FROZEN_PIPELINE_001_20260921/WHOLE_TRACK_SOURCE_STATES.csv,7d5ced889b068c5328afd81b1ff02d04b682639aa4f47410e45e21f689bf2547
768,279.9397732426304,161.49902343750904,SELECTED,F_MIX_01390,279.97460317460315,DRUM_SUPPORTED,34.82993197275000,34.82993197275000,False,[],2,1,"{""BASS_AND_DRUM_SUPPORTED"": 0, ""BASS_SUPPORTED"": 0, ""CONFLICTING_EVIDENCE"": 0, ""DRUM_SUPPORTED"": 0, ""UNKNOWN"": 1}",775,279.885857730063,88.74544454015000,/Users/StarTrack/Development/JazzGrooveAnalyzer/docs/scientific/rfc/JGA_WHOLE_TRACK_GROOVE_FROZEN_PIPELINE_001_20260921/WHOLE_TRACK_SOURCE_STATES.csv,7d5ced889b068c5328afd81b1ff02d04b682639aa4f47410e45e21f689bf2547
769,280.3112925170068,161.49902343748434,SELECTED,F_MIX_01392,280.3112925170068,DRUM_SUPPORTED,0E-13,0E-13,False,[],2,1,"{""BASS_AND_DRUM_SUPPORTED"": 0, ""BASS_SUPPORTED"": 0, ""CONFLICTING_EVIDENCE"": 0, ""DRUM_SUPPORTED"": 0, ""UNKNOWN"": 1}",776,280.2609639803815,50.3285366253000,/Users/StarTrack/Development/JazzGrooveAnalyzer/docs/scientific/rfc/JGA_WHOLE_TRACK_GROOVE_FROZEN_PIPELINE_001_20260921/WHOLE_TRACK_SOURCE_STATES.csv,7d5ced889b068c5328afd81b1ff02d04b682639aa4f47410e45e21f689bf2547
770,280.68281179138324,161.49902343750904,SELECTED,F_MIX_01393,280.7060317460317,DRUM_SUPPORTED,23.21995464846000,23.21995464846000,False,[],1,0,"{""BASS_AND_DRUM_SUPPORTED"": 0, ""BASS_SUPPORTED"": 0, ""CONFLICTING_EVIDENCE"": 0, ""DRUM_SUPPORTED"": 0, ""UNKNOWN"": 0}",777,280.6354757054414,70.5560405903000,/Users/StarTrack/Development/JazzGrooveAnalyzer/docs/scientific/rfc/JGA_WHOLE_TRACK_GROOVE_FROZEN_PIPELINE_001_20260921/WHOLE_TRACK_SOURCE_STATES.csv,7d5ced889b068c5328afd81b1ff02d04b682639aa4f47410e45e21f689bf2547
771,281.05433106575964,161.49902343750904,SELECTED,F_MIX_01394,281.0659410430839,DRUM_SUPPORTED,11.60997732426000,11.60997732426000,False,[],1,0,"{""BASS_AND_DRUM_SUPPORTED"": 0, ""BASS_SUPPORTED"": 0, ""CONFLICTING_EVIDENCE"": 0, ""DRUM_SUPPORTED"": 0, ""UNKNOWN"": 0}",778,281.009202924662,56.7381184219000,/Users/StarTrack/Development/JazzGrooveAnalyzer/docs/scientific/rfc/JGA_WHOLE_TRACK_GROOVE_FROZEN_PIPELINE_001_20260921/WHOLE_TRACK_SOURCE_STATES.csv,7d5ced889b068c5328afd81b1ff02d04b682639aa4f47410e45e21f689bf2547
772,281.42585034013604,161.49902343748434,SELECTED,F_MIX_01396,281.4374603174603,DRUM_SUPPORTED,11.60997732426000,11.60997732426000,False,[],2,1,"{""BASS_AND_DRUM_SUPPORTED"": 0, ""BASS_SUPPORTED"": 0, ""CONFLICTING_EVIDENCE"": 0, ""DRUM_SUPPORTED"": 0, ""UNKNOWN"": 1}",779,281.38172522241405,55.73509504625000,/Users/StarTrack/Development/JazzGrooveAnalyzer/docs/scientific/rfc/JGA_WHOLE_TRACK_GROOVE_FROZEN_PIPELINE_001_20260921/WHOLE_TRACK_SOURCE_STATES.csv,7d5ced889b068c5328afd81b1ff02d04b682639aa4f47410e45e21f689bf2547
773,281.7973696145125,161.49902343750904,SELECTED,F_MIX_01398,281.80897959183676,DRUM_SUPPORTED,11.60997732426000,11.60997732426000,False,[],2,1,"{""BASS_AND_DRUM_SUPPORTED"": 0, ""BASS_SUPPORTED"": 0, ""CONFLICTING_EVIDENCE"": 0, ""DRUM_SUPPORTED"": 0, ""UNKNOWN"": 1}",780,281.75291365773785,56.06593409891000,/Users/StarTrack/Development/JazzGrooveAnalyzer/docs/scientific/rfc/JGA_WHOLE_TRACK_GROOVE_FROZEN_PIPELINE_001_20260921/WHOLE_TRACK_SOURCE_STATES.csv,7d5ced889b068c5328afd81b1ff02d04b682639aa4f47410e45e21f689bf2547
774,282.1688888888889,161.49902343750904,SELECTED,F_MIX_01399,282.18049886621316,DRUM_SUPPORTED,11.60997732426000,11.60997732426000,False,[],1,0,"{""BASS_AND_DRUM_SUPPORTED"": 0, ""BASS_SUPPORTED"": 0, ""CONFLICTING_EVIDENCE"": 0, ""DRUM_SUPPORTED"": 0, ""UNKNOWN"": 0}",781,282.1229016168762,57.59724933696000,/Users/StarTrack/Development/JazzGrooveAnalyzer/docs/scientific/rfc/JGA_WHOLE_TRACK_GROOVE_FROZEN_PIPELINE_001_20260921/WHOLE_TRACK_SOURCE_STATES.csv,7d5ced889b068c5328afd81b1ff02d04b682639aa4f47410e45e21f689bf2547
775,282.5404081632653,161.49902343748434,SELECTED,F_MIX_01400,282.5404081632653,DRUM_SUPPORTED,0E-13,0E-13,False,[],1,0,"{""BASS_AND_DRUM_SUPPORTED"": 0, ""BASS_SUPPORTED"": 0, ""CONFLICTING_EVIDENCE"": 0, ""DRUM_SUPPORTED"": 0, ""UNKNOWN"": 0}",782,282.49205858055427,48.34958271103000,/Users/StarTrack/Development/JazzGrooveAnalyzer/docs/scientific/rfc/JGA_WHOLE_TRACK_GROOVE_FROZEN_PIPELINE_001_20260921/WHOLE_TRACK_SOURCE_STATES.csv,7d5ced889b068c5328afd81b1ff02d04b682639aa4f47410e45e21f689bf2547
776,282.91192743764174,161.49902343750904,SELECTED,F_MIX_01402,282.91192743764174,DRUM_SUPPORTED,0E-14,0E-14,False,[],2,1,"{""BASS_AND_DRUM_SUPPORTED"": 0, ""BASS_SUPPORTED"": 0, ""CONFLICTING_EVIDENCE"": 0, ""DRUM_SUPPORTED"": 0, ""UNKNOWN"": 1}",783,282.86046764831804,51.45978932370000,/Users/StarTrack/Development/JazzGrooveAnalyzer/docs/scientific/rfc/JGA_WHOLE_TRACK_GROOVE_FROZEN_PIPELINE_001_20260921/WHOLE_TRACK_SOURCE_STATES.csv,7d5ced889b068c5328afd81b1ff02d04b682639aa4f47410e45e21f689bf2547
777,283.28344671201813,161.49902343750904,SELECTED,F_MIX_01405,283.2950566893424,BASS_AND_DRUM_SUPPORTED,11.60997732427000,11.60997732427000,False,[],4,3,"{""BASS_AND_DRUM_SUPPORTED"": 0, ""BASS_SUPPORTED"": 0, ""CONFLICTING_EVIDENCE"": 0, ""DRUM_SUPPORTED"": 0, ""UNKNOWN"": 3}",784,283.2282036097589,66.8530795835000,/Users/StarTrack/Development/JazzGrooveAnalyzer/docs/scientific/rfc/JGA_WHOLE_TRACK_GROOVE_FROZEN_PIPELINE_001_20260921/WHOLE_TRACK_SOURCE_STATES.csv,7d5ced889b068c5328afd81b1ff02d04b682639aa4f47410e45e21f689bf2547
778,283.65496598639453,161.49902343748434,SELECTED,F_MIX_01408,283.6433560090703,BASS_AND_DRUM_SUPPORTED,-11.60997732423000,11.60997732423000,False,[],2,1,"{""BASS_AND_DRUM_SUPPORTED"": 0, ""BASS_SUPPORTED"": 0, ""CONFLICTING_EVIDENCE"": 0, ""DRUM_SUPPORTED"": 0, ""UNKNOWN"": 1}",785,283.59533377550923,48.02223356107000,/Users/StarTrack/Development/JazzGrooveAnalyzer/docs/scientific/rfc/JGA_WHOLE_TRACK_GROOVE_FROZEN_PIPELINE_001_20260921/WHOLE_TRACK_SOURCE_STATES.csv,7d5ced889b068c5328afd81b1ff02d04b682639aa4f47410e45e21f689bf2547
779,284.026485260771,172.26562500001668,SELECTED,F_MIX_01410,284.0148752834467,BASS_AND_DRUM_SUPPORTED,-11.6099773243000,11.6099773243000,False,[],2,1,"{""BASS_AND_DRUM_SUPPORTED"": 0, ""BASS_SUPPORTED"": 0, ""CONFLICTING_EVIDENCE"": 0, ""DRUM_SUPPORTED"": 0, ""UNKNOWN"": 1}",786,283.96191872513805,52.95655830865000,/Users/StarTrack/Development/JazzGrooveAnalyzer/docs/scientific/rfc/JGA_WHOLE_TRACK_GROOVE_FROZEN_PIPELINE_001_20260921/WHOLE_TRACK_SOURCE_STATES.csv,7d5ced889b068c5328afd81b1ff02d04b682639aa4f47410e45e21f689bf2547
780,284.37478458049884,161.49902343748434,SELECTED,F_MIX_01412,284.3863945578231,BASS_AND_DRUM_SUPPORTED,11.60997732426000,11.60997732426000,False,[],2,1,"{""BASS_AND_DRUM_SUPPORTED"": 0, ""BASS_SUPPORTED"": 0, ""CONFLICTING_EVIDENCE"": 0, ""DRUM_SUPPORTED"": 0, ""UNKNOWN"": 1}",787,284.3280129802575,58.3815775656000,/Users/StarTrack/Development/JazzGrooveAnalyzer/docs/scientific/rfc/JGA_WHOLE_TRACK_GROOVE_FROZEN_PIPELINE_001_20260921/WHOLE_TRACK_SOURCE_STATES.csv,7d5ced889b068c5328afd81b1ff02d04b682639aa4f47410e45e21f689bf2547
781,284.7463038548753,161.49902343750904,SELECTED,F_MIX_01414,284.7463038548753,BASS_AND_DRUM_SUPPORTED,0E-13,0E-13,False,[],2,1,"{""BASS_AND_DRUM_SUPPORTED"": 0, ""BASS_SUPPORTED"": 0, ""CONFLICTING_EVIDENCE"": 0, ""DRUM_SUPPORTED"": 0, ""UNKNOWN"": 1}",788,284.6936656103185,52.6382445568000,/Users/StarTrack/Development/JazzGrooveAnalyzer/docs/scientific/rfc/JGA_WHOLE_TRACK_GROOVE_FROZEN_PIPELINE_001_20260921/WHOLE_TRACK_SOURCE_STATES.csv,7d5ced889b068c5328afd81b1ff02d04b682639aa4f47410e45e21f689bf2547
782,285.1178231292517,161.49902343748434,SELECTED,F_MIX_01416,285.1062131519274,DRUM_SUPPORTED,-11.6099773243000,11.6099773243000,False,[],2,1,"{""BASS_AND_DRUM_SUPPORTED"": 0, ""BASS_SUPPORTED"": 0, ""CONFLICTING_EVIDENCE"": 0, ""DRUM_SUPPORTED"": 1, ""UNKNOWN"": 0}",789,285.0589207778269,47.2923741005000,/Users/StarTrack/Development/JazzGrooveAnalyzer/docs/scientific/rfc/JGA_WHOLE_TRACK_GROOVE_FROZEN_PIPELINE_001_20260921/WHOLE_TRACK_SOURCE_STATES.csv,7d5ced889b068c5328afd81b1ff02d04b682639aa4f47410e45e21f689bf2547
783,285.48934240362814,161.49902343750904,SELECTED,F_MIX_01417,285.4777324263039,DRUM_SUPPORTED,-11.60997732424000,11.60997732424000,False,[],1,0,"{""BASS_AND_DRUM_SUPPORTED"": 0, ""BASS_SUPPORTED"": 0, ""CONFLICTING_EVIDENCE"": 0, ""DRUM_SUPPORTED"": 0, ""UNKNOWN"": 0}",790,285.42381822903803,53.91419726587000,/Users/StarTrack/Development/JazzGrooveAnalyzer/docs/scientific/rfc/JGA_WHOLE_TRACK_GROOVE_FROZEN_PIPELINE_001_20260921/WHOLE_TRACK_SOURCE_STATES.csv,7d5ced889b068c5328afd81b1ff02d04b682639aa4f47410e45e21f689bf2547
784,285.86086167800454,161.49902343750904,SELECTED,F_MIX_01419,285.84925170068027,DRUM_SUPPORTED,-11.60997732427000,11.60997732427000,False,[],2,1,"{""BASS_AND_DRUM_SUPPORTED"": 0, ""BASS_SUPPORTED"": 0, ""CONFLICTING_EVIDENCE"": 0, ""DRUM_SUPPORTED"": 0, ""UNKNOWN"": 1}",791,285.78839373558156,60.85796509871000,/Users/StarTrack/Development/JazzGrooveAnalyzer/docs/scientific/rfc/JGA_WHOLE_TRACK_GROOVE_FROZEN_PIPELINE_001_20260921/WHOLE_TRACK_SOURCE_STATES.csv,7d5ced889b068c5328afd81b1ff02d04b682639aa4f47410e45e21f689bf2547
785,286.23238095238094,172.26562499998857,SELECTED,F_MIX_01420,286.20916099773245,DRUM_SUPPORTED,-23.21995464849000,23.21995464849000,False,[],2,1,"{""BASS_AND_DRUM_SUPPORTED"": 0, ""BASS_SUPPORTED"": 0, ""CONFLICTING_EVIDENCE"": 0, ""DRUM_SUPPORTED"": 0, ""UNKNOWN"": 1}",792,286.15267949192423,56.48150580822000,/Users/StarTrack/Development/JazzGrooveAnalyzer/docs/scientific/rfc/JGA_WHOLE_TRACK_GROOVE_FROZEN_PIPELINE_001_20260921/WHOLE_TRACK_SOURCE_STATES.csv,7d5ced889b068c5328afd81b1ff02d04b682639aa4f47410e45e21f689bf2547
786,286.58068027210885,161.49902343750904,SELECTED,F_MIX_01422,286.5690702947846,DRUM_SUPPORTED,-11.60997732425000,11.60997732425000,False,[],1,0,"{""BASS_AND_DRUM_SUPPORTED"": 0, ""BASS_SUPPORTED"": 0, ""CONFLICTING_EVIDENCE"": 0, ""DRUM_SUPPORTED"": 0, ""UNKNOWN"": 0}",793,286.5167044730862,52.3658216984000,/Users/StarTrack/Development/JazzGrooveAnalyzer/docs/scientific/rfc/JGA_WHOLE_TRACK_GROOVE_FROZEN_PIPELINE_001_20260921/WHOLE_TRACK_SOURCE_STATES.csv,7d5ced889b068c5328afd81b1ff02d04b682639aa4f47410e45e21f689bf2547
787,286.95219954648525,172.26562499998857,SELECTED,F_MIX_01424,286.940589569161,DRUM_SUPPORTED,-11.60997732425000,11.60997732425000,False,[],3,2,"{""BASS_AND_DRUM_SUPPORTED"": 0, ""BASS_SUPPORTED"": 0, ""CONFLICTING_EVIDENCE"": 0, ""DRUM_SUPPORTED"": 0, ""UNKNOWN"": 2}",794,286.88049475658545,60.09481257555000,/Users/StarTrack/Development/JazzGrooveAnalyzer/docs/scientific/rfc/JGA_WHOLE_TRACK_GROOVE_FROZEN_PIPELINE_001_20260921/WHOLE_TRACK_SOURCE_STATES.csv,7d5ced889b068c5328afd81b1ff02d04b682639aa4f47410e45e21f689bf2547
788,287.30049886621316,161.49902343750904,SELECTED,F_MIX_01426,287.2888888888889,DRUM_SUPPORTED,-11.60997732426000,11.60997732426000,False,[],2,1,"{""BASS_AND_DRUM_SUPPORTED"": 0, ""BASS_SUPPORTED"": 0, ""CONFLICTING_EVIDENCE"": 0, ""DRUM_SUPPORTED"": 1, ""UNKNOWN"": 0}",795,287.2440738121883,44.8150767006000,/Users/StarTrack/Development/JazzGrooveAnalyzer/docs/scientific/rfc/JGA_WHOLE_TRACK_GROOVE_FROZEN_PIPELINE_001_20260921/WHOLE_TRACK_SOURCE_STATES.csv,7d5ced889b068c5328afd81b1ff02d04b682639aa4f47410e45e21f689bf2547
789,287.67201814058956,172.26562499998857,SELECTED,F_MIX_01428,287.67201814058956,DRUM_SUPPORTED,0E-14,0E-14,False,[],1,0,"{""BASS_AND_DRUM_SUPPORTED"": 0, ""BASS_SUPPORTED"": 0, ""CONFLICTING_EVIDENCE"": 0, ""DRUM_SUPPORTED"": 0, ""UNKNOWN"": 0}",796,287.60746276268435,64.55537790521000,/Users/StarTrack/Development/JazzGrooveAnalyzer/docs/scientific/rfc/JGA_WHOLE_TRACK_GROOVE_FROZEN_PIPELINE_001_20260921/WHOLE_TRACK_SOURCE_STATES.csv,7d5ced889b068c5328afd81b1ff02d04b682639aa4f47410e45e21f689bf2547
790,288.0203174603175,172.26562500001668,SELECTED,F_MIX_01429,288.0203174603175,DRUM_SUPPORTED,0E-13,0E-13,False,[],1,0,"{""BASS_AND_DRUM_SUPPORTED"": 0, ""BASS_SUPPORTED"": 0, ""CONFLICTING_EVIDENCE"": 0, ""DRUM_SUPPORTED"": 0, ""UNKNOWN"": 0}",797,287.9709300516909,49.3874086266000,/Users/StarTrack/Development/JazzGrooveAnalyzer/docs/scientific/rfc/JGA_WHOLE_TRACK_GROOVE_FROZEN_PIPELINE_001_20260921/WHOLE_TRACK_SOURCE_STATES.csv,7d5ced889b068c5328afd81b1ff02d04b682639aa4f47410e45e21f689bf2547
791,288.36861678004533,161.49902343748434,SELECTED,F_MIX_01430,288.3802267573696,DRUM_SUPPORTED,11.60997732427000,11.60997732427000,False,[],1,0,"{""BASS_AND_DRUM_SUPPORTED"": 0, ""BASS_SUPPORTED"": 0, ""CONFLICTING_EVIDENCE"": 0, ""DRUM_SUPPORTED"": 0, ""UNKNOWN"": 0}",798,288.3344678453569,45.7589120127000,/Users/StarTrack/Development/JazzGrooveAnalyzer/docs/scientific/rfc/JGA_WHOLE_TRACK_GROOVE_FROZEN_PIPELINE_001_20260921/WHOLE_TRACK_SOURCE_STATES.csv,7d5ced889b068c5328afd81b1ff02d04b682639aa4f47410e45e21f689bf2547
792,288.7401360544218,172.26562500001668,SELECTED,F_MIX_01433,288.7401360544218,DRUM_SUPPORTED,0E-13,0E-13,False,[],3,2,"{""BASS_AND_DRUM_SUPPORTED"": 0, ""BASS_SUPPORTED"": 0, ""CONFLICTING_EVIDENCE"": 0, ""DRUM_SUPPORTED"": 0, ""UNKNOWN"": 2}",799,288.6980690932164,42.0669612054000,/Users/StarTrack/Development/JazzGrooveAnalyzer/docs/scientific/rfc/JGA_WHOLE_TRACK_GROOVE_FROZEN_PIPELINE_001_20260921/WHOLE_TRACK_SOURCE_STATES.csv,7d5ced889b068c5328afd81b1ff02d04b682639aa4f47410e45e21f689bf2547
793,289.08843537414964,172.26562499998857,SELECTED,F_MIX_01434,289.0187755102041,DRUM_SUPPORTED,-69.65986394554000,69.65986394554000,False,[],1,0,"{""BASS_AND_DRUM_SUPPORTED"": 0, ""BASS_SUPPORTED"": 0, ""CONFLICTING_EVIDENCE"": 0, ""DRUM_SUPPORTED"": 0, ""UNKNOWN"": 0}",800,289.0617274498501,-42.9519396460000,/Users/StarTrack/Development/JazzGrooveAnalyzer/docs/scientific/rfc/JGA_WHOLE_TRACK_GROOVE_FROZEN_PIPELINE_001_20260921/WHOLE_TRACK_SOURCE_STATES.csv,7d5ced889b068c5328afd81b1ff02d04b682639aa4f47410e45e21f689bf2547
794,289.43673469387755,161.49902343750904,SELECTED,F_MIX_01435,289.40190476190475,UNKNOWN,-34.82993197280000,34.82993197280000,False,[],2,1,"{""BASS_AND_DRUM_SUPPORTED"": 0, ""BASS_SUPPORTED"": 0, ""CONFLICTING_EVIDENCE"": 0, ""DRUM_SUPPORTED"": 1, ""UNKNOWN"": 0}",801,289.42568663748705,-23.78187558230000,/Users/StarTrack/Development/JazzGrooveAnalyzer/docs/scientific/rfc/JGA_WHOLE_TRACK_GROOVE_FROZEN_PIPELINE_001_20260921/WHOLE_TRACK_SOURCE_STATES.csv,7d5ced889b068c5328afd81b1ff02d04b682639aa4f47410e45e21f689bf2547
795,289.80825396825395,172.26562499998857,SELECTED,F_MIX_01438,289.84308390022676,DRUM_SUPPORTED,34.82993197281000,34.82993197281000,False,[],2,1,"{""BASS_AND_DRUM_SUPPORTED"": 0, ""BASS_SUPPORTED"": 0, ""CONFLICTING_EVIDENCE"": 0, ""DRUM_SUPPORTED"": 0, ""UNKNOWN"": 1}",802,289.78991657302697,53.16732719979000,/Users/StarTrack/Development/JazzGrooveAnalyzer/docs/scientific/rfc/JGA_WHOLE_TRACK_GROOVE_FROZEN_PIPELINE_001_20260921/WHOLE_TRACK_SOURCE_STATES.csv,7d5ced889b068c5328afd81b1ff02d04b682639aa4f47410e45e21f689bf2547
796,290.15655328798186,161.49902343750904,SELECTED,F_MIX_01439,290.12172335600906,UNKNOWN,-34.82993197280000,34.82993197280000,False,[],2,1,"{""BASS_AND_DRUM_SUPPORTED"": 0, ""BASS_SUPPORTED"": 0, ""CONFLICTING_EVIDENCE"": 0, ""DRUM_SUPPORTED"": 1, ""UNKNOWN"": 0}",803,290.15439018167956,-32.66682567050000,/Users/StarTrack/Development/JazzGrooveAnalyzer/docs/scientific/rfc/JGA_WHOLE_TRACK_GROOVE_FROZEN_PIPELINE_001_20260921/WHOLE_TRACK_SOURCE_STATES.csv,7d5ced889b068c5328afd81b1ff02d04b682639aa4f47410e45e21f689bf2547
797,290.52807256235826,161.49902343748434,SELECTED,F_MIX_01441,290.4932426303855,DRUM_SUPPORTED,-34.82993197276000,34.82993197276000,False,[],2,1,"{""BASS_AND_DRUM_SUPPORTED"": 0, ""BASS_SUPPORTED"": 0, ""CONFLICTING_EVIDENCE"": 0, ""DRUM_SUPPORTED"": 1, ""UNKNOWN"": 0}",804,290.51908309613356,-25.84046574806000,/Users/StarTrack/Development/JazzGrooveAnalyzer/docs/scientific/rfc/JGA_WHOLE_TRACK_GROOVE_FROZEN_PIPELINE_001_20260921/WHOLE_TRACK_SOURCE_STATES.csv,7d5ced889b068c5328afd81b1ff02d04b682639aa4f47410e45e21f689bf2547
798,290.8995918367347,172.26562500001668,SELECTED,F_MIX_01443,290.9228117913832,DRUM_SUPPORTED,23.2199546485000,23.2199546485000,False,[],1,0,"{""BASS_AND_DRUM_SUPPORTED"": 0, ""BASS_SUPPORTED"": 0, ""CONFLICTING_EVIDENCE"": 0, ""DRUM_SUPPORTED"": 0, ""UNKNOWN"": 0}",805,290.8839733858088,38.8384055744000,/Users/StarTrack/Development/JazzGrooveAnalyzer/docs/scientific/rfc/JGA_WHOLE_TRACK_GROOVE_FROZEN_PIPELINE_001_20260921/WHOLE_TRACK_SOURCE_STATES.csv,7d5ced889b068c5328afd81b1ff02d04b682639aa4f47410e45e21f689bf2547
799,291.2478911564626,161.49902343748434,SELECTED,F_MIX_01444,291.29433106575965,DRUM_SUPPORTED,46.43990929705000,46.43990929705000,False,[],1,0,"{""BASS_AND_DRUM_SUPPORTED"": 0, ""BASS_SUPPORTED"": 0, ""CONFLICTING_EVIDENCE"": 0, ""DRUM_SUPPORTED"": 0, ""UNKNOWN"": 0}",806,291.2487918800766,45.53918568305000,/Users/StarTrack/Development/JazzGrooveAnalyzer/docs/scientific/rfc/JGA_WHOLE_TRACK_GROOVE_FROZEN_PIPELINE_001_20260921/WHOLE_TRACK_SOURCE_STATES.csv,7d5ced889b068c5328afd81b1ff02d04b682639aa4f47410e45e21f689bf2547
800,291.619410430839,161.49902343750904,SELECTED,F_MIX_01446,291.6542403628118,DRUM_SUPPORTED,34.8299319728000,34.8299319728000,False,[],2,1,"{""BASS_AND_DRUM_SUPPORTED"": 0, ""BASS_SUPPORTED"": 0, ""CONFLICTING_EVIDENCE"": 0, ""DRUM_SUPPORTED"": 0, ""UNKNOWN"": 1}",807,291.61354575847776,40.69460433404000,/Users/StarTrack/Development/JazzGrooveAnalyzer/docs/scientific/rfc/JGA_WHOLE_TRACK_GROOVE_FROZEN_PIPELINE_001_20260921/WHOLE_TRACK_SOURCE_STATES.csv,7d5ced889b068c5328afd81b1ff02d04b682639aa4f47410e45e21f689bf2547
801,291.9909297052154,161.49902343750904,SELECTED,F_MIX_01448,292.02575963718823,DRUM_SUPPORTED,34.82993197283000,34.82993197283000,False,[],2,1,"{""BASS_AND_DRUM_SUPPORTED"": 0, ""BASS_SUPPORTED"": 0, ""CONFLICTING_EVIDENCE"": 0, ""DRUM_SUPPORTED"": 0, ""UNKNOWN"": 1}",808,291.9779920494923,47.76758769593000,/Users/StarTrack/Development/JazzGrooveAnalyzer/docs/scientific/rfc/JGA_WHOLE_TRACK_GROOVE_FROZEN_PIPELINE_001_20260921/WHOLE_TRACK_SOURCE_STATES.csv,7d5ced889b068c5328afd81b1ff02d04b682639aa4f47410e45e21f689bf2547
802,292.3624489795918,161.49902343748434,SELECTED,F_MIX_01449,292.3972789115646,DRUM_SUPPORTED,34.8299319728000,34.8299319728000,False,[],1,0,"{""BASS_AND_DRUM_SUPPORTED"": 0, ""BASS_SUPPORTED"": 0, ""CONFLICTING_EVIDENCE"": 0, ""DRUM_SUPPORTED"": 0, ""UNKNOWN"": 0}",809,292.3421615118589,55.1173997057000,/Users/StarTrack/Development/JazzGrooveAnalyzer/docs/scientific/rfc/JGA_WHOLE_TRACK_GROOVE_FROZEN_PIPELINE_001_20260921/WHOLE_TRACK_SOURCE_STATES.csv,7d5ced889b068c5328afd81b1ff02d04b682639aa4f47410e45e21f689bf2547
803,292.73396825396827,161.49902343750904,SELECTED,F_MIX_01451,292.768798185941,DRUM_SUPPORTED,34.82993197273000,34.82993197273000,False,[],2,1,"{""BASS_AND_DRUM_SUPPORTED"": 0, ""BASS_SUPPORTED"": 0, ""CONFLICTING_EVIDENCE"": 0, ""DRUM_SUPPORTED"": 1, ""UNKNOWN"": 0}",810,292.70608182844234,62.71635749866000,/Users/StarTrack/Development/JazzGrooveAnalyzer/docs/scientific/rfc/JGA_WHOLE_TRACK_GROOVE_FROZEN_PIPELINE_001_20260921/WHOLE_TRACK_SOURCE_STATES.csv,7d5ced889b068c5328afd81b1ff02d04b682639aa4f47410e45e21f689bf2547
804,293.10548752834467,161.49902343750904,SELECTED,F_MIX_01453,293.1287074829932,DRUM_SUPPORTED,23.21995464853000,23.21995464853000,False,[],2,1,"{""BASS_AND_DRUM_SUPPORTED"": 0, ""BASS_SUPPORTED"": 0, ""CONFLICTING_EVIDENCE"": 0, ""DRUM_SUPPORTED"": 0, ""UNKNOWN"": 1}",811,293.0695284807144,59.1790022788000,/Users/StarTrack/Development/JazzGrooveAnalyzer/docs/scientific/rfc/JGA_WHOLE_TRACK_GROOVE_FROZEN_PIPELINE_001_20260921/WHOLE_TRACK_SOURCE_STATES.csv,7d5ced889b068c5328afd81b1ff02d04b682639aa4f47410e45e21f689bf2547
805,293.47700680272106,172.26562499998857,SELECTED,F_MIX_01455,293.48861678004533,DRUM_SUPPORTED,11.60997732427000,11.60997732427000,False,[],2,1,"{""BASS_AND_DRUM_SUPPORTED"": 0, ""BASS_SUPPORTED"": 0, ""CONFLICTING_EVIDENCE"": 0, ""DRUM_SUPPORTED"": 0, ""UNKNOWN"": 1}",812,293.43254883510616,56.06794493917000,/Users/StarTrack/Development/JazzGrooveAnalyzer/docs/scientific/rfc/JGA_WHOLE_TRACK_GROOVE_FROZEN_PIPELINE_001_20260921/WHOLE_TRACK_SOURCE_STATES.csv,7d5ced889b068c5328afd81b1ff02d04b682639aa4f47410e45e21f689bf2547
806,293.825306122449,161.49902343750904,SELECTED,F_MIX_01456,293.8485260770975,DRUM_SUPPORTED,23.2199546485000,23.2199546485000,False,[],1,0,"{""BASS_AND_DRUM_SUPPORTED"": 0, ""BASS_SUPPORTED"": 0, ""CONFLICTING_EVIDENCE"": 0, ""DRUM_SUPPORTED"": 0, ""UNKNOWN"": 0}",813,293.7951855214057,53.3405556918000,/Users/StarTrack/Development/JazzGrooveAnalyzer/docs/scientific/rfc/JGA_WHOLE_TRACK_GROOVE_FROZEN_PIPELINE_001_20260921/WHOLE_TRACK_SOURCE_STATES.csv,7d5ced889b068c5328afd81b1ff02d04b682639aa4f47410e45e21f689bf2547
807,294.1968253968254,161.49902343748434,SELECTED,F_MIX_01458,294.2200453514739,DRUM_SUPPORTED,23.2199546485000,23.2199546485000,False,[],2,1,"{""BASS_AND_DRUM_SUPPORTED"": 0, ""BASS_SUPPORTED"": 0, ""CONFLICTING_EVIDENCE"": 0, ""DRUM_SUPPORTED"": 0, ""UNKNOWN"": 1}",814,294.15847463884853,61.57071262537000,/Users/StarTrack/Development/JazzGrooveAnalyzer/docs/scientific/rfc/JGA_WHOLE_TRACK_GROOVE_FROZEN_PIPELINE_001_20260921/WHOLE_TRACK_SOURCE_STATES.csv,7d5ced889b068c5328afd81b1ff02d04b682639aa4f47410e45e21f689bf2547
808,294.5683446712018,161.49902343750904,SELECTED,F_MIX_01460,294.5799546485261,DRUM_SUPPORTED,11.6099773243000,11.6099773243000,False,[],2,1,"{""BASS_AND_DRUM_SUPPORTED"": 0, ""BASS_SUPPORTED"": 0, ""CONFLICTING_EVIDENCE"": 0, ""DRUM_SUPPORTED"": 0, ""UNKNOWN"": 1}",815,294.5218520781072,58.1025704189000,/Users/StarTrack/Development/JazzGrooveAnalyzer/docs/scientific/rfc/JGA_WHOLE_TRACK_GROOVE_FROZEN_PIPELINE_001_20260921/WHOLE_TRACK_SOURCE_STATES.csv,7d5ced889b068c5328afd81b1ff02d04b682639aa4f47410e45e21f689bf2547
809,294.9398639455782,172.26562499998857,SELECTED,F_MIX_01462,294.9514739229025,DRUM_SUPPORTED,11.6099773243000,11.6099773243000,False,[],2,1,"{""BASS_AND_DRUM_SUPPORTED"": 0, ""BASS_SUPPORTED"": 0, ""CONFLICTING_EVIDENCE"": 0, ""DRUM_SUPPORTED"": 1, ""UNKNOWN"": 0}",816,294.8853090070001,66.1649159024000,/Users/StarTrack/Development/JazzGrooveAnalyzer/docs/scientific/rfc/JGA_WHOLE_TRACK_GROOVE_FROZEN_PIPELINE_001_20260921/WHOLE_TRACK_SOURCE_STATES.csv,7d5ced889b068c5328afd81b1ff02d04b682639aa4f47410e45e21f689bf2547
810,295.28816326530614,161.49902343750904,SELECTED,F_MIX_01463,295.3229931972789,BASS_AND_DRUM_SUPPORTED,34.82993197276000,34.82993197276000,False,[],2,1,"{""BASS_AND_DRUM_SUPPORTED"": 0, ""BASS_SUPPORTED"": 0, ""CONFLICTING_EVIDENCE"": 0, ""DRUM_SUPPORTED"": 0, ""UNKNOWN"": 1}",817,295.25058322053746,72.40997674144000,/Users/StarTrack/Development/JazzGrooveAnalyzer/docs/scientific/rfc/JGA_WHOLE_TRACK_GROOVE_FROZEN_PIPELINE_001_20260921/WHOLE_TRACK_SOURCE_STATES.csv,7d5ced889b068c5328afd81b1ff02d04b682639aa4f47410e45e21f689bf2547
811,295.65968253968254,161.49902343750904,SELECTED,F_MIX_01465,295.6712925170068,BASS_AND_DRUM_SUPPORTED,11.60997732426000,11.60997732426000,False,[],2,1,"{""BASS_AND_DRUM_SUPPORTED"": 0, ""BASS_SUPPORTED"": 0, ""CONFLICTING_EVIDENCE"": 0, ""DRUM_SUPPORTED"": 0, ""UNKNOWN"": 1}",818,295.6162461124943,55.0464045125000,/Users/StarTrack/Development/JazzGrooveAnalyzer/docs/scientific/rfc/JGA_WHOLE_TRACK_GROOVE_FROZEN_PIPELINE_001_20260921/WHOLE_TRACK_SOURCE_STATES.csv,7d5ced889b068c5328afd81b1ff02d04b682639aa4f47410e45e21f689bf2547
812,296.03120181405893,161.49902343748434,SELECTED,F_MIX_01467,296.03120181405893,BASS_AND_DRUM_SUPPORTED,0E-14,0E-14,False,[],1,0,"{""BASS_AND_DRUM_SUPPORTED"": 0, ""BASS_SUPPORTED"": 0, ""CONFLICTING_EVIDENCE"": 0, ""DRUM_SUPPORTED"": 0, ""UNKNOWN"": 0}",819,295.9817599488156,49.44186524333000,/Users/StarTrack/Development/JazzGrooveAnalyzer/docs/scientific/rfc/JGA_WHOLE_TRACK_GROOVE_FROZEN_PIPELINE_001_20260921/WHOLE_TRACK_SOURCE_STATES.csv,7d5ced889b068c5328afd81b1ff02d04b682639aa4f47410e45e21f689bf2547
813,296.4027210884354,161.49902343750904,SELECTED,F_MIX_01469,296.41433106575965,DRUM_SUPPORTED,11.60997732425000,11.60997732425000,False,[],2,1,"{""BASS_AND_DRUM_SUPPORTED"": 0, ""BASS_SUPPORTED"": 0, ""CONFLICTING_EVIDENCE"": 0, ""DRUM_SUPPORTED"": 0, ""UNKNOWN"": 1}",820,296.34763850127797,66.69256448168000,/Users/StarTrack/Development/JazzGrooveAnalyzer/docs/scientific/rfc/JGA_WHOLE_TRACK_GROOVE_FROZEN_PIPELINE_001_20260921/WHOLE_TRACK_SOURCE_STATES.csv,7d5ced889b068c5328afd81b1ff02d04b682639aa4f47410e45e21f689bf2547
814,296.7742403628118,172.26562499998857,SELECTED,F_MIX_01470,296.7742403628118,BASS_AND_DRUM_SUPPORTED,0E-13,0E-13,False,[],1,0,"{""BASS_AND_DRUM_SUPPORTED"": 0, ""BASS_SUPPORTED"": 0, ""CONFLICTING_EVIDENCE"": 0, ""DRUM_SUPPORTED"": 0, ""UNKNOWN"": 0}",821,296.7153464465027,58.8939163091000,/Users/StarTrack/Development/JazzGrooveAnalyzer/docs/scientific/rfc/JGA_WHOLE_TRACK_GROOVE_FROZEN_PIPELINE_001_20260921/WHOLE_TRACK_SOURCE_STATES.csv,7d5ced889b068c5328afd81b1ff02d04b682639aa4f47410e45e21f689bf2547
815,297.1225396825397,161.49902343750904,SELECTED,F_MIX_01472,297.13414965986397,DRUM_SUPPORTED,11.60997732427000,11.60997732427000,False,[],2,1,"{""BASS_AND_DRUM_SUPPORTED"": 0, ""BASS_SUPPORTED"": 0, ""CONFLICTING_EVIDENCE"": 0, ""DRUM_SUPPORTED"": 1, ""UNKNOWN"": 0}",822,297.08319969697817,50.94996288580000,/Users/StarTrack/Development/JazzGrooveAnalyzer/docs/scientific/rfc/JGA_WHOLE_TRACK_GROOVE_FROZEN_PIPELINE_001_20260921/WHOLE_TRACK_SOURCE_STATES.csv,7d5ced889b068c5328afd81b1ff02d04b682639aa4f47410e45e21f689bf2547
816,297.4940589569161,161.49902343748434,SELECTED,F_MIX_01474,297.4940589569161,DRUM_SUPPORTED,0E-13,0E-13,False,[],3,2,"{""BASS_AND_DRUM_SUPPORTED"": 0, ""BASS_SUPPORTED"": 0, ""CONFLICTING_EVIDENCE"": 0, ""DRUM_SUPPORTED"": 1, ""UNKNOWN"": 1}",823,297.45118372217934,42.87523473676000,/Users/StarTrack/Development/JazzGrooveAnalyzer/docs/scientific/rfc/JGA_WHOLE_TRACK_GROOVE_FROZEN_PIPELINE_001_20260921/WHOLE_TRACK_SOURCE_STATES.csv,7d5ced889b068c5328afd81b1ff02d04b682639aa4f47410e45e21f689bf2547
817,297.86557823129255,161.49902343750904,SELECTED,F_MIX_01477,297.7610884353742,UNKNOWN,-104.48979591835000,104.48979591835000,False,[],2,1,"{""BASS_AND_DRUM_SUPPORTED"": 0, ""BASS_SUPPORTED"": 0, ""CONFLICTING_EVIDENCE"": 0, ""DRUM_SUPPORTED"": 0, ""UNKNOWN"": 1}",824,297.81928544463364,-58.19700925944000,/Users/StarTrack/Development/JazzGrooveAnalyzer/docs/scientific/rfc/JGA_WHOLE_TRACK_GROOVE_FROZEN_PIPELINE_001_20260921/WHOLE_TRACK_SOURCE_STATES.csv,7d5ced889b068c5328afd81b1ff02d04b682639aa4f47410e45e21f689bf2547
818,298.23709750566894,161.49902343750904,SELECTED,F_MIX_01478,298.23709750566894,DRUM_SUPPORTED,0E-14,0E-14,False,[],1,0,"{""BASS_AND_DRUM_SUPPORTED"": 0, ""BASS_SUPPORTED"": 0, ""CONFLICTING_EVIDENCE"": 0, ""DRUM_SUPPORTED"": 0, ""UNKNOWN"": 0}",825,298.1892276757002,47.86982996874000,/Users/StarTrack/Development/JazzGrooveAnalyzer/docs/scientific/rfc/JGA_WHOLE_TRACK_GROOVE_FROZEN_PIPELINE_001_20260921/WHOLE_TRACK_SOURCE_STATES.csv,7d5ced889b068c5328afd81b1ff02d04b682639aa4f47410e45e21f689bf2547
819,298.60861678004534,172.26562499998857,SELECTED,F_MIX_01480,298.6202267573696,BASS_AND_DRUM_SUPPORTED,11.60997732426000,11.60997732426000,False,[],2,1,"{""BASS_AND_DRUM_SUPPORTED"": 0, ""BASS_SUPPORTED"": 0, ""CONFLICTING_EVIDENCE"": 0, ""DRUM_SUPPORTED"": 0, ""UNKNOWN"": 1}",826,298.56101961792206,59.20713944754000,/Users/StarTrack/Development/JazzGrooveAnalyzer/docs/scientific/rfc/JGA_WHOLE_TRACK_GROOVE_FROZEN_PIPELINE_001_20260921/WHOLE_TRACK_SOURCE_STATES.csv,7d5ced889b068c5328afd81b1ff02d04b682639aa4f47410e45e21f689bf2547
820,298.95691609977325,161.49902343750904,SELECTED,F_MIX_01482,298.9685260770975,DRUM_SUPPORTED,11.60997732425000,11.60997732425000,False,[],2,1,"{""BASS_AND_DRUM_SUPPORTED"": 0, ""BASS_SUPPORTED"": 0, ""CONFLICTING_EVIDENCE"": 0, ""DRUM_SUPPORTED"": 0, ""UNKNOWN"": 1}",827,298.932548465695,35.9776114025000,/Users/StarTrack/Development/JazzGrooveAnalyzer/docs/scientific/rfc/JGA_WHOLE_TRACK_GROOVE_FROZEN_PIPELINE_001_20260921/WHOLE_TRACK_SOURCE_STATES.csv,7d5ced889b068c5328afd81b1ff02d04b682639aa4f47410e45e21f689bf2547
821,299.32843537414965,161.49902343748434,SELECTED,F_MIX_01484,299.3400453514739,BASS_AND_DRUM_SUPPORTED,11.60997732425000,11.60997732425000,False,[],3,2,"{""BASS_AND_DRUM_SUPPORTED"": 0, ""BASS_SUPPORTED"": 0, ""CONFLICTING_EVIDENCE"": 0, ""DRUM_SUPPORTED"": 1, ""UNKNOWN"": 1}",828,299.30384052846387,36.20482301003000,/Users/StarTrack/Development/JazzGrooveAnalyzer/docs/scientific/rfc/JGA_WHOLE_TRACK_GROOVE_FROZEN_PIPELINE_001_20260921/WHOLE_TRACK_SOURCE_STATES.csv,7d5ced889b068c5328afd81b1ff02d04b682639aa4f47410e45e21f689bf2547
822,299.6999546485261,161.49902343750904,SELECTED,F_MIX_01487,299.6999546485261,BASS_AND_DRUM_SUPPORTED,0E-13,0E-13,False,[],2,1,"{""BASS_AND_DRUM_SUPPORTED"": 0, ""BASS_SUPPORTED"": 0, ""CONFLICTING_EVIDENCE"": 0, ""DRUM_SUPPORTED"": 1, ""UNKNOWN"": 0}",829,299.6749194847291,25.0351637970000,/Users/StarTrack/Development/JazzGrooveAnalyzer/docs/scientific/rfc/JGA_WHOLE_TRACK_GROOVE_FROZEN_PIPELINE_001_20260921/WHOLE_TRACK_SOURCE_STATES.csv,7d5ced889b068c5328afd81b1ff02d04b682639aa4f47410e45e21f689bf2547
823,300.0714739229025,172.26562499998857,SELECTED,F_MIX_01488,300.0714739229025,DRUM_SUPPORTED,0E-13,0E-13,False,[],1,0,"{""BASS_AND_DRUM_SUPPORTED"": 0, ""BASS_SUPPORTED"": 0, ""CONFLICTING_EVIDENCE"": 0, ""DRUM_SUPPORTED"": 0, ""UNKNOWN"": 0}",830,300.04594269956283,25.53122333967000,/Users/StarTrack/Development/JazzGrooveAnalyzer/docs/scientific/rfc/JGA_WHOLE_TRACK_GROOVE_FROZEN_PIPELINE_001_20260921/WHOLE_TRACK_SOURCE_STATES.csv,7d5ced889b068c5328afd81b1ff02d04b682639aa4f47410e45e21f689bf2547
824,300.4197732426304,161.49902343750904,SELECTED,F_MIX_01491,300.4313832199546,DRUM_SUPPORTED,11.6099773242000,11.6099773242000,False,[],3,2,"{""BASS_AND_DRUM_SUPPORTED"": 0, ""BASS_SUPPORTED"": 0, ""CONFLICTING_EVIDENCE"": 0, ""DRUM_SUPPORTED"": 1, ""UNKNOWN"": 1}",831,300.41705180152996,14.33141842464000,/Users/StarTrack/Development/JazzGrooveAnalyzer/docs/scientific/rfc/JGA_WHOLE_TRACK_GROOVE_FROZEN_PIPELINE_001_20260921/WHOLE_TRACK_SOURCE_STATES.csv,7d5ced889b068c5328afd81b1ff02d04b682639aa4f47410e45e21f689bf2547
825,300.7912925170068,161.49902343750904,SELECTED,F_MIX_01494,300.81451247165535,DRUM_SUPPORTED,23.21995464855000,23.21995464855000,False,[],4,3,"{""BASS_AND_DRUM_SUPPORTED"": 0, ""BASS_SUPPORTED"": 0, ""CONFLICTING_EVIDENCE"": 0, ""DRUM_SUPPORTED"": 1, ""UNKNOWN"": 2}",832,300.7881021474954,26.41032415995000,/Users/StarTrack/Development/JazzGrooveAnalyzer/docs/scientific/rfc/JGA_WHOLE_TRACK_GROOVE_FROZEN_PIPELINE_001_20260921/WHOLE_TRACK_SOURCE_STATES.csv,7d5ced889b068c5328afd81b1ff02d04b682639aa4f47410e45e21f689bf2547
826,301.1628117913832,161.49902343748434,SELECTED,F_MIX_01497,301.1628117913832,DRUM_SUPPORTED,0E-13,0E-13,False,[],2,1,"{""BASS_AND_DRUM_SUPPORTED"": 0, ""BASS_SUPPORTED"": 0, ""CONFLICTING_EVIDENCE"": 0, ""DRUM_SUPPORTED"": 0, ""UNKNOWN"": 1}",833,301.15896355863754,3.84823274566000,/Users/StarTrack/Development/JazzGrooveAnalyzer/docs/scientific/rfc/JGA_WHOLE_TRACK_GROOVE_FROZEN_PIPELINE_001_20260921/WHOLE_TRACK_SOURCE_STATES.csv,7d5ced889b068c5328afd81b1ff02d04b682639aa4f47410e45e21f689bf2547
827,301.53433106575966,172.26562500001668,SELECTED,F_MIX_01499,301.53433106575966,DRUM_SUPPORTED,0E-14,0E-14,False,[],2,1,"{""BASS_AND_DRUM_SUPPORTED"": 0, ""BASS_SUPPORTED"": 0, ""CONFLICTING_EVIDENCE"": 0, ""DRUM_SUPPORTED"": 0, ""UNKNOWN"": 1}",834,301.52979098286045,4.54008289921000,/Users/StarTrack/Development/JazzGrooveAnalyzer/docs/scientific/rfc/JGA_WHOLE_TRACK_GROOVE_FROZEN_PIPELINE_001_20260921/WHOLE_TRACK_SOURCE_STATES.csv,7d5ced889b068c5328afd81b1ff02d04b682639aa4f47410e45e21f689bf2547
828,301.8826303854875,161.49902343748434,SELECTED,F_MIX_01500,301.8942403628118,DRUM_SUPPORTED,11.6099773243000,11.6099773243000,False,[],1,0,"{""BASS_AND_DRUM_SUPPORTED"": 0, ""BASS_SUPPORTED"": 0, ""CONFLICTING_EVIDENCE"": 0, ""DRUM_SUPPORTED"": 0, ""UNKNOWN"": 0}",835,301.9005878188561,-6.3474560443000,/Users/StarTrack/Development/JazzGrooveAnalyzer/docs/scientific/rfc/JGA_WHOLE_TRACK_GROOVE_FROZEN_PIPELINE_001_20260921/WHOLE_TRACK_SOURCE_STATES.csv,7d5ced889b068c5328afd81b1ff02d04b682639aa4f47410e45e21f689bf2547
829,302.25414965986397,161.49902343750904,SELECTED,F_MIX_01502,302.25414965986397,DRUM_SUPPORTED,0E-14,0E-14,False,[],2,1,"{""BASS_AND_DRUM_SUPPORTED"": 0, ""BASS_SUPPORTED"": 0, ""CONFLICTING_EVIDENCE"": 0, ""DRUM_SUPPORTED"": 0, ""UNKNOWN"": 1}",836,302.2713571254472,-17.20746558323000,/Users/StarTrack/Development/JazzGrooveAnalyzer/docs/scientific/rfc/JGA_WHOLE_TRACK_GROOVE_FROZEN_PIPELINE_001_20260921/WHOLE_TRACK_SOURCE_STATES.csv,7d5ced889b068c5328afd81b1ff02d04b682639aa4f47410e45e21f689bf2547
830,302.62566893424037,161.49902343750904,SELECTED,F_MIX_01504,302.62566893424037,DRUM_SUPPORTED,0E-14,0E-14,False,[],2,1,"{""BASS_AND_DRUM_SUPPORTED"": 0, ""BASS_SUPPORTED"": 0, ""CONFLICTING_EVIDENCE"": 0, ""DRUM_SUPPORTED"": 0, ""UNKNOWN"": 1}",837,302.64196560115244,-16.29666691207000,/Users/StarTrack/Development/JazzGrooveAnalyzer/docs/scientific/rfc/JGA_WHOLE_TRACK_GROOVE_FROZEN_PIPELINE_001_20260921/WHOLE_TRACK_SOURCE_STATES.csv,7d5ced889b068c5328afd81b1ff02d04b682639aa4f47410e45e21f689bf2547
831,302.99718820861676,161.49902343748434,SELECTED,F_MIX_01505,302.9855782312925,DRUM_SUPPORTED,-11.60997732426000,11.60997732426000,False,[],1,0,"{""BASS_AND_DRUM_SUPPORTED"": 0, ""BASS_SUPPORTED"": 0, ""CONFLICTING_EVIDENCE"": 0, ""DRUM_SUPPORTED"": 0, ""UNKNOWN"": 0}",838,303.01242932906035,-26.85109776785000,/Users/StarTrack/Development/JazzGrooveAnalyzer/docs/scientific/rfc/JGA_WHOLE_TRACK_GROOVE_FROZEN_PIPELINE_001_20260921/WHOLE_TRACK_SOURCE_STATES.csv,7d5ced889b068c5328afd81b1ff02d04b682639aa4f47410e45e21f689bf2547
832,303.3687074829932,161.49902343750904,SELECTED,F_MIX_01506,303.35709750566895,DRUM_SUPPORTED,-11.60997732425000,11.60997732425000,False,[],1,0,"{""BASS_AND_DRUM_SUPPORTED"": 0, ""BASS_SUPPORTED"": 0, ""CONFLICTING_EVIDENCE"": 0, ""DRUM_SUPPORTED"": 0, ""UNKNOWN"": 0}",839,303.38276278395074,-25.66527828179000,/Users/StarTrack/Development/JazzGrooveAnalyzer/docs/scientific/rfc/JGA_WHOLE_TRACK_GROOVE_FROZEN_PIPELINE_001_20260921/WHOLE_TRACK_SOURCE_STATES.csv,7d5ced889b068c5328afd81b1ff02d04b682639aa4f47410e45e21f689bf2547
833,303.7402267573696,172.26562499998857,SELECTED,F_MIX_01507,303.72861678004534,DRUM_SUPPORTED,-11.60997732426000,11.60997732426000,False,[],1,0,"{""BASS_AND_DRUM_SUPPORTED"": 0, ""BASS_SUPPORTED"": 0, ""CONFLICTING_EVIDENCE"": 0, ""DRUM_SUPPORTED"": 0, ""UNKNOWN"": 0}",840,303.7531150475471,-24.49826750176000,/Users/StarTrack/Development/JazzGrooveAnalyzer/docs/scientific/rfc/JGA_WHOLE_TRACK_GROOVE_FROZEN_PIPELINE_001_20260921/WHOLE_TRACK_SOURCE_STATES.csv,7d5ced889b068c5328afd81b1ff02d04b682639aa4f47410e45e21f689bf2547
834,304.0885260770975,161.49902343750904,SELECTED,F_MIX_01508,304.0885260770975,DRUM_SUPPORTED,0E-13,0E-13,False,[],1,0,"{""BASS_AND_DRUM_SUPPORTED"": 0, ""BASS_SUPPORTED"": 0, ""CONFLICTING_EVIDENCE"": 0, ""DRUM_SUPPORTED"": 0, ""UNKNOWN"": 0}",841,304.1233481845571,-34.8221074596000,/Users/StarTrack/Development/JazzGrooveAnalyzer/docs/scientific/rfc/JGA_WHOLE_TRACK_GROOVE_FROZEN_PIPELINE_001_20260921/WHOLE_TRACK_SOURCE_STATES.csv,7d5ced889b068c5328afd81b1ff02d04b682639aa4f47410e45e21f689bf2547
835,304.4600453514739,161.49902343750904,SELECTED,F_MIX_01509,304.44843537414965,DRUM_SUPPORTED,-11.60997732425000,11.60997732425000,False,[],1,0,"{""BASS_AND_DRUM_SUPPORTED"": 0, ""BASS_SUPPORTED"": 0, ""CONFLICTING_EVIDENCE"": 0, ""DRUM_SUPPORTED"": 0, ""UNKNOWN"": 0}",842,304.49361016206103,-45.17478791138000,/Users/StarTrack/Development/JazzGrooveAnalyzer/docs/scientific/rfc/JGA_WHOLE_TRACK_GROOVE_FROZEN_PIPELINE_001_20260921/WHOLE_TRACK_SOURCE_STATES.csv,7d5ced889b068c5328afd81b1ff02d04b682639aa4f47410e45e21f689bf2547
836,304.8315646258503,161.49902343748434,SELECTED,F_MIX_01511,304.8315646258503,DRUM_SUPPORTED,0E-13,0E-13,False,[],2,1,"{""BASS_AND_DRUM_SUPPORTED"": 1, ""BASS_SUPPORTED"": 0, ""CONFLICTING_EVIDENCE"": 0, ""DRUM_SUPPORTED"": 0, ""UNKNOWN"": 0}",843,304.86376204158785,-32.19741573755000,/Users/StarTrack/Development/JazzGrooveAnalyzer/docs/scientific/rfc/JGA_WHOLE_TRACK_GROOVE_FROZEN_PIPELINE_001_20260921/WHOLE_TRACK_SOURCE_STATES.csv,7d5ced889b068c5328afd81b1ff02d04b682639aa4f47410e45e21f689bf2547
837,305.2030839002268,161.49902343750904,SELECTED,F_MIX_01513,305.1914739229025,BASS_AND_DRUM_SUPPORTED,-11.6099773243000,11.6099773243000,False,[],2,1,"{""BASS_AND_DRUM_SUPPORTED"": 0, ""BASS_SUPPORTED"": 0, ""CONFLICTING_EVIDENCE"": 0, ""DRUM_SUPPORTED"": 0, ""UNKNOWN"": 1}",844,305.23381483293525,-42.34091003275000,/Users/StarTrack/Development/JazzGrooveAnalyzer/docs/scientific/rfc/JGA_WHOLE_TRACK_GROOVE_FROZEN_PIPELINE_001_20260921/WHOLE_TRACK_SOURCE_STATES.csv,7d5ced889b068c5328afd81b1ff02d04b682639aa4f47410e45e21f689bf2547
838,305.57460317460317,161.49902343750904,SELECTED,F_MIX_01514,305.5629931972789,DRUM_SUPPORTED,-11.60997732427000,11.60997732427000,False,[],1,0,"{""BASS_AND_DRUM_SUPPORTED"": 0, ""BASS_SUPPORTED"": 0, ""CONFLICTING_EVIDENCE"": 0, ""DRUM_SUPPORTED"": 0, ""UNKNOWN"": 0}",845,305.60377844492115,-40.78524764225000,/Users/StarTrack/Development/JazzGrooveAnalyzer/docs/scientific/rfc/JGA_WHOLE_TRACK_GROOVE_FROZEN_PIPELINE_001_20260921/WHOLE_TRACK_SOURCE_STATES.csv,7d5ced889b068c5328afd81b1ff02d04b682639aa4f47410e45e21f689bf2547
839,305.94612244897957,172.26562499998857,SELECTED,F_MIX_01515,305.9229024943311,BASS_AND_DRUM_SUPPORTED,-23.21995464847000,23.21995464847000,False,[],1,0,"{""BASS_AND_DRUM_SUPPORTED"": 0, ""BASS_SUPPORTED"": 0, ""CONFLICTING_EVIDENCE"": 0, ""DRUM_SUPPORTED"": 0, ""UNKNOWN"": 0}",846,305.9736617954817,-50.7593011506000,/Users/StarTrack/Development/JazzGrooveAnalyzer/docs/scientific/rfc/JGA_WHOLE_TRACK_GROOVE_FROZEN_PIPELINE_001_20260921/WHOLE_TRACK_SOURCE_STATES.csv,7d5ced889b068c5328afd81b1ff02d04b682639aa4f47410e45e21f689bf2547
840,306.2944217687075,161.49902343750904,SELECTED,F_MIX_01516,306.2828117913832,BASS_AND_DRUM_SUPPORTED,-11.6099773243000,11.6099773243000,False,[],1,0,"{""BASS_AND_DRUM_SUPPORTED"": 0, ""BASS_SUPPORTED"": 0, ""CONFLICTING_EVIDENCE"": 0, ""DRUM_SUPPORTED"": 0, ""UNKNOWN"": 0}",847,306.3432234776528,-60.4116862696000,/Users/StarTrack/Development/JazzGrooveAnalyzer/docs/scientific/rfc/JGA_WHOLE_TRACK_GROOVE_FROZEN_PIPELINE_001_20260921/WHOLE_TRACK_SOURCE_STATES.csv,7d5ced889b068c5328afd81b1ff02d04b682639aa4f47410e45e21f689bf2547
841,306.6659410430839,161.49902343748434,SELECTED,F_MIX_01518,306.65433106575966,DRUM_SUPPORTED,-11.60997732424000,11.60997732424000,False,[],2,1,"{""BASS_AND_DRUM_SUPPORTED"": 1, ""BASS_SUPPORTED"": 0, ""CONFLICTING_EVIDENCE"": 0, ""DRUM_SUPPORTED"": 0, ""UNKNOWN"": 0}",848,306.7127450913801,-58.41402562044000,/Users/StarTrack/Development/JazzGrooveAnalyzer/docs/scientific/rfc/JGA_WHOLE_TRACK_GROOVE_FROZEN_PIPELINE_001_20260921/WHOLE_TRACK_SOURCE_STATES.csv,7d5ced889b068c5328afd81b1ff02d04b682639aa4f47410e45e21f689bf2547
842,307.03746031746033,172.26562500001668,SELECTED,F_MIX_01519,307.0142403628118,BASS_AND_DRUM_SUPPORTED,-23.21995464853000,23.21995464853000,False,[],1,0,"{""BASS_AND_DRUM_SUPPORTED"": 0, ""BASS_SUPPORTED"": 0, ""CONFLICTING_EVIDENCE"": 0, ""DRUM_SUPPORTED"": 0, ""UNKNOWN"": 0}",849,307.0819812104013,-67.7408475895000,/Users/StarTrack/Development/JazzGrooveAnalyzer/docs/scientific/rfc/JGA_WHOLE_TRACK_GROOVE_FROZEN_PIPELINE_001_20260921/WHOLE_TRACK_SOURCE_STATES.csv,7d5ced889b068c5328afd81b1ff02d04b682639aa4f47410e45e21f689bf2547
843,307.3857596371882,172.26562499998857,SELECTED,F_MIX_01520,307.3741496598639,BASS_AND_DRUM_SUPPORTED,-11.6099773243000,11.6099773243000,False,[],1,0,"{""BASS_AND_DRUM_SUPPORTED"": 0, ""BASS_SUPPORTED"": 0, ""CONFLICTING_EVIDENCE"": 0, ""DRUM_SUPPORTED"": 0, ""UNKNOWN"": 0}",850,307.45120981729366,-77.06015742976000,/Users/StarTrack/Development/JazzGrooveAnalyzer/docs/scientific/rfc/JGA_WHOLE_TRACK_GROOVE_FROZEN_PIPELINE_001_20260921/WHOLE_TRACK_SOURCE_STATES.csv,7d5ced889b068c5328afd81b1ff02d04b682639aa4f47410e45e21f689bf2547
844,307.7340589569161,161.49902343750904,SELECTED,F_MIX_01521,307.7340589569161,BASS_AND_DRUM_SUPPORTED,0E-13,0E-13,False,[],1,0,"{""BASS_AND_DRUM_SUPPORTED"": 0, ""BASS_SUPPORTED"": 0, ""CONFLICTING_EVIDENCE"": 0, ""DRUM_SUPPORTED"": 0, ""UNKNOWN"": 0}",851,307.8205677176918,-86.5087607757000,/Users/StarTrack/Development/JazzGrooveAnalyzer/docs/scientific/rfc/JGA_WHOLE_TRACK_GROOVE_FROZEN_PIPELINE_001_20260921/WHOLE_TRACK_SOURCE_STATES.csv,7d5ced889b068c5328afd81b1ff02d04b682639aa4f47410e45e21f689bf2547
845,308.1055782312925,172.26562499998857,SELECTED,F_MIX_01523,308.11718820861677,BASS_AND_DRUM_SUPPORTED,11.60997732427000,11.60997732427000,False,[],2,1,"{""BASS_AND_DRUM_SUPPORTED"": 0, ""BASS_SUPPORTED"": 0, ""CONFLICTING_EVIDENCE"": 0, ""DRUM_SUPPORTED"": 0, ""UNKNOWN"": 1}",852,308.18990592782336,-72.71771920659000,/Users/StarTrack/Development/JazzGrooveAnalyzer/docs/scientific/rfc/JGA_WHOLE_TRACK_GROOVE_FROZEN_PIPELINE_001_20260921/WHOLE_TRACK_SOURCE_STATES.csv,7d5ced889b068c5328afd81b1ff02d04b682639aa4f47410e45e21f689bf2547
846,308.4538775510204,161.49902343750904,SELECTED,F_MIX_01524,308.4654875283447,BASS_AND_DRUM_SUPPORTED,11.6099773243000,11.6099773243000,False,[],1,0,"{""BASS_AND_DRUM_SUPPORTED"": 0, ""BASS_SUPPORTED"": 0, ""CONFLICTING_EVIDENCE"": 0, ""DRUM_SUPPORTED"": 0, ""UNKNOWN"": 0}",853,308.559226416715,-93.7388883703000,/Users/StarTrack/Development/JazzGrooveAnalyzer/docs/scientific/rfc/JGA_WHOLE_TRACK_GROOVE_FROZEN_PIPELINE_001_20260921/WHOLE_TRACK_SOURCE_STATES.csv,7d5ced889b068c5328afd81b1ff02d04b682639aa4f47410e45e21f689bf2547
847,308.8253968253968,161.49902343748434,SELECTED,F_MIX_01525,308.8253968253968,BASS_AND_DRUM_SUPPORTED,0E-13,0E-13,False,[],1,0,"{""BASS_AND_DRUM_SUPPORTED"": 0, ""BASS_SUPPORTED"": 0, ""CONFLICTING_EVIDENCE"": 0, ""DRUM_SUPPORTED"": 0, ""UNKNOWN"": 0}",854,308.92803209027755,-102.63526488075000,/Users/StarTrack/Development/JazzGrooveAnalyzer/docs/scientific/rfc/JGA_WHOLE_TRACK_GROOVE_FROZEN_PIPELINE_001_20260921/WHOLE_TRACK_SOURCE_STATES.csv,7d5ced889b068c5328afd81b1ff02d04b682639aa4f47410e45e21f689bf2547
848,309.19691609977326,172.26562500001668,SELECTED,F_MIX_01527,309.185306122449,DRUM_SUPPORTED,-11.60997732426000,11.60997732426000,False,[],2,1,"{""BASS_AND_DRUM_SUPPORTED"": 0, ""BASS_SUPPORTED"": 1, ""CONFLICTING_EVIDENCE"": 0, ""DRUM_SUPPORTED"": 0, ""UNKNOWN"": 0}",855,309.2966238631505,-111.3177407015000,/Users/StarTrack/Development/JazzGrooveAnalyzer/docs/scientific/rfc/JGA_WHOLE_TRACK_GROOVE_FROZEN_PIPELINE_001_20260921/WHOLE_TRACK_SOURCE_STATES.csv,7d5ced889b068c5328afd81b1ff02d04b682639aa4f47410e45e21f689bf2547
849,309.5452154195011,161.49902343748434,SELECTED,F_MIX_01529,309.5568253968254,DRUM_SUPPORTED,11.6099773243000,11.6099773243000,False,[],2,1,"{""BASS_AND_DRUM_SUPPORTED"": 0, ""BASS_SUPPORTED"": 0, ""CONFLICTING_EVIDENCE"": 0, ""DRUM_SUPPORTED"": 0, ""UNKNOWN"": 1}",856,309.6652725585094,-108.4471616840000,/Users/StarTrack/Development/JazzGrooveAnalyzer/docs/scientific/rfc/JGA_WHOLE_TRACK_GROOVE_FROZEN_PIPELINE_001_20260921/WHOLE_TRACK_SOURCE_STATES.csv,7d5ced889b068c5328afd81b1ff02d04b682639aa4f47410e45e21f689bf2547
850,309.9167346938776,161.49902343750904,SELECTED,F_MIX_01531,309.9167346938776,BASS_AND_DRUM_SUPPORTED,0E-13,0E-13,False,[],2,1,"{""BASS_AND_DRUM_SUPPORTED"": 0, ""BASS_SUPPORTED"": 0, ""CONFLICTING_EVIDENCE"": 0, ""DRUM_SUPPORTED"": 0, ""UNKNOWN"": 1}",857,310.0337230509991,-116.9883571215000,/Users/StarTrack/Development/JazzGrooveAnalyzer/docs/scientific/rfc/JGA_WHOLE_TRACK_GROOVE_FROZEN_PIPELINE_001_20260921/WHOLE_TRACK_SOURCE_STATES.csv,7d5ced889b068c5328afd81b1ff02d04b682639aa4f47410e45e21f689bf2547
851,310.28825396825397,161.49902343750904,SELECTED,F_MIX_01533,310.3114739229025,DRUM_SUPPORTED,23.21995464853000,23.21995464853000,False,[],2,1,"{""BASS_AND_DRUM_SUPPORTED"": 0, ""BASS_SUPPORTED"": 0, ""CONFLICTING_EVIDENCE"": 0, ""DRUM_SUPPORTED"": 0, ""UNKNOWN"": 1}",858,310.4017457277999,-90.2718048974000,/Users/StarTrack/Development/JazzGrooveAnalyzer/docs/scientific/rfc/JGA_WHOLE_TRACK_GROOVE_FROZEN_PIPELINE_001_20260921/WHOLE_TRACK_SOURCE_STATES.csv,7d5ced889b068c5328afd81b1ff02d04b682639aa4f47410e45e21f689bf2547
852,310.65977324263037,161.49902343748434,SELECTED,F_MIX_01535,310.67138321995463,DRUM_SUPPORTED,11.60997732426000,11.60997732426000,False,[],2,1,"{""BASS_AND_DRUM_SUPPORTED"": 1, ""BASS_SUPPORTED"": 0, ""CONFLICTING_EVIDENCE"": 0, ""DRUM_SUPPORTED"": 0, ""UNKNOWN"": 0}",859,310.7696328035873,-98.24958363267000,/Users/StarTrack/Development/JazzGrooveAnalyzer/docs/scientific/rfc/JGA_WHOLE_TRACK_GROOVE_FROZEN_PIPELINE_001_20260921/WHOLE_TRACK_SOURCE_STATES.csv,7d5ced889b068c5328afd81b1ff02d04b682639aa4f47410e45e21f689bf2547
853,311.0312925170068,161.49902343750904,SELECTED,F_MIX_01536,311.01968253968255,BASS_AND_DRUM_SUPPORTED,-11.60997732425000,11.60997732425000,False,[],1,0,"{""BASS_AND_DRUM_SUPPORTED"": 0, ""BASS_SUPPORTED"": 0, ""CONFLICTING_EVIDENCE"": 0, ""DRUM_SUPPORTED"": 0, ""UNKNOWN"": 0}",860,311.13764727156916,-117.96473188661000,/Users/StarTrack/Development/JazzGrooveAnalyzer/docs/scientific/rfc/JGA_WHOLE_TRACK_GROOVE_FROZEN_PIPELINE_001_20260921/WHOLE_TRACK_SOURCE_STATES.csv,7d5ced889b068c5328afd81b1ff02d04b682639aa4f47410e45e21f689bf2547
854,311.4028117913832,161.49902343750904,SELECTED,F_MIX_01537,311.4028117913832,DRUM_SUPPORTED,0E-13,0E-13,False,[],1,0,"{""BASS_AND_DRUM_SUPPORTED"": 0, ""BASS_SUPPORTED"": 0, ""CONFLICTING_EVIDENCE"": 0, ""DRUM_SUPPORTED"": 0, ""UNKNOWN"": 0}",861,311.5057763925261,-102.9646011429000,/Users/StarTrack/Development/JazzGrooveAnalyzer/docs/scientific/rfc/JGA_WHOLE_TRACK_GROOVE_FROZEN_PIPELINE_001_20260921/WHOLE_TRACK_SOURCE_STATES.csv,7d5ced889b068c5328afd81b1ff02d04b682639aa4f47410e45e21f689bf2547
855,311.7743310657596,161.49902343748434,SELECTED,F_MIX_01538,311.6814512471655,UNKNOWN,-92.8798185941000,92.8798185941000,False,[],1,0,"{""BASS_AND_DRUM_SUPPORTED"": 0, ""BASS_SUPPORTED"": 0, ""CONFLICTING_EVIDENCE"": 0, ""DRUM_SUPPORTED"": 0, ""UNKNOWN"": 0}",861,311.5057763925261,175.6748546394000,/Users/StarTrack/Development/JazzGrooveAnalyzer/docs/scientific/rfc/JGA_WHOLE_TRACK_GROOVE_FROZEN_PIPELINE_001_20260921/WHOLE_TRACK_SOURCE_STATES.csv,7d5ced889b068c5328afd81b1ff02d04b682639aa4f47410e45e21f689bf2547
856,312.14585034013606,161.49902343750904,SELECTED,F_MIX_01539,312.1226303854875,DRUM_SUPPORTED,-23.21995464856000,23.21995464856000,False,[],1,0,"{""BASS_AND_DRUM_SUPPORTED"": 0, ""BASS_SUPPORTED"": 0, ""CONFLICTING_EVIDENCE"": 0, ""DRUM_SUPPORTED"": 0, ""UNKNOWN"": 0}",863,312.2411116564827,-118.4812709952000,/Users/StarTrack/Development/JazzGrooveAnalyzer/docs/scientific/rfc/JGA_WHOLE_TRACK_GROOVE_FROZEN_PIPELINE_001_20260921/WHOLE_TRACK_SOURCE_STATES.csv,7d5ced889b068c5328afd81b1ff02d04b682639aa4f47410e45e21f689bf2547
857,312.51736961451246,161.49902343748434,SELECTED,F_MIX_01540,312.5057596371882,DRUM_SUPPORTED,-11.60997732426000,11.60997732426000,False,[],1,0,"{""BASS_AND_DRUM_SUPPORTED"": 0, ""BASS_SUPPORTED"": 0, ""CONFLICTING_EVIDENCE"": 0, ""DRUM_SUPPORTED"": 0, ""UNKNOWN"": 0}",864,312.60839547273514,-102.63583554694000,/Users/StarTrack/Development/JazzGrooveAnalyzer/docs/scientific/rfc/JGA_WHOLE_TRACK_GROOVE_FROZEN_PIPELINE_001_20260921/WHOLE_TRACK_SOURCE_STATES.csv,7d5ced889b068c5328afd81b1ff02d04b682639aa4f47410e45e21f689bf2547
858,312.8888888888889,172.26562500001668,SELECTED,F_MIX_01541,312.8656689342404,DRUM_SUPPORTED,-23.2199546485000,23.2199546485000,False,[],1,0,"{""BASS_AND_DRUM_SUPPORTED"": 0, ""BASS_SUPPORTED"": 0, ""CONFLICTING_EVIDENCE"": 0, ""DRUM_SUPPORTED"": 0, ""UNKNOWN"": 0}",865,312.9758670071356,-110.1980728952000,/Users/StarTrack/Development/JazzGrooveAnalyzer/docs/scientific/rfc/JGA_WHOLE_TRACK_GROOVE_FROZEN_PIPELINE_001_20260921/WHOLE_TRACK_SOURCE_STATES.csv,7d5ced889b068c5328afd81b1ff02d04b682639aa4f47410e45e21f689bf2547
859,313.2371882086168,161.49902343748434,SELECTED,F_MIX_01543,313.2604081632653,DRUM_SUPPORTED,23.2199546485000,23.2199546485000,False,[],2,1,"{""BASS_AND_DRUM_SUPPORTED"": 0, ""BASS_SUPPORTED"": 0, ""CONFLICTING_EVIDENCE"": 0, ""DRUM_SUPPORTED"": 0, ""UNKNOWN"": 1}",866,313.34350748786926,-83.09932460396000,/Users/StarTrack/Development/JazzGrooveAnalyzer/docs/scientific/rfc/JGA_WHOLE_TRACK_GROOVE_FROZEN_PIPELINE_001_20260921/WHOLE_TRACK_SOURCE_STATES.csv,7d5ced889b068c5328afd81b1ff02d04b682639aa4f47410e45e21f689bf2547
860,313.6087074829932,161.49902343750904,SELECTED,F_MIX_01544,313.6087074829932,BASS_AND_DRUM_SUPPORTED,0E-13,0E-13,False,[],1,0,"{""BASS_AND_DRUM_SUPPORTED"": 0, ""BASS_SUPPORTED"": 0, ""CONFLICTING_EVIDENCE"": 0, ""DRUM_SUPPORTED"": 0, ""UNKNOWN"": 0}",867,313.7113000203028,-102.5925373096000,/Users/StarTrack/Development/JazzGrooveAnalyzer/docs/scientific/rfc/JGA_WHOLE_TRACK_GROOVE_FROZEN_PIPELINE_001_20260921/WHOLE_TRACK_SOURCE_STATES.csv,7d5ced889b068c5328afd81b1ff02d04b682639aa4f47410e45e21f689bf2547
861,313.9802267573696,161.49902343750904,SELECTED,F_MIX_01545,313.96861678004535,BASS_AND_DRUM_SUPPORTED,-11.60997732425000,11.60997732425000,False,[],2,1,"{""BASS_AND_DRUM_SUPPORTED"": 0, ""BASS_SUPPORTED"": 0, ""CONFLICTING_EVIDENCE"": 0, ""DRUM_SUPPORTED"": 0, ""UNKNOWN"": 1}",868,314.07922939926624,-110.61261922089000,/Users/StarTrack/Development/JazzGrooveAnalyzer/docs/scientific/rfc/JGA_WHOLE_TRACK_GROOVE_FROZEN_PIPELINE_001_20260921/WHOLE_TRACK_SOURCE_STATES.csv,7d5ced889b068c5328afd81b1ff02d04b682639aa4f47410e45e21f689bf2547
862,314.351746031746,161.49902343748434,SELECTED,F_MIX_01547,314.34013605442175,BASS_AND_DRUM_SUPPORTED,-11.60997732425000,11.60997732425000,False,[],1,0,"{""BASS_AND_DRUM_SUPPORTED"": 0, ""BASS_SUPPORTED"": 0, ""CONFLICTING_EVIDENCE"": 0, ""DRUM_SUPPORTED"": 0, ""UNKNOWN"": 0}",869,314.44728194010656,-107.14588568481000,/Users/StarTrack/Development/JazzGrooveAnalyzer/docs/scientific/rfc/JGA_WHOLE_TRACK_GROOVE_FROZEN_PIPELINE_001_20260921/WHOLE_TRACK_SOURCE_STATES.csv,7d5ced889b068c5328afd81b1ff02d04b682639aa4f47410e45e21f689bf2547
863,314.72326530612247,161.49902343750904,SELECTED,F_MIX_01548,314.6187755102041,UNKNOWN,-104.48979591837000,104.48979591837000,False,[],1,0,"{""BASS_AND_DRUM_SUPPORTED"": 0, ""BASS_SUPPORTED"": 0, ""CONFLICTING_EVIDENCE"": 0, ""DRUM_SUPPORTED"": 0, ""UNKNOWN"": 0}",869,314.44728194010656,171.49357009754000,/Users/StarTrack/Development/JazzGrooveAnalyzer/docs/scientific/rfc/JGA_WHOLE_TRACK_GROOVE_FROZEN_PIPELINE_001_20260921/WHOLE_TRACK_SOURCE_STATES.csv,7d5ced889b068c5328afd81b1ff02d04b682639aa4f47410e45e21f689bf2547
864,315.09478458049887,172.26562499998857,SELECTED,F_MIX_01550,315.0715646258503,BASS_AND_DRUM_SUPPORTED,-23.21995464857000,23.21995464857000,False,[],2,1,"{""BASS_AND_DRUM_SUPPORTED"": 0, ""BASS_SUPPORTED"": 0, ""CONFLICTING_EVIDENCE"": 0, ""DRUM_SUPPORTED"": 0, ""UNKNOWN"": 1}",871,315.18370847428594,-112.14384843564000,/Users/StarTrack/Development/JazzGrooveAnalyzer/docs/scientific/rfc/JGA_WHOLE_TRACK_GROOVE_FROZEN_PIPELINE_001_20260921/WHOLE_TRACK_SOURCE_STATES.csv,7d5ced889b068c5328afd81b1ff02d04b682639aa4f47410e45e21f689bf2547
865,315.4430839002268,161.49902343750904,SELECTED,F_MIX_01551,315.4430839002268,DRUM_SUPPORTED,0E-13,0E-13,False,[],1,0,"{""BASS_AND_DRUM_SUPPORTED"": 0, ""BASS_SUPPORTED"": 0, ""CONFLICTING_EVIDENCE"": 0, ""DRUM_SUPPORTED"": 0, ""UNKNOWN"": 0}",872,315.552061406944,-108.9775067172000,/Users/StarTrack/Development/JazzGrooveAnalyzer/docs/scientific/rfc/JGA_WHOLE_TRACK_GROOVE_FROZEN_PIPELINE_001_20260921/WHOLE_TRACK_SOURCE_STATES.csv,7d5ced889b068c5328afd81b1ff02d04b682639aa4f47410e45e21f689bf2547
866,315.8146031746032,161.49902343750904,SELECTED,F_MIX_01552,315.8029931972789,BASS_AND_DRUM_SUPPORTED,-11.6099773243000,11.6099773243000,False,[],1,0,"{""BASS_AND_DRUM_SUPPORTED"": 0, ""BASS_SUPPORTED"": 0, ""CONFLICTING_EVIDENCE"": 0, ""DRUM_SUPPORTED"": 0, ""UNKNOWN"": 0}",873,315.9199962798964,-117.0030826175000,/Users/StarTrack/Development/JazzGrooveAnalyzer/docs/scientific/rfc/JGA_WHOLE_TRACK_GROOVE_FROZEN_PIPELINE_001_20260921/WHOLE_TRACK_SOURCE_STATES.csv,7d5ced889b068c5328afd81b1ff02d04b682639aa4f47410e45e21f689bf2547
867,316.1861224489796,161.49902343748434,SELECTED,F_MIX_01554,316.1861224489796,DRUM_SUPPORTED,0E-13,0E-13,False,[],2,1,"{""BASS_AND_DRUM_SUPPORTED"": 0, ""BASS_SUPPORTED"": 0, ""CONFLICTING_EVIDENCE"": 0, ""DRUM_SUPPORTED"": 0, ""UNKNOWN"": 1}",874,316.28805376532677,-101.93131634717000,/Users/StarTrack/Development/JazzGrooveAnalyzer/docs/scientific/rfc/JGA_WHOLE_TRACK_GROOVE_FROZEN_PIPELINE_001_20260921/WHOLE_TRACK_SOURCE_STATES.csv,7d5ced889b068c5328afd81b1ff02d04b682639aa4f47410e45e21f689bf2547
868,316.557641723356,172.26562500001668,SELECTED,F_MIX_01555,316.51120181405895,DRUM_SUPPORTED,-46.43990929705000,46.43990929705000,False,[],1,0,"{""BASS_AND_DRUM_SUPPORTED"": 0, ""BASS_SUPPORTED"": 0, ""CONFLICTING_EVIDENCE"": 0, ""DRUM_SUPPORTED"": 0, ""UNKNOWN"": 0}",875,316.65622160198734,-145.01978792839000,/Users/StarTrack/Development/JazzGrooveAnalyzer/docs/scientific/rfc/JGA_WHOLE_TRACK_GROOVE_FROZEN_PIPELINE_001_20260921/WHOLE_TRACK_SOURCE_STATES.csv,7d5ced889b068c5328afd81b1ff02d04b682639aa4f47410e45e21f689bf2547
869,316.9059410430839,161.49902343748434,SELECTED,F_MIX_01556,316.9407709750567,BASS_SUPPORTED,34.8299319728000,34.8299319728000,False,[],1,0,"{""BASS_AND_DRUM_SUPPORTED"": 0, ""BASS_SUPPORTED"": 0, ""CONFLICTING_EVIDENCE"": 0, ""DRUM_SUPPORTED"": 0, ""UNKNOWN"": 0}",876,317.0244887547551,-83.7177796984000,/Users/StarTrack/Development/JazzGrooveAnalyzer/docs/scientific/rfc/JGA_WHOLE_TRACK_GROOVE_FROZEN_PIPELINE_001_20260921/WHOLE_TRACK_SOURCE_STATES.csv,7d5ced889b068c5328afd81b1ff02d04b682639aa4f47410e45e21f689bf2547
870,317.27746031746034,161.49902343750904,SELECTED,F_MIX_01557,317.27746031746034,BASS_AND_DRUM_SUPPORTED,0E-14,0E-14,False,[],1,0,"{""BASS_AND_DRUM_SUPPORTED"": 0, ""BASS_SUPPORTED"": 0, ""CONFLICTING_EVIDENCE"": 0, ""DRUM_SUPPORTED"": 0, ""UNKNOWN"": 0}",877,317.39284529201933,-115.38497455899000,/Users/StarTrack/Development/JazzGrooveAnalyzer/docs/scientific/rfc/JGA_WHOLE_TRACK_GROOVE_FROZEN_PIPELINE_001_20260921/WHOLE_TRACK_SOURCE_STATES.csv,7d5ced889b068c5328afd81b1ff02d04b682639aa4f47410e45e21f689bf2547
871,317.64897959183673,161.49902343750904,SELECTED,F_MIX_01558,317.5677097505669,UNKNOWN,-81.26984126983000,81.26984126983000,False,[],1,0,"{""BASS_AND_DRUM_SUPPORTED"": 0, ""BASS_SUPPORTED"": 0, ""CONFLICTING_EVIDENCE"": 0, ""DRUM_SUPPORTED"": 0, ""UNKNOWN"": 0}",877,317.39284529201933,174.86445854757000,/Users/StarTrack/Development/JazzGrooveAnalyzer/docs/scientific/rfc/JGA_WHOLE_TRACK_GROOVE_FROZEN_PIPELINE_001_20260921/WHOLE_TRACK_SOURCE_STATES.csv,7d5ced889b068c5328afd81b1ff02d04b682639aa4f47410e45e21f689bf2547
872,318.02049886621313,172.26562499998857,SELECTED,F_MIX_01560,318.00888888888886,BASS_AND_DRUM_SUPPORTED,-11.60997732427000,11.60997732427000,False,[],2,1,"{""BASS_AND_DRUM_SUPPORTED"": 0, ""BASS_SUPPORTED"": 0, ""CONFLICTING_EVIDENCE"": 0, ""DRUM_SUPPORTED"": 0, ""UNKNOWN"": 1}",879,318.1297916600835,-120.90277119464000,/Users/StarTrack/Development/JazzGrooveAnalyzer/docs/scientific/rfc/JGA_WHOLE_TRACK_GROOVE_FROZEN_PIPELINE_001_20260921/WHOLE_TRACK_SOURCE_STATES.csv,7d5ced889b068c5328afd81b1ff02d04b682639aa4f47410e45e21f689bf2547
873,318.36879818594105,161.49902343750904,SELECTED,F_MIX_01561,318.2991383219955,UNKNOWN,-69.65986394555000,69.65986394555000,False,[],2,1,"{""BASS_AND_DRUM_SUPPORTED"": 0, ""BASS_SUPPORTED"": 0, ""CONFLICTING_EVIDENCE"": 0, ""DRUM_SUPPORTED"": 0, ""UNKNOWN"": 1}",879,318.1297916600835,169.3466619120000,/Users/StarTrack/Development/JazzGrooveAnalyzer/docs/scientific/rfc/JGA_WHOLE_TRACK_GROOVE_FROZEN_PIPELINE_001_20260921/WHOLE_TRACK_SOURCE_STATES.csv,7d5ced889b068c5328afd81b1ff02d04b682639aa4f47410e45e21f689bf2547
874,318.74031746031744,161.49902343748434,SELECTED,F_MIX_01563,318.74031746031744,BASS_AND_DRUM_SUPPORTED,0E-14,0E-14,False,[],1,0,"{""BASS_AND_DRUM_SUPPORTED"": 0, ""BASS_SUPPORTED"": 0, ""CONFLICTING_EVIDENCE"": 0, ""DRUM_SUPPORTED"": 0, ""UNKNOWN"": 0}",881,318.8669993973539,-126.68193703646000,/Users/StarTrack/Development/JazzGrooveAnalyzer/docs/scientific/rfc/JGA_WHOLE_TRACK_GROOVE_FROZEN_PIPELINE_001_20260921/WHOLE_TRACK_SOURCE_STATES.csv,7d5ced889b068c5328afd81b1ff02d04b682639aa4f47410e45e21f689bf2547
875,319.1118367346939,172.26562500001668,SELECTED,F_MIX_01565,319.12344671201816,BASS_AND_DRUM_SUPPORTED,11.60997732426000,11.60997732426000,False,[],3,2,"{""BASS_AND_DRUM_SUPPORTED"": 0, ""BASS_SUPPORTED"": 0, ""CONFLICTING_EVIDENCE"": 0, ""DRUM_SUPPORTED"": 0, ""UNKNOWN"": 2}",882,319.2356853692244,-112.23865720624000,/Users/StarTrack/Development/JazzGrooveAnalyzer/docs/scientific/rfc/JGA_WHOLE_TRACK_GROOVE_FROZEN_PIPELINE_001_20260921/WHOLE_TRACK_SOURCE_STATES.csv,7d5ced889b068c5328afd81b1ff02d04b682639aa4f47410e45e21f689bf2547
876,319.46013605442175,161.49902343748434,SELECTED,F_MIX_01567,319.471746031746,BASS_AND_DRUM_SUPPORTED,11.60997732425000,11.60997732425000,False,[],1,0,"{""BASS_AND_DRUM_SUPPORTED"": 0, ""BASS_SUPPORTED"": 0, ""CONFLICTING_EVIDENCE"": 0, ""DRUM_SUPPORTED"": 0, ""UNKNOWN"": 0}",883,319.6044188436812,-132.6728119352000,/Users/StarTrack/Development/JazzGrooveAnalyzer/docs/scientific/rfc/JGA_WHOLE_TRACK_GROOVE_FROZEN_PIPELINE_001_20260921/WHOLE_TRACK_SOURCE_STATES.csv,7d5ced889b068c5328afd81b1ff02d04b682639aa4f47410e45e21f689bf2547
877,319.8316553287982,161.49902343750904,SELECTED,F_MIX_01568,319.7503854875283,UNKNOWN,-81.2698412699000,81.2698412699000,False,[],1,0,"{""BASS_AND_DRUM_SUPPORTED"": 0, ""BASS_SUPPORTED"": 0, ""CONFLICTING_EVIDENCE"": 0, ""DRUM_SUPPORTED"": 0, ""UNKNOWN"": 0}",883,319.6044188436812,145.9666438471000,/Users/StarTrack/Development/JazzGrooveAnalyzer/docs/scientific/rfc/JGA_WHOLE_TRACK_GROOVE_FROZEN_PIPELINE_001_20260921/WHOLE_TRACK_SOURCE_STATES.csv,7d5ced889b068c5328afd81b1ff02d04b682639aa4f47410e45e21f689bf2547
878,320.2031746031746,161.49902343750904,SELECTED,F_MIX_01569,320.19156462585033,BASS_AND_DRUM_SUPPORTED,-11.60997732427000,11.60997732427000,False,[],2,1,"{""BASS_AND_DRUM_SUPPORTED"": 0, ""BASS_SUPPORTED"": 0, ""CONFLICTING_EVIDENCE"": 0, ""DRUM_SUPPORTED"": 0, ""UNKNOWN"": 1}",885,320.3420097743446,-150.44514849427000,/Users/StarTrack/Development/JazzGrooveAnalyzer/docs/scientific/rfc/JGA_WHOLE_TRACK_GROOVE_FROZEN_PIPELINE_001_20260921/WHOLE_TRACK_SOURCE_STATES.csv,7d5ced889b068c5328afd81b1ff02d04b682639aa4f47410e45e21f689bf2547
879,320.574693877551,161.49902343748434,SELECTED,F_MIX_01571,320.4818140589569,UNKNOWN,-92.8798185941000,92.8798185941000,False,[],1,0,"{""BASS_AND_DRUM_SUPPORTED"": 0, ""BASS_SUPPORTED"": 0, ""CONFLICTING_EVIDENCE"": 0, ""DRUM_SUPPORTED"": 0, ""UNKNOWN"": 0}",885,320.3420097743446,139.8042846123000,/Users/StarTrack/Development/JazzGrooveAnalyzer/docs/scientific/rfc/JGA_WHOLE_TRACK_GROOVE_FROZEN_PIPELINE_001_20260921/WHOLE_TRACK_SOURCE_STATES.csv,7d5ced889b068c5328afd81b1ff02d04b682639aa4f47410e45e21f689bf2547
880,320.94621315192745,172.26562500001668,SELECTED,F_MIX_01572,320.9346031746032,BASS_AND_DRUM_SUPPORTED,-11.60997732425000,11.60997732425000,False,[],1,0,"{""BASS_AND_DRUM_SUPPORTED"": 0, ""BASS_SUPPORTED"": 0, ""CONFLICTING_EVIDENCE"": 0, ""DRUM_SUPPORTED"": 0, ""UNKNOWN"": 0}",887,321.07948110391897,-144.87792931577000,/Users/StarTrack/Development/JazzGrooveAnalyzer/docs/scientific/rfc/JGA_WHOLE_TRACK_GROOVE_FROZEN_PIPELINE_001_20260921/WHOLE_TRACK_SOURCE_STATES.csv,7d5ced889b068c5328afd81b1ff02d04b682639aa4f47410e45e21f689bf2547
881,321.2945124716553,161.49902343748434,SELECTED,F_MIX_01573,321.2132426303855,UNKNOWN,-81.2698412698000,81.2698412698000,False,[],1,0,"{""BASS_AND_DRUM_SUPPORTED"": 0, ""BASS_SUPPORTED"": 0, ""CONFLICTING_EVIDENCE"": 0, ""DRUM_SUPPORTED"": 0, ""UNKNOWN"": 0}",887,321.07948110391897,133.76152646653000,/Users/StarTrack/Development/JazzGrooveAnalyzer/docs/scientific/rfc/JGA_WHOLE_TRACK_GROOVE_FROZEN_PIPELINE_001_20260921/WHOLE_TRACK_SOURCE_STATES.csv,7d5ced889b068c5328afd81b1ff02d04b682639aa4f47410e45e21f689bf2547
882,321.66603174603176,161.49902343750904,SELECTED,F_MIX_01574,321.67764172335603,DRUM_SUPPORTED,11.60997732427000,11.60997732427000,False,[],1,0,"{""BASS_AND_DRUM_SUPPORTED"": 0, ""BASS_SUPPORTED"": 0, ""CONFLICTING_EVIDENCE"": 0, ""DRUM_SUPPORTED"": 0, ""UNKNOWN"": 0}",889,321.81688140695127,-139.23968359524000,/Users/StarTrack/Development/JazzGrooveAnalyzer/docs/scientific/rfc/JGA_WHOLE_TRACK_GROOVE_FROZEN_PIPELINE_001_20260921/WHOLE_TRACK_SOURCE_STATES.csv,7d5ced889b068c5328afd81b1ff02d04b682639aa4f47410e45e21f689bf2547
883,322.03755102040816,161.49902343750904,SELECTED,F_MIX_01575,321.95628117913833,UNKNOWN,-81.26984126983000,81.26984126983000,False,[],1,0,"{""BASS_AND_DRUM_SUPPORTED"": 0, ""BASS_SUPPORTED"": 0, ""CONFLICTING_EVIDENCE"": 0, ""DRUM_SUPPORTED"": 0, ""UNKNOWN"": 0}",889,321.81688140695127,139.39977218706000,/Users/StarTrack/Development/JazzGrooveAnalyzer/docs/scientific/rfc/JGA_WHOLE_TRACK_GROOVE_FROZEN_PIPELINE_001_20260921/WHOLE_TRACK_SOURCE_STATES.csv,7d5ced889b068c5328afd81b1ff02d04b682639aa4f47410e45e21f689bf2547
884,322.40907029478456,161.49902343748434,SELECTED,F_MIX_01577,322.4206802721088,DRUM_SUPPORTED,11.60997732424000,11.60997732424000,False,[],2,1,"{""BASS_AND_DRUM_SUPPORTED"": 0, ""BASS_SUPPORTED"": 0, ""CONFLICTING_EVIDENCE"": 0, ""DRUM_SUPPORTED"": 0, ""UNKNOWN"": 1}",891,322.5544568315458,-133.7765594370000,/Users/StarTrack/Development/JazzGrooveAnalyzer/docs/scientific/rfc/JGA_WHOLE_TRACK_GROOVE_FROZEN_PIPELINE_001_20260921/WHOLE_TRACK_SOURCE_STATES.csv,7d5ced889b068c5328afd81b1ff02d04b682639aa4f47410e45e21f689bf2547
885,322.780589569161,161.49902343750904,SELECTED,F_MIX_01578,322.6993197278912,UNKNOWN,-81.2698412698000,81.2698412698000,False,[],1,0,"{""BASS_AND_DRUM_SUPPORTED"": 0, ""BASS_SUPPORTED"": 0, ""CONFLICTING_EVIDENCE"": 0, ""DRUM_SUPPORTED"": 0, ""UNKNOWN"": 0}",891,322.5544568315458,144.8628963454000,/Users/StarTrack/Development/JazzGrooveAnalyzer/docs/scientific/rfc/JGA_WHOLE_TRACK_GROOVE_FROZEN_PIPELINE_001_20260921/WHOLE_TRACK_SOURCE_STATES.csv,7d5ced889b068c5328afd81b1ff02d04b682639aa4f47410e45e21f689bf2547
886,323.1521088435374,161.49902343748434,SELECTED,F_MIX_01579,323.1637188208617,DRUM_SUPPORTED,11.6099773243000,11.6099773243000,False,[],1,0,"{""BASS_AND_DRUM_SUPPORTED"": 0, ""BASS_SUPPORTED"": 0, ""CONFLICTING_EVIDENCE"": 0, ""DRUM_SUPPORTED"": 0, ""UNKNOWN"": 0}",893,323.29217410460564,-128.45528374394000,/Users/StarTrack/Development/JazzGrooveAnalyzer/docs/scientific/rfc/JGA_WHOLE_TRACK_GROOVE_FROZEN_PIPELINE_001_20260921/WHOLE_TRACK_SOURCE_STATES.csv,7d5ced889b068c5328afd81b1ff02d04b682639aa4f47410e45e21f689bf2547
887,323.52362811791386,172.26562500001668,SELECTED,F_MIX_01580,323.442358276644,DRUM_SUPPORTED,-81.26984126986000,81.26984126986000,False,[],1,0,"{""BASS_AND_DRUM_SUPPORTED"": 0, ""BASS_SUPPORTED"": 0, ""CONFLICTING_EVIDENCE"": 0, ""DRUM_SUPPORTED"": 0, ""UNKNOWN"": 0}",893,323.29217410460564,150.18417203836000,/Users/StarTrack/Development/JazzGrooveAnalyzer/docs/scientific/rfc/JGA_WHOLE_TRACK_GROOVE_FROZEN_PIPELINE_001_20260921/WHOLE_TRACK_SOURCE_STATES.csv,7d5ced889b068c5328afd81b1ff02d04b682639aa4f47410e45e21f689bf2547
888,323.8719274376417,161.49902343750904,SELECTED,F_MIX_01582,323.883537414966,DRUM_SUPPORTED,11.6099773243000,11.6099773243000,False,[],2,1,"{""BASS_AND_DRUM_SUPPORTED"": 0, ""BASS_SUPPORTED"": 0, ""CONFLICTING_EVIDENCE"": 0, ""DRUM_SUPPORTED"": 0, ""UNKNOWN"": 1}",895,324.03000627492247,-146.46885995647000,/Users/StarTrack/Development/JazzGrooveAnalyzer/docs/scientific/rfc/JGA_WHOLE_TRACK_GROOVE_FROZEN_PIPELINE_001_20260921/WHOLE_TRACK_SOURCE_STATES.csv,7d5ced889b068c5328afd81b1ff02d04b682639aa4f47410e45e21f689bf2547
889,324.2434467120181,161.49902343748434,SELECTED,F_MIX_01584,324.2434467120181,DRUM_SUPPORTED,0E-13,0E-13,False,[],2,1,"{""BASS_AND_DRUM_SUPPORTED"": 0, ""BASS_SUPPORTED"": 0, ""CONFLICTING_EVIDENCE"": 0, ""DRUM_SUPPORTED"": 0, ""UNKNOWN"": 1}",896,324.3989584524602,-155.5117404421000,/Users/StarTrack/Development/JazzGrooveAnalyzer/docs/scientific/rfc/JGA_WHOLE_TRACK_GROOVE_FROZEN_PIPELINE_001_20260921/WHOLE_TRACK_SOURCE_STATES.csv,7d5ced889b068c5328afd81b1ff02d04b682639aa4f47410e45e21f689bf2547
890,324.61496598639457,172.26562500001668,SELECTED,F_MIX_01585,324.61496598639457,DRUM_SUPPORTED,0E-14,0E-14,False,[],1,0,"{""BASS_AND_DRUM_SUPPORTED"": 0, ""BASS_SUPPORTED"": 0, ""CONFLICTING_EVIDENCE"": 0, ""DRUM_SUPPORTED"": 0, ""UNKNOWN"": 0}",897,324.7679315120174,-152.96552562283000,/Users/StarTrack/Development/JazzGrooveAnalyzer/docs/scientific/rfc/JGA_WHOLE_TRACK_GROOVE_FROZEN_PIPELINE_001_20260921/WHOLE_TRACK_SOURCE_STATES.csv,7d5ced889b068c5328afd81b1ff02d04b682639aa4f47410e45e21f689bf2547
891,324.9632653061224,172.26562499998857,SELECTED,F_MIX_01587,324.98648526077096,DRUM_SUPPORTED,23.21995464856000,23.21995464856000,False,[],2,1,"{""BASS_AND_DRUM_SUPPORTED"": 0, ""BASS_SUPPORTED"": 0, ""CONFLICTING_EVIDENCE"": 0, ""DRUM_SUPPORTED"": 0, ""UNKNOWN"": 1}",898,325.13692336539214,-150.43810462118000,/Users/StarTrack/Development/JazzGrooveAnalyzer/docs/scientific/rfc/JGA_WHOLE_TRACK_GROOVE_FROZEN_PIPELINE_001_20260921/WHOLE_TRACK_SOURCE_STATES.csv,7d5ced889b068c5328afd81b1ff02d04b682639aa4f47410e45e21f689bf2547
892,325.31156462585034,161.49902343750904,SELECTED,F_MIX_01588,325.3347845804989,DRUM_SUPPORTED,23.21995464856000,23.21995464856000,False,[],1,0,"{""BASS_AND_DRUM_SUPPORTED"": 0, ""BASS_SUPPORTED"": 0, ""CONFLICTING_EVIDENCE"": 0, ""DRUM_SUPPORTED"": 0, ""UNKNOWN"": 0}",899,325.50593213320263,-171.14755270373000,/Users/StarTrack/Development/JazzGrooveAnalyzer/docs/scientific/rfc/JGA_WHOLE_TRACK_GROOVE_FROZEN_PIPELINE_001_20260921/WHOLE_TRACK_SOURCE_STATES.csv,7d5ced889b068c5328afd81b1ff02d04b682639aa4f47410e45e21f689bf2547
893,325.68308390022673,172.26562499998857,SELECTED,F_MIX_01589,325.6018140589569,UNKNOWN,-81.26984126983000,81.26984126983000,False,[],1,0,"{""BASS_AND_DRUM_SUPPORTED"": 0, ""BASS_SUPPORTED"": 0, ""CONFLICTING_EVIDENCE"": 0, ""DRUM_SUPPORTED"": 0, ""UNKNOWN"": 0}",899,325.50593213320263,95.88192575427000,/Users/StarTrack/Development/JazzGrooveAnalyzer/docs/scientific/rfc/JGA_WHOLE_TRACK_GROOVE_FROZEN_PIPELINE_001_20260921/WHOLE_TRACK_SOURCE_STATES.csv,7d5ced889b068c5328afd81b1ff02d04b682639aa4f47410e45e21f689bf2547
894,326.03138321995465,172.26562499998857,SELECTED,F_MIX_01591,326.06621315192746,BASS_AND_DRUM_SUPPORTED,34.82993197281000,34.82993197281000,False,[],2,1,"{""BASS_AND_DRUM_SUPPORTED"": 0, ""BASS_SUPPORTED"": 0, ""CONFLICTING_EVIDENCE"": 0, ""DRUM_SUPPORTED"": 0, ""UNKNOWN"": 1}",901,326.24399381550097,-177.78066357351000,/Users/StarTrack/Development/JazzGrooveAnalyzer/docs/scientific/rfc/JGA_WHOLE_TRACK_GROOVE_FROZEN_PIPELINE_001_20260921/WHOLE_TRACK_SOURCE_STATES.csv,7d5ced889b068c5328afd81b1ff02d04b682639aa4f47410e45e21f689bf2547
895,326.37968253968256,161.49902343750904,SELECTED,F_MIX_01592,326.3332426303855,UNKNOWN,-46.43990929706000,46.43990929706000,False,[],1,0,"{""BASS_AND_DRUM_SUPPORTED"": 0, ""BASS_SUPPORTED"": 0, ""CONFLICTING_EVIDENCE"": 0, ""DRUM_SUPPORTED"": 0, ""UNKNOWN"": 0}",901,326.24399381550097,89.24881488453000,/Users/StarTrack/Development/JazzGrooveAnalyzer/docs/scientific/rfc/JGA_WHOLE_TRACK_GROOVE_FROZEN_PIPELINE_001_20260921/WHOLE_TRACK_SOURCE_STATES.csv,7d5ced889b068c5328afd81b1ff02d04b682639aa4f47410e45e21f689bf2547
896,326.75120181405896,172.26562499998857,SELECTED,F_MIX_01594,326.78603174603177,BASS_AND_DRUM_SUPPORTED,34.82993197281000,34.82993197281000,False,[],2,1,"{""BASS_AND_DRUM_SUPPORTED"": 0, ""BASS_SUPPORTED"": 0, ""CONFLICTING_EVIDENCE"": 0, ""DRUM_SUPPORTED"": 0, ""UNKNOWN"": 1}",902,326.6130438376203,172.98790841147000,/Users/StarTrack/Development/JazzGrooveAnalyzer/docs/scientific/rfc/JGA_WHOLE_TRACK_GROOVE_FROZEN_PIPELINE_001_20260921/WHOLE_TRACK_SOURCE_STATES.csv,7d5ced889b068c5328afd81b1ff02d04b682639aa4f47410e45e21f689bf2547
897,327.0995011337869,161.49902343750904,SELECTED,F_MIX_01595,327.0530612244898,DRUM_SUPPORTED,-46.4399092971000,46.4399092971000,False,[],1,0,"{""BASS_AND_DRUM_SUPPORTED"": 0, ""BASS_SUPPORTED"": 0, ""CONFLICTING_EVIDENCE"": 0, ""DRUM_SUPPORTED"": 0, ""UNKNOWN"": 0}",903,326.9821049573009,70.9562671889000,/Users/StarTrack/Development/JazzGrooveAnalyzer/docs/scientific/rfc/JGA_WHOLE_TRACK_GROOVE_FROZEN_PIPELINE_001_20260921/WHOLE_TRACK_SOURCE_STATES.csv,7d5ced889b068c5328afd81b1ff02d04b682639aa4f47410e45e21f689bf2547
898,327.47102040816327,161.49902343750904,SELECTED,F_MIX_01597,327.52907029478456,DRUM_SUPPORTED,58.04988662129000,58.04988662129000,False,[],2,1,"{""BASS_AND_DRUM_SUPPORTED"": 0, ""BASS_SUPPORTED"": 0, ""CONFLICTING_EVIDENCE"": 0, ""DRUM_SUPPORTED"": 1, ""UNKNOWN"": 0}",904,327.3511760647867,177.89422999786000,/Users/StarTrack/Development/JazzGrooveAnalyzer/docs/scientific/rfc/JGA_WHOLE_TRACK_GROOVE_FROZEN_PIPELINE_001_20260921/WHOLE_TRACK_SOURCE_STATES.csv,7d5ced889b068c5328afd81b1ff02d04b682639aa4f47410e45e21f689bf2547
899,327.84253968253967,161.49902343748434,SELECTED,F_MIX_01598,327.7844897959184,UNKNOWN,-58.04988662127000,58.04988662127000,False,[],1,0,"{""BASS_AND_DRUM_SUPPORTED"": 0, ""BASS_SUPPORTED"": 0, ""CONFLICTING_EVIDENCE"": 0, ""DRUM_SUPPORTED"": 0, ""UNKNOWN"": 0}",905,327.72041489145596,64.07490446244000,/Users/StarTrack/Development/JazzGrooveAnalyzer/docs/scientific/rfc/JGA_WHOLE_TRACK_GROOVE_FROZEN_PIPELINE_001_20260921/WHOLE_TRACK_SOURCE_STATES.csv,7d5ced889b068c5328afd81b1ff02d04b682639aa4f47410e45e21f689bf2547
900,328.2140589569161,172.26562500001668,SELECTED,F_MIX_01600,328.26049886621314,DRUM_SUPPORTED,46.43990929704000,46.43990929704000,False,[],2,1,"{""BASS_AND_DRUM_SUPPORTED"": 0, ""BASS_SUPPORTED"": 0, ""CONFLICTING_EVIDENCE"": 0, ""DRUM_SUPPORTED"": 0, ""UNKNOWN"": 1}",906,328.089963395549,170.53547066414000,/Users/StarTrack/Development/JazzGrooveAnalyzer/docs/scientific/rfc/JGA_WHOLE_TRACK_GROOVE_FROZEN_PIPELINE_001_20260921/WHOLE_TRACK_SOURCE_STATES.csv,7d5ced889b068c5328afd81b1ff02d04b682639aa4f47410e45e21f689bf2547
901,328.562358276644,151.99908088235597,SELECTED,F_MIX_01601,328.51591836734696,UNKNOWN,-46.43990929704000,46.43990929704000,False,[],1,0,"{""BASS_AND_DRUM_SUPPORTED"": 0, ""BASS_SUPPORTED"": 0, ""CONFLICTING_EVIDENCE"": 0, ""DRUM_SUPPORTED"": 0, ""UNKNOWN"": 0}",907,328.45963187916465,56.28648818231000,/Users/StarTrack/Development/JazzGrooveAnalyzer/docs/scientific/rfc/JGA_WHOLE_TRACK_GROOVE_FROZEN_PIPELINE_001_20260921/WHOLE_TRACK_SOURCE_STATES.csv,7d5ced889b068c5328afd81b1ff02d04b682639aa4f47410e45e21f689bf2547
902,328.9570975056689,151.99908088233408,SELECTED,F_MIX_01602,329.003537414966,BASS_AND_DRUM_SUPPORTED,46.4399092971000,46.4399092971000,False,[],1,0,"{""BASS_AND_DRUM_SUPPORTED"": 0, ""BASS_SUPPORTED"": 0, ""CONFLICTING_EVIDENCE"": 0, ""DRUM_SUPPORTED"": 0, ""UNKNOWN"": 0}",908,328.82956707450944,173.97034045656000,/Users/StarTrack/Development/JazzGrooveAnalyzer/docs/scientific/rfc/JGA_WHOLE_TRACK_GROOVE_FROZEN_PIPELINE_001_20260921/WHOLE_TRACK_SOURCE_STATES.csv,7d5ced889b068c5328afd81b1ff02d04b682639aa4f47410e45e21f689bf2547
903,329.3518367346939,161.49902343750904,SELECTED,F_MIX_01603,329.270566893424,UNKNOWN,-81.2698412699000,81.2698412699000,False,[],1,0,"{""BASS_AND_DRUM_SUPPORTED"": 0, ""BASS_SUPPORTED"": 0, ""CONFLICTING_EVIDENCE"": 0, ""DRUM_SUPPORTED"": 0, ""UNKNOWN"": 0}",909,329.19932507685036,71.24181657364000,/Users/StarTrack/Development/JazzGrooveAnalyzer/docs/scientific/rfc/JGA_WHOLE_TRACK_GROOVE_FROZEN_PIPELINE_001_20260921/WHOLE_TRACK_SOURCE_STATES.csv,7d5ced889b068c5328afd81b1ff02d04b682639aa4f47410e45e21f689bf2547
904,329.7233560090703,172.26562500001668,SELECTED,F_MIX_01604,329.73496598639457,DRUM_SUPPORTED,11.60997732427000,11.60997732427000,False,[],2,1,"{""BASS_AND_DRUM_SUPPORTED"": 0, ""BASS_SUPPORTED"": 0, ""CONFLICTING_EVIDENCE"": 0, ""DRUM_SUPPORTED"": 1, ""UNKNOWN"": 0}",910,329.56892360548784,166.04238090673000,/Users/StarTrack/Development/JazzGrooveAnalyzer/docs/scientific/rfc/JGA_WHOLE_TRACK_GROOVE_FROZEN_PIPELINE_001_20260921/WHOLE_TRACK_SOURCE_STATES.csv,7d5ced889b068c5328afd81b1ff02d04b682639aa4f47410e45e21f689bf2547
