JGA_EVENT_ID,native_timestamp,source_state,quarter_id,quarter_timestamp,stored_BPM,EVENT_TO_CELL_QUARTER_MS,role,parent_joined_row_id,parent_joined_table,parent_joined_sha256,adapter_sha256,evidence_context,source_state_provisional
F_MIX_00000,0.7198185941043084,BASS_AND_DRUM_SUPPORTED,2,0.8126984126984127,161.49902343749997,-92.8798185941043000,CONTEXT,F_MIX_00000,/Users/StarTrack/Development/JazzGrooveAnalyzer/docs/scientific/rfc/JGA_WHOLE_TRACK_GROOVE_FROZEN_PIPELINE_001_20260921/WHOLE_TRACK_JOINED_EVENTS.csv,810dead183772c6ee3c2ffed01cb79b2a05045abb2aea4e4c8903c180932a4a5,c7efaf8d2029ed140d67b7cbfff1c23fd33e0ffcae18f285566266c063f78e1c,NEW_000,True
F_MIX_00001,0.8359183673469388,DRUM_SUPPORTED,2,0.8126984126984127,161.49902343749997,23.2199546485261000,PRIMARY,F_MIX_00001,/Users/StarTrack/Development/JazzGrooveAnalyzer/docs/scientific/rfc/JGA_WHOLE_TRACK_GROOVE_FROZEN_PIPELINE_001_20260921/WHOLE_TRACK_JOINED_EVENTS.csv,810dead183772c6ee3c2ffed01cb79b2a05045abb2aea4e4c8903c180932a4a5,c7efaf8d2029ed140d67b7cbfff1c23fd33e0ffcae18f285566266c063f78e1c,NEW_000,True
F_MIX_00002,0.8823582766439909,UNKNOWN,2,0.8126984126984127,161.49902343749997,69.6598639455782000,CONTEXT,F_MIX_00002,/Users/StarTrack/Development/JazzGrooveAnalyzer/docs/scientific/rfc/JGA_WHOLE_TRACK_GROOVE_FROZEN_PIPELINE_001_20260921/WHOLE_TRACK_JOINED_EVENTS.csv,810dead183772c6ee3c2ffed01cb79b2a05045abb2aea4e4c8903c180932a4a5,c7efaf8d2029ed140d67b7cbfff1c23fd33e0ffcae18f285566266c063f78e1c,NEW_000,True
F_MIX_00003,1.230657596371882,DRUM_SUPPORTED,3,1.18421768707483,161.49902343750006,46.439909297052000,PRIMARY,F_MIX_00003,/Users/StarTrack/Development/JazzGrooveAnalyzer/docs/scientific/rfc/JGA_WHOLE_TRACK_GROOVE_FROZEN_PIPELINE_001_20260921/WHOLE_TRACK_JOINED_EVENTS.csv,810dead183772c6ee3c2ffed01cb79b2a05045abb2aea4e4c8903c180932a4a5,c7efaf8d2029ed140d67b7cbfff1c23fd33e0ffcae18f285566266c063f78e1c,NEW_000,True
F_MIX_00004,1.474467120181406,UNKNOWN,4,1.555736961451247,161.49902343749997,-81.269841269841000,CONTEXT,F_MIX_00004,/Users/StarTrack/Development/JazzGrooveAnalyzer/docs/scientific/rfc/JGA_WHOLE_TRACK_GROOVE_FROZEN_PIPELINE_001_20260921/WHOLE_TRACK_JOINED_EVENTS.csv,810dead183772c6ee3c2ffed01cb79b2a05045abb2aea4e4c8903c180932a4a5,c7efaf8d2029ed140d67b7cbfff1c23fd33e0ffcae18f285566266c063f78e1c,NEW_000,True
F_MIX_00005,1.5789569160997732,BASS_AND_DRUM_SUPPORTED,4,1.555736961451247,161.49902343749997,23.2199546485262000,PRIMARY,F_MIX_00005,/Users/StarTrack/Development/JazzGrooveAnalyzer/docs/scientific/rfc/JGA_WHOLE_TRACK_GROOVE_FROZEN_PIPELINE_001_20260921/WHOLE_TRACK_JOINED_EVENTS.csv,810dead183772c6ee3c2ffed01cb79b2a05045abb2aea4e4c8903c180932a4a5,c7efaf8d2029ed140d67b7cbfff1c23fd33e0ffcae18f285566266c063f78e1c,NEW_000,True
F_MIX_00006,1.7531065759637188,UNKNOWN,5,1.9272562358276644,151.9990808823529,-174.1496598639456000,CONTEXT,F_MIX_00006,/Users/StarTrack/Development/JazzGrooveAnalyzer/docs/scientific/rfc/JGA_WHOLE_TRACK_GROOVE_FROZEN_PIPELINE_001_20260921/WHOLE_TRACK_JOINED_EVENTS.csv,810dead183772c6ee3c2ffed01cb79b2a05045abb2aea4e4c8903c180932a4a5,c7efaf8d2029ed140d67b7cbfff1c23fd33e0ffcae18f285566266c063f78e1c,NEW_000,True
F_MIX_00007,1.8692063492063493,UNKNOWN,5,1.9272562358276644,151.9990808823529,-58.0498866213151000,CONTEXT,F_MIX_00007,/Users/StarTrack/Development/JazzGrooveAnalyzer/docs/scientific/rfc/JGA_WHOLE_TRACK_GROOVE_FROZEN_PIPELINE_001_20260921/WHOLE_TRACK_JOINED_EVENTS.csv,810dead183772c6ee3c2ffed01cb79b2a05045abb2aea4e4c8903c180932a4a5,c7efaf8d2029ed140d67b7cbfff1c23fd33e0ffcae18f285566266c063f78e1c,NEW_000,True
F_MIX_00008,1.9736961451247166,DRUM_SUPPORTED,5,1.9272562358276644,151.9990808823529,46.4399092970522000,PRIMARY,F_MIX_00008,/Users/StarTrack/Development/JazzGrooveAnalyzer/docs/scientific/rfc/JGA_WHOLE_TRACK_GROOVE_FROZEN_PIPELINE_001_20260921/WHOLE_TRACK_JOINED_EVENTS.csv,810dead183772c6ee3c2ffed01cb79b2a05045abb2aea4e4c8903c180932a4a5,c7efaf8d2029ed140d67b7cbfff1c23fd33e0ffcae18f285566266c063f78e1c,NEW_000,True
F_MIX_00009,2.1942857142857144,DRUM_SUPPORTED,6,2.3219954648526078,172.26562499999997,-127.7097505668934000,CONTEXT,F_MIX_00009,/Users/StarTrack/Development/JazzGrooveAnalyzer/docs/scientific/rfc/JGA_WHOLE_TRACK_GROOVE_FROZEN_PIPELINE_001_20260921/WHOLE_TRACK_JOINED_EVENTS.csv,810dead183772c6ee3c2ffed01cb79b2a05045abb2aea4e4c8903c180932a4a5,c7efaf8d2029ed140d67b7cbfff1c23fd33e0ffcae18f285566266c063f78e1c,NEW_000,True
F_MIX_00010,2.3219954648526078,BASS_AND_DRUM_SUPPORTED,6,2.3219954648526078,172.26562499999997,0E-16,PRIMARY,F_MIX_00010,/Users/StarTrack/Development/JazzGrooveAnalyzer/docs/scientific/rfc/JGA_WHOLE_TRACK_GROOVE_FROZEN_PIPELINE_001_20260921/WHOLE_TRACK_JOINED_EVENTS.csv,810dead183772c6ee3c2ffed01cb79b2a05045abb2aea4e4c8903c180932a4a5,c7efaf8d2029ed140d67b7cbfff1c23fd33e0ffcae18f285566266c063f78e1c,NEW_000,True
F_MIX_00011,2.6238548752834467,UNKNOWN,7,2.670294784580499,161.49902343749997,-46.4399092970523000,CONTEXT,F_MIX_00011,/Users/StarTrack/Development/JazzGrooveAnalyzer/docs/scientific/rfc/JGA_WHOLE_TRACK_GROOVE_FROZEN_PIPELINE_001_20260921/WHOLE_TRACK_JOINED_EVENTS.csv,810dead183772c6ee3c2ffed01cb79b2a05045abb2aea4e4c8903c180932a4a5,c7efaf8d2029ed140d67b7cbfff1c23fd33e0ffcae18f285566266c063f78e1c,NEW_000,True
F_MIX_00012,2.705124716553288,DRUM_SUPPORTED,7,2.670294784580499,161.49902343749997,34.829931972789000,PRIMARY,F_MIX_00012,/Users/StarTrack/Development/JazzGrooveAnalyzer/docs/scientific/rfc/JGA_WHOLE_TRACK_GROOVE_FROZEN_PIPELINE_001_20260921/WHOLE_TRACK_JOINED_EVENTS.csv,810dead183772c6ee3c2ffed01cb79b2a05045abb2aea4e4c8903c180932a4a5,c7efaf8d2029ed140d67b7cbfff1c23fd33e0ffcae18f285566266c063f78e1c,NEW_000,True
F_MIX_00013,2.9605442176870747,UNKNOWN,8,3.0418140589569163,161.49902343749997,-81.2698412698416000,CONTEXT,F_MIX_00013,/Users/StarTrack/Development/JazzGrooveAnalyzer/docs/scientific/rfc/JGA_WHOLE_TRACK_GROOVE_FROZEN_PIPELINE_001_20260921/WHOLE_TRACK_JOINED_EVENTS.csv,810dead183772c6ee3c2ffed01cb79b2a05045abb2aea4e4c8903c180932a4a5,c7efaf8d2029ed140d67b7cbfff1c23fd33e0ffcae18f285566266c063f78e1c,NEW_000,True
F_MIX_00014,2.995374149659864,UNKNOWN,8,3.0418140589569163,161.49902343749997,-46.4399092970523000,CONTEXT,F_MIX_00014,/Users/StarTrack/Development/JazzGrooveAnalyzer/docs/scientific/rfc/JGA_WHOLE_TRACK_GROOVE_FROZEN_PIPELINE_001_20260921/WHOLE_TRACK_JOINED_EVENTS.csv,810dead183772c6ee3c2ffed01cb79b2a05045abb2aea4e4c8903c180932a4a5,c7efaf8d2029ed140d67b7cbfff1c23fd33e0ffcae18f285566266c063f78e1c,NEW_000,True
F_MIX_00015,3.076643990929705,DRUM_SUPPORTED,8,3.0418140589569163,161.49902343749997,34.8299319727887000,PRIMARY,F_MIX_00015,/Users/StarTrack/Development/JazzGrooveAnalyzer/docs/scientific/rfc/JGA_WHOLE_TRACK_GROOVE_FROZEN_PIPELINE_001_20260921/WHOLE_TRACK_JOINED_EVENTS.csv,810dead183772c6ee3c2ffed01cb79b2a05045abb2aea4e4c8903c180932a4a5,c7efaf8d2029ed140d67b7cbfff1c23fd33e0ffcae18f285566266c063f78e1c,NEW_000,True
F_MIX_00016,3.308843537414966,UNKNOWN,9,3.4133333333333336,161.49902343750017,-104.4897959183676000,CONTEXT,F_MIX_00016,/Users/StarTrack/Development/JazzGrooveAnalyzer/docs/scientific/rfc/JGA_WHOLE_TRACK_GROOVE_FROZEN_PIPELINE_001_20260921/WHOLE_TRACK_JOINED_EVENTS.csv,810dead183772c6ee3c2ffed01cb79b2a05045abb2aea4e4c8903c180932a4a5,c7efaf8d2029ed140d67b7cbfff1c23fd33e0ffcae18f285566266c063f78e1c,NEW_000,True
F_MIX_00017,3.436553287981859,DRUM_SUPPORTED,9,3.4133333333333336,161.49902343750017,23.2199546485254000,PRIMARY,F_MIX_00017,/Users/StarTrack/Development/JazzGrooveAnalyzer/docs/scientific/rfc/JGA_WHOLE_TRACK_GROOVE_FROZEN_PIPELINE_001_20260921/WHOLE_TRACK_JOINED_EVENTS.csv,810dead183772c6ee3c2ffed01cb79b2a05045abb2aea4e4c8903c180932a4a5,c7efaf8d2029ed140d67b7cbfff1c23fd33e0ffcae18f285566266c063f78e1c,NEW_000,True
F_MIX_00018,3.6919727891156464,DRUM_SUPPORTED,10,3.7848526077097504,161.49902343749997,-92.8798185941040000,CONTEXT,F_MIX_00018,/Users/StarTrack/Development/JazzGrooveAnalyzer/docs/scientific/rfc/JGA_WHOLE_TRACK_GROOVE_FROZEN_PIPELINE_001_20260921/WHOLE_TRACK_JOINED_EVENTS.csv,810dead183772c6ee3c2ffed01cb79b2a05045abb2aea4e4c8903c180932a4a5,c7efaf8d2029ed140d67b7cbfff1c23fd33e0ffcae18f285566266c063f78e1c,NEW_000,True
F_MIX_00019,3.7964625850340137,DRUM_SUPPORTED,10,3.7848526077097504,161.49902343749997,11.6099773242633000,PRIMARY,F_MIX_00019,/Users/StarTrack/Development/JazzGrooveAnalyzer/docs/scientific/rfc/JGA_WHOLE_TRACK_GROOVE_FROZEN_PIPELINE_001_20260921/WHOLE_TRACK_JOINED_EVENTS.csv,810dead183772c6ee3c2ffed01cb79b2a05045abb2aea4e4c8903c180932a4a5,c7efaf8d2029ed140d67b7cbfff1c23fd33e0ffcae18f285566266c063f78e1c,NEW_000,True
F_MIX_00020,4.0751020408163265,UNKNOWN,11,4.156371882086168,172.26562499999997,-81.2698412698415000,CONTEXT,F_MIX_00020,/Users/StarTrack/Development/JazzGrooveAnalyzer/docs/scientific/rfc/JGA_WHOLE_TRACK_GROOVE_FROZEN_PIPELINE_001_20260921/WHOLE_TRACK_JOINED_EVENTS.csv,810dead183772c6ee3c2ffed01cb79b2a05045abb2aea4e4c8903c180932a4a5,c7efaf8d2029ed140d67b7cbfff1c23fd33e0ffcae18f285566266c063f78e1c,NEW_000,True
F_MIX_00021,4.191201814058957,DRUM_SUPPORTED,11,4.156371882086168,172.26562499999997,34.829931972789000,PRIMARY,F_MIX_00021,/Users/StarTrack/Development/JazzGrooveAnalyzer/docs/scientific/rfc/JGA_WHOLE_TRACK_GROOVE_FROZEN_PIPELINE_001_20260921/WHOLE_TRACK_JOINED_EVENTS.csv,810dead183772c6ee3c2ffed01cb79b2a05045abb2aea4e4c8903c180932a4a5,c7efaf8d2029ed140d67b7cbfff1c23fd33e0ffcae18f285566266c063f78e1c,NEW_000,True
F_MIX_00022,4.388571428571429,DRUM_SUPPORTED,12,4.504671201814059,161.49902343749977,-116.099773242630000,CONTEXT,F_MIX_00022,/Users/StarTrack/Development/JazzGrooveAnalyzer/docs/scientific/rfc/JGA_WHOLE_TRACK_GROOVE_FROZEN_PIPELINE_001_20260921/WHOLE_TRACK_JOINED_EVENTS.csv,810dead183772c6ee3c2ffed01cb79b2a05045abb2aea4e4c8903c180932a4a5,c7efaf8d2029ed140d67b7cbfff1c23fd33e0ffcae18f285566266c063f78e1c,NEW_000,True
F_MIX_00023,4.516281179138322,BASS_AND_DRUM_SUPPORTED,12,4.504671201814059,161.49902343749977,11.609977324263000,PRIMARY,F_MIX_00023,/Users/StarTrack/Development/JazzGrooveAnalyzer/docs/scientific/rfc/JGA_WHOLE_TRACK_GROOVE_FROZEN_PIPELINE_001_20260921/WHOLE_TRACK_JOINED_EVENTS.csv,810dead183772c6ee3c2ffed01cb79b2a05045abb2aea4e4c8903c180932a4a5,c7efaf8d2029ed140d67b7cbfff1c23fd33e0ffcae18f285566266c063f78e1c,NEW_000,True
F_MIX_00024,4.574331065759637,UNKNOWN,12,4.504671201814059,161.49902343749977,69.659863945578000,CONTEXT,F_MIX_00024,/Users/StarTrack/Development/JazzGrooveAnalyzer/docs/scientific/rfc/JGA_WHOLE_TRACK_GROOVE_FROZEN_PIPELINE_001_20260921/WHOLE_TRACK_JOINED_EVENTS.csv,810dead183772c6ee3c2ffed01cb79b2a05045abb2aea4e4c8903c180932a4a5,c7efaf8d2029ed140d67b7cbfff1c23fd33e0ffcae18f285566266c063f78e1c,NEW_000,True
F_MIX_00025,4.899410430839002,DRUM_SUPPORTED,13,4.876190476190477,172.26562500000043,23.219954648525000,PRIMARY,F_MIX_00025,/Users/StarTrack/Development/JazzGrooveAnalyzer/docs/scientific/rfc/JGA_WHOLE_TRACK_GROOVE_FROZEN_PIPELINE_001_20260921/WHOLE_TRACK_JOINED_EVENTS.csv,810dead183772c6ee3c2ffed01cb79b2a05045abb2aea4e4c8903c180932a4a5,c7efaf8d2029ed140d67b7cbfff1c23fd33e0ffcae18f285566266c063f78e1c,NEW_000,True
F_MIX_00026,5.154829931972789,BASS_SUPPORTED,14,5.224489795918367,161.49902343749977,-69.659863945578000,CONTEXT,F_MIX_00026,/Users/StarTrack/Development/JazzGrooveAnalyzer/docs/scientific/rfc/JGA_WHOLE_TRACK_GROOVE_FROZEN_PIPELINE_001_20260921/WHOLE_TRACK_JOINED_EVENTS.csv,810dead183772c6ee3c2ffed01cb79b2a05045abb2aea4e4c8903c180932a4a5,c7efaf8d2029ed140d67b7cbfff1c23fd33e0ffcae18f285566266c063f78e1c,NEW_000,True
F_MIX_00027,5.259319727891157,DRUM_SUPPORTED,14,5.224489795918367,161.49902343749977,34.829931972790000,PRIMARY,F_MIX_00027,/Users/StarTrack/Development/JazzGrooveAnalyzer/docs/scientific/rfc/JGA_WHOLE_TRACK_GROOVE_FROZEN_PIPELINE_001_20260921/WHOLE_TRACK_JOINED_EVENTS.csv,810dead183772c6ee3c2ffed01cb79b2a05045abb2aea4e4c8903c180932a4a5,c7efaf8d2029ed140d67b7cbfff1c23fd33e0ffcae18f285566266c063f78e1c,NEW_000,True
F_MIX_00028,5.526349206349207,DRUM_SUPPORTED,15,5.596009070294785,172.26562499999997,-69.659863945578000,CONTEXT,F_MIX_00028,/Users/StarTrack/Development/JazzGrooveAnalyzer/docs/scientific/rfc/JGA_WHOLE_TRACK_GROOVE_FROZEN_PIPELINE_001_20260921/WHOLE_TRACK_JOINED_EVENTS.csv,810dead183772c6ee3c2ffed01cb79b2a05045abb2aea4e4c8903c180932a4a5,c7efaf8d2029ed140d67b7cbfff1c23fd33e0ffcae18f285566266c063f78e1c,NEW_000,True
F_MIX_00029,5.630839002267574,BASS_AND_DRUM_SUPPORTED,15,5.596009070294785,172.26562499999997,34.829931972789000,PRIMARY,F_MIX_00029,/Users/StarTrack/Development/JazzGrooveAnalyzer/docs/scientific/rfc/JGA_WHOLE_TRACK_GROOVE_FROZEN_PIPELINE_001_20260921/WHOLE_TRACK_JOINED_EVENTS.csv,810dead183772c6ee3c2ffed01cb79b2a05045abb2aea4e4c8903c180932a4a5,c7efaf8d2029ed140d67b7cbfff1c23fd33e0ffcae18f285566266c063f78e1c,NEW_000,True
F_MIX_00030,5.874648526077097,DRUM_SUPPORTED,16,5.944308390022676,161.49902343750017,-69.659863945579000,CONTEXT,F_MIX_00030,/Users/StarTrack/Development/JazzGrooveAnalyzer/docs/scientific/rfc/JGA_WHOLE_TRACK_GROOVE_FROZEN_PIPELINE_001_20260921/WHOLE_TRACK_JOINED_EVENTS.csv,810dead183772c6ee3c2ffed01cb79b2a05045abb2aea4e4c8903c180932a4a5,c7efaf8d2029ed140d67b7cbfff1c23fd33e0ffcae18f285566266c063f78e1c,NEW_000,True
F_MIX_00031,5.9675283446712015,BASS_AND_DRUM_SUPPORTED,16,5.944308390022676,161.49902343750017,23.2199546485255000,PRIMARY,F_MIX_00031,/Users/StarTrack/Development/JazzGrooveAnalyzer/docs/scientific/rfc/JGA_WHOLE_TRACK_GROOVE_FROZEN_PIPELINE_001_20260921/WHOLE_TRACK_JOINED_EVENTS.csv,810dead183772c6ee3c2ffed01cb79b2a05045abb2aea4e4c8903c180932a4a5,c7efaf8d2029ed140d67b7cbfff1c23fd33e0ffcae18f285566266c063f78e1c,NEW_000,True
F_MIX_00032,6.199727891156463,DRUM_SUPPORTED,17,6.315827664399093,172.26562499999997,-116.099773242630000,CONTEXT,F_MIX_00032,/Users/StarTrack/Development/JazzGrooveAnalyzer/docs/scientific/rfc/JGA_WHOLE_TRACK_GROOVE_FROZEN_PIPELINE_001_20260921/WHOLE_TRACK_JOINED_EVENTS.csv,810dead183772c6ee3c2ffed01cb79b2a05045abb2aea4e4c8903c180932a4a5,c7efaf8d2029ed140d67b7cbfff1c23fd33e0ffcae18f285566266c063f78e1c,NEW_000,True
F_MIX_00033,6.2345578231292516,DRUM_SUPPORTED,17,6.315827664399093,172.26562499999997,-81.2698412698414000,CONTEXT,F_MIX_00033,/Users/StarTrack/Development/JazzGrooveAnalyzer/docs/scientific/rfc/JGA_WHOLE_TRACK_GROOVE_FROZEN_PIPELINE_001_20260921/WHOLE_TRACK_JOINED_EVENTS.csv,810dead183772c6ee3c2ffed01cb79b2a05045abb2aea4e4c8903c180932a4a5,c7efaf8d2029ed140d67b7cbfff1c23fd33e0ffcae18f285566266c063f78e1c,NEW_000,True
F_MIX_00034,6.339047619047619,DRUM_SUPPORTED,17,6.315827664399093,172.26562499999997,23.219954648526000,PRIMARY,F_MIX_00034,/Users/StarTrack/Development/JazzGrooveAnalyzer/docs/scientific/rfc/JGA_WHOLE_TRACK_GROOVE_FROZEN_PIPELINE_001_20260921/WHOLE_TRACK_JOINED_EVENTS.csv,810dead183772c6ee3c2ffed01cb79b2a05045abb2aea4e4c8903c180932a4a5,c7efaf8d2029ed140d67b7cbfff1c23fd33e0ffcae18f285566266c063f78e1c,NEW_000,True
F_MIX_00035,6.582857142857143,DRUM_SUPPORTED,18,6.664126984126984,172.26562499999997,-81.269841269841000,CONTEXT,F_MIX_00035,/Users/StarTrack/Development/JazzGrooveAnalyzer/docs/scientific/rfc/JGA_WHOLE_TRACK_GROOVE_FROZEN_PIPELINE_001_20260921/WHOLE_TRACK_JOINED_EVENTS.csv,810dead183772c6ee3c2ffed01cb79b2a05045abb2aea4e4c8903c180932a4a5,c7efaf8d2029ed140d67b7cbfff1c23fd33e0ffcae18f285566266c063f78e1c,NEW_000,True
F_MIX_00036,6.6873469387755105,BASS_AND_DRUM_SUPPORTED,18,6.664126984126984,172.26562499999997,23.2199546485265000,PRIMARY,F_MIX_00036,/Users/StarTrack/Development/JazzGrooveAnalyzer/docs/scientific/rfc/JGA_WHOLE_TRACK_GROOVE_FROZEN_PIPELINE_001_20260921/WHOLE_TRACK_JOINED_EVENTS.csv,810dead183772c6ee3c2ffed01cb79b2a05045abb2aea4e4c8903c180932a4a5,c7efaf8d2029ed140d67b7cbfff1c23fd33e0ffcae18f285566266c063f78e1c,NEW_000,True
F_MIX_00037,6.965986394557823,UNKNOWN,19,7.012426303854875,161.49902343749977,-46.439909297052000,PRIMARY,F_MIX_00037,/Users/StarTrack/Development/JazzGrooveAnalyzer/docs/scientific/rfc/JGA_WHOLE_TRACK_GROOVE_FROZEN_PIPELINE_001_20260921/WHOLE_TRACK_JOINED_EVENTS.csv,810dead183772c6ee3c2ffed01cb79b2a05045abb2aea4e4c8903c180932a4a5,c7efaf8d2029ed140d67b7cbfff1c23fd33e0ffcae18f285566266c063f78e1c,NEW_000,True
F_MIX_00038,7.070476190476191,DRUM_SUPPORTED,19,7.012426303854875,161.49902343749977,58.049886621316000,CONTEXT,F_MIX_00038,/Users/StarTrack/Development/JazzGrooveAnalyzer/docs/scientific/rfc/JGA_WHOLE_TRACK_GROOVE_FROZEN_PIPELINE_001_20260921/WHOLE_TRACK_JOINED_EVENTS.csv,810dead183772c6ee3c2ffed01cb79b2a05045abb2aea4e4c8903c180932a4a5,c7efaf8d2029ed140d67b7cbfff1c23fd33e0ffcae18f285566266c063f78e1c,NEW_000,True
F_MIX_00039,7.430385487528345,BASS_AND_DRUM_SUPPORTED,20,7.383945578231293,172.26562499999997,46.439909297052000,PRIMARY,F_MIX_00039,/Users/StarTrack/Development/JazzGrooveAnalyzer/docs/scientific/rfc/JGA_WHOLE_TRACK_GROOVE_FROZEN_PIPELINE_001_20260921/WHOLE_TRACK_JOINED_EVENTS.csv,810dead183772c6ee3c2ffed01cb79b2a05045abb2aea4e4c8903c180932a4a5,c7efaf8d2029ed140d67b7cbfff1c23fd33e0ffcae18f285566266c063f78e1c,NEW_000,True
F_MIX_00040,7.790294784580499,DRUM_SUPPORTED,21,7.732244897959184,161.49902343749977,58.049886621315000,PRIMARY,F_MIX_00040,/Users/StarTrack/Development/JazzGrooveAnalyzer/docs/scientific/rfc/JGA_WHOLE_TRACK_GROOVE_FROZEN_PIPELINE_001_20260921/WHOLE_TRACK_JOINED_EVENTS.csv,810dead183772c6ee3c2ffed01cb79b2a05045abb2aea4e4c8903c180932a4a5,c7efaf8d2029ed140d67b7cbfff1c23fd33e0ffcae18f285566266c063f78e1c,NEW_000,True
F_MIX_00041,8.034104308390022,BASS_SUPPORTED,22,8.103764172335602,172.26562499999997,-69.659863945580000,CONTEXT,F_MIX_00041,/Users/StarTrack/Development/JazzGrooveAnalyzer/docs/scientific/rfc/JGA_WHOLE_TRACK_GROOVE_FROZEN_PIPELINE_001_20260921/WHOLE_TRACK_JOINED_EVENTS.csv,810dead183772c6ee3c2ffed01cb79b2a05045abb2aea4e4c8903c180932a4a5,c7efaf8d2029ed140d67b7cbfff1c23fd33e0ffcae18f285566266c063f78e1c,NEW_000,True
F_MIX_00042,8.13859410430839,DRUM_SUPPORTED,22,8.103764172335602,172.26562499999997,34.829931972788000,PRIMARY,F_MIX_00042,/Users/StarTrack/Development/JazzGrooveAnalyzer/docs/scientific/rfc/JGA_WHOLE_TRACK_GROOVE_FROZEN_PIPELINE_001_20260921/WHOLE_TRACK_JOINED_EVENTS.csv,810dead183772c6ee3c2ffed01cb79b2a05045abb2aea4e4c8903c180932a4a5,c7efaf8d2029ed140d67b7cbfff1c23fd33e0ffcae18f285566266c063f78e1c,NEW_000,True
F_MIX_00043,8.394013605442177,DRUM_SUPPORTED,23,8.452063492063493,161.49902343750054,-58.049886621316000,CONTEXT,F_MIX_00043,/Users/StarTrack/Development/JazzGrooveAnalyzer/docs/scientific/rfc/JGA_WHOLE_TRACK_GROOVE_FROZEN_PIPELINE_001_20260921/WHOLE_TRACK_JOINED_EVENTS.csv,810dead183772c6ee3c2ffed01cb79b2a05045abb2aea4e4c8903c180932a4a5,c7efaf8d2029ed140d67b7cbfff1c23fd33e0ffcae18f285566266c063f78e1c,NEW_000,True
F_MIX_00044,8.510113378684807,BASS_AND_DRUM_SUPPORTED,23,8.452063492063493,161.49902343750054,58.049886621314000,PRIMARY,F_MIX_00044,/Users/StarTrack/Development/JazzGrooveAnalyzer/docs/scientific/rfc/JGA_WHOLE_TRACK_GROOVE_FROZEN_PIPELINE_001_20260921/WHOLE_TRACK_JOINED_EVENTS.csv,810dead183772c6ee3c2ffed01cb79b2a05045abb2aea4e4c8903c180932a4a5,c7efaf8d2029ed140d67b7cbfff1c23fd33e0ffcae18f285566266c063f78e1c,NEW_000,True
F_MIX_00045,8.777142857142858,UNKNOWN,24,8.823582766439909,172.26562499999997,-46.439909297051000,PRIMARY,F_MIX_00045,/Users/StarTrack/Development/JazzGrooveAnalyzer/docs/scientific/rfc/JGA_WHOLE_TRACK_GROOVE_FROZEN_PIPELINE_001_20260921/WHOLE_TRACK_JOINED_EVENTS.csv,810dead183772c6ee3c2ffed01cb79b2a05045abb2aea4e4c8903c180932a4a5,c7efaf8d2029ed140d67b7cbfff1c23fd33e0ffcae18f285566266c063f78e1c,NEW_000,True
F_MIX_00046,8.870022675736962,BASS_AND_DRUM_SUPPORTED,24,8.823582766439909,172.26562499999997,46.439909297053000,CONTEXT,F_MIX_00046,/Users/StarTrack/Development/JazzGrooveAnalyzer/docs/scientific/rfc/JGA_WHOLE_TRACK_GROOVE_FROZEN_PIPELINE_001_20260921/WHOLE_TRACK_JOINED_EVENTS.csv,810dead183772c6ee3c2ffed01cb79b2a05045abb2aea4e4c8903c180932a4a5,c7efaf8d2029ed140d67b7cbfff1c23fd33e0ffcae18f285566266c063f78e1c,NEW_000,True
F_MIX_00047,9.218321995464853,BASS_AND_DRUM_SUPPORTED,25,9.1718820861678,161.49902343749977,46.439909297053000,PRIMARY,F_MIX_00047,/Users/StarTrack/Development/JazzGrooveAnalyzer/docs/scientific/rfc/JGA_WHOLE_TRACK_GROOVE_FROZEN_PIPELINE_001_20260921/WHOLE_TRACK_JOINED_EVENTS.csv,810dead183772c6ee3c2ffed01cb79b2a05045abb2aea4e4c8903c180932a4a5,c7efaf8d2029ed140d67b7cbfff1c23fd33e0ffcae18f285566266c063f78e1c,NEW_000,True
F_MIX_00048,9.508571428571429,DRUM_SUPPORTED,26,9.543401360544218,161.49902343749977,-34.829931972789000,PRIMARY,F_MIX_00048,/Users/StarTrack/Development/JazzGrooveAnalyzer/docs/scientific/rfc/JGA_WHOLE_TRACK_GROOVE_FROZEN_PIPELINE_001_20260921/WHOLE_TRACK_JOINED_EVENTS.csv,810dead183772c6ee3c2ffed01cb79b2a05045abb2aea4e4c8903c180932a4a5,c7efaf8d2029ed140d67b7cbfff1c23fd33e0ffcae18f285566266c063f78e1c,NEW_000,True
F_MIX_00049,9.601451247165533,BASS_AND_DRUM_SUPPORTED,26,9.543401360544218,161.49902343749977,58.049886621315000,CONTEXT,F_MIX_00049,/Users/StarTrack/Development/JazzGrooveAnalyzer/docs/scientific/rfc/JGA_WHOLE_TRACK_GROOVE_FROZEN_PIPELINE_001_20260921/WHOLE_TRACK_JOINED_EVENTS.csv,810dead183772c6ee3c2ffed01cb79b2a05045abb2aea4e4c8903c180932a4a5,c7efaf8d2029ed140d67b7cbfff1c23fd33e0ffcae18f285566266c063f78e1c,NEW_000,True
F_MIX_00050,9.868480725623582,DRUM_SUPPORTED,27,9.914920634920636,161.49902343750054,-46.439909297054000,PRIMARY,F_MIX_00050,/Users/StarTrack/Development/JazzGrooveAnalyzer/docs/scientific/rfc/JGA_WHOLE_TRACK_GROOVE_FROZEN_PIPELINE_001_20260921/WHOLE_TRACK_JOINED_EVENTS.csv,810dead183772c6ee3c2ffed01cb79b2a05045abb2aea4e4c8903c180932a4a5,c7efaf8d2029ed140d67b7cbfff1c23fd33e0ffcae18f285566266c063f78e1c,NEW_000,True
F_MIX_00051,9.97297052154195,DRUM_SUPPORTED,27,9.914920634920636,161.49902343750054,58.049886621314000,CONTEXT,F_MIX_00051,/Users/StarTrack/Development/JazzGrooveAnalyzer/docs/scientific/rfc/JGA_WHOLE_TRACK_GROOVE_FROZEN_PIPELINE_001_20260921/WHOLE_TRACK_JOINED_EVENTS.csv,810dead183772c6ee3c2ffed01cb79b2a05045abb2aea4e4c8903c180932a4a5,c7efaf8d2029ed140d67b7cbfff1c23fd33e0ffcae18f285566266c063f78e1c,NEW_000,True
F_MIX_00052,10.216780045351474,DRUM_SUPPORTED,28,10.286439909297052,172.26562499999997,-69.659863945578000,PRIMARY,F_MIX_00052,/Users/StarTrack/Development/JazzGrooveAnalyzer/docs/scientific/rfc/JGA_WHOLE_TRACK_GROOVE_FROZEN_PIPELINE_001_20260921/WHOLE_TRACK_JOINED_EVENTS.csv,810dead183772c6ee3c2ffed01cb79b2a05045abb2aea4e4c8903c180932a4a5,c7efaf8d2029ed140d67b7cbfff1c23fd33e0ffcae18f285566266c063f78e1c,NEW_000,True
F_MIX_00053,10.356099773242631,BASS_AND_DRUM_SUPPORTED,28,10.286439909297052,172.26562499999997,69.659863945579000,CONTEXT,F_MIX_00053,/Users/StarTrack/Development/JazzGrooveAnalyzer/docs/scientific/rfc/JGA_WHOLE_TRACK_GROOVE_FROZEN_PIPELINE_001_20260921/WHOLE_TRACK_JOINED_EVENTS.csv,810dead183772c6ee3c2ffed01cb79b2a05045abb2aea4e4c8903c180932a4a5,c7efaf8d2029ed140d67b7cbfff1c23fd33e0ffcae18f285566266c063f78e1c,NEW_000,True
F_MIX_00054,10.611519274376418,UNKNOWN,29,10.634739229024943,161.49902343749977,-23.219954648525000,PRIMARY,F_MIX_00054,/Users/StarTrack/Development/JazzGrooveAnalyzer/docs/scientific/rfc/JGA_WHOLE_TRACK_GROOVE_FROZEN_PIPELINE_001_20260921/WHOLE_TRACK_JOINED_EVENTS.csv,810dead183772c6ee3c2ffed01cb79b2a05045abb2aea4e4c8903c180932a4a5,c7efaf8d2029ed140d67b7cbfff1c23fd33e0ffcae18f285566266c063f78e1c,NEW_000,True
F_MIX_00055,10.716009070294785,DRUM_SUPPORTED,29,10.634739229024943,161.49902343749977,81.269841269842000,CONTEXT,F_MIX_00055,/Users/StarTrack/Development/JazzGrooveAnalyzer/docs/scientific/rfc/JGA_WHOLE_TRACK_GROOVE_FROZEN_PIPELINE_001_20260921/WHOLE_TRACK_JOINED_EVENTS.csv,810dead183772c6ee3c2ffed01cb79b2a05045abb2aea4e4c8903c180932a4a5,c7efaf8d2029ed140d67b7cbfff1c23fd33e0ffcae18f285566266c063f78e1c,NEW_000,True
F_MIX_00056,10.936598639455783,BASS_SUPPORTED,30,11.00625850340136,161.49902343749977,-69.659863945577000,CONTEXT,F_MIX_00056,/Users/StarTrack/Development/JazzGrooveAnalyzer/docs/scientific/rfc/JGA_WHOLE_TRACK_GROOVE_FROZEN_PIPELINE_001_20260921/WHOLE_TRACK_JOINED_EVENTS.csv,810dead183772c6ee3c2ffed01cb79b2a05045abb2aea4e4c8903c180932a4a5,c7efaf8d2029ed140d67b7cbfff1c23fd33e0ffcae18f285566266c063f78e1c,NEW_000,True
F_MIX_00057,10.983038548752834,UNKNOWN,30,11.00625850340136,161.49902343749977,-23.219954648526000,PRIMARY,F_MIX_00057,/Users/StarTrack/Development/JazzGrooveAnalyzer/docs/scientific/rfc/JGA_WHOLE_TRACK_GROOVE_FROZEN_PIPELINE_001_20260921/WHOLE_TRACK_JOINED_EVENTS.csv,810dead183772c6ee3c2ffed01cb79b2a05045abb2aea4e4c8903c180932a4a5,c7efaf8d2029ed140d67b7cbfff1c23fd33e0ffcae18f285566266c063f78e1c,NEW_000,True
F_MIX_00058,11.3081179138322,DRUM_SUPPORTED,31,11.377777777777778,161.49902343750054,-69.659863945578000,CONTEXT,F_MIX_00058,/Users/StarTrack/Development/JazzGrooveAnalyzer/docs/scientific/rfc/JGA_WHOLE_TRACK_GROOVE_FROZEN_PIPELINE_001_20260921/WHOLE_TRACK_JOINED_EVENTS.csv,810dead183772c6ee3c2ffed01cb79b2a05045abb2aea4e4c8903c180932a4a5,c7efaf8d2029ed140d67b7cbfff1c23fd33e0ffcae18f285566266c063f78e1c,NEW_000,True
F_MIX_00059,11.34294784580499,DRUM_SUPPORTED,31,11.377777777777778,161.49902343750054,-34.829931972788000,PRIMARY,F_MIX_00059,/Users/StarTrack/Development/JazzGrooveAnalyzer/docs/scientific/rfc/JGA_WHOLE_TRACK_GROOVE_FROZEN_PIPELINE_001_20260921/WHOLE_TRACK_JOINED_EVENTS.csv,810dead183772c6ee3c2ffed01cb79b2a05045abb2aea4e4c8903c180932a4a5,c7efaf8d2029ed140d67b7cbfff1c23fd33e0ffcae18f285566266c063f78e1c,NEW_000,True
F_MIX_00060,11.447437641723356,UNKNOWN,31,11.377777777777778,161.49902343750054,69.659863945578000,CONTEXT,F_MIX_00060,/Users/StarTrack/Development/JazzGrooveAnalyzer/docs/scientific/rfc/JGA_WHOLE_TRACK_GROOVE_FROZEN_PIPELINE_001_20260921/WHOLE_TRACK_JOINED_EVENTS.csv,810dead183772c6ee3c2ffed01cb79b2a05045abb2aea4e4c8903c180932a4a5,c7efaf8d2029ed140d67b7cbfff1c23fd33e0ffcae18f285566266c063f78e1c,NEW_000,True
F_MIX_00061,11.679637188208616,DRUM_SUPPORTED,32,11.749297052154194,161.49902343749977,-69.659863945578000,CONTEXT,F_MIX_00061,/Users/StarTrack/Development/JazzGrooveAnalyzer/docs/scientific/rfc/JGA_WHOLE_TRACK_GROOVE_FROZEN_PIPELINE_001_20260921/WHOLE_TRACK_JOINED_EVENTS.csv,810dead183772c6ee3c2ffed01cb79b2a05045abb2aea4e4c8903c180932a4a5,c7efaf8d2029ed140d67b7cbfff1c23fd33e0ffcae18f285566266c063f78e1c,NEW_000,True
F_MIX_00062,11.72607709750567,DRUM_SUPPORTED,32,11.749297052154194,161.49902343749977,-23.219954648524000,PRIMARY,F_MIX_00062,/Users/StarTrack/Development/JazzGrooveAnalyzer/docs/scientific/rfc/JGA_WHOLE_TRACK_GROOVE_FROZEN_PIPELINE_001_20260921/WHOLE_TRACK_JOINED_EVENTS.csv,810dead183772c6ee3c2ffed01cb79b2a05045abb2aea4e4c8903c180932a4a5,c7efaf8d2029ed140d67b7cbfff1c23fd33e0ffcae18f285566266c063f78e1c,NEW_000,True
F_MIX_00063,11.77251700680272,DRUM_SUPPORTED,32,11.749297052154194,161.49902343749977,23.219954648526000,CONTEXT,F_MIX_00063,/Users/StarTrack/Development/JazzGrooveAnalyzer/docs/scientific/rfc/JGA_WHOLE_TRACK_GROOVE_FROZEN_PIPELINE_001_20260921/WHOLE_TRACK_JOINED_EVENTS.csv,810dead183772c6ee3c2ffed01cb79b2a05045abb2aea4e4c8903c180932a4a5,c7efaf8d2029ed140d67b7cbfff1c23fd33e0ffcae18f285566266c063f78e1c,NEW_000,True
F_MIX_00064,11.818956916099774,DRUM_SUPPORTED,32,11.749297052154194,161.49902343749977,69.659863945580000,CONTEXT,F_MIX_00064,/Users/StarTrack/Development/JazzGrooveAnalyzer/docs/scientific/rfc/JGA_WHOLE_TRACK_GROOVE_FROZEN_PIPELINE_001_20260921/WHOLE_TRACK_JOINED_EVENTS.csv,810dead183772c6ee3c2ffed01cb79b2a05045abb2aea4e4c8903c180932a4a5,c7efaf8d2029ed140d67b7cbfff1c23fd33e0ffcae18f285566266c063f78e1c,NEW_000,True
F_MIX_00065,12.07437641723356,UNKNOWN,33,12.120816326530612,161.49902343749977,-46.439909297052000,CONTEXT,F_MIX_00065,/Users/StarTrack/Development/JazzGrooveAnalyzer/docs/scientific/rfc/JGA_WHOLE_TRACK_GROOVE_FROZEN_PIPELINE_001_20260921/WHOLE_TRACK_JOINED_EVENTS.csv,810dead183772c6ee3c2ffed01cb79b2a05045abb2aea4e4c8903c180932a4a5,c7efaf8d2029ed140d67b7cbfff1c23fd33e0ffcae18f285566266c063f78e1c,NEW_000,True
F_MIX_00066,12.144036281179138,BASS_AND_DRUM_SUPPORTED,33,12.120816326530612,161.49902343749977,23.219954648526000,PRIMARY,F_MIX_00066,/Users/StarTrack/Development/JazzGrooveAnalyzer/docs/scientific/rfc/JGA_WHOLE_TRACK_GROOVE_FROZEN_PIPELINE_001_20260921/WHOLE_TRACK_JOINED_EVENTS.csv,810dead183772c6ee3c2ffed01cb79b2a05045abb2aea4e4c8903c180932a4a5,c7efaf8d2029ed140d67b7cbfff1c23fd33e0ffcae18f285566266c063f78e1c,NEW_000,True
F_MIX_00067,12.527165532879819,BASS_AND_DRUM_SUPPORTED,34,12.49233560090703,161.49902343749977,34.829931972789000,PRIMARY,F_MIX_00067,/Users/StarTrack/Development/JazzGrooveAnalyzer/docs/scientific/rfc/JGA_WHOLE_TRACK_GROOVE_FROZEN_PIPELINE_001_20260921/WHOLE_TRACK_JOINED_EVENTS.csv,810dead183772c6ee3c2ffed01cb79b2a05045abb2aea4e4c8903c180932a4a5,c7efaf8d2029ed140d67b7cbfff1c23fd33e0ffcae18f285566266c063f78e1c,NEW_000,True
F_MIX_00068,12.910294784580499,DRUM_SUPPORTED,35,12.863854875283447,161.49902343750054,46.439909297052000,PRIMARY,F_MIX_00068,/Users/StarTrack/Development/JazzGrooveAnalyzer/docs/scientific/rfc/JGA_WHOLE_TRACK_GROOVE_FROZEN_PIPELINE_001_20260921/WHOLE_TRACK_JOINED_EVENTS.csv,810dead183772c6ee3c2ffed01cb79b2a05045abb2aea4e4c8903c180932a4a5,c7efaf8d2029ed140d67b7cbfff1c23fd33e0ffcae18f285566266c063f78e1c,NEW_000,True
F_MIX_00069,13.165714285714285,BASS_AND_DRUM_SUPPORTED,36,13.235374149659863,161.49902343749977,-69.659863945578000,CONTEXT,F_MIX_00069,/Users/StarTrack/Development/JazzGrooveAnalyzer/docs/scientific/rfc/JGA_WHOLE_TRACK_GROOVE_FROZEN_PIPELINE_001_20260921/WHOLE_TRACK_JOINED_EVENTS.csv,810dead183772c6ee3c2ffed01cb79b2a05045abb2aea4e4c8903c180932a4a5,c7efaf8d2029ed140d67b7cbfff1c23fd33e0ffcae18f285566266c063f78e1c,NEW_000,True
F_MIX_00070,13.25859410430839,DRUM_SUPPORTED,36,13.235374149659863,161.49902343749977,23.219954648527000,PRIMARY,F_MIX_00070,/Users/StarTrack/Development/JazzGrooveAnalyzer/docs/scientific/rfc/JGA_WHOLE_TRACK_GROOVE_FROZEN_PIPELINE_001_20260921/WHOLE_TRACK_JOINED_EVENTS.csv,810dead183772c6ee3c2ffed01cb79b2a05045abb2aea4e4c8903c180932a4a5,c7efaf8d2029ed140d67b7cbfff1c23fd33e0ffcae18f285566266c063f78e1c,NEW_000,True
F_MIX_00071,13.40952380952381,UNKNOWN,36,13.235374149659863,161.49902343749977,174.149659863947000,CONTEXT,F_MIX_00071,/Users/StarTrack/Development/JazzGrooveAnalyzer/docs/scientific/rfc/JGA_WHOLE_TRACK_GROOVE_FROZEN_PIPELINE_001_20260921/WHOLE_TRACK_JOINED_EVENTS.csv,810dead183772c6ee3c2ffed01cb79b2a05045abb2aea4e4c8903c180932a4a5,c7efaf8d2029ed140d67b7cbfff1c23fd33e0ffcae18f285566266c063f78e1c,NEW_000,True
F_MIX_00072,13.525623582766439,DRUM_SUPPORTED,37,13.606893424036281,172.26562499999997,-81.269841269842000,CONTEXT,F_MIX_00072,/Users/StarTrack/Development/JazzGrooveAnalyzer/docs/scientific/rfc/JGA_WHOLE_TRACK_GROOVE_FROZEN_PIPELINE_001_20260921/WHOLE_TRACK_JOINED_EVENTS.csv,810dead183772c6ee3c2ffed01cb79b2a05045abb2aea4e4c8903c180932a4a5,c7efaf8d2029ed140d67b7cbfff1c23fd33e0ffcae18f285566266c063f78e1c,NEW_000,True
F_MIX_00073,13.64172335600907,DRUM_SUPPORTED,37,13.606893424036281,172.26562499999997,34.829931972789000,PRIMARY,F_MIX_00073,/Users/StarTrack/Development/JazzGrooveAnalyzer/docs/scientific/rfc/JGA_WHOLE_TRACK_GROOVE_FROZEN_PIPELINE_001_20260921/WHOLE_TRACK_JOINED_EVENTS.csv,810dead183772c6ee3c2ffed01cb79b2a05045abb2aea4e4c8903c180932a4a5,c7efaf8d2029ed140d67b7cbfff1c23fd33e0ffcae18f285566266c063f78e1c,NEW_000,True
F_MIX_00074,13.908752834467121,UNKNOWN,38,13.955192743764172,161.49902343749977,-46.439909297051000,PRIMARY,F_MIX_00074,/Users/StarTrack/Development/JazzGrooveAnalyzer/docs/scientific/rfc/JGA_WHOLE_TRACK_GROOVE_FROZEN_PIPELINE_001_20260921/WHOLE_TRACK_JOINED_EVENTS.csv,810dead183772c6ee3c2ffed01cb79b2a05045abb2aea4e4c8903c180932a4a5,c7efaf8d2029ed140d67b7cbfff1c23fd33e0ffcae18f285566266c063f78e1c,NEW_000,True
F_MIX_00075,14.001632653061224,BASS_AND_DRUM_SUPPORTED,38,13.955192743764172,161.49902343749977,46.439909297052000,CONTEXT,F_MIX_00075,/Users/StarTrack/Development/JazzGrooveAnalyzer/docs/scientific/rfc/JGA_WHOLE_TRACK_GROOVE_FROZEN_PIPELINE_001_20260921/WHOLE_TRACK_JOINED_EVENTS.csv,810dead183772c6ee3c2ffed01cb79b2a05045abb2aea4e4c8903c180932a4a5,c7efaf8d2029ed140d67b7cbfff1c23fd33e0ffcae18f285566266c063f78e1c,NEW_000,True
F_MIX_00076,14.373151927437641,DRUM_SUPPORTED,39,14.32671201814059,161.49902343750054,46.439909297051000,PRIMARY,F_MIX_00076,/Users/StarTrack/Development/JazzGrooveAnalyzer/docs/scientific/rfc/JGA_WHOLE_TRACK_GROOVE_FROZEN_PIPELINE_001_20260921/WHOLE_TRACK_JOINED_EVENTS.csv,810dead183772c6ee3c2ffed01cb79b2a05045abb2aea4e4c8903c180932a4a5,c7efaf8d2029ed140d67b7cbfff1c23fd33e0ffcae18f285566266c063f78e1c,NEW_000,True
F_MIX_00077,14.55891156462585,UNKNOWN,40,14.698231292517006,161.49902343749977,-139.319727891156000,CONTEXT,F_MIX_00077,/Users/StarTrack/Development/JazzGrooveAnalyzer/docs/scientific/rfc/JGA_WHOLE_TRACK_GROOVE_FROZEN_PIPELINE_001_20260921/WHOLE_TRACK_JOINED_EVENTS.csv,810dead183772c6ee3c2ffed01cb79b2a05045abb2aea4e4c8903c180932a4a5,c7efaf8d2029ed140d67b7cbfff1c23fd33e0ffcae18f285566266c063f78e1c,NEW_000,True
F_MIX_00078,14.733061224489797,DRUM_SUPPORTED,40,14.698231292517006,161.49902343749977,34.829931972791000,PRIMARY,F_MIX_00078,/Users/StarTrack/Development/JazzGrooveAnalyzer/docs/scientific/rfc/JGA_WHOLE_TRACK_GROOVE_FROZEN_PIPELINE_001_20260921/WHOLE_TRACK_JOINED_EVENTS.csv,810dead183772c6ee3c2ffed01cb79b2a05045abb2aea4e4c8903c180932a4a5,c7efaf8d2029ed140d67b7cbfff1c23fd33e0ffcae18f285566266c063f78e1c,NEW_000,True
F_MIX_00079,14.872380952380952,UNKNOWN,40,14.698231292517006,161.49902343749977,174.149659863946000,CONTEXT,F_MIX_00079,/Users/StarTrack/Development/JazzGrooveAnalyzer/docs/scientific/rfc/JGA_WHOLE_TRACK_GROOVE_FROZEN_PIPELINE_001_20260921/WHOLE_TRACK_JOINED_EVENTS.csv,810dead183772c6ee3c2ffed01cb79b2a05045abb2aea4e4c8903c180932a4a5,c7efaf8d2029ed140d67b7cbfff1c23fd33e0ffcae18f285566266c063f78e1c,NEW_000,True
F_MIX_00080,14.965260770975057,UNKNOWN,41,15.069750566893424,161.49902343749977,-104.489795918367000,CONTEXT,F_MIX_00080,/Users/StarTrack/Development/JazzGrooveAnalyzer/docs/scientific/rfc/JGA_WHOLE_TRACK_GROOVE_FROZEN_PIPELINE_001_20260921/WHOLE_TRACK_JOINED_EVENTS.csv,810dead183772c6ee3c2ffed01cb79b2a05045abb2aea4e4c8903c180932a4a5,c7efaf8d2029ed140d67b7cbfff1c23fd33e0ffcae18f285566266c063f78e1c,NEW_000,True
F_MIX_00081,15.069750566893424,BASS_AND_DRUM_SUPPORTED,41,15.069750566893424,161.49902343749977,0E-15,PRIMARY,F_MIX_00081,/Users/StarTrack/Development/JazzGrooveAnalyzer/docs/scientific/rfc/JGA_WHOLE_TRACK_GROOVE_FROZEN_PIPELINE_001_20260921/WHOLE_TRACK_JOINED_EVENTS.csv,810dead183772c6ee3c2ffed01cb79b2a05045abb2aea4e4c8903c180932a4a5,c7efaf8d2029ed140d67b7cbfff1c23fd33e0ffcae18f285566266c063f78e1c,NEW_001,True
F_MIX_00082,15.104580498866213,UNKNOWN,41,15.069750566893424,161.49902343749977,34.829931972789000,CONTEXT,F_MIX_00082,/Users/StarTrack/Development/JazzGrooveAnalyzer/docs/scientific/rfc/JGA_WHOLE_TRACK_GROOVE_FROZEN_PIPELINE_001_20260921/WHOLE_TRACK_JOINED_EVENTS.csv,810dead183772c6ee3c2ffed01cb79b2a05045abb2aea4e4c8903c180932a4a5,c7efaf8d2029ed140d67b7cbfff1c23fd33e0ffcae18f285566266c063f78e1c,NEW_001,True
F_MIX_00083,15.464489795918368,BASS_AND_DRUM_SUPPORTED,42,15.441269841269841,172.26562499999997,23.219954648527000,PRIMARY,F_MIX_00083,/Users/StarTrack/Development/JazzGrooveAnalyzer/docs/scientific/rfc/JGA_WHOLE_TRACK_GROOVE_FROZEN_PIPELINE_001_20260921/WHOLE_TRACK_JOINED_EVENTS.csv,810dead183772c6ee3c2ffed01cb79b2a05045abb2aea4e4c8903c180932a4a5,c7efaf8d2029ed140d67b7cbfff1c23fd33e0ffcae18f285566266c063f78e1c,NEW_001,True
F_MIX_00084,15.731519274376417,UNKNOWN,43,15.789569160997733,161.49902343749977,-58.049886621316000,CONTEXT,F_MIX_00084,/Users/StarTrack/Development/JazzGrooveAnalyzer/docs/scientific/rfc/JGA_WHOLE_TRACK_GROOVE_FROZEN_PIPELINE_001_20260921/WHOLE_TRACK_JOINED_EVENTS.csv,810dead183772c6ee3c2ffed01cb79b2a05045abb2aea4e4c8903c180932a4a5,c7efaf8d2029ed140d67b7cbfff1c23fd33e0ffcae18f285566266c063f78e1c,NEW_001,True
F_MIX_00085,15.824399092970522,DRUM_SUPPORTED,43,15.789569160997733,161.49902343749977,34.829931972789000,PRIMARY,F_MIX_00085,/Users/StarTrack/Development/JazzGrooveAnalyzer/docs/scientific/rfc/JGA_WHOLE_TRACK_GROOVE_FROZEN_PIPELINE_001_20260921/WHOLE_TRACK_JOINED_EVENTS.csv,810dead183772c6ee3c2ffed01cb79b2a05045abb2aea4e4c8903c180932a4a5,c7efaf8d2029ed140d67b7cbfff1c23fd33e0ffcae18f285566266c063f78e1c,NEW_001,True
F_MIX_00086,16.04498866213152,UNKNOWN,44,16.16108843537415,161.49902343749977,-116.09977324263000,CONTEXT,F_MIX_00086,/Users/StarTrack/Development/JazzGrooveAnalyzer/docs/scientific/rfc/JGA_WHOLE_TRACK_GROOVE_FROZEN_PIPELINE_001_20260921/WHOLE_TRACK_JOINED_EVENTS.csv,810dead183772c6ee3c2ffed01cb79b2a05045abb2aea4e4c8903c180932a4a5,c7efaf8d2029ed140d67b7cbfff1c23fd33e0ffcae18f285566266c063f78e1c,NEW_001,True
F_MIX_00087,16.195918367346938,BASS_AND_DRUM_SUPPORTED,44,16.16108843537415,161.49902343749977,34.829931972788000,PRIMARY,F_MIX_00087,/Users/StarTrack/Development/JazzGrooveAnalyzer/docs/scientific/rfc/JGA_WHOLE_TRACK_GROOVE_FROZEN_PIPELINE_001_20260921/WHOLE_TRACK_JOINED_EVENTS.csv,810dead183772c6ee3c2ffed01cb79b2a05045abb2aea4e4c8903c180932a4a5,c7efaf8d2029ed140d67b7cbfff1c23fd33e0ffcae18f285566266c063f78e1c,NEW_001,True
F_MIX_00088,16.555827664399093,DRUM_SUPPORTED,45,16.532607709750568,161.49902343749977,23.219954648525000,PRIMARY,F_MIX_00088,/Users/StarTrack/Development/JazzGrooveAnalyzer/docs/scientific/rfc/JGA_WHOLE_TRACK_GROOVE_FROZEN_PIPELINE_001_20260921/WHOLE_TRACK_JOINED_EVENTS.csv,810dead183772c6ee3c2ffed01cb79b2a05045abb2aea4e4c8903c180932a4a5,c7efaf8d2029ed140d67b7cbfff1c23fd33e0ffcae18f285566266c063f78e1c,NEW_001,True
F_MIX_00089,16.834467120181404,UNKNOWN,46,16.904126984126986,161.49902343750134,-69.659863945582000,CONTEXT,F_MIX_00089,/Users/StarTrack/Development/JazzGrooveAnalyzer/docs/scientific/rfc/JGA_WHOLE_TRACK_GROOVE_FROZEN_PIPELINE_001_20260921/WHOLE_TRACK_JOINED_EVENTS.csv,810dead183772c6ee3c2ffed01cb79b2a05045abb2aea4e4c8903c180932a4a5,c7efaf8d2029ed140d67b7cbfff1c23fd33e0ffcae18f285566266c063f78e1c,NEW_001,True
F_MIX_00090,16.938956916099773,BASS_AND_DRUM_SUPPORTED,46,16.904126984126986,161.49902343750134,34.829931972787000,PRIMARY,F_MIX_00090,/Users/StarTrack/Development/JazzGrooveAnalyzer/docs/scientific/rfc/JGA_WHOLE_TRACK_GROOVE_FROZEN_PIPELINE_001_20260921/WHOLE_TRACK_JOINED_EVENTS.csv,810dead183772c6ee3c2ffed01cb79b2a05045abb2aea4e4c8903c180932a4a5,c7efaf8d2029ed140d67b7cbfff1c23fd33e0ffcae18f285566266c063f78e1c,NEW_001,True
F_MIX_00091,17.29886621315193,DRUM_SUPPORTED,47,17.2756462585034,161.49902343749977,23.21995464853000,PRIMARY,F_MIX_00091,/Users/StarTrack/Development/JazzGrooveAnalyzer/docs/scientific/rfc/JGA_WHOLE_TRACK_GROOVE_FROZEN_PIPELINE_001_20260921/WHOLE_TRACK_JOINED_EVENTS.csv,810dead183772c6ee3c2ffed01cb79b2a05045abb2aea4e4c8903c180932a4a5,c7efaf8d2029ed140d67b7cbfff1c23fd33e0ffcae18f285566266c063f78e1c,NEW_001,True
F_MIX_00092,17.438185941043084,UNKNOWN,47,17.2756462585034,161.49902343749977,162.539682539684000,CONTEXT,F_MIX_00092,/Users/StarTrack/Development/JazzGrooveAnalyzer/docs/scientific/rfc/JGA_WHOLE_TRACK_GROOVE_FROZEN_PIPELINE_001_20260921/WHOLE_TRACK_JOINED_EVENTS.csv,810dead183772c6ee3c2ffed01cb79b2a05045abb2aea4e4c8903c180932a4a5,c7efaf8d2029ed140d67b7cbfff1c23fd33e0ffcae18f285566266c063f78e1c,NEW_001,True
F_MIX_00093,17.565895691609978,DRUM_SUPPORTED,48,17.647165532879818,161.49902343749977,-81.269841269840000,CONTEXT,F_MIX_00093,/Users/StarTrack/Development/JazzGrooveAnalyzer/docs/scientific/rfc/JGA_WHOLE_TRACK_GROOVE_FROZEN_PIPELINE_001_20260921/WHOLE_TRACK_JOINED_EVENTS.csv,810dead183772c6ee3c2ffed01cb79b2a05045abb2aea4e4c8903c180932a4a5,c7efaf8d2029ed140d67b7cbfff1c23fd33e0ffcae18f285566266c063f78e1c,NEW_001,True
F_MIX_00094,17.670385487528346,BASS_AND_DRUM_SUPPORTED,48,17.647165532879818,161.49902343749977,23.219954648528000,PRIMARY,F_MIX_00094,/Users/StarTrack/Development/JazzGrooveAnalyzer/docs/scientific/rfc/JGA_WHOLE_TRACK_GROOVE_FROZEN_PIPELINE_001_20260921/WHOLE_TRACK_JOINED_EVENTS.csv,810dead183772c6ee3c2ffed01cb79b2a05045abb2aea4e4c8903c180932a4a5,c7efaf8d2029ed140d67b7cbfff1c23fd33e0ffcae18f285566266c063f78e1c,NEW_001,True
F_MIX_00095,17.716825396825396,UNKNOWN,48,17.647165532879818,161.49902343749977,69.659863945578000,CONTEXT,F_MIX_00095,/Users/StarTrack/Development/JazzGrooveAnalyzer/docs/scientific/rfc/JGA_WHOLE_TRACK_GROOVE_FROZEN_PIPELINE_001_20260921/WHOLE_TRACK_JOINED_EVENTS.csv,810dead183772c6ee3c2ffed01cb79b2a05045abb2aea4e4c8903c180932a4a5,c7efaf8d2029ed140d67b7cbfff1c23fd33e0ffcae18f285566266c063f78e1c,NEW_001,True
F_MIX_00096,17.925804988662133,DRUM_SUPPORTED,49,18.018684807256236,161.49902343749977,-92.879818594103000,CONTEXT,F_MIX_00096,/Users/StarTrack/Development/JazzGrooveAnalyzer/docs/scientific/rfc/JGA_WHOLE_TRACK_GROOVE_FROZEN_PIPELINE_001_20260921/WHOLE_TRACK_JOINED_EVENTS.csv,810dead183772c6ee3c2ffed01cb79b2a05045abb2aea4e4c8903c180932a4a5,c7efaf8d2029ed140d67b7cbfff1c23fd33e0ffcae18f285566266c063f78e1c,NEW_001,True
F_MIX_00097,18.04190476190476,DRUM_SUPPORTED,49,18.018684807256236,161.49902343749977,23.219954648524000,PRIMARY,F_MIX_00097,/Users/StarTrack/Development/JazzGrooveAnalyzer/docs/scientific/rfc/JGA_WHOLE_TRACK_GROOVE_FROZEN_PIPELINE_001_20260921/WHOLE_TRACK_JOINED_EVENTS.csv,810dead183772c6ee3c2ffed01cb79b2a05045abb2aea4e4c8903c180932a4a5,c7efaf8d2029ed140d67b7cbfff1c23fd33e0ffcae18f285566266c063f78e1c,NEW_001,True
F_MIX_00098,18.297324263038547,UNKNOWN,50,18.390204081632653,161.49902343749977,-92.879818594106000,CONTEXT,F_MIX_00098,/Users/StarTrack/Development/JazzGrooveAnalyzer/docs/scientific/rfc/JGA_WHOLE_TRACK_GROOVE_FROZEN_PIPELINE_001_20260921/WHOLE_TRACK_JOINED_EVENTS.csv,810dead183772c6ee3c2ffed01cb79b2a05045abb2aea4e4c8903c180932a4a5,c7efaf8d2029ed140d67b7cbfff1c23fd33e0ffcae18f285566266c063f78e1c,NEW_001,True
F_MIX_00099,18.332154195011338,UNKNOWN,50,18.390204081632653,161.49902343749977,-58.049886621315000,CONTEXT,F_MIX_00099,/Users/StarTrack/Development/JazzGrooveAnalyzer/docs/scientific/rfc/JGA_WHOLE_TRACK_GROOVE_FROZEN_PIPELINE_001_20260921/WHOLE_TRACK_JOINED_EVENTS.csv,810dead183772c6ee3c2ffed01cb79b2a05045abb2aea4e4c8903c180932a4a5,c7efaf8d2029ed140d67b7cbfff1c23fd33e0ffcae18f285566266c063f78e1c,NEW_001,True
F_MIX_00100,18.401814058956916,DRUM_SUPPORTED,50,18.390204081632653,161.49902343749977,11.609977324263000,PRIMARY,F_MIX_00100,/Users/StarTrack/Development/JazzGrooveAnalyzer/docs/scientific/rfc/JGA_WHOLE_TRACK_GROOVE_FROZEN_PIPELINE_001_20260921/WHOLE_TRACK_JOINED_EVENTS.csv,810dead183772c6ee3c2ffed01cb79b2a05045abb2aea4e4c8903c180932a4a5,c7efaf8d2029ed140d67b7cbfff1c23fd33e0ffcae18f285566266c063f78e1c,NEW_001,True
F_MIX_00101,18.657233560090702,UNKNOWN,51,18.76172335600907,172.26562500000085,-104.489795918368000,CONTEXT,F_MIX_00101,/Users/StarTrack/Development/JazzGrooveAnalyzer/docs/scientific/rfc/JGA_WHOLE_TRACK_GROOVE_FROZEN_PIPELINE_001_20260921/WHOLE_TRACK_JOINED_EVENTS.csv,810dead183772c6ee3c2ffed01cb79b2a05045abb2aea4e4c8903c180932a4a5,c7efaf8d2029ed140d67b7cbfff1c23fd33e0ffcae18f285566266c063f78e1c,NEW_001,True
F_MIX_00102,18.784943310657596,DRUM_SUPPORTED,51,18.76172335600907,172.26562500000085,23.219954648526000,PRIMARY,F_MIX_00102,/Users/StarTrack/Development/JazzGrooveAnalyzer/docs/scientific/rfc/JGA_WHOLE_TRACK_GROOVE_FROZEN_PIPELINE_001_20260921/WHOLE_TRACK_JOINED_EVENTS.csv,810dead183772c6ee3c2ffed01cb79b2a05045abb2aea4e4c8903c180932a4a5,c7efaf8d2029ed140d67b7cbfff1c23fd33e0ffcae18f285566266c063f78e1c,NEW_001,True
F_MIX_00103,19.040362811791383,UNKNOWN,52,19.11002267573696,161.49902343749977,-69.659863945577000,CONTEXT,F_MIX_00103,/Users/StarTrack/Development/JazzGrooveAnalyzer/docs/scientific/rfc/JGA_WHOLE_TRACK_GROOVE_FROZEN_PIPELINE_001_20260921/WHOLE_TRACK_JOINED_EVENTS.csv,810dead183772c6ee3c2ffed01cb79b2a05045abb2aea4e4c8903c180932a4a5,c7efaf8d2029ed140d67b7cbfff1c23fd33e0ffcae18f285566266c063f78e1c,NEW_001,True
F_MIX_00104,19.156462585034014,BASS_AND_DRUM_SUPPORTED,52,19.11002267573696,161.49902343749977,46.439909297054000,PRIMARY,F_MIX_00104,/Users/StarTrack/Development/JazzGrooveAnalyzer/docs/scientific/rfc/JGA_WHOLE_TRACK_GROOVE_FROZEN_PIPELINE_001_20260921/WHOLE_TRACK_JOINED_EVENTS.csv,810dead183772c6ee3c2ffed01cb79b2a05045abb2aea4e4c8903c180932a4a5,c7efaf8d2029ed140d67b7cbfff1c23fd33e0ffcae18f285566266c063f78e1c,NEW_001,True
F_MIX_00105,19.504761904761907,DRUM_SUPPORTED,53,19.481541950113378,172.26562499999912,23.219954648529000,PRIMARY,F_MIX_00105,/Users/StarTrack/Development/JazzGrooveAnalyzer/docs/scientific/rfc/JGA_WHOLE_TRACK_GROOVE_FROZEN_PIPELINE_001_20260921/WHOLE_TRACK_JOINED_EVENTS.csv,810dead183772c6ee3c2ffed01cb79b2a05045abb2aea4e4c8903c180932a4a5,c7efaf8d2029ed140d67b7cbfff1c23fd33e0ffcae18f285566266c063f78e1c,NEW_001,True
F_MIX_00106,19.748571428571427,BASS_SUPPORTED,54,19.82984126984127,161.49902343750134,-81.269841269843000,CONTEXT,F_MIX_00106,/Users/StarTrack/Development/JazzGrooveAnalyzer/docs/scientific/rfc/JGA_WHOLE_TRACK_GROOVE_FROZEN_PIPELINE_001_20260921/WHOLE_TRACK_JOINED_EVENTS.csv,810dead183772c6ee3c2ffed01cb79b2a05045abb2aea4e4c8903c180932a4a5,c7efaf8d2029ed140d67b7cbfff1c23fd33e0ffcae18f285566266c063f78e1c,NEW_001,True
F_MIX_00107,19.783401360544218,UNKNOWN,54,19.82984126984127,161.49902343750134,-46.439909297052000,CONTEXT,F_MIX_00107,/Users/StarTrack/Development/JazzGrooveAnalyzer/docs/scientific/rfc/JGA_WHOLE_TRACK_GROOVE_FROZEN_PIPELINE_001_20260921/WHOLE_TRACK_JOINED_EVENTS.csv,810dead183772c6ee3c2ffed01cb79b2a05045abb2aea4e4c8903c180932a4a5,c7efaf8d2029ed140d67b7cbfff1c23fd33e0ffcae18f285566266c063f78e1c,NEW_001,True
F_MIX_00108,19.86467120181406,DRUM_SUPPORTED,54,19.82984126984127,161.49902343750134,34.82993197279000,PRIMARY,F_MIX_00108,/Users/StarTrack/Development/JazzGrooveAnalyzer/docs/scientific/rfc/JGA_WHOLE_TRACK_GROOVE_FROZEN_PIPELINE_001_20260921/WHOLE_TRACK_JOINED_EVENTS.csv,810dead183772c6ee3c2ffed01cb79b2a05045abb2aea4e4c8903c180932a4a5,c7efaf8d2029ed140d67b7cbfff1c23fd33e0ffcae18f285566266c063f78e1c,NEW_001,True
F_MIX_00109,20.131700680272107,UNKNOWN,55,20.201360544217685,172.26562499999912,-69.659863945578000,CONTEXT,F_MIX_00109,/Users/StarTrack/Development/JazzGrooveAnalyzer/docs/scientific/rfc/JGA_WHOLE_TRACK_GROOVE_FROZEN_PIPELINE_001_20260921/WHOLE_TRACK_JOINED_EVENTS.csv,810dead183772c6ee3c2ffed01cb79b2a05045abb2aea4e4c8903c180932a4a5,c7efaf8d2029ed140d67b7cbfff1c23fd33e0ffcae18f285566266c063f78e1c,NEW_001,True
F_MIX_00110,20.21297052154195,BASS_AND_DRUM_SUPPORTED,55,20.201360544217685,172.26562499999912,11.609977324265000,PRIMARY,F_MIX_00110,/Users/StarTrack/Development/JazzGrooveAnalyzer/docs/scientific/rfc/JGA_WHOLE_TRACK_GROOVE_FROZEN_PIPELINE_001_20260921/WHOLE_TRACK_JOINED_EVENTS.csv,810dead183772c6ee3c2ffed01cb79b2a05045abb2aea4e4c8903c180932a4a5,c7efaf8d2029ed140d67b7cbfff1c23fd33e0ffcae18f285566266c063f78e1c,NEW_001,True
F_MIX_00111,20.468390022675738,DRUM_SUPPORTED,56,20.54965986394558,172.26562500000085,-81.269841269842000,CONTEXT,F_MIX_00111,/Users/StarTrack/Development/JazzGrooveAnalyzer/docs/scientific/rfc/JGA_WHOLE_TRACK_GROOVE_FROZEN_PIPELINE_001_20260921/WHOLE_TRACK_JOINED_EVENTS.csv,810dead183772c6ee3c2ffed01cb79b2a05045abb2aea4e4c8903c180932a4a5,c7efaf8d2029ed140d67b7cbfff1c23fd33e0ffcae18f285566266c063f78e1c,NEW_001,True
F_MIX_00112,20.58448979591837,DRUM_SUPPORTED,56,20.54965986394558,172.26562500000085,34.82993197279000,PRIMARY,F_MIX_00112,/Users/StarTrack/Development/JazzGrooveAnalyzer/docs/scientific/rfc/JGA_WHOLE_TRACK_GROOVE_FROZEN_PIPELINE_001_20260921/WHOLE_TRACK_JOINED_EVENTS.csv,810dead183772c6ee3c2ffed01cb79b2a05045abb2aea4e4c8903c180932a4a5,c7efaf8d2029ed140d67b7cbfff1c23fd33e0ffcae18f285566266c063f78e1c,NEW_001,True
F_MIX_00113,20.839909297052156,DRUM_SUPPORTED,57,20.897959183673468,172.26562499999912,-58.049886621312000,PRIMARY,F_MIX_00113,/Users/StarTrack/Development/JazzGrooveAnalyzer/docs/scientific/rfc/JGA_WHOLE_TRACK_GROOVE_FROZEN_PIPELINE_001_20260921/WHOLE_TRACK_JOINED_EVENTS.csv,810dead183772c6ee3c2ffed01cb79b2a05045abb2aea4e4c8903c180932a4a5,c7efaf8d2029ed140d67b7cbfff1c23fd33e0ffcae18f285566266c063f78e1c,NEW_001,True
F_MIX_00114,20.956009070294783,DRUM_SUPPORTED,57,20.897959183673468,172.26562499999912,58.049886621315000,CONTEXT,F_MIX_00114,/Users/StarTrack/Development/JazzGrooveAnalyzer/docs/scientific/rfc/JGA_WHOLE_TRACK_GROOVE_FROZEN_PIPELINE_001_20260921/WHOLE_TRACK_JOINED_EVENTS.csv,810dead183772c6ee3c2ffed01cb79b2a05045abb2aea4e4c8903c180932a4a5,c7efaf8d2029ed140d67b7cbfff1c23fd33e0ffcae18f285566266c063f78e1c,NEW_001,True
F_MIX_00115,21.223038548752836,UNKNOWN,58,21.24625850340136,161.49902343749977,-23.219954648524000,PRIMARY,F_MIX_00115,/Users/StarTrack/Development/JazzGrooveAnalyzer/docs/scientific/rfc/JGA_WHOLE_TRACK_GROOVE_FROZEN_PIPELINE_001_20260921/WHOLE_TRACK_JOINED_EVENTS.csv,810dead183772c6ee3c2ffed01cb79b2a05045abb2aea4e4c8903c180932a4a5,c7efaf8d2029ed140d67b7cbfff1c23fd33e0ffcae18f285566266c063f78e1c,NEW_001,True
F_MIX_00116,21.304308390022676,DRUM_SUPPORTED,58,21.24625850340136,161.49902343749977,58.049886621316000,CONTEXT,F_MIX_00116,/Users/StarTrack/Development/JazzGrooveAnalyzer/docs/scientific/rfc/JGA_WHOLE_TRACK_GROOVE_FROZEN_PIPELINE_001_20260921/WHOLE_TRACK_JOINED_EVENTS.csv,810dead183772c6ee3c2ffed01cb79b2a05045abb2aea4e4c8903c180932a4a5,c7efaf8d2029ed140d67b7cbfff1c23fd33e0ffcae18f285566266c063f78e1c,NEW_001,True
F_MIX_00117,21.559727891156463,DRUM_SUPPORTED,59,21.61777777777778,172.26562500000085,-58.049886621317000,PRIMARY,F_MIX_00117,/Users/StarTrack/Development/JazzGrooveAnalyzer/docs/scientific/rfc/JGA_WHOLE_TRACK_GROOVE_FROZEN_PIPELINE_001_20260921/WHOLE_TRACK_JOINED_EVENTS.csv,810dead183772c6ee3c2ffed01cb79b2a05045abb2aea4e4c8903c180932a4a5,c7efaf8d2029ed140d67b7cbfff1c23fd33e0ffcae18f285566266c063f78e1c,NEW_001,True
F_MIX_00118,21.93124716553288,DRUM_SUPPORTED,60,21.966077097505668,161.49902343749977,-34.829931972788000,PRIMARY,F_MIX_00118,/Users/StarTrack/Development/JazzGrooveAnalyzer/docs/scientific/rfc/JGA_WHOLE_TRACK_GROOVE_FROZEN_PIPELINE_001_20260921/WHOLE_TRACK_JOINED_EVENTS.csv,810dead183772c6ee3c2ffed01cb79b2a05045abb2aea4e4c8903c180932a4a5,c7efaf8d2029ed140d67b7cbfff1c23fd33e0ffcae18f285566266c063f78e1c,NEW_001,True
F_MIX_00119,22.035736961451246,DRUM_SUPPORTED,60,21.966077097505668,161.49902343749977,69.659863945578000,CONTEXT,F_MIX_00119,/Users/StarTrack/Development/JazzGrooveAnalyzer/docs/scientific/rfc/JGA_WHOLE_TRACK_GROOVE_FROZEN_PIPELINE_001_20260921/WHOLE_TRACK_JOINED_EVENTS.csv,810dead183772c6ee3c2ffed01cb79b2a05045abb2aea4e4c8903c180932a4a5,c7efaf8d2029ed140d67b7cbfff1c23fd33e0ffcae18f285566266c063f78e1c,NEW_001,True
F_MIX_00120,22.27954648526077,DRUM_SUPPORTED,61,22.337596371882086,172.26562499999912,-58.049886621316000,PRIMARY,F_MIX_00120,/Users/StarTrack/Development/JazzGrooveAnalyzer/docs/scientific/rfc/JGA_WHOLE_TRACK_GROOVE_FROZEN_PIPELINE_001_20260921/WHOLE_TRACK_JOINED_EVENTS.csv,810dead183772c6ee3c2ffed01cb79b2a05045abb2aea4e4c8903c180932a4a5,c7efaf8d2029ed140d67b7cbfff1c23fd33e0ffcae18f285566266c063f78e1c,NEW_001,True
F_MIX_00121,22.407256235827663,DRUM_SUPPORTED,61,22.337596371882086,172.26562499999912,69.659863945577000,CONTEXT,F_MIX_00121,/Users/StarTrack/Development/JazzGrooveAnalyzer/docs/scientific/rfc/JGA_WHOLE_TRACK_GROOVE_FROZEN_PIPELINE_001_20260921/WHOLE_TRACK_JOINED_EVENTS.csv,810dead183772c6ee3c2ffed01cb79b2a05045abb2aea4e4c8903c180932a4a5,c7efaf8d2029ed140d67b7cbfff1c23fd33e0ffcae18f285566266c063f78e1c,NEW_001,True
F_MIX_00122,22.651065759637188,DRUM_SUPPORTED,62,22.68589569160998,161.49902343749977,-34.829931972792000,PRIMARY,F_MIX_00122,/Users/StarTrack/Development/JazzGrooveAnalyzer/docs/scientific/rfc/JGA_WHOLE_TRACK_GROOVE_FROZEN_PIPELINE_001_20260921/WHOLE_TRACK_JOINED_EVENTS.csv,810dead183772c6ee3c2ffed01cb79b2a05045abb2aea4e4c8903c180932a4a5,c7efaf8d2029ed140d67b7cbfff1c23fd33e0ffcae18f285566266c063f78e1c,NEW_001,True
F_MIX_00123,22.790385487528344,DRUM_SUPPORTED,62,22.68589569160998,161.49902343749977,104.489795918364000,CONTEXT,F_MIX_00123,/Users/StarTrack/Development/JazzGrooveAnalyzer/docs/scientific/rfc/JGA_WHOLE_TRACK_GROOVE_FROZEN_PIPELINE_001_20260921/WHOLE_TRACK_JOINED_EVENTS.csv,810dead183772c6ee3c2ffed01cb79b2a05045abb2aea4e4c8903c180932a4a5,c7efaf8d2029ed140d67b7cbfff1c23fd33e0ffcae18f285566266c063f78e1c,NEW_001,True
F_MIX_00124,23.034195011337868,UNKNOWN,63,23.057414965986396,161.49902343750134,-23.219954648528000,PRIMARY,F_MIX_00124,/Users/StarTrack/Development/JazzGrooveAnalyzer/docs/scientific/rfc/JGA_WHOLE_TRACK_GROOVE_FROZEN_PIPELINE_001_20260921/WHOLE_TRACK_JOINED_EVENTS.csv,810dead183772c6ee3c2ffed01cb79b2a05045abb2aea4e4c8903c180932a4a5,c7efaf8d2029ed140d67b7cbfff1c23fd33e0ffcae18f285566266c063f78e1c,NEW_001,True
F_MIX_00125,23.11546485260771,BASS_AND_DRUM_SUPPORTED,63,23.057414965986396,161.49902343750134,58.049886621314000,CONTEXT,F_MIX_00125,/Users/StarTrack/Development/JazzGrooveAnalyzer/docs/scientific/rfc/JGA_WHOLE_TRACK_GROOVE_FROZEN_PIPELINE_001_20260921/WHOLE_TRACK_JOINED_EVENTS.csv,810dead183772c6ee3c2ffed01cb79b2a05045abb2aea4e4c8903c180932a4a5,c7efaf8d2029ed140d67b7cbfff1c23fd33e0ffcae18f285566266c063f78e1c,NEW_001,True
F_MIX_00126,23.394104308390023,DRUM_SUPPORTED,64,23.42893424036281,161.49902343749977,-34.829931972787000,PRIMARY,F_MIX_00126,/Users/StarTrack/Development/JazzGrooveAnalyzer/docs/scientific/rfc/JGA_WHOLE_TRACK_GROOVE_FROZEN_PIPELINE_001_20260921/WHOLE_TRACK_JOINED_EVENTS.csv,810dead183772c6ee3c2ffed01cb79b2a05045abb2aea4e4c8903c180932a4a5,c7efaf8d2029ed140d67b7cbfff1c23fd33e0ffcae18f285566266c063f78e1c,NEW_001,True
F_MIX_00127,23.695963718820863,DRUM_SUPPORTED,65,23.800453514739228,161.49902343749977,-104.489795918365000,CONTEXT,F_MIX_00127,/Users/StarTrack/Development/JazzGrooveAnalyzer/docs/scientific/rfc/JGA_WHOLE_TRACK_GROOVE_FROZEN_PIPELINE_001_20260921/WHOLE_TRACK_JOINED_EVENTS.csv,810dead183772c6ee3c2ffed01cb79b2a05045abb2aea4e4c8903c180932a4a5,c7efaf8d2029ed140d67b7cbfff1c23fd33e0ffcae18f285566266c063f78e1c,NEW_001,True
F_MIX_00128,23.754013605442175,UNKNOWN,65,23.800453514739228,161.49902343749977,-46.439909297053000,CONTEXT,F_MIX_00128,/Users/StarTrack/Development/JazzGrooveAnalyzer/docs/scientific/rfc/JGA_WHOLE_TRACK_GROOVE_FROZEN_PIPELINE_001_20260921/WHOLE_TRACK_JOINED_EVENTS.csv,810dead183772c6ee3c2ffed01cb79b2a05045abb2aea4e4c8903c180932a4a5,c7efaf8d2029ed140d67b7cbfff1c23fd33e0ffcae18f285566266c063f78e1c,NEW_001,True
F_MIX_00129,23.84689342403628,BASS_AND_DRUM_SUPPORTED,65,23.800453514739228,161.49902343749977,46.439909297052000,PRIMARY,F_MIX_00129,/Users/StarTrack/Development/JazzGrooveAnalyzer/docs/scientific/rfc/JGA_WHOLE_TRACK_GROOVE_FROZEN_PIPELINE_001_20260921/WHOLE_TRACK_JOINED_EVENTS.csv,810dead183772c6ee3c2ffed01cb79b2a05045abb2aea4e4c8903c180932a4a5,c7efaf8d2029ed140d67b7cbfff1c23fd33e0ffcae18f285566266c063f78e1c,NEW_001,True
F_MIX_00130,24.18358276643991,DRUM_SUPPORTED,66,24.171972789115646,161.49902343749977,11.609977324264000,PRIMARY,F_MIX_00130,/Users/StarTrack/Development/JazzGrooveAnalyzer/docs/scientific/rfc/JGA_WHOLE_TRACK_GROOVE_FROZEN_PIPELINE_001_20260921/WHOLE_TRACK_JOINED_EVENTS.csv,810dead183772c6ee3c2ffed01cb79b2a05045abb2aea4e4c8903c180932a4a5,c7efaf8d2029ed140d67b7cbfff1c23fd33e0ffcae18f285566266c063f78e1c,NEW_001,True
F_MIX_00131,24.253242630385486,UNKNOWN,66,24.171972789115646,161.49902343749977,81.269841269840000,CONTEXT,F_MIX_00131,/Users/StarTrack/Development/JazzGrooveAnalyzer/docs/scientific/rfc/JGA_WHOLE_TRACK_GROOVE_FROZEN_PIPELINE_001_20260921/WHOLE_TRACK_JOINED_EVENTS.csv,810dead183772c6ee3c2ffed01cb79b2a05045abb2aea4e4c8903c180932a4a5,c7efaf8d2029ed140d67b7cbfff1c23fd33e0ffcae18f285566266c063f78e1c,NEW_001,True
F_MIX_00132,24.555102040816326,BASS_AND_DRUM_SUPPORTED,67,24.543492063492064,161.49902343749977,11.609977324262000,PRIMARY,F_MIX_00132,/Users/StarTrack/Development/JazzGrooveAnalyzer/docs/scientific/rfc/JGA_WHOLE_TRACK_GROOVE_FROZEN_PIPELINE_001_20260921/WHOLE_TRACK_JOINED_EVENTS.csv,810dead183772c6ee3c2ffed01cb79b2a05045abb2aea4e4c8903c180932a4a5,c7efaf8d2029ed140d67b7cbfff1c23fd33e0ffcae18f285566266c063f78e1c,NEW_001,True
F_MIX_00133,24.589931972789117,DRUM_SUPPORTED,67,24.543492063492064,161.49902343749977,46.439909297053000,CONTEXT,F_MIX_00133,/Users/StarTrack/Development/JazzGrooveAnalyzer/docs/scientific/rfc/JGA_WHOLE_TRACK_GROOVE_FROZEN_PIPELINE_001_20260921/WHOLE_TRACK_JOINED_EVENTS.csv,810dead183772c6ee3c2ffed01cb79b2a05045abb2aea4e4c8903c180932a4a5,c7efaf8d2029ed140d67b7cbfff1c23fd33e0ffcae18f285566266c063f78e1c,NEW_001,True
F_MIX_00134,24.856961451247166,UNKNOWN,68,24.91501133786848,161.49902343749977,-58.049886621314000,CONTEXT,F_MIX_00134,/Users/StarTrack/Development/JazzGrooveAnalyzer/docs/scientific/rfc/JGA_WHOLE_TRACK_GROOVE_FROZEN_PIPELINE_001_20260921/WHOLE_TRACK_JOINED_EVENTS.csv,810dead183772c6ee3c2ffed01cb79b2a05045abb2aea4e4c8903c180932a4a5,c7efaf8d2029ed140d67b7cbfff1c23fd33e0ffcae18f285566266c063f78e1c,NEW_001,True
F_MIX_00135,24.94984126984127,BASS_AND_DRUM_SUPPORTED,68,24.91501133786848,161.49902343749977,34.82993197279000,PRIMARY,F_MIX_00135,/Users/StarTrack/Development/JazzGrooveAnalyzer/docs/scientific/rfc/JGA_WHOLE_TRACK_GROOVE_FROZEN_PIPELINE_001_20260921/WHOLE_TRACK_JOINED_EVENTS.csv,810dead183772c6ee3c2ffed01cb79b2a05045abb2aea4e4c8903c180932a4a5,c7efaf8d2029ed140d67b7cbfff1c23fd33e0ffcae18f285566266c063f78e1c,NEW_001,True
F_MIX_00136,25.205260770975055,DRUM_SUPPORTED,69,25.2865306122449,161.49902343749977,-81.269841269845000,CONTEXT,F_MIX_00136,/Users/StarTrack/Development/JazzGrooveAnalyzer/docs/scientific/rfc/JGA_WHOLE_TRACK_GROOVE_FROZEN_PIPELINE_001_20260921/WHOLE_TRACK_JOINED_EVENTS.csv,810dead183772c6ee3c2ffed01cb79b2a05045abb2aea4e4c8903c180932a4a5,c7efaf8d2029ed140d67b7cbfff1c23fd33e0ffcae18f285566266c063f78e1c,NEW_001,True
F_MIX_00137,25.240090702947846,DRUM_SUPPORTED,69,25.2865306122449,161.49902343749977,-46.439909297054000,CONTEXT,F_MIX_00137,/Users/StarTrack/Development/JazzGrooveAnalyzer/docs/scientific/rfc/JGA_WHOLE_TRACK_GROOVE_FROZEN_PIPELINE_001_20260921/WHOLE_TRACK_JOINED_EVENTS.csv,810dead183772c6ee3c2ffed01cb79b2a05045abb2aea4e4c8903c180932a4a5,c7efaf8d2029ed140d67b7cbfff1c23fd33e0ffcae18f285566266c063f78e1c,NEW_001,True
F_MIX_00138,25.33297052154195,BASS_AND_DRUM_SUPPORTED,69,25.2865306122449,161.49902343749977,46.43990929705000,PRIMARY,F_MIX_00138,/Users/StarTrack/Development/JazzGrooveAnalyzer/docs/scientific/rfc/JGA_WHOLE_TRACK_GROOVE_FROZEN_PIPELINE_001_20260921/WHOLE_TRACK_JOINED_EVENTS.csv,810dead183772c6ee3c2ffed01cb79b2a05045abb2aea4e4c8903c180932a4a5,c7efaf8d2029ed140d67b7cbfff1c23fd33e0ffcae18f285566266c063f78e1c,NEW_001,True
F_MIX_00139,25.576780045351473,DRUM_SUPPORTED,70,25.658049886621317,161.49902343750134,-81.269841269844000,CONTEXT,F_MIX_00139,/Users/StarTrack/Development/JazzGrooveAnalyzer/docs/scientific/rfc/JGA_WHOLE_TRACK_GROOVE_FROZEN_PIPELINE_001_20260921/WHOLE_TRACK_JOINED_EVENTS.csv,810dead183772c6ee3c2ffed01cb79b2a05045abb2aea4e4c8903c180932a4a5,c7efaf8d2029ed140d67b7cbfff1c23fd33e0ffcae18f285566266c063f78e1c,NEW_001,True
F_MIX_00140,25.66965986394558,BASS_AND_DRUM_SUPPORTED,70,25.658049886621317,161.49902343750134,11.609977324263000,PRIMARY,F_MIX_00140,/Users/StarTrack/Development/JazzGrooveAnalyzer/docs/scientific/rfc/JGA_WHOLE_TRACK_GROOVE_FROZEN_PIPELINE_001_20260921/WHOLE_TRACK_JOINED_EVENTS.csv,810dead183772c6ee3c2ffed01cb79b2a05045abb2aea4e4c8903c180932a4a5,c7efaf8d2029ed140d67b7cbfff1c23fd33e0ffcae18f285566266c063f78e1c,NEW_001,True
F_MIX_00141,25.971519274376416,UNKNOWN,71,26.02956916099773,161.49902343749977,-58.049886621314000,CONTEXT,F_MIX_00141,/Users/StarTrack/Development/JazzGrooveAnalyzer/docs/scientific/rfc/JGA_WHOLE_TRACK_GROOVE_FROZEN_PIPELINE_001_20260921/WHOLE_TRACK_JOINED_EVENTS.csv,810dead183772c6ee3c2ffed01cb79b2a05045abb2aea4e4c8903c180932a4a5,c7efaf8d2029ed140d67b7cbfff1c23fd33e0ffcae18f285566266c063f78e1c,NEW_001,True
F_MIX_00142,26.041179138321997,DRUM_SUPPORTED,71,26.02956916099773,161.49902343749977,11.609977324267000,PRIMARY,F_MIX_00142,/Users/StarTrack/Development/JazzGrooveAnalyzer/docs/scientific/rfc/JGA_WHOLE_TRACK_GROOVE_FROZEN_PIPELINE_001_20260921/WHOLE_TRACK_JOINED_EVENTS.csv,810dead183772c6ee3c2ffed01cb79b2a05045abb2aea4e4c8903c180932a4a5,c7efaf8d2029ed140d67b7cbfff1c23fd33e0ffcae18f285566266c063f78e1c,NEW_001,True
F_MIX_00143,26.21532879818594,UNKNOWN,71,26.02956916099773,161.49902343749977,185.75963718821000,CONTEXT,F_MIX_00143,/Users/StarTrack/Development/JazzGrooveAnalyzer/docs/scientific/rfc/JGA_WHOLE_TRACK_GROOVE_FROZEN_PIPELINE_001_20260921/WHOLE_TRACK_JOINED_EVENTS.csv,810dead183772c6ee3c2ffed01cb79b2a05045abb2aea4e4c8903c180932a4a5,c7efaf8d2029ed140d67b7cbfff1c23fd33e0ffcae18f285566266c063f78e1c,NEW_001,True
F_MIX_00144,26.308208616780046,UNKNOWN,72,26.40108843537415,161.49902343749977,-92.879818594104000,CONTEXT,F_MIX_00144,/Users/StarTrack/Development/JazzGrooveAnalyzer/docs/scientific/rfc/JGA_WHOLE_TRACK_GROOVE_FROZEN_PIPELINE_001_20260921/WHOLE_TRACK_JOINED_EVENTS.csv,810dead183772c6ee3c2ffed01cb79b2a05045abb2aea4e4c8903c180932a4a5,c7efaf8d2029ed140d67b7cbfff1c23fd33e0ffcae18f285566266c063f78e1c,NEW_001,True
F_MIX_00145,26.40108843537415,DRUM_SUPPORTED,72,26.40108843537415,161.49902343749977,0E-14,PRIMARY,F_MIX_00145,/Users/StarTrack/Development/JazzGrooveAnalyzer/docs/scientific/rfc/JGA_WHOLE_TRACK_GROOVE_FROZEN_PIPELINE_001_20260921/WHOLE_TRACK_JOINED_EVENTS.csv,810dead183772c6ee3c2ffed01cb79b2a05045abb2aea4e4c8903c180932a4a5,c7efaf8d2029ed140d67b7cbfff1c23fd33e0ffcae18f285566266c063f78e1c,NEW_001,True
F_MIX_00146,26.43591836734694,UNKNOWN,72,26.40108843537415,161.49902343749977,34.82993197279000,CONTEXT,F_MIX_00146,/Users/StarTrack/Development/JazzGrooveAnalyzer/docs/scientific/rfc/JGA_WHOLE_TRACK_GROOVE_FROZEN_PIPELINE_001_20260921/WHOLE_TRACK_JOINED_EVENTS.csv,810dead183772c6ee3c2ffed01cb79b2a05045abb2aea4e4c8903c180932a4a5,c7efaf8d2029ed140d67b7cbfff1c23fd33e0ffcae18f285566266c063f78e1c,NEW_001,True
F_MIX_00147,26.528798185941042,UNKNOWN,72,26.40108843537415,161.49902343749977,127.709750566892000,CONTEXT,F_MIX_00147,/Users/StarTrack/Development/JazzGrooveAnalyzer/docs/scientific/rfc/JGA_WHOLE_TRACK_GROOVE_FROZEN_PIPELINE_001_20260921/WHOLE_TRACK_JOINED_EVENTS.csv,810dead183772c6ee3c2ffed01cb79b2a05045abb2aea4e4c8903c180932a4a5,c7efaf8d2029ed140d67b7cbfff1c23fd33e0ffcae18f285566266c063f78e1c,NEW_001,True
F_MIX_00148,26.70294784580499,UNKNOWN,73,26.772607709750567,161.49902343749977,-69.659863945577000,CONTEXT,F_MIX_00148,/Users/StarTrack/Development/JazzGrooveAnalyzer/docs/scientific/rfc/JGA_WHOLE_TRACK_GROOVE_FROZEN_PIPELINE_001_20260921/WHOLE_TRACK_JOINED_EVENTS.csv,810dead183772c6ee3c2ffed01cb79b2a05045abb2aea4e4c8903c180932a4a5,c7efaf8d2029ed140d67b7cbfff1c23fd33e0ffcae18f285566266c063f78e1c,NEW_001,True
F_MIX_00149,26.772607709750567,DRUM_SUPPORTED,73,26.772607709750567,161.49902343749977,0E-15,PRIMARY,F_MIX_00149,/Users/StarTrack/Development/JazzGrooveAnalyzer/docs/scientific/rfc/JGA_WHOLE_TRACK_GROOVE_FROZEN_PIPELINE_001_20260921/WHOLE_TRACK_JOINED_EVENTS.csv,810dead183772c6ee3c2ffed01cb79b2a05045abb2aea4e4c8903c180932a4a5,c7efaf8d2029ed140d67b7cbfff1c23fd33e0ffcae18f285566266c063f78e1c,NEW_001,True
F_MIX_00150,27.144126984126984,BASS_AND_DRUM_SUPPORTED,74,27.144126984126984,161.49902343749977,0E-15,PRIMARY,F_MIX_00150,/Users/StarTrack/Development/JazzGrooveAnalyzer/docs/scientific/rfc/JGA_WHOLE_TRACK_GROOVE_FROZEN_PIPELINE_001_20260921/WHOLE_TRACK_JOINED_EVENTS.csv,810dead183772c6ee3c2ffed01cb79b2a05045abb2aea4e4c8903c180932a4a5,c7efaf8d2029ed140d67b7cbfff1c23fd33e0ffcae18f285566266c063f78e1c,NEW_001,True
F_MIX_00151,27.50403628117914,BASS_AND_DRUM_SUPPORTED,75,27.515646258503402,161.49902343749977,-11.609977324262000,PRIMARY,F_MIX_00151,/Users/StarTrack/Development/JazzGrooveAnalyzer/docs/scientific/rfc/JGA_WHOLE_TRACK_GROOVE_FROZEN_PIPELINE_001_20260921/WHOLE_TRACK_JOINED_EVENTS.csv,810dead183772c6ee3c2ffed01cb79b2a05045abb2aea4e4c8903c180932a4a5,c7efaf8d2029ed140d67b7cbfff1c23fd33e0ffcae18f285566266c063f78e1c,NEW_001,True
F_MIX_00152,27.805895691609976,DRUM_SUPPORTED,76,27.88716553287982,172.26562500000085,-81.269841269844000,PRIMARY,F_MIX_00152,/Users/StarTrack/Development/JazzGrooveAnalyzer/docs/scientific/rfc/JGA_WHOLE_TRACK_GROOVE_FROZEN_PIPELINE_001_20260921/WHOLE_TRACK_JOINED_EVENTS.csv,810dead183772c6ee3c2ffed01cb79b2a05045abb2aea4e4c8903c180932a4a5,c7efaf8d2029ed140d67b7cbfff1c23fd33e0ffcae18f285566266c063f78e1c,NEW_001,True
F_MIX_00153,28.142585034013607,UNKNOWN,77,28.23546485260771,161.49902343749977,-92.879818594103000,CONTEXT,F_MIX_00153,/Users/StarTrack/Development/JazzGrooveAnalyzer/docs/scientific/rfc/JGA_WHOLE_TRACK_GROOVE_FROZEN_PIPELINE_001_20260921/WHOLE_TRACK_JOINED_EVENTS.csv,810dead183772c6ee3c2ffed01cb79b2a05045abb2aea4e4c8903c180932a4a5,c7efaf8d2029ed140d67b7cbfff1c23fd33e0ffcae18f285566266c063f78e1c,NEW_001,True
F_MIX_00154,28.23546485260771,BASS_AND_DRUM_SUPPORTED,77,28.23546485260771,161.49902343749977,0E-14,PRIMARY,F_MIX_00154,/Users/StarTrack/Development/JazzGrooveAnalyzer/docs/scientific/rfc/JGA_WHOLE_TRACK_GROOVE_FROZEN_PIPELINE_001_20260921/WHOLE_TRACK_JOINED_EVENTS.csv,810dead183772c6ee3c2ffed01cb79b2a05045abb2aea4e4c8903c180932a4a5,c7efaf8d2029ed140d67b7cbfff1c23fd33e0ffcae18f285566266c063f78e1c,NEW_001,True
F_MIX_00155,28.525714285714287,UNKNOWN,78,28.606984126984127,172.26562500000085,-81.269841269840000,CONTEXT,F_MIX_00155,/Users/StarTrack/Development/JazzGrooveAnalyzer/docs/scientific/rfc/JGA_WHOLE_TRACK_GROOVE_FROZEN_PIPELINE_001_20260921/WHOLE_TRACK_JOINED_EVENTS.csv,810dead183772c6ee3c2ffed01cb79b2a05045abb2aea4e4c8903c180932a4a5,c7efaf8d2029ed140d67b7cbfff1c23fd33e0ffcae18f285566266c063f78e1c,NEW_001,True
F_MIX_00156,28.606984126984127,BASS_AND_DRUM_SUPPORTED,78,28.606984126984127,172.26562500000085,0E-15,PRIMARY,F_MIX_00156,/Users/StarTrack/Development/JazzGrooveAnalyzer/docs/scientific/rfc/JGA_WHOLE_TRACK_GROOVE_FROZEN_PIPELINE_001_20260921/WHOLE_TRACK_JOINED_EVENTS.csv,810dead183772c6ee3c2ffed01cb79b2a05045abb2aea4e4c8903c180932a4a5,c7efaf8d2029ed140d67b7cbfff1c23fd33e0ffcae18f285566266c063f78e1c,NEW_001,True
F_MIX_00157,28.943673469387754,BASS_AND_DRUM_SUPPORTED,79,28.955283446712016,161.49902343749977,-11.609977324262000,PRIMARY,F_MIX_00157,/Users/StarTrack/Development/JazzGrooveAnalyzer/docs/scientific/rfc/JGA_WHOLE_TRACK_GROOVE_FROZEN_PIPELINE_001_20260921/WHOLE_TRACK_JOINED_EVENTS.csv,810dead183772c6ee3c2ffed01cb79b2a05045abb2aea4e4c8903c180932a4a5,c7efaf8d2029ed140d67b7cbfff1c23fd33e0ffcae18f285566266c063f78e1c,NEW_001,True
F_MIX_00158,29.31519274376417,BASS_AND_DRUM_SUPPORTED,80,29.326802721088434,172.26562499999912,-11.609977324264000,PRIMARY,F_MIX_00158,/Users/StarTrack/Development/JazzGrooveAnalyzer/docs/scientific/rfc/JGA_WHOLE_TRACK_GROOVE_FROZEN_PIPELINE_001_20260921/WHOLE_TRACK_JOINED_EVENTS.csv,810dead183772c6ee3c2ffed01cb79b2a05045abb2aea4e4c8903c180932a4a5,c7efaf8d2029ed140d67b7cbfff1c23fd33e0ffcae18f285566266c063f78e1c,NEW_001,True
F_MIX_00159,29.61705215419501,UNKNOWN,81,29.675102040816327,161.49902343749977,-58.049886621317000,CONTEXT,F_MIX_00159,/Users/StarTrack/Development/JazzGrooveAnalyzer/docs/scientific/rfc/JGA_WHOLE_TRACK_GROOVE_FROZEN_PIPELINE_001_20260921/WHOLE_TRACK_JOINED_EVENTS.csv,810dead183772c6ee3c2ffed01cb79b2a05045abb2aea4e4c8903c180932a4a5,c7efaf8d2029ed140d67b7cbfff1c23fd33e0ffcae18f285566266c063f78e1c,NEW_001,True
F_MIX_00160,29.68671201814059,DRUM_SUPPORTED,81,29.675102040816327,161.49902343749977,11.609977324263000,PRIMARY,F_MIX_00160,/Users/StarTrack/Development/JazzGrooveAnalyzer/docs/scientific/rfc/JGA_WHOLE_TRACK_GROOVE_FROZEN_PIPELINE_001_20260921/WHOLE_TRACK_JOINED_EVENTS.csv,810dead183772c6ee3c2ffed01cb79b2a05045abb2aea4e4c8903c180932a4a5,c7efaf8d2029ed140d67b7cbfff1c23fd33e0ffcae18f285566266c063f78e1c,NEW_001,True
F_MIX_00161,29.95374149659864,UNKNOWN,82,30.046621315192745,172.26562500000085,-92.879818594105000,CONTEXT,F_MIX_00161,/Users/StarTrack/Development/JazzGrooveAnalyzer/docs/scientific/rfc/JGA_WHOLE_TRACK_GROOVE_FROZEN_PIPELINE_001_20260921/WHOLE_TRACK_JOINED_EVENTS.csv,810dead183772c6ee3c2ffed01cb79b2a05045abb2aea4e4c8903c180932a4a5,c7efaf8d2029ed140d67b7cbfff1c23fd33e0ffcae18f285566266c063f78e1c,NEW_001,True
F_MIX_00162,30.06984126984127,DRUM_SUPPORTED,82,30.046621315192745,172.26562500000085,23.219954648525000,PRIMARY,F_MIX_00162,/Users/StarTrack/Development/JazzGrooveAnalyzer/docs/scientific/rfc/JGA_WHOLE_TRACK_GROOVE_FROZEN_PIPELINE_001_20260921/WHOLE_TRACK_JOINED_EVENTS.csv,810dead183772c6ee3c2ffed01cb79b2a05045abb2aea4e4c8903c180932a4a5,c7efaf8d2029ed140d67b7cbfff1c23fd33e0ffcae18f285566266c063f78e1c,NEW_002,True
F_MIX_00163,30.37170068027211,DRUM_SUPPORTED,83,30.394920634920634,172.26562499999912,-23.219954648524000,PRIMARY,F_MIX_00163,/Users/StarTrack/Development/JazzGrooveAnalyzer/docs/scientific/rfc/JGA_WHOLE_TRACK_GROOVE_FROZEN_PIPELINE_001_20260921/WHOLE_TRACK_JOINED_EVENTS.csv,810dead183772c6ee3c2ffed01cb79b2a05045abb2aea4e4c8903c180932a4a5,c7efaf8d2029ed140d67b7cbfff1c23fd33e0ffcae18f285566266c063f78e1c,NEW_002,True
F_MIX_00164,30.67356009070295,UNKNOWN,84,30.743219954648527,161.49902343749977,-69.659863945577000,CONTEXT,F_MIX_00164,/Users/StarTrack/Development/JazzGrooveAnalyzer/docs/scientific/rfc/JGA_WHOLE_TRACK_GROOVE_FROZEN_PIPELINE_001_20260921/WHOLE_TRACK_JOINED_EVENTS.csv,810dead183772c6ee3c2ffed01cb79b2a05045abb2aea4e4c8903c180932a4a5,c7efaf8d2029ed140d67b7cbfff1c23fd33e0ffcae18f285566266c063f78e1c,NEW_002,True
F_MIX_00165,30.778049886621314,DRUM_SUPPORTED,84,30.743219954648527,161.49902343749977,34.829931972787000,PRIMARY,F_MIX_00165,/Users/StarTrack/Development/JazzGrooveAnalyzer/docs/scientific/rfc/JGA_WHOLE_TRACK_GROOVE_FROZEN_PIPELINE_001_20260921/WHOLE_TRACK_JOINED_EVENTS.csv,810dead183772c6ee3c2ffed01cb79b2a05045abb2aea4e4c8903c180932a4a5,c7efaf8d2029ed140d67b7cbfff1c23fd33e0ffcae18f285566266c063f78e1c,NEW_002,True
F_MIX_00166,31.05668934240363,UNKNOWN,85,31.114739229024945,172.26562500000085,-58.049886621315000,CONTEXT,F_MIX_00166,/Users/StarTrack/Development/JazzGrooveAnalyzer/docs/scientific/rfc/JGA_WHOLE_TRACK_GROOVE_FROZEN_PIPELINE_001_20260921/WHOLE_TRACK_JOINED_EVENTS.csv,810dead183772c6ee3c2ffed01cb79b2a05045abb2aea4e4c8903c180932a4a5,c7efaf8d2029ed140d67b7cbfff1c23fd33e0ffcae18f285566266c063f78e1c,NEW_002,True
F_MIX_00167,31.13795918367347,DRUM_SUPPORTED,85,31.114739229024945,172.26562500000085,23.219954648525000,PRIMARY,F_MIX_00167,/Users/StarTrack/Development/JazzGrooveAnalyzer/docs/scientific/rfc/JGA_WHOLE_TRACK_GROOVE_FROZEN_PIPELINE_001_20260921/WHOLE_TRACK_JOINED_EVENTS.csv,810dead183772c6ee3c2ffed01cb79b2a05045abb2aea4e4c8903c180932a4a5,c7efaf8d2029ed140d67b7cbfff1c23fd33e0ffcae18f285566266c063f78e1c,NEW_002,True
F_MIX_00168,31.41659863945578,UNKNOWN,86,31.463038548752834,161.49902343749977,-46.439909297054000,CONTEXT,F_MIX_00168,/Users/StarTrack/Development/JazzGrooveAnalyzer/docs/scientific/rfc/JGA_WHOLE_TRACK_GROOVE_FROZEN_PIPELINE_001_20260921/WHOLE_TRACK_JOINED_EVENTS.csv,810dead183772c6ee3c2ffed01cb79b2a05045abb2aea4e4c8903c180932a4a5,c7efaf8d2029ed140d67b7cbfff1c23fd33e0ffcae18f285566266c063f78e1c,NEW_002,True
F_MIX_00169,31.509478458049887,DRUM_SUPPORTED,86,31.463038548752834,161.49902343749977,46.439909297053000,PRIMARY,F_MIX_00169,/Users/StarTrack/Development/JazzGrooveAnalyzer/docs/scientific/rfc/JGA_WHOLE_TRACK_GROOVE_FROZEN_PIPELINE_001_20260921/WHOLE_TRACK_JOINED_EVENTS.csv,810dead183772c6ee3c2ffed01cb79b2a05045abb2aea4e4c8903c180932a4a5,c7efaf8d2029ed140d67b7cbfff1c23fd33e0ffcae18f285566266c063f78e1c,NEW_002,True
F_MIX_00170,31.86938775510204,DRUM_SUPPORTED,87,31.834557823129252,172.26562499999912,34.829931972788000,PRIMARY,F_MIX_00170,/Users/StarTrack/Development/JazzGrooveAnalyzer/docs/scientific/rfc/JGA_WHOLE_TRACK_GROOVE_FROZEN_PIPELINE_001_20260921/WHOLE_TRACK_JOINED_EVENTS.csv,810dead183772c6ee3c2ffed01cb79b2a05045abb2aea4e4c8903c180932a4a5,c7efaf8d2029ed140d67b7cbfff1c23fd33e0ffcae18f285566266c063f78e1c,NEW_002,True
F_MIX_00171,32.13641723356009,UNKNOWN,88,32.182857142857145,172.26562500000261,-46.439909297055000,PRIMARY,F_MIX_00171,/Users/StarTrack/Development/JazzGrooveAnalyzer/docs/scientific/rfc/JGA_WHOLE_TRACK_GROOVE_FROZEN_PIPELINE_001_20260921/WHOLE_TRACK_JOINED_EVENTS.csv,810dead183772c6ee3c2ffed01cb79b2a05045abb2aea4e4c8903c180932a4a5,c7efaf8d2029ed140d67b7cbfff1c23fd33e0ffcae18f285566266c063f78e1c,NEW_002,True
F_MIX_00172,32.38022675736961,UNKNOWN,89,32.53115646258503,161.49902343749977,-150.92970521542000,CONTEXT,F_MIX_00172,/Users/StarTrack/Development/JazzGrooveAnalyzer/docs/scientific/rfc/JGA_WHOLE_TRACK_GROOVE_FROZEN_PIPELINE_001_20260921/WHOLE_TRACK_JOINED_EVENTS.csv,810dead183772c6ee3c2ffed01cb79b2a05045abb2aea4e4c8903c180932a4a5,c7efaf8d2029ed140d67b7cbfff1c23fd33e0ffcae18f285566266c063f78e1c,NEW_002,True
F_MIX_00173,32.496326530612244,DRUM_SUPPORTED,89,32.53115646258503,161.49902343749977,-34.829931972786000,PRIMARY,F_MIX_00173,/Users/StarTrack/Development/JazzGrooveAnalyzer/docs/scientific/rfc/JGA_WHOLE_TRACK_GROOVE_FROZEN_PIPELINE_001_20260921/WHOLE_TRACK_JOINED_EVENTS.csv,810dead183772c6ee3c2ffed01cb79b2a05045abb2aea4e4c8903c180932a4a5,c7efaf8d2029ed140d67b7cbfff1c23fd33e0ffcae18f285566266c063f78e1c,NEW_002,True
F_MIX_00174,32.60081632653061,DRUM_SUPPORTED,89,32.53115646258503,161.49902343749977,69.65986394558000,CONTEXT,F_MIX_00174,/Users/StarTrack/Development/JazzGrooveAnalyzer/docs/scientific/rfc/JGA_WHOLE_TRACK_GROOVE_FROZEN_PIPELINE_001_20260921/WHOLE_TRACK_JOINED_EVENTS.csv,810dead183772c6ee3c2ffed01cb79b2a05045abb2aea4e4c8903c180932a4a5,c7efaf8d2029ed140d67b7cbfff1c23fd33e0ffcae18f285566266c063f78e1c,NEW_002,True
F_MIX_00175,32.833015873015874,UNKNOWN,90,32.90267573696145,161.49902343749977,-69.659863945576000,CONTEXT,F_MIX_00175,/Users/StarTrack/Development/JazzGrooveAnalyzer/docs/scientific/rfc/JGA_WHOLE_TRACK_GROOVE_FROZEN_PIPELINE_001_20260921/WHOLE_TRACK_JOINED_EVENTS.csv,810dead183772c6ee3c2ffed01cb79b2a05045abb2aea4e4c8903c180932a4a5,c7efaf8d2029ed140d67b7cbfff1c23fd33e0ffcae18f285566266c063f78e1c,NEW_002,True
F_MIX_00176,32.879455782312924,UNKNOWN,90,32.90267573696145,161.49902343749977,-23.219954648526000,PRIMARY,F_MIX_00176,/Users/StarTrack/Development/JazzGrooveAnalyzer/docs/scientific/rfc/JGA_WHOLE_TRACK_GROOVE_FROZEN_PIPELINE_001_20260921/WHOLE_TRACK_JOINED_EVENTS.csv,810dead183772c6ee3c2ffed01cb79b2a05045abb2aea4e4c8903c180932a4a5,c7efaf8d2029ed140d67b7cbfff1c23fd33e0ffcae18f285566266c063f78e1c,NEW_002,True
F_MIX_00177,32.97233560090703,DRUM_SUPPORTED,90,32.90267573696145,161.49902343749977,69.65986394558000,CONTEXT,F_MIX_00177,/Users/StarTrack/Development/JazzGrooveAnalyzer/docs/scientific/rfc/JGA_WHOLE_TRACK_GROOVE_FROZEN_PIPELINE_001_20260921/WHOLE_TRACK_JOINED_EVENTS.csv,810dead183772c6ee3c2ffed01cb79b2a05045abb2aea4e4c8903c180932a4a5,c7efaf8d2029ed140d67b7cbfff1c23fd33e0ffcae18f285566266c063f78e1c,NEW_002,True
F_MIX_00178,33.20453514739229,DRUM_SUPPORTED,91,33.274195011337866,172.26562499999912,-69.659863945576000,CONTEXT,F_MIX_00178,/Users/StarTrack/Development/JazzGrooveAnalyzer/docs/scientific/rfc/JGA_WHOLE_TRACK_GROOVE_FROZEN_PIPELINE_001_20260921/WHOLE_TRACK_JOINED_EVENTS.csv,810dead183772c6ee3c2ffed01cb79b2a05045abb2aea4e4c8903c180932a4a5,c7efaf8d2029ed140d67b7cbfff1c23fd33e0ffcae18f285566266c063f78e1c,NEW_002,True
F_MIX_00179,33.32063492063492,DRUM_SUPPORTED,91,33.274195011337866,172.26562499999912,46.439909297054000,PRIMARY,F_MIX_00179,/Users/StarTrack/Development/JazzGrooveAnalyzer/docs/scientific/rfc/JGA_WHOLE_TRACK_GROOVE_FROZEN_PIPELINE_001_20260921/WHOLE_TRACK_JOINED_EVENTS.csv,810dead183772c6ee3c2ffed01cb79b2a05045abb2aea4e4c8903c180932a4a5,c7efaf8d2029ed140d67b7cbfff1c23fd33e0ffcae18f285566266c063f78e1c,NEW_002,True
F_MIX_00180,33.57605442176871,DRUM_SUPPORTED,92,33.62249433106576,161.49902343749977,-46.43990929705000,PRIMARY,F_MIX_00180,/Users/StarTrack/Development/JazzGrooveAnalyzer/docs/scientific/rfc/JGA_WHOLE_TRACK_GROOVE_FROZEN_PIPELINE_001_20260921/WHOLE_TRACK_JOINED_EVENTS.csv,810dead183772c6ee3c2ffed01cb79b2a05045abb2aea4e4c8903c180932a4a5,c7efaf8d2029ed140d67b7cbfff1c23fd33e0ffcae18f285566266c063f78e1c,NEW_002,True
F_MIX_00181,33.68054421768707,DRUM_SUPPORTED,92,33.62249433106576,161.49902343749977,58.04988662131000,CONTEXT,F_MIX_00181,/Users/StarTrack/Development/JazzGrooveAnalyzer/docs/scientific/rfc/JGA_WHOLE_TRACK_GROOVE_FROZEN_PIPELINE_001_20260921/WHOLE_TRACK_JOINED_EVENTS.csv,810dead183772c6ee3c2ffed01cb79b2a05045abb2aea4e4c8903c180932a4a5,c7efaf8d2029ed140d67b7cbfff1c23fd33e0ffcae18f285566266c063f78e1c,NEW_002,True
F_MIX_00182,33.94757369614513,UNKNOWN,93,33.99401360544218,161.49902343749977,-46.43990929705000,PRIMARY,F_MIX_00182,/Users/StarTrack/Development/JazzGrooveAnalyzer/docs/scientific/rfc/JGA_WHOLE_TRACK_GROOVE_FROZEN_PIPELINE_001_20260921/WHOLE_TRACK_JOINED_EVENTS.csv,810dead183772c6ee3c2ffed01cb79b2a05045abb2aea4e4c8903c180932a4a5,c7efaf8d2029ed140d67b7cbfff1c23fd33e0ffcae18f285566266c063f78e1c,NEW_002,True
F_MIX_00183,34.06367346938776,DRUM_SUPPORTED,93,33.99401360544218,161.49902343749977,69.65986394558000,CONTEXT,F_MIX_00183,/Users/StarTrack/Development/JazzGrooveAnalyzer/docs/scientific/rfc/JGA_WHOLE_TRACK_GROOVE_FROZEN_PIPELINE_001_20260921/WHOLE_TRACK_JOINED_EVENTS.csv,810dead183772c6ee3c2ffed01cb79b2a05045abb2aea4e4c8903c180932a4a5,c7efaf8d2029ed140d67b7cbfff1c23fd33e0ffcae18f285566266c063f78e1c,NEW_002,True
F_MIX_00184,34.28426303854875,UNKNOWN,94,34.365532879818595,172.26562499999912,-81.269841269845000,CONTEXT,F_MIX_00184,/Users/StarTrack/Development/JazzGrooveAnalyzer/docs/scientific/rfc/JGA_WHOLE_TRACK_GROOVE_FROZEN_PIPELINE_001_20260921/WHOLE_TRACK_JOINED_EVENTS.csv,810dead183772c6ee3c2ffed01cb79b2a05045abb2aea4e4c8903c180932a4a5,c7efaf8d2029ed140d67b7cbfff1c23fd33e0ffcae18f285566266c063f78e1c,NEW_002,True
F_MIX_00185,34.319092970521545,UNKNOWN,94,34.365532879818595,172.26562499999912,-46.439909297050000,CONTEXT,F_MIX_00185,/Users/StarTrack/Development/JazzGrooveAnalyzer/docs/scientific/rfc/JGA_WHOLE_TRACK_GROOVE_FROZEN_PIPELINE_001_20260921/WHOLE_TRACK_JOINED_EVENTS.csv,810dead183772c6ee3c2ffed01cb79b2a05045abb2aea4e4c8903c180932a4a5,c7efaf8d2029ed140d67b7cbfff1c23fd33e0ffcae18f285566266c063f78e1c,NEW_002,True
F_MIX_00186,34.40036281179138,DRUM_SUPPORTED,94,34.365532879818595,172.26562499999912,34.829931972785000,PRIMARY,F_MIX_00186,/Users/StarTrack/Development/JazzGrooveAnalyzer/docs/scientific/rfc/JGA_WHOLE_TRACK_GROOVE_FROZEN_PIPELINE_001_20260921/WHOLE_TRACK_JOINED_EVENTS.csv,810dead183772c6ee3c2ffed01cb79b2a05045abb2aea4e4c8903c180932a4a5,c7efaf8d2029ed140d67b7cbfff1c23fd33e0ffcae18f285566266c063f78e1c,NEW_002,True
F_MIX_00187,34.65578231292517,DRUM_SUPPORTED,95,34.71383219954649,161.49902343749977,-58.04988662132000,CONTEXT,F_MIX_00187,/Users/StarTrack/Development/JazzGrooveAnalyzer/docs/scientific/rfc/JGA_WHOLE_TRACK_GROOVE_FROZEN_PIPELINE_001_20260921/WHOLE_TRACK_JOINED_EVENTS.csv,810dead183772c6ee3c2ffed01cb79b2a05045abb2aea4e4c8903c180932a4a5,c7efaf8d2029ed140d67b7cbfff1c23fd33e0ffcae18f285566266c063f78e1c,NEW_002,True
F_MIX_00188,34.76027210884354,DRUM_SUPPORTED,95,34.71383219954649,161.49902343749977,46.43990929705000,PRIMARY,F_MIX_00188,/Users/StarTrack/Development/JazzGrooveAnalyzer/docs/scientific/rfc/JGA_WHOLE_TRACK_GROOVE_FROZEN_PIPELINE_001_20260921/WHOLE_TRACK_JOINED_EVENTS.csv,810dead183772c6ee3c2ffed01cb79b2a05045abb2aea4e4c8903c180932a4a5,c7efaf8d2029ed140d67b7cbfff1c23fd33e0ffcae18f285566266c063f78e1c,NEW_002,True
F_MIX_00189,35.02730158730159,UNKNOWN,96,35.085351473922906,161.49902343750287,-58.049886621316000,PRIMARY,F_MIX_00189,/Users/StarTrack/Development/JazzGrooveAnalyzer/docs/scientific/rfc/JGA_WHOLE_TRACK_GROOVE_FROZEN_PIPELINE_001_20260921/WHOLE_TRACK_JOINED_EVENTS.csv,810dead183772c6ee3c2ffed01cb79b2a05045abb2aea4e4c8903c180932a4a5,c7efaf8d2029ed140d67b7cbfff1c23fd33e0ffcae18f285566266c063f78e1c,NEW_002,True
F_MIX_00190,35.15501133786848,DRUM_SUPPORTED,96,35.085351473922906,161.49902343750287,69.659863945574000,CONTEXT,F_MIX_00190,/Users/StarTrack/Development/JazzGrooveAnalyzer/docs/scientific/rfc/JGA_WHOLE_TRACK_GROOVE_FROZEN_PIPELINE_001_20260921/WHOLE_TRACK_JOINED_EVENTS.csv,810dead183772c6ee3c2ffed01cb79b2a05045abb2aea4e4c8903c180932a4a5,c7efaf8d2029ed140d67b7cbfff1c23fd33e0ffcae18f285566266c063f78e1c,NEW_002,True
F_MIX_00191,35.49170068027211,DRUM_SUPPORTED,97,35.456870748299316,161.49902343749977,34.829931972794000,PRIMARY,F_MIX_00191,/Users/StarTrack/Development/JazzGrooveAnalyzer/docs/scientific/rfc/JGA_WHOLE_TRACK_GROOVE_FROZEN_PIPELINE_001_20260921/WHOLE_TRACK_JOINED_EVENTS.csv,810dead183772c6ee3c2ffed01cb79b2a05045abb2aea4e4c8903c180932a4a5,c7efaf8d2029ed140d67b7cbfff1c23fd33e0ffcae18f285566266c063f78e1c,NEW_002,True
F_MIX_00192,35.75873015873016,DRUM_SUPPORTED,98,35.828390022675734,161.49902343749977,-69.659863945574000,CONTEXT,F_MIX_00192,/Users/StarTrack/Development/JazzGrooveAnalyzer/docs/scientific/rfc/JGA_WHOLE_TRACK_GROOVE_FROZEN_PIPELINE_001_20260921/WHOLE_TRACK_JOINED_EVENTS.csv,810dead183772c6ee3c2ffed01cb79b2a05045abb2aea4e4c8903c180932a4a5,c7efaf8d2029ed140d67b7cbfff1c23fd33e0ffcae18f285566266c063f78e1c,NEW_002,True
F_MIX_00193,35.86321995464853,DRUM_SUPPORTED,98,35.828390022675734,161.49902343749977,34.829931972796000,PRIMARY,F_MIX_00193,/Users/StarTrack/Development/JazzGrooveAnalyzer/docs/scientific/rfc/JGA_WHOLE_TRACK_GROOVE_FROZEN_PIPELINE_001_20260921/WHOLE_TRACK_JOINED_EVENTS.csv,810dead183772c6ee3c2ffed01cb79b2a05045abb2aea4e4c8903c180932a4a5,c7efaf8d2029ed140d67b7cbfff1c23fd33e0ffcae18f285566266c063f78e1c,NEW_002,True
F_MIX_00194,36.13024943310658,UNKNOWN,99,36.19990929705215,161.49902343749977,-69.65986394557000,CONTEXT,F_MIX_00194,/Users/StarTrack/Development/JazzGrooveAnalyzer/docs/scientific/rfc/JGA_WHOLE_TRACK_GROOVE_FROZEN_PIPELINE_001_20260921/WHOLE_TRACK_JOINED_EVENTS.csv,810dead183772c6ee3c2ffed01cb79b2a05045abb2aea4e4c8903c180932a4a5,c7efaf8d2029ed140d67b7cbfff1c23fd33e0ffcae18f285566266c063f78e1c,NEW_002,True
F_MIX_00195,36.22312925170068,DRUM_SUPPORTED,99,36.19990929705215,161.49902343749977,23.21995464853000,PRIMARY,F_MIX_00195,/Users/StarTrack/Development/JazzGrooveAnalyzer/docs/scientific/rfc/JGA_WHOLE_TRACK_GROOVE_FROZEN_PIPELINE_001_20260921/WHOLE_TRACK_JOINED_EVENTS.csv,810dead183772c6ee3c2ffed01cb79b2a05045abb2aea4e4c8903c180932a4a5,c7efaf8d2029ed140d67b7cbfff1c23fd33e0ffcae18f285566266c063f78e1c,NEW_002,True
F_MIX_00196,36.594648526077094,DRUM_SUPPORTED,100,36.57142857142857,161.49902343749977,23.219954648524000,PRIMARY,F_MIX_00196,/Users/StarTrack/Development/JazzGrooveAnalyzer/docs/scientific/rfc/JGA_WHOLE_TRACK_GROOVE_FROZEN_PIPELINE_001_20260921/WHOLE_TRACK_JOINED_EVENTS.csv,810dead183772c6ee3c2ffed01cb79b2a05045abb2aea4e4c8903c180932a4a5,c7efaf8d2029ed140d67b7cbfff1c23fd33e0ffcae18f285566266c063f78e1c,NEW_002,True
F_MIX_00197,36.768798185941044,UNKNOWN,101,36.94294784580499,161.49902343749977,-174.149659863946000,CONTEXT,F_MIX_00197,/Users/StarTrack/Development/JazzGrooveAnalyzer/docs/scientific/rfc/JGA_WHOLE_TRACK_GROOVE_FROZEN_PIPELINE_001_20260921/WHOLE_TRACK_JOINED_EVENTS.csv,810dead183772c6ee3c2ffed01cb79b2a05045abb2aea4e4c8903c180932a4a5,c7efaf8d2029ed140d67b7cbfff1c23fd33e0ffcae18f285566266c063f78e1c,NEW_002,True
F_MIX_00198,36.95455782312925,DRUM_SUPPORTED,101,36.94294784580499,161.49902343749977,11.60997732426000,PRIMARY,F_MIX_00198,/Users/StarTrack/Development/JazzGrooveAnalyzer/docs/scientific/rfc/JGA_WHOLE_TRACK_GROOVE_FROZEN_PIPELINE_001_20260921/WHOLE_TRACK_JOINED_EVENTS.csv,810dead183772c6ee3c2ffed01cb79b2a05045abb2aea4e4c8903c180932a4a5,c7efaf8d2029ed140d67b7cbfff1c23fd33e0ffcae18f285566266c063f78e1c,NEW_002,True
F_MIX_00199,37.314467120181405,DRUM_SUPPORTED,102,37.314467120181405,161.49902343749977,0E-15,PRIMARY,F_MIX_00199,/Users/StarTrack/Development/JazzGrooveAnalyzer/docs/scientific/rfc/JGA_WHOLE_TRACK_GROOVE_FROZEN_PIPELINE_001_20260921/WHOLE_TRACK_JOINED_EVENTS.csv,810dead183772c6ee3c2ffed01cb79b2a05045abb2aea4e4c8903c180932a4a5,c7efaf8d2029ed140d67b7cbfff1c23fd33e0ffcae18f285566266c063f78e1c,NEW_002,True
F_MIX_00200,37.697596371882085,DRUM_SUPPORTED,103,37.68598639455782,161.49902343749977,11.609977324265000,PRIMARY,F_MIX_00200,/Users/StarTrack/Development/JazzGrooveAnalyzer/docs/scientific/rfc/JGA_WHOLE_TRACK_GROOVE_FROZEN_PIPELINE_001_20260921/WHOLE_TRACK_JOINED_EVENTS.csv,810dead183772c6ee3c2ffed01cb79b2a05045abb2aea4e4c8903c180932a4a5,c7efaf8d2029ed140d67b7cbfff1c23fd33e0ffcae18f285566266c063f78e1c,NEW_002,True
F_MIX_00201,37.82530612244898,UNKNOWN,103,37.68598639455782,161.49902343749977,139.31972789116000,CONTEXT,F_MIX_00201,/Users/StarTrack/Development/JazzGrooveAnalyzer/docs/scientific/rfc/JGA_WHOLE_TRACK_GROOVE_FROZEN_PIPELINE_001_20260921/WHOLE_TRACK_JOINED_EVENTS.csv,810dead183772c6ee3c2ffed01cb79b2a05045abb2aea4e4c8903c180932a4a5,c7efaf8d2029ed140d67b7cbfff1c23fd33e0ffcae18f285566266c063f78e1c,NEW_002,True
F_MIX_00202,37.95301587301587,UNKNOWN,104,38.05750566893424,161.49902343749977,-104.48979591837000,CONTEXT,F_MIX_00202,/Users/StarTrack/Development/JazzGrooveAnalyzer/docs/scientific/rfc/JGA_WHOLE_TRACK_GROOVE_FROZEN_PIPELINE_001_20260921/WHOLE_TRACK_JOINED_EVENTS.csv,810dead183772c6ee3c2ffed01cb79b2a05045abb2aea4e4c8903c180932a4a5,c7efaf8d2029ed140d67b7cbfff1c23fd33e0ffcae18f285566266c063f78e1c,NEW_002,True
F_MIX_00203,37.98784580498866,UNKNOWN,104,38.05750566893424,161.49902343749977,-69.65986394558000,CONTEXT,F_MIX_00203,/Users/StarTrack/Development/JazzGrooveAnalyzer/docs/scientific/rfc/JGA_WHOLE_TRACK_GROOVE_FROZEN_PIPELINE_001_20260921/WHOLE_TRACK_JOINED_EVENTS.csv,810dead183772c6ee3c2ffed01cb79b2a05045abb2aea4e4c8903c180932a4a5,c7efaf8d2029ed140d67b7cbfff1c23fd33e0ffcae18f285566266c063f78e1c,NEW_002,True
F_MIX_00204,38.0691156462585,DRUM_SUPPORTED,104,38.05750566893424,161.49902343749977,11.60997732426000,PRIMARY,F_MIX_00204,/Users/StarTrack/Development/JazzGrooveAnalyzer/docs/scientific/rfc/JGA_WHOLE_TRACK_GROOVE_FROZEN_PIPELINE_001_20260921/WHOLE_TRACK_JOINED_EVENTS.csv,810dead183772c6ee3c2ffed01cb79b2a05045abb2aea4e4c8903c180932a4a5,c7efaf8d2029ed140d67b7cbfff1c23fd33e0ffcae18f285566266c063f78e1c,NEW_002,True
F_MIX_00205,38.254875283446715,UNKNOWN,105,38.42902494331066,172.26562499999912,-174.149659863945000,CONTEXT,F_MIX_00205,/Users/StarTrack/Development/JazzGrooveAnalyzer/docs/scientific/rfc/JGA_WHOLE_TRACK_GROOVE_FROZEN_PIPELINE_001_20260921/WHOLE_TRACK_JOINED_EVENTS.csv,810dead183772c6ee3c2ffed01cb79b2a05045abb2aea4e4c8903c180932a4a5,c7efaf8d2029ed140d67b7cbfff1c23fd33e0ffcae18f285566266c063f78e1c,NEW_002,True
F_MIX_00206,38.32453514739229,UNKNOWN,105,38.42902494331066,172.26562499999912,-104.48979591837000,CONTEXT,F_MIX_00206,/Users/StarTrack/Development/JazzGrooveAnalyzer/docs/scientific/rfc/JGA_WHOLE_TRACK_GROOVE_FROZEN_PIPELINE_001_20260921/WHOLE_TRACK_JOINED_EVENTS.csv,810dead183772c6ee3c2ffed01cb79b2a05045abb2aea4e4c8903c180932a4a5,c7efaf8d2029ed140d67b7cbfff1c23fd33e0ffcae18f285566266c063f78e1c,NEW_002,True
F_MIX_00207,38.44063492063492,DRUM_SUPPORTED,105,38.42902494331066,172.26562499999912,11.60997732426000,PRIMARY,F_MIX_00207,/Users/StarTrack/Development/JazzGrooveAnalyzer/docs/scientific/rfc/JGA_WHOLE_TRACK_GROOVE_FROZEN_PIPELINE_001_20260921/WHOLE_TRACK_JOINED_EVENTS.csv,810dead183772c6ee3c2ffed01cb79b2a05045abb2aea4e4c8903c180932a4a5,c7efaf8d2029ed140d67b7cbfff1c23fd33e0ffcae18f285566266c063f78e1c,NEW_002,True
F_MIX_00208,38.69605442176871,UNKNOWN,106,38.77732426303855,161.49902343749977,-81.26984126984000,CONTEXT,F_MIX_00208,/Users/StarTrack/Development/JazzGrooveAnalyzer/docs/scientific/rfc/JGA_WHOLE_TRACK_GROOVE_FROZEN_PIPELINE_001_20260921/WHOLE_TRACK_JOINED_EVENTS.csv,810dead183772c6ee3c2ffed01cb79b2a05045abb2aea4e4c8903c180932a4a5,c7efaf8d2029ed140d67b7cbfff1c23fd33e0ffcae18f285566266c063f78e1c,NEW_002,True
F_MIX_00209,38.81215419501134,DRUM_SUPPORTED,106,38.77732426303855,161.49902343749977,34.82993197279000,PRIMARY,F_MIX_00209,/Users/StarTrack/Development/JazzGrooveAnalyzer/docs/scientific/rfc/JGA_WHOLE_TRACK_GROOVE_FROZEN_PIPELINE_001_20260921/WHOLE_TRACK_JOINED_EVENTS.csv,810dead183772c6ee3c2ffed01cb79b2a05045abb2aea4e4c8903c180932a4a5,c7efaf8d2029ed140d67b7cbfff1c23fd33e0ffcae18f285566266c063f78e1c,NEW_002,True
F_MIX_00210,39.172063492063494,DRUM_SUPPORTED,107,39.14884353741497,161.49902343749977,23.219954648524000,PRIMARY,F_MIX_00210,/Users/StarTrack/Development/JazzGrooveAnalyzer/docs/scientific/rfc/JGA_WHOLE_TRACK_GROOVE_FROZEN_PIPELINE_001_20260921/WHOLE_TRACK_JOINED_EVENTS.csv,810dead183772c6ee3c2ffed01cb79b2a05045abb2aea4e4c8903c180932a4a5,c7efaf8d2029ed140d67b7cbfff1c23fd33e0ffcae18f285566266c063f78e1c,NEW_002,True
F_MIX_00211,39.46231292517007,UNKNOWN,108,39.52036281179139,161.49902343750287,-58.04988662132000,CONTEXT,F_MIX_00211,/Users/StarTrack/Development/JazzGrooveAnalyzer/docs/scientific/rfc/JGA_WHOLE_TRACK_GROOVE_FROZEN_PIPELINE_001_20260921/WHOLE_TRACK_JOINED_EVENTS.csv,810dead183772c6ee3c2ffed01cb79b2a05045abb2aea4e4c8903c180932a4a5,c7efaf8d2029ed140d67b7cbfff1c23fd33e0ffcae18f285566266c063f78e1c,NEW_002,True
F_MIX_00212,39.555192743764174,DRUM_SUPPORTED,108,39.52036281179139,161.49902343750287,34.829931972784000,PRIMARY,F_MIX_00212,/Users/StarTrack/Development/JazzGrooveAnalyzer/docs/scientific/rfc/JGA_WHOLE_TRACK_GROOVE_FROZEN_PIPELINE_001_20260921/WHOLE_TRACK_JOINED_EVENTS.csv,810dead183772c6ee3c2ffed01cb79b2a05045abb2aea4e4c8903c180932a4a5,c7efaf8d2029ed140d67b7cbfff1c23fd33e0ffcae18f285566266c063f78e1c,NEW_002,True
F_MIX_00213,39.74095238095238,UNKNOWN,109,39.8918820861678,161.49902343749977,-150.92970521542000,CONTEXT,F_MIX_00213,/Users/StarTrack/Development/JazzGrooveAnalyzer/docs/scientific/rfc/JGA_WHOLE_TRACK_GROOVE_FROZEN_PIPELINE_001_20260921/WHOLE_TRACK_JOINED_EVENTS.csv,810dead183772c6ee3c2ffed01cb79b2a05045abb2aea4e4c8903c180932a4a5,c7efaf8d2029ed140d67b7cbfff1c23fd33e0ffcae18f285566266c063f78e1c,NEW_002,True
F_MIX_00214,39.92671201814059,DRUM_SUPPORTED,109,39.8918820861678,161.49902343749977,34.82993197279000,PRIMARY,F_MIX_00214,/Users/StarTrack/Development/JazzGrooveAnalyzer/docs/scientific/rfc/JGA_WHOLE_TRACK_GROOVE_FROZEN_PIPELINE_001_20260921/WHOLE_TRACK_JOINED_EVENTS.csv,810dead183772c6ee3c2ffed01cb79b2a05045abb2aea4e4c8903c180932a4a5,c7efaf8d2029ed140d67b7cbfff1c23fd33e0ffcae18f285566266c063f78e1c,NEW_002,True
F_MIX_00215,40.2053514739229,UNKNOWN,110,40.263401360544215,172.26562499999912,-58.049886621315000,CONTEXT,F_MIX_00215,/Users/StarTrack/Development/JazzGrooveAnalyzer/docs/scientific/rfc/JGA_WHOLE_TRACK_GROOVE_FROZEN_PIPELINE_001_20260921/WHOLE_TRACK_JOINED_EVENTS.csv,810dead183772c6ee3c2ffed01cb79b2a05045abb2aea4e4c8903c180932a4a5,c7efaf8d2029ed140d67b7cbfff1c23fd33e0ffcae18f285566266c063f78e1c,NEW_002,True
F_MIX_00216,40.29823129251701,DRUM_SUPPORTED,110,40.263401360544215,172.26562499999912,34.829931972795000,PRIMARY,F_MIX_00216,/Users/StarTrack/Development/JazzGrooveAnalyzer/docs/scientific/rfc/JGA_WHOLE_TRACK_GROOVE_FROZEN_PIPELINE_001_20260921/WHOLE_TRACK_JOINED_EVENTS.csv,810dead183772c6ee3c2ffed01cb79b2a05045abb2aea4e4c8903c180932a4a5,c7efaf8d2029ed140d67b7cbfff1c23fd33e0ffcae18f285566266c063f78e1c,NEW_002,True
F_MIX_00217,40.56526077097506,UNKNOWN,111,40.61170068027211,161.49902343749977,-46.43990929705000,PRIMARY,F_MIX_00217,/Users/StarTrack/Development/JazzGrooveAnalyzer/docs/scientific/rfc/JGA_WHOLE_TRACK_GROOVE_FROZEN_PIPELINE_001_20260921/WHOLE_TRACK_JOINED_EVENTS.csv,810dead183772c6ee3c2ffed01cb79b2a05045abb2aea4e4c8903c180932a4a5,c7efaf8d2029ed140d67b7cbfff1c23fd33e0ffcae18f285566266c063f78e1c,NEW_002,True
F_MIX_00218,40.66975056689343,DRUM_SUPPORTED,111,40.61170068027211,161.49902343749977,58.04988662132000,CONTEXT,F_MIX_00218,/Users/StarTrack/Development/JazzGrooveAnalyzer/docs/scientific/rfc/JGA_WHOLE_TRACK_GROOVE_FROZEN_PIPELINE_001_20260921/WHOLE_TRACK_JOINED_EVENTS.csv,810dead183772c6ee3c2ffed01cb79b2a05045abb2aea4e4c8903c180932a4a5,c7efaf8d2029ed140d67b7cbfff1c23fd33e0ffcae18f285566266c063f78e1c,NEW_002,True
F_MIX_00219,40.90195011337868,UNKNOWN,112,40.983219954648526,161.49902343749977,-81.269841269846000,CONTEXT,F_MIX_00219,/Users/StarTrack/Development/JazzGrooveAnalyzer/docs/scientific/rfc/JGA_WHOLE_TRACK_GROOVE_FROZEN_PIPELINE_001_20260921/WHOLE_TRACK_JOINED_EVENTS.csv,810dead183772c6ee3c2ffed01cb79b2a05045abb2aea4e4c8903c180932a4a5,c7efaf8d2029ed140d67b7cbfff1c23fd33e0ffcae18f285566266c063f78e1c,NEW_002,True
F_MIX_00220,41.029659863945575,DRUM_SUPPORTED,112,40.983219954648526,161.49902343749977,46.439909297049000,PRIMARY,F_MIX_00220,/Users/StarTrack/Development/JazzGrooveAnalyzer/docs/scientific/rfc/JGA_WHOLE_TRACK_GROOVE_FROZEN_PIPELINE_001_20260921/WHOLE_TRACK_JOINED_EVENTS.csv,810dead183772c6ee3c2ffed01cb79b2a05045abb2aea4e4c8903c180932a4a5,c7efaf8d2029ed140d67b7cbfff1c23fd33e0ffcae18f285566266c063f78e1c,NEW_002,True
F_MIX_00221,41.28507936507936,DRUM_SUPPORTED,113,41.35473922902494,161.49902343749977,-69.65986394558000,CONTEXT,F_MIX_00221,/Users/StarTrack/Development/JazzGrooveAnalyzer/docs/scientific/rfc/JGA_WHOLE_TRACK_GROOVE_FROZEN_PIPELINE_001_20260921/WHOLE_TRACK_JOINED_EVENTS.csv,810dead183772c6ee3c2ffed01cb79b2a05045abb2aea4e4c8903c180932a4a5,c7efaf8d2029ed140d67b7cbfff1c23fd33e0ffcae18f285566266c063f78e1c,NEW_002,True
F_MIX_00222,41.40117913832199,BASS_AND_DRUM_SUPPORTED,113,41.35473922902494,161.49902343749977,46.43990929705000,PRIMARY,F_MIX_00222,/Users/StarTrack/Development/JazzGrooveAnalyzer/docs/scientific/rfc/JGA_WHOLE_TRACK_GROOVE_FROZEN_PIPELINE_001_20260921/WHOLE_TRACK_JOINED_EVENTS.csv,810dead183772c6ee3c2ffed01cb79b2a05045abb2aea4e4c8903c180932a4a5,c7efaf8d2029ed140d67b7cbfff1c23fd33e0ffcae18f285566266c063f78e1c,NEW_002,True
F_MIX_00223,41.64498866213152,DRUM_SUPPORTED,114,41.72625850340136,161.49902343749977,-81.26984126984000,CONTEXT,F_MIX_00223,/Users/StarTrack/Development/JazzGrooveAnalyzer/docs/scientific/rfc/JGA_WHOLE_TRACK_GROOVE_FROZEN_PIPELINE_001_20260921/WHOLE_TRACK_JOINED_EVENTS.csv,810dead183772c6ee3c2ffed01cb79b2a05045abb2aea4e4c8903c180932a4a5,c7efaf8d2029ed140d67b7cbfff1c23fd33e0ffcae18f285566266c063f78e1c,NEW_002,True
F_MIX_00224,41.749478458049886,BASS_AND_DRUM_SUPPORTED,114,41.72625850340136,161.49902343749977,23.219954648526000,PRIMARY,F_MIX_00224,/Users/StarTrack/Development/JazzGrooveAnalyzer/docs/scientific/rfc/JGA_WHOLE_TRACK_GROOVE_FROZEN_PIPELINE_001_20260921/WHOLE_TRACK_JOINED_EVENTS.csv,810dead183772c6ee3c2ffed01cb79b2a05045abb2aea4e4c8903c180932a4a5,c7efaf8d2029ed140d67b7cbfff1c23fd33e0ffcae18f285566266c063f78e1c,NEW_002,True
F_MIX_00225,42.10938775510204,DRUM_SUPPORTED,115,42.09777777777778,161.49902343749977,11.60997732426000,PRIMARY,F_MIX_00225,/Users/StarTrack/Development/JazzGrooveAnalyzer/docs/scientific/rfc/JGA_WHOLE_TRACK_GROOVE_FROZEN_PIPELINE_001_20260921/WHOLE_TRACK_JOINED_EVENTS.csv,810dead183772c6ee3c2ffed01cb79b2a05045abb2aea4e4c8903c180932a4a5,c7efaf8d2029ed140d67b7cbfff1c23fd33e0ffcae18f285566266c063f78e1c,NEW_002,True
F_MIX_00226,42.38802721088435,DRUM_SUPPORTED,116,42.4692970521542,172.26562499999912,-81.26984126985000,CONTEXT,F_MIX_00226,/Users/StarTrack/Development/JazzGrooveAnalyzer/docs/scientific/rfc/JGA_WHOLE_TRACK_GROOVE_FROZEN_PIPELINE_001_20260921/WHOLE_TRACK_JOINED_EVENTS.csv,810dead183772c6ee3c2ffed01cb79b2a05045abb2aea4e4c8903c180932a4a5,c7efaf8d2029ed140d67b7cbfff1c23fd33e0ffcae18f285566266c063f78e1c,NEW_002,True
F_MIX_00227,42.52734693877551,UNKNOWN,116,42.4692970521542,172.26562499999912,58.04988662131000,PRIMARY,F_MIX_00227,/Users/StarTrack/Development/JazzGrooveAnalyzer/docs/scientific/rfc/JGA_WHOLE_TRACK_GROOVE_FROZEN_PIPELINE_001_20260921/WHOLE_TRACK_JOINED_EVENTS.csv,810dead183772c6ee3c2ffed01cb79b2a05045abb2aea4e4c8903c180932a4a5,c7efaf8d2029ed140d67b7cbfff1c23fd33e0ffcae18f285566266c063f78e1c,NEW_002,True
F_MIX_00228,42.71310657596372,DRUM_SUPPORTED,117,42.81759637188209,161.49902343750287,-104.48979591837000,CONTEXT,F_MIX_00228,/Users/StarTrack/Development/JazzGrooveAnalyzer/docs/scientific/rfc/JGA_WHOLE_TRACK_GROOVE_FROZEN_PIPELINE_001_20260921/WHOLE_TRACK_JOINED_EVENTS.csv,810dead183772c6ee3c2ffed01cb79b2a05045abb2aea4e4c8903c180932a4a5,c7efaf8d2029ed140d67b7cbfff1c23fd33e0ffcae18f285566266c063f78e1c,NEW_002,True
F_MIX_00229,42.75954648526077,DRUM_SUPPORTED,117,42.81759637188209,161.49902343750287,-58.04988662132000,CONTEXT,F_MIX_00229,/Users/StarTrack/Development/JazzGrooveAnalyzer/docs/scientific/rfc/JGA_WHOLE_TRACK_GROOVE_FROZEN_PIPELINE_001_20260921/WHOLE_TRACK_JOINED_EVENTS.csv,810dead183772c6ee3c2ffed01cb79b2a05045abb2aea4e4c8903c180932a4a5,c7efaf8d2029ed140d67b7cbfff1c23fd33e0ffcae18f285566266c063f78e1c,NEW_002,True
F_MIX_00230,42.86403628117914,DRUM_SUPPORTED,117,42.81759637188209,161.49902343750287,46.43990929705000,PRIMARY,F_MIX_00230,/Users/StarTrack/Development/JazzGrooveAnalyzer/docs/scientific/rfc/JGA_WHOLE_TRACK_GROOVE_FROZEN_PIPELINE_001_20260921/WHOLE_TRACK_JOINED_EVENTS.csv,810dead183772c6ee3c2ffed01cb79b2a05045abb2aea4e4c8903c180932a4a5,c7efaf8d2029ed140d67b7cbfff1c23fd33e0ffcae18f285566266c063f78e1c,NEW_002,True
F_MIX_00231,43.23555555555556,BASS_AND_DRUM_SUPPORTED,118,43.1891156462585,161.49902343749977,46.43990929706000,PRIMARY,F_MIX_00231,/Users/StarTrack/Development/JazzGrooveAnalyzer/docs/scientific/rfc/JGA_WHOLE_TRACK_GROOVE_FROZEN_PIPELINE_001_20260921/WHOLE_TRACK_JOINED_EVENTS.csv,810dead183772c6ee3c2ffed01cb79b2a05045abb2aea4e4c8903c180932a4a5,c7efaf8d2029ed140d67b7cbfff1c23fd33e0ffcae18f285566266c063f78e1c,NEW_002,True
F_MIX_00232,43.47936507936508,DRUM_SUPPORTED,119,43.56063492063492,161.49902343749977,-81.26984126984000,PRIMARY,F_MIX_00232,/Users/StarTrack/Development/JazzGrooveAnalyzer/docs/scientific/rfc/JGA_WHOLE_TRACK_GROOVE_FROZEN_PIPELINE_001_20260921/WHOLE_TRACK_JOINED_EVENTS.csv,810dead183772c6ee3c2ffed01cb79b2a05045abb2aea4e4c8903c180932a4a5,c7efaf8d2029ed140d67b7cbfff1c23fd33e0ffcae18f285566266c063f78e1c,NEW_002,True
F_MIX_00233,43.86249433106576,UNKNOWN,120,43.932154195011336,161.49902343749977,-69.659863945576000,PRIMARY,F_MIX_00233,/Users/StarTrack/Development/JazzGrooveAnalyzer/docs/scientific/rfc/JGA_WHOLE_TRACK_GROOVE_FROZEN_PIPELINE_001_20260921/WHOLE_TRACK_JOINED_EVENTS.csv,810dead183772c6ee3c2ffed01cb79b2a05045abb2aea4e4c8903c180932a4a5,c7efaf8d2029ed140d67b7cbfff1c23fd33e0ffcae18f285566266c063f78e1c,NEW_002,True
F_MIX_00234,44.00181405895692,DRUM_SUPPORTED,120,43.932154195011336,161.49902343749977,69.659863945584000,CONTEXT,F_MIX_00234,/Users/StarTrack/Development/JazzGrooveAnalyzer/docs/scientific/rfc/JGA_WHOLE_TRACK_GROOVE_FROZEN_PIPELINE_001_20260921/WHOLE_TRACK_JOINED_EVENTS.csv,810dead183772c6ee3c2ffed01cb79b2a05045abb2aea4e4c8903c180932a4a5,c7efaf8d2029ed140d67b7cbfff1c23fd33e0ffcae18f285566266c063f78e1c,NEW_002,True
F_MIX_00235,44.18757369614512,DRUM_SUPPORTED,121,44.30367346938775,151.99908088235324,-116.09977324263000,CONTEXT,F_MIX_00235,/Users/StarTrack/Development/JazzGrooveAnalyzer/docs/scientific/rfc/JGA_WHOLE_TRACK_GROOVE_FROZEN_PIPELINE_001_20260921/WHOLE_TRACK_JOINED_EVENTS.csv,810dead183772c6ee3c2ffed01cb79b2a05045abb2aea4e4c8903c180932a4a5,c7efaf8d2029ed140d67b7cbfff1c23fd33e0ffcae18f285566266c063f78e1c,NEW_002,True
F_MIX_00236,44.22240362811792,DRUM_SUPPORTED,121,44.30367346938775,151.99908088235324,-81.26984126983000,CONTEXT,F_MIX_00236,/Users/StarTrack/Development/JazzGrooveAnalyzer/docs/scientific/rfc/JGA_WHOLE_TRACK_GROOVE_FROZEN_PIPELINE_001_20260921/WHOLE_TRACK_JOINED_EVENTS.csv,810dead183772c6ee3c2ffed01cb79b2a05045abb2aea4e4c8903c180932a4a5,c7efaf8d2029ed140d67b7cbfff1c23fd33e0ffcae18f285566266c063f78e1c,NEW_002,True
F_MIX_00237,44.36172335600907,UNKNOWN,121,44.30367346938775,151.99908088235324,58.04988662132000,PRIMARY,F_MIX_00237,/Users/StarTrack/Development/JazzGrooveAnalyzer/docs/scientific/rfc/JGA_WHOLE_TRACK_GROOVE_FROZEN_PIPELINE_001_20260921/WHOLE_TRACK_JOINED_EVENTS.csv,810dead183772c6ee3c2ffed01cb79b2a05045abb2aea4e4c8903c180932a4a5,c7efaf8d2029ed140d67b7cbfff1c23fd33e0ffcae18f285566266c063f78e1c,NEW_002,True
F_MIX_00238,44.68680272108843,BASS_AND_DRUM_SUPPORTED,122,44.698412698412696,161.49902343749977,-11.609977324266000,PRIMARY,F_MIX_00238,/Users/StarTrack/Development/JazzGrooveAnalyzer/docs/scientific/rfc/JGA_WHOLE_TRACK_GROOVE_FROZEN_PIPELINE_001_20260921/WHOLE_TRACK_JOINED_EVENTS.csv,810dead183772c6ee3c2ffed01cb79b2a05045abb2aea4e4c8903c180932a4a5,c7efaf8d2029ed140d67b7cbfff1c23fd33e0ffcae18f285566266c063f78e1c,NEW_002,True
F_MIX_00239,44.72163265306123,DRUM_SUPPORTED,122,44.698412698412696,161.49902343749977,23.219954648534000,CONTEXT,F_MIX_00239,/Users/StarTrack/Development/JazzGrooveAnalyzer/docs/scientific/rfc/JGA_WHOLE_TRACK_GROOVE_FROZEN_PIPELINE_001_20260921/WHOLE_TRACK_JOINED_EVENTS.csv,810dead183772c6ee3c2ffed01cb79b2a05045abb2aea4e4c8903c180932a4a5,c7efaf8d2029ed140d67b7cbfff1c23fd33e0ffcae18f285566266c063f78e1c,NEW_002,True
F_MIX_00240,45.10476190476191,UNKNOWN,123,45.069931972789114,161.49902343749977,34.829931972796000,PRIMARY,F_MIX_00240,/Users/StarTrack/Development/JazzGrooveAnalyzer/docs/scientific/rfc/JGA_WHOLE_TRACK_GROOVE_FROZEN_PIPELINE_001_20260921/WHOLE_TRACK_JOINED_EVENTS.csv,810dead183772c6ee3c2ffed01cb79b2a05045abb2aea4e4c8903c180932a4a5,c7efaf8d2029ed140d67b7cbfff1c23fd33e0ffcae18f285566266c063f78e1c,NEW_003,True
F_MIX_00241,45.77814058956916,UNKNOWN,125,45.836190476190474,151.99908088235324,-58.049886621314000,PRIMARY,F_MIX_00241,/Users/StarTrack/Development/JazzGrooveAnalyzer/docs/scientific/rfc/JGA_WHOLE_TRACK_GROOVE_FROZEN_PIPELINE_001_20260921/WHOLE_TRACK_JOINED_EVENTS.csv,810dead183772c6ee3c2ffed01cb79b2a05045abb2aea4e4c8903c180932a4a5,c7efaf8d2029ed140d67b7cbfff1c23fd33e0ffcae18f285566266c063f78e1c,NEW_003,True
F_MIX_00242,46.172879818594105,UNKNOWN,126,46.23092970521542,151.9990808823505,-58.049886621315000,PRIMARY,F_MIX_00242,/Users/StarTrack/Development/JazzGrooveAnalyzer/docs/scientific/rfc/JGA_WHOLE_TRACK_GROOVE_FROZEN_PIPELINE_001_20260921/WHOLE_TRACK_JOINED_EVENTS.csv,810dead183772c6ee3c2ffed01cb79b2a05045abb2aea4e4c8903c180932a4a5,c7efaf8d2029ed140d67b7cbfff1c23fd33e0ffcae18f285566266c063f78e1c,NEW_003,True
F_MIX_00243,46.335419501133785,UNKNOWN,126,46.23092970521542,151.9990808823505,104.489795918365000,CONTEXT,F_MIX_00243,/Users/StarTrack/Development/JazzGrooveAnalyzer/docs/scientific/rfc/JGA_WHOLE_TRACK_GROOVE_FROZEN_PIPELINE_001_20260921/WHOLE_TRACK_JOINED_EVENTS.csv,810dead183772c6ee3c2ffed01cb79b2a05045abb2aea4e4c8903c180932a4a5,c7efaf8d2029ed140d67b7cbfff1c23fd33e0ffcae18f285566266c063f78e1c,NEW_003,True
F_MIX_00244,46.451519274376416,UNKNOWN,127,46.625668934240366,151.99908088235324,-174.149659863950000,CONTEXT,F_MIX_00244,/Users/StarTrack/Development/JazzGrooveAnalyzer/docs/scientific/rfc/JGA_WHOLE_TRACK_GROOVE_FROZEN_PIPELINE_001_20260921/WHOLE_TRACK_JOINED_EVENTS.csv,810dead183772c6ee3c2ffed01cb79b2a05045abb2aea4e4c8903c180932a4a5,c7efaf8d2029ed140d67b7cbfff1c23fd33e0ffcae18f285566266c063f78e1c,NEW_003,True
F_MIX_00245,46.66049886621315,UNKNOWN,127,46.625668934240366,151.99908088235324,34.829931972784000,PRIMARY,F_MIX_00245,/Users/StarTrack/Development/JazzGrooveAnalyzer/docs/scientific/rfc/JGA_WHOLE_TRACK_GROOVE_FROZEN_PIPELINE_001_20260921/WHOLE_TRACK_JOINED_EVENTS.csv,810dead183772c6ee3c2ffed01cb79b2a05045abb2aea4e4c8903c180932a4a5,c7efaf8d2029ed140d67b7cbfff1c23fd33e0ffcae18f285566266c063f78e1c,NEW_003,True
F_MIX_00246,47.04362811791383,UNKNOWN,128,47.02040816326531,161.49902343749977,23.21995464852000,PRIMARY,F_MIX_00246,/Users/StarTrack/Development/JazzGrooveAnalyzer/docs/scientific/rfc/JGA_WHOLE_TRACK_GROOVE_FROZEN_PIPELINE_001_20260921/WHOLE_TRACK_JOINED_EVENTS.csv,810dead183772c6ee3c2ffed01cb79b2a05045abb2aea4e4c8903c180932a4a5,c7efaf8d2029ed140d67b7cbfff1c23fd33e0ffcae18f285566266c063f78e1c,NEW_003,True
F_MIX_00247,47.29904761904762,UNKNOWN,129,47.391927437641726,151.99908088235324,-92.879818594106000,CONTEXT,F_MIX_00247,/Users/StarTrack/Development/JazzGrooveAnalyzer/docs/scientific/rfc/JGA_WHOLE_TRACK_GROOVE_FROZEN_PIPELINE_001_20260921/WHOLE_TRACK_JOINED_EVENTS.csv,810dead183772c6ee3c2ffed01cb79b2a05045abb2aea4e4c8903c180932a4a5,c7efaf8d2029ed140d67b7cbfff1c23fd33e0ffcae18f285566266c063f78e1c,NEW_003,True
F_MIX_00248,47.42675736961451,DRUM_SUPPORTED,129,47.391927437641726,151.99908088235324,34.829931972784000,PRIMARY,F_MIX_00248,/Users/StarTrack/Development/JazzGrooveAnalyzer/docs/scientific/rfc/JGA_WHOLE_TRACK_GROOVE_FROZEN_PIPELINE_001_20260921/WHOLE_TRACK_JOINED_EVENTS.csv,810dead183772c6ee3c2ffed01cb79b2a05045abb2aea4e4c8903c180932a4a5,c7efaf8d2029ed140d67b7cbfff1c23fd33e0ffcae18f285566266c063f78e1c,NEW_003,True
F_MIX_00249,47.658956916099775,UNKNOWN,130,47.78666666666667,161.49902343749977,-127.709750566895000,CONTEXT,F_MIX_00249,/Users/StarTrack/Development/JazzGrooveAnalyzer/docs/scientific/rfc/JGA_WHOLE_TRACK_GROOVE_FROZEN_PIPELINE_001_20260921/WHOLE_TRACK_JOINED_EVENTS.csv,810dead183772c6ee3c2ffed01cb79b2a05045abb2aea4e4c8903c180932a4a5,c7efaf8d2029ed140d67b7cbfff1c23fd33e0ffcae18f285566266c063f78e1c,NEW_003,True
F_MIX_00250,47.751836734693875,UNKNOWN,130,47.78666666666667,161.49902343749977,-34.829931972795000,PRIMARY,F_MIX_00250,/Users/StarTrack/Development/JazzGrooveAnalyzer/docs/scientific/rfc/JGA_WHOLE_TRACK_GROOVE_FROZEN_PIPELINE_001_20260921/WHOLE_TRACK_JOINED_EVENTS.csv,810dead183772c6ee3c2ffed01cb79b2a05045abb2aea4e4c8903c180932a4a5,c7efaf8d2029ed140d67b7cbfff1c23fd33e0ffcae18f285566266c063f78e1c,NEW_003,True
F_MIX_00251,47.83310657596372,UNKNOWN,130,47.78666666666667,161.49902343749977,46.43990929705000,CONTEXT,F_MIX_00251,/Users/StarTrack/Development/JazzGrooveAnalyzer/docs/scientific/rfc/JGA_WHOLE_TRACK_GROOVE_FROZEN_PIPELINE_001_20260921/WHOLE_TRACK_JOINED_EVENTS.csv,810dead183772c6ee3c2ffed01cb79b2a05045abb2aea4e4c8903c180932a4a5,c7efaf8d2029ed140d67b7cbfff1c23fd33e0ffcae18f285566266c063f78e1c,NEW_003,True
F_MIX_00252,48.042086167800456,UNKNOWN,131,48.15818594104309,161.49902343749977,-116.099773242634000,CONTEXT,F_MIX_00252,/Users/StarTrack/Development/JazzGrooveAnalyzer/docs/scientific/rfc/JGA_WHOLE_TRACK_GROOVE_FROZEN_PIPELINE_001_20260921/WHOLE_TRACK_JOINED_EVENTS.csv,810dead183772c6ee3c2ffed01cb79b2a05045abb2aea4e4c8903c180932a4a5,c7efaf8d2029ed140d67b7cbfff1c23fd33e0ffcae18f285566266c063f78e1c,NEW_003,True
F_MIX_00253,48.12335600907029,DRUM_SUPPORTED,131,48.15818594104309,161.49902343749977,-34.82993197280000,PRIMARY,F_MIX_00253,/Users/StarTrack/Development/JazzGrooveAnalyzer/docs/scientific/rfc/JGA_WHOLE_TRACK_GROOVE_FROZEN_PIPELINE_001_20260921/WHOLE_TRACK_JOINED_EVENTS.csv,810dead183772c6ee3c2ffed01cb79b2a05045abb2aea4e4c8903c180932a4a5,c7efaf8d2029ed140d67b7cbfff1c23fd33e0ffcae18f285566266c063f78e1c,NEW_003,True
F_MIX_00254,48.54131519274377,DRUM_SUPPORTED,132,48.529705215419504,161.49902343750287,11.609977324266000,PRIMARY,F_MIX_00254,/Users/StarTrack/Development/JazzGrooveAnalyzer/docs/scientific/rfc/JGA_WHOLE_TRACK_GROOVE_FROZEN_PIPELINE_001_20260921/WHOLE_TRACK_JOINED_EVENTS.csv,810dead183772c6ee3c2ffed01cb79b2a05045abb2aea4e4c8903c180932a4a5,c7efaf8d2029ed140d67b7cbfff1c23fd33e0ffcae18f285566266c063f78e1c,NEW_003,True
F_MIX_00255,48.901224489795915,DRUM_SUPPORTED,133,48.901224489795915,161.49902343749977,0E-15,PRIMARY,F_MIX_00255,/Users/StarTrack/Development/JazzGrooveAnalyzer/docs/scientific/rfc/JGA_WHOLE_TRACK_GROOVE_FROZEN_PIPELINE_001_20260921/WHOLE_TRACK_JOINED_EVENTS.csv,810dead183772c6ee3c2ffed01cb79b2a05045abb2aea4e4c8903c180932a4a5,c7efaf8d2029ed140d67b7cbfff1c23fd33e0ffcae18f285566266c063f78e1c,NEW_003,True
F_MIX_00256,49.191473922902496,DRUM_SUPPORTED,134,49.27274376417233,161.49902343749977,-81.269841269834000,CONTEXT,F_MIX_00256,/Users/StarTrack/Development/JazzGrooveAnalyzer/docs/scientific/rfc/JGA_WHOLE_TRACK_GROOVE_FROZEN_PIPELINE_001_20260921/WHOLE_TRACK_JOINED_EVENTS.csv,810dead183772c6ee3c2ffed01cb79b2a05045abb2aea4e4c8903c180932a4a5,c7efaf8d2029ed140d67b7cbfff1c23fd33e0ffcae18f285566266c063f78e1c,NEW_003,True
F_MIX_00257,49.284353741496595,DRUM_SUPPORTED,134,49.27274376417233,161.49902343749977,11.609977324265000,PRIMARY,F_MIX_00257,/Users/StarTrack/Development/JazzGrooveAnalyzer/docs/scientific/rfc/JGA_WHOLE_TRACK_GROOVE_FROZEN_PIPELINE_001_20260921/WHOLE_TRACK_JOINED_EVENTS.csv,810dead183772c6ee3c2ffed01cb79b2a05045abb2aea4e4c8903c180932a4a5,c7efaf8d2029ed140d67b7cbfff1c23fd33e0ffcae18f285566266c063f78e1c,NEW_003,True
F_MIX_00258,49.31918367346939,DRUM_SUPPORTED,134,49.27274376417233,161.49902343749977,46.43990929706000,CONTEXT,F_MIX_00258,/Users/StarTrack/Development/JazzGrooveAnalyzer/docs/scientific/rfc/JGA_WHOLE_TRACK_GROOVE_FROZEN_PIPELINE_001_20260921/WHOLE_TRACK_JOINED_EVENTS.csv,810dead183772c6ee3c2ffed01cb79b2a05045abb2aea4e4c8903c180932a4a5,c7efaf8d2029ed140d67b7cbfff1c23fd33e0ffcae18f285566266c063f78e1c,NEW_003,True
F_MIX_00259,49.65587301587301,DRUM_SUPPORTED,135,49.64426303854875,161.49902343749977,11.60997732426000,PRIMARY,F_MIX_00259,/Users/StarTrack/Development/JazzGrooveAnalyzer/docs/scientific/rfc/JGA_WHOLE_TRACK_GROOVE_FROZEN_PIPELINE_001_20260921/WHOLE_TRACK_JOINED_EVENTS.csv,810dead183772c6ee3c2ffed01cb79b2a05045abb2aea4e4c8903c180932a4a5,c7efaf8d2029ed140d67b7cbfff1c23fd33e0ffcae18f285566266c063f78e1c,NEW_003,True
F_MIX_00260,50.01578231292517,DRUM_SUPPORTED,136,50.01578231292517,161.49902343749977,0E-14,PRIMARY,F_MIX_00260,/Users/StarTrack/Development/JazzGrooveAnalyzer/docs/scientific/rfc/JGA_WHOLE_TRACK_GROOVE_FROZEN_PIPELINE_001_20260921/WHOLE_TRACK_JOINED_EVENTS.csv,810dead183772c6ee3c2ffed01cb79b2a05045abb2aea4e4c8903c180932a4a5,c7efaf8d2029ed140d67b7cbfff1c23fd33e0ffcae18f285566266c063f78e1c,NEW_003,True
F_MIX_00261,50.39891156462585,DRUM_SUPPORTED,137,50.387301587301586,161.49902343749977,11.609977324264000,PRIMARY,F_MIX_00261,/Users/StarTrack/Development/JazzGrooveAnalyzer/docs/scientific/rfc/JGA_WHOLE_TRACK_GROOVE_FROZEN_PIPELINE_001_20260921/WHOLE_TRACK_JOINED_EVENTS.csv,810dead183772c6ee3c2ffed01cb79b2a05045abb2aea4e4c8903c180932a4a5,c7efaf8d2029ed140d67b7cbfff1c23fd33e0ffcae18f285566266c063f78e1c,NEW_003,True
F_MIX_00262,50.758820861678004,DRUM_SUPPORTED,138,50.758820861678004,172.26562499999912,0E-15,PRIMARY,F_MIX_00262,/Users/StarTrack/Development/JazzGrooveAnalyzer/docs/scientific/rfc/JGA_WHOLE_TRACK_GROOVE_FROZEN_PIPELINE_001_20260921/WHOLE_TRACK_JOINED_EVENTS.csv,810dead183772c6ee3c2ffed01cb79b2a05045abb2aea4e4c8903c180932a4a5,c7efaf8d2029ed140d67b7cbfff1c23fd33e0ffcae18f285566266c063f78e1c,NEW_003,True
F_MIX_00263,51.037460317460315,UNKNOWN,139,51.1071201814059,161.49902343749977,-69.659863945585000,CONTEXT,F_MIX_00263,/Users/StarTrack/Development/JazzGrooveAnalyzer/docs/scientific/rfc/JGA_WHOLE_TRACK_GROOVE_FROZEN_PIPELINE_001_20260921/WHOLE_TRACK_JOINED_EVENTS.csv,810dead183772c6ee3c2ffed01cb79b2a05045abb2aea4e4c8903c180932a4a5,c7efaf8d2029ed140d67b7cbfff1c23fd33e0ffcae18f285566266c063f78e1c,NEW_003,True
F_MIX_00264,51.13034013605442,DRUM_SUPPORTED,139,51.1071201814059,161.49902343749977,23.21995464852000,PRIMARY,F_MIX_00264,/Users/StarTrack/Development/JazzGrooveAnalyzer/docs/scientific/rfc/JGA_WHOLE_TRACK_GROOVE_FROZEN_PIPELINE_001_20260921/WHOLE_TRACK_JOINED_EVENTS.csv,810dead183772c6ee3c2ffed01cb79b2a05045abb2aea4e4c8903c180932a4a5,c7efaf8d2029ed140d67b7cbfff1c23fd33e0ffcae18f285566266c063f78e1c,NEW_003,True
F_MIX_00265,51.44380952380953,UNKNOWN,140,51.478639455782314,161.49902343749977,-34.829931972784000,PRIMARY,F_MIX_00265,/Users/StarTrack/Development/JazzGrooveAnalyzer/docs/scientific/rfc/JGA_WHOLE_TRACK_GROOVE_FROZEN_PIPELINE_001_20260921/WHOLE_TRACK_JOINED_EVENTS.csv,810dead183772c6ee3c2ffed01cb79b2a05045abb2aea4e4c8903c180932a4a5,c7efaf8d2029ed140d67b7cbfff1c23fd33e0ffcae18f285566266c063f78e1c,NEW_003,True
F_MIX_00266,51.757278911564626,UNKNOWN,141,51.85015873015873,161.49902343749977,-92.879818594104000,CONTEXT,F_MIX_00266,/Users/StarTrack/Development/JazzGrooveAnalyzer/docs/scientific/rfc/JGA_WHOLE_TRACK_GROOVE_FROZEN_PIPELINE_001_20260921/WHOLE_TRACK_JOINED_EVENTS.csv,810dead183772c6ee3c2ffed01cb79b2a05045abb2aea4e4c8903c180932a4a5,c7efaf8d2029ed140d67b7cbfff1c23fd33e0ffcae18f285566266c063f78e1c,NEW_003,True
F_MIX_00267,51.81532879818594,UNKNOWN,141,51.85015873015873,161.49902343749977,-34.82993197279000,PRIMARY,F_MIX_00267,/Users/StarTrack/Development/JazzGrooveAnalyzer/docs/scientific/rfc/JGA_WHOLE_TRACK_GROOVE_FROZEN_PIPELINE_001_20260921/WHOLE_TRACK_JOINED_EVENTS.csv,810dead183772c6ee3c2ffed01cb79b2a05045abb2aea4e4c8903c180932a4a5,c7efaf8d2029ed140d67b7cbfff1c23fd33e0ffcae18f285566266c063f78e1c,NEW_003,True
F_MIX_00268,52.024308390022675,UNKNOWN,141,51.85015873015873,161.49902343749977,174.149659863945000,CONTEXT,F_MIX_00268,/Users/StarTrack/Development/JazzGrooveAnalyzer/docs/scientific/rfc/JGA_WHOLE_TRACK_GROOVE_FROZEN_PIPELINE_001_20260921/WHOLE_TRACK_JOINED_EVENTS.csv,810dead183772c6ee3c2ffed01cb79b2a05045abb2aea4e4c8903c180932a4a5,c7efaf8d2029ed140d67b7cbfff1c23fd33e0ffcae18f285566266c063f78e1c,NEW_003,True
F_MIX_00269,52.186848072562356,DRUM_SUPPORTED,142,52.22167800453515,161.49902343749977,-34.829931972794000,CONTEXT,F_MIX_00269,/Users/StarTrack/Development/JazzGrooveAnalyzer/docs/scientific/rfc/JGA_WHOLE_TRACK_GROOVE_FROZEN_PIPELINE_001_20260921/WHOLE_TRACK_JOINED_EVENTS.csv,810dead183772c6ee3c2ffed01cb79b2a05045abb2aea4e4c8903c180932a4a5,c7efaf8d2029ed140d67b7cbfff1c23fd33e0ffcae18f285566266c063f78e1c,NEW_003,True
F_MIX_00270,52.244897959183675,DRUM_SUPPORTED,142,52.22167800453515,161.49902343749977,23.219954648525000,PRIMARY,F_MIX_00270,/Users/StarTrack/Development/JazzGrooveAnalyzer/docs/scientific/rfc/JGA_WHOLE_TRACK_GROOVE_FROZEN_PIPELINE_001_20260921/WHOLE_TRACK_JOINED_EVENTS.csv,810dead183772c6ee3c2ffed01cb79b2a05045abb2aea4e4c8903c180932a4a5,c7efaf8d2029ed140d67b7cbfff1c23fd33e0ffcae18f285566266c063f78e1c,NEW_003,True
F_MIX_00271,52.523537414965986,DRUM_SUPPORTED,143,52.59319727891157,161.49902343749977,-69.659863945584000,CONTEXT,F_MIX_00271,/Users/StarTrack/Development/JazzGrooveAnalyzer/docs/scientific/rfc/JGA_WHOLE_TRACK_GROOVE_FROZEN_PIPELINE_001_20260921/WHOLE_TRACK_JOINED_EVENTS.csv,810dead183772c6ee3c2ffed01cb79b2a05045abb2aea4e4c8903c180932a4a5,c7efaf8d2029ed140d67b7cbfff1c23fd33e0ffcae18f285566266c063f78e1c,NEW_003,True
F_MIX_00272,52.61641723356009,DRUM_SUPPORTED,143,52.59319727891157,161.49902343749977,23.21995464852000,PRIMARY,F_MIX_00272,/Users/StarTrack/Development/JazzGrooveAnalyzer/docs/scientific/rfc/JGA_WHOLE_TRACK_GROOVE_FROZEN_PIPELINE_001_20260921/WHOLE_TRACK_JOINED_EVENTS.csv,810dead183772c6ee3c2ffed01cb79b2a05045abb2aea4e4c8903c180932a4a5,c7efaf8d2029ed140d67b7cbfff1c23fd33e0ffcae18f285566266c063f78e1c,NEW_003,True
F_MIX_00273,52.895056689342404,UNKNOWN,144,52.964716553287985,161.49902343750287,-69.659863945581000,CONTEXT,F_MIX_00273,/Users/StarTrack/Development/JazzGrooveAnalyzer/docs/scientific/rfc/JGA_WHOLE_TRACK_GROOVE_FROZEN_PIPELINE_001_20260921/WHOLE_TRACK_JOINED_EVENTS.csv,810dead183772c6ee3c2ffed01cb79b2a05045abb2aea4e4c8903c180932a4a5,c7efaf8d2029ed140d67b7cbfff1c23fd33e0ffcae18f285566266c063f78e1c,NEW_003,True
F_MIX_00274,52.97632653061225,DRUM_SUPPORTED,144,52.964716553287985,161.49902343750287,11.609977324265000,PRIMARY,F_MIX_00274,/Users/StarTrack/Development/JazzGrooveAnalyzer/docs/scientific/rfc/JGA_WHOLE_TRACK_GROOVE_FROZEN_PIPELINE_001_20260921/WHOLE_TRACK_JOINED_EVENTS.csv,810dead183772c6ee3c2ffed01cb79b2a05045abb2aea4e4c8903c180932a4a5,c7efaf8d2029ed140d67b7cbfff1c23fd33e0ffcae18f285566266c063f78e1c,NEW_003,True
F_MIX_00275,53.324625850340134,DRUM_SUPPORTED,145,53.336235827664396,161.49902343749977,-11.609977324262000,PRIMARY,F_MIX_00275,/Users/StarTrack/Development/JazzGrooveAnalyzer/docs/scientific/rfc/JGA_WHOLE_TRACK_GROOVE_FROZEN_PIPELINE_001_20260921/WHOLE_TRACK_JOINED_EVENTS.csv,810dead183772c6ee3c2ffed01cb79b2a05045abb2aea4e4c8903c180932a4a5,c7efaf8d2029ed140d67b7cbfff1c23fd33e0ffcae18f285566266c063f78e1c,NEW_003,True
F_MIX_00276,53.614875283446715,DRUM_SUPPORTED,146,53.707755102040814,161.49902343749977,-92.879818594099000,CONTEXT,F_MIX_00276,/Users/StarTrack/Development/JazzGrooveAnalyzer/docs/scientific/rfc/JGA_WHOLE_TRACK_GROOVE_FROZEN_PIPELINE_001_20260921/WHOLE_TRACK_JOINED_EVENTS.csv,810dead183772c6ee3c2ffed01cb79b2a05045abb2aea4e4c8903c180932a4a5,c7efaf8d2029ed140d67b7cbfff1c23fd33e0ffcae18f285566266c063f78e1c,NEW_003,True
F_MIX_00277,53.69614512471655,DRUM_SUPPORTED,146,53.707755102040814,161.49902343749977,-11.609977324264000,PRIMARY,F_MIX_00277,/Users/StarTrack/Development/JazzGrooveAnalyzer/docs/scientific/rfc/JGA_WHOLE_TRACK_GROOVE_FROZEN_PIPELINE_001_20260921/WHOLE_TRACK_JOINED_EVENTS.csv,810dead183772c6ee3c2ffed01cb79b2a05045abb2aea4e4c8903c180932a4a5,c7efaf8d2029ed140d67b7cbfff1c23fd33e0ffcae18f285566266c063f78e1c,NEW_003,True
F_MIX_00278,53.998004535147395,UNKNOWN,147,54.07927437641723,172.26562499999912,-81.269841269835000,CONTEXT,F_MIX_00278,/Users/StarTrack/Development/JazzGrooveAnalyzer/docs/scientific/rfc/JGA_WHOLE_TRACK_GROOVE_FROZEN_PIPELINE_001_20260921/WHOLE_TRACK_JOINED_EVENTS.csv,810dead183772c6ee3c2ffed01cb79b2a05045abb2aea4e4c8903c180932a4a5,c7efaf8d2029ed140d67b7cbfff1c23fd33e0ffcae18f285566266c063f78e1c,NEW_003,True
F_MIX_00279,54.05605442176871,DRUM_SUPPORTED,147,54.07927437641723,172.26562499999912,-23.21995464852000,PRIMARY,F_MIX_00279,/Users/StarTrack/Development/JazzGrooveAnalyzer/docs/scientific/rfc/JGA_WHOLE_TRACK_GROOVE_FROZEN_PIPELINE_001_20260921/WHOLE_TRACK_JOINED_EVENTS.csv,810dead183772c6ee3c2ffed01cb79b2a05045abb2aea4e4c8903c180932a4a5,c7efaf8d2029ed140d67b7cbfff1c23fd33e0ffcae18f285566266c063f78e1c,NEW_003,True
F_MIX_00280,54.34630385487528,DRUM_SUPPORTED,148,54.427573696145124,161.49902343749977,-81.269841269844000,CONTEXT,F_MIX_00280,/Users/StarTrack/Development/JazzGrooveAnalyzer/docs/scientific/rfc/JGA_WHOLE_TRACK_GROOVE_FROZEN_PIPELINE_001_20260921/WHOLE_TRACK_JOINED_EVENTS.csv,810dead183772c6ee3c2ffed01cb79b2a05045abb2aea4e4c8903c180932a4a5,c7efaf8d2029ed140d67b7cbfff1c23fd33e0ffcae18f285566266c063f78e1c,NEW_003,True
F_MIX_00281,54.427573696145124,DRUM_SUPPORTED,148,54.427573696145124,161.49902343749977,0E-15,PRIMARY,F_MIX_00281,/Users/StarTrack/Development/JazzGrooveAnalyzer/docs/scientific/rfc/JGA_WHOLE_TRACK_GROOVE_FROZEN_PIPELINE_001_20260921/WHOLE_TRACK_JOINED_EVENTS.csv,810dead183772c6ee3c2ffed01cb79b2a05045abb2aea4e4c8903c180932a4a5,c7efaf8d2029ed140d67b7cbfff1c23fd33e0ffcae18f285566266c063f78e1c,NEW_003,True
F_MIX_00282,54.57850340136054,UNKNOWN,148,54.427573696145124,161.49902343749977,150.929705215416000,CONTEXT,F_MIX_00282,/Users/StarTrack/Development/JazzGrooveAnalyzer/docs/scientific/rfc/JGA_WHOLE_TRACK_GROOVE_FROZEN_PIPELINE_001_20260921/WHOLE_TRACK_JOINED_EVENTS.csv,810dead183772c6ee3c2ffed01cb79b2a05045abb2aea4e4c8903c180932a4a5,c7efaf8d2029ed140d67b7cbfff1c23fd33e0ffcae18f285566266c063f78e1c,NEW_003,True
F_MIX_00283,54.78748299319728,DRUM_SUPPORTED,149,54.79909297052154,161.49902343749977,-11.60997732426000,PRIMARY,F_MIX_00283,/Users/StarTrack/Development/JazzGrooveAnalyzer/docs/scientific/rfc/JGA_WHOLE_TRACK_GROOVE_FROZEN_PIPELINE_001_20260921/WHOLE_TRACK_JOINED_EVENTS.csv,810dead183772c6ee3c2ffed01cb79b2a05045abb2aea4e4c8903c180932a4a5,c7efaf8d2029ed140d67b7cbfff1c23fd33e0ffcae18f285566266c063f78e1c,NEW_003,True
F_MIX_00284,55.147392290249435,DRUM_SUPPORTED,150,55.17061224489796,161.49902343749977,-23.219954648525000,PRIMARY,F_MIX_00284,/Users/StarTrack/Development/JazzGrooveAnalyzer/docs/scientific/rfc/JGA_WHOLE_TRACK_GROOVE_FROZEN_PIPELINE_001_20260921/WHOLE_TRACK_JOINED_EVENTS.csv,810dead183772c6ee3c2ffed01cb79b2a05045abb2aea4e4c8903c180932a4a5,c7efaf8d2029ed140d67b7cbfff1c23fd33e0ffcae18f285566266c063f78e1c,NEW_003,True
F_MIX_00285,55.50730158730159,DRUM_SUPPORTED,151,55.54213151927438,172.26562499999912,-34.82993197279000,PRIMARY,F_MIX_00285,/Users/StarTrack/Development/JazzGrooveAnalyzer/docs/scientific/rfc/JGA_WHOLE_TRACK_GROOVE_FROZEN_PIPELINE_001_20260921/WHOLE_TRACK_JOINED_EVENTS.csv,810dead183772c6ee3c2ffed01cb79b2a05045abb2aea4e4c8903c180932a4a5,c7efaf8d2029ed140d67b7cbfff1c23fd33e0ffcae18f285566266c063f78e1c,NEW_003,True
F_MIX_00286,55.80916099773243,UNKNOWN,152,55.89043083900227,161.49902343749977,-81.26984126984000,CONTEXT,F_MIX_00286,/Users/StarTrack/Development/JazzGrooveAnalyzer/docs/scientific/rfc/JGA_WHOLE_TRACK_GROOVE_FROZEN_PIPELINE_001_20260921/WHOLE_TRACK_JOINED_EVENTS.csv,810dead183772c6ee3c2ffed01cb79b2a05045abb2aea4e4c8903c180932a4a5,c7efaf8d2029ed140d67b7cbfff1c23fd33e0ffcae18f285566266c063f78e1c,NEW_003,True
F_MIX_00287,55.878820861678,DRUM_SUPPORTED,152,55.89043083900227,161.49902343749977,-11.60997732427000,PRIMARY,F_MIX_00287,/Users/StarTrack/Development/JazzGrooveAnalyzer/docs/scientific/rfc/JGA_WHOLE_TRACK_GROOVE_FROZEN_PIPELINE_001_20260921/WHOLE_TRACK_JOINED_EVENTS.csv,810dead183772c6ee3c2ffed01cb79b2a05045abb2aea4e4c8903c180932a4a5,c7efaf8d2029ed140d67b7cbfff1c23fd33e0ffcae18f285566266c063f78e1c,NEW_003,True
F_MIX_00288,56.16907029478458,UNKNOWN,153,56.26195011337869,172.26562500000261,-92.87981859411000,CONTEXT,F_MIX_00288,/Users/StarTrack/Development/JazzGrooveAnalyzer/docs/scientific/rfc/JGA_WHOLE_TRACK_GROOVE_FROZEN_PIPELINE_001_20260921/WHOLE_TRACK_JOINED_EVENTS.csv,810dead183772c6ee3c2ffed01cb79b2a05045abb2aea4e4c8903c180932a4a5,c7efaf8d2029ed140d67b7cbfff1c23fd33e0ffcae18f285566266c063f78e1c,NEW_003,True
F_MIX_00289,56.23873015873016,DRUM_SUPPORTED,153,56.26195011337869,172.26562500000261,-23.21995464853000,PRIMARY,F_MIX_00289,/Users/StarTrack/Development/JazzGrooveAnalyzer/docs/scientific/rfc/JGA_WHOLE_TRACK_GROOVE_FROZEN_PIPELINE_001_20260921/WHOLE_TRACK_JOINED_EVENTS.csv,810dead183772c6ee3c2ffed01cb79b2a05045abb2aea4e4c8903c180932a4a5,c7efaf8d2029ed140d67b7cbfff1c23fd33e0ffcae18f285566266c063f78e1c,NEW_003,True
F_MIX_00290,56.52897959183674,DRUM_SUPPORTED,154,56.610249433106574,161.49902343749977,-81.269841269834000,CONTEXT,F_MIX_00290,/Users/StarTrack/Development/JazzGrooveAnalyzer/docs/scientific/rfc/JGA_WHOLE_TRACK_GROOVE_FROZEN_PIPELINE_001_20260921/WHOLE_TRACK_JOINED_EVENTS.csv,810dead183772c6ee3c2ffed01cb79b2a05045abb2aea4e4c8903c180932a4a5,c7efaf8d2029ed140d67b7cbfff1c23fd33e0ffcae18f285566266c063f78e1c,NEW_003,True
F_MIX_00291,56.610249433106574,DRUM_SUPPORTED,154,56.610249433106574,161.49902343749977,0E-15,PRIMARY,F_MIX_00291,/Users/StarTrack/Development/JazzGrooveAnalyzer/docs/scientific/rfc/JGA_WHOLE_TRACK_GROOVE_FROZEN_PIPELINE_001_20260921/WHOLE_TRACK_JOINED_EVENTS.csv,810dead183772c6ee3c2ffed01cb79b2a05045abb2aea4e4c8903c180932a4a5,c7efaf8d2029ed140d67b7cbfff1c23fd33e0ffcae18f285566266c063f78e1c,NEW_003,True
F_MIX_00292,56.95854875283447,DRUM_SUPPORTED,155,56.98176870748299,172.26562499999912,-23.21995464852000,PRIMARY,F_MIX_00292,/Users/StarTrack/Development/JazzGrooveAnalyzer/docs/scientific/rfc/JGA_WHOLE_TRACK_GROOVE_FROZEN_PIPELINE_001_20260921/WHOLE_TRACK_JOINED_EVENTS.csv,810dead183772c6ee3c2ffed01cb79b2a05045abb2aea4e4c8903c180932a4a5,c7efaf8d2029ed140d67b7cbfff1c23fd33e0ffcae18f285566266c063f78e1c,NEW_003,True
F_MIX_00293,57.225578231292516,DRUM_SUPPORTED,156,57.330068027210885,172.26562499999912,-104.489795918369000,CONTEXT,F_MIX_00293,/Users/StarTrack/Development/JazzGrooveAnalyzer/docs/scientific/rfc/JGA_WHOLE_TRACK_GROOVE_FROZEN_PIPELINE_001_20260921/WHOLE_TRACK_JOINED_EVENTS.csv,810dead183772c6ee3c2ffed01cb79b2a05045abb2aea4e4c8903c180932a4a5,c7efaf8d2029ed140d67b7cbfff1c23fd33e0ffcae18f285566266c063f78e1c,NEW_003,True
F_MIX_00294,57.376507936507934,UNKNOWN,156,57.330068027210885,172.26562499999912,46.439909297049000,PRIMARY,F_MIX_00294,/Users/StarTrack/Development/JazzGrooveAnalyzer/docs/scientific/rfc/JGA_WHOLE_TRACK_GROOVE_FROZEN_PIPELINE_001_20260921/WHOLE_TRACK_JOINED_EVENTS.csv,810dead183772c6ee3c2ffed01cb79b2a05045abb2aea4e4c8903c180932a4a5,c7efaf8d2029ed140d67b7cbfff1c23fd33e0ffcae18f285566266c063f78e1c,NEW_003,True
F_MIX_00295,57.68997732426304,DRUM_SUPPORTED,157,57.67836734693878,172.26562500000261,11.60997732426000,PRIMARY,F_MIX_00295,/Users/StarTrack/Development/JazzGrooveAnalyzer/docs/scientific/rfc/JGA_WHOLE_TRACK_GROOVE_FROZEN_PIPELINE_001_20260921/WHOLE_TRACK_JOINED_EVENTS.csv,810dead183772c6ee3c2ffed01cb79b2a05045abb2aea4e4c8903c180932a4a5,c7efaf8d2029ed140d67b7cbfff1c23fd33e0ffcae18f285566266c063f78e1c,NEW_003,True
F_MIX_00296,57.96861678004535,DRUM_SUPPORTED,158,58.026666666666664,161.49902343749977,-58.049886621314000,PRIMARY,F_MIX_00296,/Users/StarTrack/Development/JazzGrooveAnalyzer/docs/scientific/rfc/JGA_WHOLE_TRACK_GROOVE_FROZEN_PIPELINE_001_20260921/WHOLE_TRACK_JOINED_EVENTS.csv,810dead183772c6ee3c2ffed01cb79b2a05045abb2aea4e4c8903c180932a4a5,c7efaf8d2029ed140d67b7cbfff1c23fd33e0ffcae18f285566266c063f78e1c,NEW_003,True
F_MIX_00297,58.10793650793651,DRUM_SUPPORTED,158,58.026666666666664,161.49902343749977,81.269841269846000,CONTEXT,F_MIX_00297,/Users/StarTrack/Development/JazzGrooveAnalyzer/docs/scientific/rfc/JGA_WHOLE_TRACK_GROOVE_FROZEN_PIPELINE_001_20260921/WHOLE_TRACK_JOINED_EVENTS.csv,810dead183772c6ee3c2ffed01cb79b2a05045abb2aea4e4c8903c180932a4a5,c7efaf8d2029ed140d67b7cbfff1c23fd33e0ffcae18f285566266c063f78e1c,NEW_003,True
F_MIX_00298,58.38657596371882,DRUM_SUPPORTED,159,58.39818594104308,172.26562499999912,-11.60997732426000,PRIMARY,F_MIX_00298,/Users/StarTrack/Development/JazzGrooveAnalyzer/docs/scientific/rfc/JGA_WHOLE_TRACK_GROOVE_FROZEN_PIPELINE_001_20260921/WHOLE_TRACK_JOINED_EVENTS.csv,810dead183772c6ee3c2ffed01cb79b2a05045abb2aea4e4c8903c180932a4a5,c7efaf8d2029ed140d67b7cbfff1c23fd33e0ffcae18f285566266c063f78e1c,NEW_003,True
F_MIX_00299,58.42140589569161,DRUM_SUPPORTED,159,58.39818594104308,172.26562499999912,23.21995464853000,CONTEXT,F_MIX_00299,/Users/StarTrack/Development/JazzGrooveAnalyzer/docs/scientific/rfc/JGA_WHOLE_TRACK_GROOVE_FROZEN_PIPELINE_001_20260921/WHOLE_TRACK_JOINED_EVENTS.csv,810dead183772c6ee3c2ffed01cb79b2a05045abb2aea4e4c8903c180932a4a5,c7efaf8d2029ed140d67b7cbfff1c23fd33e0ffcae18f285566266c063f78e1c,NEW_003,True
F_MIX_00300,58.700045351473925,DRUM_SUPPORTED,160,58.746485260770974,161.49902343749977,-46.439909297049000,PRIMARY,F_MIX_00300,/Users/StarTrack/Development/JazzGrooveAnalyzer/docs/scientific/rfc/JGA_WHOLE_TRACK_GROOVE_FROZEN_PIPELINE_001_20260921/WHOLE_TRACK_JOINED_EVENTS.csv,810dead183772c6ee3c2ffed01cb79b2a05045abb2aea4e4c8903c180932a4a5,c7efaf8d2029ed140d67b7cbfff1c23fd33e0ffcae18f285566266c063f78e1c,NEW_003,True
F_MIX_00301,58.792925170068024,DRUM_SUPPORTED,160,58.746485260770974,161.49902343749977,46.439909297050000,CONTEXT,F_MIX_00301,/Users/StarTrack/Development/JazzGrooveAnalyzer/docs/scientific/rfc/JGA_WHOLE_TRACK_GROOVE_FROZEN_PIPELINE_001_20260921/WHOLE_TRACK_JOINED_EVENTS.csv,810dead183772c6ee3c2ffed01cb79b2a05045abb2aea4e4c8903c180932a4a5,c7efaf8d2029ed140d67b7cbfff1c23fd33e0ffcae18f285566266c063f78e1c,NEW_003,True
F_MIX_00302,59.05995464852608,UNKNOWN,161,59.11800453514739,172.26562499999912,-58.04988662131000,CONTEXT,F_MIX_00302,/Users/StarTrack/Development/JazzGrooveAnalyzer/docs/scientific/rfc/JGA_WHOLE_TRACK_GROOVE_FROZEN_PIPELINE_001_20260921/WHOLE_TRACK_JOINED_EVENTS.csv,810dead183772c6ee3c2ffed01cb79b2a05045abb2aea4e4c8903c180932a4a5,c7efaf8d2029ed140d67b7cbfff1c23fd33e0ffcae18f285566266c063f78e1c,NEW_003,True
F_MIX_00303,59.15283446712018,DRUM_SUPPORTED,161,59.11800453514739,172.26562499999912,34.82993197279000,PRIMARY,F_MIX_00303,/Users/StarTrack/Development/JazzGrooveAnalyzer/docs/scientific/rfc/JGA_WHOLE_TRACK_GROOVE_FROZEN_PIPELINE_001_20260921/WHOLE_TRACK_JOINED_EVENTS.csv,810dead183772c6ee3c2ffed01cb79b2a05045abb2aea4e4c8903c180932a4a5,c7efaf8d2029ed140d67b7cbfff1c23fd33e0ffcae18f285566266c063f78e1c,NEW_003,True
F_MIX_00304,59.43147392290249,UNKNOWN,162,59.466303854875285,161.49902343749977,-34.829931972795000,PRIMARY,F_MIX_00304,/Users/StarTrack/Development/JazzGrooveAnalyzer/docs/scientific/rfc/JGA_WHOLE_TRACK_GROOVE_FROZEN_PIPELINE_001_20260921/WHOLE_TRACK_JOINED_EVENTS.csv,810dead183772c6ee3c2ffed01cb79b2a05045abb2aea4e4c8903c180932a4a5,c7efaf8d2029ed140d67b7cbfff1c23fd33e0ffcae18f285566266c063f78e1c,NEW_003,True
F_MIX_00305,59.5243537414966,DRUM_SUPPORTED,162,59.466303854875285,161.49902343749977,58.049886621315000,CONTEXT,F_MIX_00305,/Users/StarTrack/Development/JazzGrooveAnalyzer/docs/scientific/rfc/JGA_WHOLE_TRACK_GROOVE_FROZEN_PIPELINE_001_20260921/WHOLE_TRACK_JOINED_EVENTS.csv,810dead183772c6ee3c2ffed01cb79b2a05045abb2aea4e4c8903c180932a4a5,c7efaf8d2029ed140d67b7cbfff1c23fd33e0ffcae18f285566266c063f78e1c,NEW_003,True
F_MIX_00306,59.88426303854875,DRUM_SUPPORTED,163,59.8378231292517,161.49902343749977,46.43990929705000,PRIMARY,F_MIX_00306,/Users/StarTrack/Development/JazzGrooveAnalyzer/docs/scientific/rfc/JGA_WHOLE_TRACK_GROOVE_FROZEN_PIPELINE_001_20260921/WHOLE_TRACK_JOINED_EVENTS.csv,810dead183772c6ee3c2ffed01cb79b2a05045abb2aea4e4c8903c180932a4a5,c7efaf8d2029ed140d67b7cbfff1c23fd33e0ffcae18f285566266c063f78e1c,NEW_003,True
F_MIX_00307,60.03519274376417,UNKNOWN,164,60.20934240362812,161.49902343749977,-174.14965986395000,CONTEXT,F_MIX_00307,/Users/StarTrack/Development/JazzGrooveAnalyzer/docs/scientific/rfc/JGA_WHOLE_TRACK_GROOVE_FROZEN_PIPELINE_001_20260921/WHOLE_TRACK_JOINED_EVENTS.csv,810dead183772c6ee3c2ffed01cb79b2a05045abb2aea4e4c8903c180932a4a5,c7efaf8d2029ed140d67b7cbfff1c23fd33e0ffcae18f285566266c063f78e1c,NEW_004,True
F_MIX_00308,60.1512925170068,UNKNOWN,164,60.20934240362812,161.49902343749977,-58.04988662132000,CONTEXT,F_MIX_00308,/Users/StarTrack/Development/JazzGrooveAnalyzer/docs/scientific/rfc/JGA_WHOLE_TRACK_GROOVE_FROZEN_PIPELINE_001_20260921/WHOLE_TRACK_JOINED_EVENTS.csv,810dead183772c6ee3c2ffed01cb79b2a05045abb2aea4e4c8903c180932a4a5,c7efaf8d2029ed140d67b7cbfff1c23fd33e0ffcae18f285566266c063f78e1c,NEW_004,True
F_MIX_00309,60.24417233560091,BASS_AND_DRUM_SUPPORTED,164,60.20934240362812,161.49902343749977,34.82993197279000,PRIMARY,F_MIX_00309,/Users/StarTrack/Development/JazzGrooveAnalyzer/docs/scientific/rfc/JGA_WHOLE_TRACK_GROOVE_FROZEN_PIPELINE_001_20260921/WHOLE_TRACK_JOINED_EVENTS.csv,810dead183772c6ee3c2ffed01cb79b2a05045abb2aea4e4c8903c180932a4a5,c7efaf8d2029ed140d67b7cbfff1c23fd33e0ffcae18f285566266c063f78e1c,NEW_004,True
F_MIX_00310,60.3718820861678,UNKNOWN,164,60.20934240362812,161.49902343749977,162.53968253968000,CONTEXT,F_MIX_00310,/Users/StarTrack/Development/JazzGrooveAnalyzer/docs/scientific/rfc/JGA_WHOLE_TRACK_GROOVE_FROZEN_PIPELINE_001_20260921/WHOLE_TRACK_JOINED_EVENTS.csv,810dead183772c6ee3c2ffed01cb79b2a05045abb2aea4e4c8903c180932a4a5,c7efaf8d2029ed140d67b7cbfff1c23fd33e0ffcae18f285566266c063f78e1c,NEW_004,True
F_MIX_00311,60.48798185941043,UNKNOWN,165,60.58086167800454,172.26562500000261,-92.87981859411000,CONTEXT,F_MIX_00311,/Users/StarTrack/Development/JazzGrooveAnalyzer/docs/scientific/rfc/JGA_WHOLE_TRACK_GROOVE_FROZEN_PIPELINE_001_20260921/WHOLE_TRACK_JOINED_EVENTS.csv,810dead183772c6ee3c2ffed01cb79b2a05045abb2aea4e4c8903c180932a4a5,c7efaf8d2029ed140d67b7cbfff1c23fd33e0ffcae18f285566266c063f78e1c,NEW_004,True
F_MIX_00312,60.615691609977326,BASS_AND_DRUM_SUPPORTED,165,60.58086167800454,172.26562500000261,34.829931972786000,PRIMARY,F_MIX_00312,/Users/StarTrack/Development/JazzGrooveAnalyzer/docs/scientific/rfc/JGA_WHOLE_TRACK_GROOVE_FROZEN_PIPELINE_001_20260921/WHOLE_TRACK_JOINED_EVENTS.csv,810dead183772c6ee3c2ffed01cb79b2a05045abb2aea4e4c8903c180932a4a5,c7efaf8d2029ed140d67b7cbfff1c23fd33e0ffcae18f285566266c063f78e1c,NEW_004,True
F_MIX_00313,60.87111111111111,UNKNOWN,166,60.929160997732424,151.99908088235324,-58.049886621314000,PRIMARY,F_MIX_00313,/Users/StarTrack/Development/JazzGrooveAnalyzer/docs/scientific/rfc/JGA_WHOLE_TRACK_GROOVE_FROZEN_PIPELINE_001_20260921/WHOLE_TRACK_JOINED_EVENTS.csv,810dead183772c6ee3c2ffed01cb79b2a05045abb2aea4e4c8903c180932a4a5,c7efaf8d2029ed140d67b7cbfff1c23fd33e0ffcae18f285566266c063f78e1c,NEW_004,True
F_MIX_00314,61.03365079365079,UNKNOWN,166,60.929160997732424,151.99908088235324,104.489795918366000,CONTEXT,F_MIX_00314,/Users/StarTrack/Development/JazzGrooveAnalyzer/docs/scientific/rfc/JGA_WHOLE_TRACK_GROOVE_FROZEN_PIPELINE_001_20260921/WHOLE_TRACK_JOINED_EVENTS.csv,810dead183772c6ee3c2ffed01cb79b2a05045abb2aea4e4c8903c180932a4a5,c7efaf8d2029ed140d67b7cbfff1c23fd33e0ffcae18f285566266c063f78e1c,NEW_004,True
F_MIX_00315,61.24263038548753,UNKNOWN,167,61.32390022675737,161.49902343749977,-81.26984126984000,CONTEXT,F_MIX_00315,/Users/StarTrack/Development/JazzGrooveAnalyzer/docs/scientific/rfc/JGA_WHOLE_TRACK_GROOVE_FROZEN_PIPELINE_001_20260921/WHOLE_TRACK_JOINED_EVENTS.csv,810dead183772c6ee3c2ffed01cb79b2a05045abb2aea4e4c8903c180932a4a5,c7efaf8d2029ed140d67b7cbfff1c23fd33e0ffcae18f285566266c063f78e1c,NEW_004,True
F_MIX_00316,61.35873015873016,BASS_AND_DRUM_SUPPORTED,167,61.32390022675737,161.49902343749977,34.82993197279000,PRIMARY,F_MIX_00316,/Users/StarTrack/Development/JazzGrooveAnalyzer/docs/scientific/rfc/JGA_WHOLE_TRACK_GROOVE_FROZEN_PIPELINE_001_20260921/WHOLE_TRACK_JOINED_EVENTS.csv,810dead183772c6ee3c2ffed01cb79b2a05045abb2aea4e4c8903c180932a4a5,c7efaf8d2029ed140d67b7cbfff1c23fd33e0ffcae18f285566266c063f78e1c,NEW_004,True
F_MIX_00317,61.61414965986395,DRUM_SUPPORTED,168,61.695419501133784,161.49902343749977,-81.269841269834000,CONTEXT,F_MIX_00317,/Users/StarTrack/Development/JazzGrooveAnalyzer/docs/scientific/rfc/JGA_WHOLE_TRACK_GROOVE_FROZEN_PIPELINE_001_20260921/WHOLE_TRACK_JOINED_EVENTS.csv,810dead183772c6ee3c2ffed01cb79b2a05045abb2aea4e4c8903c180932a4a5,c7efaf8d2029ed140d67b7cbfff1c23fd33e0ffcae18f285566266c063f78e1c,NEW_004,True
F_MIX_00318,61.73024943310658,BASS_AND_DRUM_SUPPORTED,168,61.695419501133784,161.49902343749977,34.829931972796000,PRIMARY,F_MIX_00318,/Users/StarTrack/Development/JazzGrooveAnalyzer/docs/scientific/rfc/JGA_WHOLE_TRACK_GROOVE_FROZEN_PIPELINE_001_20260921/WHOLE_TRACK_JOINED_EVENTS.csv,810dead183772c6ee3c2ffed01cb79b2a05045abb2aea4e4c8903c180932a4a5,c7efaf8d2029ed140d67b7cbfff1c23fd33e0ffcae18f285566266c063f78e1c,NEW_004,True
F_MIX_00319,62.0669387755102,BASS_AND_DRUM_SUPPORTED,169,62.0669387755102,161.49902343749977,0E-13,PRIMARY,F_MIX_00319,/Users/StarTrack/Development/JazzGrooveAnalyzer/docs/scientific/rfc/JGA_WHOLE_TRACK_GROOVE_FROZEN_PIPELINE_001_20260921/WHOLE_TRACK_JOINED_EVENTS.csv,810dead183772c6ee3c2ffed01cb79b2a05045abb2aea4e4c8903c180932a4a5,c7efaf8d2029ed140d67b7cbfff1c23fd33e0ffcae18f285566266c063f78e1c,NEW_004,True
F_MIX_00320,62.368798185941046,UNKNOWN,170,62.43845804988662,161.49902343749977,-69.659863945574000,CONTEXT,F_MIX_00320,/Users/StarTrack/Development/JazzGrooveAnalyzer/docs/scientific/rfc/JGA_WHOLE_TRACK_GROOVE_FROZEN_PIPELINE_001_20260921/WHOLE_TRACK_JOINED_EVENTS.csv,810dead183772c6ee3c2ffed01cb79b2a05045abb2aea4e4c8903c180932a4a5,c7efaf8d2029ed140d67b7cbfff1c23fd33e0ffcae18f285566266c063f78e1c,NEW_004,True
F_MIX_00321,62.43845804988662,DRUM_SUPPORTED,170,62.43845804988662,161.49902343749977,0E-14,PRIMARY,F_MIX_00321,/Users/StarTrack/Development/JazzGrooveAnalyzer/docs/scientific/rfc/JGA_WHOLE_TRACK_GROOVE_FROZEN_PIPELINE_001_20260921/WHOLE_TRACK_JOINED_EVENTS.csv,810dead183772c6ee3c2ffed01cb79b2a05045abb2aea4e4c8903c180932a4a5,c7efaf8d2029ed140d67b7cbfff1c23fd33e0ffcae18f285566266c063f78e1c,NEW_004,True
F_MIX_00322,62.49650793650794,UNKNOWN,170,62.43845804988662,161.49902343749977,58.04988662132000,CONTEXT,F_MIX_00322,/Users/StarTrack/Development/JazzGrooveAnalyzer/docs/scientific/rfc/JGA_WHOLE_TRACK_GROOVE_FROZEN_PIPELINE_001_20260921/WHOLE_TRACK_JOINED_EVENTS.csv,810dead183772c6ee3c2ffed01cb79b2a05045abb2aea4e4c8903c180932a4a5,c7efaf8d2029ed140d67b7cbfff1c23fd33e0ffcae18f285566266c063f78e1c,NEW_004,True
F_MIX_00323,62.798367346938775,BASS_AND_DRUM_SUPPORTED,171,62.80997732426304,161.49902343749977,-11.609977324265000,PRIMARY,F_MIX_00323,/Users/StarTrack/Development/JazzGrooveAnalyzer/docs/scientific/rfc/JGA_WHOLE_TRACK_GROOVE_FROZEN_PIPELINE_001_20260921/WHOLE_TRACK_JOINED_EVENTS.csv,810dead183772c6ee3c2ffed01cb79b2a05045abb2aea4e4c8903c180932a4a5,c7efaf8d2029ed140d67b7cbfff1c23fd33e0ffcae18f285566266c063f78e1c,NEW_004,True
F_MIX_00324,63.181496598639455,BASS_AND_DRUM_SUPPORTED,172,63.181496598639455,172.26562499999912,0E-15,PRIMARY,F_MIX_00324,/Users/StarTrack/Development/JazzGrooveAnalyzer/docs/scientific/rfc/JGA_WHOLE_TRACK_GROOVE_FROZEN_PIPELINE_001_20260921/WHOLE_TRACK_JOINED_EVENTS.csv,810dead183772c6ee3c2ffed01cb79b2a05045abb2aea4e4c8903c180932a4a5,c7efaf8d2029ed140d67b7cbfff1c23fd33e0ffcae18f285566266c063f78e1c,NEW_004,True
F_MIX_00325,63.46013605442177,DRUM_SUPPORTED,173,63.52979591836735,161.49902343749977,-69.65986394558000,CONTEXT,F_MIX_00325,/Users/StarTrack/Development/JazzGrooveAnalyzer/docs/scientific/rfc/JGA_WHOLE_TRACK_GROOVE_FROZEN_PIPELINE_001_20260921/WHOLE_TRACK_JOINED_EVENTS.csv,810dead183772c6ee3c2ffed01cb79b2a05045abb2aea4e4c8903c180932a4a5,c7efaf8d2029ed140d67b7cbfff1c23fd33e0ffcae18f285566266c063f78e1c,NEW_004,True
F_MIX_00326,63.54140589569161,DRUM_SUPPORTED,173,63.52979591836735,161.49902343749977,11.60997732426000,PRIMARY,F_MIX_00326,/Users/StarTrack/Development/JazzGrooveAnalyzer/docs/scientific/rfc/JGA_WHOLE_TRACK_GROOVE_FROZEN_PIPELINE_001_20260921/WHOLE_TRACK_JOINED_EVENTS.csv,810dead183772c6ee3c2ffed01cb79b2a05045abb2aea4e4c8903c180932a4a5,c7efaf8d2029ed140d67b7cbfff1c23fd33e0ffcae18f285566266c063f78e1c,NEW_004,True
F_MIX_00327,63.80843537414966,DRUM_SUPPORTED,174,63.901315192743766,161.49902343750287,-92.879818594106000,PRIMARY,F_MIX_00327,/Users/StarTrack/Development/JazzGrooveAnalyzer/docs/scientific/rfc/JGA_WHOLE_TRACK_GROOVE_FROZEN_PIPELINE_001_20260921/WHOLE_TRACK_JOINED_EVENTS.csv,810dead183772c6ee3c2ffed01cb79b2a05045abb2aea4e4c8903c180932a4a5,c7efaf8d2029ed140d67b7cbfff1c23fd33e0ffcae18f285566266c063f78e1c,NEW_004,True
F_MIX_00328,64.24961451247165,DRUM_SUPPORTED,175,64.27283446712018,172.2656249999956,-23.21995464853000,PRIMARY,F_MIX_00328,/Users/StarTrack/Development/JazzGrooveAnalyzer/docs/scientific/rfc/JGA_WHOLE_TRACK_GROOVE_FROZEN_PIPELINE_001_20260921/WHOLE_TRACK_JOINED_EVENTS.csv,810dead183772c6ee3c2ffed01cb79b2a05045abb2aea4e4c8903c180932a4a5,c7efaf8d2029ed140d67b7cbfff1c23fd33e0ffcae18f285566266c063f78e1c,NEW_004,True
F_MIX_00329,64.51664399092971,DRUM_SUPPORTED,176,64.62113378684808,161.49902343750287,-104.48979591837000,CONTEXT,F_MIX_00329,/Users/StarTrack/Development/JazzGrooveAnalyzer/docs/scientific/rfc/JGA_WHOLE_TRACK_GROOVE_FROZEN_PIPELINE_001_20260921/WHOLE_TRACK_JOINED_EVENTS.csv,810dead183772c6ee3c2ffed01cb79b2a05045abb2aea4e4c8903c180932a4a5,c7efaf8d2029ed140d67b7cbfff1c23fd33e0ffcae18f285566266c063f78e1c,NEW_004,True
F_MIX_00330,64.62113378684808,DRUM_SUPPORTED,176,64.62113378684808,161.49902343750287,0E-14,PRIMARY,F_MIX_00330,/Users/StarTrack/Development/JazzGrooveAnalyzer/docs/scientific/rfc/JGA_WHOLE_TRACK_GROOVE_FROZEN_PIPELINE_001_20260921/WHOLE_TRACK_JOINED_EVENTS.csv,810dead183772c6ee3c2ffed01cb79b2a05045abb2aea4e4c8903c180932a4a5,c7efaf8d2029ed140d67b7cbfff1c23fd33e0ffcae18f285566266c063f78e1c,NEW_004,True
F_MIX_00331,64.88816326530612,UNKNOWN,177,64.99265306122449,172.2656249999956,-104.48979591837000,CONTEXT,F_MIX_00331,/Users/StarTrack/Development/JazzGrooveAnalyzer/docs/scientific/rfc/JGA_WHOLE_TRACK_GROOVE_FROZEN_PIPELINE_001_20260921/WHOLE_TRACK_JOINED_EVENTS.csv,810dead183772c6ee3c2ffed01cb79b2a05045abb2aea4e4c8903c180932a4a5,c7efaf8d2029ed140d67b7cbfff1c23fd33e0ffcae18f285566266c063f78e1c,NEW_004,True
F_MIX_00332,64.98104308390023,DRUM_SUPPORTED,177,64.99265306122449,172.2656249999956,-11.60997732426000,PRIMARY,F_MIX_00332,/Users/StarTrack/Development/JazzGrooveAnalyzer/docs/scientific/rfc/JGA_WHOLE_TRACK_GROOVE_FROZEN_PIPELINE_001_20260921/WHOLE_TRACK_JOINED_EVENTS.csv,810dead183772c6ee3c2ffed01cb79b2a05045abb2aea4e4c8903c180932a4a5,c7efaf8d2029ed140d67b7cbfff1c23fd33e0ffcae18f285566266c063f78e1c,NEW_004,True
F_MIX_00333,65.23646258503402,UNKNOWN,178,65.34095238095239,172.26562500000261,-104.48979591837000,CONTEXT,F_MIX_00333,/Users/StarTrack/Development/JazzGrooveAnalyzer/docs/scientific/rfc/JGA_WHOLE_TRACK_GROOVE_FROZEN_PIPELINE_001_20260921/WHOLE_TRACK_JOINED_EVENTS.csv,810dead183772c6ee3c2ffed01cb79b2a05045abb2aea4e4c8903c180932a4a5,c7efaf8d2029ed140d67b7cbfff1c23fd33e0ffcae18f285566266c063f78e1c,NEW_004,True
F_MIX_00334,65.34095238095239,DRUM_SUPPORTED,178,65.34095238095239,172.26562500000261,0E-14,PRIMARY,F_MIX_00334,/Users/StarTrack/Development/JazzGrooveAnalyzer/docs/scientific/rfc/JGA_WHOLE_TRACK_GROOVE_FROZEN_PIPELINE_001_20260921/WHOLE_TRACK_JOINED_EVENTS.csv,810dead183772c6ee3c2ffed01cb79b2a05045abb2aea4e4c8903c180932a4a5,c7efaf8d2029ed140d67b7cbfff1c23fd33e0ffcae18f285566266c063f78e1c,NEW_004,True
F_MIX_00335,65.70086167800453,DRUM_SUPPORTED,179,65.68925170068027,161.49902343750287,11.60997732426000,PRIMARY,F_MIX_00335,/Users/StarTrack/Development/JazzGrooveAnalyzer/docs/scientific/rfc/JGA_WHOLE_TRACK_GROOVE_FROZEN_PIPELINE_001_20260921/WHOLE_TRACK_JOINED_EVENTS.csv,810dead183772c6ee3c2ffed01cb79b2a05045abb2aea4e4c8903c180932a4a5,c7efaf8d2029ed140d67b7cbfff1c23fd33e0ffcae18f285566266c063f78e1c,NEW_004,True
F_MIX_00336,65.99111111111111,UNKNOWN,180,66.06077097505668,172.2656249999956,-69.65986394557000,CONTEXT,F_MIX_00336,/Users/StarTrack/Development/JazzGrooveAnalyzer/docs/scientific/rfc/JGA_WHOLE_TRACK_GROOVE_FROZEN_PIPELINE_001_20260921/WHOLE_TRACK_JOINED_EVENTS.csv,810dead183772c6ee3c2ffed01cb79b2a05045abb2aea4e4c8903c180932a4a5,c7efaf8d2029ed140d67b7cbfff1c23fd33e0ffcae18f285566266c063f78e1c,NEW_004,True
F_MIX_00337,66.07238095238095,BASS_AND_DRUM_SUPPORTED,180,66.06077097505668,172.2656249999956,11.60997732427000,PRIMARY,F_MIX_00337,/Users/StarTrack/Development/JazzGrooveAnalyzer/docs/scientific/rfc/JGA_WHOLE_TRACK_GROOVE_FROZEN_PIPELINE_001_20260921/WHOLE_TRACK_JOINED_EVENTS.csv,810dead183772c6ee3c2ffed01cb79b2a05045abb2aea4e4c8903c180932a4a5,c7efaf8d2029ed140d67b7cbfff1c23fd33e0ffcae18f285566266c063f78e1c,NEW_004,True
F_MIX_00338,66.42068027210884,BASS_AND_DRUM_SUPPORTED,181,66.40907029478458,161.49902343750287,11.60997732426000,PRIMARY,F_MIX_00338,/Users/StarTrack/Development/JazzGrooveAnalyzer/docs/scientific/rfc/JGA_WHOLE_TRACK_GROOVE_FROZEN_PIPELINE_001_20260921/WHOLE_TRACK_JOINED_EVENTS.csv,810dead183772c6ee3c2ffed01cb79b2a05045abb2aea4e4c8903c180932a4a5,c7efaf8d2029ed140d67b7cbfff1c23fd33e0ffcae18f285566266c063f78e1c,NEW_004,True
F_MIX_00339,66.69931972789115,DRUM_SUPPORTED,182,66.780589569161,172.2656249999956,-81.26984126985000,CONTEXT,F_MIX_00339,/Users/StarTrack/Development/JazzGrooveAnalyzer/docs/scientific/rfc/JGA_WHOLE_TRACK_GROOVE_FROZEN_PIPELINE_001_20260921/WHOLE_TRACK_JOINED_EVENTS.csv,810dead183772c6ee3c2ffed01cb79b2a05045abb2aea4e4c8903c180932a4a5,c7efaf8d2029ed140d67b7cbfff1c23fd33e0ffcae18f285566266c063f78e1c,NEW_004,True
F_MIX_00340,66.79219954648526,BASS_AND_DRUM_SUPPORTED,182,66.780589569161,172.2656249999956,11.60997732426000,PRIMARY,F_MIX_00340,/Users/StarTrack/Development/JazzGrooveAnalyzer/docs/scientific/rfc/JGA_WHOLE_TRACK_GROOVE_FROZEN_PIPELINE_001_20260921/WHOLE_TRACK_JOINED_EVENTS.csv,810dead183772c6ee3c2ffed01cb79b2a05045abb2aea4e4c8903c180932a4a5,c7efaf8d2029ed140d67b7cbfff1c23fd33e0ffcae18f285566266c063f78e1c,NEW_004,True
F_MIX_00341,67.1288888888889,BASS_AND_DRUM_SUPPORTED,183,67.1288888888889,172.26562500000261,0E-13,PRIMARY,F_MIX_00341,/Users/StarTrack/Development/JazzGrooveAnalyzer/docs/scientific/rfc/JGA_WHOLE_TRACK_GROOVE_FROZEN_PIPELINE_001_20260921/WHOLE_TRACK_JOINED_EVENTS.csv,810dead183772c6ee3c2ffed01cb79b2a05045abb2aea4e4c8903c180932a4a5,c7efaf8d2029ed140d67b7cbfff1c23fd33e0ffcae18f285566266c063f78e1c,NEW_004,True
F_MIX_00342,67.43074829931973,UNKNOWN,184,67.47718820861678,161.49902343750287,-46.43990929705000,CONTEXT,F_MIX_00342,/Users/StarTrack/Development/JazzGrooveAnalyzer/docs/scientific/rfc/JGA_WHOLE_TRACK_GROOVE_FROZEN_PIPELINE_001_20260921/WHOLE_TRACK_JOINED_EVENTS.csv,810dead183772c6ee3c2ffed01cb79b2a05045abb2aea4e4c8903c180932a4a5,c7efaf8d2029ed140d67b7cbfff1c23fd33e0ffcae18f285566266c063f78e1c,NEW_004,True
F_MIX_00343,67.5004081632653,DRUM_SUPPORTED,184,67.47718820861678,161.49902343750287,23.21995464852000,PRIMARY,F_MIX_00343,/Users/StarTrack/Development/JazzGrooveAnalyzer/docs/scientific/rfc/JGA_WHOLE_TRACK_GROOVE_FROZEN_PIPELINE_001_20260921/WHOLE_TRACK_JOINED_EVENTS.csv,810dead183772c6ee3c2ffed01cb79b2a05045abb2aea4e4c8903c180932a4a5,c7efaf8d2029ed140d67b7cbfff1c23fd33e0ffcae18f285566266c063f78e1c,NEW_004,True
F_MIX_00344,67.80226757369614,UNKNOWN,185,67.84870748299319,172.2656249999956,-46.43990929705000,CONTEXT,F_MIX_00344,/Users/StarTrack/Development/JazzGrooveAnalyzer/docs/scientific/rfc/JGA_WHOLE_TRACK_GROOVE_FROZEN_PIPELINE_001_20260921/WHOLE_TRACK_JOINED_EVENTS.csv,810dead183772c6ee3c2ffed01cb79b2a05045abb2aea4e4c8903c180932a4a5,c7efaf8d2029ed140d67b7cbfff1c23fd33e0ffcae18f285566266c063f78e1c,NEW_004,True
F_MIX_00345,67.87192743764173,DRUM_SUPPORTED,185,67.84870748299319,172.2656249999956,23.21995464854000,PRIMARY,F_MIX_00345,/Users/StarTrack/Development/JazzGrooveAnalyzer/docs/scientific/rfc/JGA_WHOLE_TRACK_GROOVE_FROZEN_PIPELINE_001_20260921/WHOLE_TRACK_JOINED_EVENTS.csv,810dead183772c6ee3c2ffed01cb79b2a05045abb2aea4e4c8903c180932a4a5,c7efaf8d2029ed140d67b7cbfff1c23fd33e0ffcae18f285566266c063f78e1c,NEW_004,True
F_MIX_00346,68.1621768707483,DRUM_SUPPORTED,186,68.19700680272109,161.49902343750287,-34.82993197279000,CONTEXT,F_MIX_00346,/Users/StarTrack/Development/JazzGrooveAnalyzer/docs/scientific/rfc/JGA_WHOLE_TRACK_GROOVE_FROZEN_PIPELINE_001_20260921/WHOLE_TRACK_JOINED_EVENTS.csv,810dead183772c6ee3c2ffed01cb79b2a05045abb2aea4e4c8903c180932a4a5,c7efaf8d2029ed140d67b7cbfff1c23fd33e0ffcae18f285566266c063f78e1c,NEW_004,True
F_MIX_00347,68.20861678004535,DRUM_SUPPORTED,186,68.19700680272109,161.49902343750287,11.60997732426000,PRIMARY,F_MIX_00347,/Users/StarTrack/Development/JazzGrooveAnalyzer/docs/scientific/rfc/JGA_WHOLE_TRACK_GROOVE_FROZEN_PIPELINE_001_20260921/WHOLE_TRACK_JOINED_EVENTS.csv,810dead183772c6ee3c2ffed01cb79b2a05045abb2aea4e4c8903c180932a4a5,c7efaf8d2029ed140d67b7cbfff1c23fd33e0ffcae18f285566266c063f78e1c,NEW_004,True
F_MIX_00348,68.28988662131519,UNKNOWN,186,68.19700680272109,161.49902343750287,92.87981859410000,CONTEXT,F_MIX_00348,/Users/StarTrack/Development/JazzGrooveAnalyzer/docs/scientific/rfc/JGA_WHOLE_TRACK_GROOVE_FROZEN_PIPELINE_001_20260921/WHOLE_TRACK_JOINED_EVENTS.csv,810dead183772c6ee3c2ffed01cb79b2a05045abb2aea4e4c8903c180932a4a5,c7efaf8d2029ed140d67b7cbfff1c23fd33e0ffcae18f285566266c063f78e1c,NEW_004,True
F_MIX_00349,68.52208616780045,UNKNOWN,187,68.5685260770975,172.2656249999956,-46.43990929705000,CONTEXT,F_MIX_00349,/Users/StarTrack/Development/JazzGrooveAnalyzer/docs/scientific/rfc/JGA_WHOLE_TRACK_GROOVE_FROZEN_PIPELINE_001_20260921/WHOLE_TRACK_JOINED_EVENTS.csv,810dead183772c6ee3c2ffed01cb79b2a05045abb2aea4e4c8903c180932a4a5,c7efaf8d2029ed140d67b7cbfff1c23fd33e0ffcae18f285566266c063f78e1c,NEW_004,True
F_MIX_00350,68.59174603174603,BASS_AND_DRUM_SUPPORTED,187,68.5685260770975,172.2656249999956,23.21995464853000,PRIMARY,F_MIX_00350,/Users/StarTrack/Development/JazzGrooveAnalyzer/docs/scientific/rfc/JGA_WHOLE_TRACK_GROOVE_FROZEN_PIPELINE_001_20260921/WHOLE_TRACK_JOINED_EVENTS.csv,810dead183772c6ee3c2ffed01cb79b2a05045abb2aea4e4c8903c180932a4a5,c7efaf8d2029ed140d67b7cbfff1c23fd33e0ffcae18f285566266c063f78e1c,NEW_004,True
F_MIX_00351,68.84716553287981,DRUM_SUPPORTED,188,68.9168253968254,161.49902343750287,-69.65986394559000,CONTEXT,F_MIX_00351,/Users/StarTrack/Development/JazzGrooveAnalyzer/docs/scientific/rfc/JGA_WHOLE_TRACK_GROOVE_FROZEN_PIPELINE_001_20260921/WHOLE_TRACK_JOINED_EVENTS.csv,810dead183772c6ee3c2ffed01cb79b2a05045abb2aea4e4c8903c180932a4a5,c7efaf8d2029ed140d67b7cbfff1c23fd33e0ffcae18f285566266c063f78e1c,NEW_004,True
F_MIX_00352,68.98648526077098,UNKNOWN,188,68.9168253968254,161.49902343750287,69.65986394558000,PRIMARY,F_MIX_00352,/Users/StarTrack/Development/JazzGrooveAnalyzer/docs/scientific/rfc/JGA_WHOLE_TRACK_GROOVE_FROZEN_PIPELINE_001_20260921/WHOLE_TRACK_JOINED_EVENTS.csv,810dead183772c6ee3c2ffed01cb79b2a05045abb2aea4e4c8903c180932a4a5,c7efaf8d2029ed140d67b7cbfff1c23fd33e0ffcae18f285566266c063f78e1c,NEW_004,True
F_MIX_00353,69.29995464852608,BASS_AND_DRUM_SUPPORTED,189,69.28834467120181,172.26562500000261,11.60997732427000,PRIMARY,F_MIX_00353,/Users/StarTrack/Development/JazzGrooveAnalyzer/docs/scientific/rfc/JGA_WHOLE_TRACK_GROOVE_FROZEN_PIPELINE_001_20260921/WHOLE_TRACK_JOINED_EVENTS.csv,810dead183772c6ee3c2ffed01cb79b2a05045abb2aea4e4c8903c180932a4a5,c7efaf8d2029ed140d67b7cbfff1c23fd33e0ffcae18f285566266c063f78e1c,NEW_004,True
F_MIX_00354,69.56698412698412,UNKNOWN,190,69.6366439909297,172.2656249999956,-69.65986394558000,CONTEXT,F_MIX_00354,/Users/StarTrack/Development/JazzGrooveAnalyzer/docs/scientific/rfc/JGA_WHOLE_TRACK_GROOVE_FROZEN_PIPELINE_001_20260921/WHOLE_TRACK_JOINED_EVENTS.csv,810dead183772c6ee3c2ffed01cb79b2a05045abb2aea4e4c8903c180932a4a5,c7efaf8d2029ed140d67b7cbfff1c23fd33e0ffcae18f285566266c063f78e1c,NEW_004,True
F_MIX_00355,69.64825396825397,DRUM_SUPPORTED,190,69.6366439909297,172.2656249999956,11.60997732427000,PRIMARY,F_MIX_00355,/Users/StarTrack/Development/JazzGrooveAnalyzer/docs/scientific/rfc/JGA_WHOLE_TRACK_GROOVE_FROZEN_PIPELINE_001_20260921/WHOLE_TRACK_JOINED_EVENTS.csv,810dead183772c6ee3c2ffed01cb79b2a05045abb2aea4e4c8903c180932a4a5,c7efaf8d2029ed140d67b7cbfff1c23fd33e0ffcae18f285566266c063f78e1c,NEW_004,True
F_MIX_00356,69.92689342403628,UNKNOWN,191,69.9849433106576,161.49902343750287,-58.04988662132000,CONTEXT,F_MIX_00356,/Users/StarTrack/Development/JazzGrooveAnalyzer/docs/scientific/rfc/JGA_WHOLE_TRACK_GROOVE_FROZEN_PIPELINE_001_20260921/WHOLE_TRACK_JOINED_EVENTS.csv,810dead183772c6ee3c2ffed01cb79b2a05045abb2aea4e4c8903c180932a4a5,c7efaf8d2029ed140d67b7cbfff1c23fd33e0ffcae18f285566266c063f78e1c,NEW_004,True
F_MIX_00357,70.01977324263038,DRUM_SUPPORTED,191,69.9849433106576,161.49902343750287,34.82993197278000,PRIMARY,F_MIX_00357,/Users/StarTrack/Development/JazzGrooveAnalyzer/docs/scientific/rfc/JGA_WHOLE_TRACK_GROOVE_FROZEN_PIPELINE_001_20260921/WHOLE_TRACK_JOINED_EVENTS.csv,810dead183772c6ee3c2ffed01cb79b2a05045abb2aea4e4c8903c180932a4a5,c7efaf8d2029ed140d67b7cbfff1c23fd33e0ffcae18f285566266c063f78e1c,NEW_004,True
F_MIX_00358,70.2984126984127,UNKNOWN,192,70.35646258503401,172.2656249999956,-58.04988662131000,CONTEXT,F_MIX_00358,/Users/StarTrack/Development/JazzGrooveAnalyzer/docs/scientific/rfc/JGA_WHOLE_TRACK_GROOVE_FROZEN_PIPELINE_001_20260921/WHOLE_TRACK_JOINED_EVENTS.csv,810dead183772c6ee3c2ffed01cb79b2a05045abb2aea4e4c8903c180932a4a5,c7efaf8d2029ed140d67b7cbfff1c23fd33e0ffcae18f285566266c063f78e1c,NEW_004,True
F_MIX_00359,70.37968253968253,DRUM_SUPPORTED,192,70.35646258503401,172.2656249999956,23.21995464852000,PRIMARY,F_MIX_00359,/Users/StarTrack/Development/JazzGrooveAnalyzer/docs/scientific/rfc/JGA_WHOLE_TRACK_GROOVE_FROZEN_PIPELINE_001_20260921/WHOLE_TRACK_JOINED_EVENTS.csv,810dead183772c6ee3c2ffed01cb79b2a05045abb2aea4e4c8903c180932a4a5,c7efaf8d2029ed140d67b7cbfff1c23fd33e0ffcae18f285566266c063f78e1c,NEW_004,True
F_MIX_00360,70.64671201814059,DRUM_SUPPORTED,193,70.70476190476191,161.49902343750287,-58.04988662132000,CONTEXT,F_MIX_00360,/Users/StarTrack/Development/JazzGrooveAnalyzer/docs/scientific/rfc/JGA_WHOLE_TRACK_GROOVE_FROZEN_PIPELINE_001_20260921/WHOLE_TRACK_JOINED_EVENTS.csv,810dead183772c6ee3c2ffed01cb79b2a05045abb2aea4e4c8903c180932a4a5,c7efaf8d2029ed140d67b7cbfff1c23fd33e0ffcae18f285566266c063f78e1c,NEW_004,True
F_MIX_00361,70.75120181405896,DRUM_SUPPORTED,193,70.70476190476191,161.49902343750287,46.43990929705000,PRIMARY,F_MIX_00361,/Users/StarTrack/Development/JazzGrooveAnalyzer/docs/scientific/rfc/JGA_WHOLE_TRACK_GROOVE_FROZEN_PIPELINE_001_20260921/WHOLE_TRACK_JOINED_EVENTS.csv,810dead183772c6ee3c2ffed01cb79b2a05045abb2aea4e4c8903c180932a4a5,c7efaf8d2029ed140d67b7cbfff1c23fd33e0ffcae18f285566266c063f78e1c,NEW_004,True
F_MIX_00362,70.99501133786848,DRUM_SUPPORTED,194,71.07628117913832,172.2656249999956,-81.26984126984000,CONTEXT,F_MIX_00362,/Users/StarTrack/Development/JazzGrooveAnalyzer/docs/scientific/rfc/JGA_WHOLE_TRACK_GROOVE_FROZEN_PIPELINE_001_20260921/WHOLE_TRACK_JOINED_EVENTS.csv,810dead183772c6ee3c2ffed01cb79b2a05045abb2aea4e4c8903c180932a4a5,c7efaf8d2029ed140d67b7cbfff1c23fd33e0ffcae18f285566266c063f78e1c,NEW_004,True
F_MIX_00363,71.1459410430839,UNKNOWN,194,71.07628117913832,172.2656249999956,69.65986394558000,PRIMARY,F_MIX_00363,/Users/StarTrack/Development/JazzGrooveAnalyzer/docs/scientific/rfc/JGA_WHOLE_TRACK_GROOVE_FROZEN_PIPELINE_001_20260921/WHOLE_TRACK_JOINED_EVENTS.csv,810dead183772c6ee3c2ffed01cb79b2a05045abb2aea4e4c8903c180932a4a5,c7efaf8d2029ed140d67b7cbfff1c23fd33e0ffcae18f285566266c063f78e1c,NEW_004,True
F_MIX_00364,71.40136054421768,UNKNOWN,195,71.42458049886622,161.49902343750287,-23.21995464854000,PRIMARY,F_MIX_00364,/Users/StarTrack/Development/JazzGrooveAnalyzer/docs/scientific/rfc/JGA_WHOLE_TRACK_GROOVE_FROZEN_PIPELINE_001_20260921/WHOLE_TRACK_JOINED_EVENTS.csv,810dead183772c6ee3c2ffed01cb79b2a05045abb2aea4e4c8903c180932a4a5,c7efaf8d2029ed140d67b7cbfff1c23fd33e0ffcae18f285566266c063f78e1c,NEW_004,True
F_MIX_00365,71.47102040816327,DRUM_SUPPORTED,195,71.42458049886622,161.49902343750287,46.43990929705000,CONTEXT,F_MIX_00365,/Users/StarTrack/Development/JazzGrooveAnalyzer/docs/scientific/rfc/JGA_WHOLE_TRACK_GROOVE_FROZEN_PIPELINE_001_20260921/WHOLE_TRACK_JOINED_EVENTS.csv,810dead183772c6ee3c2ffed01cb79b2a05045abb2aea4e4c8903c180932a4a5,c7efaf8d2029ed140d67b7cbfff1c23fd33e0ffcae18f285566266c063f78e1c,NEW_004,True
F_MIX_00366,71.72643990929706,DRUM_SUPPORTED,196,71.79609977324263,172.26562500000261,-69.65986394557000,CONTEXT,F_MIX_00366,/Users/StarTrack/Development/JazzGrooveAnalyzer/docs/scientific/rfc/JGA_WHOLE_TRACK_GROOVE_FROZEN_PIPELINE_001_20260921/WHOLE_TRACK_JOINED_EVENTS.csv,810dead183772c6ee3c2ffed01cb79b2a05045abb2aea4e4c8903c180932a4a5,c7efaf8d2029ed140d67b7cbfff1c23fd33e0ffcae18f285566266c063f78e1c,NEW_004,True
F_MIX_00367,71.81931972789116,DRUM_SUPPORTED,196,71.79609977324263,172.26562500000261,23.21995464853000,PRIMARY,F_MIX_00367,/Users/StarTrack/Development/JazzGrooveAnalyzer/docs/scientific/rfc/JGA_WHOLE_TRACK_GROOVE_FROZEN_PIPELINE_001_20260921/WHOLE_TRACK_JOINED_EVENTS.csv,810dead183772c6ee3c2ffed01cb79b2a05045abb2aea4e4c8903c180932a4a5,c7efaf8d2029ed140d67b7cbfff1c23fd33e0ffcae18f285566266c063f78e1c,NEW_004,True
F_MIX_00368,72.09795918367347,UNKNOWN,197,72.14439909297052,161.4990234374967,-46.43990929705000,PRIMARY,F_MIX_00368,/Users/StarTrack/Development/JazzGrooveAnalyzer/docs/scientific/rfc/JGA_WHOLE_TRACK_GROOVE_FROZEN_PIPELINE_001_20260921/WHOLE_TRACK_JOINED_EVENTS.csv,810dead183772c6ee3c2ffed01cb79b2a05045abb2aea4e4c8903c180932a4a5,c7efaf8d2029ed140d67b7cbfff1c23fd33e0ffcae18f285566266c063f78e1c,NEW_004,True
F_MIX_00369,72.19083900226758,DRUM_SUPPORTED,197,72.14439909297052,161.4990234374967,46.43990929706000,CONTEXT,F_MIX_00369,/Users/StarTrack/Development/JazzGrooveAnalyzer/docs/scientific/rfc/JGA_WHOLE_TRACK_GROOVE_FROZEN_PIPELINE_001_20260921/WHOLE_TRACK_JOINED_EVENTS.csv,810dead183772c6ee3c2ffed01cb79b2a05045abb2aea4e4c8903c180932a4a5,c7efaf8d2029ed140d67b7cbfff1c23fd33e0ffcae18f285566266c063f78e1c,NEW_004,True
F_MIX_00370,72.44625850340137,DRUM_SUPPORTED,198,72.51591836734694,172.26562500000261,-69.65986394557000,CONTEXT,F_MIX_00370,/Users/StarTrack/Development/JazzGrooveAnalyzer/docs/scientific/rfc/JGA_WHOLE_TRACK_GROOVE_FROZEN_PIPELINE_001_20260921/WHOLE_TRACK_JOINED_EVENTS.csv,810dead183772c6ee3c2ffed01cb79b2a05045abb2aea4e4c8903c180932a4a5,c7efaf8d2029ed140d67b7cbfff1c23fd33e0ffcae18f285566266c063f78e1c,NEW_004,True
F_MIX_00371,72.53913832199547,DRUM_SUPPORTED,198,72.51591836734694,172.26562500000261,23.21995464853000,PRIMARY,F_MIX_00371,/Users/StarTrack/Development/JazzGrooveAnalyzer/docs/scientific/rfc/JGA_WHOLE_TRACK_GROOVE_FROZEN_PIPELINE_001_20260921/WHOLE_TRACK_JOINED_EVENTS.csv,810dead183772c6ee3c2ffed01cb79b2a05045abb2aea4e4c8903c180932a4a5,c7efaf8d2029ed140d67b7cbfff1c23fd33e0ffcae18f285566266c063f78e1c,NEW_004,True
F_MIX_00372,72.89904761904762,DRUM_SUPPORTED,199,72.86421768707483,161.4990234374967,34.82993197279000,PRIMARY,F_MIX_00372,/Users/StarTrack/Development/JazzGrooveAnalyzer/docs/scientific/rfc/JGA_WHOLE_TRACK_GROOVE_FROZEN_PIPELINE_001_20260921/WHOLE_TRACK_JOINED_EVENTS.csv,810dead183772c6ee3c2ffed01cb79b2a05045abb2aea4e4c8903c180932a4a5,c7efaf8d2029ed140d67b7cbfff1c23fd33e0ffcae18f285566266c063f78e1c,NEW_004,True
F_MIX_00373,73.18929705215419,DRUM_SUPPORTED,200,73.23573696145125,161.49902343750287,-46.43990929706000,CONTEXT,F_MIX_00373,/Users/StarTrack/Development/JazzGrooveAnalyzer/docs/scientific/rfc/JGA_WHOLE_TRACK_GROOVE_FROZEN_PIPELINE_001_20260921/WHOLE_TRACK_JOINED_EVENTS.csv,810dead183772c6ee3c2ffed01cb79b2a05045abb2aea4e4c8903c180932a4a5,c7efaf8d2029ed140d67b7cbfff1c23fd33e0ffcae18f285566266c063f78e1c,NEW_004,True
F_MIX_00374,73.27056689342403,DRUM_SUPPORTED,200,73.23573696145125,161.49902343750287,34.82993197278000,PRIMARY,F_MIX_00374,/Users/StarTrack/Development/JazzGrooveAnalyzer/docs/scientific/rfc/JGA_WHOLE_TRACK_GROOVE_FROZEN_PIPELINE_001_20260921/WHOLE_TRACK_JOINED_EVENTS.csv,810dead183772c6ee3c2ffed01cb79b2a05045abb2aea4e4c8903c180932a4a5,c7efaf8d2029ed140d67b7cbfff1c23fd33e0ffcae18f285566266c063f78e1c,NEW_004,True
F_MIX_00375,73.60725623582766,DRUM_SUPPORTED,201,73.60725623582766,172.26562500000261,0E-14,PRIMARY,F_MIX_00375,/Users/StarTrack/Development/JazzGrooveAnalyzer/docs/scientific/rfc/JGA_WHOLE_TRACK_GROOVE_FROZEN_PIPELINE_001_20260921/WHOLE_TRACK_JOINED_EVENTS.csv,810dead183772c6ee3c2ffed01cb79b2a05045abb2aea4e4c8903c180932a4a5,c7efaf8d2029ed140d67b7cbfff1c23fd33e0ffcae18f285566266c063f78e1c,NEW_004,True
F_MIX_00376,73.64208616780046,DRUM_SUPPORTED,201,73.60725623582766,172.26562500000261,34.82993197280000,CONTEXT,F_MIX_00376,/Users/StarTrack/Development/JazzGrooveAnalyzer/docs/scientific/rfc/JGA_WHOLE_TRACK_GROOVE_FROZEN_PIPELINE_001_20260921/WHOLE_TRACK_JOINED_EVENTS.csv,810dead183772c6ee3c2ffed01cb79b2a05045abb2aea4e4c8903c180932a4a5,c7efaf8d2029ed140d67b7cbfff1c23fd33e0ffcae18f285566266c063f78e1c,NEW_004,True
F_MIX_00377,73.88589569160997,DRUM_SUPPORTED,202,73.95555555555555,161.4990234374967,-69.65986394558000,PRIMARY,F_MIX_00377,/Users/StarTrack/Development/JazzGrooveAnalyzer/docs/scientific/rfc/JGA_WHOLE_TRACK_GROOVE_FROZEN_PIPELINE_001_20260921/WHOLE_TRACK_JOINED_EVENTS.csv,810dead183772c6ee3c2ffed01cb79b2a05045abb2aea4e4c8903c180932a4a5,c7efaf8d2029ed140d67b7cbfff1c23fd33e0ffcae18f285566266c063f78e1c,NEW_004,True
F_MIX_00378,74.33868480725623,BASS_AND_DRUM_SUPPORTED,203,74.32707482993197,172.26562500000261,11.60997732426000,PRIMARY,F_MIX_00378,/Users/StarTrack/Development/JazzGrooveAnalyzer/docs/scientific/rfc/JGA_WHOLE_TRACK_GROOVE_FROZEN_PIPELINE_001_20260921/WHOLE_TRACK_JOINED_EVENTS.csv,810dead183772c6ee3c2ffed01cb79b2a05045abb2aea4e4c8903c180932a4a5,c7efaf8d2029ed140d67b7cbfff1c23fd33e0ffcae18f285566266c063f78e1c,NEW_004,True
F_MIX_00379,74.64054421768708,DRUM_SUPPORTED,204,74.67537414965986,161.4990234374967,-34.82993197278000,PRIMARY,F_MIX_00379,/Users/StarTrack/Development/JazzGrooveAnalyzer/docs/scientific/rfc/JGA_WHOLE_TRACK_GROOVE_FROZEN_PIPELINE_001_20260921/WHOLE_TRACK_JOINED_EVENTS.csv,810dead183772c6ee3c2ffed01cb79b2a05045abb2aea4e4c8903c180932a4a5,c7efaf8d2029ed140d67b7cbfff1c23fd33e0ffcae18f285566266c063f78e1c,NEW_004,True
F_MIX_00380,74.72181405895692,BASS_AND_DRUM_SUPPORTED,204,74.67537414965986,161.4990234374967,46.43990929706000,CONTEXT,F_MIX_00380,/Users/StarTrack/Development/JazzGrooveAnalyzer/docs/scientific/rfc/JGA_WHOLE_TRACK_GROOVE_FROZEN_PIPELINE_001_20260921/WHOLE_TRACK_JOINED_EVENTS.csv,810dead183772c6ee3c2ffed01cb79b2a05045abb2aea4e4c8903c180932a4a5,c7efaf8d2029ed140d67b7cbfff1c23fd33e0ffcae18f285566266c063f78e1c,NEW_004,True
F_MIX_00381,74.98884353741497,UNKNOWN,205,75.04689342403628,172.26562500000261,-58.04988662131000,CONTEXT,F_MIX_00381,/Users/StarTrack/Development/JazzGrooveAnalyzer/docs/scientific/rfc/JGA_WHOLE_TRACK_GROOVE_FROZEN_PIPELINE_001_20260921/WHOLE_TRACK_JOINED_EVENTS.csv,810dead183772c6ee3c2ffed01cb79b2a05045abb2aea4e4c8903c180932a4a5,c7efaf8d2029ed140d67b7cbfff1c23fd33e0ffcae18f285566266c063f78e1c,NEW_004,True
F_MIX_00382,75.08172335600906,BASS_AND_DRUM_SUPPORTED,205,75.04689342403628,172.26562500000261,34.82993197278000,PRIMARY,F_MIX_00382,/Users/StarTrack/Development/JazzGrooveAnalyzer/docs/scientific/rfc/JGA_WHOLE_TRACK_GROOVE_FROZEN_PIPELINE_001_20260921/WHOLE_TRACK_JOINED_EVENTS.csv,810dead183772c6ee3c2ffed01cb79b2a05045abb2aea4e4c8903c180932a4a5,c7efaf8d2029ed140d67b7cbfff1c23fd33e0ffcae18f285566266c063f78e1c,NEW_005,True
F_MIX_00383,75.34875283446712,DRUM_SUPPORTED,206,75.39519274376417,161.4990234374967,-46.43990929705000,CONTEXT,F_MIX_00383,/Users/StarTrack/Development/JazzGrooveAnalyzer/docs/scientific/rfc/JGA_WHOLE_TRACK_GROOVE_FROZEN_PIPELINE_001_20260921/WHOLE_TRACK_JOINED_EVENTS.csv,810dead183772c6ee3c2ffed01cb79b2a05045abb2aea4e4c8903c180932a4a5,c7efaf8d2029ed140d67b7cbfff1c23fd33e0ffcae18f285566266c063f78e1c,NEW_005,True
F_MIX_00384,75.43002267573696,BASS_AND_DRUM_SUPPORTED,206,75.39519274376417,161.4990234374967,34.82993197279000,PRIMARY,F_MIX_00384,/Users/StarTrack/Development/JazzGrooveAnalyzer/docs/scientific/rfc/JGA_WHOLE_TRACK_GROOVE_FROZEN_PIPELINE_001_20260921/WHOLE_TRACK_JOINED_EVENTS.csv,810dead183772c6ee3c2ffed01cb79b2a05045abb2aea4e4c8903c180932a4a5,c7efaf8d2029ed140d67b7cbfff1c23fd33e0ffcae18f285566266c063f78e1c,NEW_005,True
F_MIX_00385,75.72027210884353,DRUM_SUPPORTED,207,75.7667120181406,172.26562500000261,-46.43990929707000,CONTEXT,F_MIX_00385,/Users/StarTrack/Development/JazzGrooveAnalyzer/docs/scientific/rfc/JGA_WHOLE_TRACK_GROOVE_FROZEN_PIPELINE_001_20260921/WHOLE_TRACK_JOINED_EVENTS.csv,810dead183772c6ee3c2ffed01cb79b2a05045abb2aea4e4c8903c180932a4a5,c7efaf8d2029ed140d67b7cbfff1c23fd33e0ffcae18f285566266c063f78e1c,NEW_005,True
F_MIX_00386,75.80154195011337,DRUM_SUPPORTED,207,75.7667120181406,172.26562500000261,34.82993197277000,PRIMARY,F_MIX_00386,/Users/StarTrack/Development/JazzGrooveAnalyzer/docs/scientific/rfc/JGA_WHOLE_TRACK_GROOVE_FROZEN_PIPELINE_001_20260921/WHOLE_TRACK_JOINED_EVENTS.csv,810dead183772c6ee3c2ffed01cb79b2a05045abb2aea4e4c8903c180932a4a5,c7efaf8d2029ed140d67b7cbfff1c23fd33e0ffcae18f285566266c063f78e1c,NEW_005,True
F_MIX_00387,76.06857142857143,DRUM_SUPPORTED,208,76.11501133786848,161.49902343750287,-46.43990929705000,PRIMARY,F_MIX_00387,/Users/StarTrack/Development/JazzGrooveAnalyzer/docs/scientific/rfc/JGA_WHOLE_TRACK_GROOVE_FROZEN_PIPELINE_001_20260921/WHOLE_TRACK_JOINED_EVENTS.csv,810dead183772c6ee3c2ffed01cb79b2a05045abb2aea4e4c8903c180932a4a5,c7efaf8d2029ed140d67b7cbfff1c23fd33e0ffcae18f285566266c063f78e1c,NEW_005,True
F_MIX_00388,76.42848072562359,UNKNOWN,209,76.48653061224489,172.2656249999956,-58.04988662130000,CONTEXT,F_MIX_00388,/Users/StarTrack/Development/JazzGrooveAnalyzer/docs/scientific/rfc/JGA_WHOLE_TRACK_GROOVE_FROZEN_PIPELINE_001_20260921/WHOLE_TRACK_JOINED_EVENTS.csv,810dead183772c6ee3c2ffed01cb79b2a05045abb2aea4e4c8903c180932a4a5,c7efaf8d2029ed140d67b7cbfff1c23fd33e0ffcae18f285566266c063f78e1c,NEW_005,True
F_MIX_00389,76.52136054421769,DRUM_SUPPORTED,209,76.48653061224489,172.2656249999956,34.82993197280000,PRIMARY,F_MIX_00389,/Users/StarTrack/Development/JazzGrooveAnalyzer/docs/scientific/rfc/JGA_WHOLE_TRACK_GROOVE_FROZEN_PIPELINE_001_20260921/WHOLE_TRACK_JOINED_EVENTS.csv,810dead183772c6ee3c2ffed01cb79b2a05045abb2aea4e4c8903c180932a4a5,c7efaf8d2029ed140d67b7cbfff1c23fd33e0ffcae18f285566266c063f78e1c,NEW_005,True
F_MIX_00390,76.77678004535147,DRUM_SUPPORTED,210,76.83482993197279,172.26562500000261,-58.04988662132000,PRIMARY,F_MIX_00390,/Users/StarTrack/Development/JazzGrooveAnalyzer/docs/scientific/rfc/JGA_WHOLE_TRACK_GROOVE_FROZEN_PIPELINE_001_20260921/WHOLE_TRACK_JOINED_EVENTS.csv,810dead183772c6ee3c2ffed01cb79b2a05045abb2aea4e4c8903c180932a4a5,c7efaf8d2029ed140d67b7cbfff1c23fd33e0ffcae18f285566266c063f78e1c,NEW_005,True
F_MIX_00391,77.13668934240363,DRUM_SUPPORTED,211,77.18312925170068,161.4990234374967,-46.43990929705000,PRIMARY,F_MIX_00391,/Users/StarTrack/Development/JazzGrooveAnalyzer/docs/scientific/rfc/JGA_WHOLE_TRACK_GROOVE_FROZEN_PIPELINE_001_20260921/WHOLE_TRACK_JOINED_EVENTS.csv,810dead183772c6ee3c2ffed01cb79b2a05045abb2aea4e4c8903c180932a4a5,c7efaf8d2029ed140d67b7cbfff1c23fd33e0ffcae18f285566266c063f78e1c,NEW_005,True
F_MIX_00392,77.22956916099773,DRUM_SUPPORTED,211,77.18312925170068,161.4990234374967,46.43990929705000,CONTEXT,F_MIX_00392,/Users/StarTrack/Development/JazzGrooveAnalyzer/docs/scientific/rfc/JGA_WHOLE_TRACK_GROOVE_FROZEN_PIPELINE_001_20260921/WHOLE_TRACK_JOINED_EVENTS.csv,810dead183772c6ee3c2ffed01cb79b2a05045abb2aea4e4c8903c180932a4a5,c7efaf8d2029ed140d67b7cbfff1c23fd33e0ffcae18f285566266c063f78e1c,NEW_005,True
F_MIX_00393,77.48498866213151,DRUM_SUPPORTED,212,77.5546485260771,172.26562500000261,-69.65986394559000,PRIMARY,F_MIX_00393,/Users/StarTrack/Development/JazzGrooveAnalyzer/docs/scientific/rfc/JGA_WHOLE_TRACK_GROOVE_FROZEN_PIPELINE_001_20260921/WHOLE_TRACK_JOINED_EVENTS.csv,810dead183772c6ee3c2ffed01cb79b2a05045abb2aea4e4c8903c180932a4a5,c7efaf8d2029ed140d67b7cbfff1c23fd33e0ffcae18f285566266c063f78e1c,NEW_005,True
F_MIX_00394,77.87972789115646,UNKNOWN,213,77.90294784580499,161.4990234374967,-23.21995464853000,PRIMARY,F_MIX_00394,/Users/StarTrack/Development/JazzGrooveAnalyzer/docs/scientific/rfc/JGA_WHOLE_TRACK_GROOVE_FROZEN_PIPELINE_001_20260921/WHOLE_TRACK_JOINED_EVENTS.csv,810dead183772c6ee3c2ffed01cb79b2a05045abb2aea4e4c8903c180932a4a5,c7efaf8d2029ed140d67b7cbfff1c23fd33e0ffcae18f285566266c063f78e1c,NEW_005,True
F_MIX_00395,77.94938775510204,DRUM_SUPPORTED,213,77.90294784580499,161.4990234374967,46.43990929705000,CONTEXT,F_MIX_00395,/Users/StarTrack/Development/JazzGrooveAnalyzer/docs/scientific/rfc/JGA_WHOLE_TRACK_GROOVE_FROZEN_PIPELINE_001_20260921/WHOLE_TRACK_JOINED_EVENTS.csv,810dead183772c6ee3c2ffed01cb79b2a05045abb2aea4e4c8903c180932a4a5,c7efaf8d2029ed140d67b7cbfff1c23fd33e0ffcae18f285566266c063f78e1c,NEW_005,True
F_MIX_00396,78.2164172335601,DRUM_SUPPORTED,214,78.27446712018141,172.26562500000261,-58.04988662131000,CONTEXT,F_MIX_00396,/Users/StarTrack/Development/JazzGrooveAnalyzer/docs/scientific/rfc/JGA_WHOLE_TRACK_GROOVE_FROZEN_PIPELINE_001_20260921/WHOLE_TRACK_JOINED_EVENTS.csv,810dead183772c6ee3c2ffed01cb79b2a05045abb2aea4e4c8903c180932a4a5,c7efaf8d2029ed140d67b7cbfff1c23fd33e0ffcae18f285566266c063f78e1c,NEW_005,True
F_MIX_00397,78.3092970521542,DRUM_SUPPORTED,214,78.27446712018141,172.26562500000261,34.82993197279000,PRIMARY,F_MIX_00397,/Users/StarTrack/Development/JazzGrooveAnalyzer/docs/scientific/rfc/JGA_WHOLE_TRACK_GROOVE_FROZEN_PIPELINE_001_20260921/WHOLE_TRACK_JOINED_EVENTS.csv,810dead183772c6ee3c2ffed01cb79b2a05045abb2aea4e4c8903c180932a4a5,c7efaf8d2029ed140d67b7cbfff1c23fd33e0ffcae18f285566266c063f78e1c,NEW_005,True
F_MIX_00398,78.57632653061225,UNKNOWN,215,78.6227664399093,172.26562500000261,-46.43990929705000,PRIMARY,F_MIX_00398,/Users/StarTrack/Development/JazzGrooveAnalyzer/docs/scientific/rfc/JGA_WHOLE_TRACK_GROOVE_FROZEN_PIPELINE_001_20260921/WHOLE_TRACK_JOINED_EVENTS.csv,810dead183772c6ee3c2ffed01cb79b2a05045abb2aea4e4c8903c180932a4a5,c7efaf8d2029ed140d67b7cbfff1c23fd33e0ffcae18f285566266c063f78e1c,NEW_005,True
F_MIX_00399,78.68081632653062,DRUM_SUPPORTED,215,78.6227664399093,172.26562500000261,58.04988662132000,CONTEXT,F_MIX_00399,/Users/StarTrack/Development/JazzGrooveAnalyzer/docs/scientific/rfc/JGA_WHOLE_TRACK_GROOVE_FROZEN_PIPELINE_001_20260921/WHOLE_TRACK_JOINED_EVENTS.csv,810dead183772c6ee3c2ffed01cb79b2a05045abb2aea4e4c8903c180932a4a5,c7efaf8d2029ed140d67b7cbfff1c23fd33e0ffcae18f285566266c063f78e1c,NEW_005,True
F_MIX_00400,78.9362358276644,DRUM_SUPPORTED,216,78.97106575963718,161.4990234374967,-34.82993197278000,PRIMARY,F_MIX_00400,/Users/StarTrack/Development/JazzGrooveAnalyzer/docs/scientific/rfc/JGA_WHOLE_TRACK_GROOVE_FROZEN_PIPELINE_001_20260921/WHOLE_TRACK_JOINED_EVENTS.csv,810dead183772c6ee3c2ffed01cb79b2a05045abb2aea4e4c8903c180932a4a5,c7efaf8d2029ed140d67b7cbfff1c23fd33e0ffcae18f285566266c063f78e1c,NEW_005,True
F_MIX_00401,79.04072562358277,DRUM_SUPPORTED,216,78.97106575963718,161.4990234374967,69.65986394559000,CONTEXT,F_MIX_00401,/Users/StarTrack/Development/JazzGrooveAnalyzer/docs/scientific/rfc/JGA_WHOLE_TRACK_GROOVE_FROZEN_PIPELINE_001_20260921/WHOLE_TRACK_JOINED_EVENTS.csv,810dead183772c6ee3c2ffed01cb79b2a05045abb2aea4e4c8903c180932a4a5,c7efaf8d2029ed140d67b7cbfff1c23fd33e0ffcae18f285566266c063f78e1c,NEW_005,True
F_MIX_00402,79.28453514739229,DRUM_SUPPORTED,217,79.34258503401361,172.26562500000261,-58.04988662132000,CONTEXT,F_MIX_00402,/Users/StarTrack/Development/JazzGrooveAnalyzer/docs/scientific/rfc/JGA_WHOLE_TRACK_GROOVE_FROZEN_PIPELINE_001_20260921/WHOLE_TRACK_JOINED_EVENTS.csv,810dead183772c6ee3c2ffed01cb79b2a05045abb2aea4e4c8903c180932a4a5,c7efaf8d2029ed140d67b7cbfff1c23fd33e0ffcae18f285566266c063f78e1c,NEW_005,True
F_MIX_00403,79.38902494331066,DRUM_SUPPORTED,217,79.34258503401361,172.26562500000261,46.43990929705000,PRIMARY,F_MIX_00403,/Users/StarTrack/Development/JazzGrooveAnalyzer/docs/scientific/rfc/JGA_WHOLE_TRACK_GROOVE_FROZEN_PIPELINE_001_20260921/WHOLE_TRACK_JOINED_EVENTS.csv,810dead183772c6ee3c2ffed01cb79b2a05045abb2aea4e4c8903c180932a4a5,c7efaf8d2029ed140d67b7cbfff1c23fd33e0ffcae18f285566266c063f78e1c,NEW_005,True
F_MIX_00404,79.63283446712018,DRUM_SUPPORTED,218,79.6908843537415,172.26562500000261,-58.04988662132000,CONTEXT,F_MIX_00404,/Users/StarTrack/Development/JazzGrooveAnalyzer/docs/scientific/rfc/JGA_WHOLE_TRACK_GROOVE_FROZEN_PIPELINE_001_20260921/WHOLE_TRACK_JOINED_EVENTS.csv,810dead183772c6ee3c2ffed01cb79b2a05045abb2aea4e4c8903c180932a4a5,c7efaf8d2029ed140d67b7cbfff1c23fd33e0ffcae18f285566266c063f78e1c,NEW_005,True
F_MIX_00405,79.74893424036281,DRUM_SUPPORTED,218,79.6908843537415,172.26562500000261,58.04988662131000,PRIMARY,F_MIX_00405,/Users/StarTrack/Development/JazzGrooveAnalyzer/docs/scientific/rfc/JGA_WHOLE_TRACK_GROOVE_FROZEN_PIPELINE_001_20260921/WHOLE_TRACK_JOINED_EVENTS.csv,810dead183772c6ee3c2ffed01cb79b2a05045abb2aea4e4c8903c180932a4a5,c7efaf8d2029ed140d67b7cbfff1c23fd33e0ffcae18f285566266c063f78e1c,NEW_005,True
F_MIX_00406,80.0043537414966,DRUM_SUPPORTED,219,80.03918367346938,161.4990234374967,-34.82993197278000,PRIMARY,F_MIX_00406,/Users/StarTrack/Development/JazzGrooveAnalyzer/docs/scientific/rfc/JGA_WHOLE_TRACK_GROOVE_FROZEN_PIPELINE_001_20260921/WHOLE_TRACK_JOINED_EVENTS.csv,810dead183772c6ee3c2ffed01cb79b2a05045abb2aea4e4c8903c180932a4a5,c7efaf8d2029ed140d67b7cbfff1c23fd33e0ffcae18f285566266c063f78e1c,NEW_005,True
F_MIX_00407,80.0972335600907,DRUM_SUPPORTED,219,80.03918367346938,161.4990234374967,58.04988662132000,CONTEXT,F_MIX_00407,/Users/StarTrack/Development/JazzGrooveAnalyzer/docs/scientific/rfc/JGA_WHOLE_TRACK_GROOVE_FROZEN_PIPELINE_001_20260921/WHOLE_TRACK_JOINED_EVENTS.csv,810dead183772c6ee3c2ffed01cb79b2a05045abb2aea4e4c8903c180932a4a5,c7efaf8d2029ed140d67b7cbfff1c23fd33e0ffcae18f285566266c063f78e1c,NEW_005,True
F_MIX_00408,80.35265306122449,DRUM_SUPPORTED,220,80.4107029478458,161.49902343750287,-58.04988662131000,PRIMARY,F_MIX_00408,/Users/StarTrack/Development/JazzGrooveAnalyzer/docs/scientific/rfc/JGA_WHOLE_TRACK_GROOVE_FROZEN_PIPELINE_001_20260921/WHOLE_TRACK_JOINED_EVENTS.csv,810dead183772c6ee3c2ffed01cb79b2a05045abb2aea4e4c8903c180932a4a5,c7efaf8d2029ed140d67b7cbfff1c23fd33e0ffcae18f285566266c063f78e1c,NEW_005,True
F_MIX_00409,80.71256235827664,BASS_AND_DRUM_SUPPORTED,221,80.78222222222222,172.2656249999956,-69.65986394558000,CONTEXT,F_MIX_00409,/Users/StarTrack/Development/JazzGrooveAnalyzer/docs/scientific/rfc/JGA_WHOLE_TRACK_GROOVE_FROZEN_PIPELINE_001_20260921/WHOLE_TRACK_JOINED_EVENTS.csv,810dead183772c6ee3c2ffed01cb79b2a05045abb2aea4e4c8903c180932a4a5,c7efaf8d2029ed140d67b7cbfff1c23fd33e0ffcae18f285566266c063f78e1c,NEW_005,True
F_MIX_00410,80.82866213151928,BASS_AND_DRUM_SUPPORTED,221,80.78222222222222,172.2656249999956,46.43990929706000,PRIMARY,F_MIX_00410,/Users/StarTrack/Development/JazzGrooveAnalyzer/docs/scientific/rfc/JGA_WHOLE_TRACK_GROOVE_FROZEN_PIPELINE_001_20260921/WHOLE_TRACK_JOINED_EVENTS.csv,810dead183772c6ee3c2ffed01cb79b2a05045abb2aea4e4c8903c180932a4a5,c7efaf8d2029ed140d67b7cbfff1c23fd33e0ffcae18f285566266c063f78e1c,NEW_005,True
F_MIX_00411,81.08408163265307,DRUM_SUPPORTED,222,81.13052154195012,161.49902343750287,-46.43990929705000,PRIMARY,F_MIX_00411,/Users/StarTrack/Development/JazzGrooveAnalyzer/docs/scientific/rfc/JGA_WHOLE_TRACK_GROOVE_FROZEN_PIPELINE_001_20260921/WHOLE_TRACK_JOINED_EVENTS.csv,810dead183772c6ee3c2ffed01cb79b2a05045abb2aea4e4c8903c180932a4a5,c7efaf8d2029ed140d67b7cbfff1c23fd33e0ffcae18f285566266c063f78e1c,NEW_005,True
F_MIX_00412,81.21179138321996,DRUM_SUPPORTED,222,81.13052154195012,161.49902343750287,81.26984126984000,CONTEXT,F_MIX_00412,/Users/StarTrack/Development/JazzGrooveAnalyzer/docs/scientific/rfc/JGA_WHOLE_TRACK_GROOVE_FROZEN_PIPELINE_001_20260921/WHOLE_TRACK_JOINED_EVENTS.csv,810dead183772c6ee3c2ffed01cb79b2a05045abb2aea4e4c8903c180932a4a5,c7efaf8d2029ed140d67b7cbfff1c23fd33e0ffcae18f285566266c063f78e1c,NEW_005,True
F_MIX_00413,81.45560090702948,BASS_SUPPORTED,223,81.50204081632653,161.4990234374967,-46.43990929705000,PRIMARY,F_MIX_00413,/Users/StarTrack/Development/JazzGrooveAnalyzer/docs/scientific/rfc/JGA_WHOLE_TRACK_GROOVE_FROZEN_PIPELINE_001_20260921/WHOLE_TRACK_JOINED_EVENTS.csv,810dead183772c6ee3c2ffed01cb79b2a05045abb2aea4e4c8903c180932a4a5,c7efaf8d2029ed140d67b7cbfff1c23fd33e0ffcae18f285566266c063f78e1c,NEW_005,True
F_MIX_00414,81.54848072562358,DRUM_SUPPORTED,223,81.50204081632653,161.4990234374967,46.43990929705000,CONTEXT,F_MIX_00414,/Users/StarTrack/Development/JazzGrooveAnalyzer/docs/scientific/rfc/JGA_WHOLE_TRACK_GROOVE_FROZEN_PIPELINE_001_20260921/WHOLE_TRACK_JOINED_EVENTS.csv,810dead183772c6ee3c2ffed01cb79b2a05045abb2aea4e4c8903c180932a4a5,c7efaf8d2029ed140d67b7cbfff1c23fd33e0ffcae18f285566266c063f78e1c,NEW_005,True
F_MIX_00415,81.81551020408163,UNKNOWN,224,81.87356009070295,161.49902343750287,-58.04988662132000,CONTEXT,F_MIX_00415,/Users/StarTrack/Development/JazzGrooveAnalyzer/docs/scientific/rfc/JGA_WHOLE_TRACK_GROOVE_FROZEN_PIPELINE_001_20260921/WHOLE_TRACK_JOINED_EVENTS.csv,810dead183772c6ee3c2ffed01cb79b2a05045abb2aea4e4c8903c180932a4a5,c7efaf8d2029ed140d67b7cbfff1c23fd33e0ffcae18f285566266c063f78e1c,NEW_005,True
F_MIX_00416,81.90839002267573,BASS_AND_DRUM_SUPPORTED,224,81.87356009070295,161.49902343750287,34.82993197278000,PRIMARY,F_MIX_00416,/Users/StarTrack/Development/JazzGrooveAnalyzer/docs/scientific/rfc/JGA_WHOLE_TRACK_GROOVE_FROZEN_PIPELINE_001_20260921/WHOLE_TRACK_JOINED_EVENTS.csv,810dead183772c6ee3c2ffed01cb79b2a05045abb2aea4e4c8903c180932a4a5,c7efaf8d2029ed140d67b7cbfff1c23fd33e0ffcae18f285566266c063f78e1c,NEW_005,True
F_MIX_00417,82.18702947845804,UNKNOWN,225,82.24507936507936,161.4990234374967,-58.04988662132000,CONTEXT,F_MIX_00417,/Users/StarTrack/Development/JazzGrooveAnalyzer/docs/scientific/rfc/JGA_WHOLE_TRACK_GROOVE_FROZEN_PIPELINE_001_20260921/WHOLE_TRACK_JOINED_EVENTS.csv,810dead183772c6ee3c2ffed01cb79b2a05045abb2aea4e4c8903c180932a4a5,c7efaf8d2029ed140d67b7cbfff1c23fd33e0ffcae18f285566266c063f78e1c,NEW_005,True
F_MIX_00418,82.25668934240363,DRUM_SUPPORTED,225,82.24507936507936,161.4990234374967,11.60997732427000,PRIMARY,F_MIX_00418,/Users/StarTrack/Development/JazzGrooveAnalyzer/docs/scientific/rfc/JGA_WHOLE_TRACK_GROOVE_FROZEN_PIPELINE_001_20260921/WHOLE_TRACK_JOINED_EVENTS.csv,810dead183772c6ee3c2ffed01cb79b2a05045abb2aea4e4c8903c180932a4a5,c7efaf8d2029ed140d67b7cbfff1c23fd33e0ffcae18f285566266c063f78e1c,NEW_005,True
F_MIX_00419,82.62820861678004,DRUM_SUPPORTED,226,82.61659863945579,161.49902343750287,11.60997732425000,PRIMARY,F_MIX_00419,/Users/StarTrack/Development/JazzGrooveAnalyzer/docs/scientific/rfc/JGA_WHOLE_TRACK_GROOVE_FROZEN_PIPELINE_001_20260921/WHOLE_TRACK_JOINED_EVENTS.csv,810dead183772c6ee3c2ffed01cb79b2a05045abb2aea4e4c8903c180932a4a5,c7efaf8d2029ed140d67b7cbfff1c23fd33e0ffcae18f285566266c063f78e1c,NEW_005,True
F_MIX_00420,82.99972789115647,UNKNOWN,227,82.9881179138322,161.4990234374967,11.60997732427000,PRIMARY,F_MIX_00420,/Users/StarTrack/Development/JazzGrooveAnalyzer/docs/scientific/rfc/JGA_WHOLE_TRACK_GROOVE_FROZEN_PIPELINE_001_20260921/WHOLE_TRACK_JOINED_EVENTS.csv,810dead183772c6ee3c2ffed01cb79b2a05045abb2aea4e4c8903c180932a4a5,c7efaf8d2029ed140d67b7cbfff1c23fd33e0ffcae18f285566266c063f78e1c,NEW_005,True
F_MIX_00421,83.34802721088435,DRUM_SUPPORTED,228,83.35963718820862,161.49902343750287,-11.60997732427000,PRIMARY,F_MIX_00421,/Users/StarTrack/Development/JazzGrooveAnalyzer/docs/scientific/rfc/JGA_WHOLE_TRACK_GROOVE_FROZEN_PIPELINE_001_20260921/WHOLE_TRACK_JOINED_EVENTS.csv,810dead183772c6ee3c2ffed01cb79b2a05045abb2aea4e4c8903c180932a4a5,c7efaf8d2029ed140d67b7cbfff1c23fd33e0ffcae18f285566266c063f78e1c,NEW_005,True
F_MIX_00422,83.71954648526076,DRUM_SUPPORTED,229,83.73115646258503,161.49902343750287,-11.60997732427000,PRIMARY,F_MIX_00422,/Users/StarTrack/Development/JazzGrooveAnalyzer/docs/scientific/rfc/JGA_WHOLE_TRACK_GROOVE_FROZEN_PIPELINE_001_20260921/WHOLE_TRACK_JOINED_EVENTS.csv,810dead183772c6ee3c2ffed01cb79b2a05045abb2aea4e4c8903c180932a4a5,c7efaf8d2029ed140d67b7cbfff1c23fd33e0ffcae18f285566266c063f78e1c,NEW_005,True
F_MIX_00423,84.09106575963719,BASS_AND_DRUM_SUPPORTED,230,84.10267573696144,172.2656249999956,-11.60997732425000,PRIMARY,F_MIX_00423,/Users/StarTrack/Development/JazzGrooveAnalyzer/docs/scientific/rfc/JGA_WHOLE_TRACK_GROOVE_FROZEN_PIPELINE_001_20260921/WHOLE_TRACK_JOINED_EVENTS.csv,810dead183772c6ee3c2ffed01cb79b2a05045abb2aea4e4c8903c180932a4a5,c7efaf8d2029ed140d67b7cbfff1c23fd33e0ffcae18f285566266c063f78e1c,NEW_005,True
F_MIX_00424,84.45097505668934,BASS_AND_DRUM_SUPPORTED,231,84.45097505668934,161.49902343750287,0E-14,PRIMARY,F_MIX_00424,/Users/StarTrack/Development/JazzGrooveAnalyzer/docs/scientific/rfc/JGA_WHOLE_TRACK_GROOVE_FROZEN_PIPELINE_001_20260921/WHOLE_TRACK_JOINED_EVENTS.csv,810dead183772c6ee3c2ffed01cb79b2a05045abb2aea4e4c8903c180932a4a5,c7efaf8d2029ed140d67b7cbfff1c23fd33e0ffcae18f285566266c063f78e1c,NEW_005,True
F_MIX_00425,84.74122448979591,UNKNOWN,232,84.82249433106576,172.2656249999956,-81.26984126985000,CONTEXT,F_MIX_00425,/Users/StarTrack/Development/JazzGrooveAnalyzer/docs/scientific/rfc/JGA_WHOLE_TRACK_GROOVE_FROZEN_PIPELINE_001_20260921/WHOLE_TRACK_JOINED_EVENTS.csv,810dead183772c6ee3c2ffed01cb79b2a05045abb2aea4e4c8903c180932a4a5,c7efaf8d2029ed140d67b7cbfff1c23fd33e0ffcae18f285566266c063f78e1c,NEW_005,True
F_MIX_00426,84.82249433106576,BASS_AND_DRUM_SUPPORTED,232,84.82249433106576,172.2656249999956,0E-14,PRIMARY,F_MIX_00426,/Users/StarTrack/Development/JazzGrooveAnalyzer/docs/scientific/rfc/JGA_WHOLE_TRACK_GROOVE_FROZEN_PIPELINE_001_20260921/WHOLE_TRACK_JOINED_EVENTS.csv,810dead183772c6ee3c2ffed01cb79b2a05045abb2aea4e4c8903c180932a4a5,c7efaf8d2029ed140d67b7cbfff1c23fd33e0ffcae18f285566266c063f78e1c,NEW_005,True
F_MIX_00427,85.10113378684807,UNKNOWN,233,85.17079365079366,161.49902343750287,-69.65986394559000,CONTEXT,F_MIX_00427,/Users/StarTrack/Development/JazzGrooveAnalyzer/docs/scientific/rfc/JGA_WHOLE_TRACK_GROOVE_FROZEN_PIPELINE_001_20260921/WHOLE_TRACK_JOINED_EVENTS.csv,810dead183772c6ee3c2ffed01cb79b2a05045abb2aea4e4c8903c180932a4a5,c7efaf8d2029ed140d67b7cbfff1c23fd33e0ffcae18f285566266c063f78e1c,NEW_005,True
F_MIX_00428,85.18240362811791,BASS_AND_DRUM_SUPPORTED,233,85.17079365079366,161.49902343750287,11.60997732425000,PRIMARY,F_MIX_00428,/Users/StarTrack/Development/JazzGrooveAnalyzer/docs/scientific/rfc/JGA_WHOLE_TRACK_GROOVE_FROZEN_PIPELINE_001_20260921/WHOLE_TRACK_JOINED_EVENTS.csv,810dead183772c6ee3c2ffed01cb79b2a05045abb2aea4e4c8903c180932a4a5,c7efaf8d2029ed140d67b7cbfff1c23fd33e0ffcae18f285566266c063f78e1c,NEW_005,True
F_MIX_00429,85.46104308390022,DRUM_SUPPORTED,234,85.54231292517007,172.2656249999956,-81.26984126985000,CONTEXT,F_MIX_00429,/Users/StarTrack/Development/JazzGrooveAnalyzer/docs/scientific/rfc/JGA_WHOLE_TRACK_GROOVE_FROZEN_PIPELINE_001_20260921/WHOLE_TRACK_JOINED_EVENTS.csv,810dead183772c6ee3c2ffed01cb79b2a05045abb2aea4e4c8903c180932a4a5,c7efaf8d2029ed140d67b7cbfff1c23fd33e0ffcae18f285566266c063f78e1c,NEW_005,True
F_MIX_00430,85.53070294784581,BASS_AND_DRUM_SUPPORTED,234,85.54231292517007,172.2656249999956,-11.60997732426000,PRIMARY,F_MIX_00430,/Users/StarTrack/Development/JazzGrooveAnalyzer/docs/scientific/rfc/JGA_WHOLE_TRACK_GROOVE_FROZEN_PIPELINE_001_20260921/WHOLE_TRACK_JOINED_EVENTS.csv,810dead183772c6ee3c2ffed01cb79b2a05045abb2aea4e4c8903c180932a4a5,c7efaf8d2029ed140d67b7cbfff1c23fd33e0ffcae18f285566266c063f78e1c,NEW_005,True
F_MIX_00431,85.82095238095238,DRUM_SUPPORTED,235,85.89061224489797,172.26562500000261,-69.65986394559000,CONTEXT,F_MIX_00431,/Users/StarTrack/Development/JazzGrooveAnalyzer/docs/scientific/rfc/JGA_WHOLE_TRACK_GROOVE_FROZEN_PIPELINE_001_20260921/WHOLE_TRACK_JOINED_EVENTS.csv,810dead183772c6ee3c2ffed01cb79b2a05045abb2aea4e4c8903c180932a4a5,c7efaf8d2029ed140d67b7cbfff1c23fd33e0ffcae18f285566266c063f78e1c,NEW_005,True
F_MIX_00432,85.90222222222222,BASS_AND_DRUM_SUPPORTED,235,85.89061224489797,172.26562500000261,11.60997732425000,PRIMARY,F_MIX_00432,/Users/StarTrack/Development/JazzGrooveAnalyzer/docs/scientific/rfc/JGA_WHOLE_TRACK_GROOVE_FROZEN_PIPELINE_001_20260921/WHOLE_TRACK_JOINED_EVENTS.csv,810dead183772c6ee3c2ffed01cb79b2a05045abb2aea4e4c8903c180932a4a5,c7efaf8d2029ed140d67b7cbfff1c23fd33e0ffcae18f285566266c063f78e1c,NEW_005,True
F_MIX_00433,86.18086167800453,UNKNOWN,236,86.23891156462585,161.49902343750287,-58.04988662132000,CONTEXT,F_MIX_00433,/Users/StarTrack/Development/JazzGrooveAnalyzer/docs/scientific/rfc/JGA_WHOLE_TRACK_GROOVE_FROZEN_PIPELINE_001_20260921/WHOLE_TRACK_JOINED_EVENTS.csv,810dead183772c6ee3c2ffed01cb79b2a05045abb2aea4e4c8903c180932a4a5,c7efaf8d2029ed140d67b7cbfff1c23fd33e0ffcae18f285566266c063f78e1c,NEW_005,True
F_MIX_00434,86.2505215419501,BASS_AND_DRUM_SUPPORTED,236,86.23891156462585,161.49902343750287,11.60997732425000,PRIMARY,F_MIX_00434,/Users/StarTrack/Development/JazzGrooveAnalyzer/docs/scientific/rfc/JGA_WHOLE_TRACK_GROOVE_FROZEN_PIPELINE_001_20260921/WHOLE_TRACK_JOINED_EVENTS.csv,810dead183772c6ee3c2ffed01cb79b2a05045abb2aea4e4c8903c180932a4a5,c7efaf8d2029ed140d67b7cbfff1c23fd33e0ffcae18f285566266c063f78e1c,NEW_005,True
F_MIX_00435,86.2853514739229,DRUM_SUPPORTED,236,86.23891156462585,161.49902343750287,46.43990929705000,CONTEXT,F_MIX_00435,/Users/StarTrack/Development/JazzGrooveAnalyzer/docs/scientific/rfc/JGA_WHOLE_TRACK_GROOVE_FROZEN_PIPELINE_001_20260921/WHOLE_TRACK_JOINED_EVENTS.csv,810dead183772c6ee3c2ffed01cb79b2a05045abb2aea4e4c8903c180932a4a5,c7efaf8d2029ed140d67b7cbfff1c23fd33e0ffcae18f285566266c063f78e1c,NEW_005,True
F_MIX_00436,86.61043083900226,BASS_AND_DRUM_SUPPORTED,237,86.61043083900226,172.2656249999956,0E-14,PRIMARY,F_MIX_00436,/Users/StarTrack/Development/JazzGrooveAnalyzer/docs/scientific/rfc/JGA_WHOLE_TRACK_GROOVE_FROZEN_PIPELINE_001_20260921/WHOLE_TRACK_JOINED_EVENTS.csv,810dead183772c6ee3c2ffed01cb79b2a05045abb2aea4e4c8903c180932a4a5,c7efaf8d2029ed140d67b7cbfff1c23fd33e0ffcae18f285566266c063f78e1c,NEW_005,True
F_MIX_00437,86.88907029478457,UNKNOWN,238,86.95873015873016,172.26562500000261,-69.65986394559000,CONTEXT,F_MIX_00437,/Users/StarTrack/Development/JazzGrooveAnalyzer/docs/scientific/rfc/JGA_WHOLE_TRACK_GROOVE_FROZEN_PIPELINE_001_20260921/WHOLE_TRACK_JOINED_EVENTS.csv,810dead183772c6ee3c2ffed01cb79b2a05045abb2aea4e4c8903c180932a4a5,c7efaf8d2029ed140d67b7cbfff1c23fd33e0ffcae18f285566266c063f78e1c,NEW_005,True
F_MIX_00438,86.98195011337869,BASS_AND_DRUM_SUPPORTED,238,86.95873015873016,172.26562500000261,23.21995464853000,PRIMARY,F_MIX_00438,/Users/StarTrack/Development/JazzGrooveAnalyzer/docs/scientific/rfc/JGA_WHOLE_TRACK_GROOVE_FROZEN_PIPELINE_001_20260921/WHOLE_TRACK_JOINED_EVENTS.csv,810dead183772c6ee3c2ffed01cb79b2a05045abb2aea4e4c8903c180932a4a5,c7efaf8d2029ed140d67b7cbfff1c23fd33e0ffcae18f285566266c063f78e1c,NEW_005,True
F_MIX_00439,87.02839002267574,UNKNOWN,238,86.95873015873016,172.26562500000261,69.65986394558000,CONTEXT,F_MIX_00439,/Users/StarTrack/Development/JazzGrooveAnalyzer/docs/scientific/rfc/JGA_WHOLE_TRACK_GROOVE_FROZEN_PIPELINE_001_20260921/WHOLE_TRACK_JOINED_EVENTS.csv,810dead183772c6ee3c2ffed01cb79b2a05045abb2aea4e4c8903c180932a4a5,c7efaf8d2029ed140d67b7cbfff1c23fd33e0ffcae18f285566266c063f78e1c,NEW_005,True
F_MIX_00440,87.260589569161,UNKNOWN,239,87.30702947845805,161.4990234374967,-46.43990929705000,CONTEXT,F_MIX_00440,/Users/StarTrack/Development/JazzGrooveAnalyzer/docs/scientific/rfc/JGA_WHOLE_TRACK_GROOVE_FROZEN_PIPELINE_001_20260921/WHOLE_TRACK_JOINED_EVENTS.csv,810dead183772c6ee3c2ffed01cb79b2a05045abb2aea4e4c8903c180932a4a5,c7efaf8d2029ed140d67b7cbfff1c23fd33e0ffcae18f285566266c063f78e1c,NEW_005,True
F_MIX_00441,87.34185941043084,DRUM_SUPPORTED,239,87.30702947845805,161.4990234374967,34.82993197279000,PRIMARY,F_MIX_00441,/Users/StarTrack/Development/JazzGrooveAnalyzer/docs/scientific/rfc/JGA_WHOLE_TRACK_GROOVE_FROZEN_PIPELINE_001_20260921/WHOLE_TRACK_JOINED_EVENTS.csv,810dead183772c6ee3c2ffed01cb79b2a05045abb2aea4e4c8903c180932a4a5,c7efaf8d2029ed140d67b7cbfff1c23fd33e0ffcae18f285566266c063f78e1c,NEW_005,True
F_MIX_00442,87.59727891156463,DRUM_SUPPORTED,240,87.67854875283447,172.26562500000261,-81.26984126984000,PRIMARY,F_MIX_00442,/Users/StarTrack/Development/JazzGrooveAnalyzer/docs/scientific/rfc/JGA_WHOLE_TRACK_GROOVE_FROZEN_PIPELINE_001_20260921/WHOLE_TRACK_JOINED_EVENTS.csv,810dead183772c6ee3c2ffed01cb79b2a05045abb2aea4e4c8903c180932a4a5,c7efaf8d2029ed140d67b7cbfff1c23fd33e0ffcae18f285566266c063f78e1c,NEW_005,True
F_MIX_00443,88.03845804988661,BASS_AND_DRUM_SUPPORTED,241,88.02684807256236,161.49902343750287,11.60997732425000,PRIMARY,F_MIX_00443,/Users/StarTrack/Development/JazzGrooveAnalyzer/docs/scientific/rfc/JGA_WHOLE_TRACK_GROOVE_FROZEN_PIPELINE_001_20260921/WHOLE_TRACK_JOINED_EVENTS.csv,810dead183772c6ee3c2ffed01cb79b2a05045abb2aea4e4c8903c180932a4a5,c7efaf8d2029ed140d67b7cbfff1c23fd33e0ffcae18f285566266c063f78e1c,NEW_005,True
F_MIX_00444,88.3287074829932,UNKNOWN,242,88.39836734693877,172.2656249999956,-69.65986394557000,PRIMARY,F_MIX_00444,/Users/StarTrack/Development/JazzGrooveAnalyzer/docs/scientific/rfc/JGA_WHOLE_TRACK_GROOVE_FROZEN_PIPELINE_001_20260921/WHOLE_TRACK_JOINED_EVENTS.csv,810dead183772c6ee3c2ffed01cb79b2a05045abb2aea4e4c8903c180932a4a5,c7efaf8d2029ed140d67b7cbfff1c23fd33e0ffcae18f285566266c063f78e1c,NEW_005,True
F_MIX_00445,88.75827664399092,BASS_AND_DRUM_SUPPORTED,243,88.74666666666667,172.26562500000261,11.60997732425000,PRIMARY,F_MIX_00445,/Users/StarTrack/Development/JazzGrooveAnalyzer/docs/scientific/rfc/JGA_WHOLE_TRACK_GROOVE_FROZEN_PIPELINE_001_20260921/WHOLE_TRACK_JOINED_EVENTS.csv,810dead183772c6ee3c2ffed01cb79b2a05045abb2aea4e4c8903c180932a4a5,c7efaf8d2029ed140d67b7cbfff1c23fd33e0ffcae18f285566266c063f78e1c,NEW_005,True
F_MIX_00446,89.03691609977324,UNKNOWN,244,89.09496598639456,161.4990234374967,-58.04988662132000,CONTEXT,F_MIX_00446,/Users/StarTrack/Development/JazzGrooveAnalyzer/docs/scientific/rfc/JGA_WHOLE_TRACK_GROOVE_FROZEN_PIPELINE_001_20260921/WHOLE_TRACK_JOINED_EVENTS.csv,810dead183772c6ee3c2ffed01cb79b2a05045abb2aea4e4c8903c180932a4a5,c7efaf8d2029ed140d67b7cbfff1c23fd33e0ffcae18f285566266c063f78e1c,NEW_005,True
F_MIX_00447,89.10657596371883,BASS_AND_DRUM_SUPPORTED,244,89.09496598639456,161.4990234374967,11.60997732427000,PRIMARY,F_MIX_00447,/Users/StarTrack/Development/JazzGrooveAnalyzer/docs/scientific/rfc/JGA_WHOLE_TRACK_GROOVE_FROZEN_PIPELINE_001_20260921/WHOLE_TRACK_JOINED_EVENTS.csv,810dead183772c6ee3c2ffed01cb79b2a05045abb2aea4e4c8903c180932a4a5,c7efaf8d2029ed140d67b7cbfff1c23fd33e0ffcae18f285566266c063f78e1c,NEW_005,True
F_MIX_00448,89.47809523809524,BASS_AND_DRUM_SUPPORTED,245,89.46648526077098,172.26562500000261,11.60997732426000,PRIMARY,F_MIX_00448,/Users/StarTrack/Development/JazzGrooveAnalyzer/docs/scientific/rfc/JGA_WHOLE_TRACK_GROOVE_FROZEN_PIPELINE_001_20260921/WHOLE_TRACK_JOINED_EVENTS.csv,810dead183772c6ee3c2ffed01cb79b2a05045abb2aea4e4c8903c180932a4a5,c7efaf8d2029ed140d67b7cbfff1c23fd33e0ffcae18f285566266c063f78e1c,NEW_005,True
F_MIX_00449,89.74512471655329,DRUM_SUPPORTED,246,89.81478458049887,172.26562500000261,-69.65986394558000,PRIMARY,F_MIX_00449,/Users/StarTrack/Development/JazzGrooveAnalyzer/docs/scientific/rfc/JGA_WHOLE_TRACK_GROOVE_FROZEN_PIPELINE_001_20260921/WHOLE_TRACK_JOINED_EVENTS.csv,810dead183772c6ee3c2ffed01cb79b2a05045abb2aea4e4c8903c180932a4a5,c7efaf8d2029ed140d67b7cbfff1c23fd33e0ffcae18f285566266c063f78e1c,NEW_005,True
F_MIX_00450,90.16308390022675,BASS_AND_DRUM_SUPPORTED,247,90.16308390022675,161.4990234374967,0E-14,PRIMARY,F_MIX_00450,/Users/StarTrack/Development/JazzGrooveAnalyzer/docs/scientific/rfc/JGA_WHOLE_TRACK_GROOVE_FROZEN_PIPELINE_001_20260921/WHOLE_TRACK_JOINED_EVENTS.csv,810dead183772c6ee3c2ffed01cb79b2a05045abb2aea4e4c8903c180932a4a5,c7efaf8d2029ed140d67b7cbfff1c23fd33e0ffcae18f285566266c063f78e1c,NEW_006,True
F_MIX_00451,90.45333333333333,DRUM_SUPPORTED,248,90.53460317460318,172.26562500000261,-81.26984126985000,CONTEXT,F_MIX_00451,/Users/StarTrack/Development/JazzGrooveAnalyzer/docs/scientific/rfc/JGA_WHOLE_TRACK_GROOVE_FROZEN_PIPELINE_001_20260921/WHOLE_TRACK_JOINED_EVENTS.csv,810dead183772c6ee3c2ffed01cb79b2a05045abb2aea4e4c8903c180932a4a5,c7efaf8d2029ed140d67b7cbfff1c23fd33e0ffcae18f285566266c063f78e1c,NEW_006,True
F_MIX_00452,90.5578231292517,BASS_AND_DRUM_SUPPORTED,248,90.53460317460318,172.26562500000261,23.21995464852000,PRIMARY,F_MIX_00452,/Users/StarTrack/Development/JazzGrooveAnalyzer/docs/scientific/rfc/JGA_WHOLE_TRACK_GROOVE_FROZEN_PIPELINE_001_20260921/WHOLE_TRACK_JOINED_EVENTS.csv,810dead183772c6ee3c2ffed01cb79b2a05045abb2aea4e4c8903c180932a4a5,c7efaf8d2029ed140d67b7cbfff1c23fd33e0ffcae18f285566266c063f78e1c,NEW_006,True
F_MIX_00453,90.5926530612245,UNKNOWN,248,90.53460317460318,172.26562500000261,58.04988662132000,CONTEXT,F_MIX_00453,/Users/StarTrack/Development/JazzGrooveAnalyzer/docs/scientific/rfc/JGA_WHOLE_TRACK_GROOVE_FROZEN_PIPELINE_001_20260921/WHOLE_TRACK_JOINED_EVENTS.csv,810dead183772c6ee3c2ffed01cb79b2a05045abb2aea4e4c8903c180932a4a5,c7efaf8d2029ed140d67b7cbfff1c23fd33e0ffcae18f285566266c063f78e1c,NEW_006,True
F_MIX_00454,90.84807256235828,UNKNOWN,249,90.88290249433106,161.4990234374967,-34.82993197278000,CONTEXT,F_MIX_00454,/Users/StarTrack/Development/JazzGrooveAnalyzer/docs/scientific/rfc/JGA_WHOLE_TRACK_GROOVE_FROZEN_PIPELINE_001_20260921/WHOLE_TRACK_JOINED_EVENTS.csv,810dead183772c6ee3c2ffed01cb79b2a05045abb2aea4e4c8903c180932a4a5,c7efaf8d2029ed140d67b7cbfff1c23fd33e0ffcae18f285566266c063f78e1c,NEW_006,True
F_MIX_00455,90.90612244897959,BASS_AND_DRUM_SUPPORTED,249,90.88290249433106,161.4990234374967,23.21995464853000,PRIMARY,F_MIX_00455,/Users/StarTrack/Development/JazzGrooveAnalyzer/docs/scientific/rfc/JGA_WHOLE_TRACK_GROOVE_FROZEN_PIPELINE_001_20260921/WHOLE_TRACK_JOINED_EVENTS.csv,810dead183772c6ee3c2ffed01cb79b2a05045abb2aea4e4c8903c180932a4a5,c7efaf8d2029ed140d67b7cbfff1c23fd33e0ffcae18f285566266c063f78e1c,NEW_006,True
F_MIX_00456,91.1847619047619,UNKNOWN,250,91.25442176870749,172.26562500000261,-69.65986394559000,CONTEXT,F_MIX_00456,/Users/StarTrack/Development/JazzGrooveAnalyzer/docs/scientific/rfc/JGA_WHOLE_TRACK_GROOVE_FROZEN_PIPELINE_001_20260921/WHOLE_TRACK_JOINED_EVENTS.csv,810dead183772c6ee3c2ffed01cb79b2a05045abb2aea4e4c8903c180932a4a5,c7efaf8d2029ed140d67b7cbfff1c23fd33e0ffcae18f285566266c063f78e1c,NEW_006,True
F_MIX_00457,91.26603174603174,BASS_AND_DRUM_SUPPORTED,250,91.25442176870749,172.26562500000261,11.60997732425000,PRIMARY,F_MIX_00457,/Users/StarTrack/Development/JazzGrooveAnalyzer/docs/scientific/rfc/JGA_WHOLE_TRACK_GROOVE_FROZEN_PIPELINE_001_20260921/WHOLE_TRACK_JOINED_EVENTS.csv,810dead183772c6ee3c2ffed01cb79b2a05045abb2aea4e4c8903c180932a4a5,c7efaf8d2029ed140d67b7cbfff1c23fd33e0ffcae18f285566266c063f78e1c,NEW_006,True
F_MIX_00458,91.54467120181405,UNKNOWN,251,91.60272108843537,161.4990234374967,-58.04988662132000,CONTEXT,F_MIX_00458,/Users/StarTrack/Development/JazzGrooveAnalyzer/docs/scientific/rfc/JGA_WHOLE_TRACK_GROOVE_FROZEN_PIPELINE_001_20260921/WHOLE_TRACK_JOINED_EVENTS.csv,810dead183772c6ee3c2ffed01cb79b2a05045abb2aea4e4c8903c180932a4a5,c7efaf8d2029ed140d67b7cbfff1c23fd33e0ffcae18f285566266c063f78e1c,NEW_006,True
F_MIX_00459,91.6259410430839,BASS_AND_DRUM_SUPPORTED,251,91.60272108843537,161.4990234374967,23.21995464853000,PRIMARY,F_MIX_00459,/Users/StarTrack/Development/JazzGrooveAnalyzer/docs/scientific/rfc/JGA_WHOLE_TRACK_GROOVE_FROZEN_PIPELINE_001_20260921/WHOLE_TRACK_JOINED_EVENTS.csv,810dead183772c6ee3c2ffed01cb79b2a05045abb2aea4e4c8903c180932a4a5,c7efaf8d2029ed140d67b7cbfff1c23fd33e0ffcae18f285566266c063f78e1c,NEW_006,True
F_MIX_00460,91.89297052154195,DRUM_SUPPORTED,252,91.9742403628118,172.26562500000261,-81.26984126985000,CONTEXT,F_MIX_00460,/Users/StarTrack/Development/JazzGrooveAnalyzer/docs/scientific/rfc/JGA_WHOLE_TRACK_GROOVE_FROZEN_PIPELINE_001_20260921/WHOLE_TRACK_JOINED_EVENTS.csv,810dead183772c6ee3c2ffed01cb79b2a05045abb2aea4e4c8903c180932a4a5,c7efaf8d2029ed140d67b7cbfff1c23fd33e0ffcae18f285566266c063f78e1c,NEW_006,True
F_MIX_00461,91.99746031746032,DRUM_SUPPORTED,252,91.9742403628118,172.26562500000261,23.21995464852000,PRIMARY,F_MIX_00461,/Users/StarTrack/Development/JazzGrooveAnalyzer/docs/scientific/rfc/JGA_WHOLE_TRACK_GROOVE_FROZEN_PIPELINE_001_20260921/WHOLE_TRACK_JOINED_EVENTS.csv,810dead183772c6ee3c2ffed01cb79b2a05045abb2aea4e4c8903c180932a4a5,c7efaf8d2029ed140d67b7cbfff1c23fd33e0ffcae18f285566266c063f78e1c,NEW_006,True
F_MIX_00462,92.25287981859411,UNKNOWN,253,92.32253968253968,172.26562500000261,-69.65986394557000,CONTEXT,F_MIX_00462,/Users/StarTrack/Development/JazzGrooveAnalyzer/docs/scientific/rfc/JGA_WHOLE_TRACK_GROOVE_FROZEN_PIPELINE_001_20260921/WHOLE_TRACK_JOINED_EVENTS.csv,810dead183772c6ee3c2ffed01cb79b2a05045abb2aea4e4c8903c180932a4a5,c7efaf8d2029ed140d67b7cbfff1c23fd33e0ffcae18f285566266c063f78e1c,NEW_006,True
F_MIX_00463,92.28770975056689,BASS_AND_DRUM_SUPPORTED,253,92.32253968253968,172.26562500000261,-34.82993197279000,CONTEXT,F_MIX_00463,/Users/StarTrack/Development/JazzGrooveAnalyzer/docs/scientific/rfc/JGA_WHOLE_TRACK_GROOVE_FROZEN_PIPELINE_001_20260921/WHOLE_TRACK_JOINED_EVENTS.csv,810dead183772c6ee3c2ffed01cb79b2a05045abb2aea4e4c8903c180932a4a5,c7efaf8d2029ed140d67b7cbfff1c23fd33e0ffcae18f285566266c063f78e1c,NEW_006,True
F_MIX_00464,92.34575963718821,DRUM_SUPPORTED,253,92.32253968253968,172.26562500000261,23.21995464853000,PRIMARY,F_MIX_00464,/Users/StarTrack/Development/JazzGrooveAnalyzer/docs/scientific/rfc/JGA_WHOLE_TRACK_GROOVE_FROZEN_PIPELINE_001_20260921/WHOLE_TRACK_JOINED_EVENTS.csv,810dead183772c6ee3c2ffed01cb79b2a05045abb2aea4e4c8903c180932a4a5,c7efaf8d2029ed140d67b7cbfff1c23fd33e0ffcae18f285566266c063f78e1c,NEW_006,True
F_MIX_00465,92.63600907029479,UNKNOWN,254,92.67083900226757,161.4990234374967,-34.82993197278000,PRIMARY,F_MIX_00465,/Users/StarTrack/Development/JazzGrooveAnalyzer/docs/scientific/rfc/JGA_WHOLE_TRACK_GROOVE_FROZEN_PIPELINE_001_20260921/WHOLE_TRACK_JOINED_EVENTS.csv,810dead183772c6ee3c2ffed01cb79b2a05045abb2aea4e4c8903c180932a4a5,c7efaf8d2029ed140d67b7cbfff1c23fd33e0ffcae18f285566266c063f78e1c,NEW_006,True
F_MIX_00466,92.70566893424036,BASS_AND_DRUM_SUPPORTED,254,92.67083900226757,161.4990234374967,34.82993197279000,CONTEXT,F_MIX_00466,/Users/StarTrack/Development/JazzGrooveAnalyzer/docs/scientific/rfc/JGA_WHOLE_TRACK_GROOVE_FROZEN_PIPELINE_001_20260921/WHOLE_TRACK_JOINED_EVENTS.csv,810dead183772c6ee3c2ffed01cb79b2a05045abb2aea4e4c8903c180932a4a5,c7efaf8d2029ed140d67b7cbfff1c23fd33e0ffcae18f285566266c063f78e1c,NEW_006,True
F_MIX_00467,92.9726984126984,DRUM_SUPPORTED,255,93.042358276644,172.26562500000261,-69.6598639456000,CONTEXT,F_MIX_00467,/Users/StarTrack/Development/JazzGrooveAnalyzer/docs/scientific/rfc/JGA_WHOLE_TRACK_GROOVE_FROZEN_PIPELINE_001_20260921/WHOLE_TRACK_JOINED_EVENTS.csv,810dead183772c6ee3c2ffed01cb79b2a05045abb2aea4e4c8903c180932a4a5,c7efaf8d2029ed140d67b7cbfff1c23fd33e0ffcae18f285566266c063f78e1c,NEW_006,True
F_MIX_00468,93.07718820861678,BASS_AND_DRUM_SUPPORTED,255,93.042358276644,172.26562500000261,34.82993197278000,PRIMARY,F_MIX_00468,/Users/StarTrack/Development/JazzGrooveAnalyzer/docs/scientific/rfc/JGA_WHOLE_TRACK_GROOVE_FROZEN_PIPELINE_001_20260921/WHOLE_TRACK_JOINED_EVENTS.csv,810dead183772c6ee3c2ffed01cb79b2a05045abb2aea4e4c8903c180932a4a5,c7efaf8d2029ed140d67b7cbfff1c23fd33e0ffcae18f285566266c063f78e1c,NEW_006,True
F_MIX_00469,93.33260770975056,DRUM_SUPPORTED,256,93.39065759637188,161.4990234374967,-58.04988662132000,CONTEXT,F_MIX_00469,/Users/StarTrack/Development/JazzGrooveAnalyzer/docs/scientific/rfc/JGA_WHOLE_TRACK_GROOVE_FROZEN_PIPELINE_001_20260921/WHOLE_TRACK_JOINED_EVENTS.csv,810dead183772c6ee3c2ffed01cb79b2a05045abb2aea4e4c8903c180932a4a5,c7efaf8d2029ed140d67b7cbfff1c23fd33e0ffcae18f285566266c063f78e1c,NEW_006,True
F_MIX_00470,93.43709750566893,DRUM_SUPPORTED,256,93.39065759637188,161.4990234374967,46.43990929705000,PRIMARY,F_MIX_00470,/Users/StarTrack/Development/JazzGrooveAnalyzer/docs/scientific/rfc/JGA_WHOLE_TRACK_GROOVE_FROZEN_PIPELINE_001_20260921/WHOLE_TRACK_JOINED_EVENTS.csv,810dead183772c6ee3c2ffed01cb79b2a05045abb2aea4e4c8903c180932a4a5,c7efaf8d2029ed140d67b7cbfff1c23fd33e0ffcae18f285566266c063f78e1c,NEW_006,True
F_MIX_00471,93.70412698412699,UNKNOWN,257,93.7621768707483,172.26562500000261,-58.04988662131000,CONTEXT,F_MIX_00471,/Users/StarTrack/Development/JazzGrooveAnalyzer/docs/scientific/rfc/JGA_WHOLE_TRACK_GROOVE_FROZEN_PIPELINE_001_20260921/WHOLE_TRACK_JOINED_EVENTS.csv,810dead183772c6ee3c2ffed01cb79b2a05045abb2aea4e4c8903c180932a4a5,c7efaf8d2029ed140d67b7cbfff1c23fd33e0ffcae18f285566266c063f78e1c,NEW_006,True
F_MIX_00472,93.79700680272109,DRUM_SUPPORTED,257,93.7621768707483,172.26562500000261,34.82993197279000,PRIMARY,F_MIX_00472,/Users/StarTrack/Development/JazzGrooveAnalyzer/docs/scientific/rfc/JGA_WHOLE_TRACK_GROOVE_FROZEN_PIPELINE_001_20260921/WHOLE_TRACK_JOINED_EVENTS.csv,810dead183772c6ee3c2ffed01cb79b2a05045abb2aea4e4c8903c180932a4a5,c7efaf8d2029ed140d67b7cbfff1c23fd33e0ffcae18f285566266c063f78e1c,NEW_006,True
F_MIX_00473,94.04081632653062,DRUM_SUPPORTED,258,94.11047619047619,161.49902343750287,-69.65986394557000,PRIMARY,F_MIX_00473,/Users/StarTrack/Development/JazzGrooveAnalyzer/docs/scientific/rfc/JGA_WHOLE_TRACK_GROOVE_FROZEN_PIPELINE_001_20260921/WHOLE_TRACK_JOINED_EVENTS.csv,810dead183772c6ee3c2ffed01cb79b2a05045abb2aea4e4c8903c180932a4a5,c7efaf8d2029ed140d67b7cbfff1c23fd33e0ffcae18f285566266c063f78e1c,NEW_006,True
F_MIX_00474,94.50521541950113,BASS_AND_DRUM_SUPPORTED,259,94.4819954648526,161.4990234374967,23.21995464853000,PRIMARY,F_MIX_00474,/Users/StarTrack/Development/JazzGrooveAnalyzer/docs/scientific/rfc/JGA_WHOLE_TRACK_GROOVE_FROZEN_PIPELINE_001_20260921/WHOLE_TRACK_JOINED_EVENTS.csv,810dead183772c6ee3c2ffed01cb79b2a05045abb2aea4e4c8903c180932a4a5,c7efaf8d2029ed140d67b7cbfff1c23fd33e0ffcae18f285566266c063f78e1c,NEW_006,True
F_MIX_00475,94.78385487528345,DRUM_SUPPORTED,260,94.85351473922903,172.26562500000261,-69.65986394558000,PRIMARY,F_MIX_00475,/Users/StarTrack/Development/JazzGrooveAnalyzer/docs/scientific/rfc/JGA_WHOLE_TRACK_GROOVE_FROZEN_PIPELINE_001_20260921/WHOLE_TRACK_JOINED_EVENTS.csv,810dead183772c6ee3c2ffed01cb79b2a05045abb2aea4e4c8903c180932a4a5,c7efaf8d2029ed140d67b7cbfff1c23fd33e0ffcae18f285566266c063f78e1c,NEW_006,True
F_MIX_00476,95.19020408163266,DRUM_SUPPORTED,261,95.20181405895691,161.4990234374967,-11.60997732425000,PRIMARY,F_MIX_00476,/Users/StarTrack/Development/JazzGrooveAnalyzer/docs/scientific/rfc/JGA_WHOLE_TRACK_GROOVE_FROZEN_PIPELINE_001_20260921/WHOLE_TRACK_JOINED_EVENTS.csv,810dead183772c6ee3c2ffed01cb79b2a05045abb2aea4e4c8903c180932a4a5,c7efaf8d2029ed140d67b7cbfff1c23fd33e0ffcae18f285566266c063f78e1c,NEW_006,True
F_MIX_00477,95.51528344671202,DRUM_SUPPORTED,262,95.57333333333334,172.26562500000261,-58.04988662132000,CONTEXT,F_MIX_00477,/Users/StarTrack/Development/JazzGrooveAnalyzer/docs/scientific/rfc/JGA_WHOLE_TRACK_GROOVE_FROZEN_PIPELINE_001_20260921/WHOLE_TRACK_JOINED_EVENTS.csv,810dead183772c6ee3c2ffed01cb79b2a05045abb2aea4e4c8903c180932a4a5,c7efaf8d2029ed140d67b7cbfff1c23fd33e0ffcae18f285566266c063f78e1c,NEW_006,True
F_MIX_00478,95.59655328798186,BASS_AND_DRUM_SUPPORTED,262,95.57333333333334,172.26562500000261,23.21995464852000,PRIMARY,F_MIX_00478,/Users/StarTrack/Development/JazzGrooveAnalyzer/docs/scientific/rfc/JGA_WHOLE_TRACK_GROOVE_FROZEN_PIPELINE_001_20260921/WHOLE_TRACK_JOINED_EVENTS.csv,810dead183772c6ee3c2ffed01cb79b2a05045abb2aea4e4c8903c180932a4a5,c7efaf8d2029ed140d67b7cbfff1c23fd33e0ffcae18f285566266c063f78e1c,NEW_006,True
F_MIX_00479,95.87519274376417,UNKNOWN,263,95.92163265306122,161.4990234374967,-46.43990929705000,CONTEXT,F_MIX_00479,/Users/StarTrack/Development/JazzGrooveAnalyzer/docs/scientific/rfc/JGA_WHOLE_TRACK_GROOVE_FROZEN_PIPELINE_001_20260921/WHOLE_TRACK_JOINED_EVENTS.csv,810dead183772c6ee3c2ffed01cb79b2a05045abb2aea4e4c8903c180932a4a5,c7efaf8d2029ed140d67b7cbfff1c23fd33e0ffcae18f285566266c063f78e1c,NEW_006,True
F_MIX_00480,95.95646258503402,DRUM_SUPPORTED,263,95.92163265306122,161.4990234374967,34.82993197280000,PRIMARY,F_MIX_00480,/Users/StarTrack/Development/JazzGrooveAnalyzer/docs/scientific/rfc/JGA_WHOLE_TRACK_GROOVE_FROZEN_PIPELINE_001_20260921/WHOLE_TRACK_JOINED_EVENTS.csv,810dead183772c6ee3c2ffed01cb79b2a05045abb2aea4e4c8903c180932a4a5,c7efaf8d2029ed140d67b7cbfff1c23fd33e0ffcae18f285566266c063f78e1c,NEW_006,True
F_MIX_00481,96.23510204081633,DRUM_SUPPORTED,264,96.29315192743765,172.26562500000261,-58.04988662132000,PRIMARY,F_MIX_00481,/Users/StarTrack/Development/JazzGrooveAnalyzer/docs/scientific/rfc/JGA_WHOLE_TRACK_GROOVE_FROZEN_PIPELINE_001_20260921/WHOLE_TRACK_JOINED_EVENTS.csv,810dead183772c6ee3c2ffed01cb79b2a05045abb2aea4e4c8903c180932a4a5,c7efaf8d2029ed140d67b7cbfff1c23fd33e0ffcae18f285566266c063f78e1c,NEW_006,True
F_MIX_00482,96.60662131519274,UNKNOWN,265,96.64145124716553,161.49902343750287,-34.82993197279000,PRIMARY,F_MIX_00482,/Users/StarTrack/Development/JazzGrooveAnalyzer/docs/scientific/rfc/JGA_WHOLE_TRACK_GROOVE_FROZEN_PIPELINE_001_20260921/WHOLE_TRACK_JOINED_EVENTS.csv,810dead183772c6ee3c2ffed01cb79b2a05045abb2aea4e4c8903c180932a4a5,c7efaf8d2029ed140d67b7cbfff1c23fd33e0ffcae18f285566266c063f78e1c,NEW_006,True
F_MIX_00483,96.68789115646258,BASS_AND_DRUM_SUPPORTED,265,96.64145124716553,161.49902343750287,46.43990929705000,CONTEXT,F_MIX_00483,/Users/StarTrack/Development/JazzGrooveAnalyzer/docs/scientific/rfc/JGA_WHOLE_TRACK_GROOVE_FROZEN_PIPELINE_001_20260921/WHOLE_TRACK_JOINED_EVENTS.csv,810dead183772c6ee3c2ffed01cb79b2a05045abb2aea4e4c8903c180932a4a5,c7efaf8d2029ed140d67b7cbfff1c23fd33e0ffcae18f285566266c063f78e1c,NEW_006,True
F_MIX_00484,96.94331065759637,DRUM_SUPPORTED,266,97.01297052154194,172.2656249999956,-69.65986394557000,CONTEXT,F_MIX_00484,/Users/StarTrack/Development/JazzGrooveAnalyzer/docs/scientific/rfc/JGA_WHOLE_TRACK_GROOVE_FROZEN_PIPELINE_001_20260921/WHOLE_TRACK_JOINED_EVENTS.csv,810dead183772c6ee3c2ffed01cb79b2a05045abb2aea4e4c8903c180932a4a5,c7efaf8d2029ed140d67b7cbfff1c23fd33e0ffcae18f285566266c063f78e1c,NEW_006,True
F_MIX_00485,96.97814058956916,DRUM_SUPPORTED,266,97.01297052154194,172.2656249999956,-34.82993197278000,PRIMARY,F_MIX_00485,/Users/StarTrack/Development/JazzGrooveAnalyzer/docs/scientific/rfc/JGA_WHOLE_TRACK_GROOVE_FROZEN_PIPELINE_001_20260921/WHOLE_TRACK_JOINED_EVENTS.csv,810dead183772c6ee3c2ffed01cb79b2a05045abb2aea4e4c8903c180932a4a5,c7efaf8d2029ed140d67b7cbfff1c23fd33e0ffcae18f285566266c063f78e1c,NEW_006,True
F_MIX_00486,97.4077097505669,DRUM_SUPPORTED,267,97.36126984126984,161.49902343750287,46.43990929706000,PRIMARY,F_MIX_00486,/Users/StarTrack/Development/JazzGrooveAnalyzer/docs/scientific/rfc/JGA_WHOLE_TRACK_GROOVE_FROZEN_PIPELINE_001_20260921/WHOLE_TRACK_JOINED_EVENTS.csv,810dead183772c6ee3c2ffed01cb79b2a05045abb2aea4e4c8903c180932a4a5,c7efaf8d2029ed140d67b7cbfff1c23fd33e0ffcae18f285566266c063f78e1c,NEW_006,True
F_MIX_00487,97.69795918367348,DRUM_SUPPORTED,268,97.73278911564626,172.2656249999956,-34.82993197278000,PRIMARY,F_MIX_00487,/Users/StarTrack/Development/JazzGrooveAnalyzer/docs/scientific/rfc/JGA_WHOLE_TRACK_GROOVE_FROZEN_PIPELINE_001_20260921/WHOLE_TRACK_JOINED_EVENTS.csv,810dead183772c6ee3c2ffed01cb79b2a05045abb2aea4e4c8903c180932a4a5,c7efaf8d2029ed140d67b7cbfff1c23fd33e0ffcae18f285566266c063f78e1c,NEW_006,True
F_MIX_00488,98.06947845804989,UNKNOWN,269,98.08108843537416,161.49902343750287,-11.60997732427000,PRIMARY,F_MIX_00488,/Users/StarTrack/Development/JazzGrooveAnalyzer/docs/scientific/rfc/JGA_WHOLE_TRACK_GROOVE_FROZEN_PIPELINE_001_20260921/WHOLE_TRACK_JOINED_EVENTS.csv,810dead183772c6ee3c2ffed01cb79b2a05045abb2aea4e4c8903c180932a4a5,c7efaf8d2029ed140d67b7cbfff1c23fd33e0ffcae18f285566266c063f78e1c,NEW_006,True
F_MIX_00489,98.15074829931973,DRUM_SUPPORTED,269,98.08108843537416,161.49902343750287,69.65986394557000,CONTEXT,F_MIX_00489,/Users/StarTrack/Development/JazzGrooveAnalyzer/docs/scientific/rfc/JGA_WHOLE_TRACK_GROOVE_FROZEN_PIPELINE_001_20260921/WHOLE_TRACK_JOINED_EVENTS.csv,810dead183772c6ee3c2ffed01cb79b2a05045abb2aea4e4c8903c180932a4a5,c7efaf8d2029ed140d67b7cbfff1c23fd33e0ffcae18f285566266c063f78e1c,NEW_006,True
F_MIX_00490,98.40616780045352,DRUM_SUPPORTED,270,98.45260770975057,161.4990234374967,-46.43990929705000,PRIMARY,F_MIX_00490,/Users/StarTrack/Development/JazzGrooveAnalyzer/docs/scientific/rfc/JGA_WHOLE_TRACK_GROOVE_FROZEN_PIPELINE_001_20260921/WHOLE_TRACK_JOINED_EVENTS.csv,810dead183772c6ee3c2ffed01cb79b2a05045abb2aea4e4c8903c180932a4a5,c7efaf8d2029ed140d67b7cbfff1c23fd33e0ffcae18f285566266c063f78e1c,NEW_006,True
F_MIX_00491,98.7892970521542,UNKNOWN,271,98.82412698412699,172.26562500000261,-34.82993197279000,PRIMARY,F_MIX_00491,/Users/StarTrack/Development/JazzGrooveAnalyzer/docs/scientific/rfc/JGA_WHOLE_TRACK_GROOVE_FROZEN_PIPELINE_001_20260921/WHOLE_TRACK_JOINED_EVENTS.csv,810dead183772c6ee3c2ffed01cb79b2a05045abb2aea4e4c8903c180932a4a5,c7efaf8d2029ed140d67b7cbfff1c23fd33e0ffcae18f285566266c063f78e1c,NEW_006,True
F_MIX_00492,98.87056689342404,DRUM_SUPPORTED,271,98.82412698412699,172.26562500000261,46.43990929705000,CONTEXT,F_MIX_00492,/Users/StarTrack/Development/JazzGrooveAnalyzer/docs/scientific/rfc/JGA_WHOLE_TRACK_GROOVE_FROZEN_PIPELINE_001_20260921/WHOLE_TRACK_JOINED_EVENTS.csv,810dead183772c6ee3c2ffed01cb79b2a05045abb2aea4e4c8903c180932a4a5,c7efaf8d2029ed140d67b7cbfff1c23fd33e0ffcae18f285566266c063f78e1c,NEW_006,True
F_MIX_00493,99.12598639455783,DRUM_SUPPORTED,272,99.17242630385488,161.49902343750287,-46.43990929705000,PRIMARY,F_MIX_00493,/Users/StarTrack/Development/JazzGrooveAnalyzer/docs/scientific/rfc/JGA_WHOLE_TRACK_GROOVE_FROZEN_PIPELINE_001_20260921/WHOLE_TRACK_JOINED_EVENTS.csv,810dead183772c6ee3c2ffed01cb79b2a05045abb2aea4e4c8903c180932a4a5,c7efaf8d2029ed140d67b7cbfff1c23fd33e0ffcae18f285566266c063f78e1c,NEW_006,True
F_MIX_00494,99.47428571428571,DRUM_SUPPORTED,273,99.54394557823129,161.4990234374967,-69.65986394558000,CONTEXT,F_MIX_00494,/Users/StarTrack/Development/JazzGrooveAnalyzer/docs/scientific/rfc/JGA_WHOLE_TRACK_GROOVE_FROZEN_PIPELINE_001_20260921/WHOLE_TRACK_JOINED_EVENTS.csv,810dead183772c6ee3c2ffed01cb79b2a05045abb2aea4e4c8903c180932a4a5,c7efaf8d2029ed140d67b7cbfff1c23fd33e0ffcae18f285566266c063f78e1c,NEW_006,True
F_MIX_00495,99.57877551020408,BASS_AND_DRUM_SUPPORTED,273,99.54394557823129,161.4990234374967,34.82993197279000,PRIMARY,F_MIX_00495,/Users/StarTrack/Development/JazzGrooveAnalyzer/docs/scientific/rfc/JGA_WHOLE_TRACK_GROOVE_FROZEN_PIPELINE_001_20260921/WHOLE_TRACK_JOINED_EVENTS.csv,810dead183772c6ee3c2ffed01cb79b2a05045abb2aea4e4c8903c180932a4a5,c7efaf8d2029ed140d67b7cbfff1c23fd33e0ffcae18f285566266c063f78e1c,NEW_006,True
F_MIX_00496,99.84580498866214,UNKNOWN,274,99.91546485260771,161.49902343750287,-69.65986394557000,CONTEXT,F_MIX_00496,/Users/StarTrack/Development/JazzGrooveAnalyzer/docs/scientific/rfc/JGA_WHOLE_TRACK_GROOVE_FROZEN_PIPELINE_001_20260921/WHOLE_TRACK_JOINED_EVENTS.csv,810dead183772c6ee3c2ffed01cb79b2a05045abb2aea4e4c8903c180932a4a5,c7efaf8d2029ed140d67b7cbfff1c23fd33e0ffcae18f285566266c063f78e1c,NEW_006,True
F_MIX_00497,99.93868480725624,BASS_AND_DRUM_SUPPORTED,274,99.91546485260771,161.49902343750287,23.21995464853000,PRIMARY,F_MIX_00497,/Users/StarTrack/Development/JazzGrooveAnalyzer/docs/scientific/rfc/JGA_WHOLE_TRACK_GROOVE_FROZEN_PIPELINE_001_20260921/WHOLE_TRACK_JOINED_EVENTS.csv,810dead183772c6ee3c2ffed01cb79b2a05045abb2aea4e4c8903c180932a4a5,c7efaf8d2029ed140d67b7cbfff1c23fd33e0ffcae18f285566266c063f78e1c,NEW_006,True
F_MIX_00498,100.11283446712018,UNKNOWN,275,100.28698412698412,161.4990234374967,-174.14965986394000,CONTEXT,F_MIX_00498,/Users/StarTrack/Development/JazzGrooveAnalyzer/docs/scientific/rfc/JGA_WHOLE_TRACK_GROOVE_FROZEN_PIPELINE_001_20260921/WHOLE_TRACK_JOINED_EVENTS.csv,810dead183772c6ee3c2ffed01cb79b2a05045abb2aea4e4c8903c180932a4a5,c7efaf8d2029ed140d67b7cbfff1c23fd33e0ffcae18f285566266c063f78e1c,NEW_006,True
F_MIX_00499,100.22893424036282,UNKNOWN,275,100.28698412698412,161.4990234374967,-58.04988662130000,CONTEXT,F_MIX_00499,/Users/StarTrack/Development/JazzGrooveAnalyzer/docs/scientific/rfc/JGA_WHOLE_TRACK_GROOVE_FROZEN_PIPELINE_001_20260921/WHOLE_TRACK_JOINED_EVENTS.csv,810dead183772c6ee3c2ffed01cb79b2a05045abb2aea4e4c8903c180932a4a5,c7efaf8d2029ed140d67b7cbfff1c23fd33e0ffcae18f285566266c063f78e1c,NEW_006,True
F_MIX_00500,100.29859410430839,BASS_AND_DRUM_SUPPORTED,275,100.28698412698412,161.4990234374967,11.60997732427000,PRIMARY,F_MIX_00500,/Users/StarTrack/Development/JazzGrooveAnalyzer/docs/scientific/rfc/JGA_WHOLE_TRACK_GROOVE_FROZEN_PIPELINE_001_20260921/WHOLE_TRACK_JOINED_EVENTS.csv,810dead183772c6ee3c2ffed01cb79b2a05045abb2aea4e4c8903c180932a4a5,c7efaf8d2029ed140d67b7cbfff1c23fd33e0ffcae18f285566266c063f78e1c,NEW_006,True
F_MIX_00501,100.6120634920635,UNKNOWN,276,100.65850340136055,161.49902343750287,-46.43990929705000,CONTEXT,F_MIX_00501,/Users/StarTrack/Development/JazzGrooveAnalyzer/docs/scientific/rfc/JGA_WHOLE_TRACK_GROOVE_FROZEN_PIPELINE_001_20260921/WHOLE_TRACK_JOINED_EVENTS.csv,810dead183772c6ee3c2ffed01cb79b2a05045abb2aea4e4c8903c180932a4a5,c7efaf8d2029ed140d67b7cbfff1c23fd33e0ffcae18f285566266c063f78e1c,NEW_006,True
F_MIX_00502,100.68172335600907,BASS_AND_DRUM_SUPPORTED,276,100.65850340136055,161.49902343750287,23.21995464852000,PRIMARY,F_MIX_00502,/Users/StarTrack/Development/JazzGrooveAnalyzer/docs/scientific/rfc/JGA_WHOLE_TRACK_GROOVE_FROZEN_PIPELINE_001_20260921/WHOLE_TRACK_JOINED_EVENTS.csv,810dead183772c6ee3c2ffed01cb79b2a05045abb2aea4e4c8903c180932a4a5,c7efaf8d2029ed140d67b7cbfff1c23fd33e0ffcae18f285566266c063f78e1c,NEW_006,True
F_MIX_00503,100.97197278911564,UNKNOWN,277,101.03002267573696,161.4990234374967,-58.04988662132000,CONTEXT,F_MIX_00503,/Users/StarTrack/Development/JazzGrooveAnalyzer/docs/scientific/rfc/JGA_WHOLE_TRACK_GROOVE_FROZEN_PIPELINE_001_20260921/WHOLE_TRACK_JOINED_EVENTS.csv,810dead183772c6ee3c2ffed01cb79b2a05045abb2aea4e4c8903c180932a4a5,c7efaf8d2029ed140d67b7cbfff1c23fd33e0ffcae18f285566266c063f78e1c,NEW_006,True
F_MIX_00504,101.05324263038548,BASS_AND_DRUM_SUPPORTED,277,101.03002267573696,161.4990234374967,23.21995464852000,PRIMARY,F_MIX_00504,/Users/StarTrack/Development/JazzGrooveAnalyzer/docs/scientific/rfc/JGA_WHOLE_TRACK_GROOVE_FROZEN_PIPELINE_001_20260921/WHOLE_TRACK_JOINED_EVENTS.csv,810dead183772c6ee3c2ffed01cb79b2a05045abb2aea4e4c8903c180932a4a5,c7efaf8d2029ed140d67b7cbfff1c23fd33e0ffcae18f285566266c063f78e1c,NEW_006,True
F_MIX_00505,101.3318820861678,UNKNOWN,278,101.40154195011338,172.26562500000261,-69.65986394558000,PRIMARY,F_MIX_00505,/Users/StarTrack/Development/JazzGrooveAnalyzer/docs/scientific/rfc/JGA_WHOLE_TRACK_GROOVE_FROZEN_PIPELINE_001_20260921/WHOLE_TRACK_JOINED_EVENTS.csv,810dead183772c6ee3c2ffed01cb79b2a05045abb2aea4e4c8903c180932a4a5,c7efaf8d2029ed140d67b7cbfff1c23fd33e0ffcae18f285566266c063f78e1c,NEW_006,True
F_MIX_00506,101.65696145124717,UNKNOWN,279,101.74984126984127,161.4990234374967,-92.87981859410000,CONTEXT,F_MIX_00506,/Users/StarTrack/Development/JazzGrooveAnalyzer/docs/scientific/rfc/JGA_WHOLE_TRACK_GROOVE_FROZEN_PIPELINE_001_20260921/WHOLE_TRACK_JOINED_EVENTS.csv,810dead183772c6ee3c2ffed01cb79b2a05045abb2aea4e4c8903c180932a4a5,c7efaf8d2029ed140d67b7cbfff1c23fd33e0ffcae18f285566266c063f78e1c,NEW_006,True
F_MIX_00507,101.78467120181406,BASS_AND_DRUM_SUPPORTED,279,101.74984126984127,161.4990234374967,34.82993197279000,PRIMARY,F_MIX_00507,/Users/StarTrack/Development/JazzGrooveAnalyzer/docs/scientific/rfc/JGA_WHOLE_TRACK_GROOVE_FROZEN_PIPELINE_001_20260921/WHOLE_TRACK_JOINED_EVENTS.csv,810dead183772c6ee3c2ffed01cb79b2a05045abb2aea4e4c8903c180932a4a5,c7efaf8d2029ed140d67b7cbfff1c23fd33e0ffcae18f285566266c063f78e1c,NEW_006,True
F_MIX_00508,102.0517006802721,DRUM_SUPPORTED,280,102.1213605442177,172.26562500000261,-69.6598639456000,PRIMARY,F_MIX_00508,/Users/StarTrack/Development/JazzGrooveAnalyzer/docs/scientific/rfc/JGA_WHOLE_TRACK_GROOVE_FROZEN_PIPELINE_001_20260921/WHOLE_TRACK_JOINED_EVENTS.csv,810dead183772c6ee3c2ffed01cb79b2a05045abb2aea4e4c8903c180932a4a5,c7efaf8d2029ed140d67b7cbfff1c23fd33e0ffcae18f285566266c063f78e1c,NEW_006,True
F_MIX_00509,102.4,UNKNOWN,281,102.46965986394558,161.49902343750287,-69.65986394558000,CONTEXT,F_MIX_00509,/Users/StarTrack/Development/JazzGrooveAnalyzer/docs/scientific/rfc/JGA_WHOLE_TRACK_GROOVE_FROZEN_PIPELINE_001_20260921/WHOLE_TRACK_JOINED_EVENTS.csv,810dead183772c6ee3c2ffed01cb79b2a05045abb2aea4e4c8903c180932a4a5,c7efaf8d2029ed140d67b7cbfff1c23fd33e0ffcae18f285566266c063f78e1c,NEW_006,True
F_MIX_00510,102.50448979591837,DRUM_SUPPORTED,281,102.46965986394558,161.49902343750287,34.82993197279000,PRIMARY,F_MIX_00510,/Users/StarTrack/Development/JazzGrooveAnalyzer/docs/scientific/rfc/JGA_WHOLE_TRACK_GROOVE_FROZEN_PIPELINE_001_20260921/WHOLE_TRACK_JOINED_EVENTS.csv,810dead183772c6ee3c2ffed01cb79b2a05045abb2aea4e4c8903c180932a4a5,c7efaf8d2029ed140d67b7cbfff1c23fd33e0ffcae18f285566266c063f78e1c,NEW_006,True
F_MIX_00511,102.78312925170069,UNKNOWN,282,102.84117913832199,172.2656249999956,-58.04988662130000,PRIMARY,F_MIX_00511,/Users/StarTrack/Development/JazzGrooveAnalyzer/docs/scientific/rfc/JGA_WHOLE_TRACK_GROOVE_FROZEN_PIPELINE_001_20260921/WHOLE_TRACK_JOINED_EVENTS.csv,810dead183772c6ee3c2ffed01cb79b2a05045abb2aea4e4c8903c180932a4a5,c7efaf8d2029ed140d67b7cbfff1c23fd33e0ffcae18f285566266c063f78e1c,NEW_006,True
F_MIX_00512,103.22430839002267,BASS_AND_DRUM_SUPPORTED,283,103.18947845804989,172.26562500000261,34.82993197278000,PRIMARY,F_MIX_00512,/Users/StarTrack/Development/JazzGrooveAnalyzer/docs/scientific/rfc/JGA_WHOLE_TRACK_GROOVE_FROZEN_PIPELINE_001_20260921/WHOLE_TRACK_JOINED_EVENTS.csv,810dead183772c6ee3c2ffed01cb79b2a05045abb2aea4e4c8903c180932a4a5,c7efaf8d2029ed140d67b7cbfff1c23fd33e0ffcae18f285566266c063f78e1c,NEW_006,True
F_MIX_00513,103.49133786848073,DRUM_SUPPORTED,284,103.53777777777778,161.4990234374967,-46.43990929705000,PRIMARY,F_MIX_00513,/Users/StarTrack/Development/JazzGrooveAnalyzer/docs/scientific/rfc/JGA_WHOLE_TRACK_GROOVE_FROZEN_PIPELINE_001_20260921/WHOLE_TRACK_JOINED_EVENTS.csv,810dead183772c6ee3c2ffed01cb79b2a05045abb2aea4e4c8903c180932a4a5,c7efaf8d2029ed140d67b7cbfff1c23fd33e0ffcae18f285566266c063f78e1c,NEW_006,True
F_MIX_00514,103.58421768707483,BASS_AND_DRUM_SUPPORTED,284,103.53777777777778,161.4990234374967,46.43990929705000,CONTEXT,F_MIX_00514,/Users/StarTrack/Development/JazzGrooveAnalyzer/docs/scientific/rfc/JGA_WHOLE_TRACK_GROOVE_FROZEN_PIPELINE_001_20260921/WHOLE_TRACK_JOINED_EVENTS.csv,810dead183772c6ee3c2ffed01cb79b2a05045abb2aea4e4c8903c180932a4a5,c7efaf8d2029ed140d67b7cbfff1c23fd33e0ffcae18f285566266c063f78e1c,NEW_006,True
F_MIX_00515,103.85124716553288,UNKNOWN,285,103.9092970521542,172.26562500000261,-58.04988662132000,CONTEXT,F_MIX_00515,/Users/StarTrack/Development/JazzGrooveAnalyzer/docs/scientific/rfc/JGA_WHOLE_TRACK_GROOVE_FROZEN_PIPELINE_001_20260921/WHOLE_TRACK_JOINED_EVENTS.csv,810dead183772c6ee3c2ffed01cb79b2a05045abb2aea4e4c8903c180932a4a5,c7efaf8d2029ed140d67b7cbfff1c23fd33e0ffcae18f285566266c063f78e1c,NEW_006,True
F_MIX_00516,103.94412698412698,BASS_AND_DRUM_SUPPORTED,285,103.9092970521542,172.26562500000261,34.82993197278000,PRIMARY,F_MIX_00516,/Users/StarTrack/Development/JazzGrooveAnalyzer/docs/scientific/rfc/JGA_WHOLE_TRACK_GROOVE_FROZEN_PIPELINE_001_20260921/WHOLE_TRACK_JOINED_EVENTS.csv,810dead183772c6ee3c2ffed01cb79b2a05045abb2aea4e4c8903c180932a4a5,c7efaf8d2029ed140d67b7cbfff1c23fd33e0ffcae18f285566266c063f78e1c,NEW_006,True
F_MIX_00517,104.18793650793651,DRUM_SUPPORTED,286,104.25759637188209,172.26562500000261,-69.65986394558000,CONTEXT,F_MIX_00517,/Users/StarTrack/Development/JazzGrooveAnalyzer/docs/scientific/rfc/JGA_WHOLE_TRACK_GROOVE_FROZEN_PIPELINE_001_20260921/WHOLE_TRACK_JOINED_EVENTS.csv,810dead183772c6ee3c2ffed01cb79b2a05045abb2aea4e4c8903c180932a4a5,c7efaf8d2029ed140d67b7cbfff1c23fd33e0ffcae18f285566266c063f78e1c,NEW_006,True
F_MIX_00518,104.23437641723356,UNKNOWN,286,104.25759637188209,172.26562500000261,-23.21995464853000,PRIMARY,F_MIX_00518,/Users/StarTrack/Development/JazzGrooveAnalyzer/docs/scientific/rfc/JGA_WHOLE_TRACK_GROOVE_FROZEN_PIPELINE_001_20260921/WHOLE_TRACK_JOINED_EVENTS.csv,810dead183772c6ee3c2ffed01cb79b2a05045abb2aea4e4c8903c180932a4a5,c7efaf8d2029ed140d67b7cbfff1c23fd33e0ffcae18f285566266c063f78e1c,NEW_006,True
F_MIX_00519,104.30403628117914,DRUM_SUPPORTED,286,104.25759637188209,172.26562500000261,46.43990929705000,CONTEXT,F_MIX_00519,/Users/StarTrack/Development/JazzGrooveAnalyzer/docs/scientific/rfc/JGA_WHOLE_TRACK_GROOVE_FROZEN_PIPELINE_001_20260921/WHOLE_TRACK_JOINED_EVENTS.csv,810dead183772c6ee3c2ffed01cb79b2a05045abb2aea4e4c8903c180932a4a5,c7efaf8d2029ed140d67b7cbfff1c23fd33e0ffcae18f285566266c063f78e1c,NEW_006,True
F_MIX_00520,104.33886621315193,DRUM_SUPPORTED,286,104.25759637188209,172.26562500000261,81.26984126984000,CONTEXT,F_MIX_00520,/Users/StarTrack/Development/JazzGrooveAnalyzer/docs/scientific/rfc/JGA_WHOLE_TRACK_GROOVE_FROZEN_PIPELINE_001_20260921/WHOLE_TRACK_JOINED_EVENTS.csv,810dead183772c6ee3c2ffed01cb79b2a05045abb2aea4e4c8903c180932a4a5,c7efaf8d2029ed140d67b7cbfff1c23fd33e0ffcae18f285566266c063f78e1c,NEW_006,True
F_MIX_00521,104.54784580498867,DRUM_SUPPORTED,287,104.60589569160997,161.4990234374967,-58.04988662130000,CONTEXT,F_MIX_00521,/Users/StarTrack/Development/JazzGrooveAnalyzer/docs/scientific/rfc/JGA_WHOLE_TRACK_GROOVE_FROZEN_PIPELINE_001_20260921/WHOLE_TRACK_JOINED_EVENTS.csv,810dead183772c6ee3c2ffed01cb79b2a05045abb2aea4e4c8903c180932a4a5,c7efaf8d2029ed140d67b7cbfff1c23fd33e0ffcae18f285566266c063f78e1c,NEW_006,True
F_MIX_00522,104.65233560090702,BASS_AND_DRUM_SUPPORTED,287,104.60589569160997,161.4990234374967,46.43990929705000,PRIMARY,F_MIX_00522,/Users/StarTrack/Development/JazzGrooveAnalyzer/docs/scientific/rfc/JGA_WHOLE_TRACK_GROOVE_FROZEN_PIPELINE_001_20260921/WHOLE_TRACK_JOINED_EVENTS.csv,810dead183772c6ee3c2ffed01cb79b2a05045abb2aea4e4c8903c180932a4a5,c7efaf8d2029ed140d67b7cbfff1c23fd33e0ffcae18f285566266c063f78e1c,NEW_006,True
F_MIX_00523,104.90775510204081,DRUM_SUPPORTED,288,104.9774149659864,172.26562500000261,-69.65986394559000,CONTEXT,F_MIX_00523,/Users/StarTrack/Development/JazzGrooveAnalyzer/docs/scientific/rfc/JGA_WHOLE_TRACK_GROOVE_FROZEN_PIPELINE_001_20260921/WHOLE_TRACK_JOINED_EVENTS.csv,810dead183772c6ee3c2ffed01cb79b2a05045abb2aea4e4c8903c180932a4a5,c7efaf8d2029ed140d67b7cbfff1c23fd33e0ffcae18f285566266c063f78e1c,NEW_006,True
F_MIX_00524,105.02385487528345,DRUM_SUPPORTED,288,104.9774149659864,172.26562500000261,46.43990929705000,PRIMARY,F_MIX_00524,/Users/StarTrack/Development/JazzGrooveAnalyzer/docs/scientific/rfc/JGA_WHOLE_TRACK_GROOVE_FROZEN_PIPELINE_001_20260921/WHOLE_TRACK_JOINED_EVENTS.csv,810dead183772c6ee3c2ffed01cb79b2a05045abb2aea4e4c8903c180932a4a5,c7efaf8d2029ed140d67b7cbfff1c23fd33e0ffcae18f285566266c063f78e1c,NEW_007,True
F_MIX_00525,105.27927437641723,UNKNOWN,289,105.32571428571428,172.2656249999956,-46.43990929705000,PRIMARY,F_MIX_00525,/Users/StarTrack/Development/JazzGrooveAnalyzer/docs/scientific/rfc/JGA_WHOLE_TRACK_GROOVE_FROZEN_PIPELINE_001_20260921/WHOLE_TRACK_JOINED_EVENTS.csv,810dead183772c6ee3c2ffed01cb79b2a05045abb2aea4e4c8903c180932a4a5,c7efaf8d2029ed140d67b7cbfff1c23fd33e0ffcae18f285566266c063f78e1c,NEW_007,True
F_MIX_00526,105.3837641723356,DRUM_SUPPORTED,289,105.32571428571428,172.2656249999956,58.04988662132000,CONTEXT,F_MIX_00526,/Users/StarTrack/Development/JazzGrooveAnalyzer/docs/scientific/rfc/JGA_WHOLE_TRACK_GROOVE_FROZEN_PIPELINE_001_20260921/WHOLE_TRACK_JOINED_EVENTS.csv,810dead183772c6ee3c2ffed01cb79b2a05045abb2aea4e4c8903c180932a4a5,c7efaf8d2029ed140d67b7cbfff1c23fd33e0ffcae18f285566266c063f78e1c,NEW_007,True
F_MIX_00527,105.61596371882086,DRUM_SUPPORTED,290,105.67401360544218,161.49902343750287,-58.04988662132000,PRIMARY,F_MIX_00527,/Users/StarTrack/Development/JazzGrooveAnalyzer/docs/scientific/rfc/JGA_WHOLE_TRACK_GROOVE_FROZEN_PIPELINE_001_20260921/WHOLE_TRACK_JOINED_EVENTS.csv,810dead183772c6ee3c2ffed01cb79b2a05045abb2aea4e4c8903c180932a4a5,c7efaf8d2029ed140d67b7cbfff1c23fd33e0ffcae18f285566266c063f78e1c,NEW_007,True
F_MIX_00528,106.10358276643991,DRUM_SUPPORTED,291,106.0455328798186,172.26562500000261,58.04988662131000,PRIMARY,F_MIX_00528,/Users/StarTrack/Development/JazzGrooveAnalyzer/docs/scientific/rfc/JGA_WHOLE_TRACK_GROOVE_FROZEN_PIPELINE_001_20260921/WHOLE_TRACK_JOINED_EVENTS.csv,810dead183772c6ee3c2ffed01cb79b2a05045abb2aea4e4c8903c180932a4a5,c7efaf8d2029ed140d67b7cbfff1c23fd33e0ffcae18f285566266c063f78e1c,NEW_007,True
F_MIX_00529,106.37061224489796,DRUM_SUPPORTED,292,106.39383219954648,172.2656249999956,-23.21995464852000,PRIMARY,F_MIX_00529,/Users/StarTrack/Development/JazzGrooveAnalyzer/docs/scientific/rfc/JGA_WHOLE_TRACK_GROOVE_FROZEN_PIPELINE_001_20260921/WHOLE_TRACK_JOINED_EVENTS.csv,810dead183772c6ee3c2ffed01cb79b2a05045abb2aea4e4c8903c180932a4a5,c7efaf8d2029ed140d67b7cbfff1c23fd33e0ffcae18f285566266c063f78e1c,NEW_007,True
F_MIX_00530,106.82340136054422,DRUM_SUPPORTED,293,106.74213151927438,161.49902343750287,81.26984126984000,PRIMARY,F_MIX_00530,/Users/StarTrack/Development/JazzGrooveAnalyzer/docs/scientific/rfc/JGA_WHOLE_TRACK_GROOVE_FROZEN_PIPELINE_001_20260921/WHOLE_TRACK_JOINED_EVENTS.csv,810dead183772c6ee3c2ffed01cb79b2a05045abb2aea4e4c8903c180932a4a5,c7efaf8d2029ed140d67b7cbfff1c23fd33e0ffcae18f285566266c063f78e1c,NEW_007,True
F_MIX_00531,107.06721088435374,DRUM_SUPPORTED,294,107.11365079365079,172.2656249999956,-46.43990929705000,PRIMARY,F_MIX_00531,/Users/StarTrack/Development/JazzGrooveAnalyzer/docs/scientific/rfc/JGA_WHOLE_TRACK_GROOVE_FROZEN_PIPELINE_001_20260921/WHOLE_TRACK_JOINED_EVENTS.csv,810dead183772c6ee3c2ffed01cb79b2a05045abb2aea4e4c8903c180932a4a5,c7efaf8d2029ed140d67b7cbfff1c23fd33e0ffcae18f285566266c063f78e1c,NEW_007,True
F_MIX_00532,107.18331065759637,DRUM_SUPPORTED,294,107.11365079365079,172.2656249999956,69.65986394558000,CONTEXT,F_MIX_00532,/Users/StarTrack/Development/JazzGrooveAnalyzer/docs/scientific/rfc/JGA_WHOLE_TRACK_GROOVE_FROZEN_PIPELINE_001_20260921/WHOLE_TRACK_JOINED_EVENTS.csv,810dead183772c6ee3c2ffed01cb79b2a05045abb2aea4e4c8903c180932a4a5,c7efaf8d2029ed140d67b7cbfff1c23fd33e0ffcae18f285566266c063f78e1c,NEW_007,True
F_MIX_00533,107.4271201814059,DRUM_SUPPORTED,295,107.46195011337869,172.26562500000261,-34.82993197279000,PRIMARY,F_MIX_00533,/Users/StarTrack/Development/JazzGrooveAnalyzer/docs/scientific/rfc/JGA_WHOLE_TRACK_GROOVE_FROZEN_PIPELINE_001_20260921/WHOLE_TRACK_JOINED_EVENTS.csv,810dead183772c6ee3c2ffed01cb79b2a05045abb2aea4e4c8903c180932a4a5,c7efaf8d2029ed140d67b7cbfff1c23fd33e0ffcae18f285566266c063f78e1c,NEW_007,True
F_MIX_00534,107.53160997732427,DRUM_SUPPORTED,295,107.46195011337869,172.26562500000261,69.65986394558000,CONTEXT,F_MIX_00534,/Users/StarTrack/Development/JazzGrooveAnalyzer/docs/scientific/rfc/JGA_WHOLE_TRACK_GROOVE_FROZEN_PIPELINE_001_20260921/WHOLE_TRACK_JOINED_EVENTS.csv,810dead183772c6ee3c2ffed01cb79b2a05045abb2aea4e4c8903c180932a4a5,c7efaf8d2029ed140d67b7cbfff1c23fd33e0ffcae18f285566266c063f78e1c,NEW_007,True
F_MIX_00535,107.76380952380953,DRUM_SUPPORTED,296,107.81024943310658,161.49902343750287,-46.43990929705000,PRIMARY,F_MIX_00535,/Users/StarTrack/Development/JazzGrooveAnalyzer/docs/scientific/rfc/JGA_WHOLE_TRACK_GROOVE_FROZEN_PIPELINE_001_20260921/WHOLE_TRACK_JOINED_EVENTS.csv,810dead183772c6ee3c2ffed01cb79b2a05045abb2aea4e4c8903c180932a4a5,c7efaf8d2029ed140d67b7cbfff1c23fd33e0ffcae18f285566266c063f78e1c,NEW_007,True
F_MIX_00536,107.89151927437642,DRUM_SUPPORTED,296,107.81024943310658,161.49902343750287,81.26984126984000,CONTEXT,F_MIX_00536,/Users/StarTrack/Development/JazzGrooveAnalyzer/docs/scientific/rfc/JGA_WHOLE_TRACK_GROOVE_FROZEN_PIPELINE_001_20260921/WHOLE_TRACK_JOINED_EVENTS.csv,810dead183772c6ee3c2ffed01cb79b2a05045abb2aea4e4c8903c180932a4a5,c7efaf8d2029ed140d67b7cbfff1c23fd33e0ffcae18f285566266c063f78e1c,NEW_007,True
F_MIX_00537,108.10049886621316,DRUM_SUPPORTED,297,108.18176870748299,172.2656249999956,-81.26984126983000,CONTEXT,F_MIX_00537,/Users/StarTrack/Development/JazzGrooveAnalyzer/docs/scientific/rfc/JGA_WHOLE_TRACK_GROOVE_FROZEN_PIPELINE_001_20260921/WHOLE_TRACK_JOINED_EVENTS.csv,810dead183772c6ee3c2ffed01cb79b2a05045abb2aea4e4c8903c180932a4a5,c7efaf8d2029ed140d67b7cbfff1c23fd33e0ffcae18f285566266c063f78e1c,NEW_007,True
F_MIX_00538,108.2398185941043,DRUM_SUPPORTED,297,108.18176870748299,172.2656249999956,58.04988662131000,PRIMARY,F_MIX_00538,/Users/StarTrack/Development/JazzGrooveAnalyzer/docs/scientific/rfc/JGA_WHOLE_TRACK_GROOVE_FROZEN_PIPELINE_001_20260921/WHOLE_TRACK_JOINED_EVENTS.csv,810dead183772c6ee3c2ffed01cb79b2a05045abb2aea4e4c8903c180932a4a5,c7efaf8d2029ed140d67b7cbfff1c23fd33e0ffcae18f285566266c063f78e1c,NEW_007,True
F_MIX_00539,108.4604081632653,DRUM_SUPPORTED,298,108.53006802721089,161.49902343750287,-69.65986394559000,PRIMARY,F_MIX_00539,/Users/StarTrack/Development/JazzGrooveAnalyzer/docs/scientific/rfc/JGA_WHOLE_TRACK_GROOVE_FROZEN_PIPELINE_001_20260921/WHOLE_TRACK_JOINED_EVENTS.csv,810dead183772c6ee3c2ffed01cb79b2a05045abb2aea4e4c8903c180932a4a5,c7efaf8d2029ed140d67b7cbfff1c23fd33e0ffcae18f285566266c063f78e1c,NEW_007,True
F_MIX_00540,108.92480725623582,DRUM_SUPPORTED,299,108.9015873015873,172.2656249999956,23.21995464852000,PRIMARY,F_MIX_00540,/Users/StarTrack/Development/JazzGrooveAnalyzer/docs/scientific/rfc/JGA_WHOLE_TRACK_GROOVE_FROZEN_PIPELINE_001_20260921/WHOLE_TRACK_JOINED_EVENTS.csv,810dead183772c6ee3c2ffed01cb79b2a05045abb2aea4e4c8903c180932a4a5,c7efaf8d2029ed140d67b7cbfff1c23fd33e0ffcae18f285566266c063f78e1c,NEW_007,True
F_MIX_00541,108.95963718820862,DRUM_SUPPORTED,299,108.9015873015873,172.2656249999956,58.04988662132000,CONTEXT,F_MIX_00541,/Users/StarTrack/Development/JazzGrooveAnalyzer/docs/scientific/rfc/JGA_WHOLE_TRACK_GROOVE_FROZEN_PIPELINE_001_20260921/WHOLE_TRACK_JOINED_EVENTS.csv,810dead183772c6ee3c2ffed01cb79b2a05045abb2aea4e4c8903c180932a4a5,c7efaf8d2029ed140d67b7cbfff1c23fd33e0ffcae18f285566266c063f78e1c,NEW_007,True
F_MIX_00542,109.19183673469388,DRUM_SUPPORTED,300,109.2498866213152,161.49902343750287,-58.04988662132000,CONTEXT,F_MIX_00542,/Users/StarTrack/Development/JazzGrooveAnalyzer/docs/scientific/rfc/JGA_WHOLE_TRACK_GROOVE_FROZEN_PIPELINE_001_20260921/WHOLE_TRACK_JOINED_EVENTS.csv,810dead183772c6ee3c2ffed01cb79b2a05045abb2aea4e4c8903c180932a4a5,c7efaf8d2029ed140d67b7cbfff1c23fd33e0ffcae18f285566266c063f78e1c,NEW_007,True
F_MIX_00543,109.3079365079365,DRUM_SUPPORTED,300,109.2498866213152,161.49902343750287,58.0498866213000,PRIMARY,F_MIX_00543,/Users/StarTrack/Development/JazzGrooveAnalyzer/docs/scientific/rfc/JGA_WHOLE_TRACK_GROOVE_FROZEN_PIPELINE_001_20260921/WHOLE_TRACK_JOINED_EVENTS.csv,810dead183772c6ee3c2ffed01cb79b2a05045abb2aea4e4c8903c180932a4a5,c7efaf8d2029ed140d67b7cbfff1c23fd33e0ffcae18f285566266c063f78e1c,NEW_007,True
F_MIX_00544,109.6562358276644,DRUM_SUPPORTED,301,109.62140589569161,172.26562500000261,34.82993197279000,PRIMARY,F_MIX_00544,/Users/StarTrack/Development/JazzGrooveAnalyzer/docs/scientific/rfc/JGA_WHOLE_TRACK_GROOVE_FROZEN_PIPELINE_001_20260921/WHOLE_TRACK_JOINED_EVENTS.csv,810dead183772c6ee3c2ffed01cb79b2a05045abb2aea4e4c8903c180932a4a5,c7efaf8d2029ed140d67b7cbfff1c23fd33e0ffcae18f285566266c063f78e1c,NEW_007,True
F_MIX_00545,109.91165532879819,DRUM_SUPPORTED,302,109.9697052154195,161.4990234374967,-58.04988662131000,PRIMARY,F_MIX_00545,/Users/StarTrack/Development/JazzGrooveAnalyzer/docs/scientific/rfc/JGA_WHOLE_TRACK_GROOVE_FROZEN_PIPELINE_001_20260921/WHOLE_TRACK_JOINED_EVENTS.csv,810dead183772c6ee3c2ffed01cb79b2a05045abb2aea4e4c8903c180932a4a5,c7efaf8d2029ed140d67b7cbfff1c23fd33e0ffcae18f285566266c063f78e1c,NEW_007,True
F_MIX_00546,110.38766439909297,DRUM_SUPPORTED,303,110.34122448979592,172.26562500000261,46.43990929705000,PRIMARY,F_MIX_00546,/Users/StarTrack/Development/JazzGrooveAnalyzer/docs/scientific/rfc/JGA_WHOLE_TRACK_GROOVE_FROZEN_PIPELINE_001_20260921/WHOLE_TRACK_JOINED_EVENTS.csv,810dead183772c6ee3c2ffed01cb79b2a05045abb2aea4e4c8903c180932a4a5,c7efaf8d2029ed140d67b7cbfff1c23fd33e0ffcae18f285566266c063f78e1c,NEW_007,True
F_MIX_00547,110.53859410430839,UNKNOWN,304,110.6895238095238,161.4990234374967,-150.92970521541000,CONTEXT,F_MIX_00547,/Users/StarTrack/Development/JazzGrooveAnalyzer/docs/scientific/rfc/JGA_WHOLE_TRACK_GROOVE_FROZEN_PIPELINE_001_20260921/WHOLE_TRACK_JOINED_EVENTS.csv,810dead183772c6ee3c2ffed01cb79b2a05045abb2aea4e4c8903c180932a4a5,c7efaf8d2029ed140d67b7cbfff1c23fd33e0ffcae18f285566266c063f78e1c,NEW_007,True
F_MIX_00548,110.65469387755103,DRUM_SUPPORTED,304,110.6895238095238,161.4990234374967,-34.82993197277000,PRIMARY,F_MIX_00548,/Users/StarTrack/Development/JazzGrooveAnalyzer/docs/scientific/rfc/JGA_WHOLE_TRACK_GROOVE_FROZEN_PIPELINE_001_20260921/WHOLE_TRACK_JOINED_EVENTS.csv,810dead183772c6ee3c2ffed01cb79b2a05045abb2aea4e4c8903c180932a4a5,c7efaf8d2029ed140d67b7cbfff1c23fd33e0ffcae18f285566266c063f78e1c,NEW_007,True
F_MIX_00549,110.7243537414966,DRUM_SUPPORTED,304,110.6895238095238,161.4990234374967,34.8299319728000,CONTEXT,F_MIX_00549,/Users/StarTrack/Development/JazzGrooveAnalyzer/docs/scientific/rfc/JGA_WHOLE_TRACK_GROOVE_FROZEN_PIPELINE_001_20260921/WHOLE_TRACK_JOINED_EVENTS.csv,810dead183772c6ee3c2ffed01cb79b2a05045abb2aea4e4c8903c180932a4a5,c7efaf8d2029ed140d67b7cbfff1c23fd33e0ffcae18f285566266c063f78e1c,NEW_007,True
F_MIX_00550,110.79401360544217,UNKNOWN,304,110.6895238095238,161.4990234374967,104.48979591837000,CONTEXT,F_MIX_00550,/Users/StarTrack/Development/JazzGrooveAnalyzer/docs/scientific/rfc/JGA_WHOLE_TRACK_GROOVE_FROZEN_PIPELINE_001_20260921/WHOLE_TRACK_JOINED_EVENTS.csv,810dead183772c6ee3c2ffed01cb79b2a05045abb2aea4e4c8903c180932a4a5,c7efaf8d2029ed140d67b7cbfff1c23fd33e0ffcae18f285566266c063f78e1c,NEW_007,True
F_MIX_00551,110.99138321995464,DRUM_SUPPORTED,305,111.06104308390023,161.49902343750287,-69.65986394559000,PRIMARY,F_MIX_00551,/Users/StarTrack/Development/JazzGrooveAnalyzer/docs/scientific/rfc/JGA_WHOLE_TRACK_GROOVE_FROZEN_PIPELINE_001_20260921/WHOLE_TRACK_JOINED_EVENTS.csv,810dead183772c6ee3c2ffed01cb79b2a05045abb2aea4e4c8903c180932a4a5,c7efaf8d2029ed140d67b7cbfff1c23fd33e0ffcae18f285566266c063f78e1c,NEW_007,True
F_MIX_00552,111.21197278911565,UNKNOWN,305,111.06104308390023,161.49902343750287,150.92970521542000,CONTEXT,F_MIX_00552,/Users/StarTrack/Development/JazzGrooveAnalyzer/docs/scientific/rfc/JGA_WHOLE_TRACK_GROOVE_FROZEN_PIPELINE_001_20260921/WHOLE_TRACK_JOINED_EVENTS.csv,810dead183772c6ee3c2ffed01cb79b2a05045abb2aea4e4c8903c180932a4a5,c7efaf8d2029ed140d67b7cbfff1c23fd33e0ffcae18f285566266c063f78e1c,NEW_007,True
F_MIX_00553,111.36290249433107,UNKNOWN,306,111.43256235827664,172.2656249999956,-69.65986394557000,CONTEXT,F_MIX_00553,/Users/StarTrack/Development/JazzGrooveAnalyzer/docs/scientific/rfc/JGA_WHOLE_TRACK_GROOVE_FROZEN_PIPELINE_001_20260921/WHOLE_TRACK_JOINED_EVENTS.csv,810dead183772c6ee3c2ffed01cb79b2a05045abb2aea4e4c8903c180932a4a5,c7efaf8d2029ed140d67b7cbfff1c23fd33e0ffcae18f285566266c063f78e1c,NEW_007,True
F_MIX_00554,111.46739229024944,DRUM_SUPPORTED,306,111.43256235827664,172.2656249999956,34.82993197280000,PRIMARY,F_MIX_00554,/Users/StarTrack/Development/JazzGrooveAnalyzer/docs/scientific/rfc/JGA_WHOLE_TRACK_GROOVE_FROZEN_PIPELINE_001_20260921/WHOLE_TRACK_JOINED_EVENTS.csv,810dead183772c6ee3c2ffed01cb79b2a05045abb2aea4e4c8903c180932a4a5,c7efaf8d2029ed140d67b7cbfff1c23fd33e0ffcae18f285566266c063f78e1c,NEW_007,True
F_MIX_00555,111.72281179138322,UNKNOWN,307,111.78086167800454,172.26562500000261,-58.04988662132000,CONTEXT,F_MIX_00555,/Users/StarTrack/Development/JazzGrooveAnalyzer/docs/scientific/rfc/JGA_WHOLE_TRACK_GROOVE_FROZEN_PIPELINE_001_20260921/WHOLE_TRACK_JOINED_EVENTS.csv,810dead183772c6ee3c2ffed01cb79b2a05045abb2aea4e4c8903c180932a4a5,c7efaf8d2029ed140d67b7cbfff1c23fd33e0ffcae18f285566266c063f78e1c,NEW_007,True
F_MIX_00556,111.82730158730159,DRUM_SUPPORTED,307,111.78086167800454,172.26562500000261,46.43990929705000,PRIMARY,F_MIX_00556,/Users/StarTrack/Development/JazzGrooveAnalyzer/docs/scientific/rfc/JGA_WHOLE_TRACK_GROOVE_FROZEN_PIPELINE_001_20260921/WHOLE_TRACK_JOINED_EVENTS.csv,810dead183772c6ee3c2ffed01cb79b2a05045abb2aea4e4c8903c180932a4a5,c7efaf8d2029ed140d67b7cbfff1c23fd33e0ffcae18f285566266c063f78e1c,NEW_007,True
F_MIX_00557,112.11755102040816,UNKNOWN,308,112.12916099773243,161.49902343750287,-11.60997732427000,PRIMARY,F_MIX_00557,/Users/StarTrack/Development/JazzGrooveAnalyzer/docs/scientific/rfc/JGA_WHOLE_TRACK_GROOVE_FROZEN_PIPELINE_001_20260921/WHOLE_TRACK_JOINED_EVENTS.csv,810dead183772c6ee3c2ffed01cb79b2a05045abb2aea4e4c8903c180932a4a5,c7efaf8d2029ed140d67b7cbfff1c23fd33e0ffcae18f285566266c063f78e1c,NEW_007,True
F_MIX_00558,112.198820861678,DRUM_SUPPORTED,308,112.12916099773243,161.49902343750287,69.65986394557000,CONTEXT,F_MIX_00558,/Users/StarTrack/Development/JazzGrooveAnalyzer/docs/scientific/rfc/JGA_WHOLE_TRACK_GROOVE_FROZEN_PIPELINE_001_20260921/WHOLE_TRACK_JOINED_EVENTS.csv,810dead183772c6ee3c2ffed01cb79b2a05045abb2aea4e4c8903c180932a4a5,c7efaf8d2029ed140d67b7cbfff1c23fd33e0ffcae18f285566266c063f78e1c,NEW_007,True
F_MIX_00559,112.51229024943311,DRUM_SUPPORTED,309,112.50068027210884,172.2656249999956,11.60997732427000,PRIMARY,F_MIX_00559,/Users/StarTrack/Development/JazzGrooveAnalyzer/docs/scientific/rfc/JGA_WHOLE_TRACK_GROOVE_FROZEN_PIPELINE_001_20260921/WHOLE_TRACK_JOINED_EVENTS.csv,810dead183772c6ee3c2ffed01cb79b2a05045abb2aea4e4c8903c180932a4a5,c7efaf8d2029ed140d67b7cbfff1c23fd33e0ffcae18f285566266c063f78e1c,NEW_007,True
F_MIX_00560,112.5471201814059,DRUM_SUPPORTED,309,112.50068027210884,172.2656249999956,46.43990929706000,CONTEXT,F_MIX_00560,/Users/StarTrack/Development/JazzGrooveAnalyzer/docs/scientific/rfc/JGA_WHOLE_TRACK_GROOVE_FROZEN_PIPELINE_001_20260921/WHOLE_TRACK_JOINED_EVENTS.csv,810dead183772c6ee3c2ffed01cb79b2a05045abb2aea4e4c8903c180932a4a5,c7efaf8d2029ed140d67b7cbfff1c23fd33e0ffcae18f285566266c063f78e1c,NEW_007,True
F_MIX_00561,112.80253968253969,UNKNOWN,310,112.84897959183674,161.49902343750287,-46.43990929705000,PRIMARY,F_MIX_00561,/Users/StarTrack/Development/JazzGrooveAnalyzer/docs/scientific/rfc/JGA_WHOLE_TRACK_GROOVE_FROZEN_PIPELINE_001_20260921/WHOLE_TRACK_JOINED_EVENTS.csv,810dead183772c6ee3c2ffed01cb79b2a05045abb2aea4e4c8903c180932a4a5,c7efaf8d2029ed140d67b7cbfff1c23fd33e0ffcae18f285566266c063f78e1c,NEW_007,True
F_MIX_00562,113.1740589569161,UNKNOWN,311,113.22049886621315,172.2656249999956,-46.43990929705000,PRIMARY,F_MIX_00562,/Users/StarTrack/Development/JazzGrooveAnalyzer/docs/scientific/rfc/JGA_WHOLE_TRACK_GROOVE_FROZEN_PIPELINE_001_20260921/WHOLE_TRACK_JOINED_EVENTS.csv,810dead183772c6ee3c2ffed01cb79b2a05045abb2aea4e4c8903c180932a4a5,c7efaf8d2029ed140d67b7cbfff1c23fd33e0ffcae18f285566266c063f78e1c,NEW_007,True
F_MIX_00563,113.27854875283447,DRUM_SUPPORTED,311,113.22049886621315,172.2656249999956,58.04988662132000,CONTEXT,F_MIX_00563,/Users/StarTrack/Development/JazzGrooveAnalyzer/docs/scientific/rfc/JGA_WHOLE_TRACK_GROOVE_FROZEN_PIPELINE_001_20260921/WHOLE_TRACK_JOINED_EVENTS.csv,810dead183772c6ee3c2ffed01cb79b2a05045abb2aea4e4c8903c180932a4a5,c7efaf8d2029ed140d67b7cbfff1c23fd33e0ffcae18f285566266c063f78e1c,NEW_007,True
F_MIX_00564,113.54557823129252,DRUM_SUPPORTED,312,113.56879818594105,161.49902343750287,-23.21995464853000,PRIMARY,F_MIX_00564,/Users/StarTrack/Development/JazzGrooveAnalyzer/docs/scientific/rfc/JGA_WHOLE_TRACK_GROOVE_FROZEN_PIPELINE_001_20260921/WHOLE_TRACK_JOINED_EVENTS.csv,810dead183772c6ee3c2ffed01cb79b2a05045abb2aea4e4c8903c180932a4a5,c7efaf8d2029ed140d67b7cbfff1c23fd33e0ffcae18f285566266c063f78e1c,NEW_007,True
F_MIX_00565,113.65006802721088,DRUM_SUPPORTED,312,113.56879818594105,161.49902343750287,81.26984126983000,CONTEXT,F_MIX_00565,/Users/StarTrack/Development/JazzGrooveAnalyzer/docs/scientific/rfc/JGA_WHOLE_TRACK_GROOVE_FROZEN_PIPELINE_001_20260921/WHOLE_TRACK_JOINED_EVENTS.csv,810dead183772c6ee3c2ffed01cb79b2a05045abb2aea4e4c8903c180932a4a5,c7efaf8d2029ed140d67b7cbfff1c23fd33e0ffcae18f285566266c063f78e1c,NEW_007,True
F_MIX_00566,113.90548752834466,UNKNOWN,313,113.94031746031746,161.4990234374967,-34.82993197280000,PRIMARY,F_MIX_00566,/Users/StarTrack/Development/JazzGrooveAnalyzer/docs/scientific/rfc/JGA_WHOLE_TRACK_GROOVE_FROZEN_PIPELINE_001_20260921/WHOLE_TRACK_JOINED_EVENTS.csv,810dead183772c6ee3c2ffed01cb79b2a05045abb2aea4e4c8903c180932a4a5,c7efaf8d2029ed140d67b7cbfff1c23fd33e0ffcae18f285566266c063f78e1c,NEW_007,True
F_MIX_00567,113.99836734693878,DRUM_SUPPORTED,313,113.94031746031746,161.4990234374967,58.04988662132000,CONTEXT,F_MIX_00567,/Users/StarTrack/Development/JazzGrooveAnalyzer/docs/scientific/rfc/JGA_WHOLE_TRACK_GROOVE_FROZEN_PIPELINE_001_20260921/WHOLE_TRACK_JOINED_EVENTS.csv,810dead183772c6ee3c2ffed01cb79b2a05045abb2aea4e4c8903c180932a4a5,c7efaf8d2029ed140d67b7cbfff1c23fd33e0ffcae18f285566266c063f78e1c,NEW_007,True
F_MIX_00568,114.2421768707483,UNKNOWN,314,114.31183673469388,172.26562500000261,-69.65986394558000,PRIMARY,F_MIX_00568,/Users/StarTrack/Development/JazzGrooveAnalyzer/docs/scientific/rfc/JGA_WHOLE_TRACK_GROOVE_FROZEN_PIPELINE_001_20260921/WHOLE_TRACK_JOINED_EVENTS.csv,810dead183772c6ee3c2ffed01cb79b2a05045abb2aea4e4c8903c180932a4a5,c7efaf8d2029ed140d67b7cbfff1c23fd33e0ffcae18f285566266c063f78e1c,NEW_007,True
F_MIX_00569,114.71818594104309,DRUM_SUPPORTED,315,114.66013605442177,161.49902343750287,58.04988662132000,PRIMARY,F_MIX_00569,/Users/StarTrack/Development/JazzGrooveAnalyzer/docs/scientific/rfc/JGA_WHOLE_TRACK_GROOVE_FROZEN_PIPELINE_001_20260921/WHOLE_TRACK_JOINED_EVENTS.csv,810dead183772c6ee3c2ffed01cb79b2a05045abb2aea4e4c8903c180932a4a5,c7efaf8d2029ed140d67b7cbfff1c23fd33e0ffcae18f285566266c063f78e1c,NEW_007,True
F_MIX_00570,114.97360544217688,DRUM_SUPPORTED,316,115.03165532879818,161.4990234374967,-58.04988662130000,CONTEXT,F_MIX_00570,/Users/StarTrack/Development/JazzGrooveAnalyzer/docs/scientific/rfc/JGA_WHOLE_TRACK_GROOVE_FROZEN_PIPELINE_001_20260921/WHOLE_TRACK_JOINED_EVENTS.csv,810dead183772c6ee3c2ffed01cb79b2a05045abb2aea4e4c8903c180932a4a5,c7efaf8d2029ed140d67b7cbfff1c23fd33e0ffcae18f285566266c063f78e1c,NEW_007,True
F_MIX_00571,115.06648526077097,BASS_AND_DRUM_SUPPORTED,316,115.03165532879818,161.4990234374967,34.82993197279000,PRIMARY,F_MIX_00571,/Users/StarTrack/Development/JazzGrooveAnalyzer/docs/scientific/rfc/JGA_WHOLE_TRACK_GROOVE_FROZEN_PIPELINE_001_20260921/WHOLE_TRACK_JOINED_EVENTS.csv,810dead183772c6ee3c2ffed01cb79b2a05045abb2aea4e4c8903c180932a4a5,c7efaf8d2029ed140d67b7cbfff1c23fd33e0ffcae18f285566266c063f78e1c,common_115_130,True
F_MIX_00572,115.43800453514739,BASS_AND_DRUM_SUPPORTED,317,115.4031746031746,161.49902343750287,34.82993197279000,PRIMARY,F_MIX_00572,/Users/StarTrack/Development/JazzGrooveAnalyzer/docs/scientific/rfc/JGA_WHOLE_TRACK_GROOVE_FROZEN_PIPELINE_001_20260921/WHOLE_TRACK_JOINED_EVENTS.csv,810dead183772c6ee3c2ffed01cb79b2a05045abb2aea4e4c8903c180932a4a5,c7efaf8d2029ed140d67b7cbfff1c23fd33e0ffcae18f285566266c063f78e1c,common_115_130,True
F_MIX_00573,115.79791383219954,BASS_AND_DRUM_SUPPORTED,318,115.77469387755102,161.4990234374967,23.21995464852000,PRIMARY,F_MIX_00573,/Users/StarTrack/Development/JazzGrooveAnalyzer/docs/scientific/rfc/JGA_WHOLE_TRACK_GROOVE_FROZEN_PIPELINE_001_20260921/WHOLE_TRACK_JOINED_EVENTS.csv,810dead183772c6ee3c2ffed01cb79b2a05045abb2aea4e4c8903c180932a4a5,c7efaf8d2029ed140d67b7cbfff1c23fd33e0ffcae18f285566266c063f78e1c,common_115_130,True
F_MIX_00574,116.08816326530612,UNKNOWN,319,116.14621315192744,161.49902343750287,-58.04988662132000,CONTEXT,F_MIX_00574,/Users/StarTrack/Development/JazzGrooveAnalyzer/docs/scientific/rfc/JGA_WHOLE_TRACK_GROOVE_FROZEN_PIPELINE_001_20260921/WHOLE_TRACK_JOINED_EVENTS.csv,810dead183772c6ee3c2ffed01cb79b2a05045abb2aea4e4c8903c180932a4a5,c7efaf8d2029ed140d67b7cbfff1c23fd33e0ffcae18f285566266c063f78e1c,common_115_130,True
F_MIX_00575,116.16943310657597,DRUM_SUPPORTED,319,116.14621315192744,161.49902343750287,23.21995464853000,PRIMARY,F_MIX_00575,/Users/StarTrack/Development/JazzGrooveAnalyzer/docs/scientific/rfc/JGA_WHOLE_TRACK_GROOVE_FROZEN_PIPELINE_001_20260921/WHOLE_TRACK_JOINED_EVENTS.csv,810dead183772c6ee3c2ffed01cb79b2a05045abb2aea4e4c8903c180932a4a5,c7efaf8d2029ed140d67b7cbfff1c23fd33e0ffcae18f285566266c063f78e1c,common_115_130,True
F_MIX_00576,116.5061224489796,BASS_AND_DRUM_SUPPORTED,320,116.51773242630385,161.4990234374967,-11.60997732425000,PRIMARY,F_MIX_00576,/Users/StarTrack/Development/JazzGrooveAnalyzer/docs/scientific/rfc/JGA_WHOLE_TRACK_GROOVE_FROZEN_PIPELINE_001_20260921/WHOLE_TRACK_JOINED_EVENTS.csv,810dead183772c6ee3c2ffed01cb79b2a05045abb2aea4e4c8903c180932a4a5,c7efaf8d2029ed140d67b7cbfff1c23fd33e0ffcae18f285566266c063f78e1c,common_115_130,True
F_MIX_00577,116.70349206349206,UNKNOWN,320,116.51773242630385,161.4990234374967,185.75963718821000,CONTEXT,F_MIX_00577,/Users/StarTrack/Development/JazzGrooveAnalyzer/docs/scientific/rfc/JGA_WHOLE_TRACK_GROOVE_FROZEN_PIPELINE_001_20260921/WHOLE_TRACK_JOINED_EVENTS.csv,810dead183772c6ee3c2ffed01cb79b2a05045abb2aea4e4c8903c180932a4a5,c7efaf8d2029ed140d67b7cbfff1c23fd33e0ffcae18f285566266c063f78e1c,common_115_130,True
F_MIX_00578,116.877641723356,BASS_AND_DRUM_SUPPORTED,321,116.88925170068028,161.49902343750287,-11.60997732428000,PRIMARY,F_MIX_00578,/Users/StarTrack/Development/JazzGrooveAnalyzer/docs/scientific/rfc/JGA_WHOLE_TRACK_GROOVE_FROZEN_PIPELINE_001_20260921/WHOLE_TRACK_JOINED_EVENTS.csv,810dead183772c6ee3c2ffed01cb79b2a05045abb2aea4e4c8903c180932a4a5,c7efaf8d2029ed140d67b7cbfff1c23fd33e0ffcae18f285566266c063f78e1c,common_115_130,True
F_MIX_00579,117.2259410430839,BASS_AND_DRUM_SUPPORTED,322,117.26077097505669,161.4990234374967,-34.82993197279000,CONTEXT,F_MIX_00579,/Users/StarTrack/Development/JazzGrooveAnalyzer/docs/scientific/rfc/JGA_WHOLE_TRACK_GROOVE_FROZEN_PIPELINE_001_20260921/WHOLE_TRACK_JOINED_EVENTS.csv,810dead183772c6ee3c2ffed01cb79b2a05045abb2aea4e4c8903c180932a4a5,c7efaf8d2029ed140d67b7cbfff1c23fd33e0ffcae18f285566266c063f78e1c,common_115_130,True
F_MIX_00580,117.26077097505669,DRUM_SUPPORTED,322,117.26077097505669,161.4990234374967,0E-14,PRIMARY,F_MIX_00580,/Users/StarTrack/Development/JazzGrooveAnalyzer/docs/scientific/rfc/JGA_WHOLE_TRACK_GROOVE_FROZEN_PIPELINE_001_20260921/WHOLE_TRACK_JOINED_EVENTS.csv,810dead183772c6ee3c2ffed01cb79b2a05045abb2aea4e4c8903c180932a4a5,c7efaf8d2029ed140d67b7cbfff1c23fd33e0ffcae18f285566266c063f78e1c,common_115_130,True
F_MIX_00581,117.51619047619047,UNKNOWN,323,117.63229024943311,161.49902343750287,-116.09977324264000,CONTEXT,F_MIX_00581,/Users/StarTrack/Development/JazzGrooveAnalyzer/docs/scientific/rfc/JGA_WHOLE_TRACK_GROOVE_FROZEN_PIPELINE_001_20260921/WHOLE_TRACK_JOINED_EVENTS.csv,810dead183772c6ee3c2ffed01cb79b2a05045abb2aea4e4c8903c180932a4a5,c7efaf8d2029ed140d67b7cbfff1c23fd33e0ffcae18f285566266c063f78e1c,common_115_130,True
F_MIX_00582,117.60907029478459,DRUM_SUPPORTED,323,117.63229024943311,161.49902343750287,-23.21995464852000,PRIMARY,F_MIX_00582,/Users/StarTrack/Development/JazzGrooveAnalyzer/docs/scientific/rfc/JGA_WHOLE_TRACK_GROOVE_FROZEN_PIPELINE_001_20260921/WHOLE_TRACK_JOINED_EVENTS.csv,810dead183772c6ee3c2ffed01cb79b2a05045abb2aea4e4c8903c180932a4a5,c7efaf8d2029ed140d67b7cbfff1c23fd33e0ffcae18f285566266c063f78e1c,common_115_130,True
F_MIX_00583,117.980589569161,BASS_AND_DRUM_SUPPORTED,324,118.00380952380952,161.4990234374967,-23.21995464852000,PRIMARY,F_MIX_00583,/Users/StarTrack/Development/JazzGrooveAnalyzer/docs/scientific/rfc/JGA_WHOLE_TRACK_GROOVE_FROZEN_PIPELINE_001_20260921/WHOLE_TRACK_JOINED_EVENTS.csv,810dead183772c6ee3c2ffed01cb79b2a05045abb2aea4e4c8903c180932a4a5,c7efaf8d2029ed140d67b7cbfff1c23fd33e0ffcae18f285566266c063f78e1c,common_115_130,True
F_MIX_00584,118.35210884353741,BASS_AND_DRUM_SUPPORTED,325,118.37532879818595,172.26562500000261,-23.21995464854000,PRIMARY,F_MIX_00584,/Users/StarTrack/Development/JazzGrooveAnalyzer/docs/scientific/rfc/JGA_WHOLE_TRACK_GROOVE_FROZEN_PIPELINE_001_20260921/WHOLE_TRACK_JOINED_EVENTS.csv,810dead183772c6ee3c2ffed01cb79b2a05045abb2aea4e4c8903c180932a4a5,c7efaf8d2029ed140d67b7cbfff1c23fd33e0ffcae18f285566266c063f78e1c,common_115_130,True
F_MIX_00585,118.64235827664399,UNKNOWN,326,118.72362811791383,161.49902343750287,-81.26984126984000,CONTEXT,F_MIX_00585,/Users/StarTrack/Development/JazzGrooveAnalyzer/docs/scientific/rfc/JGA_WHOLE_TRACK_GROOVE_FROZEN_PIPELINE_001_20260921/WHOLE_TRACK_JOINED_EVENTS.csv,810dead183772c6ee3c2ffed01cb79b2a05045abb2aea4e4c8903c180932a4a5,c7efaf8d2029ed140d67b7cbfff1c23fd33e0ffcae18f285566266c063f78e1c,common_115_130,True
F_MIX_00586,118.72362811791383,BASS_AND_DRUM_SUPPORTED,326,118.72362811791383,161.49902343750287,0E-14,PRIMARY,F_MIX_00586,/Users/StarTrack/Development/JazzGrooveAnalyzer/docs/scientific/rfc/JGA_WHOLE_TRACK_GROOVE_FROZEN_PIPELINE_001_20260921/WHOLE_TRACK_JOINED_EVENTS.csv,810dead183772c6ee3c2ffed01cb79b2a05045abb2aea4e4c8903c180932a4a5,c7efaf8d2029ed140d67b7cbfff1c23fd33e0ffcae18f285566266c063f78e1c,common_115_130,True
F_MIX_00587,119.06031746031746,BASS_AND_DRUM_SUPPORTED,327,119.09514739229024,172.2656249999956,-34.82993197278000,CONTEXT,F_MIX_00587,/Users/StarTrack/Development/JazzGrooveAnalyzer/docs/scientific/rfc/JGA_WHOLE_TRACK_GROOVE_FROZEN_PIPELINE_001_20260921/WHOLE_TRACK_JOINED_EVENTS.csv,810dead183772c6ee3c2ffed01cb79b2a05045abb2aea4e4c8903c180932a4a5,c7efaf8d2029ed140d67b7cbfff1c23fd33e0ffcae18f285566266c063f78e1c,common_115_130,True
F_MIX_00588,119.09514739229024,DRUM_SUPPORTED,327,119.09514739229024,172.2656249999956,0E-14,PRIMARY,F_MIX_00588,/Users/StarTrack/Development/JazzGrooveAnalyzer/docs/scientific/rfc/JGA_WHOLE_TRACK_GROOVE_FROZEN_PIPELINE_001_20260921/WHOLE_TRACK_JOINED_EVENTS.csv,810dead183772c6ee3c2ffed01cb79b2a05045abb2aea4e4c8903c180932a4a5,c7efaf8d2029ed140d67b7cbfff1c23fd33e0ffcae18f285566266c063f78e1c,common_115_130,True
F_MIX_00589,119.44344671201814,DRUM_SUPPORTED,328,119.44344671201814,161.49902343750287,0E-14,PRIMARY,F_MIX_00589,/Users/StarTrack/Development/JazzGrooveAnalyzer/docs/scientific/rfc/JGA_WHOLE_TRACK_GROOVE_FROZEN_PIPELINE_001_20260921/WHOLE_TRACK_JOINED_EVENTS.csv,810dead183772c6ee3c2ffed01cb79b2a05045abb2aea4e4c8903c180932a4a5,c7efaf8d2029ed140d67b7cbfff1c23fd33e0ffcae18f285566266c063f78e1c,common_115_130,True
F_MIX_00590,119.58276643990929,UNKNOWN,328,119.44344671201814,161.49902343750287,139.31972789115000,CONTEXT,F_MIX_00590,/Users/StarTrack/Development/JazzGrooveAnalyzer/docs/scientific/rfc/JGA_WHOLE_TRACK_GROOVE_FROZEN_PIPELINE_001_20260921/WHOLE_TRACK_JOINED_EVENTS.csv,810dead183772c6ee3c2ffed01cb79b2a05045abb2aea4e4c8903c180932a4a5,c7efaf8d2029ed140d67b7cbfff1c23fd33e0ffcae18f285566266c063f78e1c,common_115_130,True
F_MIX_00591,119.8033560090703,BASS_AND_DRUM_SUPPORTED,329,119.81496598639455,172.2656249999956,-11.60997732425000,PRIMARY,F_MIX_00591,/Users/StarTrack/Development/JazzGrooveAnalyzer/docs/scientific/rfc/JGA_WHOLE_TRACK_GROOVE_FROZEN_PIPELINE_001_20260921/WHOLE_TRACK_JOINED_EVENTS.csv,810dead183772c6ee3c2ffed01cb79b2a05045abb2aea4e4c8903c180932a4a5,c7efaf8d2029ed140d67b7cbfff1c23fd33e0ffcae18f285566266c063f78e1c,common_115_130,True
F_MIX_00592,120.07038548752834,BASS_AND_DRUM_SUPPORTED,330,120.16326530612245,161.49902343750287,-92.87981859411000,PRIMARY,F_MIX_00592,/Users/StarTrack/Development/JazzGrooveAnalyzer/docs/scientific/rfc/JGA_WHOLE_TRACK_GROOVE_FROZEN_PIPELINE_001_20260921/WHOLE_TRACK_JOINED_EVENTS.csv,810dead183772c6ee3c2ffed01cb79b2a05045abb2aea4e4c8903c180932a4a5,c7efaf8d2029ed140d67b7cbfff1c23fd33e0ffcae18f285566266c063f78e1c,common_115_130,True
F_MIX_00593,120.3025850340136,UNKNOWN,330,120.16326530612245,161.49902343750287,139.31972789115000,CONTEXT,F_MIX_00593,/Users/StarTrack/Development/JazzGrooveAnalyzer/docs/scientific/rfc/JGA_WHOLE_TRACK_GROOVE_FROZEN_PIPELINE_001_20260921/WHOLE_TRACK_JOINED_EVENTS.csv,810dead183772c6ee3c2ffed01cb79b2a05045abb2aea4e4c8903c180932a4a5,c7efaf8d2029ed140d67b7cbfff1c23fd33e0ffcae18f285566266c063f78e1c,common_115_130,True
F_MIX_00594,120.52317460317461,DRUM_SUPPORTED,331,120.53478458049887,172.26562500000261,-11.60997732426000,PRIMARY,F_MIX_00594,/Users/StarTrack/Development/JazzGrooveAnalyzer/docs/scientific/rfc/JGA_WHOLE_TRACK_GROOVE_FROZEN_PIPELINE_001_20260921/WHOLE_TRACK_JOINED_EVENTS.csv,810dead183772c6ee3c2ffed01cb79b2a05045abb2aea4e4c8903c180932a4a5,c7efaf8d2029ed140d67b7cbfff1c23fd33e0ffcae18f285566266c063f78e1c,common_115_130,True
F_MIX_00595,120.80181405895692,UNKNOWN,332,120.88308390022675,161.4990234374967,-81.26984126983000,PRIMARY,F_MIX_00595,/Users/StarTrack/Development/JazzGrooveAnalyzer/docs/scientific/rfc/JGA_WHOLE_TRACK_GROOVE_FROZEN_PIPELINE_001_20260921/WHOLE_TRACK_JOINED_EVENTS.csv,810dead183772c6ee3c2ffed01cb79b2a05045abb2aea4e4c8903c180932a4a5,c7efaf8d2029ed140d67b7cbfff1c23fd33e0ffcae18f285566266c063f78e1c,common_115_130,True
F_MIX_00596,121.1849433106576,UNKNOWN,333,121.25460317460318,172.26562500000261,-69.65986394558000,CONTEXT,F_MIX_00596,/Users/StarTrack/Development/JazzGrooveAnalyzer/docs/scientific/rfc/JGA_WHOLE_TRACK_GROOVE_FROZEN_PIPELINE_001_20260921/WHOLE_TRACK_JOINED_EVENTS.csv,810dead183772c6ee3c2ffed01cb79b2a05045abb2aea4e4c8903c180932a4a5,c7efaf8d2029ed140d67b7cbfff1c23fd33e0ffcae18f285566266c063f78e1c,common_115_130,True
F_MIX_00597,121.25460317460318,BASS_AND_DRUM_SUPPORTED,333,121.25460317460318,172.26562500000261,0E-14,PRIMARY,F_MIX_00597,/Users/StarTrack/Development/JazzGrooveAnalyzer/docs/scientific/rfc/JGA_WHOLE_TRACK_GROOVE_FROZEN_PIPELINE_001_20260921/WHOLE_TRACK_JOINED_EVENTS.csv,810dead183772c6ee3c2ffed01cb79b2a05045abb2aea4e4c8903c180932a4a5,c7efaf8d2029ed140d67b7cbfff1c23fd33e0ffcae18f285566266c063f78e1c,common_115_130,True
F_MIX_00598,121.61451247165533,BASS_AND_DRUM_SUPPORTED,334,121.60290249433106,161.4990234374967,11.60997732427000,PRIMARY,F_MIX_00598,/Users/StarTrack/Development/JazzGrooveAnalyzer/docs/scientific/rfc/JGA_WHOLE_TRACK_GROOVE_FROZEN_PIPELINE_001_20260921/WHOLE_TRACK_JOINED_EVENTS.csv,810dead183772c6ee3c2ffed01cb79b2a05045abb2aea4e4c8903c180932a4a5,c7efaf8d2029ed140d67b7cbfff1c23fd33e0ffcae18f285566266c063f78e1c,common_115_130,True
F_MIX_00599,121.9047619047619,UNKNOWN,335,121.97442176870749,172.26562500000261,-69.65986394559000,CONTEXT,F_MIX_00599,/Users/StarTrack/Development/JazzGrooveAnalyzer/docs/scientific/rfc/JGA_WHOLE_TRACK_GROOVE_FROZEN_PIPELINE_001_20260921/WHOLE_TRACK_JOINED_EVENTS.csv,810dead183772c6ee3c2ffed01cb79b2a05045abb2aea4e4c8903c180932a4a5,c7efaf8d2029ed140d67b7cbfff1c23fd33e0ffcae18f285566266c063f78e1c,common_115_130,True
F_MIX_00600,121.97442176870749,BASS_AND_DRUM_SUPPORTED,335,121.97442176870749,172.26562500000261,0E-14,PRIMARY,F_MIX_00600,/Users/StarTrack/Development/JazzGrooveAnalyzer/docs/scientific/rfc/JGA_WHOLE_TRACK_GROOVE_FROZEN_PIPELINE_001_20260921/WHOLE_TRACK_JOINED_EVENTS.csv,810dead183772c6ee3c2ffed01cb79b2a05045abb2aea4e4c8903c180932a4a5,c7efaf8d2029ed140d67b7cbfff1c23fd33e0ffcae18f285566266c063f78e1c,common_115_130,True
F_MIX_00601,122.24145124716553,UNKNOWN,336,122.32272108843537,161.4990234374967,-81.26984126984000,CONTEXT,F_MIX_00601,/Users/StarTrack/Development/JazzGrooveAnalyzer/docs/scientific/rfc/JGA_WHOLE_TRACK_GROOVE_FROZEN_PIPELINE_001_20260921/WHOLE_TRACK_JOINED_EVENTS.csv,810dead183772c6ee3c2ffed01cb79b2a05045abb2aea4e4c8903c180932a4a5,c7efaf8d2029ed140d67b7cbfff1c23fd33e0ffcae18f285566266c063f78e1c,common_115_130,True
F_MIX_00602,122.33433106575964,BASS_AND_DRUM_SUPPORTED,336,122.32272108843537,161.4990234374967,11.60997732427000,PRIMARY,F_MIX_00602,/Users/StarTrack/Development/JazzGrooveAnalyzer/docs/scientific/rfc/JGA_WHOLE_TRACK_GROOVE_FROZEN_PIPELINE_001_20260921/WHOLE_TRACK_JOINED_EVENTS.csv,810dead183772c6ee3c2ffed01cb79b2a05045abb2aea4e4c8903c180932a4a5,c7efaf8d2029ed140d67b7cbfff1c23fd33e0ffcae18f285566266c063f78e1c,common_115_130,True
F_MIX_00603,122.70585034013605,BASS_AND_DRUM_SUPPORTED,337,122.6942403628118,161.49902343750287,11.60997732425000,PRIMARY,F_MIX_00603,/Users/StarTrack/Development/JazzGrooveAnalyzer/docs/scientific/rfc/JGA_WHOLE_TRACK_GROOVE_FROZEN_PIPELINE_001_20260921/WHOLE_TRACK_JOINED_EVENTS.csv,810dead183772c6ee3c2ffed01cb79b2a05045abb2aea4e4c8903c180932a4a5,c7efaf8d2029ed140d67b7cbfff1c23fd33e0ffcae18f285566266c063f78e1c,common_115_130,True
F_MIX_00604,123.05414965986395,BASS_AND_DRUM_SUPPORTED,338,123.06575963718821,172.26562500000261,-11.60997732426000,PRIMARY,F_MIX_00604,/Users/StarTrack/Development/JazzGrooveAnalyzer/docs/scientific/rfc/JGA_WHOLE_TRACK_GROOVE_FROZEN_PIPELINE_001_20260921/WHOLE_TRACK_JOINED_EVENTS.csv,810dead183772c6ee3c2ffed01cb79b2a05045abb2aea4e4c8903c180932a4a5,c7efaf8d2029ed140d67b7cbfff1c23fd33e0ffcae18f285566266c063f78e1c,common_115_130,True
F_MIX_00605,123.33278911564626,DRUM_SUPPORTED,339,123.4140589569161,161.4990234374967,-81.26984126984000,CONTEXT,F_MIX_00605,/Users/StarTrack/Development/JazzGrooveAnalyzer/docs/scientific/rfc/JGA_WHOLE_TRACK_GROOVE_FROZEN_PIPELINE_001_20260921/WHOLE_TRACK_JOINED_EVENTS.csv,810dead183772c6ee3c2ffed01cb79b2a05045abb2aea4e4c8903c180932a4a5,c7efaf8d2029ed140d67b7cbfff1c23fd33e0ffcae18f285566266c063f78e1c,common_115_130,True
F_MIX_00606,123.42566893424036,BASS_AND_DRUM_SUPPORTED,339,123.4140589569161,161.4990234374967,11.60997732426000,PRIMARY,F_MIX_00606,/Users/StarTrack/Development/JazzGrooveAnalyzer/docs/scientific/rfc/JGA_WHOLE_TRACK_GROOVE_FROZEN_PIPELINE_001_20260921/WHOLE_TRACK_JOINED_EVENTS.csv,810dead183772c6ee3c2ffed01cb79b2a05045abb2aea4e4c8903c180932a4a5,c7efaf8d2029ed140d67b7cbfff1c23fd33e0ffcae18f285566266c063f78e1c,common_115_130,True
F_MIX_00607,123.7275283446712,UNKNOWN,340,123.78557823129252,172.26562500000261,-58.04988662132000,CONTEXT,F_MIX_00607,/Users/StarTrack/Development/JazzGrooveAnalyzer/docs/scientific/rfc/JGA_WHOLE_TRACK_GROOVE_FROZEN_PIPELINE_001_20260921/WHOLE_TRACK_JOINED_EVENTS.csv,810dead183772c6ee3c2ffed01cb79b2a05045abb2aea4e4c8903c180932a4a5,c7efaf8d2029ed140d67b7cbfff1c23fd33e0ffcae18f285566266c063f78e1c,common_115_130,True
F_MIX_00608,123.79718820861677,BASS_AND_DRUM_SUPPORTED,340,123.78557823129252,172.26562500000261,11.60997732425000,PRIMARY,F_MIX_00608,/Users/StarTrack/Development/JazzGrooveAnalyzer/docs/scientific/rfc/JGA_WHOLE_TRACK_GROOVE_FROZEN_PIPELINE_001_20260921/WHOLE_TRACK_JOINED_EVENTS.csv,810dead183772c6ee3c2ffed01cb79b2a05045abb2aea4e4c8903c180932a4a5,c7efaf8d2029ed140d67b7cbfff1c23fd33e0ffcae18f285566266c063f78e1c,common_115_130,True
F_MIX_00609,124.09904761904762,UNKNOWN,341,124.1338775510204,161.4990234374967,-34.82993197278000,CONTEXT,F_MIX_00609,/Users/StarTrack/Development/JazzGrooveAnalyzer/docs/scientific/rfc/JGA_WHOLE_TRACK_GROOVE_FROZEN_PIPELINE_001_20260921/WHOLE_TRACK_JOINED_EVENTS.csv,810dead183772c6ee3c2ffed01cb79b2a05045abb2aea4e4c8903c180932a4a5,c7efaf8d2029ed140d67b7cbfff1c23fd33e0ffcae18f285566266c063f78e1c,common_115_130,True
F_MIX_00610,124.15709750566893,BASS_AND_DRUM_SUPPORTED,341,124.1338775510204,161.4990234374967,23.21995464853000,PRIMARY,F_MIX_00610,/Users/StarTrack/Development/JazzGrooveAnalyzer/docs/scientific/rfc/JGA_WHOLE_TRACK_GROOVE_FROZEN_PIPELINE_001_20260921/WHOLE_TRACK_JOINED_EVENTS.csv,810dead183772c6ee3c2ffed01cb79b2a05045abb2aea4e4c8903c180932a4a5,c7efaf8d2029ed140d67b7cbfff1c23fd33e0ffcae18f285566266c063f78e1c,common_115_130,True
F_MIX_00611,124.42412698412699,DRUM_SUPPORTED,342,124.50539682539683,172.26562500000261,-81.26984126984000,CONTEXT,F_MIX_00611,/Users/StarTrack/Development/JazzGrooveAnalyzer/docs/scientific/rfc/JGA_WHOLE_TRACK_GROOVE_FROZEN_PIPELINE_001_20260921/WHOLE_TRACK_JOINED_EVENTS.csv,810dead183772c6ee3c2ffed01cb79b2a05045abb2aea4e4c8903c180932a4a5,c7efaf8d2029ed140d67b7cbfff1c23fd33e0ffcae18f285566266c063f78e1c,common_115_130,True
F_MIX_00612,124.52861678004535,BASS_AND_DRUM_SUPPORTED,342,124.50539682539683,172.26562500000261,23.21995464852000,PRIMARY,F_MIX_00612,/Users/StarTrack/Development/JazzGrooveAnalyzer/docs/scientific/rfc/JGA_WHOLE_TRACK_GROOVE_FROZEN_PIPELINE_001_20260921/WHOLE_TRACK_JOINED_EVENTS.csv,810dead183772c6ee3c2ffed01cb79b2a05045abb2aea4e4c8903c180932a4a5,c7efaf8d2029ed140d67b7cbfff1c23fd33e0ffcae18f285566266c063f78e1c,common_115_130,True
F_MIX_00613,124.87691609977324,BASS_AND_DRUM_SUPPORTED,343,124.85369614512472,161.4990234374967,23.21995464852000,PRIMARY,F_MIX_00613,/Users/StarTrack/Development/JazzGrooveAnalyzer/docs/scientific/rfc/JGA_WHOLE_TRACK_GROOVE_FROZEN_PIPELINE_001_20260921/WHOLE_TRACK_JOINED_EVENTS.csv,810dead183772c6ee3c2ffed01cb79b2a05045abb2aea4e4c8903c180932a4a5,c7efaf8d2029ed140d67b7cbfff1c23fd33e0ffcae18f285566266c063f78e1c,common_115_130,True
F_MIX_00614,125.17877551020408,UNKNOWN,344,125.22521541950114,172.26562500000261,-46.43990929706000,CONTEXT,F_MIX_00614,/Users/StarTrack/Development/JazzGrooveAnalyzer/docs/scientific/rfc/JGA_WHOLE_TRACK_GROOVE_FROZEN_PIPELINE_001_20260921/WHOLE_TRACK_JOINED_EVENTS.csv,810dead183772c6ee3c2ffed01cb79b2a05045abb2aea4e4c8903c180932a4a5,c7efaf8d2029ed140d67b7cbfff1c23fd33e0ffcae18f285566266c063f78e1c,common_115_130,True
F_MIX_00615,125.2368253968254,BASS_AND_DRUM_SUPPORTED,344,125.22521541950114,172.26562500000261,11.60997732426000,PRIMARY,F_MIX_00615,/Users/StarTrack/Development/JazzGrooveAnalyzer/docs/scientific/rfc/JGA_WHOLE_TRACK_GROOVE_FROZEN_PIPELINE_001_20260921/WHOLE_TRACK_JOINED_EVENTS.csv,810dead183772c6ee3c2ffed01cb79b2a05045abb2aea4e4c8903c180932a4a5,c7efaf8d2029ed140d67b7cbfff1c23fd33e0ffcae18f285566266c063f78e1c,common_115_130,True
F_MIX_00616,125.58512471655328,BASS_AND_DRUM_SUPPORTED,345,125.57351473922903,161.49902343750287,11.60997732425000,PRIMARY,F_MIX_00616,/Users/StarTrack/Development/JazzGrooveAnalyzer/docs/scientific/rfc/JGA_WHOLE_TRACK_GROOVE_FROZEN_PIPELINE_001_20260921/WHOLE_TRACK_JOINED_EVENTS.csv,810dead183772c6ee3c2ffed01cb79b2a05045abb2aea4e4c8903c180932a4a5,c7efaf8d2029ed140d67b7cbfff1c23fd33e0ffcae18f285566266c063f78e1c,common_115_130,True
F_MIX_00617,125.85215419501134,DRUM_SUPPORTED,346,125.94503401360544,172.2656249999956,-92.87981859410000,CONTEXT,F_MIX_00617,/Users/StarTrack/Development/JazzGrooveAnalyzer/docs/scientific/rfc/JGA_WHOLE_TRACK_GROOVE_FROZEN_PIPELINE_001_20260921/WHOLE_TRACK_JOINED_EVENTS.csv,810dead183772c6ee3c2ffed01cb79b2a05045abb2aea4e4c8903c180932a4a5,c7efaf8d2029ed140d67b7cbfff1c23fd33e0ffcae18f285566266c063f78e1c,common_115_130,True
F_MIX_00618,125.9914739229025,BASS_SUPPORTED,346,125.94503401360544,172.2656249999956,46.43990929706000,PRIMARY,F_MIX_00618,/Users/StarTrack/Development/JazzGrooveAnalyzer/docs/scientific/rfc/JGA_WHOLE_TRACK_GROOVE_FROZEN_PIPELINE_001_20260921/WHOLE_TRACK_JOINED_EVENTS.csv,810dead183772c6ee3c2ffed01cb79b2a05045abb2aea4e4c8903c180932a4a5,c7efaf8d2029ed140d67b7cbfff1c23fd33e0ffcae18f285566266c063f78e1c,common_115_130,True
F_MIX_00619,126.23528344671202,UNKNOWN,347,126.29333333333334,161.49902343750287,-58.04988662132000,CONTEXT,F_MIX_00619,/Users/StarTrack/Development/JazzGrooveAnalyzer/docs/scientific/rfc/JGA_WHOLE_TRACK_GROOVE_FROZEN_PIPELINE_001_20260921/WHOLE_TRACK_JOINED_EVENTS.csv,810dead183772c6ee3c2ffed01cb79b2a05045abb2aea4e4c8903c180932a4a5,c7efaf8d2029ed140d67b7cbfff1c23fd33e0ffcae18f285566266c063f78e1c,common_115_130,True
F_MIX_00620,126.30494331065759,BASS_AND_DRUM_SUPPORTED,347,126.29333333333334,161.49902343750287,11.60997732425000,PRIMARY,F_MIX_00620,/Users/StarTrack/Development/JazzGrooveAnalyzer/docs/scientific/rfc/JGA_WHOLE_TRACK_GROOVE_FROZEN_PIPELINE_001_20260921/WHOLE_TRACK_JOINED_EVENTS.csv,810dead183772c6ee3c2ffed01cb79b2a05045abb2aea4e4c8903c180932a4a5,c7efaf8d2029ed140d67b7cbfff1c23fd33e0ffcae18f285566266c063f78e1c,common_115_130,True
F_MIX_00621,126.65324263038549,BASS_AND_DRUM_SUPPORTED,348,126.66485260770975,172.2656249999956,-11.60997732426000,PRIMARY,F_MIX_00621,/Users/StarTrack/Development/JazzGrooveAnalyzer/docs/scientific/rfc/JGA_WHOLE_TRACK_GROOVE_FROZEN_PIPELINE_001_20260921/WHOLE_TRACK_JOINED_EVENTS.csv,810dead183772c6ee3c2ffed01cb79b2a05045abb2aea4e4c8903c180932a4a5,c7efaf8d2029ed140d67b7cbfff1c23fd33e0ffcae18f285566266c063f78e1c,common_115_130,True
F_MIX_00622,126.69968253968254,DRUM_SUPPORTED,348,126.66485260770975,172.2656249999956,34.82993197279000,CONTEXT,F_MIX_00622,/Users/StarTrack/Development/JazzGrooveAnalyzer/docs/scientific/rfc/JGA_WHOLE_TRACK_GROOVE_FROZEN_PIPELINE_001_20260921/WHOLE_TRACK_JOINED_EVENTS.csv,810dead183772c6ee3c2ffed01cb79b2a05045abb2aea4e4c8903c180932a4a5,c7efaf8d2029ed140d67b7cbfff1c23fd33e0ffcae18f285566266c063f78e1c,common_115_130,True
F_MIX_00623,126.9318820861678,UNKNOWN,349,127.01315192743765,172.26562500000261,-81.26984126985000,CONTEXT,F_MIX_00623,/Users/StarTrack/Development/JazzGrooveAnalyzer/docs/scientific/rfc/JGA_WHOLE_TRACK_GROOVE_FROZEN_PIPELINE_001_20260921/WHOLE_TRACK_JOINED_EVENTS.csv,810dead183772c6ee3c2ffed01cb79b2a05045abb2aea4e4c8903c180932a4a5,c7efaf8d2029ed140d67b7cbfff1c23fd33e0ffcae18f285566266c063f78e1c,common_115_130,True
F_MIX_00624,127.0247619047619,DRUM_SUPPORTED,349,127.01315192743765,172.26562500000261,11.60997732425000,PRIMARY,F_MIX_00624,/Users/StarTrack/Development/JazzGrooveAnalyzer/docs/scientific/rfc/JGA_WHOLE_TRACK_GROOVE_FROZEN_PIPELINE_001_20260921/WHOLE_TRACK_JOINED_EVENTS.csv,810dead183772c6ee3c2ffed01cb79b2a05045abb2aea4e4c8903c180932a4a5,c7efaf8d2029ed140d67b7cbfff1c23fd33e0ffcae18f285566266c063f78e1c,common_115_130,True
F_MIX_00625,127.29179138321996,DRUM_SUPPORTED,350,127.36145124716553,161.49902343750287,-69.65986394557000,CONTEXT,F_MIX_00625,/Users/StarTrack/Development/JazzGrooveAnalyzer/docs/scientific/rfc/JGA_WHOLE_TRACK_GROOVE_FROZEN_PIPELINE_001_20260921/WHOLE_TRACK_JOINED_EVENTS.csv,810dead183772c6ee3c2ffed01cb79b2a05045abb2aea4e4c8903c180932a4a5,c7efaf8d2029ed140d67b7cbfff1c23fd33e0ffcae18f285566266c063f78e1c,common_115_130,True
F_MIX_00626,127.39628117913833,DRUM_SUPPORTED,350,127.36145124716553,161.49902343750287,34.82993197280000,PRIMARY,F_MIX_00626,/Users/StarTrack/Development/JazzGrooveAnalyzer/docs/scientific/rfc/JGA_WHOLE_TRACK_GROOVE_FROZEN_PIPELINE_001_20260921/WHOLE_TRACK_JOINED_EVENTS.csv,810dead183772c6ee3c2ffed01cb79b2a05045abb2aea4e4c8903c180932a4a5,c7efaf8d2029ed140d67b7cbfff1c23fd33e0ffcae18f285566266c063f78e1c,common_115_130,True
F_MIX_00627,127.65170068027211,UNKNOWN,351,127.73297052154194,172.26562500000261,-81.26984126983000,CONTEXT,F_MIX_00627,/Users/StarTrack/Development/JazzGrooveAnalyzer/docs/scientific/rfc/JGA_WHOLE_TRACK_GROOVE_FROZEN_PIPELINE_001_20260921/WHOLE_TRACK_JOINED_EVENTS.csv,810dead183772c6ee3c2ffed01cb79b2a05045abb2aea4e4c8903c180932a4a5,c7efaf8d2029ed140d67b7cbfff1c23fd33e0ffcae18f285566266c063f78e1c,common_115_130,True
F_MIX_00628,127.74458049886621,DRUM_SUPPORTED,351,127.73297052154194,172.26562500000261,11.60997732427000,PRIMARY,F_MIX_00628,/Users/StarTrack/Development/JazzGrooveAnalyzer/docs/scientific/rfc/JGA_WHOLE_TRACK_GROOVE_FROZEN_PIPELINE_001_20260921/WHOLE_TRACK_JOINED_EVENTS.csv,810dead183772c6ee3c2ffed01cb79b2a05045abb2aea4e4c8903c180932a4a5,c7efaf8d2029ed140d67b7cbfff1c23fd33e0ffcae18f285566266c063f78e1c,common_115_130,True
F_MIX_00629,128.02321995464854,UNKNOWN,352,128.08126984126983,161.4990234374967,-58.04988662129000,CONTEXT,F_MIX_00629,/Users/StarTrack/Development/JazzGrooveAnalyzer/docs/scientific/rfc/JGA_WHOLE_TRACK_GROOVE_FROZEN_PIPELINE_001_20260921/WHOLE_TRACK_JOINED_EVENTS.csv,810dead183772c6ee3c2ffed01cb79b2a05045abb2aea4e4c8903c180932a4a5,c7efaf8d2029ed140d67b7cbfff1c23fd33e0ffcae18f285566266c063f78e1c,common_115_130,True
F_MIX_00630,128.1277097505669,DRUM_SUPPORTED,352,128.08126984126983,161.4990234374967,46.43990929707000,PRIMARY,F_MIX_00630,/Users/StarTrack/Development/JazzGrooveAnalyzer/docs/scientific/rfc/JGA_WHOLE_TRACK_GROOVE_FROZEN_PIPELINE_001_20260921/WHOLE_TRACK_JOINED_EVENTS.csv,810dead183772c6ee3c2ffed01cb79b2a05045abb2aea4e4c8903c180932a4a5,c7efaf8d2029ed140d67b7cbfff1c23fd33e0ffcae18f285566266c063f78e1c,common_115_130,True
F_MIX_00631,128.3831292517007,UNKNOWN,353,128.45278911564625,172.26562500000261,-69.65986394555000,CONTEXT,F_MIX_00631,/Users/StarTrack/Development/JazzGrooveAnalyzer/docs/scientific/rfc/JGA_WHOLE_TRACK_GROOVE_FROZEN_PIPELINE_001_20260921/WHOLE_TRACK_JOINED_EVENTS.csv,810dead183772c6ee3c2ffed01cb79b2a05045abb2aea4e4c8903c180932a4a5,c7efaf8d2029ed140d67b7cbfff1c23fd33e0ffcae18f285566266c063f78e1c,common_115_130,True
F_MIX_00632,128.4992290249433,DRUM_SUPPORTED,353,128.45278911564625,172.26562500000261,46.43990929705000,PRIMARY,F_MIX_00632,/Users/StarTrack/Development/JazzGrooveAnalyzer/docs/scientific/rfc/JGA_WHOLE_TRACK_GROOVE_FROZEN_PIPELINE_001_20260921/WHOLE_TRACK_JOINED_EVENTS.csv,810dead183772c6ee3c2ffed01cb79b2a05045abb2aea4e4c8903c180932a4a5,c7efaf8d2029ed140d67b7cbfff1c23fd33e0ffcae18f285566266c063f78e1c,common_115_130,True
F_MIX_00633,128.74303854875282,UNKNOWN,354,128.80108843537414,161.4990234374967,-58.04988662132000,PRIMARY,F_MIX_00633,/Users/StarTrack/Development/JazzGrooveAnalyzer/docs/scientific/rfc/JGA_WHOLE_TRACK_GROOVE_FROZEN_PIPELINE_001_20260921/WHOLE_TRACK_JOINED_EVENTS.csv,810dead183772c6ee3c2ffed01cb79b2a05045abb2aea4e4c8903c180932a4a5,c7efaf8d2029ed140d67b7cbfff1c23fd33e0ffcae18f285566266c063f78e1c,common_115_130,True
F_MIX_00634,128.87074829931973,UNKNOWN,354,128.80108843537414,161.4990234374967,69.65986394559000,CONTEXT,F_MIX_00634,/Users/StarTrack/Development/JazzGrooveAnalyzer/docs/scientific/rfc/JGA_WHOLE_TRACK_GROOVE_FROZEN_PIPELINE_001_20260921/WHOLE_TRACK_JOINED_EVENTS.csv,810dead183772c6ee3c2ffed01cb79b2a05045abb2aea4e4c8903c180932a4a5,c7efaf8d2029ed140d67b7cbfff1c23fd33e0ffcae18f285566266c063f78e1c,common_115_130,True
F_MIX_00635,129.20743764172335,DRUM_SUPPORTED,355,129.17260770975057,172.26562500000261,34.82993197278000,PRIMARY,F_MIX_00635,/Users/StarTrack/Development/JazzGrooveAnalyzer/docs/scientific/rfc/JGA_WHOLE_TRACK_GROOVE_FROZEN_PIPELINE_001_20260921/WHOLE_TRACK_JOINED_EVENTS.csv,810dead183772c6ee3c2ffed01cb79b2a05045abb2aea4e4c8903c180932a4a5,c7efaf8d2029ed140d67b7cbfff1c23fd33e0ffcae18f285566266c063f78e1c,common_115_130,True
F_MIX_00636,129.2538775510204,UNKNOWN,355,129.17260770975057,172.26562500000261,81.26984126983000,CONTEXT,F_MIX_00636,/Users/StarTrack/Development/JazzGrooveAnalyzer/docs/scientific/rfc/JGA_WHOLE_TRACK_GROOVE_FROZEN_PIPELINE_001_20260921/WHOLE_TRACK_JOINED_EVENTS.csv,810dead183772c6ee3c2ffed01cb79b2a05045abb2aea4e4c8903c180932a4a5,c7efaf8d2029ed140d67b7cbfff1c23fd33e0ffcae18f285566266c063f78e1c,common_115_130,True
F_MIX_00637,129.4744671201814,DRUM_SUPPORTED,356,129.52090702947845,161.4990234374967,-46.43990929705000,PRIMARY,F_MIX_00637,/Users/StarTrack/Development/JazzGrooveAnalyzer/docs/scientific/rfc/JGA_WHOLE_TRACK_GROOVE_FROZEN_PIPELINE_001_20260921/WHOLE_TRACK_JOINED_EVENTS.csv,810dead183772c6ee3c2ffed01cb79b2a05045abb2aea4e4c8903c180932a4a5,c7efaf8d2029ed140d67b7cbfff1c23fd33e0ffcae18f285566266c063f78e1c,common_115_130,True
F_MIX_00638,129.84598639455783,DRUM_SUPPORTED,357,129.89242630385488,172.26562500000261,-46.43990929705000,CONTEXT,F_MIX_00638,/Users/StarTrack/Development/JazzGrooveAnalyzer/docs/scientific/rfc/JGA_WHOLE_TRACK_GROOVE_FROZEN_PIPELINE_001_20260921/WHOLE_TRACK_JOINED_EVENTS.csv,810dead183772c6ee3c2ffed01cb79b2a05045abb2aea4e4c8903c180932a4a5,c7efaf8d2029ed140d67b7cbfff1c23fd33e0ffcae18f285566266c063f78e1c,common_115_130,True
F_MIX_00639,129.92725623582766,DRUM_SUPPORTED,357,129.89242630385488,172.26562500000261,34.82993197278000,PRIMARY,F_MIX_00639,/Users/StarTrack/Development/JazzGrooveAnalyzer/docs/scientific/rfc/JGA_WHOLE_TRACK_GROOVE_FROZEN_PIPELINE_001_20260921/WHOLE_TRACK_JOINED_EVENTS.csv,810dead183772c6ee3c2ffed01cb79b2a05045abb2aea4e4c8903c180932a4a5,c7efaf8d2029ed140d67b7cbfff1c23fd33e0ffcae18f285566266c063f78e1c,common_115_130,True
F_MIX_00640,130.2871655328798,DRUM_SUPPORTED,358,130.24072562358276,161.4990234374967,46.43990929704000,PRIMARY,F_MIX_00640,/Users/StarTrack/Development/JazzGrooveAnalyzer/docs/scientific/rfc/JGA_WHOLE_TRACK_GROOVE_FROZEN_PIPELINE_001_20260921/WHOLE_TRACK_JOINED_EVENTS.csv,810dead183772c6ee3c2ffed01cb79b2a05045abb2aea4e4c8903c180932a4a5,c7efaf8d2029ed140d67b7cbfff1c23fd33e0ffcae18f285566266c063f78e1c,NEW_008,True
F_MIX_00641,130.5193650793651,DRUM_SUPPORTED,359,130.6122448979592,172.26562500000261,-92.8798185941000,CONTEXT,F_MIX_00641,/Users/StarTrack/Development/JazzGrooveAnalyzer/docs/scientific/rfc/JGA_WHOLE_TRACK_GROOVE_FROZEN_PIPELINE_001_20260921/WHOLE_TRACK_JOINED_EVENTS.csv,810dead183772c6ee3c2ffed01cb79b2a05045abb2aea4e4c8903c180932a4a5,c7efaf8d2029ed140d67b7cbfff1c23fd33e0ffcae18f285566266c063f78e1c,NEW_008,True
F_MIX_00642,130.6354648526077,DRUM_SUPPORTED,359,130.6122448979592,172.26562500000261,23.2199546485000,PRIMARY,F_MIX_00642,/Users/StarTrack/Development/JazzGrooveAnalyzer/docs/scientific/rfc/JGA_WHOLE_TRACK_GROOVE_FROZEN_PIPELINE_001_20260921/WHOLE_TRACK_JOINED_EVENTS.csv,810dead183772c6ee3c2ffed01cb79b2a05045abb2aea4e4c8903c180932a4a5,c7efaf8d2029ed140d67b7cbfff1c23fd33e0ffcae18f285566266c063f78e1c,NEW_008,True
F_MIX_00643,130.89088435374148,UNKNOWN,360,130.96054421768707,161.4990234374967,-69.65986394559000,CONTEXT,F_MIX_00643,/Users/StarTrack/Development/JazzGrooveAnalyzer/docs/scientific/rfc/JGA_WHOLE_TRACK_GROOVE_FROZEN_PIPELINE_001_20260921/WHOLE_TRACK_JOINED_EVENTS.csv,810dead183772c6ee3c2ffed01cb79b2a05045abb2aea4e4c8903c180932a4a5,c7efaf8d2029ed140d67b7cbfff1c23fd33e0ffcae18f285566266c063f78e1c,NEW_008,True
F_MIX_00644,130.9489342403628,DRUM_SUPPORTED,360,130.96054421768707,161.4990234374967,-11.60997732427000,PRIMARY,F_MIX_00644,/Users/StarTrack/Development/JazzGrooveAnalyzer/docs/scientific/rfc/JGA_WHOLE_TRACK_GROOVE_FROZEN_PIPELINE_001_20260921/WHOLE_TRACK_JOINED_EVENTS.csv,810dead183772c6ee3c2ffed01cb79b2a05045abb2aea4e4c8903c180932a4a5,c7efaf8d2029ed140d67b7cbfff1c23fd33e0ffcae18f285566266c063f78e1c,NEW_008,True
F_MIX_00645,131.00698412698412,DRUM_SUPPORTED,360,130.96054421768707,161.4990234374967,46.43990929705000,CONTEXT,F_MIX_00645,/Users/StarTrack/Development/JazzGrooveAnalyzer/docs/scientific/rfc/JGA_WHOLE_TRACK_GROOVE_FROZEN_PIPELINE_001_20260921/WHOLE_TRACK_JOINED_EVENTS.csv,810dead183772c6ee3c2ffed01cb79b2a05045abb2aea4e4c8903c180932a4a5,c7efaf8d2029ed140d67b7cbfff1c23fd33e0ffcae18f285566266c063f78e1c,NEW_008,True
F_MIX_00646,131.2624036281179,UNKNOWN,361,131.3320634920635,172.26562500000261,-69.6598639456000,CONTEXT,F_MIX_00646,/Users/StarTrack/Development/JazzGrooveAnalyzer/docs/scientific/rfc/JGA_WHOLE_TRACK_GROOVE_FROZEN_PIPELINE_001_20260921/WHOLE_TRACK_JOINED_EVENTS.csv,810dead183772c6ee3c2ffed01cb79b2a05045abb2aea4e4c8903c180932a4a5,c7efaf8d2029ed140d67b7cbfff1c23fd33e0ffcae18f285566266c063f78e1c,NEW_008,True
F_MIX_00647,131.3320634920635,UNKNOWN,361,131.3320634920635,172.26562500000261,0E-13,PRIMARY,F_MIX_00647,/Users/StarTrack/Development/JazzGrooveAnalyzer/docs/scientific/rfc/JGA_WHOLE_TRACK_GROOVE_FROZEN_PIPELINE_001_20260921/WHOLE_TRACK_JOINED_EVENTS.csv,810dead183772c6ee3c2ffed01cb79b2a05045abb2aea4e4c8903c180932a4a5,c7efaf8d2029ed140d67b7cbfff1c23fd33e0ffcae18f285566266c063f78e1c,NEW_008,True
F_MIX_00648,131.59909297052155,DRUM_SUPPORTED,362,131.68036281179138,161.4990234374967,-81.26984126983000,PRIMARY,F_MIX_00648,/Users/StarTrack/Development/JazzGrooveAnalyzer/docs/scientific/rfc/JGA_WHOLE_TRACK_GROOVE_FROZEN_PIPELINE_001_20260921/WHOLE_TRACK_JOINED_EVENTS.csv,810dead183772c6ee3c2ffed01cb79b2a05045abb2aea4e4c8903c180932a4a5,c7efaf8d2029ed140d67b7cbfff1c23fd33e0ffcae18f285566266c063f78e1c,NEW_008,True
F_MIX_00649,132.0867120181406,DRUM_SUPPORTED,363,132.0518820861678,172.26562500000261,34.8299319728000,PRIMARY,F_MIX_00649,/Users/StarTrack/Development/JazzGrooveAnalyzer/docs/scientific/rfc/JGA_WHOLE_TRACK_GROOVE_FROZEN_PIPELINE_001_20260921/WHOLE_TRACK_JOINED_EVENTS.csv,810dead183772c6ee3c2ffed01cb79b2a05045abb2aea4e4c8903c180932a4a5,c7efaf8d2029ed140d67b7cbfff1c23fd33e0ffcae18f285566266c063f78e1c,NEW_008,True
F_MIX_00650,132.31891156462586,DRUM_SUPPORTED,364,132.4001814058957,161.4990234374967,-81.26984126984000,CONTEXT,F_MIX_00650,/Users/StarTrack/Development/JazzGrooveAnalyzer/docs/scientific/rfc/JGA_WHOLE_TRACK_GROOVE_FROZEN_PIPELINE_001_20260921/WHOLE_TRACK_JOINED_EVENTS.csv,810dead183772c6ee3c2ffed01cb79b2a05045abb2aea4e4c8903c180932a4a5,c7efaf8d2029ed140d67b7cbfff1c23fd33e0ffcae18f285566266c063f78e1c,NEW_008,True
F_MIX_00651,132.44662131519274,DRUM_SUPPORTED,364,132.4001814058957,161.4990234374967,46.43990929704000,PRIMARY,F_MIX_00651,/Users/StarTrack/Development/JazzGrooveAnalyzer/docs/scientific/rfc/JGA_WHOLE_TRACK_GROOVE_FROZEN_PIPELINE_001_20260921/WHOLE_TRACK_JOINED_EVENTS.csv,810dead183772c6ee3c2ffed01cb79b2a05045abb2aea4e4c8903c180932a4a5,c7efaf8d2029ed140d67b7cbfff1c23fd33e0ffcae18f285566266c063f78e1c,NEW_008,True
F_MIX_00652,132.69043083900226,UNKNOWN,365,132.77170068027212,172.26562500000261,-81.26984126986000,CONTEXT,F_MIX_00652,/Users/StarTrack/Development/JazzGrooveAnalyzer/docs/scientific/rfc/JGA_WHOLE_TRACK_GROOVE_FROZEN_PIPELINE_001_20260921/WHOLE_TRACK_JOINED_EVENTS.csv,810dead183772c6ee3c2ffed01cb79b2a05045abb2aea4e4c8903c180932a4a5,c7efaf8d2029ed140d67b7cbfff1c23fd33e0ffcae18f285566266c063f78e1c,NEW_008,True
F_MIX_00653,132.78331065759636,DRUM_SUPPORTED,365,132.77170068027212,172.26562500000261,11.60997732424000,PRIMARY,F_MIX_00653,/Users/StarTrack/Development/JazzGrooveAnalyzer/docs/scientific/rfc/JGA_WHOLE_TRACK_GROOVE_FROZEN_PIPELINE_001_20260921/WHOLE_TRACK_JOINED_EVENTS.csv,810dead183772c6ee3c2ffed01cb79b2a05045abb2aea4e4c8903c180932a4a5,c7efaf8d2029ed140d67b7cbfff1c23fd33e0ffcae18f285566266c063f78e1c,NEW_008,True
F_MIX_00654,133.05034013605442,UNKNOWN,366,133.12,161.4990234374967,-69.65986394558000,PRIMARY,F_MIX_00654,/Users/StarTrack/Development/JazzGrooveAnalyzer/docs/scientific/rfc/JGA_WHOLE_TRACK_GROOVE_FROZEN_PIPELINE_001_20260921/WHOLE_TRACK_JOINED_EVENTS.csv,810dead183772c6ee3c2ffed01cb79b2a05045abb2aea4e4c8903c180932a4a5,c7efaf8d2029ed140d67b7cbfff1c23fd33e0ffcae18f285566266c063f78e1c,NEW_008,True
F_MIX_00655,133.4334693877551,UNKNOWN,367,133.49151927437643,172.26562500000261,-58.04988662133000,CONTEXT,F_MIX_00655,/Users/StarTrack/Development/JazzGrooveAnalyzer/docs/scientific/rfc/JGA_WHOLE_TRACK_GROOVE_FROZEN_PIPELINE_001_20260921/WHOLE_TRACK_JOINED_EVENTS.csv,810dead183772c6ee3c2ffed01cb79b2a05045abb2aea4e4c8903c180932a4a5,c7efaf8d2029ed140d67b7cbfff1c23fd33e0ffcae18f285566266c063f78e1c,NEW_008,True
F_MIX_00656,133.51473922902494,DRUM_SUPPORTED,367,133.49151927437643,172.26562500000261,23.21995464851000,PRIMARY,F_MIX_00656,/Users/StarTrack/Development/JazzGrooveAnalyzer/docs/scientific/rfc/JGA_WHOLE_TRACK_GROOVE_FROZEN_PIPELINE_001_20260921/WHOLE_TRACK_JOINED_EVENTS.csv,810dead183772c6ee3c2ffed01cb79b2a05045abb2aea4e4c8903c180932a4a5,c7efaf8d2029ed140d67b7cbfff1c23fd33e0ffcae18f285566266c063f78e1c,NEW_008,True
F_MIX_00657,133.781768707483,UNKNOWN,368,133.83981859410432,161.49902343750904,-58.04988662132000,CONTEXT,F_MIX_00657,/Users/StarTrack/Development/JazzGrooveAnalyzer/docs/scientific/rfc/JGA_WHOLE_TRACK_GROOVE_FROZEN_PIPELINE_001_20260921/WHOLE_TRACK_JOINED_EVENTS.csv,810dead183772c6ee3c2ffed01cb79b2a05045abb2aea4e4c8903c180932a4a5,c7efaf8d2029ed140d67b7cbfff1c23fd33e0ffcae18f285566266c063f78e1c,NEW_008,True
F_MIX_00658,133.86303854875283,DRUM_SUPPORTED,368,133.83981859410432,161.49902343750904,23.21995464851000,PRIMARY,F_MIX_00658,/Users/StarTrack/Development/JazzGrooveAnalyzer/docs/scientific/rfc/JGA_WHOLE_TRACK_GROOVE_FROZEN_PIPELINE_001_20260921/WHOLE_TRACK_JOINED_EVENTS.csv,810dead183772c6ee3c2ffed01cb79b2a05045abb2aea4e4c8903c180932a4a5,c7efaf8d2029ed140d67b7cbfff1c23fd33e0ffcae18f285566266c063f78e1c,NEW_008,True
F_MIX_00659,134.14167800453515,UNKNOWN,369,134.2113378684807,172.26562499998857,-69.65986394555000,CONTEXT,F_MIX_00659,/Users/StarTrack/Development/JazzGrooveAnalyzer/docs/scientific/rfc/JGA_WHOLE_TRACK_GROOVE_FROZEN_PIPELINE_001_20260921/WHOLE_TRACK_JOINED_EVENTS.csv,810dead183772c6ee3c2ffed01cb79b2a05045abb2aea4e4c8903c180932a4a5,c7efaf8d2029ed140d67b7cbfff1c23fd33e0ffcae18f285566266c063f78e1c,NEW_008,True
F_MIX_00660,134.22294784580498,DRUM_SUPPORTED,369,134.2113378684807,172.26562499998857,11.60997732428000,PRIMARY,F_MIX_00660,/Users/StarTrack/Development/JazzGrooveAnalyzer/docs/scientific/rfc/JGA_WHOLE_TRACK_GROOVE_FROZEN_PIPELINE_001_20260921/WHOLE_TRACK_JOINED_EVENTS.csv,810dead183772c6ee3c2ffed01cb79b2a05045abb2aea4e4c8903c180932a4a5,c7efaf8d2029ed140d67b7cbfff1c23fd33e0ffcae18f285566266c063f78e1c,NEW_008,True
F_MIX_00661,134.47836734693877,UNKNOWN,370,134.55963718820863,161.49902343750904,-81.26984126986000,PRIMARY,F_MIX_00661,/Users/StarTrack/Development/JazzGrooveAnalyzer/docs/scientific/rfc/JGA_WHOLE_TRACK_GROOVE_FROZEN_PIPELINE_001_20260921/WHOLE_TRACK_JOINED_EVENTS.csv,810dead183772c6ee3c2ffed01cb79b2a05045abb2aea4e4c8903c180932a4a5,c7efaf8d2029ed140d67b7cbfff1c23fd33e0ffcae18f285566266c063f78e1c,NEW_008,True
F_MIX_00662,134.93115646258502,DRUM_SUPPORTED,371,134.93115646258502,172.26562499998857,0E-14,PRIMARY,F_MIX_00662,/Users/StarTrack/Development/JazzGrooveAnalyzer/docs/scientific/rfc/JGA_WHOLE_TRACK_GROOVE_FROZEN_PIPELINE_001_20260921/WHOLE_TRACK_JOINED_EVENTS.csv,810dead183772c6ee3c2ffed01cb79b2a05045abb2aea4e4c8903c180932a4a5,c7efaf8d2029ed140d67b7cbfff1c23fd33e0ffcae18f285566266c063f78e1c,NEW_008,True
F_MIX_00663,135.30267573696145,DRUM_SUPPORTED,372,135.27945578231294,161.49902343750904,23.21995464851000,PRIMARY,F_MIX_00663,/Users/StarTrack/Development/JazzGrooveAnalyzer/docs/scientific/rfc/JGA_WHOLE_TRACK_GROOVE_FROZEN_PIPELINE_001_20260921/WHOLE_TRACK_JOINED_EVENTS.csv,810dead183772c6ee3c2ffed01cb79b2a05045abb2aea4e4c8903c180932a4a5,c7efaf8d2029ed140d67b7cbfff1c23fd33e0ffcae18f285566266c063f78e1c,NEW_009,True
F_MIX_00664,135.6625850340136,DRUM_SUPPORTED,373,135.65097505668933,172.26562499998857,11.60997732427000,PRIMARY,F_MIX_00664,/Users/StarTrack/Development/JazzGrooveAnalyzer/docs/scientific/rfc/JGA_WHOLE_TRACK_GROOVE_FROZEN_PIPELINE_001_20260921/WHOLE_TRACK_JOINED_EVENTS.csv,810dead183772c6ee3c2ffed01cb79b2a05045abb2aea4e4c8903c180932a4a5,c7efaf8d2029ed140d67b7cbfff1c23fd33e0ffcae18f285566266c063f78e1c,NEW_009,True
F_MIX_00665,136.0108843537415,DRUM_SUPPORTED,374,135.99927437641725,161.49902343750904,11.60997732425000,PRIMARY,F_MIX_00665,/Users/StarTrack/Development/JazzGrooveAnalyzer/docs/scientific/rfc/JGA_WHOLE_TRACK_GROOVE_FROZEN_PIPELINE_001_20260921/WHOLE_TRACK_JOINED_EVENTS.csv,810dead183772c6ee3c2ffed01cb79b2a05045abb2aea4e4c8903c180932a4a5,c7efaf8d2029ed140d67b7cbfff1c23fd33e0ffcae18f285566266c063f78e1c,NEW_009,True
F_MIX_00666,136.35918367346937,DRUM_SUPPORTED,375,136.37079365079364,172.26562500000261,-11.60997732427000,PRIMARY,F_MIX_00666,/Users/StarTrack/Development/JazzGrooveAnalyzer/docs/scientific/rfc/JGA_WHOLE_TRACK_GROOVE_FROZEN_PIPELINE_001_20260921/WHOLE_TRACK_JOINED_EVENTS.csv,810dead183772c6ee3c2ffed01cb79b2a05045abb2aea4e4c8903c180932a4a5,c7efaf8d2029ed140d67b7cbfff1c23fd33e0ffcae18f285566266c063f78e1c,NEW_009,True
F_MIX_00667,136.39401360544218,DRUM_SUPPORTED,375,136.37079365079364,172.26562500000261,23.21995464854000,CONTEXT,F_MIX_00667,/Users/StarTrack/Development/JazzGrooveAnalyzer/docs/scientific/rfc/JGA_WHOLE_TRACK_GROOVE_FROZEN_PIPELINE_001_20260921/WHOLE_TRACK_JOINED_EVENTS.csv,810dead183772c6ee3c2ffed01cb79b2a05045abb2aea4e4c8903c180932a4a5,c7efaf8d2029ed140d67b7cbfff1c23fd33e0ffcae18f285566266c063f78e1c,NEW_009,True
F_MIX_00668,136.74231292517007,DRUM_SUPPORTED,376,136.71909297052153,161.4990234374967,23.21995464854000,PRIMARY,F_MIX_00668,/Users/StarTrack/Development/JazzGrooveAnalyzer/docs/scientific/rfc/JGA_WHOLE_TRACK_GROOVE_FROZEN_PIPELINE_001_20260921/WHOLE_TRACK_JOINED_EVENTS.csv,810dead183772c6ee3c2ffed01cb79b2a05045abb2aea4e4c8903c180932a4a5,c7efaf8d2029ed140d67b7cbfff1c23fd33e0ffcae18f285566266c063f78e1c,NEW_009,True
F_MIX_00669,137.00934240362812,UNKNOWN,377,137.09061224489795,172.26562500000261,-81.26984126983000,CONTEXT,F_MIX_00669,/Users/StarTrack/Development/JazzGrooveAnalyzer/docs/scientific/rfc/JGA_WHOLE_TRACK_GROOVE_FROZEN_PIPELINE_001_20260921/WHOLE_TRACK_JOINED_EVENTS.csv,810dead183772c6ee3c2ffed01cb79b2a05045abb2aea4e4c8903c180932a4a5,c7efaf8d2029ed140d67b7cbfff1c23fd33e0ffcae18f285566266c063f78e1c,NEW_009,True
F_MIX_00670,137.1138321995465,DRUM_SUPPORTED,377,137.09061224489795,172.26562500000261,23.21995464855000,PRIMARY,F_MIX_00670,/Users/StarTrack/Development/JazzGrooveAnalyzer/docs/scientific/rfc/JGA_WHOLE_TRACK_GROOVE_FROZEN_PIPELINE_001_20260921/WHOLE_TRACK_JOINED_EVENTS.csv,810dead183772c6ee3c2ffed01cb79b2a05045abb2aea4e4c8903c180932a4a5,c7efaf8d2029ed140d67b7cbfff1c23fd33e0ffcae18f285566266c063f78e1c,NEW_009,True
F_MIX_00671,137.36925170068028,DRUM_SUPPORTED,378,137.43891156462584,161.4990234374967,-69.65986394556000,CONTEXT,F_MIX_00671,/Users/StarTrack/Development/JazzGrooveAnalyzer/docs/scientific/rfc/JGA_WHOLE_TRACK_GROOVE_FROZEN_PIPELINE_001_20260921/WHOLE_TRACK_JOINED_EVENTS.csv,810dead183772c6ee3c2ffed01cb79b2a05045abb2aea4e4c8903c180932a4a5,c7efaf8d2029ed140d67b7cbfff1c23fd33e0ffcae18f285566266c063f78e1c,NEW_009,True
F_MIX_00672,137.47374149659865,DRUM_SUPPORTED,378,137.43891156462584,161.4990234374967,34.82993197281000,PRIMARY,F_MIX_00672,/Users/StarTrack/Development/JazzGrooveAnalyzer/docs/scientific/rfc/JGA_WHOLE_TRACK_GROOVE_FROZEN_PIPELINE_001_20260921/WHOLE_TRACK_JOINED_EVENTS.csv,810dead183772c6ee3c2ffed01cb79b2a05045abb2aea4e4c8903c180932a4a5,c7efaf8d2029ed140d67b7cbfff1c23fd33e0ffcae18f285566266c063f78e1c,NEW_009,True
F_MIX_00673,137.75238095238095,UNKNOWN,379,137.81043083900227,172.26562500000261,-58.04988662132000,CONTEXT,F_MIX_00673,/Users/StarTrack/Development/JazzGrooveAnalyzer/docs/scientific/rfc/JGA_WHOLE_TRACK_GROOVE_FROZEN_PIPELINE_001_20260921/WHOLE_TRACK_JOINED_EVENTS.csv,810dead183772c6ee3c2ffed01cb79b2a05045abb2aea4e4c8903c180932a4a5,c7efaf8d2029ed140d67b7cbfff1c23fd33e0ffcae18f285566266c063f78e1c,NEW_009,True
F_MIX_00674,137.82204081632653,DRUM_SUPPORTED,379,137.81043083900227,172.26562500000261,11.60997732426000,PRIMARY,F_MIX_00674,/Users/StarTrack/Development/JazzGrooveAnalyzer/docs/scientific/rfc/JGA_WHOLE_TRACK_GROOVE_FROZEN_PIPELINE_001_20260921/WHOLE_TRACK_JOINED_EVENTS.csv,810dead183772c6ee3c2ffed01cb79b2a05045abb2aea4e4c8903c180932a4a5,c7efaf8d2029ed140d67b7cbfff1c23fd33e0ffcae18f285566266c063f78e1c,NEW_009,True
F_MIX_00675,138.10068027210883,DRUM_SUPPORTED,380,138.15873015873015,172.26562500000261,-58.04988662132000,PRIMARY,F_MIX_00675,/Users/StarTrack/Development/JazzGrooveAnalyzer/docs/scientific/rfc/JGA_WHOLE_TRACK_GROOVE_FROZEN_PIPELINE_001_20260921/WHOLE_TRACK_JOINED_EVENTS.csv,810dead183772c6ee3c2ffed01cb79b2a05045abb2aea4e4c8903c180932a4a5,c7efaf8d2029ed140d67b7cbfff1c23fd33e0ffcae18f285566266c063f78e1c,NEW_009,True
F_MIX_00676,138.54185941043085,DRUM_SUPPORTED,381,138.50702947845804,161.4990234374967,34.82993197281000,PRIMARY,F_MIX_00676,/Users/StarTrack/Development/JazzGrooveAnalyzer/docs/scientific/rfc/JGA_WHOLE_TRACK_GROOVE_FROZEN_PIPELINE_001_20260921/WHOLE_TRACK_JOINED_EVENTS.csv,810dead183772c6ee3c2ffed01cb79b2a05045abb2aea4e4c8903c180932a4a5,c7efaf8d2029ed140d67b7cbfff1c23fd33e0ffcae18f285566266c063f78e1c,NEW_009,True
F_MIX_00677,138.79727891156463,DRUM_SUPPORTED,382,138.87854875283446,172.26562500000261,-81.26984126983000,PRIMARY,F_MIX_00677,/Users/StarTrack/Development/JazzGrooveAnalyzer/docs/scientific/rfc/JGA_WHOLE_TRACK_GROOVE_FROZEN_PIPELINE_001_20260921/WHOLE_TRACK_JOINED_EVENTS.csv,810dead183772c6ee3c2ffed01cb79b2a05045abb2aea4e4c8903c180932a4a5,c7efaf8d2029ed140d67b7cbfff1c23fd33e0ffcae18f285566266c063f78e1c,NEW_009,True
F_MIX_00678,139.16879818594106,DRUM_SUPPORTED,383,139.22684807256235,161.4990234374967,-58.04988662129000,CONTEXT,F_MIX_00678,/Users/StarTrack/Development/JazzGrooveAnalyzer/docs/scientific/rfc/JGA_WHOLE_TRACK_GROOVE_FROZEN_PIPELINE_001_20260921/WHOLE_TRACK_JOINED_EVENTS.csv,810dead183772c6ee3c2ffed01cb79b2a05045abb2aea4e4c8903c180932a4a5,c7efaf8d2029ed140d67b7cbfff1c23fd33e0ffcae18f285566266c063f78e1c,NEW_009,True
F_MIX_00679,139.26167800453516,DRUM_SUPPORTED,383,139.22684807256235,161.4990234374967,34.82993197281000,PRIMARY,F_MIX_00679,/Users/StarTrack/Development/JazzGrooveAnalyzer/docs/scientific/rfc/JGA_WHOLE_TRACK_GROOVE_FROZEN_PIPELINE_001_20260921/WHOLE_TRACK_JOINED_EVENTS.csv,810dead183772c6ee3c2ffed01cb79b2a05045abb2aea4e4c8903c180932a4a5,c7efaf8d2029ed140d67b7cbfff1c23fd33e0ffcae18f285566266c063f78e1c,NEW_009,True
F_MIX_00680,139.51709750566894,UNKNOWN,384,139.59836734693877,172.26562500000261,-81.26984126983000,CONTEXT,F_MIX_00680,/Users/StarTrack/Development/JazzGrooveAnalyzer/docs/scientific/rfc/JGA_WHOLE_TRACK_GROOVE_FROZEN_PIPELINE_001_20260921/WHOLE_TRACK_JOINED_EVENTS.csv,810dead183772c6ee3c2ffed01cb79b2a05045abb2aea4e4c8903c180932a4a5,c7efaf8d2029ed140d67b7cbfff1c23fd33e0ffcae18f285566266c063f78e1c,NEW_009,True
F_MIX_00681,139.6215873015873,DRUM_SUPPORTED,384,139.59836734693877,172.26562500000261,23.21995464853000,PRIMARY,F_MIX_00681,/Users/StarTrack/Development/JazzGrooveAnalyzer/docs/scientific/rfc/JGA_WHOLE_TRACK_GROOVE_FROZEN_PIPELINE_001_20260921/WHOLE_TRACK_JOINED_EVENTS.csv,810dead183772c6ee3c2ffed01cb79b2a05045abb2aea4e4c8903c180932a4a5,c7efaf8d2029ed140d67b7cbfff1c23fd33e0ffcae18f285566266c063f78e1c,NEW_009,True
F_MIX_00682,139.88861678004534,UNKNOWN,385,139.94666666666666,161.4990234374967,-58.04988662132000,CONTEXT,F_MIX_00682,/Users/StarTrack/Development/JazzGrooveAnalyzer/docs/scientific/rfc/JGA_WHOLE_TRACK_GROOVE_FROZEN_PIPELINE_001_20260921/WHOLE_TRACK_JOINED_EVENTS.csv,810dead183772c6ee3c2ffed01cb79b2a05045abb2aea4e4c8903c180932a4a5,c7efaf8d2029ed140d67b7cbfff1c23fd33e0ffcae18f285566266c063f78e1c,NEW_009,True
F_MIX_00683,139.9698866213152,DRUM_SUPPORTED,385,139.94666666666666,161.4990234374967,23.21995464854000,PRIMARY,F_MIX_00683,/Users/StarTrack/Development/JazzGrooveAnalyzer/docs/scientific/rfc/JGA_WHOLE_TRACK_GROOVE_FROZEN_PIPELINE_001_20260921/WHOLE_TRACK_JOINED_EVENTS.csv,810dead183772c6ee3c2ffed01cb79b2a05045abb2aea4e4c8903c180932a4a5,c7efaf8d2029ed140d67b7cbfff1c23fd33e0ffcae18f285566266c063f78e1c,NEW_009,True
F_MIX_00684,140.21369614512471,DRUM_SUPPORTED,386,140.31818594104308,161.4990234374967,-104.48979591837000,PRIMARY,F_MIX_00684,/Users/StarTrack/Development/JazzGrooveAnalyzer/docs/scientific/rfc/JGA_WHOLE_TRACK_GROOVE_FROZEN_PIPELINE_001_20260921/WHOLE_TRACK_JOINED_EVENTS.csv,810dead183772c6ee3c2ffed01cb79b2a05045abb2aea4e4c8903c180932a4a5,c7efaf8d2029ed140d67b7cbfff1c23fd33e0ffcae18f285566266c063f78e1c,NEW_009,True
F_MIX_00685,140.5968253968254,UNKNOWN,387,140.6897052154195,172.26562500000261,-92.8798185941000,CONTEXT,F_MIX_00685,/Users/StarTrack/Development/JazzGrooveAnalyzer/docs/scientific/rfc/JGA_WHOLE_TRACK_GROOVE_FROZEN_PIPELINE_001_20260921/WHOLE_TRACK_JOINED_EVENTS.csv,810dead183772c6ee3c2ffed01cb79b2a05045abb2aea4e4c8903c180932a4a5,c7efaf8d2029ed140d67b7cbfff1c23fd33e0ffcae18f285566266c063f78e1c,NEW_009,True
F_MIX_00686,140.70131519274378,DRUM_SUPPORTED,387,140.6897052154195,172.26562500000261,11.60997732428000,PRIMARY,F_MIX_00686,/Users/StarTrack/Development/JazzGrooveAnalyzer/docs/scientific/rfc/JGA_WHOLE_TRACK_GROOVE_FROZEN_PIPELINE_001_20260921/WHOLE_TRACK_JOINED_EVENTS.csv,810dead183772c6ee3c2ffed01cb79b2a05045abb2aea4e4c8903c180932a4a5,c7efaf8d2029ed140d67b7cbfff1c23fd33e0ffcae18f285566266c063f78e1c,NEW_009,True
F_MIX_00687,141.0612244897959,DRUM_SUPPORTED,388,141.0380045351474,161.4990234374967,23.2199546485000,PRIMARY,F_MIX_00687,/Users/StarTrack/Development/JazzGrooveAnalyzer/docs/scientific/rfc/JGA_WHOLE_TRACK_GROOVE_FROZEN_PIPELINE_001_20260921/WHOLE_TRACK_JOINED_EVENTS.csv,810dead183772c6ee3c2ffed01cb79b2a05045abb2aea4e4c8903c180932a4a5,c7efaf8d2029ed140d67b7cbfff1c23fd33e0ffcae18f285566266c063f78e1c,NEW_009,True
F_MIX_00688,141.3514739229025,UNKNOWN,389,141.40952380952382,161.49902343750904,-58.04988662132000,CONTEXT,F_MIX_00688,/Users/StarTrack/Development/JazzGrooveAnalyzer/docs/scientific/rfc/JGA_WHOLE_TRACK_GROOVE_FROZEN_PIPELINE_001_20260921/WHOLE_TRACK_JOINED_EVENTS.csv,810dead183772c6ee3c2ffed01cb79b2a05045abb2aea4e4c8903c180932a4a5,c7efaf8d2029ed140d67b7cbfff1c23fd33e0ffcae18f285566266c063f78e1c,NEW_009,True
F_MIX_00689,141.42113378684806,DRUM_SUPPORTED,389,141.40952380952382,161.49902343750904,11.60997732424000,PRIMARY,F_MIX_00689,/Users/StarTrack/Development/JazzGrooveAnalyzer/docs/scientific/rfc/JGA_WHOLE_TRACK_GROOVE_FROZEN_PIPELINE_001_20260921/WHOLE_TRACK_JOINED_EVENTS.csv,810dead183772c6ee3c2ffed01cb79b2a05045abb2aea4e4c8903c180932a4a5,c7efaf8d2029ed140d67b7cbfff1c23fd33e0ffcae18f285566266c063f78e1c,NEW_009,True
F_MIX_00690,141.71138321995466,UNKNOWN,390,141.78104308390022,172.26562499998857,-69.65986394556000,CONTEXT,F_MIX_00690,/Users/StarTrack/Development/JazzGrooveAnalyzer/docs/scientific/rfc/JGA_WHOLE_TRACK_GROOVE_FROZEN_PIPELINE_001_20260921/WHOLE_TRACK_JOINED_EVENTS.csv,810dead183772c6ee3c2ffed01cb79b2a05045abb2aea4e4c8903c180932a4a5,c7efaf8d2029ed140d67b7cbfff1c23fd33e0ffcae18f285566266c063f78e1c,NEW_009,True
F_MIX_00691,141.79265306122448,DRUM_SUPPORTED,390,141.78104308390022,172.26562499998857,11.60997732426000,PRIMARY,F_MIX_00691,/Users/StarTrack/Development/JazzGrooveAnalyzer/docs/scientific/rfc/JGA_WHOLE_TRACK_GROOVE_FROZEN_PIPELINE_001_20260921/WHOLE_TRACK_JOINED_EVENTS.csv,810dead183772c6ee3c2ffed01cb79b2a05045abb2aea4e4c8903c180932a4a5,c7efaf8d2029ed140d67b7cbfff1c23fd33e0ffcae18f285566266c063f78e1c,NEW_009,True
F_MIX_00692,142.12934240362813,DRUM_SUPPORTED,391,142.12934240362813,161.49902343750904,0E-14,PRIMARY,F_MIX_00692,/Users/StarTrack/Development/JazzGrooveAnalyzer/docs/scientific/rfc/JGA_WHOLE_TRACK_GROOVE_FROZEN_PIPELINE_001_20260921/WHOLE_TRACK_JOINED_EVENTS.csv,810dead183772c6ee3c2ffed01cb79b2a05045abb2aea4e4c8903c180932a4a5,c7efaf8d2029ed140d67b7cbfff1c23fd33e0ffcae18f285566266c063f78e1c,NEW_009,True
F_MIX_00693,142.1641723356009,DRUM_SUPPORTED,391,142.12934240362813,161.49902343750904,34.82993197277000,CONTEXT,F_MIX_00693,/Users/StarTrack/Development/JazzGrooveAnalyzer/docs/scientific/rfc/JGA_WHOLE_TRACK_GROOVE_FROZEN_PIPELINE_001_20260921/WHOLE_TRACK_JOINED_EVENTS.csv,810dead183772c6ee3c2ffed01cb79b2a05045abb2aea4e4c8903c180932a4a5,c7efaf8d2029ed140d67b7cbfff1c23fd33e0ffcae18f285566266c063f78e1c,NEW_009,True
F_MIX_00694,142.4428117913832,DRUM_SUPPORTED,392,142.50086167800453,161.4990234374967,-58.04988662133000,PRIMARY,F_MIX_00694,/Users/StarTrack/Development/JazzGrooveAnalyzer/docs/scientific/rfc/JGA_WHOLE_TRACK_GROOVE_FROZEN_PIPELINE_001_20260921/WHOLE_TRACK_JOINED_EVENTS.csv,810dead183772c6ee3c2ffed01cb79b2a05045abb2aea4e4c8903c180932a4a5,c7efaf8d2029ed140d67b7cbfff1c23fd33e0ffcae18f285566266c063f78e1c,NEW_009,True
F_MIX_00695,142.86077097505668,DRUM_SUPPORTED,393,142.87238095238095,172.26562500000261,-11.60997732427000,PRIMARY,F_MIX_00695,/Users/StarTrack/Development/JazzGrooveAnalyzer/docs/scientific/rfc/JGA_WHOLE_TRACK_GROOVE_FROZEN_PIPELINE_001_20260921/WHOLE_TRACK_JOINED_EVENTS.csv,810dead183772c6ee3c2ffed01cb79b2a05045abb2aea4e4c8903c180932a4a5,c7efaf8d2029ed140d67b7cbfff1c23fd33e0ffcae18f285566266c063f78e1c,NEW_009,True
F_MIX_00696,143.16263038548752,UNKNOWN,394,143.22068027210884,161.4990234374967,-58.04988662132000,CONTEXT,F_MIX_00696,/Users/StarTrack/Development/JazzGrooveAnalyzer/docs/scientific/rfc/JGA_WHOLE_TRACK_GROOVE_FROZEN_PIPELINE_001_20260921/WHOLE_TRACK_JOINED_EVENTS.csv,810dead183772c6ee3c2ffed01cb79b2a05045abb2aea4e4c8903c180932a4a5,c7efaf8d2029ed140d67b7cbfff1c23fd33e0ffcae18f285566266c063f78e1c,NEW_009,True
F_MIX_00697,143.2322902494331,DRUM_SUPPORTED,394,143.22068027210884,161.4990234374967,11.60997732426000,PRIMARY,F_MIX_00697,/Users/StarTrack/Development/JazzGrooveAnalyzer/docs/scientific/rfc/JGA_WHOLE_TRACK_GROOVE_FROZEN_PIPELINE_001_20260921/WHOLE_TRACK_JOINED_EVENTS.csv,810dead183772c6ee3c2ffed01cb79b2a05045abb2aea4e4c8903c180932a4a5,c7efaf8d2029ed140d67b7cbfff1c23fd33e0ffcae18f285566266c063f78e1c,NEW_009,True
F_MIX_00698,143.51092970521543,UNKNOWN,395,143.59219954648526,172.26562500000261,-81.26984126983000,CONTEXT,F_MIX_00698,/Users/StarTrack/Development/JazzGrooveAnalyzer/docs/scientific/rfc/JGA_WHOLE_TRACK_GROOVE_FROZEN_PIPELINE_001_20260921/WHOLE_TRACK_JOINED_EVENTS.csv,810dead183772c6ee3c2ffed01cb79b2a05045abb2aea4e4c8903c180932a4a5,c7efaf8d2029ed140d67b7cbfff1c23fd33e0ffcae18f285566266c063f78e1c,NEW_009,True
F_MIX_00699,143.60380952380953,DRUM_SUPPORTED,395,143.59219954648526,172.26562500000261,11.60997732427000,PRIMARY,F_MIX_00699,/Users/StarTrack/Development/JazzGrooveAnalyzer/docs/scientific/rfc/JGA_WHOLE_TRACK_GROOVE_FROZEN_PIPELINE_001_20260921/WHOLE_TRACK_JOINED_EVENTS.csv,810dead183772c6ee3c2ffed01cb79b2a05045abb2aea4e4c8903c180932a4a5,c7efaf8d2029ed140d67b7cbfff1c23fd33e0ffcae18f285566266c063f78e1c,NEW_009,True
F_MIX_00700,143.9637188208617,DRUM_SUPPORTED,396,143.94049886621315,172.26562500000261,23.21995464855000,PRIMARY,F_MIX_00700,/Users/StarTrack/Development/JazzGrooveAnalyzer/docs/scientific/rfc/JGA_WHOLE_TRACK_GROOVE_FROZEN_PIPELINE_001_20260921/WHOLE_TRACK_JOINED_EVENTS.csv,810dead183772c6ee3c2ffed01cb79b2a05045abb2aea4e4c8903c180932a4a5,c7efaf8d2029ed140d67b7cbfff1c23fd33e0ffcae18f285566266c063f78e1c,NEW_009,True
F_MIX_00701,144.25396825396825,UNKNOWN,397,144.28879818594103,161.4990234374967,-34.82993197278000,PRIMARY,F_MIX_00701,/Users/StarTrack/Development/JazzGrooveAnalyzer/docs/scientific/rfc/JGA_WHOLE_TRACK_GROOVE_FROZEN_PIPELINE_001_20260921/WHOLE_TRACK_JOINED_EVENTS.csv,810dead183772c6ee3c2ffed01cb79b2a05045abb2aea4e4c8903c180932a4a5,c7efaf8d2029ed140d67b7cbfff1c23fd33e0ffcae18f285566266c063f78e1c,NEW_009,True
F_MIX_00702,144.32362811791384,DRUM_SUPPORTED,397,144.28879818594103,161.4990234374967,34.82993197281000,CONTEXT,F_MIX_00702,/Users/StarTrack/Development/JazzGrooveAnalyzer/docs/scientific/rfc/JGA_WHOLE_TRACK_GROOVE_FROZEN_PIPELINE_001_20260921/WHOLE_TRACK_JOINED_EVENTS.csv,810dead183772c6ee3c2ffed01cb79b2a05045abb2aea4e4c8903c180932a4a5,c7efaf8d2029ed140d67b7cbfff1c23fd33e0ffcae18f285566266c063f78e1c,NEW_009,True
F_MIX_00703,144.62548752834468,UNKNOWN,398,144.66031746031746,172.26562500000261,-34.82993197278000,PRIMARY,F_MIX_00703,/Users/StarTrack/Development/JazzGrooveAnalyzer/docs/scientific/rfc/JGA_WHOLE_TRACK_GROOVE_FROZEN_PIPELINE_001_20260921/WHOLE_TRACK_JOINED_EVENTS.csv,810dead183772c6ee3c2ffed01cb79b2a05045abb2aea4e4c8903c180932a4a5,c7efaf8d2029ed140d67b7cbfff1c23fd33e0ffcae18f285566266c063f78e1c,NEW_009,True
F_MIX_00704,144.98539682539683,UNKNOWN,399,145.00861678004534,161.4990234374967,-23.21995464851000,PRIMARY,F_MIX_00704,/Users/StarTrack/Development/JazzGrooveAnalyzer/docs/scientific/rfc/JGA_WHOLE_TRACK_GROOVE_FROZEN_PIPELINE_001_20260921/WHOLE_TRACK_JOINED_EVENTS.csv,810dead183772c6ee3c2ffed01cb79b2a05045abb2aea4e4c8903c180932a4a5,c7efaf8d2029ed140d67b7cbfff1c23fd33e0ffcae18f285566266c063f78e1c,NEW_009,True
F_MIX_00705,145.04344671201815,DRUM_SUPPORTED,399,145.00861678004534,161.4990234374967,34.82993197281000,CONTEXT,F_MIX_00705,/Users/StarTrack/Development/JazzGrooveAnalyzer/docs/scientific/rfc/JGA_WHOLE_TRACK_GROOVE_FROZEN_PIPELINE_001_20260921/WHOLE_TRACK_JOINED_EVENTS.csv,810dead183772c6ee3c2ffed01cb79b2a05045abb2aea4e4c8903c180932a4a5,c7efaf8d2029ed140d67b7cbfff1c23fd33e0ffcae18f285566266c063f78e1c,NEW_009,True
F_MIX_00706,145.29886621315194,DRUM_SUPPORTED,400,145.38013605442177,172.26562500000261,-81.26984126983000,PRIMARY,F_MIX_00706,/Users/StarTrack/Development/JazzGrooveAnalyzer/docs/scientific/rfc/JGA_WHOLE_TRACK_GROOVE_FROZEN_PIPELINE_001_20260921/WHOLE_TRACK_JOINED_EVENTS.csv,810dead183772c6ee3c2ffed01cb79b2a05045abb2aea4e4c8903c180932a4a5,c7efaf8d2029ed140d67b7cbfff1c23fd33e0ffcae18f285566266c063f78e1c,NEW_009,True
F_MIX_00707,145.6587755102041,DRUM_SUPPORTED,401,145.72843537414965,161.4990234374967,-69.65986394555000,CONTEXT,F_MIX_00707,/Users/StarTrack/Development/JazzGrooveAnalyzer/docs/scientific/rfc/JGA_WHOLE_TRACK_GROOVE_FROZEN_PIPELINE_001_20260921/WHOLE_TRACK_JOINED_EVENTS.csv,810dead183772c6ee3c2ffed01cb79b2a05045abb2aea4e4c8903c180932a4a5,c7efaf8d2029ed140d67b7cbfff1c23fd33e0ffcae18f285566266c063f78e1c,NEW_009,True
F_MIX_00708,145.76326530612246,DRUM_SUPPORTED,401,145.72843537414965,161.4990234374967,34.82993197281000,PRIMARY,F_MIX_00708,/Users/StarTrack/Development/JazzGrooveAnalyzer/docs/scientific/rfc/JGA_WHOLE_TRACK_GROOVE_FROZEN_PIPELINE_001_20260921/WHOLE_TRACK_JOINED_EVENTS.csv,810dead183772c6ee3c2ffed01cb79b2a05045abb2aea4e4c8903c180932a4a5,c7efaf8d2029ed140d67b7cbfff1c23fd33e0ffcae18f285566266c063f78e1c,NEW_009,True
F_MIX_00709,146.00707482993198,UNKNOWN,402,146.09995464852608,172.26562500000261,-92.87981859410000,CONTEXT,F_MIX_00709,/Users/StarTrack/Development/JazzGrooveAnalyzer/docs/scientific/rfc/JGA_WHOLE_TRACK_GROOVE_FROZEN_PIPELINE_001_20260921/WHOLE_TRACK_JOINED_EVENTS.csv,810dead183772c6ee3c2ffed01cb79b2a05045abb2aea4e4c8903c180932a4a5,c7efaf8d2029ed140d67b7cbfff1c23fd33e0ffcae18f285566266c063f78e1c,NEW_009,True
F_MIX_00710,146.13478458049886,DRUM_SUPPORTED,402,146.09995464852608,172.26562500000261,34.82993197278000,PRIMARY,F_MIX_00710,/Users/StarTrack/Development/JazzGrooveAnalyzer/docs/scientific/rfc/JGA_WHOLE_TRACK_GROOVE_FROZEN_PIPELINE_001_20260921/WHOLE_TRACK_JOINED_EVENTS.csv,810dead183772c6ee3c2ffed01cb79b2a05045abb2aea4e4c8903c180932a4a5,c7efaf8d2029ed140d67b7cbfff1c23fd33e0ffcae18f285566266c063f78e1c,NEW_009,True
F_MIX_00711,146.49469387755101,DRUM_SUPPORTED,403,146.44825396825397,172.26562500000261,46.43990929704000,PRIMARY,F_MIX_00711,/Users/StarTrack/Development/JazzGrooveAnalyzer/docs/scientific/rfc/JGA_WHOLE_TRACK_GROOVE_FROZEN_PIPELINE_001_20260921/WHOLE_TRACK_JOINED_EVENTS.csv,810dead183772c6ee3c2ffed01cb79b2a05045abb2aea4e4c8903c180932a4a5,c7efaf8d2029ed140d67b7cbfff1c23fd33e0ffcae18f285566266c063f78e1c,NEW_009,True
F_MIX_00712,146.71528344671202,UNKNOWN,404,146.79655328798185,161.4990234374967,-81.26984126983000,CONTEXT,F_MIX_00712,/Users/StarTrack/Development/JazzGrooveAnalyzer/docs/scientific/rfc/JGA_WHOLE_TRACK_GROOVE_FROZEN_PIPELINE_001_20260921/WHOLE_TRACK_JOINED_EVENTS.csv,810dead183772c6ee3c2ffed01cb79b2a05045abb2aea4e4c8903c180932a4a5,c7efaf8d2029ed140d67b7cbfff1c23fd33e0ffcae18f285566266c063f78e1c,NEW_009,True
F_MIX_00713,146.77333333333334,UNKNOWN,404,146.79655328798185,161.4990234374967,-23.21995464851000,PRIMARY,F_MIX_00713,/Users/StarTrack/Development/JazzGrooveAnalyzer/docs/scientific/rfc/JGA_WHOLE_TRACK_GROOVE_FROZEN_PIPELINE_001_20260921/WHOLE_TRACK_JOINED_EVENTS.csv,810dead183772c6ee3c2ffed01cb79b2a05045abb2aea4e4c8903c180932a4a5,c7efaf8d2029ed140d67b7cbfff1c23fd33e0ffcae18f285566266c063f78e1c,NEW_009,True
F_MIX_00714,146.8429931972789,UNKNOWN,404,146.79655328798185,161.4990234374967,46.43990929705000,CONTEXT,F_MIX_00714,/Users/StarTrack/Development/JazzGrooveAnalyzer/docs/scientific/rfc/JGA_WHOLE_TRACK_GROOVE_FROZEN_PIPELINE_001_20260921/WHOLE_TRACK_JOINED_EVENTS.csv,810dead183772c6ee3c2ffed01cb79b2a05045abb2aea4e4c8903c180932a4a5,c7efaf8d2029ed140d67b7cbfff1c23fd33e0ffcae18f285566266c063f78e1c,NEW_009,True
F_MIX_00715,147.01714285714286,UNKNOWN,405,147.16807256235828,172.26562500000261,-150.92970521542000,CONTEXT,F_MIX_00715,/Users/StarTrack/Development/JazzGrooveAnalyzer/docs/scientific/rfc/JGA_WHOLE_TRACK_GROOVE_FROZEN_PIPELINE_001_20260921/WHOLE_TRACK_JOINED_EVENTS.csv,810dead183772c6ee3c2ffed01cb79b2a05045abb2aea4e4c8903c180932a4a5,c7efaf8d2029ed140d67b7cbfff1c23fd33e0ffcae18f285566266c063f78e1c,NEW_009,True
F_MIX_00716,147.0635827664399,UNKNOWN,405,147.16807256235828,172.26562500000261,-104.48979591838000,CONTEXT,F_MIX_00716,/Users/StarTrack/Development/JazzGrooveAnalyzer/docs/scientific/rfc/JGA_WHOLE_TRACK_GROOVE_FROZEN_PIPELINE_001_20260921/WHOLE_TRACK_JOINED_EVENTS.csv,810dead183772c6ee3c2ffed01cb79b2a05045abb2aea4e4c8903c180932a4a5,c7efaf8d2029ed140d67b7cbfff1c23fd33e0ffcae18f285566266c063f78e1c,NEW_009,True
F_MIX_00717,147.14485260770974,UNKNOWN,405,147.16807256235828,172.26562500000261,-23.21995464854000,PRIMARY,F_MIX_00717,/Users/StarTrack/Development/JazzGrooveAnalyzer/docs/scientific/rfc/JGA_WHOLE_TRACK_GROOVE_FROZEN_PIPELINE_001_20260921/WHOLE_TRACK_JOINED_EVENTS.csv,810dead183772c6ee3c2ffed01cb79b2a05045abb2aea4e4c8903c180932a4a5,c7efaf8d2029ed140d67b7cbfff1c23fd33e0ffcae18f285566266c063f78e1c,NEW_009,True
F_MIX_00718,147.20290249433106,DRUM_SUPPORTED,405,147.16807256235828,172.26562500000261,34.82993197278000,CONTEXT,F_MIX_00718,/Users/StarTrack/Development/JazzGrooveAnalyzer/docs/scientific/rfc/JGA_WHOLE_TRACK_GROOVE_FROZEN_PIPELINE_001_20260921/WHOLE_TRACK_JOINED_EVENTS.csv,810dead183772c6ee3c2ffed01cb79b2a05045abb2aea4e4c8903c180932a4a5,c7efaf8d2029ed140d67b7cbfff1c23fd33e0ffcae18f285566266c063f78e1c,NEW_009,True
F_MIX_00719,147.43510204081633,UNKNOWN,406,147.51637188208616,161.4990234374967,-81.26984126983000,CONTEXT,F_MIX_00719,/Users/StarTrack/Development/JazzGrooveAnalyzer/docs/scientific/rfc/JGA_WHOLE_TRACK_GROOVE_FROZEN_PIPELINE_001_20260921/WHOLE_TRACK_JOINED_EVENTS.csv,810dead183772c6ee3c2ffed01cb79b2a05045abb2aea4e4c8903c180932a4a5,c7efaf8d2029ed140d67b7cbfff1c23fd33e0ffcae18f285566266c063f78e1c,NEW_009,True
F_MIX_00720,147.48154195011338,UNKNOWN,406,147.51637188208616,161.4990234374967,-34.82993197278000,PRIMARY,F_MIX_00720,/Users/StarTrack/Development/JazzGrooveAnalyzer/docs/scientific/rfc/JGA_WHOLE_TRACK_GROOVE_FROZEN_PIPELINE_001_20260921/WHOLE_TRACK_JOINED_EVENTS.csv,810dead183772c6ee3c2ffed01cb79b2a05045abb2aea4e4c8903c180932a4a5,c7efaf8d2029ed140d67b7cbfff1c23fd33e0ffcae18f285566266c063f78e1c,NEW_009,True
F_MIX_00721,147.5628117913832,UNKNOWN,406,147.51637188208616,161.4990234374967,46.43990929704000,CONTEXT,F_MIX_00721,/Users/StarTrack/Development/JazzGrooveAnalyzer/docs/scientific/rfc/JGA_WHOLE_TRACK_GROOVE_FROZEN_PIPELINE_001_20260921/WHOLE_TRACK_JOINED_EVENTS.csv,810dead183772c6ee3c2ffed01cb79b2a05045abb2aea4e4c8903c180932a4a5,c7efaf8d2029ed140d67b7cbfff1c23fd33e0ffcae18f285566266c063f78e1c,NEW_009,True
F_MIX_00722,147.7253514739229,UNKNOWN,407,147.8878911564626,172.26562500000261,-162.5396825397000,CONTEXT,F_MIX_00722,/Users/StarTrack/Development/JazzGrooveAnalyzer/docs/scientific/rfc/JGA_WHOLE_TRACK_GROOVE_FROZEN_PIPELINE_001_20260921/WHOLE_TRACK_JOINED_EVENTS.csv,810dead183772c6ee3c2ffed01cb79b2a05045abb2aea4e4c8903c180932a4a5,c7efaf8d2029ed140d67b7cbfff1c23fd33e0ffcae18f285566266c063f78e1c,NEW_009,True
F_MIX_00723,147.7950113378685,UNKNOWN,407,147.8878911564626,172.26562500000261,-92.8798185941000,CONTEXT,F_MIX_00723,/Users/StarTrack/Development/JazzGrooveAnalyzer/docs/scientific/rfc/JGA_WHOLE_TRACK_GROOVE_FROZEN_PIPELINE_001_20260921/WHOLE_TRACK_JOINED_EVENTS.csv,810dead183772c6ee3c2ffed01cb79b2a05045abb2aea4e4c8903c180932a4a5,c7efaf8d2029ed140d67b7cbfff1c23fd33e0ffcae18f285566266c063f78e1c,NEW_009,True
F_MIX_00724,147.86467120181405,UNKNOWN,407,147.8878911564626,172.26562500000261,-23.21995464855000,CONTEXT,F_MIX_00724,/Users/StarTrack/Development/JazzGrooveAnalyzer/docs/scientific/rfc/JGA_WHOLE_TRACK_GROOVE_FROZEN_PIPELINE_001_20260921/WHOLE_TRACK_JOINED_EVENTS.csv,810dead183772c6ee3c2ffed01cb79b2a05045abb2aea4e4c8903c180932a4a5,c7efaf8d2029ed140d67b7cbfff1c23fd33e0ffcae18f285566266c063f78e1c,NEW_009,True
F_MIX_00725,147.9111111111111,DRUM_SUPPORTED,407,147.8878911564626,172.26562500000261,23.2199546485000,PRIMARY,F_MIX_00725,/Users/StarTrack/Development/JazzGrooveAnalyzer/docs/scientific/rfc/JGA_WHOLE_TRACK_GROOVE_FROZEN_PIPELINE_001_20260921/WHOLE_TRACK_JOINED_EVENTS.csv,810dead183772c6ee3c2ffed01cb79b2a05045abb2aea4e4c8903c180932a4a5,c7efaf8d2029ed140d67b7cbfff1c23fd33e0ffcae18f285566266c063f78e1c,NEW_009,True
F_MIX_00726,148.08526077097505,UNKNOWN,408,148.23619047619047,172.26562500000261,-150.92970521542000,CONTEXT,F_MIX_00726,/Users/StarTrack/Development/JazzGrooveAnalyzer/docs/scientific/rfc/JGA_WHOLE_TRACK_GROOVE_FROZEN_PIPELINE_001_20260921/WHOLE_TRACK_JOINED_EVENTS.csv,810dead183772c6ee3c2ffed01cb79b2a05045abb2aea4e4c8903c180932a4a5,c7efaf8d2029ed140d67b7cbfff1c23fd33e0ffcae18f285566266c063f78e1c,NEW_009,True
F_MIX_00727,148.16653061224488,UNKNOWN,408,148.23619047619047,172.26562500000261,-69.65986394559000,CONTEXT,F_MIX_00727,/Users/StarTrack/Development/JazzGrooveAnalyzer/docs/scientific/rfc/JGA_WHOLE_TRACK_GROOVE_FROZEN_PIPELINE_001_20260921/WHOLE_TRACK_JOINED_EVENTS.csv,810dead183772c6ee3c2ffed01cb79b2a05045abb2aea4e4c8903c180932a4a5,c7efaf8d2029ed140d67b7cbfff1c23fd33e0ffcae18f285566266c063f78e1c,NEW_009,True
F_MIX_00728,148.2013605442177,UNKNOWN,408,148.23619047619047,172.26562500000261,-34.82993197277000,PRIMARY,F_MIX_00728,/Users/StarTrack/Development/JazzGrooveAnalyzer/docs/scientific/rfc/JGA_WHOLE_TRACK_GROOVE_FROZEN_PIPELINE_001_20260921/WHOLE_TRACK_JOINED_EVENTS.csv,810dead183772c6ee3c2ffed01cb79b2a05045abb2aea4e4c8903c180932a4a5,c7efaf8d2029ed140d67b7cbfff1c23fd33e0ffcae18f285566266c063f78e1c,NEW_009,True
F_MIX_00729,148.2942403628118,DRUM_SUPPORTED,408,148.23619047619047,172.26562500000261,58.04988662133000,CONTEXT,F_MIX_00729,/Users/StarTrack/Development/JazzGrooveAnalyzer/docs/scientific/rfc/JGA_WHOLE_TRACK_GROOVE_FROZEN_PIPELINE_001_20260921/WHOLE_TRACK_JOINED_EVENTS.csv,810dead183772c6ee3c2ffed01cb79b2a05045abb2aea4e4c8903c180932a4a5,c7efaf8d2029ed140d67b7cbfff1c23fd33e0ffcae18f285566266c063f78e1c,NEW_009,True
F_MIX_00730,148.5380498866213,DRUM_SUPPORTED,409,148.58448979591836,161.4990234374967,-46.43990929706000,CONTEXT,F_MIX_00730,/Users/StarTrack/Development/JazzGrooveAnalyzer/docs/scientific/rfc/JGA_WHOLE_TRACK_GROOVE_FROZEN_PIPELINE_001_20260921/WHOLE_TRACK_JOINED_EVENTS.csv,810dead183772c6ee3c2ffed01cb79b2a05045abb2aea4e4c8903c180932a4a5,c7efaf8d2029ed140d67b7cbfff1c23fd33e0ffcae18f285566266c063f78e1c,NEW_009,True
F_MIX_00731,148.6309297052154,UNKNOWN,409,148.58448979591836,161.4990234374967,46.43990929704000,PRIMARY,F_MIX_00731,/Users/StarTrack/Development/JazzGrooveAnalyzer/docs/scientific/rfc/JGA_WHOLE_TRACK_GROOVE_FROZEN_PIPELINE_001_20260921/WHOLE_TRACK_JOINED_EVENTS.csv,810dead183772c6ee3c2ffed01cb79b2a05045abb2aea4e4c8903c180932a4a5,c7efaf8d2029ed140d67b7cbfff1c23fd33e0ffcae18f285566266c063f78e1c,NEW_009,True
F_MIX_00732,148.93278911564627,UNKNOWN,410,148.95600907029478,172.26562500000261,-23.21995464851000,PRIMARY,F_MIX_00732,/Users/StarTrack/Development/JazzGrooveAnalyzer/docs/scientific/rfc/JGA_WHOLE_TRACK_GROOVE_FROZEN_PIPELINE_001_20260921/WHOLE_TRACK_JOINED_EVENTS.csv,810dead183772c6ee3c2ffed01cb79b2a05045abb2aea4e4c8903c180932a4a5,c7efaf8d2029ed140d67b7cbfff1c23fd33e0ffcae18f285566266c063f78e1c,NEW_009,True
F_MIX_00733,149.02566893424037,UNKNOWN,410,148.95600907029478,172.26562500000261,69.65986394559000,CONTEXT,F_MIX_00733,/Users/StarTrack/Development/JazzGrooveAnalyzer/docs/scientific/rfc/JGA_WHOLE_TRACK_GROOVE_FROZEN_PIPELINE_001_20260921/WHOLE_TRACK_JOINED_EVENTS.csv,810dead183772c6ee3c2ffed01cb79b2a05045abb2aea4e4c8903c180932a4a5,c7efaf8d2029ed140d67b7cbfff1c23fd33e0ffcae18f285566266c063f78e1c,NEW_009,True
F_MIX_00734,149.11854875283447,UNKNOWN,410,148.95600907029478,172.26562500000261,162.53968253969000,CONTEXT,F_MIX_00734,/Users/StarTrack/Development/JazzGrooveAnalyzer/docs/scientific/rfc/JGA_WHOLE_TRACK_GROOVE_FROZEN_PIPELINE_001_20260921/WHOLE_TRACK_JOINED_EVENTS.csv,810dead183772c6ee3c2ffed01cb79b2a05045abb2aea4e4c8903c180932a4a5,c7efaf8d2029ed140d67b7cbfff1c23fd33e0ffcae18f285566266c063f78e1c,NEW_009,True
F_MIX_00735,149.2926984126984,UNKNOWN,411,149.30430839002267,172.26562500000261,-11.60997732427000,PRIMARY,F_MIX_00735,/Users/StarTrack/Development/JazzGrooveAnalyzer/docs/scientific/rfc/JGA_WHOLE_TRACK_GROOVE_FROZEN_PIPELINE_001_20260921/WHOLE_TRACK_JOINED_EVENTS.csv,810dead183772c6ee3c2ffed01cb79b2a05045abb2aea4e4c8903c180932a4a5,c7efaf8d2029ed140d67b7cbfff1c23fd33e0ffcae18f285566266c063f78e1c,NEW_009,True
F_MIX_00736,149.35074829931972,UNKNOWN,411,149.30430839002267,172.26562500000261,46.43990929705000,CONTEXT,F_MIX_00736,/Users/StarTrack/Development/JazzGrooveAnalyzer/docs/scientific/rfc/JGA_WHOLE_TRACK_GROOVE_FROZEN_PIPELINE_001_20260921/WHOLE_TRACK_JOINED_EVENTS.csv,810dead183772c6ee3c2ffed01cb79b2a05045abb2aea4e4c8903c180932a4a5,c7efaf8d2029ed140d67b7cbfff1c23fd33e0ffcae18f285566266c063f78e1c,NEW_009,True
F_MIX_00737,149.65260770975055,UNKNOWN,412,149.65260770975055,161.4990234374967,0E-14,PRIMARY,F_MIX_00737,/Users/StarTrack/Development/JazzGrooveAnalyzer/docs/scientific/rfc/JGA_WHOLE_TRACK_GROOVE_FROZEN_PIPELINE_001_20260921/WHOLE_TRACK_JOINED_EVENTS.csv,810dead183772c6ee3c2ffed01cb79b2a05045abb2aea4e4c8903c180932a4a5,c7efaf8d2029ed140d67b7cbfff1c23fd33e0ffcae18f285566266c063f78e1c,NEW_009,True
F_MIX_00738,149.7338775510204,DRUM_SUPPORTED,412,149.65260770975055,161.4990234374967,81.26984126985000,CONTEXT,F_MIX_00738,/Users/StarTrack/Development/JazzGrooveAnalyzer/docs/scientific/rfc/JGA_WHOLE_TRACK_GROOVE_FROZEN_PIPELINE_001_20260921/WHOLE_TRACK_JOINED_EVENTS.csv,810dead183772c6ee3c2ffed01cb79b2a05045abb2aea4e4c8903c180932a4a5,c7efaf8d2029ed140d67b7cbfff1c23fd33e0ffcae18f285566266c063f78e1c,NEW_009,True
F_MIX_00739,149.8964172335601,UNKNOWN,413,150.02412698412698,161.4990234374967,-127.70975056688000,CONTEXT,F_MIX_00739,/Users/StarTrack/Development/JazzGrooveAnalyzer/docs/scientific/rfc/JGA_WHOLE_TRACK_GROOVE_FROZEN_PIPELINE_001_20260921/WHOLE_TRACK_JOINED_EVENTS.csv,810dead183772c6ee3c2ffed01cb79b2a05045abb2aea4e4c8903c180932a4a5,c7efaf8d2029ed140d67b7cbfff1c23fd33e0ffcae18f285566266c063f78e1c,NEW_009,True
F_MIX_00740,150.0125170068027,DRUM_SUPPORTED,413,150.02412698412698,161.4990234374967,-11.60997732428000,PRIMARY,F_MIX_00740,/Users/StarTrack/Development/JazzGrooveAnalyzer/docs/scientific/rfc/JGA_WHOLE_TRACK_GROOVE_FROZEN_PIPELINE_001_20260921/WHOLE_TRACK_JOINED_EVENTS.csv,810dead183772c6ee3c2ffed01cb79b2a05045abb2aea4e4c8903c180932a4a5,c7efaf8d2029ed140d67b7cbfff1c23fd33e0ffcae18f285566266c063f78e1c,NEW_010,True
F_MIX_00741,150.11700680272108,DRUM_SUPPORTED,413,150.02412698412698,161.4990234374967,92.87981859410000,CONTEXT,F_MIX_00741,/Users/StarTrack/Development/JazzGrooveAnalyzer/docs/scientific/rfc/JGA_WHOLE_TRACK_GROOVE_FROZEN_PIPELINE_001_20260921/WHOLE_TRACK_JOINED_EVENTS.csv,810dead183772c6ee3c2ffed01cb79b2a05045abb2aea4e4c8903c180932a4a5,c7efaf8d2029ed140d67b7cbfff1c23fd33e0ffcae18f285566266c063f78e1c,NEW_010,True
F_MIX_00742,150.31437641723355,UNKNOWN,414,150.3956462585034,172.26562500000261,-81.26984126985000,CONTEXT,F_MIX_00742,/Users/StarTrack/Development/JazzGrooveAnalyzer/docs/scientific/rfc/JGA_WHOLE_TRACK_GROOVE_FROZEN_PIPELINE_001_20260921/WHOLE_TRACK_JOINED_EVENTS.csv,810dead183772c6ee3c2ffed01cb79b2a05045abb2aea4e4c8903c180932a4a5,c7efaf8d2029ed140d67b7cbfff1c23fd33e0ffcae18f285566266c063f78e1c,NEW_010,True
F_MIX_00743,150.37242630385487,DRUM_SUPPORTED,414,150.3956462585034,172.26562500000261,-23.21995464853000,PRIMARY,F_MIX_00743,/Users/StarTrack/Development/JazzGrooveAnalyzer/docs/scientific/rfc/JGA_WHOLE_TRACK_GROOVE_FROZEN_PIPELINE_001_20260921/WHOLE_TRACK_JOINED_EVENTS.csv,810dead183772c6ee3c2ffed01cb79b2a05045abb2aea4e4c8903c180932a4a5,c7efaf8d2029ed140d67b7cbfff1c23fd33e0ffcae18f285566266c063f78e1c,NEW_010,True
F_MIX_00744,150.465306122449,DRUM_SUPPORTED,414,150.3956462585034,172.26562500000261,69.6598639456000,CONTEXT,F_MIX_00744,/Users/StarTrack/Development/JazzGrooveAnalyzer/docs/scientific/rfc/JGA_WHOLE_TRACK_GROOVE_FROZEN_PIPELINE_001_20260921/WHOLE_TRACK_JOINED_EVENTS.csv,810dead183772c6ee3c2ffed01cb79b2a05045abb2aea4e4c8903c180932a4a5,c7efaf8d2029ed140d67b7cbfff1c23fd33e0ffcae18f285566266c063f78e1c,NEW_010,True
F_MIX_00745,150.7091156462585,UNKNOWN,415,150.7439455782313,161.4990234374967,-34.8299319728000,PRIMARY,F_MIX_00745,/Users/StarTrack/Development/JazzGrooveAnalyzer/docs/scientific/rfc/JGA_WHOLE_TRACK_GROOVE_FROZEN_PIPELINE_001_20260921/WHOLE_TRACK_JOINED_EVENTS.csv,810dead183772c6ee3c2ffed01cb79b2a05045abb2aea4e4c8903c180932a4a5,c7efaf8d2029ed140d67b7cbfff1c23fd33e0ffcae18f285566266c063f78e1c,NEW_010,True
F_MIX_00746,150.81360544217688,DRUM_SUPPORTED,415,150.7439455782313,161.4990234374967,69.65986394558000,CONTEXT,F_MIX_00746,/Users/StarTrack/Development/JazzGrooveAnalyzer/docs/scientific/rfc/JGA_WHOLE_TRACK_GROOVE_FROZEN_PIPELINE_001_20260921/WHOLE_TRACK_JOINED_EVENTS.csv,810dead183772c6ee3c2ffed01cb79b2a05045abb2aea4e4c8903c180932a4a5,c7efaf8d2029ed140d67b7cbfff1c23fd33e0ffcae18f285566266c063f78e1c,NEW_010,True
F_MIX_00747,151.01097505668935,UNKNOWN,416,151.11546485260772,161.4990234374967,-104.48979591837000,CONTEXT,F_MIX_00747,/Users/StarTrack/Development/JazzGrooveAnalyzer/docs/scientific/rfc/JGA_WHOLE_TRACK_GROOVE_FROZEN_PIPELINE_001_20260921/WHOLE_TRACK_JOINED_EVENTS.csv,810dead183772c6ee3c2ffed01cb79b2a05045abb2aea4e4c8903c180932a4a5,c7efaf8d2029ed140d67b7cbfff1c23fd33e0ffcae18f285566266c063f78e1c,NEW_010,True
F_MIX_00748,151.0806349206349,UNKNOWN,416,151.11546485260772,161.4990234374967,-34.82993197282000,PRIMARY,F_MIX_00748,/Users/StarTrack/Development/JazzGrooveAnalyzer/docs/scientific/rfc/JGA_WHOLE_TRACK_GROOVE_FROZEN_PIPELINE_001_20260921/WHOLE_TRACK_JOINED_EVENTS.csv,810dead183772c6ee3c2ffed01cb79b2a05045abb2aea4e4c8903c180932a4a5,c7efaf8d2029ed140d67b7cbfff1c23fd33e0ffcae18f285566266c063f78e1c,NEW_010,True
F_MIX_00749,151.18512471655328,DRUM_SUPPORTED,416,151.11546485260772,161.4990234374967,69.65986394556000,CONTEXT,F_MIX_00749,/Users/StarTrack/Development/JazzGrooveAnalyzer/docs/scientific/rfc/JGA_WHOLE_TRACK_GROOVE_FROZEN_PIPELINE_001_20260921/WHOLE_TRACK_JOINED_EVENTS.csv,810dead183772c6ee3c2ffed01cb79b2a05045abb2aea4e4c8903c180932a4a5,c7efaf8d2029ed140d67b7cbfff1c23fd33e0ffcae18f285566266c063f78e1c,NEW_010,True
F_MIX_00750,151.44054421768706,UNKNOWN,417,151.48698412698414,161.49902343750904,-46.43990929708000,PRIMARY,F_MIX_00750,/Users/StarTrack/Development/JazzGrooveAnalyzer/docs/scientific/rfc/JGA_WHOLE_TRACK_GROOVE_FROZEN_PIPELINE_001_20260921/WHOLE_TRACK_JOINED_EVENTS.csv,810dead183772c6ee3c2ffed01cb79b2a05045abb2aea4e4c8903c180932a4a5,c7efaf8d2029ed140d67b7cbfff1c23fd33e0ffcae18f285566266c063f78e1c,NEW_010,True
F_MIX_00751,151.54503401360543,UNKNOWN,417,151.48698412698414,161.49902343750904,58.04988662129000,CONTEXT,F_MIX_00751,/Users/StarTrack/Development/JazzGrooveAnalyzer/docs/scientific/rfc/JGA_WHOLE_TRACK_GROOVE_FROZEN_PIPELINE_001_20260921/WHOLE_TRACK_JOINED_EVENTS.csv,810dead183772c6ee3c2ffed01cb79b2a05045abb2aea4e4c8903c180932a4a5,c7efaf8d2029ed140d67b7cbfff1c23fd33e0ffcae18f285566266c063f78e1c,NEW_010,True
F_MIX_00752,151.7772335600907,DRUM_SUPPORTED,418,151.85850340136054,161.4990234374967,-81.26984126984000,PRIMARY,F_MIX_00752,/Users/StarTrack/Development/JazzGrooveAnalyzer/docs/scientific/rfc/JGA_WHOLE_TRACK_GROOVE_FROZEN_PIPELINE_001_20260921/WHOLE_TRACK_JOINED_EVENTS.csv,810dead183772c6ee3c2ffed01cb79b2a05045abb2aea4e4c8903c180932a4a5,c7efaf8d2029ed140d67b7cbfff1c23fd33e0ffcae18f285566266c063f78e1c,NEW_010,True
F_MIX_00753,152.2184126984127,UNKNOWN,419,152.23002267573696,161.4990234374967,-11.60997732426000,PRIMARY,F_MIX_00753,/Users/StarTrack/Development/JazzGrooveAnalyzer/docs/scientific/rfc/JGA_WHOLE_TRACK_GROOVE_FROZEN_PIPELINE_001_20260921/WHOLE_TRACK_JOINED_EVENTS.csv,810dead183772c6ee3c2ffed01cb79b2a05045abb2aea4e4c8903c180932a4a5,c7efaf8d2029ed140d67b7cbfff1c23fd33e0ffcae18f285566266c063f78e1c,NEW_010,True
F_MIX_00754,152.276462585034,DRUM_SUPPORTED,419,152.23002267573696,161.4990234374967,46.43990929704000,CONTEXT,F_MIX_00754,/Users/StarTrack/Development/JazzGrooveAnalyzer/docs/scientific/rfc/JGA_WHOLE_TRACK_GROOVE_FROZEN_PIPELINE_001_20260921/WHOLE_TRACK_JOINED_EVENTS.csv,810dead183772c6ee3c2ffed01cb79b2a05045abb2aea4e4c8903c180932a4a5,c7efaf8d2029ed140d67b7cbfff1c23fd33e0ffcae18f285566266c063f78e1c,NEW_010,True
F_MIX_00755,152.40417233560092,UNKNOWN,419,152.23002267573696,161.4990234374967,174.14965986396000,CONTEXT,F_MIX_00755,/Users/StarTrack/Development/JazzGrooveAnalyzer/docs/scientific/rfc/JGA_WHOLE_TRACK_GROOVE_FROZEN_PIPELINE_001_20260921/WHOLE_TRACK_JOINED_EVENTS.csv,810dead183772c6ee3c2ffed01cb79b2a05045abb2aea4e4c8903c180932a4a5,c7efaf8d2029ed140d67b7cbfff1c23fd33e0ffcae18f285566266c063f78e1c,NEW_010,True
F_MIX_00756,152.56671201814058,UNKNOWN,420,152.6015419501134,151.99908088235597,-34.82993197282000,PRIMARY,F_MIX_00756,/Users/StarTrack/Development/JazzGrooveAnalyzer/docs/scientific/rfc/JGA_WHOLE_TRACK_GROOVE_FROZEN_PIPELINE_001_20260921/WHOLE_TRACK_JOINED_EVENTS.csv,810dead183772c6ee3c2ffed01cb79b2a05045abb2aea4e4c8903c180932a4a5,c7efaf8d2029ed140d67b7cbfff1c23fd33e0ffcae18f285566266c063f78e1c,NEW_010,True
F_MIX_00757,152.6595918367347,DRUM_SUPPORTED,420,152.6015419501134,151.99908088235597,58.0498866213000,CONTEXT,F_MIX_00757,/Users/StarTrack/Development/JazzGrooveAnalyzer/docs/scientific/rfc/JGA_WHOLE_TRACK_GROOVE_FROZEN_PIPELINE_001_20260921/WHOLE_TRACK_JOINED_EVENTS.csv,810dead183772c6ee3c2ffed01cb79b2a05045abb2aea4e4c8903c180932a4a5,c7efaf8d2029ed140d67b7cbfff1c23fd33e0ffcae18f285566266c063f78e1c,NEW_010,True
F_MIX_00758,153.01950113378686,DRUM_SUPPORTED,421,152.99628117913832,161.4990234374967,23.21995464854000,PRIMARY,F_MIX_00758,/Users/StarTrack/Development/JazzGrooveAnalyzer/docs/scientific/rfc/JGA_WHOLE_TRACK_GROOVE_FROZEN_PIPELINE_001_20260921/WHOLE_TRACK_JOINED_EVENTS.csv,810dead183772c6ee3c2ffed01cb79b2a05045abb2aea4e4c8903c180932a4a5,c7efaf8d2029ed140d67b7cbfff1c23fd33e0ffcae18f285566266c063f78e1c,NEW_010,True
F_MIX_00759,153.37941043083902,DRUM_SUPPORTED,422,153.36780045351475,161.49902343750904,11.60997732427000,PRIMARY,F_MIX_00759,/Users/StarTrack/Development/JazzGrooveAnalyzer/docs/scientific/rfc/JGA_WHOLE_TRACK_GROOVE_FROZEN_PIPELINE_001_20260921/WHOLE_TRACK_JOINED_EVENTS.csv,810dead183772c6ee3c2ffed01cb79b2a05045abb2aea4e4c8903c180932a4a5,c7efaf8d2029ed140d67b7cbfff1c23fd33e0ffcae18f285566266c063f78e1c,NEW_010,True
F_MIX_00760,153.73931972789114,DRUM_SUPPORTED,423,153.73931972789114,172.26562499998857,0E-14,PRIMARY,F_MIX_00760,/Users/StarTrack/Development/JazzGrooveAnalyzer/docs/scientific/rfc/JGA_WHOLE_TRACK_GROOVE_FROZEN_PIPELINE_001_20260921/WHOLE_TRACK_JOINED_EVENTS.csv,810dead183772c6ee3c2ffed01cb79b2a05045abb2aea4e4c8903c180932a4a5,c7efaf8d2029ed140d67b7cbfff1c23fd33e0ffcae18f285566266c063f78e1c,NEW_010,True
F_MIX_00761,154.041179138322,UNKNOWN,424,154.08761904761906,161.49902343750904,-46.43990929706000,CONTEXT,F_MIX_00761,/Users/StarTrack/Development/JazzGrooveAnalyzer/docs/scientific/rfc/JGA_WHOLE_TRACK_GROOVE_FROZEN_PIPELINE_001_20260921/WHOLE_TRACK_JOINED_EVENTS.csv,810dead183772c6ee3c2ffed01cb79b2a05045abb2aea4e4c8903c180932a4a5,c7efaf8d2029ed140d67b7cbfff1c23fd33e0ffcae18f285566266c063f78e1c,NEW_010,True
F_MIX_00762,154.11083900226757,DRUM_SUPPORTED,424,154.08761904761906,161.49902343750904,23.21995464851000,PRIMARY,F_MIX_00762,/Users/StarTrack/Development/JazzGrooveAnalyzer/docs/scientific/rfc/JGA_WHOLE_TRACK_GROOVE_FROZEN_PIPELINE_001_20260921/WHOLE_TRACK_JOINED_EVENTS.csv,810dead183772c6ee3c2ffed01cb79b2a05045abb2aea4e4c8903c180932a4a5,c7efaf8d2029ed140d67b7cbfff1c23fd33e0ffcae18f285566266c063f78e1c,NEW_010,True
F_MIX_00763,154.47074829931972,DRUM_SUPPORTED,425,154.45913832199545,161.4990234374967,11.60997732427000,PRIMARY,F_MIX_00763,/Users/StarTrack/Development/JazzGrooveAnalyzer/docs/scientific/rfc/JGA_WHOLE_TRACK_GROOVE_FROZEN_PIPELINE_001_20260921/WHOLE_TRACK_JOINED_EVENTS.csv,810dead183772c6ee3c2ffed01cb79b2a05045abb2aea4e4c8903c180932a4a5,c7efaf8d2029ed140d67b7cbfff1c23fd33e0ffcae18f285566266c063f78e1c,NEW_010,True
F_MIX_00764,154.77260770975056,UNKNOWN,426,154.83065759637188,172.26562500000261,-58.04988662132000,CONTEXT,F_MIX_00764,/Users/StarTrack/Development/JazzGrooveAnalyzer/docs/scientific/rfc/JGA_WHOLE_TRACK_GROOVE_FROZEN_PIPELINE_001_20260921/WHOLE_TRACK_JOINED_EVENTS.csv,810dead183772c6ee3c2ffed01cb79b2a05045abb2aea4e4c8903c180932a4a5,c7efaf8d2029ed140d67b7cbfff1c23fd33e0ffcae18f285566266c063f78e1c,NEW_010,True
F_MIX_00765,154.84226757369615,DRUM_SUPPORTED,426,154.83065759637188,172.26562500000261,11.60997732427000,PRIMARY,F_MIX_00765,/Users/StarTrack/Development/JazzGrooveAnalyzer/docs/scientific/rfc/JGA_WHOLE_TRACK_GROOVE_FROZEN_PIPELINE_001_20260921/WHOLE_TRACK_JOINED_EVENTS.csv,810dead183772c6ee3c2ffed01cb79b2a05045abb2aea4e4c8903c180932a4a5,c7efaf8d2029ed140d67b7cbfff1c23fd33e0ffcae18f285566266c063f78e1c,NEW_010,True
F_MIX_00766,155.1092970521542,UNKNOWN,427,155.17895691609976,172.26562500000261,-69.65986394556000,CONTEXT,F_MIX_00766,/Users/StarTrack/Development/JazzGrooveAnalyzer/docs/scientific/rfc/JGA_WHOLE_TRACK_GROOVE_FROZEN_PIPELINE_001_20260921/WHOLE_TRACK_JOINED_EVENTS.csv,810dead183772c6ee3c2ffed01cb79b2a05045abb2aea4e4c8903c180932a4a5,c7efaf8d2029ed140d67b7cbfff1c23fd33e0ffcae18f285566266c063f78e1c,control_155_165,True
F_MIX_00767,155.19056689342403,DRUM_SUPPORTED,427,155.17895691609976,172.26562500000261,11.60997732427000,PRIMARY,F_MIX_00767,/Users/StarTrack/Development/JazzGrooveAnalyzer/docs/scientific/rfc/JGA_WHOLE_TRACK_GROOVE_FROZEN_PIPELINE_001_20260921/WHOLE_TRACK_JOINED_EVENTS.csv,810dead183772c6ee3c2ffed01cb79b2a05045abb2aea4e4c8903c180932a4a5,c7efaf8d2029ed140d67b7cbfff1c23fd33e0ffcae18f285566266c063f78e1c,control_155_165,True
F_MIX_00768,155.4575963718821,DRUM_SUPPORTED,428,155.52725623582765,161.4990234374967,-69.65986394555000,CONTEXT,F_MIX_00768,/Users/StarTrack/Development/JazzGrooveAnalyzer/docs/scientific/rfc/JGA_WHOLE_TRACK_GROOVE_FROZEN_PIPELINE_001_20260921/WHOLE_TRACK_JOINED_EVENTS.csv,810dead183772c6ee3c2ffed01cb79b2a05045abb2aea4e4c8903c180932a4a5,c7efaf8d2029ed140d67b7cbfff1c23fd33e0ffcae18f285566266c063f78e1c,control_155_165,True
F_MIX_00769,155.50403628117914,DRUM_SUPPORTED,428,155.52725623582765,161.4990234374967,-23.21995464851000,PRIMARY,F_MIX_00769,/Users/StarTrack/Development/JazzGrooveAnalyzer/docs/scientific/rfc/JGA_WHOLE_TRACK_GROOVE_FROZEN_PIPELINE_001_20260921/WHOLE_TRACK_JOINED_EVENTS.csv,810dead183772c6ee3c2ffed01cb79b2a05045abb2aea4e4c8903c180932a4a5,c7efaf8d2029ed140d67b7cbfff1c23fd33e0ffcae18f285566266c063f78e1c,control_155_165,True
F_MIX_00770,155.84072562358276,UNKNOWN,429,155.89877551020408,172.26562500000261,-58.04988662132000,CONTEXT,F_MIX_00770,/Users/StarTrack/Development/JazzGrooveAnalyzer/docs/scientific/rfc/JGA_WHOLE_TRACK_GROOVE_FROZEN_PIPELINE_001_20260921/WHOLE_TRACK_JOINED_EVENTS.csv,810dead183772c6ee3c2ffed01cb79b2a05045abb2aea4e4c8903c180932a4a5,c7efaf8d2029ed140d67b7cbfff1c23fd33e0ffcae18f285566266c063f78e1c,control_155_165,True
F_MIX_00771,155.91038548752834,DRUM_SUPPORTED,429,155.89877551020408,172.26562500000261,11.60997732426000,PRIMARY,F_MIX_00771,/Users/StarTrack/Development/JazzGrooveAnalyzer/docs/scientific/rfc/JGA_WHOLE_TRACK_GROOVE_FROZEN_PIPELINE_001_20260921/WHOLE_TRACK_JOINED_EVENTS.csv,810dead183772c6ee3c2ffed01cb79b2a05045abb2aea4e4c8903c180932a4a5,c7efaf8d2029ed140d67b7cbfff1c23fd33e0ffcae18f285566266c063f78e1c,control_155_165,True
F_MIX_00772,156.1774149659864,DRUM_SUPPORTED,430,156.24707482993196,161.4990234374967,-69.65986394556000,CONTEXT,F_MIX_00772,/Users/StarTrack/Development/JazzGrooveAnalyzer/docs/scientific/rfc/JGA_WHOLE_TRACK_GROOVE_FROZEN_PIPELINE_001_20260921/WHOLE_TRACK_JOINED_EVENTS.csv,810dead183772c6ee3c2ffed01cb79b2a05045abb2aea4e4c8903c180932a4a5,c7efaf8d2029ed140d67b7cbfff1c23fd33e0ffcae18f285566266c063f78e1c,control_155_165,True
F_MIX_00773,156.2702947845805,DRUM_SUPPORTED,430,156.24707482993196,161.4990234374967,23.21995464854000,PRIMARY,F_MIX_00773,/Users/StarTrack/Development/JazzGrooveAnalyzer/docs/scientific/rfc/JGA_WHOLE_TRACK_GROOVE_FROZEN_PIPELINE_001_20260921/WHOLE_TRACK_JOINED_EVENTS.csv,810dead183772c6ee3c2ffed01cb79b2a05045abb2aea4e4c8903c180932a4a5,c7efaf8d2029ed140d67b7cbfff1c23fd33e0ffcae18f285566266c063f78e1c,control_155_165,True
F_MIX_00774,156.32834467120182,UNKNOWN,430,156.24707482993196,161.4990234374967,81.26984126986000,CONTEXT,F_MIX_00774,/Users/StarTrack/Development/JazzGrooveAnalyzer/docs/scientific/rfc/JGA_WHOLE_TRACK_GROOVE_FROZEN_PIPELINE_001_20260921/WHOLE_TRACK_JOINED_EVENTS.csv,810dead183772c6ee3c2ffed01cb79b2a05045abb2aea4e4c8903c180932a4a5,c7efaf8d2029ed140d67b7cbfff1c23fd33e0ffcae18f285566266c063f78e1c,control_155_165,True
F_MIX_00775,156.6185941043084,DRUM_SUPPORTED,431,156.6185941043084,172.26562500000261,0E-13,PRIMARY,F_MIX_00775,/Users/StarTrack/Development/JazzGrooveAnalyzer/docs/scientific/rfc/JGA_WHOLE_TRACK_GROOVE_FROZEN_PIPELINE_001_20260921/WHOLE_TRACK_JOINED_EVENTS.csv,810dead183772c6ee3c2ffed01cb79b2a05045abb2aea4e4c8903c180932a4a5,c7efaf8d2029ed140d67b7cbfff1c23fd33e0ffcae18f285566266c063f78e1c,control_155_165,True
F_MIX_00776,156.88562358276644,DRUM_SUPPORTED,432,156.96689342403627,161.4990234374967,-81.26984126983000,PRIMARY,F_MIX_00776,/Users/StarTrack/Development/JazzGrooveAnalyzer/docs/scientific/rfc/JGA_WHOLE_TRACK_GROOVE_FROZEN_PIPELINE_001_20260921/WHOLE_TRACK_JOINED_EVENTS.csv,810dead183772c6ee3c2ffed01cb79b2a05045abb2aea4e4c8903c180932a4a5,c7efaf8d2029ed140d67b7cbfff1c23fd33e0ffcae18f285566266c063f78e1c,control_155_165,True
F_MIX_00777,157.35002267573697,DRUM_SUPPORTED,433,157.3384126984127,161.4990234374967,11.60997732427000,PRIMARY,F_MIX_00777,/Users/StarTrack/Development/JazzGrooveAnalyzer/docs/scientific/rfc/JGA_WHOLE_TRACK_GROOVE_FROZEN_PIPELINE_001_20260921/WHOLE_TRACK_JOINED_EVENTS.csv,810dead183772c6ee3c2ffed01cb79b2a05045abb2aea4e4c8903c180932a4a5,c7efaf8d2029ed140d67b7cbfff1c23fd33e0ffcae18f285566266c063f78e1c,control_155_165,True
F_MIX_00778,157.61705215419502,DRUM_SUPPORTED,434,157.70993197278912,161.4990234374967,-92.87981859410000,CONTEXT,F_MIX_00778,/Users/StarTrack/Development/JazzGrooveAnalyzer/docs/scientific/rfc/JGA_WHOLE_TRACK_GROOVE_FROZEN_PIPELINE_001_20260921/WHOLE_TRACK_JOINED_EVENTS.csv,810dead183772c6ee3c2ffed01cb79b2a05045abb2aea4e4c8903c180932a4a5,c7efaf8d2029ed140d67b7cbfff1c23fd33e0ffcae18f285566266c063f78e1c,control_155_165,True
F_MIX_00779,157.73315192743763,DRUM_SUPPORTED,434,157.70993197278912,161.4990234374967,23.21995464851000,PRIMARY,F_MIX_00779,/Users/StarTrack/Development/JazzGrooveAnalyzer/docs/scientific/rfc/JGA_WHOLE_TRACK_GROOVE_FROZEN_PIPELINE_001_20260921/WHOLE_TRACK_JOINED_EVENTS.csv,810dead183772c6ee3c2ffed01cb79b2a05045abb2aea4e4c8903c180932a4a5,c7efaf8d2029ed140d67b7cbfff1c23fd33e0ffcae18f285566266c063f78e1c,control_155_165,True
F_MIX_00780,157.97696145124718,UNKNOWN,435,158.08145124716555,161.49902343750904,-104.48979591837000,CONTEXT,F_MIX_00780,/Users/StarTrack/Development/JazzGrooveAnalyzer/docs/scientific/rfc/JGA_WHOLE_TRACK_GROOVE_FROZEN_PIPELINE_001_20260921/WHOLE_TRACK_JOINED_EVENTS.csv,810dead183772c6ee3c2ffed01cb79b2a05045abb2aea4e4c8903c180932a4a5,c7efaf8d2029ed140d67b7cbfff1c23fd33e0ffcae18f285566266c063f78e1c,control_155_165,True
F_MIX_00781,158.0930612244898,DRUM_SUPPORTED,435,158.08145124716555,161.49902343750904,11.60997732425000,PRIMARY,F_MIX_00781,/Users/StarTrack/Development/JazzGrooveAnalyzer/docs/scientific/rfc/JGA_WHOLE_TRACK_GROOVE_FROZEN_PIPELINE_001_20260921/WHOLE_TRACK_JOINED_EVENTS.csv,810dead183772c6ee3c2ffed01cb79b2a05045abb2aea4e4c8903c180932a4a5,c7efaf8d2029ed140d67b7cbfff1c23fd33e0ffcae18f285566266c063f78e1c,control_155_165,True
F_MIX_00782,158.4645804988662,DRUM_SUPPORTED,436,158.45297052154194,172.26562500000261,11.60997732426000,PRIMARY,F_MIX_00782,/Users/StarTrack/Development/JazzGrooveAnalyzer/docs/scientific/rfc/JGA_WHOLE_TRACK_GROOVE_FROZEN_PIPELINE_001_20260921/WHOLE_TRACK_JOINED_EVENTS.csv,810dead183772c6ee3c2ffed01cb79b2a05045abb2aea4e4c8903c180932a4a5,c7efaf8d2029ed140d67b7cbfff1c23fd33e0ffcae18f285566266c063f78e1c,control_155_165,True
F_MIX_00783,158.74321995464854,UNKNOWN,437,158.80126984126983,161.4990234374967,-58.04988662129000,CONTEXT,F_MIX_00783,/Users/StarTrack/Development/JazzGrooveAnalyzer/docs/scientific/rfc/JGA_WHOLE_TRACK_GROOVE_FROZEN_PIPELINE_001_20260921/WHOLE_TRACK_JOINED_EVENTS.csv,810dead183772c6ee3c2ffed01cb79b2a05045abb2aea4e4c8903c180932a4a5,c7efaf8d2029ed140d67b7cbfff1c23fd33e0ffcae18f285566266c063f78e1c,control_155_165,True
F_MIX_00784,158.83609977324264,DRUM_SUPPORTED,437,158.80126984126983,161.4990234374967,34.82993197281000,PRIMARY,F_MIX_00784,/Users/StarTrack/Development/JazzGrooveAnalyzer/docs/scientific/rfc/JGA_WHOLE_TRACK_GROOVE_FROZEN_PIPELINE_001_20260921/WHOLE_TRACK_JOINED_EVENTS.csv,810dead183772c6ee3c2ffed01cb79b2a05045abb2aea4e4c8903c180932a4a5,c7efaf8d2029ed140d67b7cbfff1c23fd33e0ffcae18f285566266c063f78e1c,control_155_165,True
F_MIX_00785,159.09151927437642,UNKNOWN,438,159.17278911564625,161.4990234374967,-81.26984126983000,CONTEXT,F_MIX_00785,/Users/StarTrack/Development/JazzGrooveAnalyzer/docs/scientific/rfc/JGA_WHOLE_TRACK_GROOVE_FROZEN_PIPELINE_001_20260921/WHOLE_TRACK_JOINED_EVENTS.csv,810dead183772c6ee3c2ffed01cb79b2a05045abb2aea4e4c8903c180932a4a5,c7efaf8d2029ed140d67b7cbfff1c23fd33e0ffcae18f285566266c063f78e1c,control_155_165,True
F_MIX_00786,159.18439909297052,DRUM_SUPPORTED,438,159.17278911564625,161.4990234374967,11.60997732427000,PRIMARY,F_MIX_00786,/Users/StarTrack/Development/JazzGrooveAnalyzer/docs/scientific/rfc/JGA_WHOLE_TRACK_GROOVE_FROZEN_PIPELINE_001_20260921/WHOLE_TRACK_JOINED_EVENTS.csv,810dead183772c6ee3c2ffed01cb79b2a05045abb2aea4e4c8903c180932a4a5,c7efaf8d2029ed140d67b7cbfff1c23fd33e0ffcae18f285566266c063f78e1c,control_155_165,True
F_MIX_00787,159.2192290249433,DRUM_SUPPORTED,438,159.17278911564625,161.4990234374967,46.43990929705000,CONTEXT,F_MIX_00787,/Users/StarTrack/Development/JazzGrooveAnalyzer/docs/scientific/rfc/JGA_WHOLE_TRACK_GROOVE_FROZEN_PIPELINE_001_20260921/WHOLE_TRACK_JOINED_EVENTS.csv,810dead183772c6ee3c2ffed01cb79b2a05045abb2aea4e4c8903c180932a4a5,c7efaf8d2029ed140d67b7cbfff1c23fd33e0ffcae18f285566266c063f78e1c,control_155_165,True
F_MIX_00788,159.4746485260771,UNKNOWN,439,159.54430839002268,161.4990234374967,-69.65986394558000,CONTEXT,F_MIX_00788,/Users/StarTrack/Development/JazzGrooveAnalyzer/docs/scientific/rfc/JGA_WHOLE_TRACK_GROOVE_FROZEN_PIPELINE_001_20260921/WHOLE_TRACK_JOINED_EVENTS.csv,810dead183772c6ee3c2ffed01cb79b2a05045abb2aea4e4c8903c180932a4a5,c7efaf8d2029ed140d67b7cbfff1c23fd33e0ffcae18f285566266c063f78e1c,control_155_165,True
F_MIX_00789,159.55591836734695,DRUM_SUPPORTED,439,159.54430839002268,161.4990234374967,11.60997732427000,PRIMARY,F_MIX_00789,/Users/StarTrack/Development/JazzGrooveAnalyzer/docs/scientific/rfc/JGA_WHOLE_TRACK_GROOVE_FROZEN_PIPELINE_001_20260921/WHOLE_TRACK_JOINED_EVENTS.csv,810dead183772c6ee3c2ffed01cb79b2a05045abb2aea4e4c8903c180932a4a5,c7efaf8d2029ed140d67b7cbfff1c23fd33e0ffcae18f285566266c063f78e1c,control_155_165,True
F_MIX_00790,159.77650793650793,UNKNOWN,440,159.9158276643991,172.26562500000261,-139.31972789117000,CONTEXT,F_MIX_00790,/Users/StarTrack/Development/JazzGrooveAnalyzer/docs/scientific/rfc/JGA_WHOLE_TRACK_GROOVE_FROZEN_PIPELINE_001_20260921/WHOLE_TRACK_JOINED_EVENTS.csv,810dead183772c6ee3c2ffed01cb79b2a05045abb2aea4e4c8903c180932a4a5,c7efaf8d2029ed140d67b7cbfff1c23fd33e0ffcae18f285566266c063f78e1c,control_155_165,True
F_MIX_00791,159.81133786848073,UNKNOWN,440,159.9158276643991,172.26562500000261,-104.48979591837000,CONTEXT,F_MIX_00791,/Users/StarTrack/Development/JazzGrooveAnalyzer/docs/scientific/rfc/JGA_WHOLE_TRACK_GROOVE_FROZEN_PIPELINE_001_20260921/WHOLE_TRACK_JOINED_EVENTS.csv,810dead183772c6ee3c2ffed01cb79b2a05045abb2aea4e4c8903c180932a4a5,c7efaf8d2029ed140d67b7cbfff1c23fd33e0ffcae18f285566266c063f78e1c,control_155_165,True
F_MIX_00792,159.9158276643991,UNKNOWN,440,159.9158276643991,172.26562500000261,0E-13,PRIMARY,F_MIX_00792,/Users/StarTrack/Development/JazzGrooveAnalyzer/docs/scientific/rfc/JGA_WHOLE_TRACK_GROOVE_FROZEN_PIPELINE_001_20260921/WHOLE_TRACK_JOINED_EVENTS.csv,810dead183772c6ee3c2ffed01cb79b2a05045abb2aea4e4c8903c180932a4a5,c7efaf8d2029ed140d67b7cbfff1c23fd33e0ffcae18f285566266c063f78e1c,control_155_165,True
F_MIX_00793,160.14802721088435,UNKNOWN,441,160.264126984127,172.26562500000261,-116.09977324265000,CONTEXT,F_MIX_00793,/Users/StarTrack/Development/JazzGrooveAnalyzer/docs/scientific/rfc/JGA_WHOLE_TRACK_GROOVE_FROZEN_PIPELINE_001_20260921/WHOLE_TRACK_JOINED_EVENTS.csv,810dead183772c6ee3c2ffed01cb79b2a05045abb2aea4e4c8903c180932a4a5,c7efaf8d2029ed140d67b7cbfff1c23fd33e0ffcae18f285566266c063f78e1c,control_155_165,True
F_MIX_00794,160.2873469387755,DRUM_SUPPORTED,441,160.264126984127,172.26562500000261,23.2199546485000,PRIMARY,F_MIX_00794,/Users/StarTrack/Development/JazzGrooveAnalyzer/docs/scientific/rfc/JGA_WHOLE_TRACK_GROOVE_FROZEN_PIPELINE_001_20260921/WHOLE_TRACK_JOINED_EVENTS.csv,810dead183772c6ee3c2ffed01cb79b2a05045abb2aea4e4c8903c180932a4a5,c7efaf8d2029ed140d67b7cbfff1c23fd33e0ffcae18f285566266c063f78e1c,control_155_165,True
F_MIX_00795,160.6356462585034,DRUM_SUPPORTED,442,160.61242630385487,161.4990234374967,23.21995464853000,PRIMARY,F_MIX_00795,/Users/StarTrack/Development/JazzGrooveAnalyzer/docs/scientific/rfc/JGA_WHOLE_TRACK_GROOVE_FROZEN_PIPELINE_001_20260921/WHOLE_TRACK_JOINED_EVENTS.csv,810dead183772c6ee3c2ffed01cb79b2a05045abb2aea4e4c8903c180932a4a5,c7efaf8d2029ed140d67b7cbfff1c23fd33e0ffcae18f285566266c063f78e1c,control_155_165,True
F_MIX_00796,160.83301587301588,UNKNOWN,443,160.9839455782313,172.26562500000261,-150.92970521542000,CONTEXT,F_MIX_00796,/Users/StarTrack/Development/JazzGrooveAnalyzer/docs/scientific/rfc/JGA_WHOLE_TRACK_GROOVE_FROZEN_PIPELINE_001_20260921/WHOLE_TRACK_JOINED_EVENTS.csv,810dead183772c6ee3c2ffed01cb79b2a05045abb2aea4e4c8903c180932a4a5,c7efaf8d2029ed140d67b7cbfff1c23fd33e0ffcae18f285566266c063f78e1c,control_155_165,True
F_MIX_00797,160.86784580498866,UNKNOWN,443,160.9839455782313,172.26562500000261,-116.09977324264000,CONTEXT,F_MIX_00797,/Users/StarTrack/Development/JazzGrooveAnalyzer/docs/scientific/rfc/JGA_WHOLE_TRACK_GROOVE_FROZEN_PIPELINE_001_20260921/WHOLE_TRACK_JOINED_EVENTS.csv,810dead183772c6ee3c2ffed01cb79b2a05045abb2aea4e4c8903c180932a4a5,c7efaf8d2029ed140d67b7cbfff1c23fd33e0ffcae18f285566266c063f78e1c,control_155_165,True
F_MIX_00798,161.03038548752835,DRUM_SUPPORTED,443,160.9839455782313,172.26562500000261,46.43990929705000,PRIMARY,F_MIX_00798,/Users/StarTrack/Development/JazzGrooveAnalyzer/docs/scientific/rfc/JGA_WHOLE_TRACK_GROOVE_FROZEN_PIPELINE_001_20260921/WHOLE_TRACK_JOINED_EVENTS.csv,810dead183772c6ee3c2ffed01cb79b2a05045abb2aea4e4c8903c180932a4a5,c7efaf8d2029ed140d67b7cbfff1c23fd33e0ffcae18f285566266c063f78e1c,control_155_165,True
F_MIX_00799,161.19292517006804,UNKNOWN,444,161.33224489795919,172.26562500000261,-139.31972789115000,CONTEXT,F_MIX_00799,/Users/StarTrack/Development/JazzGrooveAnalyzer/docs/scientific/rfc/JGA_WHOLE_TRACK_GROOVE_FROZEN_PIPELINE_001_20260921/WHOLE_TRACK_JOINED_EVENTS.csv,810dead183772c6ee3c2ffed01cb79b2a05045abb2aea4e4c8903c180932a4a5,c7efaf8d2029ed140d67b7cbfff1c23fd33e0ffcae18f285566266c063f78e1c,control_155_165,True
F_MIX_00800,161.2393650793651,UNKNOWN,444,161.33224489795919,172.26562500000261,-92.87981859409000,CONTEXT,F_MIX_00800,/Users/StarTrack/Development/JazzGrooveAnalyzer/docs/scientific/rfc/JGA_WHOLE_TRACK_GROOVE_FROZEN_PIPELINE_001_20260921/WHOLE_TRACK_JOINED_EVENTS.csv,810dead183772c6ee3c2ffed01cb79b2a05045abb2aea4e4c8903c180932a4a5,c7efaf8d2029ed140d67b7cbfff1c23fd33e0ffcae18f285566266c063f78e1c,control_155_165,True
F_MIX_00801,161.2974149659864,UNKNOWN,444,161.33224489795919,172.26562500000261,-34.82993197279000,PRIMARY,F_MIX_00801,/Users/StarTrack/Development/JazzGrooveAnalyzer/docs/scientific/rfc/JGA_WHOLE_TRACK_GROOVE_FROZEN_PIPELINE_001_20260921/WHOLE_TRACK_JOINED_EVENTS.csv,810dead183772c6ee3c2ffed01cb79b2a05045abb2aea4e4c8903c180932a4a5,c7efaf8d2029ed140d67b7cbfff1c23fd33e0ffcae18f285566266c063f78e1c,control_155_165,True
F_MIX_00802,161.37868480725623,UNKNOWN,444,161.33224489795919,172.26562500000261,46.43990929704000,CONTEXT,F_MIX_00802,/Users/StarTrack/Development/JazzGrooveAnalyzer/docs/scientific/rfc/JGA_WHOLE_TRACK_GROOVE_FROZEN_PIPELINE_001_20260921/WHOLE_TRACK_JOINED_EVENTS.csv,810dead183772c6ee3c2ffed01cb79b2a05045abb2aea4e4c8903c180932a4a5,c7efaf8d2029ed140d67b7cbfff1c23fd33e0ffcae18f285566266c063f78e1c,control_155_165,True
F_MIX_00803,161.42512471655328,UNKNOWN,444,161.33224489795919,172.26562500000261,92.87981859409000,CONTEXT,F_MIX_00803,/Users/StarTrack/Development/JazzGrooveAnalyzer/docs/scientific/rfc/JGA_WHOLE_TRACK_GROOVE_FROZEN_PIPELINE_001_20260921/WHOLE_TRACK_JOINED_EVENTS.csv,810dead183772c6ee3c2ffed01cb79b2a05045abb2aea4e4c8903c180932a4a5,c7efaf8d2029ed140d67b7cbfff1c23fd33e0ffcae18f285566266c063f78e1c,control_155_165,True
F_MIX_00804,161.62249433106575,DRUM_SUPPORTED,445,161.68054421768707,161.4990234374967,-58.04988662132000,PRIMARY,F_MIX_00804,/Users/StarTrack/Development/JazzGrooveAnalyzer/docs/scientific/rfc/JGA_WHOLE_TRACK_GROOVE_FROZEN_PIPELINE_001_20260921/WHOLE_TRACK_JOINED_EVENTS.csv,810dead183772c6ee3c2ffed01cb79b2a05045abb2aea4e4c8903c180932a4a5,c7efaf8d2029ed140d67b7cbfff1c23fd33e0ffcae18f285566266c063f78e1c,control_155_165,True
F_MIX_00805,161.7385941043084,DRUM_SUPPORTED,445,161.68054421768707,161.4990234374967,58.04988662133000,CONTEXT,F_MIX_00805,/Users/StarTrack/Development/JazzGrooveAnalyzer/docs/scientific/rfc/JGA_WHOLE_TRACK_GROOVE_FROZEN_PIPELINE_001_20260921/WHOLE_TRACK_JOINED_EVENTS.csv,810dead183772c6ee3c2ffed01cb79b2a05045abb2aea4e4c8903c180932a4a5,c7efaf8d2029ed140d67b7cbfff1c23fd33e0ffcae18f285566266c063f78e1c,control_155_165,True
F_MIX_00806,161.9824036281179,UNKNOWN,446,162.0520634920635,172.26562500000261,-69.6598639456000,CONTEXT,F_MIX_00806,/Users/StarTrack/Development/JazzGrooveAnalyzer/docs/scientific/rfc/JGA_WHOLE_TRACK_GROOVE_FROZEN_PIPELINE_001_20260921/WHOLE_TRACK_JOINED_EVENTS.csv,810dead183772c6ee3c2ffed01cb79b2a05045abb2aea4e4c8903c180932a4a5,c7efaf8d2029ed140d67b7cbfff1c23fd33e0ffcae18f285566266c063f78e1c,control_155_165,True
F_MIX_00807,162.09850340136055,DRUM_SUPPORTED,446,162.0520634920635,172.26562500000261,46.43990929705000,PRIMARY,F_MIX_00807,/Users/StarTrack/Development/JazzGrooveAnalyzer/docs/scientific/rfc/JGA_WHOLE_TRACK_GROOVE_FROZEN_PIPELINE_001_20260921/WHOLE_TRACK_JOINED_EVENTS.csv,810dead183772c6ee3c2ffed01cb79b2a05045abb2aea4e4c8903c180932a4a5,c7efaf8d2029ed140d67b7cbfff1c23fd33e0ffcae18f285566266c063f78e1c,control_155_165,True
F_MIX_00808,162.4584126984127,DRUM_SUPPORTED,447,162.40036281179138,161.4990234374967,58.04988662132000,PRIMARY,F_MIX_00808,/Users/StarTrack/Development/JazzGrooveAnalyzer/docs/scientific/rfc/JGA_WHOLE_TRACK_GROOVE_FROZEN_PIPELINE_001_20260921/WHOLE_TRACK_JOINED_EVENTS.csv,810dead183772c6ee3c2ffed01cb79b2a05045abb2aea4e4c8903c180932a4a5,c7efaf8d2029ed140d67b7cbfff1c23fd33e0ffcae18f285566266c063f78e1c,control_155_165,True
F_MIX_00809,162.70222222222222,DRUM_SUPPORTED,448,162.7718820861678,161.4990234374967,-69.65986394558000,CONTEXT,F_MIX_00809,/Users/StarTrack/Development/JazzGrooveAnalyzer/docs/scientific/rfc/JGA_WHOLE_TRACK_GROOVE_FROZEN_PIPELINE_001_20260921/WHOLE_TRACK_JOINED_EVENTS.csv,810dead183772c6ee3c2ffed01cb79b2a05045abb2aea4e4c8903c180932a4a5,c7efaf8d2029ed140d67b7cbfff1c23fd33e0ffcae18f285566266c063f78e1c,control_155_165,True
F_MIX_00810,162.81832199546486,UNKNOWN,448,162.7718820861678,161.4990234374967,46.43990929706000,PRIMARY,F_MIX_00810,/Users/StarTrack/Development/JazzGrooveAnalyzer/docs/scientific/rfc/JGA_WHOLE_TRACK_GROOVE_FROZEN_PIPELINE_001_20260921/WHOLE_TRACK_JOINED_EVENTS.csv,810dead183772c6ee3c2ffed01cb79b2a05045abb2aea4e4c8903c180932a4a5,c7efaf8d2029ed140d67b7cbfff1c23fd33e0ffcae18f285566266c063f78e1c,control_155_165,True
F_MIX_00811,162.8647619047619,UNKNOWN,448,162.7718820861678,161.4990234374967,92.8798185941000,CONTEXT,F_MIX_00811,/Users/StarTrack/Development/JazzGrooveAnalyzer/docs/scientific/rfc/JGA_WHOLE_TRACK_GROOVE_FROZEN_PIPELINE_001_20260921/WHOLE_TRACK_JOINED_EVENTS.csv,810dead183772c6ee3c2ffed01cb79b2a05045abb2aea4e4c8903c180932a4a5,c7efaf8d2029ed140d67b7cbfff1c23fd33e0ffcae18f285566266c063f78e1c,control_155_165,True
F_MIX_00812,163.0505215419501,DRUM_SUPPORTED,449,163.14340136054423,161.49902343750904,-92.87981859413000,CONTEXT,F_MIX_00812,/Users/StarTrack/Development/JazzGrooveAnalyzer/docs/scientific/rfc/JGA_WHOLE_TRACK_GROOVE_FROZEN_PIPELINE_001_20260921/WHOLE_TRACK_JOINED_EVENTS.csv,810dead183772c6ee3c2ffed01cb79b2a05045abb2aea4e4c8903c180932a4a5,c7efaf8d2029ed140d67b7cbfff1c23fd33e0ffcae18f285566266c063f78e1c,control_155_165,True
F_MIX_00813,163.178231292517,DRUM_SUPPORTED,449,163.14340136054423,161.49902343750904,34.82993197277000,PRIMARY,F_MIX_00813,/Users/StarTrack/Development/JazzGrooveAnalyzer/docs/scientific/rfc/JGA_WHOLE_TRACK_GROOVE_FROZEN_PIPELINE_001_20260921/WHOLE_TRACK_JOINED_EVENTS.csv,810dead183772c6ee3c2ffed01cb79b2a05045abb2aea4e4c8903c180932a4a5,c7efaf8d2029ed140d67b7cbfff1c23fd33e0ffcae18f285566266c063f78e1c,control_155_165,True
F_MIX_00814,163.44526077097507,UNKNOWN,450,163.51492063492063,161.4990234374967,-69.65986394556000,PRIMARY,F_MIX_00814,/Users/StarTrack/Development/JazzGrooveAnalyzer/docs/scientific/rfc/JGA_WHOLE_TRACK_GROOVE_FROZEN_PIPELINE_001_20260921/WHOLE_TRACK_JOINED_EVENTS.csv,810dead183772c6ee3c2ffed01cb79b2a05045abb2aea4e4c8903c180932a4a5,c7efaf8d2029ed140d67b7cbfff1c23fd33e0ffcae18f285566266c063f78e1c,control_155_165,True
F_MIX_00815,163.85160997732427,UNKNOWN,451,163.88643990929705,172.26562500000261,-34.82993197278000,PRIMARY,F_MIX_00815,/Users/StarTrack/Development/JazzGrooveAnalyzer/docs/scientific/rfc/JGA_WHOLE_TRACK_GROOVE_FROZEN_PIPELINE_001_20260921/WHOLE_TRACK_JOINED_EVENTS.csv,810dead183772c6ee3c2ffed01cb79b2a05045abb2aea4e4c8903c180932a4a5,c7efaf8d2029ed140d67b7cbfff1c23fd33e0ffcae18f285566266c063f78e1c,control_155_165,True
F_MIX_00816,163.92126984126983,DRUM_SUPPORTED,451,163.88643990929705,172.26562500000261,34.82993197278000,CONTEXT,F_MIX_00816,/Users/StarTrack/Development/JazzGrooveAnalyzer/docs/scientific/rfc/JGA_WHOLE_TRACK_GROOVE_FROZEN_PIPELINE_001_20260921/WHOLE_TRACK_JOINED_EVENTS.csv,810dead183772c6ee3c2ffed01cb79b2a05045abb2aea4e4c8903c180932a4a5,c7efaf8d2029ed140d67b7cbfff1c23fd33e0ffcae18f285566266c063f78e1c,control_155_165,True
F_MIX_00817,164.1882993197279,UNKNOWN,452,164.23473922902494,161.4990234374967,-46.43990929704000,PRIMARY,F_MIX_00817,/Users/StarTrack/Development/JazzGrooveAnalyzer/docs/scientific/rfc/JGA_WHOLE_TRACK_GROOVE_FROZEN_PIPELINE_001_20260921/WHOLE_TRACK_JOINED_EVENTS.csv,810dead183772c6ee3c2ffed01cb79b2a05045abb2aea4e4c8903c180932a4a5,c7efaf8d2029ed140d67b7cbfff1c23fd33e0ffcae18f285566266c063f78e1c,control_155_165,True
F_MIX_00818,164.281179138322,DRUM_SUPPORTED,452,164.23473922902494,161.4990234374967,46.43990929706000,CONTEXT,F_MIX_00818,/Users/StarTrack/Development/JazzGrooveAnalyzer/docs/scientific/rfc/JGA_WHOLE_TRACK_GROOVE_FROZEN_PIPELINE_001_20260921/WHOLE_TRACK_JOINED_EVENTS.csv,810dead183772c6ee3c2ffed01cb79b2a05045abb2aea4e4c8903c180932a4a5,c7efaf8d2029ed140d67b7cbfff1c23fd33e0ffcae18f285566266c063f78e1c,control_155_165,True
F_MIX_00819,164.38566893424036,UNKNOWN,452,164.23473922902494,161.4990234374967,150.92970521542000,CONTEXT,F_MIX_00819,/Users/StarTrack/Development/JazzGrooveAnalyzer/docs/scientific/rfc/JGA_WHOLE_TRACK_GROOVE_FROZEN_PIPELINE_001_20260921/WHOLE_TRACK_JOINED_EVENTS.csv,810dead183772c6ee3c2ffed01cb79b2a05045abb2aea4e4c8903c180932a4a5,c7efaf8d2029ed140d67b7cbfff1c23fd33e0ffcae18f285566266c063f78e1c,control_155_165,True
F_MIX_00820,164.53659863945578,UNKNOWN,453,164.60625850340136,161.4990234374967,-69.65986394558000,CONTEXT,F_MIX_00820,/Users/StarTrack/Development/JazzGrooveAnalyzer/docs/scientific/rfc/JGA_WHOLE_TRACK_GROOVE_FROZEN_PIPELINE_001_20260921/WHOLE_TRACK_JOINED_EVENTS.csv,810dead183772c6ee3c2ffed01cb79b2a05045abb2aea4e4c8903c180932a4a5,c7efaf8d2029ed140d67b7cbfff1c23fd33e0ffcae18f285566266c063f78e1c,control_155_165,True
F_MIX_00821,164.62947845804987,DRUM_SUPPORTED,453,164.60625850340136,161.4990234374967,23.21995464851000,PRIMARY,F_MIX_00821,/Users/StarTrack/Development/JazzGrooveAnalyzer/docs/scientific/rfc/JGA_WHOLE_TRACK_GROOVE_FROZEN_PIPELINE_001_20260921/WHOLE_TRACK_JOINED_EVENTS.csv,810dead183772c6ee3c2ffed01cb79b2a05045abb2aea4e4c8903c180932a4a5,c7efaf8d2029ed140d67b7cbfff1c23fd33e0ffcae18f285566266c063f78e1c,control_155_165,True
F_MIX_00822,164.66430839002268,DRUM_SUPPORTED,453,164.60625850340136,161.4990234374967,58.04988662132000,CONTEXT,F_MIX_00822,/Users/StarTrack/Development/JazzGrooveAnalyzer/docs/scientific/rfc/JGA_WHOLE_TRACK_GROOVE_FROZEN_PIPELINE_001_20260921/WHOLE_TRACK_JOINED_EVENTS.csv,810dead183772c6ee3c2ffed01cb79b2a05045abb2aea4e4c8903c180932a4a5,c7efaf8d2029ed140d67b7cbfff1c23fd33e0ffcae18f285566266c063f78e1c,control_155_165,True
F_MIX_00823,164.93133786848074,UNKNOWN,454,164.9777777777778,161.49902343750904,-46.43990929706000,PRIMARY,F_MIX_00823,/Users/StarTrack/Development/JazzGrooveAnalyzer/docs/scientific/rfc/JGA_WHOLE_TRACK_GROOVE_FROZEN_PIPELINE_001_20260921/WHOLE_TRACK_JOINED_EVENTS.csv,810dead183772c6ee3c2ffed01cb79b2a05045abb2aea4e4c8903c180932a4a5,c7efaf8d2029ed140d67b7cbfff1c23fd33e0ffcae18f285566266c063f78e1c,control_155_165,True
F_MIX_00824,165.37251700680272,DRUM_SUPPORTED,455,165.34929705215418,172.26562499998857,23.21995464854000,PRIMARY,F_MIX_00824,/Users/StarTrack/Development/JazzGrooveAnalyzer/docs/scientific/rfc/JGA_WHOLE_TRACK_GROOVE_FROZEN_PIPELINE_001_20260921/WHOLE_TRACK_JOINED_EVENTS.csv,810dead183772c6ee3c2ffed01cb79b2a05045abb2aea4e4c8903c180932a4a5,c7efaf8d2029ed140d67b7cbfff1c23fd33e0ffcae18f285566266c063f78e1c,NEW_011,True
F_MIX_00825,165.6627664399093,UNKNOWN,456,165.6975963718821,161.49902343750904,-34.8299319728000,CONTEXT,F_MIX_00825,/Users/StarTrack/Development/JazzGrooveAnalyzer/docs/scientific/rfc/JGA_WHOLE_TRACK_GROOVE_FROZEN_PIPELINE_001_20260921/WHOLE_TRACK_JOINED_EVENTS.csv,810dead183772c6ee3c2ffed01cb79b2a05045abb2aea4e4c8903c180932a4a5,c7efaf8d2029ed140d67b7cbfff1c23fd33e0ffcae18f285566266c063f78e1c,NEW_011,True
F_MIX_00826,165.73242630385488,DRUM_SUPPORTED,456,165.6975963718821,161.49902343750904,34.82993197278000,PRIMARY,F_MIX_00826,/Users/StarTrack/Development/JazzGrooveAnalyzer/docs/scientific/rfc/JGA_WHOLE_TRACK_GROOVE_FROZEN_PIPELINE_001_20260921/WHOLE_TRACK_JOINED_EVENTS.csv,810dead183772c6ee3c2ffed01cb79b2a05045abb2aea4e4c8903c180932a4a5,c7efaf8d2029ed140d67b7cbfff1c23fd33e0ffcae18f285566266c063f78e1c,NEW_011,True
F_MIX_00827,166.02267573696145,UNKNOWN,457,166.0691156462585,172.26562500000261,-46.43990929705000,CONTEXT,F_MIX_00827,/Users/StarTrack/Development/JazzGrooveAnalyzer/docs/scientific/rfc/JGA_WHOLE_TRACK_GROOVE_FROZEN_PIPELINE_001_20260921/WHOLE_TRACK_JOINED_EVENTS.csv,810dead183772c6ee3c2ffed01cb79b2a05045abb2aea4e4c8903c180932a4a5,c7efaf8d2029ed140d67b7cbfff1c23fd33e0ffcae18f285566266c063f78e1c,NEW_011,True
F_MIX_00828,166.09233560090703,DRUM_SUPPORTED,457,166.0691156462585,172.26562500000261,23.21995464853000,PRIMARY,F_MIX_00828,/Users/StarTrack/Development/JazzGrooveAnalyzer/docs/scientific/rfc/JGA_WHOLE_TRACK_GROOVE_FROZEN_PIPELINE_001_20260921/WHOLE_TRACK_JOINED_EVENTS.csv,810dead183772c6ee3c2ffed01cb79b2a05045abb2aea4e4c8903c180932a4a5,c7efaf8d2029ed140d67b7cbfff1c23fd33e0ffcae18f285566266c063f78e1c,NEW_011,True
F_MIX_00829,166.37097505668933,UNKNOWN,458,166.41741496598638,161.4990234374967,-46.43990929705000,CONTEXT,F_MIX_00829,/Users/StarTrack/Development/JazzGrooveAnalyzer/docs/scientific/rfc/JGA_WHOLE_TRACK_GROOVE_FROZEN_PIPELINE_001_20260921/WHOLE_TRACK_JOINED_EVENTS.csv,810dead183772c6ee3c2ffed01cb79b2a05045abb2aea4e4c8903c180932a4a5,c7efaf8d2029ed140d67b7cbfff1c23fd33e0ffcae18f285566266c063f78e1c,NEW_011,True
F_MIX_00830,166.4522448979592,DRUM_SUPPORTED,458,166.41741496598638,161.4990234374967,34.82993197282000,PRIMARY,F_MIX_00830,/Users/StarTrack/Development/JazzGrooveAnalyzer/docs/scientific/rfc/JGA_WHOLE_TRACK_GROOVE_FROZEN_PIPELINE_001_20260921/WHOLE_TRACK_JOINED_EVENTS.csv,810dead183772c6ee3c2ffed01cb79b2a05045abb2aea4e4c8903c180932a4a5,c7efaf8d2029ed140d67b7cbfff1c23fd33e0ffcae18f285566266c063f78e1c,NEW_011,True
F_MIX_00831,166.5102947845805,UNKNOWN,458,166.41741496598638,161.4990234374967,92.87981859412000,CONTEXT,F_MIX_00831,/Users/StarTrack/Development/JazzGrooveAnalyzer/docs/scientific/rfc/JGA_WHOLE_TRACK_GROOVE_FROZEN_PIPELINE_001_20260921/WHOLE_TRACK_JOINED_EVENTS.csv,810dead183772c6ee3c2ffed01cb79b2a05045abb2aea4e4c8903c180932a4a5,c7efaf8d2029ed140d67b7cbfff1c23fd33e0ffcae18f285566266c063f78e1c,NEW_011,True
F_MIX_00832,166.71927437641725,DRUM_SUPPORTED,459,166.7889342403628,172.26562500000261,-69.65986394555000,PRIMARY,F_MIX_00832,/Users/StarTrack/Development/JazzGrooveAnalyzer/docs/scientific/rfc/JGA_WHOLE_TRACK_GROOVE_FROZEN_PIPELINE_001_20260921/WHOLE_TRACK_JOINED_EVENTS.csv,810dead183772c6ee3c2ffed01cb79b2a05045abb2aea4e4c8903c180932a4a5,c7efaf8d2029ed140d67b7cbfff1c23fd33e0ffcae18f285566266c063f78e1c,NEW_011,True
F_MIX_00833,167.1024036281179,UNKNOWN,460,167.1372335600907,172.26562499998857,-34.8299319728000,CONTEXT,F_MIX_00833,/Users/StarTrack/Development/JazzGrooveAnalyzer/docs/scientific/rfc/JGA_WHOLE_TRACK_GROOVE_FROZEN_PIPELINE_001_20260921/WHOLE_TRACK_JOINED_EVENTS.csv,810dead183772c6ee3c2ffed01cb79b2a05045abb2aea4e4c8903c180932a4a5,c7efaf8d2029ed140d67b7cbfff1c23fd33e0ffcae18f285566266c063f78e1c,NEW_011,True
F_MIX_00834,167.16045351473923,DRUM_SUPPORTED,460,167.1372335600907,172.26562499998857,23.21995464853000,PRIMARY,F_MIX_00834,/Users/StarTrack/Development/JazzGrooveAnalyzer/docs/scientific/rfc/JGA_WHOLE_TRACK_GROOVE_FROZEN_PIPELINE_001_20260921/WHOLE_TRACK_JOINED_EVENTS.csv,810dead183772c6ee3c2ffed01cb79b2a05045abb2aea4e4c8903c180932a4a5,c7efaf8d2029ed140d67b7cbfff1c23fd33e0ffcae18f285566266c063f78e1c,NEW_011,True
F_MIX_00835,167.32299319727892,UNKNOWN,461,167.4855328798186,172.26562500000261,-162.53968253968000,CONTEXT,F_MIX_00835,/Users/StarTrack/Development/JazzGrooveAnalyzer/docs/scientific/rfc/JGA_WHOLE_TRACK_GROOVE_FROZEN_PIPELINE_001_20260921/WHOLE_TRACK_JOINED_EVENTS.csv,810dead183772c6ee3c2ffed01cb79b2a05045abb2aea4e4c8903c180932a4a5,c7efaf8d2029ed140d67b7cbfff1c23fd33e0ffcae18f285566266c063f78e1c,NEW_011,True
F_MIX_00836,167.4274829931973,UNKNOWN,461,167.4855328798186,172.26562500000261,-58.0498866213000,CONTEXT,F_MIX_00836,/Users/StarTrack/Development/JazzGrooveAnalyzer/docs/scientific/rfc/JGA_WHOLE_TRACK_GROOVE_FROZEN_PIPELINE_001_20260921/WHOLE_TRACK_JOINED_EVENTS.csv,810dead183772c6ee3c2ffed01cb79b2a05045abb2aea4e4c8903c180932a4a5,c7efaf8d2029ed140d67b7cbfff1c23fd33e0ffcae18f285566266c063f78e1c,NEW_011,True
F_MIX_00837,167.5203628117914,DRUM_SUPPORTED,461,167.4855328798186,172.26562500000261,34.8299319728000,PRIMARY,F_MIX_00837,/Users/StarTrack/Development/JazzGrooveAnalyzer/docs/scientific/rfc/JGA_WHOLE_TRACK_GROOVE_FROZEN_PIPELINE_001_20260921/WHOLE_TRACK_JOINED_EVENTS.csv,810dead183772c6ee3c2ffed01cb79b2a05045abb2aea4e4c8903c180932a4a5,c7efaf8d2029ed140d67b7cbfff1c23fd33e0ffcae18f285566266c063f78e1c,NEW_011,True
F_MIX_00838,167.78739229024944,UNKNOWN,462,167.8338321995465,161.49902343750904,-46.43990929706000,PRIMARY,F_MIX_00838,/Users/StarTrack/Development/JazzGrooveAnalyzer/docs/scientific/rfc/JGA_WHOLE_TRACK_GROOVE_FROZEN_PIPELINE_001_20260921/WHOLE_TRACK_JOINED_EVENTS.csv,810dead183772c6ee3c2ffed01cb79b2a05045abb2aea4e4c8903c180932a4a5,c7efaf8d2029ed140d67b7cbfff1c23fd33e0ffcae18f285566266c063f78e1c,NEW_011,True
F_MIX_00839,168.1473015873016,UNKNOWN,463,168.2053514739229,172.26562499998857,-58.0498866213000,CONTEXT,F_MIX_00839,/Users/StarTrack/Development/JazzGrooveAnalyzer/docs/scientific/rfc/JGA_WHOLE_TRACK_GROOVE_FROZEN_PIPELINE_001_20260921/WHOLE_TRACK_JOINED_EVENTS.csv,810dead183772c6ee3c2ffed01cb79b2a05045abb2aea4e4c8903c180932a4a5,c7efaf8d2029ed140d67b7cbfff1c23fd33e0ffcae18f285566266c063f78e1c,NEW_011,True
F_MIX_00840,168.25179138321997,DRUM_SUPPORTED,463,168.2053514739229,172.26562499998857,46.43990929707000,PRIMARY,F_MIX_00840,/Users/StarTrack/Development/JazzGrooveAnalyzer/docs/scientific/rfc/JGA_WHOLE_TRACK_GROOVE_FROZEN_PIPELINE_001_20260921/WHOLE_TRACK_JOINED_EVENTS.csv,810dead183772c6ee3c2ffed01cb79b2a05045abb2aea4e4c8903c180932a4a5,c7efaf8d2029ed140d67b7cbfff1c23fd33e0ffcae18f285566266c063f78e1c,NEW_011,True
F_MIX_00841,168.49560090702948,DRUM_SUPPORTED,464,168.5536507936508,161.49902343750904,-58.04988662132000,CONTEXT,F_MIX_00841,/Users/StarTrack/Development/JazzGrooveAnalyzer/docs/scientific/rfc/JGA_WHOLE_TRACK_GROOVE_FROZEN_PIPELINE_001_20260921/WHOLE_TRACK_JOINED_EVENTS.csv,810dead183772c6ee3c2ffed01cb79b2a05045abb2aea4e4c8903c180932a4a5,c7efaf8d2029ed140d67b7cbfff1c23fd33e0ffcae18f285566266c063f78e1c,NEW_011,True
F_MIX_00842,168.60009070294785,DRUM_SUPPORTED,464,168.5536507936508,161.49902343750904,46.43990929705000,PRIMARY,F_MIX_00842,/Users/StarTrack/Development/JazzGrooveAnalyzer/docs/scientific/rfc/JGA_WHOLE_TRACK_GROOVE_FROZEN_PIPELINE_001_20260921/WHOLE_TRACK_JOINED_EVENTS.csv,810dead183772c6ee3c2ffed01cb79b2a05045abb2aea4e4c8903c180932a4a5,c7efaf8d2029ed140d67b7cbfff1c23fd33e0ffcae18f285566266c063f78e1c,NEW_011,True
F_MIX_00843,168.84390022675737,DRUM_SUPPORTED,465,168.9251700680272,172.26562499998857,-81.26984126983000,CONTEXT,F_MIX_00843,/Users/StarTrack/Development/JazzGrooveAnalyzer/docs/scientific/rfc/JGA_WHOLE_TRACK_GROOVE_FROZEN_PIPELINE_001_20260921/WHOLE_TRACK_JOINED_EVENTS.csv,810dead183772c6ee3c2ffed01cb79b2a05045abb2aea4e4c8903c180932a4a5,c7efaf8d2029ed140d67b7cbfff1c23fd33e0ffcae18f285566266c063f78e1c,NEW_011,True
F_MIX_00844,168.94839002267574,DRUM_SUPPORTED,465,168.9251700680272,172.26562499998857,23.21995464854000,PRIMARY,F_MIX_00844,/Users/StarTrack/Development/JazzGrooveAnalyzer/docs/scientific/rfc/JGA_WHOLE_TRACK_GROOVE_FROZEN_PIPELINE_001_20260921/WHOLE_TRACK_JOINED_EVENTS.csv,810dead183772c6ee3c2ffed01cb79b2a05045abb2aea4e4c8903c180932a4a5,c7efaf8d2029ed140d67b7cbfff1c23fd33e0ffcae18f285566266c063f78e1c,NEW_011,True
F_MIX_00845,169.20380952380953,DRUM_SUPPORTED,466,169.2734693877551,172.26562500000261,-69.65986394557000,CONTEXT,F_MIX_00845,/Users/StarTrack/Development/JazzGrooveAnalyzer/docs/scientific/rfc/JGA_WHOLE_TRACK_GROOVE_FROZEN_PIPELINE_001_20260921/WHOLE_TRACK_JOINED_EVENTS.csv,810dead183772c6ee3c2ffed01cb79b2a05045abb2aea4e4c8903c180932a4a5,c7efaf8d2029ed140d67b7cbfff1c23fd33e0ffcae18f285566266c063f78e1c,NEW_011,True
F_MIX_00846,169.3082993197279,DRUM_SUPPORTED,466,169.2734693877551,172.26562500000261,34.8299319728000,PRIMARY,F_MIX_00846,/Users/StarTrack/Development/JazzGrooveAnalyzer/docs/scientific/rfc/JGA_WHOLE_TRACK_GROOVE_FROZEN_PIPELINE_001_20260921/WHOLE_TRACK_JOINED_EVENTS.csv,810dead183772c6ee3c2ffed01cb79b2a05045abb2aea4e4c8903c180932a4a5,c7efaf8d2029ed140d67b7cbfff1c23fd33e0ffcae18f285566266c063f78e1c,NEW_011,True
F_MIX_00847,169.69142857142856,DRUM_SUPPORTED,467,169.621768707483,161.4990234374967,69.65986394556000,PRIMARY,F_MIX_00847,/Users/StarTrack/Development/JazzGrooveAnalyzer/docs/scientific/rfc/JGA_WHOLE_TRACK_GROOVE_FROZEN_PIPELINE_001_20260921/WHOLE_TRACK_JOINED_EVENTS.csv,810dead183772c6ee3c2ffed01cb79b2a05045abb2aea4e4c8903c180932a4a5,c7efaf8d2029ed140d67b7cbfff1c23fd33e0ffcae18f285566266c063f78e1c,NEW_011,True
F_MIX_00848,169.9004081632653,DRUM_SUPPORTED,468,169.99328798185942,172.26562500000261,-92.87981859412000,CONTEXT,F_MIX_00848,/Users/StarTrack/Development/JazzGrooveAnalyzer/docs/scientific/rfc/JGA_WHOLE_TRACK_GROOVE_FROZEN_PIPELINE_001_20260921/WHOLE_TRACK_JOINED_EVENTS.csv,810dead183772c6ee3c2ffed01cb79b2a05045abb2aea4e4c8903c180932a4a5,c7efaf8d2029ed140d67b7cbfff1c23fd33e0ffcae18f285566266c063f78e1c,NEW_011,True
F_MIX_00849,169.97006802721089,UNKNOWN,468,169.99328798185942,172.26562500000261,-23.21995464853000,PRIMARY,F_MIX_00849,/Users/StarTrack/Development/JazzGrooveAnalyzer/docs/scientific/rfc/JGA_WHOLE_TRACK_GROOVE_FROZEN_PIPELINE_001_20260921/WHOLE_TRACK_JOINED_EVENTS.csv,810dead183772c6ee3c2ffed01cb79b2a05045abb2aea4e4c8903c180932a4a5,c7efaf8d2029ed140d67b7cbfff1c23fd33e0ffcae18f285566266c063f78e1c,NEW_011,True
F_MIX_00850,170.05133786848072,DRUM_SUPPORTED,468,169.99328798185942,172.26562500000261,58.04988662130000,CONTEXT,F_MIX_00850,/Users/StarTrack/Development/JazzGrooveAnalyzer/docs/scientific/rfc/JGA_WHOLE_TRACK_GROOVE_FROZEN_PIPELINE_001_20260921/WHOLE_TRACK_JOINED_EVENTS.csv,810dead183772c6ee3c2ffed01cb79b2a05045abb2aea4e4c8903c180932a4a5,c7efaf8d2029ed140d67b7cbfff1c23fd33e0ffcae18f285566266c063f78e1c,control_170_180,True
F_MIX_00851,170.283537414966,DRUM_SUPPORTED,469,170.3415873015873,161.49902343750904,-58.0498866213000,PRIMARY,F_MIX_00851,/Users/StarTrack/Development/JazzGrooveAnalyzer/docs/scientific/rfc/JGA_WHOLE_TRACK_GROOVE_FROZEN_PIPELINE_001_20260921/WHOLE_TRACK_JOINED_EVENTS.csv,810dead183772c6ee3c2ffed01cb79b2a05045abb2aea4e4c8903c180932a4a5,c7efaf8d2029ed140d67b7cbfff1c23fd33e0ffcae18f285566266c063f78e1c,control_170_180,True
F_MIX_00852,170.41124716553287,DRUM_SUPPORTED,469,170.3415873015873,161.49902343750904,69.65986394557000,CONTEXT,F_MIX_00852,/Users/StarTrack/Development/JazzGrooveAnalyzer/docs/scientific/rfc/JGA_WHOLE_TRACK_GROOVE_FROZEN_PIPELINE_001_20260921/WHOLE_TRACK_JOINED_EVENTS.csv,810dead183772c6ee3c2ffed01cb79b2a05045abb2aea4e4c8903c180932a4a5,c7efaf8d2029ed140d67b7cbfff1c23fd33e0ffcae18f285566266c063f78e1c,control_170_180,True
F_MIX_00853,170.67827664399093,UNKNOWN,470,170.7131065759637,172.26562499998857,-34.82993197277000,PRIMARY,F_MIX_00853,/Users/StarTrack/Development/JazzGrooveAnalyzer/docs/scientific/rfc/JGA_WHOLE_TRACK_GROOVE_FROZEN_PIPELINE_001_20260921/WHOLE_TRACK_JOINED_EVENTS.csv,810dead183772c6ee3c2ffed01cb79b2a05045abb2aea4e4c8903c180932a4a5,c7efaf8d2029ed140d67b7cbfff1c23fd33e0ffcae18f285566266c063f78e1c,control_170_180,True
F_MIX_00854,170.75954648526078,DRUM_SUPPORTED,470,170.7131065759637,172.26562499998857,46.43990929708000,CONTEXT,F_MIX_00854,/Users/StarTrack/Development/JazzGrooveAnalyzer/docs/scientific/rfc/JGA_WHOLE_TRACK_GROOVE_FROZEN_PIPELINE_001_20260921/WHOLE_TRACK_JOINED_EVENTS.csv,810dead183772c6ee3c2ffed01cb79b2a05045abb2aea4e4c8903c180932a4a5,c7efaf8d2029ed140d67b7cbfff1c23fd33e0ffcae18f285566266c063f78e1c,control_170_180,True
F_MIX_00855,170.98013605442176,DRUM_SUPPORTED,471,171.06140589569162,161.49902343750904,-81.26984126986000,CONTEXT,F_MIX_00855,/Users/StarTrack/Development/JazzGrooveAnalyzer/docs/scientific/rfc/JGA_WHOLE_TRACK_GROOVE_FROZEN_PIPELINE_001_20260921/WHOLE_TRACK_JOINED_EVENTS.csv,810dead183772c6ee3c2ffed01cb79b2a05045abb2aea4e4c8903c180932a4a5,c7efaf8d2029ed140d67b7cbfff1c23fd33e0ffcae18f285566266c063f78e1c,control_170_180,True
F_MIX_00856,171.1194557823129,DRUM_SUPPORTED,471,171.06140589569162,161.49902343750904,58.04988662128000,PRIMARY,F_MIX_00856,/Users/StarTrack/Development/JazzGrooveAnalyzer/docs/scientific/rfc/JGA_WHOLE_TRACK_GROOVE_FROZEN_PIPELINE_001_20260921/WHOLE_TRACK_JOINED_EVENTS.csv,810dead183772c6ee3c2ffed01cb79b2a05045abb2aea4e4c8903c180932a4a5,c7efaf8d2029ed140d67b7cbfff1c23fd33e0ffcae18f285566266c063f78e1c,control_170_180,True
F_MIX_00857,171.36326530612246,DRUM_SUPPORTED,472,171.43292517006802,172.26562499998857,-69.65986394556000,CONTEXT,F_MIX_00857,/Users/StarTrack/Development/JazzGrooveAnalyzer/docs/scientific/rfc/JGA_WHOLE_TRACK_GROOVE_FROZEN_PIPELINE_001_20260921/WHOLE_TRACK_JOINED_EVENTS.csv,810dead183772c6ee3c2ffed01cb79b2a05045abb2aea4e4c8903c180932a4a5,c7efaf8d2029ed140d67b7cbfff1c23fd33e0ffcae18f285566266c063f78e1c,control_170_180,True
F_MIX_00858,171.46775510204083,DRUM_SUPPORTED,472,171.43292517006802,172.26562499998857,34.82993197281000,PRIMARY,F_MIX_00858,/Users/StarTrack/Development/JazzGrooveAnalyzer/docs/scientific/rfc/JGA_WHOLE_TRACK_GROOVE_FROZEN_PIPELINE_001_20260921/WHOLE_TRACK_JOINED_EVENTS.csv,810dead183772c6ee3c2ffed01cb79b2a05045abb2aea4e4c8903c180932a4a5,c7efaf8d2029ed140d67b7cbfff1c23fd33e0ffcae18f285566266c063f78e1c,control_170_180,True
F_MIX_00859,171.71156462585034,DRUM_SUPPORTED,473,171.78122448979593,161.49902343750904,-69.65986394559000,CONTEXT,F_MIX_00859,/Users/StarTrack/Development/JazzGrooveAnalyzer/docs/scientific/rfc/JGA_WHOLE_TRACK_GROOVE_FROZEN_PIPELINE_001_20260921/WHOLE_TRACK_JOINED_EVENTS.csv,810dead183772c6ee3c2ffed01cb79b2a05045abb2aea4e4c8903c180932a4a5,c7efaf8d2029ed140d67b7cbfff1c23fd33e0ffcae18f285566266c063f78e1c,control_170_180,True
F_MIX_00860,171.8508843537415,DRUM_SUPPORTED,473,171.78122448979593,161.49902343750904,69.65986394557000,PRIMARY,F_MIX_00860,/Users/StarTrack/Development/JazzGrooveAnalyzer/docs/scientific/rfc/JGA_WHOLE_TRACK_GROOVE_FROZEN_PIPELINE_001_20260921/WHOLE_TRACK_JOINED_EVENTS.csv,810dead183772c6ee3c2ffed01cb79b2a05045abb2aea4e4c8903c180932a4a5,c7efaf8d2029ed140d67b7cbfff1c23fd33e0ffcae18f285566266c063f78e1c,control_170_180,True
F_MIX_00861,172.0714739229025,DRUM_SUPPORTED,474,172.15274376417233,172.26562500000261,-81.26984126983000,CONTEXT,F_MIX_00861,/Users/StarTrack/Development/JazzGrooveAnalyzer/docs/scientific/rfc/JGA_WHOLE_TRACK_GROOVE_FROZEN_PIPELINE_001_20260921/WHOLE_TRACK_JOINED_EVENTS.csv,810dead183772c6ee3c2ffed01cb79b2a05045abb2aea4e4c8903c180932a4a5,c7efaf8d2029ed140d67b7cbfff1c23fd33e0ffcae18f285566266c063f78e1c,control_170_180,True
F_MIX_00862,172.18757369614514,DRUM_SUPPORTED,474,172.15274376417233,172.26562500000261,34.82993197281000,PRIMARY,F_MIX_00862,/Users/StarTrack/Development/JazzGrooveAnalyzer/docs/scientific/rfc/JGA_WHOLE_TRACK_GROOVE_FROZEN_PIPELINE_001_20260921/WHOLE_TRACK_JOINED_EVENTS.csv,810dead183772c6ee3c2ffed01cb79b2a05045abb2aea4e4c8903c180932a4a5,c7efaf8d2029ed140d67b7cbfff1c23fd33e0ffcae18f285566266c063f78e1c,control_170_180,True
F_MIX_00863,172.24562358276643,UNKNOWN,474,172.15274376417233,172.26562500000261,92.87981859410000,CONTEXT,F_MIX_00863,/Users/StarTrack/Development/JazzGrooveAnalyzer/docs/scientific/rfc/JGA_WHOLE_TRACK_GROOVE_FROZEN_PIPELINE_001_20260921/WHOLE_TRACK_JOINED_EVENTS.csv,810dead183772c6ee3c2ffed01cb79b2a05045abb2aea4e4c8903c180932a4a5,c7efaf8d2029ed140d67b7cbfff1c23fd33e0ffcae18f285566266c063f78e1c,control_170_180,True
F_MIX_00864,172.5474829931973,DRUM_SUPPORTED,475,172.5010430839002,161.4990234374967,46.4399092971000,PRIMARY,F_MIX_00864,/Users/StarTrack/Development/JazzGrooveAnalyzer/docs/scientific/rfc/JGA_WHOLE_TRACK_GROOVE_FROZEN_PIPELINE_001_20260921/WHOLE_TRACK_JOINED_EVENTS.csv,810dead183772c6ee3c2ffed01cb79b2a05045abb2aea4e4c8903c180932a4a5,c7efaf8d2029ed140d67b7cbfff1c23fd33e0ffcae18f285566266c063f78e1c,control_170_180,True
F_MIX_00865,172.7912925170068,DRUM_SUPPORTED,476,172.87256235827664,172.26562500000261,-81.26984126984000,CONTEXT,F_MIX_00865,/Users/StarTrack/Development/JazzGrooveAnalyzer/docs/scientific/rfc/JGA_WHOLE_TRACK_GROOVE_FROZEN_PIPELINE_001_20260921/WHOLE_TRACK_JOINED_EVENTS.csv,810dead183772c6ee3c2ffed01cb79b2a05045abb2aea4e4c8903c180932a4a5,c7efaf8d2029ed140d67b7cbfff1c23fd33e0ffcae18f285566266c063f78e1c,control_170_180,True
F_MIX_00866,172.90739229024942,DRUM_SUPPORTED,476,172.87256235827664,172.26562500000261,34.82993197278000,PRIMARY,F_MIX_00866,/Users/StarTrack/Development/JazzGrooveAnalyzer/docs/scientific/rfc/JGA_WHOLE_TRACK_GROOVE_FROZEN_PIPELINE_001_20260921/WHOLE_TRACK_JOINED_EVENTS.csv,810dead183772c6ee3c2ffed01cb79b2a05045abb2aea4e4c8903c180932a4a5,c7efaf8d2029ed140d67b7cbfff1c23fd33e0ffcae18f285566266c063f78e1c,control_170_180,True
F_MIX_00867,173.16281179138323,UNKNOWN,477,173.22086167800452,161.4990234374967,-58.04988662129000,CONTEXT,F_MIX_00867,/Users/StarTrack/Development/JazzGrooveAnalyzer/docs/scientific/rfc/JGA_WHOLE_TRACK_GROOVE_FROZEN_PIPELINE_001_20260921/WHOLE_TRACK_JOINED_EVENTS.csv,810dead183772c6ee3c2ffed01cb79b2a05045abb2aea4e4c8903c180932a4a5,c7efaf8d2029ed140d67b7cbfff1c23fd33e0ffcae18f285566266c063f78e1c,control_170_180,True
F_MIX_00868,173.25569160997733,DRUM_SUPPORTED,477,173.22086167800452,161.4990234374967,34.82993197281000,PRIMARY,F_MIX_00868,/Users/StarTrack/Development/JazzGrooveAnalyzer/docs/scientific/rfc/JGA_WHOLE_TRACK_GROOVE_FROZEN_PIPELINE_001_20260921/WHOLE_TRACK_JOINED_EVENTS.csv,810dead183772c6ee3c2ffed01cb79b2a05045abb2aea4e4c8903c180932a4a5,c7efaf8d2029ed140d67b7cbfff1c23fd33e0ffcae18f285566266c063f78e1c,control_170_180,True
F_MIX_00869,173.49950113378685,DRUM_SUPPORTED,478,173.59238095238095,172.26562500000261,-92.87981859410000,CONTEXT,F_MIX_00869,/Users/StarTrack/Development/JazzGrooveAnalyzer/docs/scientific/rfc/JGA_WHOLE_TRACK_GROOVE_FROZEN_PIPELINE_001_20260921/WHOLE_TRACK_JOINED_EVENTS.csv,810dead183772c6ee3c2ffed01cb79b2a05045abb2aea4e4c8903c180932a4a5,c7efaf8d2029ed140d67b7cbfff1c23fd33e0ffcae18f285566266c063f78e1c,control_170_180,True
F_MIX_00870,173.638820861678,DRUM_SUPPORTED,478,173.59238095238095,172.26562500000261,46.43990929705000,PRIMARY,F_MIX_00870,/Users/StarTrack/Development/JazzGrooveAnalyzer/docs/scientific/rfc/JGA_WHOLE_TRACK_GROOVE_FROZEN_PIPELINE_001_20260921/WHOLE_TRACK_JOINED_EVENTS.csv,810dead183772c6ee3c2ffed01cb79b2a05045abb2aea4e4c8903c180932a4a5,c7efaf8d2029ed140d67b7cbfff1c23fd33e0ffcae18f285566266c063f78e1c,control_170_180,True
F_MIX_00871,173.88263038548752,DRUM_SUPPORTED,479,173.94068027210884,161.4990234374967,-58.04988662132000,CONTEXT,F_MIX_00871,/Users/StarTrack/Development/JazzGrooveAnalyzer/docs/scientific/rfc/JGA_WHOLE_TRACK_GROOVE_FROZEN_PIPELINE_001_20260921/WHOLE_TRACK_JOINED_EVENTS.csv,810dead183772c6ee3c2ffed01cb79b2a05045abb2aea4e4c8903c180932a4a5,c7efaf8d2029ed140d67b7cbfff1c23fd33e0ffcae18f285566266c063f78e1c,control_170_180,True
F_MIX_00872,173.96390022675737,DRUM_SUPPORTED,479,173.94068027210884,161.4990234374967,23.21995464853000,PRIMARY,F_MIX_00872,/Users/StarTrack/Development/JazzGrooveAnalyzer/docs/scientific/rfc/JGA_WHOLE_TRACK_GROOVE_FROZEN_PIPELINE_001_20260921/WHOLE_TRACK_JOINED_EVENTS.csv,810dead183772c6ee3c2ffed01cb79b2a05045abb2aea4e4c8903c180932a4a5,c7efaf8d2029ed140d67b7cbfff1c23fd33e0ffcae18f285566266c063f78e1c,control_170_180,True
F_MIX_00873,174.09160997732425,UNKNOWN,479,173.94068027210884,161.4990234374967,150.92970521541000,CONTEXT,F_MIX_00873,/Users/StarTrack/Development/JazzGrooveAnalyzer/docs/scientific/rfc/JGA_WHOLE_TRACK_GROOVE_FROZEN_PIPELINE_001_20260921/WHOLE_TRACK_JOINED_EVENTS.csv,810dead183772c6ee3c2ffed01cb79b2a05045abb2aea4e4c8903c180932a4a5,c7efaf8d2029ed140d67b7cbfff1c23fd33e0ffcae18f285566266c063f78e1c,control_170_180,True
F_MIX_00874,174.23092970521543,UNKNOWN,480,174.31219954648526,161.4990234374967,-81.26984126983000,CONTEXT,F_MIX_00874,/Users/StarTrack/Development/JazzGrooveAnalyzer/docs/scientific/rfc/JGA_WHOLE_TRACK_GROOVE_FROZEN_PIPELINE_001_20260921/WHOLE_TRACK_JOINED_EVENTS.csv,810dead183772c6ee3c2ffed01cb79b2a05045abb2aea4e4c8903c180932a4a5,c7efaf8d2029ed140d67b7cbfff1c23fd33e0ffcae18f285566266c063f78e1c,control_170_180,True
F_MIX_00875,174.32380952380953,DRUM_SUPPORTED,480,174.31219954648526,161.4990234374967,11.60997732427000,PRIMARY,F_MIX_00875,/Users/StarTrack/Development/JazzGrooveAnalyzer/docs/scientific/rfc/JGA_WHOLE_TRACK_GROOVE_FROZEN_PIPELINE_001_20260921/WHOLE_TRACK_JOINED_EVENTS.csv,810dead183772c6ee3c2ffed01cb79b2a05045abb2aea4e4c8903c180932a4a5,c7efaf8d2029ed140d67b7cbfff1c23fd33e0ffcae18f285566266c063f78e1c,control_170_180,True
F_MIX_00876,174.60244897959183,UNKNOWN,481,174.68371882086169,172.26562500000261,-81.26984126986000,CONTEXT,F_MIX_00876,/Users/StarTrack/Development/JazzGrooveAnalyzer/docs/scientific/rfc/JGA_WHOLE_TRACK_GROOVE_FROZEN_PIPELINE_001_20260921/WHOLE_TRACK_JOINED_EVENTS.csv,810dead183772c6ee3c2ffed01cb79b2a05045abb2aea4e4c8903c180932a4a5,c7efaf8d2029ed140d67b7cbfff1c23fd33e0ffcae18f285566266c063f78e1c,control_170_180,True
F_MIX_00877,174.69532879818595,DRUM_SUPPORTED,481,174.68371882086169,172.26562500000261,11.60997732426000,PRIMARY,F_MIX_00877,/Users/StarTrack/Development/JazzGrooveAnalyzer/docs/scientific/rfc/JGA_WHOLE_TRACK_GROOVE_FROZEN_PIPELINE_001_20260921/WHOLE_TRACK_JOINED_EVENTS.csv,810dead183772c6ee3c2ffed01cb79b2a05045abb2aea4e4c8903c180932a4a5,c7efaf8d2029ed140d67b7cbfff1c23fd33e0ffcae18f285566266c063f78e1c,control_170_180,True
F_MIX_00878,174.95074829931974,DRUM_SUPPORTED,482,175.03201814058957,161.4990234374967,-81.26984126983000,CONTEXT,F_MIX_00878,/Users/StarTrack/Development/JazzGrooveAnalyzer/docs/scientific/rfc/JGA_WHOLE_TRACK_GROOVE_FROZEN_PIPELINE_001_20260921/WHOLE_TRACK_JOINED_EVENTS.csv,810dead183772c6ee3c2ffed01cb79b2a05045abb2aea4e4c8903c180932a4a5,c7efaf8d2029ed140d67b7cbfff1c23fd33e0ffcae18f285566266c063f78e1c,control_170_180,True
F_MIX_00879,174.98557823129252,UNKNOWN,482,175.03201814058957,161.4990234374967,-46.43990929705000,CONTEXT,F_MIX_00879,/Users/StarTrack/Development/JazzGrooveAnalyzer/docs/scientific/rfc/JGA_WHOLE_TRACK_GROOVE_FROZEN_PIPELINE_001_20260921/WHOLE_TRACK_JOINED_EVENTS.csv,810dead183772c6ee3c2ffed01cb79b2a05045abb2aea4e4c8903c180932a4a5,c7efaf8d2029ed140d67b7cbfff1c23fd33e0ffcae18f285566266c063f78e1c,control_170_180,True
F_MIX_00880,175.05523809523808,DRUM_SUPPORTED,482,175.03201814058957,161.4990234374967,23.21995464851000,PRIMARY,F_MIX_00880,/Users/StarTrack/Development/JazzGrooveAnalyzer/docs/scientific/rfc/JGA_WHOLE_TRACK_GROOVE_FROZEN_PIPELINE_001_20260921/WHOLE_TRACK_JOINED_EVENTS.csv,810dead183772c6ee3c2ffed01cb79b2a05045abb2aea4e4c8903c180932a4a5,c7efaf8d2029ed140d67b7cbfff1c23fd33e0ffcae18f285566266c063f78e1c,control_170_180,True
F_MIX_00881,175.22938775510204,UNKNOWN,483,175.403537414966,172.26562500000261,-174.14965986396000,CONTEXT,F_MIX_00881,/Users/StarTrack/Development/JazzGrooveAnalyzer/docs/scientific/rfc/JGA_WHOLE_TRACK_GROOVE_FROZEN_PIPELINE_001_20260921/WHOLE_TRACK_JOINED_EVENTS.csv,810dead183772c6ee3c2ffed01cb79b2a05045abb2aea4e4c8903c180932a4a5,c7efaf8d2029ed140d67b7cbfff1c23fd33e0ffcae18f285566266c063f78e1c,control_170_180,True
F_MIX_00882,175.34548752834468,UNKNOWN,483,175.403537414966,172.26562500000261,-58.04988662132000,CONTEXT,F_MIX_00882,/Users/StarTrack/Development/JazzGrooveAnalyzer/docs/scientific/rfc/JGA_WHOLE_TRACK_GROOVE_FROZEN_PIPELINE_001_20260921/WHOLE_TRACK_JOINED_EVENTS.csv,810dead183772c6ee3c2ffed01cb79b2a05045abb2aea4e4c8903c180932a4a5,c7efaf8d2029ed140d67b7cbfff1c23fd33e0ffcae18f285566266c063f78e1c,control_170_180,True
F_MIX_00883,175.4267573696145,DRUM_SUPPORTED,483,175.403537414966,172.26562500000261,23.2199546485000,PRIMARY,F_MIX_00883,/Users/StarTrack/Development/JazzGrooveAnalyzer/docs/scientific/rfc/JGA_WHOLE_TRACK_GROOVE_FROZEN_PIPELINE_001_20260921/WHOLE_TRACK_JOINED_EVENTS.csv,810dead183772c6ee3c2ffed01cb79b2a05045abb2aea4e4c8903c180932a4a5,c7efaf8d2029ed140d67b7cbfff1c23fd33e0ffcae18f285566266c063f78e1c,control_170_180,True
F_MIX_00884,175.5892970521542,UNKNOWN,484,175.75183673469388,161.4990234374967,-162.53968253968000,CONTEXT,F_MIX_00884,/Users/StarTrack/Development/JazzGrooveAnalyzer/docs/scientific/rfc/JGA_WHOLE_TRACK_GROOVE_FROZEN_PIPELINE_001_20260921/WHOLE_TRACK_JOINED_EVENTS.csv,810dead183772c6ee3c2ffed01cb79b2a05045abb2aea4e4c8903c180932a4a5,c7efaf8d2029ed140d67b7cbfff1c23fd33e0ffcae18f285566266c063f78e1c,control_170_180,True
F_MIX_00885,175.69378684807256,UNKNOWN,484,175.75183673469388,161.4990234374967,-58.04988662132000,CONTEXT,F_MIX_00885,/Users/StarTrack/Development/JazzGrooveAnalyzer/docs/scientific/rfc/JGA_WHOLE_TRACK_GROOVE_FROZEN_PIPELINE_001_20260921/WHOLE_TRACK_JOINED_EVENTS.csv,810dead183772c6ee3c2ffed01cb79b2a05045abb2aea4e4c8903c180932a4a5,c7efaf8d2029ed140d67b7cbfff1c23fd33e0ffcae18f285566266c063f78e1c,control_170_180,True
F_MIX_00886,175.79827664399093,DRUM_SUPPORTED,484,175.75183673469388,161.4990234374967,46.43990929705000,PRIMARY,F_MIX_00886,/Users/StarTrack/Development/JazzGrooveAnalyzer/docs/scientific/rfc/JGA_WHOLE_TRACK_GROOVE_FROZEN_PIPELINE_001_20260921/WHOLE_TRACK_JOINED_EVENTS.csv,810dead183772c6ee3c2ffed01cb79b2a05045abb2aea4e4c8903c180932a4a5,c7efaf8d2029ed140d67b7cbfff1c23fd33e0ffcae18f285566266c063f78e1c,control_170_180,True
F_MIX_00887,175.96081632653062,UNKNOWN,485,176.1233560090703,172.26562500000261,-162.53968253968000,CONTEXT,F_MIX_00887,/Users/StarTrack/Development/JazzGrooveAnalyzer/docs/scientific/rfc/JGA_WHOLE_TRACK_GROOVE_FROZEN_PIPELINE_001_20260921/WHOLE_TRACK_JOINED_EVENTS.csv,810dead183772c6ee3c2ffed01cb79b2a05045abb2aea4e4c8903c180932a4a5,c7efaf8d2029ed140d67b7cbfff1c23fd33e0ffcae18f285566266c063f78e1c,control_170_180,True
F_MIX_00888,176.065306122449,UNKNOWN,485,176.1233560090703,172.26562500000261,-58.0498866213000,CONTEXT,F_MIX_00888,/Users/StarTrack/Development/JazzGrooveAnalyzer/docs/scientific/rfc/JGA_WHOLE_TRACK_GROOVE_FROZEN_PIPELINE_001_20260921/WHOLE_TRACK_JOINED_EVENTS.csv,810dead183772c6ee3c2ffed01cb79b2a05045abb2aea4e4c8903c180932a4a5,c7efaf8d2029ed140d67b7cbfff1c23fd33e0ffcae18f285566266c063f78e1c,control_170_180,True
F_MIX_00889,176.13496598639455,DRUM_SUPPORTED,485,176.1233560090703,172.26562500000261,11.60997732425000,PRIMARY,F_MIX_00889,/Users/StarTrack/Development/JazzGrooveAnalyzer/docs/scientific/rfc/JGA_WHOLE_TRACK_GROOVE_FROZEN_PIPELINE_001_20260921/WHOLE_TRACK_JOINED_EVENTS.csv,810dead183772c6ee3c2ffed01cb79b2a05045abb2aea4e4c8903c180932a4a5,c7efaf8d2029ed140d67b7cbfff1c23fd33e0ffcae18f285566266c063f78e1c,control_170_180,True
F_MIX_00890,176.32072562358277,UNKNOWN,486,176.4716553287982,161.4990234374967,-150.92970521543000,CONTEXT,F_MIX_00890,/Users/StarTrack/Development/JazzGrooveAnalyzer/docs/scientific/rfc/JGA_WHOLE_TRACK_GROOVE_FROZEN_PIPELINE_001_20260921/WHOLE_TRACK_JOINED_EVENTS.csv,810dead183772c6ee3c2ffed01cb79b2a05045abb2aea4e4c8903c180932a4a5,c7efaf8d2029ed140d67b7cbfff1c23fd33e0ffcae18f285566266c063f78e1c,control_170_180,True
F_MIX_00891,176.43682539682538,UNKNOWN,486,176.4716553287982,161.4990234374967,-34.82993197282000,PRIMARY,F_MIX_00891,/Users/StarTrack/Development/JazzGrooveAnalyzer/docs/scientific/rfc/JGA_WHOLE_TRACK_GROOVE_FROZEN_PIPELINE_001_20260921/WHOLE_TRACK_JOINED_EVENTS.csv,810dead183772c6ee3c2ffed01cb79b2a05045abb2aea4e4c8903c180932a4a5,c7efaf8d2029ed140d67b7cbfff1c23fd33e0ffcae18f285566266c063f78e1c,control_170_180,True
F_MIX_00892,176.5297052154195,DRUM_SUPPORTED,486,176.4716553287982,161.4990234374967,58.0498866213000,CONTEXT,F_MIX_00892,/Users/StarTrack/Development/JazzGrooveAnalyzer/docs/scientific/rfc/JGA_WHOLE_TRACK_GROOVE_FROZEN_PIPELINE_001_20260921/WHOLE_TRACK_JOINED_EVENTS.csv,810dead183772c6ee3c2ffed01cb79b2a05045abb2aea4e4c8903c180932a4a5,c7efaf8d2029ed140d67b7cbfff1c23fd33e0ffcae18f285566266c063f78e1c,control_170_180,True
F_MIX_00893,176.79673469387754,DRUM_SUPPORTED,487,176.84317460317462,172.26562500000261,-46.43990929708000,PRIMARY,F_MIX_00893,/Users/StarTrack/Development/JazzGrooveAnalyzer/docs/scientific/rfc/JGA_WHOLE_TRACK_GROOVE_FROZEN_PIPELINE_001_20260921/WHOLE_TRACK_JOINED_EVENTS.csv,810dead183772c6ee3c2ffed01cb79b2a05045abb2aea4e4c8903c180932a4a5,c7efaf8d2029ed140d67b7cbfff1c23fd33e0ffcae18f285566266c063f78e1c,control_170_180,True
F_MIX_00894,177.16825396825396,UNKNOWN,488,177.1914739229025,161.49902343750904,-23.21995464854000,PRIMARY,F_MIX_00894,/Users/StarTrack/Development/JazzGrooveAnalyzer/docs/scientific/rfc/JGA_WHOLE_TRACK_GROOVE_FROZEN_PIPELINE_001_20260921/WHOLE_TRACK_JOINED_EVENTS.csv,810dead183772c6ee3c2ffed01cb79b2a05045abb2aea4e4c8903c180932a4a5,c7efaf8d2029ed140d67b7cbfff1c23fd33e0ffcae18f285566266c063f78e1c,control_170_180,True
F_MIX_00895,177.24952380952382,DRUM_SUPPORTED,488,177.1914739229025,161.49902343750904,58.04988662132000,CONTEXT,F_MIX_00895,/Users/StarTrack/Development/JazzGrooveAnalyzer/docs/scientific/rfc/JGA_WHOLE_TRACK_GROOVE_FROZEN_PIPELINE_001_20260921/WHOLE_TRACK_JOINED_EVENTS.csv,810dead183772c6ee3c2ffed01cb79b2a05045abb2aea4e4c8903c180932a4a5,c7efaf8d2029ed140d67b7cbfff1c23fd33e0ffcae18f285566266c063f78e1c,control_170_180,True
F_MIX_00896,177.5978231292517,DRUM_SUPPORTED,489,177.5629931972789,172.26562499998857,34.8299319728000,PRIMARY,F_MIX_00896,/Users/StarTrack/Development/JazzGrooveAnalyzer/docs/scientific/rfc/JGA_WHOLE_TRACK_GROOVE_FROZEN_PIPELINE_001_20260921/WHOLE_TRACK_JOINED_EVENTS.csv,810dead183772c6ee3c2ffed01cb79b2a05045abb2aea4e4c8903c180932a4a5,c7efaf8d2029ed140d67b7cbfff1c23fd33e0ffcae18f285566266c063f78e1c,control_170_180,True
F_MIX_00897,177.86485260770976,DRUM_SUPPORTED,490,177.9112925170068,161.49902343750904,-46.43990929704000,PRIMARY,F_MIX_00897,/Users/StarTrack/Development/JazzGrooveAnalyzer/docs/scientific/rfc/JGA_WHOLE_TRACK_GROOVE_FROZEN_PIPELINE_001_20260921/WHOLE_TRACK_JOINED_EVENTS.csv,810dead183772c6ee3c2ffed01cb79b2a05045abb2aea4e4c8903c180932a4a5,c7efaf8d2029ed140d67b7cbfff1c23fd33e0ffcae18f285566266c063f78e1c,control_170_180,True
F_MIX_00898,178.23637188208616,UNKNOWN,491,178.2828117913832,172.26562499998857,-46.43990929704000,PRIMARY,F_MIX_00898,/Users/StarTrack/Development/JazzGrooveAnalyzer/docs/scientific/rfc/JGA_WHOLE_TRACK_GROOVE_FROZEN_PIPELINE_001_20260921/WHOLE_TRACK_JOINED_EVENTS.csv,810dead183772c6ee3c2ffed01cb79b2a05045abb2aea4e4c8903c180932a4a5,c7efaf8d2029ed140d67b7cbfff1c23fd33e0ffcae18f285566266c063f78e1c,control_170_180,True
F_MIX_00899,178.32925170068026,DRUM_SUPPORTED,491,178.2828117913832,172.26562499998857,46.43990929706000,CONTEXT,F_MIX_00899,/Users/StarTrack/Development/JazzGrooveAnalyzer/docs/scientific/rfc/JGA_WHOLE_TRACK_GROOVE_FROZEN_PIPELINE_001_20260921/WHOLE_TRACK_JOINED_EVENTS.csv,810dead183772c6ee3c2ffed01cb79b2a05045abb2aea4e4c8903c180932a4a5,c7efaf8d2029ed140d67b7cbfff1c23fd33e0ffcae18f285566266c063f78e1c,control_170_180,True
F_MIX_00900,178.5730612244898,DRUM_SUPPORTED,492,178.63111111111112,161.49902343750904,-58.04988662132000,PRIMARY,F_MIX_00900,/Users/StarTrack/Development/JazzGrooveAnalyzer/docs/scientific/rfc/JGA_WHOLE_TRACK_GROOVE_FROZEN_PIPELINE_001_20260921/WHOLE_TRACK_JOINED_EVENTS.csv,810dead183772c6ee3c2ffed01cb79b2a05045abb2aea4e4c8903c180932a4a5,c7efaf8d2029ed140d67b7cbfff1c23fd33e0ffcae18f285566266c063f78e1c,control_170_180,True
F_MIX_00901,179.03746031746033,DRUM_SUPPORTED,493,179.00263038548752,161.4990234374967,34.82993197281000,PRIMARY,F_MIX_00901,/Users/StarTrack/Development/JazzGrooveAnalyzer/docs/scientific/rfc/JGA_WHOLE_TRACK_GROOVE_FROZEN_PIPELINE_001_20260921/WHOLE_TRACK_JOINED_EVENTS.csv,810dead183772c6ee3c2ffed01cb79b2a05045abb2aea4e4c8903c180932a4a5,c7efaf8d2029ed140d67b7cbfff1c23fd33e0ffcae18f285566266c063f78e1c,control_170_180,True
F_MIX_00902,179.39736961451248,DRUM_SUPPORTED,494,179.37414965986395,172.26562500000261,23.21995464853000,PRIMARY,F_MIX_00902,/Users/StarTrack/Development/JazzGrooveAnalyzer/docs/scientific/rfc/JGA_WHOLE_TRACK_GROOVE_FROZEN_PIPELINE_001_20260921/WHOLE_TRACK_JOINED_EVENTS.csv,810dead183772c6ee3c2ffed01cb79b2a05045abb2aea4e4c8903c180932a4a5,c7efaf8d2029ed140d67b7cbfff1c23fd33e0ffcae18f285566266c063f78e1c,control_170_180,True
F_MIX_00903,179.74566893424037,DRUM_SUPPORTED,495,179.72244897959183,161.4990234374967,23.21995464854000,PRIMARY,F_MIX_00903,/Users/StarTrack/Development/JazzGrooveAnalyzer/docs/scientific/rfc/JGA_WHOLE_TRACK_GROOVE_FROZEN_PIPELINE_001_20260921/WHOLE_TRACK_JOINED_EVENTS.csv,810dead183772c6ee3c2ffed01cb79b2a05045abb2aea4e4c8903c180932a4a5,c7efaf8d2029ed140d67b7cbfff1c23fd33e0ffcae18f285566266c063f78e1c,control_170_180,True
F_MIX_00904,180.01269841269843,DRUM_SUPPORTED,496,180.09396825396826,161.4990234374967,-81.26984126983000,CONTEXT,F_MIX_00904,/Users/StarTrack/Development/JazzGrooveAnalyzer/docs/scientific/rfc/JGA_WHOLE_TRACK_GROOVE_FROZEN_PIPELINE_001_20260921/WHOLE_TRACK_JOINED_EVENTS.csv,810dead183772c6ee3c2ffed01cb79b2a05045abb2aea4e4c8903c180932a4a5,c7efaf8d2029ed140d67b7cbfff1c23fd33e0ffcae18f285566266c063f78e1c,NEW_012,True
F_MIX_00905,180.12879818594104,DRUM_SUPPORTED,496,180.09396825396826,161.4990234374967,34.82993197278000,PRIMARY,F_MIX_00905,/Users/StarTrack/Development/JazzGrooveAnalyzer/docs/scientific/rfc/JGA_WHOLE_TRACK_GROOVE_FROZEN_PIPELINE_001_20260921/WHOLE_TRACK_JOINED_EVENTS.csv,810dead183772c6ee3c2ffed01cb79b2a05045abb2aea4e4c8903c180932a4a5,c7efaf8d2029ed140d67b7cbfff1c23fd33e0ffcae18f285566266c063f78e1c,NEW_012,True
F_MIX_00906,180.3958276643991,DRUM_SUPPORTED,497,180.46548752834468,161.49902343750904,-69.65986394558000,CONTEXT,F_MIX_00906,/Users/StarTrack/Development/JazzGrooveAnalyzer/docs/scientific/rfc/JGA_WHOLE_TRACK_GROOVE_FROZEN_PIPELINE_001_20260921/WHOLE_TRACK_JOINED_EVENTS.csv,810dead183772c6ee3c2ffed01cb79b2a05045abb2aea4e4c8903c180932a4a5,c7efaf8d2029ed140d67b7cbfff1c23fd33e0ffcae18f285566266c063f78e1c,NEW_012,True
F_MIX_00907,180.4887074829932,DRUM_SUPPORTED,497,180.46548752834468,161.49902343750904,23.21995464852000,PRIMARY,F_MIX_00907,/Users/StarTrack/Development/JazzGrooveAnalyzer/docs/scientific/rfc/JGA_WHOLE_TRACK_GROOVE_FROZEN_PIPELINE_001_20260921/WHOLE_TRACK_JOINED_EVENTS.csv,810dead183772c6ee3c2ffed01cb79b2a05045abb2aea4e4c8903c180932a4a5,c7efaf8d2029ed140d67b7cbfff1c23fd33e0ffcae18f285566266c063f78e1c,NEW_012,True
F_MIX_00908,180.74412698412698,DRUM_SUPPORTED,498,180.83700680272108,161.4990234374967,-92.87981859410000,CONTEXT,F_MIX_00908,/Users/StarTrack/Development/JazzGrooveAnalyzer/docs/scientific/rfc/JGA_WHOLE_TRACK_GROOVE_FROZEN_PIPELINE_001_20260921/WHOLE_TRACK_JOINED_EVENTS.csv,810dead183772c6ee3c2ffed01cb79b2a05045abb2aea4e4c8903c180932a4a5,c7efaf8d2029ed140d67b7cbfff1c23fd33e0ffcae18f285566266c063f78e1c,NEW_012,True
F_MIX_00909,180.84861678004535,DRUM_SUPPORTED,498,180.83700680272108,161.4990234374967,11.60997732427000,PRIMARY,F_MIX_00909,/Users/StarTrack/Development/JazzGrooveAnalyzer/docs/scientific/rfc/JGA_WHOLE_TRACK_GROOVE_FROZEN_PIPELINE_001_20260921/WHOLE_TRACK_JOINED_EVENTS.csv,810dead183772c6ee3c2ffed01cb79b2a05045abb2aea4e4c8903c180932a4a5,c7efaf8d2029ed140d67b7cbfff1c23fd33e0ffcae18f285566266c063f78e1c,NEW_012,True
F_MIX_00910,180.8950566893424,DRUM_SUPPORTED,498,180.83700680272108,161.4990234374967,58.04988662132000,CONTEXT,F_MIX_00910,/Users/StarTrack/Development/JazzGrooveAnalyzer/docs/scientific/rfc/JGA_WHOLE_TRACK_GROOVE_FROZEN_PIPELINE_001_20260921/WHOLE_TRACK_JOINED_EVENTS.csv,810dead183772c6ee3c2ffed01cb79b2a05045abb2aea4e4c8903c180932a4a5,c7efaf8d2029ed140d67b7cbfff1c23fd33e0ffcae18f285566266c063f78e1c,NEW_012,True
F_MIX_00911,181.23174603174604,DRUM_SUPPORTED,499,181.2085260770975,161.4990234374967,23.21995464854000,PRIMARY,F_MIX_00911,/Users/StarTrack/Development/JazzGrooveAnalyzer/docs/scientific/rfc/JGA_WHOLE_TRACK_GROOVE_FROZEN_PIPELINE_001_20260921/WHOLE_TRACK_JOINED_EVENTS.csv,810dead183772c6ee3c2ffed01cb79b2a05045abb2aea4e4c8903c180932a4a5,c7efaf8d2029ed140d67b7cbfff1c23fd33e0ffcae18f285566266c063f78e1c,NEW_012,True
F_MIX_00912,181.48716553287983,DRUM_SUPPORTED,500,181.58004535147393,172.26562500000261,-92.87981859410000,CONTEXT,F_MIX_00912,/Users/StarTrack/Development/JazzGrooveAnalyzer/docs/scientific/rfc/JGA_WHOLE_TRACK_GROOVE_FROZEN_PIPELINE_001_20260921/WHOLE_TRACK_JOINED_EVENTS.csv,810dead183772c6ee3c2ffed01cb79b2a05045abb2aea4e4c8903c180932a4a5,c7efaf8d2029ed140d67b7cbfff1c23fd33e0ffcae18f285566266c063f78e1c,NEW_012,True
F_MIX_00913,181.56843537414966,UNKNOWN,500,181.58004535147393,172.26562500000261,-11.60997732427000,PRIMARY,F_MIX_00913,/Users/StarTrack/Development/JazzGrooveAnalyzer/docs/scientific/rfc/JGA_WHOLE_TRACK_GROOVE_FROZEN_PIPELINE_001_20260921/WHOLE_TRACK_JOINED_EVENTS.csv,810dead183772c6ee3c2ffed01cb79b2a05045abb2aea4e4c8903c180932a4a5,c7efaf8d2029ed140d67b7cbfff1c23fd33e0ffcae18f285566266c063f78e1c,NEW_012,True
F_MIX_00914,181.62648526077098,DRUM_SUPPORTED,500,181.58004535147393,172.26562500000261,46.43990929705000,CONTEXT,F_MIX_00914,/Users/StarTrack/Development/JazzGrooveAnalyzer/docs/scientific/rfc/JGA_WHOLE_TRACK_GROOVE_FROZEN_PIPELINE_001_20260921/WHOLE_TRACK_JOINED_EVENTS.csv,810dead183772c6ee3c2ffed01cb79b2a05045abb2aea4e4c8903c180932a4a5,c7efaf8d2029ed140d67b7cbfff1c23fd33e0ffcae18f285566266c063f78e1c,NEW_012,True
F_MIX_00915,181.8702947845805,UNKNOWN,501,181.9283446712018,161.4990234374967,-58.0498866213000,CONTEXT,F_MIX_00915,/Users/StarTrack/Development/JazzGrooveAnalyzer/docs/scientific/rfc/JGA_WHOLE_TRACK_GROOVE_FROZEN_PIPELINE_001_20260921/WHOLE_TRACK_JOINED_EVENTS.csv,810dead183772c6ee3c2ffed01cb79b2a05045abb2aea4e4c8903c180932a4a5,c7efaf8d2029ed140d67b7cbfff1c23fd33e0ffcae18f285566266c063f78e1c,NEW_012,True
F_MIX_00916,181.95156462585035,DRUM_SUPPORTED,501,181.9283446712018,161.4990234374967,23.21995464855000,PRIMARY,F_MIX_00916,/Users/StarTrack/Development/JazzGrooveAnalyzer/docs/scientific/rfc/JGA_WHOLE_TRACK_GROOVE_FROZEN_PIPELINE_001_20260921/WHOLE_TRACK_JOINED_EVENTS.csv,810dead183772c6ee3c2ffed01cb79b2a05045abb2aea4e4c8903c180932a4a5,c7efaf8d2029ed140d67b7cbfff1c23fd33e0ffcae18f285566266c063f78e1c,NEW_012,True
F_MIX_00917,182.20698412698414,DRUM_SUPPORTED,502,182.29986394557824,172.26562500000261,-92.87981859410000,CONTEXT,F_MIX_00917,/Users/StarTrack/Development/JazzGrooveAnalyzer/docs/scientific/rfc/JGA_WHOLE_TRACK_GROOVE_FROZEN_PIPELINE_001_20260921/WHOLE_TRACK_JOINED_EVENTS.csv,810dead183772c6ee3c2ffed01cb79b2a05045abb2aea4e4c8903c180932a4a5,c7efaf8d2029ed140d67b7cbfff1c23fd33e0ffcae18f285566266c063f78e1c,NEW_012,True
F_MIX_00918,182.29986394557824,UNKNOWN,502,182.29986394557824,172.26562500000261,0E-14,PRIMARY,F_MIX_00918,/Users/StarTrack/Development/JazzGrooveAnalyzer/docs/scientific/rfc/JGA_WHOLE_TRACK_GROOVE_FROZEN_PIPELINE_001_20260921/WHOLE_TRACK_JOINED_EVENTS.csv,810dead183772c6ee3c2ffed01cb79b2a05045abb2aea4e4c8903c180932a4a5,c7efaf8d2029ed140d67b7cbfff1c23fd33e0ffcae18f285566266c063f78e1c,NEW_012,True
F_MIX_00919,182.35791383219956,DRUM_SUPPORTED,502,182.29986394557824,172.26562500000261,58.04988662132000,CONTEXT,F_MIX_00919,/Users/StarTrack/Development/JazzGrooveAnalyzer/docs/scientific/rfc/JGA_WHOLE_TRACK_GROOVE_FROZEN_PIPELINE_001_20260921/WHOLE_TRACK_JOINED_EVENTS.csv,810dead183772c6ee3c2ffed01cb79b2a05045abb2aea4e4c8903c180932a4a5,c7efaf8d2029ed140d67b7cbfff1c23fd33e0ffcae18f285566266c063f78e1c,NEW_012,True
F_MIX_00920,182.6829931972789,DRUM_SUPPORTED,503,182.64816326530612,161.4990234374967,34.82993197278000,PRIMARY,F_MIX_00920,/Users/StarTrack/Development/JazzGrooveAnalyzer/docs/scientific/rfc/JGA_WHOLE_TRACK_GROOVE_FROZEN_PIPELINE_001_20260921/WHOLE_TRACK_JOINED_EVENTS.csv,810dead183772c6ee3c2ffed01cb79b2a05045abb2aea4e4c8903c180932a4a5,c7efaf8d2029ed140d67b7cbfff1c23fd33e0ffcae18f285566266c063f78e1c,NEW_012,True
F_MIX_00921,182.95002267573696,DRUM_SUPPORTED,504,183.01968253968255,172.26562500000261,-69.65986394559000,CONTEXT,F_MIX_00921,/Users/StarTrack/Development/JazzGrooveAnalyzer/docs/scientific/rfc/JGA_WHOLE_TRACK_GROOVE_FROZEN_PIPELINE_001_20260921/WHOLE_TRACK_JOINED_EVENTS.csv,810dead183772c6ee3c2ffed01cb79b2a05045abb2aea4e4c8903c180932a4a5,c7efaf8d2029ed140d67b7cbfff1c23fd33e0ffcae18f285566266c063f78e1c,NEW_012,True
F_MIX_00922,183.04290249433106,DRUM_SUPPORTED,504,183.01968253968255,172.26562500000261,23.21995464851000,PRIMARY,F_MIX_00922,/Users/StarTrack/Development/JazzGrooveAnalyzer/docs/scientific/rfc/JGA_WHOLE_TRACK_GROOVE_FROZEN_PIPELINE_001_20260921/WHOLE_TRACK_JOINED_EVENTS.csv,810dead183772c6ee3c2ffed01cb79b2a05045abb2aea4e4c8903c180932a4a5,c7efaf8d2029ed140d67b7cbfff1c23fd33e0ffcae18f285566266c063f78e1c,NEW_012,True
F_MIX_00923,183.658231292517,DRUM_SUPPORTED,506,183.71628117913832,172.26562500000261,-58.04988662132000,CONTEXT,F_MIX_00923,/Users/StarTrack/Development/JazzGrooveAnalyzer/docs/scientific/rfc/JGA_WHOLE_TRACK_GROOVE_FROZEN_PIPELINE_001_20260921/WHOLE_TRACK_JOINED_EVENTS.csv,810dead183772c6ee3c2ffed01cb79b2a05045abb2aea4e4c8903c180932a4a5,c7efaf8d2029ed140d67b7cbfff1c23fd33e0ffcae18f285566266c063f78e1c,NEW_012,True
F_MIX_00924,183.7511111111111,DRUM_SUPPORTED,506,183.71628117913832,172.26562500000261,34.82993197278000,PRIMARY,F_MIX_00924,/Users/StarTrack/Development/JazzGrooveAnalyzer/docs/scientific/rfc/JGA_WHOLE_TRACK_GROOVE_FROZEN_PIPELINE_001_20260921/WHOLE_TRACK_JOINED_EVENTS.csv,810dead183772c6ee3c2ffed01cb79b2a05045abb2aea4e4c8903c180932a4a5,c7efaf8d2029ed140d67b7cbfff1c23fd33e0ffcae18f285566266c063f78e1c,NEW_012,True
F_MIX_00925,183.79755102040815,DRUM_SUPPORTED,506,183.71628117913832,172.26562500000261,81.26984126983000,CONTEXT,F_MIX_00925,/Users/StarTrack/Development/JazzGrooveAnalyzer/docs/scientific/rfc/JGA_WHOLE_TRACK_GROOVE_FROZEN_PIPELINE_001_20260921/WHOLE_TRACK_JOINED_EVENTS.csv,810dead183772c6ee3c2ffed01cb79b2a05045abb2aea4e4c8903c180932a4a5,c7efaf8d2029ed140d67b7cbfff1c23fd33e0ffcae18f285566266c063f78e1c,NEW_012,True
F_MIX_00926,183.98331065759638,DRUM_SUPPORTED,507,184.0645804988662,161.4990234374967,-81.26984126982000,CONTEXT,F_MIX_00926,/Users/StarTrack/Development/JazzGrooveAnalyzer/docs/scientific/rfc/JGA_WHOLE_TRACK_GROOVE_FROZEN_PIPELINE_001_20260921/WHOLE_TRACK_JOINED_EVENTS.csv,810dead183772c6ee3c2ffed01cb79b2a05045abb2aea4e4c8903c180932a4a5,c7efaf8d2029ed140d67b7cbfff1c23fd33e0ffcae18f285566266c063f78e1c,NEW_012,True
F_MIX_00927,184.02975056689343,UNKNOWN,507,184.0645804988662,161.4990234374967,-34.82993197277000,PRIMARY,F_MIX_00927,/Users/StarTrack/Development/JazzGrooveAnalyzer/docs/scientific/rfc/JGA_WHOLE_TRACK_GROOVE_FROZEN_PIPELINE_001_20260921/WHOLE_TRACK_JOINED_EVENTS.csv,810dead183772c6ee3c2ffed01cb79b2a05045abb2aea4e4c8903c180932a4a5,c7efaf8d2029ed140d67b7cbfff1c23fd33e0ffcae18f285566266c063f78e1c,NEW_012,True
F_MIX_00928,184.12263038548753,DRUM_SUPPORTED,507,184.0645804988662,161.4990234374967,58.04988662133000,CONTEXT,F_MIX_00928,/Users/StarTrack/Development/JazzGrooveAnalyzer/docs/scientific/rfc/JGA_WHOLE_TRACK_GROOVE_FROZEN_PIPELINE_001_20260921/WHOLE_TRACK_JOINED_EVENTS.csv,810dead183772c6ee3c2ffed01cb79b2a05045abb2aea4e4c8903c180932a4a5,c7efaf8d2029ed140d67b7cbfff1c23fd33e0ffcae18f285566266c063f78e1c,NEW_012,True
F_MIX_00929,184.3548299319728,UNKNOWN,508,184.43609977324263,172.26562500000261,-81.26984126983000,CONTEXT,F_MIX_00929,/Users/StarTrack/Development/JazzGrooveAnalyzer/docs/scientific/rfc/JGA_WHOLE_TRACK_GROOVE_FROZEN_PIPELINE_001_20260921/WHOLE_TRACK_JOINED_EVENTS.csv,810dead183772c6ee3c2ffed01cb79b2a05045abb2aea4e4c8903c180932a4a5,c7efaf8d2029ed140d67b7cbfff1c23fd33e0ffcae18f285566266c063f78e1c,NEW_012,True
F_MIX_00930,184.45931972789117,DRUM_SUPPORTED,508,184.43609977324263,172.26562500000261,23.21995464854000,PRIMARY,F_MIX_00930,/Users/StarTrack/Development/JazzGrooveAnalyzer/docs/scientific/rfc/JGA_WHOLE_TRACK_GROOVE_FROZEN_PIPELINE_001_20260921/WHOLE_TRACK_JOINED_EVENTS.csv,810dead183772c6ee3c2ffed01cb79b2a05045abb2aea4e4c8903c180932a4a5,c7efaf8d2029ed140d67b7cbfff1c23fd33e0ffcae18f285566266c063f78e1c,NEW_012,True
F_MIX_00931,184.74956916099774,UNKNOWN,509,184.78439909297052,161.4990234374967,-34.82993197278000,PRIMARY,F_MIX_00931,/Users/StarTrack/Development/JazzGrooveAnalyzer/docs/scientific/rfc/JGA_WHOLE_TRACK_GROOVE_FROZEN_PIPELINE_001_20260921/WHOLE_TRACK_JOINED_EVENTS.csv,810dead183772c6ee3c2ffed01cb79b2a05045abb2aea4e4c8903c180932a4a5,c7efaf8d2029ed140d67b7cbfff1c23fd33e0ffcae18f285566266c063f78e1c,NEW_012,True
F_MIX_00932,184.84244897959184,DRUM_SUPPORTED,509,184.78439909297052,161.4990234374967,58.04988662132000,CONTEXT,F_MIX_00932,/Users/StarTrack/Development/JazzGrooveAnalyzer/docs/scientific/rfc/JGA_WHOLE_TRACK_GROOVE_FROZEN_PIPELINE_001_20260921/WHOLE_TRACK_JOINED_EVENTS.csv,810dead183772c6ee3c2ffed01cb79b2a05045abb2aea4e4c8903c180932a4a5,c7efaf8d2029ed140d67b7cbfff1c23fd33e0ffcae18f285566266c063f78e1c,NEW_012,True
F_MIX_00933,185.05142857142857,DRUM_SUPPORTED,510,185.15591836734694,172.26562500000261,-104.48979591837000,CONTEXT,F_MIX_00933,/Users/StarTrack/Development/JazzGrooveAnalyzer/docs/scientific/rfc/JGA_WHOLE_TRACK_GROOVE_FROZEN_PIPELINE_001_20260921/WHOLE_TRACK_JOINED_EVENTS.csv,810dead183772c6ee3c2ffed01cb79b2a05045abb2aea4e4c8903c180932a4a5,c7efaf8d2029ed140d67b7cbfff1c23fd33e0ffcae18f285566266c063f78e1c,NEW_012,True
F_MIX_00934,185.17913832199545,DRUM_SUPPORTED,510,185.15591836734694,172.26562500000261,23.21995464851000,PRIMARY,F_MIX_00934,/Users/StarTrack/Development/JazzGrooveAnalyzer/docs/scientific/rfc/JGA_WHOLE_TRACK_GROOVE_FROZEN_PIPELINE_001_20260921/WHOLE_TRACK_JOINED_EVENTS.csv,810dead183772c6ee3c2ffed01cb79b2a05045abb2aea4e4c8903c180932a4a5,c7efaf8d2029ed140d67b7cbfff1c23fd33e0ffcae18f285566266c063f78e1c,NEW_012,True
F_MIX_00935,185.5390476190476,DRUM_SUPPORTED,511,185.50421768707483,161.4990234374967,34.82993197277000,PRIMARY,F_MIX_00935,/Users/StarTrack/Development/JazzGrooveAnalyzer/docs/scientific/rfc/JGA_WHOLE_TRACK_GROOVE_FROZEN_PIPELINE_001_20260921/WHOLE_TRACK_JOINED_EVENTS.csv,810dead183772c6ee3c2ffed01cb79b2a05045abb2aea4e4c8903c180932a4a5,c7efaf8d2029ed140d67b7cbfff1c23fd33e0ffcae18f285566266c063f78e1c,NEW_012,True
F_MIX_00936,185.80607709750566,DRUM_SUPPORTED,512,185.87573696145125,161.4990234374967,-69.65986394559000,CONTEXT,F_MIX_00936,/Users/StarTrack/Development/JazzGrooveAnalyzer/docs/scientific/rfc/JGA_WHOLE_TRACK_GROOVE_FROZEN_PIPELINE_001_20260921/WHOLE_TRACK_JOINED_EVENTS.csv,810dead183772c6ee3c2ffed01cb79b2a05045abb2aea4e4c8903c180932a4a5,c7efaf8d2029ed140d67b7cbfff1c23fd33e0ffcae18f285566266c063f78e1c,NEW_012,True
F_MIX_00937,185.9221768707483,DRUM_SUPPORTED,512,185.87573696145125,161.4990234374967,46.43990929705000,PRIMARY,F_MIX_00937,/Users/StarTrack/Development/JazzGrooveAnalyzer/docs/scientific/rfc/JGA_WHOLE_TRACK_GROOVE_FROZEN_PIPELINE_001_20260921/WHOLE_TRACK_JOINED_EVENTS.csv,810dead183772c6ee3c2ffed01cb79b2a05045abb2aea4e4c8903c180932a4a5,c7efaf8d2029ed140d67b7cbfff1c23fd33e0ffcae18f285566266c063f78e1c,NEW_012,True
F_MIX_00938,186.1427664399093,DRUM_SUPPORTED,513,186.24725623582768,161.49902343750904,-104.48979591838000,CONTEXT,F_MIX_00938,/Users/StarTrack/Development/JazzGrooveAnalyzer/docs/scientific/rfc/JGA_WHOLE_TRACK_GROOVE_FROZEN_PIPELINE_001_20260921/WHOLE_TRACK_JOINED_EVENTS.csv,810dead183772c6ee3c2ffed01cb79b2a05045abb2aea4e4c8903c180932a4a5,c7efaf8d2029ed140d67b7cbfff1c23fd33e0ffcae18f285566266c063f78e1c,NEW_012,True
F_MIX_00939,186.28208616780046,DRUM_SUPPORTED,513,186.24725623582768,161.49902343750904,34.82993197278000,PRIMARY,F_MIX_00939,/Users/StarTrack/Development/JazzGrooveAnalyzer/docs/scientific/rfc/JGA_WHOLE_TRACK_GROOVE_FROZEN_PIPELINE_001_20260921/WHOLE_TRACK_JOINED_EVENTS.csv,810dead183772c6ee3c2ffed01cb79b2a05045abb2aea4e4c8903c180932a4a5,c7efaf8d2029ed140d67b7cbfff1c23fd33e0ffcae18f285566266c063f78e1c,NEW_012,True
F_MIX_00940,186.6419954648526,DRUM_SUPPORTED,514,186.61877551020407,161.4990234374967,23.21995464853000,PRIMARY,F_MIX_00940,/Users/StarTrack/Development/JazzGrooveAnalyzer/docs/scientific/rfc/JGA_WHOLE_TRACK_GROOVE_FROZEN_PIPELINE_001_20260921/WHOLE_TRACK_JOINED_EVENTS.csv,810dead183772c6ee3c2ffed01cb79b2a05045abb2aea4e4c8903c180932a4a5,c7efaf8d2029ed140d67b7cbfff1c23fd33e0ffcae18f285566266c063f78e1c,NEW_012,True
F_MIX_00941,186.6768253968254,UNKNOWN,514,186.61877551020407,161.4990234374967,58.04988662133000,CONTEXT,F_MIX_00941,/Users/StarTrack/Development/JazzGrooveAnalyzer/docs/scientific/rfc/JGA_WHOLE_TRACK_GROOVE_FROZEN_PIPELINE_001_20260921/WHOLE_TRACK_JOINED_EVENTS.csv,810dead183772c6ee3c2ffed01cb79b2a05045abb2aea4e4c8903c180932a4a5,c7efaf8d2029ed140d67b7cbfff1c23fd33e0ffcae18f285566266c063f78e1c,NEW_012,True
F_MIX_00942,186.81614512471654,UNKNOWN,515,186.9902947845805,161.4990234374967,-174.14965986396000,CONTEXT,F_MIX_00942,/Users/StarTrack/Development/JazzGrooveAnalyzer/docs/scientific/rfc/JGA_WHOLE_TRACK_GROOVE_FROZEN_PIPELINE_001_20260921/WHOLE_TRACK_JOINED_EVENTS.csv,810dead183772c6ee3c2ffed01cb79b2a05045abb2aea4e4c8903c180932a4a5,c7efaf8d2029ed140d67b7cbfff1c23fd33e0ffcae18f285566266c063f78e1c,NEW_012,True
F_MIX_00943,187.00190476190477,DRUM_SUPPORTED,515,186.9902947845805,161.4990234374967,11.60997732427000,PRIMARY,F_MIX_00943,/Users/StarTrack/Development/JazzGrooveAnalyzer/docs/scientific/rfc/JGA_WHOLE_TRACK_GROOVE_FROZEN_PIPELINE_001_20260921/WHOLE_TRACK_JOINED_EVENTS.csv,810dead183772c6ee3c2ffed01cb79b2a05045abb2aea4e4c8903c180932a4a5,c7efaf8d2029ed140d67b7cbfff1c23fd33e0ffcae18f285566266c063f78e1c,NEW_012,True
F_MIX_00944,187.28054421768707,DRUM_SUPPORTED,516,187.36181405895692,161.49902343750904,-81.26984126985000,CONTEXT,F_MIX_00944,/Users/StarTrack/Development/JazzGrooveAnalyzer/docs/scientific/rfc/JGA_WHOLE_TRACK_GROOVE_FROZEN_PIPELINE_001_20260921/WHOLE_TRACK_JOINED_EVENTS.csv,810dead183772c6ee3c2ffed01cb79b2a05045abb2aea4e4c8903c180932a4a5,c7efaf8d2029ed140d67b7cbfff1c23fd33e0ffcae18f285566266c063f78e1c,NEW_012,True
F_MIX_00945,187.3734240362812,DRUM_SUPPORTED,516,187.36181405895692,161.49902343750904,11.60997732428000,PRIMARY,F_MIX_00945,/Users/StarTrack/Development/JazzGrooveAnalyzer/docs/scientific/rfc/JGA_WHOLE_TRACK_GROOVE_FROZEN_PIPELINE_001_20260921/WHOLE_TRACK_JOINED_EVENTS.csv,810dead183772c6ee3c2ffed01cb79b2a05045abb2aea4e4c8903c180932a4a5,c7efaf8d2029ed140d67b7cbfff1c23fd33e0ffcae18f285566266c063f78e1c,NEW_012,True
F_MIX_00946,187.40825396825397,DRUM_SUPPORTED,516,187.36181405895692,161.49902343750904,46.43990929705000,CONTEXT,F_MIX_00946,/Users/StarTrack/Development/JazzGrooveAnalyzer/docs/scientific/rfc/JGA_WHOLE_TRACK_GROOVE_FROZEN_PIPELINE_001_20260921/WHOLE_TRACK_JOINED_EVENTS.csv,810dead183772c6ee3c2ffed01cb79b2a05045abb2aea4e4c8903c180932a4a5,c7efaf8d2029ed140d67b7cbfff1c23fd33e0ffcae18f285566266c063f78e1c,NEW_012,True
F_MIX_00947,187.67528344671203,DRUM_SUPPORTED,517,187.73333333333332,172.26562499998857,-58.04988662129000,CONTEXT,F_MIX_00947,/Users/StarTrack/Development/JazzGrooveAnalyzer/docs/scientific/rfc/JGA_WHOLE_TRACK_GROOVE_FROZEN_PIPELINE_001_20260921/WHOLE_TRACK_JOINED_EVENTS.csv,810dead183772c6ee3c2ffed01cb79b2a05045abb2aea4e4c8903c180932a4a5,c7efaf8d2029ed140d67b7cbfff1c23fd33e0ffcae18f285566266c063f78e1c,NEW_012,True
F_MIX_00948,187.73333333333332,DRUM_SUPPORTED,517,187.73333333333332,172.26562499998857,0E-14,PRIMARY,F_MIX_00948,/Users/StarTrack/Development/JazzGrooveAnalyzer/docs/scientific/rfc/JGA_WHOLE_TRACK_GROOVE_FROZEN_PIPELINE_001_20260921/WHOLE_TRACK_JOINED_EVENTS.csv,810dead183772c6ee3c2ffed01cb79b2a05045abb2aea4e4c8903c180932a4a5,c7efaf8d2029ed140d67b7cbfff1c23fd33e0ffcae18f285566266c063f78e1c,NEW_012,True
F_MIX_00949,188.01197278911565,UNKNOWN,518,188.08163265306123,161.49902343750904,-69.65986394558000,PRIMARY,F_MIX_00949,/Users/StarTrack/Development/JazzGrooveAnalyzer/docs/scientific/rfc/JGA_WHOLE_TRACK_GROOVE_FROZEN_PIPELINE_001_20260921/WHOLE_TRACK_JOINED_EVENTS.csv,810dead183772c6ee3c2ffed01cb79b2a05045abb2aea4e4c8903c180932a4a5,c7efaf8d2029ed140d67b7cbfff1c23fd33e0ffcae18f285566266c063f78e1c,NEW_012,True
F_MIX_00950,188.45315192743763,DRUM_SUPPORTED,519,188.45315192743763,172.26562499998857,0E-14,PRIMARY,F_MIX_00950,/Users/StarTrack/Development/JazzGrooveAnalyzer/docs/scientific/rfc/JGA_WHOLE_TRACK_GROOVE_FROZEN_PIPELINE_001_20260921/WHOLE_TRACK_JOINED_EVENTS.csv,810dead183772c6ee3c2ffed01cb79b2a05045abb2aea4e4c8903c180932a4a5,c7efaf8d2029ed140d67b7cbfff1c23fd33e0ffcae18f285566266c063f78e1c,NEW_012,True
F_MIX_00951,188.8130612244898,DRUM_SUPPORTED,520,188.80145124716555,172.26562500000261,11.60997732425000,PRIMARY,F_MIX_00951,/Users/StarTrack/Development/JazzGrooveAnalyzer/docs/scientific/rfc/JGA_WHOLE_TRACK_GROOVE_FROZEN_PIPELINE_001_20260921/WHOLE_TRACK_JOINED_EVENTS.csv,810dead183772c6ee3c2ffed01cb79b2a05045abb2aea4e4c8903c180932a4a5,c7efaf8d2029ed140d67b7cbfff1c23fd33e0ffcae18f285566266c063f78e1c,NEW_012,True
F_MIX_00952,189.10331065759638,DRUM_SUPPORTED,521,189.14975056689343,172.26562500000261,-46.43990929705000,CONTEXT,F_MIX_00952,/Users/StarTrack/Development/JazzGrooveAnalyzer/docs/scientific/rfc/JGA_WHOLE_TRACK_GROOVE_FROZEN_PIPELINE_001_20260921/WHOLE_TRACK_JOINED_EVENTS.csv,810dead183772c6ee3c2ffed01cb79b2a05045abb2aea4e4c8903c180932a4a5,c7efaf8d2029ed140d67b7cbfff1c23fd33e0ffcae18f285566266c063f78e1c,NEW_012,True
F_MIX_00953,189.1845804988662,DRUM_SUPPORTED,521,189.14975056689343,172.26562500000261,34.82993197277000,PRIMARY,F_MIX_00953,/Users/StarTrack/Development/JazzGrooveAnalyzer/docs/scientific/rfc/JGA_WHOLE_TRACK_GROOVE_FROZEN_PIPELINE_001_20260921/WHOLE_TRACK_JOINED_EVENTS.csv,810dead183772c6ee3c2ffed01cb79b2a05045abb2aea4e4c8903c180932a4a5,c7efaf8d2029ed140d67b7cbfff1c23fd33e0ffcae18f285566266c063f78e1c,NEW_012,True
F_MIX_00954,189.4167800453515,DRUM_SUPPORTED,522,189.49804988662132,161.4990234374967,-81.26984126982000,PRIMARY,F_MIX_00954,/Users/StarTrack/Development/JazzGrooveAnalyzer/docs/scientific/rfc/JGA_WHOLE_TRACK_GROOVE_FROZEN_PIPELINE_001_20260921/WHOLE_TRACK_JOINED_EVENTS.csv,810dead183772c6ee3c2ffed01cb79b2a05045abb2aea4e4c8903c180932a4a5,c7efaf8d2029ed140d67b7cbfff1c23fd33e0ffcae18f285566266c063f78e1c,NEW_012,True
F_MIX_00955,189.90439909297052,DRUM_SUPPORTED,523,189.86956916099774,172.26562500000261,34.82993197278000,PRIMARY,F_MIX_00955,/Users/StarTrack/Development/JazzGrooveAnalyzer/docs/scientific/rfc/JGA_WHOLE_TRACK_GROOVE_FROZEN_PIPELINE_001_20260921/WHOLE_TRACK_JOINED_EVENTS.csv,810dead183772c6ee3c2ffed01cb79b2a05045abb2aea4e4c8903c180932a4a5,c7efaf8d2029ed140d67b7cbfff1c23fd33e0ffcae18f285566266c063f78e1c,NEW_012,True
F_MIX_00956,190.1598185941043,UNKNOWN,524,190.21786848072563,172.26562500000261,-58.04988662133000,CONTEXT,F_MIX_00956,/Users/StarTrack/Development/JazzGrooveAnalyzer/docs/scientific/rfc/JGA_WHOLE_TRACK_GROOVE_FROZEN_PIPELINE_001_20260921/WHOLE_TRACK_JOINED_EVENTS.csv,810dead183772c6ee3c2ffed01cb79b2a05045abb2aea4e4c8903c180932a4a5,c7efaf8d2029ed140d67b7cbfff1c23fd33e0ffcae18f285566266c063f78e1c,NEW_012,True
F_MIX_00957,190.26430839002268,DRUM_SUPPORTED,524,190.21786848072563,172.26562500000261,46.43990929705000,PRIMARY,F_MIX_00957,/Users/StarTrack/Development/JazzGrooveAnalyzer/docs/scientific/rfc/JGA_WHOLE_TRACK_GROOVE_FROZEN_PIPELINE_001_20260921/WHOLE_TRACK_JOINED_EVENTS.csv,810dead183772c6ee3c2ffed01cb79b2a05045abb2aea4e4c8903c180932a4a5,c7efaf8d2029ed140d67b7cbfff1c23fd33e0ffcae18f285566266c063f78e1c,NEW_012,True
F_MIX_00958,190.61260770975056,BASS_AND_DRUM_SUPPORTED,525,190.5661678004535,172.26562500000261,46.43990929706000,PRIMARY,F_MIX_00958,/Users/StarTrack/Development/JazzGrooveAnalyzer/docs/scientific/rfc/JGA_WHOLE_TRACK_GROOVE_FROZEN_PIPELINE_001_20260921/WHOLE_TRACK_JOINED_EVENTS.csv,810dead183772c6ee3c2ffed01cb79b2a05045abb2aea4e4c8903c180932a4a5,c7efaf8d2029ed140d67b7cbfff1c23fd33e0ffcae18f285566266c063f78e1c,NEW_012,True
F_MIX_00959,190.85641723356008,DRUM_SUPPORTED,526,190.9144671201814,172.26562500000261,-58.04988662132000,PRIMARY,F_MIX_00959,/Users/StarTrack/Development/JazzGrooveAnalyzer/docs/scientific/rfc/JGA_WHOLE_TRACK_GROOVE_FROZEN_PIPELINE_001_20260921/WHOLE_TRACK_JOINED_EVENTS.csv,810dead183772c6ee3c2ffed01cb79b2a05045abb2aea4e4c8903c180932a4a5,c7efaf8d2029ed140d67b7cbfff1c23fd33e0ffcae18f285566266c063f78e1c,NEW_012,True
F_MIX_00960,191.33242630385487,DRUM_SUPPORTED,527,191.26276643990929,172.26562499998857,69.65986394558000,PRIMARY,F_MIX_00960,/Users/StarTrack/Development/JazzGrooveAnalyzer/docs/scientific/rfc/JGA_WHOLE_TRACK_GROOVE_FROZEN_PIPELINE_001_20260921/WHOLE_TRACK_JOINED_EVENTS.csv,810dead183772c6ee3c2ffed01cb79b2a05045abb2aea4e4c8903c180932a4a5,c7efaf8d2029ed140d67b7cbfff1c23fd33e0ffcae18f285566266c063f78e1c,NEW_012,True
F_MIX_00961,191.58784580498866,DRUM_SUPPORTED,528,191.6110657596372,172.26562500000261,-23.21995464854000,PRIMARY,F_MIX_00961,/Users/StarTrack/Development/JazzGrooveAnalyzer/docs/scientific/rfc/JGA_WHOLE_TRACK_GROOVE_FROZEN_PIPELINE_001_20260921/WHOLE_TRACK_JOINED_EVENTS.csv,810dead183772c6ee3c2ffed01cb79b2a05045abb2aea4e4c8903c180932a4a5,c7efaf8d2029ed140d67b7cbfff1c23fd33e0ffcae18f285566266c063f78e1c,NEW_012,True
F_MIX_00962,191.7039455782313,DRUM_SUPPORTED,528,191.6110657596372,172.26562500000261,92.8798185941000,CONTEXT,F_MIX_00962,/Users/StarTrack/Development/JazzGrooveAnalyzer/docs/scientific/rfc/JGA_WHOLE_TRACK_GROOVE_FROZEN_PIPELINE_001_20260921/WHOLE_TRACK_JOINED_EVENTS.csv,810dead183772c6ee3c2ffed01cb79b2a05045abb2aea4e4c8903c180932a4a5,c7efaf8d2029ed140d67b7cbfff1c23fd33e0ffcae18f285566266c063f78e1c,NEW_012,True
F_MIX_00963,191.93614512471655,DRUM_SUPPORTED,529,191.95936507936509,161.4990234374967,-23.21995464854000,PRIMARY,F_MIX_00963,/Users/StarTrack/Development/JazzGrooveAnalyzer/docs/scientific/rfc/JGA_WHOLE_TRACK_GROOVE_FROZEN_PIPELINE_001_20260921/WHOLE_TRACK_JOINED_EVENTS.csv,810dead183772c6ee3c2ffed01cb79b2a05045abb2aea4e4c8903c180932a4a5,c7efaf8d2029ed140d67b7cbfff1c23fd33e0ffcae18f285566266c063f78e1c,NEW_012,True
F_MIX_00964,192.05224489795918,UNKNOWN,529,191.95936507936509,161.4990234374967,92.87981859409000,CONTEXT,F_MIX_00964,/Users/StarTrack/Development/JazzGrooveAnalyzer/docs/scientific/rfc/JGA_WHOLE_TRACK_GROOVE_FROZEN_PIPELINE_001_20260921/WHOLE_TRACK_JOINED_EVENTS.csv,810dead183772c6ee3c2ffed01cb79b2a05045abb2aea4e4c8903c180932a4a5,c7efaf8d2029ed140d67b7cbfff1c23fd33e0ffcae18f285566266c063f78e1c,NEW_012,True
F_MIX_00965,192.2728344671202,DRUM_SUPPORTED,530,192.3308843537415,172.26562500000261,-58.0498866213000,PRIMARY,F_MIX_00965,/Users/StarTrack/Development/JazzGrooveAnalyzer/docs/scientific/rfc/JGA_WHOLE_TRACK_GROOVE_FROZEN_PIPELINE_001_20260921/WHOLE_TRACK_JOINED_EVENTS.csv,810dead183772c6ee3c2ffed01cb79b2a05045abb2aea4e4c8903c180932a4a5,c7efaf8d2029ed140d67b7cbfff1c23fd33e0ffcae18f285566266c063f78e1c,NEW_012,True
F_MIX_00966,192.63274376417235,DRUM_SUPPORTED,531,192.6791836734694,172.26562500000261,-46.43990929705000,PRIMARY,F_MIX_00966,/Users/StarTrack/Development/JazzGrooveAnalyzer/docs/scientific/rfc/JGA_WHOLE_TRACK_GROOVE_FROZEN_PIPELINE_001_20260921/WHOLE_TRACK_JOINED_EVENTS.csv,810dead183772c6ee3c2ffed01cb79b2a05045abb2aea4e4c8903c180932a4a5,c7efaf8d2029ed140d67b7cbfff1c23fd33e0ffcae18f285566266c063f78e1c,NEW_012,True
F_MIX_00967,192.74884353741496,DRUM_SUPPORTED,531,192.6791836734694,172.26562500000261,69.65986394556000,CONTEXT,F_MIX_00967,/Users/StarTrack/Development/JazzGrooveAnalyzer/docs/scientific/rfc/JGA_WHOLE_TRACK_GROOVE_FROZEN_PIPELINE_001_20260921/WHOLE_TRACK_JOINED_EVENTS.csv,810dead183772c6ee3c2ffed01cb79b2a05045abb2aea4e4c8903c180932a4a5,c7efaf8d2029ed140d67b7cbfff1c23fd33e0ffcae18f285566266c063f78e1c,NEW_012,True
F_MIX_00968,192.98104308390023,DRUM_SUPPORTED,532,193.02748299319728,172.26562500000261,-46.43990929705000,PRIMARY,F_MIX_00968,/Users/StarTrack/Development/JazzGrooveAnalyzer/docs/scientific/rfc/JGA_WHOLE_TRACK_GROOVE_FROZEN_PIPELINE_001_20260921/WHOLE_TRACK_JOINED_EVENTS.csv,810dead183772c6ee3c2ffed01cb79b2a05045abb2aea4e4c8903c180932a4a5,c7efaf8d2029ed140d67b7cbfff1c23fd33e0ffcae18f285566266c063f78e1c,NEW_012,True
F_MIX_00969,193.31773242630385,DRUM_SUPPORTED,533,193.37578231292517,172.26562500000261,-58.04988662132000,PRIMARY,F_MIX_00969,/Users/StarTrack/Development/JazzGrooveAnalyzer/docs/scientific/rfc/JGA_WHOLE_TRACK_GROOVE_FROZEN_PIPELINE_001_20260921/WHOLE_TRACK_JOINED_EVENTS.csv,810dead183772c6ee3c2ffed01cb79b2a05045abb2aea4e4c8903c180932a4a5,c7efaf8d2029ed140d67b7cbfff1c23fd33e0ffcae18f285566266c063f78e1c,NEW_012,True
F_MIX_00970,193.457052154195,DRUM_SUPPORTED,533,193.37578231292517,172.26562500000261,81.26984126983000,CONTEXT,F_MIX_00970,/Users/StarTrack/Development/JazzGrooveAnalyzer/docs/scientific/rfc/JGA_WHOLE_TRACK_GROOVE_FROZEN_PIPELINE_001_20260921/WHOLE_TRACK_JOINED_EVENTS.csv,810dead183772c6ee3c2ffed01cb79b2a05045abb2aea4e4c8903c180932a4a5,c7efaf8d2029ed140d67b7cbfff1c23fd33e0ffcae18f285566266c063f78e1c,NEW_012,True
F_MIX_00971,193.68925170068027,UNKNOWN,534,193.72408163265305,172.26562500000261,-34.82993197278000,PRIMARY,F_MIX_00971,/Users/StarTrack/Development/JazzGrooveAnalyzer/docs/scientific/rfc/JGA_WHOLE_TRACK_GROOVE_FROZEN_PIPELINE_001_20260921/WHOLE_TRACK_JOINED_EVENTS.csv,810dead183772c6ee3c2ffed01cb79b2a05045abb2aea4e4c8903c180932a4a5,c7efaf8d2029ed140d67b7cbfff1c23fd33e0ffcae18f285566266c063f78e1c,NEW_012,True
F_MIX_00972,193.7705215419501,DRUM_SUPPORTED,534,193.72408163265305,172.26562500000261,46.43990929705000,CONTEXT,F_MIX_00972,/Users/StarTrack/Development/JazzGrooveAnalyzer/docs/scientific/rfc/JGA_WHOLE_TRACK_GROOVE_FROZEN_PIPELINE_001_20260921/WHOLE_TRACK_JOINED_EVENTS.csv,810dead183772c6ee3c2ffed01cb79b2a05045abb2aea4e4c8903c180932a4a5,c7efaf8d2029ed140d67b7cbfff1c23fd33e0ffcae18f285566266c063f78e1c,NEW_012,True
F_MIX_00973,194.1536507936508,DRUM_SUPPORTED,535,194.07238095238094,161.4990234374967,81.26984126986000,PRIMARY,F_MIX_00973,/Users/StarTrack/Development/JazzGrooveAnalyzer/docs/scientific/rfc/JGA_WHOLE_TRACK_GROOVE_FROZEN_PIPELINE_001_20260921/WHOLE_TRACK_JOINED_EVENTS.csv,810dead183772c6ee3c2ffed01cb79b2a05045abb2aea4e4c8903c180932a4a5,c7efaf8d2029ed140d67b7cbfff1c23fd33e0ffcae18f285566266c063f78e1c,NEW_012,True
F_MIX_00974,194.3742403628118,DRUM_SUPPORTED,536,194.44390022675736,172.26562500000261,-69.65986394556000,PRIMARY,F_MIX_00974,/Users/StarTrack/Development/JazzGrooveAnalyzer/docs/scientific/rfc/JGA_WHOLE_TRACK_GROOVE_FROZEN_PIPELINE_001_20260921/WHOLE_TRACK_JOINED_EVENTS.csv,810dead183772c6ee3c2ffed01cb79b2a05045abb2aea4e4c8903c180932a4a5,c7efaf8d2029ed140d67b7cbfff1c23fd33e0ffcae18f285566266c063f78e1c,NEW_012,True
F_MIX_00975,194.73414965986396,DRUM_SUPPORTED,537,194.79219954648525,172.26562499998857,-58.04988662129000,CONTEXT,F_MIX_00975,/Users/StarTrack/Development/JazzGrooveAnalyzer/docs/scientific/rfc/JGA_WHOLE_TRACK_GROOVE_FROZEN_PIPELINE_001_20260921/WHOLE_TRACK_JOINED_EVENTS.csv,810dead183772c6ee3c2ffed01cb79b2a05045abb2aea4e4c8903c180932a4a5,c7efaf8d2029ed140d67b7cbfff1c23fd33e0ffcae18f285566266c063f78e1c,NEW_012,True
F_MIX_00976,194.8386394557823,UNKNOWN,537,194.79219954648525,172.26562499998857,46.43990929705000,PRIMARY,F_MIX_00976,/Users/StarTrack/Development/JazzGrooveAnalyzer/docs/scientific/rfc/JGA_WHOLE_TRACK_GROOVE_FROZEN_PIPELINE_001_20260921/WHOLE_TRACK_JOINED_EVENTS.csv,810dead183772c6ee3c2ffed01cb79b2a05045abb2aea4e4c8903c180932a4a5,c7efaf8d2029ed140d67b7cbfff1c23fd33e0ffcae18f285566266c063f78e1c,NEW_012,True
F_MIX_00977,194.97795918367348,UNKNOWN,538,195.14049886621316,172.26562500000261,-162.53968253968000,CONTEXT,F_MIX_00977,/Users/StarTrack/Development/JazzGrooveAnalyzer/docs/scientific/rfc/JGA_WHOLE_TRACK_GROOVE_FROZEN_PIPELINE_001_20260921/WHOLE_TRACK_JOINED_EVENTS.csv,810dead183772c6ee3c2ffed01cb79b2a05045abb2aea4e4c8903c180932a4a5,c7efaf8d2029ed140d67b7cbfff1c23fd33e0ffcae18f285566266c063f78e1c,NEW_012,True
F_MIX_00978,195.0360090702948,DRUM_SUPPORTED,538,195.14049886621316,172.26562500000261,-104.48979591836000,CONTEXT,F_MIX_00978,/Users/StarTrack/Development/JazzGrooveAnalyzer/docs/scientific/rfc/JGA_WHOLE_TRACK_GROOVE_FROZEN_PIPELINE_001_20260921/WHOLE_TRACK_JOINED_EVENTS.csv,810dead183772c6ee3c2ffed01cb79b2a05045abb2aea4e4c8903c180932a4a5,c7efaf8d2029ed140d67b7cbfff1c23fd33e0ffcae18f285566266c063f78e1c,NEW_013,True
F_MIX_00979,195.11727891156463,DRUM_SUPPORTED,538,195.14049886621316,172.26562500000261,-23.21995464853000,PRIMARY,F_MIX_00979,/Users/StarTrack/Development/JazzGrooveAnalyzer/docs/scientific/rfc/JGA_WHOLE_TRACK_GROOVE_FROZEN_PIPELINE_001_20260921/WHOLE_TRACK_JOINED_EVENTS.csv,810dead183772c6ee3c2ffed01cb79b2a05045abb2aea4e4c8903c180932a4a5,c7efaf8d2029ed140d67b7cbfff1c23fd33e0ffcae18f285566266c063f78e1c,NEW_013,True
F_MIX_00980,195.1869387755102,DRUM_SUPPORTED,538,195.14049886621316,172.26562500000261,46.43990929704000,CONTEXT,F_MIX_00980,/Users/StarTrack/Development/JazzGrooveAnalyzer/docs/scientific/rfc/JGA_WHOLE_TRACK_GROOVE_FROZEN_PIPELINE_001_20260921/WHOLE_TRACK_JOINED_EVENTS.csv,810dead183772c6ee3c2ffed01cb79b2a05045abb2aea4e4c8903c180932a4a5,c7efaf8d2029ed140d67b7cbfff1c23fd33e0ffcae18f285566266c063f78e1c,NEW_013,True
F_MIX_00981,195.25659863945577,DRUM_SUPPORTED,538,195.14049886621316,172.26562500000261,116.09977324261000,CONTEXT,F_MIX_00981,/Users/StarTrack/Development/JazzGrooveAnalyzer/docs/scientific/rfc/JGA_WHOLE_TRACK_GROOVE_FROZEN_PIPELINE_001_20260921/WHOLE_TRACK_JOINED_EVENTS.csv,810dead183772c6ee3c2ffed01cb79b2a05045abb2aea4e4c8903c180932a4a5,c7efaf8d2029ed140d67b7cbfff1c23fd33e0ffcae18f285566266c063f78e1c,NEW_013,True
F_MIX_00982,195.50040816326532,DRUM_SUPPORTED,539,195.48879818594105,161.49902343750904,11.60997732427000,PRIMARY,F_MIX_00982,/Users/StarTrack/Development/JazzGrooveAnalyzer/docs/scientific/rfc/JGA_WHOLE_TRACK_GROOVE_FROZEN_PIPELINE_001_20260921/WHOLE_TRACK_JOINED_EVENTS.csv,810dead183772c6ee3c2ffed01cb79b2a05045abb2aea4e4c8903c180932a4a5,c7efaf8d2029ed140d67b7cbfff1c23fd33e0ffcae18f285566266c063f78e1c,NEW_013,True
F_MIX_00983,195.8487074829932,DRUM_SUPPORTED,540,195.86031746031745,172.26562499998857,-11.60997732425000,PRIMARY,F_MIX_00983,/Users/StarTrack/Development/JazzGrooveAnalyzer/docs/scientific/rfc/JGA_WHOLE_TRACK_GROOVE_FROZEN_PIPELINE_001_20260921/WHOLE_TRACK_JOINED_EVENTS.csv,810dead183772c6ee3c2ffed01cb79b2a05045abb2aea4e4c8903c180932a4a5,c7efaf8d2029ed140d67b7cbfff1c23fd33e0ffcae18f285566266c063f78e1c,NEW_013,True
F_MIX_00984,195.96480725623582,DRUM_SUPPORTED,540,195.86031746031745,172.26562499998857,104.48979591837000,CONTEXT,F_MIX_00984,/Users/StarTrack/Development/JazzGrooveAnalyzer/docs/scientific/rfc/JGA_WHOLE_TRACK_GROOVE_FROZEN_PIPELINE_001_20260921/WHOLE_TRACK_JOINED_EVENTS.csv,810dead183772c6ee3c2ffed01cb79b2a05045abb2aea4e4c8903c180932a4a5,c7efaf8d2029ed140d67b7cbfff1c23fd33e0ffcae18f285566266c063f78e1c,NEW_013,True
F_MIX_00985,196.2202267573696,DRUM_SUPPORTED,541,196.20861678004536,172.26562500000261,11.60997732424000,PRIMARY,F_MIX_00985,/Users/StarTrack/Development/JazzGrooveAnalyzer/docs/scientific/rfc/JGA_WHOLE_TRACK_GROOVE_FROZEN_PIPELINE_001_20260921/WHOLE_TRACK_JOINED_EVENTS.csv,810dead183772c6ee3c2ffed01cb79b2a05045abb2aea4e4c8903c180932a4a5,c7efaf8d2029ed140d67b7cbfff1c23fd33e0ffcae18f285566266c063f78e1c,NEW_013,True
F_MIX_00986,196.45242630385488,DRUM_SUPPORTED,542,196.55691609977325,172.26562500000261,-104.48979591837000,PRIMARY,F_MIX_00986,/Users/StarTrack/Development/JazzGrooveAnalyzer/docs/scientific/rfc/JGA_WHOLE_TRACK_GROOVE_FROZEN_PIPELINE_001_20260921/WHOLE_TRACK_JOINED_EVENTS.csv,810dead183772c6ee3c2ffed01cb79b2a05045abb2aea4e4c8903c180932a4a5,c7efaf8d2029ed140d67b7cbfff1c23fd33e0ffcae18f285566266c063f78e1c,NEW_013,True
F_MIX_00987,196.8239455782313,DRUM_SUPPORTED,543,196.90521541950113,161.4990234374967,-81.26984126983000,PRIMARY,F_MIX_00987,/Users/StarTrack/Development/JazzGrooveAnalyzer/docs/scientific/rfc/JGA_WHOLE_TRACK_GROOVE_FROZEN_PIPELINE_001_20260921/WHOLE_TRACK_JOINED_EVENTS.csv,810dead183772c6ee3c2ffed01cb79b2a05045abb2aea4e4c8903c180932a4a5,c7efaf8d2029ed140d67b7cbfff1c23fd33e0ffcae18f285566266c063f78e1c,NEW_013,True
F_MIX_00988,197.06775510204082,DRUM_SUPPORTED,543,196.90521541950113,161.4990234374967,162.53968253969000,CONTEXT,F_MIX_00988,/Users/StarTrack/Development/JazzGrooveAnalyzer/docs/scientific/rfc/JGA_WHOLE_TRACK_GROOVE_FROZEN_PIPELINE_001_20260921/WHOLE_TRACK_JOINED_EVENTS.csv,810dead183772c6ee3c2ffed01cb79b2a05045abb2aea4e4c8903c180932a4a5,c7efaf8d2029ed140d67b7cbfff1c23fd33e0ffcae18f285566266c063f78e1c,NEW_013,True
F_MIX_00989,197.1722448979592,DRUM_SUPPORTED,544,197.27673469387756,172.26562500000261,-104.48979591836000,CONTEXT,F_MIX_00989,/Users/StarTrack/Development/JazzGrooveAnalyzer/docs/scientific/rfc/JGA_WHOLE_TRACK_GROOVE_FROZEN_PIPELINE_001_20260921/WHOLE_TRACK_JOINED_EVENTS.csv,810dead183772c6ee3c2ffed01cb79b2a05045abb2aea4e4c8903c180932a4a5,c7efaf8d2029ed140d67b7cbfff1c23fd33e0ffcae18f285566266c063f78e1c,NEW_013,True
F_MIX_00990,197.27673469387756,DRUM_SUPPORTED,544,197.27673469387756,172.26562500000261,0E-14,PRIMARY,F_MIX_00990,/Users/StarTrack/Development/JazzGrooveAnalyzer/docs/scientific/rfc/JGA_WHOLE_TRACK_GROOVE_FROZEN_PIPELINE_001_20260921/WHOLE_TRACK_JOINED_EVENTS.csv,810dead183772c6ee3c2ffed01cb79b2a05045abb2aea4e4c8903c180932a4a5,c7efaf8d2029ed140d67b7cbfff1c23fd33e0ffcae18f285566266c063f78e1c,NEW_013,True
F_MIX_00991,197.40444444444444,DRUM_SUPPORTED,544,197.27673469387756,172.26562500000261,127.70975056688000,CONTEXT,F_MIX_00991,/Users/StarTrack/Development/JazzGrooveAnalyzer/docs/scientific/rfc/JGA_WHOLE_TRACK_GROOVE_FROZEN_PIPELINE_001_20260921/WHOLE_TRACK_JOINED_EVENTS.csv,810dead183772c6ee3c2ffed01cb79b2a05045abb2aea4e4c8903c180932a4a5,c7efaf8d2029ed140d67b7cbfff1c23fd33e0ffcae18f285566266c063f78e1c,NEW_013,True
F_MIX_00992,197.4857142857143,DRUM_SUPPORTED,545,197.62503401360544,172.26562500000261,-139.31972789114000,CONTEXT,F_MIX_00992,/Users/StarTrack/Development/JazzGrooveAnalyzer/docs/scientific/rfc/JGA_WHOLE_TRACK_GROOVE_FROZEN_PIPELINE_001_20260921/WHOLE_TRACK_JOINED_EVENTS.csv,810dead183772c6ee3c2ffed01cb79b2a05045abb2aea4e4c8903c180932a4a5,c7efaf8d2029ed140d67b7cbfff1c23fd33e0ffcae18f285566266c063f78e1c,NEW_013,True
F_MIX_00993,197.6018140589569,DRUM_SUPPORTED,545,197.62503401360544,172.26562500000261,-23.21995464854000,PRIMARY,F_MIX_00993,/Users/StarTrack/Development/JazzGrooveAnalyzer/docs/scientific/rfc/JGA_WHOLE_TRACK_GROOVE_FROZEN_PIPELINE_001_20260921/WHOLE_TRACK_JOINED_EVENTS.csv,810dead183772c6ee3c2ffed01cb79b2a05045abb2aea4e4c8903c180932a4a5,c7efaf8d2029ed140d67b7cbfff1c23fd33e0ffcae18f285566266c063f78e1c,NEW_013,True
F_MIX_00994,197.74113378684808,DRUM_SUPPORTED,545,197.62503401360544,172.26562500000261,116.09977324264000,CONTEXT,F_MIX_00994,/Users/StarTrack/Development/JazzGrooveAnalyzer/docs/scientific/rfc/JGA_WHOLE_TRACK_GROOVE_FROZEN_PIPELINE_001_20260921/WHOLE_TRACK_JOINED_EVENTS.csv,810dead183772c6ee3c2ffed01cb79b2a05045abb2aea4e4c8903c180932a4a5,c7efaf8d2029ed140d67b7cbfff1c23fd33e0ffcae18f285566266c063f78e1c,NEW_013,True
F_MIX_00995,197.96172335600906,DRUM_SUPPORTED,546,197.97333333333333,161.4990234374967,-11.60997732427000,PRIMARY,F_MIX_00995,/Users/StarTrack/Development/JazzGrooveAnalyzer/docs/scientific/rfc/JGA_WHOLE_TRACK_GROOVE_FROZEN_PIPELINE_001_20260921/WHOLE_TRACK_JOINED_EVENTS.csv,810dead183772c6ee3c2ffed01cb79b2a05045abb2aea4e4c8903c180932a4a5,c7efaf8d2029ed140d67b7cbfff1c23fd33e0ffcae18f285566266c063f78e1c,NEW_013,True
F_MIX_00996,198.6118820861678,DRUM_SUPPORTED,548,198.69315192743764,161.4990234374967,-81.26984126984000,PRIMARY,F_MIX_00996,/Users/StarTrack/Development/JazzGrooveAnalyzer/docs/scientific/rfc/JGA_WHOLE_TRACK_GROOVE_FROZEN_PIPELINE_001_20260921/WHOLE_TRACK_JOINED_EVENTS.csv,810dead183772c6ee3c2ffed01cb79b2a05045abb2aea4e4c8903c180932a4a5,c7efaf8d2029ed140d67b7cbfff1c23fd33e0ffcae18f285566266c063f78e1c,NEW_013,True
F_MIX_00997,199.07628117913833,DRUM_SUPPORTED,549,199.06467120181406,172.26562500000261,11.60997732427000,PRIMARY,F_MIX_00997,/Users/StarTrack/Development/JazzGrooveAnalyzer/docs/scientific/rfc/JGA_WHOLE_TRACK_GROOVE_FROZEN_PIPELINE_001_20260921/WHOLE_TRACK_JOINED_EVENTS.csv,810dead183772c6ee3c2ffed01cb79b2a05045abb2aea4e4c8903c180932a4a5,c7efaf8d2029ed140d67b7cbfff1c23fd33e0ffcae18f285566266c063f78e1c,NEW_013,True
F_MIX_00998,199.4361904761905,DRUM_SUPPORTED,550,199.41297052154195,172.26562500000261,23.21995464855000,PRIMARY,F_MIX_00998,/Users/StarTrack/Development/JazzGrooveAnalyzer/docs/scientific/rfc/JGA_WHOLE_TRACK_GROOVE_FROZEN_PIPELINE_001_20260921/WHOLE_TRACK_JOINED_EVENTS.csv,810dead183772c6ee3c2ffed01cb79b2a05045abb2aea4e4c8903c180932a4a5,c7efaf8d2029ed140d67b7cbfff1c23fd33e0ffcae18f285566266c063f78e1c,NEW_013,True
F_MIX_00999,199.81931972789116,DRUM_SUPPORTED,551,199.76126984126984,161.4990234374967,58.04988662132000,PRIMARY,F_MIX_00999,/Users/StarTrack/Development/JazzGrooveAnalyzer/docs/scientific/rfc/JGA_WHOLE_TRACK_GROOVE_FROZEN_PIPELINE_001_20260921/WHOLE_TRACK_JOINED_EVENTS.csv,810dead183772c6ee3c2ffed01cb79b2a05045abb2aea4e4c8903c180932a4a5,c7efaf8d2029ed140d67b7cbfff1c23fd33e0ffcae18f285566266c063f78e1c,NEW_013,True
F_MIX_01000,200.16761904761904,DRUM_SUPPORTED,552,200.13278911564626,172.26562500000261,34.82993197278000,PRIMARY,F_MIX_01000,/Users/StarTrack/Development/JazzGrooveAnalyzer/docs/scientific/rfc/JGA_WHOLE_TRACK_GROOVE_FROZEN_PIPELINE_001_20260921/WHOLE_TRACK_JOINED_EVENTS.csv,810dead183772c6ee3c2ffed01cb79b2a05045abb2aea4e4c8903c180932a4a5,c7efaf8d2029ed140d67b7cbfff1c23fd33e0ffcae18f285566266c063f78e1c,control_200_210,True
F_MIX_01001,200.80616780045352,DRUM_SUPPORTED,554,200.85260770975057,172.26562500000261,-46.43990929705000,PRIMARY,F_MIX_01001,/Users/StarTrack/Development/JazzGrooveAnalyzer/docs/scientific/rfc/JGA_WHOLE_TRACK_GROOVE_FROZEN_PIPELINE_001_20260921/WHOLE_TRACK_JOINED_EVENTS.csv,810dead183772c6ee3c2ffed01cb79b2a05045abb2aea4e4c8903c180932a4a5,c7efaf8d2029ed140d67b7cbfff1c23fd33e0ffcae18f285566266c063f78e1c,control_200_210,True
F_MIX_01002,201.2473469387755,DRUM_SUPPORTED,555,201.20090702947846,161.4990234374967,46.43990929704000,PRIMARY,F_MIX_01002,/Users/StarTrack/Development/JazzGrooveAnalyzer/docs/scientific/rfc/JGA_WHOLE_TRACK_GROOVE_FROZEN_PIPELINE_001_20260921/WHOLE_TRACK_JOINED_EVENTS.csv,810dead183772c6ee3c2ffed01cb79b2a05045abb2aea4e4c8903c180932a4a5,c7efaf8d2029ed140d67b7cbfff1c23fd33e0ffcae18f285566266c063f78e1c,control_200_210,True
F_MIX_01003,201.5027664399093,DRUM_SUPPORTED,556,201.57242630385488,172.26562500000261,-69.65986394558000,CONTEXT,F_MIX_01003,/Users/StarTrack/Development/JazzGrooveAnalyzer/docs/scientific/rfc/JGA_WHOLE_TRACK_GROOVE_FROZEN_PIPELINE_001_20260921/WHOLE_TRACK_JOINED_EVENTS.csv,810dead183772c6ee3c2ffed01cb79b2a05045abb2aea4e4c8903c180932a4a5,c7efaf8d2029ed140d67b7cbfff1c23fd33e0ffcae18f285566266c063f78e1c,control_200_210,True
F_MIX_01004,201.6304761904762,DRUM_SUPPORTED,556,201.57242630385488,172.26562500000261,58.04988662132000,PRIMARY,F_MIX_01004,/Users/StarTrack/Development/JazzGrooveAnalyzer/docs/scientific/rfc/JGA_WHOLE_TRACK_GROOVE_FROZEN_PIPELINE_001_20260921/WHOLE_TRACK_JOINED_EVENTS.csv,810dead183772c6ee3c2ffed01cb79b2a05045abb2aea4e4c8903c180932a4a5,c7efaf8d2029ed140d67b7cbfff1c23fd33e0ffcae18f285566266c063f78e1c,control_200_210,True
F_MIX_01005,201.87428571428572,DRUM_SUPPORTED,557,201.92072562358277,172.26562500000261,-46.43990929705000,PRIMARY,F_MIX_01005,/Users/StarTrack/Development/JazzGrooveAnalyzer/docs/scientific/rfc/JGA_WHOLE_TRACK_GROOVE_FROZEN_PIPELINE_001_20260921/WHOLE_TRACK_JOINED_EVENTS.csv,810dead183772c6ee3c2ffed01cb79b2a05045abb2aea4e4c8903c180932a4a5,c7efaf8d2029ed140d67b7cbfff1c23fd33e0ffcae18f285566266c063f78e1c,control_200_210,True
F_MIX_01006,201.96716553287982,DRUM_SUPPORTED,557,201.92072562358277,172.26562500000261,46.43990929705000,CONTEXT,F_MIX_01006,/Users/StarTrack/Development/JazzGrooveAnalyzer/docs/scientific/rfc/JGA_WHOLE_TRACK_GROOVE_FROZEN_PIPELINE_001_20260921/WHOLE_TRACK_JOINED_EVENTS.csv,810dead183772c6ee3c2ffed01cb79b2a05045abb2aea4e4c8903c180932a4a5,c7efaf8d2029ed140d67b7cbfff1c23fd33e0ffcae18f285566266c063f78e1c,control_200_210,True
F_MIX_01007,202.23419501133787,UNKNOWN,558,202.26902494331065,161.4990234374967,-34.82993197278000,CONTEXT,F_MIX_01007,/Users/StarTrack/Development/JazzGrooveAnalyzer/docs/scientific/rfc/JGA_WHOLE_TRACK_GROOVE_FROZEN_PIPELINE_001_20260921/WHOLE_TRACK_JOINED_EVENTS.csv,810dead183772c6ee3c2ffed01cb79b2a05045abb2aea4e4c8903c180932a4a5,c7efaf8d2029ed140d67b7cbfff1c23fd33e0ffcae18f285566266c063f78e1c,control_200_210,True
F_MIX_01008,202.2922448979592,DRUM_SUPPORTED,558,202.26902494331065,161.4990234374967,23.21995464855000,PRIMARY,F_MIX_01008,/Users/StarTrack/Development/JazzGrooveAnalyzer/docs/scientific/rfc/JGA_WHOLE_TRACK_GROOVE_FROZEN_PIPELINE_001_20260921/WHOLE_TRACK_JOINED_EVENTS.csv,810dead183772c6ee3c2ffed01cb79b2a05045abb2aea4e4c8903c180932a4a5,c7efaf8d2029ed140d67b7cbfff1c23fd33e0ffcae18f285566266c063f78e1c,control_200_210,True
F_MIX_01009,202.6057142857143,UNKNOWN,559,202.64054421768708,172.26562500000261,-34.82993197278000,PRIMARY,F_MIX_01009,/Users/StarTrack/Development/JazzGrooveAnalyzer/docs/scientific/rfc/JGA_WHOLE_TRACK_GROOVE_FROZEN_PIPELINE_001_20260921/WHOLE_TRACK_JOINED_EVENTS.csv,810dead183772c6ee3c2ffed01cb79b2a05045abb2aea4e4c8903c180932a4a5,c7efaf8d2029ed140d67b7cbfff1c23fd33e0ffcae18f285566266c063f78e1c,control_200_210,True
F_MIX_01010,202.68698412698413,DRUM_SUPPORTED,559,202.64054421768708,172.26562500000261,46.43990929705000,CONTEXT,F_MIX_01010,/Users/StarTrack/Development/JazzGrooveAnalyzer/docs/scientific/rfc/JGA_WHOLE_TRACK_GROOVE_FROZEN_PIPELINE_001_20260921/WHOLE_TRACK_JOINED_EVENTS.csv,810dead183772c6ee3c2ffed01cb79b2a05045abb2aea4e4c8903c180932a4a5,c7efaf8d2029ed140d67b7cbfff1c23fd33e0ffcae18f285566266c063f78e1c,control_200_210,True
F_MIX_01011,202.87274376417233,UNKNOWN,560,202.98884353741497,172.26562500000261,-116.09977324264000,CONTEXT,F_MIX_01011,/Users/StarTrack/Development/JazzGrooveAnalyzer/docs/scientific/rfc/JGA_WHOLE_TRACK_GROOVE_FROZEN_PIPELINE_001_20260921/WHOLE_TRACK_JOINED_EVENTS.csv,810dead183772c6ee3c2ffed01cb79b2a05045abb2aea4e4c8903c180932a4a5,c7efaf8d2029ed140d67b7cbfff1c23fd33e0ffcae18f285566266c063f78e1c,control_200_210,True
F_MIX_01012,203.04689342403628,DRUM_SUPPORTED,560,202.98884353741497,172.26562500000261,58.04988662131000,PRIMARY,F_MIX_01012,/Users/StarTrack/Development/JazzGrooveAnalyzer/docs/scientific/rfc/JGA_WHOLE_TRACK_GROOVE_FROZEN_PIPELINE_001_20260921/WHOLE_TRACK_JOINED_EVENTS.csv,810dead183772c6ee3c2ffed01cb79b2a05045abb2aea4e4c8903c180932a4a5,c7efaf8d2029ed140d67b7cbfff1c23fd33e0ffcae18f285566266c063f78e1c,control_200_210,True
F_MIX_01013,203.32553287981858,UNKNOWN,561,203.33714285714285,172.26562500000261,-11.60997732427000,PRIMARY,F_MIX_01013,/Users/StarTrack/Development/JazzGrooveAnalyzer/docs/scientific/rfc/JGA_WHOLE_TRACK_GROOVE_FROZEN_PIPELINE_001_20260921/WHOLE_TRACK_JOINED_EVENTS.csv,810dead183772c6ee3c2ffed01cb79b2a05045abb2aea4e4c8903c180932a4a5,c7efaf8d2029ed140d67b7cbfff1c23fd33e0ffcae18f285566266c063f78e1c,control_200_210,True
F_MIX_01014,203.39519274376417,DRUM_SUPPORTED,561,203.33714285714285,172.26562500000261,58.04988662132000,CONTEXT,F_MIX_01014,/Users/StarTrack/Development/JazzGrooveAnalyzer/docs/scientific/rfc/JGA_WHOLE_TRACK_GROOVE_FROZEN_PIPELINE_001_20260921/WHOLE_TRACK_JOINED_EVENTS.csv,810dead183772c6ee3c2ffed01cb79b2a05045abb2aea4e4c8903c180932a4a5,c7efaf8d2029ed140d67b7cbfff1c23fd33e0ffcae18f285566266c063f78e1c,control_200_210,True
F_MIX_01015,203.66222222222223,DRUM_SUPPORTED,562,203.68544217687074,161.4990234374967,-23.21995464851000,PRIMARY,F_MIX_01015,/Users/StarTrack/Development/JazzGrooveAnalyzer/docs/scientific/rfc/JGA_WHOLE_TRACK_GROOVE_FROZEN_PIPELINE_001_20260921/WHOLE_TRACK_JOINED_EVENTS.csv,810dead183772c6ee3c2ffed01cb79b2a05045abb2aea4e4c8903c180932a4a5,c7efaf8d2029ed140d67b7cbfff1c23fd33e0ffcae18f285566266c063f78e1c,control_200_210,True
F_MIX_01016,203.75510204081633,DRUM_SUPPORTED,562,203.68544217687074,161.4990234374967,69.65986394559000,CONTEXT,F_MIX_01016,/Users/StarTrack/Development/JazzGrooveAnalyzer/docs/scientific/rfc/JGA_WHOLE_TRACK_GROOVE_FROZEN_PIPELINE_001_20260921/WHOLE_TRACK_JOINED_EVENTS.csv,810dead183772c6ee3c2ffed01cb79b2a05045abb2aea4e4c8903c180932a4a5,c7efaf8d2029ed140d67b7cbfff1c23fd33e0ffcae18f285566266c063f78e1c,control_200_210,True
F_MIX_01017,204.03374149659865,DRUM_SUPPORTED,563,204.05696145124716,172.26562500000261,-23.21995464851000,PRIMARY,F_MIX_01017,/Users/StarTrack/Development/JazzGrooveAnalyzer/docs/scientific/rfc/JGA_WHOLE_TRACK_GROOVE_FROZEN_PIPELINE_001_20260921/WHOLE_TRACK_JOINED_EVENTS.csv,810dead183772c6ee3c2ffed01cb79b2a05045abb2aea4e4c8903c180932a4a5,c7efaf8d2029ed140d67b7cbfff1c23fd33e0ffcae18f285566266c063f78e1c,control_200_210,True
F_MIX_01018,204.3356009070295,DRUM_SUPPORTED,564,204.40526077097505,172.26562499998857,-69.65986394555000,PRIMARY,F_MIX_01018,/Users/StarTrack/Development/JazzGrooveAnalyzer/docs/scientific/rfc/JGA_WHOLE_TRACK_GROOVE_FROZEN_PIPELINE_001_20260921/WHOLE_TRACK_JOINED_EVENTS.csv,810dead183772c6ee3c2ffed01cb79b2a05045abb2aea4e4c8903c180932a4a5,c7efaf8d2029ed140d67b7cbfff1c23fd33e0ffcae18f285566266c063f78e1c,control_200_210,True
F_MIX_01019,204.70712018140588,DRUM_SUPPORTED,565,204.75356009070296,161.49902343750904,-46.43990929708000,PRIMARY,F_MIX_01019,/Users/StarTrack/Development/JazzGrooveAnalyzer/docs/scientific/rfc/JGA_WHOLE_TRACK_GROOVE_FROZEN_PIPELINE_001_20260921/WHOLE_TRACK_JOINED_EVENTS.csv,810dead183772c6ee3c2ffed01cb79b2a05045abb2aea4e4c8903c180932a4a5,c7efaf8d2029ed140d67b7cbfff1c23fd33e0ffcae18f285566266c063f78e1c,control_200_210,True
F_MIX_01020,204.84643990929706,UNKNOWN,565,204.75356009070296,161.49902343750904,92.87981859410000,CONTEXT,F_MIX_01020,/Users/StarTrack/Development/JazzGrooveAnalyzer/docs/scientific/rfc/JGA_WHOLE_TRACK_GROOVE_FROZEN_PIPELINE_001_20260921/WHOLE_TRACK_JOINED_EVENTS.csv,810dead183772c6ee3c2ffed01cb79b2a05045abb2aea4e4c8903c180932a4a5,c7efaf8d2029ed140d67b7cbfff1c23fd33e0ffcae18f285566266c063f78e1c,control_200_210,True
F_MIX_01021,205.06702947845804,DRUM_SUPPORTED,566,205.12507936507936,172.26562500000261,-58.04988662132000,PRIMARY,F_MIX_01021,/Users/StarTrack/Development/JazzGrooveAnalyzer/docs/scientific/rfc/JGA_WHOLE_TRACK_GROOVE_FROZEN_PIPELINE_001_20260921/WHOLE_TRACK_JOINED_EVENTS.csv,810dead183772c6ee3c2ffed01cb79b2a05045abb2aea4e4c8903c180932a4a5,c7efaf8d2029ed140d67b7cbfff1c23fd33e0ffcae18f285566266c063f78e1c,control_200_210,True
F_MIX_01022,205.43854875283446,DRUM_SUPPORTED,567,205.47337868480724,161.4990234374967,-34.82993197278000,PRIMARY,F_MIX_01022,/Users/StarTrack/Development/JazzGrooveAnalyzer/docs/scientific/rfc/JGA_WHOLE_TRACK_GROOVE_FROZEN_PIPELINE_001_20260921/WHOLE_TRACK_JOINED_EVENTS.csv,810dead183772c6ee3c2ffed01cb79b2a05045abb2aea4e4c8903c180932a4a5,c7efaf8d2029ed140d67b7cbfff1c23fd33e0ffcae18f285566266c063f78e1c,control_200_210,True
F_MIX_01023,205.5546485260771,UNKNOWN,567,205.47337868480724,161.4990234374967,81.26984126986000,CONTEXT,F_MIX_01023,/Users/StarTrack/Development/JazzGrooveAnalyzer/docs/scientific/rfc/JGA_WHOLE_TRACK_GROOVE_FROZEN_PIPELINE_001_20260921/WHOLE_TRACK_JOINED_EVENTS.csv,810dead183772c6ee3c2ffed01cb79b2a05045abb2aea4e4c8903c180932a4a5,c7efaf8d2029ed140d67b7cbfff1c23fd33e0ffcae18f285566266c063f78e1c,control_200_210,True
F_MIX_01024,205.8100680272109,DRUM_SUPPORTED,568,205.84489795918367,172.26562500000261,-34.82993197277000,PRIMARY,F_MIX_01024,/Users/StarTrack/Development/JazzGrooveAnalyzer/docs/scientific/rfc/JGA_WHOLE_TRACK_GROOVE_FROZEN_PIPELINE_001_20260921/WHOLE_TRACK_JOINED_EVENTS.csv,810dead183772c6ee3c2ffed01cb79b2a05045abb2aea4e4c8903c180932a4a5,c7efaf8d2029ed140d67b7cbfff1c23fd33e0ffcae18f285566266c063f78e1c,control_200_210,True
F_MIX_01025,206.16997732426304,DRUM_SUPPORTED,569,206.19319727891155,161.4990234374967,-23.21995464851000,PRIMARY,F_MIX_01025,/Users/StarTrack/Development/JazzGrooveAnalyzer/docs/scientific/rfc/JGA_WHOLE_TRACK_GROOVE_FROZEN_PIPELINE_001_20260921/WHOLE_TRACK_JOINED_EVENTS.csv,810dead183772c6ee3c2ffed01cb79b2a05045abb2aea4e4c8903c180932a4a5,c7efaf8d2029ed140d67b7cbfff1c23fd33e0ffcae18f285566266c063f78e1c,control_200_210,True
F_MIX_01026,206.28607709750568,DRUM_SUPPORTED,569,206.19319727891155,161.4990234374967,92.87981859413000,CONTEXT,F_MIX_01026,/Users/StarTrack/Development/JazzGrooveAnalyzer/docs/scientific/rfc/JGA_WHOLE_TRACK_GROOVE_FROZEN_PIPELINE_001_20260921/WHOLE_TRACK_JOINED_EVENTS.csv,810dead183772c6ee3c2ffed01cb79b2a05045abb2aea4e4c8903c180932a4a5,c7efaf8d2029ed140d67b7cbfff1c23fd33e0ffcae18f285566266c063f78e1c,control_200_210,True
F_MIX_01027,206.50666666666666,DRUM_SUPPORTED,570,206.56471655328798,161.4990234374967,-58.04988662132000,PRIMARY,F_MIX_01027,/Users/StarTrack/Development/JazzGrooveAnalyzer/docs/scientific/rfc/JGA_WHOLE_TRACK_GROOVE_FROZEN_PIPELINE_001_20260921/WHOLE_TRACK_JOINED_EVENTS.csv,810dead183772c6ee3c2ffed01cb79b2a05045abb2aea4e4c8903c180932a4a5,c7efaf8d2029ed140d67b7cbfff1c23fd33e0ffcae18f285566266c063f78e1c,control_200_210,True
F_MIX_01028,206.87818594104309,DRUM_SUPPORTED,571,206.9362358276644,161.4990234374967,-58.04988662131000,PRIMARY,F_MIX_01028,/Users/StarTrack/Development/JazzGrooveAnalyzer/docs/scientific/rfc/JGA_WHOLE_TRACK_GROOVE_FROZEN_PIPELINE_001_20260921/WHOLE_TRACK_JOINED_EVENTS.csv,810dead183772c6ee3c2ffed01cb79b2a05045abb2aea4e4c8903c180932a4a5,c7efaf8d2029ed140d67b7cbfff1c23fd33e0ffcae18f285566266c063f78e1c,control_200_210,True
F_MIX_01029,206.99428571428572,DRUM_SUPPORTED,571,206.9362358276644,161.4990234374967,58.04988662132000,CONTEXT,F_MIX_01029,/Users/StarTrack/Development/JazzGrooveAnalyzer/docs/scientific/rfc/JGA_WHOLE_TRACK_GROOVE_FROZEN_PIPELINE_001_20260921/WHOLE_TRACK_JOINED_EVENTS.csv,810dead183772c6ee3c2ffed01cb79b2a05045abb2aea4e4c8903c180932a4a5,c7efaf8d2029ed140d67b7cbfff1c23fd33e0ffcae18f285566266c063f78e1c,control_200_210,True
F_MIX_01030,207.13360544217687,DRUM_SUPPORTED,572,207.30775510204083,161.49902343750904,-174.14965986396000,CONTEXT,F_MIX_01030,/Users/StarTrack/Development/JazzGrooveAnalyzer/docs/scientific/rfc/JGA_WHOLE_TRACK_GROOVE_FROZEN_PIPELINE_001_20260921/WHOLE_TRACK_JOINED_EVENTS.csv,810dead183772c6ee3c2ffed01cb79b2a05045abb2aea4e4c8903c180932a4a5,c7efaf8d2029ed140d67b7cbfff1c23fd33e0ffcae18f285566266c063f78e1c,control_200_210,True
F_MIX_01031,207.26131519274375,UNKNOWN,572,207.30775510204083,161.49902343750904,-46.43990929708000,CONTEXT,F_MIX_01031,/Users/StarTrack/Development/JazzGrooveAnalyzer/docs/scientific/rfc/JGA_WHOLE_TRACK_GROOVE_FROZEN_PIPELINE_001_20260921/WHOLE_TRACK_JOINED_EVENTS.csv,810dead183772c6ee3c2ffed01cb79b2a05045abb2aea4e4c8903c180932a4a5,c7efaf8d2029ed140d67b7cbfff1c23fd33e0ffcae18f285566266c063f78e1c,control_200_210,True
F_MIX_01032,207.35419501133788,DRUM_SUPPORTED,572,207.30775510204083,161.49902343750904,46.43990929705000,PRIMARY,F_MIX_01032,/Users/StarTrack/Development/JazzGrooveAnalyzer/docs/scientific/rfc/JGA_WHOLE_TRACK_GROOVE_FROZEN_PIPELINE_001_20260921/WHOLE_TRACK_JOINED_EVENTS.csv,810dead183772c6ee3c2ffed01cb79b2a05045abb2aea4e4c8903c180932a4a5,c7efaf8d2029ed140d67b7cbfff1c23fd33e0ffcae18f285566266c063f78e1c,control_200_210,True
F_MIX_01033,209.258231292517,DRUM_SUPPORTED,577,209.21179138321995,161.4990234374967,46.43990929705000,PRIMARY,F_MIX_01033,/Users/StarTrack/Development/JazzGrooveAnalyzer/docs/scientific/rfc/JGA_WHOLE_TRACK_GROOVE_FROZEN_PIPELINE_001_20260921/WHOLE_TRACK_JOINED_EVENTS.csv,810dead183772c6ee3c2ffed01cb79b2a05045abb2aea4e4c8903c180932a4a5,c7efaf8d2029ed140d67b7cbfff1c23fd33e0ffcae18f285566266c063f78e1c,control_200_210,True
F_MIX_01034,209.43238095238095,UNKNOWN,578,209.58331065759637,161.4990234374967,-150.92970521542000,CONTEXT,F_MIX_01034,/Users/StarTrack/Development/JazzGrooveAnalyzer/docs/scientific/rfc/JGA_WHOLE_TRACK_GROOVE_FROZEN_PIPELINE_001_20260921/WHOLE_TRACK_JOINED_EVENTS.csv,810dead183772c6ee3c2ffed01cb79b2a05045abb2aea4e4c8903c180932a4a5,c7efaf8d2029ed140d67b7cbfff1c23fd33e0ffcae18f285566266c063f78e1c,control_200_210,True
F_MIX_01035,209.59492063492064,DRUM_SUPPORTED,578,209.58331065759637,161.4990234374967,11.60997732427000,PRIMARY,F_MIX_01035,/Users/StarTrack/Development/JazzGrooveAnalyzer/docs/scientific/rfc/JGA_WHOLE_TRACK_GROOVE_FROZEN_PIPELINE_001_20260921/WHOLE_TRACK_JOINED_EVENTS.csv,810dead183772c6ee3c2ffed01cb79b2a05045abb2aea4e4c8903c180932a4a5,c7efaf8d2029ed140d67b7cbfff1c23fd33e0ffcae18f285566266c063f78e1c,control_200_210,True
F_MIX_01036,209.98965986394558,DRUM_SUPPORTED,579,209.9548299319728,161.49902343750904,34.82993197278000,PRIMARY,F_MIX_01036,/Users/StarTrack/Development/JazzGrooveAnalyzer/docs/scientific/rfc/JGA_WHOLE_TRACK_GROOVE_FROZEN_PIPELINE_001_20260921/WHOLE_TRACK_JOINED_EVENTS.csv,810dead183772c6ee3c2ffed01cb79b2a05045abb2aea4e4c8903c180932a4a5,c7efaf8d2029ed140d67b7cbfff1c23fd33e0ffcae18f285566266c063f78e1c,NEW_013,True
F_MIX_01037,210.09414965986394,UNKNOWN,579,209.9548299319728,161.49902343750904,139.31972789114000,CONTEXT,F_MIX_01037,/Users/StarTrack/Development/JazzGrooveAnalyzer/docs/scientific/rfc/JGA_WHOLE_TRACK_GROOVE_FROZEN_PIPELINE_001_20260921/WHOLE_TRACK_JOINED_EVENTS.csv,810dead183772c6ee3c2ffed01cb79b2a05045abb2aea4e4c8903c180932a4a5,c7efaf8d2029ed140d67b7cbfff1c23fd33e0ffcae18f285566266c063f78e1c,NEW_014,True
F_MIX_01038,210.17541950113377,UNKNOWN,580,210.3263492063492,161.4990234374967,-150.92970521543000,CONTEXT,F_MIX_01038,/Users/StarTrack/Development/JazzGrooveAnalyzer/docs/scientific/rfc/JGA_WHOLE_TRACK_GROOVE_FROZEN_PIPELINE_001_20260921/WHOLE_TRACK_JOINED_EVENTS.csv,810dead183772c6ee3c2ffed01cb79b2a05045abb2aea4e4c8903c180932a4a5,c7efaf8d2029ed140d67b7cbfff1c23fd33e0ffcae18f285566266c063f78e1c,NEW_014,True
F_MIX_01039,210.25668934240363,UNKNOWN,580,210.3263492063492,161.4990234374967,-69.65986394557000,CONTEXT,F_MIX_01039,/Users/StarTrack/Development/JazzGrooveAnalyzer/docs/scientific/rfc/JGA_WHOLE_TRACK_GROOVE_FROZEN_PIPELINE_001_20260921/WHOLE_TRACK_JOINED_EVENTS.csv,810dead183772c6ee3c2ffed01cb79b2a05045abb2aea4e4c8903c180932a4a5,c7efaf8d2029ed140d67b7cbfff1c23fd33e0ffcae18f285566266c063f78e1c,NEW_014,True
F_MIX_01040,210.34956916099773,DRUM_SUPPORTED,580,210.3263492063492,161.4990234374967,23.21995464853000,PRIMARY,F_MIX_01040,/Users/StarTrack/Development/JazzGrooveAnalyzer/docs/scientific/rfc/JGA_WHOLE_TRACK_GROOVE_FROZEN_PIPELINE_001_20260921/WHOLE_TRACK_JOINED_EVENTS.csv,810dead183772c6ee3c2ffed01cb79b2a05045abb2aea4e4c8903c180932a4a5,c7efaf8d2029ed140d67b7cbfff1c23fd33e0ffcae18f285566266c063f78e1c,NEW_014,True
F_MIX_01041,210.53532879818593,UNKNOWN,581,210.69786848072562,161.4990234374967,-162.53968253969000,CONTEXT,F_MIX_01041,/Users/StarTrack/Development/JazzGrooveAnalyzer/docs/scientific/rfc/JGA_WHOLE_TRACK_GROOVE_FROZEN_PIPELINE_001_20260921/WHOLE_TRACK_JOINED_EVENTS.csv,810dead183772c6ee3c2ffed01cb79b2a05045abb2aea4e4c8903c180932a4a5,c7efaf8d2029ed140d67b7cbfff1c23fd33e0ffcae18f285566266c063f78e1c,NEW_014,True
F_MIX_01042,210.62820861678006,UNKNOWN,581,210.69786848072562,161.4990234374967,-69.65986394556000,CONTEXT,F_MIX_01042,/Users/StarTrack/Development/JazzGrooveAnalyzer/docs/scientific/rfc/JGA_WHOLE_TRACK_GROOVE_FROZEN_PIPELINE_001_20260921/WHOLE_TRACK_JOINED_EVENTS.csv,810dead183772c6ee3c2ffed01cb79b2a05045abb2aea4e4c8903c180932a4a5,c7efaf8d2029ed140d67b7cbfff1c23fd33e0ffcae18f285566266c063f78e1c,NEW_014,True
F_MIX_01043,210.68625850340135,DRUM_SUPPORTED,581,210.69786848072562,161.4990234374967,-11.60997732427000,PRIMARY,F_MIX_01043,/Users/StarTrack/Development/JazzGrooveAnalyzer/docs/scientific/rfc/JGA_WHOLE_TRACK_GROOVE_FROZEN_PIPELINE_001_20260921/WHOLE_TRACK_JOINED_EVENTS.csv,810dead183772c6ee3c2ffed01cb79b2a05045abb2aea4e4c8903c180932a4a5,c7efaf8d2029ed140d67b7cbfff1c23fd33e0ffcae18f285566266c063f78e1c,NEW_014,True
F_MIX_01044,210.82557823129252,UNKNOWN,581,210.69786848072562,161.4990234374967,127.70975056690000,CONTEXT,F_MIX_01044,/Users/StarTrack/Development/JazzGrooveAnalyzer/docs/scientific/rfc/JGA_WHOLE_TRACK_GROOVE_FROZEN_PIPELINE_001_20260921/WHOLE_TRACK_JOINED_EVENTS.csv,810dead183772c6ee3c2ffed01cb79b2a05045abb2aea4e4c8903c180932a4a5,c7efaf8d2029ed140d67b7cbfff1c23fd33e0ffcae18f285566266c063f78e1c,NEW_014,True
F_MIX_01045,210.9881179138322,DRUM_SUPPORTED,582,211.06938775510204,172.26562500000261,-81.26984126984000,CONTEXT,F_MIX_01045,/Users/StarTrack/Development/JazzGrooveAnalyzer/docs/scientific/rfc/JGA_WHOLE_TRACK_GROOVE_FROZEN_PIPELINE_001_20260921/WHOLE_TRACK_JOINED_EVENTS.csv,810dead183772c6ee3c2ffed01cb79b2a05045abb2aea4e4c8903c180932a4a5,c7efaf8d2029ed140d67b7cbfff1c23fd33e0ffcae18f285566266c063f78e1c,NEW_014,True
F_MIX_01046,211.05777777777777,DRUM_SUPPORTED,582,211.06938775510204,172.26562500000261,-11.60997732427000,PRIMARY,F_MIX_01046,/Users/StarTrack/Development/JazzGrooveAnalyzer/docs/scientific/rfc/JGA_WHOLE_TRACK_GROOVE_FROZEN_PIPELINE_001_20260921/WHOLE_TRACK_JOINED_EVENTS.csv,810dead183772c6ee3c2ffed01cb79b2a05045abb2aea4e4c8903c180932a4a5,c7efaf8d2029ed140d67b7cbfff1c23fd33e0ffcae18f285566266c063f78e1c,NEW_014,True
F_MIX_01047,211.19709750566892,UNKNOWN,582,211.06938775510204,172.26562500000261,127.70975056688000,CONTEXT,F_MIX_01047,/Users/StarTrack/Development/JazzGrooveAnalyzer/docs/scientific/rfc/JGA_WHOLE_TRACK_GROOVE_FROZEN_PIPELINE_001_20260921/WHOLE_TRACK_JOINED_EVENTS.csv,810dead183772c6ee3c2ffed01cb79b2a05045abb2aea4e4c8903c180932a4a5,c7efaf8d2029ed140d67b7cbfff1c23fd33e0ffcae18f285566266c063f78e1c,NEW_014,True
F_MIX_01048,211.3364172335601,UNKNOWN,583,211.41768707482993,161.4990234374967,-81.26984126983000,CONTEXT,F_MIX_01048,/Users/StarTrack/Development/JazzGrooveAnalyzer/docs/scientific/rfc/JGA_WHOLE_TRACK_GROOVE_FROZEN_PIPELINE_001_20260921/WHOLE_TRACK_JOINED_EVENTS.csv,810dead183772c6ee3c2ffed01cb79b2a05045abb2aea4e4c8903c180932a4a5,c7efaf8d2029ed140d67b7cbfff1c23fd33e0ffcae18f285566266c063f78e1c,NEW_014,True
F_MIX_01049,211.40607709750566,DRUM_SUPPORTED,583,211.41768707482993,161.4990234374967,-11.60997732427000,PRIMARY,F_MIX_01049,/Users/StarTrack/Development/JazzGrooveAnalyzer/docs/scientific/rfc/JGA_WHOLE_TRACK_GROOVE_FROZEN_PIPELINE_001_20260921/WHOLE_TRACK_JOINED_EVENTS.csv,810dead183772c6ee3c2ffed01cb79b2a05045abb2aea4e4c8903c180932a4a5,c7efaf8d2029ed140d67b7cbfff1c23fd33e0ffcae18f285566266c063f78e1c,NEW_014,True
F_MIX_01050,211.44090702947847,DRUM_SUPPORTED,583,211.41768707482993,161.4990234374967,23.21995464854000,CONTEXT,F_MIX_01050,/Users/StarTrack/Development/JazzGrooveAnalyzer/docs/scientific/rfc/JGA_WHOLE_TRACK_GROOVE_FROZEN_PIPELINE_001_20260921/WHOLE_TRACK_JOINED_EVENTS.csv,810dead183772c6ee3c2ffed01cb79b2a05045abb2aea4e4c8903c180932a4a5,c7efaf8d2029ed140d67b7cbfff1c23fd33e0ffcae18f285566266c063f78e1c,NEW_014,True
F_MIX_01051,211.54539682539684,UNKNOWN,583,211.41768707482993,161.4990234374967,127.70975056691000,CONTEXT,F_MIX_01051,/Users/StarTrack/Development/JazzGrooveAnalyzer/docs/scientific/rfc/JGA_WHOLE_TRACK_GROOVE_FROZEN_PIPELINE_001_20260921/WHOLE_TRACK_JOINED_EVENTS.csv,810dead183772c6ee3c2ffed01cb79b2a05045abb2aea4e4c8903c180932a4a5,c7efaf8d2029ed140d67b7cbfff1c23fd33e0ffcae18f285566266c063f78e1c,NEW_014,True
F_MIX_01052,211.69632653061225,UNKNOWN,584,211.78920634920635,172.26562500000261,-92.87981859410000,CONTEXT,F_MIX_01052,/Users/StarTrack/Development/JazzGrooveAnalyzer/docs/scientific/rfc/JGA_WHOLE_TRACK_GROOVE_FROZEN_PIPELINE_001_20260921/WHOLE_TRACK_JOINED_EVENTS.csv,810dead183772c6ee3c2ffed01cb79b2a05045abb2aea4e4c8903c180932a4a5,c7efaf8d2029ed140d67b7cbfff1c23fd33e0ffcae18f285566266c063f78e1c,NEW_014,True
F_MIX_01053,211.78920634920635,DRUM_SUPPORTED,584,211.78920634920635,172.26562500000261,0E-14,PRIMARY,F_MIX_01053,/Users/StarTrack/Development/JazzGrooveAnalyzer/docs/scientific/rfc/JGA_WHOLE_TRACK_GROOVE_FROZEN_PIPELINE_001_20260921/WHOLE_TRACK_JOINED_EVENTS.csv,810dead183772c6ee3c2ffed01cb79b2a05045abb2aea4e4c8903c180932a4a5,c7efaf8d2029ed140d67b7cbfff1c23fd33e0ffcae18f285566266c063f78e1c,NEW_014,True
F_MIX_01054,212.0562358276644,UNKNOWN,585,212.13750566893424,161.4990234374967,-81.26984126984000,CONTEXT,F_MIX_01054,/Users/StarTrack/Development/JazzGrooveAnalyzer/docs/scientific/rfc/JGA_WHOLE_TRACK_GROOVE_FROZEN_PIPELINE_001_20260921/WHOLE_TRACK_JOINED_EVENTS.csv,810dead183772c6ee3c2ffed01cb79b2a05045abb2aea4e4c8903c180932a4a5,c7efaf8d2029ed140d67b7cbfff1c23fd33e0ffcae18f285566266c063f78e1c,NEW_014,True
F_MIX_01055,212.1491156462585,DRUM_SUPPORTED,585,212.13750566893424,161.4990234374967,11.60997732426000,PRIMARY,F_MIX_01055,/Users/StarTrack/Development/JazzGrooveAnalyzer/docs/scientific/rfc/JGA_WHOLE_TRACK_GROOVE_FROZEN_PIPELINE_001_20260921/WHOLE_TRACK_JOINED_EVENTS.csv,810dead183772c6ee3c2ffed01cb79b2a05045abb2aea4e4c8903c180932a4a5,c7efaf8d2029ed140d67b7cbfff1c23fd33e0ffcae18f285566266c063f78e1c,NEW_014,True
F_MIX_01056,212.4277551020408,DRUM_SUPPORTED,586,212.50902494331066,172.26562500000261,-81.26984126986000,CONTEXT,F_MIX_01056,/Users/StarTrack/Development/JazzGrooveAnalyzer/docs/scientific/rfc/JGA_WHOLE_TRACK_GROOVE_FROZEN_PIPELINE_001_20260921/WHOLE_TRACK_JOINED_EVENTS.csv,810dead183772c6ee3c2ffed01cb79b2a05045abb2aea4e4c8903c180932a4a5,c7efaf8d2029ed140d67b7cbfff1c23fd33e0ffcae18f285566266c063f78e1c,NEW_014,True
F_MIX_01057,212.52063492063493,DRUM_SUPPORTED,586,212.50902494331066,172.26562500000261,11.60997732427000,PRIMARY,F_MIX_01057,/Users/StarTrack/Development/JazzGrooveAnalyzer/docs/scientific/rfc/JGA_WHOLE_TRACK_GROOVE_FROZEN_PIPELINE_001_20260921/WHOLE_TRACK_JOINED_EVENTS.csv,810dead183772c6ee3c2ffed01cb79b2a05045abb2aea4e4c8903c180932a4a5,c7efaf8d2029ed140d67b7cbfff1c23fd33e0ffcae18f285566266c063f78e1c,NEW_014,True
F_MIX_01058,212.78766439909296,UNKNOWN,587,212.85732426303855,172.26562500000261,-69.65986394559000,CONTEXT,F_MIX_01058,/Users/StarTrack/Development/JazzGrooveAnalyzer/docs/scientific/rfc/JGA_WHOLE_TRACK_GROOVE_FROZEN_PIPELINE_001_20260921/WHOLE_TRACK_JOINED_EVENTS.csv,810dead183772c6ee3c2ffed01cb79b2a05045abb2aea4e4c8903c180932a4a5,c7efaf8d2029ed140d67b7cbfff1c23fd33e0ffcae18f285566266c063f78e1c,NEW_014,True
F_MIX_01059,212.8805442176871,DRUM_SUPPORTED,587,212.85732426303855,172.26562500000261,23.21995464855000,PRIMARY,F_MIX_01059,/Users/StarTrack/Development/JazzGrooveAnalyzer/docs/scientific/rfc/JGA_WHOLE_TRACK_GROOVE_FROZEN_PIPELINE_001_20260921/WHOLE_TRACK_JOINED_EVENTS.csv,810dead183772c6ee3c2ffed01cb79b2a05045abb2aea4e4c8903c180932a4a5,c7efaf8d2029ed140d67b7cbfff1c23fd33e0ffcae18f285566266c063f78e1c,NEW_014,True
F_MIX_01060,213.14757369614512,UNKNOWN,588,213.20562358276644,161.4990234374967,-58.04988662132000,CONTEXT,F_MIX_01060,/Users/StarTrack/Development/JazzGrooveAnalyzer/docs/scientific/rfc/JGA_WHOLE_TRACK_GROOVE_FROZEN_PIPELINE_001_20260921/WHOLE_TRACK_JOINED_EVENTS.csv,810dead183772c6ee3c2ffed01cb79b2a05045abb2aea4e4c8903c180932a4a5,c7efaf8d2029ed140d67b7cbfff1c23fd33e0ffcae18f285566266c063f78e1c,NEW_014,True
F_MIX_01061,213.25206349206348,DRUM_SUPPORTED,588,213.20562358276644,161.4990234374967,46.43990929704000,PRIMARY,F_MIX_01061,/Users/StarTrack/Development/JazzGrooveAnalyzer/docs/scientific/rfc/JGA_WHOLE_TRACK_GROOVE_FROZEN_PIPELINE_001_20260921/WHOLE_TRACK_JOINED_EVENTS.csv,810dead183772c6ee3c2ffed01cb79b2a05045abb2aea4e4c8903c180932a4a5,c7efaf8d2029ed140d67b7cbfff1c23fd33e0ffcae18f285566266c063f78e1c,NEW_014,True
F_MIX_01062,213.50748299319727,UNKNOWN,589,213.57714285714286,172.26562500000261,-69.65986394559000,CONTEXT,F_MIX_01062,/Users/StarTrack/Development/JazzGrooveAnalyzer/docs/scientific/rfc/JGA_WHOLE_TRACK_GROOVE_FROZEN_PIPELINE_001_20260921/WHOLE_TRACK_JOINED_EVENTS.csv,810dead183772c6ee3c2ffed01cb79b2a05045abb2aea4e4c8903c180932a4a5,c7efaf8d2029ed140d67b7cbfff1c23fd33e0ffcae18f285566266c063f78e1c,NEW_014,True
F_MIX_01063,213.6235827664399,DRUM_SUPPORTED,589,213.57714285714286,172.26562500000261,46.43990929704000,PRIMARY,F_MIX_01063,/Users/StarTrack/Development/JazzGrooveAnalyzer/docs/scientific/rfc/JGA_WHOLE_TRACK_GROOVE_FROZEN_PIPELINE_001_20260921/WHOLE_TRACK_JOINED_EVENTS.csv,810dead183772c6ee3c2ffed01cb79b2a05045abb2aea4e4c8903c180932a4a5,c7efaf8d2029ed140d67b7cbfff1c23fd33e0ffcae18f285566266c063f78e1c,NEW_014,True
F_MIX_01064,213.8790022675737,DRUM_SUPPORTED,590,213.92544217687075,172.26562500000261,-46.43990929705000,PRIMARY,F_MIX_01064,/Users/StarTrack/Development/JazzGrooveAnalyzer/docs/scientific/rfc/JGA_WHOLE_TRACK_GROOVE_FROZEN_PIPELINE_001_20260921/WHOLE_TRACK_JOINED_EVENTS.csv,810dead183772c6ee3c2ffed01cb79b2a05045abb2aea4e4c8903c180932a4a5,c7efaf8d2029ed140d67b7cbfff1c23fd33e0ffcae18f285566266c063f78e1c,NEW_014,True
F_MIX_01065,214.1228117913832,UNKNOWN,591,214.27374149659863,161.4990234374967,-150.92970521543000,CONTEXT,F_MIX_01065,/Users/StarTrack/Development/JazzGrooveAnalyzer/docs/scientific/rfc/JGA_WHOLE_TRACK_GROOVE_FROZEN_PIPELINE_001_20260921/WHOLE_TRACK_JOINED_EVENTS.csv,810dead183772c6ee3c2ffed01cb79b2a05045abb2aea4e4c8903c180932a4a5,c7efaf8d2029ed140d67b7cbfff1c23fd33e0ffcae18f285566266c063f78e1c,NEW_014,True
F_MIX_01066,214.25052154195012,UNKNOWN,591,214.27374149659863,161.4990234374967,-23.21995464851000,PRIMARY,F_MIX_01066,/Users/StarTrack/Development/JazzGrooveAnalyzer/docs/scientific/rfc/JGA_WHOLE_TRACK_GROOVE_FROZEN_PIPELINE_001_20260921/WHOLE_TRACK_JOINED_EVENTS.csv,810dead183772c6ee3c2ffed01cb79b2a05045abb2aea4e4c8903c180932a4a5,c7efaf8d2029ed140d67b7cbfff1c23fd33e0ffcae18f285566266c063f78e1c,NEW_014,True
F_MIX_01067,214.33179138321995,DRUM_SUPPORTED,591,214.27374149659863,161.4990234374967,58.04988662132000,CONTEXT,F_MIX_01067,/Users/StarTrack/Development/JazzGrooveAnalyzer/docs/scientific/rfc/JGA_WHOLE_TRACK_GROOVE_FROZEN_PIPELINE_001_20260921/WHOLE_TRACK_JOINED_EVENTS.csv,810dead183772c6ee3c2ffed01cb79b2a05045abb2aea4e4c8903c180932a4a5,c7efaf8d2029ed140d67b7cbfff1c23fd33e0ffcae18f285566266c063f78e1c,NEW_014,True
F_MIX_01068,214.598820861678,UNKNOWN,592,214.64526077097506,172.26562500000261,-46.43990929706000,PRIMARY,F_MIX_01068,/Users/StarTrack/Development/JazzGrooveAnalyzer/docs/scientific/rfc/JGA_WHOLE_TRACK_GROOVE_FROZEN_PIPELINE_001_20260921/WHOLE_TRACK_JOINED_EVENTS.csv,810dead183772c6ee3c2ffed01cb79b2a05045abb2aea4e4c8903c180932a4a5,c7efaf8d2029ed140d67b7cbfff1c23fd33e0ffcae18f285566266c063f78e1c,NEW_014,True
F_MIX_01069,214.70331065759638,DRUM_SUPPORTED,592,214.64526077097506,172.26562500000261,58.04988662132000,CONTEXT,F_MIX_01069,/Users/StarTrack/Development/JazzGrooveAnalyzer/docs/scientific/rfc/JGA_WHOLE_TRACK_GROOVE_FROZEN_PIPELINE_001_20260921/WHOLE_TRACK_JOINED_EVENTS.csv,810dead183772c6ee3c2ffed01cb79b2a05045abb2aea4e4c8903c180932a4a5,c7efaf8d2029ed140d67b7cbfff1c23fd33e0ffcae18f285566266c063f78e1c,NEW_014,True
F_MIX_01070,214.95873015873016,DRUM_SUPPORTED,593,214.99356009070294,172.26562500000261,-34.82993197278000,PRIMARY,F_MIX_01070,/Users/StarTrack/Development/JazzGrooveAnalyzer/docs/scientific/rfc/JGA_WHOLE_TRACK_GROOVE_FROZEN_PIPELINE_001_20260921/WHOLE_TRACK_JOINED_EVENTS.csv,810dead183772c6ee3c2ffed01cb79b2a05045abb2aea4e4c8903c180932a4a5,c7efaf8d2029ed140d67b7cbfff1c23fd33e0ffcae18f285566266c063f78e1c,NEW_014,True
F_MIX_01071,215.0748299319728,DRUM_SUPPORTED,593,214.99356009070294,172.26562500000261,81.26984126986000,CONTEXT,F_MIX_01071,/Users/StarTrack/Development/JazzGrooveAnalyzer/docs/scientific/rfc/JGA_WHOLE_TRACK_GROOVE_FROZEN_PIPELINE_001_20260921/WHOLE_TRACK_JOINED_EVENTS.csv,810dead183772c6ee3c2ffed01cb79b2a05045abb2aea4e4c8903c180932a4a5,c7efaf8d2029ed140d67b7cbfff1c23fd33e0ffcae18f285566266c063f78e1c,NEW_014,True
F_MIX_01072,215.34185941043083,UNKNOWN,594,215.34185941043083,161.4990234374967,0E-14,PRIMARY,F_MIX_01072,/Users/StarTrack/Development/JazzGrooveAnalyzer/docs/scientific/rfc/JGA_WHOLE_TRACK_GROOVE_FROZEN_PIPELINE_001_20260921/WHOLE_TRACK_JOINED_EVENTS.csv,810dead183772c6ee3c2ffed01cb79b2a05045abb2aea4e4c8903c180932a4a5,c7efaf8d2029ed140d67b7cbfff1c23fd33e0ffcae18f285566266c063f78e1c,NEW_014,True
F_MIX_01073,215.4231292517007,DRUM_SUPPORTED,594,215.34185941043083,161.4990234374967,81.26984126987000,CONTEXT,F_MIX_01073,/Users/StarTrack/Development/JazzGrooveAnalyzer/docs/scientific/rfc/JGA_WHOLE_TRACK_GROOVE_FROZEN_PIPELINE_001_20260921/WHOLE_TRACK_JOINED_EVENTS.csv,810dead183772c6ee3c2ffed01cb79b2a05045abb2aea4e4c8903c180932a4a5,c7efaf8d2029ed140d67b7cbfff1c23fd33e0ffcae18f285566266c063f78e1c,NEW_014,True
F_MIX_01074,215.69015873015874,DRUM_SUPPORTED,595,215.71337868480725,172.26562500000261,-23.21995464851000,PRIMARY,F_MIX_01074,/Users/StarTrack/Development/JazzGrooveAnalyzer/docs/scientific/rfc/JGA_WHOLE_TRACK_GROOVE_FROZEN_PIPELINE_001_20260921/WHOLE_TRACK_JOINED_EVENTS.csv,810dead183772c6ee3c2ffed01cb79b2a05045abb2aea4e4c8903c180932a4a5,c7efaf8d2029ed140d67b7cbfff1c23fd33e0ffcae18f285566266c063f78e1c,NEW_014,True
F_MIX_01075,216.03845804988663,DRUM_SUPPORTED,596,216.06167800453514,172.26562500000261,-23.21995464851000,PRIMARY,F_MIX_01075,/Users/StarTrack/Development/JazzGrooveAnalyzer/docs/scientific/rfc/JGA_WHOLE_TRACK_GROOVE_FROZEN_PIPELINE_001_20260921/WHOLE_TRACK_JOINED_EVENTS.csv,810dead183772c6ee3c2ffed01cb79b2a05045abb2aea4e4c8903c180932a4a5,c7efaf8d2029ed140d67b7cbfff1c23fd33e0ffcae18f285566266c063f78e1c,NEW_014,True
F_MIX_01076,216.37514739229024,DRUM_SUPPORTED,597,216.40997732426302,161.4990234374967,-34.82993197278000,PRIMARY,F_MIX_01076,/Users/StarTrack/Development/JazzGrooveAnalyzer/docs/scientific/rfc/JGA_WHOLE_TRACK_GROOVE_FROZEN_PIPELINE_001_20260921/WHOLE_TRACK_JOINED_EVENTS.csv,810dead183772c6ee3c2ffed01cb79b2a05045abb2aea4e4c8903c180932a4a5,c7efaf8d2029ed140d67b7cbfff1c23fd33e0ffcae18f285566266c063f78e1c,NEW_014,True
F_MIX_01077,216.4796371882086,UNKNOWN,597,216.40997732426302,161.4990234374967,69.65986394558000,CONTEXT,F_MIX_01077,/Users/StarTrack/Development/JazzGrooveAnalyzer/docs/scientific/rfc/JGA_WHOLE_TRACK_GROOVE_FROZEN_PIPELINE_001_20260921/WHOLE_TRACK_JOINED_EVENTS.csv,810dead183772c6ee3c2ffed01cb79b2a05045abb2aea4e4c8903c180932a4a5,c7efaf8d2029ed140d67b7cbfff1c23fd33e0ffcae18f285566266c063f78e1c,NEW_014,True
F_MIX_01078,216.61895691609976,DRUM_SUPPORTED,598,216.78149659863945,172.26562500000261,-162.53968253969000,CONTEXT,F_MIX_01078,/Users/StarTrack/Development/JazzGrooveAnalyzer/docs/scientific/rfc/JGA_WHOLE_TRACK_GROOVE_FROZEN_PIPELINE_001_20260921/WHOLE_TRACK_JOINED_EVENTS.csv,810dead183772c6ee3c2ffed01cb79b2a05045abb2aea4e4c8903c180932a4a5,c7efaf8d2029ed140d67b7cbfff1c23fd33e0ffcae18f285566266c063f78e1c,NEW_014,True
F_MIX_01079,216.79310657596372,DRUM_SUPPORTED,598,216.78149659863945,172.26562500000261,11.60997732427000,PRIMARY,F_MIX_01079,/Users/StarTrack/Development/JazzGrooveAnalyzer/docs/scientific/rfc/JGA_WHOLE_TRACK_GROOVE_FROZEN_PIPELINE_001_20260921/WHOLE_TRACK_JOINED_EVENTS.csv,810dead183772c6ee3c2ffed01cb79b2a05045abb2aea4e4c8903c180932a4a5,c7efaf8d2029ed140d67b7cbfff1c23fd33e0ffcae18f285566266c063f78e1c,NEW_014,True
F_MIX_01080,217.17623582766439,DRUM_SUPPORTED,599,217.12979591836734,172.26562499998857,46.43990929705000,PRIMARY,F_MIX_01080,/Users/StarTrack/Development/JazzGrooveAnalyzer/docs/scientific/rfc/JGA_WHOLE_TRACK_GROOVE_FROZEN_PIPELINE_001_20260921/WHOLE_TRACK_JOINED_EVENTS.csv,810dead183772c6ee3c2ffed01cb79b2a05045abb2aea4e4c8903c180932a4a5,c7efaf8d2029ed140d67b7cbfff1c23fd33e0ffcae18f285566266c063f78e1c,control_drums_217_221,True
F_MIX_01081,217.40843537414966,DRUM_SUPPORTED,600,217.47809523809525,172.26562500000261,-69.65986394559000,PRIMARY,F_MIX_01081,/Users/StarTrack/Development/JazzGrooveAnalyzer/docs/scientific/rfc/JGA_WHOLE_TRACK_GROOVE_FROZEN_PIPELINE_001_20260921/WHOLE_TRACK_JOINED_EVENTS.csv,810dead183772c6ee3c2ffed01cb79b2a05045abb2aea4e4c8903c180932a4a5,c7efaf8d2029ed140d67b7cbfff1c23fd33e0ffcae18f285566266c063f78e1c,control_drums_217_221,True
F_MIX_01082,217.7799546485261,DRUM_SUPPORTED,601,217.82639455782314,161.4990234374967,-46.43990929704000,PRIMARY,F_MIX_01082,/Users/StarTrack/Development/JazzGrooveAnalyzer/docs/scientific/rfc/JGA_WHOLE_TRACK_GROOVE_FROZEN_PIPELINE_001_20260921/WHOLE_TRACK_JOINED_EVENTS.csv,810dead183772c6ee3c2ffed01cb79b2a05045abb2aea4e4c8903c180932a4a5,c7efaf8d2029ed140d67b7cbfff1c23fd33e0ffcae18f285566266c063f78e1c,control_drums_217_221,True
F_MIX_01083,217.87283446712019,DRUM_SUPPORTED,601,217.82639455782314,161.4990234374967,46.43990929705000,CONTEXT,F_MIX_01083,/Users/StarTrack/Development/JazzGrooveAnalyzer/docs/scientific/rfc/JGA_WHOLE_TRACK_GROOVE_FROZEN_PIPELINE_001_20260921/WHOLE_TRACK_JOINED_EVENTS.csv,810dead183772c6ee3c2ffed01cb79b2a05045abb2aea4e4c8903c180932a4a5,c7efaf8d2029ed140d67b7cbfff1c23fd33e0ffcae18f285566266c063f78e1c,control_drums_217_221,True
F_MIX_01084,218.10503401360543,DRUM_SUPPORTED,602,218.19791383219956,172.26562500000261,-92.87981859413000,CONTEXT,F_MIX_01084,/Users/StarTrack/Development/JazzGrooveAnalyzer/docs/scientific/rfc/JGA_WHOLE_TRACK_GROOVE_FROZEN_PIPELINE_001_20260921/WHOLE_TRACK_JOINED_EVENTS.csv,810dead183772c6ee3c2ffed01cb79b2a05045abb2aea4e4c8903c180932a4a5,c7efaf8d2029ed140d67b7cbfff1c23fd33e0ffcae18f285566266c063f78e1c,control_drums_217_221,True
F_MIX_01085,218.1863038548753,DRUM_SUPPORTED,602,218.19791383219956,172.26562500000261,-11.60997732426000,PRIMARY,F_MIX_01085,/Users/StarTrack/Development/JazzGrooveAnalyzer/docs/scientific/rfc/JGA_WHOLE_TRACK_GROOVE_FROZEN_PIPELINE_001_20260921/WHOLE_TRACK_JOINED_EVENTS.csv,810dead183772c6ee3c2ffed01cb79b2a05045abb2aea4e4c8903c180932a4a5,c7efaf8d2029ed140d67b7cbfff1c23fd33e0ffcae18f285566266c063f78e1c,control_drums_217_221,True
F_MIX_01086,218.26757369614512,DRUM_SUPPORTED,602,218.19791383219956,172.26562500000261,69.65986394556000,CONTEXT,F_MIX_01086,/Users/StarTrack/Development/JazzGrooveAnalyzer/docs/scientific/rfc/JGA_WHOLE_TRACK_GROOVE_FROZEN_PIPELINE_001_20260921/WHOLE_TRACK_JOINED_EVENTS.csv,810dead183772c6ee3c2ffed01cb79b2a05045abb2aea4e4c8903c180932a4a5,c7efaf8d2029ed140d67b7cbfff1c23fd33e0ffcae18f285566266c063f78e1c,control_drums_217_221,True
F_MIX_01087,218.51138321995464,DRUM_SUPPORTED,603,218.54621315192745,161.49902343750904,-34.82993197281000,PRIMARY,F_MIX_01087,/Users/StarTrack/Development/JazzGrooveAnalyzer/docs/scientific/rfc/JGA_WHOLE_TRACK_GROOVE_FROZEN_PIPELINE_001_20260921/WHOLE_TRACK_JOINED_EVENTS.csv,810dead183772c6ee3c2ffed01cb79b2a05045abb2aea4e4c8903c180932a4a5,c7efaf8d2029ed140d67b7cbfff1c23fd33e0ffcae18f285566266c063f78e1c,control_drums_217_221,True
F_MIX_01088,218.70875283446713,DRUM_SUPPORTED,603,218.54621315192745,161.49902343750904,162.53968253968000,CONTEXT,F_MIX_01088,/Users/StarTrack/Development/JazzGrooveAnalyzer/docs/scientific/rfc/JGA_WHOLE_TRACK_GROOVE_FROZEN_PIPELINE_001_20260921/WHOLE_TRACK_JOINED_EVENTS.csv,810dead183772c6ee3c2ffed01cb79b2a05045abb2aea4e4c8903c180932a4a5,c7efaf8d2029ed140d67b7cbfff1c23fd33e0ffcae18f285566266c063f78e1c,control_drums_217_221,True
F_MIX_01089,218.79002267573696,DRUM_SUPPORTED,604,218.91773242630384,161.4990234374967,-127.70975056688000,CONTEXT,F_MIX_01089,/Users/StarTrack/Development/JazzGrooveAnalyzer/docs/scientific/rfc/JGA_WHOLE_TRACK_GROOVE_FROZEN_PIPELINE_001_20260921/WHOLE_TRACK_JOINED_EVENTS.csv,810dead183772c6ee3c2ffed01cb79b2a05045abb2aea4e4c8903c180932a4a5,c7efaf8d2029ed140d67b7cbfff1c23fd33e0ffcae18f285566266c063f78e1c,control_drums_217_221,True
F_MIX_01090,218.85968253968255,DRUM_SUPPORTED,604,218.91773242630384,161.4990234374967,-58.04988662129000,CONTEXT,F_MIX_01090,/Users/StarTrack/Development/JazzGrooveAnalyzer/docs/scientific/rfc/JGA_WHOLE_TRACK_GROOVE_FROZEN_PIPELINE_001_20260921/WHOLE_TRACK_JOINED_EVENTS.csv,810dead183772c6ee3c2ffed01cb79b2a05045abb2aea4e4c8903c180932a4a5,c7efaf8d2029ed140d67b7cbfff1c23fd33e0ffcae18f285566266c063f78e1c,control_drums_217_221,True
F_MIX_01091,218.94095238095238,DRUM_SUPPORTED,604,218.91773242630384,161.4990234374967,23.21995464854000,PRIMARY,F_MIX_01091,/Users/StarTrack/Development/JazzGrooveAnalyzer/docs/scientific/rfc/JGA_WHOLE_TRACK_GROOVE_FROZEN_PIPELINE_001_20260921/WHOLE_TRACK_JOINED_EVENTS.csv,810dead183772c6ee3c2ffed01cb79b2a05045abb2aea4e4c8903c180932a4a5,c7efaf8d2029ed140d67b7cbfff1c23fd33e0ffcae18f285566266c063f78e1c,control_drums_217_221,True
F_MIX_01092,219.19637188208617,DRUM_SUPPORTED,605,219.28925170068027,161.4990234374967,-92.87981859410000,PRIMARY,F_MIX_01092,/Users/StarTrack/Development/JazzGrooveAnalyzer/docs/scientific/rfc/JGA_WHOLE_TRACK_GROOVE_FROZEN_PIPELINE_001_20260921/WHOLE_TRACK_JOINED_EVENTS.csv,810dead183772c6ee3c2ffed01cb79b2a05045abb2aea4e4c8903c180932a4a5,c7efaf8d2029ed140d67b7cbfff1c23fd33e0ffcae18f285566266c063f78e1c,control_drums_217_221,True
F_MIX_01093,219.39374149659864,UNKNOWN,605,219.28925170068027,161.4990234374967,104.48979591837000,CONTEXT,F_MIX_01093,/Users/StarTrack/Development/JazzGrooveAnalyzer/docs/scientific/rfc/JGA_WHOLE_TRACK_GROOVE_FROZEN_PIPELINE_001_20260921/WHOLE_TRACK_JOINED_EVENTS.csv,810dead183772c6ee3c2ffed01cb79b2a05045abb2aea4e4c8903c180932a4a5,c7efaf8d2029ed140d67b7cbfff1c23fd33e0ffcae18f285566266c063f78e1c,control_drums_217_221,True
F_MIX_01094,219.61433106575964,DRUM_SUPPORTED,606,219.6607709750567,151.99908088235597,-46.43990929706000,CONTEXT,F_MIX_01094,/Users/StarTrack/Development/JazzGrooveAnalyzer/docs/scientific/rfc/JGA_WHOLE_TRACK_GROOVE_FROZEN_PIPELINE_001_20260921/WHOLE_TRACK_JOINED_EVENTS.csv,810dead183772c6ee3c2ffed01cb79b2a05045abb2aea4e4c8903c180932a4a5,c7efaf8d2029ed140d67b7cbfff1c23fd33e0ffcae18f285566266c063f78e1c,control_drums_217_221,True
F_MIX_01095,219.6839909297052,DRUM_SUPPORTED,606,219.6607709750567,151.99908088235597,23.2199546485000,PRIMARY,F_MIX_01095,/Users/StarTrack/Development/JazzGrooveAnalyzer/docs/scientific/rfc/JGA_WHOLE_TRACK_GROOVE_FROZEN_PIPELINE_001_20260921/WHOLE_TRACK_JOINED_EVENTS.csv,810dead183772c6ee3c2ffed01cb79b2a05045abb2aea4e4c8903c180932a4a5,c7efaf8d2029ed140d67b7cbfff1c23fd33e0ffcae18f285566266c063f78e1c,control_drums_217_221,True
F_MIX_01096,219.77687074829933,DRUM_SUPPORTED,606,219.6607709750567,151.99908088235597,116.09977324263000,CONTEXT,F_MIX_01096,/Users/StarTrack/Development/JazzGrooveAnalyzer/docs/scientific/rfc/JGA_WHOLE_TRACK_GROOVE_FROZEN_PIPELINE_001_20260921/WHOLE_TRACK_JOINED_EVENTS.csv,810dead183772c6ee3c2ffed01cb79b2a05045abb2aea4e4c8903c180932a4a5,c7efaf8d2029ed140d67b7cbfff1c23fd33e0ffcae18f285566266c063f78e1c,control_drums_217_221,True
F_MIX_01097,219.85814058956916,DRUM_SUPPORTED,606,219.6607709750567,151.99908088235597,197.36961451246000,CONTEXT,F_MIX_01097,/Users/StarTrack/Development/JazzGrooveAnalyzer/docs/scientific/rfc/JGA_WHOLE_TRACK_GROOVE_FROZEN_PIPELINE_001_20260921/WHOLE_TRACK_JOINED_EVENTS.csv,810dead183772c6ee3c2ffed01cb79b2a05045abb2aea4e4c8903c180932a4a5,c7efaf8d2029ed140d67b7cbfff1c23fd33e0ffcae18f285566266c063f78e1c,control_drums_217_221,True
F_MIX_01098,219.9974603174603,DRUM_SUPPORTED,607,220.05551020408163,151.99908088235597,-58.04988662133000,PRIMARY,F_MIX_01098,/Users/StarTrack/Development/JazzGrooveAnalyzer/docs/scientific/rfc/JGA_WHOLE_TRACK_GROOVE_FROZEN_PIPELINE_001_20260921/WHOLE_TRACK_JOINED_EVENTS.csv,810dead183772c6ee3c2ffed01cb79b2a05045abb2aea4e4c8903c180932a4a5,c7efaf8d2029ed140d67b7cbfff1c23fd33e0ffcae18f285566266c063f78e1c,control_drums_217_221,True
F_MIX_01099,220.14839002267573,DRUM_SUPPORTED,607,220.05551020408163,151.99908088235597,92.87981859410000,CONTEXT,F_MIX_01099,/Users/StarTrack/Development/JazzGrooveAnalyzer/docs/scientific/rfc/JGA_WHOLE_TRACK_GROOVE_FROZEN_PIPELINE_001_20260921/WHOLE_TRACK_JOINED_EVENTS.csv,810dead183772c6ee3c2ffed01cb79b2a05045abb2aea4e4c8903c180932a4a5,c7efaf8d2029ed140d67b7cbfff1c23fd33e0ffcae18f285566266c063f78e1c,control_drums_217_221,True
F_MIX_01100,220.380589569161,DRUM_SUPPORTED,608,220.45024943310656,161.4990234374967,-69.65986394556000,PRIMARY,F_MIX_01100,/Users/StarTrack/Development/JazzGrooveAnalyzer/docs/scientific/rfc/JGA_WHOLE_TRACK_GROOVE_FROZEN_PIPELINE_001_20260921/WHOLE_TRACK_JOINED_EVENTS.csv,810dead183772c6ee3c2ffed01cb79b2a05045abb2aea4e4c8903c180932a4a5,c7efaf8d2029ed140d67b7cbfff1c23fd33e0ffcae18f285566266c063f78e1c,control_drums_217_221,True
F_MIX_01101,220.86820861678004,DRUM_SUPPORTED,609,220.821768707483,161.4990234374967,46.43990929704000,PRIMARY,F_MIX_01101,/Users/StarTrack/Development/JazzGrooveAnalyzer/docs/scientific/rfc/JGA_WHOLE_TRACK_GROOVE_FROZEN_PIPELINE_001_20260921/WHOLE_TRACK_JOINED_EVENTS.csv,810dead183772c6ee3c2ffed01cb79b2a05045abb2aea4e4c8903c180932a4a5,c7efaf8d2029ed140d67b7cbfff1c23fd33e0ffcae18f285566266c063f78e1c,control_drums_217_221,True
F_MIX_01102,221.262947845805,DRUM_SUPPORTED,610,221.1932879818594,161.4990234374967,69.6598639456000,PRIMARY,F_MIX_01102,/Users/StarTrack/Development/JazzGrooveAnalyzer/docs/scientific/rfc/JGA_WHOLE_TRACK_GROOVE_FROZEN_PIPELINE_001_20260921/WHOLE_TRACK_JOINED_EVENTS.csv,810dead183772c6ee3c2ffed01cb79b2a05045abb2aea4e4c8903c180932a4a5,c7efaf8d2029ed140d67b7cbfff1c23fd33e0ffcae18f285566266c063f78e1c,NEW_014,True
F_MIX_01103,221.5183673469388,DRUM_SUPPORTED,611,221.56480725623584,151.99908088235597,-46.43990929704000,PRIMARY,F_MIX_01103,/Users/StarTrack/Development/JazzGrooveAnalyzer/docs/scientific/rfc/JGA_WHOLE_TRACK_GROOVE_FROZEN_PIPELINE_001_20260921/WHOLE_TRACK_JOINED_EVENTS.csv,810dead183772c6ee3c2ffed01cb79b2a05045abb2aea4e4c8903c180932a4a5,c7efaf8d2029ed140d67b7cbfff1c23fd33e0ffcae18f285566266c063f78e1c,NEW_014,True
F_MIX_01104,221.6344671201814,BASS_AND_DRUM_SUPPORTED,611,221.56480725623584,151.99908088235597,69.65986394556000,CONTEXT,F_MIX_01104,/Users/StarTrack/Development/JazzGrooveAnalyzer/docs/scientific/rfc/JGA_WHOLE_TRACK_GROOVE_FROZEN_PIPELINE_001_20260921/WHOLE_TRACK_JOINED_EVENTS.csv,810dead183772c6ee3c2ffed01cb79b2a05045abb2aea4e4c8903c180932a4a5,c7efaf8d2029ed140d67b7cbfff1c23fd33e0ffcae18f285566266c063f78e1c,NEW_014,True
F_MIX_01105,221.69251700680272,UNKNOWN,611,221.56480725623584,151.99908088235597,127.70975056688000,CONTEXT,F_MIX_01105,/Users/StarTrack/Development/JazzGrooveAnalyzer/docs/scientific/rfc/JGA_WHOLE_TRACK_GROOVE_FROZEN_PIPELINE_001_20260921/WHOLE_TRACK_JOINED_EVENTS.csv,810dead183772c6ee3c2ffed01cb79b2a05045abb2aea4e4c8903c180932a4a5,c7efaf8d2029ed140d67b7cbfff1c23fd33e0ffcae18f285566266c063f78e1c,NEW_014,True
F_MIX_01106,221.98276643990928,BASS_AND_DRUM_SUPPORTED,612,221.95954648526077,161.4990234374967,23.21995464851000,PRIMARY,F_MIX_01106,/Users/StarTrack/Development/JazzGrooveAnalyzer/docs/scientific/rfc/JGA_WHOLE_TRACK_GROOVE_FROZEN_PIPELINE_001_20260921/WHOLE_TRACK_JOINED_EVENTS.csv,810dead183772c6ee3c2ffed01cb79b2a05045abb2aea4e4c8903c180932a4a5,c7efaf8d2029ed140d67b7cbfff1c23fd33e0ffcae18f285566266c063f78e1c,NEW_014,True
F_MIX_01107,222.24979591836734,UNKNOWN,613,222.3310657596372,161.49902343750904,-81.26984126986000,CONTEXT,F_MIX_01107,/Users/StarTrack/Development/JazzGrooveAnalyzer/docs/scientific/rfc/JGA_WHOLE_TRACK_GROOVE_FROZEN_PIPELINE_001_20260921/WHOLE_TRACK_JOINED_EVENTS.csv,810dead183772c6ee3c2ffed01cb79b2a05045abb2aea4e4c8903c180932a4a5,c7efaf8d2029ed140d67b7cbfff1c23fd33e0ffcae18f285566266c063f78e1c,NEW_014,True
F_MIX_01108,222.37750566893425,BASS_AND_DRUM_SUPPORTED,613,222.3310657596372,161.49902343750904,46.43990929705000,PRIMARY,F_MIX_01108,/Users/StarTrack/Development/JazzGrooveAnalyzer/docs/scientific/rfc/JGA_WHOLE_TRACK_GROOVE_FROZEN_PIPELINE_001_20260921/WHOLE_TRACK_JOINED_EVENTS.csv,810dead183772c6ee3c2ffed01cb79b2a05045abb2aea4e4c8903c180932a4a5,c7efaf8d2029ed140d67b7cbfff1c23fd33e0ffcae18f285566266c063f78e1c,NEW_014,True
F_MIX_01109,222.74902494331064,BASS_AND_DRUM_SUPPORTED,614,222.7025850340136,161.4990234374967,46.43990929704000,PRIMARY,F_MIX_01109,/Users/StarTrack/Development/JazzGrooveAnalyzer/docs/scientific/rfc/JGA_WHOLE_TRACK_GROOVE_FROZEN_PIPELINE_001_20260921/WHOLE_TRACK_JOINED_EVENTS.csv,810dead183772c6ee3c2ffed01cb79b2a05045abb2aea4e4c8903c180932a4a5,c7efaf8d2029ed140d67b7cbfff1c23fd33e0ffcae18f285566266c063f78e1c,NEW_014,True
F_MIX_01110,222.9928344671202,DRUM_SUPPORTED,615,223.07410430839002,172.26562500000261,-81.26984126982000,CONTEXT,F_MIX_01110,/Users/StarTrack/Development/JazzGrooveAnalyzer/docs/scientific/rfc/JGA_WHOLE_TRACK_GROOVE_FROZEN_PIPELINE_001_20260921/WHOLE_TRACK_JOINED_EVENTS.csv,810dead183772c6ee3c2ffed01cb79b2a05045abb2aea4e4c8903c180932a4a5,c7efaf8d2029ed140d67b7cbfff1c23fd33e0ffcae18f285566266c063f78e1c,NEW_014,True
F_MIX_01111,223.1089342403628,DRUM_SUPPORTED,615,223.07410430839002,172.26562500000261,34.82993197278000,PRIMARY,F_MIX_01111,/Users/StarTrack/Development/JazzGrooveAnalyzer/docs/scientific/rfc/JGA_WHOLE_TRACK_GROOVE_FROZEN_PIPELINE_001_20260921/WHOLE_TRACK_JOINED_EVENTS.csv,810dead183772c6ee3c2ffed01cb79b2a05045abb2aea4e4c8903c180932a4a5,c7efaf8d2029ed140d67b7cbfff1c23fd33e0ffcae18f285566266c063f78e1c,NEW_014,True
F_MIX_01112,223.3643537414966,UNKNOWN,616,223.4224036281179,161.4990234374967,-58.0498866213000,PRIMARY,F_MIX_01112,/Users/StarTrack/Development/JazzGrooveAnalyzer/docs/scientific/rfc/JGA_WHOLE_TRACK_GROOVE_FROZEN_PIPELINE_001_20260921/WHOLE_TRACK_JOINED_EVENTS.csv,810dead183772c6ee3c2ffed01cb79b2a05045abb2aea4e4c8903c180932a4a5,c7efaf8d2029ed140d67b7cbfff1c23fd33e0ffcae18f285566266c063f78e1c,NEW_014,True
F_MIX_01113,223.72426303854874,DRUM_SUPPORTED,617,223.79392290249433,172.26562500000261,-69.65986394559000,PRIMARY,F_MIX_01113,/Users/StarTrack/Development/JazzGrooveAnalyzer/docs/scientific/rfc/JGA_WHOLE_TRACK_GROOVE_FROZEN_PIPELINE_001_20260921/WHOLE_TRACK_JOINED_EVENTS.csv,810dead183772c6ee3c2ffed01cb79b2a05045abb2aea4e4c8903c180932a4a5,c7efaf8d2029ed140d67b7cbfff1c23fd33e0ffcae18f285566266c063f78e1c,NEW_014,True
F_MIX_01114,224.16544217687076,BASS_AND_DRUM_SUPPORTED,618,224.14222222222222,161.4990234374967,23.21995464854000,PRIMARY,F_MIX_01114,/Users/StarTrack/Development/JazzGrooveAnalyzer/docs/scientific/rfc/JGA_WHOLE_TRACK_GROOVE_FROZEN_PIPELINE_001_20260921/WHOLE_TRACK_JOINED_EVENTS.csv,810dead183772c6ee3c2ffed01cb79b2a05045abb2aea4e4c8903c180932a4a5,c7efaf8d2029ed140d67b7cbfff1c23fd33e0ffcae18f285566266c063f78e1c,NEW_014,True
F_MIX_01115,224.45569160997732,DRUM_SUPPORTED,619,224.51374149659864,172.26562500000261,-58.04988662132000,CONTEXT,F_MIX_01115,/Users/StarTrack/Development/JazzGrooveAnalyzer/docs/scientific/rfc/JGA_WHOLE_TRACK_GROOVE_FROZEN_PIPELINE_001_20260921/WHOLE_TRACK_JOINED_EVENTS.csv,810dead183772c6ee3c2ffed01cb79b2a05045abb2aea4e4c8903c180932a4a5,c7efaf8d2029ed140d67b7cbfff1c23fd33e0ffcae18f285566266c063f78e1c,NEW_014,True
F_MIX_01116,224.53696145124715,BASS_AND_DRUM_SUPPORTED,619,224.51374149659864,172.26562500000261,23.21995464851000,PRIMARY,F_MIX_01116,/Users/StarTrack/Development/JazzGrooveAnalyzer/docs/scientific/rfc/JGA_WHOLE_TRACK_GROOVE_FROZEN_PIPELINE_001_20260921/WHOLE_TRACK_JOINED_EVENTS.csv,810dead183772c6ee3c2ffed01cb79b2a05045abb2aea4e4c8903c180932a4a5,c7efaf8d2029ed140d67b7cbfff1c23fd33e0ffcae18f285566266c063f78e1c,NEW_014,True
F_MIX_01117,224.82721088435375,UNKNOWN,620,224.86204081632653,161.4990234374967,-34.82993197278000,PRIMARY,F_MIX_01117,/Users/StarTrack/Development/JazzGrooveAnalyzer/docs/scientific/rfc/JGA_WHOLE_TRACK_GROOVE_FROZEN_PIPELINE_001_20260921/WHOLE_TRACK_JOINED_EVENTS.csv,810dead183772c6ee3c2ffed01cb79b2a05045abb2aea4e4c8903c180932a4a5,c7efaf8d2029ed140d67b7cbfff1c23fd33e0ffcae18f285566266c063f78e1c,NEW_014,True
F_MIX_01118,224.90848072562358,BASS_AND_DRUM_SUPPORTED,620,224.86204081632653,161.4990234374967,46.43990929705000,CONTEXT,F_MIX_01118,/Users/StarTrack/Development/JazzGrooveAnalyzer/docs/scientific/rfc/JGA_WHOLE_TRACK_GROOVE_FROZEN_PIPELINE_001_20260921/WHOLE_TRACK_JOINED_EVENTS.csv,810dead183772c6ee3c2ffed01cb79b2a05045abb2aea4e4c8903c180932a4a5,c7efaf8d2029ed140d67b7cbfff1c23fd33e0ffcae18f285566266c063f78e1c,NEW_014,True
F_MIX_01119,225.16390022675736,UNKNOWN,621,225.23356009070295,172.26562500000261,-69.65986394559000,CONTEXT,F_MIX_01119,/Users/StarTrack/Development/JazzGrooveAnalyzer/docs/scientific/rfc/JGA_WHOLE_TRACK_GROOVE_FROZEN_PIPELINE_001_20260921/WHOLE_TRACK_JOINED_EVENTS.csv,810dead183772c6ee3c2ffed01cb79b2a05045abb2aea4e4c8903c180932a4a5,c7efaf8d2029ed140d67b7cbfff1c23fd33e0ffcae18f285566266c063f78e1c,control_225_235,True
F_MIX_01120,225.25678004535146,DRUM_SUPPORTED,621,225.23356009070295,172.26562500000261,23.21995464851000,PRIMARY,F_MIX_01120,/Users/StarTrack/Development/JazzGrooveAnalyzer/docs/scientific/rfc/JGA_WHOLE_TRACK_GROOVE_FROZEN_PIPELINE_001_20260921/WHOLE_TRACK_JOINED_EVENTS.csv,810dead183772c6ee3c2ffed01cb79b2a05045abb2aea4e4c8903c180932a4a5,c7efaf8d2029ed140d67b7cbfff1c23fd33e0ffcae18f285566266c063f78e1c,control_225_235,True
F_MIX_01121,225.61668934240362,DRUM_SUPPORTED,622,225.58185941043084,172.26562500000261,34.82993197278000,PRIMARY,F_MIX_01121,/Users/StarTrack/Development/JazzGrooveAnalyzer/docs/scientific/rfc/JGA_WHOLE_TRACK_GROOVE_FROZEN_PIPELINE_001_20260921/WHOLE_TRACK_JOINED_EVENTS.csv,810dead183772c6ee3c2ffed01cb79b2a05045abb2aea4e4c8903c180932a4a5,c7efaf8d2029ed140d67b7cbfff1c23fd33e0ffcae18f285566266c063f78e1c,control_225_235,True
F_MIX_01122,225.8721088435374,DRUM_SUPPORTED,623,225.93015873015872,172.26562500000261,-58.04988662132000,PRIMARY,F_MIX_01122,/Users/StarTrack/Development/JazzGrooveAnalyzer/docs/scientific/rfc/JGA_WHOLE_TRACK_GROOVE_FROZEN_PIPELINE_001_20260921/WHOLE_TRACK_JOINED_EVENTS.csv,810dead183772c6ee3c2ffed01cb79b2a05045abb2aea4e4c8903c180932a4a5,c7efaf8d2029ed140d67b7cbfff1c23fd33e0ffcae18f285566266c063f78e1c,control_225_235,True
F_MIX_01123,225.98820861678004,DRUM_SUPPORTED,623,225.93015873015872,172.26562500000261,58.04988662132000,CONTEXT,F_MIX_01123,/Users/StarTrack/Development/JazzGrooveAnalyzer/docs/scientific/rfc/JGA_WHOLE_TRACK_GROOVE_FROZEN_PIPELINE_001_20260921/WHOLE_TRACK_JOINED_EVENTS.csv,810dead183772c6ee3c2ffed01cb79b2a05045abb2aea4e4c8903c180932a4a5,c7efaf8d2029ed140d67b7cbfff1c23fd33e0ffcae18f285566266c063f78e1c,control_225_235,True
F_MIX_01124,226.23201814058956,DRUM_SUPPORTED,624,226.2784580498866,161.4990234374967,-46.43990929704000,PRIMARY,F_MIX_01124,/Users/StarTrack/Development/JazzGrooveAnalyzer/docs/scientific/rfc/JGA_WHOLE_TRACK_GROOVE_FROZEN_PIPELINE_001_20260921/WHOLE_TRACK_JOINED_EVENTS.csv,810dead183772c6ee3c2ffed01cb79b2a05045abb2aea4e4c8903c180932a4a5,c7efaf8d2029ed140d67b7cbfff1c23fd33e0ffcae18f285566266c063f78e1c,control_225_235,True
F_MIX_01125,226.33650793650793,DRUM_SUPPORTED,624,226.2784580498866,161.4990234374967,58.04988662133000,CONTEXT,F_MIX_01125,/Users/StarTrack/Development/JazzGrooveAnalyzer/docs/scientific/rfc/JGA_WHOLE_TRACK_GROOVE_FROZEN_PIPELINE_001_20260921/WHOLE_TRACK_JOINED_EVENTS.csv,810dead183772c6ee3c2ffed01cb79b2a05045abb2aea4e4c8903c180932a4a5,c7efaf8d2029ed140d67b7cbfff1c23fd33e0ffcae18f285566266c063f78e1c,control_225_235,True
F_MIX_01126,226.61514739229025,DRUM_SUPPORTED,625,226.64997732426303,172.26562500000261,-34.82993197278000,PRIMARY,F_MIX_01126,/Users/StarTrack/Development/JazzGrooveAnalyzer/docs/scientific/rfc/JGA_WHOLE_TRACK_GROOVE_FROZEN_PIPELINE_001_20260921/WHOLE_TRACK_JOINED_EVENTS.csv,810dead183772c6ee3c2ffed01cb79b2a05045abb2aea4e4c8903c180932a4a5,c7efaf8d2029ed140d67b7cbfff1c23fd33e0ffcae18f285566266c063f78e1c,control_225_235,True
F_MIX_01127,226.96344671201814,DRUM_SUPPORTED,626,226.99827664399092,172.26562499998857,-34.82993197278000,PRIMARY,F_MIX_01127,/Users/StarTrack/Development/JazzGrooveAnalyzer/docs/scientific/rfc/JGA_WHOLE_TRACK_GROOVE_FROZEN_PIPELINE_001_20260921/WHOLE_TRACK_JOINED_EVENTS.csv,810dead183772c6ee3c2ffed01cb79b2a05045abb2aea4e4c8903c180932a4a5,c7efaf8d2029ed140d67b7cbfff1c23fd33e0ffcae18f285566266c063f78e1c,control_225_235,True
F_MIX_01128,227.07954648526078,DRUM_SUPPORTED,626,226.99827664399092,172.26562499998857,81.26984126986000,CONTEXT,F_MIX_01128,/Users/StarTrack/Development/JazzGrooveAnalyzer/docs/scientific/rfc/JGA_WHOLE_TRACK_GROOVE_FROZEN_PIPELINE_001_20260921/WHOLE_TRACK_JOINED_EVENTS.csv,810dead183772c6ee3c2ffed01cb79b2a05045abb2aea4e4c8903c180932a4a5,c7efaf8d2029ed140d67b7cbfff1c23fd33e0ffcae18f285566266c063f78e1c,control_225_235,True
F_MIX_01129,227.31174603174603,DRUM_SUPPORTED,627,227.34657596371883,161.49902343750904,-34.82993197280000,PRIMARY,F_MIX_01129,/Users/StarTrack/Development/JazzGrooveAnalyzer/docs/scientific/rfc/JGA_WHOLE_TRACK_GROOVE_FROZEN_PIPELINE_001_20260921/WHOLE_TRACK_JOINED_EVENTS.csv,810dead183772c6ee3c2ffed01cb79b2a05045abb2aea4e4c8903c180932a4a5,c7efaf8d2029ed140d67b7cbfff1c23fd33e0ffcae18f285566266c063f78e1c,control_225_235,True
F_MIX_01130,227.4162358276644,DRUM_SUPPORTED,627,227.34657596371883,161.49902343750904,69.65986394557000,CONTEXT,F_MIX_01130,/Users/StarTrack/Development/JazzGrooveAnalyzer/docs/scientific/rfc/JGA_WHOLE_TRACK_GROOVE_FROZEN_PIPELINE_001_20260921/WHOLE_TRACK_JOINED_EVENTS.csv,810dead183772c6ee3c2ffed01cb79b2a05045abb2aea4e4c8903c180932a4a5,c7efaf8d2029ed140d67b7cbfff1c23fd33e0ffcae18f285566266c063f78e1c,control_225_235,True
F_MIX_01131,227.6600453514739,UNKNOWN,628,227.71809523809523,172.26562500000261,-58.04988662133000,PRIMARY,F_MIX_01131,/Users/StarTrack/Development/JazzGrooveAnalyzer/docs/scientific/rfc/JGA_WHOLE_TRACK_GROOVE_FROZEN_PIPELINE_001_20260921/WHOLE_TRACK_JOINED_EVENTS.csv,810dead183772c6ee3c2ffed01cb79b2a05045abb2aea4e4c8903c180932a4a5,c7efaf8d2029ed140d67b7cbfff1c23fd33e0ffcae18f285566266c063f78e1c,control_225_235,True
F_MIX_01132,227.99673469387756,DRUM_SUPPORTED,629,228.06639455782312,161.4990234374967,-69.65986394556000,PRIMARY,F_MIX_01132,/Users/StarTrack/Development/JazzGrooveAnalyzer/docs/scientific/rfc/JGA_WHOLE_TRACK_GROOVE_FROZEN_PIPELINE_001_20260921/WHOLE_TRACK_JOINED_EVENTS.csv,810dead183772c6ee3c2ffed01cb79b2a05045abb2aea4e4c8903c180932a4a5,c7efaf8d2029ed140d67b7cbfff1c23fd33e0ffcae18f285566266c063f78e1c,control_225_235,True
F_MIX_01133,228.37986394557822,DRUM_SUPPORTED,630,228.43791383219954,161.4990234374967,-58.04988662132000,PRIMARY,F_MIX_01133,/Users/StarTrack/Development/JazzGrooveAnalyzer/docs/scientific/rfc/JGA_WHOLE_TRACK_GROOVE_FROZEN_PIPELINE_001_20260921/WHOLE_TRACK_JOINED_EVENTS.csv,810dead183772c6ee3c2ffed01cb79b2a05045abb2aea4e4c8903c180932a4a5,c7efaf8d2029ed140d67b7cbfff1c23fd33e0ffcae18f285566266c063f78e1c,control_225_235,True
F_MIX_01134,228.76299319727892,DRUM_SUPPORTED,631,228.80943310657597,161.4990234374967,-46.43990929705000,PRIMARY,F_MIX_01134,/Users/StarTrack/Development/JazzGrooveAnalyzer/docs/scientific/rfc/JGA_WHOLE_TRACK_GROOVE_FROZEN_PIPELINE_001_20260921/WHOLE_TRACK_JOINED_EVENTS.csv,810dead183772c6ee3c2ffed01cb79b2a05045abb2aea4e4c8903c180932a4a5,c7efaf8d2029ed140d67b7cbfff1c23fd33e0ffcae18f285566266c063f78e1c,control_225_235,True
F_MIX_01135,228.8907029478458,DRUM_SUPPORTED,631,228.80943310657597,161.4990234374967,81.26984126983000,CONTEXT,F_MIX_01135,/Users/StarTrack/Development/JazzGrooveAnalyzer/docs/scientific/rfc/JGA_WHOLE_TRACK_GROOVE_FROZEN_PIPELINE_001_20260921/WHOLE_TRACK_JOINED_EVENTS.csv,810dead183772c6ee3c2ffed01cb79b2a05045abb2aea4e4c8903c180932a4a5,c7efaf8d2029ed140d67b7cbfff1c23fd33e0ffcae18f285566266c063f78e1c,control_225_235,True
F_MIX_01136,229.13451247165534,DRUM_SUPPORTED,632,229.1809523809524,161.49902343750904,-46.43990929706000,PRIMARY,F_MIX_01136,/Users/StarTrack/Development/JazzGrooveAnalyzer/docs/scientific/rfc/JGA_WHOLE_TRACK_GROOVE_FROZEN_PIPELINE_001_20260921/WHOLE_TRACK_JOINED_EVENTS.csv,810dead183772c6ee3c2ffed01cb79b2a05045abb2aea4e4c8903c180932a4a5,c7efaf8d2029ed140d67b7cbfff1c23fd33e0ffcae18f285566266c063f78e1c,control_225_235,True
F_MIX_01137,229.2390022675737,DRUM_SUPPORTED,632,229.1809523809524,161.49902343750904,58.0498866213000,CONTEXT,F_MIX_01137,/Users/StarTrack/Development/JazzGrooveAnalyzer/docs/scientific/rfc/JGA_WHOLE_TRACK_GROOVE_FROZEN_PIPELINE_001_20260921/WHOLE_TRACK_JOINED_EVENTS.csv,810dead183772c6ee3c2ffed01cb79b2a05045abb2aea4e4c8903c180932a4a5,c7efaf8d2029ed140d67b7cbfff1c23fd33e0ffcae18f285566266c063f78e1c,control_225_235,True
F_MIX_01138,229.35510204081632,DRUM_SUPPORTED,632,229.1809523809524,161.49902343750904,174.14965986392000,CONTEXT,F_MIX_01138,/Users/StarTrack/Development/JazzGrooveAnalyzer/docs/scientific/rfc/JGA_WHOLE_TRACK_GROOVE_FROZEN_PIPELINE_001_20260921/WHOLE_TRACK_JOINED_EVENTS.csv,810dead183772c6ee3c2ffed01cb79b2a05045abb2aea4e4c8903c180932a4a5,c7efaf8d2029ed140d67b7cbfff1c23fd33e0ffcae18f285566266c063f78e1c,control_225_235,True
F_MIX_01139,229.48281179138323,DRUM_SUPPORTED,633,229.5524716553288,161.4990234374967,-69.65986394557000,CONTEXT,F_MIX_01139,/Users/StarTrack/Development/JazzGrooveAnalyzer/docs/scientific/rfc/JGA_WHOLE_TRACK_GROOVE_FROZEN_PIPELINE_001_20260921/WHOLE_TRACK_JOINED_EVENTS.csv,810dead183772c6ee3c2ffed01cb79b2a05045abb2aea4e4c8903c180932a4a5,c7efaf8d2029ed140d67b7cbfff1c23fd33e0ffcae18f285566266c063f78e1c,control_225_235,True
F_MIX_01140,229.59891156462584,DRUM_SUPPORTED,633,229.5524716553288,161.4990234374967,46.43990929704000,PRIMARY,F_MIX_01140,/Users/StarTrack/Development/JazzGrooveAnalyzer/docs/scientific/rfc/JGA_WHOLE_TRACK_GROOVE_FROZEN_PIPELINE_001_20260921/WHOLE_TRACK_JOINED_EVENTS.csv,810dead183772c6ee3c2ffed01cb79b2a05045abb2aea4e4c8903c180932a4a5,c7efaf8d2029ed140d67b7cbfff1c23fd33e0ffcae18f285566266c063f78e1c,control_225_235,True
F_MIX_01141,229.72662131519274,DRUM_SUPPORTED,633,229.5524716553288,161.4990234374967,174.14965986394000,CONTEXT,F_MIX_01141,/Users/StarTrack/Development/JazzGrooveAnalyzer/docs/scientific/rfc/JGA_WHOLE_TRACK_GROOVE_FROZEN_PIPELINE_001_20260921/WHOLE_TRACK_JOINED_EVENTS.csv,810dead183772c6ee3c2ffed01cb79b2a05045abb2aea4e4c8903c180932a4a5,c7efaf8d2029ed140d67b7cbfff1c23fd33e0ffcae18f285566266c063f78e1c,control_225_235,True
F_MIX_01142,229.8311111111111,DRUM_SUPPORTED,634,229.9239909297052,151.99908088235597,-92.8798185941000,CONTEXT,F_MIX_01142,/Users/StarTrack/Development/JazzGrooveAnalyzer/docs/scientific/rfc/JGA_WHOLE_TRACK_GROOVE_FROZEN_PIPELINE_001_20260921/WHOLE_TRACK_JOINED_EVENTS.csv,810dead183772c6ee3c2ffed01cb79b2a05045abb2aea4e4c8903c180932a4a5,c7efaf8d2029ed140d67b7cbfff1c23fd33e0ffcae18f285566266c063f78e1c,control_225_235,True
F_MIX_01143,229.94721088435375,DRUM_SUPPORTED,634,229.9239909297052,151.99908088235597,23.21995464855000,PRIMARY,F_MIX_01143,/Users/StarTrack/Development/JazzGrooveAnalyzer/docs/scientific/rfc/JGA_WHOLE_TRACK_GROOVE_FROZEN_PIPELINE_001_20260921/WHOLE_TRACK_JOINED_EVENTS.csv,810dead183772c6ee3c2ffed01cb79b2a05045abb2aea4e4c8903c180932a4a5,c7efaf8d2029ed140d67b7cbfff1c23fd33e0ffcae18f285566266c063f78e1c,control_225_235,True
F_MIX_01144,231.03854875283446,UNKNOWN,637,231.061768707483,151.99908088235597,-23.21995464854000,PRIMARY,F_MIX_01144,/Users/StarTrack/Development/JazzGrooveAnalyzer/docs/scientific/rfc/JGA_WHOLE_TRACK_GROOVE_FROZEN_PIPELINE_001_20260921/WHOLE_TRACK_JOINED_EVENTS.csv,810dead183772c6ee3c2ffed01cb79b2a05045abb2aea4e4c8903c180932a4a5,c7efaf8d2029ed140d67b7cbfff1c23fd33e0ffcae18f285566266c063f78e1c,control_225_235,True
F_MIX_01145,232.0950566893424,UNKNOWN,640,232.19954648526078,161.49902343750904,-104.48979591838000,CONTEXT,F_MIX_01145,/Users/StarTrack/Development/JazzGrooveAnalyzer/docs/scientific/rfc/JGA_WHOLE_TRACK_GROOVE_FROZEN_PIPELINE_001_20260921/WHOLE_TRACK_JOINED_EVENTS.csv,810dead183772c6ee3c2ffed01cb79b2a05045abb2aea4e4c8903c180932a4a5,c7efaf8d2029ed140d67b7cbfff1c23fd33e0ffcae18f285566266c063f78e1c,control_225_235,True
F_MIX_01146,232.21115646258502,DRUM_SUPPORTED,640,232.19954648526078,161.49902343750904,11.60997732424000,PRIMARY,F_MIX_01146,/Users/StarTrack/Development/JazzGrooveAnalyzer/docs/scientific/rfc/JGA_WHOLE_TRACK_GROOVE_FROZEN_PIPELINE_001_20260921/WHOLE_TRACK_JOINED_EVENTS.csv,810dead183772c6ee3c2ffed01cb79b2a05045abb2aea4e4c8903c180932a4a5,c7efaf8d2029ed140d67b7cbfff1c23fd33e0ffcae18f285566266c063f78e1c,control_225_235,True
F_MIX_01147,232.4433560090703,UNKNOWN,641,232.57106575963718,161.4990234374967,-127.70975056688000,CONTEXT,F_MIX_01147,/Users/StarTrack/Development/JazzGrooveAnalyzer/docs/scientific/rfc/JGA_WHOLE_TRACK_GROOVE_FROZEN_PIPELINE_001_20260921/WHOLE_TRACK_JOINED_EVENTS.csv,810dead183772c6ee3c2ffed01cb79b2a05045abb2aea4e4c8903c180932a4a5,c7efaf8d2029ed140d67b7cbfff1c23fd33e0ffcae18f285566266c063f78e1c,control_225_235,True
F_MIX_01148,232.48979591836735,UNKNOWN,641,232.57106575963718,161.4990234374967,-81.26984126983000,CONTEXT,F_MIX_01148,/Users/StarTrack/Development/JazzGrooveAnalyzer/docs/scientific/rfc/JGA_WHOLE_TRACK_GROOVE_FROZEN_PIPELINE_001_20260921/WHOLE_TRACK_JOINED_EVENTS.csv,810dead183772c6ee3c2ffed01cb79b2a05045abb2aea4e4c8903c180932a4a5,c7efaf8d2029ed140d67b7cbfff1c23fd33e0ffcae18f285566266c063f78e1c,control_225_235,True
F_MIX_01149,232.59428571428572,DRUM_SUPPORTED,641,232.57106575963718,161.4990234374967,23.21995464854000,PRIMARY,F_MIX_01149,/Users/StarTrack/Development/JazzGrooveAnalyzer/docs/scientific/rfc/JGA_WHOLE_TRACK_GROOVE_FROZEN_PIPELINE_001_20260921/WHOLE_TRACK_JOINED_EVENTS.csv,810dead183772c6ee3c2ffed01cb79b2a05045abb2aea4e4c8903c180932a4a5,c7efaf8d2029ed140d67b7cbfff1c23fd33e0ffcae18f285566266c063f78e1c,control_225_235,True
F_MIX_01150,232.96580498866214,DRUM_SUPPORTED,642,232.9425850340136,151.99908088235597,23.21995464854000,PRIMARY,F_MIX_01150,/Users/StarTrack/Development/JazzGrooveAnalyzer/docs/scientific/rfc/JGA_WHOLE_TRACK_GROOVE_FROZEN_PIPELINE_001_20260921/WHOLE_TRACK_JOINED_EVENTS.csv,810dead183772c6ee3c2ffed01cb79b2a05045abb2aea4e4c8903c180932a4a5,c7efaf8d2029ed140d67b7cbfff1c23fd33e0ffcae18f285566266c063f78e1c,control_225_235,True
F_MIX_01151,233.23283446712017,UNKNOWN,643,233.33732426303854,161.4990234374967,-104.48979591837000,CONTEXT,F_MIX_01151,/Users/StarTrack/Development/JazzGrooveAnalyzer/docs/scientific/rfc/JGA_WHOLE_TRACK_GROOVE_FROZEN_PIPELINE_001_20260921/WHOLE_TRACK_JOINED_EVENTS.csv,810dead183772c6ee3c2ffed01cb79b2a05045abb2aea4e4c8903c180932a4a5,c7efaf8d2029ed140d67b7cbfff1c23fd33e0ffcae18f285566266c063f78e1c,control_225_235,True
F_MIX_01152,233.33732426303854,DRUM_SUPPORTED,643,233.33732426303854,161.4990234374967,0E-14,PRIMARY,F_MIX_01152,/Users/StarTrack/Development/JazzGrooveAnalyzer/docs/scientific/rfc/JGA_WHOLE_TRACK_GROOVE_FROZEN_PIPELINE_001_20260921/WHOLE_TRACK_JOINED_EVENTS.csv,810dead183772c6ee3c2ffed01cb79b2a05045abb2aea4e4c8903c180932a4a5,c7efaf8d2029ed140d67b7cbfff1c23fd33e0ffcae18f285566266c063f78e1c,control_225_235,True
F_MIX_01153,233.534693877551,UNKNOWN,644,233.70884353741496,161.4990234374967,-174.14965986396000,CONTEXT,F_MIX_01153,/Users/StarTrack/Development/JazzGrooveAnalyzer/docs/scientific/rfc/JGA_WHOLE_TRACK_GROOVE_FROZEN_PIPELINE_001_20260921/WHOLE_TRACK_JOINED_EVENTS.csv,810dead183772c6ee3c2ffed01cb79b2a05045abb2aea4e4c8903c180932a4a5,c7efaf8d2029ed140d67b7cbfff1c23fd33e0ffcae18f285566266c063f78e1c,control_225_235,True
F_MIX_01154,233.74367346938774,DRUM_SUPPORTED,644,233.70884353741496,161.4990234374967,34.82993197278000,PRIMARY,F_MIX_01154,/Users/StarTrack/Development/JazzGrooveAnalyzer/docs/scientific/rfc/JGA_WHOLE_TRACK_GROOVE_FROZEN_PIPELINE_001_20260921/WHOLE_TRACK_JOINED_EVENTS.csv,810dead183772c6ee3c2ffed01cb79b2a05045abb2aea4e4c8903c180932a4a5,c7efaf8d2029ed140d67b7cbfff1c23fd33e0ffcae18f285566266c063f78e1c,control_225_235,True
F_MIX_01155,233.99909297052153,UNKNOWN,645,234.0803628117914,161.4990234374967,-81.26984126987000,CONTEXT,F_MIX_01155,/Users/StarTrack/Development/JazzGrooveAnalyzer/docs/scientific/rfc/JGA_WHOLE_TRACK_GROOVE_FROZEN_PIPELINE_001_20260921/WHOLE_TRACK_JOINED_EVENTS.csv,810dead183772c6ee3c2ffed01cb79b2a05045abb2aea4e4c8903c180932a4a5,c7efaf8d2029ed140d67b7cbfff1c23fd33e0ffcae18f285566266c063f78e1c,control_225_235,True
F_MIX_01156,234.09197278911566,BASS_AND_DRUM_SUPPORTED,645,234.0803628117914,161.4990234374967,11.60997732426000,PRIMARY,F_MIX_01156,/Users/StarTrack/Development/JazzGrooveAnalyzer/docs/scientific/rfc/JGA_WHOLE_TRACK_GROOVE_FROZEN_PIPELINE_001_20260921/WHOLE_TRACK_JOINED_EVENTS.csv,810dead183772c6ee3c2ffed01cb79b2a05045abb2aea4e4c8903c180932a4a5,c7efaf8d2029ed140d67b7cbfff1c23fd33e0ffcae18f285566266c063f78e1c,control_225_235,True
F_MIX_01157,234.40544217687074,UNKNOWN,646,234.4518820861678,161.49902343750904,-46.43990929706000,CONTEXT,F_MIX_01157,/Users/StarTrack/Development/JazzGrooveAnalyzer/docs/scientific/rfc/JGA_WHOLE_TRACK_GROOVE_FROZEN_PIPELINE_001_20260921/WHOLE_TRACK_JOINED_EVENTS.csv,810dead183772c6ee3c2ffed01cb79b2a05045abb2aea4e4c8903c180932a4a5,c7efaf8d2029ed140d67b7cbfff1c23fd33e0ffcae18f285566266c063f78e1c,control_225_235,True
F_MIX_01158,234.4867120181406,DRUM_SUPPORTED,646,234.4518820861678,161.49902343750904,34.8299319728000,PRIMARY,F_MIX_01158,/Users/StarTrack/Development/JazzGrooveAnalyzer/docs/scientific/rfc/JGA_WHOLE_TRACK_GROOVE_FROZEN_PIPELINE_001_20260921/WHOLE_TRACK_JOINED_EVENTS.csv,810dead183772c6ee3c2ffed01cb79b2a05045abb2aea4e4c8903c180932a4a5,c7efaf8d2029ed140d67b7cbfff1c23fd33e0ffcae18f285566266c063f78e1c,control_225_235,True
F_MIX_01159,234.77696145124716,UNKNOWN,647,234.8234013605442,161.4990234374967,-46.43990929704000,CONTEXT,F_MIX_01159,/Users/StarTrack/Development/JazzGrooveAnalyzer/docs/scientific/rfc/JGA_WHOLE_TRACK_GROOVE_FROZEN_PIPELINE_001_20260921/WHOLE_TRACK_JOINED_EVENTS.csv,810dead183772c6ee3c2ffed01cb79b2a05045abb2aea4e4c8903c180932a4a5,c7efaf8d2029ed140d67b7cbfff1c23fd33e0ffcae18f285566266c063f78e1c,control_225_235,True
F_MIX_01160,234.85823129251702,BASS_AND_DRUM_SUPPORTED,647,234.8234013605442,161.4990234374967,34.82993197282000,PRIMARY,F_MIX_01160,/Users/StarTrack/Development/JazzGrooveAnalyzer/docs/scientific/rfc/JGA_WHOLE_TRACK_GROOVE_FROZEN_PIPELINE_001_20260921/WHOLE_TRACK_JOINED_EVENTS.csv,810dead183772c6ee3c2ffed01cb79b2a05045abb2aea4e4c8903c180932a4a5,c7efaf8d2029ed140d67b7cbfff1c23fd33e0ffcae18f285566266c063f78e1c,control_225_235,True
F_MIX_01161,235.13687074829932,UNKNOWN,648,235.19492063492063,161.4990234374967,-58.04988662131000,CONTEXT,F_MIX_01161,/Users/StarTrack/Development/JazzGrooveAnalyzer/docs/scientific/rfc/JGA_WHOLE_TRACK_GROOVE_FROZEN_PIPELINE_001_20260921/WHOLE_TRACK_JOINED_EVENTS.csv,810dead183772c6ee3c2ffed01cb79b2a05045abb2aea4e4c8903c180932a4a5,c7efaf8d2029ed140d67b7cbfff1c23fd33e0ffcae18f285566266c063f78e1c,NEW_015,True
F_MIX_01162,235.22975056689341,DRUM_SUPPORTED,648,235.19492063492063,161.4990234374967,34.82993197278000,PRIMARY,F_MIX_01162,/Users/StarTrack/Development/JazzGrooveAnalyzer/docs/scientific/rfc/JGA_WHOLE_TRACK_GROOVE_FROZEN_PIPELINE_001_20260921/WHOLE_TRACK_JOINED_EVENTS.csv,810dead183772c6ee3c2ffed01cb79b2a05045abb2aea4e4c8903c180932a4a5,c7efaf8d2029ed140d67b7cbfff1c23fd33e0ffcae18f285566266c063f78e1c,NEW_015,True
F_MIX_01163,235.49678004535147,UNKNOWN,649,235.56643990929706,151.99908088235597,-69.65986394559000,CONTEXT,F_MIX_01163,/Users/StarTrack/Development/JazzGrooveAnalyzer/docs/scientific/rfc/JGA_WHOLE_TRACK_GROOVE_FROZEN_PIPELINE_001_20260921/WHOLE_TRACK_JOINED_EVENTS.csv,810dead183772c6ee3c2ffed01cb79b2a05045abb2aea4e4c8903c180932a4a5,c7efaf8d2029ed140d67b7cbfff1c23fd33e0ffcae18f285566266c063f78e1c,NEW_015,True
F_MIX_01164,235.58965986394557,DRUM_SUPPORTED,649,235.56643990929706,151.99908088235597,23.21995464851000,PRIMARY,F_MIX_01164,/Users/StarTrack/Development/JazzGrooveAnalyzer/docs/scientific/rfc/JGA_WHOLE_TRACK_GROOVE_FROZEN_PIPELINE_001_20260921/WHOLE_TRACK_JOINED_EVENTS.csv,810dead183772c6ee3c2ffed01cb79b2a05045abb2aea4e4c8903c180932a4a5,c7efaf8d2029ed140d67b7cbfff1c23fd33e0ffcae18f285566266c063f78e1c,NEW_015,True
F_MIX_01165,235.8915192743764,UNKNOWN,650,235.961179138322,161.4990234374967,-69.6598639456000,CONTEXT,F_MIX_01165,/Users/StarTrack/Development/JazzGrooveAnalyzer/docs/scientific/rfc/JGA_WHOLE_TRACK_GROOVE_FROZEN_PIPELINE_001_20260921/WHOLE_TRACK_JOINED_EVENTS.csv,810dead183772c6ee3c2ffed01cb79b2a05045abb2aea4e4c8903c180932a4a5,c7efaf8d2029ed140d67b7cbfff1c23fd33e0ffcae18f285566266c063f78e1c,NEW_015,True
F_MIX_01166,235.98439909297053,DRUM_SUPPORTED,650,235.961179138322,161.4990234374967,23.21995464853000,PRIMARY,F_MIX_01166,/Users/StarTrack/Development/JazzGrooveAnalyzer/docs/scientific/rfc/JGA_WHOLE_TRACK_GROOVE_FROZEN_PIPELINE_001_20260921/WHOLE_TRACK_JOINED_EVENTS.csv,810dead183772c6ee3c2ffed01cb79b2a05045abb2aea4e4c8903c180932a4a5,c7efaf8d2029ed140d67b7cbfff1c23fd33e0ffcae18f285566266c063f78e1c,NEW_015,True
F_MIX_01167,236.23981859410432,DRUM_SUPPORTED,651,236.33269841269842,161.49902343750904,-92.87981859410000,CONTEXT,F_MIX_01167,/Users/StarTrack/Development/JazzGrooveAnalyzer/docs/scientific/rfc/JGA_WHOLE_TRACK_GROOVE_FROZEN_PIPELINE_001_20260921/WHOLE_TRACK_JOINED_EVENTS.csv,810dead183772c6ee3c2ffed01cb79b2a05045abb2aea4e4c8903c180932a4a5,c7efaf8d2029ed140d67b7cbfff1c23fd33e0ffcae18f285566266c063f78e1c,NEW_015,True
F_MIX_01168,236.3443083900227,DRUM_SUPPORTED,651,236.33269841269842,161.49902343750904,11.60997732428000,PRIMARY,F_MIX_01168,/Users/StarTrack/Development/JazzGrooveAnalyzer/docs/scientific/rfc/JGA_WHOLE_TRACK_GROOVE_FROZEN_PIPELINE_001_20260921/WHOLE_TRACK_JOINED_EVENTS.csv,810dead183772c6ee3c2ffed01cb79b2a05045abb2aea4e4c8903c180932a4a5,c7efaf8d2029ed140d67b7cbfff1c23fd33e0ffcae18f285566266c063f78e1c,NEW_015,True
F_MIX_01169,236.72743764172336,DRUM_SUPPORTED,652,236.70421768707482,161.4990234374967,23.21995464854000,PRIMARY,F_MIX_01169,/Users/StarTrack/Development/JazzGrooveAnalyzer/docs/scientific/rfc/JGA_WHOLE_TRACK_GROOVE_FROZEN_PIPELINE_001_20260921/WHOLE_TRACK_JOINED_EVENTS.csv,810dead183772c6ee3c2ffed01cb79b2a05045abb2aea4e4c8903c180932a4a5,c7efaf8d2029ed140d67b7cbfff1c23fd33e0ffcae18f285566266c063f78e1c,NEW_015,True
F_MIX_01170,236.87836734693877,UNKNOWN,652,236.70421768707482,161.4990234374967,174.14965986395000,CONTEXT,F_MIX_01170,/Users/StarTrack/Development/JazzGrooveAnalyzer/docs/scientific/rfc/JGA_WHOLE_TRACK_GROOVE_FROZEN_PIPELINE_001_20260921/WHOLE_TRACK_JOINED_EVENTS.csv,810dead183772c6ee3c2ffed01cb79b2a05045abb2aea4e4c8903c180932a4a5,c7efaf8d2029ed140d67b7cbfff1c23fd33e0ffcae18f285566266c063f78e1c,NEW_015,True
F_MIX_01171,236.98285714285714,UNKNOWN,653,237.07573696145124,161.4990234374967,-92.87981859410000,CONTEXT,F_MIX_01171,/Users/StarTrack/Development/JazzGrooveAnalyzer/docs/scientific/rfc/JGA_WHOLE_TRACK_GROOVE_FROZEN_PIPELINE_001_20260921/WHOLE_TRACK_JOINED_EVENTS.csv,810dead183772c6ee3c2ffed01cb79b2a05045abb2aea4e4c8903c180932a4a5,c7efaf8d2029ed140d67b7cbfff1c23fd33e0ffcae18f285566266c063f78e1c,NEW_015,True
F_MIX_01172,237.06412698412697,DRUM_SUPPORTED,653,237.07573696145124,161.4990234374967,-11.60997732427000,PRIMARY,F_MIX_01172,/Users/StarTrack/Development/JazzGrooveAnalyzer/docs/scientific/rfc/JGA_WHOLE_TRACK_GROOVE_FROZEN_PIPELINE_001_20260921/WHOLE_TRACK_JOINED_EVENTS.csv,810dead183772c6ee3c2ffed01cb79b2a05045abb2aea4e4c8903c180932a4a5,c7efaf8d2029ed140d67b7cbfff1c23fd33e0ffcae18f285566266c063f78e1c,NEW_015,True
F_MIX_01173,237.47047619047618,DRUM_SUPPORTED,654,237.44725623582767,161.4990234374967,23.21995464851000,PRIMARY,F_MIX_01173,/Users/StarTrack/Development/JazzGrooveAnalyzer/docs/scientific/rfc/JGA_WHOLE_TRACK_GROOVE_FROZEN_PIPELINE_001_20260921/WHOLE_TRACK_JOINED_EVENTS.csv,810dead183772c6ee3c2ffed01cb79b2a05045abb2aea4e4c8903c180932a4a5,c7efaf8d2029ed140d67b7cbfff1c23fd33e0ffcae18f285566266c063f78e1c,NEW_015,True
F_MIX_01174,237.71428571428572,UNKNOWN,655,237.8187755102041,161.49902343750904,-104.48979591838000,CONTEXT,F_MIX_01174,/Users/StarTrack/Development/JazzGrooveAnalyzer/docs/scientific/rfc/JGA_WHOLE_TRACK_GROOVE_FROZEN_PIPELINE_001_20260921/WHOLE_TRACK_JOINED_EVENTS.csv,810dead183772c6ee3c2ffed01cb79b2a05045abb2aea4e4c8903c180932a4a5,c7efaf8d2029ed140d67b7cbfff1c23fd33e0ffcae18f285566266c063f78e1c,NEW_015,True
F_MIX_01175,237.83038548752833,BASS_AND_DRUM_SUPPORTED,655,237.8187755102041,161.49902343750904,11.60997732423000,PRIMARY,F_MIX_01175,/Users/StarTrack/Development/JazzGrooveAnalyzer/docs/scientific/rfc/JGA_WHOLE_TRACK_GROOVE_FROZEN_PIPELINE_001_20260921/WHOLE_TRACK_JOINED_EVENTS.csv,810dead183772c6ee3c2ffed01cb79b2a05045abb2aea4e4c8903c180932a4a5,c7efaf8d2029ed140d67b7cbfff1c23fd33e0ffcae18f285566266c063f78e1c,NEW_015,True
F_MIX_01176,238.12063492063493,UNKNOWN,656,238.1902947845805,161.4990234374967,-69.65986394557000,PRIMARY,F_MIX_01176,/Users/StarTrack/Development/JazzGrooveAnalyzer/docs/scientific/rfc/JGA_WHOLE_TRACK_GROOVE_FROZEN_PIPELINE_001_20260921/WHOLE_TRACK_JOINED_EVENTS.csv,810dead183772c6ee3c2ffed01cb79b2a05045abb2aea4e4c8903c180932a4a5,c7efaf8d2029ed140d67b7cbfff1c23fd33e0ffcae18f285566266c063f78e1c,NEW_015,True
F_MIX_01177,238.5037641723356,UNKNOWN,657,238.5618140589569,161.4990234374967,-58.0498866213000,CONTEXT,F_MIX_01177,/Users/StarTrack/Development/JazzGrooveAnalyzer/docs/scientific/rfc/JGA_WHOLE_TRACK_GROOVE_FROZEN_PIPELINE_001_20260921/WHOLE_TRACK_JOINED_EVENTS.csv,810dead183772c6ee3c2ffed01cb79b2a05045abb2aea4e4c8903c180932a4a5,c7efaf8d2029ed140d67b7cbfff1c23fd33e0ffcae18f285566266c063f78e1c,NEW_015,True
F_MIX_01178,238.57342403628118,BASS_AND_DRUM_SUPPORTED,657,238.5618140589569,161.4990234374967,11.60997732428000,PRIMARY,F_MIX_01178,/Users/StarTrack/Development/JazzGrooveAnalyzer/docs/scientific/rfc/JGA_WHOLE_TRACK_GROOVE_FROZEN_PIPELINE_001_20260921/WHOLE_TRACK_JOINED_EVENTS.csv,810dead183772c6ee3c2ffed01cb79b2a05045abb2aea4e4c8903c180932a4a5,c7efaf8d2029ed140d67b7cbfff1c23fd33e0ffcae18f285566266c063f78e1c,NEW_015,True
F_MIX_01179,238.96816326530612,DRUM_SUPPORTED,658,238.93333333333334,151.99908088235597,34.82993197278000,PRIMARY,F_MIX_01179,/Users/StarTrack/Development/JazzGrooveAnalyzer/docs/scientific/rfc/JGA_WHOLE_TRACK_GROOVE_FROZEN_PIPELINE_001_20260921/WHOLE_TRACK_JOINED_EVENTS.csv,810dead183772c6ee3c2ffed01cb79b2a05045abb2aea4e4c8903c180932a4a5,c7efaf8d2029ed140d67b7cbfff1c23fd33e0ffcae18f285566266c063f78e1c,NEW_015,True
F_MIX_01180,239.0378231292517,UNKNOWN,658,238.93333333333334,151.99908088235597,104.48979591836000,CONTEXT,F_MIX_01180,/Users/StarTrack/Development/JazzGrooveAnalyzer/docs/scientific/rfc/JGA_WHOLE_TRACK_GROOVE_FROZEN_PIPELINE_001_20260921/WHOLE_TRACK_JOINED_EVENTS.csv,810dead183772c6ee3c2ffed01cb79b2a05045abb2aea4e4c8903c180932a4a5,c7efaf8d2029ed140d67b7cbfff1c23fd33e0ffcae18f285566266c063f78e1c,NEW_015,True
F_MIX_01181,239.2932426303855,DRUM_SUPPORTED,659,239.32807256235827,161.4990234374967,-34.82993197277000,CONTEXT,F_MIX_01181,/Users/StarTrack/Development/JazzGrooveAnalyzer/docs/scientific/rfc/JGA_WHOLE_TRACK_GROOVE_FROZEN_PIPELINE_001_20260921/WHOLE_TRACK_JOINED_EVENTS.csv,810dead183772c6ee3c2ffed01cb79b2a05045abb2aea4e4c8903c180932a4a5,c7efaf8d2029ed140d67b7cbfff1c23fd33e0ffcae18f285566266c063f78e1c,NEW_015,True
F_MIX_01182,239.32807256235827,DRUM_SUPPORTED,659,239.32807256235827,161.4990234374967,0E-14,PRIMARY,F_MIX_01182,/Users/StarTrack/Development/JazzGrooveAnalyzer/docs/scientific/rfc/JGA_WHOLE_TRACK_GROOVE_FROZEN_PIPELINE_001_20260921/WHOLE_TRACK_JOINED_EVENTS.csv,810dead183772c6ee3c2ffed01cb79b2a05045abb2aea4e4c8903c180932a4a5,c7efaf8d2029ed140d67b7cbfff1c23fd33e0ffcae18f285566266c063f78e1c,NEW_015,True
F_MIX_01183,239.52544217687074,UNKNOWN,660,239.6995918367347,161.4990234374967,-174.14965986396000,CONTEXT,F_MIX_01183,/Users/StarTrack/Development/JazzGrooveAnalyzer/docs/scientific/rfc/JGA_WHOLE_TRACK_GROOVE_FROZEN_PIPELINE_001_20260921/WHOLE_TRACK_JOINED_EVENTS.csv,810dead183772c6ee3c2ffed01cb79b2a05045abb2aea4e4c8903c180932a4a5,c7efaf8d2029ed140d67b7cbfff1c23fd33e0ffcae18f285566266c063f78e1c,NEW_015,True
F_MIX_01184,239.71120181405897,DRUM_SUPPORTED,660,239.6995918367347,161.4990234374967,11.60997732427000,PRIMARY,F_MIX_01184,/Users/StarTrack/Development/JazzGrooveAnalyzer/docs/scientific/rfc/JGA_WHOLE_TRACK_GROOVE_FROZEN_PIPELINE_001_20260921/WHOLE_TRACK_JOINED_EVENTS.csv,810dead183772c6ee3c2ffed01cb79b2a05045abb2aea4e4c8903c180932a4a5,c7efaf8d2029ed140d67b7cbfff1c23fd33e0ffcae18f285566266c063f78e1c,NEW_015,True
F_MIX_01185,239.978231292517,UNKNOWN,661,240.07111111111112,161.49902343750904,-92.87981859412000,CONTEXT,F_MIX_01185,/Users/StarTrack/Development/JazzGrooveAnalyzer/docs/scientific/rfc/JGA_WHOLE_TRACK_GROOVE_FROZEN_PIPELINE_001_20260921/WHOLE_TRACK_JOINED_EVENTS.csv,810dead183772c6ee3c2ffed01cb79b2a05045abb2aea4e4c8903c180932a4a5,c7efaf8d2029ed140d67b7cbfff1c23fd33e0ffcae18f285566266c063f78e1c,NEW_015,True
F_MIX_01186,240.0130612244898,UNKNOWN,661,240.07111111111112,161.49902343750904,-58.04988662132000,CONTEXT,F_MIX_01186,/Users/StarTrack/Development/JazzGrooveAnalyzer/docs/scientific/rfc/JGA_WHOLE_TRACK_GROOVE_FROZEN_PIPELINE_001_20260921/WHOLE_TRACK_JOINED_EVENTS.csv,810dead183772c6ee3c2ffed01cb79b2a05045abb2aea4e4c8903c180932a4a5,c7efaf8d2029ed140d67b7cbfff1c23fd33e0ffcae18f285566266c063f78e1c,NEW_016,True
F_MIX_01187,240.07111111111112,DRUM_SUPPORTED,661,240.07111111111112,161.49902343750904,0E-14,PRIMARY,F_MIX_01187,/Users/StarTrack/Development/JazzGrooveAnalyzer/docs/scientific/rfc/JGA_WHOLE_TRACK_GROOVE_FROZEN_PIPELINE_001_20260921/WHOLE_TRACK_JOINED_EVENTS.csv,810dead183772c6ee3c2ffed01cb79b2a05045abb2aea4e4c8903c180932a4a5,c7efaf8d2029ed140d67b7cbfff1c23fd33e0ffcae18f285566266c063f78e1c,NEW_016,True
F_MIX_01188,240.37297052154196,UNKNOWN,662,240.44263038548752,161.4990234374967,-69.65986394556000,CONTEXT,F_MIX_01188,/Users/StarTrack/Development/JazzGrooveAnalyzer/docs/scientific/rfc/JGA_WHOLE_TRACK_GROOVE_FROZEN_PIPELINE_001_20260921/WHOLE_TRACK_JOINED_EVENTS.csv,810dead183772c6ee3c2ffed01cb79b2a05045abb2aea4e4c8903c180932a4a5,c7efaf8d2029ed140d67b7cbfff1c23fd33e0ffcae18f285566266c063f78e1c,NEW_016,True
F_MIX_01189,240.47746031746033,DRUM_SUPPORTED,662,240.44263038548752,161.4990234374967,34.82993197281000,PRIMARY,F_MIX_01189,/Users/StarTrack/Development/JazzGrooveAnalyzer/docs/scientific/rfc/JGA_WHOLE_TRACK_GROOVE_FROZEN_PIPELINE_001_20260921/WHOLE_TRACK_JOINED_EVENTS.csv,810dead183772c6ee3c2ffed01cb79b2a05045abb2aea4e4c8903c180932a4a5,c7efaf8d2029ed140d67b7cbfff1c23fd33e0ffcae18f285566266c063f78e1c,NEW_016,True
F_MIX_01190,240.7677097505669,UNKNOWN,663,240.81414965986394,161.4990234374967,-46.43990929704000,CONTEXT,F_MIX_01190,/Users/StarTrack/Development/JazzGrooveAnalyzer/docs/scientific/rfc/JGA_WHOLE_TRACK_GROOVE_FROZEN_PIPELINE_001_20260921/WHOLE_TRACK_JOINED_EVENTS.csv,810dead183772c6ee3c2ffed01cb79b2a05045abb2aea4e4c8903c180932a4a5,c7efaf8d2029ed140d67b7cbfff1c23fd33e0ffcae18f285566266c063f78e1c,NEW_016,True
F_MIX_01191,240.84897959183672,DRUM_SUPPORTED,663,240.81414965986394,161.4990234374967,34.82993197278000,PRIMARY,F_MIX_01191,/Users/StarTrack/Development/JazzGrooveAnalyzer/docs/scientific/rfc/JGA_WHOLE_TRACK_GROOVE_FROZEN_PIPELINE_001_20260921/WHOLE_TRACK_JOINED_EVENTS.csv,810dead183772c6ee3c2ffed01cb79b2a05045abb2aea4e4c8903c180932a4a5,c7efaf8d2029ed140d67b7cbfff1c23fd33e0ffcae18f285566266c063f78e1c,NEW_016,True
F_MIX_01192,241.12761904761905,UNKNOWN,664,241.18566893424037,161.4990234374967,-58.04988662132000,PRIMARY,F_MIX_01192,/Users/StarTrack/Development/JazzGrooveAnalyzer/docs/scientific/rfc/JGA_WHOLE_TRACK_GROOVE_FROZEN_PIPELINE_001_20260921/WHOLE_TRACK_JOINED_EVENTS.csv,810dead183772c6ee3c2ffed01cb79b2a05045abb2aea4e4c8903c180932a4a5,c7efaf8d2029ed140d67b7cbfff1c23fd33e0ffcae18f285566266c063f78e1c,NEW_016,True
F_MIX_01193,241.2437188208617,DRUM_SUPPORTED,664,241.18566893424037,161.4990234374967,58.04988662133000,CONTEXT,F_MIX_01193,/Users/StarTrack/Development/JazzGrooveAnalyzer/docs/scientific/rfc/JGA_WHOLE_TRACK_GROOVE_FROZEN_PIPELINE_001_20260921/WHOLE_TRACK_JOINED_EVENTS.csv,810dead183772c6ee3c2ffed01cb79b2a05045abb2aea4e4c8903c180932a4a5,c7efaf8d2029ed140d67b7cbfff1c23fd33e0ffcae18f285566266c063f78e1c,NEW_016,True
F_MIX_01194,241.4875283446712,UNKNOWN,665,241.5571882086168,161.49902343750904,-69.6598639456000,CONTEXT,F_MIX_01194,/Users/StarTrack/Development/JazzGrooveAnalyzer/docs/scientific/rfc/JGA_WHOLE_TRACK_GROOVE_FROZEN_PIPELINE_001_20260921/WHOLE_TRACK_JOINED_EVENTS.csv,810dead183772c6ee3c2ffed01cb79b2a05045abb2aea4e4c8903c180932a4a5,c7efaf8d2029ed140d67b7cbfff1c23fd33e0ffcae18f285566266c063f78e1c,NEW_016,True
F_MIX_01195,241.59201814058957,BASS_AND_DRUM_SUPPORTED,665,241.5571882086168,161.49902343750904,34.82993197277000,PRIMARY,F_MIX_01195,/Users/StarTrack/Development/JazzGrooveAnalyzer/docs/scientific/rfc/JGA_WHOLE_TRACK_GROOVE_FROZEN_PIPELINE_001_20260921/WHOLE_TRACK_JOINED_EVENTS.csv,810dead183772c6ee3c2ffed01cb79b2a05045abb2aea4e4c8903c180932a4a5,c7efaf8d2029ed140d67b7cbfff1c23fd33e0ffcae18f285566266c063f78e1c,NEW_016,True
F_MIX_01196,241.84743764172336,UNKNOWN,666,241.9287074829932,161.4990234374967,-81.26984126984000,CONTEXT,F_MIX_01196,/Users/StarTrack/Development/JazzGrooveAnalyzer/docs/scientific/rfc/JGA_WHOLE_TRACK_GROOVE_FROZEN_PIPELINE_001_20260921/WHOLE_TRACK_JOINED_EVENTS.csv,810dead183772c6ee3c2ffed01cb79b2a05045abb2aea4e4c8903c180932a4a5,c7efaf8d2029ed140d67b7cbfff1c23fd33e0ffcae18f285566266c063f78e1c,NEW_016,True
F_MIX_01197,241.963537414966,DRUM_SUPPORTED,666,241.9287074829932,161.4990234374967,34.8299319728000,PRIMARY,F_MIX_01197,/Users/StarTrack/Development/JazzGrooveAnalyzer/docs/scientific/rfc/JGA_WHOLE_TRACK_GROOVE_FROZEN_PIPELINE_001_20260921/WHOLE_TRACK_JOINED_EVENTS.csv,810dead183772c6ee3c2ffed01cb79b2a05045abb2aea4e4c8903c180932a4a5,c7efaf8d2029ed140d67b7cbfff1c23fd33e0ffcae18f285566266c063f78e1c,NEW_016,True
F_MIX_01198,242.2421768707483,UNKNOWN,667,242.30022675736961,151.99908088235597,-58.04988662131000,CONTEXT,F_MIX_01198,/Users/StarTrack/Development/JazzGrooveAnalyzer/docs/scientific/rfc/JGA_WHOLE_TRACK_GROOVE_FROZEN_PIPELINE_001_20260921/WHOLE_TRACK_JOINED_EVENTS.csv,810dead183772c6ee3c2ffed01cb79b2a05045abb2aea4e4c8903c180932a4a5,c7efaf8d2029ed140d67b7cbfff1c23fd33e0ffcae18f285566266c063f78e1c,NEW_016,True
F_MIX_01199,242.34666666666666,DRUM_SUPPORTED,667,242.30022675736961,151.99908088235597,46.43990929705000,PRIMARY,F_MIX_01199,/Users/StarTrack/Development/JazzGrooveAnalyzer/docs/scientific/rfc/JGA_WHOLE_TRACK_GROOVE_FROZEN_PIPELINE_001_20260921/WHOLE_TRACK_JOINED_EVENTS.csv,810dead183772c6ee3c2ffed01cb79b2a05045abb2aea4e4c8903c180932a4a5,c7efaf8d2029ed140d67b7cbfff1c23fd33e0ffcae18f285566266c063f78e1c,NEW_016,True
F_MIX_01200,242.3931065759637,UNKNOWN,667,242.30022675736961,151.99908088235597,92.87981859409000,CONTEXT,F_MIX_01200,/Users/StarTrack/Development/JazzGrooveAnalyzer/docs/scientific/rfc/JGA_WHOLE_TRACK_GROOVE_FROZEN_PIPELINE_001_20260921/WHOLE_TRACK_JOINED_EVENTS.csv,810dead183772c6ee3c2ffed01cb79b2a05045abb2aea4e4c8903c180932a4a5,c7efaf8d2029ed140d67b7cbfff1c23fd33e0ffcae18f285566266c063f78e1c,NEW_016,True
F_MIX_01201,242.59047619047618,UNKNOWN,668,242.69496598639455,161.4990234374967,-104.48979591837000,CONTEXT,F_MIX_01201,/Users/StarTrack/Development/JazzGrooveAnalyzer/docs/scientific/rfc/JGA_WHOLE_TRACK_GROOVE_FROZEN_PIPELINE_001_20260921/WHOLE_TRACK_JOINED_EVENTS.csv,810dead183772c6ee3c2ffed01cb79b2a05045abb2aea4e4c8903c180932a4a5,c7efaf8d2029ed140d67b7cbfff1c23fd33e0ffcae18f285566266c063f78e1c,NEW_016,True
F_MIX_01202,242.7181859410431,DRUM_SUPPORTED,668,242.69496598639455,161.4990234374967,23.21995464855000,PRIMARY,F_MIX_01202,/Users/StarTrack/Development/JazzGrooveAnalyzer/docs/scientific/rfc/JGA_WHOLE_TRACK_GROOVE_FROZEN_PIPELINE_001_20260921/WHOLE_TRACK_JOINED_EVENTS.csv,810dead183772c6ee3c2ffed01cb79b2a05045abb2aea4e4c8903c180932a4a5,c7efaf8d2029ed140d67b7cbfff1c23fd33e0ffcae18f285566266c063f78e1c,NEW_016,True
F_MIX_01203,242.98521541950115,UNKNOWN,669,243.06648526077097,161.4990234374967,-81.26984126982000,PRIMARY,F_MIX_01203,/Users/StarTrack/Development/JazzGrooveAnalyzer/docs/scientific/rfc/JGA_WHOLE_TRACK_GROOVE_FROZEN_PIPELINE_001_20260921/WHOLE_TRACK_JOINED_EVENTS.csv,810dead183772c6ee3c2ffed01cb79b2a05045abb2aea4e4c8903c180932a4a5,c7efaf8d2029ed140d67b7cbfff1c23fd33e0ffcae18f285566266c063f78e1c,NEW_016,True
F_MIX_01204,243.3683446712018,UNKNOWN,670,243.4380045351474,161.49902343750904,-69.6598639456000,CONTEXT,F_MIX_01204,/Users/StarTrack/Development/JazzGrooveAnalyzer/docs/scientific/rfc/JGA_WHOLE_TRACK_GROOVE_FROZEN_PIPELINE_001_20260921/WHOLE_TRACK_JOINED_EVENTS.csv,810dead183772c6ee3c2ffed01cb79b2a05045abb2aea4e4c8903c180932a4a5,c7efaf8d2029ed140d67b7cbfff1c23fd33e0ffcae18f285566266c063f78e1c,NEW_016,True
F_MIX_01205,243.47283446712018,DRUM_SUPPORTED,670,243.4380045351474,161.49902343750904,34.82993197278000,PRIMARY,F_MIX_01205,/Users/StarTrack/Development/JazzGrooveAnalyzer/docs/scientific/rfc/JGA_WHOLE_TRACK_GROOVE_FROZEN_PIPELINE_001_20260921/WHOLE_TRACK_JOINED_EVENTS.csv,810dead183772c6ee3c2ffed01cb79b2a05045abb2aea4e4c8903c180932a4a5,c7efaf8d2029ed140d67b7cbfff1c23fd33e0ffcae18f285566266c063f78e1c,NEW_016,True
F_MIX_01206,243.72825396825397,DRUM_SUPPORTED,671,243.8095238095238,161.4990234374967,-81.26984126983000,CONTEXT,F_MIX_01206,/Users/StarTrack/Development/JazzGrooveAnalyzer/docs/scientific/rfc/JGA_WHOLE_TRACK_GROOVE_FROZEN_PIPELINE_001_20260921/WHOLE_TRACK_JOINED_EVENTS.csv,810dead183772c6ee3c2ffed01cb79b2a05045abb2aea4e4c8903c180932a4a5,c7efaf8d2029ed140d67b7cbfff1c23fd33e0ffcae18f285566266c063f78e1c,NEW_016,True
F_MIX_01207,243.85596371882087,DRUM_SUPPORTED,671,243.8095238095238,161.4990234374967,46.43990929707000,PRIMARY,F_MIX_01207,/Users/StarTrack/Development/JazzGrooveAnalyzer/docs/scientific/rfc/JGA_WHOLE_TRACK_GROOVE_FROZEN_PIPELINE_001_20260921/WHOLE_TRACK_JOINED_EVENTS.csv,810dead183772c6ee3c2ffed01cb79b2a05045abb2aea4e4c8903c180932a4a5,c7efaf8d2029ed140d67b7cbfff1c23fd33e0ffcae18f285566266c063f78e1c,NEW_016,True
F_MIX_01208,244.21587301587303,DRUM_SUPPORTED,672,244.18104308390022,161.4990234374967,34.82993197281000,PRIMARY,F_MIX_01208,/Users/StarTrack/Development/JazzGrooveAnalyzer/docs/scientific/rfc/JGA_WHOLE_TRACK_GROOVE_FROZEN_PIPELINE_001_20260921/WHOLE_TRACK_JOINED_EVENTS.csv,810dead183772c6ee3c2ffed01cb79b2a05045abb2aea4e4c8903c180932a4a5,c7efaf8d2029ed140d67b7cbfff1c23fd33e0ffcae18f285566266c063f78e1c,NEW_016,True
F_MIX_01209,244.49451247165533,UNKNOWN,673,244.55256235827665,161.4990234374967,-58.04988662132000,PRIMARY,F_MIX_01209,/Users/StarTrack/Development/JazzGrooveAnalyzer/docs/scientific/rfc/JGA_WHOLE_TRACK_GROOVE_FROZEN_PIPELINE_001_20260921/WHOLE_TRACK_JOINED_EVENTS.csv,810dead183772c6ee3c2ffed01cb79b2a05045abb2aea4e4c8903c180932a4a5,c7efaf8d2029ed140d67b7cbfff1c23fd33e0ffcae18f285566266c063f78e1c,NEW_016,True
F_MIX_01210,244.99374149659863,DRUM_SUPPORTED,674,244.92408163265307,151.99908088235597,69.65986394556000,PRIMARY,F_MIX_01210,/Users/StarTrack/Development/JazzGrooveAnalyzer/docs/scientific/rfc/JGA_WHOLE_TRACK_GROOVE_FROZEN_PIPELINE_001_20260921/WHOLE_TRACK_JOINED_EVENTS.csv,810dead183772c6ee3c2ffed01cb79b2a05045abb2aea4e4c8903c180932a4a5,c7efaf8d2029ed140d67b7cbfff1c23fd33e0ffcae18f285566266c063f78e1c,NEW_016,True
F_MIX_01211,245.2607709750567,UNKNOWN,675,245.318820861678,161.4990234374967,-58.0498866213000,CONTEXT,F_MIX_01211,/Users/StarTrack/Development/JazzGrooveAnalyzer/docs/scientific/rfc/JGA_WHOLE_TRACK_GROOVE_FROZEN_PIPELINE_001_20260921/WHOLE_TRACK_JOINED_EVENTS.csv,810dead183772c6ee3c2ffed01cb79b2a05045abb2aea4e4c8903c180932a4a5,c7efaf8d2029ed140d67b7cbfff1c23fd33e0ffcae18f285566266c063f78e1c,NEW_016,True
F_MIX_01212,245.3536507936508,DRUM_SUPPORTED,675,245.318820861678,161.4990234374967,34.8299319728000,PRIMARY,F_MIX_01212,/Users/StarTrack/Development/JazzGrooveAnalyzer/docs/scientific/rfc/JGA_WHOLE_TRACK_GROOVE_FROZEN_PIPELINE_001_20260921/WHOLE_TRACK_JOINED_EVENTS.csv,810dead183772c6ee3c2ffed01cb79b2a05045abb2aea4e4c8903c180932a4a5,c7efaf8d2029ed140d67b7cbfff1c23fd33e0ffcae18f285566266c063f78e1c,NEW_016,True
F_MIX_01213,245.539410430839,UNKNOWN,676,245.69034013605443,161.49902343750904,-150.92970521543000,CONTEXT,F_MIX_01213,/Users/StarTrack/Development/JazzGrooveAnalyzer/docs/scientific/rfc/JGA_WHOLE_TRACK_GROOVE_FROZEN_PIPELINE_001_20260921/WHOLE_TRACK_JOINED_EVENTS.csv,810dead183772c6ee3c2ffed01cb79b2a05045abb2aea4e4c8903c180932a4a5,c7efaf8d2029ed140d67b7cbfff1c23fd33e0ffcae18f285566266c063f78e1c,NEW_016,True
F_MIX_01214,245.73678004535148,DRUM_SUPPORTED,676,245.69034013605443,161.49902343750904,46.43990929705000,PRIMARY,F_MIX_01214,/Users/StarTrack/Development/JazzGrooveAnalyzer/docs/scientific/rfc/JGA_WHOLE_TRACK_GROOVE_FROZEN_PIPELINE_001_20260921/WHOLE_TRACK_JOINED_EVENTS.csv,810dead183772c6ee3c2ffed01cb79b2a05045abb2aea4e4c8903c180932a4a5,c7efaf8d2029ed140d67b7cbfff1c23fd33e0ffcae18f285566266c063f78e1c,NEW_016,True
F_MIX_01215,245.99219954648527,DRUM_SUPPORTED,677,246.06185941043083,161.4990234374967,-69.65986394556000,CONTEXT,F_MIX_01215,/Users/StarTrack/Development/JazzGrooveAnalyzer/docs/scientific/rfc/JGA_WHOLE_TRACK_GROOVE_FROZEN_PIPELINE_001_20260921/WHOLE_TRACK_JOINED_EVENTS.csv,810dead183772c6ee3c2ffed01cb79b2a05045abb2aea4e4c8903c180932a4a5,c7efaf8d2029ed140d67b7cbfff1c23fd33e0ffcae18f285566266c063f78e1c,NEW_016,True
F_MIX_01216,246.11990929705215,BASS_AND_DRUM_SUPPORTED,677,246.06185941043083,161.4990234374967,58.04988662132000,PRIMARY,F_MIX_01216,/Users/StarTrack/Development/JazzGrooveAnalyzer/docs/scientific/rfc/JGA_WHOLE_TRACK_GROOVE_FROZEN_PIPELINE_001_20260921/WHOLE_TRACK_JOINED_EVENTS.csv,810dead183772c6ee3c2ffed01cb79b2a05045abb2aea4e4c8903c180932a4a5,c7efaf8d2029ed140d67b7cbfff1c23fd33e0ffcae18f285566266c063f78e1c,NEW_016,True
F_MIX_01217,246.34049886621315,DRUM_SUPPORTED,678,246.43337868480725,161.4990234374967,-92.87981859410000,CONTEXT,F_MIX_01217,/Users/StarTrack/Development/JazzGrooveAnalyzer/docs/scientific/rfc/JGA_WHOLE_TRACK_GROOVE_FROZEN_PIPELINE_001_20260921/WHOLE_TRACK_JOINED_EVENTS.csv,810dead183772c6ee3c2ffed01cb79b2a05045abb2aea4e4c8903c180932a4a5,c7efaf8d2029ed140d67b7cbfff1c23fd33e0ffcae18f285566266c063f78e1c,NEW_016,True
F_MIX_01218,246.50303854875284,DRUM_SUPPORTED,678,246.43337868480725,161.4990234374967,69.65986394559000,PRIMARY,F_MIX_01218,/Users/StarTrack/Development/JazzGrooveAnalyzer/docs/scientific/rfc/JGA_WHOLE_TRACK_GROOVE_FROZEN_PIPELINE_001_20260921/WHOLE_TRACK_JOINED_EVENTS.csv,810dead183772c6ee3c2ffed01cb79b2a05045abb2aea4e4c8903c180932a4a5,c7efaf8d2029ed140d67b7cbfff1c23fd33e0ffcae18f285566266c063f78e1c,NEW_016,True
F_MIX_01219,246.6075283446712,DRUM_SUPPORTED,678,246.43337868480725,161.4990234374967,174.14965986395000,CONTEXT,F_MIX_01219,/Users/StarTrack/Development/JazzGrooveAnalyzer/docs/scientific/rfc/JGA_WHOLE_TRACK_GROOVE_FROZEN_PIPELINE_001_20260921/WHOLE_TRACK_JOINED_EVENTS.csv,810dead183772c6ee3c2ffed01cb79b2a05045abb2aea4e4c8903c180932a4a5,c7efaf8d2029ed140d67b7cbfff1c23fd33e0ffcae18f285566266c063f78e1c,NEW_016,True
F_MIX_01220,246.75845804988663,UNKNOWN,679,246.80489795918368,151.99908088235597,-46.43990929705000,CONTEXT,F_MIX_01220,/Users/StarTrack/Development/JazzGrooveAnalyzer/docs/scientific/rfc/JGA_WHOLE_TRACK_GROOVE_FROZEN_PIPELINE_001_20260921/WHOLE_TRACK_JOINED_EVENTS.csv,810dead183772c6ee3c2ffed01cb79b2a05045abb2aea4e4c8903c180932a4a5,c7efaf8d2029ed140d67b7cbfff1c23fd33e0ffcae18f285566266c063f78e1c,NEW_016,True
F_MIX_01221,246.83972789115646,BASS_AND_DRUM_SUPPORTED,679,246.80489795918368,151.99908088235597,34.82993197278000,PRIMARY,F_MIX_01221,/Users/StarTrack/Development/JazzGrooveAnalyzer/docs/scientific/rfc/JGA_WHOLE_TRACK_GROOVE_FROZEN_PIPELINE_001_20260921/WHOLE_TRACK_JOINED_EVENTS.csv,810dead183772c6ee3c2ffed01cb79b2a05045abb2aea4e4c8903c180932a4a5,c7efaf8d2029ed140d67b7cbfff1c23fd33e0ffcae18f285566266c063f78e1c,NEW_016,True
F_MIX_01222,247.1067573696145,UNKNOWN,680,247.1996371882086,161.4990234374967,-92.8798185941000,CONTEXT,F_MIX_01222,/Users/StarTrack/Development/JazzGrooveAnalyzer/docs/scientific/rfc/JGA_WHOLE_TRACK_GROOVE_FROZEN_PIPELINE_001_20260921/WHOLE_TRACK_JOINED_EVENTS.csv,810dead183772c6ee3c2ffed01cb79b2a05045abb2aea4e4c8903c180932a4a5,c7efaf8d2029ed140d67b7cbfff1c23fd33e0ffcae18f285566266c063f78e1c,NEW_016,True
F_MIX_01223,247.2344671201814,DRUM_SUPPORTED,680,247.1996371882086,161.4990234374967,34.8299319728000,PRIMARY,F_MIX_01223,/Users/StarTrack/Development/JazzGrooveAnalyzer/docs/scientific/rfc/JGA_WHOLE_TRACK_GROOVE_FROZEN_PIPELINE_001_20260921/WHOLE_TRACK_JOINED_EVENTS.csv,810dead183772c6ee3c2ffed01cb79b2a05045abb2aea4e4c8903c180932a4a5,c7efaf8d2029ed140d67b7cbfff1c23fd33e0ffcae18f285566266c063f78e1c,NEW_016,True
F_MIX_01224,247.47827664399094,DRUM_SUPPORTED,681,247.57115646258504,161.4990234374967,-92.87981859410000,CONTEXT,F_MIX_01224,/Users/StarTrack/Development/JazzGrooveAnalyzer/docs/scientific/rfc/JGA_WHOLE_TRACK_GROOVE_FROZEN_PIPELINE_001_20260921/WHOLE_TRACK_JOINED_EVENTS.csv,810dead183772c6ee3c2ffed01cb79b2a05045abb2aea4e4c8903c180932a4a5,c7efaf8d2029ed140d67b7cbfff1c23fd33e0ffcae18f285566266c063f78e1c,NEW_016,True
F_MIX_01225,247.5827664399093,BASS_AND_DRUM_SUPPORTED,681,247.57115646258504,161.4990234374967,11.60997732426000,PRIMARY,F_MIX_01225,/Users/StarTrack/Development/JazzGrooveAnalyzer/docs/scientific/rfc/JGA_WHOLE_TRACK_GROOVE_FROZEN_PIPELINE_001_20260921/WHOLE_TRACK_JOINED_EVENTS.csv,810dead183772c6ee3c2ffed01cb79b2a05045abb2aea4e4c8903c180932a4a5,c7efaf8d2029ed140d67b7cbfff1c23fd33e0ffcae18f285566266c063f78e1c,NEW_016,True
F_MIX_01226,247.9891156462585,DRUM_SUPPORTED,682,247.94267573696146,161.49902343750904,46.43990929704000,PRIMARY,F_MIX_01226,/Users/StarTrack/Development/JazzGrooveAnalyzer/docs/scientific/rfc/JGA_WHOLE_TRACK_GROOVE_FROZEN_PIPELINE_001_20260921/WHOLE_TRACK_JOINED_EVENTS.csv,810dead183772c6ee3c2ffed01cb79b2a05045abb2aea4e4c8903c180932a4a5,c7efaf8d2029ed140d67b7cbfff1c23fd33e0ffcae18f285566266c063f78e1c,NEW_016,True
F_MIX_01227,248.23292517006803,DRUM_SUPPORTED,683,248.31419501133786,161.4990234374967,-81.26984126983000,CONTEXT,F_MIX_01227,/Users/StarTrack/Development/JazzGrooveAnalyzer/docs/scientific/rfc/JGA_WHOLE_TRACK_GROOVE_FROZEN_PIPELINE_001_20260921/WHOLE_TRACK_JOINED_EVENTS.csv,810dead183772c6ee3c2ffed01cb79b2a05045abb2aea4e4c8903c180932a4a5,c7efaf8d2029ed140d67b7cbfff1c23fd33e0ffcae18f285566266c063f78e1c,NEW_016,True
F_MIX_01228,248.2677551020408,DRUM_SUPPORTED,683,248.31419501133786,161.4990234374967,-46.43990929706000,CONTEXT,F_MIX_01228,/Users/StarTrack/Development/JazzGrooveAnalyzer/docs/scientific/rfc/JGA_WHOLE_TRACK_GROOVE_FROZEN_PIPELINE_001_20260921/WHOLE_TRACK_JOINED_EVENTS.csv,810dead183772c6ee3c2ffed01cb79b2a05045abb2aea4e4c8903c180932a4a5,c7efaf8d2029ed140d67b7cbfff1c23fd33e0ffcae18f285566266c063f78e1c,NEW_016,True
F_MIX_01229,248.3606349206349,BASS_AND_DRUM_SUPPORTED,683,248.31419501133786,161.4990234374967,46.43990929704000,PRIMARY,F_MIX_01229,/Users/StarTrack/Development/JazzGrooveAnalyzer/docs/scientific/rfc/JGA_WHOLE_TRACK_GROOVE_FROZEN_PIPELINE_001_20260921/WHOLE_TRACK_JOINED_EVENTS.csv,810dead183772c6ee3c2ffed01cb79b2a05045abb2aea4e4c8903c180932a4a5,c7efaf8d2029ed140d67b7cbfff1c23fd33e0ffcae18f285566266c063f78e1c,NEW_016,True
F_MIX_01230,248.5231746031746,UNKNOWN,684,248.68571428571428,161.4990234374967,-162.53968253968000,CONTEXT,F_MIX_01230,/Users/StarTrack/Development/JazzGrooveAnalyzer/docs/scientific/rfc/JGA_WHOLE_TRACK_GROOVE_FROZEN_PIPELINE_001_20260921/WHOLE_TRACK_JOINED_EVENTS.csv,810dead183772c6ee3c2ffed01cb79b2a05045abb2aea4e4c8903c180932a4a5,c7efaf8d2029ed140d67b7cbfff1c23fd33e0ffcae18f285566266c063f78e1c,NEW_016,True
F_MIX_01231,248.7437641723356,DRUM_SUPPORTED,684,248.68571428571428,161.4990234374967,58.04988662132000,PRIMARY,F_MIX_01231,/Users/StarTrack/Development/JazzGrooveAnalyzer/docs/scientific/rfc/JGA_WHOLE_TRACK_GROOVE_FROZEN_PIPELINE_001_20260921/WHOLE_TRACK_JOINED_EVENTS.csv,810dead183772c6ee3c2ffed01cb79b2a05045abb2aea4e4c8903c180932a4a5,c7efaf8d2029ed140d67b7cbfff1c23fd33e0ffcae18f285566266c063f78e1c,NEW_016,True
F_MIX_01232,248.9063038548753,UNKNOWN,685,249.0572335600907,161.4990234374967,-150.9297052154000,CONTEXT,F_MIX_01232,/Users/StarTrack/Development/JazzGrooveAnalyzer/docs/scientific/rfc/JGA_WHOLE_TRACK_GROOVE_FROZEN_PIPELINE_001_20260921/WHOLE_TRACK_JOINED_EVENTS.csv,810dead183772c6ee3c2ffed01cb79b2a05045abb2aea4e4c8903c180932a4a5,c7efaf8d2029ed140d67b7cbfff1c23fd33e0ffcae18f285566266c063f78e1c,NEW_016,True
F_MIX_01233,248.9991836734694,DRUM_SUPPORTED,685,249.0572335600907,161.4990234374967,-58.0498866213000,PRIMARY,F_MIX_01233,/Users/StarTrack/Development/JazzGrooveAnalyzer/docs/scientific/rfc/JGA_WHOLE_TRACK_GROOVE_FROZEN_PIPELINE_001_20260921/WHOLE_TRACK_JOINED_EVENTS.csv,810dead183772c6ee3c2ffed01cb79b2a05045abb2aea4e4c8903c180932a4a5,c7efaf8d2029ed140d67b7cbfff1c23fd33e0ffcae18f285566266c063f78e1c,NEW_016,True
F_MIX_01234,249.11528344671203,BASS_AND_DRUM_SUPPORTED,685,249.0572335600907,161.4990234374967,58.04988662133000,CONTEXT,F_MIX_01234,/Users/StarTrack/Development/JazzGrooveAnalyzer/docs/scientific/rfc/JGA_WHOLE_TRACK_GROOVE_FROZEN_PIPELINE_001_20260921/WHOLE_TRACK_JOINED_EVENTS.csv,810dead183772c6ee3c2ffed01cb79b2a05045abb2aea4e4c8903c180932a4a5,c7efaf8d2029ed140d67b7cbfff1c23fd33e0ffcae18f285566266c063f78e1c,NEW_016,True
F_MIX_01235,249.30104308390023,UNKNOWN,686,249.42875283446713,151.99908088235597,-127.70975056690000,CONTEXT,F_MIX_01235,/Users/StarTrack/Development/JazzGrooveAnalyzer/docs/scientific/rfc/JGA_WHOLE_TRACK_GROOVE_FROZEN_PIPELINE_001_20260921/WHOLE_TRACK_JOINED_EVENTS.csv,810dead183772c6ee3c2ffed01cb79b2a05045abb2aea4e4c8903c180932a4a5,c7efaf8d2029ed140d67b7cbfff1c23fd33e0ffcae18f285566266c063f78e1c,NEW_016,True
F_MIX_01236,249.3707029478458,DRUM_SUPPORTED,686,249.42875283446713,151.99908088235597,-58.04988662133000,CONTEXT,F_MIX_01236,/Users/StarTrack/Development/JazzGrooveAnalyzer/docs/scientific/rfc/JGA_WHOLE_TRACK_GROOVE_FROZEN_PIPELINE_001_20260921/WHOLE_TRACK_JOINED_EVENTS.csv,810dead183772c6ee3c2ffed01cb79b2a05045abb2aea4e4c8903c180932a4a5,c7efaf8d2029ed140d67b7cbfff1c23fd33e0ffcae18f285566266c063f78e1c,NEW_016,True
F_MIX_01237,249.48680272108842,BASS_AND_DRUM_SUPPORTED,686,249.42875283446713,151.99908088235597,58.04988662129000,PRIMARY,F_MIX_01237,/Users/StarTrack/Development/JazzGrooveAnalyzer/docs/scientific/rfc/JGA_WHOLE_TRACK_GROOVE_FROZEN_PIPELINE_001_20260921/WHOLE_TRACK_JOINED_EVENTS.csv,810dead183772c6ee3c2ffed01cb79b2a05045abb2aea4e4c8903c180932a4a5,c7efaf8d2029ed140d67b7cbfff1c23fd33e0ffcae18f285566266c063f78e1c,NEW_016,True
F_MIX_01238,249.73061224489797,DRUM_SUPPORTED,687,249.82349206349207,161.4990234374967,-92.87981859410000,CONTEXT,F_MIX_01238,/Users/StarTrack/Development/JazzGrooveAnalyzer/docs/scientific/rfc/JGA_WHOLE_TRACK_GROOVE_FROZEN_PIPELINE_001_20260921/WHOLE_TRACK_JOINED_EVENTS.csv,810dead183772c6ee3c2ffed01cb79b2a05045abb2aea4e4c8903c180932a4a5,c7efaf8d2029ed140d67b7cbfff1c23fd33e0ffcae18f285566266c063f78e1c,NEW_016,True
F_MIX_01239,249.83510204081634,DRUM_SUPPORTED,687,249.82349206349207,161.4990234374967,11.60997732427000,PRIMARY,F_MIX_01239,/Users/StarTrack/Development/JazzGrooveAnalyzer/docs/scientific/rfc/JGA_WHOLE_TRACK_GROOVE_FROZEN_PIPELINE_001_20260921/WHOLE_TRACK_JOINED_EVENTS.csv,810dead183772c6ee3c2ffed01cb79b2a05045abb2aea4e4c8903c180932a4a5,c7efaf8d2029ed140d67b7cbfff1c23fd33e0ffcae18f285566266c063f78e1c,NEW_016,True
F_MIX_01240,250.20662131519273,DRUM_SUPPORTED,688,250.1950113378685,161.49902343750904,11.60997732423000,PRIMARY,F_MIX_01240,/Users/StarTrack/Development/JazzGrooveAnalyzer/docs/scientific/rfc/JGA_WHOLE_TRACK_GROOVE_FROZEN_PIPELINE_001_20260921/WHOLE_TRACK_JOINED_EVENTS.csv,810dead183772c6ee3c2ffed01cb79b2a05045abb2aea4e4c8903c180932a4a5,c7efaf8d2029ed140d67b7cbfff1c23fd33e0ffcae18f285566266c063f78e1c,NEW_016,True
F_MIX_01241,250.4736507936508,UNKNOWN,689,250.5665306122449,161.4990234374967,-92.8798185941000,CONTEXT,F_MIX_01241,/Users/StarTrack/Development/JazzGrooveAnalyzer/docs/scientific/rfc/JGA_WHOLE_TRACK_GROOVE_FROZEN_PIPELINE_001_20260921/WHOLE_TRACK_JOINED_EVENTS.csv,810dead183772c6ee3c2ffed01cb79b2a05045abb2aea4e4c8903c180932a4a5,c7efaf8d2029ed140d67b7cbfff1c23fd33e0ffcae18f285566266c063f78e1c,NEW_016,True
F_MIX_01242,250.57814058956916,DRUM_SUPPORTED,689,250.5665306122449,161.4990234374967,11.60997732426000,PRIMARY,F_MIX_01242,/Users/StarTrack/Development/JazzGrooveAnalyzer/docs/scientific/rfc/JGA_WHOLE_TRACK_GROOVE_FROZEN_PIPELINE_001_20260921/WHOLE_TRACK_JOINED_EVENTS.csv,810dead183772c6ee3c2ffed01cb79b2a05045abb2aea4e4c8903c180932a4a5,c7efaf8d2029ed140d67b7cbfff1c23fd33e0ffcae18f285566266c063f78e1c,NEW_016,True
F_MIX_01243,250.88,UNKNOWN,690,250.93804988662131,161.4990234374967,-58.04988662131000,CONTEXT,F_MIX_01243,/Users/StarTrack/Development/JazzGrooveAnalyzer/docs/scientific/rfc/JGA_WHOLE_TRACK_GROOVE_FROZEN_PIPELINE_001_20260921/WHOLE_TRACK_JOINED_EVENTS.csv,810dead183772c6ee3c2ffed01cb79b2a05045abb2aea4e4c8903c180932a4a5,c7efaf8d2029ed140d67b7cbfff1c23fd33e0ffcae18f285566266c063f78e1c,NEW_016,True
F_MIX_01244,250.9728798185941,DRUM_SUPPORTED,690,250.93804988662131,161.4990234374967,34.82993197279000,PRIMARY,F_MIX_01244,/Users/StarTrack/Development/JazzGrooveAnalyzer/docs/scientific/rfc/JGA_WHOLE_TRACK_GROOVE_FROZEN_PIPELINE_001_20260921/WHOLE_TRACK_JOINED_EVENTS.csv,810dead183772c6ee3c2ffed01cb79b2a05045abb2aea4e4c8903c180932a4a5,c7efaf8d2029ed140d67b7cbfff1c23fd33e0ffcae18f285566266c063f78e1c,NEW_016,True
F_MIX_01245,251.23990929705215,UNKNOWN,691,251.30956916099774,161.49902343750904,-69.65986394559000,CONTEXT,F_MIX_01245,/Users/StarTrack/Development/JazzGrooveAnalyzer/docs/scientific/rfc/JGA_WHOLE_TRACK_GROOVE_FROZEN_PIPELINE_001_20260921/WHOLE_TRACK_JOINED_EVENTS.csv,810dead183772c6ee3c2ffed01cb79b2a05045abb2aea4e4c8903c180932a4a5,c7efaf8d2029ed140d67b7cbfff1c23fd33e0ffcae18f285566266c063f78e1c,NEW_016,True
F_MIX_01246,251.33278911564625,DRUM_SUPPORTED,691,251.30956916099774,161.49902343750904,23.21995464851000,PRIMARY,F_MIX_01246,/Users/StarTrack/Development/JazzGrooveAnalyzer/docs/scientific/rfc/JGA_WHOLE_TRACK_GROOVE_FROZEN_PIPELINE_001_20260921/WHOLE_TRACK_JOINED_EVENTS.csv,810dead183772c6ee3c2ffed01cb79b2a05045abb2aea4e4c8903c180932a4a5,c7efaf8d2029ed140d67b7cbfff1c23fd33e0ffcae18f285566266c063f78e1c,NEW_016,True
F_MIX_01247,251.36761904761906,DRUM_SUPPORTED,691,251.30956916099774,161.49902343750904,58.04988662132000,CONTEXT,F_MIX_01247,/Users/StarTrack/Development/JazzGrooveAnalyzer/docs/scientific/rfc/JGA_WHOLE_TRACK_GROOVE_FROZEN_PIPELINE_001_20260921/WHOLE_TRACK_JOINED_EVENTS.csv,810dead183772c6ee3c2ffed01cb79b2a05045abb2aea4e4c8903c180932a4a5,c7efaf8d2029ed140d67b7cbfff1c23fd33e0ffcae18f285566266c063f78e1c,NEW_016,True
F_MIX_01248,251.71591836734694,DRUM_SUPPORTED,692,251.68108843537414,161.4990234374967,34.82993197280000,PRIMARY,F_MIX_01248,/Users/StarTrack/Development/JazzGrooveAnalyzer/docs/scientific/rfc/JGA_WHOLE_TRACK_GROOVE_FROZEN_PIPELINE_001_20260921/WHOLE_TRACK_JOINED_EVENTS.csv,810dead183772c6ee3c2ffed01cb79b2a05045abb2aea4e4c8903c180932a4a5,c7efaf8d2029ed140d67b7cbfff1c23fd33e0ffcae18f285566266c063f78e1c,NEW_016,True
F_MIX_01249,251.8552380952381,UNKNOWN,692,251.68108843537414,161.4990234374967,174.14965986396000,CONTEXT,F_MIX_01249,/Users/StarTrack/Development/JazzGrooveAnalyzer/docs/scientific/rfc/JGA_WHOLE_TRACK_GROOVE_FROZEN_PIPELINE_001_20260921/WHOLE_TRACK_JOINED_EVENTS.csv,810dead183772c6ee3c2ffed01cb79b2a05045abb2aea4e4c8903c180932a4a5,c7efaf8d2029ed140d67b7cbfff1c23fd33e0ffcae18f285566266c063f78e1c,NEW_016,True
F_MIX_01250,251.97133786848073,DRUM_SUPPORTED,693,252.05260770975056,161.4990234374967,-81.26984126983000,CONTEXT,F_MIX_01250,/Users/StarTrack/Development/JazzGrooveAnalyzer/docs/scientific/rfc/JGA_WHOLE_TRACK_GROOVE_FROZEN_PIPELINE_001_20260921/WHOLE_TRACK_JOINED_EVENTS.csv,810dead183772c6ee3c2ffed01cb79b2a05045abb2aea4e4c8903c180932a4a5,c7efaf8d2029ed140d67b7cbfff1c23fd33e0ffcae18f285566266c063f78e1c,NEW_016,True
F_MIX_01251,252.08743764172337,BASS_AND_DRUM_SUPPORTED,693,252.05260770975056,161.4990234374967,34.82993197281000,PRIMARY,F_MIX_01251,/Users/StarTrack/Development/JazzGrooveAnalyzer/docs/scientific/rfc/JGA_WHOLE_TRACK_GROOVE_FROZEN_PIPELINE_001_20260921/WHOLE_TRACK_JOINED_EVENTS.csv,810dead183772c6ee3c2ffed01cb79b2a05045abb2aea4e4c8903c180932a4a5,c7efaf8d2029ed140d67b7cbfff1c23fd33e0ffcae18f285566266c063f78e1c,NEW_016,True
F_MIX_01252,252.2615873015873,DRUM_SUPPORTED,694,252.42412698412699,161.4990234374967,-162.53968253969000,CONTEXT,F_MIX_01252,/Users/StarTrack/Development/JazzGrooveAnalyzer/docs/scientific/rfc/JGA_WHOLE_TRACK_GROOVE_FROZEN_PIPELINE_001_20260921/WHOLE_TRACK_JOINED_EVENTS.csv,810dead183772c6ee3c2ffed01cb79b2a05045abb2aea4e4c8903c180932a4a5,c7efaf8d2029ed140d67b7cbfff1c23fd33e0ffcae18f285566266c063f78e1c,NEW_016,True
F_MIX_01253,252.45895691609977,DRUM_SUPPORTED,694,252.42412698412699,161.4990234374967,34.82993197278000,PRIMARY,F_MIX_01253,/Users/StarTrack/Development/JazzGrooveAnalyzer/docs/scientific/rfc/JGA_WHOLE_TRACK_GROOVE_FROZEN_PIPELINE_001_20260921/WHOLE_TRACK_JOINED_EVENTS.csv,810dead183772c6ee3c2ffed01cb79b2a05045abb2aea4e4c8903c180932a4a5,c7efaf8d2029ed140d67b7cbfff1c23fd33e0ffcae18f285566266c063f78e1c,NEW_016,True
F_MIX_01254,252.72598639455782,UNKNOWN,695,252.7956462585034,161.49902343750904,-69.65986394558000,CONTEXT,F_MIX_01254,/Users/StarTrack/Development/JazzGrooveAnalyzer/docs/scientific/rfc/JGA_WHOLE_TRACK_GROOVE_FROZEN_PIPELINE_001_20260921/WHOLE_TRACK_JOINED_EVENTS.csv,810dead183772c6ee3c2ffed01cb79b2a05045abb2aea4e4c8903c180932a4a5,c7efaf8d2029ed140d67b7cbfff1c23fd33e0ffcae18f285566266c063f78e1c,NEW_016,True
F_MIX_01255,252.81886621315192,DRUM_SUPPORTED,695,252.7956462585034,161.49902343750904,23.21995464852000,PRIMARY,F_MIX_01255,/Users/StarTrack/Development/JazzGrooveAnalyzer/docs/scientific/rfc/JGA_WHOLE_TRACK_GROOVE_FROZEN_PIPELINE_001_20260921/WHOLE_TRACK_JOINED_EVENTS.csv,810dead183772c6ee3c2ffed01cb79b2a05045abb2aea4e4c8903c180932a4a5,c7efaf8d2029ed140d67b7cbfff1c23fd33e0ffcae18f285566266c063f78e1c,NEW_016,True
F_MIX_01256,253.09750566893425,DRUM_SUPPORTED,696,253.1671655328798,151.99908088234503,-69.65986394555000,CONTEXT,F_MIX_01256,/Users/StarTrack/Development/JazzGrooveAnalyzer/docs/scientific/rfc/JGA_WHOLE_TRACK_GROOVE_FROZEN_PIPELINE_001_20260921/WHOLE_TRACK_JOINED_EVENTS.csv,810dead183772c6ee3c2ffed01cb79b2a05045abb2aea4e4c8903c180932a4a5,c7efaf8d2029ed140d67b7cbfff1c23fd33e0ffcae18f285566266c063f78e1c,NEW_016,True
F_MIX_01257,253.20199546485262,DRUM_SUPPORTED,696,253.1671655328798,151.99908088234503,34.82993197282000,PRIMARY,F_MIX_01257,/Users/StarTrack/Development/JazzGrooveAnalyzer/docs/scientific/rfc/JGA_WHOLE_TRACK_GROOVE_FROZEN_PIPELINE_001_20260921/WHOLE_TRACK_JOINED_EVENTS.csv,810dead183772c6ee3c2ffed01cb79b2a05045abb2aea4e4c8903c180932a4a5,c7efaf8d2029ed140d67b7cbfff1c23fd33e0ffcae18f285566266c063f78e1c,NEW_016,True
F_MIX_01258,253.56190476190477,DRUM_SUPPORTED,697,253.56190476190477,161.49902343750904,0E-14,PRIMARY,F_MIX_01258,/Users/StarTrack/Development/JazzGrooveAnalyzer/docs/scientific/rfc/JGA_WHOLE_TRACK_GROOVE_FROZEN_PIPELINE_001_20260921/WHOLE_TRACK_JOINED_EVENTS.csv,810dead183772c6ee3c2ffed01cb79b2a05045abb2aea4e4c8903c180932a4a5,c7efaf8d2029ed140d67b7cbfff1c23fd33e0ffcae18f285566266c063f78e1c,NEW_016,True
F_MIX_01259,253.9566439909297,DRUM_SUPPORTED,698,253.93342403628117,161.4990234374967,23.21995464853000,PRIMARY,F_MIX_01259,/Users/StarTrack/Development/JazzGrooveAnalyzer/docs/scientific/rfc/JGA_WHOLE_TRACK_GROOVE_FROZEN_PIPELINE_001_20260921/WHOLE_TRACK_JOINED_EVENTS.csv,810dead183772c6ee3c2ffed01cb79b2a05045abb2aea4e4c8903c180932a4a5,c7efaf8d2029ed140d67b7cbfff1c23fd33e0ffcae18f285566266c063f78e1c,NEW_016,True
F_MIX_01260,254.2120634920635,DRUM_SUPPORTED,699,254.3049433106576,151.99908088235597,-92.8798185941000,CONTEXT,F_MIX_01260,/Users/StarTrack/Development/JazzGrooveAnalyzer/docs/scientific/rfc/JGA_WHOLE_TRACK_GROOVE_FROZEN_PIPELINE_001_20260921/WHOLE_TRACK_JOINED_EVENTS.csv,810dead183772c6ee3c2ffed01cb79b2a05045abb2aea4e4c8903c180932a4a5,c7efaf8d2029ed140d67b7cbfff1c23fd33e0ffcae18f285566266c063f78e1c,NEW_016,True
F_MIX_01261,254.33977324263037,DRUM_SUPPORTED,699,254.3049433106576,151.99908088235597,34.82993197277000,PRIMARY,F_MIX_01261,/Users/StarTrack/Development/JazzGrooveAnalyzer/docs/scientific/rfc/JGA_WHOLE_TRACK_GROOVE_FROZEN_PIPELINE_001_20260921/WHOLE_TRACK_JOINED_EVENTS.csv,810dead183772c6ee3c2ffed01cb79b2a05045abb2aea4e4c8903c180932a4a5,c7efaf8d2029ed140d67b7cbfff1c23fd33e0ffcae18f285566266c063f78e1c,NEW_016,True
F_MIX_01262,254.63002267573697,UNKNOWN,700,254.69968253968253,151.99908088234503,-69.65986394556000,CONTEXT,F_MIX_01262,/Users/StarTrack/Development/JazzGrooveAnalyzer/docs/scientific/rfc/JGA_WHOLE_TRACK_GROOVE_FROZEN_PIPELINE_001_20260921/WHOLE_TRACK_JOINED_EVENTS.csv,810dead183772c6ee3c2ffed01cb79b2a05045abb2aea4e4c8903c180932a4a5,c7efaf8d2029ed140d67b7cbfff1c23fd33e0ffcae18f285566266c063f78e1c,NEW_016,True
F_MIX_01263,254.69968253968253,DRUM_SUPPORTED,700,254.69968253968253,151.99908088234503,0E-14,PRIMARY,F_MIX_01263,/Users/StarTrack/Development/JazzGrooveAnalyzer/docs/scientific/rfc/JGA_WHOLE_TRACK_GROOVE_FROZEN_PIPELINE_001_20260921/WHOLE_TRACK_JOINED_EVENTS.csv,810dead183772c6ee3c2ffed01cb79b2a05045abb2aea4e4c8903c180932a4a5,c7efaf8d2029ed140d67b7cbfff1c23fd33e0ffcae18f285566266c063f78e1c,NEW_016,True
F_MIX_01264,254.98993197278912,DRUM_SUPPORTED,701,255.0944217687075,161.49902343750904,-104.48979591838000,PRIMARY,F_MIX_01264,/Users/StarTrack/Development/JazzGrooveAnalyzer/docs/scientific/rfc/JGA_WHOLE_TRACK_GROOVE_FROZEN_PIPELINE_001_20260921/WHOLE_TRACK_JOINED_EVENTS.csv,810dead183772c6ee3c2ffed01cb79b2a05045abb2aea4e4c8903c180932a4a5,c7efaf8d2029ed140d67b7cbfff1c23fd33e0ffcae18f285566266c063f78e1c,NEW_016,True
F_MIX_01265,255.3730612244898,DRUM_SUPPORTED,702,255.4659410430839,151.99908088234503,-92.8798185941000,CONTEXT,F_MIX_01265,/Users/StarTrack/Development/JazzGrooveAnalyzer/docs/scientific/rfc/JGA_WHOLE_TRACK_GROOVE_FROZEN_PIPELINE_001_20260921/WHOLE_TRACK_JOINED_EVENTS.csv,810dead183772c6ee3c2ffed01cb79b2a05045abb2aea4e4c8903c180932a4a5,c7efaf8d2029ed140d67b7cbfff1c23fd33e0ffcae18f285566266c063f78e1c,NEW_017,True
F_MIX_01266,255.4659410430839,DRUM_SUPPORTED,702,255.4659410430839,151.99908088234503,0E-13,PRIMARY,F_MIX_01266,/Users/StarTrack/Development/JazzGrooveAnalyzer/docs/scientific/rfc/JGA_WHOLE_TRACK_GROOVE_FROZEN_PIPELINE_001_20260921/WHOLE_TRACK_JOINED_EVENTS.csv,810dead183772c6ee3c2ffed01cb79b2a05045abb2aea4e4c8903c180932a4a5,c7efaf8d2029ed140d67b7cbfff1c23fd33e0ffcae18f285566266c063f78e1c,NEW_017,True
F_MIX_01267,255.75619047619048,UNKNOWN,703,255.86068027210885,161.4990234374967,-104.48979591837000,CONTEXT,F_MIX_01267,/Users/StarTrack/Development/JazzGrooveAnalyzer/docs/scientific/rfc/JGA_WHOLE_TRACK_GROOVE_FROZEN_PIPELINE_001_20260921/WHOLE_TRACK_JOINED_EVENTS.csv,810dead183772c6ee3c2ffed01cb79b2a05045abb2aea4e4c8903c180932a4a5,c7efaf8d2029ed140d67b7cbfff1c23fd33e0ffcae18f285566266c063f78e1c,NEW_017,True
F_MIX_01268,255.8374603174603,DRUM_SUPPORTED,703,255.86068027210885,161.4990234374967,-23.21995464855000,PRIMARY,F_MIX_01268,/Users/StarTrack/Development/JazzGrooveAnalyzer/docs/scientific/rfc/JGA_WHOLE_TRACK_GROOVE_FROZEN_PIPELINE_001_20260921/WHOLE_TRACK_JOINED_EVENTS.csv,810dead183772c6ee3c2ffed01cb79b2a05045abb2aea4e4c8903c180932a4a5,c7efaf8d2029ed140d67b7cbfff1c23fd33e0ffcae18f285566266c063f78e1c,NEW_017,True
F_MIX_01269,256.1857596371882,DRUM_SUPPORTED,704,256.2321995464853,161.49902343750904,-46.4399092971000,CONTEXT,F_MIX_01269,/Users/StarTrack/Development/JazzGrooveAnalyzer/docs/scientific/rfc/JGA_WHOLE_TRACK_GROOVE_FROZEN_PIPELINE_001_20260921/WHOLE_TRACK_JOINED_EVENTS.csv,810dead183772c6ee3c2ffed01cb79b2a05045abb2aea4e4c8903c180932a4a5,c7efaf8d2029ed140d67b7cbfff1c23fd33e0ffcae18f285566266c063f78e1c,NEW_017,True
F_MIX_01270,256.24380952380955,DRUM_SUPPORTED,704,256.2321995464853,161.49902343750904,11.60997732425000,PRIMARY,F_MIX_01270,/Users/StarTrack/Development/JazzGrooveAnalyzer/docs/scientific/rfc/JGA_WHOLE_TRACK_GROOVE_FROZEN_PIPELINE_001_20260921/WHOLE_TRACK_JOINED_EVENTS.csv,810dead183772c6ee3c2ffed01cb79b2a05045abb2aea4e4c8903c180932a4a5,c7efaf8d2029ed140d67b7cbfff1c23fd33e0ffcae18f285566266c063f78e1c,NEW_017,True
F_MIX_01271,256.5921088435374,DRUM_SUPPORTED,705,256.6037188208617,161.49902343750904,-11.6099773243000,PRIMARY,F_MIX_01271,/Users/StarTrack/Development/JazzGrooveAnalyzer/docs/scientific/rfc/JGA_WHOLE_TRACK_GROOVE_FROZEN_PIPELINE_001_20260921/WHOLE_TRACK_JOINED_EVENTS.csv,810dead183772c6ee3c2ffed01cb79b2a05045abb2aea4e4c8903c180932a4a5,c7efaf8d2029ed140d67b7cbfff1c23fd33e0ffcae18f285566266c063f78e1c,NEW_017,True
F_MIX_01272,256.6269387755102,DRUM_SUPPORTED,705,256.6037188208617,161.49902343750904,23.2199546485000,CONTEXT,F_MIX_01272,/Users/StarTrack/Development/JazzGrooveAnalyzer/docs/scientific/rfc/JGA_WHOLE_TRACK_GROOVE_FROZEN_PIPELINE_001_20260921/WHOLE_TRACK_JOINED_EVENTS.csv,810dead183772c6ee3c2ffed01cb79b2a05045abb2aea4e4c8903c180932a4a5,c7efaf8d2029ed140d67b7cbfff1c23fd33e0ffcae18f285566266c063f78e1c,NEW_017,True
F_MIX_01273,256.6965986394558,UNKNOWN,705,256.6037188208617,161.49902343750904,92.8798185941000,CONTEXT,F_MIX_01273,/Users/StarTrack/Development/JazzGrooveAnalyzer/docs/scientific/rfc/JGA_WHOLE_TRACK_GROOVE_FROZEN_PIPELINE_001_20260921/WHOLE_TRACK_JOINED_EVENTS.csv,810dead183772c6ee3c2ffed01cb79b2a05045abb2aea4e4c8903c180932a4a5,c7efaf8d2029ed140d67b7cbfff1c23fd33e0ffcae18f285566266c063f78e1c,NEW_017,True
F_MIX_01274,256.97523809523807,DRUM_SUPPORTED,706,256.97523809523807,161.49902343748434,0E-14,PRIMARY,F_MIX_01274,/Users/StarTrack/Development/JazzGrooveAnalyzer/docs/scientific/rfc/JGA_WHOLE_TRACK_GROOVE_FROZEN_PIPELINE_001_20260921/WHOLE_TRACK_JOINED_EVENTS.csv,810dead183772c6ee3c2ffed01cb79b2a05045abb2aea4e4c8903c180932a4a5,c7efaf8d2029ed140d67b7cbfff1c23fd33e0ffcae18f285566266c063f78e1c,NEW_017,True
F_MIX_01275,257.3583673469388,DRUM_SUPPORTED,707,257.3467573696145,161.49902343750904,11.6099773243000,PRIMARY,F_MIX_01275,/Users/StarTrack/Development/JazzGrooveAnalyzer/docs/scientific/rfc/JGA_WHOLE_TRACK_GROOVE_FROZEN_PIPELINE_001_20260921/WHOLE_TRACK_JOINED_EVENTS.csv,810dead183772c6ee3c2ffed01cb79b2a05045abb2aea4e4c8903c180932a4a5,c7efaf8d2029ed140d67b7cbfff1c23fd33e0ffcae18f285566266c063f78e1c,NEW_017,True
F_MIX_01276,257.39319727891154,DRUM_SUPPORTED,707,257.3467573696145,161.49902343750904,46.43990929704000,CONTEXT,F_MIX_01276,/Users/StarTrack/Development/JazzGrooveAnalyzer/docs/scientific/rfc/JGA_WHOLE_TRACK_GROOVE_FROZEN_PIPELINE_001_20260921/WHOLE_TRACK_JOINED_EVENTS.csv,810dead183772c6ee3c2ffed01cb79b2a05045abb2aea4e4c8903c180932a4a5,c7efaf8d2029ed140d67b7cbfff1c23fd33e0ffcae18f285566266c063f78e1c,NEW_017,True
F_MIX_01277,257.7298866213152,DRUM_SUPPORTED,708,257.7182766439909,161.49902343748434,11.6099773243000,PRIMARY,F_MIX_01277,/Users/StarTrack/Development/JazzGrooveAnalyzer/docs/scientific/rfc/JGA_WHOLE_TRACK_GROOVE_FROZEN_PIPELINE_001_20260921/WHOLE_TRACK_JOINED_EVENTS.csv,810dead183772c6ee3c2ffed01cb79b2a05045abb2aea4e4c8903c180932a4a5,c7efaf8d2029ed140d67b7cbfff1c23fd33e0ffcae18f285566266c063f78e1c,NEW_017,True
F_MIX_01278,258.02013605442176,DRUM_SUPPORTED,709,258.0897959183674,161.49902343750904,-69.65986394564000,CONTEXT,F_MIX_01278,/Users/StarTrack/Development/JazzGrooveAnalyzer/docs/scientific/rfc/JGA_WHOLE_TRACK_GROOVE_FROZEN_PIPELINE_001_20260921/WHOLE_TRACK_JOINED_EVENTS.csv,810dead183772c6ee3c2ffed01cb79b2a05045abb2aea4e4c8903c180932a4a5,c7efaf8d2029ed140d67b7cbfff1c23fd33e0ffcae18f285566266c063f78e1c,NEW_017,True
F_MIX_01279,258.0781859410431,UNKNOWN,709,258.0897959183674,161.49902343750904,-11.6099773243000,PRIMARY,F_MIX_01279,/Users/StarTrack/Development/JazzGrooveAnalyzer/docs/scientific/rfc/JGA_WHOLE_TRACK_GROOVE_FROZEN_PIPELINE_001_20260921/WHOLE_TRACK_JOINED_EVENTS.csv,810dead183772c6ee3c2ffed01cb79b2a05045abb2aea4e4c8903c180932a4a5,c7efaf8d2029ed140d67b7cbfff1c23fd33e0ffcae18f285566266c063f78e1c,NEW_017,True
F_MIX_01280,258.4497052154195,DRUM_SUPPORTED,710,258.46131519274377,161.49902343750904,-11.60997732427000,PRIMARY,F_MIX_01280,/Users/StarTrack/Development/JazzGrooveAnalyzer/docs/scientific/rfc/JGA_WHOLE_TRACK_GROOVE_FROZEN_PIPELINE_001_20260921/WHOLE_TRACK_JOINED_EVENTS.csv,810dead183772c6ee3c2ffed01cb79b2a05045abb2aea4e4c8903c180932a4a5,c7efaf8d2029ed140d67b7cbfff1c23fd33e0ffcae18f285566266c063f78e1c,NEW_017,True
F_MIX_01281,258.4845351473923,DRUM_SUPPORTED,710,258.46131519274377,161.49902343750904,23.21995464853000,CONTEXT,F_MIX_01281,/Users/StarTrack/Development/JazzGrooveAnalyzer/docs/scientific/rfc/JGA_WHOLE_TRACK_GROOVE_FROZEN_PIPELINE_001_20260921/WHOLE_TRACK_JOINED_EVENTS.csv,810dead183772c6ee3c2ffed01cb79b2a05045abb2aea4e4c8903c180932a4a5,c7efaf8d2029ed140d67b7cbfff1c23fd33e0ffcae18f285566266c063f78e1c,NEW_017,True
F_MIX_01282,258.7631746031746,UNKNOWN,711,258.83283446712016,161.49902343748434,-69.65986394556000,CONTEXT,F_MIX_01282,/Users/StarTrack/Development/JazzGrooveAnalyzer/docs/scientific/rfc/JGA_WHOLE_TRACK_GROOVE_FROZEN_PIPELINE_001_20260921/WHOLE_TRACK_JOINED_EVENTS.csv,810dead183772c6ee3c2ffed01cb79b2a05045abb2aea4e4c8903c180932a4a5,c7efaf8d2029ed140d67b7cbfff1c23fd33e0ffcae18f285566266c063f78e1c,NEW_017,True
F_MIX_01283,258.83283446712016,DRUM_SUPPORTED,711,258.83283446712016,161.49902343748434,0E-14,PRIMARY,F_MIX_01283,/Users/StarTrack/Development/JazzGrooveAnalyzer/docs/scientific/rfc/JGA_WHOLE_TRACK_GROOVE_FROZEN_PIPELINE_001_20260921/WHOLE_TRACK_JOINED_EVENTS.csv,810dead183772c6ee3c2ffed01cb79b2a05045abb2aea4e4c8903c180932a4a5,c7efaf8d2029ed140d67b7cbfff1c23fd33e0ffcae18f285566266c063f78e1c,NEW_017,True
F_MIX_01284,259.12308390022673,UNKNOWN,712,259.2043537414966,161.49902343750904,-81.26984126987000,CONTEXT,F_MIX_01284,/Users/StarTrack/Development/JazzGrooveAnalyzer/docs/scientific/rfc/JGA_WHOLE_TRACK_GROOVE_FROZEN_PIPELINE_001_20260921/WHOLE_TRACK_JOINED_EVENTS.csv,810dead183772c6ee3c2ffed01cb79b2a05045abb2aea4e4c8903c180932a4a5,c7efaf8d2029ed140d67b7cbfff1c23fd33e0ffcae18f285566266c063f78e1c,NEW_017,True
F_MIX_01285,259.2043537414966,DRUM_SUPPORTED,712,259.2043537414966,161.49902343750904,0E-13,PRIMARY,F_MIX_01285,/Users/StarTrack/Development/JazzGrooveAnalyzer/docs/scientific/rfc/JGA_WHOLE_TRACK_GROOVE_FROZEN_PIPELINE_001_20260921/WHOLE_TRACK_JOINED_EVENTS.csv,810dead183772c6ee3c2ffed01cb79b2a05045abb2aea4e4c8903c180932a4a5,c7efaf8d2029ed140d67b7cbfff1c23fd33e0ffcae18f285566266c063f78e1c,NEW_017,True
F_MIX_01286,259.4946031746032,DRUM_SUPPORTED,713,259.575873015873,161.49902343750904,-81.2698412698000,CONTEXT,F_MIX_01286,/Users/StarTrack/Development/JazzGrooveAnalyzer/docs/scientific/rfc/JGA_WHOLE_TRACK_GROOVE_FROZEN_PIPELINE_001_20260921/WHOLE_TRACK_JOINED_EVENTS.csv,810dead183772c6ee3c2ffed01cb79b2a05045abb2aea4e4c8903c180932a4a5,c7efaf8d2029ed140d67b7cbfff1c23fd33e0ffcae18f285566266c063f78e1c,NEW_017,True
F_MIX_01287,259.575873015873,DRUM_SUPPORTED,713,259.575873015873,161.49902343750904,0E-12,PRIMARY,F_MIX_01287,/Users/StarTrack/Development/JazzGrooveAnalyzer/docs/scientific/rfc/JGA_WHOLE_TRACK_GROOVE_FROZEN_PIPELINE_001_20260921/WHOLE_TRACK_JOINED_EVENTS.csv,810dead183772c6ee3c2ffed01cb79b2a05045abb2aea4e4c8903c180932a4a5,c7efaf8d2029ed140d67b7cbfff1c23fd33e0ffcae18f285566266c063f78e1c,NEW_017,True
F_MIX_01288,259.7616326530612,UNKNOWN,713,259.575873015873,161.49902343750904,185.7596371882000,CONTEXT,F_MIX_01288,/Users/StarTrack/Development/JazzGrooveAnalyzer/docs/scientific/rfc/JGA_WHOLE_TRACK_GROOVE_FROZEN_PIPELINE_001_20260921/WHOLE_TRACK_JOINED_EVENTS.csv,810dead183772c6ee3c2ffed01cb79b2a05045abb2aea4e4c8903c180932a4a5,c7efaf8d2029ed140d67b7cbfff1c23fd33e0ffcae18f285566266c063f78e1c,NEW_017,True
F_MIX_01289,259.8545124716553,DRUM_SUPPORTED,714,259.9473922902494,161.49902343748434,-92.8798185941000,CONTEXT,F_MIX_01289,/Users/StarTrack/Development/JazzGrooveAnalyzer/docs/scientific/rfc/JGA_WHOLE_TRACK_GROOVE_FROZEN_PIPELINE_001_20260921/WHOLE_TRACK_JOINED_EVENTS.csv,810dead183772c6ee3c2ffed01cb79b2a05045abb2aea4e4c8903c180932a4a5,c7efaf8d2029ed140d67b7cbfff1c23fd33e0ffcae18f285566266c063f78e1c,NEW_017,True
F_MIX_01290,259.9473922902494,DRUM_SUPPORTED,714,259.9473922902494,161.49902343748434,0E-13,PRIMARY,F_MIX_01290,/Users/StarTrack/Development/JazzGrooveAnalyzer/docs/scientific/rfc/JGA_WHOLE_TRACK_GROOVE_FROZEN_PIPELINE_001_20260921/WHOLE_TRACK_JOINED_EVENTS.csv,810dead183772c6ee3c2ffed01cb79b2a05045abb2aea4e4c8903c180932a4a5,c7efaf8d2029ed140d67b7cbfff1c23fd33e0ffcae18f285566266c063f78e1c,NEW_017,True
F_MIX_01291,260.23764172335603,UNKNOWN,715,260.31891156462586,161.49902343750904,-81.26984126983000,CONTEXT,F_MIX_01291,/Users/StarTrack/Development/JazzGrooveAnalyzer/docs/scientific/rfc/JGA_WHOLE_TRACK_GROOVE_FROZEN_PIPELINE_001_20260921/WHOLE_TRACK_JOINED_EVENTS.csv,810dead183772c6ee3c2ffed01cb79b2a05045abb2aea4e4c8903c180932a4a5,c7efaf8d2029ed140d67b7cbfff1c23fd33e0ffcae18f285566266c063f78e1c,NEW_017,True
F_MIX_01292,260.3073015873016,DRUM_SUPPORTED,715,260.31891156462586,161.49902343750904,-11.60997732426000,PRIMARY,F_MIX_01292,/Users/StarTrack/Development/JazzGrooveAnalyzer/docs/scientific/rfc/JGA_WHOLE_TRACK_GROOVE_FROZEN_PIPELINE_001_20260921/WHOLE_TRACK_JOINED_EVENTS.csv,810dead183772c6ee3c2ffed01cb79b2a05045abb2aea4e4c8903c180932a4a5,c7efaf8d2029ed140d67b7cbfff1c23fd33e0ffcae18f285566266c063f78e1c,NEW_017,True
F_MIX_01293,260.59755102040816,UNKNOWN,716,260.69043083900226,161.49902343750904,-92.87981859410000,CONTEXT,F_MIX_01293,/Users/StarTrack/Development/JazzGrooveAnalyzer/docs/scientific/rfc/JGA_WHOLE_TRACK_GROOVE_FROZEN_PIPELINE_001_20260921/WHOLE_TRACK_JOINED_EVENTS.csv,810dead183772c6ee3c2ffed01cb79b2a05045abb2aea4e4c8903c180932a4a5,c7efaf8d2029ed140d67b7cbfff1c23fd33e0ffcae18f285566266c063f78e1c,NEW_017,True
F_MIX_01294,260.678820861678,DRUM_SUPPORTED,716,260.69043083900226,161.49902343750904,-11.60997732426000,PRIMARY,F_MIX_01294,/Users/StarTrack/Development/JazzGrooveAnalyzer/docs/scientific/rfc/JGA_WHOLE_TRACK_GROOVE_FROZEN_PIPELINE_001_20260921/WHOLE_TRACK_JOINED_EVENTS.csv,810dead183772c6ee3c2ffed01cb79b2a05045abb2aea4e4c8903c180932a4a5,c7efaf8d2029ed140d67b7cbfff1c23fd33e0ffcae18f285566266c063f78e1c,NEW_017,True
F_MIX_01295,260.9806802721088,DRUM_SUPPORTED,717,261.06195011337866,172.26562499998857,-81.26984126986000,CONTEXT,F_MIX_01295,/Users/StarTrack/Development/JazzGrooveAnalyzer/docs/scientific/rfc/JGA_WHOLE_TRACK_GROOVE_FROZEN_PIPELINE_001_20260921/WHOLE_TRACK_JOINED_EVENTS.csv,810dead183772c6ee3c2ffed01cb79b2a05045abb2aea4e4c8903c180932a4a5,c7efaf8d2029ed140d67b7cbfff1c23fd33e0ffcae18f285566266c063f78e1c,NEW_017,True
F_MIX_01296,261.05034013605444,DRUM_SUPPORTED,717,261.06195011337866,172.26562499998857,-11.60997732422000,PRIMARY,F_MIX_01296,/Users/StarTrack/Development/JazzGrooveAnalyzer/docs/scientific/rfc/JGA_WHOLE_TRACK_GROOVE_FROZEN_PIPELINE_001_20260921/WHOLE_TRACK_JOINED_EVENTS.csv,810dead183772c6ee3c2ffed01cb79b2a05045abb2aea4e4c8903c180932a4a5,c7efaf8d2029ed140d67b7cbfff1c23fd33e0ffcae18f285566266c063f78e1c,NEW_017,True
F_MIX_01297,261.0851700680272,DRUM_SUPPORTED,717,261.06195011337866,172.26562499998857,23.21995464854000,CONTEXT,F_MIX_01297,/Users/StarTrack/Development/JazzGrooveAnalyzer/docs/scientific/rfc/JGA_WHOLE_TRACK_GROOVE_FROZEN_PIPELINE_001_20260921/WHOLE_TRACK_JOINED_EVENTS.csv,810dead183772c6ee3c2ffed01cb79b2a05045abb2aea4e4c8903c180932a4a5,c7efaf8d2029ed140d67b7cbfff1c23fd33e0ffcae18f285566266c063f78e1c,NEW_017,True
F_MIX_01298,261.41024943310657,DRUM_SUPPORTED,718,261.41024943310657,161.49902343750904,0E-14,PRIMARY,F_MIX_01298,/Users/StarTrack/Development/JazzGrooveAnalyzer/docs/scientific/rfc/JGA_WHOLE_TRACK_GROOVE_FROZEN_PIPELINE_001_20260921/WHOLE_TRACK_JOINED_EVENTS.csv,810dead183772c6ee3c2ffed01cb79b2a05045abb2aea4e4c8903c180932a4a5,c7efaf8d2029ed140d67b7cbfff1c23fd33e0ffcae18f285566266c063f78e1c,NEW_017,True
F_MIX_01299,261.70049886621314,UNKNOWN,719,261.78176870748297,161.49902343748434,-81.26984126983000,CONTEXT,F_MIX_01299,/Users/StarTrack/Development/JazzGrooveAnalyzer/docs/scientific/rfc/JGA_WHOLE_TRACK_GROOVE_FROZEN_PIPELINE_001_20260921/WHOLE_TRACK_JOINED_EVENTS.csv,810dead183772c6ee3c2ffed01cb79b2a05045abb2aea4e4c8903c180932a4a5,c7efaf8d2029ed140d67b7cbfff1c23fd33e0ffcae18f285566266c063f78e1c,NEW_017,True
F_MIX_01300,261.77015873015876,DRUM_SUPPORTED,719,261.78176870748297,161.49902343748434,-11.60997732421000,PRIMARY,F_MIX_01300,/Users/StarTrack/Development/JazzGrooveAnalyzer/docs/scientific/rfc/JGA_WHOLE_TRACK_GROOVE_FROZEN_PIPELINE_001_20260921/WHOLE_TRACK_JOINED_EVENTS.csv,810dead183772c6ee3c2ffed01cb79b2a05045abb2aea4e4c8903c180932a4a5,c7efaf8d2029ed140d67b7cbfff1c23fd33e0ffcae18f285566266c063f78e1c,NEW_017,True
F_MIX_01301,261.9675283446712,UNKNOWN,720,262.1532879818594,172.26562500001668,-185.7596371882000,CONTEXT,F_MIX_01301,/Users/StarTrack/Development/JazzGrooveAnalyzer/docs/scientific/rfc/JGA_WHOLE_TRACK_GROOVE_FROZEN_PIPELINE_001_20260921/WHOLE_TRACK_JOINED_EVENTS.csv,810dead183772c6ee3c2ffed01cb79b2a05045abb2aea4e4c8903c180932a4a5,c7efaf8d2029ed140d67b7cbfff1c23fd33e0ffcae18f285566266c063f78e1c,NEW_017,True
F_MIX_01302,262.04879818594105,DRUM_SUPPORTED,720,262.1532879818594,172.26562500001668,-104.48979591835000,PRIMARY,F_MIX_01302,/Users/StarTrack/Development/JazzGrooveAnalyzer/docs/scientific/rfc/JGA_WHOLE_TRACK_GROOVE_FROZEN_PIPELINE_001_20260921/WHOLE_TRACK_JOINED_EVENTS.csv,810dead183772c6ee3c2ffed01cb79b2a05045abb2aea4e4c8903c180932a4a5,c7efaf8d2029ed140d67b7cbfff1c23fd33e0ffcae18f285566266c063f78e1c,NEW_017,True
F_MIX_01303,262.32743764172335,UNKNOWN,720,262.1532879818594,172.26562500001668,174.14965986395000,CONTEXT,F_MIX_01303,/Users/StarTrack/Development/JazzGrooveAnalyzer/docs/scientific/rfc/JGA_WHOLE_TRACK_GROOVE_FROZEN_PIPELINE_001_20260921/WHOLE_TRACK_JOINED_EVENTS.csv,810dead183772c6ee3c2ffed01cb79b2a05045abb2aea4e4c8903c180932a4a5,c7efaf8d2029ed140d67b7cbfff1c23fd33e0ffcae18f285566266c063f78e1c,NEW_017,True
F_MIX_01304,262.443537414966,UNKNOWN,721,262.5015873015873,161.49902343748434,-58.0498866213000,CONTEXT,F_MIX_01304,/Users/StarTrack/Development/JazzGrooveAnalyzer/docs/scientific/rfc/JGA_WHOLE_TRACK_GROOVE_FROZEN_PIPELINE_001_20260921/WHOLE_TRACK_JOINED_EVENTS.csv,810dead183772c6ee3c2ffed01cb79b2a05045abb2aea4e4c8903c180932a4a5,c7efaf8d2029ed140d67b7cbfff1c23fd33e0ffcae18f285566266c063f78e1c,NEW_017,True
F_MIX_01305,262.51319727891155,DRUM_SUPPORTED,721,262.5015873015873,161.49902343748434,11.60997732425000,PRIMARY,F_MIX_01305,/Users/StarTrack/Development/JazzGrooveAnalyzer/docs/scientific/rfc/JGA_WHOLE_TRACK_GROOVE_FROZEN_PIPELINE_001_20260921/WHOLE_TRACK_JOINED_EVENTS.csv,810dead183772c6ee3c2ffed01cb79b2a05045abb2aea4e4c8903c180932a4a5,c7efaf8d2029ed140d67b7cbfff1c23fd33e0ffcae18f285566266c063f78e1c,NEW_017,True
F_MIX_01306,262.78022675736963,UNKNOWN,722,262.87310657596373,172.26562500001668,-92.87981859410000,CONTEXT,F_MIX_01306,/Users/StarTrack/Development/JazzGrooveAnalyzer/docs/scientific/rfc/JGA_WHOLE_TRACK_GROOVE_FROZEN_PIPELINE_001_20260921/WHOLE_TRACK_JOINED_EVENTS.csv,810dead183772c6ee3c2ffed01cb79b2a05045abb2aea4e4c8903c180932a4a5,c7efaf8d2029ed140d67b7cbfff1c23fd33e0ffcae18f285566266c063f78e1c,NEW_017,True
F_MIX_01307,262.884716553288,DRUM_SUPPORTED,722,262.87310657596373,172.26562500001668,11.60997732427000,PRIMARY,F_MIX_01307,/Users/StarTrack/Development/JazzGrooveAnalyzer/docs/scientific/rfc/JGA_WHOLE_TRACK_GROOVE_FROZEN_PIPELINE_001_20260921/WHOLE_TRACK_JOINED_EVENTS.csv,810dead183772c6ee3c2ffed01cb79b2a05045abb2aea4e4c8903c180932a4a5,c7efaf8d2029ed140d67b7cbfff1c23fd33e0ffcae18f285566266c063f78e1c,NEW_017,True
F_MIX_01308,263.15174603174603,DRUM_SUPPORTED,723,263.2214058956916,172.26562499998857,-69.65986394557000,PRIMARY,F_MIX_01308,/Users/StarTrack/Development/JazzGrooveAnalyzer/docs/scientific/rfc/JGA_WHOLE_TRACK_GROOVE_FROZEN_PIPELINE_001_20260921/WHOLE_TRACK_JOINED_EVENTS.csv,810dead183772c6ee3c2ffed01cb79b2a05045abb2aea4e4c8903c180932a4a5,c7efaf8d2029ed140d67b7cbfff1c23fd33e0ffcae18f285566266c063f78e1c,NEW_017,True
F_MIX_01309,263.5232653061224,DRUM_SUPPORTED,724,263.5697052154195,161.49902343750904,-46.4399092971000,PRIMARY,F_MIX_01309,/Users/StarTrack/Development/JazzGrooveAnalyzer/docs/scientific/rfc/JGA_WHOLE_TRACK_GROOVE_FROZEN_PIPELINE_001_20260921/WHOLE_TRACK_JOINED_EVENTS.csv,810dead183772c6ee3c2ffed01cb79b2a05045abb2aea4e4c8903c180932a4a5,c7efaf8d2029ed140d67b7cbfff1c23fd33e0ffcae18f285566266c063f78e1c,NEW_017,True
F_MIX_01310,263.6161451247166,DRUM_SUPPORTED,724,263.5697052154195,161.49902343750904,46.4399092971000,CONTEXT,F_MIX_01310,/Users/StarTrack/Development/JazzGrooveAnalyzer/docs/scientific/rfc/JGA_WHOLE_TRACK_GROOVE_FROZEN_PIPELINE_001_20260921/WHOLE_TRACK_JOINED_EVENTS.csv,810dead183772c6ee3c2ffed01cb79b2a05045abb2aea4e4c8903c180932a4a5,c7efaf8d2029ed140d67b7cbfff1c23fd33e0ffcae18f285566266c063f78e1c,NEW_017,True
F_MIX_01311,263.8831746031746,DRUM_SUPPORTED,725,263.9412244897959,172.26562499998857,-58.0498866213000,PRIMARY,F_MIX_01311,/Users/StarTrack/Development/JazzGrooveAnalyzer/docs/scientific/rfc/JGA_WHOLE_TRACK_GROOVE_FROZEN_PIPELINE_001_20260921/WHOLE_TRACK_JOINED_EVENTS.csv,810dead183772c6ee3c2ffed01cb79b2a05045abb2aea4e4c8903c180932a4a5,c7efaf8d2029ed140d67b7cbfff1c23fd33e0ffcae18f285566266c063f78e1c,NEW_017,True
F_MIX_01312,264.3243537414966,DRUM_SUPPORTED,726,264.2895238095238,172.26562499998857,34.8299319728000,PRIMARY,F_MIX_01312,/Users/StarTrack/Development/JazzGrooveAnalyzer/docs/scientific/rfc/JGA_WHOLE_TRACK_GROOVE_FROZEN_PIPELINE_001_20260921/WHOLE_TRACK_JOINED_EVENTS.csv,810dead183772c6ee3c2ffed01cb79b2a05045abb2aea4e4c8903c180932a4a5,c7efaf8d2029ed140d67b7cbfff1c23fd33e0ffcae18f285566266c063f78e1c,NEW_017,True
F_MIX_01313,264.59138321995465,UNKNOWN,727,264.63782312925173,161.49902343750904,-46.43990929708000,PRIMARY,F_MIX_01313,/Users/StarTrack/Development/JazzGrooveAnalyzer/docs/scientific/rfc/JGA_WHOLE_TRACK_GROOVE_FROZEN_PIPELINE_001_20260921/WHOLE_TRACK_JOINED_EVENTS.csv,810dead183772c6ee3c2ffed01cb79b2a05045abb2aea4e4c8903c180932a4a5,c7efaf8d2029ed140d67b7cbfff1c23fd33e0ffcae18f285566266c063f78e1c,NEW_017,True
F_MIX_01314,264.695873015873,DRUM_SUPPORTED,727,264.63782312925173,161.49902343750904,58.04988662127000,CONTEXT,F_MIX_01314,/Users/StarTrack/Development/JazzGrooveAnalyzer/docs/scientific/rfc/JGA_WHOLE_TRACK_GROOVE_FROZEN_PIPELINE_001_20260921/WHOLE_TRACK_JOINED_EVENTS.csv,810dead183772c6ee3c2ffed01cb79b2a05045abb2aea4e4c8903c180932a4a5,c7efaf8d2029ed140d67b7cbfff1c23fd33e0ffcae18f285566266c063f78e1c,NEW_017,True
F_MIX_01315,264.96290249433105,DRUM_SUPPORTED,728,265.0093424036281,172.26562500001668,-46.43990929705000,PRIMARY,F_MIX_01315,/Users/StarTrack/Development/JazzGrooveAnalyzer/docs/scientific/rfc/JGA_WHOLE_TRACK_GROOVE_FROZEN_PIPELINE_001_20260921/WHOLE_TRACK_JOINED_EVENTS.csv,810dead183772c6ee3c2ffed01cb79b2a05045abb2aea4e4c8903c180932a4a5,c7efaf8d2029ed140d67b7cbfff1c23fd33e0ffcae18f285566266c063f78e1c,NEW_017,True
F_MIX_01316,265.05578231292515,DRUM_SUPPORTED,728,265.0093424036281,172.26562500001668,46.43990929705000,CONTEXT,F_MIX_01316,/Users/StarTrack/Development/JazzGrooveAnalyzer/docs/scientific/rfc/JGA_WHOLE_TRACK_GROOVE_FROZEN_PIPELINE_001_20260921/WHOLE_TRACK_JOINED_EVENTS.csv,810dead183772c6ee3c2ffed01cb79b2a05045abb2aea4e4c8903c180932a4a5,c7efaf8d2029ed140d67b7cbfff1c23fd33e0ffcae18f285566266c063f78e1c,NEW_017,True
F_MIX_01317,265.31120181405896,DRUM_SUPPORTED,729,265.357641723356,161.49902343748434,-46.43990929704000,PRIMARY,F_MIX_01317,/Users/StarTrack/Development/JazzGrooveAnalyzer/docs/scientific/rfc/JGA_WHOLE_TRACK_GROOVE_FROZEN_PIPELINE_001_20260921/WHOLE_TRACK_JOINED_EVENTS.csv,810dead183772c6ee3c2ffed01cb79b2a05045abb2aea4e4c8903c180932a4a5,c7efaf8d2029ed140d67b7cbfff1c23fd33e0ffcae18f285566266c063f78e1c,NEW_017,True
F_MIX_01318,265.41569160997733,DRUM_SUPPORTED,729,265.357641723356,161.49902343748434,58.04988662133000,CONTEXT,F_MIX_01318,/Users/StarTrack/Development/JazzGrooveAnalyzer/docs/scientific/rfc/JGA_WHOLE_TRACK_GROOVE_FROZEN_PIPELINE_001_20260921/WHOLE_TRACK_JOINED_EVENTS.csv,810dead183772c6ee3c2ffed01cb79b2a05045abb2aea4e4c8903c180932a4a5,c7efaf8d2029ed140d67b7cbfff1c23fd33e0ffcae18f285566266c063f78e1c,NEW_017,True
F_MIX_01319,265.6711111111111,DRUM_SUPPORTED,730,265.72916099773244,161.49902343750904,-58.04988662134000,CONTEXT,F_MIX_01319,/Users/StarTrack/Development/JazzGrooveAnalyzer/docs/scientific/rfc/JGA_WHOLE_TRACK_GROOVE_FROZEN_PIPELINE_001_20260921/WHOLE_TRACK_JOINED_EVENTS.csv,810dead183772c6ee3c2ffed01cb79b2a05045abb2aea4e4c8903c180932a4a5,c7efaf8d2029ed140d67b7cbfff1c23fd33e0ffcae18f285566266c063f78e1c,NEW_017,True
F_MIX_01320,265.7872108843537,DRUM_SUPPORTED,730,265.72916099773244,161.49902343750904,58.04988662126000,PRIMARY,F_MIX_01320,/Users/StarTrack/Development/JazzGrooveAnalyzer/docs/scientific/rfc/JGA_WHOLE_TRACK_GROOVE_FROZEN_PIPELINE_001_20260921/WHOLE_TRACK_JOINED_EVENTS.csv,810dead183772c6ee3c2ffed01cb79b2a05045abb2aea4e4c8903c180932a4a5,c7efaf8d2029ed140d67b7cbfff1c23fd33e0ffcae18f285566266c063f78e1c,NEW_017,True
F_MIX_01321,266.0310204081633,DRUM_SUPPORTED,731,266.10068027210883,161.49902343748434,-69.65986394553000,CONTEXT,F_MIX_01321,/Users/StarTrack/Development/JazzGrooveAnalyzer/docs/scientific/rfc/JGA_WHOLE_TRACK_GROOVE_FROZEN_PIPELINE_001_20260921/WHOLE_TRACK_JOINED_EVENTS.csv,810dead183772c6ee3c2ffed01cb79b2a05045abb2aea4e4c8903c180932a4a5,c7efaf8d2029ed140d67b7cbfff1c23fd33e0ffcae18f285566266c063f78e1c,NEW_017,True
F_MIX_01322,266.13551020408164,DRUM_SUPPORTED,731,266.10068027210883,161.49902343748434,34.82993197281000,PRIMARY,F_MIX_01322,/Users/StarTrack/Development/JazzGrooveAnalyzer/docs/scientific/rfc/JGA_WHOLE_TRACK_GROOVE_FROZEN_PIPELINE_001_20260921/WHOLE_TRACK_JOINED_EVENTS.csv,810dead183772c6ee3c2ffed01cb79b2a05045abb2aea4e4c8903c180932a4a5,c7efaf8d2029ed140d67b7cbfff1c23fd33e0ffcae18f285566266c063f78e1c,NEW_017,True
F_MIX_01323,266.40253968253967,DRUM_SUPPORTED,732,266.4721995464853,161.49902343750904,-69.65986394563000,CONTEXT,F_MIX_01323,/Users/StarTrack/Development/JazzGrooveAnalyzer/docs/scientific/rfc/JGA_WHOLE_TRACK_GROOVE_FROZEN_PIPELINE_001_20260921/WHOLE_TRACK_JOINED_EVENTS.csv,810dead183772c6ee3c2ffed01cb79b2a05045abb2aea4e4c8903c180932a4a5,c7efaf8d2029ed140d67b7cbfff1c23fd33e0ffcae18f285566266c063f78e1c,NEW_017,True
F_MIX_01324,266.5302494331066,DRUM_SUPPORTED,732,266.4721995464853,161.49902343750904,58.0498866213000,PRIMARY,F_MIX_01324,/Users/StarTrack/Development/JazzGrooveAnalyzer/docs/scientific/rfc/JGA_WHOLE_TRACK_GROOVE_FROZEN_PIPELINE_001_20260921/WHOLE_TRACK_JOINED_EVENTS.csv,810dead183772c6ee3c2ffed01cb79b2a05045abb2aea4e4c8903c180932a4a5,c7efaf8d2029ed140d67b7cbfff1c23fd33e0ffcae18f285566266c063f78e1c,NEW_017,True
F_MIX_01325,266.7740589569161,UNKNOWN,733,266.8437188208617,161.49902343750904,-69.6598639456000,CONTEXT,F_MIX_01325,/Users/StarTrack/Development/JazzGrooveAnalyzer/docs/scientific/rfc/JGA_WHOLE_TRACK_GROOVE_FROZEN_PIPELINE_001_20260921/WHOLE_TRACK_JOINED_EVENTS.csv,810dead183772c6ee3c2ffed01cb79b2a05045abb2aea4e4c8903c180932a4a5,c7efaf8d2029ed140d67b7cbfff1c23fd33e0ffcae18f285566266c063f78e1c,NEW_017,True
F_MIX_01326,266.8785487528345,DRUM_SUPPORTED,733,266.8437188208617,161.49902343750904,34.8299319728000,PRIMARY,F_MIX_01326,/Users/StarTrack/Development/JazzGrooveAnalyzer/docs/scientific/rfc/JGA_WHOLE_TRACK_GROOVE_FROZEN_PIPELINE_001_20260921/WHOLE_TRACK_JOINED_EVENTS.csv,810dead183772c6ee3c2ffed01cb79b2a05045abb2aea4e4c8903c180932a4a5,c7efaf8d2029ed140d67b7cbfff1c23fd33e0ffcae18f285566266c063f78e1c,NEW_017,True
F_MIX_01327,267.1455782312925,DRUM_SUPPORTED,734,267.2152380952381,161.49902343748434,-69.6598639456000,CONTEXT,F_MIX_01327,/Users/StarTrack/Development/JazzGrooveAnalyzer/docs/scientific/rfc/JGA_WHOLE_TRACK_GROOVE_FROZEN_PIPELINE_001_20260921/WHOLE_TRACK_JOINED_EVENTS.csv,810dead183772c6ee3c2ffed01cb79b2a05045abb2aea4e4c8903c180932a4a5,c7efaf8d2029ed140d67b7cbfff1c23fd33e0ffcae18f285566266c063f78e1c,NEW_017,True
F_MIX_01328,267.2732879818594,DRUM_SUPPORTED,734,267.2152380952381,161.49902343748434,58.0498866213000,PRIMARY,F_MIX_01328,/Users/StarTrack/Development/JazzGrooveAnalyzer/docs/scientific/rfc/JGA_WHOLE_TRACK_GROOVE_FROZEN_PIPELINE_001_20260921/WHOLE_TRACK_JOINED_EVENTS.csv,810dead183772c6ee3c2ffed01cb79b2a05045abb2aea4e4c8903c180932a4a5,c7efaf8d2029ed140d67b7cbfff1c23fd33e0ffcae18f285566266c063f78e1c,NEW_017,True
F_MIX_01329,267.50548752834464,DRUM_SUPPORTED,735,267.58675736961453,161.49902343750904,-81.26984126989000,CONTEXT,F_MIX_01329,/Users/StarTrack/Development/JazzGrooveAnalyzer/docs/scientific/rfc/JGA_WHOLE_TRACK_GROOVE_FROZEN_PIPELINE_001_20260921/WHOLE_TRACK_JOINED_EVENTS.csv,810dead183772c6ee3c2ffed01cb79b2a05045abb2aea4e4c8903c180932a4a5,c7efaf8d2029ed140d67b7cbfff1c23fd33e0ffcae18f285566266c063f78e1c,NEW_017,True
F_MIX_01330,267.6215873015873,DRUM_SUPPORTED,735,267.58675736961453,161.49902343750904,34.82993197277000,PRIMARY,F_MIX_01330,/Users/StarTrack/Development/JazzGrooveAnalyzer/docs/scientific/rfc/JGA_WHOLE_TRACK_GROOVE_FROZEN_PIPELINE_001_20260921/WHOLE_TRACK_JOINED_EVENTS.csv,810dead183772c6ee3c2ffed01cb79b2a05045abb2aea4e4c8903c180932a4a5,c7efaf8d2029ed140d67b7cbfff1c23fd33e0ffcae18f285566266c063f78e1c,NEW_017,True
F_MIX_01331,267.8770068027211,DRUM_SUPPORTED,736,267.9582766439909,161.49902343750904,-81.2698412698000,PRIMARY,F_MIX_01331,/Users/StarTrack/Development/JazzGrooveAnalyzer/docs/scientific/rfc/JGA_WHOLE_TRACK_GROOVE_FROZEN_PIPELINE_001_20260921/WHOLE_TRACK_JOINED_EVENTS.csv,810dead183772c6ee3c2ffed01cb79b2a05045abb2aea4e4c8903c180932a4a5,c7efaf8d2029ed140d67b7cbfff1c23fd33e0ffcae18f285566266c063f78e1c,NEW_017,True
F_MIX_01332,268.35301587301586,UNKNOWN,737,268.3297959183673,151.99908088233408,23.21995464856000,PRIMARY,F_MIX_01332,/Users/StarTrack/Development/JazzGrooveAnalyzer/docs/scientific/rfc/JGA_WHOLE_TRACK_GROOVE_FROZEN_PIPELINE_001_20260921/WHOLE_TRACK_JOINED_EVENTS.csv,810dead183772c6ee3c2ffed01cb79b2a05045abb2aea4e4c8903c180932a4a5,c7efaf8d2029ed140d67b7cbfff1c23fd33e0ffcae18f285566266c063f78e1c,NEW_017,True
F_MIX_01333,268.62004535147395,UNKNOWN,738,268.7245351473923,161.49902343750904,-104.48979591835000,CONTEXT,F_MIX_01333,/Users/StarTrack/Development/JazzGrooveAnalyzer/docs/scientific/rfc/JGA_WHOLE_TRACK_GROOVE_FROZEN_PIPELINE_001_20260921/WHOLE_TRACK_JOINED_EVENTS.csv,810dead183772c6ee3c2ffed01cb79b2a05045abb2aea4e4c8903c180932a4a5,c7efaf8d2029ed140d67b7cbfff1c23fd33e0ffcae18f285566266c063f78e1c,NEW_017,True
F_MIX_01334,268.73614512471653,DRUM_SUPPORTED,738,268.7245351473923,161.49902343750904,11.60997732423000,PRIMARY,F_MIX_01334,/Users/StarTrack/Development/JazzGrooveAnalyzer/docs/scientific/rfc/JGA_WHOLE_TRACK_GROOVE_FROZEN_PIPELINE_001_20260921/WHOLE_TRACK_JOINED_EVENTS.csv,810dead183772c6ee3c2ffed01cb79b2a05045abb2aea4e4c8903c180932a4a5,c7efaf8d2029ed140d67b7cbfff1c23fd33e0ffcae18f285566266c063f78e1c,NEW_017,True
F_MIX_01335,269.04961451247163,UNKNOWN,739,269.0960544217687,161.49902343750904,-46.43990929707000,CONTEXT,F_MIX_01335,/Users/StarTrack/Development/JazzGrooveAnalyzer/docs/scientific/rfc/JGA_WHOLE_TRACK_GROOVE_FROZEN_PIPELINE_001_20260921/WHOLE_TRACK_JOINED_EVENTS.csv,810dead183772c6ee3c2ffed01cb79b2a05045abb2aea4e4c8903c180932a4a5,c7efaf8d2029ed140d67b7cbfff1c23fd33e0ffcae18f285566266c063f78e1c,NEW_017,True
F_MIX_01336,269.107664399093,DRUM_SUPPORTED,739,269.0960544217687,161.49902343750904,11.6099773243000,PRIMARY,F_MIX_01336,/Users/StarTrack/Development/JazzGrooveAnalyzer/docs/scientific/rfc/JGA_WHOLE_TRACK_GROOVE_FROZEN_PIPELINE_001_20260921/WHOLE_TRACK_JOINED_EVENTS.csv,810dead183772c6ee3c2ffed01cb79b2a05045abb2aea4e4c8903c180932a4a5,c7efaf8d2029ed140d67b7cbfff1c23fd33e0ffcae18f285566266c063f78e1c,NEW_017,True
F_MIX_01337,269.5140136054422,DRUM_SUPPORTED,740,269.4675736961451,161.49902343748434,46.4399092971000,PRIMARY,F_MIX_01337,/Users/StarTrack/Development/JazzGrooveAnalyzer/docs/scientific/rfc/JGA_WHOLE_TRACK_GROOVE_FROZEN_PIPELINE_001_20260921/WHOLE_TRACK_JOINED_EVENTS.csv,810dead183772c6ee3c2ffed01cb79b2a05045abb2aea4e4c8903c180932a4a5,c7efaf8d2029ed140d67b7cbfff1c23fd33e0ffcae18f285566266c063f78e1c,NEW_017,True
F_MIX_01338,269.7229931972789,UNKNOWN,741,269.83909297052156,151.99908088235597,-116.09977324266000,CONTEXT,F_MIX_01338,/Users/StarTrack/Development/JazzGrooveAnalyzer/docs/scientific/rfc/JGA_WHOLE_TRACK_GROOVE_FROZEN_PIPELINE_001_20260921/WHOLE_TRACK_JOINED_EVENTS.csv,810dead183772c6ee3c2ffed01cb79b2a05045abb2aea4e4c8903c180932a4a5,c7efaf8d2029ed140d67b7cbfff1c23fd33e0ffcae18f285566266c063f78e1c,NEW_017,True
F_MIX_01339,269.7926530612245,UNKNOWN,741,269.83909297052156,151.99908088235597,-46.43990929706000,CONTEXT,F_MIX_01339,/Users/StarTrack/Development/JazzGrooveAnalyzer/docs/scientific/rfc/JGA_WHOLE_TRACK_GROOVE_FROZEN_PIPELINE_001_20260921/WHOLE_TRACK_JOINED_EVENTS.csv,810dead183772c6ee3c2ffed01cb79b2a05045abb2aea4e4c8903c180932a4a5,c7efaf8d2029ed140d67b7cbfff1c23fd33e0ffcae18f285566266c063f78e1c,NEW_017,True
F_MIX_01340,269.8855328798186,DRUM_SUPPORTED,741,269.83909297052156,151.99908088235597,46.43990929704000,PRIMARY,F_MIX_01340,/Users/StarTrack/Development/JazzGrooveAnalyzer/docs/scientific/rfc/JGA_WHOLE_TRACK_GROOVE_FROZEN_PIPELINE_001_20260921/WHOLE_TRACK_JOINED_EVENTS.csv,810dead183772c6ee3c2ffed01cb79b2a05045abb2aea4e4c8903c180932a4a5,c7efaf8d2029ed140d67b7cbfff1c23fd33e0ffcae18f285566266c063f78e1c,NEW_017,True
F_MIX_01341,270.02485260770976,UNKNOWN,741,269.83909297052156,151.99908088235597,185.75963718820000,CONTEXT,F_MIX_01341,/Users/StarTrack/Development/JazzGrooveAnalyzer/docs/scientific/rfc/JGA_WHOLE_TRACK_GROOVE_FROZEN_PIPELINE_001_20260921/WHOLE_TRACK_JOINED_EVENTS.csv,810dead183772c6ee3c2ffed01cb79b2a05045abb2aea4e4c8903c180932a4a5,c7efaf8d2029ed140d67b7cbfff1c23fd33e0ffcae18f285566266c063f78e1c,NEW_018,True
F_MIX_01342,270.17578231292515,UNKNOWN,742,270.2338321995465,161.49902343750904,-58.04988662135000,CONTEXT,F_MIX_01342,/Users/StarTrack/Development/JazzGrooveAnalyzer/docs/scientific/rfc/JGA_WHOLE_TRACK_GROOVE_FROZEN_PIPELINE_001_20260921/WHOLE_TRACK_JOINED_EVENTS.csv,810dead183772c6ee3c2ffed01cb79b2a05045abb2aea4e4c8903c180932a4a5,c7efaf8d2029ed140d67b7cbfff1c23fd33e0ffcae18f285566266c063f78e1c,NEW_018,True
F_MIX_01343,270.2802721088435,DRUM_SUPPORTED,742,270.2338321995465,161.49902343750904,46.4399092970000,PRIMARY,F_MIX_01343,/Users/StarTrack/Development/JazzGrooveAnalyzer/docs/scientific/rfc/JGA_WHOLE_TRACK_GROOVE_FROZEN_PIPELINE_001_20260921/WHOLE_TRACK_JOINED_EVENTS.csv,810dead183772c6ee3c2ffed01cb79b2a05045abb2aea4e4c8903c180932a4a5,c7efaf8d2029ed140d67b7cbfff1c23fd33e0ffcae18f285566266c063f78e1c,NEW_018,True
F_MIX_01344,270.43120181405897,UNKNOWN,743,270.6053514739229,161.49902343748434,-174.14965986393000,CONTEXT,F_MIX_01344,/Users/StarTrack/Development/JazzGrooveAnalyzer/docs/scientific/rfc/JGA_WHOLE_TRACK_GROOVE_FROZEN_PIPELINE_001_20260921/WHOLE_TRACK_JOINED_EVENTS.csv,810dead183772c6ee3c2ffed01cb79b2a05045abb2aea4e4c8903c180932a4a5,c7efaf8d2029ed140d67b7cbfff1c23fd33e0ffcae18f285566266c063f78e1c,NEW_018,True
F_MIX_01345,270.52408163265306,BASS_SUPPORTED,743,270.6053514739229,161.49902343748434,-81.26984126984000,CONTEXT,F_MIX_01345,/Users/StarTrack/Development/JazzGrooveAnalyzer/docs/scientific/rfc/JGA_WHOLE_TRACK_GROOVE_FROZEN_PIPELINE_001_20260921/WHOLE_TRACK_JOINED_EVENTS.csv,810dead183772c6ee3c2ffed01cb79b2a05045abb2aea4e4c8903c180932a4a5,c7efaf8d2029ed140d67b7cbfff1c23fd33e0ffcae18f285566266c063f78e1c,NEW_018,True
F_MIX_01346,270.65179138322,DRUM_SUPPORTED,743,270.6053514739229,161.49902343748434,46.4399092971000,PRIMARY,F_MIX_01346,/Users/StarTrack/Development/JazzGrooveAnalyzer/docs/scientific/rfc/JGA_WHOLE_TRACK_GROOVE_FROZEN_PIPELINE_001_20260921/WHOLE_TRACK_JOINED_EVENTS.csv,810dead183772c6ee3c2ffed01cb79b2a05045abb2aea4e4c8903c180932a4a5,c7efaf8d2029ed140d67b7cbfff1c23fd33e0ffcae18f285566266c063f78e1c,NEW_018,True
F_MIX_01347,270.8607709750567,BASS_AND_DRUM_SUPPORTED,744,270.97687074829935,161.49902343750904,-116.09977324265000,PRIMARY,F_MIX_01347,/Users/StarTrack/Development/JazzGrooveAnalyzer/docs/scientific/rfc/JGA_WHOLE_TRACK_GROOVE_FROZEN_PIPELINE_001_20260921/WHOLE_TRACK_JOINED_EVENTS.csv,810dead183772c6ee3c2ffed01cb79b2a05045abb2aea4e4c8903c180932a4a5,c7efaf8d2029ed140d67b7cbfff1c23fd33e0ffcae18f285566266c063f78e1c,NEW_018,True
F_MIX_01348,271.11619047619047,DRUM_SUPPORTED,744,270.97687074829935,161.49902343750904,139.31972789112000,CONTEXT,F_MIX_01348,/Users/StarTrack/Development/JazzGrooveAnalyzer/docs/scientific/rfc/JGA_WHOLE_TRACK_GROOVE_FROZEN_PIPELINE_001_20260921/WHOLE_TRACK_JOINED_EVENTS.csv,810dead183772c6ee3c2ffed01cb79b2a05045abb2aea4e4c8903c180932a4a5,c7efaf8d2029ed140d67b7cbfff1c23fd33e0ffcae18f285566266c063f78e1c,NEW_018,True
F_MIX_01349,271.2671201814059,UNKNOWN,745,271.34839002267574,151.99908088235597,-81.26984126984000,CONTEXT,F_MIX_01349,/Users/StarTrack/Development/JazzGrooveAnalyzer/docs/scientific/rfc/JGA_WHOLE_TRACK_GROOVE_FROZEN_PIPELINE_001_20260921/WHOLE_TRACK_JOINED_EVENTS.csv,810dead183772c6ee3c2ffed01cb79b2a05045abb2aea4e4c8903c180932a4a5,c7efaf8d2029ed140d67b7cbfff1c23fd33e0ffcae18f285566266c063f78e1c,NEW_018,True
F_MIX_01350,271.36,BASS_AND_DRUM_SUPPORTED,745,271.34839002267574,151.99908088235597,11.60997732426000,PRIMARY,F_MIX_01350,/Users/StarTrack/Development/JazzGrooveAnalyzer/docs/scientific/rfc/JGA_WHOLE_TRACK_GROOVE_FROZEN_PIPELINE_001_20260921/WHOLE_TRACK_JOINED_EVENTS.csv,810dead183772c6ee3c2ffed01cb79b2a05045abb2aea4e4c8903c180932a4a5,c7efaf8d2029ed140d67b7cbfff1c23fd33e0ffcae18f285566266c063f78e1c,NEW_018,True
F_MIX_01351,271.75473922902495,DRUM_SUPPORTED,746,271.7431292517007,161.49902343750904,11.60997732425000,PRIMARY,F_MIX_01351,/Users/StarTrack/Development/JazzGrooveAnalyzer/docs/scientific/rfc/JGA_WHOLE_TRACK_GROOVE_FROZEN_PIPELINE_001_20260921/WHOLE_TRACK_JOINED_EVENTS.csv,810dead183772c6ee3c2ffed01cb79b2a05045abb2aea4e4c8903c180932a4a5,c7efaf8d2029ed140d67b7cbfff1c23fd33e0ffcae18f285566266c063f78e1c,NEW_018,True
F_MIX_01352,272.0101587301587,DRUM_SUPPORTED,747,272.1146485260771,161.49902343748434,-104.4897959184000,CONTEXT,F_MIX_01352,/Users/StarTrack/Development/JazzGrooveAnalyzer/docs/scientific/rfc/JGA_WHOLE_TRACK_GROOVE_FROZEN_PIPELINE_001_20260921/WHOLE_TRACK_JOINED_EVENTS.csv,810dead183772c6ee3c2ffed01cb79b2a05045abb2aea4e4c8903c180932a4a5,c7efaf8d2029ed140d67b7cbfff1c23fd33e0ffcae18f285566266c063f78e1c,NEW_018,True
F_MIX_01353,272.1146485260771,BASS_AND_DRUM_SUPPORTED,747,272.1146485260771,161.49902343748434,0E-13,PRIMARY,F_MIX_01353,/Users/StarTrack/Development/JazzGrooveAnalyzer/docs/scientific/rfc/JGA_WHOLE_TRACK_GROOVE_FROZEN_PIPELINE_001_20260921/WHOLE_TRACK_JOINED_EVENTS.csv,810dead183772c6ee3c2ffed01cb79b2a05045abb2aea4e4c8903c180932a4a5,c7efaf8d2029ed140d67b7cbfff1c23fd33e0ffcae18f285566266c063f78e1c,NEW_018,True
F_MIX_01354,272.19591836734696,UNKNOWN,747,272.1146485260771,161.49902343748434,81.26984126986000,CONTEXT,F_MIX_01354,/Users/StarTrack/Development/JazzGrooveAnalyzer/docs/scientific/rfc/JGA_WHOLE_TRACK_GROOVE_FROZEN_PIPELINE_001_20260921/WHOLE_TRACK_JOINED_EVENTS.csv,810dead183772c6ee3c2ffed01cb79b2a05045abb2aea4e4c8903c180932a4a5,c7efaf8d2029ed140d67b7cbfff1c23fd33e0ffcae18f285566266c063f78e1c,NEW_018,True
F_MIX_01355,272.5209977324263,DRUM_SUPPORTED,748,272.48616780045353,161.49902343750904,34.82993197277000,PRIMARY,F_MIX_01355,/Users/StarTrack/Development/JazzGrooveAnalyzer/docs/scientific/rfc/JGA_WHOLE_TRACK_GROOVE_FROZEN_PIPELINE_001_20260921/WHOLE_TRACK_JOINED_EVENTS.csv,810dead183772c6ee3c2ffed01cb79b2a05045abb2aea4e4c8903c180932a4a5,c7efaf8d2029ed140d67b7cbfff1c23fd33e0ffcae18f285566266c063f78e1c,NEW_018,True
F_MIX_01356,272.78802721088437,DRUM_SUPPORTED,749,272.8576870748299,151.99908088235597,-69.65986394553000,CONTEXT,F_MIX_01356,/Users/StarTrack/Development/JazzGrooveAnalyzer/docs/scientific/rfc/JGA_WHOLE_TRACK_GROOVE_FROZEN_PIPELINE_001_20260921/WHOLE_TRACK_JOINED_EVENTS.csv,810dead183772c6ee3c2ffed01cb79b2a05045abb2aea4e4c8903c180932a4a5,c7efaf8d2029ed140d67b7cbfff1c23fd33e0ffcae18f285566266c063f78e1c,NEW_018,True
F_MIX_01357,272.89251700680273,BASS_AND_DRUM_SUPPORTED,749,272.8576870748299,151.99908088235597,34.82993197283000,PRIMARY,F_MIX_01357,/Users/StarTrack/Development/JazzGrooveAnalyzer/docs/scientific/rfc/JGA_WHOLE_TRACK_GROOVE_FROZEN_PIPELINE_001_20260921/WHOLE_TRACK_JOINED_EVENTS.csv,810dead183772c6ee3c2ffed01cb79b2a05045abb2aea4e4c8903c180932a4a5,c7efaf8d2029ed140d67b7cbfff1c23fd33e0ffcae18f285566266c063f78e1c,NEW_018,True
F_MIX_01358,273.26403628117913,BASS_AND_DRUM_SUPPORTED,750,273.25242630385486,161.49902343748434,11.60997732427000,PRIMARY,F_MIX_01358,/Users/StarTrack/Development/JazzGrooveAnalyzer/docs/scientific/rfc/JGA_WHOLE_TRACK_GROOVE_FROZEN_PIPELINE_001_20260921/WHOLE_TRACK_JOINED_EVENTS.csv,810dead183772c6ee3c2ffed01cb79b2a05045abb2aea4e4c8903c180932a4a5,c7efaf8d2029ed140d67b7cbfff1c23fd33e0ffcae18f285566266c063f78e1c,NEW_018,True
F_MIX_01359,273.5078458049887,DRUM_SUPPORTED,751,273.6239455782313,161.49902343750904,-116.0997732426000,CONTEXT,F_MIX_01359,/Users/StarTrack/Development/JazzGrooveAnalyzer/docs/scientific/rfc/JGA_WHOLE_TRACK_GROOVE_FROZEN_PIPELINE_001_20260921/WHOLE_TRACK_JOINED_EVENTS.csv,810dead183772c6ee3c2ffed01cb79b2a05045abb2aea4e4c8903c180932a4a5,c7efaf8d2029ed140d67b7cbfff1c23fd33e0ffcae18f285566266c063f78e1c,NEW_018,True
F_MIX_01360,273.6239455782313,BASS_AND_DRUM_SUPPORTED,751,273.6239455782313,161.49902343750904,0E-13,PRIMARY,F_MIX_01360,/Users/StarTrack/Development/JazzGrooveAnalyzer/docs/scientific/rfc/JGA_WHOLE_TRACK_GROOVE_FROZEN_PIPELINE_001_20260921/WHOLE_TRACK_JOINED_EVENTS.csv,810dead183772c6ee3c2ffed01cb79b2a05045abb2aea4e4c8903c180932a4a5,c7efaf8d2029ed140d67b7cbfff1c23fd33e0ffcae18f285566266c063f78e1c,NEW_018,True
F_MIX_01361,273.89097505668934,BASS_AND_DRUM_SUPPORTED,752,273.9954648526077,161.49902343750904,-104.48979591836000,CONTEXT,F_MIX_01361,/Users/StarTrack/Development/JazzGrooveAnalyzer/docs/scientific/rfc/JGA_WHOLE_TRACK_GROOVE_FROZEN_PIPELINE_001_20260921/WHOLE_TRACK_JOINED_EVENTS.csv,810dead183772c6ee3c2ffed01cb79b2a05045abb2aea4e4c8903c180932a4a5,c7efaf8d2029ed140d67b7cbfff1c23fd33e0ffcae18f285566266c063f78e1c,NEW_018,True
F_MIX_01362,274.007074829932,BASS_AND_DRUM_SUPPORTED,752,273.9954648526077,161.49902343750904,11.6099773243000,PRIMARY,F_MIX_01362,/Users/StarTrack/Development/JazzGrooveAnalyzer/docs/scientific/rfc/JGA_WHOLE_TRACK_GROOVE_FROZEN_PIPELINE_001_20260921/WHOLE_TRACK_JOINED_EVENTS.csv,810dead183772c6ee3c2ffed01cb79b2a05045abb2aea4e4c8903c180932a4a5,c7efaf8d2029ed140d67b7cbfff1c23fd33e0ffcae18f285566266c063f78e1c,NEW_018,True
F_MIX_01363,274.27410430839,UNKNOWN,753,274.3669841269841,161.49902343748434,-92.8798185941000,CONTEXT,F_MIX_01363,/Users/StarTrack/Development/JazzGrooveAnalyzer/docs/scientific/rfc/JGA_WHOLE_TRACK_GROOVE_FROZEN_PIPELINE_001_20260921/WHOLE_TRACK_JOINED_EVENTS.csv,810dead183772c6ee3c2ffed01cb79b2a05045abb2aea4e4c8903c180932a4a5,c7efaf8d2029ed140d67b7cbfff1c23fd33e0ffcae18f285566266c063f78e1c,NEW_018,True
F_MIX_01364,274.35537414965984,BASS_AND_DRUM_SUPPORTED,753,274.3669841269841,161.49902343748434,-11.60997732426000,PRIMARY,F_MIX_01364,/Users/StarTrack/Development/JazzGrooveAnalyzer/docs/scientific/rfc/JGA_WHOLE_TRACK_GROOVE_FROZEN_PIPELINE_001_20260921/WHOLE_TRACK_JOINED_EVENTS.csv,810dead183772c6ee3c2ffed01cb79b2a05045abb2aea4e4c8903c180932a4a5,c7efaf8d2029ed140d67b7cbfff1c23fd33e0ffcae18f285566266c063f78e1c,NEW_018,True
F_MIX_01365,274.75011337868483,DRUM_SUPPORTED,754,274.73850340136056,161.49902343750904,11.60997732427000,PRIMARY,F_MIX_01365,/Users/StarTrack/Development/JazzGrooveAnalyzer/docs/scientific/rfc/JGA_WHOLE_TRACK_GROOVE_FROZEN_PIPELINE_001_20260921/WHOLE_TRACK_JOINED_EVENTS.csv,810dead183772c6ee3c2ffed01cb79b2a05045abb2aea4e4c8903c180932a4a5,c7efaf8d2029ed140d67b7cbfff1c23fd33e0ffcae18f285566266c063f78e1c,NEW_018,True
F_MIX_01366,275.01714285714286,UNKNOWN,755,275.11002267573696,161.49902343750904,-92.87981859410000,CONTEXT,F_MIX_01366,/Users/StarTrack/Development/JazzGrooveAnalyzer/docs/scientific/rfc/JGA_WHOLE_TRACK_GROOVE_FROZEN_PIPELINE_001_20260921/WHOLE_TRACK_JOINED_EVENTS.csv,810dead183772c6ee3c2ffed01cb79b2a05045abb2aea4e4c8903c180932a4a5,c7efaf8d2029ed140d67b7cbfff1c23fd33e0ffcae18f285566266c063f78e1c,NEW_018,True
F_MIX_01367,275.1216326530612,BASS_AND_DRUM_SUPPORTED,755,275.11002267573696,161.49902343750904,11.60997732424000,PRIMARY,F_MIX_01367,/Users/StarTrack/Development/JazzGrooveAnalyzer/docs/scientific/rfc/JGA_WHOLE_TRACK_GROOVE_FROZEN_PIPELINE_001_20260921/WHOLE_TRACK_JOINED_EVENTS.csv,810dead183772c6ee3c2ffed01cb79b2a05045abb2aea4e4c8903c180932a4a5,c7efaf8d2029ed140d67b7cbfff1c23fd33e0ffcae18f285566266c063f78e1c,NEW_018,True
F_MIX_01368,275.1796825396825,UNKNOWN,755,275.11002267573696,161.49902343750904,69.65986394554000,CONTEXT,F_MIX_01368,/Users/StarTrack/Development/JazzGrooveAnalyzer/docs/scientific/rfc/JGA_WHOLE_TRACK_GROOVE_FROZEN_PIPELINE_001_20260921/WHOLE_TRACK_JOINED_EVENTS.csv,810dead183772c6ee3c2ffed01cb79b2a05045abb2aea4e4c8903c180932a4a5,c7efaf8d2029ed140d67b7cbfff1c23fd33e0ffcae18f285566266c063f78e1c,NEW_018,True
F_MIX_01369,275.51637188208616,DRUM_SUPPORTED,756,275.48154195011335,161.49902343748434,34.82993197281000,PRIMARY,F_MIX_01369,/Users/StarTrack/Development/JazzGrooveAnalyzer/docs/scientific/rfc/JGA_WHOLE_TRACK_GROOVE_FROZEN_PIPELINE_001_20260921/WHOLE_TRACK_JOINED_EVENTS.csv,810dead183772c6ee3c2ffed01cb79b2a05045abb2aea4e4c8903c180932a4a5,c7efaf8d2029ed140d67b7cbfff1c23fd33e0ffcae18f285566266c063f78e1c,NEW_018,True
F_MIX_01370,275.79501133786846,UNKNOWN,757,275.8530612244898,161.49902343750904,-58.04988662134000,CONTEXT,F_MIX_01370,/Users/StarTrack/Development/JazzGrooveAnalyzer/docs/scientific/rfc/JGA_WHOLE_TRACK_GROOVE_FROZEN_PIPELINE_001_20260921/WHOLE_TRACK_JOINED_EVENTS.csv,810dead183772c6ee3c2ffed01cb79b2a05045abb2aea4e4c8903c180932a4a5,c7efaf8d2029ed140d67b7cbfff1c23fd33e0ffcae18f285566266c063f78e1c,NEW_018,True
F_MIX_01371,275.8995011337868,BASS_AND_DRUM_SUPPORTED,757,275.8530612244898,161.49902343750904,46.4399092970000,PRIMARY,F_MIX_01371,/Users/StarTrack/Development/JazzGrooveAnalyzer/docs/scientific/rfc/JGA_WHOLE_TRACK_GROOVE_FROZEN_PIPELINE_001_20260921/WHOLE_TRACK_JOINED_EVENTS.csv,810dead183772c6ee3c2ffed01cb79b2a05045abb2aea4e4c8903c180932a4a5,c7efaf8d2029ed140d67b7cbfff1c23fd33e0ffcae18f285566266c063f78e1c,NEW_018,True
F_MIX_01372,276.259410430839,DRUM_SUPPORTED,758,276.2245804988662,161.49902343748434,34.8299319728000,PRIMARY,F_MIX_01372,/Users/StarTrack/Development/JazzGrooveAnalyzer/docs/scientific/rfc/JGA_WHOLE_TRACK_GROOVE_FROZEN_PIPELINE_001_20260921/WHOLE_TRACK_JOINED_EVENTS.csv,810dead183772c6ee3c2ffed01cb79b2a05045abb2aea4e4c8903c180932a4a5,c7efaf8d2029ed140d67b7cbfff1c23fd33e0ffcae18f285566266c063f78e1c,NEW_018,True
F_MIX_01373,276.52643990929704,UNKNOWN,759,276.59609977324266,161.49902343750904,-69.65986394562000,CONTEXT,F_MIX_01373,/Users/StarTrack/Development/JazzGrooveAnalyzer/docs/scientific/rfc/JGA_WHOLE_TRACK_GROOVE_FROZEN_PIPELINE_001_20260921/WHOLE_TRACK_JOINED_EVENTS.csv,810dead183772c6ee3c2ffed01cb79b2a05045abb2aea4e4c8903c180932a4a5,c7efaf8d2029ed140d67b7cbfff1c23fd33e0ffcae18f285566266c063f78e1c,NEW_018,True
F_MIX_01374,276.6309297052154,BASS_AND_DRUM_SUPPORTED,759,276.59609977324266,161.49902343750904,34.82993197274000,PRIMARY,F_MIX_01374,/Users/StarTrack/Development/JazzGrooveAnalyzer/docs/scientific/rfc/JGA_WHOLE_TRACK_GROOVE_FROZEN_PIPELINE_001_20260921/WHOLE_TRACK_JOINED_EVENTS.csv,810dead183772c6ee3c2ffed01cb79b2a05045abb2aea4e4c8903c180932a4a5,c7efaf8d2029ed140d67b7cbfff1c23fd33e0ffcae18f285566266c063f78e1c,NEW_018,True
F_MIX_01375,276.9095691609977,DRUM_SUPPORTED,760,276.96761904761905,161.49902343750904,-58.04988662135000,CONTEXT,F_MIX_01375,/Users/StarTrack/Development/JazzGrooveAnalyzer/docs/scientific/rfc/JGA_WHOLE_TRACK_GROOVE_FROZEN_PIPELINE_001_20260921/WHOLE_TRACK_JOINED_EVENTS.csv,810dead183772c6ee3c2ffed01cb79b2a05045abb2aea4e4c8903c180932a4a5,c7efaf8d2029ed140d67b7cbfff1c23fd33e0ffcae18f285566266c063f78e1c,NEW_018,True
F_MIX_01376,277.0140589569161,DRUM_SUPPORTED,760,276.96761904761905,161.49902343750904,46.43990929705000,PRIMARY,F_MIX_01376,/Users/StarTrack/Development/JazzGrooveAnalyzer/docs/scientific/rfc/JGA_WHOLE_TRACK_GROOVE_FROZEN_PIPELINE_001_20260921/WHOLE_TRACK_JOINED_EVENTS.csv,810dead183772c6ee3c2ffed01cb79b2a05045abb2aea4e4c8903c180932a4a5,c7efaf8d2029ed140d67b7cbfff1c23fd33e0ffcae18f285566266c063f78e1c,NEW_018,True
F_MIX_01377,277.2694784580499,DRUM_SUPPORTED,761,277.33913832199545,161.49902343748434,-69.65986394555000,CONTEXT,F_MIX_01377,/Users/StarTrack/Development/JazzGrooveAnalyzer/docs/scientific/rfc/JGA_WHOLE_TRACK_GROOVE_FROZEN_PIPELINE_001_20260921/WHOLE_TRACK_JOINED_EVENTS.csv,810dead183772c6ee3c2ffed01cb79b2a05045abb2aea4e4c8903c180932a4a5,c7efaf8d2029ed140d67b7cbfff1c23fd33e0ffcae18f285566266c063f78e1c,NEW_018,True
F_MIX_01378,277.362358276644,BASS_AND_DRUM_SUPPORTED,761,277.33913832199545,161.49902343748434,23.21995464855000,PRIMARY,F_MIX_01378,/Users/StarTrack/Development/JazzGrooveAnalyzer/docs/scientific/rfc/JGA_WHOLE_TRACK_GROOVE_FROZEN_PIPELINE_001_20260921/WHOLE_TRACK_JOINED_EVENTS.csv,810dead183772c6ee3c2ffed01cb79b2a05045abb2aea4e4c8903c180932a4a5,c7efaf8d2029ed140d67b7cbfff1c23fd33e0ffcae18f285566266c063f78e1c,NEW_018,True
F_MIX_01379,277.74548752834465,DRUM_SUPPORTED,762,277.7106575963719,161.49902343750904,34.82993197275000,PRIMARY,F_MIX_01379,/Users/StarTrack/Development/JazzGrooveAnalyzer/docs/scientific/rfc/JGA_WHOLE_TRACK_GROOVE_FROZEN_PIPELINE_001_20260921/WHOLE_TRACK_JOINED_EVENTS.csv,810dead183772c6ee3c2ffed01cb79b2a05045abb2aea4e4c8903c180932a4a5,c7efaf8d2029ed140d67b7cbfff1c23fd33e0ffcae18f285566266c063f78e1c,NEW_018,True
F_MIX_01380,278.00090702947847,UNKNOWN,763,278.0821768707483,161.49902343750904,-81.26984126983000,CONTEXT,F_MIX_01380,/Users/StarTrack/Development/JazzGrooveAnalyzer/docs/scientific/rfc/JGA_WHOLE_TRACK_GROOVE_FROZEN_PIPELINE_001_20260921/WHOLE_TRACK_JOINED_EVENTS.csv,810dead183772c6ee3c2ffed01cb79b2a05045abb2aea4e4c8903c180932a4a5,c7efaf8d2029ed140d67b7cbfff1c23fd33e0ffcae18f285566266c063f78e1c,NEW_018,True
F_MIX_01381,278.10539682539684,DRUM_SUPPORTED,763,278.0821768707483,161.49902343750904,23.21995464854000,PRIMARY,F_MIX_01381,/Users/StarTrack/Development/JazzGrooveAnalyzer/docs/scientific/rfc/JGA_WHOLE_TRACK_GROOVE_FROZEN_PIPELINE_001_20260921/WHOLE_TRACK_JOINED_EVENTS.csv,810dead183772c6ee3c2ffed01cb79b2a05045abb2aea4e4c8903c180932a4a5,c7efaf8d2029ed140d67b7cbfff1c23fd33e0ffcae18f285566266c063f78e1c,NEW_018,True
F_MIX_01382,278.4885260770975,DRUM_SUPPORTED,764,278.4536961451247,161.49902343748434,34.8299319728000,PRIMARY,F_MIX_01382,/Users/StarTrack/Development/JazzGrooveAnalyzer/docs/scientific/rfc/JGA_WHOLE_TRACK_GROOVE_FROZEN_PIPELINE_001_20260921/WHOLE_TRACK_JOINED_EVENTS.csv,810dead183772c6ee3c2ffed01cb79b2a05045abb2aea4e4c8903c180932a4a5,c7efaf8d2029ed140d67b7cbfff1c23fd33e0ffcae18f285566266c063f78e1c,NEW_018,True
F_MIX_01383,278.7439455782313,DRUM_SUPPORTED,765,278.82521541950115,161.49902343750904,-81.26984126985000,CONTEXT,F_MIX_01383,/Users/StarTrack/Development/JazzGrooveAnalyzer/docs/scientific/rfc/JGA_WHOLE_TRACK_GROOVE_FROZEN_PIPELINE_001_20260921/WHOLE_TRACK_JOINED_EVENTS.csv,810dead183772c6ee3c2ffed01cb79b2a05045abb2aea4e4c8903c180932a4a5,c7efaf8d2029ed140d67b7cbfff1c23fd33e0ffcae18f285566266c063f78e1c,NEW_018,True
F_MIX_01384,278.8484353741497,BASS_AND_DRUM_SUPPORTED,765,278.82521541950115,161.49902343750904,23.21995464855000,PRIMARY,F_MIX_01384,/Users/StarTrack/Development/JazzGrooveAnalyzer/docs/scientific/rfc/JGA_WHOLE_TRACK_GROOVE_FROZEN_PIPELINE_001_20260921/WHOLE_TRACK_JOINED_EVENTS.csv,810dead183772c6ee3c2ffed01cb79b2a05045abb2aea4e4c8903c180932a4a5,c7efaf8d2029ed140d67b7cbfff1c23fd33e0ffcae18f285566266c063f78e1c,NEW_018,True
F_MIX_01385,279.1154648526077,UNKNOWN,766,279.19673469387754,161.49902343750904,-81.26984126984000,CONTEXT,F_MIX_01385,/Users/StarTrack/Development/JazzGrooveAnalyzer/docs/scientific/rfc/JGA_WHOLE_TRACK_GROOVE_FROZEN_PIPELINE_001_20260921/WHOLE_TRACK_JOINED_EVENTS.csv,810dead183772c6ee3c2ffed01cb79b2a05045abb2aea4e4c8903c180932a4a5,c7efaf8d2029ed140d67b7cbfff1c23fd33e0ffcae18f285566266c063f78e1c,NEW_018,True
F_MIX_01386,279.23156462585035,DRUM_SUPPORTED,766,279.19673469387754,161.49902343750904,34.82993197281000,PRIMARY,F_MIX_01386,/Users/StarTrack/Development/JazzGrooveAnalyzer/docs/scientific/rfc/JGA_WHOLE_TRACK_GROOVE_FROZEN_PIPELINE_001_20260921/WHOLE_TRACK_JOINED_EVENTS.csv,810dead183772c6ee3c2ffed01cb79b2a05045abb2aea4e4c8903c180932a4a5,c7efaf8d2029ed140d67b7cbfff1c23fd33e0ffcae18f285566266c063f78e1c,NEW_018,True
F_MIX_01387,279.4869841269841,UNKNOWN,767,279.56825396825394,161.49902343748434,-81.26984126984000,CONTEXT,F_MIX_01387,/Users/StarTrack/Development/JazzGrooveAnalyzer/docs/scientific/rfc/JGA_WHOLE_TRACK_GROOVE_FROZEN_PIPELINE_001_20260921/WHOLE_TRACK_JOINED_EVENTS.csv,810dead183772c6ee3c2ffed01cb79b2a05045abb2aea4e4c8903c180932a4a5,c7efaf8d2029ed140d67b7cbfff1c23fd33e0ffcae18f285566266c063f78e1c,NEW_018,True
F_MIX_01388,279.5798639455782,DRUM_SUPPORTED,767,279.56825396825394,161.49902343748434,11.60997732426000,PRIMARY,F_MIX_01388,/Users/StarTrack/Development/JazzGrooveAnalyzer/docs/scientific/rfc/JGA_WHOLE_TRACK_GROOVE_FROZEN_PIPELINE_001_20260921/WHOLE_TRACK_JOINED_EVENTS.csv,810dead183772c6ee3c2ffed01cb79b2a05045abb2aea4e4c8903c180932a4a5,c7efaf8d2029ed140d67b7cbfff1c23fd33e0ffcae18f285566266c063f78e1c,NEW_018,True
F_MIX_01389,279.8468934240363,UNKNOWN,768,279.9397732426304,161.49902343750904,-92.8798185941000,CONTEXT,F_MIX_01389,/Users/StarTrack/Development/JazzGrooveAnalyzer/docs/scientific/rfc/JGA_WHOLE_TRACK_GROOVE_FROZEN_PIPELINE_001_20260921/WHOLE_TRACK_JOINED_EVENTS.csv,810dead183772c6ee3c2ffed01cb79b2a05045abb2aea4e4c8903c180932a4a5,c7efaf8d2029ed140d67b7cbfff1c23fd33e0ffcae18f285566266c063f78e1c,NEW_018,True
F_MIX_01390,279.97460317460315,DRUM_SUPPORTED,768,279.9397732426304,161.49902343750904,34.82993197275000,PRIMARY,F_MIX_01390,/Users/StarTrack/Development/JazzGrooveAnalyzer/docs/scientific/rfc/JGA_WHOLE_TRACK_GROOVE_FROZEN_PIPELINE_001_20260921/WHOLE_TRACK_JOINED_EVENTS.csv,810dead183772c6ee3c2ffed01cb79b2a05045abb2aea4e4c8903c180932a4a5,c7efaf8d2029ed140d67b7cbfff1c23fd33e0ffcae18f285566266c063f78e1c,NEW_018,True
F_MIX_01391,280.2532426303855,UNKNOWN,769,280.3112925170068,161.49902343748434,-58.0498866213000,CONTEXT,F_MIX_01391,/Users/StarTrack/Development/JazzGrooveAnalyzer/docs/scientific/rfc/JGA_WHOLE_TRACK_GROOVE_FROZEN_PIPELINE_001_20260921/WHOLE_TRACK_JOINED_EVENTS.csv,810dead183772c6ee3c2ffed01cb79b2a05045abb2aea4e4c8903c180932a4a5,c7efaf8d2029ed140d67b7cbfff1c23fd33e0ffcae18f285566266c063f78e1c,NEW_018,True
F_MIX_01392,280.3112925170068,DRUM_SUPPORTED,769,280.3112925170068,161.49902343748434,0E-13,PRIMARY,F_MIX_01392,/Users/StarTrack/Development/JazzGrooveAnalyzer/docs/scientific/rfc/JGA_WHOLE_TRACK_GROOVE_FROZEN_PIPELINE_001_20260921/WHOLE_TRACK_JOINED_EVENTS.csv,810dead183772c6ee3c2ffed01cb79b2a05045abb2aea4e4c8903c180932a4a5,c7efaf8d2029ed140d67b7cbfff1c23fd33e0ffcae18f285566266c063f78e1c,NEW_018,True
F_MIX_01393,280.7060317460317,DRUM_SUPPORTED,770,280.68281179138324,161.49902343750904,23.21995464846000,PRIMARY,F_MIX_01393,/Users/StarTrack/Development/JazzGrooveAnalyzer/docs/scientific/rfc/JGA_WHOLE_TRACK_GROOVE_FROZEN_PIPELINE_001_20260921/WHOLE_TRACK_JOINED_EVENTS.csv,810dead183772c6ee3c2ffed01cb79b2a05045abb2aea4e4c8903c180932a4a5,c7efaf8d2029ed140d67b7cbfff1c23fd33e0ffcae18f285566266c063f78e1c,NEW_018,True
F_MIX_01394,281.0659410430839,DRUM_SUPPORTED,771,281.05433106575964,161.49902343750904,11.60997732426000,PRIMARY,F_MIX_01394,/Users/StarTrack/Development/JazzGrooveAnalyzer/docs/scientific/rfc/JGA_WHOLE_TRACK_GROOVE_FROZEN_PIPELINE_001_20260921/WHOLE_TRACK_JOINED_EVENTS.csv,810dead183772c6ee3c2ffed01cb79b2a05045abb2aea4e4c8903c180932a4a5,c7efaf8d2029ed140d67b7cbfff1c23fd33e0ffcae18f285566266c063f78e1c,NEW_018,True
F_MIX_01395,281.2633106575964,UNKNOWN,772,281.42585034013604,161.49902343748434,-162.53968253964000,CONTEXT,F_MIX_01395,/Users/StarTrack/Development/JazzGrooveAnalyzer/docs/scientific/rfc/JGA_WHOLE_TRACK_GROOVE_FROZEN_PIPELINE_001_20260921/WHOLE_TRACK_JOINED_EVENTS.csv,810dead183772c6ee3c2ffed01cb79b2a05045abb2aea4e4c8903c180932a4a5,c7efaf8d2029ed140d67b7cbfff1c23fd33e0ffcae18f285566266c063f78e1c,NEW_018,True
F_MIX_01396,281.4374603174603,DRUM_SUPPORTED,772,281.42585034013604,161.49902343748434,11.60997732426000,PRIMARY,F_MIX_01396,/Users/StarTrack/Development/JazzGrooveAnalyzer/docs/scientific/rfc/JGA_WHOLE_TRACK_GROOVE_FROZEN_PIPELINE_001_20260921/WHOLE_TRACK_JOINED_EVENTS.csv,810dead183772c6ee3c2ffed01cb79b2a05045abb2aea4e4c8903c180932a4a5,c7efaf8d2029ed140d67b7cbfff1c23fd33e0ffcae18f285566266c063f78e1c,NEW_018,True
F_MIX_01397,281.7625396825397,UNKNOWN,773,281.7973696145125,161.49902343750904,-34.8299319728000,CONTEXT,F_MIX_01397,/Users/StarTrack/Development/JazzGrooveAnalyzer/docs/scientific/rfc/JGA_WHOLE_TRACK_GROOVE_FROZEN_PIPELINE_001_20260921/WHOLE_TRACK_JOINED_EVENTS.csv,810dead183772c6ee3c2ffed01cb79b2a05045abb2aea4e4c8903c180932a4a5,c7efaf8d2029ed140d67b7cbfff1c23fd33e0ffcae18f285566266c063f78e1c,NEW_018,True
F_MIX_01398,281.80897959183676,DRUM_SUPPORTED,773,281.7973696145125,161.49902343750904,11.60997732426000,PRIMARY,F_MIX_01398,/Users/StarTrack/Development/JazzGrooveAnalyzer/docs/scientific/rfc/JGA_WHOLE_TRACK_GROOVE_FROZEN_PIPELINE_001_20260921/WHOLE_TRACK_JOINED_EVENTS.csv,810dead183772c6ee3c2ffed01cb79b2a05045abb2aea4e4c8903c180932a4a5,c7efaf8d2029ed140d67b7cbfff1c23fd33e0ffcae18f285566266c063f78e1c,NEW_018,True
F_MIX_01399,282.18049886621316,DRUM_SUPPORTED,774,282.1688888888889,161.49902343750904,11.60997732426000,PRIMARY,F_MIX_01399,/Users/StarTrack/Development/JazzGrooveAnalyzer/docs/scientific/rfc/JGA_WHOLE_TRACK_GROOVE_FROZEN_PIPELINE_001_20260921/WHOLE_TRACK_JOINED_EVENTS.csv,810dead183772c6ee3c2ffed01cb79b2a05045abb2aea4e4c8903c180932a4a5,c7efaf8d2029ed140d67b7cbfff1c23fd33e0ffcae18f285566266c063f78e1c,NEW_018,True
F_MIX_01400,282.5404081632653,DRUM_SUPPORTED,775,282.5404081632653,161.49902343748434,0E-13,PRIMARY,F_MIX_01400,/Users/StarTrack/Development/JazzGrooveAnalyzer/docs/scientific/rfc/JGA_WHOLE_TRACK_GROOVE_FROZEN_PIPELINE_001_20260921/WHOLE_TRACK_JOINED_EVENTS.csv,810dead183772c6ee3c2ffed01cb79b2a05045abb2aea4e4c8903c180932a4a5,c7efaf8d2029ed140d67b7cbfff1c23fd33e0ffcae18f285566266c063f78e1c,NEW_018,True
F_MIX_01401,282.8538775510204,UNKNOWN,776,282.91192743764174,161.49902343750904,-58.04988662134000,CONTEXT,F_MIX_01401,/Users/StarTrack/Development/JazzGrooveAnalyzer/docs/scientific/rfc/JGA_WHOLE_TRACK_GROOVE_FROZEN_PIPELINE_001_20260921/WHOLE_TRACK_JOINED_EVENTS.csv,810dead183772c6ee3c2ffed01cb79b2a05045abb2aea4e4c8903c180932a4a5,c7efaf8d2029ed140d67b7cbfff1c23fd33e0ffcae18f285566266c063f78e1c,NEW_018,True
F_MIX_01402,282.91192743764174,DRUM_SUPPORTED,776,282.91192743764174,161.49902343750904,0E-14,PRIMARY,F_MIX_01402,/Users/StarTrack/Development/JazzGrooveAnalyzer/docs/scientific/rfc/JGA_WHOLE_TRACK_GROOVE_FROZEN_PIPELINE_001_20260921/WHOLE_TRACK_JOINED_EVENTS.csv,810dead183772c6ee3c2ffed01cb79b2a05045abb2aea4e4c8903c180932a4a5,c7efaf8d2029ed140d67b7cbfff1c23fd33e0ffcae18f285566266c063f78e1c,NEW_018,True
F_MIX_01403,283.17895691609976,UNKNOWN,777,283.28344671201813,161.49902343750904,-104.48979591837000,CONTEXT,F_MIX_01403,/Users/StarTrack/Development/JazzGrooveAnalyzer/docs/scientific/rfc/JGA_WHOLE_TRACK_GROOVE_FROZEN_PIPELINE_001_20260921/WHOLE_TRACK_JOINED_EVENTS.csv,810dead183772c6ee3c2ffed01cb79b2a05045abb2aea4e4c8903c180932a4a5,c7efaf8d2029ed140d67b7cbfff1c23fd33e0ffcae18f285566266c063f78e1c,NEW_018,True
F_MIX_01404,283.2137868480726,UNKNOWN,777,283.28344671201813,161.49902343750904,-69.65986394553000,CONTEXT,F_MIX_01404,/Users/StarTrack/Development/JazzGrooveAnalyzer/docs/scientific/rfc/JGA_WHOLE_TRACK_GROOVE_FROZEN_PIPELINE_001_20260921/WHOLE_TRACK_JOINED_EVENTS.csv,810dead183772c6ee3c2ffed01cb79b2a05045abb2aea4e4c8903c180932a4a5,c7efaf8d2029ed140d67b7cbfff1c23fd33e0ffcae18f285566266c063f78e1c,NEW_018,True
F_MIX_01405,283.2950566893424,BASS_AND_DRUM_SUPPORTED,777,283.28344671201813,161.49902343750904,11.60997732427000,PRIMARY,F_MIX_01405,/Users/StarTrack/Development/JazzGrooveAnalyzer/docs/scientific/rfc/JGA_WHOLE_TRACK_GROOVE_FROZEN_PIPELINE_001_20260921/WHOLE_TRACK_JOINED_EVENTS.csv,810dead183772c6ee3c2ffed01cb79b2a05045abb2aea4e4c8903c180932a4a5,c7efaf8d2029ed140d67b7cbfff1c23fd33e0ffcae18f285566266c063f78e1c,NEW_018,True
F_MIX_01406,283.4227664399093,UNKNOWN,777,283.28344671201813,161.49902343750904,139.31972789117000,CONTEXT,F_MIX_01406,/Users/StarTrack/Development/JazzGrooveAnalyzer/docs/scientific/rfc/JGA_WHOLE_TRACK_GROOVE_FROZEN_PIPELINE_001_20260921/WHOLE_TRACK_JOINED_EVENTS.csv,810dead183772c6ee3c2ffed01cb79b2a05045abb2aea4e4c8903c180932a4a5,c7efaf8d2029ed140d67b7cbfff1c23fd33e0ffcae18f285566266c063f78e1c,NEW_018,True
F_MIX_01407,283.58530612244897,UNKNOWN,778,283.65496598639453,161.49902343748434,-69.65986394556000,CONTEXT,F_MIX_01407,/Users/StarTrack/Development/JazzGrooveAnalyzer/docs/scientific/rfc/JGA_WHOLE_TRACK_GROOVE_FROZEN_PIPELINE_001_20260921/WHOLE_TRACK_JOINED_EVENTS.csv,810dead183772c6ee3c2ffed01cb79b2a05045abb2aea4e4c8903c180932a4a5,c7efaf8d2029ed140d67b7cbfff1c23fd33e0ffcae18f285566266c063f78e1c,NEW_018,True
F_MIX_01408,283.6433560090703,BASS_AND_DRUM_SUPPORTED,778,283.65496598639453,161.49902343748434,-11.60997732423000,PRIMARY,F_MIX_01408,/Users/StarTrack/Development/JazzGrooveAnalyzer/docs/scientific/rfc/JGA_WHOLE_TRACK_GROOVE_FROZEN_PIPELINE_001_20260921/WHOLE_TRACK_JOINED_EVENTS.csv,810dead183772c6ee3c2ffed01cb79b2a05045abb2aea4e4c8903c180932a4a5,c7efaf8d2029ed140d67b7cbfff1c23fd33e0ffcae18f285566266c063f78e1c,NEW_018,True
F_MIX_01409,283.9568253968254,UNKNOWN,779,284.026485260771,172.26562500001668,-69.6598639456000,CONTEXT,F_MIX_01409,/Users/StarTrack/Development/JazzGrooveAnalyzer/docs/scientific/rfc/JGA_WHOLE_TRACK_GROOVE_FROZEN_PIPELINE_001_20260921/WHOLE_TRACK_JOINED_EVENTS.csv,810dead183772c6ee3c2ffed01cb79b2a05045abb2aea4e4c8903c180932a4a5,c7efaf8d2029ed140d67b7cbfff1c23fd33e0ffcae18f285566266c063f78e1c,NEW_018,True
F_MIX_01410,284.0148752834467,BASS_AND_DRUM_SUPPORTED,779,284.026485260771,172.26562500001668,-11.6099773243000,PRIMARY,F_MIX_01410,/Users/StarTrack/Development/JazzGrooveAnalyzer/docs/scientific/rfc/JGA_WHOLE_TRACK_GROOVE_FROZEN_PIPELINE_001_20260921/WHOLE_TRACK_JOINED_EVENTS.csv,810dead183772c6ee3c2ffed01cb79b2a05045abb2aea4e4c8903c180932a4a5,c7efaf8d2029ed140d67b7cbfff1c23fd33e0ffcae18f285566266c063f78e1c,NEW_018,True
F_MIX_01411,284.3051247165533,UNKNOWN,780,284.37478458049884,161.49902343748434,-69.65986394554000,CONTEXT,F_MIX_01411,/Users/StarTrack/Development/JazzGrooveAnalyzer/docs/scientific/rfc/JGA_WHOLE_TRACK_GROOVE_FROZEN_PIPELINE_001_20260921/WHOLE_TRACK_JOINED_EVENTS.csv,810dead183772c6ee3c2ffed01cb79b2a05045abb2aea4e4c8903c180932a4a5,c7efaf8d2029ed140d67b7cbfff1c23fd33e0ffcae18f285566266c063f78e1c,NEW_018,True
F_MIX_01412,284.3863945578231,BASS_AND_DRUM_SUPPORTED,780,284.37478458049884,161.49902343748434,11.60997732426000,PRIMARY,F_MIX_01412,/Users/StarTrack/Development/JazzGrooveAnalyzer/docs/scientific/rfc/JGA_WHOLE_TRACK_GROOVE_FROZEN_PIPELINE_001_20260921/WHOLE_TRACK_JOINED_EVENTS.csv,810dead183772c6ee3c2ffed01cb79b2a05045abb2aea4e4c8903c180932a4a5,c7efaf8d2029ed140d67b7cbfff1c23fd33e0ffcae18f285566266c063f78e1c,NEW_018,True
F_MIX_01413,284.67664399092973,UNKNOWN,781,284.7463038548753,161.49902343750904,-69.65986394557000,CONTEXT,F_MIX_01413,/Users/StarTrack/Development/JazzGrooveAnalyzer/docs/scientific/rfc/JGA_WHOLE_TRACK_GROOVE_FROZEN_PIPELINE_001_20260921/WHOLE_TRACK_JOINED_EVENTS.csv,810dead183772c6ee3c2ffed01cb79b2a05045abb2aea4e4c8903c180932a4a5,c7efaf8d2029ed140d67b7cbfff1c23fd33e0ffcae18f285566266c063f78e1c,NEW_018,True
F_MIX_01414,284.7463038548753,BASS_AND_DRUM_SUPPORTED,781,284.7463038548753,161.49902343750904,0E-13,PRIMARY,F_MIX_01414,/Users/StarTrack/Development/JazzGrooveAnalyzer/docs/scientific/rfc/JGA_WHOLE_TRACK_GROOVE_FROZEN_PIPELINE_001_20260921/WHOLE_TRACK_JOINED_EVENTS.csv,810dead183772c6ee3c2ffed01cb79b2a05045abb2aea4e4c8903c180932a4a5,c7efaf8d2029ed140d67b7cbfff1c23fd33e0ffcae18f285566266c063f78e1c,NEW_018,True
F_MIX_01415,285.0597732426304,DRUM_SUPPORTED,782,285.1178231292517,161.49902343748434,-58.0498866213000,CONTEXT,F_MIX_01415,/Users/StarTrack/Development/JazzGrooveAnalyzer/docs/scientific/rfc/JGA_WHOLE_TRACK_GROOVE_FROZEN_PIPELINE_001_20260921/WHOLE_TRACK_JOINED_EVENTS.csv,810dead183772c6ee3c2ffed01cb79b2a05045abb2aea4e4c8903c180932a4a5,c7efaf8d2029ed140d67b7cbfff1c23fd33e0ffcae18f285566266c063f78e1c,NEW_019,True
F_MIX_01416,285.1062131519274,DRUM_SUPPORTED,782,285.1178231292517,161.49902343748434,-11.6099773243000,PRIMARY,F_MIX_01416,/Users/StarTrack/Development/JazzGrooveAnalyzer/docs/scientific/rfc/JGA_WHOLE_TRACK_GROOVE_FROZEN_PIPELINE_001_20260921/WHOLE_TRACK_JOINED_EVENTS.csv,810dead183772c6ee3c2ffed01cb79b2a05045abb2aea4e4c8903c180932a4a5,c7efaf8d2029ed140d67b7cbfff1c23fd33e0ffcae18f285566266c063f78e1c,NEW_019,True
F_MIX_01417,285.4777324263039,DRUM_SUPPORTED,783,285.48934240362814,161.49902343750904,-11.60997732424000,PRIMARY,F_MIX_01417,/Users/StarTrack/Development/JazzGrooveAnalyzer/docs/scientific/rfc/JGA_WHOLE_TRACK_GROOVE_FROZEN_PIPELINE_001_20260921/WHOLE_TRACK_JOINED_EVENTS.csv,810dead183772c6ee3c2ffed01cb79b2a05045abb2aea4e4c8903c180932a4a5,c7efaf8d2029ed140d67b7cbfff1c23fd33e0ffcae18f285566266c063f78e1c,NEW_019,True
F_MIX_01418,285.75637188208617,UNKNOWN,784,285.86086167800454,161.49902343750904,-104.48979591837000,CONTEXT,F_MIX_01418,/Users/StarTrack/Development/JazzGrooveAnalyzer/docs/scientific/rfc/JGA_WHOLE_TRACK_GROOVE_FROZEN_PIPELINE_001_20260921/WHOLE_TRACK_JOINED_EVENTS.csv,810dead183772c6ee3c2ffed01cb79b2a05045abb2aea4e4c8903c180932a4a5,c7efaf8d2029ed140d67b7cbfff1c23fd33e0ffcae18f285566266c063f78e1c,NEW_019,True
F_MIX_01419,285.84925170068027,DRUM_SUPPORTED,784,285.86086167800454,161.49902343750904,-11.60997732427000,PRIMARY,F_MIX_01419,/Users/StarTrack/Development/JazzGrooveAnalyzer/docs/scientific/rfc/JGA_WHOLE_TRACK_GROOVE_FROZEN_PIPELINE_001_20260921/WHOLE_TRACK_JOINED_EVENTS.csv,810dead183772c6ee3c2ffed01cb79b2a05045abb2aea4e4c8903c180932a4a5,c7efaf8d2029ed140d67b7cbfff1c23fd33e0ffcae18f285566266c063f78e1c,NEW_019,True
F_MIX_01420,286.20916099773245,DRUM_SUPPORTED,785,286.23238095238094,172.26562499998857,-23.21995464849000,PRIMARY,F_MIX_01420,/Users/StarTrack/Development/JazzGrooveAnalyzer/docs/scientific/rfc/JGA_WHOLE_TRACK_GROOVE_FROZEN_PIPELINE_001_20260921/WHOLE_TRACK_JOINED_EVENTS.csv,810dead183772c6ee3c2ffed01cb79b2a05045abb2aea4e4c8903c180932a4a5,c7efaf8d2029ed140d67b7cbfff1c23fd33e0ffcae18f285566266c063f78e1c,NEW_019,True
F_MIX_01421,286.2556009070295,UNKNOWN,785,286.23238095238094,172.26562499998857,23.21995464856000,CONTEXT,F_MIX_01421,/Users/StarTrack/Development/JazzGrooveAnalyzer/docs/scientific/rfc/JGA_WHOLE_TRACK_GROOVE_FROZEN_PIPELINE_001_20260921/WHOLE_TRACK_JOINED_EVENTS.csv,810dead183772c6ee3c2ffed01cb79b2a05045abb2aea4e4c8903c180932a4a5,c7efaf8d2029ed140d67b7cbfff1c23fd33e0ffcae18f285566266c063f78e1c,NEW_019,True
F_MIX_01422,286.5690702947846,DRUM_SUPPORTED,786,286.58068027210885,161.49902343750904,-11.60997732425000,PRIMARY,F_MIX_01422,/Users/StarTrack/Development/JazzGrooveAnalyzer/docs/scientific/rfc/JGA_WHOLE_TRACK_GROOVE_FROZEN_PIPELINE_001_20260921/WHOLE_TRACK_JOINED_EVENTS.csv,810dead183772c6ee3c2ffed01cb79b2a05045abb2aea4e4c8903c180932a4a5,c7efaf8d2029ed140d67b7cbfff1c23fd33e0ffcae18f285566266c063f78e1c,NEW_019,True
F_MIX_01423,286.85931972789115,UNKNOWN,787,286.95219954648525,172.26562499998857,-92.87981859410000,CONTEXT,F_MIX_01423,/Users/StarTrack/Development/JazzGrooveAnalyzer/docs/scientific/rfc/JGA_WHOLE_TRACK_GROOVE_FROZEN_PIPELINE_001_20260921/WHOLE_TRACK_JOINED_EVENTS.csv,810dead183772c6ee3c2ffed01cb79b2a05045abb2aea4e4c8903c180932a4a5,c7efaf8d2029ed140d67b7cbfff1c23fd33e0ffcae18f285566266c063f78e1c,NEW_019,True
F_MIX_01424,286.940589569161,DRUM_SUPPORTED,787,286.95219954648525,172.26562499998857,-11.60997732425000,PRIMARY,F_MIX_01424,/Users/StarTrack/Development/JazzGrooveAnalyzer/docs/scientific/rfc/JGA_WHOLE_TRACK_GROOVE_FROZEN_PIPELINE_001_20260921/WHOLE_TRACK_JOINED_EVENTS.csv,810dead183772c6ee3c2ffed01cb79b2a05045abb2aea4e4c8903c180932a4a5,c7efaf8d2029ed140d67b7cbfff1c23fd33e0ffcae18f285566266c063f78e1c,NEW_019,True
F_MIX_01425,287.0915192743764,UNKNOWN,787,286.95219954648525,172.26562499998857,139.31972789115000,CONTEXT,F_MIX_01425,/Users/StarTrack/Development/JazzGrooveAnalyzer/docs/scientific/rfc/JGA_WHOLE_TRACK_GROOVE_FROZEN_PIPELINE_001_20260921/WHOLE_TRACK_JOINED_EVENTS.csv,810dead183772c6ee3c2ffed01cb79b2a05045abb2aea4e4c8903c180932a4a5,c7efaf8d2029ed140d67b7cbfff1c23fd33e0ffcae18f285566266c063f78e1c,NEW_019,True
F_MIX_01426,287.2888888888889,DRUM_SUPPORTED,788,287.30049886621316,161.49902343750904,-11.60997732426000,PRIMARY,F_MIX_01426,/Users/StarTrack/Development/JazzGrooveAnalyzer/docs/scientific/rfc/JGA_WHOLE_TRACK_GROOVE_FROZEN_PIPELINE_001_20260921/WHOLE_TRACK_JOINED_EVENTS.csv,810dead183772c6ee3c2ffed01cb79b2a05045abb2aea4e4c8903c180932a4a5,c7efaf8d2029ed140d67b7cbfff1c23fd33e0ffcae18f285566266c063f78e1c,NEW_019,True
F_MIX_01427,287.3237188208617,DRUM_SUPPORTED,788,287.30049886621316,161.49902343750904,23.21995464854000,CONTEXT,F_MIX_01427,/Users/StarTrack/Development/JazzGrooveAnalyzer/docs/scientific/rfc/JGA_WHOLE_TRACK_GROOVE_FROZEN_PIPELINE_001_20260921/WHOLE_TRACK_JOINED_EVENTS.csv,810dead183772c6ee3c2ffed01cb79b2a05045abb2aea4e4c8903c180932a4a5,c7efaf8d2029ed140d67b7cbfff1c23fd33e0ffcae18f285566266c063f78e1c,NEW_019,True
F_MIX_01428,287.67201814058956,DRUM_SUPPORTED,789,287.67201814058956,172.26562499998857,0E-14,PRIMARY,F_MIX_01428,/Users/StarTrack/Development/JazzGrooveAnalyzer/docs/scientific/rfc/JGA_WHOLE_TRACK_GROOVE_FROZEN_PIPELINE_001_20260921/WHOLE_TRACK_JOINED_EVENTS.csv,810dead183772c6ee3c2ffed01cb79b2a05045abb2aea4e4c8903c180932a4a5,c7efaf8d2029ed140d67b7cbfff1c23fd33e0ffcae18f285566266c063f78e1c,NEW_019,True
F_MIX_01429,288.0203174603175,DRUM_SUPPORTED,790,288.0203174603175,172.26562500001668,0E-13,PRIMARY,F_MIX_01429,/Users/StarTrack/Development/JazzGrooveAnalyzer/docs/scientific/rfc/JGA_WHOLE_TRACK_GROOVE_FROZEN_PIPELINE_001_20260921/WHOLE_TRACK_JOINED_EVENTS.csv,810dead183772c6ee3c2ffed01cb79b2a05045abb2aea4e4c8903c180932a4a5,c7efaf8d2029ed140d67b7cbfff1c23fd33e0ffcae18f285566266c063f78e1c,NEW_019,True
F_MIX_01430,288.3802267573696,DRUM_SUPPORTED,791,288.36861678004533,161.49902343748434,11.60997732427000,PRIMARY,F_MIX_01430,/Users/StarTrack/Development/JazzGrooveAnalyzer/docs/scientific/rfc/JGA_WHOLE_TRACK_GROOVE_FROZEN_PIPELINE_001_20260921/WHOLE_TRACK_JOINED_EVENTS.csv,810dead183772c6ee3c2ffed01cb79b2a05045abb2aea4e4c8903c180932a4a5,c7efaf8d2029ed140d67b7cbfff1c23fd33e0ffcae18f285566266c063f78e1c,NEW_019,True
F_MIX_01431,288.57759637188207,UNKNOWN,792,288.7401360544218,172.26562500001668,-162.53968253973000,CONTEXT,F_MIX_01431,/Users/StarTrack/Development/JazzGrooveAnalyzer/docs/scientific/rfc/JGA_WHOLE_TRACK_GROOVE_FROZEN_PIPELINE_001_20260921/WHOLE_TRACK_JOINED_EVENTS.csv,810dead183772c6ee3c2ffed01cb79b2a05045abb2aea4e4c8903c180932a4a5,c7efaf8d2029ed140d67b7cbfff1c23fd33e0ffcae18f285566266c063f78e1c,NEW_019,True
F_MIX_01432,288.68208616780043,UNKNOWN,792,288.7401360544218,172.26562500001668,-58.04988662137000,CONTEXT,F_MIX_01432,/Users/StarTrack/Development/JazzGrooveAnalyzer/docs/scientific/rfc/JGA_WHOLE_TRACK_GROOVE_FROZEN_PIPELINE_001_20260921/WHOLE_TRACK_JOINED_EVENTS.csv,810dead183772c6ee3c2ffed01cb79b2a05045abb2aea4e4c8903c180932a4a5,c7efaf8d2029ed140d67b7cbfff1c23fd33e0ffcae18f285566266c063f78e1c,NEW_019,True
F_MIX_01433,288.7401360544218,DRUM_SUPPORTED,792,288.7401360544218,172.26562500001668,0E-13,PRIMARY,F_MIX_01433,/Users/StarTrack/Development/JazzGrooveAnalyzer/docs/scientific/rfc/JGA_WHOLE_TRACK_GROOVE_FROZEN_PIPELINE_001_20260921/WHOLE_TRACK_JOINED_EVENTS.csv,810dead183772c6ee3c2ffed01cb79b2a05045abb2aea4e4c8903c180932a4a5,c7efaf8d2029ed140d67b7cbfff1c23fd33e0ffcae18f285566266c063f78e1c,NEW_019,True
F_MIX_01434,289.0187755102041,DRUM_SUPPORTED,793,289.08843537414964,172.26562499998857,-69.65986394554000,PRIMARY,F_MIX_01434,/Users/StarTrack/Development/JazzGrooveAnalyzer/docs/scientific/rfc/JGA_WHOLE_TRACK_GROOVE_FROZEN_PIPELINE_001_20260921/WHOLE_TRACK_JOINED_EVENTS.csv,810dead183772c6ee3c2ffed01cb79b2a05045abb2aea4e4c8903c180932a4a5,c7efaf8d2029ed140d67b7cbfff1c23fd33e0ffcae18f285566266c063f78e1c,NEW_019,True
F_MIX_01435,289.40190476190475,UNKNOWN,794,289.43673469387755,161.49902343750904,-34.82993197280000,PRIMARY,F_MIX_01435,/Users/StarTrack/Development/JazzGrooveAnalyzer/docs/scientific/rfc/JGA_WHOLE_TRACK_GROOVE_FROZEN_PIPELINE_001_20260921/WHOLE_TRACK_JOINED_EVENTS.csv,810dead183772c6ee3c2ffed01cb79b2a05045abb2aea4e4c8903c180932a4a5,c7efaf8d2029ed140d67b7cbfff1c23fd33e0ffcae18f285566266c063f78e1c,NEW_019,True
F_MIX_01436,289.47156462585036,DRUM_SUPPORTED,794,289.43673469387755,161.49902343750904,34.82993197281000,CONTEXT,F_MIX_01436,/Users/StarTrack/Development/JazzGrooveAnalyzer/docs/scientific/rfc/JGA_WHOLE_TRACK_GROOVE_FROZEN_PIPELINE_001_20260921/WHOLE_TRACK_JOINED_EVENTS.csv,810dead183772c6ee3c2ffed01cb79b2a05045abb2aea4e4c8903c180932a4a5,c7efaf8d2029ed140d67b7cbfff1c23fd33e0ffcae18f285566266c063f78e1c,NEW_019,True
F_MIX_01437,289.75020408163266,UNKNOWN,795,289.80825396825395,172.26562499998857,-58.04988662129000,CONTEXT,F_MIX_01437,/Users/StarTrack/Development/JazzGrooveAnalyzer/docs/scientific/rfc/JGA_WHOLE_TRACK_GROOVE_FROZEN_PIPELINE_001_20260921/WHOLE_TRACK_JOINED_EVENTS.csv,810dead183772c6ee3c2ffed01cb79b2a05045abb2aea4e4c8903c180932a4a5,c7efaf8d2029ed140d67b7cbfff1c23fd33e0ffcae18f285566266c063f78e1c,NEW_019,True
F_MIX_01438,289.84308390022676,DRUM_SUPPORTED,795,289.80825396825395,172.26562499998857,34.82993197281000,PRIMARY,F_MIX_01438,/Users/StarTrack/Development/JazzGrooveAnalyzer/docs/scientific/rfc/JGA_WHOLE_TRACK_GROOVE_FROZEN_PIPELINE_001_20260921/WHOLE_TRACK_JOINED_EVENTS.csv,810dead183772c6ee3c2ffed01cb79b2a05045abb2aea4e4c8903c180932a4a5,c7efaf8d2029ed140d67b7cbfff1c23fd33e0ffcae18f285566266c063f78e1c,NEW_019,True
F_MIX_01439,290.12172335600906,UNKNOWN,796,290.15655328798186,161.49902343750904,-34.82993197280000,PRIMARY,F_MIX_01439,/Users/StarTrack/Development/JazzGrooveAnalyzer/docs/scientific/rfc/JGA_WHOLE_TRACK_GROOVE_FROZEN_PIPELINE_001_20260921/WHOLE_TRACK_JOINED_EVENTS.csv,810dead183772c6ee3c2ffed01cb79b2a05045abb2aea4e4c8903c180932a4a5,c7efaf8d2029ed140d67b7cbfff1c23fd33e0ffcae18f285566266c063f78e1c,NEW_019,True
F_MIX_01440,290.1913832199547,DRUM_SUPPORTED,796,290.15655328798186,161.49902343750904,34.82993197284000,CONTEXT,F_MIX_01440,/Users/StarTrack/Development/JazzGrooveAnalyzer/docs/scientific/rfc/JGA_WHOLE_TRACK_GROOVE_FROZEN_PIPELINE_001_20260921/WHOLE_TRACK_JOINED_EVENTS.csv,810dead183772c6ee3c2ffed01cb79b2a05045abb2aea4e4c8903c180932a4a5,c7efaf8d2029ed140d67b7cbfff1c23fd33e0ffcae18f285566266c063f78e1c,NEW_019,True
F_MIX_01441,290.4932426303855,DRUM_SUPPORTED,797,290.52807256235826,161.49902343748434,-34.82993197276000,PRIMARY,F_MIX_01441,/Users/StarTrack/Development/JazzGrooveAnalyzer/docs/scientific/rfc/JGA_WHOLE_TRACK_GROOVE_FROZEN_PIPELINE_001_20260921/WHOLE_TRACK_JOINED_EVENTS.csv,810dead183772c6ee3c2ffed01cb79b2a05045abb2aea4e4c8903c180932a4a5,c7efaf8d2029ed140d67b7cbfff1c23fd33e0ffcae18f285566266c063f78e1c,NEW_019,True
F_MIX_01442,290.57451247165534,DRUM_SUPPORTED,797,290.52807256235826,161.49902343748434,46.43990929708000,CONTEXT,F_MIX_01442,/Users/StarTrack/Development/JazzGrooveAnalyzer/docs/scientific/rfc/JGA_WHOLE_TRACK_GROOVE_FROZEN_PIPELINE_001_20260921/WHOLE_TRACK_JOINED_EVENTS.csv,810dead183772c6ee3c2ffed01cb79b2a05045abb2aea4e4c8903c180932a4a5,c7efaf8d2029ed140d67b7cbfff1c23fd33e0ffcae18f285566266c063f78e1c,NEW_019,True
F_MIX_01443,290.9228117913832,DRUM_SUPPORTED,798,290.8995918367347,172.26562500001668,23.2199546485000,PRIMARY,F_MIX_01443,/Users/StarTrack/Development/JazzGrooveAnalyzer/docs/scientific/rfc/JGA_WHOLE_TRACK_GROOVE_FROZEN_PIPELINE_001_20260921/WHOLE_TRACK_JOINED_EVENTS.csv,810dead183772c6ee3c2ffed01cb79b2a05045abb2aea4e4c8903c180932a4a5,c7efaf8d2029ed140d67b7cbfff1c23fd33e0ffcae18f285566266c063f78e1c,NEW_019,True
F_MIX_01444,291.29433106575965,DRUM_SUPPORTED,799,291.2478911564626,161.49902343748434,46.43990929705000,PRIMARY,F_MIX_01444,/Users/StarTrack/Development/JazzGrooveAnalyzer/docs/scientific/rfc/JGA_WHOLE_TRACK_GROOVE_FROZEN_PIPELINE_001_20260921/WHOLE_TRACK_JOINED_EVENTS.csv,810dead183772c6ee3c2ffed01cb79b2a05045abb2aea4e4c8903c180932a4a5,c7efaf8d2029ed140d67b7cbfff1c23fd33e0ffcae18f285566266c063f78e1c,NEW_019,True
F_MIX_01445,291.57297052154195,UNKNOWN,800,291.619410430839,161.49902343750904,-46.43990929705000,CONTEXT,F_MIX_01445,/Users/StarTrack/Development/JazzGrooveAnalyzer/docs/scientific/rfc/JGA_WHOLE_TRACK_GROOVE_FROZEN_PIPELINE_001_20260921/WHOLE_TRACK_JOINED_EVENTS.csv,810dead183772c6ee3c2ffed01cb79b2a05045abb2aea4e4c8903c180932a4a5,c7efaf8d2029ed140d67b7cbfff1c23fd33e0ffcae18f285566266c063f78e1c,NEW_019,True
F_MIX_01446,291.6542403628118,DRUM_SUPPORTED,800,291.619410430839,161.49902343750904,34.8299319728000,PRIMARY,F_MIX_01446,/Users/StarTrack/Development/JazzGrooveAnalyzer/docs/scientific/rfc/JGA_WHOLE_TRACK_GROOVE_FROZEN_PIPELINE_001_20260921/WHOLE_TRACK_JOINED_EVENTS.csv,810dead183772c6ee3c2ffed01cb79b2a05045abb2aea4e4c8903c180932a4a5,c7efaf8d2029ed140d67b7cbfff1c23fd33e0ffcae18f285566266c063f78e1c,NEW_019,True
F_MIX_01447,291.94448979591834,UNKNOWN,801,291.9909297052154,161.49902343750904,-46.43990929706000,CONTEXT,F_MIX_01447,/Users/StarTrack/Development/JazzGrooveAnalyzer/docs/scientific/rfc/JGA_WHOLE_TRACK_GROOVE_FROZEN_PIPELINE_001_20260921/WHOLE_TRACK_JOINED_EVENTS.csv,810dead183772c6ee3c2ffed01cb79b2a05045abb2aea4e4c8903c180932a4a5,c7efaf8d2029ed140d67b7cbfff1c23fd33e0ffcae18f285566266c063f78e1c,NEW_019,True
F_MIX_01448,292.02575963718823,DRUM_SUPPORTED,801,291.9909297052154,161.49902343750904,34.82993197283000,PRIMARY,F_MIX_01448,/Users/StarTrack/Development/JazzGrooveAnalyzer/docs/scientific/rfc/JGA_WHOLE_TRACK_GROOVE_FROZEN_PIPELINE_001_20260921/WHOLE_TRACK_JOINED_EVENTS.csv,810dead183772c6ee3c2ffed01cb79b2a05045abb2aea4e4c8903c180932a4a5,c7efaf8d2029ed140d67b7cbfff1c23fd33e0ffcae18f285566266c063f78e1c,NEW_019,True
F_MIX_01449,292.3972789115646,DRUM_SUPPORTED,802,292.3624489795918,161.49902343748434,34.8299319728000,PRIMARY,F_MIX_01449,/Users/StarTrack/Development/JazzGrooveAnalyzer/docs/scientific/rfc/JGA_WHOLE_TRACK_GROOVE_FROZEN_PIPELINE_001_20260921/WHOLE_TRACK_JOINED_EVENTS.csv,810dead183772c6ee3c2ffed01cb79b2a05045abb2aea4e4c8903c180932a4a5,c7efaf8d2029ed140d67b7cbfff1c23fd33e0ffcae18f285566266c063f78e1c,NEW_019,True
F_MIX_01450,292.6875283446712,DRUM_SUPPORTED,803,292.73396825396827,161.49902343750904,-46.43990929707000,CONTEXT,F_MIX_01450,/Users/StarTrack/Development/JazzGrooveAnalyzer/docs/scientific/rfc/JGA_WHOLE_TRACK_GROOVE_FROZEN_PIPELINE_001_20260921/WHOLE_TRACK_JOINED_EVENTS.csv,810dead183772c6ee3c2ffed01cb79b2a05045abb2aea4e4c8903c180932a4a5,c7efaf8d2029ed140d67b7cbfff1c23fd33e0ffcae18f285566266c063f78e1c,NEW_019,True
F_MIX_01451,292.768798185941,DRUM_SUPPORTED,803,292.73396825396827,161.49902343750904,34.82993197273000,PRIMARY,F_MIX_01451,/Users/StarTrack/Development/JazzGrooveAnalyzer/docs/scientific/rfc/JGA_WHOLE_TRACK_GROOVE_FROZEN_PIPELINE_001_20260921/WHOLE_TRACK_JOINED_EVENTS.csv,810dead183772c6ee3c2ffed01cb79b2a05045abb2aea4e4c8903c180932a4a5,c7efaf8d2029ed140d67b7cbfff1c23fd33e0ffcae18f285566266c063f78e1c,NEW_019,True
F_MIX_01452,293.0358276643991,UNKNOWN,804,293.10548752834467,161.49902343750904,-69.65986394557000,CONTEXT,F_MIX_01452,/Users/StarTrack/Development/JazzGrooveAnalyzer/docs/scientific/rfc/JGA_WHOLE_TRACK_GROOVE_FROZEN_PIPELINE_001_20260921/WHOLE_TRACK_JOINED_EVENTS.csv,810dead183772c6ee3c2ffed01cb79b2a05045abb2aea4e4c8903c180932a4a5,c7efaf8d2029ed140d67b7cbfff1c23fd33e0ffcae18f285566266c063f78e1c,NEW_019,True
F_MIX_01453,293.1287074829932,DRUM_SUPPORTED,804,293.10548752834467,161.49902343750904,23.21995464853000,PRIMARY,F_MIX_01453,/Users/StarTrack/Development/JazzGrooveAnalyzer/docs/scientific/rfc/JGA_WHOLE_TRACK_GROOVE_FROZEN_PIPELINE_001_20260921/WHOLE_TRACK_JOINED_EVENTS.csv,810dead183772c6ee3c2ffed01cb79b2a05045abb2aea4e4c8903c180932a4a5,c7efaf8d2029ed140d67b7cbfff1c23fd33e0ffcae18f285566266c063f78e1c,NEW_019,True
F_MIX_01454,293.4073469387755,UNKNOWN,805,293.47700680272106,172.26562499998857,-69.65986394556000,CONTEXT,F_MIX_01454,/Users/StarTrack/Development/JazzGrooveAnalyzer/docs/scientific/rfc/JGA_WHOLE_TRACK_GROOVE_FROZEN_PIPELINE_001_20260921/WHOLE_TRACK_JOINED_EVENTS.csv,810dead183772c6ee3c2ffed01cb79b2a05045abb2aea4e4c8903c180932a4a5,c7efaf8d2029ed140d67b7cbfff1c23fd33e0ffcae18f285566266c063f78e1c,NEW_019,True
F_MIX_01455,293.48861678004533,DRUM_SUPPORTED,805,293.47700680272106,172.26562499998857,11.60997732427000,PRIMARY,F_MIX_01455,/Users/StarTrack/Development/JazzGrooveAnalyzer/docs/scientific/rfc/JGA_WHOLE_TRACK_GROOVE_FROZEN_PIPELINE_001_20260921/WHOLE_TRACK_JOINED_EVENTS.csv,810dead183772c6ee3c2ffed01cb79b2a05045abb2aea4e4c8903c180932a4a5,c7efaf8d2029ed140d67b7cbfff1c23fd33e0ffcae18f285566266c063f78e1c,NEW_019,True
F_MIX_01456,293.8485260770975,DRUM_SUPPORTED,806,293.825306122449,161.49902343750904,23.2199546485000,PRIMARY,F_MIX_01456,/Users/StarTrack/Development/JazzGrooveAnalyzer/docs/scientific/rfc/JGA_WHOLE_TRACK_GROOVE_FROZEN_PIPELINE_001_20260921/WHOLE_TRACK_JOINED_EVENTS.csv,810dead183772c6ee3c2ffed01cb79b2a05045abb2aea4e4c8903c180932a4a5,c7efaf8d2029ed140d67b7cbfff1c23fd33e0ffcae18f285566266c063f78e1c,NEW_019,True
F_MIX_01457,294.11555555555555,UNKNOWN,807,294.1968253968254,161.49902343748434,-81.26984126985000,CONTEXT,F_MIX_01457,/Users/StarTrack/Development/JazzGrooveAnalyzer/docs/scientific/rfc/JGA_WHOLE_TRACK_GROOVE_FROZEN_PIPELINE_001_20260921/WHOLE_TRACK_JOINED_EVENTS.csv,810dead183772c6ee3c2ffed01cb79b2a05045abb2aea4e4c8903c180932a4a5,c7efaf8d2029ed140d67b7cbfff1c23fd33e0ffcae18f285566266c063f78e1c,NEW_019,True
F_MIX_01458,294.2200453514739,DRUM_SUPPORTED,807,294.1968253968254,161.49902343748434,23.2199546485000,PRIMARY,F_MIX_01458,/Users/StarTrack/Development/JazzGrooveAnalyzer/docs/scientific/rfc/JGA_WHOLE_TRACK_GROOVE_FROZEN_PIPELINE_001_20260921/WHOLE_TRACK_JOINED_EVENTS.csv,810dead183772c6ee3c2ffed01cb79b2a05045abb2aea4e4c8903c180932a4a5,c7efaf8d2029ed140d67b7cbfff1c23fd33e0ffcae18f285566266c063f78e1c,NEW_019,True
F_MIX_01459,294.46385487528346,UNKNOWN,808,294.5683446712018,161.49902343750904,-104.48979591834000,CONTEXT,F_MIX_01459,/Users/StarTrack/Development/JazzGrooveAnalyzer/docs/scientific/rfc/JGA_WHOLE_TRACK_GROOVE_FROZEN_PIPELINE_001_20260921/WHOLE_TRACK_JOINED_EVENTS.csv,810dead183772c6ee3c2ffed01cb79b2a05045abb2aea4e4c8903c180932a4a5,c7efaf8d2029ed140d67b7cbfff1c23fd33e0ffcae18f285566266c063f78e1c,NEW_019,True
F_MIX_01460,294.5799546485261,DRUM_SUPPORTED,808,294.5683446712018,161.49902343750904,11.6099773243000,PRIMARY,F_MIX_01460,/Users/StarTrack/Development/JazzGrooveAnalyzer/docs/scientific/rfc/JGA_WHOLE_TRACK_GROOVE_FROZEN_PIPELINE_001_20260921/WHOLE_TRACK_JOINED_EVENTS.csv,810dead183772c6ee3c2ffed01cb79b2a05045abb2aea4e4c8903c180932a4a5,c7efaf8d2029ed140d67b7cbfff1c23fd33e0ffcae18f285566266c063f78e1c,NEW_019,True
F_MIX_01461,294.8585941043084,DRUM_SUPPORTED,809,294.9398639455782,172.26562499998857,-81.2698412698000,CONTEXT,F_MIX_01461,/Users/StarTrack/Development/JazzGrooveAnalyzer/docs/scientific/rfc/JGA_WHOLE_TRACK_GROOVE_FROZEN_PIPELINE_001_20260921/WHOLE_TRACK_JOINED_EVENTS.csv,810dead183772c6ee3c2ffed01cb79b2a05045abb2aea4e4c8903c180932a4a5,c7efaf8d2029ed140d67b7cbfff1c23fd33e0ffcae18f285566266c063f78e1c,NEW_019,True
F_MIX_01462,294.9514739229025,DRUM_SUPPORTED,809,294.9398639455782,172.26562499998857,11.6099773243000,PRIMARY,F_MIX_01462,/Users/StarTrack/Development/JazzGrooveAnalyzer/docs/scientific/rfc/JGA_WHOLE_TRACK_GROOVE_FROZEN_PIPELINE_001_20260921/WHOLE_TRACK_JOINED_EVENTS.csv,810dead183772c6ee3c2ffed01cb79b2a05045abb2aea4e4c8903c180932a4a5,c7efaf8d2029ed140d67b7cbfff1c23fd33e0ffcae18f285566266c063f78e1c,NEW_019,True
F_MIX_01463,295.3229931972789,BASS_AND_DRUM_SUPPORTED,810,295.28816326530614,161.49902343750904,34.82993197276000,PRIMARY,F_MIX_01463,/Users/StarTrack/Development/JazzGrooveAnalyzer/docs/scientific/rfc/JGA_WHOLE_TRACK_GROOVE_FROZEN_PIPELINE_001_20260921/WHOLE_TRACK_JOINED_EVENTS.csv,810dead183772c6ee3c2ffed01cb79b2a05045abb2aea4e4c8903c180932a4a5,c7efaf8d2029ed140d67b7cbfff1c23fd33e0ffcae18f285566266c063f78e1c,NEW_019,True
F_MIX_01464,295.47392290249434,UNKNOWN,810,295.28816326530614,161.49902343750904,185.75963718820000,CONTEXT,F_MIX_01464,/Users/StarTrack/Development/JazzGrooveAnalyzer/docs/scientific/rfc/JGA_WHOLE_TRACK_GROOVE_FROZEN_PIPELINE_001_20260921/WHOLE_TRACK_JOINED_EVENTS.csv,810dead183772c6ee3c2ffed01cb79b2a05045abb2aea4e4c8903c180932a4a5,c7efaf8d2029ed140d67b7cbfff1c23fd33e0ffcae18f285566266c063f78e1c,NEW_019,True
F_MIX_01465,295.6712925170068,BASS_AND_DRUM_SUPPORTED,811,295.65968253968254,161.49902343750904,11.60997732426000,PRIMARY,F_MIX_01465,/Users/StarTrack/Development/JazzGrooveAnalyzer/docs/scientific/rfc/JGA_WHOLE_TRACK_GROOVE_FROZEN_PIPELINE_001_20260921/WHOLE_TRACK_JOINED_EVENTS.csv,810dead183772c6ee3c2ffed01cb79b2a05045abb2aea4e4c8903c180932a4a5,c7efaf8d2029ed140d67b7cbfff1c23fd33e0ffcae18f285566266c063f78e1c,NEW_019,True
F_MIX_01466,295.7177324263039,UNKNOWN,811,295.65968253968254,161.49902343750904,58.04988662136000,CONTEXT,F_MIX_01466,/Users/StarTrack/Development/JazzGrooveAnalyzer/docs/scientific/rfc/JGA_WHOLE_TRACK_GROOVE_FROZEN_PIPELINE_001_20260921/WHOLE_TRACK_JOINED_EVENTS.csv,810dead183772c6ee3c2ffed01cb79b2a05045abb2aea4e4c8903c180932a4a5,c7efaf8d2029ed140d67b7cbfff1c23fd33e0ffcae18f285566266c063f78e1c,NEW_019,True
F_MIX_01467,296.03120181405893,BASS_AND_DRUM_SUPPORTED,812,296.03120181405893,161.49902343748434,0E-14,PRIMARY,F_MIX_01467,/Users/StarTrack/Development/JazzGrooveAnalyzer/docs/scientific/rfc/JGA_WHOLE_TRACK_GROOVE_FROZEN_PIPELINE_001_20260921/WHOLE_TRACK_JOINED_EVENTS.csv,810dead183772c6ee3c2ffed01cb79b2a05045abb2aea4e4c8903c180932a4a5,c7efaf8d2029ed140d67b7cbfff1c23fd33e0ffcae18f285566266c063f78e1c,NEW_019,True
F_MIX_01468,296.32145124716556,UNKNOWN,813,296.4027210884354,161.49902343750904,-81.26984126984000,CONTEXT,F_MIX_01468,/Users/StarTrack/Development/JazzGrooveAnalyzer/docs/scientific/rfc/JGA_WHOLE_TRACK_GROOVE_FROZEN_PIPELINE_001_20260921/WHOLE_TRACK_JOINED_EVENTS.csv,810dead183772c6ee3c2ffed01cb79b2a05045abb2aea4e4c8903c180932a4a5,c7efaf8d2029ed140d67b7cbfff1c23fd33e0ffcae18f285566266c063f78e1c,NEW_019,True
F_MIX_01469,296.41433106575965,DRUM_SUPPORTED,813,296.4027210884354,161.49902343750904,11.60997732425000,PRIMARY,F_MIX_01469,/Users/StarTrack/Development/JazzGrooveAnalyzer/docs/scientific/rfc/JGA_WHOLE_TRACK_GROOVE_FROZEN_PIPELINE_001_20260921/WHOLE_TRACK_JOINED_EVENTS.csv,810dead183772c6ee3c2ffed01cb79b2a05045abb2aea4e4c8903c180932a4a5,c7efaf8d2029ed140d67b7cbfff1c23fd33e0ffcae18f285566266c063f78e1c,NEW_019,True
F_MIX_01470,296.7742403628118,BASS_AND_DRUM_SUPPORTED,814,296.7742403628118,172.26562499998857,0E-13,PRIMARY,F_MIX_01470,/Users/StarTrack/Development/JazzGrooveAnalyzer/docs/scientific/rfc/JGA_WHOLE_TRACK_GROOVE_FROZEN_PIPELINE_001_20260921/WHOLE_TRACK_JOINED_EVENTS.csv,810dead183772c6ee3c2ffed01cb79b2a05045abb2aea4e4c8903c180932a4a5,c7efaf8d2029ed140d67b7cbfff1c23fd33e0ffcae18f285566266c063f78e1c,NEW_019,True
F_MIX_01471,297.0528798185941,DRUM_SUPPORTED,815,297.1225396825397,161.49902343750904,-69.6598639456000,CONTEXT,F_MIX_01471,/Users/StarTrack/Development/JazzGrooveAnalyzer/docs/scientific/rfc/JGA_WHOLE_TRACK_GROOVE_FROZEN_PIPELINE_001_20260921/WHOLE_TRACK_JOINED_EVENTS.csv,810dead183772c6ee3c2ffed01cb79b2a05045abb2aea4e4c8903c180932a4a5,c7efaf8d2029ed140d67b7cbfff1c23fd33e0ffcae18f285566266c063f78e1c,NEW_019,True
F_MIX_01472,297.13414965986397,DRUM_SUPPORTED,815,297.1225396825397,161.49902343750904,11.60997732427000,PRIMARY,F_MIX_01472,/Users/StarTrack/Development/JazzGrooveAnalyzer/docs/scientific/rfc/JGA_WHOLE_TRACK_GROOVE_FROZEN_PIPELINE_001_20260921/WHOLE_TRACK_JOINED_EVENTS.csv,810dead183772c6ee3c2ffed01cb79b2a05045abb2aea4e4c8903c180932a4a5,c7efaf8d2029ed140d67b7cbfff1c23fd33e0ffcae18f285566266c063f78e1c,NEW_019,True
F_MIX_01473,297.44761904761907,DRUM_SUPPORTED,816,297.4940589569161,161.49902343748434,-46.43990929703000,CONTEXT,F_MIX_01473,/Users/StarTrack/Development/JazzGrooveAnalyzer/docs/scientific/rfc/JGA_WHOLE_TRACK_GROOVE_FROZEN_PIPELINE_001_20260921/WHOLE_TRACK_JOINED_EVENTS.csv,810dead183772c6ee3c2ffed01cb79b2a05045abb2aea4e4c8903c180932a4a5,c7efaf8d2029ed140d67b7cbfff1c23fd33e0ffcae18f285566266c063f78e1c,NEW_019,True
F_MIX_01474,297.4940589569161,DRUM_SUPPORTED,816,297.4940589569161,161.49902343748434,0E-13,PRIMARY,F_MIX_01474,/Users/StarTrack/Development/JazzGrooveAnalyzer/docs/scientific/rfc/JGA_WHOLE_TRACK_GROOVE_FROZEN_PIPELINE_001_20260921/WHOLE_TRACK_JOINED_EVENTS.csv,810dead183772c6ee3c2ffed01cb79b2a05045abb2aea4e4c8903c180932a4a5,c7efaf8d2029ed140d67b7cbfff1c23fd33e0ffcae18f285566266c063f78e1c,NEW_019,True
F_MIX_01475,297.6565986394558,UNKNOWN,816,297.4940589569161,161.49902343748434,162.5396825397000,CONTEXT,F_MIX_01475,/Users/StarTrack/Development/JazzGrooveAnalyzer/docs/scientific/rfc/JGA_WHOLE_TRACK_GROOVE_FROZEN_PIPELINE_001_20260921/WHOLE_TRACK_JOINED_EVENTS.csv,810dead183772c6ee3c2ffed01cb79b2a05045abb2aea4e4c8903c180932a4a5,c7efaf8d2029ed140d67b7cbfff1c23fd33e0ffcae18f285566266c063f78e1c,NEW_019,True
F_MIX_01476,297.7146485260771,UNKNOWN,817,297.86557823129255,161.49902343750904,-150.92970521545000,CONTEXT,F_MIX_01476,/Users/StarTrack/Development/JazzGrooveAnalyzer/docs/scientific/rfc/JGA_WHOLE_TRACK_GROOVE_FROZEN_PIPELINE_001_20260921/WHOLE_TRACK_JOINED_EVENTS.csv,810dead183772c6ee3c2ffed01cb79b2a05045abb2aea4e4c8903c180932a4a5,c7efaf8d2029ed140d67b7cbfff1c23fd33e0ffcae18f285566266c063f78e1c,NEW_019,True
F_MIX_01477,297.7610884353742,UNKNOWN,817,297.86557823129255,161.49902343750904,-104.48979591835000,PRIMARY,F_MIX_01477,/Users/StarTrack/Development/JazzGrooveAnalyzer/docs/scientific/rfc/JGA_WHOLE_TRACK_GROOVE_FROZEN_PIPELINE_001_20260921/WHOLE_TRACK_JOINED_EVENTS.csv,810dead183772c6ee3c2ffed01cb79b2a05045abb2aea4e4c8903c180932a4a5,c7efaf8d2029ed140d67b7cbfff1c23fd33e0ffcae18f285566266c063f78e1c,NEW_019,True
F_MIX_01478,298.23709750566894,DRUM_SUPPORTED,818,298.23709750566894,161.49902343750904,0E-14,PRIMARY,F_MIX_01478,/Users/StarTrack/Development/JazzGrooveAnalyzer/docs/scientific/rfc/JGA_WHOLE_TRACK_GROOVE_FROZEN_PIPELINE_001_20260921/WHOLE_TRACK_JOINED_EVENTS.csv,810dead183772c6ee3c2ffed01cb79b2a05045abb2aea4e4c8903c180932a4a5,c7efaf8d2029ed140d67b7cbfff1c23fd33e0ffcae18f285566266c063f78e1c,NEW_019,True
F_MIX_01479,298.5273469387755,UNKNOWN,819,298.60861678004534,172.26562499998857,-81.26984126984000,CONTEXT,F_MIX_01479,/Users/StarTrack/Development/JazzGrooveAnalyzer/docs/scientific/rfc/JGA_WHOLE_TRACK_GROOVE_FROZEN_PIPELINE_001_20260921/WHOLE_TRACK_JOINED_EVENTS.csv,810dead183772c6ee3c2ffed01cb79b2a05045abb2aea4e4c8903c180932a4a5,c7efaf8d2029ed140d67b7cbfff1c23fd33e0ffcae18f285566266c063f78e1c,NEW_019,True
F_MIX_01480,298.6202267573696,BASS_AND_DRUM_SUPPORTED,819,298.60861678004534,172.26562499998857,11.60997732426000,PRIMARY,F_MIX_01480,/Users/StarTrack/Development/JazzGrooveAnalyzer/docs/scientific/rfc/JGA_WHOLE_TRACK_GROOVE_FROZEN_PIPELINE_001_20260921/WHOLE_TRACK_JOINED_EVENTS.csv,810dead183772c6ee3c2ffed01cb79b2a05045abb2aea4e4c8903c180932a4a5,c7efaf8d2029ed140d67b7cbfff1c23fd33e0ffcae18f285566266c063f78e1c,NEW_019,True
F_MIX_01481,298.9104761904762,UNKNOWN,820,298.95691609977325,161.49902343750904,-46.43990929705000,CONTEXT,F_MIX_01481,/Users/StarTrack/Development/JazzGrooveAnalyzer/docs/scientific/rfc/JGA_WHOLE_TRACK_GROOVE_FROZEN_PIPELINE_001_20260921/WHOLE_TRACK_JOINED_EVENTS.csv,810dead183772c6ee3c2ffed01cb79b2a05045abb2aea4e4c8903c180932a4a5,c7efaf8d2029ed140d67b7cbfff1c23fd33e0ffcae18f285566266c063f78e1c,NEW_019,True
F_MIX_01482,298.9685260770975,DRUM_SUPPORTED,820,298.95691609977325,161.49902343750904,11.60997732425000,PRIMARY,F_MIX_01482,/Users/StarTrack/Development/JazzGrooveAnalyzer/docs/scientific/rfc/JGA_WHOLE_TRACK_GROOVE_FROZEN_PIPELINE_001_20260921/WHOLE_TRACK_JOINED_EVENTS.csv,810dead183772c6ee3c2ffed01cb79b2a05045abb2aea4e4c8903c180932a4a5,c7efaf8d2029ed140d67b7cbfff1c23fd33e0ffcae18f285566266c063f78e1c,NEW_019,True
F_MIX_01483,299.2587755102041,DRUM_SUPPORTED,821,299.32843537414965,161.49902343748434,-69.65986394555000,CONTEXT,F_MIX_01483,/Users/StarTrack/Development/JazzGrooveAnalyzer/docs/scientific/rfc/JGA_WHOLE_TRACK_GROOVE_FROZEN_PIPELINE_001_20260921/WHOLE_TRACK_JOINED_EVENTS.csv,810dead183772c6ee3c2ffed01cb79b2a05045abb2aea4e4c8903c180932a4a5,c7efaf8d2029ed140d67b7cbfff1c23fd33e0ffcae18f285566266c063f78e1c,NEW_019,True
F_MIX_01484,299.3400453514739,BASS_AND_DRUM_SUPPORTED,821,299.32843537414965,161.49902343748434,11.60997732425000,PRIMARY,F_MIX_01484,/Users/StarTrack/Development/JazzGrooveAnalyzer/docs/scientific/rfc/JGA_WHOLE_TRACK_GROOVE_FROZEN_PIPELINE_001_20260921/WHOLE_TRACK_JOINED_EVENTS.csv,810dead183772c6ee3c2ffed01cb79b2a05045abb2aea4e4c8903c180932a4a5,c7efaf8d2029ed140d67b7cbfff1c23fd33e0ffcae18f285566266c063f78e1c,NEW_019,True
F_MIX_01485,299.4097052154195,UNKNOWN,821,299.32843537414965,161.49902343748434,81.26984126985000,CONTEXT,F_MIX_01485,/Users/StarTrack/Development/JazzGrooveAnalyzer/docs/scientific/rfc/JGA_WHOLE_TRACK_GROOVE_FROZEN_PIPELINE_001_20260921/WHOLE_TRACK_JOINED_EVENTS.csv,810dead183772c6ee3c2ffed01cb79b2a05045abb2aea4e4c8903c180932a4a5,c7efaf8d2029ed140d67b7cbfff1c23fd33e0ffcae18f285566266c063f78e1c,NEW_019,True
F_MIX_01486,299.6651247165533,DRUM_SUPPORTED,822,299.6999546485261,161.49902343750904,-34.8299319728000,CONTEXT,F_MIX_01486,/Users/StarTrack/Development/JazzGrooveAnalyzer/docs/scientific/rfc/JGA_WHOLE_TRACK_GROOVE_FROZEN_PIPELINE_001_20260921/WHOLE_TRACK_JOINED_EVENTS.csv,810dead183772c6ee3c2ffed01cb79b2a05045abb2aea4e4c8903c180932a4a5,c7efaf8d2029ed140d67b7cbfff1c23fd33e0ffcae18f285566266c063f78e1c,NEW_019,True
F_MIX_01487,299.6999546485261,BASS_AND_DRUM_SUPPORTED,822,299.6999546485261,161.49902343750904,0E-13,PRIMARY,F_MIX_01487,/Users/StarTrack/Development/JazzGrooveAnalyzer/docs/scientific/rfc/JGA_WHOLE_TRACK_GROOVE_FROZEN_PIPELINE_001_20260921/WHOLE_TRACK_JOINED_EVENTS.csv,810dead183772c6ee3c2ffed01cb79b2a05045abb2aea4e4c8903c180932a4a5,c7efaf8d2029ed140d67b7cbfff1c23fd33e0ffcae18f285566266c063f78e1c,NEW_019,True
F_MIX_01488,300.0714739229025,DRUM_SUPPORTED,823,300.0714739229025,172.26562499998857,0E-13,PRIMARY,F_MIX_01488,/Users/StarTrack/Development/JazzGrooveAnalyzer/docs/scientific/rfc/JGA_WHOLE_TRACK_GROOVE_FROZEN_PIPELINE_001_20260921/WHOLE_TRACK_JOINED_EVENTS.csv,810dead183772c6ee3c2ffed01cb79b2a05045abb2aea4e4c8903c180932a4a5,c7efaf8d2029ed140d67b7cbfff1c23fd33e0ffcae18f285566266c063f78e1c,NEW_020,True
F_MIX_01489,300.3501133786848,UNKNOWN,824,300.4197732426304,161.49902343750904,-69.6598639456000,CONTEXT,F_MIX_01489,/Users/StarTrack/Development/JazzGrooveAnalyzer/docs/scientific/rfc/JGA_WHOLE_TRACK_GROOVE_FROZEN_PIPELINE_001_20260921/WHOLE_TRACK_JOINED_EVENTS.csv,810dead183772c6ee3c2ffed01cb79b2a05045abb2aea4e4c8903c180932a4a5,c7efaf8d2029ed140d67b7cbfff1c23fd33e0ffcae18f285566266c063f78e1c,NEW_020,True
F_MIX_01490,300.3849433106576,DRUM_SUPPORTED,824,300.4197732426304,161.49902343750904,-34.8299319728000,CONTEXT,F_MIX_01490,/Users/StarTrack/Development/JazzGrooveAnalyzer/docs/scientific/rfc/JGA_WHOLE_TRACK_GROOVE_FROZEN_PIPELINE_001_20260921/WHOLE_TRACK_JOINED_EVENTS.csv,810dead183772c6ee3c2ffed01cb79b2a05045abb2aea4e4c8903c180932a4a5,c7efaf8d2029ed140d67b7cbfff1c23fd33e0ffcae18f285566266c063f78e1c,NEW_020,True
F_MIX_01491,300.4313832199546,DRUM_SUPPORTED,824,300.4197732426304,161.49902343750904,11.6099773242000,PRIMARY,F_MIX_01491,/Users/StarTrack/Development/JazzGrooveAnalyzer/docs/scientific/rfc/JGA_WHOLE_TRACK_GROOVE_FROZEN_PIPELINE_001_20260921/WHOLE_TRACK_JOINED_EVENTS.csv,810dead183772c6ee3c2ffed01cb79b2a05045abb2aea4e4c8903c180932a4a5,c7efaf8d2029ed140d67b7cbfff1c23fd33e0ffcae18f285566266c063f78e1c,NEW_020,True
F_MIX_01492,300.72163265306125,UNKNOWN,825,300.7912925170068,161.49902343750904,-69.65986394555000,CONTEXT,F_MIX_01492,/Users/StarTrack/Development/JazzGrooveAnalyzer/docs/scientific/rfc/JGA_WHOLE_TRACK_GROOVE_FROZEN_PIPELINE_001_20260921/WHOLE_TRACK_JOINED_EVENTS.csv,810dead183772c6ee3c2ffed01cb79b2a05045abb2aea4e4c8903c180932a4a5,c7efaf8d2029ed140d67b7cbfff1c23fd33e0ffcae18f285566266c063f78e1c,NEW_020,True
F_MIX_01493,300.756462585034,DRUM_SUPPORTED,825,300.7912925170068,161.49902343750904,-34.8299319728000,CONTEXT,F_MIX_01493,/Users/StarTrack/Development/JazzGrooveAnalyzer/docs/scientific/rfc/JGA_WHOLE_TRACK_GROOVE_FROZEN_PIPELINE_001_20260921/WHOLE_TRACK_JOINED_EVENTS.csv,810dead183772c6ee3c2ffed01cb79b2a05045abb2aea4e4c8903c180932a4a5,c7efaf8d2029ed140d67b7cbfff1c23fd33e0ffcae18f285566266c063f78e1c,NEW_020,True
F_MIX_01494,300.81451247165535,DRUM_SUPPORTED,825,300.7912925170068,161.49902343750904,23.21995464855000,PRIMARY,F_MIX_01494,/Users/StarTrack/Development/JazzGrooveAnalyzer/docs/scientific/rfc/JGA_WHOLE_TRACK_GROOVE_FROZEN_PIPELINE_001_20260921/WHOLE_TRACK_JOINED_EVENTS.csv,810dead183772c6ee3c2ffed01cb79b2a05045abb2aea4e4c8903c180932a4a5,c7efaf8d2029ed140d67b7cbfff1c23fd33e0ffcae18f285566266c063f78e1c,NEW_020,True
F_MIX_01495,300.8493424036281,UNKNOWN,825,300.7912925170068,161.49902343750904,58.0498866213000,CONTEXT,F_MIX_01495,/Users/StarTrack/Development/JazzGrooveAnalyzer/docs/scientific/rfc/JGA_WHOLE_TRACK_GROOVE_FROZEN_PIPELINE_001_20260921/WHOLE_TRACK_JOINED_EVENTS.csv,810dead183772c6ee3c2ffed01cb79b2a05045abb2aea4e4c8903c180932a4a5,c7efaf8d2029ed140d67b7cbfff1c23fd33e0ffcae18f285566266c063f78e1c,NEW_020,True
F_MIX_01496,301.1047619047619,UNKNOWN,826,301.1628117913832,161.49902343748434,-58.0498866213000,CONTEXT,F_MIX_01496,/Users/StarTrack/Development/JazzGrooveAnalyzer/docs/scientific/rfc/JGA_WHOLE_TRACK_GROOVE_FROZEN_PIPELINE_001_20260921/WHOLE_TRACK_JOINED_EVENTS.csv,810dead183772c6ee3c2ffed01cb79b2a05045abb2aea4e4c8903c180932a4a5,c7efaf8d2029ed140d67b7cbfff1c23fd33e0ffcae18f285566266c063f78e1c,NEW_020,True
F_MIX_01497,301.1628117913832,DRUM_SUPPORTED,826,301.1628117913832,161.49902343748434,0E-13,PRIMARY,F_MIX_01497,/Users/StarTrack/Development/JazzGrooveAnalyzer/docs/scientific/rfc/JGA_WHOLE_TRACK_GROOVE_FROZEN_PIPELINE_001_20260921/WHOLE_TRACK_JOINED_EVENTS.csv,810dead183772c6ee3c2ffed01cb79b2a05045abb2aea4e4c8903c180932a4a5,c7efaf8d2029ed140d67b7cbfff1c23fd33e0ffcae18f285566266c063f78e1c,NEW_020,True
F_MIX_01498,301.44145124716556,UNKNOWN,827,301.53433106575966,172.26562500001668,-92.87981859410000,CONTEXT,F_MIX_01498,/Users/StarTrack/Development/JazzGrooveAnalyzer/docs/scientific/rfc/JGA_WHOLE_TRACK_GROOVE_FROZEN_PIPELINE_001_20260921/WHOLE_TRACK_JOINED_EVENTS.csv,810dead183772c6ee3c2ffed01cb79b2a05045abb2aea4e4c8903c180932a4a5,c7efaf8d2029ed140d67b7cbfff1c23fd33e0ffcae18f285566266c063f78e1c,NEW_020,True
F_MIX_01499,301.53433106575966,DRUM_SUPPORTED,827,301.53433106575966,172.26562500001668,0E-14,PRIMARY,F_MIX_01499,/Users/StarTrack/Development/JazzGrooveAnalyzer/docs/scientific/rfc/JGA_WHOLE_TRACK_GROOVE_FROZEN_PIPELINE_001_20260921/WHOLE_TRACK_JOINED_EVENTS.csv,810dead183772c6ee3c2ffed01cb79b2a05045abb2aea4e4c8903c180932a4a5,c7efaf8d2029ed140d67b7cbfff1c23fd33e0ffcae18f285566266c063f78e1c,NEW_020,True
F_MIX_01500,301.8942403628118,DRUM_SUPPORTED,828,301.8826303854875,161.49902343748434,11.6099773243000,PRIMARY,F_MIX_01500,/Users/StarTrack/Development/JazzGrooveAnalyzer/docs/scientific/rfc/JGA_WHOLE_TRACK_GROOVE_FROZEN_PIPELINE_001_20260921/WHOLE_TRACK_JOINED_EVENTS.csv,810dead183772c6ee3c2ffed01cb79b2a05045abb2aea4e4c8903c180932a4a5,c7efaf8d2029ed140d67b7cbfff1c23fd33e0ffcae18f285566266c063f78e1c,NEW_020,True
F_MIX_01501,302.1960997732426,UNKNOWN,829,302.25414965986397,161.49902343750904,-58.04988662137000,CONTEXT,F_MIX_01501,/Users/StarTrack/Development/JazzGrooveAnalyzer/docs/scientific/rfc/JGA_WHOLE_TRACK_GROOVE_FROZEN_PIPELINE_001_20260921/WHOLE_TRACK_JOINED_EVENTS.csv,810dead183772c6ee3c2ffed01cb79b2a05045abb2aea4e4c8903c180932a4a5,c7efaf8d2029ed140d67b7cbfff1c23fd33e0ffcae18f285566266c063f78e1c,NEW_020,True
F_MIX_01502,302.25414965986397,DRUM_SUPPORTED,829,302.25414965986397,161.49902343750904,0E-14,PRIMARY,F_MIX_01502,/Users/StarTrack/Development/JazzGrooveAnalyzer/docs/scientific/rfc/JGA_WHOLE_TRACK_GROOVE_FROZEN_PIPELINE_001_20260921/WHOLE_TRACK_JOINED_EVENTS.csv,810dead183772c6ee3c2ffed01cb79b2a05045abb2aea4e4c8903c180932a4a5,c7efaf8d2029ed140d67b7cbfff1c23fd33e0ffcae18f285566266c063f78e1c,NEW_020,True
F_MIX_01503,302.53278911564627,UNKNOWN,830,302.62566893424037,161.49902343750904,-92.87981859410000,CONTEXT,F_MIX_01503,/Users/StarTrack/Development/JazzGrooveAnalyzer/docs/scientific/rfc/JGA_WHOLE_TRACK_GROOVE_FROZEN_PIPELINE_001_20260921/WHOLE_TRACK_JOINED_EVENTS.csv,810dead183772c6ee3c2ffed01cb79b2a05045abb2aea4e4c8903c180932a4a5,c7efaf8d2029ed140d67b7cbfff1c23fd33e0ffcae18f285566266c063f78e1c,NEW_020,True
F_MIX_01504,302.62566893424037,DRUM_SUPPORTED,830,302.62566893424037,161.49902343750904,0E-14,PRIMARY,F_MIX_01504,/Users/StarTrack/Development/JazzGrooveAnalyzer/docs/scientific/rfc/JGA_WHOLE_TRACK_GROOVE_FROZEN_PIPELINE_001_20260921/WHOLE_TRACK_JOINED_EVENTS.csv,810dead183772c6ee3c2ffed01cb79b2a05045abb2aea4e4c8903c180932a4a5,c7efaf8d2029ed140d67b7cbfff1c23fd33e0ffcae18f285566266c063f78e1c,NEW_020,True
F_MIX_01505,302.9855782312925,DRUM_SUPPORTED,831,302.99718820861676,161.49902343748434,-11.60997732426000,PRIMARY,F_MIX_01505,/Users/StarTrack/Development/JazzGrooveAnalyzer/docs/scientific/rfc/JGA_WHOLE_TRACK_GROOVE_FROZEN_PIPELINE_001_20260921/WHOLE_TRACK_JOINED_EVENTS.csv,810dead183772c6ee3c2ffed01cb79b2a05045abb2aea4e4c8903c180932a4a5,c7efaf8d2029ed140d67b7cbfff1c23fd33e0ffcae18f285566266c063f78e1c,NEW_020,True
F_MIX_01506,303.35709750566895,DRUM_SUPPORTED,832,303.3687074829932,161.49902343750904,-11.60997732425000,PRIMARY,F_MIX_01506,/Users/StarTrack/Development/JazzGrooveAnalyzer/docs/scientific/rfc/JGA_WHOLE_TRACK_GROOVE_FROZEN_PIPELINE_001_20260921/WHOLE_TRACK_JOINED_EVENTS.csv,810dead183772c6ee3c2ffed01cb79b2a05045abb2aea4e4c8903c180932a4a5,c7efaf8d2029ed140d67b7cbfff1c23fd33e0ffcae18f285566266c063f78e1c,NEW_020,True
F_MIX_01507,303.72861678004534,DRUM_SUPPORTED,833,303.7402267573696,172.26562499998857,-11.60997732426000,PRIMARY,F_MIX_01507,/Users/StarTrack/Development/JazzGrooveAnalyzer/docs/scientific/rfc/JGA_WHOLE_TRACK_GROOVE_FROZEN_PIPELINE_001_20260921/WHOLE_TRACK_JOINED_EVENTS.csv,810dead183772c6ee3c2ffed01cb79b2a05045abb2aea4e4c8903c180932a4a5,c7efaf8d2029ed140d67b7cbfff1c23fd33e0ffcae18f285566266c063f78e1c,NEW_020,True
F_MIX_01508,304.0885260770975,DRUM_SUPPORTED,834,304.0885260770975,161.49902343750904,0E-13,PRIMARY,F_MIX_01508,/Users/StarTrack/Development/JazzGrooveAnalyzer/docs/scientific/rfc/JGA_WHOLE_TRACK_GROOVE_FROZEN_PIPELINE_001_20260921/WHOLE_TRACK_JOINED_EVENTS.csv,810dead183772c6ee3c2ffed01cb79b2a05045abb2aea4e4c8903c180932a4a5,c7efaf8d2029ed140d67b7cbfff1c23fd33e0ffcae18f285566266c063f78e1c,NEW_020,True
F_MIX_01509,304.44843537414965,DRUM_SUPPORTED,835,304.4600453514739,161.49902343750904,-11.60997732425000,PRIMARY,F_MIX_01509,/Users/StarTrack/Development/JazzGrooveAnalyzer/docs/scientific/rfc/JGA_WHOLE_TRACK_GROOVE_FROZEN_PIPELINE_001_20260921/WHOLE_TRACK_JOINED_EVENTS.csv,810dead183772c6ee3c2ffed01cb79b2a05045abb2aea4e4c8903c180932a4a5,c7efaf8d2029ed140d67b7cbfff1c23fd33e0ffcae18f285566266c063f78e1c,NEW_020,True
F_MIX_01510,304.7851247165533,BASS_AND_DRUM_SUPPORTED,836,304.8315646258503,161.49902343748434,-46.4399092970000,CONTEXT,F_MIX_01510,/Users/StarTrack/Development/JazzGrooveAnalyzer/docs/scientific/rfc/JGA_WHOLE_TRACK_GROOVE_FROZEN_PIPELINE_001_20260921/WHOLE_TRACK_JOINED_EVENTS.csv,810dead183772c6ee3c2ffed01cb79b2a05045abb2aea4e4c8903c180932a4a5,c7efaf8d2029ed140d67b7cbfff1c23fd33e0ffcae18f285566266c063f78e1c,NEW_020,True
F_MIX_01511,304.8315646258503,DRUM_SUPPORTED,836,304.8315646258503,161.49902343748434,0E-13,PRIMARY,F_MIX_01511,/Users/StarTrack/Development/JazzGrooveAnalyzer/docs/scientific/rfc/JGA_WHOLE_TRACK_GROOVE_FROZEN_PIPELINE_001_20260921/WHOLE_TRACK_JOINED_EVENTS.csv,810dead183772c6ee3c2ffed01cb79b2a05045abb2aea4e4c8903c180932a4a5,c7efaf8d2029ed140d67b7cbfff1c23fd33e0ffcae18f285566266c063f78e1c,NEW_020,True
F_MIX_01512,305.1102040816327,UNKNOWN,837,305.2030839002268,161.49902343750904,-92.8798185941000,CONTEXT,F_MIX_01512,/Users/StarTrack/Development/JazzGrooveAnalyzer/docs/scientific/rfc/JGA_WHOLE_TRACK_GROOVE_FROZEN_PIPELINE_001_20260921/WHOLE_TRACK_JOINED_EVENTS.csv,810dead183772c6ee3c2ffed01cb79b2a05045abb2aea4e4c8903c180932a4a5,c7efaf8d2029ed140d67b7cbfff1c23fd33e0ffcae18f285566266c063f78e1c,NEW_020,True
F_MIX_01513,305.1914739229025,BASS_AND_DRUM_SUPPORTED,837,305.2030839002268,161.49902343750904,-11.6099773243000,PRIMARY,F_MIX_01513,/Users/StarTrack/Development/JazzGrooveAnalyzer/docs/scientific/rfc/JGA_WHOLE_TRACK_GROOVE_FROZEN_PIPELINE_001_20260921/WHOLE_TRACK_JOINED_EVENTS.csv,810dead183772c6ee3c2ffed01cb79b2a05045abb2aea4e4c8903c180932a4a5,c7efaf8d2029ed140d67b7cbfff1c23fd33e0ffcae18f285566266c063f78e1c,NEW_020,True
F_MIX_01514,305.5629931972789,DRUM_SUPPORTED,838,305.57460317460317,161.49902343750904,-11.60997732427000,PRIMARY,F_MIX_01514,/Users/StarTrack/Development/JazzGrooveAnalyzer/docs/scientific/rfc/JGA_WHOLE_TRACK_GROOVE_FROZEN_PIPELINE_001_20260921/WHOLE_TRACK_JOINED_EVENTS.csv,810dead183772c6ee3c2ffed01cb79b2a05045abb2aea4e4c8903c180932a4a5,c7efaf8d2029ed140d67b7cbfff1c23fd33e0ffcae18f285566266c063f78e1c,NEW_020,True
F_MIX_01515,305.9229024943311,BASS_AND_DRUM_SUPPORTED,839,305.94612244897957,172.26562499998857,-23.21995464847000,PRIMARY,F_MIX_01515,/Users/StarTrack/Development/JazzGrooveAnalyzer/docs/scientific/rfc/JGA_WHOLE_TRACK_GROOVE_FROZEN_PIPELINE_001_20260921/WHOLE_TRACK_JOINED_EVENTS.csv,810dead183772c6ee3c2ffed01cb79b2a05045abb2aea4e4c8903c180932a4a5,c7efaf8d2029ed140d67b7cbfff1c23fd33e0ffcae18f285566266c063f78e1c,NEW_020,True
F_MIX_01516,306.2828117913832,BASS_AND_DRUM_SUPPORTED,840,306.2944217687075,161.49902343750904,-11.6099773243000,PRIMARY,F_MIX_01516,/Users/StarTrack/Development/JazzGrooveAnalyzer/docs/scientific/rfc/JGA_WHOLE_TRACK_GROOVE_FROZEN_PIPELINE_001_20260921/WHOLE_TRACK_JOINED_EVENTS.csv,810dead183772c6ee3c2ffed01cb79b2a05045abb2aea4e4c8903c180932a4a5,c7efaf8d2029ed140d67b7cbfff1c23fd33e0ffcae18f285566266c063f78e1c,NEW_020,True
F_MIX_01517,306.5730612244898,BASS_AND_DRUM_SUPPORTED,841,306.6659410430839,161.49902343748434,-92.8798185941000,CONTEXT,F_MIX_01517,/Users/StarTrack/Development/JazzGrooveAnalyzer/docs/scientific/rfc/JGA_WHOLE_TRACK_GROOVE_FROZEN_PIPELINE_001_20260921/WHOLE_TRACK_JOINED_EVENTS.csv,810dead183772c6ee3c2ffed01cb79b2a05045abb2aea4e4c8903c180932a4a5,c7efaf8d2029ed140d67b7cbfff1c23fd33e0ffcae18f285566266c063f78e1c,NEW_020,True
F_MIX_01518,306.65433106575966,DRUM_SUPPORTED,841,306.6659410430839,161.49902343748434,-11.60997732424000,PRIMARY,F_MIX_01518,/Users/StarTrack/Development/JazzGrooveAnalyzer/docs/scientific/rfc/JGA_WHOLE_TRACK_GROOVE_FROZEN_PIPELINE_001_20260921/WHOLE_TRACK_JOINED_EVENTS.csv,810dead183772c6ee3c2ffed01cb79b2a05045abb2aea4e4c8903c180932a4a5,c7efaf8d2029ed140d67b7cbfff1c23fd33e0ffcae18f285566266c063f78e1c,NEW_020,True
F_MIX_01519,307.0142403628118,BASS_AND_DRUM_SUPPORTED,842,307.03746031746033,172.26562500001668,-23.21995464853000,PRIMARY,F_MIX_01519,/Users/StarTrack/Development/JazzGrooveAnalyzer/docs/scientific/rfc/JGA_WHOLE_TRACK_GROOVE_FROZEN_PIPELINE_001_20260921/WHOLE_TRACK_JOINED_EVENTS.csv,810dead183772c6ee3c2ffed01cb79b2a05045abb2aea4e4c8903c180932a4a5,c7efaf8d2029ed140d67b7cbfff1c23fd33e0ffcae18f285566266c063f78e1c,NEW_020,True
F_MIX_01520,307.3741496598639,BASS_AND_DRUM_SUPPORTED,843,307.3857596371882,172.26562499998857,-11.6099773243000,PRIMARY,F_MIX_01520,/Users/StarTrack/Development/JazzGrooveAnalyzer/docs/scientific/rfc/JGA_WHOLE_TRACK_GROOVE_FROZEN_PIPELINE_001_20260921/WHOLE_TRACK_JOINED_EVENTS.csv,810dead183772c6ee3c2ffed01cb79b2a05045abb2aea4e4c8903c180932a4a5,c7efaf8d2029ed140d67b7cbfff1c23fd33e0ffcae18f285566266c063f78e1c,NEW_020,True
F_MIX_01521,307.7340589569161,BASS_AND_DRUM_SUPPORTED,844,307.7340589569161,161.49902343750904,0E-13,PRIMARY,F_MIX_01521,/Users/StarTrack/Development/JazzGrooveAnalyzer/docs/scientific/rfc/JGA_WHOLE_TRACK_GROOVE_FROZEN_PIPELINE_001_20260921/WHOLE_TRACK_JOINED_EVENTS.csv,810dead183772c6ee3c2ffed01cb79b2a05045abb2aea4e4c8903c180932a4a5,c7efaf8d2029ed140d67b7cbfff1c23fd33e0ffcae18f285566266c063f78e1c,NEW_020,True
F_MIX_01522,308.03591836734694,UNKNOWN,845,308.1055782312925,172.26562499998857,-69.65986394556000,CONTEXT,F_MIX_01522,/Users/StarTrack/Development/JazzGrooveAnalyzer/docs/scientific/rfc/JGA_WHOLE_TRACK_GROOVE_FROZEN_PIPELINE_001_20260921/WHOLE_TRACK_JOINED_EVENTS.csv,810dead183772c6ee3c2ffed01cb79b2a05045abb2aea4e4c8903c180932a4a5,c7efaf8d2029ed140d67b7cbfff1c23fd33e0ffcae18f285566266c063f78e1c,NEW_020,True
F_MIX_01523,308.11718820861677,BASS_AND_DRUM_SUPPORTED,845,308.1055782312925,172.26562499998857,11.60997732427000,PRIMARY,F_MIX_01523,/Users/StarTrack/Development/JazzGrooveAnalyzer/docs/scientific/rfc/JGA_WHOLE_TRACK_GROOVE_FROZEN_PIPELINE_001_20260921/WHOLE_TRACK_JOINED_EVENTS.csv,810dead183772c6ee3c2ffed01cb79b2a05045abb2aea4e4c8903c180932a4a5,c7efaf8d2029ed140d67b7cbfff1c23fd33e0ffcae18f285566266c063f78e1c,NEW_020,True
F_MIX_01524,308.4654875283447,BASS_AND_DRUM_SUPPORTED,846,308.4538775510204,161.49902343750904,11.6099773243000,PRIMARY,F_MIX_01524,/Users/StarTrack/Development/JazzGrooveAnalyzer/docs/scientific/rfc/JGA_WHOLE_TRACK_GROOVE_FROZEN_PIPELINE_001_20260921/WHOLE_TRACK_JOINED_EVENTS.csv,810dead183772c6ee3c2ffed01cb79b2a05045abb2aea4e4c8903c180932a4a5,c7efaf8d2029ed140d67b7cbfff1c23fd33e0ffcae18f285566266c063f78e1c,NEW_020,True
F_MIX_01525,308.8253968253968,BASS_AND_DRUM_SUPPORTED,847,308.8253968253968,161.49902343748434,0E-13,PRIMARY,F_MIX_01525,/Users/StarTrack/Development/JazzGrooveAnalyzer/docs/scientific/rfc/JGA_WHOLE_TRACK_GROOVE_FROZEN_PIPELINE_001_20260921/WHOLE_TRACK_JOINED_EVENTS.csv,810dead183772c6ee3c2ffed01cb79b2a05045abb2aea4e4c8903c180932a4a5,c7efaf8d2029ed140d67b7cbfff1c23fd33e0ffcae18f285566266c063f78e1c,NEW_020,True
F_MIX_01526,309.0924263038549,BASS_SUPPORTED,848,309.19691609977326,172.26562500001668,-104.48979591836000,CONTEXT,F_MIX_01526,/Users/StarTrack/Development/JazzGrooveAnalyzer/docs/scientific/rfc/JGA_WHOLE_TRACK_GROOVE_FROZEN_PIPELINE_001_20260921/WHOLE_TRACK_JOINED_EVENTS.csv,810dead183772c6ee3c2ffed01cb79b2a05045abb2aea4e4c8903c180932a4a5,c7efaf8d2029ed140d67b7cbfff1c23fd33e0ffcae18f285566266c063f78e1c,NEW_020,True
F_MIX_01527,309.185306122449,DRUM_SUPPORTED,848,309.19691609977326,172.26562500001668,-11.60997732426000,PRIMARY,F_MIX_01527,/Users/StarTrack/Development/JazzGrooveAnalyzer/docs/scientific/rfc/JGA_WHOLE_TRACK_GROOVE_FROZEN_PIPELINE_001_20260921/WHOLE_TRACK_JOINED_EVENTS.csv,810dead183772c6ee3c2ffed01cb79b2a05045abb2aea4e4c8903c180932a4a5,c7efaf8d2029ed140d67b7cbfff1c23fd33e0ffcae18f285566266c063f78e1c,NEW_020,True
F_MIX_01528,309.3710657596372,UNKNOWN,849,309.5452154195011,161.49902343748434,-174.1496598639000,CONTEXT,F_MIX_01528,/Users/StarTrack/Development/JazzGrooveAnalyzer/docs/scientific/rfc/JGA_WHOLE_TRACK_GROOVE_FROZEN_PIPELINE_001_20260921/WHOLE_TRACK_JOINED_EVENTS.csv,810dead183772c6ee3c2ffed01cb79b2a05045abb2aea4e4c8903c180932a4a5,c7efaf8d2029ed140d67b7cbfff1c23fd33e0ffcae18f285566266c063f78e1c,NEW_020,True
F_MIX_01529,309.5568253968254,DRUM_SUPPORTED,849,309.5452154195011,161.49902343748434,11.6099773243000,PRIMARY,F_MIX_01529,/Users/StarTrack/Development/JazzGrooveAnalyzer/docs/scientific/rfc/JGA_WHOLE_TRACK_GROOVE_FROZEN_PIPELINE_001_20260921/WHOLE_TRACK_JOINED_EVENTS.csv,810dead183772c6ee3c2ffed01cb79b2a05045abb2aea4e4c8903c180932a4a5,c7efaf8d2029ed140d67b7cbfff1c23fd33e0ffcae18f285566266c063f78e1c,NEW_020,True
F_MIX_01530,309.84707482993196,UNKNOWN,850,309.9167346938776,161.49902343750904,-69.65986394564000,CONTEXT,F_MIX_01530,/Users/StarTrack/Development/JazzGrooveAnalyzer/docs/scientific/rfc/JGA_WHOLE_TRACK_GROOVE_FROZEN_PIPELINE_001_20260921/WHOLE_TRACK_JOINED_EVENTS.csv,810dead183772c6ee3c2ffed01cb79b2a05045abb2aea4e4c8903c180932a4a5,c7efaf8d2029ed140d67b7cbfff1c23fd33e0ffcae18f285566266c063f78e1c,NEW_020,True
F_MIX_01531,309.9167346938776,BASS_AND_DRUM_SUPPORTED,850,309.9167346938776,161.49902343750904,0E-13,PRIMARY,F_MIX_01531,/Users/StarTrack/Development/JazzGrooveAnalyzer/docs/scientific/rfc/JGA_WHOLE_TRACK_GROOVE_FROZEN_PIPELINE_001_20260921/WHOLE_TRACK_JOINED_EVENTS.csv,810dead183772c6ee3c2ffed01cb79b2a05045abb2aea4e4c8903c180932a4a5,c7efaf8d2029ed140d67b7cbfff1c23fd33e0ffcae18f285566266c063f78e1c,NEW_020,True
F_MIX_01532,310.19537414965987,UNKNOWN,851,310.28825396825397,161.49902343750904,-92.87981859410000,CONTEXT,F_MIX_01532,/Users/StarTrack/Development/JazzGrooveAnalyzer/docs/scientific/rfc/JGA_WHOLE_TRACK_GROOVE_FROZEN_PIPELINE_001_20260921/WHOLE_TRACK_JOINED_EVENTS.csv,810dead183772c6ee3c2ffed01cb79b2a05045abb2aea4e4c8903c180932a4a5,c7efaf8d2029ed140d67b7cbfff1c23fd33e0ffcae18f285566266c063f78e1c,NEW_020,True
F_MIX_01533,310.3114739229025,DRUM_SUPPORTED,851,310.28825396825397,161.49902343750904,23.21995464853000,PRIMARY,F_MIX_01533,/Users/StarTrack/Development/JazzGrooveAnalyzer/docs/scientific/rfc/JGA_WHOLE_TRACK_GROOVE_FROZEN_PIPELINE_001_20260921/WHOLE_TRACK_JOINED_EVENTS.csv,810dead183772c6ee3c2ffed01cb79b2a05045abb2aea4e4c8903c180932a4a5,c7efaf8d2029ed140d67b7cbfff1c23fd33e0ffcae18f285566266c063f78e1c,NEW_020,True
F_MIX_01534,310.6365532879819,BASS_AND_DRUM_SUPPORTED,852,310.65977324263037,161.49902343748434,-23.21995464847000,CONTEXT,F_MIX_01534,/Users/StarTrack/Development/JazzGrooveAnalyzer/docs/scientific/rfc/JGA_WHOLE_TRACK_GROOVE_FROZEN_PIPELINE_001_20260921/WHOLE_TRACK_JOINED_EVENTS.csv,810dead183772c6ee3c2ffed01cb79b2a05045abb2aea4e4c8903c180932a4a5,c7efaf8d2029ed140d67b7cbfff1c23fd33e0ffcae18f285566266c063f78e1c,NEW_020,True
F_MIX_01535,310.67138321995463,DRUM_SUPPORTED,852,310.65977324263037,161.49902343748434,11.60997732426000,PRIMARY,F_MIX_01535,/Users/StarTrack/Development/JazzGrooveAnalyzer/docs/scientific/rfc/JGA_WHOLE_TRACK_GROOVE_FROZEN_PIPELINE_001_20260921/WHOLE_TRACK_JOINED_EVENTS.csv,810dead183772c6ee3c2ffed01cb79b2a05045abb2aea4e4c8903c180932a4a5,c7efaf8d2029ed140d67b7cbfff1c23fd33e0ffcae18f285566266c063f78e1c,NEW_020,True
F_MIX_01536,311.01968253968255,BASS_AND_DRUM_SUPPORTED,853,311.0312925170068,161.49902343750904,-11.60997732425000,PRIMARY,F_MIX_01536,/Users/StarTrack/Development/JazzGrooveAnalyzer/docs/scientific/rfc/JGA_WHOLE_TRACK_GROOVE_FROZEN_PIPELINE_001_20260921/WHOLE_TRACK_JOINED_EVENTS.csv,810dead183772c6ee3c2ffed01cb79b2a05045abb2aea4e4c8903c180932a4a5,c7efaf8d2029ed140d67b7cbfff1c23fd33e0ffcae18f285566266c063f78e1c,NEW_020,True
F_MIX_01537,311.4028117913832,DRUM_SUPPORTED,854,311.4028117913832,161.49902343750904,0E-13,PRIMARY,F_MIX_01537,/Users/StarTrack/Development/JazzGrooveAnalyzer/docs/scientific/rfc/JGA_WHOLE_TRACK_GROOVE_FROZEN_PIPELINE_001_20260921/WHOLE_TRACK_JOINED_EVENTS.csv,810dead183772c6ee3c2ffed01cb79b2a05045abb2aea4e4c8903c180932a4a5,c7efaf8d2029ed140d67b7cbfff1c23fd33e0ffcae18f285566266c063f78e1c,NEW_020,True
F_MIX_01538,311.6814512471655,UNKNOWN,855,311.7743310657596,161.49902343748434,-92.8798185941000,PRIMARY,F_MIX_01538,/Users/StarTrack/Development/JazzGrooveAnalyzer/docs/scientific/rfc/JGA_WHOLE_TRACK_GROOVE_FROZEN_PIPELINE_001_20260921/WHOLE_TRACK_JOINED_EVENTS.csv,810dead183772c6ee3c2ffed01cb79b2a05045abb2aea4e4c8903c180932a4a5,c7efaf8d2029ed140d67b7cbfff1c23fd33e0ffcae18f285566266c063f78e1c,NEW_020,True
F_MIX_01539,312.1226303854875,DRUM_SUPPORTED,856,312.14585034013606,161.49902343750904,-23.21995464856000,PRIMARY,F_MIX_01539,/Users/StarTrack/Development/JazzGrooveAnalyzer/docs/scientific/rfc/JGA_WHOLE_TRACK_GROOVE_FROZEN_PIPELINE_001_20260921/WHOLE_TRACK_JOINED_EVENTS.csv,810dead183772c6ee3c2ffed01cb79b2a05045abb2aea4e4c8903c180932a4a5,c7efaf8d2029ed140d67b7cbfff1c23fd33e0ffcae18f285566266c063f78e1c,NEW_020,True
F_MIX_01540,312.5057596371882,DRUM_SUPPORTED,857,312.51736961451246,161.49902343748434,-11.60997732426000,PRIMARY,F_MIX_01540,/Users/StarTrack/Development/JazzGrooveAnalyzer/docs/scientific/rfc/JGA_WHOLE_TRACK_GROOVE_FROZEN_PIPELINE_001_20260921/WHOLE_TRACK_JOINED_EVENTS.csv,810dead183772c6ee3c2ffed01cb79b2a05045abb2aea4e4c8903c180932a4a5,c7efaf8d2029ed140d67b7cbfff1c23fd33e0ffcae18f285566266c063f78e1c,NEW_020,True
F_MIX_01541,312.8656689342404,DRUM_SUPPORTED,858,312.8888888888889,172.26562500001668,-23.2199546485000,PRIMARY,F_MIX_01541,/Users/StarTrack/Development/JazzGrooveAnalyzer/docs/scientific/rfc/JGA_WHOLE_TRACK_GROOVE_FROZEN_PIPELINE_001_20260921/WHOLE_TRACK_JOINED_EVENTS.csv,810dead183772c6ee3c2ffed01cb79b2a05045abb2aea4e4c8903c180932a4a5,c7efaf8d2029ed140d67b7cbfff1c23fd33e0ffcae18f285566266c063f78e1c,NEW_020,True
F_MIX_01542,313.15591836734694,UNKNOWN,859,313.2371882086168,161.49902343748434,-81.26984126986000,CONTEXT,F_MIX_01542,/Users/StarTrack/Development/JazzGrooveAnalyzer/docs/scientific/rfc/JGA_WHOLE_TRACK_GROOVE_FROZEN_PIPELINE_001_20260921/WHOLE_TRACK_JOINED_EVENTS.csv,810dead183772c6ee3c2ffed01cb79b2a05045abb2aea4e4c8903c180932a4a5,c7efaf8d2029ed140d67b7cbfff1c23fd33e0ffcae18f285566266c063f78e1c,NEW_020,True
F_MIX_01543,313.2604081632653,DRUM_SUPPORTED,859,313.2371882086168,161.49902343748434,23.2199546485000,PRIMARY,F_MIX_01543,/Users/StarTrack/Development/JazzGrooveAnalyzer/docs/scientific/rfc/JGA_WHOLE_TRACK_GROOVE_FROZEN_PIPELINE_001_20260921/WHOLE_TRACK_JOINED_EVENTS.csv,810dead183772c6ee3c2ffed01cb79b2a05045abb2aea4e4c8903c180932a4a5,c7efaf8d2029ed140d67b7cbfff1c23fd33e0ffcae18f285566266c063f78e1c,NEW_020,True
F_MIX_01544,313.6087074829932,BASS_AND_DRUM_SUPPORTED,860,313.6087074829932,161.49902343750904,0E-13,PRIMARY,F_MIX_01544,/Users/StarTrack/Development/JazzGrooveAnalyzer/docs/scientific/rfc/JGA_WHOLE_TRACK_GROOVE_FROZEN_PIPELINE_001_20260921/WHOLE_TRACK_JOINED_EVENTS.csv,810dead183772c6ee3c2ffed01cb79b2a05045abb2aea4e4c8903c180932a4a5,c7efaf8d2029ed140d67b7cbfff1c23fd33e0ffcae18f285566266c063f78e1c,NEW_020,True
F_MIX_01545,313.96861678004535,BASS_AND_DRUM_SUPPORTED,861,313.9802267573696,161.49902343750904,-11.60997732425000,PRIMARY,F_MIX_01545,/Users/StarTrack/Development/JazzGrooveAnalyzer/docs/scientific/rfc/JGA_WHOLE_TRACK_GROOVE_FROZEN_PIPELINE_001_20260921/WHOLE_TRACK_JOINED_EVENTS.csv,810dead183772c6ee3c2ffed01cb79b2a05045abb2aea4e4c8903c180932a4a5,c7efaf8d2029ed140d67b7cbfff1c23fd33e0ffcae18f285566266c063f78e1c,NEW_020,True
F_MIX_01546,314.01505668934243,UNKNOWN,861,313.9802267573696,161.49902343750904,34.82993197283000,CONTEXT,F_MIX_01546,/Users/StarTrack/Development/JazzGrooveAnalyzer/docs/scientific/rfc/JGA_WHOLE_TRACK_GROOVE_FROZEN_PIPELINE_001_20260921/WHOLE_TRACK_JOINED_EVENTS.csv,810dead183772c6ee3c2ffed01cb79b2a05045abb2aea4e4c8903c180932a4a5,c7efaf8d2029ed140d67b7cbfff1c23fd33e0ffcae18f285566266c063f78e1c,NEW_020,True
F_MIX_01547,314.34013605442175,BASS_AND_DRUM_SUPPORTED,862,314.351746031746,161.49902343748434,-11.60997732425000,PRIMARY,F_MIX_01547,/Users/StarTrack/Development/JazzGrooveAnalyzer/docs/scientific/rfc/JGA_WHOLE_TRACK_GROOVE_FROZEN_PIPELINE_001_20260921/WHOLE_TRACK_JOINED_EVENTS.csv,810dead183772c6ee3c2ffed01cb79b2a05045abb2aea4e4c8903c180932a4a5,c7efaf8d2029ed140d67b7cbfff1c23fd33e0ffcae18f285566266c063f78e1c,NEW_020,True
F_MIX_01548,314.6187755102041,UNKNOWN,863,314.72326530612247,161.49902343750904,-104.48979591837000,PRIMARY,F_MIX_01548,/Users/StarTrack/Development/JazzGrooveAnalyzer/docs/scientific/rfc/JGA_WHOLE_TRACK_GROOVE_FROZEN_PIPELINE_001_20260921/WHOLE_TRACK_JOINED_EVENTS.csv,810dead183772c6ee3c2ffed01cb79b2a05045abb2aea4e4c8903c180932a4a5,c7efaf8d2029ed140d67b7cbfff1c23fd33e0ffcae18f285566266c063f78e1c,NEW_020,True
F_MIX_01549,314.97868480725623,UNKNOWN,864,315.09478458049887,172.26562499998857,-116.09977324264000,CONTEXT,F_MIX_01549,/Users/StarTrack/Development/JazzGrooveAnalyzer/docs/scientific/rfc/JGA_WHOLE_TRACK_GROOVE_FROZEN_PIPELINE_001_20260921/WHOLE_TRACK_JOINED_EVENTS.csv,810dead183772c6ee3c2ffed01cb79b2a05045abb2aea4e4c8903c180932a4a5,c7efaf8d2029ed140d67b7cbfff1c23fd33e0ffcae18f285566266c063f78e1c,NEW_020,True
F_MIX_01550,315.0715646258503,BASS_AND_DRUM_SUPPORTED,864,315.09478458049887,172.26562499998857,-23.21995464857000,PRIMARY,F_MIX_01550,/Users/StarTrack/Development/JazzGrooveAnalyzer/docs/scientific/rfc/JGA_WHOLE_TRACK_GROOVE_FROZEN_PIPELINE_001_20260921/WHOLE_TRACK_JOINED_EVENTS.csv,810dead183772c6ee3c2ffed01cb79b2a05045abb2aea4e4c8903c180932a4a5,c7efaf8d2029ed140d67b7cbfff1c23fd33e0ffcae18f285566266c063f78e1c,NEW_021,True
F_MIX_01551,315.4430839002268,DRUM_SUPPORTED,865,315.4430839002268,161.49902343750904,0E-13,PRIMARY,F_MIX_01551,/Users/StarTrack/Development/JazzGrooveAnalyzer/docs/scientific/rfc/JGA_WHOLE_TRACK_GROOVE_FROZEN_PIPELINE_001_20260921/WHOLE_TRACK_JOINED_EVENTS.csv,810dead183772c6ee3c2ffed01cb79b2a05045abb2aea4e4c8903c180932a4a5,c7efaf8d2029ed140d67b7cbfff1c23fd33e0ffcae18f285566266c063f78e1c,NEW_021,True
F_MIX_01552,315.8029931972789,BASS_AND_DRUM_SUPPORTED,866,315.8146031746032,161.49902343750904,-11.6099773243000,PRIMARY,F_MIX_01552,/Users/StarTrack/Development/JazzGrooveAnalyzer/docs/scientific/rfc/JGA_WHOLE_TRACK_GROOVE_FROZEN_PIPELINE_001_20260921/WHOLE_TRACK_JOINED_EVENTS.csv,810dead183772c6ee3c2ffed01cb79b2a05045abb2aea4e4c8903c180932a4a5,c7efaf8d2029ed140d67b7cbfff1c23fd33e0ffcae18f285566266c063f78e1c,NEW_021,True
F_MIX_01553,316.0816326530612,UNKNOWN,867,316.1861224489796,161.49902343748434,-104.4897959184000,CONTEXT,F_MIX_01553,/Users/StarTrack/Development/JazzGrooveAnalyzer/docs/scientific/rfc/JGA_WHOLE_TRACK_GROOVE_FROZEN_PIPELINE_001_20260921/WHOLE_TRACK_JOINED_EVENTS.csv,810dead183772c6ee3c2ffed01cb79b2a05045abb2aea4e4c8903c180932a4a5,c7efaf8d2029ed140d67b7cbfff1c23fd33e0ffcae18f285566266c063f78e1c,NEW_021,True
F_MIX_01554,316.1861224489796,DRUM_SUPPORTED,867,316.1861224489796,161.49902343748434,0E-13,PRIMARY,F_MIX_01554,/Users/StarTrack/Development/JazzGrooveAnalyzer/docs/scientific/rfc/JGA_WHOLE_TRACK_GROOVE_FROZEN_PIPELINE_001_20260921/WHOLE_TRACK_JOINED_EVENTS.csv,810dead183772c6ee3c2ffed01cb79b2a05045abb2aea4e4c8903c180932a4a5,c7efaf8d2029ed140d67b7cbfff1c23fd33e0ffcae18f285566266c063f78e1c,NEW_021,True
F_MIX_01555,316.51120181405895,DRUM_SUPPORTED,868,316.557641723356,172.26562500001668,-46.43990929705000,PRIMARY,F_MIX_01555,/Users/StarTrack/Development/JazzGrooveAnalyzer/docs/scientific/rfc/JGA_WHOLE_TRACK_GROOVE_FROZEN_PIPELINE_001_20260921/WHOLE_TRACK_JOINED_EVENTS.csv,810dead183772c6ee3c2ffed01cb79b2a05045abb2aea4e4c8903c180932a4a5,c7efaf8d2029ed140d67b7cbfff1c23fd33e0ffcae18f285566266c063f78e1c,NEW_021,True
F_MIX_01556,316.9407709750567,BASS_SUPPORTED,869,316.9059410430839,161.49902343748434,34.8299319728000,PRIMARY,F_MIX_01556,/Users/StarTrack/Development/JazzGrooveAnalyzer/docs/scientific/rfc/JGA_WHOLE_TRACK_GROOVE_FROZEN_PIPELINE_001_20260921/WHOLE_TRACK_JOINED_EVENTS.csv,810dead183772c6ee3c2ffed01cb79b2a05045abb2aea4e4c8903c180932a4a5,c7efaf8d2029ed140d67b7cbfff1c23fd33e0ffcae18f285566266c063f78e1c,NEW_021,True
F_MIX_01557,317.27746031746034,BASS_AND_DRUM_SUPPORTED,870,317.27746031746034,161.49902343750904,0E-14,PRIMARY,F_MIX_01557,/Users/StarTrack/Development/JazzGrooveAnalyzer/docs/scientific/rfc/JGA_WHOLE_TRACK_GROOVE_FROZEN_PIPELINE_001_20260921/WHOLE_TRACK_JOINED_EVENTS.csv,810dead183772c6ee3c2ffed01cb79b2a05045abb2aea4e4c8903c180932a4a5,c7efaf8d2029ed140d67b7cbfff1c23fd33e0ffcae18f285566266c063f78e1c,NEW_021,True
F_MIX_01558,317.5677097505669,UNKNOWN,871,317.64897959183673,161.49902343750904,-81.26984126983000,PRIMARY,F_MIX_01558,/Users/StarTrack/Development/JazzGrooveAnalyzer/docs/scientific/rfc/JGA_WHOLE_TRACK_GROOVE_FROZEN_PIPELINE_001_20260921/WHOLE_TRACK_JOINED_EVENTS.csv,810dead183772c6ee3c2ffed01cb79b2a05045abb2aea4e4c8903c180932a4a5,c7efaf8d2029ed140d67b7cbfff1c23fd33e0ffcae18f285566266c063f78e1c,NEW_021,True
F_MIX_01559,317.9392290249433,UNKNOWN,872,318.02049886621313,172.26562499998857,-81.26984126983000,CONTEXT,F_MIX_01559,/Users/StarTrack/Development/JazzGrooveAnalyzer/docs/scientific/rfc/JGA_WHOLE_TRACK_GROOVE_FROZEN_PIPELINE_001_20260921/WHOLE_TRACK_JOINED_EVENTS.csv,810dead183772c6ee3c2ffed01cb79b2a05045abb2aea4e4c8903c180932a4a5,c7efaf8d2029ed140d67b7cbfff1c23fd33e0ffcae18f285566266c063f78e1c,NEW_021,True
F_MIX_01560,318.00888888888886,BASS_AND_DRUM_SUPPORTED,872,318.02049886621313,172.26562499998857,-11.60997732427000,PRIMARY,F_MIX_01560,/Users/StarTrack/Development/JazzGrooveAnalyzer/docs/scientific/rfc/JGA_WHOLE_TRACK_GROOVE_FROZEN_PIPELINE_001_20260921/WHOLE_TRACK_JOINED_EVENTS.csv,810dead183772c6ee3c2ffed01cb79b2a05045abb2aea4e4c8903c180932a4a5,c7efaf8d2029ed140d67b7cbfff1c23fd33e0ffcae18f285566266c063f78e1c,NEW_021,True
F_MIX_01561,318.2991383219955,UNKNOWN,873,318.36879818594105,161.49902343750904,-69.65986394555000,PRIMARY,F_MIX_01561,/Users/StarTrack/Development/JazzGrooveAnalyzer/docs/scientific/rfc/JGA_WHOLE_TRACK_GROOVE_FROZEN_PIPELINE_001_20260921/WHOLE_TRACK_JOINED_EVENTS.csv,810dead183772c6ee3c2ffed01cb79b2a05045abb2aea4e4c8903c180932a4a5,c7efaf8d2029ed140d67b7cbfff1c23fd33e0ffcae18f285566266c063f78e1c,NEW_021,True
F_MIX_01562,318.55455782312924,UNKNOWN,873,318.36879818594105,161.49902343750904,185.75963718819000,CONTEXT,F_MIX_01562,/Users/StarTrack/Development/JazzGrooveAnalyzer/docs/scientific/rfc/JGA_WHOLE_TRACK_GROOVE_FROZEN_PIPELINE_001_20260921/WHOLE_TRACK_JOINED_EVENTS.csv,810dead183772c6ee3c2ffed01cb79b2a05045abb2aea4e4c8903c180932a4a5,c7efaf8d2029ed140d67b7cbfff1c23fd33e0ffcae18f285566266c063f78e1c,NEW_021,True
F_MIX_01563,318.74031746031744,BASS_AND_DRUM_SUPPORTED,874,318.74031746031744,161.49902343748434,0E-14,PRIMARY,F_MIX_01563,/Users/StarTrack/Development/JazzGrooveAnalyzer/docs/scientific/rfc/JGA_WHOLE_TRACK_GROOVE_FROZEN_PIPELINE_001_20260921/WHOLE_TRACK_JOINED_EVENTS.csv,810dead183772c6ee3c2ffed01cb79b2a05045abb2aea4e4c8903c180932a4a5,c7efaf8d2029ed140d67b7cbfff1c23fd33e0ffcae18f285566266c063f78e1c,NEW_021,True
F_MIX_01564,319.030566893424,UNKNOWN,875,319.1118367346939,172.26562500001668,-81.2698412699000,CONTEXT,F_MIX_01564,/Users/StarTrack/Development/JazzGrooveAnalyzer/docs/scientific/rfc/JGA_WHOLE_TRACK_GROOVE_FROZEN_PIPELINE_001_20260921/WHOLE_TRACK_JOINED_EVENTS.csv,810dead183772c6ee3c2ffed01cb79b2a05045abb2aea4e4c8903c180932a4a5,c7efaf8d2029ed140d67b7cbfff1c23fd33e0ffcae18f285566266c063f78e1c,NEW_021,True
F_MIX_01565,319.12344671201816,BASS_AND_DRUM_SUPPORTED,875,319.1118367346939,172.26562500001668,11.60997732426000,PRIMARY,F_MIX_01565,/Users/StarTrack/Development/JazzGrooveAnalyzer/docs/scientific/rfc/JGA_WHOLE_TRACK_GROOVE_FROZEN_PIPELINE_001_20260921/WHOLE_TRACK_JOINED_EVENTS.csv,810dead183772c6ee3c2ffed01cb79b2a05045abb2aea4e4c8903c180932a4a5,c7efaf8d2029ed140d67b7cbfff1c23fd33e0ffcae18f285566266c063f78e1c,NEW_021,True
F_MIX_01566,319.27437641723355,UNKNOWN,875,319.1118367346939,172.26562500001668,162.53968253965000,CONTEXT,F_MIX_01566,/Users/StarTrack/Development/JazzGrooveAnalyzer/docs/scientific/rfc/JGA_WHOLE_TRACK_GROOVE_FROZEN_PIPELINE_001_20260921/WHOLE_TRACK_JOINED_EVENTS.csv,810dead183772c6ee3c2ffed01cb79b2a05045abb2aea4e4c8903c180932a4a5,c7efaf8d2029ed140d67b7cbfff1c23fd33e0ffcae18f285566266c063f78e1c,NEW_021,True
F_MIX_01567,319.471746031746,BASS_AND_DRUM_SUPPORTED,876,319.46013605442175,161.49902343748434,11.60997732425000,PRIMARY,F_MIX_01567,/Users/StarTrack/Development/JazzGrooveAnalyzer/docs/scientific/rfc/JGA_WHOLE_TRACK_GROOVE_FROZEN_PIPELINE_001_20260921/WHOLE_TRACK_JOINED_EVENTS.csv,810dead183772c6ee3c2ffed01cb79b2a05045abb2aea4e4c8903c180932a4a5,c7efaf8d2029ed140d67b7cbfff1c23fd33e0ffcae18f285566266c063f78e1c,NEW_021,True
F_MIX_01568,319.7503854875283,UNKNOWN,877,319.8316553287982,161.49902343750904,-81.2698412699000,PRIMARY,F_MIX_01568,/Users/StarTrack/Development/JazzGrooveAnalyzer/docs/scientific/rfc/JGA_WHOLE_TRACK_GROOVE_FROZEN_PIPELINE_001_20260921/WHOLE_TRACK_JOINED_EVENTS.csv,810dead183772c6ee3c2ffed01cb79b2a05045abb2aea4e4c8903c180932a4a5,c7efaf8d2029ed140d67b7cbfff1c23fd33e0ffcae18f285566266c063f78e1c,NEW_021,True
F_MIX_01569,320.19156462585033,BASS_AND_DRUM_SUPPORTED,878,320.2031746031746,161.49902343750904,-11.60997732427000,PRIMARY,F_MIX_01569,/Users/StarTrack/Development/JazzGrooveAnalyzer/docs/scientific/rfc/JGA_WHOLE_TRACK_GROOVE_FROZEN_PIPELINE_001_20260921/WHOLE_TRACK_JOINED_EVENTS.csv,810dead183772c6ee3c2ffed01cb79b2a05045abb2aea4e4c8903c180932a4a5,c7efaf8d2029ed140d67b7cbfff1c23fd33e0ffcae18f285566266c063f78e1c,NEW_021,True
F_MIX_01570,320.22639455782314,UNKNOWN,878,320.2031746031746,161.49902343750904,23.21995464854000,CONTEXT,F_MIX_01570,/Users/StarTrack/Development/JazzGrooveAnalyzer/docs/scientific/rfc/JGA_WHOLE_TRACK_GROOVE_FROZEN_PIPELINE_001_20260921/WHOLE_TRACK_JOINED_EVENTS.csv,810dead183772c6ee3c2ffed01cb79b2a05045abb2aea4e4c8903c180932a4a5,c7efaf8d2029ed140d67b7cbfff1c23fd33e0ffcae18f285566266c063f78e1c,NEW_021,True
F_MIX_01571,320.4818140589569,UNKNOWN,879,320.574693877551,161.49902343748434,-92.8798185941000,PRIMARY,F_MIX_01571,/Users/StarTrack/Development/JazzGrooveAnalyzer/docs/scientific/rfc/JGA_WHOLE_TRACK_GROOVE_FROZEN_PIPELINE_001_20260921/WHOLE_TRACK_JOINED_EVENTS.csv,810dead183772c6ee3c2ffed01cb79b2a05045abb2aea4e4c8903c180932a4a5,c7efaf8d2029ed140d67b7cbfff1c23fd33e0ffcae18f285566266c063f78e1c,NEW_021,True
F_MIX_01572,320.9346031746032,BASS_AND_DRUM_SUPPORTED,880,320.94621315192745,172.26562500001668,-11.60997732425000,PRIMARY,F_MIX_01572,/Users/StarTrack/Development/JazzGrooveAnalyzer/docs/scientific/rfc/JGA_WHOLE_TRACK_GROOVE_FROZEN_PIPELINE_001_20260921/WHOLE_TRACK_JOINED_EVENTS.csv,810dead183772c6ee3c2ffed01cb79b2a05045abb2aea4e4c8903c180932a4a5,c7efaf8d2029ed140d67b7cbfff1c23fd33e0ffcae18f285566266c063f78e1c,NEW_021,True
F_MIX_01573,321.2132426303855,UNKNOWN,881,321.2945124716553,161.49902343748434,-81.2698412698000,PRIMARY,F_MIX_01573,/Users/StarTrack/Development/JazzGrooveAnalyzer/docs/scientific/rfc/JGA_WHOLE_TRACK_GROOVE_FROZEN_PIPELINE_001_20260921/WHOLE_TRACK_JOINED_EVENTS.csv,810dead183772c6ee3c2ffed01cb79b2a05045abb2aea4e4c8903c180932a4a5,c7efaf8d2029ed140d67b7cbfff1c23fd33e0ffcae18f285566266c063f78e1c,NEW_021,True
F_MIX_01574,321.67764172335603,DRUM_SUPPORTED,882,321.66603174603176,161.49902343750904,11.60997732427000,PRIMARY,F_MIX_01574,/Users/StarTrack/Development/JazzGrooveAnalyzer/docs/scientific/rfc/JGA_WHOLE_TRACK_GROOVE_FROZEN_PIPELINE_001_20260921/WHOLE_TRACK_JOINED_EVENTS.csv,810dead183772c6ee3c2ffed01cb79b2a05045abb2aea4e4c8903c180932a4a5,c7efaf8d2029ed140d67b7cbfff1c23fd33e0ffcae18f285566266c063f78e1c,NEW_021,True
F_MIX_01575,321.95628117913833,UNKNOWN,883,322.03755102040816,161.49902343750904,-81.26984126983000,PRIMARY,F_MIX_01575,/Users/StarTrack/Development/JazzGrooveAnalyzer/docs/scientific/rfc/JGA_WHOLE_TRACK_GROOVE_FROZEN_PIPELINE_001_20260921/WHOLE_TRACK_JOINED_EVENTS.csv,810dead183772c6ee3c2ffed01cb79b2a05045abb2aea4e4c8903c180932a4a5,c7efaf8d2029ed140d67b7cbfff1c23fd33e0ffcae18f285566266c063f78e1c,NEW_021,True
F_MIX_01576,322.35102040816327,UNKNOWN,884,322.40907029478456,161.49902343748434,-58.04988662129000,CONTEXT,F_MIX_01576,/Users/StarTrack/Development/JazzGrooveAnalyzer/docs/scientific/rfc/JGA_WHOLE_TRACK_GROOVE_FROZEN_PIPELINE_001_20260921/WHOLE_TRACK_JOINED_EVENTS.csv,810dead183772c6ee3c2ffed01cb79b2a05045abb2aea4e4c8903c180932a4a5,c7efaf8d2029ed140d67b7cbfff1c23fd33e0ffcae18f285566266c063f78e1c,NEW_021,True
F_MIX_01577,322.4206802721088,DRUM_SUPPORTED,884,322.40907029478456,161.49902343748434,11.60997732424000,PRIMARY,F_MIX_01577,/Users/StarTrack/Development/JazzGrooveAnalyzer/docs/scientific/rfc/JGA_WHOLE_TRACK_GROOVE_FROZEN_PIPELINE_001_20260921/WHOLE_TRACK_JOINED_EVENTS.csv,810dead183772c6ee3c2ffed01cb79b2a05045abb2aea4e4c8903c180932a4a5,c7efaf8d2029ed140d67b7cbfff1c23fd33e0ffcae18f285566266c063f78e1c,NEW_021,True
F_MIX_01578,322.6993197278912,UNKNOWN,885,322.780589569161,161.49902343750904,-81.2698412698000,PRIMARY,F_MIX_01578,/Users/StarTrack/Development/JazzGrooveAnalyzer/docs/scientific/rfc/JGA_WHOLE_TRACK_GROOVE_FROZEN_PIPELINE_001_20260921/WHOLE_TRACK_JOINED_EVENTS.csv,810dead183772c6ee3c2ffed01cb79b2a05045abb2aea4e4c8903c180932a4a5,c7efaf8d2029ed140d67b7cbfff1c23fd33e0ffcae18f285566266c063f78e1c,NEW_021,True
F_MIX_01579,323.1637188208617,DRUM_SUPPORTED,886,323.1521088435374,161.49902343748434,11.6099773243000,PRIMARY,F_MIX_01579,/Users/StarTrack/Development/JazzGrooveAnalyzer/docs/scientific/rfc/JGA_WHOLE_TRACK_GROOVE_FROZEN_PIPELINE_001_20260921/WHOLE_TRACK_JOINED_EVENTS.csv,810dead183772c6ee3c2ffed01cb79b2a05045abb2aea4e4c8903c180932a4a5,c7efaf8d2029ed140d67b7cbfff1c23fd33e0ffcae18f285566266c063f78e1c,NEW_021,True
F_MIX_01580,323.442358276644,DRUM_SUPPORTED,887,323.52362811791386,172.26562500001668,-81.26984126986000,PRIMARY,F_MIX_01580,/Users/StarTrack/Development/JazzGrooveAnalyzer/docs/scientific/rfc/JGA_WHOLE_TRACK_GROOVE_FROZEN_PIPELINE_001_20260921/WHOLE_TRACK_JOINED_EVENTS.csv,810dead183772c6ee3c2ffed01cb79b2a05045abb2aea4e4c8903c180932a4a5,c7efaf8d2029ed140d67b7cbfff1c23fd33e0ffcae18f285566266c063f78e1c,NEW_021,True
F_MIX_01581,323.8138775510204,UNKNOWN,888,323.8719274376417,161.49902343750904,-58.0498866213000,CONTEXT,F_MIX_01581,/Users/StarTrack/Development/JazzGrooveAnalyzer/docs/scientific/rfc/JGA_WHOLE_TRACK_GROOVE_FROZEN_PIPELINE_001_20260921/WHOLE_TRACK_JOINED_EVENTS.csv,810dead183772c6ee3c2ffed01cb79b2a05045abb2aea4e4c8903c180932a4a5,c7efaf8d2029ed140d67b7cbfff1c23fd33e0ffcae18f285566266c063f78e1c,NEW_021,True
F_MIX_01582,323.883537414966,DRUM_SUPPORTED,888,323.8719274376417,161.49902343750904,11.6099773243000,PRIMARY,F_MIX_01582,/Users/StarTrack/Development/JazzGrooveAnalyzer/docs/scientific/rfc/JGA_WHOLE_TRACK_GROOVE_FROZEN_PIPELINE_001_20260921/WHOLE_TRACK_JOINED_EVENTS.csv,810dead183772c6ee3c2ffed01cb79b2a05045abb2aea4e4c8903c180932a4a5,c7efaf8d2029ed140d67b7cbfff1c23fd33e0ffcae18f285566266c063f78e1c,NEW_021,True
F_MIX_01583,324.150566893424,UNKNOWN,889,324.2434467120181,161.49902343748434,-92.8798185941000,CONTEXT,F_MIX_01583,/Users/StarTrack/Development/JazzGrooveAnalyzer/docs/scientific/rfc/JGA_WHOLE_TRACK_GROOVE_FROZEN_PIPELINE_001_20260921/WHOLE_TRACK_JOINED_EVENTS.csv,810dead183772c6ee3c2ffed01cb79b2a05045abb2aea4e4c8903c180932a4a5,c7efaf8d2029ed140d67b7cbfff1c23fd33e0ffcae18f285566266c063f78e1c,NEW_021,True
F_MIX_01584,324.2434467120181,DRUM_SUPPORTED,889,324.2434467120181,161.49902343748434,0E-13,PRIMARY,F_MIX_01584,/Users/StarTrack/Development/JazzGrooveAnalyzer/docs/scientific/rfc/JGA_WHOLE_TRACK_GROOVE_FROZEN_PIPELINE_001_20260921/WHOLE_TRACK_JOINED_EVENTS.csv,810dead183772c6ee3c2ffed01cb79b2a05045abb2aea4e4c8903c180932a4a5,c7efaf8d2029ed140d67b7cbfff1c23fd33e0ffcae18f285566266c063f78e1c,NEW_021,True
F_MIX_01585,324.61496598639457,DRUM_SUPPORTED,890,324.61496598639457,172.26562500001668,0E-14,PRIMARY,F_MIX_01585,/Users/StarTrack/Development/JazzGrooveAnalyzer/docs/scientific/rfc/JGA_WHOLE_TRACK_GROOVE_FROZEN_PIPELINE_001_20260921/WHOLE_TRACK_JOINED_EVENTS.csv,810dead183772c6ee3c2ffed01cb79b2a05045abb2aea4e4c8903c180932a4a5,c7efaf8d2029ed140d67b7cbfff1c23fd33e0ffcae18f285566266c063f78e1c,NEW_021,True
F_MIX_01586,324.90521541950113,UNKNOWN,891,324.9632653061224,172.26562499998857,-58.04988662127000,CONTEXT,F_MIX_01586,/Users/StarTrack/Development/JazzGrooveAnalyzer/docs/scientific/rfc/JGA_WHOLE_TRACK_GROOVE_FROZEN_PIPELINE_001_20260921/WHOLE_TRACK_JOINED_EVENTS.csv,810dead183772c6ee3c2ffed01cb79b2a05045abb2aea4e4c8903c180932a4a5,c7efaf8d2029ed140d67b7cbfff1c23fd33e0ffcae18f285566266c063f78e1c,NEW_021,True
F_MIX_01587,324.98648526077096,DRUM_SUPPORTED,891,324.9632653061224,172.26562499998857,23.21995464856000,PRIMARY,F_MIX_01587,/Users/StarTrack/Development/JazzGrooveAnalyzer/docs/scientific/rfc/JGA_WHOLE_TRACK_GROOVE_FROZEN_PIPELINE_001_20260921/WHOLE_TRACK_JOINED_EVENTS.csv,810dead183772c6ee3c2ffed01cb79b2a05045abb2aea4e4c8903c180932a4a5,c7efaf8d2029ed140d67b7cbfff1c23fd33e0ffcae18f285566266c063f78e1c,NEW_021,True
F_MIX_01588,325.3347845804989,DRUM_SUPPORTED,892,325.31156462585034,161.49902343750904,23.21995464856000,PRIMARY,F_MIX_01588,/Users/StarTrack/Development/JazzGrooveAnalyzer/docs/scientific/rfc/JGA_WHOLE_TRACK_GROOVE_FROZEN_PIPELINE_001_20260921/WHOLE_TRACK_JOINED_EVENTS.csv,810dead183772c6ee3c2ffed01cb79b2a05045abb2aea4e4c8903c180932a4a5,c7efaf8d2029ed140d67b7cbfff1c23fd33e0ffcae18f285566266c063f78e1c,NEW_021,True
F_MIX_01589,325.6018140589569,UNKNOWN,893,325.68308390022673,172.26562499998857,-81.26984126983000,PRIMARY,F_MIX_01589,/Users/StarTrack/Development/JazzGrooveAnalyzer/docs/scientific/rfc/JGA_WHOLE_TRACK_GROOVE_FROZEN_PIPELINE_001_20260921/WHOLE_TRACK_JOINED_EVENTS.csv,810dead183772c6ee3c2ffed01cb79b2a05045abb2aea4e4c8903c180932a4a5,c7efaf8d2029ed140d67b7cbfff1c23fd33e0ffcae18f285566266c063f78e1c,NEW_021,True
F_MIX_01590,325.9617233560091,UNKNOWN,894,326.03138321995465,172.26562499998857,-69.65986394555000,CONTEXT,F_MIX_01590,/Users/StarTrack/Development/JazzGrooveAnalyzer/docs/scientific/rfc/JGA_WHOLE_TRACK_GROOVE_FROZEN_PIPELINE_001_20260921/WHOLE_TRACK_JOINED_EVENTS.csv,810dead183772c6ee3c2ffed01cb79b2a05045abb2aea4e4c8903c180932a4a5,c7efaf8d2029ed140d67b7cbfff1c23fd33e0ffcae18f285566266c063f78e1c,NEW_021,True
F_MIX_01591,326.06621315192746,BASS_AND_DRUM_SUPPORTED,894,326.03138321995465,172.26562499998857,34.82993197281000,PRIMARY,F_MIX_01591,/Users/StarTrack/Development/JazzGrooveAnalyzer/docs/scientific/rfc/JGA_WHOLE_TRACK_GROOVE_FROZEN_PIPELINE_001_20260921/WHOLE_TRACK_JOINED_EVENTS.csv,810dead183772c6ee3c2ffed01cb79b2a05045abb2aea4e4c8903c180932a4a5,c7efaf8d2029ed140d67b7cbfff1c23fd33e0ffcae18f285566266c063f78e1c,NEW_021,True
F_MIX_01592,326.3332426303855,UNKNOWN,895,326.37968253968256,161.49902343750904,-46.43990929706000,PRIMARY,F_MIX_01592,/Users/StarTrack/Development/JazzGrooveAnalyzer/docs/scientific/rfc/JGA_WHOLE_TRACK_GROOVE_FROZEN_PIPELINE_001_20260921/WHOLE_TRACK_JOINED_EVENTS.csv,810dead183772c6ee3c2ffed01cb79b2a05045abb2aea4e4c8903c180932a4a5,c7efaf8d2029ed140d67b7cbfff1c23fd33e0ffcae18f285566266c063f78e1c,NEW_021,True
F_MIX_01593,326.69315192743767,UNKNOWN,896,326.75120181405896,172.26562499998857,-58.04988662129000,CONTEXT,F_MIX_01593,/Users/StarTrack/Development/JazzGrooveAnalyzer/docs/scientific/rfc/JGA_WHOLE_TRACK_GROOVE_FROZEN_PIPELINE_001_20260921/WHOLE_TRACK_JOINED_EVENTS.csv,810dead183772c6ee3c2ffed01cb79b2a05045abb2aea4e4c8903c180932a4a5,c7efaf8d2029ed140d67b7cbfff1c23fd33e0ffcae18f285566266c063f78e1c,NEW_021,True
F_MIX_01594,326.78603174603177,BASS_AND_DRUM_SUPPORTED,896,326.75120181405896,172.26562499998857,34.82993197281000,PRIMARY,F_MIX_01594,/Users/StarTrack/Development/JazzGrooveAnalyzer/docs/scientific/rfc/JGA_WHOLE_TRACK_GROOVE_FROZEN_PIPELINE_001_20260921/WHOLE_TRACK_JOINED_EVENTS.csv,810dead183772c6ee3c2ffed01cb79b2a05045abb2aea4e4c8903c180932a4a5,c7efaf8d2029ed140d67b7cbfff1c23fd33e0ffcae18f285566266c063f78e1c,NEW_021,True
F_MIX_01595,327.0530612244898,DRUM_SUPPORTED,897,327.0995011337869,161.49902343750904,-46.4399092971000,PRIMARY,F_MIX_01595,/Users/StarTrack/Development/JazzGrooveAnalyzer/docs/scientific/rfc/JGA_WHOLE_TRACK_GROOVE_FROZEN_PIPELINE_001_20260921/WHOLE_TRACK_JOINED_EVENTS.csv,810dead183772c6ee3c2ffed01cb79b2a05045abb2aea4e4c8903c180932a4a5,c7efaf8d2029ed140d67b7cbfff1c23fd33e0ffcae18f285566266c063f78e1c,NEW_021,True
F_MIX_01596,327.4129705215419,DRUM_SUPPORTED,898,327.47102040816327,161.49902343750904,-58.04988662137000,CONTEXT,F_MIX_01596,/Users/StarTrack/Development/JazzGrooveAnalyzer/docs/scientific/rfc/JGA_WHOLE_TRACK_GROOVE_FROZEN_PIPELINE_001_20260921/WHOLE_TRACK_JOINED_EVENTS.csv,810dead183772c6ee3c2ffed01cb79b2a05045abb2aea4e4c8903c180932a4a5,c7efaf8d2029ed140d67b7cbfff1c23fd33e0ffcae18f285566266c063f78e1c,NEW_021,True
F_MIX_01597,327.52907029478456,DRUM_SUPPORTED,898,327.47102040816327,161.49902343750904,58.04988662129000,PRIMARY,F_MIX_01597,/Users/StarTrack/Development/JazzGrooveAnalyzer/docs/scientific/rfc/JGA_WHOLE_TRACK_GROOVE_FROZEN_PIPELINE_001_20260921/WHOLE_TRACK_JOINED_EVENTS.csv,810dead183772c6ee3c2ffed01cb79b2a05045abb2aea4e4c8903c180932a4a5,c7efaf8d2029ed140d67b7cbfff1c23fd33e0ffcae18f285566266c063f78e1c,NEW_021,True
F_MIX_01598,327.7844897959184,UNKNOWN,899,327.84253968253967,161.49902343748434,-58.04988662127000,PRIMARY,F_MIX_01598,/Users/StarTrack/Development/JazzGrooveAnalyzer/docs/scientific/rfc/JGA_WHOLE_TRACK_GROOVE_FROZEN_PIPELINE_001_20260921/WHOLE_TRACK_JOINED_EVENTS.csv,810dead183772c6ee3c2ffed01cb79b2a05045abb2aea4e4c8903c180932a4a5,c7efaf8d2029ed140d67b7cbfff1c23fd33e0ffcae18f285566266c063f78e1c,NEW_021,True
F_MIX_01599,328.1443990929705,UNKNOWN,900,328.2140589569161,172.26562500001668,-69.6598639456000,CONTEXT,F_MIX_01599,/Users/StarTrack/Development/JazzGrooveAnalyzer/docs/scientific/rfc/JGA_WHOLE_TRACK_GROOVE_FROZEN_PIPELINE_001_20260921/WHOLE_TRACK_JOINED_EVENTS.csv,810dead183772c6ee3c2ffed01cb79b2a05045abb2aea4e4c8903c180932a4a5,c7efaf8d2029ed140d67b7cbfff1c23fd33e0ffcae18f285566266c063f78e1c,NEW_021,True
F_MIX_01600,328.26049886621314,DRUM_SUPPORTED,900,328.2140589569161,172.26562500001668,46.43990929704000,PRIMARY,F_MIX_01600,/Users/StarTrack/Development/JazzGrooveAnalyzer/docs/scientific/rfc/JGA_WHOLE_TRACK_GROOVE_FROZEN_PIPELINE_001_20260921/WHOLE_TRACK_JOINED_EVENTS.csv,810dead183772c6ee3c2ffed01cb79b2a05045abb2aea4e4c8903c180932a4a5,c7efaf8d2029ed140d67b7cbfff1c23fd33e0ffcae18f285566266c063f78e1c,NEW_021,True
F_MIX_01601,328.51591836734696,UNKNOWN,901,328.562358276644,151.99908088235597,-46.43990929704000,PRIMARY,F_MIX_01601,/Users/StarTrack/Development/JazzGrooveAnalyzer/docs/scientific/rfc/JGA_WHOLE_TRACK_GROOVE_FROZEN_PIPELINE_001_20260921/WHOLE_TRACK_JOINED_EVENTS.csv,810dead183772c6ee3c2ffed01cb79b2a05045abb2aea4e4c8903c180932a4a5,c7efaf8d2029ed140d67b7cbfff1c23fd33e0ffcae18f285566266c063f78e1c,NEW_021,True
F_MIX_01602,329.003537414966,BASS_AND_DRUM_SUPPORTED,902,328.9570975056689,151.99908088233408,46.4399092971000,PRIMARY,F_MIX_01602,/Users/StarTrack/Development/JazzGrooveAnalyzer/docs/scientific/rfc/JGA_WHOLE_TRACK_GROOVE_FROZEN_PIPELINE_001_20260921/WHOLE_TRACK_JOINED_EVENTS.csv,810dead183772c6ee3c2ffed01cb79b2a05045abb2aea4e4c8903c180932a4a5,c7efaf8d2029ed140d67b7cbfff1c23fd33e0ffcae18f285566266c063f78e1c,NEW_021,True
F_MIX_01603,329.270566893424,UNKNOWN,903,329.3518367346939,161.49902343750904,-81.2698412699000,PRIMARY,F_MIX_01603,/Users/StarTrack/Development/JazzGrooveAnalyzer/docs/scientific/rfc/JGA_WHOLE_TRACK_GROOVE_FROZEN_PIPELINE_001_20260921/WHOLE_TRACK_JOINED_EVENTS.csv,810dead183772c6ee3c2ffed01cb79b2a05045abb2aea4e4c8903c180932a4a5,c7efaf8d2029ed140d67b7cbfff1c23fd33e0ffcae18f285566266c063f78e1c,NEW_021,True
F_MIX_01604,329.73496598639457,DRUM_SUPPORTED,904,329.7233560090703,172.26562500001668,11.60997732427000,PRIMARY,F_MIX_01604,/Users/StarTrack/Development/JazzGrooveAnalyzer/docs/scientific/rfc/JGA_WHOLE_TRACK_GROOVE_FROZEN_PIPELINE_001_20260921/WHOLE_TRACK_JOINED_EVENTS.csv,810dead183772c6ee3c2ffed01cb79b2a05045abb2aea4e4c8903c180932a4a5,c7efaf8d2029ed140d67b7cbfff1c23fd33e0ffcae18f285566266c063f78e1c,NEW_021,True
F_MIX_01605,329.99038548752833,DRUM_SUPPORTED,904,329.7233560090703,172.26562500001668,267.02947845803000,CONTEXT,F_MIX_01605,/Users/StarTrack/Development/JazzGrooveAnalyzer/docs/scientific/rfc/JGA_WHOLE_TRACK_GROOVE_FROZEN_PIPELINE_001_20260921/WHOLE_TRACK_JOINED_EVENTS.csv,810dead183772c6ee3c2ffed01cb79b2a05045abb2aea4e4c8903c180932a4a5,c7efaf8d2029ed140d67b7cbfff1c23fd33e0ffcae18f285566266c063f78e1c,NEW_021,True
