stem,side,event_id,timestamp_s,full_mix_source_state,status,partner_ids,compatible_N
bass,FULL_MIX,F_MIX_00000,0.7198185941043084,BASS_AND_DRUM_SUPPORTED,FULL_MIX_AND_STEM_MATCH,"[""BASS_00000""]",1
bass,FULL_MIX,F_MIX_00001,0.8359183673469388,DRUM_SUPPORTED,FULL_MIX_ONLY,[],0
bass,FULL_MIX,F_MIX_00002,0.8823582766439909,UNKNOWN,FULL_MIX_AND_STEM_MATCH,"[""BASS_00001""]",1
bass,FULL_MIX,F_MIX_00003,1.230657596371882,DRUM_SUPPORTED,FULL_MIX_ONLY,[],0
bass,FULL_MIX,F_MIX_00004,1.474467120181406,UNKNOWN,FULL_MIX_AND_STEM_MATCH,"[""BASS_00002""]",1
bass,FULL_MIX,F_MIX_00005,1.5789569160997732,BASS_AND_DRUM_SUPPORTED,FULL_MIX_AND_STEM_MATCH,"[""BASS_00003""]",1
bass,FULL_MIX,F_MIX_00006,1.7531065759637188,UNKNOWN,FULL_MIX_ONLY,[],0
bass,FULL_MIX,F_MIX_00007,1.8692063492063493,UNKNOWN,FULL_MIX_ONLY,[],0
bass,FULL_MIX,F_MIX_00008,1.9736961451247166,DRUM_SUPPORTED,FULL_MIX_ONLY,[],0
bass,FULL_MIX,F_MIX_00009,2.1942857142857144,DRUM_SUPPORTED,FULL_MIX_ONLY,[],0
bass,FULL_MIX,F_MIX_00010,2.3219954648526078,BASS_AND_DRUM_SUPPORTED,FULL_MIX_AND_STEM_MATCH,"[""BASS_00004""]",1
bass,FULL_MIX,F_MIX_00011,2.6238548752834467,UNKNOWN,FULL_MIX_ONLY,[],0
bass,FULL_MIX,F_MIX_00012,2.705124716553288,DRUM_SUPPORTED,FULL_MIX_ONLY,[],0
bass,FULL_MIX,F_MIX_00013,2.9605442176870747,UNKNOWN,FULL_MIX_ONLY,[],0
bass,FULL_MIX,F_MIX_00014,2.995374149659864,UNKNOWN,FULL_MIX_AND_STEM_MATCH,"[""BASS_00005""]",1
bass,FULL_MIX,F_MIX_00015,3.076643990929705,DRUM_SUPPORTED,FULL_MIX_AND_STEM_MATCH,"[""BASS_00006""]",1
bass,FULL_MIX,F_MIX_00016,3.308843537414966,UNKNOWN,FULL_MIX_ONLY,[],0
bass,FULL_MIX,F_MIX_00017,3.436553287981859,DRUM_SUPPORTED,FULL_MIX_AND_STEM_MATCH,"[""BASS_00007""]",1
bass,FULL_MIX,F_MIX_00018,3.6919727891156464,DRUM_SUPPORTED,FULL_MIX_ONLY,[],0
bass,FULL_MIX,F_MIX_00019,3.7964625850340137,DRUM_SUPPORTED,FULL_MIX_ONLY,[],0
bass,FULL_MIX,F_MIX_00020,4.0751020408163265,UNKNOWN,FULL_MIX_ONLY,[],0
bass,FULL_MIX,F_MIX_00021,4.191201814058957,DRUM_SUPPORTED,FULL_MIX_ONLY,[],0
bass,FULL_MIX,F_MIX_00022,4.388571428571429,DRUM_SUPPORTED,FULL_MIX_ONLY,[],0
bass,FULL_MIX,F_MIX_00023,4.516281179138322,BASS_AND_DRUM_SUPPORTED,FULL_MIX_AND_STEM_MATCH,"[""BASS_00009""]",1
bass,FULL_MIX,F_MIX_00024,4.574331065759637,UNKNOWN,FULL_MIX_ONLY,[],0
bass,FULL_MIX,F_MIX_00025,4.899410430839002,DRUM_SUPPORTED,FULL_MIX_ONLY,[],0
bass,FULL_MIX,F_MIX_00026,5.154829931972789,BASS_SUPPORTED,FULL_MIX_AND_STEM_MATCH,"[""BASS_00010""]",1
bass,FULL_MIX,F_MIX_00027,5.259319727891157,DRUM_SUPPORTED,FULL_MIX_AND_STEM_MATCH,"[""BASS_00011""]",1
bass,FULL_MIX,F_MIX_00028,5.526349206349207,DRUM_SUPPORTED,FULL_MIX_ONLY,[],0
bass,FULL_MIX,F_MIX_00029,5.630839002267574,BASS_AND_DRUM_SUPPORTED,FULL_MIX_AND_STEM_MATCH,"[""BASS_00012""]",1
bass,FULL_MIX,F_MIX_00030,5.874648526077097,DRUM_SUPPORTED,FULL_MIX_ONLY,[],0
bass,FULL_MIX,F_MIX_00031,5.9675283446712015,BASS_AND_DRUM_SUPPORTED,FULL_MIX_ONLY,[],0
bass,FULL_MIX,F_MIX_00032,6.199727891156463,DRUM_SUPPORTED,FULL_MIX_ONLY,[],0
bass,FULL_MIX,F_MIX_00033,6.2345578231292516,DRUM_SUPPORTED,FULL_MIX_ONLY,[],0
bass,FULL_MIX,F_MIX_00034,6.339047619047619,DRUM_SUPPORTED,FULL_MIX_AND_STEM_MATCH,"[""BASS_00014""]",1
bass,FULL_MIX,F_MIX_00035,6.582857142857143,DRUM_SUPPORTED,FULL_MIX_ONLY,[],0
bass,FULL_MIX,F_MIX_00036,6.6873469387755105,BASS_AND_DRUM_SUPPORTED,FULL_MIX_AND_STEM_MATCH,"[""BASS_00015""]",1
bass,FULL_MIX,F_MIX_00037,6.965986394557823,UNKNOWN,FULL_MIX_ONLY,[],0
bass,FULL_MIX,F_MIX_00038,7.070476190476191,DRUM_SUPPORTED,FULL_MIX_ONLY,[],0
bass,FULL_MIX,F_MIX_00039,7.430385487528345,BASS_AND_DRUM_SUPPORTED,FULL_MIX_AND_STEM_MATCH,"[""BASS_00016""]",1
bass,FULL_MIX,F_MIX_00040,7.790294784580499,DRUM_SUPPORTED,FULL_MIX_ONLY,[],0
bass,FULL_MIX,F_MIX_00041,8.034104308390022,BASS_SUPPORTED,FULL_MIX_AND_STEM_MATCH,"[""BASS_00017""]",1
bass,FULL_MIX,F_MIX_00042,8.13859410430839,DRUM_SUPPORTED,FULL_MIX_AND_STEM_MATCH,"[""BASS_00018""]",1
bass,FULL_MIX,F_MIX_00043,8.394013605442177,DRUM_SUPPORTED,FULL_MIX_ONLY,[],0
bass,FULL_MIX,F_MIX_00044,8.510113378684807,BASS_AND_DRUM_SUPPORTED,FULL_MIX_AND_STEM_MATCH,"[""BASS_00019""]",1
bass,FULL_MIX,F_MIX_00045,8.777142857142858,UNKNOWN,FULL_MIX_ONLY,[],0
bass,FULL_MIX,F_MIX_00046,8.870022675736962,BASS_AND_DRUM_SUPPORTED,FULL_MIX_AND_STEM_MATCH,"[""BASS_00020""]",1
bass,FULL_MIX,F_MIX_00047,9.218321995464853,BASS_AND_DRUM_SUPPORTED,FULL_MIX_AND_STEM_MATCH,"[""BASS_00021""]",1
bass,FULL_MIX,F_MIX_00048,9.508571428571429,DRUM_SUPPORTED,FULL_MIX_ONLY,[],0
bass,FULL_MIX,F_MIX_00049,9.601451247165533,BASS_AND_DRUM_SUPPORTED,FULL_MIX_AND_STEM_MATCH,"[""BASS_00022""]",1
bass,FULL_MIX,F_MIX_00050,9.868480725623582,DRUM_SUPPORTED,FULL_MIX_ONLY,[],0
bass,FULL_MIX,F_MIX_00051,9.97297052154195,DRUM_SUPPORTED,FULL_MIX_ONLY,[],0
bass,FULL_MIX,F_MIX_00052,10.216780045351474,DRUM_SUPPORTED,FULL_MIX_AND_STEM_MATCH,"[""BASS_00023""]",1
bass,FULL_MIX,F_MIX_00053,10.356099773242631,BASS_AND_DRUM_SUPPORTED,FULL_MIX_ONLY,[],0
bass,FULL_MIX,F_MIX_00054,10.611519274376418,UNKNOWN,FULL_MIX_ONLY,[],0
bass,FULL_MIX,F_MIX_00055,10.716009070294785,DRUM_SUPPORTED,FULL_MIX_ONLY,[],0
bass,FULL_MIX,F_MIX_00056,10.936598639455783,BASS_SUPPORTED,FULL_MIX_AND_STEM_MATCH,"[""BASS_00026""]",1
bass,FULL_MIX,F_MIX_00057,10.983038548752834,UNKNOWN,FULL_MIX_ONLY,[],0
bass,FULL_MIX,F_MIX_00058,11.3081179138322,DRUM_SUPPORTED,FULL_MIX_AND_STEM_MATCH,"[""BASS_00028""]",1
bass,FULL_MIX,F_MIX_00059,11.34294784580499,DRUM_SUPPORTED,FULL_MIX_ONLY,[],0
bass,FULL_MIX,F_MIX_00060,11.447437641723356,UNKNOWN,FULL_MIX_ONLY,[],0
bass,FULL_MIX,F_MIX_00061,11.679637188208616,DRUM_SUPPORTED,FULL_MIX_ONLY,[],0
bass,FULL_MIX,F_MIX_00062,11.72607709750567,DRUM_SUPPORTED,FULL_MIX_ONLY,[],0
bass,FULL_MIX,F_MIX_00063,11.77251700680272,DRUM_SUPPORTED,FULL_MIX_ONLY,[],0
bass,FULL_MIX,F_MIX_00064,11.818956916099774,DRUM_SUPPORTED,FULL_MIX_ONLY,[],0
bass,FULL_MIX,F_MIX_00065,12.07437641723356,UNKNOWN,FULL_MIX_AND_STEM_MATCH,"[""BASS_00029""]",1
bass,FULL_MIX,F_MIX_00066,12.144036281179138,BASS_AND_DRUM_SUPPORTED,FULL_MIX_AND_STEM_MATCH,"[""BASS_00030""]",1
bass,FULL_MIX,F_MIX_00067,12.527165532879819,BASS_AND_DRUM_SUPPORTED,FULL_MIX_AND_STEM_MATCH,"[""BASS_00031""]",1
bass,FULL_MIX,F_MIX_00068,12.910294784580499,DRUM_SUPPORTED,FULL_MIX_ONLY,[],0
bass,FULL_MIX,F_MIX_00069,13.165714285714285,BASS_AND_DRUM_SUPPORTED,FULL_MIX_AND_STEM_MATCH,"[""BASS_00032""]",1
bass,FULL_MIX,F_MIX_00070,13.25859410430839,DRUM_SUPPORTED,FULL_MIX_ONLY,[],0
bass,FULL_MIX,F_MIX_00071,13.40952380952381,UNKNOWN,FULL_MIX_ONLY,[],0
bass,FULL_MIX,F_MIX_00072,13.525623582766439,DRUM_SUPPORTED,FULL_MIX_ONLY,[],0
bass,FULL_MIX,F_MIX_00073,13.64172335600907,DRUM_SUPPORTED,FULL_MIX_ONLY,[],0
bass,FULL_MIX,F_MIX_00074,13.908752834467121,UNKNOWN,FULL_MIX_ONLY,[],0
bass,FULL_MIX,F_MIX_00075,14.001632653061224,BASS_AND_DRUM_SUPPORTED,FULL_MIX_AND_STEM_MATCH,"[""BASS_00033""]",1
bass,FULL_MIX,F_MIX_00076,14.373151927437641,DRUM_SUPPORTED,FULL_MIX_ONLY,[],0
bass,FULL_MIX,F_MIX_00077,14.55891156462585,UNKNOWN,FULL_MIX_AND_STEM_MATCH,"[""BASS_00034""]",1
bass,FULL_MIX,F_MIX_00078,14.733061224489797,DRUM_SUPPORTED,FULL_MIX_AND_STEM_MATCH,"[""BASS_00035""]",1
bass,FULL_MIX,F_MIX_00079,14.872380952380952,UNKNOWN,FULL_MIX_AND_STEM_MATCH,"[""BASS_00036""]",1
bass,FULL_MIX,F_MIX_00080,14.965260770975057,UNKNOWN,FULL_MIX_AND_STEM_MATCH,"[""BASS_00037""]",1
bass,FULL_MIX,F_MIX_00081,15.069750566893424,BASS_AND_DRUM_SUPPORTED,FULL_MIX_AND_STEM_MATCH,"[""BASS_00038""]",1
bass,FULL_MIX,F_MIX_00082,15.104580498866213,UNKNOWN,FULL_MIX_ONLY,[],0
bass,FULL_MIX,F_MIX_00083,15.464489795918368,BASS_AND_DRUM_SUPPORTED,FULL_MIX_ONLY,[],0
bass,FULL_MIX,F_MIX_00084,15.731519274376417,UNKNOWN,FULL_MIX_ONLY,[],0
bass,FULL_MIX,F_MIX_00085,15.824399092970522,DRUM_SUPPORTED,FULL_MIX_ONLY,[],0
bass,FULL_MIX,F_MIX_00086,16.04498866213152,UNKNOWN,FULL_MIX_ONLY,[],0
bass,FULL_MIX,F_MIX_00087,16.195918367346938,BASS_AND_DRUM_SUPPORTED,FULL_MIX_AND_STEM_MATCH,"[""BASS_00040""]",1
bass,FULL_MIX,F_MIX_00088,16.555827664399093,DRUM_SUPPORTED,FULL_MIX_ONLY,[],0
bass,FULL_MIX,F_MIX_00089,16.834467120181404,UNKNOWN,FULL_MIX_ONLY,[],0
bass,FULL_MIX,F_MIX_00090,16.938956916099773,BASS_AND_DRUM_SUPPORTED,FULL_MIX_AND_STEM_MATCH,"[""BASS_00041""]",1
bass,FULL_MIX,F_MIX_00091,17.29886621315193,DRUM_SUPPORTED,FULL_MIX_ONLY,[],0
bass,FULL_MIX,F_MIX_00092,17.438185941043084,UNKNOWN,FULL_MIX_ONLY,[],0
bass,FULL_MIX,F_MIX_00093,17.565895691609978,DRUM_SUPPORTED,FULL_MIX_ONLY,[],0
bass,FULL_MIX,F_MIX_00094,17.670385487528346,BASS_AND_DRUM_SUPPORTED,FULL_MIX_ONLY,[],0
bass,FULL_MIX,F_MIX_00095,17.716825396825396,UNKNOWN,FULL_MIX_ONLY,[],0
bass,FULL_MIX,F_MIX_00096,17.925804988662133,DRUM_SUPPORTED,FULL_MIX_ONLY,[],0
bass,FULL_MIX,F_MIX_00097,18.04190476190476,DRUM_SUPPORTED,FULL_MIX_ONLY,[],0
bass,FULL_MIX,F_MIX_00098,18.297324263038547,UNKNOWN,FULL_MIX_ONLY,[],0
bass,FULL_MIX,F_MIX_00099,18.332154195011338,UNKNOWN,FULL_MIX_ONLY,[],0
bass,FULL_MIX,F_MIX_00100,18.401814058956916,DRUM_SUPPORTED,FULL_MIX_ONLY,[],0
bass,FULL_MIX,F_MIX_00101,18.657233560090702,UNKNOWN,FULL_MIX_ONLY,[],0
bass,FULL_MIX,F_MIX_00102,18.784943310657596,DRUM_SUPPORTED,FULL_MIX_ONLY,[],0
bass,FULL_MIX,F_MIX_00103,19.040362811791383,UNKNOWN,FULL_MIX_ONLY,[],0
bass,FULL_MIX,F_MIX_00104,19.156462585034014,BASS_AND_DRUM_SUPPORTED,FULL_MIX_AND_STEM_MATCH,"[""BASS_00044""]",1
bass,FULL_MIX,F_MIX_00105,19.504761904761907,DRUM_SUPPORTED,FULL_MIX_ONLY,[],0
bass,FULL_MIX,F_MIX_00106,19.748571428571427,BASS_SUPPORTED,FULL_MIX_AND_STEM_MATCH,"[""BASS_00045""]",1
bass,FULL_MIX,F_MIX_00107,19.783401360544218,UNKNOWN,FULL_MIX_ONLY,[],0
bass,FULL_MIX,F_MIX_00108,19.86467120181406,DRUM_SUPPORTED,FULL_MIX_ONLY,[],0
bass,FULL_MIX,F_MIX_00109,20.131700680272107,UNKNOWN,FULL_MIX_ONLY,[],0
bass,FULL_MIX,F_MIX_00110,20.21297052154195,BASS_AND_DRUM_SUPPORTED,FULL_MIX_AND_STEM_MATCH,"[""BASS_00046""]",1
bass,FULL_MIX,F_MIX_00111,20.468390022675738,DRUM_SUPPORTED,FULL_MIX_ONLY,[],0
bass,FULL_MIX,F_MIX_00112,20.58448979591837,DRUM_SUPPORTED,FULL_MIX_AND_STEM_MATCH,"[""BASS_00047""]",1
bass,FULL_MIX,F_MIX_00113,20.839909297052156,DRUM_SUPPORTED,FULL_MIX_ONLY,[],0
bass,FULL_MIX,F_MIX_00114,20.956009070294783,DRUM_SUPPORTED,FULL_MIX_AND_STEM_MATCH,"[""BASS_00048""]",1
bass,FULL_MIX,F_MIX_00115,21.223038548752836,UNKNOWN,FULL_MIX_ONLY,[],0
bass,FULL_MIX,F_MIX_00116,21.304308390022676,DRUM_SUPPORTED,FULL_MIX_AND_STEM_MATCH,"[""BASS_00049""]",1
bass,FULL_MIX,F_MIX_00117,21.559727891156463,DRUM_SUPPORTED,FULL_MIX_ONLY,[],0
bass,FULL_MIX,F_MIX_00118,21.93124716553288,DRUM_SUPPORTED,FULL_MIX_ONLY,[],0
bass,FULL_MIX,F_MIX_00119,22.035736961451246,DRUM_SUPPORTED,FULL_MIX_AND_STEM_MATCH,"[""BASS_00050""]",1
bass,FULL_MIX,F_MIX_00120,22.27954648526077,DRUM_SUPPORTED,FULL_MIX_ONLY,[],0
bass,FULL_MIX,F_MIX_00121,22.407256235827663,DRUM_SUPPORTED,FULL_MIX_ONLY,[],0
bass,FULL_MIX,F_MIX_00122,22.651065759637188,DRUM_SUPPORTED,FULL_MIX_AND_STEM_MATCH,"[""BASS_00051""]",1
bass,FULL_MIX,F_MIX_00123,22.790385487528344,DRUM_SUPPORTED,FULL_MIX_ONLY,[],0
bass,FULL_MIX,F_MIX_00124,23.034195011337868,UNKNOWN,FULL_MIX_ONLY,[],0
bass,FULL_MIX,F_MIX_00125,23.11546485260771,BASS_AND_DRUM_SUPPORTED,FULL_MIX_AND_STEM_MATCH,"[""BASS_00053""]",1
bass,FULL_MIX,F_MIX_00126,23.394104308390023,DRUM_SUPPORTED,FULL_MIX_ONLY,[],0
bass,FULL_MIX,F_MIX_00127,23.695963718820863,DRUM_SUPPORTED,FULL_MIX_ONLY,[],0
bass,FULL_MIX,F_MIX_00128,23.754013605442175,UNKNOWN,FULL_MIX_ONLY,[],0
bass,FULL_MIX,F_MIX_00129,23.84689342403628,BASS_AND_DRUM_SUPPORTED,FULL_MIX_AND_STEM_MATCH,"[""BASS_00055""]",1
bass,FULL_MIX,F_MIX_00130,24.18358276643991,DRUM_SUPPORTED,FULL_MIX_AND_STEM_MATCH,"[""BASS_00056""]",1
bass,FULL_MIX,F_MIX_00131,24.253242630385486,UNKNOWN,FULL_MIX_ONLY,[],0
bass,FULL_MIX,F_MIX_00132,24.555102040816326,BASS_AND_DRUM_SUPPORTED,FULL_MIX_AND_STEM_MATCH,"[""BASS_00057""]",1
bass,FULL_MIX,F_MIX_00133,24.589931972789117,DRUM_SUPPORTED,FULL_MIX_ONLY,[],0
bass,FULL_MIX,F_MIX_00134,24.856961451247166,UNKNOWN,FULL_MIX_ONLY,[],0
bass,FULL_MIX,F_MIX_00135,24.94984126984127,BASS_AND_DRUM_SUPPORTED,FULL_MIX_ONLY,[],0
bass,FULL_MIX,F_MIX_00136,25.205260770975055,DRUM_SUPPORTED,FULL_MIX_ONLY,[],0
bass,FULL_MIX,F_MIX_00137,25.240090702947846,DRUM_SUPPORTED,FULL_MIX_ONLY,[],0
bass,FULL_MIX,F_MIX_00138,25.33297052154195,BASS_AND_DRUM_SUPPORTED,FULL_MIX_AND_STEM_MATCH,"[""BASS_00058""]",1
bass,FULL_MIX,F_MIX_00139,25.576780045351473,DRUM_SUPPORTED,FULL_MIX_AND_STEM_MATCH,"[""BASS_00059""]",1
bass,FULL_MIX,F_MIX_00140,25.66965986394558,BASS_AND_DRUM_SUPPORTED,FULL_MIX_ONLY,[],0
bass,FULL_MIX,F_MIX_00141,25.971519274376416,UNKNOWN,FULL_MIX_AND_STEM_MATCH,"[""BASS_00061""]",1
bass,FULL_MIX,F_MIX_00142,26.041179138321997,DRUM_SUPPORTED,FULL_MIX_ONLY,[],0
bass,FULL_MIX,F_MIX_00143,26.21532879818594,UNKNOWN,FULL_MIX_ONLY,[],0
bass,FULL_MIX,F_MIX_00144,26.308208616780046,UNKNOWN,FULL_MIX_ONLY,[],0
bass,FULL_MIX,F_MIX_00145,26.40108843537415,DRUM_SUPPORTED,FULL_MIX_ONLY,[],0
bass,FULL_MIX,F_MIX_00146,26.43591836734694,UNKNOWN,FULL_MIX_ONLY,[],0
bass,FULL_MIX,F_MIX_00147,26.528798185941042,UNKNOWN,FULL_MIX_ONLY,[],0
bass,FULL_MIX,F_MIX_00148,26.70294784580499,UNKNOWN,FULL_MIX_ONLY,[],0
bass,FULL_MIX,F_MIX_00149,26.772607709750567,DRUM_SUPPORTED,FULL_MIX_ONLY,[],0
bass,FULL_MIX,F_MIX_00150,27.144126984126984,BASS_AND_DRUM_SUPPORTED,FULL_MIX_AND_STEM_MATCH,"[""BASS_00062""]",1
bass,FULL_MIX,F_MIX_00151,27.50403628117914,BASS_AND_DRUM_SUPPORTED,FULL_MIX_AND_STEM_MATCH,"[""BASS_00063""]",1
bass,FULL_MIX,F_MIX_00152,27.805895691609976,DRUM_SUPPORTED,FULL_MIX_ONLY,[],0
bass,FULL_MIX,F_MIX_00153,28.142585034013607,UNKNOWN,FULL_MIX_ONLY,[],0
bass,FULL_MIX,F_MIX_00154,28.23546485260771,BASS_AND_DRUM_SUPPORTED,FULL_MIX_ONLY,[],0
bass,FULL_MIX,F_MIX_00155,28.525714285714287,UNKNOWN,FULL_MIX_ONLY,[],0
bass,FULL_MIX,F_MIX_00156,28.606984126984127,BASS_AND_DRUM_SUPPORTED,FULL_MIX_AND_STEM_MATCH,"[""BASS_00065""]",1
bass,FULL_MIX,F_MIX_00157,28.943673469387754,BASS_AND_DRUM_SUPPORTED,FULL_MIX_ONLY,[],0
bass,FULL_MIX,F_MIX_00158,29.31519274376417,BASS_AND_DRUM_SUPPORTED,FULL_MIX_AND_STEM_MATCH,"[""BASS_00067""]",1
bass,FULL_MIX,F_MIX_00159,29.61705215419501,UNKNOWN,FULL_MIX_ONLY,[],0
bass,FULL_MIX,F_MIX_00160,29.68671201814059,DRUM_SUPPORTED,FULL_MIX_ONLY,[],0
bass,FULL_MIX,F_MIX_00161,29.95374149659864,UNKNOWN,FULL_MIX_ONLY,[],0
bass,FULL_MIX,F_MIX_00162,30.06984126984127,DRUM_SUPPORTED,FULL_MIX_AND_STEM_MATCH,"[""BASS_00068""]",1
bass,FULL_MIX,F_MIX_00163,30.37170068027211,DRUM_SUPPORTED,FULL_MIX_ONLY,[],0
bass,FULL_MIX,F_MIX_00164,30.67356009070295,UNKNOWN,FULL_MIX_ONLY,[],0
bass,FULL_MIX,F_MIX_00165,30.778049886621314,DRUM_SUPPORTED,FULL_MIX_ONLY,[],0
bass,FULL_MIX,F_MIX_00166,31.05668934240363,UNKNOWN,FULL_MIX_AND_STEM_MATCH,"[""BASS_00071""]",1
bass,FULL_MIX,F_MIX_00167,31.13795918367347,DRUM_SUPPORTED,FULL_MIX_AND_STEM_MATCH,"[""BASS_00072""]",1
bass,FULL_MIX,F_MIX_00168,31.41659863945578,UNKNOWN,FULL_MIX_ONLY,[],0
bass,FULL_MIX,F_MIX_00169,31.509478458049887,DRUM_SUPPORTED,FULL_MIX_AND_STEM_MATCH,"[""BASS_00073""]",1
bass,FULL_MIX,F_MIX_00170,31.86938775510204,DRUM_SUPPORTED,FULL_MIX_AND_STEM_MATCH,"[""BASS_00074""]",1
bass,FULL_MIX,F_MIX_00171,32.13641723356009,UNKNOWN,FULL_MIX_ONLY,[],0
bass,FULL_MIX,F_MIX_00172,32.38022675736961,UNKNOWN,FULL_MIX_ONLY,[],0
bass,FULL_MIX,F_MIX_00173,32.496326530612244,DRUM_SUPPORTED,FULL_MIX_ONLY,[],0
bass,FULL_MIX,F_MIX_00174,32.60081632653061,DRUM_SUPPORTED,FULL_MIX_ONLY,[],0
bass,FULL_MIX,F_MIX_00175,32.833015873015874,UNKNOWN,FULL_MIX_ONLY,[],0
bass,FULL_MIX,F_MIX_00176,32.879455782312924,UNKNOWN,FULL_MIX_ONLY,[],0
bass,FULL_MIX,F_MIX_00177,32.97233560090703,DRUM_SUPPORTED,FULL_MIX_AND_STEM_MATCH,"[""BASS_00078""]",1
bass,FULL_MIX,F_MIX_00178,33.20453514739229,DRUM_SUPPORTED,FULL_MIX_ONLY,[],0
bass,FULL_MIX,F_MIX_00179,33.32063492063492,DRUM_SUPPORTED,FULL_MIX_ONLY,[],0
bass,FULL_MIX,F_MIX_00180,33.57605442176871,DRUM_SUPPORTED,FULL_MIX_AND_STEM_MATCH,"[""BASS_00079""]",1
bass,FULL_MIX,F_MIX_00181,33.68054421768707,DRUM_SUPPORTED,FULL_MIX_AND_STEM_MATCH,"[""BASS_00080""]",1
bass,FULL_MIX,F_MIX_00182,33.94757369614513,UNKNOWN,FULL_MIX_ONLY,[],0
bass,FULL_MIX,F_MIX_00183,34.06367346938776,DRUM_SUPPORTED,FULL_MIX_ONLY,[],0
bass,FULL_MIX,F_MIX_00184,34.28426303854875,UNKNOWN,FULL_MIX_AND_STEM_MATCH,"[""BASS_00081""]",1
bass,FULL_MIX,F_MIX_00185,34.319092970521545,UNKNOWN,FULL_MIX_ONLY,[],0
bass,FULL_MIX,F_MIX_00186,34.40036281179138,DRUM_SUPPORTED,FULL_MIX_ONLY,[],0
bass,FULL_MIX,F_MIX_00187,34.65578231292517,DRUM_SUPPORTED,FULL_MIX_ONLY,[],0
bass,FULL_MIX,F_MIX_00188,34.76027210884354,DRUM_SUPPORTED,FULL_MIX_AND_STEM_MATCH,"[""BASS_00083""]",1
bass,FULL_MIX,F_MIX_00189,35.02730158730159,UNKNOWN,FULL_MIX_ONLY,[],0
bass,FULL_MIX,F_MIX_00190,35.15501133786848,DRUM_SUPPORTED,FULL_MIX_ONLY,[],0
bass,FULL_MIX,F_MIX_00191,35.49170068027211,DRUM_SUPPORTED,FULL_MIX_AND_STEM_MATCH,"[""BASS_00085""]",1
bass,FULL_MIX,F_MIX_00192,35.75873015873016,DRUM_SUPPORTED,FULL_MIX_ONLY,[],0
bass,FULL_MIX,F_MIX_00193,35.86321995464853,DRUM_SUPPORTED,FULL_MIX_AND_STEM_MATCH,"[""BASS_00086""]",1
bass,FULL_MIX,F_MIX_00194,36.13024943310658,UNKNOWN,FULL_MIX_ONLY,[],0
bass,FULL_MIX,F_MIX_00195,36.22312925170068,DRUM_SUPPORTED,FULL_MIX_ONLY,[],0
bass,FULL_MIX,F_MIX_00196,36.594648526077094,DRUM_SUPPORTED,FULL_MIX_ONLY,[],0
bass,FULL_MIX,F_MIX_00197,36.768798185941044,UNKNOWN,FULL_MIX_ONLY,[],0
bass,FULL_MIX,F_MIX_00198,36.95455782312925,DRUM_SUPPORTED,FULL_MIX_ONLY,[],0
bass,FULL_MIX,F_MIX_00199,37.314467120181405,DRUM_SUPPORTED,FULL_MIX_ONLY,[],0
bass,FULL_MIX,F_MIX_00200,37.697596371882085,DRUM_SUPPORTED,FULL_MIX_ONLY,[],0
bass,FULL_MIX,F_MIX_00201,37.82530612244898,UNKNOWN,FULL_MIX_AND_STEM_MATCH,"[""BASS_00088""]",1
bass,FULL_MIX,F_MIX_00202,37.95301587301587,UNKNOWN,FULL_MIX_AND_STEM_MATCH,"[""BASS_00089""]",1
bass,FULL_MIX,F_MIX_00203,37.98784580498866,UNKNOWN,FULL_MIX_ONLY,[],0
bass,FULL_MIX,F_MIX_00204,38.0691156462585,DRUM_SUPPORTED,FULL_MIX_ONLY,[],0
bass,FULL_MIX,F_MIX_00205,38.254875283446715,UNKNOWN,FULL_MIX_AND_STEM_MATCH,"[""BASS_00090""]",1
bass,FULL_MIX,F_MIX_00206,38.32453514739229,UNKNOWN,FULL_MIX_ONLY,[],0
bass,FULL_MIX,F_MIX_00207,38.44063492063492,DRUM_SUPPORTED,FULL_MIX_ONLY,[],0
bass,FULL_MIX,F_MIX_00208,38.69605442176871,UNKNOWN,FULL_MIX_AND_STEM_MATCH,"[""BASS_00092""]",1
bass,FULL_MIX,F_MIX_00209,38.81215419501134,DRUM_SUPPORTED,FULL_MIX_AND_STEM_MATCH,"[""BASS_00093""]",1
bass,FULL_MIX,F_MIX_00210,39.172063492063494,DRUM_SUPPORTED,FULL_MIX_ONLY,[],0
bass,FULL_MIX,F_MIX_00211,39.46231292517007,UNKNOWN,FULL_MIX_ONLY,[],0
bass,FULL_MIX,F_MIX_00212,39.555192743764174,DRUM_SUPPORTED,FULL_MIX_AND_STEM_MATCH,"[""BASS_00094""]",1
bass,FULL_MIX,F_MIX_00213,39.74095238095238,UNKNOWN,FULL_MIX_ONLY,[],0
bass,FULL_MIX,F_MIX_00214,39.92671201814059,DRUM_SUPPORTED,FULL_MIX_ONLY,[],0
bass,FULL_MIX,F_MIX_00215,40.2053514739229,UNKNOWN,FULL_MIX_ONLY,[],0
bass,FULL_MIX,F_MIX_00216,40.29823129251701,DRUM_SUPPORTED,FULL_MIX_ONLY,[],0
bass,FULL_MIX,F_MIX_00217,40.56526077097506,UNKNOWN,FULL_MIX_AND_STEM_MATCH,"[""BASS_00095""]",1
bass,FULL_MIX,F_MIX_00218,40.66975056689343,DRUM_SUPPORTED,FULL_MIX_ONLY,[],0
bass,FULL_MIX,F_MIX_00219,40.90195011337868,UNKNOWN,FULL_MIX_AND_STEM_MATCH,"[""BASS_00097""]",1
bass,FULL_MIX,F_MIX_00220,41.029659863945575,DRUM_SUPPORTED,FULL_MIX_ONLY,[],0
bass,FULL_MIX,F_MIX_00221,41.28507936507936,DRUM_SUPPORTED,FULL_MIX_AND_STEM_MATCH,"[""BASS_00098""]",1
bass,FULL_MIX,F_MIX_00222,41.40117913832199,BASS_AND_DRUM_SUPPORTED,FULL_MIX_AND_STEM_MATCH,"[""BASS_00099""]",1
bass,FULL_MIX,F_MIX_00223,41.64498866213152,DRUM_SUPPORTED,FULL_MIX_ONLY,[],0
bass,FULL_MIX,F_MIX_00224,41.749478458049886,BASS_AND_DRUM_SUPPORTED,FULL_MIX_AND_STEM_MATCH,"[""BASS_00100""]",1
bass,FULL_MIX,F_MIX_00225,42.10938775510204,DRUM_SUPPORTED,FULL_MIX_ONLY,[],0
bass,FULL_MIX,F_MIX_00226,42.38802721088435,DRUM_SUPPORTED,FULL_MIX_ONLY,[],0
bass,FULL_MIX,F_MIX_00227,42.52734693877551,UNKNOWN,FULL_MIX_ONLY,[],0
bass,FULL_MIX,F_MIX_00228,42.71310657596372,DRUM_SUPPORTED,FULL_MIX_ONLY,[],0
bass,FULL_MIX,F_MIX_00229,42.75954648526077,DRUM_SUPPORTED,FULL_MIX_ONLY,[],0
bass,FULL_MIX,F_MIX_00230,42.86403628117914,DRUM_SUPPORTED,FULL_MIX_ONLY,[],0
bass,FULL_MIX,F_MIX_00231,43.23555555555556,BASS_AND_DRUM_SUPPORTED,FULL_MIX_AND_STEM_MATCH,"[""BASS_00102""]",1
bass,FULL_MIX,F_MIX_00232,43.47936507936508,DRUM_SUPPORTED,FULL_MIX_AND_STEM_MATCH,"[""BASS_00103""]",1
bass,FULL_MIX,F_MIX_00233,43.86249433106576,UNKNOWN,FULL_MIX_ONLY,[],0
bass,FULL_MIX,F_MIX_00234,44.00181405895692,DRUM_SUPPORTED,FULL_MIX_ONLY,[],0
bass,FULL_MIX,F_MIX_00235,44.18757369614512,DRUM_SUPPORTED,FULL_MIX_ONLY,[],0
bass,FULL_MIX,F_MIX_00236,44.22240362811792,DRUM_SUPPORTED,FULL_MIX_AND_STEM_MATCH,"[""BASS_00105""]",1
bass,FULL_MIX,F_MIX_00237,44.36172335600907,UNKNOWN,FULL_MIX_ONLY,[],0
bass,FULL_MIX,F_MIX_00238,44.68680272108843,BASS_AND_DRUM_SUPPORTED,FULL_MIX_AND_STEM_MATCH,"[""BASS_00107""]",1
bass,FULL_MIX,F_MIX_00239,44.72163265306123,DRUM_SUPPORTED,FULL_MIX_ONLY,[],0
bass,FULL_MIX,F_MIX_00240,45.10476190476191,UNKNOWN,FULL_MIX_AND_STEM_MATCH,"[""BASS_00108""]",1
bass,FULL_MIX,F_MIX_00241,45.77814058956916,UNKNOWN,FULL_MIX_ONLY,[],0
bass,FULL_MIX,F_MIX_00242,46.172879818594105,UNKNOWN,FULL_MIX_ONLY,[],0
bass,FULL_MIX,F_MIX_00243,46.335419501133785,UNKNOWN,FULL_MIX_ONLY,[],0
bass,FULL_MIX,F_MIX_00244,46.451519274376416,UNKNOWN,FULL_MIX_ONLY,[],0
bass,FULL_MIX,F_MIX_00245,46.66049886621315,UNKNOWN,FULL_MIX_ONLY,[],0
bass,FULL_MIX,F_MIX_00246,47.04362811791383,UNKNOWN,FULL_MIX_ONLY,[],0
bass,FULL_MIX,F_MIX_00247,47.29904761904762,UNKNOWN,FULL_MIX_ONLY,[],0
bass,FULL_MIX,F_MIX_00248,47.42675736961451,DRUM_SUPPORTED,FULL_MIX_ONLY,[],0
bass,FULL_MIX,F_MIX_00249,47.658956916099775,UNKNOWN,FULL_MIX_AND_STEM_MATCH,"[""BASS_00109""]",1
bass,FULL_MIX,F_MIX_00250,47.751836734693875,UNKNOWN,FULL_MIX_ONLY,[],0
bass,FULL_MIX,F_MIX_00251,47.83310657596372,UNKNOWN,FULL_MIX_ONLY,[],0
bass,FULL_MIX,F_MIX_00252,48.042086167800456,UNKNOWN,FULL_MIX_AND_STEM_MATCH,"[""BASS_00110""]",1
bass,FULL_MIX,F_MIX_00253,48.12335600907029,DRUM_SUPPORTED,FULL_MIX_AND_STEM_MATCH,"[""BASS_00111""]",1
bass,FULL_MIX,F_MIX_00254,48.54131519274377,DRUM_SUPPORTED,FULL_MIX_ONLY,[],0
bass,FULL_MIX,F_MIX_00255,48.901224489795915,DRUM_SUPPORTED,FULL_MIX_ONLY,[],0
bass,FULL_MIX,F_MIX_00256,49.191473922902496,DRUM_SUPPORTED,FULL_MIX_ONLY,[],0
bass,FULL_MIX,F_MIX_00257,49.284353741496595,DRUM_SUPPORTED,FULL_MIX_ONLY,[],0
bass,FULL_MIX,F_MIX_00258,49.31918367346939,DRUM_SUPPORTED,FULL_MIX_AND_STEM_MATCH,"[""BASS_00114""]",1
bass,FULL_MIX,F_MIX_00259,49.65587301587301,DRUM_SUPPORTED,FULL_MIX_AND_STEM_MATCH,"[""BASS_00115""]",1
bass,FULL_MIX,F_MIX_00260,50.01578231292517,DRUM_SUPPORTED,FULL_MIX_AND_STEM_MATCH,"[""BASS_00116""]",1
bass,FULL_MIX,F_MIX_00261,50.39891156462585,DRUM_SUPPORTED,FULL_MIX_AND_STEM_MATCH,"[""BASS_00117""]",1
bass,FULL_MIX,F_MIX_00262,50.758820861678004,DRUM_SUPPORTED,FULL_MIX_ONLY,[],0
bass,FULL_MIX,F_MIX_00263,51.037460317460315,UNKNOWN,FULL_MIX_AND_STEM_MATCH,"[""BASS_00119""]",1
bass,FULL_MIX,F_MIX_00264,51.13034013605442,DRUM_SUPPORTED,FULL_MIX_ONLY,[],0
bass,FULL_MIX,F_MIX_00265,51.44380952380953,UNKNOWN,FULL_MIX_ONLY,[],0
bass,FULL_MIX,F_MIX_00266,51.757278911564626,UNKNOWN,FULL_MIX_ONLY,[],0
bass,FULL_MIX,F_MIX_00267,51.81532879818594,UNKNOWN,FULL_MIX_ONLY,[],0
bass,FULL_MIX,F_MIX_00268,52.024308390022675,UNKNOWN,FULL_MIX_ONLY,[],0
bass,FULL_MIX,F_MIX_00269,52.186848072562356,DRUM_SUPPORTED,FULL_MIX_ONLY,[],0
bass,FULL_MIX,F_MIX_00270,52.244897959183675,DRUM_SUPPORTED,FULL_MIX_ONLY,[],0
bass,FULL_MIX,F_MIX_00271,52.523537414965986,DRUM_SUPPORTED,FULL_MIX_ONLY,[],0
bass,FULL_MIX,F_MIX_00272,52.61641723356009,DRUM_SUPPORTED,FULL_MIX_AND_STEM_MATCH,"[""BASS_00122""]",1
bass,FULL_MIX,F_MIX_00273,52.895056689342404,UNKNOWN,FULL_MIX_ONLY,[],0
bass,FULL_MIX,F_MIX_00274,52.97632653061225,DRUM_SUPPORTED,FULL_MIX_AND_STEM_MATCH,"[""BASS_00123""]",1
bass,FULL_MIX,F_MIX_00275,53.324625850340134,DRUM_SUPPORTED,FULL_MIX_ONLY,[],0
bass,FULL_MIX,F_MIX_00276,53.614875283446715,DRUM_SUPPORTED,FULL_MIX_ONLY,[],0
bass,FULL_MIX,F_MIX_00277,53.69614512471655,DRUM_SUPPORTED,FULL_MIX_ONLY,[],0
bass,FULL_MIX,F_MIX_00278,53.998004535147395,UNKNOWN,FULL_MIX_ONLY,[],0
bass,FULL_MIX,F_MIX_00279,54.05605442176871,DRUM_SUPPORTED,FULL_MIX_ONLY,[],0
bass,FULL_MIX,F_MIX_00280,54.34630385487528,DRUM_SUPPORTED,FULL_MIX_ONLY,[],0
bass,FULL_MIX,F_MIX_00281,54.427573696145124,DRUM_SUPPORTED,FULL_MIX_AND_STEM_MATCH,"[""BASS_00126""]",1
bass,FULL_MIX,F_MIX_00282,54.57850340136054,UNKNOWN,FULL_MIX_ONLY,[],0
bass,FULL_MIX,F_MIX_00283,54.78748299319728,DRUM_SUPPORTED,FULL_MIX_AND_STEM_MATCH,"[""BASS_00127""]",1
bass,FULL_MIX,F_MIX_00284,55.147392290249435,DRUM_SUPPORTED,FULL_MIX_AND_STEM_MATCH,"[""BASS_00128""]",1
bass,FULL_MIX,F_MIX_00285,55.50730158730159,DRUM_SUPPORTED,FULL_MIX_ONLY,[],0
bass,FULL_MIX,F_MIX_00286,55.80916099773243,UNKNOWN,FULL_MIX_ONLY,[],0
bass,FULL_MIX,F_MIX_00287,55.878820861678,DRUM_SUPPORTED,FULL_MIX_AND_STEM_MATCH,"[""BASS_00130""]",1
bass,FULL_MIX,F_MIX_00288,56.16907029478458,UNKNOWN,FULL_MIX_ONLY,[],0
bass,FULL_MIX,F_MIX_00289,56.23873015873016,DRUM_SUPPORTED,FULL_MIX_ONLY,[],0
bass,FULL_MIX,F_MIX_00290,56.52897959183674,DRUM_SUPPORTED,FULL_MIX_ONLY,[],0
bass,FULL_MIX,F_MIX_00291,56.610249433106574,DRUM_SUPPORTED,FULL_MIX_AND_STEM_MATCH,"[""BASS_00131""]",1
bass,FULL_MIX,F_MIX_00292,56.95854875283447,DRUM_SUPPORTED,FULL_MIX_ONLY,[],0
bass,FULL_MIX,F_MIX_00293,57.225578231292516,DRUM_SUPPORTED,FULL_MIX_ONLY,[],0
bass,FULL_MIX,F_MIX_00294,57.376507936507934,UNKNOWN,FULL_MIX_ONLY,[],0
bass,FULL_MIX,F_MIX_00295,57.68997732426304,DRUM_SUPPORTED,FULL_MIX_AND_STEM_MATCH,"[""BASS_00133""]",1
bass,FULL_MIX,F_MIX_00296,57.96861678004535,DRUM_SUPPORTED,FULL_MIX_ONLY,[],0
bass,FULL_MIX,F_MIX_00297,58.10793650793651,DRUM_SUPPORTED,FULL_MIX_ONLY,[],0
bass,FULL_MIX,F_MIX_00298,58.38657596371882,DRUM_SUPPORTED,FULL_MIX_ONLY,[],0
bass,FULL_MIX,F_MIX_00299,58.42140589569161,DRUM_SUPPORTED,FULL_MIX_ONLY,[],0
bass,FULL_MIX,F_MIX_00300,58.700045351473925,DRUM_SUPPORTED,FULL_MIX_ONLY,[],0
bass,FULL_MIX,F_MIX_00301,58.792925170068024,DRUM_SUPPORTED,FULL_MIX_AND_STEM_MATCH,"[""BASS_00135""]",1
bass,FULL_MIX,F_MIX_00302,59.05995464852608,UNKNOWN,FULL_MIX_ONLY,[],0
bass,FULL_MIX,F_MIX_00303,59.15283446712018,DRUM_SUPPORTED,FULL_MIX_ONLY,[],0
bass,FULL_MIX,F_MIX_00304,59.43147392290249,UNKNOWN,FULL_MIX_ONLY,[],0
bass,FULL_MIX,F_MIX_00305,59.5243537414966,DRUM_SUPPORTED,FULL_MIX_AND_STEM_MATCH,"[""BASS_00136""]",1
bass,FULL_MIX,F_MIX_00306,59.88426303854875,DRUM_SUPPORTED,FULL_MIX_AND_STEM_MATCH,"[""BASS_00137""]",1
bass,FULL_MIX,F_MIX_00307,60.03519274376417,UNKNOWN,FULL_MIX_ONLY,[],0
bass,FULL_MIX,F_MIX_00308,60.1512925170068,UNKNOWN,FULL_MIX_ONLY,[],0
bass,FULL_MIX,F_MIX_00309,60.24417233560091,BASS_AND_DRUM_SUPPORTED,FULL_MIX_AND_STEM_MATCH,"[""BASS_00138""]",1
bass,FULL_MIX,F_MIX_00310,60.3718820861678,UNKNOWN,FULL_MIX_ONLY,[],0
bass,FULL_MIX,F_MIX_00311,60.48798185941043,UNKNOWN,FULL_MIX_ONLY,[],0
bass,FULL_MIX,F_MIX_00312,60.615691609977326,BASS_AND_DRUM_SUPPORTED,FULL_MIX_AND_STEM_MATCH,"[""BASS_00139""]",1
bass,FULL_MIX,F_MIX_00313,60.87111111111111,UNKNOWN,FULL_MIX_ONLY,[],0
bass,FULL_MIX,F_MIX_00314,61.03365079365079,UNKNOWN,FULL_MIX_ONLY,[],0
bass,FULL_MIX,F_MIX_00315,61.24263038548753,UNKNOWN,FULL_MIX_ONLY,[],0
bass,FULL_MIX,F_MIX_00316,61.35873015873016,BASS_AND_DRUM_SUPPORTED,FULL_MIX_AND_STEM_MATCH,"[""BASS_00142""]",1
bass,FULL_MIX,F_MIX_00317,61.61414965986395,DRUM_SUPPORTED,FULL_MIX_ONLY,[],0
bass,FULL_MIX,F_MIX_00318,61.73024943310658,BASS_AND_DRUM_SUPPORTED,FULL_MIX_AND_STEM_MATCH,"[""BASS_00143""]",1
bass,FULL_MIX,F_MIX_00319,62.0669387755102,BASS_AND_DRUM_SUPPORTED,FULL_MIX_ONLY,[],0
bass,FULL_MIX,F_MIX_00320,62.368798185941046,UNKNOWN,FULL_MIX_ONLY,[],0
bass,FULL_MIX,F_MIX_00321,62.43845804988662,DRUM_SUPPORTED,FULL_MIX_ONLY,[],0
bass,FULL_MIX,F_MIX_00322,62.49650793650794,UNKNOWN,FULL_MIX_ONLY,[],0
bass,FULL_MIX,F_MIX_00323,62.798367346938775,BASS_AND_DRUM_SUPPORTED,FULL_MIX_ONLY,[],0
bass,FULL_MIX,F_MIX_00324,63.181496598639455,BASS_AND_DRUM_SUPPORTED,FULL_MIX_ONLY,[],0
bass,FULL_MIX,F_MIX_00325,63.46013605442177,DRUM_SUPPORTED,FULL_MIX_ONLY,[],0
bass,FULL_MIX,F_MIX_00326,63.54140589569161,DRUM_SUPPORTED,FULL_MIX_ONLY,[],0
bass,FULL_MIX,F_MIX_00327,63.80843537414966,DRUM_SUPPORTED,FULL_MIX_AND_STEM_MATCH,"[""BASS_00149""]",1
bass,FULL_MIX,F_MIX_00328,64.24961451247165,DRUM_SUPPORTED,FULL_MIX_ONLY,[],0
bass,FULL_MIX,F_MIX_00329,64.51664399092971,DRUM_SUPPORTED,FULL_MIX_ONLY,[],0
bass,FULL_MIX,F_MIX_00330,64.62113378684808,DRUM_SUPPORTED,FULL_MIX_AND_STEM_MATCH,"[""BASS_00151""]",1
bass,FULL_MIX,F_MIX_00331,64.88816326530612,UNKNOWN,FULL_MIX_ONLY,[],0
bass,FULL_MIX,F_MIX_00332,64.98104308390023,DRUM_SUPPORTED,FULL_MIX_AND_STEM_MATCH,"[""BASS_00152""]",1
bass,FULL_MIX,F_MIX_00333,65.23646258503402,UNKNOWN,FULL_MIX_ONLY,[],0
bass,FULL_MIX,F_MIX_00334,65.34095238095239,DRUM_SUPPORTED,FULL_MIX_AND_STEM_MATCH,"[""BASS_00153""]",1
bass,FULL_MIX,F_MIX_00335,65.70086167800453,DRUM_SUPPORTED,FULL_MIX_AND_STEM_MATCH,"[""BASS_00154""]",1
bass,FULL_MIX,F_MIX_00336,65.99111111111111,UNKNOWN,FULL_MIX_ONLY,[],0
bass,FULL_MIX,F_MIX_00337,66.07238095238095,BASS_AND_DRUM_SUPPORTED,FULL_MIX_AND_STEM_MATCH,"[""BASS_00155""]",1
bass,FULL_MIX,F_MIX_00338,66.42068027210884,BASS_AND_DRUM_SUPPORTED,FULL_MIX_AND_STEM_MATCH,"[""BASS_00156""]",1
bass,FULL_MIX,F_MIX_00339,66.69931972789115,DRUM_SUPPORTED,FULL_MIX_ONLY,[],0
bass,FULL_MIX,F_MIX_00340,66.79219954648526,BASS_AND_DRUM_SUPPORTED,FULL_MIX_AND_STEM_MATCH,"[""BASS_00157""]",1
bass,FULL_MIX,F_MIX_00341,67.1288888888889,BASS_AND_DRUM_SUPPORTED,FULL_MIX_AND_STEM_MATCH,"[""BASS_00158""]",1
bass,FULL_MIX,F_MIX_00342,67.43074829931973,UNKNOWN,FULL_MIX_ONLY,[],0
bass,FULL_MIX,F_MIX_00343,67.5004081632653,DRUM_SUPPORTED,FULL_MIX_AND_STEM_MATCH,"[""BASS_00159""]",1
bass,FULL_MIX,F_MIX_00344,67.80226757369614,UNKNOWN,FULL_MIX_ONLY,[],0
bass,FULL_MIX,F_MIX_00345,67.87192743764173,DRUM_SUPPORTED,FULL_MIX_ONLY,[],0
bass,FULL_MIX,F_MIX_00346,68.1621768707483,DRUM_SUPPORTED,FULL_MIX_ONLY,[],0
bass,FULL_MIX,F_MIX_00347,68.20861678004535,DRUM_SUPPORTED,FULL_MIX_AND_STEM_MATCH,"[""BASS_00161""]",1
bass,FULL_MIX,F_MIX_00348,68.28988662131519,UNKNOWN,FULL_MIX_ONLY,[],0
bass,FULL_MIX,F_MIX_00349,68.52208616780045,UNKNOWN,FULL_MIX_ONLY,[],0
bass,FULL_MIX,F_MIX_00350,68.59174603174603,BASS_AND_DRUM_SUPPORTED,FULL_MIX_AND_STEM_MATCH,"[""BASS_00162""]",1
bass,FULL_MIX,F_MIX_00351,68.84716553287981,DRUM_SUPPORTED,FULL_MIX_ONLY,[],0
bass,FULL_MIX,F_MIX_00352,68.98648526077098,UNKNOWN,FULL_MIX_ONLY,[],0
bass,FULL_MIX,F_MIX_00353,69.29995464852608,BASS_AND_DRUM_SUPPORTED,FULL_MIX_AND_STEM_MATCH,"[""BASS_00164""]",1
bass,FULL_MIX,F_MIX_00354,69.56698412698412,UNKNOWN,FULL_MIX_ONLY,[],0
bass,FULL_MIX,F_MIX_00355,69.64825396825397,DRUM_SUPPORTED,FULL_MIX_ONLY,[],0
bass,FULL_MIX,F_MIX_00356,69.92689342403628,UNKNOWN,FULL_MIX_ONLY,[],0
bass,FULL_MIX,F_MIX_00357,70.01977324263038,DRUM_SUPPORTED,FULL_MIX_AND_STEM_MATCH,"[""BASS_00166""]",1
bass,FULL_MIX,F_MIX_00358,70.2984126984127,UNKNOWN,FULL_MIX_ONLY,[],0
bass,FULL_MIX,F_MIX_00359,70.37968253968253,DRUM_SUPPORTED,FULL_MIX_AND_STEM_MATCH,"[""BASS_00167""]",1
bass,FULL_MIX,F_MIX_00360,70.64671201814059,DRUM_SUPPORTED,FULL_MIX_ONLY,[],0
bass,FULL_MIX,F_MIX_00361,70.75120181405896,DRUM_SUPPORTED,FULL_MIX_ONLY,[],0
bass,FULL_MIX,F_MIX_00362,70.99501133786848,DRUM_SUPPORTED,FULL_MIX_ONLY,[],0
bass,FULL_MIX,F_MIX_00363,71.1459410430839,UNKNOWN,FULL_MIX_ONLY,[],0
bass,FULL_MIX,F_MIX_00364,71.40136054421768,UNKNOWN,FULL_MIX_ONLY,[],0
bass,FULL_MIX,F_MIX_00365,71.47102040816327,DRUM_SUPPORTED,FULL_MIX_ONLY,[],0
bass,FULL_MIX,F_MIX_00366,71.72643990929706,DRUM_SUPPORTED,FULL_MIX_ONLY,[],0
bass,FULL_MIX,F_MIX_00367,71.81931972789116,DRUM_SUPPORTED,FULL_MIX_ONLY,[],0
bass,FULL_MIX,F_MIX_00368,72.09795918367347,UNKNOWN,FULL_MIX_ONLY,[],0
bass,FULL_MIX,F_MIX_00369,72.19083900226758,DRUM_SUPPORTED,FULL_MIX_ONLY,[],0
bass,FULL_MIX,F_MIX_00370,72.44625850340137,DRUM_SUPPORTED,FULL_MIX_ONLY,[],0
bass,FULL_MIX,F_MIX_00371,72.53913832199547,DRUM_SUPPORTED,FULL_MIX_ONLY,[],0
bass,FULL_MIX,F_MIX_00372,72.89904761904762,DRUM_SUPPORTED,FULL_MIX_AND_STEM_MATCH,"[""BASS_00173""]",1
bass,FULL_MIX,F_MIX_00373,73.18929705215419,DRUM_SUPPORTED,FULL_MIX_ONLY,[],0
bass,FULL_MIX,F_MIX_00374,73.27056689342403,DRUM_SUPPORTED,FULL_MIX_AND_STEM_MATCH,"[""BASS_00174""]",1
bass,FULL_MIX,F_MIX_00375,73.60725623582766,DRUM_SUPPORTED,FULL_MIX_AND_STEM_MATCH,"[""BASS_00175""]",1
bass,FULL_MIX,F_MIX_00376,73.64208616780046,DRUM_SUPPORTED,FULL_MIX_ONLY,[],0
bass,FULL_MIX,F_MIX_00377,73.88589569160997,DRUM_SUPPORTED,FULL_MIX_ONLY,[],0
bass,FULL_MIX,F_MIX_00378,74.33868480725623,BASS_AND_DRUM_SUPPORTED,FULL_MIX_AND_STEM_MATCH,"[""BASS_00177""]",1
bass,FULL_MIX,F_MIX_00379,74.64054421768708,DRUM_SUPPORTED,FULL_MIX_ONLY,[],0
bass,FULL_MIX,F_MIX_00380,74.72181405895692,BASS_AND_DRUM_SUPPORTED,FULL_MIX_AND_STEM_MATCH,"[""BASS_00178""]",1
bass,FULL_MIX,F_MIX_00381,74.98884353741497,UNKNOWN,FULL_MIX_ONLY,[],0
bass,FULL_MIX,F_MIX_00382,75.08172335600906,BASS_AND_DRUM_SUPPORTED,FULL_MIX_AND_STEM_MATCH,"[""BASS_00179""]",1
bass,FULL_MIX,F_MIX_00383,75.34875283446712,DRUM_SUPPORTED,FULL_MIX_ONLY,[],0
bass,FULL_MIX,F_MIX_00384,75.43002267573696,BASS_AND_DRUM_SUPPORTED,FULL_MIX_AND_STEM_MATCH,"[""BASS_00180""]",1
bass,FULL_MIX,F_MIX_00385,75.72027210884353,DRUM_SUPPORTED,FULL_MIX_ONLY,[],0
bass,FULL_MIX,F_MIX_00386,75.80154195011337,DRUM_SUPPORTED,FULL_MIX_ONLY,[],0
bass,FULL_MIX,F_MIX_00387,76.06857142857143,DRUM_SUPPORTED,FULL_MIX_AND_STEM_MATCH,"[""BASS_00182""]",1
bass,FULL_MIX,F_MIX_00388,76.42848072562359,UNKNOWN,FULL_MIX_ONLY,[],0
bass,FULL_MIX,F_MIX_00389,76.52136054421769,DRUM_SUPPORTED,FULL_MIX_ONLY,[],0
bass,FULL_MIX,F_MIX_00390,76.77678004535147,DRUM_SUPPORTED,FULL_MIX_ONLY,[],0
bass,FULL_MIX,F_MIX_00391,77.13668934240363,DRUM_SUPPORTED,FULL_MIX_AND_STEM_MATCH,"[""BASS_00185""]",1
bass,FULL_MIX,F_MIX_00392,77.22956916099773,DRUM_SUPPORTED,FULL_MIX_AND_STEM_MATCH,"[""BASS_00186""]",1
bass,FULL_MIX,F_MIX_00393,77.48498866213151,DRUM_SUPPORTED,FULL_MIX_ONLY,[],0
bass,FULL_MIX,F_MIX_00394,77.87972789115646,UNKNOWN,FULL_MIX_ONLY,[],0
bass,FULL_MIX,F_MIX_00395,77.94938775510204,DRUM_SUPPORTED,FULL_MIX_AND_STEM_MATCH,"[""BASS_00188""]",1
bass,FULL_MIX,F_MIX_00396,78.2164172335601,DRUM_SUPPORTED,FULL_MIX_ONLY,[],0
bass,FULL_MIX,F_MIX_00397,78.3092970521542,DRUM_SUPPORTED,FULL_MIX_AND_STEM_MATCH,"[""BASS_00189""]",1
bass,FULL_MIX,F_MIX_00398,78.57632653061225,UNKNOWN,FULL_MIX_ONLY,[],0
bass,FULL_MIX,F_MIX_00399,78.68081632653062,DRUM_SUPPORTED,FULL_MIX_ONLY,[],0
bass,FULL_MIX,F_MIX_00400,78.9362358276644,DRUM_SUPPORTED,FULL_MIX_ONLY,[],0
bass,FULL_MIX,F_MIX_00401,79.04072562358277,DRUM_SUPPORTED,FULL_MIX_ONLY,[],0
bass,FULL_MIX,F_MIX_00402,79.28453514739229,DRUM_SUPPORTED,FULL_MIX_ONLY,[],0
bass,FULL_MIX,F_MIX_00403,79.38902494331066,DRUM_SUPPORTED,FULL_MIX_ONLY,[],0
bass,FULL_MIX,F_MIX_00404,79.63283446712018,DRUM_SUPPORTED,FULL_MIX_ONLY,[],0
bass,FULL_MIX,F_MIX_00405,79.74893424036281,DRUM_SUPPORTED,FULL_MIX_ONLY,[],0
bass,FULL_MIX,F_MIX_00406,80.0043537414966,DRUM_SUPPORTED,FULL_MIX_ONLY,[],0
bass,FULL_MIX,F_MIX_00407,80.0972335600907,DRUM_SUPPORTED,FULL_MIX_ONLY,[],0
bass,FULL_MIX,F_MIX_00408,80.35265306122449,DRUM_SUPPORTED,FULL_MIX_ONLY,[],0
bass,FULL_MIX,F_MIX_00409,80.71256235827664,BASS_AND_DRUM_SUPPORTED,FULL_MIX_ONLY,[],0
bass,FULL_MIX,F_MIX_00410,80.82866213151928,BASS_AND_DRUM_SUPPORTED,FULL_MIX_ONLY,[],0
bass,FULL_MIX,F_MIX_00411,81.08408163265307,DRUM_SUPPORTED,FULL_MIX_AND_STEM_MATCH,"[""BASS_00193""]",1
bass,FULL_MIX,F_MIX_00412,81.21179138321996,DRUM_SUPPORTED,FULL_MIX_ONLY,[],0
bass,FULL_MIX,F_MIX_00413,81.45560090702948,BASS_SUPPORTED,FULL_MIX_ONLY,[],0
bass,FULL_MIX,F_MIX_00414,81.54848072562358,DRUM_SUPPORTED,FULL_MIX_AND_STEM_MATCH,"[""BASS_00194""]",1
bass,FULL_MIX,F_MIX_00415,81.81551020408163,UNKNOWN,FULL_MIX_ONLY,[],0
bass,FULL_MIX,F_MIX_00416,81.90839002267573,BASS_AND_DRUM_SUPPORTED,FULL_MIX_AND_STEM_MATCH,"[""BASS_00196""]",1
bass,FULL_MIX,F_MIX_00417,82.18702947845804,UNKNOWN,FULL_MIX_ONLY,[],0
bass,FULL_MIX,F_MIX_00418,82.25668934240363,DRUM_SUPPORTED,FULL_MIX_AND_STEM_MATCH,"[""BASS_00197""]",1
bass,FULL_MIX,F_MIX_00419,82.62820861678004,DRUM_SUPPORTED,FULL_MIX_ONLY,[],0
bass,FULL_MIX,F_MIX_00420,82.99972789115647,UNKNOWN,FULL_MIX_ONLY,[],0
bass,FULL_MIX,F_MIX_00421,83.34802721088435,DRUM_SUPPORTED,FULL_MIX_AND_STEM_MATCH,"[""BASS_00199""]",1
bass,FULL_MIX,F_MIX_00422,83.71954648526076,DRUM_SUPPORTED,FULL_MIX_AND_STEM_MATCH,"[""BASS_00200""]",1
bass,FULL_MIX,F_MIX_00423,84.09106575963719,BASS_AND_DRUM_SUPPORTED,FULL_MIX_AND_STEM_MATCH,"[""BASS_00201""]",1
bass,FULL_MIX,F_MIX_00424,84.45097505668934,BASS_AND_DRUM_SUPPORTED,FULL_MIX_AND_STEM_MATCH,"[""BASS_00202""]",1
bass,FULL_MIX,F_MIX_00425,84.74122448979591,UNKNOWN,FULL_MIX_ONLY,[],0
bass,FULL_MIX,F_MIX_00426,84.82249433106576,BASS_AND_DRUM_SUPPORTED,FULL_MIX_AND_STEM_MATCH,"[""BASS_00203""]",1
bass,FULL_MIX,F_MIX_00427,85.10113378684807,UNKNOWN,FULL_MIX_ONLY,[],0
bass,FULL_MIX,F_MIX_00428,85.18240362811791,BASS_AND_DRUM_SUPPORTED,FULL_MIX_AND_STEM_MATCH,"[""BASS_00204""]",1
bass,FULL_MIX,F_MIX_00429,85.46104308390022,DRUM_SUPPORTED,FULL_MIX_ONLY,[],0
bass,FULL_MIX,F_MIX_00430,85.53070294784581,BASS_AND_DRUM_SUPPORTED,FULL_MIX_AND_STEM_MATCH,"[""BASS_00205""]",1
bass,FULL_MIX,F_MIX_00431,85.82095238095238,DRUM_SUPPORTED,FULL_MIX_ONLY,[],0
bass,FULL_MIX,F_MIX_00432,85.90222222222222,BASS_AND_DRUM_SUPPORTED,FULL_MIX_AND_STEM_MATCH,"[""BASS_00206""]",1
bass,FULL_MIX,F_MIX_00433,86.18086167800453,UNKNOWN,FULL_MIX_ONLY,[],0
bass,FULL_MIX,F_MIX_00434,86.2505215419501,BASS_AND_DRUM_SUPPORTED,FULL_MIX_ONLY,[],0
bass,FULL_MIX,F_MIX_00435,86.2853514739229,DRUM_SUPPORTED,FULL_MIX_AND_STEM_MATCH,"[""BASS_00208""]",1
bass,FULL_MIX,F_MIX_00436,86.61043083900226,BASS_AND_DRUM_SUPPORTED,FULL_MIX_AND_STEM_MATCH,"[""BASS_00209""]",1
bass,FULL_MIX,F_MIX_00437,86.88907029478457,UNKNOWN,FULL_MIX_ONLY,[],0
bass,FULL_MIX,F_MIX_00438,86.98195011337869,BASS_AND_DRUM_SUPPORTED,FULL_MIX_AND_STEM_MATCH,"[""BASS_00210""]",1
bass,FULL_MIX,F_MIX_00439,87.02839002267574,UNKNOWN,FULL_MIX_ONLY,[],0
bass,FULL_MIX,F_MIX_00440,87.260589569161,UNKNOWN,FULL_MIX_ONLY,[],0
bass,FULL_MIX,F_MIX_00441,87.34185941043084,DRUM_SUPPORTED,FULL_MIX_ONLY,[],0
bass,FULL_MIX,F_MIX_00442,87.59727891156463,DRUM_SUPPORTED,FULL_MIX_ONLY,[],0
bass,FULL_MIX,F_MIX_00443,88.03845804988661,BASS_AND_DRUM_SUPPORTED,FULL_MIX_ONLY,[],0
bass,FULL_MIX,F_MIX_00444,88.3287074829932,UNKNOWN,FULL_MIX_ONLY,[],0
bass,FULL_MIX,F_MIX_00445,88.75827664399092,BASS_AND_DRUM_SUPPORTED,FULL_MIX_AND_STEM_MATCH,"[""BASS_00215""]",1
bass,FULL_MIX,F_MIX_00446,89.03691609977324,UNKNOWN,FULL_MIX_ONLY,[],0
bass,FULL_MIX,F_MIX_00447,89.10657596371883,BASS_AND_DRUM_SUPPORTED,FULL_MIX_ONLY,[],0
bass,FULL_MIX,F_MIX_00448,89.47809523809524,BASS_AND_DRUM_SUPPORTED,FULL_MIX_AND_STEM_MATCH,"[""BASS_00216""]",1
bass,FULL_MIX,F_MIX_00449,89.74512471655329,DRUM_SUPPORTED,FULL_MIX_ONLY,[],0
bass,FULL_MIX,F_MIX_00450,90.16308390022675,BASS_AND_DRUM_SUPPORTED,FULL_MIX_ONLY,[],0
bass,FULL_MIX,F_MIX_00451,90.45333333333333,DRUM_SUPPORTED,FULL_MIX_ONLY,[],0
bass,FULL_MIX,F_MIX_00452,90.5578231292517,BASS_AND_DRUM_SUPPORTED,FULL_MIX_AND_STEM_MATCH,"[""BASS_00219""]",1
bass,FULL_MIX,F_MIX_00453,90.5926530612245,UNKNOWN,FULL_MIX_ONLY,[],0
bass,FULL_MIX,F_MIX_00454,90.84807256235828,UNKNOWN,FULL_MIX_ONLY,[],0
bass,FULL_MIX,F_MIX_00455,90.90612244897959,BASS_AND_DRUM_SUPPORTED,FULL_MIX_AND_STEM_MATCH,"[""BASS_00220""]",1
bass,FULL_MIX,F_MIX_00456,91.1847619047619,UNKNOWN,FULL_MIX_ONLY,[],0
bass,FULL_MIX,F_MIX_00457,91.26603174603174,BASS_AND_DRUM_SUPPORTED,FULL_MIX_AND_STEM_MATCH,"[""BASS_00221""]",1
bass,FULL_MIX,F_MIX_00458,91.54467120181405,UNKNOWN,FULL_MIX_ONLY,[],0
bass,FULL_MIX,F_MIX_00459,91.6259410430839,BASS_AND_DRUM_SUPPORTED,FULL_MIX_AND_STEM_MATCH,"[""BASS_00222""]",1
bass,FULL_MIX,F_MIX_00460,91.89297052154195,DRUM_SUPPORTED,FULL_MIX_ONLY,[],0
bass,FULL_MIX,F_MIX_00461,91.99746031746032,DRUM_SUPPORTED,FULL_MIX_AND_STEM_MATCH,"[""BASS_00223""]",1
bass,FULL_MIX,F_MIX_00462,92.25287981859411,UNKNOWN,FULL_MIX_ONLY,[],0
bass,FULL_MIX,F_MIX_00463,92.28770975056689,BASS_AND_DRUM_SUPPORTED,FULL_MIX_ONLY,[],0
bass,FULL_MIX,F_MIX_00464,92.34575963718821,DRUM_SUPPORTED,FULL_MIX_AND_STEM_MATCH,"[""BASS_00224""]",1
bass,FULL_MIX,F_MIX_00465,92.63600907029479,UNKNOWN,FULL_MIX_ONLY,[],0
bass,FULL_MIX,F_MIX_00466,92.70566893424036,BASS_AND_DRUM_SUPPORTED,FULL_MIX_AND_STEM_MATCH,"[""BASS_00225""]",1
bass,FULL_MIX,F_MIX_00467,92.9726984126984,DRUM_SUPPORTED,FULL_MIX_ONLY,[],0
bass,FULL_MIX,F_MIX_00468,93.07718820861678,BASS_AND_DRUM_SUPPORTED,FULL_MIX_AND_STEM_MATCH,"[""BASS_00226""]",1
bass,FULL_MIX,F_MIX_00469,93.33260770975056,DRUM_SUPPORTED,FULL_MIX_ONLY,[],0
bass,FULL_MIX,F_MIX_00470,93.43709750566893,DRUM_SUPPORTED,FULL_MIX_AND_STEM_MATCH,"[""BASS_00227""]",1
bass,FULL_MIX,F_MIX_00471,93.70412698412699,UNKNOWN,FULL_MIX_ONLY,[],0
bass,FULL_MIX,F_MIX_00472,93.79700680272109,DRUM_SUPPORTED,FULL_MIX_ONLY,[],0
bass,FULL_MIX,F_MIX_00473,94.04081632653062,DRUM_SUPPORTED,FULL_MIX_ONLY,[],0
bass,FULL_MIX,F_MIX_00474,94.50521541950113,BASS_AND_DRUM_SUPPORTED,FULL_MIX_AND_STEM_MATCH,"[""BASS_00230""]",1
bass,FULL_MIX,F_MIX_00475,94.78385487528345,DRUM_SUPPORTED,FULL_MIX_ONLY,[],0
bass,FULL_MIX,F_MIX_00476,95.19020408163266,DRUM_SUPPORTED,FULL_MIX_ONLY,[],0
bass,FULL_MIX,F_MIX_00477,95.51528344671202,DRUM_SUPPORTED,FULL_MIX_ONLY,[],0
bass,FULL_MIX,F_MIX_00478,95.59655328798186,BASS_AND_DRUM_SUPPORTED,FULL_MIX_AND_STEM_MATCH,"[""BASS_00232""]",1
bass,FULL_MIX,F_MIX_00479,95.87519274376417,UNKNOWN,FULL_MIX_AND_STEM_MATCH,"[""BASS_00233""]",1
bass,FULL_MIX,F_MIX_00480,95.95646258503402,DRUM_SUPPORTED,FULL_MIX_AND_STEM_MATCH,"[""BASS_00234""]",1
bass,FULL_MIX,F_MIX_00481,96.23510204081633,DRUM_SUPPORTED,FULL_MIX_ONLY,[],0
bass,FULL_MIX,F_MIX_00482,96.60662131519274,UNKNOWN,FULL_MIX_ONLY,[],0
bass,FULL_MIX,F_MIX_00483,96.68789115646258,BASS_AND_DRUM_SUPPORTED,FULL_MIX_AND_STEM_MATCH,"[""BASS_00236""]",1
bass,FULL_MIX,F_MIX_00484,96.94331065759637,DRUM_SUPPORTED,FULL_MIX_ONLY,[],0
bass,FULL_MIX,F_MIX_00485,96.97814058956916,DRUM_SUPPORTED,FULL_MIX_ONLY,[],0
bass,FULL_MIX,F_MIX_00486,97.4077097505669,DRUM_SUPPORTED,FULL_MIX_ONLY,[],0
bass,FULL_MIX,F_MIX_00487,97.69795918367348,DRUM_SUPPORTED,FULL_MIX_ONLY,[],0
bass,FULL_MIX,F_MIX_00488,98.06947845804989,UNKNOWN,FULL_MIX_ONLY,[],0
bass,FULL_MIX,F_MIX_00489,98.15074829931973,DRUM_SUPPORTED,FULL_MIX_AND_STEM_MATCH,"[""BASS_00239""]",1
bass,FULL_MIX,F_MIX_00490,98.40616780045352,DRUM_SUPPORTED,FULL_MIX_ONLY,[],0
bass,FULL_MIX,F_MIX_00491,98.7892970521542,UNKNOWN,FULL_MIX_ONLY,[],0
bass,FULL_MIX,F_MIX_00492,98.87056689342404,DRUM_SUPPORTED,FULL_MIX_AND_STEM_MATCH,"[""BASS_00241""]",1
bass,FULL_MIX,F_MIX_00493,99.12598639455783,DRUM_SUPPORTED,FULL_MIX_ONLY,[],0
bass,FULL_MIX,F_MIX_00494,99.47428571428571,DRUM_SUPPORTED,FULL_MIX_ONLY,[],0
bass,FULL_MIX,F_MIX_00495,99.57877551020408,BASS_AND_DRUM_SUPPORTED,FULL_MIX_AND_STEM_MATCH,"[""BASS_00243""]",1
bass,FULL_MIX,F_MIX_00496,99.84580498866214,UNKNOWN,FULL_MIX_ONLY,[],0
bass,FULL_MIX,F_MIX_00497,99.93868480725624,BASS_AND_DRUM_SUPPORTED,FULL_MIX_AND_STEM_MATCH,"[""BASS_00244""]",1
bass,FULL_MIX,F_MIX_00498,100.11283446712018,UNKNOWN,FULL_MIX_ONLY,[],0
bass,FULL_MIX,F_MIX_00499,100.22893424036282,UNKNOWN,FULL_MIX_ONLY,[],0
bass,FULL_MIX,F_MIX_00500,100.29859410430839,BASS_AND_DRUM_SUPPORTED,FULL_MIX_AND_STEM_MATCH,"[""BASS_00245""]",1
bass,FULL_MIX,F_MIX_00501,100.6120634920635,UNKNOWN,FULL_MIX_ONLY,[],0
bass,FULL_MIX,F_MIX_00502,100.68172335600907,BASS_AND_DRUM_SUPPORTED,FULL_MIX_AND_STEM_MATCH,"[""BASS_00246""]",1
bass,FULL_MIX,F_MIX_00503,100.97197278911564,UNKNOWN,FULL_MIX_ONLY,[],0
bass,FULL_MIX,F_MIX_00504,101.05324263038548,BASS_AND_DRUM_SUPPORTED,FULL_MIX_AND_STEM_MATCH,"[""BASS_00247""]",1
bass,FULL_MIX,F_MIX_00505,101.3318820861678,UNKNOWN,FULL_MIX_ONLY,[],0
bass,FULL_MIX,F_MIX_00506,101.65696145124717,UNKNOWN,FULL_MIX_ONLY,[],0
bass,FULL_MIX,F_MIX_00507,101.78467120181406,BASS_AND_DRUM_SUPPORTED,FULL_MIX_AND_STEM_MATCH,"[""BASS_00249""]",1
bass,FULL_MIX,F_MIX_00508,102.0517006802721,DRUM_SUPPORTED,FULL_MIX_ONLY,[],0
bass,FULL_MIX,F_MIX_00509,102.4,UNKNOWN,FULL_MIX_AND_STEM_MATCH,"[""BASS_00251""]",1
bass,FULL_MIX,F_MIX_00510,102.50448979591837,DRUM_SUPPORTED,FULL_MIX_AND_STEM_MATCH,"[""BASS_00252""]",1
bass,FULL_MIX,F_MIX_00511,102.78312925170069,UNKNOWN,FULL_MIX_ONLY,[],0
bass,FULL_MIX,F_MIX_00512,103.22430839002267,BASS_AND_DRUM_SUPPORTED,FULL_MIX_AND_STEM_MATCH,"[""BASS_00254""]",1
bass,FULL_MIX,F_MIX_00513,103.49133786848073,DRUM_SUPPORTED,FULL_MIX_ONLY,[],0
bass,FULL_MIX,F_MIX_00514,103.58421768707483,BASS_AND_DRUM_SUPPORTED,FULL_MIX_AND_STEM_MATCH,"[""BASS_00255""]",1
bass,FULL_MIX,F_MIX_00515,103.85124716553288,UNKNOWN,FULL_MIX_ONLY,[],0
bass,FULL_MIX,F_MIX_00516,103.94412698412698,BASS_AND_DRUM_SUPPORTED,FULL_MIX_AND_STEM_MATCH,"[""BASS_00257""]",1
bass,FULL_MIX,F_MIX_00517,104.18793650793651,DRUM_SUPPORTED,FULL_MIX_ONLY,[],0
bass,FULL_MIX,F_MIX_00518,104.23437641723356,UNKNOWN,FULL_MIX_ONLY,[],0
bass,FULL_MIX,F_MIX_00519,104.30403628117914,DRUM_SUPPORTED,FULL_MIX_AND_STEM_MATCH,"[""BASS_00258""]",1
bass,FULL_MIX,F_MIX_00520,104.33886621315193,DRUM_SUPPORTED,FULL_MIX_ONLY,[],0
bass,FULL_MIX,F_MIX_00521,104.54784580498867,DRUM_SUPPORTED,FULL_MIX_ONLY,[],0
bass,FULL_MIX,F_MIX_00522,104.65233560090702,BASS_AND_DRUM_SUPPORTED,FULL_MIX_ONLY,[],0
bass,FULL_MIX,F_MIX_00523,104.90775510204081,DRUM_SUPPORTED,FULL_MIX_ONLY,[],0
bass,FULL_MIX,F_MIX_00524,105.02385487528345,DRUM_SUPPORTED,FULL_MIX_ONLY,[],0
bass,FULL_MIX,F_MIX_00525,105.27927437641723,UNKNOWN,FULL_MIX_ONLY,[],0
bass,FULL_MIX,F_MIX_00526,105.3837641723356,DRUM_SUPPORTED,FULL_MIX_AND_STEM_MATCH,"[""BASS_00260""]",1
bass,FULL_MIX,F_MIX_00527,105.61596371882086,DRUM_SUPPORTED,FULL_MIX_ONLY,[],0
bass,FULL_MIX,F_MIX_00528,106.10358276643991,DRUM_SUPPORTED,FULL_MIX_AND_STEM_MATCH,"[""BASS_00263""]",1
bass,FULL_MIX,F_MIX_00529,106.37061224489796,DRUM_SUPPORTED,FULL_MIX_ONLY,[],0
bass,FULL_MIX,F_MIX_00530,106.82340136054422,DRUM_SUPPORTED,FULL_MIX_ONLY,[],0
bass,FULL_MIX,F_MIX_00531,107.06721088435374,DRUM_SUPPORTED,FULL_MIX_ONLY,[],0
bass,FULL_MIX,F_MIX_00532,107.18331065759637,DRUM_SUPPORTED,FULL_MIX_AND_STEM_MATCH,"[""BASS_00265""]",1
bass,FULL_MIX,F_MIX_00533,107.4271201814059,DRUM_SUPPORTED,FULL_MIX_ONLY,[],0
bass,FULL_MIX,F_MIX_00534,107.53160997732427,DRUM_SUPPORTED,FULL_MIX_AND_STEM_MATCH,"[""BASS_00266""]",1
bass,FULL_MIX,F_MIX_00535,107.76380952380953,DRUM_SUPPORTED,FULL_MIX_ONLY,[],0
bass,FULL_MIX,F_MIX_00536,107.89151927437642,DRUM_SUPPORTED,FULL_MIX_AND_STEM_MATCH,"[""BASS_00267""]",1
bass,FULL_MIX,F_MIX_00537,108.10049886621316,DRUM_SUPPORTED,FULL_MIX_ONLY,[],0
bass,FULL_MIX,F_MIX_00538,108.2398185941043,DRUM_SUPPORTED,FULL_MIX_ONLY,[],0
bass,FULL_MIX,F_MIX_00539,108.4604081632653,DRUM_SUPPORTED,FULL_MIX_AND_STEM_MATCH,"[""BASS_00270""]",1
bass,FULL_MIX,F_MIX_00540,108.92480725623582,DRUM_SUPPORTED,FULL_MIX_AND_STEM_MATCH,"[""BASS_00272""]",1
bass,FULL_MIX,F_MIX_00541,108.95963718820862,DRUM_SUPPORTED,FULL_MIX_ONLY,[],0
bass,FULL_MIX,F_MIX_00542,109.19183673469388,DRUM_SUPPORTED,FULL_MIX_ONLY,[],0
bass,FULL_MIX,F_MIX_00543,109.3079365079365,DRUM_SUPPORTED,FULL_MIX_AND_STEM_MATCH,"[""BASS_00273""]",1
bass,FULL_MIX,F_MIX_00544,109.6562358276644,DRUM_SUPPORTED,FULL_MIX_AND_STEM_MATCH,"[""BASS_00274""]",1
bass,FULL_MIX,F_MIX_00545,109.91165532879819,DRUM_SUPPORTED,FULL_MIX_ONLY,[],0
bass,FULL_MIX,F_MIX_00546,110.38766439909297,DRUM_SUPPORTED,FULL_MIX_ONLY,[],0
bass,FULL_MIX,F_MIX_00547,110.53859410430839,UNKNOWN,FULL_MIX_ONLY,[],0
bass,FULL_MIX,F_MIX_00548,110.65469387755103,DRUM_SUPPORTED,FULL_MIX_AND_STEM_MATCH,"[""BASS_00277""]",1
bass,FULL_MIX,F_MIX_00549,110.7243537414966,DRUM_SUPPORTED,FULL_MIX_AND_STEM_MATCH,"[""BASS_00278""]",1
bass,FULL_MIX,F_MIX_00550,110.79401360544217,UNKNOWN,FULL_MIX_ONLY,[],0
bass,FULL_MIX,F_MIX_00551,110.99138321995464,DRUM_SUPPORTED,FULL_MIX_ONLY,[],0
bass,FULL_MIX,F_MIX_00552,111.21197278911565,UNKNOWN,FULL_MIX_AND_STEM_MATCH,"[""BASS_00280""]",1
bass,FULL_MIX,F_MIX_00553,111.36290249433107,UNKNOWN,FULL_MIX_ONLY,[],0
bass,FULL_MIX,F_MIX_00554,111.46739229024944,DRUM_SUPPORTED,FULL_MIX_AND_STEM_MATCH,"[""BASS_00281""]",1
bass,FULL_MIX,F_MIX_00555,111.72281179138322,UNKNOWN,FULL_MIX_ONLY,[],0
bass,FULL_MIX,F_MIX_00556,111.82730158730159,DRUM_SUPPORTED,FULL_MIX_ONLY,[],0
bass,FULL_MIX,F_MIX_00557,112.11755102040816,UNKNOWN,FULL_MIX_AND_STEM_MATCH,"[""BASS_00283""]",1
bass,FULL_MIX,F_MIX_00558,112.198820861678,DRUM_SUPPORTED,FULL_MIX_ONLY,[],0
bass,FULL_MIX,F_MIX_00559,112.51229024943311,DRUM_SUPPORTED,FULL_MIX_AND_STEM_MATCH,"[""BASS_00285""]",1
bass,FULL_MIX,F_MIX_00560,112.5471201814059,DRUM_SUPPORTED,FULL_MIX_ONLY,[],0
bass,FULL_MIX,F_MIX_00561,112.80253968253969,UNKNOWN,FULL_MIX_ONLY,[],0
bass,FULL_MIX,F_MIX_00562,113.1740589569161,UNKNOWN,FULL_MIX_ONLY,[],0
bass,FULL_MIX,F_MIX_00563,113.27854875283447,DRUM_SUPPORTED,FULL_MIX_ONLY,[],0
bass,FULL_MIX,F_MIX_00564,113.54557823129252,DRUM_SUPPORTED,FULL_MIX_ONLY,[],0
bass,FULL_MIX,F_MIX_00565,113.65006802721088,DRUM_SUPPORTED,FULL_MIX_ONLY,[],0
bass,FULL_MIX,F_MIX_00566,113.90548752834466,UNKNOWN,FULL_MIX_ONLY,[],0
bass,FULL_MIX,F_MIX_00567,113.99836734693878,DRUM_SUPPORTED,FULL_MIX_ONLY,[],0
bass,FULL_MIX,F_MIX_00568,114.2421768707483,UNKNOWN,FULL_MIX_ONLY,[],0
bass,FULL_MIX,F_MIX_00569,114.71818594104309,DRUM_SUPPORTED,FULL_MIX_ONLY,[],0
bass,FULL_MIX,F_MIX_00570,114.97360544217688,DRUM_SUPPORTED,FULL_MIX_ONLY,[],0
bass,FULL_MIX,F_MIX_00571,115.06648526077097,BASS_AND_DRUM_SUPPORTED,FULL_MIX_AND_STEM_MATCH,"[""BASS_00290""]",1
bass,FULL_MIX,F_MIX_00572,115.43800453514739,BASS_AND_DRUM_SUPPORTED,FULL_MIX_AND_STEM_MATCH,"[""BASS_00291""]",1
bass,FULL_MIX,F_MIX_00573,115.79791383219954,BASS_AND_DRUM_SUPPORTED,FULL_MIX_AND_STEM_MATCH,"[""BASS_00292""]",1
bass,FULL_MIX,F_MIX_00574,116.08816326530612,UNKNOWN,FULL_MIX_ONLY,[],0
bass,FULL_MIX,F_MIX_00575,116.16943310657597,DRUM_SUPPORTED,FULL_MIX_ONLY,[],0
bass,FULL_MIX,F_MIX_00576,116.5061224489796,BASS_AND_DRUM_SUPPORTED,FULL_MIX_ONLY,[],0
bass,FULL_MIX,F_MIX_00577,116.70349206349206,UNKNOWN,FULL_MIX_ONLY,[],0
bass,FULL_MIX,F_MIX_00578,116.877641723356,BASS_AND_DRUM_SUPPORTED,FULL_MIX_AND_STEM_MATCH,"[""BASS_00294""]",1
bass,FULL_MIX,F_MIX_00579,117.2259410430839,BASS_AND_DRUM_SUPPORTED,FULL_MIX_AND_STEM_MATCH,"[""BASS_00295""]",1
bass,FULL_MIX,F_MIX_00580,117.26077097505669,DRUM_SUPPORTED,FULL_MIX_ONLY,[],0
bass,FULL_MIX,F_MIX_00581,117.51619047619047,UNKNOWN,FULL_MIX_ONLY,[],0
bass,FULL_MIX,F_MIX_00582,117.60907029478459,DRUM_SUPPORTED,FULL_MIX_AND_STEM_MATCH,"[""BASS_00296""]",1
bass,FULL_MIX,F_MIX_00583,117.980589569161,BASS_AND_DRUM_SUPPORTED,FULL_MIX_AND_STEM_MATCH,"[""BASS_00297""]",1
bass,FULL_MIX,F_MIX_00584,118.35210884353741,BASS_AND_DRUM_SUPPORTED,FULL_MIX_ONLY,[],0
bass,FULL_MIX,F_MIX_00585,118.64235827664399,UNKNOWN,FULL_MIX_ONLY,[],0
bass,FULL_MIX,F_MIX_00586,118.72362811791383,BASS_AND_DRUM_SUPPORTED,FULL_MIX_ONLY,[],0
bass,FULL_MIX,F_MIX_00587,119.06031746031746,BASS_AND_DRUM_SUPPORTED,FULL_MIX_ONLY,[],0
bass,FULL_MIX,F_MIX_00588,119.09514739229024,DRUM_SUPPORTED,FULL_MIX_ONLY,[],0
bass,FULL_MIX,F_MIX_00589,119.44344671201814,DRUM_SUPPORTED,FULL_MIX_ONLY,[],0
bass,FULL_MIX,F_MIX_00590,119.58276643990929,UNKNOWN,FULL_MIX_ONLY,[],0
bass,FULL_MIX,F_MIX_00591,119.8033560090703,BASS_AND_DRUM_SUPPORTED,FULL_MIX_AND_STEM_MATCH,"[""BASS_00299""]",1
bass,FULL_MIX,F_MIX_00592,120.07038548752834,BASS_AND_DRUM_SUPPORTED,FULL_MIX_ONLY,[],0
bass,FULL_MIX,F_MIX_00593,120.3025850340136,UNKNOWN,FULL_MIX_ONLY,[],0
bass,FULL_MIX,F_MIX_00594,120.52317460317461,DRUM_SUPPORTED,FULL_MIX_ONLY,[],0
bass,FULL_MIX,F_MIX_00595,120.80181405895692,UNKNOWN,FULL_MIX_ONLY,[],0
bass,FULL_MIX,F_MIX_00596,121.1849433106576,UNKNOWN,FULL_MIX_ONLY,[],0
bass,FULL_MIX,F_MIX_00597,121.25460317460318,BASS_AND_DRUM_SUPPORTED,FULL_MIX_AND_STEM_MATCH,"[""BASS_00303""]",1
bass,FULL_MIX,F_MIX_00598,121.61451247165533,BASS_AND_DRUM_SUPPORTED,FULL_MIX_AND_STEM_MATCH,"[""BASS_00304""]",1
bass,FULL_MIX,F_MIX_00599,121.9047619047619,UNKNOWN,FULL_MIX_ONLY,[],0
bass,FULL_MIX,F_MIX_00600,121.97442176870749,BASS_AND_DRUM_SUPPORTED,FULL_MIX_AND_STEM_MATCH,"[""BASS_00305""]",1
bass,FULL_MIX,F_MIX_00601,122.24145124716553,UNKNOWN,FULL_MIX_ONLY,[],0
bass,FULL_MIX,F_MIX_00602,122.33433106575964,BASS_AND_DRUM_SUPPORTED,FULL_MIX_AND_STEM_MATCH,"[""BASS_00306""]",1
bass,FULL_MIX,F_MIX_00603,122.70585034013605,BASS_AND_DRUM_SUPPORTED,FULL_MIX_ONLY,[],0
bass,FULL_MIX,F_MIX_00604,123.05414965986395,BASS_AND_DRUM_SUPPORTED,FULL_MIX_ONLY,[],0
bass,FULL_MIX,F_MIX_00605,123.33278911564626,DRUM_SUPPORTED,FULL_MIX_ONLY,[],0
bass,FULL_MIX,F_MIX_00606,123.42566893424036,BASS_AND_DRUM_SUPPORTED,FULL_MIX_AND_STEM_MATCH,"[""BASS_00308""]",1
bass,FULL_MIX,F_MIX_00607,123.7275283446712,UNKNOWN,FULL_MIX_ONLY,[],0
bass,FULL_MIX,F_MIX_00608,123.79718820861677,BASS_AND_DRUM_SUPPORTED,FULL_MIX_AND_STEM_MATCH,"[""BASS_00309""]",1
bass,FULL_MIX,F_MIX_00609,124.09904761904762,UNKNOWN,FULL_MIX_ONLY,[],0
bass,FULL_MIX,F_MIX_00610,124.15709750566893,BASS_AND_DRUM_SUPPORTED,FULL_MIX_AND_STEM_MATCH,"[""BASS_00310""]",1
bass,FULL_MIX,F_MIX_00611,124.42412698412699,DRUM_SUPPORTED,FULL_MIX_ONLY,[],0
bass,FULL_MIX,F_MIX_00612,124.52861678004535,BASS_AND_DRUM_SUPPORTED,FULL_MIX_AND_STEM_MATCH,"[""BASS_00311""]",1
bass,FULL_MIX,F_MIX_00613,124.87691609977324,BASS_AND_DRUM_SUPPORTED,FULL_MIX_AND_STEM_MATCH,"[""BASS_00312""]",1
bass,FULL_MIX,F_MIX_00614,125.17877551020408,UNKNOWN,FULL_MIX_ONLY,[],0
bass,FULL_MIX,F_MIX_00615,125.2368253968254,BASS_AND_DRUM_SUPPORTED,FULL_MIX_AND_STEM_MATCH,"[""BASS_00313""]",1
bass,FULL_MIX,F_MIX_00616,125.58512471655328,BASS_AND_DRUM_SUPPORTED,FULL_MIX_ONLY,[],0
bass,FULL_MIX,F_MIX_00617,125.85215419501134,DRUM_SUPPORTED,FULL_MIX_ONLY,[],0
bass,FULL_MIX,F_MIX_00618,125.9914739229025,BASS_SUPPORTED,FULL_MIX_ONLY,[],0
bass,FULL_MIX,F_MIX_00619,126.23528344671202,UNKNOWN,FULL_MIX_ONLY,[],0
bass,FULL_MIX,F_MIX_00620,126.30494331065759,BASS_AND_DRUM_SUPPORTED,FULL_MIX_ONLY,[],0
bass,FULL_MIX,F_MIX_00621,126.65324263038549,BASS_AND_DRUM_SUPPORTED,FULL_MIX_AND_STEM_MATCH,"[""BASS_00319""]",1
bass,FULL_MIX,F_MIX_00622,126.69968253968254,DRUM_SUPPORTED,FULL_MIX_AND_STEM_MATCH,"[""BASS_00320""]",1
bass,FULL_MIX,F_MIX_00623,126.9318820861678,UNKNOWN,FULL_MIX_AND_STEM_MATCH,"[""BASS_00321""]",1
bass,FULL_MIX,F_MIX_00624,127.0247619047619,DRUM_SUPPORTED,FULL_MIX_ONLY,[],0
bass,FULL_MIX,F_MIX_00625,127.29179138321996,DRUM_SUPPORTED,FULL_MIX_ONLY,[],0
bass,FULL_MIX,F_MIX_00626,127.39628117913833,DRUM_SUPPORTED,FULL_MIX_AND_STEM_MATCH,"[""BASS_00323""]",1
bass,FULL_MIX,F_MIX_00627,127.65170068027211,UNKNOWN,FULL_MIX_ONLY,[],0
bass,FULL_MIX,F_MIX_00628,127.74458049886621,DRUM_SUPPORTED,FULL_MIX_AND_STEM_MATCH,"[""BASS_00324""]",1
bass,FULL_MIX,F_MIX_00629,128.02321995464854,UNKNOWN,FULL_MIX_ONLY,[],0
bass,FULL_MIX,F_MIX_00630,128.1277097505669,DRUM_SUPPORTED,FULL_MIX_AND_STEM_MATCH,"[""BASS_00325""]",1
bass,FULL_MIX,F_MIX_00631,128.3831292517007,UNKNOWN,FULL_MIX_ONLY,[],0
bass,FULL_MIX,F_MIX_00632,128.4992290249433,DRUM_SUPPORTED,FULL_MIX_ONLY,[],0
bass,FULL_MIX,F_MIX_00633,128.74303854875282,UNKNOWN,FULL_MIX_ONLY,[],0
bass,FULL_MIX,F_MIX_00634,128.87074829931973,UNKNOWN,FULL_MIX_ONLY,[],0
bass,FULL_MIX,F_MIX_00635,129.20743764172335,DRUM_SUPPORTED,FULL_MIX_AND_STEM_MATCH,"[""BASS_00328""]",1
bass,FULL_MIX,F_MIX_00636,129.2538775510204,UNKNOWN,FULL_MIX_ONLY,[],0
bass,FULL_MIX,F_MIX_00637,129.4744671201814,DRUM_SUPPORTED,FULL_MIX_ONLY,[],0
bass,FULL_MIX,F_MIX_00638,129.84598639455783,DRUM_SUPPORTED,FULL_MIX_ONLY,[],0
bass,FULL_MIX,F_MIX_00639,129.92725623582766,DRUM_SUPPORTED,FULL_MIX_AND_STEM_MATCH,"[""BASS_00330""]",1
bass,FULL_MIX,F_MIX_00640,130.2871655328798,DRUM_SUPPORTED,FULL_MIX_AND_STEM_MATCH,"[""BASS_00331""]",1
bass,FULL_MIX,F_MIX_00641,130.5193650793651,DRUM_SUPPORTED,FULL_MIX_ONLY,[],0
bass,FULL_MIX,F_MIX_00642,130.6354648526077,DRUM_SUPPORTED,FULL_MIX_ONLY,[],0
bass,FULL_MIX,F_MIX_00643,130.89088435374148,UNKNOWN,FULL_MIX_ONLY,[],0
bass,FULL_MIX,F_MIX_00644,130.9489342403628,DRUM_SUPPORTED,FULL_MIX_ONLY,[],0
bass,FULL_MIX,F_MIX_00645,131.00698412698412,DRUM_SUPPORTED,FULL_MIX_AND_STEM_MATCH,"[""BASS_00334""]",1
bass,FULL_MIX,F_MIX_00646,131.2624036281179,UNKNOWN,FULL_MIX_AND_STEM_MATCH,"[""BASS_00335""]",1
bass,FULL_MIX,F_MIX_00647,131.3320634920635,UNKNOWN,FULL_MIX_AND_STEM_MATCH,"[""BASS_00336""]",1
bass,FULL_MIX,F_MIX_00648,131.59909297052155,DRUM_SUPPORTED,FULL_MIX_ONLY,[],0
bass,FULL_MIX,F_MIX_00649,132.0867120181406,DRUM_SUPPORTED,FULL_MIX_ONLY,[],0
bass,FULL_MIX,F_MIX_00650,132.31891156462586,DRUM_SUPPORTED,FULL_MIX_ONLY,[],0
bass,FULL_MIX,F_MIX_00651,132.44662131519274,DRUM_SUPPORTED,FULL_MIX_AND_STEM_MATCH,"[""BASS_00339""]",1
bass,FULL_MIX,F_MIX_00652,132.69043083900226,UNKNOWN,FULL_MIX_ONLY,[],0
bass,FULL_MIX,F_MIX_00653,132.78331065759636,DRUM_SUPPORTED,FULL_MIX_AND_STEM_MATCH,"[""BASS_00340""]",1
bass,FULL_MIX,F_MIX_00654,133.05034013605442,UNKNOWN,FULL_MIX_ONLY,[],0
bass,FULL_MIX,F_MIX_00655,133.4334693877551,UNKNOWN,FULL_MIX_ONLY,[],0
bass,FULL_MIX,F_MIX_00656,133.51473922902494,DRUM_SUPPORTED,FULL_MIX_ONLY,[],0
bass,FULL_MIX,F_MIX_00657,133.781768707483,UNKNOWN,FULL_MIX_ONLY,[],0
bass,FULL_MIX,F_MIX_00658,133.86303854875283,DRUM_SUPPORTED,FULL_MIX_AND_STEM_MATCH,"[""BASS_00343""]",1
bass,FULL_MIX,F_MIX_00659,134.14167800453515,UNKNOWN,FULL_MIX_ONLY,[],0
bass,FULL_MIX,F_MIX_00660,134.22294784580498,DRUM_SUPPORTED,FULL_MIX_AND_STEM_MATCH,"[""BASS_00344""]",1
bass,FULL_MIX,F_MIX_00661,134.47836734693877,UNKNOWN,FULL_MIX_ONLY,[],0
bass,FULL_MIX,F_MIX_00662,134.93115646258502,DRUM_SUPPORTED,FULL_MIX_AND_STEM_MATCH,"[""BASS_00345""]",1
bass,FULL_MIX,F_MIX_00663,135.30267573696145,DRUM_SUPPORTED,FULL_MIX_AND_STEM_MATCH,"[""BASS_00346""]",1
bass,FULL_MIX,F_MIX_00664,135.6625850340136,DRUM_SUPPORTED,FULL_MIX_AND_STEM_MATCH,"[""BASS_00347""]",1
bass,FULL_MIX,F_MIX_00665,136.0108843537415,DRUM_SUPPORTED,FULL_MIX_AND_STEM_MATCH,"[""BASS_00348""]",1
bass,FULL_MIX,F_MIX_00666,136.35918367346937,DRUM_SUPPORTED,FULL_MIX_AND_STEM_MATCH,"[""BASS_00349""]",1
bass,FULL_MIX,F_MIX_00667,136.39401360544218,DRUM_SUPPORTED,FULL_MIX_ONLY,[],0
bass,FULL_MIX,F_MIX_00668,136.74231292517007,DRUM_SUPPORTED,FULL_MIX_AND_STEM_MATCH,"[""BASS_00350""]",1
bass,FULL_MIX,F_MIX_00669,137.00934240362812,UNKNOWN,FULL_MIX_ONLY,[],0
bass,FULL_MIX,F_MIX_00670,137.1138321995465,DRUM_SUPPORTED,FULL_MIX_ONLY,[],0
bass,FULL_MIX,F_MIX_00671,137.36925170068028,DRUM_SUPPORTED,FULL_MIX_ONLY,[],0
bass,FULL_MIX,F_MIX_00672,137.47374149659865,DRUM_SUPPORTED,FULL_MIX_AND_STEM_MATCH,"[""BASS_00351""]",1
bass,FULL_MIX,F_MIX_00673,137.75238095238095,UNKNOWN,FULL_MIX_AND_STEM_MATCH,"[""BASS_00352""]",1
bass,FULL_MIX,F_MIX_00674,137.82204081632653,DRUM_SUPPORTED,FULL_MIX_AND_STEM_MATCH,"[""BASS_00353""]",1
bass,FULL_MIX,F_MIX_00675,138.10068027210883,DRUM_SUPPORTED,FULL_MIX_AND_STEM_MATCH,"[""BASS_00354""]",1
bass,FULL_MIX,F_MIX_00676,138.54185941043085,DRUM_SUPPORTED,FULL_MIX_AND_STEM_MATCH,"[""BASS_00355""]",1
bass,FULL_MIX,F_MIX_00677,138.79727891156463,DRUM_SUPPORTED,FULL_MIX_ONLY,[],0
bass,FULL_MIX,F_MIX_00678,139.16879818594106,DRUM_SUPPORTED,FULL_MIX_ONLY,[],0
bass,FULL_MIX,F_MIX_00679,139.26167800453516,DRUM_SUPPORTED,FULL_MIX_AND_STEM_MATCH,"[""BASS_00358""]",1
bass,FULL_MIX,F_MIX_00680,139.51709750566894,UNKNOWN,FULL_MIX_ONLY,[],0
bass,FULL_MIX,F_MIX_00681,139.6215873015873,DRUM_SUPPORTED,FULL_MIX_AND_STEM_MATCH,"[""BASS_00359""]",1
bass,FULL_MIX,F_MIX_00682,139.88861678004534,UNKNOWN,FULL_MIX_ONLY,[],0
bass,FULL_MIX,F_MIX_00683,139.9698866213152,DRUM_SUPPORTED,FULL_MIX_AND_STEM_MATCH,"[""BASS_00360""]",1
bass,FULL_MIX,F_MIX_00684,140.21369614512471,DRUM_SUPPORTED,FULL_MIX_AND_STEM_MATCH,"[""BASS_00361""]",1
bass,FULL_MIX,F_MIX_00685,140.5968253968254,UNKNOWN,FULL_MIX_ONLY,[],0
bass,FULL_MIX,F_MIX_00686,140.70131519274378,DRUM_SUPPORTED,FULL_MIX_AND_STEM_MATCH,"[""BASS_00363""]",1
bass,FULL_MIX,F_MIX_00687,141.0612244897959,DRUM_SUPPORTED,FULL_MIX_AND_STEM_MATCH,"[""BASS_00364""]",1
bass,FULL_MIX,F_MIX_00688,141.3514739229025,UNKNOWN,FULL_MIX_ONLY,[],0
bass,FULL_MIX,F_MIX_00689,141.42113378684806,DRUM_SUPPORTED,FULL_MIX_AND_STEM_MATCH,"[""BASS_00365""]",1
bass,FULL_MIX,F_MIX_00690,141.71138321995466,UNKNOWN,FULL_MIX_ONLY,[],0
bass,FULL_MIX,F_MIX_00691,141.79265306122448,DRUM_SUPPORTED,FULL_MIX_AND_STEM_MATCH,"[""BASS_00366""]",1
bass,FULL_MIX,F_MIX_00692,142.12934240362813,DRUM_SUPPORTED,FULL_MIX_AND_STEM_MATCH,"[""BASS_00367""]",1
bass,FULL_MIX,F_MIX_00693,142.1641723356009,DRUM_SUPPORTED,FULL_MIX_ONLY,[],0
bass,FULL_MIX,F_MIX_00694,142.4428117913832,DRUM_SUPPORTED,FULL_MIX_ONLY,[],0
bass,FULL_MIX,F_MIX_00695,142.86077097505668,DRUM_SUPPORTED,FULL_MIX_AND_STEM_MATCH,"[""BASS_00369""]",1
bass,FULL_MIX,F_MIX_00696,143.16263038548752,UNKNOWN,FULL_MIX_ONLY,[],0
bass,FULL_MIX,F_MIX_00697,143.2322902494331,DRUM_SUPPORTED,FULL_MIX_AND_STEM_MATCH,"[""BASS_00370""]",1
bass,FULL_MIX,F_MIX_00698,143.51092970521543,UNKNOWN,FULL_MIX_ONLY,[],0
bass,FULL_MIX,F_MIX_00699,143.60380952380953,DRUM_SUPPORTED,FULL_MIX_ONLY,[],0
bass,FULL_MIX,F_MIX_00700,143.9637188208617,DRUM_SUPPORTED,FULL_MIX_AND_STEM_MATCH,"[""BASS_00371""]",1
bass,FULL_MIX,F_MIX_00701,144.25396825396825,UNKNOWN,FULL_MIX_ONLY,[],0
bass,FULL_MIX,F_MIX_00702,144.32362811791384,DRUM_SUPPORTED,FULL_MIX_ONLY,[],0
bass,FULL_MIX,F_MIX_00703,144.62548752834468,UNKNOWN,FULL_MIX_ONLY,[],0
bass,FULL_MIX,F_MIX_00704,144.98539682539683,UNKNOWN,FULL_MIX_ONLY,[],0
bass,FULL_MIX,F_MIX_00705,145.04344671201815,DRUM_SUPPORTED,FULL_MIX_ONLY,[],0
bass,FULL_MIX,F_MIX_00706,145.29886621315194,DRUM_SUPPORTED,FULL_MIX_ONLY,[],0
bass,FULL_MIX,F_MIX_00707,145.6587755102041,DRUM_SUPPORTED,FULL_MIX_AND_STEM_MATCH,"[""BASS_00376""]",1
bass,FULL_MIX,F_MIX_00708,145.76326530612246,DRUM_SUPPORTED,FULL_MIX_ONLY,[],0
bass,FULL_MIX,F_MIX_00709,146.00707482993198,UNKNOWN,FULL_MIX_AND_STEM_MATCH,"[""BASS_00379""]",1
bass,FULL_MIX,F_MIX_00710,146.13478458049886,DRUM_SUPPORTED,FULL_MIX_ONLY,[],0
bass,FULL_MIX,F_MIX_00711,146.49469387755101,DRUM_SUPPORTED,FULL_MIX_ONLY,[],0
bass,FULL_MIX,F_MIX_00712,146.71528344671202,UNKNOWN,FULL_MIX_AND_STEM_MATCH,"[""BASS_00382""]",1
bass,FULL_MIX,F_MIX_00713,146.77333333333334,UNKNOWN,FULL_MIX_ONLY,[],0
bass,FULL_MIX,F_MIX_00714,146.8429931972789,UNKNOWN,FULL_MIX_AND_STEM_MATCH,"[""BASS_00383""]",1
bass,FULL_MIX,F_MIX_00715,147.01714285714286,UNKNOWN,FULL_MIX_AND_STEM_MATCH,"[""BASS_00384""]",1
bass,FULL_MIX,F_MIX_00716,147.0635827664399,UNKNOWN,FULL_MIX_AND_STEM_MATCH,"[""BASS_00385""]",1
bass,FULL_MIX,F_MIX_00717,147.14485260770974,UNKNOWN,FULL_MIX_AND_STEM_MATCH,"[""BASS_00386""]",1
bass,FULL_MIX,F_MIX_00718,147.20290249433106,DRUM_SUPPORTED,FULL_MIX_AND_STEM_MATCH,"[""BASS_00387""]",1
bass,FULL_MIX,F_MIX_00719,147.43510204081633,UNKNOWN,FULL_MIX_AND_STEM_MATCH,"[""BASS_00388""]",1
bass,FULL_MIX,F_MIX_00720,147.48154195011338,UNKNOWN,FULL_MIX_ONLY,[],0
bass,FULL_MIX,F_MIX_00721,147.5628117913832,UNKNOWN,FULL_MIX_AND_STEM_MATCH,"[""BASS_00389""]",1
bass,FULL_MIX,F_MIX_00722,147.7253514739229,UNKNOWN,FULL_MIX_AND_STEM_MATCH,"[""BASS_00390""]",1
bass,FULL_MIX,F_MIX_00723,147.7950113378685,UNKNOWN,FULL_MIX_AND_STEM_MATCH,"[""BASS_00391""]",1
bass,FULL_MIX,F_MIX_00724,147.86467120181405,UNKNOWN,FULL_MIX_ONLY,[],0
bass,FULL_MIX,F_MIX_00725,147.9111111111111,DRUM_SUPPORTED,FULL_MIX_AND_STEM_MATCH,"[""BASS_00392""]",1
bass,FULL_MIX,F_MIX_00726,148.08526077097505,UNKNOWN,FULL_MIX_AND_STEM_MATCH,"[""BASS_00393""]",1
bass,FULL_MIX,F_MIX_00727,148.16653061224488,UNKNOWN,FULL_MIX_AND_STEM_MATCH,"[""BASS_00394""]",1
bass,FULL_MIX,F_MIX_00728,148.2013605442177,UNKNOWN,FULL_MIX_ONLY,[],0
bass,FULL_MIX,F_MIX_00729,148.2942403628118,DRUM_SUPPORTED,FULL_MIX_AND_STEM_MATCH,"[""BASS_00395""]",1
bass,FULL_MIX,F_MIX_00730,148.5380498866213,DRUM_SUPPORTED,FULL_MIX_AND_STEM_MATCH,"[""BASS_00396""]",1
bass,FULL_MIX,F_MIX_00731,148.6309297052154,UNKNOWN,FULL_MIX_ONLY,[],0
bass,FULL_MIX,F_MIX_00732,148.93278911564627,UNKNOWN,FULL_MIX_ONLY,[],0
bass,FULL_MIX,F_MIX_00733,149.02566893424037,UNKNOWN,FULL_MIX_ONLY,[],0
bass,FULL_MIX,F_MIX_00734,149.11854875283447,UNKNOWN,FULL_MIX_AND_STEM_MATCH,"[""BASS_00398""]",1
bass,FULL_MIX,F_MIX_00735,149.2926984126984,UNKNOWN,FULL_MIX_ONLY,[],0
bass,FULL_MIX,F_MIX_00736,149.35074829931972,UNKNOWN,FULL_MIX_AND_STEM_MATCH,"[""BASS_00400""]",1
bass,FULL_MIX,F_MIX_00737,149.65260770975055,UNKNOWN,FULL_MIX_ONLY,[],0
bass,FULL_MIX,F_MIX_00738,149.7338775510204,DRUM_SUPPORTED,FULL_MIX_AND_STEM_MATCH,"[""BASS_00401""]",1
bass,FULL_MIX,F_MIX_00739,149.8964172335601,UNKNOWN,FULL_MIX_AND_STEM_MATCH,"[""BASS_00402""]",1
bass,FULL_MIX,F_MIX_00740,150.0125170068027,DRUM_SUPPORTED,FULL_MIX_ONLY,[],0
bass,FULL_MIX,F_MIX_00741,150.11700680272108,DRUM_SUPPORTED,FULL_MIX_ONLY,[],0
bass,FULL_MIX,F_MIX_00742,150.31437641723355,UNKNOWN,FULL_MIX_AND_STEM_MATCH,"[""BASS_00403""]",1
bass,FULL_MIX,F_MIX_00743,150.37242630385487,DRUM_SUPPORTED,FULL_MIX_ONLY,[],0
bass,FULL_MIX,F_MIX_00744,150.465306122449,DRUM_SUPPORTED,FULL_MIX_AND_STEM_MATCH,"[""BASS_00404""]",1
bass,FULL_MIX,F_MIX_00745,150.7091156462585,UNKNOWN,FULL_MIX_AND_STEM_MATCH,"[""BASS_00405""]",1
bass,FULL_MIX,F_MIX_00746,150.81360544217688,DRUM_SUPPORTED,FULL_MIX_ONLY,[],0
bass,FULL_MIX,F_MIX_00747,151.01097505668935,UNKNOWN,FULL_MIX_AND_STEM_MATCH,"[""BASS_00406""]",1
bass,FULL_MIX,F_MIX_00748,151.0806349206349,UNKNOWN,FULL_MIX_AND_STEM_MATCH,"[""BASS_00407""]",1
bass,FULL_MIX,F_MIX_00749,151.18512471655328,DRUM_SUPPORTED,FULL_MIX_ONLY,[],0
bass,FULL_MIX,F_MIX_00750,151.44054421768706,UNKNOWN,FULL_MIX_AND_STEM_MATCH,"[""BASS_00408""]",1
bass,FULL_MIX,F_MIX_00751,151.54503401360543,UNKNOWN,FULL_MIX_ONLY,[],0
bass,FULL_MIX,F_MIX_00752,151.7772335600907,DRUM_SUPPORTED,FULL_MIX_AND_STEM_MATCH,"[""BASS_00409""]",1
bass,FULL_MIX,F_MIX_00753,152.2184126984127,UNKNOWN,FULL_MIX_ONLY,[],0
bass,FULL_MIX,F_MIX_00754,152.276462585034,DRUM_SUPPORTED,FULL_MIX_ONLY,[],0
bass,FULL_MIX,F_MIX_00755,152.40417233560092,UNKNOWN,FULL_MIX_ONLY,[],0
bass,FULL_MIX,F_MIX_00756,152.56671201814058,UNKNOWN,FULL_MIX_ONLY,[],0
bass,FULL_MIX,F_MIX_00757,152.6595918367347,DRUM_SUPPORTED,FULL_MIX_AND_STEM_MATCH,"[""BASS_00411""]",1
bass,FULL_MIX,F_MIX_00758,153.01950113378686,DRUM_SUPPORTED,FULL_MIX_AND_STEM_MATCH,"[""BASS_00412""]",1
bass,FULL_MIX,F_MIX_00759,153.37941043083902,DRUM_SUPPORTED,FULL_MIX_AND_STEM_MATCH,"[""BASS_00413""]",1
bass,FULL_MIX,F_MIX_00760,153.73931972789114,DRUM_SUPPORTED,FULL_MIX_AND_STEM_MATCH,"[""BASS_00414""]",1
bass,FULL_MIX,F_MIX_00761,154.041179138322,UNKNOWN,FULL_MIX_ONLY,[],0
bass,FULL_MIX,F_MIX_00762,154.11083900226757,DRUM_SUPPORTED,FULL_MIX_ONLY,[],0
bass,FULL_MIX,F_MIX_00763,154.47074829931972,DRUM_SUPPORTED,FULL_MIX_AND_STEM_MATCH,"[""BASS_00417""]",1
bass,FULL_MIX,F_MIX_00764,154.77260770975056,UNKNOWN,FULL_MIX_ONLY,[],0
bass,FULL_MIX,F_MIX_00765,154.84226757369615,DRUM_SUPPORTED,FULL_MIX_AND_STEM_MATCH,"[""BASS_00418""]",1
bass,FULL_MIX,F_MIX_00766,155.1092970521542,UNKNOWN,FULL_MIX_ONLY,[],0
bass,FULL_MIX,F_MIX_00767,155.19056689342403,DRUM_SUPPORTED,FULL_MIX_AND_STEM_MATCH,"[""BASS_00419""]",1
bass,FULL_MIX,F_MIX_00768,155.4575963718821,DRUM_SUPPORTED,FULL_MIX_AND_STEM_MATCH,"[""BASS_00420""]",1
bass,FULL_MIX,F_MIX_00769,155.50403628117914,DRUM_SUPPORTED,FULL_MIX_ONLY,[],0
bass,FULL_MIX,F_MIX_00770,155.84072562358276,UNKNOWN,FULL_MIX_ONLY,[],0
bass,FULL_MIX,F_MIX_00771,155.91038548752834,DRUM_SUPPORTED,FULL_MIX_AND_STEM_MATCH,"[""BASS_00422""]",1
bass,FULL_MIX,F_MIX_00772,156.1774149659864,DRUM_SUPPORTED,FULL_MIX_ONLY,[],0
bass,FULL_MIX,F_MIX_00773,156.2702947845805,DRUM_SUPPORTED,FULL_MIX_AND_STEM_MATCH,"[""BASS_00423""]",1
bass,FULL_MIX,F_MIX_00774,156.32834467120182,UNKNOWN,FULL_MIX_ONLY,[],0
bass,FULL_MIX,F_MIX_00775,156.6185941043084,DRUM_SUPPORTED,FULL_MIX_AND_STEM_MATCH,"[""BASS_00424""]",1
bass,FULL_MIX,F_MIX_00776,156.88562358276644,DRUM_SUPPORTED,FULL_MIX_ONLY,[],0
bass,FULL_MIX,F_MIX_00777,157.35002267573697,DRUM_SUPPORTED,FULL_MIX_ONLY,[],0
bass,FULL_MIX,F_MIX_00778,157.61705215419502,DRUM_SUPPORTED,FULL_MIX_AND_STEM_MATCH,"[""BASS_00428""]",1
bass,FULL_MIX,F_MIX_00779,157.73315192743763,DRUM_SUPPORTED,FULL_MIX_AND_STEM_MATCH,"[""BASS_00429""]",1
bass,FULL_MIX,F_MIX_00780,157.97696145124718,UNKNOWN,FULL_MIX_AND_STEM_MATCH,"[""BASS_00430""]",1
bass,FULL_MIX,F_MIX_00781,158.0930612244898,DRUM_SUPPORTED,FULL_MIX_ONLY,[],0
bass,FULL_MIX,F_MIX_00782,158.4645804988662,DRUM_SUPPORTED,FULL_MIX_ONLY,[],0
bass,FULL_MIX,F_MIX_00783,158.74321995464854,UNKNOWN,FULL_MIX_ONLY,[],0
bass,FULL_MIX,F_MIX_00784,158.83609977324264,DRUM_SUPPORTED,FULL_MIX_ONLY,[],0
bass,FULL_MIX,F_MIX_00785,159.09151927437642,UNKNOWN,FULL_MIX_AND_STEM_MATCH,"[""BASS_00433""]",1
bass,FULL_MIX,F_MIX_00786,159.18439909297052,DRUM_SUPPORTED,FULL_MIX_ONLY,[],0
bass,FULL_MIX,F_MIX_00787,159.2192290249433,DRUM_SUPPORTED,FULL_MIX_AND_STEM_MATCH,"[""BASS_00434""]",1
bass,FULL_MIX,F_MIX_00788,159.4746485260771,UNKNOWN,FULL_MIX_ONLY,[],0
bass,FULL_MIX,F_MIX_00789,159.55591836734695,DRUM_SUPPORTED,FULL_MIX_AND_STEM_MATCH,"[""BASS_00435""]",1
bass,FULL_MIX,F_MIX_00790,159.77650793650793,UNKNOWN,FULL_MIX_ONLY,[],0
bass,FULL_MIX,F_MIX_00791,159.81133786848073,UNKNOWN,FULL_MIX_AND_STEM_MATCH,"[""BASS_00436""]",1
bass,FULL_MIX,F_MIX_00792,159.9158276643991,UNKNOWN,FULL_MIX_ONLY,[],0
bass,FULL_MIX,F_MIX_00793,160.14802721088435,UNKNOWN,FULL_MIX_ONLY,[],0
bass,FULL_MIX,F_MIX_00794,160.2873469387755,DRUM_SUPPORTED,FULL_MIX_AND_STEM_MATCH,"[""BASS_00438""]",1
bass,FULL_MIX,F_MIX_00795,160.6356462585034,DRUM_SUPPORTED,FULL_MIX_AND_STEM_MATCH,"[""BASS_00439""]",1
bass,FULL_MIX,F_MIX_00796,160.83301587301588,UNKNOWN,FULL_MIX_ONLY,[],0
bass,FULL_MIX,F_MIX_00797,160.86784580498866,UNKNOWN,FULL_MIX_AND_STEM_MATCH,"[""BASS_00440""]",1
bass,FULL_MIX,F_MIX_00798,161.03038548752835,DRUM_SUPPORTED,FULL_MIX_ONLY,[],0
bass,FULL_MIX,F_MIX_00799,161.19292517006804,UNKNOWN,FULL_MIX_AND_STEM_MATCH,"[""BASS_00441""]",1
bass,FULL_MIX,F_MIX_00800,161.2393650793651,UNKNOWN,FULL_MIX_AND_STEM_MATCH,"[""BASS_00442""]",1
bass,FULL_MIX,F_MIX_00801,161.2974149659864,UNKNOWN,FULL_MIX_ONLY,[],0
bass,FULL_MIX,F_MIX_00802,161.37868480725623,UNKNOWN,FULL_MIX_ONLY,[],0
bass,FULL_MIX,F_MIX_00803,161.42512471655328,UNKNOWN,FULL_MIX_AND_STEM_MATCH,"[""BASS_00443""]",1
bass,FULL_MIX,F_MIX_00804,161.62249433106575,DRUM_SUPPORTED,FULL_MIX_AND_STEM_MATCH,"[""BASS_00444""]",1
bass,FULL_MIX,F_MIX_00805,161.7385941043084,DRUM_SUPPORTED,FULL_MIX_AND_STEM_MATCH,"[""BASS_00445""]",1
bass,FULL_MIX,F_MIX_00806,161.9824036281179,UNKNOWN,FULL_MIX_AND_STEM_MATCH,"[""BASS_00446""]",1
bass,FULL_MIX,F_MIX_00807,162.09850340136055,DRUM_SUPPORTED,FULL_MIX_ONLY,[],0
bass,FULL_MIX,F_MIX_00808,162.4584126984127,DRUM_SUPPORTED,FULL_MIX_AND_STEM_MATCH,"[""BASS_00447""]",1
bass,FULL_MIX,F_MIX_00809,162.70222222222222,DRUM_SUPPORTED,FULL_MIX_ONLY,[],0
bass,FULL_MIX,F_MIX_00810,162.81832199546486,UNKNOWN,FULL_MIX_ONLY,[],0
bass,FULL_MIX,F_MIX_00811,162.8647619047619,UNKNOWN,FULL_MIX_AND_STEM_MATCH,"[""BASS_00448""]",1
bass,FULL_MIX,F_MIX_00812,163.0505215419501,DRUM_SUPPORTED,FULL_MIX_AND_STEM_MATCH,"[""BASS_00449""]",1
bass,FULL_MIX,F_MIX_00813,163.178231292517,DRUM_SUPPORTED,FULL_MIX_ONLY,[],0
bass,FULL_MIX,F_MIX_00814,163.44526077097507,UNKNOWN,FULL_MIX_AND_STEM_MATCH,"[""BASS_00452""]",1
bass,FULL_MIX,F_MIX_00815,163.85160997732427,UNKNOWN,FULL_MIX_ONLY,[],0
bass,FULL_MIX,F_MIX_00816,163.92126984126983,DRUM_SUPPORTED,FULL_MIX_AND_STEM_MATCH,"[""BASS_00454""]",1
bass,FULL_MIX,F_MIX_00817,164.1882993197279,UNKNOWN,FULL_MIX_ONLY,[],0
bass,FULL_MIX,F_MIX_00818,164.281179138322,DRUM_SUPPORTED,FULL_MIX_AND_STEM_MATCH,"[""BASS_00455""]",1
bass,FULL_MIX,F_MIX_00819,164.38566893424036,UNKNOWN,FULL_MIX_ONLY,[],0
bass,FULL_MIX,F_MIX_00820,164.53659863945578,UNKNOWN,FULL_MIX_AND_STEM_MATCH,"[""BASS_00456""]",1
bass,FULL_MIX,F_MIX_00821,164.62947845804987,DRUM_SUPPORTED,FULL_MIX_AND_STEM_MATCH,"[""BASS_00457""]",1
bass,FULL_MIX,F_MIX_00822,164.66430839002268,DRUM_SUPPORTED,FULL_MIX_ONLY,[],0
bass,FULL_MIX,F_MIX_00823,164.93133786848074,UNKNOWN,FULL_MIX_ONLY,[],0
bass,FULL_MIX,F_MIX_00824,165.37251700680272,DRUM_SUPPORTED,FULL_MIX_AND_STEM_MATCH,"[""BASS_00459""]",1
bass,FULL_MIX,F_MIX_00825,165.6627664399093,UNKNOWN,FULL_MIX_ONLY,[],0
bass,FULL_MIX,F_MIX_00826,165.73242630385488,DRUM_SUPPORTED,FULL_MIX_ONLY,[],0
bass,FULL_MIX,F_MIX_00827,166.02267573696145,UNKNOWN,FULL_MIX_ONLY,[],0
bass,FULL_MIX,F_MIX_00828,166.09233560090703,DRUM_SUPPORTED,FULL_MIX_AND_STEM_MATCH,"[""BASS_00461""]",1
bass,FULL_MIX,F_MIX_00829,166.37097505668933,UNKNOWN,FULL_MIX_ONLY,[],0
bass,FULL_MIX,F_MIX_00830,166.4522448979592,DRUM_SUPPORTED,FULL_MIX_AND_STEM_MATCH,"[""BASS_00462""]",1
bass,FULL_MIX,F_MIX_00831,166.5102947845805,UNKNOWN,FULL_MIX_ONLY,[],0
bass,FULL_MIX,F_MIX_00832,166.71927437641725,DRUM_SUPPORTED,FULL_MIX_ONLY,[],0
bass,FULL_MIX,F_MIX_00833,167.1024036281179,UNKNOWN,FULL_MIX_ONLY,[],0
bass,FULL_MIX,F_MIX_00834,167.16045351473923,DRUM_SUPPORTED,FULL_MIX_AND_STEM_MATCH,"[""BASS_00464""]",1
bass,FULL_MIX,F_MIX_00835,167.32299319727892,UNKNOWN,FULL_MIX_ONLY,[],0
bass,FULL_MIX,F_MIX_00836,167.4274829931973,UNKNOWN,FULL_MIX_ONLY,[],0
bass,FULL_MIX,F_MIX_00837,167.5203628117914,DRUM_SUPPORTED,FULL_MIX_AND_STEM_MATCH,"[""BASS_00465""]",1
bass,FULL_MIX,F_MIX_00838,167.78739229024944,UNKNOWN,FULL_MIX_ONLY,[],0
bass,FULL_MIX,F_MIX_00839,168.1473015873016,UNKNOWN,FULL_MIX_ONLY,[],0
bass,FULL_MIX,F_MIX_00840,168.25179138321997,DRUM_SUPPORTED,FULL_MIX_AND_STEM_MATCH,"[""BASS_00467""]",1
bass,FULL_MIX,F_MIX_00841,168.49560090702948,DRUM_SUPPORTED,FULL_MIX_ONLY,[],0
bass,FULL_MIX,F_MIX_00842,168.60009070294785,DRUM_SUPPORTED,FULL_MIX_ONLY,[],0
bass,FULL_MIX,F_MIX_00843,168.84390022675737,DRUM_SUPPORTED,FULL_MIX_AND_STEM_MATCH,"[""BASS_00468""]",1
bass,FULL_MIX,F_MIX_00844,168.94839002267574,DRUM_SUPPORTED,FULL_MIX_ONLY,[],0
bass,FULL_MIX,F_MIX_00845,169.20380952380953,DRUM_SUPPORTED,FULL_MIX_AND_STEM_MATCH,"[""BASS_00469""]",1
bass,FULL_MIX,F_MIX_00846,169.3082993197279,DRUM_SUPPORTED,FULL_MIX_ONLY,[],0
bass,FULL_MIX,F_MIX_00847,169.69142857142856,DRUM_SUPPORTED,FULL_MIX_ONLY,[],0
bass,FULL_MIX,F_MIX_00848,169.9004081632653,DRUM_SUPPORTED,FULL_MIX_AND_STEM_MATCH,"[""BASS_00471""]",1
bass,FULL_MIX,F_MIX_00849,169.97006802721089,UNKNOWN,FULL_MIX_ONLY,[],0
bass,FULL_MIX,F_MIX_00850,170.05133786848072,DRUM_SUPPORTED,FULL_MIX_ONLY,[],0
bass,FULL_MIX,F_MIX_00851,170.283537414966,DRUM_SUPPORTED,FULL_MIX_AND_STEM_MATCH,"[""BASS_00474""]",1
bass,FULL_MIX,F_MIX_00852,170.41124716553287,DRUM_SUPPORTED,FULL_MIX_ONLY,[],0
bass,FULL_MIX,F_MIX_00853,170.67827664399093,UNKNOWN,FULL_MIX_ONLY,[],0
bass,FULL_MIX,F_MIX_00854,170.75954648526078,DRUM_SUPPORTED,FULL_MIX_AND_STEM_MATCH,"[""BASS_00476""]",1
bass,FULL_MIX,F_MIX_00855,170.98013605442176,DRUM_SUPPORTED,FULL_MIX_AND_STEM_MATCH,"[""BASS_00477""]",1
bass,FULL_MIX,F_MIX_00856,171.1194557823129,DRUM_SUPPORTED,FULL_MIX_ONLY,[],0
bass,FULL_MIX,F_MIX_00857,171.36326530612246,DRUM_SUPPORTED,FULL_MIX_ONLY,[],0
bass,FULL_MIX,F_MIX_00858,171.46775510204083,DRUM_SUPPORTED,FULL_MIX_AND_STEM_MATCH,"[""BASS_00479""]",1
bass,FULL_MIX,F_MIX_00859,171.71156462585034,DRUM_SUPPORTED,FULL_MIX_AND_STEM_MATCH,"[""BASS_00480""]",1
bass,FULL_MIX,F_MIX_00860,171.8508843537415,DRUM_SUPPORTED,FULL_MIX_ONLY,[],0
bass,FULL_MIX,F_MIX_00861,172.0714739229025,DRUM_SUPPORTED,FULL_MIX_ONLY,[],0
bass,FULL_MIX,F_MIX_00862,172.18757369614514,DRUM_SUPPORTED,FULL_MIX_ONLY,[],0
bass,FULL_MIX,F_MIX_00863,172.24562358276643,UNKNOWN,FULL_MIX_AND_STEM_MATCH,"[""BASS_00481""]",1
bass,FULL_MIX,F_MIX_00864,172.5474829931973,DRUM_SUPPORTED,FULL_MIX_ONLY,[],0
bass,FULL_MIX,F_MIX_00865,172.7912925170068,DRUM_SUPPORTED,FULL_MIX_AND_STEM_MATCH,"[""BASS_00483""]",1
bass,FULL_MIX,F_MIX_00866,172.90739229024942,DRUM_SUPPORTED,FULL_MIX_ONLY,[],0
bass,FULL_MIX,F_MIX_00867,173.16281179138323,UNKNOWN,FULL_MIX_AND_STEM_MATCH,"[""BASS_00484""]",1
bass,FULL_MIX,F_MIX_00868,173.25569160997733,DRUM_SUPPORTED,FULL_MIX_AND_STEM_MATCH,"[""BASS_00486""]",1
bass,FULL_MIX,F_MIX_00869,173.49950113378685,DRUM_SUPPORTED,FULL_MIX_AND_STEM_MATCH,"[""BASS_00487""]",1
bass,FULL_MIX,F_MIX_00870,173.638820861678,DRUM_SUPPORTED,FULL_MIX_ONLY,[],0
bass,FULL_MIX,F_MIX_00871,173.88263038548752,DRUM_SUPPORTED,FULL_MIX_ONLY,[],0
bass,FULL_MIX,F_MIX_00872,173.96390022675737,DRUM_SUPPORTED,FULL_MIX_AND_STEM_MATCH,"[""BASS_00489""]",1
bass,FULL_MIX,F_MIX_00873,174.09160997732425,UNKNOWN,FULL_MIX_AND_STEM_MATCH,"[""BASS_00490""]",1
bass,FULL_MIX,F_MIX_00874,174.23092970521543,UNKNOWN,FULL_MIX_ONLY,[],0
bass,FULL_MIX,F_MIX_00875,174.32380952380953,DRUM_SUPPORTED,FULL_MIX_ONLY,[],0
bass,FULL_MIX,F_MIX_00876,174.60244897959183,UNKNOWN,FULL_MIX_ONLY,[],0
bass,FULL_MIX,F_MIX_00877,174.69532879818595,DRUM_SUPPORTED,FULL_MIX_ONLY,[],0
bass,FULL_MIX,F_MIX_00878,174.95074829931974,DRUM_SUPPORTED,FULL_MIX_ONLY,[],0
bass,FULL_MIX,F_MIX_00879,174.98557823129252,UNKNOWN,FULL_MIX_ONLY,[],0
bass,FULL_MIX,F_MIX_00880,175.05523809523808,DRUM_SUPPORTED,FULL_MIX_ONLY,[],0
bass,FULL_MIX,F_MIX_00881,175.22938775510204,UNKNOWN,FULL_MIX_ONLY,[],0
bass,FULL_MIX,F_MIX_00882,175.34548752834468,UNKNOWN,FULL_MIX_ONLY,[],0
bass,FULL_MIX,F_MIX_00883,175.4267573696145,DRUM_SUPPORTED,FULL_MIX_AND_STEM_MATCH,"[""BASS_00495""]",1
bass,FULL_MIX,F_MIX_00884,175.5892970521542,UNKNOWN,FULL_MIX_ONLY,[],0
bass,FULL_MIX,F_MIX_00885,175.69378684807256,UNKNOWN,FULL_MIX_ONLY,[],0
bass,FULL_MIX,F_MIX_00886,175.79827664399093,DRUM_SUPPORTED,FULL_MIX_ONLY,[],0
bass,FULL_MIX,F_MIX_00887,175.96081632653062,UNKNOWN,FULL_MIX_ONLY,[],0
bass,FULL_MIX,F_MIX_00888,176.065306122449,UNKNOWN,FULL_MIX_ONLY,[],0
bass,FULL_MIX,F_MIX_00889,176.13496598639455,DRUM_SUPPORTED,FULL_MIX_AND_STEM_MATCH,"[""BASS_00496""]",1
bass,FULL_MIX,F_MIX_00890,176.32072562358277,UNKNOWN,FULL_MIX_ONLY,[],0
bass,FULL_MIX,F_MIX_00891,176.43682539682538,UNKNOWN,FULL_MIX_ONLY,[],0
bass,FULL_MIX,F_MIX_00892,176.5297052154195,DRUM_SUPPORTED,FULL_MIX_ONLY,[],0
bass,FULL_MIX,F_MIX_00893,176.79673469387754,DRUM_SUPPORTED,FULL_MIX_ONLY,[],0
bass,FULL_MIX,F_MIX_00894,177.16825396825396,UNKNOWN,FULL_MIX_ONLY,[],0
bass,FULL_MIX,F_MIX_00895,177.24952380952382,DRUM_SUPPORTED,FULL_MIX_AND_STEM_MATCH,"[""BASS_00498""]",1
bass,FULL_MIX,F_MIX_00896,177.5978231292517,DRUM_SUPPORTED,FULL_MIX_AND_STEM_MATCH,"[""BASS_00499""]",1
bass,FULL_MIX,F_MIX_00897,177.86485260770976,DRUM_SUPPORTED,FULL_MIX_AND_STEM_MATCH,"[""BASS_00500""]",1
bass,FULL_MIX,F_MIX_00898,178.23637188208616,UNKNOWN,FULL_MIX_ONLY,[],0
bass,FULL_MIX,F_MIX_00899,178.32925170068026,DRUM_SUPPORTED,FULL_MIX_AND_STEM_MATCH,"[""BASS_00501""]",1
bass,FULL_MIX,F_MIX_00900,178.5730612244898,DRUM_SUPPORTED,FULL_MIX_ONLY,[],0
bass,FULL_MIX,F_MIX_00901,179.03746031746033,DRUM_SUPPORTED,FULL_MIX_AND_STEM_MATCH,"[""BASS_00503""]",1
bass,FULL_MIX,F_MIX_00902,179.39736961451248,DRUM_SUPPORTED,FULL_MIX_ONLY,[],0
bass,FULL_MIX,F_MIX_00903,179.74566893424037,DRUM_SUPPORTED,FULL_MIX_ONLY,[],0
bass,FULL_MIX,F_MIX_00904,180.01269841269843,DRUM_SUPPORTED,FULL_MIX_ONLY,[],0
bass,FULL_MIX,F_MIX_00905,180.12879818594104,DRUM_SUPPORTED,FULL_MIX_ONLY,[],0
bass,FULL_MIX,F_MIX_00906,180.3958276643991,DRUM_SUPPORTED,FULL_MIX_ONLY,[],0
bass,FULL_MIX,F_MIX_00907,180.4887074829932,DRUM_SUPPORTED,FULL_MIX_ONLY,[],0
bass,FULL_MIX,F_MIX_00908,180.74412698412698,DRUM_SUPPORTED,FULL_MIX_AND_STEM_MATCH,"[""BASS_00504""]",1
bass,FULL_MIX,F_MIX_00909,180.84861678004535,DRUM_SUPPORTED,FULL_MIX_ONLY,[],0
bass,FULL_MIX,F_MIX_00910,180.8950566893424,DRUM_SUPPORTED,FULL_MIX_AND_STEM_MATCH,"[""BASS_00505""]",1
bass,FULL_MIX,F_MIX_00911,181.23174603174604,DRUM_SUPPORTED,FULL_MIX_AND_STEM_MATCH,"[""BASS_00506""]",1
bass,FULL_MIX,F_MIX_00912,181.48716553287983,DRUM_SUPPORTED,FULL_MIX_ONLY,[],0
bass,FULL_MIX,F_MIX_00913,181.56843537414966,UNKNOWN,FULL_MIX_ONLY,[],0
bass,FULL_MIX,F_MIX_00914,181.62648526077098,DRUM_SUPPORTED,FULL_MIX_AND_STEM_MATCH,"[""BASS_00507""]",1
bass,FULL_MIX,F_MIX_00915,181.8702947845805,UNKNOWN,FULL_MIX_AND_STEM_MATCH,"[""BASS_00508""]",1
bass,FULL_MIX,F_MIX_00916,181.95156462585035,DRUM_SUPPORTED,FULL_MIX_ONLY,[],0
bass,FULL_MIX,F_MIX_00917,182.20698412698414,DRUM_SUPPORTED,FULL_MIX_AND_STEM_MATCH,"[""BASS_00509""]",1
bass,FULL_MIX,F_MIX_00918,182.29986394557824,UNKNOWN,FULL_MIX_ONLY,[],0
bass,FULL_MIX,F_MIX_00919,182.35791383219956,DRUM_SUPPORTED,FULL_MIX_AND_STEM_MATCH,"[""BASS_00510""]",1
bass,FULL_MIX,F_MIX_00920,182.6829931972789,DRUM_SUPPORTED,FULL_MIX_ONLY,[],0
bass,FULL_MIX,F_MIX_00921,182.95002267573696,DRUM_SUPPORTED,FULL_MIX_AND_STEM_MATCH,"[""BASS_00512""]",1
bass,FULL_MIX,F_MIX_00922,183.04290249433106,DRUM_SUPPORTED,FULL_MIX_ONLY,[],0
bass,FULL_MIX,F_MIX_00923,183.658231292517,DRUM_SUPPORTED,FULL_MIX_AND_STEM_MATCH,"[""BASS_00513""]",1
bass,FULL_MIX,F_MIX_00924,183.7511111111111,DRUM_SUPPORTED,FULL_MIX_ONLY,[],0
bass,FULL_MIX,F_MIX_00925,183.79755102040815,DRUM_SUPPORTED,FULL_MIX_AND_STEM_MATCH,"[""BASS_00514""]",1
bass,FULL_MIX,F_MIX_00926,183.98331065759638,DRUM_SUPPORTED,FULL_MIX_AND_STEM_MATCH,"[""BASS_00515""]",1
bass,FULL_MIX,F_MIX_00927,184.02975056689343,UNKNOWN,FULL_MIX_ONLY,[],0
bass,FULL_MIX,F_MIX_00928,184.12263038548753,DRUM_SUPPORTED,FULL_MIX_AND_STEM_MATCH,"[""BASS_00516""]",1
bass,FULL_MIX,F_MIX_00929,184.3548299319728,UNKNOWN,FULL_MIX_ONLY,[],0
bass,FULL_MIX,F_MIX_00930,184.45931972789117,DRUM_SUPPORTED,FULL_MIX_AND_STEM_MATCH,"[""BASS_00518""]",1
bass,FULL_MIX,F_MIX_00931,184.74956916099774,UNKNOWN,FULL_MIX_ONLY,[],0
bass,FULL_MIX,F_MIX_00932,184.84244897959184,DRUM_SUPPORTED,FULL_MIX_ONLY,[],0
bass,FULL_MIX,F_MIX_00933,185.05142857142857,DRUM_SUPPORTED,FULL_MIX_AND_STEM_MATCH,"[""BASS_00521""]",1
bass,FULL_MIX,F_MIX_00934,185.17913832199545,DRUM_SUPPORTED,FULL_MIX_ONLY,[],0
bass,FULL_MIX,F_MIX_00935,185.5390476190476,DRUM_SUPPORTED,FULL_MIX_AND_STEM_MATCH,"[""BASS_00522""]",1
bass,FULL_MIX,F_MIX_00936,185.80607709750566,DRUM_SUPPORTED,FULL_MIX_ONLY,[],0
bass,FULL_MIX,F_MIX_00937,185.9221768707483,DRUM_SUPPORTED,FULL_MIX_ONLY,[],0
bass,FULL_MIX,F_MIX_00938,186.1427664399093,DRUM_SUPPORTED,FULL_MIX_AND_STEM_MATCH,"[""BASS_00523""]",1
bass,FULL_MIX,F_MIX_00939,186.28208616780046,DRUM_SUPPORTED,FULL_MIX_ONLY,[],0
bass,FULL_MIX,F_MIX_00940,186.6419954648526,DRUM_SUPPORTED,FULL_MIX_AND_STEM_MATCH,"[""BASS_00524""]",1
bass,FULL_MIX,F_MIX_00941,186.6768253968254,UNKNOWN,FULL_MIX_ONLY,[],0
bass,FULL_MIX,F_MIX_00942,186.81614512471654,UNKNOWN,FULL_MIX_ONLY,[],0
bass,FULL_MIX,F_MIX_00943,187.00190476190477,DRUM_SUPPORTED,FULL_MIX_AND_STEM_MATCH,"[""BASS_00526""]",1
bass,FULL_MIX,F_MIX_00944,187.28054421768707,DRUM_SUPPORTED,FULL_MIX_ONLY,[],0
bass,FULL_MIX,F_MIX_00945,187.3734240362812,DRUM_SUPPORTED,FULL_MIX_ONLY,[],0
bass,FULL_MIX,F_MIX_00946,187.40825396825397,DRUM_SUPPORTED,FULL_MIX_AND_STEM_MATCH,"[""BASS_00527""]",1
bass,FULL_MIX,F_MIX_00947,187.67528344671203,DRUM_SUPPORTED,FULL_MIX_ONLY,[],0
bass,FULL_MIX,F_MIX_00948,187.73333333333332,DRUM_SUPPORTED,FULL_MIX_AND_STEM_MATCH,"[""BASS_00528""]",1
bass,FULL_MIX,F_MIX_00949,188.01197278911565,UNKNOWN,FULL_MIX_ONLY,[],0
bass,FULL_MIX,F_MIX_00950,188.45315192743763,DRUM_SUPPORTED,FULL_MIX_ONLY,[],0
bass,FULL_MIX,F_MIX_00951,188.8130612244898,DRUM_SUPPORTED,FULL_MIX_AND_STEM_MATCH,"[""BASS_00531""]",1
bass,FULL_MIX,F_MIX_00952,189.10331065759638,DRUM_SUPPORTED,FULL_MIX_AND_STEM_MATCH,"[""BASS_00532""]",1
bass,FULL_MIX,F_MIX_00953,189.1845804988662,DRUM_SUPPORTED,FULL_MIX_AND_STEM_MATCH,"[""BASS_00533""]",1
bass,FULL_MIX,F_MIX_00954,189.4167800453515,DRUM_SUPPORTED,FULL_MIX_ONLY,[],0
bass,FULL_MIX,F_MIX_00955,189.90439909297052,DRUM_SUPPORTED,FULL_MIX_ONLY,[],0
bass,FULL_MIX,F_MIX_00956,190.1598185941043,UNKNOWN,FULL_MIX_ONLY,[],0
bass,FULL_MIX,F_MIX_00957,190.26430839002268,DRUM_SUPPORTED,FULL_MIX_AND_STEM_MATCH,"[""BASS_00536""]",1
bass,FULL_MIX,F_MIX_00958,190.61260770975056,BASS_AND_DRUM_SUPPORTED,FULL_MIX_ONLY,[],0
bass,FULL_MIX,F_MIX_00959,190.85641723356008,DRUM_SUPPORTED,FULL_MIX_ONLY,[],0
bass,FULL_MIX,F_MIX_00960,191.33242630385487,DRUM_SUPPORTED,FULL_MIX_AND_STEM_MATCH,"[""BASS_00538""]",1
bass,FULL_MIX,F_MIX_00961,191.58784580498866,DRUM_SUPPORTED,FULL_MIX_ONLY,[],0
bass,FULL_MIX,F_MIX_00962,191.7039455782313,DRUM_SUPPORTED,FULL_MIX_ONLY,[],0
bass,FULL_MIX,F_MIX_00963,191.93614512471655,DRUM_SUPPORTED,FULL_MIX_ONLY,[],0
bass,FULL_MIX,F_MIX_00964,192.05224489795918,UNKNOWN,FULL_MIX_ONLY,[],0
bass,FULL_MIX,F_MIX_00965,192.2728344671202,DRUM_SUPPORTED,FULL_MIX_ONLY,[],0
bass,FULL_MIX,F_MIX_00966,192.63274376417235,DRUM_SUPPORTED,FULL_MIX_ONLY,[],0
bass,FULL_MIX,F_MIX_00967,192.74884353741496,DRUM_SUPPORTED,FULL_MIX_ONLY,[],0
bass,FULL_MIX,F_MIX_00968,192.98104308390023,DRUM_SUPPORTED,FULL_MIX_ONLY,[],0
bass,FULL_MIX,F_MIX_00969,193.31773242630385,DRUM_SUPPORTED,FULL_MIX_ONLY,[],0
bass,FULL_MIX,F_MIX_00970,193.457052154195,DRUM_SUPPORTED,FULL_MIX_ONLY,[],0
bass,FULL_MIX,F_MIX_00971,193.68925170068027,UNKNOWN,FULL_MIX_ONLY,[],0
bass,FULL_MIX,F_MIX_00972,193.7705215419501,DRUM_SUPPORTED,FULL_MIX_ONLY,[],0
bass,FULL_MIX,F_MIX_00973,194.1536507936508,DRUM_SUPPORTED,FULL_MIX_ONLY,[],0
bass,FULL_MIX,F_MIX_00974,194.3742403628118,DRUM_SUPPORTED,FULL_MIX_ONLY,[],0
bass,FULL_MIX,F_MIX_00975,194.73414965986396,DRUM_SUPPORTED,FULL_MIX_ONLY,[],0
bass,FULL_MIX,F_MIX_00976,194.8386394557823,UNKNOWN,FULL_MIX_ONLY,[],0
bass,FULL_MIX,F_MIX_00977,194.97795918367348,UNKNOWN,FULL_MIX_ONLY,[],0
bass,FULL_MIX,F_MIX_00978,195.0360090702948,DRUM_SUPPORTED,FULL_MIX_ONLY,[],0
bass,FULL_MIX,F_MIX_00979,195.11727891156463,DRUM_SUPPORTED,FULL_MIX_ONLY,[],0
bass,FULL_MIX,F_MIX_00980,195.1869387755102,DRUM_SUPPORTED,FULL_MIX_ONLY,[],0
bass,FULL_MIX,F_MIX_00981,195.25659863945577,DRUM_SUPPORTED,FULL_MIX_ONLY,[],0
bass,FULL_MIX,F_MIX_00982,195.50040816326532,DRUM_SUPPORTED,FULL_MIX_ONLY,[],0
bass,FULL_MIX,F_MIX_00983,195.8487074829932,DRUM_SUPPORTED,FULL_MIX_ONLY,[],0
bass,FULL_MIX,F_MIX_00984,195.96480725623582,DRUM_SUPPORTED,FULL_MIX_ONLY,[],0
bass,FULL_MIX,F_MIX_00985,196.2202267573696,DRUM_SUPPORTED,FULL_MIX_ONLY,[],0
bass,FULL_MIX,F_MIX_00986,196.45242630385488,DRUM_SUPPORTED,FULL_MIX_ONLY,[],0
bass,FULL_MIX,F_MIX_00987,196.8239455782313,DRUM_SUPPORTED,FULL_MIX_ONLY,[],0
bass,FULL_MIX,F_MIX_00988,197.06775510204082,DRUM_SUPPORTED,FULL_MIX_ONLY,[],0
bass,FULL_MIX,F_MIX_00989,197.1722448979592,DRUM_SUPPORTED,FULL_MIX_ONLY,[],0
bass,FULL_MIX,F_MIX_00990,197.27673469387756,DRUM_SUPPORTED,FULL_MIX_ONLY,[],0
bass,FULL_MIX,F_MIX_00991,197.40444444444444,DRUM_SUPPORTED,FULL_MIX_ONLY,[],0
bass,FULL_MIX,F_MIX_00992,197.4857142857143,DRUM_SUPPORTED,FULL_MIX_ONLY,[],0
bass,FULL_MIX,F_MIX_00993,197.6018140589569,DRUM_SUPPORTED,FULL_MIX_AND_STEM_MATCH,"[""BASS_00541""]",1
bass,FULL_MIX,F_MIX_00994,197.74113378684808,DRUM_SUPPORTED,FULL_MIX_ONLY,[],0
bass,FULL_MIX,F_MIX_00995,197.96172335600906,DRUM_SUPPORTED,FULL_MIX_AND_STEM_MATCH,"[""BASS_00542""]",1
bass,FULL_MIX,F_MIX_00996,198.6118820861678,DRUM_SUPPORTED,FULL_MIX_ONLY,[],0
bass,FULL_MIX,F_MIX_00997,199.07628117913833,DRUM_SUPPORTED,FULL_MIX_AND_STEM_MATCH,"[""BASS_00545""]",1
bass,FULL_MIX,F_MIX_00998,199.4361904761905,DRUM_SUPPORTED,FULL_MIX_AND_STEM_MATCH,"[""BASS_00546""]",1
bass,FULL_MIX,F_MIX_00999,199.81931972789116,DRUM_SUPPORTED,FULL_MIX_ONLY,[],0
bass,FULL_MIX,F_MIX_01000,200.16761904761904,DRUM_SUPPORTED,FULL_MIX_AND_STEM_MATCH,"[""BASS_00548""]",1
bass,FULL_MIX,F_MIX_01001,200.80616780045352,DRUM_SUPPORTED,FULL_MIX_ONLY,[],0
bass,FULL_MIX,F_MIX_01002,201.2473469387755,DRUM_SUPPORTED,FULL_MIX_AND_STEM_MATCH,"[""BASS_00552""]",1
bass,FULL_MIX,F_MIX_01003,201.5027664399093,DRUM_SUPPORTED,FULL_MIX_ONLY,[],0
bass,FULL_MIX,F_MIX_01004,201.6304761904762,DRUM_SUPPORTED,FULL_MIX_ONLY,[],0
bass,FULL_MIX,F_MIX_01005,201.87428571428572,DRUM_SUPPORTED,FULL_MIX_ONLY,[],0
bass,FULL_MIX,F_MIX_01006,201.96716553287982,DRUM_SUPPORTED,FULL_MIX_AND_STEM_MATCH,"[""BASS_00554""]",1
bass,FULL_MIX,F_MIX_01007,202.23419501133787,UNKNOWN,FULL_MIX_ONLY,[],0
bass,FULL_MIX,F_MIX_01008,202.2922448979592,DRUM_SUPPORTED,FULL_MIX_ONLY,[],0
bass,FULL_MIX,F_MIX_01009,202.6057142857143,UNKNOWN,FULL_MIX_ONLY,[],0
bass,FULL_MIX,F_MIX_01010,202.68698412698413,DRUM_SUPPORTED,FULL_MIX_AND_STEM_MATCH,"[""BASS_00556""]",1
bass,FULL_MIX,F_MIX_01011,202.87274376417233,UNKNOWN,FULL_MIX_AND_STEM_MATCH,"[""BASS_00557""]",1
bass,FULL_MIX,F_MIX_01012,203.04689342403628,DRUM_SUPPORTED,FULL_MIX_ONLY,[],0
bass,FULL_MIX,F_MIX_01013,203.32553287981858,UNKNOWN,FULL_MIX_ONLY,[],0
bass,FULL_MIX,F_MIX_01014,203.39519274376417,DRUM_SUPPORTED,FULL_MIX_AND_STEM_MATCH,"[""BASS_00559""]",1
bass,FULL_MIX,F_MIX_01015,203.66222222222223,DRUM_SUPPORTED,FULL_MIX_ONLY,[],0
bass,FULL_MIX,F_MIX_01016,203.75510204081633,DRUM_SUPPORTED,FULL_MIX_AND_STEM_MATCH,"[""BASS_00560""]",1
bass,FULL_MIX,F_MIX_01017,204.03374149659865,DRUM_SUPPORTED,FULL_MIX_ONLY,[],0
bass,FULL_MIX,F_MIX_01018,204.3356009070295,DRUM_SUPPORTED,FULL_MIX_ONLY,[],0
bass,FULL_MIX,F_MIX_01019,204.70712018140588,DRUM_SUPPORTED,FULL_MIX_ONLY,[],0
bass,FULL_MIX,F_MIX_01020,204.84643990929706,UNKNOWN,FULL_MIX_ONLY,[],0
bass,FULL_MIX,F_MIX_01021,205.06702947845804,DRUM_SUPPORTED,FULL_MIX_ONLY,[],0
bass,FULL_MIX,F_MIX_01022,205.43854875283446,DRUM_SUPPORTED,FULL_MIX_ONLY,[],0
bass,FULL_MIX,F_MIX_01023,205.5546485260771,UNKNOWN,FULL_MIX_ONLY,[],0
bass,FULL_MIX,F_MIX_01024,205.8100680272109,DRUM_SUPPORTED,FULL_MIX_ONLY,[],0
bass,FULL_MIX,F_MIX_01025,206.16997732426304,DRUM_SUPPORTED,FULL_MIX_ONLY,[],0
bass,FULL_MIX,F_MIX_01026,206.28607709750568,DRUM_SUPPORTED,FULL_MIX_ONLY,[],0
bass,FULL_MIX,F_MIX_01027,206.50666666666666,DRUM_SUPPORTED,FULL_MIX_ONLY,[],0
bass,FULL_MIX,F_MIX_01028,206.87818594104309,DRUM_SUPPORTED,FULL_MIX_ONLY,[],0
bass,FULL_MIX,F_MIX_01029,206.99428571428572,DRUM_SUPPORTED,FULL_MIX_ONLY,[],0
bass,FULL_MIX,F_MIX_01030,207.13360544217687,DRUM_SUPPORTED,FULL_MIX_ONLY,[],0
bass,FULL_MIX,F_MIX_01031,207.26131519274375,UNKNOWN,FULL_MIX_ONLY,[],0
bass,FULL_MIX,F_MIX_01032,207.35419501133788,DRUM_SUPPORTED,FULL_MIX_ONLY,[],0
bass,FULL_MIX,F_MIX_01033,209.258231292517,DRUM_SUPPORTED,FULL_MIX_ONLY,[],0
bass,FULL_MIX,F_MIX_01034,209.43238095238095,UNKNOWN,FULL_MIX_AND_STEM_MATCH,"[""BASS_00561""]",1
bass,FULL_MIX,F_MIX_01035,209.59492063492064,DRUM_SUPPORTED,FULL_MIX_ONLY,[],0
bass,FULL_MIX,F_MIX_01036,209.98965986394558,DRUM_SUPPORTED,FULL_MIX_AND_STEM_MATCH,"[""BASS_00562""]",1
bass,FULL_MIX,F_MIX_01037,210.09414965986394,UNKNOWN,FULL_MIX_ONLY,[],0
bass,FULL_MIX,F_MIX_01038,210.17541950113377,UNKNOWN,FULL_MIX_ONLY,[],0
bass,FULL_MIX,F_MIX_01039,210.25668934240363,UNKNOWN,FULL_MIX_ONLY,[],0
bass,FULL_MIX,F_MIX_01040,210.34956916099773,DRUM_SUPPORTED,FULL_MIX_AND_STEM_MATCH,"[""BASS_00563""]",1
bass,FULL_MIX,F_MIX_01041,210.53532879818593,UNKNOWN,FULL_MIX_ONLY,[],0
bass,FULL_MIX,F_MIX_01042,210.62820861678006,UNKNOWN,FULL_MIX_ONLY,[],0
bass,FULL_MIX,F_MIX_01043,210.68625850340135,DRUM_SUPPORTED,FULL_MIX_AND_STEM_MATCH,"[""BASS_00564""]",1
bass,FULL_MIX,F_MIX_01044,210.82557823129252,UNKNOWN,FULL_MIX_ONLY,[],0
bass,FULL_MIX,F_MIX_01045,210.9881179138322,DRUM_SUPPORTED,FULL_MIX_ONLY,[],0
bass,FULL_MIX,F_MIX_01046,211.05777777777777,DRUM_SUPPORTED,FULL_MIX_AND_STEM_MATCH,"[""BASS_00565""]",1
bass,FULL_MIX,F_MIX_01047,211.19709750566892,UNKNOWN,FULL_MIX_ONLY,[],0
bass,FULL_MIX,F_MIX_01048,211.3364172335601,UNKNOWN,FULL_MIX_ONLY,[],0
bass,FULL_MIX,F_MIX_01049,211.40607709750566,DRUM_SUPPORTED,FULL_MIX_AND_STEM_MATCH,"[""BASS_00566""]",1
bass,FULL_MIX,F_MIX_01050,211.44090702947847,DRUM_SUPPORTED,FULL_MIX_ONLY,[],0
bass,FULL_MIX,F_MIX_01051,211.54539682539684,UNKNOWN,FULL_MIX_ONLY,[],0
bass,FULL_MIX,F_MIX_01052,211.69632653061225,UNKNOWN,FULL_MIX_ONLY,[],0
bass,FULL_MIX,F_MIX_01053,211.78920634920635,DRUM_SUPPORTED,FULL_MIX_AND_STEM_MATCH,"[""BASS_00567""]",1
bass,FULL_MIX,F_MIX_01054,212.0562358276644,UNKNOWN,FULL_MIX_ONLY,[],0
bass,FULL_MIX,F_MIX_01055,212.1491156462585,DRUM_SUPPORTED,FULL_MIX_AND_STEM_MATCH,"[""BASS_00569""]",1
bass,FULL_MIX,F_MIX_01056,212.4277551020408,DRUM_SUPPORTED,FULL_MIX_ONLY,[],0
bass,FULL_MIX,F_MIX_01057,212.52063492063493,DRUM_SUPPORTED,FULL_MIX_AND_STEM_MATCH,"[""BASS_00571""]",1
bass,FULL_MIX,F_MIX_01058,212.78766439909296,UNKNOWN,FULL_MIX_ONLY,[],0
bass,FULL_MIX,F_MIX_01059,212.8805442176871,DRUM_SUPPORTED,FULL_MIX_AND_STEM_MATCH,"[""BASS_00572""]",1
bass,FULL_MIX,F_MIX_01060,213.14757369614512,UNKNOWN,FULL_MIX_ONLY,[],0
bass,FULL_MIX,F_MIX_01061,213.25206349206348,DRUM_SUPPORTED,FULL_MIX_AND_STEM_MATCH,"[""BASS_00573""]",1
bass,FULL_MIX,F_MIX_01062,213.50748299319727,UNKNOWN,FULL_MIX_ONLY,[],0
bass,FULL_MIX,F_MIX_01063,213.6235827664399,DRUM_SUPPORTED,FULL_MIX_ONLY,[],0
bass,FULL_MIX,F_MIX_01064,213.8790022675737,DRUM_SUPPORTED,FULL_MIX_ONLY,[],0
bass,FULL_MIX,F_MIX_01065,214.1228117913832,UNKNOWN,FULL_MIX_ONLY,[],0
bass,FULL_MIX,F_MIX_01066,214.25052154195012,UNKNOWN,FULL_MIX_ONLY,[],0
bass,FULL_MIX,F_MIX_01067,214.33179138321995,DRUM_SUPPORTED,FULL_MIX_AND_STEM_MATCH,"[""BASS_00575""]",1
bass,FULL_MIX,F_MIX_01068,214.598820861678,UNKNOWN,FULL_MIX_ONLY,[],0
bass,FULL_MIX,F_MIX_01069,214.70331065759638,DRUM_SUPPORTED,FULL_MIX_AND_STEM_MATCH,"[""BASS_00576""]",1
bass,FULL_MIX,F_MIX_01070,214.95873015873016,DRUM_SUPPORTED,FULL_MIX_ONLY,[],0
bass,FULL_MIX,F_MIX_01071,215.0748299319728,DRUM_SUPPORTED,FULL_MIX_ONLY,[],0
bass,FULL_MIX,F_MIX_01072,215.34185941043083,UNKNOWN,FULL_MIX_ONLY,[],0
bass,FULL_MIX,F_MIX_01073,215.4231292517007,DRUM_SUPPORTED,FULL_MIX_AND_STEM_MATCH,"[""BASS_00578""]",1
bass,FULL_MIX,F_MIX_01074,215.69015873015874,DRUM_SUPPORTED,FULL_MIX_ONLY,[],0
bass,FULL_MIX,F_MIX_01075,216.03845804988663,DRUM_SUPPORTED,FULL_MIX_ONLY,[],0
bass,FULL_MIX,F_MIX_01076,216.37514739229024,DRUM_SUPPORTED,FULL_MIX_ONLY,[],0
bass,FULL_MIX,F_MIX_01077,216.4796371882086,UNKNOWN,FULL_MIX_ONLY,[],0
bass,FULL_MIX,F_MIX_01078,216.61895691609976,DRUM_SUPPORTED,FULL_MIX_ONLY,[],0
bass,FULL_MIX,F_MIX_01079,216.79310657596372,DRUM_SUPPORTED,FULL_MIX_ONLY,[],0
bass,FULL_MIX,F_MIX_01080,217.17623582766439,DRUM_SUPPORTED,FULL_MIX_ONLY,[],0
bass,FULL_MIX,F_MIX_01081,217.40843537414966,DRUM_SUPPORTED,FULL_MIX_ONLY,[],0
bass,FULL_MIX,F_MIX_01082,217.7799546485261,DRUM_SUPPORTED,FULL_MIX_ONLY,[],0
bass,FULL_MIX,F_MIX_01083,217.87283446712019,DRUM_SUPPORTED,FULL_MIX_ONLY,[],0
bass,FULL_MIX,F_MIX_01084,218.10503401360543,DRUM_SUPPORTED,FULL_MIX_ONLY,[],0
bass,FULL_MIX,F_MIX_01085,218.1863038548753,DRUM_SUPPORTED,FULL_MIX_ONLY,[],0
bass,FULL_MIX,F_MIX_01086,218.26757369614512,DRUM_SUPPORTED,FULL_MIX_ONLY,[],0
bass,FULL_MIX,F_MIX_01087,218.51138321995464,DRUM_SUPPORTED,FULL_MIX_ONLY,[],0
bass,FULL_MIX,F_MIX_01088,218.70875283446713,DRUM_SUPPORTED,FULL_MIX_ONLY,[],0
bass,FULL_MIX,F_MIX_01089,218.79002267573696,DRUM_SUPPORTED,FULL_MIX_ONLY,[],0
bass,FULL_MIX,F_MIX_01090,218.85968253968255,DRUM_SUPPORTED,FULL_MIX_ONLY,[],0
bass,FULL_MIX,F_MIX_01091,218.94095238095238,DRUM_SUPPORTED,FULL_MIX_ONLY,[],0
bass,FULL_MIX,F_MIX_01092,219.19637188208617,DRUM_SUPPORTED,FULL_MIX_ONLY,[],0
bass,FULL_MIX,F_MIX_01093,219.39374149659864,UNKNOWN,FULL_MIX_ONLY,[],0
bass,FULL_MIX,F_MIX_01094,219.61433106575964,DRUM_SUPPORTED,FULL_MIX_ONLY,[],0
bass,FULL_MIX,F_MIX_01095,219.6839909297052,DRUM_SUPPORTED,FULL_MIX_ONLY,[],0
bass,FULL_MIX,F_MIX_01096,219.77687074829933,DRUM_SUPPORTED,FULL_MIX_ONLY,[],0
bass,FULL_MIX,F_MIX_01097,219.85814058956916,DRUM_SUPPORTED,FULL_MIX_ONLY,[],0
bass,FULL_MIX,F_MIX_01098,219.9974603174603,DRUM_SUPPORTED,FULL_MIX_ONLY,[],0
bass,FULL_MIX,F_MIX_01099,220.14839002267573,DRUM_SUPPORTED,FULL_MIX_ONLY,[],0
bass,FULL_MIX,F_MIX_01100,220.380589569161,DRUM_SUPPORTED,FULL_MIX_ONLY,[],0
bass,FULL_MIX,F_MIX_01101,220.86820861678004,DRUM_SUPPORTED,FULL_MIX_ONLY,[],0
bass,FULL_MIX,F_MIX_01102,221.262947845805,DRUM_SUPPORTED,FULL_MIX_ONLY,[],0
bass,FULL_MIX,F_MIX_01103,221.5183673469388,DRUM_SUPPORTED,FULL_MIX_ONLY,[],0
bass,FULL_MIX,F_MIX_01104,221.6344671201814,BASS_AND_DRUM_SUPPORTED,FULL_MIX_AND_STEM_MATCH,"[""BASS_00579""]",1
bass,FULL_MIX,F_MIX_01105,221.69251700680272,UNKNOWN,FULL_MIX_ONLY,[],0
bass,FULL_MIX,F_MIX_01106,221.98276643990928,BASS_AND_DRUM_SUPPORTED,FULL_MIX_ONLY,[],0
bass,FULL_MIX,F_MIX_01107,222.24979591836734,UNKNOWN,FULL_MIX_ONLY,[],0
bass,FULL_MIX,F_MIX_01108,222.37750566893425,BASS_AND_DRUM_SUPPORTED,FULL_MIX_AND_STEM_MATCH,"[""BASS_00582""]",1
bass,FULL_MIX,F_MIX_01109,222.74902494331064,BASS_AND_DRUM_SUPPORTED,FULL_MIX_ONLY,[],0
bass,FULL_MIX,F_MIX_01110,222.9928344671202,DRUM_SUPPORTED,FULL_MIX_ONLY,[],0
bass,FULL_MIX,F_MIX_01111,223.1089342403628,DRUM_SUPPORTED,FULL_MIX_ONLY,[],0
bass,FULL_MIX,F_MIX_01112,223.3643537414966,UNKNOWN,FULL_MIX_ONLY,[],0
bass,FULL_MIX,F_MIX_01113,223.72426303854874,DRUM_SUPPORTED,FULL_MIX_ONLY,[],0
bass,FULL_MIX,F_MIX_01114,224.16544217687076,BASS_AND_DRUM_SUPPORTED,FULL_MIX_AND_STEM_MATCH,"[""BASS_00587""]",1
bass,FULL_MIX,F_MIX_01115,224.45569160997732,DRUM_SUPPORTED,FULL_MIX_ONLY,[],0
bass,FULL_MIX,F_MIX_01116,224.53696145124715,BASS_AND_DRUM_SUPPORTED,FULL_MIX_AND_STEM_MATCH,"[""BASS_00588""]",1
bass,FULL_MIX,F_MIX_01117,224.82721088435375,UNKNOWN,FULL_MIX_ONLY,[],0
bass,FULL_MIX,F_MIX_01118,224.90848072562358,BASS_AND_DRUM_SUPPORTED,FULL_MIX_AND_STEM_MATCH,"[""BASS_00589""]",1
bass,FULL_MIX,F_MIX_01119,225.16390022675736,UNKNOWN,FULL_MIX_ONLY,[],0
bass,FULL_MIX,F_MIX_01120,225.25678004535146,DRUM_SUPPORTED,FULL_MIX_ONLY,[],0
bass,FULL_MIX,F_MIX_01121,225.61668934240362,DRUM_SUPPORTED,FULL_MIX_AND_STEM_MATCH,"[""BASS_00590""]",1
bass,FULL_MIX,F_MIX_01122,225.8721088435374,DRUM_SUPPORTED,FULL_MIX_ONLY,[],0
bass,FULL_MIX,F_MIX_01123,225.98820861678004,DRUM_SUPPORTED,FULL_MIX_AND_STEM_MATCH,"[""BASS_00591""]",1
bass,FULL_MIX,F_MIX_01124,226.23201814058956,DRUM_SUPPORTED,FULL_MIX_ONLY,[],0
bass,FULL_MIX,F_MIX_01125,226.33650793650793,DRUM_SUPPORTED,FULL_MIX_AND_STEM_MATCH,"[""BASS_00592""]",1
bass,FULL_MIX,F_MIX_01126,226.61514739229025,DRUM_SUPPORTED,FULL_MIX_ONLY,[],0
bass,FULL_MIX,F_MIX_01127,226.96344671201814,DRUM_SUPPORTED,FULL_MIX_ONLY,[],0
bass,FULL_MIX,F_MIX_01128,227.07954648526078,DRUM_SUPPORTED,FULL_MIX_ONLY,[],0
bass,FULL_MIX,F_MIX_01129,227.31174603174603,DRUM_SUPPORTED,FULL_MIX_ONLY,[],0
bass,FULL_MIX,F_MIX_01130,227.4162358276644,DRUM_SUPPORTED,FULL_MIX_ONLY,[],0
bass,FULL_MIX,F_MIX_01131,227.6600453514739,UNKNOWN,FULL_MIX_ONLY,[],0
bass,FULL_MIX,F_MIX_01132,227.99673469387756,DRUM_SUPPORTED,FULL_MIX_ONLY,[],0
bass,FULL_MIX,F_MIX_01133,228.37986394557822,DRUM_SUPPORTED,FULL_MIX_ONLY,[],0
bass,FULL_MIX,F_MIX_01134,228.76299319727892,DRUM_SUPPORTED,FULL_MIX_ONLY,[],0
bass,FULL_MIX,F_MIX_01135,228.8907029478458,DRUM_SUPPORTED,FULL_MIX_ONLY,[],0
bass,FULL_MIX,F_MIX_01136,229.13451247165534,DRUM_SUPPORTED,FULL_MIX_ONLY,[],0
bass,FULL_MIX,F_MIX_01137,229.2390022675737,DRUM_SUPPORTED,FULL_MIX_ONLY,[],0
bass,FULL_MIX,F_MIX_01138,229.35510204081632,DRUM_SUPPORTED,FULL_MIX_ONLY,[],0
bass,FULL_MIX,F_MIX_01139,229.48281179138323,DRUM_SUPPORTED,FULL_MIX_ONLY,[],0
bass,FULL_MIX,F_MIX_01140,229.59891156462584,DRUM_SUPPORTED,FULL_MIX_ONLY,[],0
bass,FULL_MIX,F_MIX_01141,229.72662131519274,DRUM_SUPPORTED,FULL_MIX_ONLY,[],0
bass,FULL_MIX,F_MIX_01142,229.8311111111111,DRUM_SUPPORTED,FULL_MIX_ONLY,[],0
bass,FULL_MIX,F_MIX_01143,229.94721088435375,DRUM_SUPPORTED,FULL_MIX_ONLY,[],0
bass,FULL_MIX,F_MIX_01144,231.03854875283446,UNKNOWN,FULL_MIX_ONLY,[],0
bass,FULL_MIX,F_MIX_01145,232.0950566893424,UNKNOWN,FULL_MIX_ONLY,[],0
bass,FULL_MIX,F_MIX_01146,232.21115646258502,DRUM_SUPPORTED,FULL_MIX_ONLY,[],0
bass,FULL_MIX,F_MIX_01147,232.4433560090703,UNKNOWN,FULL_MIX_AND_STEM_MATCH,"[""BASS_00594""]",1
bass,FULL_MIX,F_MIX_01148,232.48979591836735,UNKNOWN,FULL_MIX_ONLY,[],0
bass,FULL_MIX,F_MIX_01149,232.59428571428572,DRUM_SUPPORTED,FULL_MIX_AND_STEM_MATCH,"[""BASS_00595""]",1
bass,FULL_MIX,F_MIX_01150,232.96580498866214,DRUM_SUPPORTED,FULL_MIX_ONLY,[],0
bass,FULL_MIX,F_MIX_01151,233.23283446712017,UNKNOWN,FULL_MIX_AND_STEM_MATCH,"[""BASS_00596""]",1
bass,FULL_MIX,F_MIX_01152,233.33732426303854,DRUM_SUPPORTED,FULL_MIX_AND_STEM_MATCH,"[""BASS_00597""]",1
bass,FULL_MIX,F_MIX_01153,233.534693877551,UNKNOWN,FULL_MIX_ONLY,[],0
bass,FULL_MIX,F_MIX_01154,233.74367346938774,DRUM_SUPPORTED,FULL_MIX_ONLY,[],0
bass,FULL_MIX,F_MIX_01155,233.99909297052153,UNKNOWN,FULL_MIX_ONLY,[],0
bass,FULL_MIX,F_MIX_01156,234.09197278911566,BASS_AND_DRUM_SUPPORTED,FULL_MIX_AND_STEM_MATCH,"[""BASS_00598""]",1
bass,FULL_MIX,F_MIX_01157,234.40544217687074,UNKNOWN,FULL_MIX_ONLY,[],0
bass,FULL_MIX,F_MIX_01158,234.4867120181406,DRUM_SUPPORTED,FULL_MIX_ONLY,[],0
bass,FULL_MIX,F_MIX_01159,234.77696145124716,UNKNOWN,FULL_MIX_ONLY,[],0
bass,FULL_MIX,F_MIX_01160,234.85823129251702,BASS_AND_DRUM_SUPPORTED,FULL_MIX_AND_STEM_MATCH,"[""BASS_00599""]",1
bass,FULL_MIX,F_MIX_01161,235.13687074829932,UNKNOWN,FULL_MIX_ONLY,[],0
bass,FULL_MIX,F_MIX_01162,235.22975056689341,DRUM_SUPPORTED,FULL_MIX_ONLY,[],0
bass,FULL_MIX,F_MIX_01163,235.49678004535147,UNKNOWN,FULL_MIX_ONLY,[],0
bass,FULL_MIX,F_MIX_01164,235.58965986394557,DRUM_SUPPORTED,FULL_MIX_AND_STEM_MATCH,"[""BASS_00600""]",1
bass,FULL_MIX,F_MIX_01165,235.8915192743764,UNKNOWN,FULL_MIX_ONLY,[],0
bass,FULL_MIX,F_MIX_01166,235.98439909297053,DRUM_SUPPORTED,FULL_MIX_ONLY,[],0
bass,FULL_MIX,F_MIX_01167,236.23981859410432,DRUM_SUPPORTED,FULL_MIX_ONLY,[],0
bass,FULL_MIX,F_MIX_01168,236.3443083900227,DRUM_SUPPORTED,FULL_MIX_AND_STEM_MATCH,"[""BASS_00601""]",1
bass,FULL_MIX,F_MIX_01169,236.72743764172336,DRUM_SUPPORTED,FULL_MIX_ONLY,[],0
bass,FULL_MIX,F_MIX_01170,236.87836734693877,UNKNOWN,FULL_MIX_AND_STEM_MATCH,"[""BASS_00602""]",1
bass,FULL_MIX,F_MIX_01171,236.98285714285714,UNKNOWN,FULL_MIX_ONLY,[],0
bass,FULL_MIX,F_MIX_01172,237.06412698412697,DRUM_SUPPORTED,FULL_MIX_ONLY,[],0
bass,FULL_MIX,F_MIX_01173,237.47047619047618,DRUM_SUPPORTED,FULL_MIX_ONLY,[],0
bass,FULL_MIX,F_MIX_01174,237.71428571428572,UNKNOWN,FULL_MIX_AND_STEM_MATCH,"[""BASS_00605""]",1
bass,FULL_MIX,F_MIX_01175,237.83038548752833,BASS_AND_DRUM_SUPPORTED,FULL_MIX_AND_STEM_MATCH,"[""BASS_00606""]",1
bass,FULL_MIX,F_MIX_01176,238.12063492063493,UNKNOWN,FULL_MIX_ONLY,[],0
bass,FULL_MIX,F_MIX_01177,238.5037641723356,UNKNOWN,FULL_MIX_ONLY,[],0
bass,FULL_MIX,F_MIX_01178,238.57342403628118,BASS_AND_DRUM_SUPPORTED,FULL_MIX_ONLY,[],0
bass,FULL_MIX,F_MIX_01179,238.96816326530612,DRUM_SUPPORTED,FULL_MIX_ONLY,[],0
bass,FULL_MIX,F_MIX_01180,239.0378231292517,UNKNOWN,FULL_MIX_ONLY,[],0
bass,FULL_MIX,F_MIX_01181,239.2932426303855,DRUM_SUPPORTED,FULL_MIX_ONLY,[],0
bass,FULL_MIX,F_MIX_01182,239.32807256235827,DRUM_SUPPORTED,FULL_MIX_ONLY,[],0
bass,FULL_MIX,F_MIX_01183,239.52544217687074,UNKNOWN,FULL_MIX_ONLY,[],0
bass,FULL_MIX,F_MIX_01184,239.71120181405897,DRUM_SUPPORTED,FULL_MIX_ONLY,[],0
bass,FULL_MIX,F_MIX_01185,239.978231292517,UNKNOWN,FULL_MIX_AND_STEM_MATCH,"[""BASS_00609""]",1
bass,FULL_MIX,F_MIX_01186,240.0130612244898,UNKNOWN,FULL_MIX_ONLY,[],0
bass,FULL_MIX,F_MIX_01187,240.07111111111112,DRUM_SUPPORTED,FULL_MIX_ONLY,[],0
bass,FULL_MIX,F_MIX_01188,240.37297052154196,UNKNOWN,FULL_MIX_ONLY,[],0
bass,FULL_MIX,F_MIX_01189,240.47746031746033,DRUM_SUPPORTED,FULL_MIX_ONLY,[],0
bass,FULL_MIX,F_MIX_01190,240.7677097505669,UNKNOWN,FULL_MIX_ONLY,[],0
bass,FULL_MIX,F_MIX_01191,240.84897959183672,DRUM_SUPPORTED,FULL_MIX_AND_STEM_MATCH,"[""BASS_00611""]",1
bass,FULL_MIX,F_MIX_01192,241.12761904761905,UNKNOWN,FULL_MIX_ONLY,[],0
bass,FULL_MIX,F_MIX_01193,241.2437188208617,DRUM_SUPPORTED,FULL_MIX_ONLY,[],0
bass,FULL_MIX,F_MIX_01194,241.4875283446712,UNKNOWN,FULL_MIX_ONLY,[],0
bass,FULL_MIX,F_MIX_01195,241.59201814058957,BASS_AND_DRUM_SUPPORTED,FULL_MIX_AND_STEM_MATCH,"[""BASS_00613""]",1
bass,FULL_MIX,F_MIX_01196,241.84743764172336,UNKNOWN,FULL_MIX_ONLY,[],0
bass,FULL_MIX,F_MIX_01197,241.963537414966,DRUM_SUPPORTED,FULL_MIX_ONLY,[],0
bass,FULL_MIX,F_MIX_01198,242.2421768707483,UNKNOWN,FULL_MIX_AND_STEM_MATCH,"[""BASS_00614""]",1
bass,FULL_MIX,F_MIX_01199,242.34666666666666,DRUM_SUPPORTED,FULL_MIX_AND_STEM_MATCH,"[""BASS_00615""]",1
bass,FULL_MIX,F_MIX_01200,242.3931065759637,UNKNOWN,FULL_MIX_ONLY,[],0
bass,FULL_MIX,F_MIX_01201,242.59047619047618,UNKNOWN,FULL_MIX_AND_STEM_MATCH,"[""BASS_00616""]",1
bass,FULL_MIX,F_MIX_01202,242.7181859410431,DRUM_SUPPORTED,FULL_MIX_ONLY,[],0
bass,FULL_MIX,F_MIX_01203,242.98521541950115,UNKNOWN,FULL_MIX_ONLY,[],0
bass,FULL_MIX,F_MIX_01204,243.3683446712018,UNKNOWN,FULL_MIX_ONLY,[],0
bass,FULL_MIX,F_MIX_01205,243.47283446712018,DRUM_SUPPORTED,FULL_MIX_ONLY,[],0
bass,FULL_MIX,F_MIX_01206,243.72825396825397,DRUM_SUPPORTED,FULL_MIX_ONLY,[],0
bass,FULL_MIX,F_MIX_01207,243.85596371882087,DRUM_SUPPORTED,FULL_MIX_ONLY,[],0
bass,FULL_MIX,F_MIX_01208,244.21587301587303,DRUM_SUPPORTED,FULL_MIX_AND_STEM_MATCH,"[""BASS_00617""]",1
bass,FULL_MIX,F_MIX_01209,244.49451247165533,UNKNOWN,FULL_MIX_ONLY,[],0
bass,FULL_MIX,F_MIX_01210,244.99374149659863,DRUM_SUPPORTED,FULL_MIX_ONLY,[],0
bass,FULL_MIX,F_MIX_01211,245.2607709750567,UNKNOWN,FULL_MIX_ONLY,[],0
bass,FULL_MIX,F_MIX_01212,245.3536507936508,DRUM_SUPPORTED,FULL_MIX_ONLY,[],0
bass,FULL_MIX,F_MIX_01213,245.539410430839,UNKNOWN,FULL_MIX_ONLY,[],0
bass,FULL_MIX,F_MIX_01214,245.73678004535148,DRUM_SUPPORTED,FULL_MIX_ONLY,[],0
bass,FULL_MIX,F_MIX_01215,245.99219954648527,DRUM_SUPPORTED,FULL_MIX_ONLY,[],0
bass,FULL_MIX,F_MIX_01216,246.11990929705215,BASS_AND_DRUM_SUPPORTED,FULL_MIX_AND_STEM_MATCH,"[""BASS_00619""]",1
bass,FULL_MIX,F_MIX_01217,246.34049886621315,DRUM_SUPPORTED,FULL_MIX_ONLY,[],0
bass,FULL_MIX,F_MIX_01218,246.50303854875284,DRUM_SUPPORTED,FULL_MIX_ONLY,[],0
bass,FULL_MIX,F_MIX_01219,246.6075283446712,DRUM_SUPPORTED,FULL_MIX_ONLY,[],0
bass,FULL_MIX,F_MIX_01220,246.75845804988663,UNKNOWN,FULL_MIX_AND_STEM_MATCH,"[""BASS_00620""]",1
bass,FULL_MIX,F_MIX_01221,246.83972789115646,BASS_AND_DRUM_SUPPORTED,FULL_MIX_ONLY,[],0
bass,FULL_MIX,F_MIX_01222,247.1067573696145,UNKNOWN,FULL_MIX_AND_STEM_MATCH,"[""BASS_00622""]",1
bass,FULL_MIX,F_MIX_01223,247.2344671201814,DRUM_SUPPORTED,FULL_MIX_ONLY,[],0
bass,FULL_MIX,F_MIX_01224,247.47827664399094,DRUM_SUPPORTED,FULL_MIX_ONLY,[],0
bass,FULL_MIX,F_MIX_01225,247.5827664399093,BASS_AND_DRUM_SUPPORTED,FULL_MIX_AND_STEM_MATCH,"[""BASS_00624""]",1
bass,FULL_MIX,F_MIX_01226,247.9891156462585,DRUM_SUPPORTED,FULL_MIX_ONLY,[],0
bass,FULL_MIX,F_MIX_01227,248.23292517006803,DRUM_SUPPORTED,FULL_MIX_ONLY,[],0
bass,FULL_MIX,F_MIX_01228,248.2677551020408,DRUM_SUPPORTED,FULL_MIX_ONLY,[],0
bass,FULL_MIX,F_MIX_01229,248.3606349206349,BASS_AND_DRUM_SUPPORTED,FULL_MIX_AND_STEM_MATCH,"[""BASS_00625""]",1
bass,FULL_MIX,F_MIX_01230,248.5231746031746,UNKNOWN,FULL_MIX_ONLY,[],0
bass,FULL_MIX,F_MIX_01231,248.7437641723356,DRUM_SUPPORTED,FULL_MIX_ONLY,[],0
bass,FULL_MIX,F_MIX_01232,248.9063038548753,UNKNOWN,FULL_MIX_ONLY,[],0
bass,FULL_MIX,F_MIX_01233,248.9991836734694,DRUM_SUPPORTED,FULL_MIX_AND_STEM_MATCH,"[""BASS_00626""]",1
bass,FULL_MIX,F_MIX_01234,249.11528344671203,BASS_AND_DRUM_SUPPORTED,FULL_MIX_AND_STEM_MATCH,"[""BASS_00627""]",1
bass,FULL_MIX,F_MIX_01235,249.30104308390023,UNKNOWN,FULL_MIX_ONLY,[],0
bass,FULL_MIX,F_MIX_01236,249.3707029478458,DRUM_SUPPORTED,FULL_MIX_ONLY,[],0
bass,FULL_MIX,F_MIX_01237,249.48680272108842,BASS_AND_DRUM_SUPPORTED,FULL_MIX_AND_STEM_MATCH,"[""BASS_00628""]",1
bass,FULL_MIX,F_MIX_01238,249.73061224489797,DRUM_SUPPORTED,FULL_MIX_ONLY,[],0
bass,FULL_MIX,F_MIX_01239,249.83510204081634,DRUM_SUPPORTED,FULL_MIX_ONLY,[],0
bass,FULL_MIX,F_MIX_01240,250.20662131519273,DRUM_SUPPORTED,FULL_MIX_AND_STEM_MATCH,"[""BASS_00630""]",1
bass,FULL_MIX,F_MIX_01241,250.4736507936508,UNKNOWN,FULL_MIX_AND_STEM_MATCH,"[""BASS_00631""]",1
bass,FULL_MIX,F_MIX_01242,250.57814058956916,DRUM_SUPPORTED,FULL_MIX_ONLY,[],0
bass,FULL_MIX,F_MIX_01243,250.88,UNKNOWN,FULL_MIX_ONLY,[],0
bass,FULL_MIX,F_MIX_01244,250.9728798185941,DRUM_SUPPORTED,FULL_MIX_ONLY,[],0
bass,FULL_MIX,F_MIX_01245,251.23990929705215,UNKNOWN,FULL_MIX_ONLY,[],0
bass,FULL_MIX,F_MIX_01246,251.33278911564625,DRUM_SUPPORTED,FULL_MIX_ONLY,[],0
bass,FULL_MIX,F_MIX_01247,251.36761904761906,DRUM_SUPPORTED,FULL_MIX_ONLY,[],0
bass,FULL_MIX,F_MIX_01248,251.71591836734694,DRUM_SUPPORTED,FULL_MIX_ONLY,[],0
bass,FULL_MIX,F_MIX_01249,251.8552380952381,UNKNOWN,FULL_MIX_AND_STEM_MATCH,"[""BASS_00633""]",1
bass,FULL_MIX,F_MIX_01250,251.97133786848073,DRUM_SUPPORTED,FULL_MIX_AND_STEM_MATCH,"[""BASS_00634""]",1
bass,FULL_MIX,F_MIX_01251,252.08743764172337,BASS_AND_DRUM_SUPPORTED,FULL_MIX_AND_STEM_MATCH,"[""BASS_00635""]",1
bass,FULL_MIX,F_MIX_01252,252.2615873015873,DRUM_SUPPORTED,FULL_MIX_AND_STEM_MATCH,"[""BASS_00636""]",1
bass,FULL_MIX,F_MIX_01253,252.45895691609977,DRUM_SUPPORTED,FULL_MIX_ONLY,[],0
bass,FULL_MIX,F_MIX_01254,252.72598639455782,UNKNOWN,FULL_MIX_ONLY,[],0
bass,FULL_MIX,F_MIX_01255,252.81886621315192,DRUM_SUPPORTED,FULL_MIX_ONLY,[],0
bass,FULL_MIX,F_MIX_01256,253.09750566893425,DRUM_SUPPORTED,FULL_MIX_ONLY,[],0
bass,FULL_MIX,F_MIX_01257,253.20199546485262,DRUM_SUPPORTED,FULL_MIX_ONLY,[],0
bass,FULL_MIX,F_MIX_01258,253.56190476190477,DRUM_SUPPORTED,FULL_MIX_ONLY,[],0
bass,FULL_MIX,F_MIX_01259,253.9566439909297,DRUM_SUPPORTED,FULL_MIX_ONLY,[],0
bass,FULL_MIX,F_MIX_01260,254.2120634920635,DRUM_SUPPORTED,FULL_MIX_ONLY,[],0
bass,FULL_MIX,F_MIX_01261,254.33977324263037,DRUM_SUPPORTED,FULL_MIX_ONLY,[],0
bass,FULL_MIX,F_MIX_01262,254.63002267573697,UNKNOWN,FULL_MIX_ONLY,[],0
bass,FULL_MIX,F_MIX_01263,254.69968253968253,DRUM_SUPPORTED,FULL_MIX_ONLY,[],0
bass,FULL_MIX,F_MIX_01264,254.98993197278912,DRUM_SUPPORTED,FULL_MIX_ONLY,[],0
bass,FULL_MIX,F_MIX_01265,255.3730612244898,DRUM_SUPPORTED,FULL_MIX_ONLY,[],0
bass,FULL_MIX,F_MIX_01266,255.4659410430839,DRUM_SUPPORTED,FULL_MIX_ONLY,[],0
bass,FULL_MIX,F_MIX_01267,255.75619047619048,UNKNOWN,FULL_MIX_ONLY,[],0
bass,FULL_MIX,F_MIX_01268,255.8374603174603,DRUM_SUPPORTED,FULL_MIX_ONLY,[],0
bass,FULL_MIX,F_MIX_01269,256.1857596371882,DRUM_SUPPORTED,FULL_MIX_AND_STEM_MATCH,"[""BASS_00638""]",1
bass,FULL_MIX,F_MIX_01270,256.24380952380955,DRUM_SUPPORTED,FULL_MIX_ONLY,[],0
bass,FULL_MIX,F_MIX_01271,256.5921088435374,DRUM_SUPPORTED,FULL_MIX_AND_STEM_MATCH,"[""BASS_00639""]",1
bass,FULL_MIX,F_MIX_01272,256.6269387755102,DRUM_SUPPORTED,FULL_MIX_ONLY,[],0
bass,FULL_MIX,F_MIX_01273,256.6965986394558,UNKNOWN,FULL_MIX_ONLY,[],0
bass,FULL_MIX,F_MIX_01274,256.97523809523807,DRUM_SUPPORTED,FULL_MIX_ONLY,[],0
bass,FULL_MIX,F_MIX_01275,257.3583673469388,DRUM_SUPPORTED,FULL_MIX_ONLY,[],0
bass,FULL_MIX,F_MIX_01276,257.39319727891154,DRUM_SUPPORTED,FULL_MIX_AND_STEM_MATCH,"[""BASS_00640""]",1
bass,FULL_MIX,F_MIX_01277,257.7298866213152,DRUM_SUPPORTED,FULL_MIX_AND_STEM_MATCH,"[""BASS_00641""]",1
bass,FULL_MIX,F_MIX_01278,258.02013605442176,DRUM_SUPPORTED,FULL_MIX_AND_STEM_MATCH,"[""BASS_00642""]",1
bass,FULL_MIX,F_MIX_01279,258.0781859410431,UNKNOWN,FULL_MIX_ONLY,[],0
bass,FULL_MIX,F_MIX_01280,258.4497052154195,DRUM_SUPPORTED,FULL_MIX_ONLY,[],0
bass,FULL_MIX,F_MIX_01281,258.4845351473923,DRUM_SUPPORTED,FULL_MIX_AND_STEM_MATCH,"[""BASS_00644""]",1
bass,FULL_MIX,F_MIX_01282,258.7631746031746,UNKNOWN,FULL_MIX_ONLY,[],0
bass,FULL_MIX,F_MIX_01283,258.83283446712016,DRUM_SUPPORTED,FULL_MIX_ONLY,[],0
bass,FULL_MIX,F_MIX_01284,259.12308390022673,UNKNOWN,FULL_MIX_ONLY,[],0
bass,FULL_MIX,F_MIX_01285,259.2043537414966,DRUM_SUPPORTED,FULL_MIX_ONLY,[],0
bass,FULL_MIX,F_MIX_01286,259.4946031746032,DRUM_SUPPORTED,FULL_MIX_ONLY,[],0
bass,FULL_MIX,F_MIX_01287,259.575873015873,DRUM_SUPPORTED,FULL_MIX_ONLY,[],0
bass,FULL_MIX,F_MIX_01288,259.7616326530612,UNKNOWN,FULL_MIX_ONLY,[],0
bass,FULL_MIX,F_MIX_01289,259.8545124716553,DRUM_SUPPORTED,FULL_MIX_ONLY,[],0
bass,FULL_MIX,F_MIX_01290,259.9473922902494,DRUM_SUPPORTED,FULL_MIX_ONLY,[],0
bass,FULL_MIX,F_MIX_01291,260.23764172335603,UNKNOWN,FULL_MIX_ONLY,[],0
bass,FULL_MIX,F_MIX_01292,260.3073015873016,DRUM_SUPPORTED,FULL_MIX_ONLY,[],0
bass,FULL_MIX,F_MIX_01293,260.59755102040816,UNKNOWN,FULL_MIX_ONLY,[],0
bass,FULL_MIX,F_MIX_01294,260.678820861678,DRUM_SUPPORTED,FULL_MIX_ONLY,[],0
bass,FULL_MIX,F_MIX_01295,260.9806802721088,DRUM_SUPPORTED,FULL_MIX_ONLY,[],0
bass,FULL_MIX,F_MIX_01296,261.05034013605444,DRUM_SUPPORTED,FULL_MIX_ONLY,[],0
bass,FULL_MIX,F_MIX_01297,261.0851700680272,DRUM_SUPPORTED,FULL_MIX_AND_STEM_MATCH,"[""BASS_00651""]",1
bass,FULL_MIX,F_MIX_01298,261.41024943310657,DRUM_SUPPORTED,FULL_MIX_ONLY,[],0
bass,FULL_MIX,F_MIX_01299,261.70049886621314,UNKNOWN,FULL_MIX_ONLY,[],0
bass,FULL_MIX,F_MIX_01300,261.77015873015876,DRUM_SUPPORTED,FULL_MIX_ONLY,[],0
bass,FULL_MIX,F_MIX_01301,261.9675283446712,UNKNOWN,FULL_MIX_ONLY,[],0
bass,FULL_MIX,F_MIX_01302,262.04879818594105,DRUM_SUPPORTED,FULL_MIX_ONLY,[],0
bass,FULL_MIX,F_MIX_01303,262.32743764172335,UNKNOWN,FULL_MIX_ONLY,[],0
bass,FULL_MIX,F_MIX_01304,262.443537414966,UNKNOWN,FULL_MIX_ONLY,[],0
bass,FULL_MIX,F_MIX_01305,262.51319727891155,DRUM_SUPPORTED,FULL_MIX_AND_STEM_MATCH,"[""BASS_00655""]",1
bass,FULL_MIX,F_MIX_01306,262.78022675736963,UNKNOWN,FULL_MIX_ONLY,[],0
bass,FULL_MIX,F_MIX_01307,262.884716553288,DRUM_SUPPORTED,FULL_MIX_ONLY,[],0
bass,FULL_MIX,F_MIX_01308,263.15174603174603,DRUM_SUPPORTED,FULL_MIX_ONLY,[],0
bass,FULL_MIX,F_MIX_01309,263.5232653061224,DRUM_SUPPORTED,FULL_MIX_ONLY,[],0
bass,FULL_MIX,F_MIX_01310,263.6161451247166,DRUM_SUPPORTED,FULL_MIX_AND_STEM_MATCH,"[""BASS_00658""]",1
bass,FULL_MIX,F_MIX_01311,263.8831746031746,DRUM_SUPPORTED,FULL_MIX_AND_STEM_MATCH,"[""BASS_00659""]",1
bass,FULL_MIX,F_MIX_01312,264.3243537414966,DRUM_SUPPORTED,FULL_MIX_AND_STEM_MATCH,"[""BASS_00661""]",1
bass,FULL_MIX,F_MIX_01313,264.59138321995465,UNKNOWN,FULL_MIX_ONLY,[],0
bass,FULL_MIX,F_MIX_01314,264.695873015873,DRUM_SUPPORTED,FULL_MIX_AND_STEM_MATCH,"[""BASS_00662""]",1
bass,FULL_MIX,F_MIX_01315,264.96290249433105,DRUM_SUPPORTED,FULL_MIX_ONLY,[],0
bass,FULL_MIX,F_MIX_01316,265.05578231292515,DRUM_SUPPORTED,FULL_MIX_AND_STEM_MATCH,"[""BASS_00663""]",1
bass,FULL_MIX,F_MIX_01317,265.31120181405896,DRUM_SUPPORTED,FULL_MIX_ONLY,[],0
bass,FULL_MIX,F_MIX_01318,265.41569160997733,DRUM_SUPPORTED,FULL_MIX_AND_STEM_MATCH,"[""BASS_00664""]",1
bass,FULL_MIX,F_MIX_01319,265.6711111111111,DRUM_SUPPORTED,FULL_MIX_ONLY,[],0
bass,FULL_MIX,F_MIX_01320,265.7872108843537,DRUM_SUPPORTED,FULL_MIX_ONLY,[],0
bass,FULL_MIX,F_MIX_01321,266.0310204081633,DRUM_SUPPORTED,FULL_MIX_AND_STEM_MATCH,"[""BASS_00665""]",1
bass,FULL_MIX,F_MIX_01322,266.13551020408164,DRUM_SUPPORTED,FULL_MIX_ONLY,[],0
bass,FULL_MIX,F_MIX_01323,266.40253968253967,DRUM_SUPPORTED,FULL_MIX_ONLY,[],0
bass,FULL_MIX,F_MIX_01324,266.5302494331066,DRUM_SUPPORTED,FULL_MIX_ONLY,[],0
bass,FULL_MIX,F_MIX_01325,266.7740589569161,UNKNOWN,FULL_MIX_AND_STEM_MATCH,"[""BASS_00667""]",1
bass,FULL_MIX,F_MIX_01326,266.8785487528345,DRUM_SUPPORTED,FULL_MIX_ONLY,[],0
bass,FULL_MIX,F_MIX_01327,267.1455782312925,DRUM_SUPPORTED,FULL_MIX_AND_STEM_MATCH,"[""BASS_00669""]",1
bass,FULL_MIX,F_MIX_01328,267.2732879818594,DRUM_SUPPORTED,FULL_MIX_ONLY,[],0
bass,FULL_MIX,F_MIX_01329,267.50548752834464,DRUM_SUPPORTED,FULL_MIX_ONLY,[],0
bass,FULL_MIX,F_MIX_01330,267.6215873015873,DRUM_SUPPORTED,FULL_MIX_ONLY,[],0
bass,FULL_MIX,F_MIX_01331,267.8770068027211,DRUM_SUPPORTED,FULL_MIX_AND_STEM_MATCH,"[""BASS_00670""]",1
bass,FULL_MIX,F_MIX_01332,268.35301587301586,UNKNOWN,FULL_MIX_AND_STEM_MATCH,"[""BASS_00672""]",1
bass,FULL_MIX,F_MIX_01333,268.62004535147395,UNKNOWN,FULL_MIX_ONLY,[],0
bass,FULL_MIX,F_MIX_01334,268.73614512471653,DRUM_SUPPORTED,FULL_MIX_ONLY,[],0
bass,FULL_MIX,F_MIX_01335,269.04961451247163,UNKNOWN,FULL_MIX_ONLY,[],0
bass,FULL_MIX,F_MIX_01336,269.107664399093,DRUM_SUPPORTED,FULL_MIX_AND_STEM_MATCH,"[""BASS_00673""]",1
bass,FULL_MIX,F_MIX_01337,269.5140136054422,DRUM_SUPPORTED,FULL_MIX_ONLY,[],0
bass,FULL_MIX,F_MIX_01338,269.7229931972789,UNKNOWN,FULL_MIX_AND_STEM_MATCH,"[""BASS_00674""]",1
bass,FULL_MIX,F_MIX_01339,269.7926530612245,UNKNOWN,FULL_MIX_ONLY,[],0
bass,FULL_MIX,F_MIX_01340,269.8855328798186,DRUM_SUPPORTED,FULL_MIX_ONLY,[],0
bass,FULL_MIX,F_MIX_01341,270.02485260770976,UNKNOWN,FULL_MIX_ONLY,[],0
bass,FULL_MIX,F_MIX_01342,270.17578231292515,UNKNOWN,FULL_MIX_ONLY,[],0
bass,FULL_MIX,F_MIX_01343,270.2802721088435,DRUM_SUPPORTED,FULL_MIX_ONLY,[],0
bass,FULL_MIX,F_MIX_01344,270.43120181405897,UNKNOWN,FULL_MIX_ONLY,[],0
bass,FULL_MIX,F_MIX_01345,270.52408163265306,BASS_SUPPORTED,FULL_MIX_AND_STEM_MATCH,"[""BASS_00675""]",1
bass,FULL_MIX,F_MIX_01346,270.65179138322,DRUM_SUPPORTED,FULL_MIX_AND_STEM_MATCH,"[""BASS_00676""]",1
bass,FULL_MIX,F_MIX_01347,270.8607709750567,BASS_AND_DRUM_SUPPORTED,FULL_MIX_AND_STEM_MATCH,"[""BASS_00677""]",1
bass,FULL_MIX,F_MIX_01348,271.11619047619047,DRUM_SUPPORTED,FULL_MIX_ONLY,[],0
bass,FULL_MIX,F_MIX_01349,271.2671201814059,UNKNOWN,FULL_MIX_ONLY,[],0
bass,FULL_MIX,F_MIX_01350,271.36,BASS_AND_DRUM_SUPPORTED,FULL_MIX_ONLY,[],0
bass,FULL_MIX,F_MIX_01351,271.75473922902495,DRUM_SUPPORTED,FULL_MIX_ONLY,[],0
bass,FULL_MIX,F_MIX_01352,272.0101587301587,DRUM_SUPPORTED,FULL_MIX_ONLY,[],0
bass,FULL_MIX,F_MIX_01353,272.1146485260771,BASS_AND_DRUM_SUPPORTED,FULL_MIX_ONLY,[],0
bass,FULL_MIX,F_MIX_01354,272.19591836734696,UNKNOWN,FULL_MIX_AND_STEM_MATCH,"[""BASS_00678""]",1
bass,FULL_MIX,F_MIX_01355,272.5209977324263,DRUM_SUPPORTED,FULL_MIX_ONLY,[],0
bass,FULL_MIX,F_MIX_01356,272.78802721088437,DRUM_SUPPORTED,FULL_MIX_ONLY,[],0
bass,FULL_MIX,F_MIX_01357,272.89251700680273,BASS_AND_DRUM_SUPPORTED,FULL_MIX_AND_STEM_MATCH,"[""BASS_00679""]",1
bass,FULL_MIX,F_MIX_01358,273.26403628117913,BASS_AND_DRUM_SUPPORTED,FULL_MIX_AND_STEM_MATCH,"[""BASS_00680""]",1
bass,FULL_MIX,F_MIX_01359,273.5078458049887,DRUM_SUPPORTED,FULL_MIX_ONLY,[],0
bass,FULL_MIX,F_MIX_01360,273.6239455782313,BASS_AND_DRUM_SUPPORTED,FULL_MIX_ONLY,[],0
bass,FULL_MIX,F_MIX_01361,273.89097505668934,BASS_AND_DRUM_SUPPORTED,FULL_MIX_AND_STEM_MATCH,"[""BASS_00682""]",1
bass,FULL_MIX,F_MIX_01362,274.007074829932,BASS_AND_DRUM_SUPPORTED,FULL_MIX_AND_STEM_MATCH,"[""BASS_00683""]",1
bass,FULL_MIX,F_MIX_01363,274.27410430839,UNKNOWN,FULL_MIX_ONLY,[],0
bass,FULL_MIX,F_MIX_01364,274.35537414965984,BASS_AND_DRUM_SUPPORTED,FULL_MIX_AND_STEM_MATCH,"[""BASS_00684""]",1
bass,FULL_MIX,F_MIX_01365,274.75011337868483,DRUM_SUPPORTED,FULL_MIX_ONLY,[],0
bass,FULL_MIX,F_MIX_01366,275.01714285714286,UNKNOWN,FULL_MIX_ONLY,[],0
bass,FULL_MIX,F_MIX_01367,275.1216326530612,BASS_AND_DRUM_SUPPORTED,FULL_MIX_AND_STEM_MATCH,"[""BASS_00685""]",1
bass,FULL_MIX,F_MIX_01368,275.1796825396825,UNKNOWN,FULL_MIX_ONLY,[],0
bass,FULL_MIX,F_MIX_01369,275.51637188208616,DRUM_SUPPORTED,FULL_MIX_ONLY,[],0
bass,FULL_MIX,F_MIX_01370,275.79501133786846,UNKNOWN,FULL_MIX_ONLY,[],0
bass,FULL_MIX,F_MIX_01371,275.8995011337868,BASS_AND_DRUM_SUPPORTED,FULL_MIX_AND_STEM_MATCH,"[""BASS_00686""]",1
bass,FULL_MIX,F_MIX_01372,276.259410430839,DRUM_SUPPORTED,FULL_MIX_ONLY,[],0
bass,FULL_MIX,F_MIX_01373,276.52643990929704,UNKNOWN,FULL_MIX_ONLY,[],0
bass,FULL_MIX,F_MIX_01374,276.6309297052154,BASS_AND_DRUM_SUPPORTED,FULL_MIX_AND_STEM_MATCH,"[""BASS_00687""]",1
bass,FULL_MIX,F_MIX_01375,276.9095691609977,DRUM_SUPPORTED,FULL_MIX_ONLY,[],0
bass,FULL_MIX,F_MIX_01376,277.0140589569161,DRUM_SUPPORTED,FULL_MIX_ONLY,[],0
bass,FULL_MIX,F_MIX_01377,277.2694784580499,DRUM_SUPPORTED,FULL_MIX_ONLY,[],0
bass,FULL_MIX,F_MIX_01378,277.362358276644,BASS_AND_DRUM_SUPPORTED,FULL_MIX_AND_STEM_MATCH,"[""BASS_00688""]",1
bass,FULL_MIX,F_MIX_01379,277.74548752834465,DRUM_SUPPORTED,FULL_MIX_ONLY,[],0
bass,FULL_MIX,F_MIX_01380,278.00090702947847,UNKNOWN,FULL_MIX_AND_STEM_MATCH,"[""BASS_00689""]",1
bass,FULL_MIX,F_MIX_01381,278.10539682539684,DRUM_SUPPORTED,FULL_MIX_AND_STEM_MATCH,"[""BASS_00690""]",1
bass,FULL_MIX,F_MIX_01382,278.4885260770975,DRUM_SUPPORTED,FULL_MIX_ONLY,[],0
bass,FULL_MIX,F_MIX_01383,278.7439455782313,DRUM_SUPPORTED,FULL_MIX_ONLY,[],0
bass,FULL_MIX,F_MIX_01384,278.8484353741497,BASS_AND_DRUM_SUPPORTED,FULL_MIX_AND_STEM_MATCH,"[""BASS_00691""]",1
bass,FULL_MIX,F_MIX_01385,279.1154648526077,UNKNOWN,FULL_MIX_ONLY,[],0
bass,FULL_MIX,F_MIX_01386,279.23156462585035,DRUM_SUPPORTED,FULL_MIX_ONLY,[],0
bass,FULL_MIX,F_MIX_01387,279.4869841269841,UNKNOWN,FULL_MIX_ONLY,[],0
bass,FULL_MIX,F_MIX_01388,279.5798639455782,DRUM_SUPPORTED,FULL_MIX_ONLY,[],0
bass,FULL_MIX,F_MIX_01389,279.8468934240363,UNKNOWN,FULL_MIX_ONLY,[],0
bass,FULL_MIX,F_MIX_01390,279.97460317460315,DRUM_SUPPORTED,FULL_MIX_AND_STEM_MATCH,"[""BASS_00693""]",1
bass,FULL_MIX,F_MIX_01391,280.2532426303855,UNKNOWN,FULL_MIX_AND_STEM_MATCH,"[""BASS_00694""]",1
bass,FULL_MIX,F_MIX_01392,280.3112925170068,DRUM_SUPPORTED,FULL_MIX_ONLY,[],0
bass,FULL_MIX,F_MIX_01393,280.7060317460317,DRUM_SUPPORTED,FULL_MIX_AND_STEM_MATCH,"[""BASS_00696""]",1
bass,FULL_MIX,F_MIX_01394,281.0659410430839,DRUM_SUPPORTED,FULL_MIX_ONLY,[],0
bass,FULL_MIX,F_MIX_01395,281.2633106575964,UNKNOWN,FULL_MIX_ONLY,[],0
bass,FULL_MIX,F_MIX_01396,281.4374603174603,DRUM_SUPPORTED,FULL_MIX_ONLY,[],0
bass,FULL_MIX,F_MIX_01397,281.7625396825397,UNKNOWN,FULL_MIX_ONLY,[],0
bass,FULL_MIX,F_MIX_01398,281.80897959183676,DRUM_SUPPORTED,FULL_MIX_ONLY,[],0
bass,FULL_MIX,F_MIX_01399,282.18049886621316,DRUM_SUPPORTED,FULL_MIX_ONLY,[],0
bass,FULL_MIX,F_MIX_01400,282.5404081632653,DRUM_SUPPORTED,FULL_MIX_ONLY,[],0
bass,FULL_MIX,F_MIX_01401,282.8538775510204,UNKNOWN,FULL_MIX_ONLY,[],0
bass,FULL_MIX,F_MIX_01402,282.91192743764174,DRUM_SUPPORTED,FULL_MIX_ONLY,[],0
bass,FULL_MIX,F_MIX_01403,283.17895691609976,UNKNOWN,FULL_MIX_ONLY,[],0
bass,FULL_MIX,F_MIX_01404,283.2137868480726,UNKNOWN,FULL_MIX_ONLY,[],0
bass,FULL_MIX,F_MIX_01405,283.2950566893424,BASS_AND_DRUM_SUPPORTED,FULL_MIX_ONLY,[],0
bass,FULL_MIX,F_MIX_01406,283.4227664399093,UNKNOWN,FULL_MIX_ONLY,[],0
bass,FULL_MIX,F_MIX_01407,283.58530612244897,UNKNOWN,FULL_MIX_ONLY,[],0
bass,FULL_MIX,F_MIX_01408,283.6433560090703,BASS_AND_DRUM_SUPPORTED,FULL_MIX_ONLY,[],0
bass,FULL_MIX,F_MIX_01409,283.9568253968254,UNKNOWN,FULL_MIX_ONLY,[],0
bass,FULL_MIX,F_MIX_01410,284.0148752834467,BASS_AND_DRUM_SUPPORTED,FULL_MIX_ONLY,[],0
bass,FULL_MIX,F_MIX_01411,284.3051247165533,UNKNOWN,FULL_MIX_ONLY,[],0
bass,FULL_MIX,F_MIX_01412,284.3863945578231,BASS_AND_DRUM_SUPPORTED,FULL_MIX_ONLY,[],0
bass,FULL_MIX,F_MIX_01413,284.67664399092973,UNKNOWN,FULL_MIX_ONLY,[],0
bass,FULL_MIX,F_MIX_01414,284.7463038548753,BASS_AND_DRUM_SUPPORTED,FULL_MIX_ONLY,[],0
bass,FULL_MIX,F_MIX_01415,285.0597732426304,DRUM_SUPPORTED,FULL_MIX_ONLY,[],0
bass,FULL_MIX,F_MIX_01416,285.1062131519274,DRUM_SUPPORTED,FULL_MIX_AND_STEM_MATCH,"[""BASS_00702""]",1
bass,FULL_MIX,F_MIX_01417,285.4777324263039,DRUM_SUPPORTED,FULL_MIX_ONLY,[],0
bass,FULL_MIX,F_MIX_01418,285.75637188208617,UNKNOWN,FULL_MIX_AND_STEM_MATCH,"[""BASS_00704""]",1
bass,FULL_MIX,F_MIX_01419,285.84925170068027,DRUM_SUPPORTED,FULL_MIX_AND_STEM_MATCH,"[""BASS_00705""]",1
bass,FULL_MIX,F_MIX_01420,286.20916099773245,DRUM_SUPPORTED,FULL_MIX_AND_STEM_MATCH,"[""BASS_00706""]",1
bass,FULL_MIX,F_MIX_01421,286.2556009070295,UNKNOWN,FULL_MIX_ONLY,[],0
bass,FULL_MIX,F_MIX_01422,286.5690702947846,DRUM_SUPPORTED,FULL_MIX_AND_STEM_MATCH,"[""BASS_00707""]",1
bass,FULL_MIX,F_MIX_01423,286.85931972789115,UNKNOWN,FULL_MIX_ONLY,[],0
bass,FULL_MIX,F_MIX_01424,286.940589569161,DRUM_SUPPORTED,FULL_MIX_AND_STEM_MATCH,"[""BASS_00708""]",1
bass,FULL_MIX,F_MIX_01425,287.0915192743764,UNKNOWN,FULL_MIX_ONLY,[],0
bass,FULL_MIX,F_MIX_01426,287.2888888888889,DRUM_SUPPORTED,FULL_MIX_AND_STEM_MATCH,"[""BASS_00711""]",1
bass,FULL_MIX,F_MIX_01427,287.3237188208617,DRUM_SUPPORTED,FULL_MIX_ONLY,[],0
bass,FULL_MIX,F_MIX_01428,287.67201814058956,DRUM_SUPPORTED,FULL_MIX_AND_STEM_MATCH,"[""BASS_00712""]",1
bass,FULL_MIX,F_MIX_01429,288.0203174603175,DRUM_SUPPORTED,FULL_MIX_ONLY,[],0
bass,FULL_MIX,F_MIX_01430,288.3802267573696,DRUM_SUPPORTED,FULL_MIX_AND_STEM_MATCH,"[""BASS_00714""]",1
bass,FULL_MIX,F_MIX_01431,288.57759637188207,UNKNOWN,FULL_MIX_ONLY,[],0
bass,FULL_MIX,F_MIX_01432,288.68208616780043,UNKNOWN,FULL_MIX_ONLY,[],0
bass,FULL_MIX,F_MIX_01433,288.7401360544218,DRUM_SUPPORTED,FULL_MIX_AND_STEM_MATCH,"[""BASS_00715""]",1
bass,FULL_MIX,F_MIX_01434,289.0187755102041,DRUM_SUPPORTED,FULL_MIX_ONLY,[],0
bass,FULL_MIX,F_MIX_01435,289.40190476190475,UNKNOWN,FULL_MIX_ONLY,[],0
bass,FULL_MIX,F_MIX_01436,289.47156462585036,DRUM_SUPPORTED,FULL_MIX_ONLY,[],0
bass,FULL_MIX,F_MIX_01437,289.75020408163266,UNKNOWN,FULL_MIX_ONLY,[],0
bass,FULL_MIX,F_MIX_01438,289.84308390022676,DRUM_SUPPORTED,FULL_MIX_ONLY,[],0
bass,FULL_MIX,F_MIX_01439,290.12172335600906,UNKNOWN,FULL_MIX_ONLY,[],0
bass,FULL_MIX,F_MIX_01440,290.1913832199547,DRUM_SUPPORTED,FULL_MIX_ONLY,[],0
bass,FULL_MIX,F_MIX_01441,290.4932426303855,DRUM_SUPPORTED,FULL_MIX_ONLY,[],0
bass,FULL_MIX,F_MIX_01442,290.57451247165534,DRUM_SUPPORTED,FULL_MIX_AND_STEM_MATCH,"[""BASS_00717""]",1
bass,FULL_MIX,F_MIX_01443,290.9228117913832,DRUM_SUPPORTED,FULL_MIX_ONLY,[],0
bass,FULL_MIX,F_MIX_01444,291.29433106575965,DRUM_SUPPORTED,FULL_MIX_ONLY,[],0
bass,FULL_MIX,F_MIX_01445,291.57297052154195,UNKNOWN,FULL_MIX_ONLY,[],0
bass,FULL_MIX,F_MIX_01446,291.6542403628118,DRUM_SUPPORTED,FULL_MIX_AND_STEM_MATCH,"[""BASS_00719""]",1
bass,FULL_MIX,F_MIX_01447,291.94448979591834,UNKNOWN,FULL_MIX_ONLY,[],0
bass,FULL_MIX,F_MIX_01448,292.02575963718823,DRUM_SUPPORTED,FULL_MIX_ONLY,[],0
bass,FULL_MIX,F_MIX_01449,292.3972789115646,DRUM_SUPPORTED,FULL_MIX_AND_STEM_MATCH,"[""BASS_00720""]",1
bass,FULL_MIX,F_MIX_01450,292.6875283446712,DRUM_SUPPORTED,FULL_MIX_ONLY,[],0
bass,FULL_MIX,F_MIX_01451,292.768798185941,DRUM_SUPPORTED,FULL_MIX_AND_STEM_MATCH,"[""BASS_00721""]",1
bass,FULL_MIX,F_MIX_01452,293.0358276643991,UNKNOWN,FULL_MIX_ONLY,[],0
bass,FULL_MIX,F_MIX_01453,293.1287074829932,DRUM_SUPPORTED,FULL_MIX_ONLY,[],0
bass,FULL_MIX,F_MIX_01454,293.4073469387755,UNKNOWN,FULL_MIX_ONLY,[],0
bass,FULL_MIX,F_MIX_01455,293.48861678004533,DRUM_SUPPORTED,FULL_MIX_ONLY,[],0
bass,FULL_MIX,F_MIX_01456,293.8485260770975,DRUM_SUPPORTED,FULL_MIX_AND_STEM_MATCH,"[""BASS_00723""]",1
bass,FULL_MIX,F_MIX_01457,294.11555555555555,UNKNOWN,FULL_MIX_AND_STEM_MATCH,"[""BASS_00725""]",1
bass,FULL_MIX,F_MIX_01458,294.2200453514739,DRUM_SUPPORTED,FULL_MIX_AND_STEM_MATCH,"[""BASS_00726""]",1
bass,FULL_MIX,F_MIX_01459,294.46385487528346,UNKNOWN,FULL_MIX_ONLY,[],0
bass,FULL_MIX,F_MIX_01460,294.5799546485261,DRUM_SUPPORTED,FULL_MIX_AND_STEM_MATCH,"[""BASS_00727""]",1
bass,FULL_MIX,F_MIX_01461,294.8585941043084,DRUM_SUPPORTED,FULL_MIX_ONLY,[],0
bass,FULL_MIX,F_MIX_01462,294.9514739229025,DRUM_SUPPORTED,FULL_MIX_AND_STEM_MATCH,"[""BASS_00728""]",1
bass,FULL_MIX,F_MIX_01463,295.3229931972789,BASS_AND_DRUM_SUPPORTED,FULL_MIX_ONLY,[],0
bass,FULL_MIX,F_MIX_01464,295.47392290249434,UNKNOWN,FULL_MIX_ONLY,[],0
bass,FULL_MIX,F_MIX_01465,295.6712925170068,BASS_AND_DRUM_SUPPORTED,FULL_MIX_ONLY,[],0
bass,FULL_MIX,F_MIX_01466,295.7177324263039,UNKNOWN,FULL_MIX_ONLY,[],0
bass,FULL_MIX,F_MIX_01467,296.03120181405893,BASS_AND_DRUM_SUPPORTED,FULL_MIX_AND_STEM_MATCH,"[""BASS_00732""]",1
bass,FULL_MIX,F_MIX_01468,296.32145124716556,UNKNOWN,FULL_MIX_ONLY,[],0
bass,FULL_MIX,F_MIX_01469,296.41433106575965,DRUM_SUPPORTED,FULL_MIX_AND_STEM_MATCH,"[""BASS_00733""]",1
bass,FULL_MIX,F_MIX_01470,296.7742403628118,BASS_AND_DRUM_SUPPORTED,FULL_MIX_AND_STEM_MATCH,"[""BASS_00734""]",1
bass,FULL_MIX,F_MIX_01471,297.0528798185941,DRUM_SUPPORTED,FULL_MIX_AND_STEM_MATCH,"[""BASS_00735""]",1
bass,FULL_MIX,F_MIX_01472,297.13414965986397,DRUM_SUPPORTED,FULL_MIX_AND_STEM_MATCH,"[""BASS_00736""]",1
bass,FULL_MIX,F_MIX_01473,297.44761904761907,DRUM_SUPPORTED,FULL_MIX_ONLY,[],0
bass,FULL_MIX,F_MIX_01474,297.4940589569161,DRUM_SUPPORTED,FULL_MIX_ONLY,[],0
bass,FULL_MIX,F_MIX_01475,297.6565986394558,UNKNOWN,FULL_MIX_AND_STEM_MATCH,"[""BASS_00738""]",1
bass,FULL_MIX,F_MIX_01476,297.7146485260771,UNKNOWN,FULL_MIX_ONLY,[],0
bass,FULL_MIX,F_MIX_01477,297.7610884353742,UNKNOWN,FULL_MIX_ONLY,[],0
bass,FULL_MIX,F_MIX_01478,298.23709750566894,DRUM_SUPPORTED,FULL_MIX_AND_STEM_MATCH,"[""BASS_00739""]",1
bass,FULL_MIX,F_MIX_01479,298.5273469387755,UNKNOWN,FULL_MIX_ONLY,[],0
bass,FULL_MIX,F_MIX_01480,298.6202267573696,BASS_AND_DRUM_SUPPORTED,FULL_MIX_ONLY,[],0
bass,FULL_MIX,F_MIX_01481,298.9104761904762,UNKNOWN,FULL_MIX_ONLY,[],0
bass,FULL_MIX,F_MIX_01482,298.9685260770975,DRUM_SUPPORTED,FULL_MIX_ONLY,[],0
bass,FULL_MIX,F_MIX_01483,299.2587755102041,DRUM_SUPPORTED,FULL_MIX_ONLY,[],0
bass,FULL_MIX,F_MIX_01484,299.3400453514739,BASS_AND_DRUM_SUPPORTED,FULL_MIX_ONLY,[],0
bass,FULL_MIX,F_MIX_01485,299.4097052154195,UNKNOWN,FULL_MIX_ONLY,[],0
bass,FULL_MIX,F_MIX_01486,299.6651247165533,DRUM_SUPPORTED,FULL_MIX_ONLY,[],0
bass,FULL_MIX,F_MIX_01487,299.6999546485261,BASS_AND_DRUM_SUPPORTED,FULL_MIX_ONLY,[],0
bass,FULL_MIX,F_MIX_01488,300.0714739229025,DRUM_SUPPORTED,FULL_MIX_AND_STEM_MATCH,"[""BASS_00743""]",1
bass,FULL_MIX,F_MIX_01489,300.3501133786848,UNKNOWN,FULL_MIX_ONLY,[],0
bass,FULL_MIX,F_MIX_01490,300.3849433106576,DRUM_SUPPORTED,FULL_MIX_ONLY,[],0
bass,FULL_MIX,F_MIX_01491,300.4313832199546,DRUM_SUPPORTED,FULL_MIX_ONLY,[],0
bass,FULL_MIX,F_MIX_01492,300.72163265306125,UNKNOWN,FULL_MIX_ONLY,[],0
bass,FULL_MIX,F_MIX_01493,300.756462585034,DRUM_SUPPORTED,FULL_MIX_ONLY,[],0
bass,FULL_MIX,F_MIX_01494,300.81451247165535,DRUM_SUPPORTED,FULL_MIX_AND_STEM_MATCH,"[""BASS_00744""]",1
bass,FULL_MIX,F_MIX_01495,300.8493424036281,UNKNOWN,FULL_MIX_ONLY,[],0
bass,FULL_MIX,F_MIX_01496,301.1047619047619,UNKNOWN,FULL_MIX_ONLY,[],0
bass,FULL_MIX,F_MIX_01497,301.1628117913832,DRUM_SUPPORTED,FULL_MIX_ONLY,[],0
bass,FULL_MIX,F_MIX_01498,301.44145124716556,UNKNOWN,FULL_MIX_ONLY,[],0
bass,FULL_MIX,F_MIX_01499,301.53433106575966,DRUM_SUPPORTED,FULL_MIX_AND_STEM_MATCH,"[""BASS_00745""]",1
bass,FULL_MIX,F_MIX_01500,301.8942403628118,DRUM_SUPPORTED,FULL_MIX_ONLY,[],0
bass,FULL_MIX,F_MIX_01501,302.1960997732426,UNKNOWN,FULL_MIX_ONLY,[],0
bass,FULL_MIX,F_MIX_01502,302.25414965986397,DRUM_SUPPORTED,FULL_MIX_ONLY,[],0
bass,FULL_MIX,F_MIX_01503,302.53278911564627,UNKNOWN,FULL_MIX_ONLY,[],0
bass,FULL_MIX,F_MIX_01504,302.62566893424037,DRUM_SUPPORTED,FULL_MIX_ONLY,[],0
bass,FULL_MIX,F_MIX_01505,302.9855782312925,DRUM_SUPPORTED,FULL_MIX_AND_STEM_MATCH,"[""BASS_00748""]",1
bass,FULL_MIX,F_MIX_01506,303.35709750566895,DRUM_SUPPORTED,FULL_MIX_AND_STEM_MATCH,"[""BASS_00749""]",1
bass,FULL_MIX,F_MIX_01507,303.72861678004534,DRUM_SUPPORTED,FULL_MIX_AND_STEM_MATCH,"[""BASS_00750""]",1
bass,FULL_MIX,F_MIX_01508,304.0885260770975,DRUM_SUPPORTED,FULL_MIX_AND_STEM_MATCH,"[""BASS_00752""]",1
bass,FULL_MIX,F_MIX_01509,304.44843537414965,DRUM_SUPPORTED,FULL_MIX_AND_STEM_MATCH,"[""BASS_00753""]",1
bass,FULL_MIX,F_MIX_01510,304.7851247165533,BASS_AND_DRUM_SUPPORTED,FULL_MIX_ONLY,[],0
bass,FULL_MIX,F_MIX_01511,304.8315646258503,DRUM_SUPPORTED,FULL_MIX_AND_STEM_MATCH,"[""BASS_00754""]",1
bass,FULL_MIX,F_MIX_01512,305.1102040816327,UNKNOWN,FULL_MIX_ONLY,[],0
bass,FULL_MIX,F_MIX_01513,305.1914739229025,BASS_AND_DRUM_SUPPORTED,FULL_MIX_AND_STEM_MATCH,"[""BASS_00755""]",1
bass,FULL_MIX,F_MIX_01514,305.5629931972789,DRUM_SUPPORTED,FULL_MIX_ONLY,[],0
bass,FULL_MIX,F_MIX_01515,305.9229024943311,BASS_AND_DRUM_SUPPORTED,FULL_MIX_AND_STEM_MATCH,"[""BASS_00757""]",1
bass,FULL_MIX,F_MIX_01516,306.2828117913832,BASS_AND_DRUM_SUPPORTED,FULL_MIX_AND_STEM_MATCH,"[""BASS_00758""]",1
bass,FULL_MIX,F_MIX_01517,306.5730612244898,BASS_AND_DRUM_SUPPORTED,FULL_MIX_ONLY,[],0
bass,FULL_MIX,F_MIX_01518,306.65433106575966,DRUM_SUPPORTED,FULL_MIX_AND_STEM_MATCH,"[""BASS_00759""]",1
bass,FULL_MIX,F_MIX_01519,307.0142403628118,BASS_AND_DRUM_SUPPORTED,FULL_MIX_AND_STEM_MATCH,"[""BASS_00760""]",1
bass,FULL_MIX,F_MIX_01520,307.3741496598639,BASS_AND_DRUM_SUPPORTED,FULL_MIX_AND_STEM_MATCH,"[""BASS_00761""]",1
bass,FULL_MIX,F_MIX_01521,307.7340589569161,BASS_AND_DRUM_SUPPORTED,FULL_MIX_AND_STEM_MATCH,"[""BASS_00762""]",1
bass,FULL_MIX,F_MIX_01522,308.03591836734694,UNKNOWN,FULL_MIX_ONLY,[],0
bass,FULL_MIX,F_MIX_01523,308.11718820861677,BASS_AND_DRUM_SUPPORTED,FULL_MIX_AND_STEM_MATCH,"[""BASS_00764""]",1
bass,FULL_MIX,F_MIX_01524,308.4654875283447,BASS_AND_DRUM_SUPPORTED,FULL_MIX_ONLY,[],0
bass,FULL_MIX,F_MIX_01525,308.8253968253968,BASS_AND_DRUM_SUPPORTED,FULL_MIX_ONLY,[],0
bass,FULL_MIX,F_MIX_01526,309.0924263038549,BASS_SUPPORTED,FULL_MIX_AND_STEM_MATCH,"[""BASS_00766""]",1
bass,FULL_MIX,F_MIX_01527,309.185306122449,DRUM_SUPPORTED,FULL_MIX_AND_STEM_MATCH,"[""BASS_00767""]",1
bass,FULL_MIX,F_MIX_01528,309.3710657596372,UNKNOWN,FULL_MIX_ONLY,[],0
bass,FULL_MIX,F_MIX_01529,309.5568253968254,DRUM_SUPPORTED,FULL_MIX_ONLY,[],0
bass,FULL_MIX,F_MIX_01530,309.84707482993196,UNKNOWN,FULL_MIX_ONLY,[],0
bass,FULL_MIX,F_MIX_01531,309.9167346938776,BASS_AND_DRUM_SUPPORTED,FULL_MIX_AND_STEM_MATCH,"[""BASS_00768""]",1
bass,FULL_MIX,F_MIX_01532,310.19537414965987,UNKNOWN,FULL_MIX_ONLY,[],0
bass,FULL_MIX,F_MIX_01533,310.3114739229025,DRUM_SUPPORTED,FULL_MIX_ONLY,[],0
bass,FULL_MIX,F_MIX_01534,310.6365532879819,BASS_AND_DRUM_SUPPORTED,FULL_MIX_AND_STEM_MATCH,"[""BASS_00770""]",1
bass,FULL_MIX,F_MIX_01535,310.67138321995463,DRUM_SUPPORTED,FULL_MIX_ONLY,[],0
bass,FULL_MIX,F_MIX_01536,311.01968253968255,BASS_AND_DRUM_SUPPORTED,FULL_MIX_AND_STEM_MATCH,"[""BASS_00771""]",1
bass,FULL_MIX,F_MIX_01537,311.4028117913832,DRUM_SUPPORTED,FULL_MIX_ONLY,[],0
bass,FULL_MIX,F_MIX_01538,311.6814512471655,UNKNOWN,FULL_MIX_ONLY,[],0
bass,FULL_MIX,F_MIX_01539,312.1226303854875,DRUM_SUPPORTED,FULL_MIX_AND_STEM_MATCH,"[""BASS_00774""]",1
bass,FULL_MIX,F_MIX_01540,312.5057596371882,DRUM_SUPPORTED,FULL_MIX_AND_STEM_MATCH,"[""BASS_00775""]",1
bass,FULL_MIX,F_MIX_01541,312.8656689342404,DRUM_SUPPORTED,FULL_MIX_AND_STEM_MATCH,"[""BASS_00776""]",1
bass,FULL_MIX,F_MIX_01542,313.15591836734694,UNKNOWN,FULL_MIX_ONLY,[],0
bass,FULL_MIX,F_MIX_01543,313.2604081632653,DRUM_SUPPORTED,FULL_MIX_ONLY,[],0
bass,FULL_MIX,F_MIX_01544,313.6087074829932,BASS_AND_DRUM_SUPPORTED,FULL_MIX_AND_STEM_MATCH,"[""BASS_00778""]",1
bass,FULL_MIX,F_MIX_01545,313.96861678004535,BASS_AND_DRUM_SUPPORTED,FULL_MIX_AND_STEM_MATCH,"[""BASS_00779""]",1
bass,FULL_MIX,F_MIX_01546,314.01505668934243,UNKNOWN,FULL_MIX_ONLY,[],0
bass,FULL_MIX,F_MIX_01547,314.34013605442175,BASS_AND_DRUM_SUPPORTED,FULL_MIX_AND_STEM_MATCH,"[""BASS_00780""]",1
bass,FULL_MIX,F_MIX_01548,314.6187755102041,UNKNOWN,FULL_MIX_ONLY,[],0
bass,FULL_MIX,F_MIX_01549,314.97868480725623,UNKNOWN,FULL_MIX_AND_STEM_MATCH,"[""BASS_00782""]",1
bass,FULL_MIX,F_MIX_01550,315.0715646258503,BASS_AND_DRUM_SUPPORTED,FULL_MIX_ONLY,[],0
bass,FULL_MIX,F_MIX_01551,315.4430839002268,DRUM_SUPPORTED,FULL_MIX_ONLY,[],0
bass,FULL_MIX,F_MIX_01552,315.8029931972789,BASS_AND_DRUM_SUPPORTED,FULL_MIX_AND_STEM_MATCH,"[""BASS_00784""]",1
bass,FULL_MIX,F_MIX_01553,316.0816326530612,UNKNOWN,FULL_MIX_ONLY,[],0
bass,FULL_MIX,F_MIX_01554,316.1861224489796,DRUM_SUPPORTED,FULL_MIX_ONLY,[],0
bass,FULL_MIX,F_MIX_01555,316.51120181405895,DRUM_SUPPORTED,FULL_MIX_AND_STEM_MATCH,"[""BASS_00787""]",1
bass,FULL_MIX,F_MIX_01556,316.9407709750567,BASS_SUPPORTED,FULL_MIX_ONLY,[],0
bass,FULL_MIX,F_MIX_01557,317.27746031746034,BASS_AND_DRUM_SUPPORTED,FULL_MIX_ONLY,[],0
bass,FULL_MIX,F_MIX_01558,317.5677097505669,UNKNOWN,FULL_MIX_ONLY,[],0
bass,FULL_MIX,F_MIX_01559,317.9392290249433,UNKNOWN,FULL_MIX_ONLY,[],0
bass,FULL_MIX,F_MIX_01560,318.00888888888886,BASS_AND_DRUM_SUPPORTED,FULL_MIX_AND_STEM_MATCH,"[""BASS_00791""]",1
bass,FULL_MIX,F_MIX_01561,318.2991383219955,UNKNOWN,FULL_MIX_ONLY,[],0
bass,FULL_MIX,F_MIX_01562,318.55455782312924,UNKNOWN,FULL_MIX_ONLY,[],0
bass,FULL_MIX,F_MIX_01563,318.74031746031744,BASS_AND_DRUM_SUPPORTED,FULL_MIX_AND_STEM_MATCH,"[""BASS_00793""]",1
bass,FULL_MIX,F_MIX_01564,319.030566893424,UNKNOWN,FULL_MIX_ONLY,[],0
bass,FULL_MIX,F_MIX_01565,319.12344671201816,BASS_AND_DRUM_SUPPORTED,FULL_MIX_AND_STEM_MATCH,"[""BASS_00794""]",1
bass,FULL_MIX,F_MIX_01566,319.27437641723355,UNKNOWN,FULL_MIX_ONLY,[],0
bass,FULL_MIX,F_MIX_01567,319.471746031746,BASS_AND_DRUM_SUPPORTED,FULL_MIX_AND_STEM_MATCH,"[""BASS_00795""]",1
bass,FULL_MIX,F_MIX_01568,319.7503854875283,UNKNOWN,FULL_MIX_AND_STEM_MATCH,"[""BASS_00796""]",1
bass,FULL_MIX,F_MIX_01569,320.19156462585033,BASS_AND_DRUM_SUPPORTED,FULL_MIX_AND_STEM_MATCH,"[""BASS_00798""]",1
bass,FULL_MIX,F_MIX_01570,320.22639455782314,UNKNOWN,FULL_MIX_ONLY,[],0
bass,FULL_MIX,F_MIX_01571,320.4818140589569,UNKNOWN,FULL_MIX_ONLY,[],0
bass,FULL_MIX,F_MIX_01572,320.9346031746032,BASS_AND_DRUM_SUPPORTED,FULL_MIX_AND_STEM_MATCH,"[""BASS_00800""]",1
bass,FULL_MIX,F_MIX_01573,321.2132426303855,UNKNOWN,FULL_MIX_AND_STEM_MATCH,"[""BASS_00801""]",1
bass,FULL_MIX,F_MIX_01574,321.67764172335603,DRUM_SUPPORTED,FULL_MIX_AND_STEM_MATCH,"[""BASS_00803""]",1
bass,FULL_MIX,F_MIX_01575,321.95628117913833,UNKNOWN,FULL_MIX_ONLY,[],0
bass,FULL_MIX,F_MIX_01576,322.35102040816327,UNKNOWN,FULL_MIX_ONLY,[],0
bass,FULL_MIX,F_MIX_01577,322.4206802721088,DRUM_SUPPORTED,FULL_MIX_AND_STEM_MATCH,"[""BASS_00805""]",1
bass,FULL_MIX,F_MIX_01578,322.6993197278912,UNKNOWN,FULL_MIX_ONLY,[],0
bass,FULL_MIX,F_MIX_01579,323.1637188208617,DRUM_SUPPORTED,FULL_MIX_AND_STEM_MATCH,"[""BASS_00808""]",1
bass,FULL_MIX,F_MIX_01580,323.442358276644,DRUM_SUPPORTED,FULL_MIX_ONLY,[],0
bass,FULL_MIX,F_MIX_01581,323.8138775510204,UNKNOWN,FULL_MIX_ONLY,[],0
bass,FULL_MIX,F_MIX_01582,323.883537414966,DRUM_SUPPORTED,FULL_MIX_AND_STEM_MATCH,"[""BASS_00810""]",1
bass,FULL_MIX,F_MIX_01583,324.150566893424,UNKNOWN,FULL_MIX_ONLY,[],0
bass,FULL_MIX,F_MIX_01584,324.2434467120181,DRUM_SUPPORTED,FULL_MIX_AND_STEM_MATCH,"[""BASS_00811""]",1
bass,FULL_MIX,F_MIX_01585,324.61496598639457,DRUM_SUPPORTED,FULL_MIX_AND_STEM_MATCH,"[""BASS_00812""]",1
bass,FULL_MIX,F_MIX_01586,324.90521541950113,UNKNOWN,FULL_MIX_ONLY,[],0
bass,FULL_MIX,F_MIX_01587,324.98648526077096,DRUM_SUPPORTED,FULL_MIX_AND_STEM_MATCH,"[""BASS_00813""]",1
bass,FULL_MIX,F_MIX_01588,325.3347845804989,DRUM_SUPPORTED,FULL_MIX_AND_STEM_MATCH,"[""BASS_00814""]",1
bass,FULL_MIX,F_MIX_01589,325.6018140589569,UNKNOWN,FULL_MIX_ONLY,[],0
bass,FULL_MIX,F_MIX_01590,325.9617233560091,UNKNOWN,FULL_MIX_ONLY,[],0
bass,FULL_MIX,F_MIX_01591,326.06621315192746,BASS_AND_DRUM_SUPPORTED,FULL_MIX_AND_STEM_MATCH,"[""BASS_00816""]",1
bass,FULL_MIX,F_MIX_01592,326.3332426303855,UNKNOWN,FULL_MIX_ONLY,[],0
bass,FULL_MIX,F_MIX_01593,326.69315192743767,UNKNOWN,FULL_MIX_ONLY,[],0
bass,FULL_MIX,F_MIX_01594,326.78603174603177,BASS_AND_DRUM_SUPPORTED,FULL_MIX_ONLY,[],0
bass,FULL_MIX,F_MIX_01595,327.0530612244898,DRUM_SUPPORTED,FULL_MIX_ONLY,[],0
bass,FULL_MIX,F_MIX_01596,327.4129705215419,DRUM_SUPPORTED,FULL_MIX_AND_STEM_MATCH,"[""BASS_00818""]",1
bass,FULL_MIX,F_MIX_01597,327.52907029478456,DRUM_SUPPORTED,FULL_MIX_ONLY,[],0
bass,FULL_MIX,F_MIX_01598,327.7844897959184,UNKNOWN,FULL_MIX_ONLY,[],0
bass,FULL_MIX,F_MIX_01599,328.1443990929705,UNKNOWN,FULL_MIX_ONLY,[],0
bass,FULL_MIX,F_MIX_01600,328.26049886621314,DRUM_SUPPORTED,FULL_MIX_ONLY,[],0
bass,FULL_MIX,F_MIX_01601,328.51591836734696,UNKNOWN,FULL_MIX_ONLY,[],0
bass,FULL_MIX,F_MIX_01602,329.003537414966,BASS_AND_DRUM_SUPPORTED,FULL_MIX_ONLY,[],0
bass,FULL_MIX,F_MIX_01603,329.270566893424,UNKNOWN,FULL_MIX_ONLY,[],0
bass,FULL_MIX,F_MIX_01604,329.73496598639457,DRUM_SUPPORTED,FULL_MIX_AND_STEM_MATCH,"[""BASS_00825""]",1
bass,FULL_MIX,F_MIX_01605,329.99038548752833,DRUM_SUPPORTED,FULL_MIX_AND_STEM_MATCH,"[""BASS_00826""]",1
bass,STEM,BASS_00000,0.7314285714285714,BASS_AND_DRUM_SUPPORTED,FULL_MIX_AND_STEM_MATCH,"[""F_MIX_00000""]",1
bass,STEM,BASS_00001,0.8823582766439909,UNKNOWN,FULL_MIX_AND_STEM_MATCH,"[""F_MIX_00002""]",1
bass,STEM,BASS_00002,1.474467120181406,UNKNOWN,FULL_MIX_AND_STEM_MATCH,"[""F_MIX_00004""]",1
bass,STEM,BASS_00003,1.5789569160997732,BASS_AND_DRUM_SUPPORTED,FULL_MIX_AND_STEM_MATCH,"[""F_MIX_00005""]",1
bass,STEM,BASS_00004,2.3103854875283445,BASS_AND_DRUM_SUPPORTED,FULL_MIX_AND_STEM_MATCH,"[""F_MIX_00010""]",1
bass,STEM,BASS_00005,3.006984126984127,UNKNOWN,FULL_MIX_AND_STEM_MATCH,"[""F_MIX_00014""]",1
bass,STEM,BASS_00006,3.0650340136054424,DRUM_SUPPORTED,FULL_MIX_AND_STEM_MATCH,"[""F_MIX_00015""]",1
bass,STEM,BASS_00007,3.436553287981859,DRUM_SUPPORTED,FULL_MIX_AND_STEM_MATCH,"[""F_MIX_00017""]",1
bass,STEM,BASS_00008,3.4713832199546486,,STEM_ONLY,[],0
bass,STEM,BASS_00009,4.516281179138322,BASS_AND_DRUM_SUPPORTED,FULL_MIX_AND_STEM_MATCH,"[""F_MIX_00023""]",1
bass,STEM,BASS_00010,5.154829931972789,BASS_SUPPORTED,FULL_MIX_AND_STEM_MATCH,"[""F_MIX_00026""]",1
bass,STEM,BASS_00011,5.259319727891157,DRUM_SUPPORTED,FULL_MIX_AND_STEM_MATCH,"[""F_MIX_00027""]",1
bass,STEM,BASS_00012,5.630839002267574,BASS_AND_DRUM_SUPPORTED,FULL_MIX_AND_STEM_MATCH,"[""F_MIX_00029""]",1
bass,STEM,BASS_00013,5.990748299319728,,STEM_ONLY,[],0
bass,STEM,BASS_00014,6.327437641723356,DRUM_SUPPORTED,FULL_MIX_AND_STEM_MATCH,"[""F_MIX_00034""]",1
bass,STEM,BASS_00015,6.675736961451247,BASS_AND_DRUM_SUPPORTED,FULL_MIX_AND_STEM_MATCH,"[""F_MIX_00036""]",1
bass,STEM,BASS_00016,7.430385487528345,BASS_AND_DRUM_SUPPORTED,FULL_MIX_AND_STEM_MATCH,"[""F_MIX_00039""]",1
bass,STEM,BASS_00017,8.034104308390022,BASS_SUPPORTED,FULL_MIX_AND_STEM_MATCH,"[""F_MIX_00041""]",1
bass,STEM,BASS_00018,8.150204081632653,DRUM_SUPPORTED,FULL_MIX_AND_STEM_MATCH,"[""F_MIX_00042""]",1
bass,STEM,BASS_00019,8.510113378684807,BASS_AND_DRUM_SUPPORTED,FULL_MIX_AND_STEM_MATCH,"[""F_MIX_00044""]",1
bass,STEM,BASS_00020,8.881632653061224,BASS_AND_DRUM_SUPPORTED,FULL_MIX_AND_STEM_MATCH,"[""F_MIX_00046""]",1
bass,STEM,BASS_00021,9.229931972789116,BASS_AND_DRUM_SUPPORTED,FULL_MIX_AND_STEM_MATCH,"[""F_MIX_00047""]",1
bass,STEM,BASS_00022,9.58984126984127,BASS_AND_DRUM_SUPPORTED,FULL_MIX_AND_STEM_MATCH,"[""F_MIX_00049""]",1
bass,STEM,BASS_00023,10.216780045351474,DRUM_SUPPORTED,FULL_MIX_AND_STEM_MATCH,"[""F_MIX_00052""]",1
bass,STEM,BASS_00024,10.32126984126984,,STEM_ONLY,[],0
bass,STEM,BASS_00025,10.692789115646258,,STEM_ONLY,[],0
bass,STEM,BASS_00026,10.924988662131518,BASS_SUPPORTED,FULL_MIX_AND_STEM_MATCH,"[""F_MIX_00056""]",1
bass,STEM,BASS_00027,11.052698412698414,,STEM_ONLY,[],0
bass,STEM,BASS_00028,11.3081179138322,DRUM_SUPPORTED,FULL_MIX_AND_STEM_MATCH,"[""F_MIX_00058""]",1
bass,STEM,BASS_00029,12.085986394557823,UNKNOWN,FULL_MIX_AND_STEM_MATCH,"[""F_MIX_00065""]",1
bass,STEM,BASS_00030,12.132426303854876,BASS_AND_DRUM_SUPPORTED,FULL_MIX_AND_STEM_MATCH,"[""F_MIX_00066""]",1
bass,STEM,BASS_00031,12.527165532879819,BASS_AND_DRUM_SUPPORTED,FULL_MIX_AND_STEM_MATCH,"[""F_MIX_00067""]",1
bass,STEM,BASS_00032,13.154104308390023,BASS_AND_DRUM_SUPPORTED,FULL_MIX_AND_STEM_MATCH,"[""F_MIX_00069""]",1
bass,STEM,BASS_00033,14.001632653061224,BASS_AND_DRUM_SUPPORTED,FULL_MIX_AND_STEM_MATCH,"[""F_MIX_00075""]",1
bass,STEM,BASS_00034,14.570521541950113,UNKNOWN,FULL_MIX_AND_STEM_MATCH,"[""F_MIX_00077""]",1
bass,STEM,BASS_00035,14.733061224489797,DRUM_SUPPORTED,FULL_MIX_AND_STEM_MATCH,"[""F_MIX_00078""]",1
bass,STEM,BASS_00036,14.86077097505669,UNKNOWN,FULL_MIX_AND_STEM_MATCH,"[""F_MIX_00079""]",1
bass,STEM,BASS_00037,14.965260770975057,UNKNOWN,FULL_MIX_AND_STEM_MATCH,"[""F_MIX_00080""]",1
bass,STEM,BASS_00038,15.069750566893424,BASS_AND_DRUM_SUPPORTED,FULL_MIX_AND_STEM_MATCH,"[""F_MIX_00081""]",1
bass,STEM,BASS_00039,15.429659863945579,,STEM_ONLY,[],0
bass,STEM,BASS_00040,16.207528344671204,BASS_AND_DRUM_SUPPORTED,FULL_MIX_AND_STEM_MATCH,"[""F_MIX_00087""]",1
bass,STEM,BASS_00041,16.950566893424035,BASS_AND_DRUM_SUPPORTED,FULL_MIX_AND_STEM_MATCH,"[""F_MIX_00090""]",1
bass,STEM,BASS_00042,17.98385487528345,,STEM_ONLY,[],0
bass,STEM,BASS_00043,18.42503401360544,,STEM_ONLY,[],0
bass,STEM,BASS_00044,19.14485260770975,BASS_AND_DRUM_SUPPORTED,FULL_MIX_AND_STEM_MATCH,"[""F_MIX_00104""]",1
bass,STEM,BASS_00045,19.748571428571427,BASS_SUPPORTED,FULL_MIX_AND_STEM_MATCH,"[""F_MIX_00106""]",1
bass,STEM,BASS_00046,20.21297052154195,BASS_AND_DRUM_SUPPORTED,FULL_MIX_AND_STEM_MATCH,"[""F_MIX_00110""]",1
bass,STEM,BASS_00047,20.58448979591837,DRUM_SUPPORTED,FULL_MIX_AND_STEM_MATCH,"[""F_MIX_00112""]",1
bass,STEM,BASS_00048,20.94439909297052,DRUM_SUPPORTED,FULL_MIX_AND_STEM_MATCH,"[""F_MIX_00114""]",1
bass,STEM,BASS_00049,21.31591836734694,DRUM_SUPPORTED,FULL_MIX_AND_STEM_MATCH,"[""F_MIX_00116""]",1
bass,STEM,BASS_00050,22.04734693877551,DRUM_SUPPORTED,FULL_MIX_AND_STEM_MATCH,"[""F_MIX_00119""]",1
bass,STEM,BASS_00051,22.66267573696145,DRUM_SUPPORTED,FULL_MIX_AND_STEM_MATCH,"[""F_MIX_00122""]",1
bass,STEM,BASS_00052,22.76716553287982,,STEM_ONLY,[],0
bass,STEM,BASS_00053,23.11546485260771,BASS_AND_DRUM_SUPPORTED,FULL_MIX_AND_STEM_MATCH,"[""F_MIX_00125""]",1
bass,STEM,BASS_00054,23.486984126984126,,STEM_ONLY,[],0
bass,STEM,BASS_00055,23.84689342403628,BASS_AND_DRUM_SUPPORTED,FULL_MIX_AND_STEM_MATCH,"[""F_MIX_00129""]",1
bass,STEM,BASS_00056,24.18358276643991,DRUM_SUPPORTED,FULL_MIX_AND_STEM_MATCH,"[""F_MIX_00130""]",1
bass,STEM,BASS_00057,24.555102040816326,BASS_AND_DRUM_SUPPORTED,FULL_MIX_AND_STEM_MATCH,"[""F_MIX_00132""]",1
bass,STEM,BASS_00058,25.321360544217686,BASS_AND_DRUM_SUPPORTED,FULL_MIX_AND_STEM_MATCH,"[""F_MIX_00138""]",1
bass,STEM,BASS_00059,25.588390022675735,DRUM_SUPPORTED,FULL_MIX_AND_STEM_MATCH,"[""F_MIX_00139""]",1
bass,STEM,BASS_00060,25.692879818594104,,STEM_ONLY,[],0
bass,STEM,BASS_00061,25.959909297052153,UNKNOWN,FULL_MIX_AND_STEM_MATCH,"[""F_MIX_00141""]",1
bass,STEM,BASS_00062,27.132517006802722,BASS_AND_DRUM_SUPPORTED,FULL_MIX_AND_STEM_MATCH,"[""F_MIX_00150""]",1
bass,STEM,BASS_00063,27.492426303854874,BASS_AND_DRUM_SUPPORTED,FULL_MIX_AND_STEM_MATCH,"[""F_MIX_00151""]",1
bass,STEM,BASS_00064,27.875555555555554,,STEM_ONLY,[],0
bass,STEM,BASS_00065,28.606984126984127,BASS_AND_DRUM_SUPPORTED,FULL_MIX_AND_STEM_MATCH,"[""F_MIX_00156""]",1
bass,STEM,BASS_00066,28.966893424036282,,STEM_ONLY,[],0
bass,STEM,BASS_00067,29.31519274376417,BASS_AND_DRUM_SUPPORTED,FULL_MIX_AND_STEM_MATCH,"[""F_MIX_00158""]",1
bass,STEM,BASS_00068,30.06984126984127,DRUM_SUPPORTED,FULL_MIX_AND_STEM_MATCH,"[""F_MIX_00162""]",1
bass,STEM,BASS_00069,30.418140589569163,,STEM_ONLY,[],0
bass,STEM,BASS_00070,30.731609977324265,,STEM_ONLY,[],0
bass,STEM,BASS_00071,31.068299319727892,UNKNOWN,FULL_MIX_AND_STEM_MATCH,"[""F_MIX_00166""]",1
bass,STEM,BASS_00072,31.149569160997732,DRUM_SUPPORTED,FULL_MIX_AND_STEM_MATCH,"[""F_MIX_00167""]",1
bass,STEM,BASS_00073,31.509478458049887,DRUM_SUPPORTED,FULL_MIX_AND_STEM_MATCH,"[""F_MIX_00169""]",1
bass,STEM,BASS_00074,31.857777777777777,DRUM_SUPPORTED,FULL_MIX_AND_STEM_MATCH,"[""F_MIX_00170""]",1
bass,STEM,BASS_00075,32.229297052154195,,STEM_ONLY,[],0
bass,STEM,BASS_00076,32.35700680272109,,STEM_ONLY,[],0
bass,STEM,BASS_00077,32.57759637188209,,STEM_ONLY,[],0
bass,STEM,BASS_00078,32.96072562358277,DRUM_SUPPORTED,FULL_MIX_AND_STEM_MATCH,"[""F_MIX_00177""]",1
bass,STEM,BASS_00079,33.57605442176871,DRUM_SUPPORTED,FULL_MIX_AND_STEM_MATCH,"[""F_MIX_00180""]",1
bass,STEM,BASS_00080,33.69215419501134,DRUM_SUPPORTED,FULL_MIX_AND_STEM_MATCH,"[""F_MIX_00181""]",1
bass,STEM,BASS_00081,34.28426303854875,UNKNOWN,FULL_MIX_AND_STEM_MATCH,"[""F_MIX_00184""]",1
bass,STEM,BASS_00082,34.42358276643991,,STEM_ONLY,[],0
bass,STEM,BASS_00083,34.76027210884354,DRUM_SUPPORTED,FULL_MIX_AND_STEM_MATCH,"[""F_MIX_00188""]",1
bass,STEM,BASS_00084,35.131791383219955,,STEM_ONLY,[],0
bass,STEM,BASS_00085,35.49170068027211,DRUM_SUPPORTED,FULL_MIX_AND_STEM_MATCH,"[""F_MIX_00191""]",1
bass,STEM,BASS_00086,35.851609977324266,DRUM_SUPPORTED,FULL_MIX_AND_STEM_MATCH,"[""F_MIX_00193""]",1
bass,STEM,BASS_00087,36.85006802721088,,STEM_ONLY,[],0
bass,STEM,BASS_00088,37.813696145124716,UNKNOWN,FULL_MIX_AND_STEM_MATCH,"[""F_MIX_00201""]",1
bass,STEM,BASS_00089,37.95301587301587,UNKNOWN,FULL_MIX_AND_STEM_MATCH,"[""F_MIX_00202""]",1
bass,STEM,BASS_00090,38.243265306122446,UNKNOWN,FULL_MIX_AND_STEM_MATCH,"[""F_MIX_00205""]",1
bass,STEM,BASS_00091,38.47546485260771,,STEM_ONLY,[],0
bass,STEM,BASS_00092,38.69605442176871,UNKNOWN,FULL_MIX_AND_STEM_MATCH,"[""F_MIX_00208""]",1
bass,STEM,BASS_00093,38.81215419501134,DRUM_SUPPORTED,FULL_MIX_AND_STEM_MATCH,"[""F_MIX_00209""]",1
bass,STEM,BASS_00094,39.555192743764174,DRUM_SUPPORTED,FULL_MIX_AND_STEM_MATCH,"[""F_MIX_00212""]",1
bass,STEM,BASS_00095,40.553650793650796,UNKNOWN,FULL_MIX_AND_STEM_MATCH,"[""F_MIX_00217""]",1
bass,STEM,BASS_00096,40.85551020408163,,STEM_ONLY,[],0
bass,STEM,BASS_00097,40.90195011337868,UNKNOWN,FULL_MIX_AND_STEM_MATCH,"[""F_MIX_00219""]",1
bass,STEM,BASS_00098,41.28507936507936,DRUM_SUPPORTED,FULL_MIX_AND_STEM_MATCH,"[""F_MIX_00221""]",1
bass,STEM,BASS_00099,41.38956916099773,BASS_AND_DRUM_SUPPORTED,FULL_MIX_AND_STEM_MATCH,"[""F_MIX_00222""]",1
bass,STEM,BASS_00100,41.76108843537415,BASS_AND_DRUM_SUPPORTED,FULL_MIX_AND_STEM_MATCH,"[""F_MIX_00224""]",1
bass,STEM,BASS_00101,42.49251700680272,,STEM_ONLY,[],0
bass,STEM,BASS_00102,43.23555555555556,BASS_AND_DRUM_SUPPORTED,FULL_MIX_AND_STEM_MATCH,"[""F_MIX_00231""]",1
bass,STEM,BASS_00103,43.490975056689344,DRUM_SUPPORTED,FULL_MIX_AND_STEM_MATCH,"[""F_MIX_00232""]",1
bass,STEM,BASS_00104,43.97859410430839,,STEM_ONLY,[],0
bass,STEM,BASS_00105,44.210793650793654,DRUM_SUPPORTED,FULL_MIX_AND_STEM_MATCH,"[""F_MIX_00236""]",1
bass,STEM,BASS_00106,44.33850340136055,,STEM_ONLY,[],0
bass,STEM,BASS_00107,44.68680272108843,BASS_AND_DRUM_SUPPORTED,FULL_MIX_AND_STEM_MATCH,"[""F_MIX_00238""]",1
bass,STEM,BASS_00108,45.11637188208617,UNKNOWN,FULL_MIX_AND_STEM_MATCH,"[""F_MIX_00240""]",1
bass,STEM,BASS_00109,47.658956916099775,UNKNOWN,FULL_MIX_AND_STEM_MATCH,"[""F_MIX_00249""]",1
bass,STEM,BASS_00110,48.042086167800456,UNKNOWN,FULL_MIX_AND_STEM_MATCH,"[""F_MIX_00252""]",1
bass,STEM,BASS_00111,48.12335600907029,DRUM_SUPPORTED,FULL_MIX_AND_STEM_MATCH,"[""F_MIX_00253""]",1
bass,STEM,BASS_00112,48.576145124716554,,STEM_ONLY,[],0
bass,STEM,BASS_00113,48.92444444444445,,STEM_ONLY,[],0
bass,STEM,BASS_00114,49.30757369614513,DRUM_SUPPORTED,FULL_MIX_AND_STEM_MATCH,"[""F_MIX_00258""]",1
bass,STEM,BASS_00115,49.66748299319728,DRUM_SUPPORTED,FULL_MIX_AND_STEM_MATCH,"[""F_MIX_00259""]",1
bass,STEM,BASS_00116,50.02739229024943,DRUM_SUPPORTED,FULL_MIX_AND_STEM_MATCH,"[""F_MIX_00260""]",1
bass,STEM,BASS_00117,50.39891156462585,DRUM_SUPPORTED,FULL_MIX_AND_STEM_MATCH,"[""F_MIX_00261""]",1
bass,STEM,BASS_00118,50.43374149659864,,STEM_ONLY,[],0
bass,STEM,BASS_00119,51.04907029478458,UNKNOWN,FULL_MIX_AND_STEM_MATCH,"[""F_MIX_00263""]",1
bass,STEM,BASS_00120,51.5134693877551,,STEM_ONLY,[],0
bass,STEM,BASS_00121,51.88498866213152,,STEM_ONLY,[],0
bass,STEM,BASS_00122,52.61641723356009,DRUM_SUPPORTED,FULL_MIX_AND_STEM_MATCH,"[""F_MIX_00272""]",1
bass,STEM,BASS_00123,52.97632653061225,DRUM_SUPPORTED,FULL_MIX_AND_STEM_MATCH,"[""F_MIX_00274""]",1
bass,STEM,BASS_00124,53.35945578231293,,STEM_ONLY,[],0
bass,STEM,BASS_00125,53.730975056689346,,STEM_ONLY,[],0
bass,STEM,BASS_00126,54.427573696145124,DRUM_SUPPORTED,FULL_MIX_AND_STEM_MATCH,"[""F_MIX_00281""]",1
bass,STEM,BASS_00127,54.78748299319728,DRUM_SUPPORTED,FULL_MIX_AND_STEM_MATCH,"[""F_MIX_00283""]",1
bass,STEM,BASS_00128,55.1590022675737,DRUM_SUPPORTED,FULL_MIX_AND_STEM_MATCH,"[""F_MIX_00284""]",1
bass,STEM,BASS_00129,55.414421768707484,,STEM_ONLY,[],0
bass,STEM,BASS_00130,55.89043083900227,DRUM_SUPPORTED,FULL_MIX_AND_STEM_MATCH,"[""F_MIX_00287""]",1
bass,STEM,BASS_00131,56.62185941043084,DRUM_SUPPORTED,FULL_MIX_AND_STEM_MATCH,"[""F_MIX_00291""]",1
bass,STEM,BASS_00132,56.91210884353742,,STEM_ONLY,[],0
bass,STEM,BASS_00133,57.68997732426304,DRUM_SUPPORTED,FULL_MIX_AND_STEM_MATCH,"[""F_MIX_00295""]",1
bass,STEM,BASS_00134,58.44462585034014,,STEM_ONLY,[],0
bass,STEM,BASS_00135,58.80453514739229,DRUM_SUPPORTED,FULL_MIX_AND_STEM_MATCH,"[""F_MIX_00301""]",1
bass,STEM,BASS_00136,59.5243537414966,DRUM_SUPPORTED,FULL_MIX_AND_STEM_MATCH,"[""F_MIX_00305""]",1
bass,STEM,BASS_00137,59.895873015873015,DRUM_SUPPORTED,FULL_MIX_AND_STEM_MATCH,"[""F_MIX_00306""]",1
bass,STEM,BASS_00138,60.232562358276645,BASS_AND_DRUM_SUPPORTED,FULL_MIX_AND_STEM_MATCH,"[""F_MIX_00309""]",1
bass,STEM,BASS_00139,60.615691609977326,BASS_AND_DRUM_SUPPORTED,FULL_MIX_AND_STEM_MATCH,"[""F_MIX_00312""]",1
bass,STEM,BASS_00140,60.97560090702948,,STEM_ONLY,[],0
bass,STEM,BASS_00141,61.265850340136055,,STEM_ONLY,[],0
bass,STEM,BASS_00142,61.3471201814059,BASS_AND_DRUM_SUPPORTED,FULL_MIX_AND_STEM_MATCH,"[""F_MIX_00316""]",1
bass,STEM,BASS_00143,61.718639455782316,BASS_AND_DRUM_SUPPORTED,FULL_MIX_AND_STEM_MATCH,"[""F_MIX_00318""]",1
bass,STEM,BASS_00144,61.9740589569161,,STEM_ONLY,[],0
bass,STEM,BASS_00145,62.09015873015873,,STEM_ONLY,[],0
bass,STEM,BASS_00146,62.20625850340136,,STEM_ONLY,[],0
bass,STEM,BASS_00147,62.83319727891156,,STEM_ONLY,[],0
bass,STEM,BASS_00148,62.94929705215419,,STEM_ONLY,[],0
bass,STEM,BASS_00149,63.7968253968254,DRUM_SUPPORTED,FULL_MIX_AND_STEM_MATCH,"[""F_MIX_00327""]",1
bass,STEM,BASS_00150,63.901315192743766,,STEM_ONLY,[],0
bass,STEM,BASS_00151,64.63274376417233,DRUM_SUPPORTED,FULL_MIX_AND_STEM_MATCH,"[""F_MIX_00330""]",1
bass,STEM,BASS_00152,64.96943310657596,DRUM_SUPPORTED,FULL_MIX_AND_STEM_MATCH,"[""F_MIX_00332""]",1
bass,STEM,BASS_00153,65.34095238095239,DRUM_SUPPORTED,FULL_MIX_AND_STEM_MATCH,"[""F_MIX_00334""]",1
bass,STEM,BASS_00154,65.70086167800453,DRUM_SUPPORTED,FULL_MIX_AND_STEM_MATCH,"[""F_MIX_00335""]",1
bass,STEM,BASS_00155,66.07238095238095,BASS_AND_DRUM_SUPPORTED,FULL_MIX_AND_STEM_MATCH,"[""F_MIX_00337""]",1
bass,STEM,BASS_00156,66.43229024943311,BASS_AND_DRUM_SUPPORTED,FULL_MIX_AND_STEM_MATCH,"[""F_MIX_00338""]",1
bass,STEM,BASS_00157,66.780589569161,BASS_AND_DRUM_SUPPORTED,FULL_MIX_AND_STEM_MATCH,"[""F_MIX_00340""]",1
bass,STEM,BASS_00158,67.14049886621315,BASS_AND_DRUM_SUPPORTED,FULL_MIX_AND_STEM_MATCH,"[""F_MIX_00341""]",1
bass,STEM,BASS_00159,67.48879818594105,DRUM_SUPPORTED,FULL_MIX_AND_STEM_MATCH,"[""F_MIX_00343""]",1
bass,STEM,BASS_00160,67.83709750566894,,STEM_ONLY,[],0
bass,STEM,BASS_00161,68.20861678004535,DRUM_SUPPORTED,FULL_MIX_AND_STEM_MATCH,"[""F_MIX_00347""]",1
bass,STEM,BASS_00162,68.59174603174603,BASS_AND_DRUM_SUPPORTED,FULL_MIX_AND_STEM_MATCH,"[""F_MIX_00350""]",1
bass,STEM,BASS_00163,68.95165532879818,,STEM_ONLY,[],0
bass,STEM,BASS_00164,69.29995464852608,BASS_AND_DRUM_SUPPORTED,FULL_MIX_AND_STEM_MATCH,"[""F_MIX_00353""]",1
bass,STEM,BASS_00165,69.67147392290249,,STEM_ONLY,[],0
bass,STEM,BASS_00166,70.00816326530612,DRUM_SUPPORTED,FULL_MIX_AND_STEM_MATCH,"[""F_MIX_00357""]",1
bass,STEM,BASS_00167,70.37968253968253,DRUM_SUPPORTED,FULL_MIX_AND_STEM_MATCH,"[""F_MIX_00359""]",1
bass,STEM,BASS_00168,70.72798185941043,,STEM_ONLY,[],0
bass,STEM,BASS_00169,71.09950113378684,,STEM_ONLY,[],0
bass,STEM,BASS_00170,71.35492063492063,,STEM_ONLY,[],0
bass,STEM,BASS_00171,71.44780045351474,,STEM_ONLY,[],0
bass,STEM,BASS_00172,72.16761904761904,,STEM_ONLY,[],0
bass,STEM,BASS_00173,72.88743764172335,DRUM_SUPPORTED,FULL_MIX_AND_STEM_MATCH,"[""F_MIX_00372""]",1
bass,STEM,BASS_00174,73.25895691609978,DRUM_SUPPORTED,FULL_MIX_AND_STEM_MATCH,"[""F_MIX_00374""]",1
bass,STEM,BASS_00175,73.60725623582766,DRUM_SUPPORTED,FULL_MIX_AND_STEM_MATCH,"[""F_MIX_00375""]",1
bass,STEM,BASS_00176,74.23419501133787,,STEM_ONLY,[],0
bass,STEM,BASS_00177,74.33868480725623,BASS_AND_DRUM_SUPPORTED,FULL_MIX_AND_STEM_MATCH,"[""F_MIX_00378""]",1
bass,STEM,BASS_00178,74.72181405895692,BASS_AND_DRUM_SUPPORTED,FULL_MIX_AND_STEM_MATCH,"[""F_MIX_00380""]",1
bass,STEM,BASS_00179,75.08172335600906,BASS_AND_DRUM_SUPPORTED,FULL_MIX_AND_STEM_MATCH,"[""F_MIX_00382""]",1
bass,STEM,BASS_00180,75.43002267573696,BASS_AND_DRUM_SUPPORTED,FULL_MIX_AND_STEM_MATCH,"[""F_MIX_00384""]",1
bass,STEM,BASS_00181,75.77832199546485,,STEM_ONLY,[],0
bass,STEM,BASS_00182,76.06857142857143,DRUM_SUPPORTED,FULL_MIX_AND_STEM_MATCH,"[""F_MIX_00387""]",1
bass,STEM,BASS_00183,76.48653061224489,,STEM_ONLY,[],0
bass,STEM,BASS_00184,76.86965986394557,,STEM_ONLY,[],0
bass,STEM,BASS_00185,77.12507936507936,DRUM_SUPPORTED,FULL_MIX_AND_STEM_MATCH,"[""F_MIX_00391""]",1
bass,STEM,BASS_00186,77.22956916099773,DRUM_SUPPORTED,FULL_MIX_AND_STEM_MATCH,"[""F_MIX_00392""]",1
bass,STEM,BASS_00187,77.57786848072563,,STEM_ONLY,[],0
bass,STEM,BASS_00188,77.94938775510204,DRUM_SUPPORTED,FULL_MIX_AND_STEM_MATCH,"[""F_MIX_00395""]",1
bass,STEM,BASS_00189,78.3092970521542,DRUM_SUPPORTED,FULL_MIX_AND_STEM_MATCH,"[""F_MIX_00397""]",1
bass,STEM,BASS_00190,78.64598639455782,,STEM_ONLY,[],0
bass,STEM,BASS_00191,80.45714285714286,,STEM_ONLY,[],0
bass,STEM,BASS_00192,80.88671201814059,,STEM_ONLY,[],0
bass,STEM,BASS_00193,81.08408163265307,DRUM_SUPPORTED,FULL_MIX_AND_STEM_MATCH,"[""F_MIX_00411""]",1
bass,STEM,BASS_00194,81.54848072562358,DRUM_SUPPORTED,FULL_MIX_AND_STEM_MATCH,"[""F_MIX_00414""]",1
bass,STEM,BASS_00195,81.72263038548753,,STEM_ONLY,[],0
bass,STEM,BASS_00196,81.89678004535148,BASS_AND_DRUM_SUPPORTED,FULL_MIX_AND_STEM_MATCH,"[""F_MIX_00416""]",1
bass,STEM,BASS_00197,82.24507936507936,DRUM_SUPPORTED,FULL_MIX_AND_STEM_MATCH,"[""F_MIX_00418""]",1
bass,STEM,BASS_00198,82.96489795918367,,STEM_ONLY,[],0
bass,STEM,BASS_00199,83.34802721088435,DRUM_SUPPORTED,FULL_MIX_AND_STEM_MATCH,"[""F_MIX_00421""]",1
bass,STEM,BASS_00200,83.70793650793651,DRUM_SUPPORTED,FULL_MIX_AND_STEM_MATCH,"[""F_MIX_00422""]",1
bass,STEM,BASS_00201,84.09106575963719,BASS_AND_DRUM_SUPPORTED,FULL_MIX_AND_STEM_MATCH,"[""F_MIX_00423""]",1
bass,STEM,BASS_00202,84.45097505668934,BASS_AND_DRUM_SUPPORTED,FULL_MIX_AND_STEM_MATCH,"[""F_MIX_00424""]",1
bass,STEM,BASS_00203,84.83410430839002,BASS_AND_DRUM_SUPPORTED,FULL_MIX_AND_STEM_MATCH,"[""F_MIX_00426""]",1
bass,STEM,BASS_00204,85.17079365079366,BASS_AND_DRUM_SUPPORTED,FULL_MIX_AND_STEM_MATCH,"[""F_MIX_00428""]",1
bass,STEM,BASS_00205,85.53070294784581,BASS_AND_DRUM_SUPPORTED,FULL_MIX_AND_STEM_MATCH,"[""F_MIX_00430""]",1
bass,STEM,BASS_00206,85.90222222222222,BASS_AND_DRUM_SUPPORTED,FULL_MIX_AND_STEM_MATCH,"[""F_MIX_00432""]",1
bass,STEM,BASS_00207,86.22730158730158,,STEM_ONLY,[],0
bass,STEM,BASS_00208,86.27374149659865,DRUM_SUPPORTED,FULL_MIX_AND_STEM_MATCH,"[""F_MIX_00435""]",1
bass,STEM,BASS_00209,86.598820861678,BASS_AND_DRUM_SUPPORTED,FULL_MIX_AND_STEM_MATCH,"[""F_MIX_00436""]",1
bass,STEM,BASS_00210,86.97034013605442,BASS_AND_DRUM_SUPPORTED,FULL_MIX_AND_STEM_MATCH,"[""F_MIX_00438""]",1
bass,STEM,BASS_00211,87.31863945578232,,STEM_ONLY,[],0
bass,STEM,BASS_00212,87.69015873015873,,STEM_ONLY,[],0
bass,STEM,BASS_00213,88.06167800453515,,STEM_ONLY,[],0
bass,STEM,BASS_00214,88.40997732426304,,STEM_ONLY,[],0
bass,STEM,BASS_00215,88.75827664399092,BASS_AND_DRUM_SUPPORTED,FULL_MIX_AND_STEM_MATCH,"[""F_MIX_00445""]",1
bass,STEM,BASS_00216,89.47809523809524,BASS_AND_DRUM_SUPPORTED,FULL_MIX_AND_STEM_MATCH,"[""F_MIX_00448""]",1
bass,STEM,BASS_00217,89.83800453514739,,STEM_ONLY,[],0
bass,STEM,BASS_00218,90.18630385487528,,STEM_ONLY,[],0
bass,STEM,BASS_00219,90.5578231292517,BASS_AND_DRUM_SUPPORTED,FULL_MIX_AND_STEM_MATCH,"[""F_MIX_00452""]",1
bass,STEM,BASS_00220,90.91773242630386,BASS_AND_DRUM_SUPPORTED,FULL_MIX_AND_STEM_MATCH,"[""F_MIX_00455""]",1
bass,STEM,BASS_00221,91.27764172335601,BASS_AND_DRUM_SUPPORTED,FULL_MIX_AND_STEM_MATCH,"[""F_MIX_00457""]",1
bass,STEM,BASS_00222,91.6259410430839,BASS_AND_DRUM_SUPPORTED,FULL_MIX_AND_STEM_MATCH,"[""F_MIX_00459""]",1
bass,STEM,BASS_00223,91.98585034013605,DRUM_SUPPORTED,FULL_MIX_AND_STEM_MATCH,"[""F_MIX_00461""]",1
bass,STEM,BASS_00224,92.34575963718821,DRUM_SUPPORTED,FULL_MIX_AND_STEM_MATCH,"[""F_MIX_00464""]",1
bass,STEM,BASS_00225,92.70566893424036,BASS_AND_DRUM_SUPPORTED,FULL_MIX_AND_STEM_MATCH,"[""F_MIX_00466""]",1
bass,STEM,BASS_00226,93.06557823129252,BASS_AND_DRUM_SUPPORTED,FULL_MIX_AND_STEM_MATCH,"[""F_MIX_00468""]",1
bass,STEM,BASS_00227,93.42548752834468,DRUM_SUPPORTED,FULL_MIX_AND_STEM_MATCH,"[""F_MIX_00470""]",1
bass,STEM,BASS_00228,93.66929705215419,,STEM_ONLY,[],0
bass,STEM,BASS_00229,93.7621768707483,,STEM_ONLY,[],0
bass,STEM,BASS_00230,94.5168253968254,BASS_AND_DRUM_SUPPORTED,FULL_MIX_AND_STEM_MATCH,"[""F_MIX_00474""]",1
bass,STEM,BASS_00231,94.86512471655328,,STEM_ONLY,[],0
bass,STEM,BASS_00232,95.59655328798186,BASS_AND_DRUM_SUPPORTED,FULL_MIX_AND_STEM_MATCH,"[""F_MIX_00478""]",1
bass,STEM,BASS_00233,95.87519274376417,UNKNOWN,FULL_MIX_AND_STEM_MATCH,"[""F_MIX_00479""]",1
bass,STEM,BASS_00234,95.96807256235827,DRUM_SUPPORTED,FULL_MIX_AND_STEM_MATCH,"[""F_MIX_00480""]",1
bass,STEM,BASS_00235,96.32798185941043,,STEM_ONLY,[],0
bass,STEM,BASS_00236,96.67628117913833,BASS_AND_DRUM_SUPPORTED,FULL_MIX_AND_STEM_MATCH,"[""F_MIX_00483""]",1
bass,STEM,BASS_00237,97.04780045351474,,STEM_ONLY,[],0
bass,STEM,BASS_00238,97.7792290249433,,STEM_ONLY,[],0
bass,STEM,BASS_00239,98.13913832199546,DRUM_SUPPORTED,FULL_MIX_AND_STEM_MATCH,"[""F_MIX_00489""]",1
bass,STEM,BASS_00240,98.51065759637189,,STEM_ONLY,[],0
bass,STEM,BASS_00241,98.85895691609977,DRUM_SUPPORTED,FULL_MIX_AND_STEM_MATCH,"[""F_MIX_00492""]",1
bass,STEM,BASS_00242,99.2304761904762,,STEM_ONLY,[],0
bass,STEM,BASS_00243,99.57877551020408,BASS_AND_DRUM_SUPPORTED,FULL_MIX_AND_STEM_MATCH,"[""F_MIX_00495""]",1
bass,STEM,BASS_00244,99.93868480725624,BASS_AND_DRUM_SUPPORTED,FULL_MIX_AND_STEM_MATCH,"[""F_MIX_00497""]",1
bass,STEM,BASS_00245,100.31020408163265,BASS_AND_DRUM_SUPPORTED,FULL_MIX_AND_STEM_MATCH,"[""F_MIX_00500""]",1
bass,STEM,BASS_00246,100.68172335600907,BASS_AND_DRUM_SUPPORTED,FULL_MIX_AND_STEM_MATCH,"[""F_MIX_00502""]",1
bass,STEM,BASS_00247,101.05324263038548,BASS_AND_DRUM_SUPPORTED,FULL_MIX_AND_STEM_MATCH,"[""F_MIX_00504""]",1
bass,STEM,BASS_00248,101.42476190476191,,STEM_ONLY,[],0
bass,STEM,BASS_00249,101.79628117913832,BASS_AND_DRUM_SUPPORTED,FULL_MIX_AND_STEM_MATCH,"[""F_MIX_00507""]",1
bass,STEM,BASS_00250,102.15619047619047,,STEM_ONLY,[],0
bass,STEM,BASS_00251,102.4,UNKNOWN,FULL_MIX_AND_STEM_MATCH,"[""F_MIX_00509""]",1
bass,STEM,BASS_00252,102.50448979591837,DRUM_SUPPORTED,FULL_MIX_AND_STEM_MATCH,"[""F_MIX_00510""]",1
bass,STEM,BASS_00253,102.85278911564626,,STEM_ONLY,[],0
bass,STEM,BASS_00254,103.21269841269842,BASS_AND_DRUM_SUPPORTED,FULL_MIX_AND_STEM_MATCH,"[""F_MIX_00512""]",1
bass,STEM,BASS_00255,103.5958276643991,BASS_AND_DRUM_SUPPORTED,FULL_MIX_AND_STEM_MATCH,"[""F_MIX_00514""]",1
bass,STEM,BASS_00256,103.80480725623583,,STEM_ONLY,[],0
bass,STEM,BASS_00257,103.95573696145125,BASS_AND_DRUM_SUPPORTED,FULL_MIX_AND_STEM_MATCH,"[""F_MIX_00516""]",1
bass,STEM,BASS_00258,104.3156462585034,DRUM_SUPPORTED,FULL_MIX_AND_STEM_MATCH,"[""F_MIX_00519""]",1
bass,STEM,BASS_00259,105.05868480725624,,STEM_ONLY,[],0
bass,STEM,BASS_00260,105.37215419501133,DRUM_SUPPORTED,FULL_MIX_AND_STEM_MATCH,"[""F_MIX_00526""]",1
bass,STEM,BASS_00261,105.66240362811791,,STEM_ONLY,[],0
bass,STEM,BASS_00262,105.75528344671201,,STEM_ONLY,[],0
bass,STEM,BASS_00263,106.10358276643991,DRUM_SUPPORTED,FULL_MIX_AND_STEM_MATCH,"[""F_MIX_00528""]",1
bass,STEM,BASS_00264,106.46349206349207,,STEM_ONLY,[],0
bass,STEM,BASS_00265,107.17170068027211,DRUM_SUPPORTED,FULL_MIX_AND_STEM_MATCH,"[""F_MIX_00532""]",1
bass,STEM,BASS_00266,107.52,DRUM_SUPPORTED,FULL_MIX_AND_STEM_MATCH,"[""F_MIX_00534""]",1
bass,STEM,BASS_00267,107.87990929705215,DRUM_SUPPORTED,FULL_MIX_AND_STEM_MATCH,"[""F_MIX_00536""]",1
bass,STEM,BASS_00268,108.18176870748299,,STEM_ONLY,[],0
bass,STEM,BASS_00269,108.21659863945578,,STEM_ONLY,[],0
bass,STEM,BASS_00270,108.4604081632653,DRUM_SUPPORTED,FULL_MIX_AND_STEM_MATCH,"[""F_MIX_00539""]",1
bass,STEM,BASS_00271,108.56489795918367,,STEM_ONLY,[],0
bass,STEM,BASS_00272,108.91319727891157,DRUM_SUPPORTED,FULL_MIX_AND_STEM_MATCH,"[""F_MIX_00540""]",1
bass,STEM,BASS_00273,109.29632653061225,DRUM_SUPPORTED,FULL_MIX_AND_STEM_MATCH,"[""F_MIX_00543""]",1
bass,STEM,BASS_00274,109.6562358276644,DRUM_SUPPORTED,FULL_MIX_AND_STEM_MATCH,"[""F_MIX_00544""]",1
bass,STEM,BASS_00275,109.99292517006803,,STEM_ONLY,[],0
bass,STEM,BASS_00276,110.36444444444444,,STEM_ONLY,[],0
bass,STEM,BASS_00277,110.65469387755103,DRUM_SUPPORTED,FULL_MIX_AND_STEM_MATCH,"[""F_MIX_00548""]",1
bass,STEM,BASS_00278,110.7243537414966,DRUM_SUPPORTED,FULL_MIX_AND_STEM_MATCH,"[""F_MIX_00549""]",1
bass,STEM,BASS_00279,111.07265306122449,,STEM_ONLY,[],0
bass,STEM,BASS_00280,111.21197278911565,UNKNOWN,FULL_MIX_AND_STEM_MATCH,"[""F_MIX_00552""]",1
bass,STEM,BASS_00281,111.45578231292517,DRUM_SUPPORTED,FULL_MIX_AND_STEM_MATCH,"[""F_MIX_00554""]",1
bass,STEM,BASS_00282,111.7924716553288,,STEM_ONLY,[],0
bass,STEM,BASS_00283,112.12916099773243,UNKNOWN,FULL_MIX_AND_STEM_MATCH,"[""F_MIX_00557""]",1
bass,STEM,BASS_00284,112.43102040816326,,STEM_ONLY,[],0
bass,STEM,BASS_00285,112.51229024943311,DRUM_SUPPORTED,FULL_MIX_AND_STEM_MATCH,"[""F_MIX_00559""]",1
bass,STEM,BASS_00286,113.24371882086167,,STEM_ONLY,[],0
bass,STEM,BASS_00287,113.62684807256235,,STEM_ONLY,[],0
bass,STEM,BASS_00288,113.97514739229025,,STEM_ONLY,[],0
bass,STEM,BASS_00289,114.69496598639456,,STEM_ONLY,[],0
bass,STEM,BASS_00290,115.07809523809524,BASS_AND_DRUM_SUPPORTED,FULL_MIX_AND_STEM_MATCH,"[""F_MIX_00571""]",1
bass,STEM,BASS_00291,115.43800453514739,BASS_AND_DRUM_SUPPORTED,FULL_MIX_AND_STEM_MATCH,"[""F_MIX_00572""]",1
bass,STEM,BASS_00292,115.80952380952381,BASS_AND_DRUM_SUPPORTED,FULL_MIX_AND_STEM_MATCH,"[""F_MIX_00573""]",1
bass,STEM,BASS_00293,116.54095238095238,,STEM_ONLY,[],0
bass,STEM,BASS_00294,116.86603174603175,BASS_AND_DRUM_SUPPORTED,FULL_MIX_AND_STEM_MATCH,"[""F_MIX_00578""]",1
bass,STEM,BASS_00295,117.2259410430839,BASS_AND_DRUM_SUPPORTED,FULL_MIX_AND_STEM_MATCH,"[""F_MIX_00579""]",1
bass,STEM,BASS_00296,117.59746031746032,DRUM_SUPPORTED,FULL_MIX_AND_STEM_MATCH,"[""F_MIX_00582""]",1
bass,STEM,BASS_00297,117.980589569161,BASS_AND_DRUM_SUPPORTED,FULL_MIX_AND_STEM_MATCH,"[""F_MIX_00583""]",1
bass,STEM,BASS_00298,118.2940589569161,,STEM_ONLY,[],0
bass,STEM,BASS_00299,119.81496598639455,BASS_AND_DRUM_SUPPORTED,FULL_MIX_AND_STEM_MATCH,"[""F_MIX_00591""]",1
bass,STEM,BASS_00300,119.93106575963719,,STEM_ONLY,[],0
bass,STEM,BASS_00301,119.97750566893424,,STEM_ONLY,[],0
bass,STEM,BASS_00302,120.97596371882086,,STEM_ONLY,[],0
bass,STEM,BASS_00303,121.2429931972789,BASS_AND_DRUM_SUPPORTED,FULL_MIX_AND_STEM_MATCH,"[""F_MIX_00597""]",1
bass,STEM,BASS_00304,121.62612244897959,BASS_AND_DRUM_SUPPORTED,FULL_MIX_AND_STEM_MATCH,"[""F_MIX_00598""]",1
bass,STEM,BASS_00305,121.97442176870749,BASS_AND_DRUM_SUPPORTED,FULL_MIX_AND_STEM_MATCH,"[""F_MIX_00600""]",1
bass,STEM,BASS_00306,122.33433106575964,BASS_AND_DRUM_SUPPORTED,FULL_MIX_AND_STEM_MATCH,"[""F_MIX_00602""]",1
bass,STEM,BASS_00307,123.07736961451248,,STEM_ONLY,[],0
bass,STEM,BASS_00308,123.42566893424036,BASS_AND_DRUM_SUPPORTED,FULL_MIX_AND_STEM_MATCH,"[""F_MIX_00606""]",1
bass,STEM,BASS_00309,123.80879818594104,BASS_AND_DRUM_SUPPORTED,FULL_MIX_AND_STEM_MATCH,"[""F_MIX_00608""]",1
bass,STEM,BASS_00310,124.1687074829932,BASS_AND_DRUM_SUPPORTED,FULL_MIX_AND_STEM_MATCH,"[""F_MIX_00610""]",1
bass,STEM,BASS_00311,124.51700680272108,BASS_AND_DRUM_SUPPORTED,FULL_MIX_AND_STEM_MATCH,"[""F_MIX_00612""]",1
bass,STEM,BASS_00312,124.88852607709751,BASS_AND_DRUM_SUPPORTED,FULL_MIX_AND_STEM_MATCH,"[""F_MIX_00613""]",1
bass,STEM,BASS_00313,125.24843537414966,BASS_AND_DRUM_SUPPORTED,FULL_MIX_AND_STEM_MATCH,"[""F_MIX_00615""]",1
bass,STEM,BASS_00314,125.61995464852608,,STEM_ONLY,[],0
bass,STEM,BASS_00315,125.96825396825396,,STEM_ONLY,[],0
bass,STEM,BASS_00316,126.1191836734694,,STEM_ONLY,[],0
bass,STEM,BASS_00317,126.21206349206349,,STEM_ONLY,[],0
bass,STEM,BASS_00318,126.32816326530612,,STEM_ONLY,[],0
bass,STEM,BASS_00319,126.65324263038549,BASS_AND_DRUM_SUPPORTED,FULL_MIX_AND_STEM_MATCH,"[""F_MIX_00621""]",1
bass,STEM,BASS_00320,126.68807256235827,DRUM_SUPPORTED,FULL_MIX_AND_STEM_MATCH,"[""F_MIX_00622""]",1
bass,STEM,BASS_00321,126.92027210884353,UNKNOWN,FULL_MIX_AND_STEM_MATCH,"[""F_MIX_00623""]",1
bass,STEM,BASS_00322,127.17569160997732,,STEM_ONLY,[],0
bass,STEM,BASS_00323,127.38467120181406,DRUM_SUPPORTED,FULL_MIX_AND_STEM_MATCH,"[""F_MIX_00626""]",1
bass,STEM,BASS_00324,127.73297052154194,DRUM_SUPPORTED,FULL_MIX_AND_STEM_MATCH,"[""F_MIX_00628""]",1
bass,STEM,BASS_00325,128.11609977324264,DRUM_SUPPORTED,FULL_MIX_AND_STEM_MATCH,"[""F_MIX_00630""]",1
bass,STEM,BASS_00326,128.46439909297052,,STEM_ONLY,[],0
bass,STEM,BASS_00327,128.83591836734695,,STEM_ONLY,[],0
bass,STEM,BASS_00328,129.20743764172335,DRUM_SUPPORTED,FULL_MIX_AND_STEM_MATCH,"[""F_MIX_00635""]",1
bass,STEM,BASS_00329,129.5673469387755,,STEM_ONLY,[],0
bass,STEM,BASS_00330,129.93886621315193,DRUM_SUPPORTED,FULL_MIX_AND_STEM_MATCH,"[""F_MIX_00639""]",1
bass,STEM,BASS_00331,130.29877551020408,DRUM_SUPPORTED,FULL_MIX_AND_STEM_MATCH,"[""F_MIX_00640""]",1
bass,STEM,BASS_00332,130.6702947845805,,STEM_ONLY,[],0
bass,STEM,BASS_00333,130.91410430839002,,STEM_ONLY,[],0
bass,STEM,BASS_00334,131.0185941043084,DRUM_SUPPORTED,FULL_MIX_AND_STEM_MATCH,"[""F_MIX_00645""]",1
bass,STEM,BASS_00335,131.25079365079364,UNKNOWN,FULL_MIX_AND_STEM_MATCH,"[""F_MIX_00646""]",1
bass,STEM,BASS_00336,131.3320634920635,UNKNOWN,FULL_MIX_AND_STEM_MATCH,"[""F_MIX_00647""]",1
bass,STEM,BASS_00337,131.84290249433107,,STEM_ONLY,[],0
bass,STEM,BASS_00338,131.91256235827663,,STEM_ONLY,[],0
bass,STEM,BASS_00339,132.43501133786847,DRUM_SUPPORTED,FULL_MIX_AND_STEM_MATCH,"[""F_MIX_00651""]",1
bass,STEM,BASS_00340,132.79492063492063,DRUM_SUPPORTED,FULL_MIX_AND_STEM_MATCH,"[""F_MIX_00653""]",1
bass,STEM,BASS_00341,133.14321995464852,,STEM_ONLY,[],0
bass,STEM,BASS_00342,133.49151927437643,,STEM_ONLY,[],0
bass,STEM,BASS_00343,133.86303854875283,DRUM_SUPPORTED,FULL_MIX_AND_STEM_MATCH,"[""F_MIX_00658""]",1
bass,STEM,BASS_00344,134.22294784580498,DRUM_SUPPORTED,FULL_MIX_AND_STEM_MATCH,"[""F_MIX_00660""]",1
bass,STEM,BASS_00345,134.91954648526078,DRUM_SUPPORTED,FULL_MIX_AND_STEM_MATCH,"[""F_MIX_00662""]",1
bass,STEM,BASS_00346,135.29106575963718,DRUM_SUPPORTED,FULL_MIX_AND_STEM_MATCH,"[""F_MIX_00663""]",1
bass,STEM,BASS_00347,135.6625850340136,DRUM_SUPPORTED,FULL_MIX_AND_STEM_MATCH,"[""F_MIX_00664""]",1
bass,STEM,BASS_00348,136.0108843537415,DRUM_SUPPORTED,FULL_MIX_AND_STEM_MATCH,"[""F_MIX_00665""]",1
bass,STEM,BASS_00349,136.37079365079364,DRUM_SUPPORTED,FULL_MIX_AND_STEM_MATCH,"[""F_MIX_00666""]",1
bass,STEM,BASS_00350,136.74231292517007,DRUM_SUPPORTED,FULL_MIX_AND_STEM_MATCH,"[""F_MIX_00668""]",1
bass,STEM,BASS_00351,137.4853514739229,DRUM_SUPPORTED,FULL_MIX_AND_STEM_MATCH,"[""F_MIX_00672""]",1
bass,STEM,BASS_00352,137.75238095238095,UNKNOWN,FULL_MIX_AND_STEM_MATCH,"[""F_MIX_00673""]",1
bass,STEM,BASS_00353,137.8336507936508,DRUM_SUPPORTED,FULL_MIX_AND_STEM_MATCH,"[""F_MIX_00674""]",1
bass,STEM,BASS_00354,138.10068027210883,DRUM_SUPPORTED,FULL_MIX_AND_STEM_MATCH,"[""F_MIX_00675""]",1
bass,STEM,BASS_00355,138.55346938775511,DRUM_SUPPORTED,FULL_MIX_AND_STEM_MATCH,"[""F_MIX_00676""]",1
bass,STEM,BASS_00356,138.59990929705216,,STEM_ONLY,[],0
bass,STEM,BASS_00357,138.87854875283446,,STEM_ONLY,[],0
bass,STEM,BASS_00358,139.26167800453516,DRUM_SUPPORTED,FULL_MIX_AND_STEM_MATCH,"[""F_MIX_00679""]",1
bass,STEM,BASS_00359,139.63319727891155,DRUM_SUPPORTED,FULL_MIX_AND_STEM_MATCH,"[""F_MIX_00681""]",1
bass,STEM,BASS_00360,139.9698866213152,DRUM_SUPPORTED,FULL_MIX_AND_STEM_MATCH,"[""F_MIX_00683""]",1
bass,STEM,BASS_00361,140.21369614512471,DRUM_SUPPORTED,FULL_MIX_AND_STEM_MATCH,"[""F_MIX_00684""]",1
bass,STEM,BASS_00362,140.34140589569162,,STEM_ONLY,[],0
bass,STEM,BASS_00363,140.70131519274378,DRUM_SUPPORTED,FULL_MIX_AND_STEM_MATCH,"[""F_MIX_00686""]",1
bass,STEM,BASS_00364,141.04961451247166,DRUM_SUPPORTED,FULL_MIX_AND_STEM_MATCH,"[""F_MIX_00687""]",1
bass,STEM,BASS_00365,141.43274376417233,DRUM_SUPPORTED,FULL_MIX_AND_STEM_MATCH,"[""F_MIX_00689""]",1
bass,STEM,BASS_00366,141.79265306122448,DRUM_SUPPORTED,FULL_MIX_AND_STEM_MATCH,"[""F_MIX_00691""]",1
bass,STEM,BASS_00367,142.14095238095237,DRUM_SUPPORTED,FULL_MIX_AND_STEM_MATCH,"[""F_MIX_00692""]",1
bass,STEM,BASS_00368,142.5124716553288,,STEM_ONLY,[],0
bass,STEM,BASS_00369,142.87238095238095,DRUM_SUPPORTED,FULL_MIX_AND_STEM_MATCH,"[""F_MIX_00695""]",1
bass,STEM,BASS_00370,143.24390022675738,DRUM_SUPPORTED,FULL_MIX_AND_STEM_MATCH,"[""F_MIX_00697""]",1
bass,STEM,BASS_00371,143.95210884353742,DRUM_SUPPORTED,FULL_MIX_AND_STEM_MATCH,"[""F_MIX_00700""]",1
bass,STEM,BASS_00372,144.34684807256235,,STEM_ONLY,[],0
bass,STEM,BASS_00373,144.7067573696145,,STEM_ONLY,[],0
bass,STEM,BASS_00374,145.07827664399093,,STEM_ONLY,[],0
bass,STEM,BASS_00375,145.32208616780045,,STEM_ONLY,[],0
bass,STEM,BASS_00376,145.64716553287982,DRUM_SUPPORTED,FULL_MIX_AND_STEM_MATCH,"[""F_MIX_00707""]",1
bass,STEM,BASS_00377,145.78648526077097,,STEM_ONLY,[],0
bass,STEM,BASS_00378,145.97224489795917,,STEM_ONLY,[],0
bass,STEM,BASS_00379,146.00707482993198,UNKNOWN,FULL_MIX_AND_STEM_MATCH,"[""F_MIX_00709""]",1
bass,STEM,BASS_00380,146.35537414965987,,STEM_ONLY,[],0
bass,STEM,BASS_00381,146.5643537414966,,STEM_ONLY,[],0
bass,STEM,BASS_00382,146.71528344671202,UNKNOWN,FULL_MIX_AND_STEM_MATCH,"[""F_MIX_00712""]",1
bass,STEM,BASS_00383,146.8429931972789,UNKNOWN,FULL_MIX_AND_STEM_MATCH,"[""F_MIX_00714""]",1
bass,STEM,BASS_00384,147.01714285714286,UNKNOWN,FULL_MIX_AND_STEM_MATCH,"[""F_MIX_00715""]",1
bass,STEM,BASS_00385,147.0635827664399,UNKNOWN,FULL_MIX_AND_STEM_MATCH,"[""F_MIX_00716""]",1
bass,STEM,BASS_00386,147.14485260770974,UNKNOWN,FULL_MIX_AND_STEM_MATCH,"[""F_MIX_00717""]",1
bass,STEM,BASS_00387,147.19129251700681,DRUM_SUPPORTED,FULL_MIX_AND_STEM_MATCH,"[""F_MIX_00718""]",1
bass,STEM,BASS_00388,147.43510204081633,UNKNOWN,FULL_MIX_AND_STEM_MATCH,"[""F_MIX_00719""]",1
bass,STEM,BASS_00389,147.5628117913832,UNKNOWN,FULL_MIX_AND_STEM_MATCH,"[""F_MIX_00721""]",1
bass,STEM,BASS_00390,147.73696145124717,UNKNOWN,FULL_MIX_AND_STEM_MATCH,"[""F_MIX_00722""]",1
bass,STEM,BASS_00391,147.7950113378685,UNKNOWN,FULL_MIX_AND_STEM_MATCH,"[""F_MIX_00723""]",1
bass,STEM,BASS_00392,147.92272108843537,DRUM_SUPPORTED,FULL_MIX_AND_STEM_MATCH,"[""F_MIX_00725""]",1
bass,STEM,BASS_00393,148.08526077097505,UNKNOWN,FULL_MIX_AND_STEM_MATCH,"[""F_MIX_00726""]",1
bass,STEM,BASS_00394,148.16653061224488,UNKNOWN,FULL_MIX_AND_STEM_MATCH,"[""F_MIX_00727""]",1
bass,STEM,BASS_00395,148.30585034013606,DRUM_SUPPORTED,FULL_MIX_AND_STEM_MATCH,"[""F_MIX_00729""]",1
bass,STEM,BASS_00396,148.52643990929704,DRUM_SUPPORTED,FULL_MIX_AND_STEM_MATCH,"[""F_MIX_00730""]",1
bass,STEM,BASS_00397,148.99083900226756,,STEM_ONLY,[],0
bass,STEM,BASS_00398,149.11854875283447,UNKNOWN,FULL_MIX_AND_STEM_MATCH,"[""F_MIX_00734""]",1
bass,STEM,BASS_00399,149.22303854875284,,STEM_ONLY,[],0
bass,STEM,BASS_00400,149.35074829931972,UNKNOWN,FULL_MIX_AND_STEM_MATCH,"[""F_MIX_00736""]",1
bass,STEM,BASS_00401,149.7338775510204,DRUM_SUPPORTED,FULL_MIX_AND_STEM_MATCH,"[""F_MIX_00738""]",1
bass,STEM,BASS_00402,149.8964172335601,UNKNOWN,FULL_MIX_AND_STEM_MATCH,"[""F_MIX_00739""]",1
bass,STEM,BASS_00403,150.31437641723355,UNKNOWN,FULL_MIX_AND_STEM_MATCH,"[""F_MIX_00742""]",1
bass,STEM,BASS_00404,150.465306122449,DRUM_SUPPORTED,FULL_MIX_AND_STEM_MATCH,"[""F_MIX_00744""]",1
bass,STEM,BASS_00405,150.7091156462585,UNKNOWN,FULL_MIX_AND_STEM_MATCH,"[""F_MIX_00745""]",1
bass,STEM,BASS_00406,151.01097505668935,UNKNOWN,FULL_MIX_AND_STEM_MATCH,"[""F_MIX_00747""]",1
bass,STEM,BASS_00407,151.0806349206349,UNKNOWN,FULL_MIX_AND_STEM_MATCH,"[""F_MIX_00748""]",1
bass,STEM,BASS_00408,151.45215419501133,UNKNOWN,FULL_MIX_AND_STEM_MATCH,"[""F_MIX_00750""]",1
bass,STEM,BASS_00409,151.7772335600907,DRUM_SUPPORTED,FULL_MIX_AND_STEM_MATCH,"[""F_MIX_00752""]",1
bass,STEM,BASS_00410,152.29968253968255,,STEM_ONLY,[],0
bass,STEM,BASS_00411,152.67120181405895,DRUM_SUPPORTED,FULL_MIX_AND_STEM_MATCH,"[""F_MIX_00757""]",1
bass,STEM,BASS_00412,153.01950113378686,DRUM_SUPPORTED,FULL_MIX_AND_STEM_MATCH,"[""F_MIX_00758""]",1
bass,STEM,BASS_00413,153.37941043083902,DRUM_SUPPORTED,FULL_MIX_AND_STEM_MATCH,"[""F_MIX_00759""]",1
bass,STEM,BASS_00414,153.73931972789114,DRUM_SUPPORTED,FULL_MIX_AND_STEM_MATCH,"[""F_MIX_00760""]",1
bass,STEM,BASS_00415,154.1340589569161,,STEM_ONLY,[],0
bass,STEM,BASS_00416,154.3894784580499,,STEM_ONLY,[],0
bass,STEM,BASS_00417,154.47074829931972,DRUM_SUPPORTED,FULL_MIX_AND_STEM_MATCH,"[""F_MIX_00763""]",1
bass,STEM,BASS_00418,154.85387755102042,DRUM_SUPPORTED,FULL_MIX_AND_STEM_MATCH,"[""F_MIX_00765""]",1
bass,STEM,BASS_00419,155.19056689342403,DRUM_SUPPORTED,FULL_MIX_AND_STEM_MATCH,"[""F_MIX_00767""]",1
bass,STEM,BASS_00420,155.44598639455782,DRUM_SUPPORTED,FULL_MIX_AND_STEM_MATCH,"[""F_MIX_00768""]",1
bass,STEM,BASS_00421,155.5504761904762,,STEM_ONLY,[],0
bass,STEM,BASS_00422,155.9219954648526,DRUM_SUPPORTED,FULL_MIX_AND_STEM_MATCH,"[""F_MIX_00771""]",1
bass,STEM,BASS_00423,156.2702947845805,DRUM_SUPPORTED,FULL_MIX_AND_STEM_MATCH,"[""F_MIX_00773""]",1
bass,STEM,BASS_00424,156.63020408163266,DRUM_SUPPORTED,FULL_MIX_AND_STEM_MATCH,"[""F_MIX_00775""]",1
bass,STEM,BASS_00425,156.94367346938776,,STEM_ONLY,[],0
bass,STEM,BASS_00426,157.00172335600908,,STEM_ONLY,[],0
bass,STEM,BASS_00427,157.14104308390023,,STEM_ONLY,[],0
bass,STEM,BASS_00428,157.61705215419502,DRUM_SUPPORTED,FULL_MIX_AND_STEM_MATCH,"[""F_MIX_00778""]",1
bass,STEM,BASS_00429,157.7447619047619,DRUM_SUPPORTED,FULL_MIX_AND_STEM_MATCH,"[""F_MIX_00779""]",1
bass,STEM,BASS_00430,157.97696145124718,UNKNOWN,FULL_MIX_AND_STEM_MATCH,"[""F_MIX_00780""]",1
bass,STEM,BASS_00431,158.36009070294784,,STEM_ONLY,[],0
bass,STEM,BASS_00432,158.48780045351475,,STEM_ONLY,[],0
bass,STEM,BASS_00433,159.1031292517007,UNKNOWN,FULL_MIX_AND_STEM_MATCH,"[""F_MIX_00785""]",1
bass,STEM,BASS_00434,159.2192290249433,DRUM_SUPPORTED,FULL_MIX_AND_STEM_MATCH,"[""F_MIX_00787""]",1
bass,STEM,BASS_00435,159.54430839002268,DRUM_SUPPORTED,FULL_MIX_AND_STEM_MATCH,"[""F_MIX_00789""]",1
bass,STEM,BASS_00436,159.81133786848073,UNKNOWN,FULL_MIX_AND_STEM_MATCH,"[""F_MIX_00791""]",1
bass,STEM,BASS_00437,160.20607709750567,,STEM_ONLY,[],0
bass,STEM,BASS_00438,160.2873469387755,DRUM_SUPPORTED,FULL_MIX_AND_STEM_MATCH,"[""F_MIX_00794""]",1
bass,STEM,BASS_00439,160.6356462585034,DRUM_SUPPORTED,FULL_MIX_AND_STEM_MATCH,"[""F_MIX_00795""]",1
bass,STEM,BASS_00440,160.86784580498866,UNKNOWN,FULL_MIX_AND_STEM_MATCH,"[""F_MIX_00797""]",1
bass,STEM,BASS_00441,161.19292517006804,UNKNOWN,FULL_MIX_AND_STEM_MATCH,"[""F_MIX_00799""]",1
bass,STEM,BASS_00442,161.2393650793651,UNKNOWN,FULL_MIX_AND_STEM_MATCH,"[""F_MIX_00800""]",1
bass,STEM,BASS_00443,161.41351473922902,UNKNOWN,FULL_MIX_AND_STEM_MATCH,"[""F_MIX_00803""]",1
bass,STEM,BASS_00444,161.61088435374148,DRUM_SUPPORTED,FULL_MIX_AND_STEM_MATCH,"[""F_MIX_00804""]",1
bass,STEM,BASS_00445,161.7385941043084,DRUM_SUPPORTED,FULL_MIX_AND_STEM_MATCH,"[""F_MIX_00805""]",1
bass,STEM,BASS_00446,161.9824036281179,UNKNOWN,FULL_MIX_AND_STEM_MATCH,"[""F_MIX_00806""]",1
bass,STEM,BASS_00447,162.47002267573697,DRUM_SUPPORTED,FULL_MIX_AND_STEM_MATCH,"[""F_MIX_00808""]",1
bass,STEM,BASS_00448,162.85315192743764,UNKNOWN,FULL_MIX_AND_STEM_MATCH,"[""F_MIX_00811""]",1
bass,STEM,BASS_00449,163.0505215419501,DRUM_SUPPORTED,FULL_MIX_AND_STEM_MATCH,"[""F_MIX_00812""]",1
bass,STEM,BASS_00450,163.22467120181406,,STEM_ONLY,[],0
bass,STEM,BASS_00451,163.42204081632653,,STEM_ONLY,[],0
bass,STEM,BASS_00452,163.4568707482993,UNKNOWN,FULL_MIX_AND_STEM_MATCH,"[""F_MIX_00814""]",1
bass,STEM,BASS_00453,163.56136054421768,,STEM_ONLY,[],0
bass,STEM,BASS_00454,163.92126984126983,DRUM_SUPPORTED,FULL_MIX_AND_STEM_MATCH,"[""F_MIX_00816""]",1
bass,STEM,BASS_00455,164.29278911564626,DRUM_SUPPORTED,FULL_MIX_AND_STEM_MATCH,"[""F_MIX_00818""]",1
bass,STEM,BASS_00456,164.53659863945578,UNKNOWN,FULL_MIX_AND_STEM_MATCH,"[""F_MIX_00820""]",1
bass,STEM,BASS_00457,164.62947845804987,DRUM_SUPPORTED,FULL_MIX_AND_STEM_MATCH,"[""F_MIX_00821""]",1
bass,STEM,BASS_00458,165.0009977324263,,STEM_ONLY,[],0
bass,STEM,BASS_00459,165.37251700680272,DRUM_SUPPORTED,FULL_MIX_AND_STEM_MATCH,"[""F_MIX_00824""]",1
bass,STEM,BASS_00460,165.7556462585034,,STEM_ONLY,[],0
bass,STEM,BASS_00461,166.1039455782313,DRUM_SUPPORTED,FULL_MIX_AND_STEM_MATCH,"[""F_MIX_00828""]",1
bass,STEM,BASS_00462,166.4522448979592,DRUM_SUPPORTED,FULL_MIX_AND_STEM_MATCH,"[""F_MIX_00830""]",1
bass,STEM,BASS_00463,166.80054421768708,,STEM_ONLY,[],0
bass,STEM,BASS_00464,167.16045351473923,DRUM_SUPPORTED,FULL_MIX_AND_STEM_MATCH,"[""F_MIX_00834""]",1
bass,STEM,BASS_00465,167.5203628117914,DRUM_SUPPORTED,FULL_MIX_AND_STEM_MATCH,"[""F_MIX_00837""]",1
bass,STEM,BASS_00466,167.8918820861678,,STEM_ONLY,[],0
bass,STEM,BASS_00467,168.2401814058957,DRUM_SUPPORTED,FULL_MIX_AND_STEM_MATCH,"[""F_MIX_00840""]",1
bass,STEM,BASS_00468,168.84390022675737,DRUM_SUPPORTED,FULL_MIX_AND_STEM_MATCH,"[""F_MIX_00843""]",1
bass,STEM,BASS_00469,169.19219954648526,DRUM_SUPPORTED,FULL_MIX_AND_STEM_MATCH,"[""F_MIX_00845""]",1
bass,STEM,BASS_00470,169.42439909297053,,STEM_ONLY,[],0
bass,STEM,BASS_00471,169.9004081632653,DRUM_SUPPORTED,FULL_MIX_AND_STEM_MATCH,"[""F_MIX_00848""]",1
bass,STEM,BASS_00472,170.01650793650794,,STEM_ONLY,[],0
bass,STEM,BASS_00473,170.07455782312925,,STEM_ONLY,[],0
bass,STEM,BASS_00474,170.283537414966,DRUM_SUPPORTED,FULL_MIX_AND_STEM_MATCH,"[""F_MIX_00851""]",1
bass,STEM,BASS_00475,170.63183673469388,,STEM_ONLY,[],0
bass,STEM,BASS_00476,170.75954648526078,DRUM_SUPPORTED,FULL_MIX_AND_STEM_MATCH,"[""F_MIX_00854""]",1
bass,STEM,BASS_00477,170.98013605442176,DRUM_SUPPORTED,FULL_MIX_AND_STEM_MATCH,"[""F_MIX_00855""]",1
bass,STEM,BASS_00478,171.15428571428572,,STEM_ONLY,[],0
bass,STEM,BASS_00479,171.46775510204083,DRUM_SUPPORTED,FULL_MIX_AND_STEM_MATCH,"[""F_MIX_00858""]",1
bass,STEM,BASS_00480,171.71156462585034,DRUM_SUPPORTED,FULL_MIX_AND_STEM_MATCH,"[""F_MIX_00859""]",1
bass,STEM,BASS_00481,172.2340136054422,UNKNOWN,FULL_MIX_AND_STEM_MATCH,"[""F_MIX_00863""]",1
bass,STEM,BASS_00482,172.5707029478458,,STEM_ONLY,[],0
bass,STEM,BASS_00483,172.7912925170068,DRUM_SUPPORTED,FULL_MIX_AND_STEM_MATCH,"[""F_MIX_00865""]",1
bass,STEM,BASS_00484,173.15120181405896,UNKNOWN,FULL_MIX_AND_STEM_MATCH,"[""F_MIX_00867""]",1
bass,STEM,BASS_00485,173.18603174603174,,STEM_ONLY,[],0
bass,STEM,BASS_00486,173.26730158730157,DRUM_SUPPORTED,FULL_MIX_AND_STEM_MATCH,"[""F_MIX_00868""]",1
bass,STEM,BASS_00487,173.49950113378685,DRUM_SUPPORTED,FULL_MIX_AND_STEM_MATCH,"[""F_MIX_00869""]",1
bass,STEM,BASS_00488,173.8013605442177,,STEM_ONLY,[],0
bass,STEM,BASS_00489,173.96390022675737,DRUM_SUPPORTED,FULL_MIX_AND_STEM_MATCH,"[""F_MIX_00872""]",1
bass,STEM,BASS_00490,174.09160997732425,UNKNOWN,FULL_MIX_AND_STEM_MATCH,"[""F_MIX_00873""]",1
bass,STEM,BASS_00491,174.34702947845804,,STEM_ONLY,[],0
bass,STEM,BASS_00492,174.46312925170068,,STEM_ONLY,[],0
bass,STEM,BASS_00493,174.55600907029478,,STEM_ONLY,[],0
bass,STEM,BASS_00494,174.67210884353742,,STEM_ONLY,[],0
bass,STEM,BASS_00495,175.41514739229024,DRUM_SUPPORTED,FULL_MIX_AND_STEM_MATCH,"[""F_MIX_00883""]",1
bass,STEM,BASS_00496,176.13496598639455,DRUM_SUPPORTED,FULL_MIX_AND_STEM_MATCH,"[""F_MIX_00889""]",1
bass,STEM,BASS_00497,176.86639455782313,,STEM_ONLY,[],0
bass,STEM,BASS_00498,177.24952380952382,DRUM_SUPPORTED,FULL_MIX_AND_STEM_MATCH,"[""F_MIX_00895""]",1
bass,STEM,BASS_00499,177.5978231292517,DRUM_SUPPORTED,FULL_MIX_AND_STEM_MATCH,"[""F_MIX_00896""]",1
bass,STEM,BASS_00500,177.86485260770976,DRUM_SUPPORTED,FULL_MIX_AND_STEM_MATCH,"[""F_MIX_00897""]",1
bass,STEM,BASS_00501,178.32925170068026,DRUM_SUPPORTED,FULL_MIX_AND_STEM_MATCH,"[""F_MIX_00899""]",1
bass,STEM,BASS_00502,178.68916099773242,,STEM_ONLY,[],0
bass,STEM,BASS_00503,179.02585034013606,DRUM_SUPPORTED,FULL_MIX_AND_STEM_MATCH,"[""F_MIX_00901""]",1
bass,STEM,BASS_00504,180.74412698412698,DRUM_SUPPORTED,FULL_MIX_AND_STEM_MATCH,"[""F_MIX_00908""]",1
bass,STEM,BASS_00505,180.88344671201813,DRUM_SUPPORTED,FULL_MIX_AND_STEM_MATCH,"[""F_MIX_00910""]",1
bass,STEM,BASS_00506,181.23174603174604,DRUM_SUPPORTED,FULL_MIX_AND_STEM_MATCH,"[""F_MIX_00911""]",1
bass,STEM,BASS_00507,181.6148752834467,DRUM_SUPPORTED,FULL_MIX_AND_STEM_MATCH,"[""F_MIX_00914""]",1
bass,STEM,BASS_00508,181.85868480725622,UNKNOWN,FULL_MIX_AND_STEM_MATCH,"[""F_MIX_00915""]",1
bass,STEM,BASS_00509,182.21859410430838,DRUM_SUPPORTED,FULL_MIX_AND_STEM_MATCH,"[""F_MIX_00917""]",1
bass,STEM,BASS_00510,182.35791383219956,DRUM_SUPPORTED,FULL_MIX_AND_STEM_MATCH,"[""F_MIX_00919""]",1
bass,STEM,BASS_00511,182.70621315192744,,STEM_ONLY,[],0
bass,STEM,BASS_00512,182.96163265306123,DRUM_SUPPORTED,FULL_MIX_AND_STEM_MATCH,"[""F_MIX_00921""]",1
bass,STEM,BASS_00513,183.66984126984127,DRUM_SUPPORTED,FULL_MIX_AND_STEM_MATCH,"[""F_MIX_00923""]",1
bass,STEM,BASS_00514,183.79755102040815,DRUM_SUPPORTED,FULL_MIX_AND_STEM_MATCH,"[""F_MIX_00925""]",1
bass,STEM,BASS_00515,183.98331065759638,DRUM_SUPPORTED,FULL_MIX_AND_STEM_MATCH,"[""F_MIX_00926""]",1
bass,STEM,BASS_00516,184.12263038548753,DRUM_SUPPORTED,FULL_MIX_AND_STEM_MATCH,"[""F_MIX_00928""]",1
bass,STEM,BASS_00517,184.33160997732426,,STEM_ONLY,[],0
bass,STEM,BASS_00518,184.4709297052154,DRUM_SUPPORTED,FULL_MIX_AND_STEM_MATCH,"[""F_MIX_00930""]",1
bass,STEM,BASS_00519,184.66829931972788,,STEM_ONLY,[],0
bass,STEM,BASS_00520,185.00498866213152,,STEM_ONLY,[],0
bass,STEM,BASS_00521,185.05142857142857,DRUM_SUPPORTED,FULL_MIX_AND_STEM_MATCH,"[""F_MIX_00933""]",1
bass,STEM,BASS_00522,185.52743764172337,DRUM_SUPPORTED,FULL_MIX_AND_STEM_MATCH,"[""F_MIX_00935""]",1
bass,STEM,BASS_00523,186.1427664399093,DRUM_SUPPORTED,FULL_MIX_AND_STEM_MATCH,"[""F_MIX_00938""]",1
bass,STEM,BASS_00524,186.6419954648526,DRUM_SUPPORTED,FULL_MIX_AND_STEM_MATCH,"[""F_MIX_00940""]",1
bass,STEM,BASS_00525,186.9206349206349,,STEM_ONLY,[],0
bass,STEM,BASS_00526,187.01351473922904,DRUM_SUPPORTED,FULL_MIX_AND_STEM_MATCH,"[""F_MIX_00943""]",1
bass,STEM,BASS_00527,187.40825396825397,DRUM_SUPPORTED,FULL_MIX_AND_STEM_MATCH,"[""F_MIX_00946""]",1
bass,STEM,BASS_00528,187.7449433106576,DRUM_SUPPORTED,FULL_MIX_AND_STEM_MATCH,"[""F_MIX_00948""]",1
bass,STEM,BASS_00529,188.11646258503401,,STEM_ONLY,[],0
bass,STEM,BASS_00530,188.47637188208617,,STEM_ONLY,[],0
bass,STEM,BASS_00531,188.82467120181406,DRUM_SUPPORTED,FULL_MIX_AND_STEM_MATCH,"[""F_MIX_00951""]",1
bass,STEM,BASS_00532,189.0917006802721,DRUM_SUPPORTED,FULL_MIX_AND_STEM_MATCH,"[""F_MIX_00952""]",1
bass,STEM,BASS_00533,189.17297052154194,DRUM_SUPPORTED,FULL_MIX_AND_STEM_MATCH,"[""F_MIX_00953""]",1
bass,STEM,BASS_00534,189.78829931972788,,STEM_ONLY,[],0
bass,STEM,BASS_00535,189.86956916099774,,STEM_ONLY,[],0
bass,STEM,BASS_00536,190.2526984126984,DRUM_SUPPORTED,FULL_MIX_AND_STEM_MATCH,"[""F_MIX_00957""]",1
bass,STEM,BASS_00537,190.99573696145126,,STEM_ONLY,[],0
bass,STEM,BASS_00538,191.3208163265306,DRUM_SUPPORTED,FULL_MIX_AND_STEM_MATCH,"[""F_MIX_00960""]",1
bass,STEM,BASS_00539,191.68072562358276,,STEM_ONLY,[],0
bass,STEM,BASS_00540,191.91292517006804,,STEM_ONLY,[],0
bass,STEM,BASS_00541,197.6018140589569,DRUM_SUPPORTED,FULL_MIX_AND_STEM_MATCH,"[""F_MIX_00993""]",1
bass,STEM,BASS_00542,197.96172335600906,DRUM_SUPPORTED,FULL_MIX_AND_STEM_MATCH,"[""F_MIX_00995""]",1
bass,STEM,BASS_00543,198.36807256235826,,STEM_ONLY,[],0
bass,STEM,BASS_00544,198.7047619047619,,STEM_ONLY,[],0
bass,STEM,BASS_00545,199.06467120181406,DRUM_SUPPORTED,FULL_MIX_AND_STEM_MATCH,"[""F_MIX_00997""]",1
bass,STEM,BASS_00546,199.42458049886622,DRUM_SUPPORTED,FULL_MIX_AND_STEM_MATCH,"[""F_MIX_00998""]",1
bass,STEM,BASS_00547,199.78448979591838,,STEM_ONLY,[],0
bass,STEM,BASS_00548,200.15600907029477,DRUM_SUPPORTED,FULL_MIX_AND_STEM_MATCH,"[""F_MIX_01000""]",1
bass,STEM,BASS_00549,200.5043083900227,,STEM_ONLY,[],0
bass,STEM,BASS_00550,200.88743764172335,,STEM_ONLY,[],0
bass,STEM,BASS_00551,201.13124716553287,,STEM_ONLY,[],0
bass,STEM,BASS_00552,201.23573696145124,DRUM_SUPPORTED,FULL_MIX_AND_STEM_MATCH,"[""F_MIX_01002""]",1
bass,STEM,BASS_00553,201.60725623582766,,STEM_ONLY,[],0
bass,STEM,BASS_00554,201.96716553287982,DRUM_SUPPORTED,FULL_MIX_AND_STEM_MATCH,"[""F_MIX_01006""]",1
bass,STEM,BASS_00555,202.32707482993197,,STEM_ONLY,[],0
bass,STEM,BASS_00556,202.67537414965986,DRUM_SUPPORTED,FULL_MIX_AND_STEM_MATCH,"[""F_MIX_01010""]",1
bass,STEM,BASS_00557,202.87274376417233,UNKNOWN,FULL_MIX_AND_STEM_MATCH,"[""F_MIX_01011""]",1
bass,STEM,BASS_00558,203.02367346938775,,STEM_ONLY,[],0
bass,STEM,BASS_00559,203.3835827664399,DRUM_SUPPORTED,FULL_MIX_AND_STEM_MATCH,"[""F_MIX_01014""]",1
bass,STEM,BASS_00560,203.75510204081633,DRUM_SUPPORTED,FULL_MIX_AND_STEM_MATCH,"[""F_MIX_01016""]",1
bass,STEM,BASS_00561,209.42077097505668,UNKNOWN,FULL_MIX_AND_STEM_MATCH,"[""F_MIX_01034""]",1
bass,STEM,BASS_00562,209.9780498866213,DRUM_SUPPORTED,FULL_MIX_AND_STEM_MATCH,"[""F_MIX_01036""]",1
bass,STEM,BASS_00563,210.33795918367346,DRUM_SUPPORTED,FULL_MIX_AND_STEM_MATCH,"[""F_MIX_01040""]",1
bass,STEM,BASS_00564,210.68625850340135,DRUM_SUPPORTED,FULL_MIX_AND_STEM_MATCH,"[""F_MIX_01043""]",1
bass,STEM,BASS_00565,211.06938775510204,DRUM_SUPPORTED,FULL_MIX_AND_STEM_MATCH,"[""F_MIX_01046""]",1
bass,STEM,BASS_00566,211.40607709750566,DRUM_SUPPORTED,FULL_MIX_AND_STEM_MATCH,"[""F_MIX_01049""]",1
bass,STEM,BASS_00567,211.77759637188208,DRUM_SUPPORTED,FULL_MIX_AND_STEM_MATCH,"[""F_MIX_01053""]",1
bass,STEM,BASS_00568,211.9981859410431,,STEM_ONLY,[],0
bass,STEM,BASS_00569,212.1491156462585,DRUM_SUPPORTED,FULL_MIX_AND_STEM_MATCH,"[""F_MIX_01055""]",1
bass,STEM,BASS_00570,212.30004535147393,,STEM_ONLY,[],0
bass,STEM,BASS_00571,212.52063492063493,DRUM_SUPPORTED,FULL_MIX_AND_STEM_MATCH,"[""F_MIX_01057""]",1
bass,STEM,BASS_00572,212.8805442176871,DRUM_SUPPORTED,FULL_MIX_AND_STEM_MATCH,"[""F_MIX_01059""]",1
bass,STEM,BASS_00573,213.25206349206348,DRUM_SUPPORTED,FULL_MIX_AND_STEM_MATCH,"[""F_MIX_01061""]",1
bass,STEM,BASS_00574,213.96027210884353,,STEM_ONLY,[],0
bass,STEM,BASS_00575,214.33179138321995,DRUM_SUPPORTED,FULL_MIX_AND_STEM_MATCH,"[""F_MIX_01067""]",1
bass,STEM,BASS_00576,214.6917006802721,DRUM_SUPPORTED,FULL_MIX_AND_STEM_MATCH,"[""F_MIX_01069""]",1
bass,STEM,BASS_00577,215.05160997732426,,STEM_ONLY,[],0
bass,STEM,BASS_00578,215.43473922902496,DRUM_SUPPORTED,FULL_MIX_AND_STEM_MATCH,"[""F_MIX_01073""]",1
bass,STEM,BASS_00579,221.64607709750567,BASS_AND_DRUM_SUPPORTED,FULL_MIX_AND_STEM_MATCH,"[""F_MIX_01104""]",1
bass,STEM,BASS_00580,222.02920634920636,,STEM_ONLY,[],0
bass,STEM,BASS_00581,222.27301587301588,,STEM_ONLY,[],0
bass,STEM,BASS_00582,222.37750566893425,BASS_AND_DRUM_SUPPORTED,FULL_MIX_AND_STEM_MATCH,"[""F_MIX_01108""]",1
bass,STEM,BASS_00583,222.71419501133786,,STEM_ONLY,[],0
bass,STEM,BASS_00584,223.07410430839002,,STEM_ONLY,[],0
bass,STEM,BASS_00585,223.44562358276644,,STEM_ONLY,[],0
bass,STEM,BASS_00586,223.8055328798186,,STEM_ONLY,[],0
bass,STEM,BASS_00587,224.16544217687076,BASS_AND_DRUM_SUPPORTED,FULL_MIX_AND_STEM_MATCH,"[""F_MIX_01114""]",1
bass,STEM,BASS_00588,224.5253514739229,BASS_AND_DRUM_SUPPORTED,FULL_MIX_AND_STEM_MATCH,"[""F_MIX_01116""]",1
bass,STEM,BASS_00589,224.8968707482993,BASS_AND_DRUM_SUPPORTED,FULL_MIX_AND_STEM_MATCH,"[""F_MIX_01118""]",1
bass,STEM,BASS_00590,225.6282993197279,DRUM_SUPPORTED,FULL_MIX_AND_STEM_MATCH,"[""F_MIX_01121""]",1
bass,STEM,BASS_00591,225.97659863945577,DRUM_SUPPORTED,FULL_MIX_AND_STEM_MATCH,"[""F_MIX_01123""]",1
bass,STEM,BASS_00592,226.3248979591837,DRUM_SUPPORTED,FULL_MIX_AND_STEM_MATCH,"[""F_MIX_01125""]",1
bass,STEM,BASS_00593,226.6848072562358,,STEM_ONLY,[],0
bass,STEM,BASS_00594,232.4433560090703,UNKNOWN,FULL_MIX_AND_STEM_MATCH,"[""F_MIX_01147""]",1
bass,STEM,BASS_00595,232.59428571428572,DRUM_SUPPORTED,FULL_MIX_AND_STEM_MATCH,"[""F_MIX_01149""]",1
bass,STEM,BASS_00596,233.23283446712017,UNKNOWN,FULL_MIX_AND_STEM_MATCH,"[""F_MIX_01151""]",1
bass,STEM,BASS_00597,233.33732426303854,DRUM_SUPPORTED,FULL_MIX_AND_STEM_MATCH,"[""F_MIX_01152""]",1
bass,STEM,BASS_00598,234.1035827664399,BASS_AND_DRUM_SUPPORTED,FULL_MIX_AND_STEM_MATCH,"[""F_MIX_01156""]",1
bass,STEM,BASS_00599,234.86984126984126,BASS_AND_DRUM_SUPPORTED,FULL_MIX_AND_STEM_MATCH,"[""F_MIX_01160""]",1
bass,STEM,BASS_00600,235.60126984126984,DRUM_SUPPORTED,FULL_MIX_AND_STEM_MATCH,"[""F_MIX_01164""]",1
bass,STEM,BASS_00601,236.33269841269842,DRUM_SUPPORTED,FULL_MIX_AND_STEM_MATCH,"[""F_MIX_01168""]",1
bass,STEM,BASS_00602,236.8667573696145,UNKNOWN,FULL_MIX_AND_STEM_MATCH,"[""F_MIX_01170""]",1
bass,STEM,BASS_00603,237.1221768707483,,STEM_ONLY,[],0
bass,STEM,BASS_00604,237.37759637188208,,STEM_ONLY,[],0
bass,STEM,BASS_00605,237.71428571428572,UNKNOWN,FULL_MIX_AND_STEM_MATCH,"[""F_MIX_01174""]",1
bass,STEM,BASS_00606,237.8419954648526,BASS_AND_DRUM_SUPPORTED,FULL_MIX_AND_STEM_MATCH,"[""F_MIX_01175""]",1
bass,STEM,BASS_00607,238.20190476190476,,STEM_ONLY,[],0
bass,STEM,BASS_00608,238.5966439909297,,STEM_ONLY,[],0
bass,STEM,BASS_00609,239.96662131519275,UNKNOWN,FULL_MIX_AND_STEM_MATCH,"[""F_MIX_01185""]",1
bass,STEM,BASS_00610,240.72126984126984,,STEM_ONLY,[],0
bass,STEM,BASS_00611,240.83736961451248,DRUM_SUPPORTED,FULL_MIX_AND_STEM_MATCH,"[""F_MIX_01191""]",1
bass,STEM,BASS_00612,241.20888888888888,,STEM_ONLY,[],0
bass,STEM,BASS_00613,241.59201814058957,BASS_AND_DRUM_SUPPORTED,FULL_MIX_AND_STEM_MATCH,"[""F_MIX_01195""]",1
bass,STEM,BASS_00614,242.2421768707483,UNKNOWN,FULL_MIX_AND_STEM_MATCH,"[""F_MIX_01198""]",1
bass,STEM,BASS_00615,242.34666666666666,DRUM_SUPPORTED,FULL_MIX_AND_STEM_MATCH,"[""F_MIX_01199""]",1
bass,STEM,BASS_00616,242.59047619047618,UNKNOWN,FULL_MIX_AND_STEM_MATCH,"[""F_MIX_01201""]",1
bass,STEM,BASS_00617,244.22748299319727,DRUM_SUPPORTED,FULL_MIX_AND_STEM_MATCH,"[""F_MIX_01208""]",1
bass,STEM,BASS_00618,244.58739229024943,,STEM_ONLY,[],0
bass,STEM,BASS_00619,246.11990929705215,BASS_AND_DRUM_SUPPORTED,FULL_MIX_AND_STEM_MATCH,"[""F_MIX_01216""]",1
bass,STEM,BASS_00620,246.75845804988663,UNKNOWN,FULL_MIX_AND_STEM_MATCH,"[""F_MIX_01220""]",1
bass,STEM,BASS_00621,246.9790476190476,,STEM_ONLY,[],0
bass,STEM,BASS_00622,247.1067573696145,UNKNOWN,FULL_MIX_AND_STEM_MATCH,"[""F_MIX_01222""]",1
bass,STEM,BASS_00623,247.18802721088434,,STEM_ONLY,[],0
bass,STEM,BASS_00624,247.5827664399093,BASS_AND_DRUM_SUPPORTED,FULL_MIX_AND_STEM_MATCH,"[""F_MIX_01225""]",1
bass,STEM,BASS_00625,248.3606349206349,BASS_AND_DRUM_SUPPORTED,FULL_MIX_AND_STEM_MATCH,"[""F_MIX_01229""]",1
bass,STEM,BASS_00626,248.9991836734694,DRUM_SUPPORTED,FULL_MIX_AND_STEM_MATCH,"[""F_MIX_01233""]",1
bass,STEM,BASS_00627,249.12689342403627,BASS_AND_DRUM_SUPPORTED,FULL_MIX_AND_STEM_MATCH,"[""F_MIX_01234""]",1
bass,STEM,BASS_00628,249.4984126984127,BASS_AND_DRUM_SUPPORTED,FULL_MIX_AND_STEM_MATCH,"[""F_MIX_01237""]",1
bass,STEM,BASS_00629,249.86993197278912,,STEM_ONLY,[],0
bass,STEM,BASS_00630,250.218231292517,DRUM_SUPPORTED,FULL_MIX_AND_STEM_MATCH,"[""F_MIX_01240""]",1
bass,STEM,BASS_00631,250.48526077097506,UNKNOWN,FULL_MIX_AND_STEM_MATCH,"[""F_MIX_01241""]",1
bass,STEM,BASS_00632,250.61297052154194,,STEM_ONLY,[],0
bass,STEM,BASS_00633,251.8552380952381,UNKNOWN,FULL_MIX_AND_STEM_MATCH,"[""F_MIX_01249""]",1
bass,STEM,BASS_00634,251.97133786848073,DRUM_SUPPORTED,FULL_MIX_AND_STEM_MATCH,"[""F_MIX_01250""]",1
bass,STEM,BASS_00635,252.08743764172337,BASS_AND_DRUM_SUPPORTED,FULL_MIX_AND_STEM_MATCH,"[""F_MIX_01251""]",1
bass,STEM,BASS_00636,252.2615873015873,DRUM_SUPPORTED,FULL_MIX_AND_STEM_MATCH,"[""F_MIX_01252""]",1
bass,STEM,BASS_00637,252.77242630385487,,STEM_ONLY,[],0
bass,STEM,BASS_00638,256.1857596371882,DRUM_SUPPORTED,FULL_MIX_AND_STEM_MATCH,"[""F_MIX_01269""]",1
bass,STEM,BASS_00639,256.5921088435374,DRUM_SUPPORTED,FULL_MIX_AND_STEM_MATCH,"[""F_MIX_01271""]",1
bass,STEM,BASS_00640,257.39319727891154,DRUM_SUPPORTED,FULL_MIX_AND_STEM_MATCH,"[""F_MIX_01276""]",1
bass,STEM,BASS_00641,257.7298866213152,DRUM_SUPPORTED,FULL_MIX_AND_STEM_MATCH,"[""F_MIX_01277""]",1
bass,STEM,BASS_00642,258.02013605442176,DRUM_SUPPORTED,FULL_MIX_AND_STEM_MATCH,"[""F_MIX_01278""]",1
bass,STEM,BASS_00643,258.1362358276644,,STEM_ONLY,[],0
bass,STEM,BASS_00644,258.47292517006804,DRUM_SUPPORTED,FULL_MIX_AND_STEM_MATCH,"[""F_MIX_01281""]",1
bass,STEM,BASS_00645,258.8560544217687,,STEM_ONLY,[],0
bass,STEM,BASS_00646,259.2275736961451,,STEM_ONLY,[],0
bass,STEM,BASS_00647,259.6107029478458,,STEM_ONLY,[],0
bass,STEM,BASS_00648,259.97061224489795,,STEM_ONLY,[],0
bass,STEM,BASS_00649,260.3537414965986,,STEM_ONLY,[],0
bass,STEM,BASS_00650,260.7136507936508,,STEM_ONLY,[],0
bass,STEM,BASS_00651,261.0851700680272,DRUM_SUPPORTED,FULL_MIX_AND_STEM_MATCH,"[""F_MIX_01297""]",1
bass,STEM,BASS_00652,261.4334693877551,,STEM_ONLY,[],0
bass,STEM,BASS_00653,261.79337868480724,,STEM_ONLY,[],0
bass,STEM,BASS_00654,262.1532879818594,,STEM_ONLY,[],0
bass,STEM,BASS_00655,262.51319727891155,DRUM_SUPPORTED,FULL_MIX_AND_STEM_MATCH,"[""F_MIX_01305""]",1
bass,STEM,BASS_00656,262.9079365079365,,STEM_ONLY,[],0
bass,STEM,BASS_00657,263.27945578231294,,STEM_ONLY,[],0
bass,STEM,BASS_00658,263.6161451247166,DRUM_SUPPORTED,FULL_MIX_AND_STEM_MATCH,"[""F_MIX_01310""]",1
bass,STEM,BASS_00659,263.87156462585034,DRUM_SUPPORTED,FULL_MIX_AND_STEM_MATCH,"[""F_MIX_01311""]",1
bass,STEM,BASS_00660,263.9760544217687,,STEM_ONLY,[],0
bass,STEM,BASS_00661,264.33596371882084,DRUM_SUPPORTED,FULL_MIX_AND_STEM_MATCH,"[""F_MIX_01312""]",1
bass,STEM,BASS_00662,264.695873015873,DRUM_SUPPORTED,FULL_MIX_AND_STEM_MATCH,"[""F_MIX_01314""]",1
bass,STEM,BASS_00663,265.04417233560093,DRUM_SUPPORTED,FULL_MIX_AND_STEM_MATCH,"[""F_MIX_01316""]",1
bass,STEM,BASS_00664,265.41569160997733,DRUM_SUPPORTED,FULL_MIX_AND_STEM_MATCH,"[""F_MIX_01318""]",1
bass,STEM,BASS_00665,266.019410430839,DRUM_SUPPORTED,FULL_MIX_AND_STEM_MATCH,"[""F_MIX_01321""]",1
bass,STEM,BASS_00666,266.17034013605445,,STEM_ONLY,[],0
bass,STEM,BASS_00667,266.7740589569161,UNKNOWN,FULL_MIX_AND_STEM_MATCH,"[""F_MIX_01325""]",1
bass,STEM,BASS_00668,266.901768707483,,STEM_ONLY,[],0
bass,STEM,BASS_00669,267.1455782312925,DRUM_SUPPORTED,FULL_MIX_AND_STEM_MATCH,"[""F_MIX_01327""]",1
bass,STEM,BASS_00670,267.86539682539683,DRUM_SUPPORTED,FULL_MIX_AND_STEM_MATCH,"[""F_MIX_01331""]",1
bass,STEM,BASS_00671,267.94666666666666,,STEM_ONLY,[],0
bass,STEM,BASS_00672,268.35301587301586,UNKNOWN,FULL_MIX_AND_STEM_MATCH,"[""F_MIX_01332""]",1
bass,STEM,BASS_00673,269.107664399093,DRUM_SUPPORTED,FULL_MIX_AND_STEM_MATCH,"[""F_MIX_01336""]",1
bass,STEM,BASS_00674,269.7229931972789,UNKNOWN,FULL_MIX_AND_STEM_MATCH,"[""F_MIX_01338""]",1
bass,STEM,BASS_00675,270.52408163265306,BASS_SUPPORTED,FULL_MIX_AND_STEM_MATCH,"[""F_MIX_01345""]",1
bass,STEM,BASS_00676,270.65179138322,DRUM_SUPPORTED,FULL_MIX_AND_STEM_MATCH,"[""F_MIX_01346""]",1
bass,STEM,BASS_00677,270.8607709750567,BASS_AND_DRUM_SUPPORTED,FULL_MIX_AND_STEM_MATCH,"[""F_MIX_01347""]",1
bass,STEM,BASS_00678,272.19591836734696,UNKNOWN,FULL_MIX_AND_STEM_MATCH,"[""F_MIX_01354""]",1
bass,STEM,BASS_00679,272.88090702947846,BASS_AND_DRUM_SUPPORTED,FULL_MIX_AND_STEM_MATCH,"[""F_MIX_01357""]",1
bass,STEM,BASS_00680,273.26403628117913,BASS_AND_DRUM_SUPPORTED,FULL_MIX_AND_STEM_MATCH,"[""F_MIX_01358""]",1
bass,STEM,BASS_00681,273.6471655328798,,STEM_ONLY,[],0
bass,STEM,BASS_00682,273.89097505668934,BASS_AND_DRUM_SUPPORTED,FULL_MIX_AND_STEM_MATCH,"[""F_MIX_01361""]",1
bass,STEM,BASS_00683,273.9954648526077,BASS_AND_DRUM_SUPPORTED,FULL_MIX_AND_STEM_MATCH,"[""F_MIX_01362""]",1
bass,STEM,BASS_00684,274.35537414965984,BASS_AND_DRUM_SUPPORTED,FULL_MIX_AND_STEM_MATCH,"[""F_MIX_01364""]",1
bass,STEM,BASS_00685,275.1216326530612,BASS_AND_DRUM_SUPPORTED,FULL_MIX_AND_STEM_MATCH,"[""F_MIX_01367""]",1
bass,STEM,BASS_00686,275.8995011337868,BASS_AND_DRUM_SUPPORTED,FULL_MIX_AND_STEM_MATCH,"[""F_MIX_01371""]",1
bass,STEM,BASS_00687,276.6309297052154,BASS_AND_DRUM_SUPPORTED,FULL_MIX_AND_STEM_MATCH,"[""F_MIX_01374""]",1
bass,STEM,BASS_00688,277.362358276644,BASS_AND_DRUM_SUPPORTED,FULL_MIX_AND_STEM_MATCH,"[""F_MIX_01378""]",1
bass,STEM,BASS_00689,277.9892970521542,UNKNOWN,FULL_MIX_AND_STEM_MATCH,"[""F_MIX_01380""]",1
bass,STEM,BASS_00690,278.1170068027211,DRUM_SUPPORTED,FULL_MIX_AND_STEM_MATCH,"[""F_MIX_01381""]",1
bass,STEM,BASS_00691,278.8484353741497,BASS_AND_DRUM_SUPPORTED,FULL_MIX_AND_STEM_MATCH,"[""F_MIX_01384""]",1
bass,STEM,BASS_00692,279.88172335600905,,STEM_ONLY,[],0
bass,STEM,BASS_00693,279.97460317460315,DRUM_SUPPORTED,FULL_MIX_AND_STEM_MATCH,"[""F_MIX_01390""]",1
bass,STEM,BASS_00694,280.2532426303855,UNKNOWN,FULL_MIX_AND_STEM_MATCH,"[""F_MIX_01391""]",1
bass,STEM,BASS_00695,280.35773242630387,,STEM_ONLY,[],0
bass,STEM,BASS_00696,280.717641723356,DRUM_SUPPORTED,FULL_MIX_AND_STEM_MATCH,"[""F_MIX_01393""]",1
bass,STEM,BASS_00697,281.08916099773245,,STEM_ONLY,[],0
bass,STEM,BASS_00698,281.8438095238095,,STEM_ONLY,[],0
bass,STEM,BASS_00699,282.21532879818596,,STEM_ONLY,[],0
bass,STEM,BASS_00700,282.58684807256236,,STEM_ONLY,[],0
bass,STEM,BASS_00701,284.8043537414966,,STEM_ONLY,[],0
bass,STEM,BASS_00702,285.1062131519274,DRUM_SUPPORTED,FULL_MIX_AND_STEM_MATCH,"[""F_MIX_01416""]",1
bass,STEM,BASS_00703,285.50095238095236,,STEM_ONLY,[],0
bass,STEM,BASS_00704,285.7447619047619,UNKNOWN,FULL_MIX_AND_STEM_MATCH,"[""F_MIX_01418""]",1
bass,STEM,BASS_00705,285.84925170068027,DRUM_SUPPORTED,FULL_MIX_AND_STEM_MATCH,"[""F_MIX_01419""]",1
bass,STEM,BASS_00706,286.1975510204082,DRUM_SUPPORTED,FULL_MIX_AND_STEM_MATCH,"[""F_MIX_01420""]",1
bass,STEM,BASS_00707,286.5690702947846,DRUM_SUPPORTED,FULL_MIX_AND_STEM_MATCH,"[""F_MIX_01422""]",1
bass,STEM,BASS_00708,286.940589569161,DRUM_SUPPORTED,FULL_MIX_AND_STEM_MATCH,"[""F_MIX_01424""]",1
bass,STEM,BASS_00709,287.1495691609977,,STEM_ONLY,[],0
bass,STEM,BASS_00710,287.1960090702948,,STEM_ONLY,[],0
bass,STEM,BASS_00711,287.2888888888889,DRUM_SUPPORTED,FULL_MIX_AND_STEM_MATCH,"[""F_MIX_01426""]",1
bass,STEM,BASS_00712,287.6836281179138,DRUM_SUPPORTED,FULL_MIX_AND_STEM_MATCH,"[""F_MIX_01428""]",1
bass,STEM,BASS_00713,288.043537414966,,STEM_ONLY,[],0
bass,STEM,BASS_00714,288.39183673469387,DRUM_SUPPORTED,FULL_MIX_AND_STEM_MATCH,"[""F_MIX_01430""]",1
bass,STEM,BASS_00715,288.75174603174605,DRUM_SUPPORTED,FULL_MIX_AND_STEM_MATCH,"[""F_MIX_01433""]",1
bass,STEM,BASS_00716,289.5180045351474,,STEM_ONLY,[],0
bass,STEM,BASS_00717,290.5861224489796,DRUM_SUPPORTED,FULL_MIX_AND_STEM_MATCH,"[""F_MIX_01442""]",1
bass,STEM,BASS_00718,290.94603174603174,,STEM_ONLY,[],0
bass,STEM,BASS_00719,291.6542403628118,DRUM_SUPPORTED,FULL_MIX_AND_STEM_MATCH,"[""F_MIX_01446""]",1
bass,STEM,BASS_00720,292.3972789115646,DRUM_SUPPORTED,FULL_MIX_AND_STEM_MATCH,"[""F_MIX_01449""]",1
bass,STEM,BASS_00721,292.768798185941,DRUM_SUPPORTED,FULL_MIX_AND_STEM_MATCH,"[""F_MIX_01451""]",1
bass,STEM,BASS_00722,293.52344671201814,,STEM_ONLY,[],0
bass,STEM,BASS_00723,293.83691609977325,DRUM_SUPPORTED,FULL_MIX_AND_STEM_MATCH,"[""F_MIX_01456""]",1
bass,STEM,BASS_00724,293.88335600907027,,STEM_ONLY,[],0
bass,STEM,BASS_00725,294.11555555555555,UNKNOWN,FULL_MIX_AND_STEM_MATCH,"[""F_MIX_01457""]",1
bass,STEM,BASS_00726,294.2316553287982,DRUM_SUPPORTED,FULL_MIX_AND_STEM_MATCH,"[""F_MIX_01458""]",1
bass,STEM,BASS_00727,294.59156462585037,DRUM_SUPPORTED,FULL_MIX_AND_STEM_MATCH,"[""F_MIX_01460""]",1
bass,STEM,BASS_00728,294.9398639455782,DRUM_SUPPORTED,FULL_MIX_AND_STEM_MATCH,"[""F_MIX_01462""]",1
bass,STEM,BASS_00729,295.2997732426304,,STEM_ONLY,[],0
bass,STEM,BASS_00730,295.5784126984127,,STEM_ONLY,[],0
bass,STEM,BASS_00731,295.69451247165534,,STEM_ONLY,[],0
bass,STEM,BASS_00732,296.03120181405893,BASS_AND_DRUM_SUPPORTED,FULL_MIX_AND_STEM_MATCH,"[""F_MIX_01467""]",1
bass,STEM,BASS_00733,296.4027210884354,DRUM_SUPPORTED,FULL_MIX_AND_STEM_MATCH,"[""F_MIX_01469""]",1
bass,STEM,BASS_00734,296.7626303854875,BASS_AND_DRUM_SUPPORTED,FULL_MIX_AND_STEM_MATCH,"[""F_MIX_01470""]",1
bass,STEM,BASS_00735,297.04126984126987,DRUM_SUPPORTED,FULL_MIX_AND_STEM_MATCH,"[""F_MIX_01471""]",1
bass,STEM,BASS_00736,297.14575963718823,DRUM_SUPPORTED,FULL_MIX_AND_STEM_MATCH,"[""F_MIX_01472""]",1
bass,STEM,BASS_00737,297.47083900226755,,STEM_ONLY,[],0
bass,STEM,BASS_00738,297.66820861678,UNKNOWN,FULL_MIX_AND_STEM_MATCH,"[""F_MIX_01475""]",1
bass,STEM,BASS_00739,298.23709750566894,DRUM_SUPPORTED,FULL_MIX_AND_STEM_MATCH,"[""F_MIX_01478""]",1
bass,STEM,BASS_00740,299.3748752834467,,STEM_ONLY,[],0
bass,STEM,BASS_00741,299.60707482993195,,STEM_ONLY,[],0
bass,STEM,BASS_00742,299.73478458049885,,STEM_ONLY,[],0
bass,STEM,BASS_00743,300.0714739229025,DRUM_SUPPORTED,FULL_MIX_AND_STEM_MATCH,"[""F_MIX_01488""]",1
bass,STEM,BASS_00744,300.81451247165535,DRUM_SUPPORTED,FULL_MIX_AND_STEM_MATCH,"[""F_MIX_01494""]",1
bass,STEM,BASS_00745,301.54594104308393,DRUM_SUPPORTED,FULL_MIX_AND_STEM_MATCH,"[""F_MIX_01499""]",1
bass,STEM,BASS_00746,302.27736961451245,,STEM_ONLY,[],0
bass,STEM,BASS_00747,302.90430839002266,,STEM_ONLY,[],0
bass,STEM,BASS_00748,302.9855782312925,DRUM_SUPPORTED,FULL_MIX_AND_STEM_MATCH,"[""F_MIX_01505""]",1
bass,STEM,BASS_00749,303.35709750566895,DRUM_SUPPORTED,FULL_MIX_AND_STEM_MATCH,"[""F_MIX_01506""]",1
bass,STEM,BASS_00750,303.7170068027211,DRUM_SUPPORTED,FULL_MIX_AND_STEM_MATCH,"[""F_MIX_01507""]",1
bass,STEM,BASS_00751,303.844716553288,,STEM_ONLY,[],0
bass,STEM,BASS_00752,304.1001360544218,DRUM_SUPPORTED,FULL_MIX_AND_STEM_MATCH,"[""F_MIX_01508""]",1
bass,STEM,BASS_00753,304.44843537414965,DRUM_SUPPORTED,FULL_MIX_AND_STEM_MATCH,"[""F_MIX_01509""]",1
bass,STEM,BASS_00754,304.8315646258503,DRUM_SUPPORTED,FULL_MIX_AND_STEM_MATCH,"[""F_MIX_01511""]",1
bass,STEM,BASS_00755,305.1914739229025,BASS_AND_DRUM_SUPPORTED,FULL_MIX_AND_STEM_MATCH,"[""F_MIX_01513""]",1
bass,STEM,BASS_00756,305.8184126984127,,STEM_ONLY,[],0
bass,STEM,BASS_00757,305.93451247165535,BASS_AND_DRUM_SUPPORTED,FULL_MIX_AND_STEM_MATCH,"[""F_MIX_01515""]",1
bass,STEM,BASS_00758,306.2828117913832,BASS_AND_DRUM_SUPPORTED,FULL_MIX_AND_STEM_MATCH,"[""F_MIX_01516""]",1
bass,STEM,BASS_00759,306.65433106575966,DRUM_SUPPORTED,FULL_MIX_AND_STEM_MATCH,"[""F_MIX_01518""]",1
bass,STEM,BASS_00760,307.0142403628118,BASS_AND_DRUM_SUPPORTED,FULL_MIX_AND_STEM_MATCH,"[""F_MIX_01519""]",1
bass,STEM,BASS_00761,307.3741496598639,BASS_AND_DRUM_SUPPORTED,FULL_MIX_AND_STEM_MATCH,"[""F_MIX_01520""]",1
bass,STEM,BASS_00762,307.7340589569161,BASS_AND_DRUM_SUPPORTED,FULL_MIX_AND_STEM_MATCH,"[""F_MIX_01521""]",1
bass,STEM,BASS_00763,308.082358276644,,STEM_ONLY,[],0
bass,STEM,BASS_00764,308.11718820861677,BASS_AND_DRUM_SUPPORTED,FULL_MIX_AND_STEM_MATCH,"[""F_MIX_01523""]",1
bass,STEM,BASS_00765,308.84861678004535,,STEM_ONLY,[],0
bass,STEM,BASS_00766,309.0808163265306,BASS_SUPPORTED,FULL_MIX_AND_STEM_MATCH,"[""F_MIX_01526""]",1
bass,STEM,BASS_00767,309.185306122449,DRUM_SUPPORTED,FULL_MIX_AND_STEM_MATCH,"[""F_MIX_01527""]",1
bass,STEM,BASS_00768,309.92834467120184,BASS_AND_DRUM_SUPPORTED,FULL_MIX_AND_STEM_MATCH,"[""F_MIX_01531""]",1
bass,STEM,BASS_00769,310.555283446712,,STEM_ONLY,[],0
bass,STEM,BASS_00770,310.6481632653061,BASS_AND_DRUM_SUPPORTED,FULL_MIX_AND_STEM_MATCH,"[""F_MIX_01534""]",1
bass,STEM,BASS_00771,311.01968253968255,BASS_AND_DRUM_SUPPORTED,FULL_MIX_AND_STEM_MATCH,"[""F_MIX_01536""]",1
bass,STEM,BASS_00772,311.3679818594104,,STEM_ONLY,[],0
bass,STEM,BASS_00773,311.7627210884354,,STEM_ONLY,[],0
bass,STEM,BASS_00774,312.11102040816326,DRUM_SUPPORTED,FULL_MIX_AND_STEM_MATCH,"[""F_MIX_01539""]",1
bass,STEM,BASS_00775,312.5057596371882,DRUM_SUPPORTED,FULL_MIX_AND_STEM_MATCH,"[""F_MIX_01540""]",1
bass,STEM,BASS_00776,312.8656689342404,DRUM_SUPPORTED,FULL_MIX_AND_STEM_MATCH,"[""F_MIX_01541""]",1
bass,STEM,BASS_00777,313.2371882086168,,STEM_ONLY,[],0
bass,STEM,BASS_00778,313.59709750566896,BASS_AND_DRUM_SUPPORTED,FULL_MIX_AND_STEM_MATCH,"[""F_MIX_01544""]",1
bass,STEM,BASS_00779,313.96861678004535,BASS_AND_DRUM_SUPPORTED,FULL_MIX_AND_STEM_MATCH,"[""F_MIX_01545""]",1
bass,STEM,BASS_00780,314.3285260770975,BASS_AND_DRUM_SUPPORTED,FULL_MIX_AND_STEM_MATCH,"[""F_MIX_01547""]",1
bass,STEM,BASS_00781,314.70004535147393,,STEM_ONLY,[],0
bass,STEM,BASS_00782,314.96707482993196,UNKNOWN,FULL_MIX_AND_STEM_MATCH,"[""F_MIX_01549""]",1
bass,STEM,BASS_00783,315.0483446712018,,STEM_ONLY,[],0
bass,STEM,BASS_00784,315.8029931972789,BASS_AND_DRUM_SUPPORTED,FULL_MIX_AND_STEM_MATCH,"[""F_MIX_01552""]",1
bass,STEM,BASS_00785,316.1629024943311,,STEM_ONLY,[],0
bass,STEM,BASS_00786,316.4299319727891,,STEM_ONLY,[],0
bass,STEM,BASS_00787,316.5228117913832,DRUM_SUPPORTED,FULL_MIX_AND_STEM_MATCH,"[""F_MIX_01555""]",1
bass,STEM,BASS_00788,316.8943310657596,,STEM_ONLY,[],0
bass,STEM,BASS_00789,317.2542403628118,,STEM_ONLY,[],0
bass,STEM,BASS_00790,317.63736961451247,,STEM_ONLY,[],0
bass,STEM,BASS_00791,318.00888888888886,BASS_AND_DRUM_SUPPORTED,FULL_MIX_AND_STEM_MATCH,"[""F_MIX_01560""]",1
bass,STEM,BASS_00792,318.3571882086168,,STEM_ONLY,[],0
bass,STEM,BASS_00793,318.7519274376417,BASS_AND_DRUM_SUPPORTED,FULL_MIX_AND_STEM_MATCH,"[""F_MIX_01563""]",1
bass,STEM,BASS_00794,319.1118367346939,BASS_AND_DRUM_SUPPORTED,FULL_MIX_AND_STEM_MATCH,"[""F_MIX_01565""]",1
bass,STEM,BASS_00795,319.471746031746,BASS_AND_DRUM_SUPPORTED,FULL_MIX_AND_STEM_MATCH,"[""F_MIX_01567""]",1
bass,STEM,BASS_00796,319.7503854875283,UNKNOWN,FULL_MIX_AND_STEM_MATCH,"[""F_MIX_01568""]",1
bass,STEM,BASS_00797,319.8548752834467,,STEM_ONLY,[],0
bass,STEM,BASS_00798,320.19156462585033,BASS_AND_DRUM_SUPPORTED,FULL_MIX_AND_STEM_MATCH,"[""F_MIX_01569""]",1
bass,STEM,BASS_00799,320.56308390022673,,STEM_ONLY,[],0
bass,STEM,BASS_00800,320.94621315192745,BASS_AND_DRUM_SUPPORTED,FULL_MIX_AND_STEM_MATCH,"[""F_MIX_01572""]",1
bass,STEM,BASS_00801,321.2016326530612,UNKNOWN,FULL_MIX_AND_STEM_MATCH,"[""F_MIX_01573""]",1
bass,STEM,BASS_00802,321.31773242630385,,STEM_ONLY,[],0
bass,STEM,BASS_00803,321.68925170068024,DRUM_SUPPORTED,FULL_MIX_AND_STEM_MATCH,"[""F_MIX_01574""]",1
bass,STEM,BASS_00804,322.04916099773243,,STEM_ONLY,[],0
bass,STEM,BASS_00805,322.4206802721088,DRUM_SUPPORTED,FULL_MIX_AND_STEM_MATCH,"[""F_MIX_01577""]",1
bass,STEM,BASS_00806,322.53678004535146,,STEM_ONLY,[],0
bass,STEM,BASS_00807,322.7921995464853,,STEM_ONLY,[],0
bass,STEM,BASS_00808,323.1521088435374,DRUM_SUPPORTED,FULL_MIX_AND_STEM_MATCH,"[""F_MIX_01579""]",1
bass,STEM,BASS_00809,323.76743764172335,,STEM_ONLY,[],0
bass,STEM,BASS_00810,323.883537414966,DRUM_SUPPORTED,FULL_MIX_AND_STEM_MATCH,"[""F_MIX_01582""]",1
bass,STEM,BASS_00811,324.2318367346939,DRUM_SUPPORTED,FULL_MIX_AND_STEM_MATCH,"[""F_MIX_01584""]",1
bass,STEM,BASS_00812,324.61496598639457,DRUM_SUPPORTED,FULL_MIX_AND_STEM_MATCH,"[""F_MIX_01585""]",1
bass,STEM,BASS_00813,324.9748752834467,DRUM_SUPPORTED,FULL_MIX_AND_STEM_MATCH,"[""F_MIX_01587""]",1
bass,STEM,BASS_00814,325.34639455782315,DRUM_SUPPORTED,FULL_MIX_AND_STEM_MATCH,"[""F_MIX_01588""]",1
bass,STEM,BASS_00815,325.694693877551,,STEM_ONLY,[],0
bass,STEM,BASS_00816,326.06621315192746,BASS_AND_DRUM_SUPPORTED,FULL_MIX_AND_STEM_MATCH,"[""F_MIX_01591""]",1
bass,STEM,BASS_00817,327.12272108843536,,STEM_ONLY,[],0
bass,STEM,BASS_00818,327.4013605442177,DRUM_SUPPORTED,FULL_MIX_AND_STEM_MATCH,"[""F_MIX_01596""]",1
bass,STEM,BASS_00819,327.5058503401361,,STEM_ONLY,[],0
bass,STEM,BASS_00820,327.8657596371882,,STEM_ONLY,[],0
bass,STEM,BASS_00821,328.2256689342404,,STEM_ONLY,[],0
bass,STEM,BASS_00822,328.5971882086168,,STEM_ONLY,[],0
bass,STEM,BASS_00823,328.9454875283447,,STEM_ONLY,[],0
bass,STEM,BASS_00824,329.3518367346939,,STEM_ONLY,[],0
bass,STEM,BASS_00825,329.7233560090703,DRUM_SUPPORTED,FULL_MIX_AND_STEM_MATCH,"[""F_MIX_01604""]",1
bass,STEM,BASS_00826,329.97877551020406,DRUM_SUPPORTED,FULL_MIX_AND_STEM_MATCH,"[""F_MIX_01605""]",1
drums,FULL_MIX,F_MIX_00000,0.7198185941043084,BASS_AND_DRUM_SUPPORTED,FULL_MIX_AND_STEM_MATCH,"[""DRUMS_00000""]",1
drums,FULL_MIX,F_MIX_00001,0.8359183673469388,DRUM_SUPPORTED,FULL_MIX_AND_STEM_MATCH,"[""DRUMS_00001""]",1
drums,FULL_MIX,F_MIX_00002,0.8823582766439909,UNKNOWN,FULL_MIX_ONLY,[],0
drums,FULL_MIX,F_MIX_00003,1.230657596371882,DRUM_SUPPORTED,FULL_MIX_AND_STEM_MATCH,"[""DRUMS_00002""]",1
drums,FULL_MIX,F_MIX_00004,1.474467120181406,UNKNOWN,FULL_MIX_ONLY,[],0
drums,FULL_MIX,F_MIX_00005,1.5789569160997732,BASS_AND_DRUM_SUPPORTED,FULL_MIX_ONLY,[],0
drums,FULL_MIX,F_MIX_00006,1.7531065759637188,UNKNOWN,FULL_MIX_ONLY,[],0
drums,FULL_MIX,F_MIX_00007,1.8692063492063493,UNKNOWN,FULL_MIX_ONLY,[],0
drums,FULL_MIX,F_MIX_00008,1.9736961451247166,DRUM_SUPPORTED,FULL_MIX_AND_STEM_MATCH,"[""DRUMS_00003""]",1
drums,FULL_MIX,F_MIX_00009,2.1942857142857144,DRUM_SUPPORTED,FULL_MIX_ONLY,[],0
drums,FULL_MIX,F_MIX_00010,2.3219954648526078,BASS_AND_DRUM_SUPPORTED,FULL_MIX_ONLY,[],0
drums,FULL_MIX,F_MIX_00011,2.6238548752834467,UNKNOWN,FULL_MIX_ONLY,[],0
drums,FULL_MIX,F_MIX_00012,2.705124716553288,DRUM_SUPPORTED,FULL_MIX_AND_STEM_MATCH,"[""DRUMS_00006""]",1
drums,FULL_MIX,F_MIX_00013,2.9605442176870747,UNKNOWN,FULL_MIX_AND_STEM_MATCH,"[""DRUMS_00007""]",1
drums,FULL_MIX,F_MIX_00014,2.995374149659864,UNKNOWN,FULL_MIX_ONLY,[],0
drums,FULL_MIX,F_MIX_00015,3.076643990929705,DRUM_SUPPORTED,FULL_MIX_AND_STEM_MATCH,"[""DRUMS_00008""]",1
drums,FULL_MIX,F_MIX_00016,3.308843537414966,UNKNOWN,FULL_MIX_ONLY,[],0
drums,FULL_MIX,F_MIX_00017,3.436553287981859,DRUM_SUPPORTED,FULL_MIX_AND_STEM_MATCH,"[""DRUMS_00009""]",1
drums,FULL_MIX,F_MIX_00018,3.6919727891156464,DRUM_SUPPORTED,FULL_MIX_AND_STEM_MATCH,"[""DRUMS_00010""]",1
drums,FULL_MIX,F_MIX_00019,3.7964625850340137,DRUM_SUPPORTED,FULL_MIX_AND_STEM_MATCH,"[""DRUMS_00011""]",1
drums,FULL_MIX,F_MIX_00020,4.0751020408163265,UNKNOWN,FULL_MIX_ONLY,[],0
drums,FULL_MIX,F_MIX_00021,4.191201814058957,DRUM_SUPPORTED,FULL_MIX_AND_STEM_MATCH,"[""DRUMS_00012""]",1
drums,FULL_MIX,F_MIX_00022,4.388571428571429,DRUM_SUPPORTED,FULL_MIX_AND_STEM_MATCH,"[""DRUMS_00013""]",1
drums,FULL_MIX,F_MIX_00023,4.516281179138322,BASS_AND_DRUM_SUPPORTED,FULL_MIX_AND_STEM_MATCH,"[""DRUMS_00014""]",1
drums,FULL_MIX,F_MIX_00024,4.574331065759637,UNKNOWN,FULL_MIX_ONLY,[],0
drums,FULL_MIX,F_MIX_00025,4.899410430839002,DRUM_SUPPORTED,FULL_MIX_AND_STEM_MATCH,"[""DRUMS_00015""]",1
drums,FULL_MIX,F_MIX_00026,5.154829931972789,BASS_SUPPORTED,FULL_MIX_AND_STEM_MATCH,"[""DRUMS_00016""]",1
drums,FULL_MIX,F_MIX_00027,5.259319727891157,DRUM_SUPPORTED,FULL_MIX_AND_STEM_MATCH,"[""DRUMS_00017""]",1
drums,FULL_MIX,F_MIX_00028,5.526349206349207,DRUM_SUPPORTED,FULL_MIX_AND_STEM_MATCH,"[""DRUMS_00018""]",1
drums,FULL_MIX,F_MIX_00029,5.630839002267574,BASS_AND_DRUM_SUPPORTED,FULL_MIX_AND_STEM_MATCH,"[""DRUMS_00019""]",1
drums,FULL_MIX,F_MIX_00030,5.874648526077097,DRUM_SUPPORTED,FULL_MIX_AND_STEM_MATCH,"[""DRUMS_00020""]",1
drums,FULL_MIX,F_MIX_00031,5.9675283446712015,BASS_AND_DRUM_SUPPORTED,FULL_MIX_ONLY,[],0
drums,FULL_MIX,F_MIX_00032,6.199727891156463,DRUM_SUPPORTED,FULL_MIX_AND_STEM_MATCH,"[""DRUMS_00021""]",1
drums,FULL_MIX,F_MIX_00033,6.2345578231292516,DRUM_SUPPORTED,FULL_MIX_ONLY,[],0
drums,FULL_MIX,F_MIX_00034,6.339047619047619,DRUM_SUPPORTED,FULL_MIX_AND_STEM_MATCH,"[""DRUMS_00023""]",1
drums,FULL_MIX,F_MIX_00035,6.582857142857143,DRUM_SUPPORTED,FULL_MIX_AND_STEM_MATCH,"[""DRUMS_00024""]",1
drums,FULL_MIX,F_MIX_00036,6.6873469387755105,BASS_AND_DRUM_SUPPORTED,FULL_MIX_AND_STEM_MATCH,"[""DRUMS_00025""]",1
drums,FULL_MIX,F_MIX_00037,6.965986394557823,UNKNOWN,FULL_MIX_ONLY,[],0
drums,FULL_MIX,F_MIX_00038,7.070476190476191,DRUM_SUPPORTED,FULL_MIX_ONLY,[],0
drums,FULL_MIX,F_MIX_00039,7.430385487528345,BASS_AND_DRUM_SUPPORTED,FULL_MIX_ONLY,[],0
drums,FULL_MIX,F_MIX_00040,7.790294784580499,DRUM_SUPPORTED,FULL_MIX_AND_STEM_MATCH,"[""DRUMS_00028""]",1
drums,FULL_MIX,F_MIX_00041,8.034104308390022,BASS_SUPPORTED,FULL_MIX_ONLY,[],0
drums,FULL_MIX,F_MIX_00042,8.13859410430839,DRUM_SUPPORTED,FULL_MIX_AND_STEM_MATCH,"[""DRUMS_00029""]",1
drums,FULL_MIX,F_MIX_00043,8.394013605442177,DRUM_SUPPORTED,FULL_MIX_AND_STEM_MATCH,"[""DRUMS_00030""]",1
drums,FULL_MIX,F_MIX_00044,8.510113378684807,BASS_AND_DRUM_SUPPORTED,FULL_MIX_AND_STEM_MATCH,"[""DRUMS_00031""]",1
drums,FULL_MIX,F_MIX_00045,8.777142857142858,UNKNOWN,FULL_MIX_ONLY,[],0
drums,FULL_MIX,F_MIX_00046,8.870022675736962,BASS_AND_DRUM_SUPPORTED,FULL_MIX_AND_STEM_MATCH,"[""DRUMS_00032""]",1
drums,FULL_MIX,F_MIX_00047,9.218321995464853,BASS_AND_DRUM_SUPPORTED,FULL_MIX_AND_STEM_MATCH,"[""DRUMS_00033""]",1
drums,FULL_MIX,F_MIX_00048,9.508571428571429,DRUM_SUPPORTED,FULL_MIX_AND_STEM_MATCH,"[""DRUMS_00034""]",1
drums,FULL_MIX,F_MIX_00049,9.601451247165533,BASS_AND_DRUM_SUPPORTED,FULL_MIX_ONLY,[],0
drums,FULL_MIX,F_MIX_00050,9.868480725623582,DRUM_SUPPORTED,FULL_MIX_AND_STEM_MATCH,"[""DRUMS_00035""]",1
drums,FULL_MIX,F_MIX_00051,9.97297052154195,DRUM_SUPPORTED,FULL_MIX_AND_STEM_MATCH,"[""DRUMS_00036""]",1
drums,FULL_MIX,F_MIX_00052,10.216780045351474,DRUM_SUPPORTED,FULL_MIX_AND_STEM_MATCH,"[""DRUMS_00037""]",1
drums,FULL_MIX,F_MIX_00053,10.356099773242631,BASS_AND_DRUM_SUPPORTED,FULL_MIX_AND_STEM_MATCH,"[""DRUMS_00038""]",1
drums,FULL_MIX,F_MIX_00054,10.611519274376418,UNKNOWN,FULL_MIX_AND_STEM_MATCH,"[""DRUMS_00039""]",1
drums,FULL_MIX,F_MIX_00055,10.716009070294785,DRUM_SUPPORTED,FULL_MIX_AND_STEM_MATCH,"[""DRUMS_00040""]",1
drums,FULL_MIX,F_MIX_00056,10.936598639455783,BASS_SUPPORTED,FULL_MIX_ONLY,[],0
drums,FULL_MIX,F_MIX_00057,10.983038548752834,UNKNOWN,FULL_MIX_ONLY,[],0
drums,FULL_MIX,F_MIX_00058,11.3081179138322,DRUM_SUPPORTED,FULL_MIX_ONLY,[],0
drums,FULL_MIX,F_MIX_00059,11.34294784580499,DRUM_SUPPORTED,FULL_MIX_AND_STEM_MATCH,"[""DRUMS_00041""]",1
drums,FULL_MIX,F_MIX_00060,11.447437641723356,UNKNOWN,FULL_MIX_ONLY,[],0
drums,FULL_MIX,F_MIX_00061,11.679637188208616,DRUM_SUPPORTED,FULL_MIX_AND_STEM_MATCH,"[""DRUMS_00042""]",1
drums,FULL_MIX,F_MIX_00062,11.72607709750567,DRUM_SUPPORTED,FULL_MIX_AND_STEM_MATCH,"[""DRUMS_00043""]",1
drums,FULL_MIX,F_MIX_00063,11.77251700680272,DRUM_SUPPORTED,FULL_MIX_ONLY,[],0
drums,FULL_MIX,F_MIX_00064,11.818956916099774,DRUM_SUPPORTED,FULL_MIX_AND_STEM_MATCH,"[""DRUMS_00044""]",1
drums,FULL_MIX,F_MIX_00065,12.07437641723356,UNKNOWN,FULL_MIX_AND_STEM_MATCH,"[""DRUMS_00045""]",1
drums,FULL_MIX,F_MIX_00066,12.144036281179138,BASS_AND_DRUM_SUPPORTED,FULL_MIX_ONLY,[],0
drums,FULL_MIX,F_MIX_00067,12.527165532879819,BASS_AND_DRUM_SUPPORTED,FULL_MIX_AND_STEM_MATCH,"[""DRUMS_00047""]",1
drums,FULL_MIX,F_MIX_00068,12.910294784580499,DRUM_SUPPORTED,FULL_MIX_AND_STEM_MATCH,"[""DRUMS_00048""]",1
drums,FULL_MIX,F_MIX_00069,13.165714285714285,BASS_AND_DRUM_SUPPORTED,FULL_MIX_AND_STEM_MATCH,"[""DRUMS_00049""]",1
drums,FULL_MIX,F_MIX_00070,13.25859410430839,DRUM_SUPPORTED,FULL_MIX_AND_STEM_MATCH,"[""DRUMS_00050""]",1
drums,FULL_MIX,F_MIX_00071,13.40952380952381,UNKNOWN,FULL_MIX_ONLY,[],0
drums,FULL_MIX,F_MIX_00072,13.525623582766439,DRUM_SUPPORTED,FULL_MIX_AND_STEM_MATCH,"[""DRUMS_00051""]",1
drums,FULL_MIX,F_MIX_00073,13.64172335600907,DRUM_SUPPORTED,FULL_MIX_AND_STEM_MATCH,"[""DRUMS_00052""]",1
drums,FULL_MIX,F_MIX_00074,13.908752834467121,UNKNOWN,FULL_MIX_AND_STEM_MATCH,"[""DRUMS_00053""]",1
drums,FULL_MIX,F_MIX_00075,14.001632653061224,BASS_AND_DRUM_SUPPORTED,FULL_MIX_AND_STEM_MATCH,"[""DRUMS_00054""]",1
drums,FULL_MIX,F_MIX_00076,14.373151927437641,DRUM_SUPPORTED,FULL_MIX_AND_STEM_MATCH,"[""DRUMS_00055""]",1
drums,FULL_MIX,F_MIX_00077,14.55891156462585,UNKNOWN,FULL_MIX_AND_STEM_MATCH,"[""DRUMS_00056""]",1
drums,FULL_MIX,F_MIX_00078,14.733061224489797,DRUM_SUPPORTED,FULL_MIX_AND_STEM_MATCH,"[""DRUMS_00058""]",1
drums,FULL_MIX,F_MIX_00079,14.872380952380952,UNKNOWN,FULL_MIX_ONLY,[],0
drums,FULL_MIX,F_MIX_00080,14.965260770975057,UNKNOWN,FULL_MIX_ONLY,[],0
drums,FULL_MIX,F_MIX_00081,15.069750566893424,BASS_AND_DRUM_SUPPORTED,FULL_MIX_ONLY,[],0
drums,FULL_MIX,F_MIX_00082,15.104580498866213,UNKNOWN,FULL_MIX_AND_STEM_MATCH,"[""DRUMS_00059""]",1
drums,FULL_MIX,F_MIX_00083,15.464489795918368,BASS_AND_DRUM_SUPPORTED,FULL_MIX_AND_STEM_MATCH,"[""DRUMS_00061""]",1
drums,FULL_MIX,F_MIX_00084,15.731519274376417,UNKNOWN,FULL_MIX_ONLY,[],0
drums,FULL_MIX,F_MIX_00085,15.824399092970522,DRUM_SUPPORTED,FULL_MIX_AND_STEM_MATCH,"[""DRUMS_00062""]",1
drums,FULL_MIX,F_MIX_00086,16.04498866213152,UNKNOWN,FULL_MIX_AND_STEM_MATCH,"[""DRUMS_00063""]",1
drums,FULL_MIX,F_MIX_00087,16.195918367346938,BASS_AND_DRUM_SUPPORTED,FULL_MIX_ONLY,[],0
drums,FULL_MIX,F_MIX_00088,16.555827664399093,DRUM_SUPPORTED,FULL_MIX_AND_STEM_MATCH,"[""DRUMS_00064""]",1
drums,FULL_MIX,F_MIX_00089,16.834467120181404,UNKNOWN,FULL_MIX_AND_STEM_MATCH,"[""DRUMS_00065""]",1
drums,FULL_MIX,F_MIX_00090,16.938956916099773,BASS_AND_DRUM_SUPPORTED,FULL_MIX_AND_STEM_MATCH,"[""DRUMS_00066""]",1
drums,FULL_MIX,F_MIX_00091,17.29886621315193,DRUM_SUPPORTED,FULL_MIX_AND_STEM_MATCH,"[""DRUMS_00067""]",1
drums,FULL_MIX,F_MIX_00092,17.438185941043084,UNKNOWN,FULL_MIX_ONLY,[],0
drums,FULL_MIX,F_MIX_00093,17.565895691609978,DRUM_SUPPORTED,FULL_MIX_AND_STEM_MATCH,"[""DRUMS_00068""]",1
drums,FULL_MIX,F_MIX_00094,17.670385487528346,BASS_AND_DRUM_SUPPORTED,FULL_MIX_AND_STEM_MATCH,"[""DRUMS_00069""]",1
drums,FULL_MIX,F_MIX_00095,17.716825396825396,UNKNOWN,FULL_MIX_ONLY,[],0
drums,FULL_MIX,F_MIX_00096,17.925804988662133,DRUM_SUPPORTED,FULL_MIX_AND_STEM_MATCH,"[""DRUMS_00070""]",1
drums,FULL_MIX,F_MIX_00097,18.04190476190476,DRUM_SUPPORTED,FULL_MIX_AND_STEM_MATCH,"[""DRUMS_00071""]",1
drums,FULL_MIX,F_MIX_00098,18.297324263038547,UNKNOWN,FULL_MIX_AND_STEM_MATCH,"[""DRUMS_00072""]",1
drums,FULL_MIX,F_MIX_00099,18.332154195011338,UNKNOWN,FULL_MIX_ONLY,[],0
drums,FULL_MIX,F_MIX_00100,18.401814058956916,DRUM_SUPPORTED,FULL_MIX_AND_STEM_MATCH,"[""DRUMS_00073""]",1
drums,FULL_MIX,F_MIX_00101,18.657233560090702,UNKNOWN,FULL_MIX_ONLY,[],0
drums,FULL_MIX,F_MIX_00102,18.784943310657596,DRUM_SUPPORTED,FULL_MIX_AND_STEM_MATCH,"[""DRUMS_00074""]",1
drums,FULL_MIX,F_MIX_00103,19.040362811791383,UNKNOWN,FULL_MIX_AND_STEM_MATCH,"[""DRUMS_00075""]",1
drums,FULL_MIX,F_MIX_00104,19.156462585034014,BASS_AND_DRUM_SUPPORTED,FULL_MIX_ONLY,[],0
drums,FULL_MIX,F_MIX_00105,19.504761904761907,DRUM_SUPPORTED,FULL_MIX_AND_STEM_MATCH,"[""DRUMS_00076""]",1
drums,FULL_MIX,F_MIX_00106,19.748571428571427,BASS_SUPPORTED,FULL_MIX_AND_STEM_MATCH,"[""DRUMS_00077""]",1
drums,FULL_MIX,F_MIX_00107,19.783401360544218,UNKNOWN,FULL_MIX_ONLY,[],0
drums,FULL_MIX,F_MIX_00108,19.86467120181406,DRUM_SUPPORTED,FULL_MIX_AND_STEM_MATCH,"[""DRUMS_00078""]",1
drums,FULL_MIX,F_MIX_00109,20.131700680272107,UNKNOWN,FULL_MIX_ONLY,[],0
drums,FULL_MIX,F_MIX_00110,20.21297052154195,BASS_AND_DRUM_SUPPORTED,FULL_MIX_AND_STEM_MATCH,"[""DRUMS_00079""]",1
drums,FULL_MIX,F_MIX_00111,20.468390022675738,DRUM_SUPPORTED,FULL_MIX_AND_STEM_MATCH,"[""DRUMS_00080""]",1
drums,FULL_MIX,F_MIX_00112,20.58448979591837,DRUM_SUPPORTED,FULL_MIX_AND_STEM_MATCH,"[""DRUMS_00081""]",1
drums,FULL_MIX,F_MIX_00113,20.839909297052156,DRUM_SUPPORTED,FULL_MIX_AND_STEM_MATCH,"[""DRUMS_00082""]",1
drums,FULL_MIX,F_MIX_00114,20.956009070294783,DRUM_SUPPORTED,FULL_MIX_AND_STEM_MATCH,"[""DRUMS_00083""]",1
drums,FULL_MIX,F_MIX_00115,21.223038548752836,UNKNOWN,FULL_MIX_AND_STEM_MATCH,"[""DRUMS_00084""]",1
drums,FULL_MIX,F_MIX_00116,21.304308390022676,DRUM_SUPPORTED,FULL_MIX_AND_STEM_MATCH,"[""DRUMS_00085""]",1
drums,FULL_MIX,F_MIX_00117,21.559727891156463,DRUM_SUPPORTED,FULL_MIX_AND_STEM_MATCH,"[""DRUMS_00086""]",1
drums,FULL_MIX,F_MIX_00118,21.93124716553288,DRUM_SUPPORTED,FULL_MIX_AND_STEM_MATCH,"[""DRUMS_00087""]",1
drums,FULL_MIX,F_MIX_00119,22.035736961451246,DRUM_SUPPORTED,FULL_MIX_AND_STEM_MATCH,"[""DRUMS_00088""]",1
drums,FULL_MIX,F_MIX_00120,22.27954648526077,DRUM_SUPPORTED,FULL_MIX_AND_STEM_MATCH,"[""DRUMS_00089""]",1
drums,FULL_MIX,F_MIX_00121,22.407256235827663,DRUM_SUPPORTED,FULL_MIX_AND_STEM_MATCH,"[""DRUMS_00090""]",1
drums,FULL_MIX,F_MIX_00122,22.651065759637188,DRUM_SUPPORTED,FULL_MIX_AND_STEM_MATCH,"[""DRUMS_00091""]",1
drums,FULL_MIX,F_MIX_00123,22.790385487528344,DRUM_SUPPORTED,FULL_MIX_AND_STEM_MATCH,"[""DRUMS_00092""]",1
drums,FULL_MIX,F_MIX_00124,23.034195011337868,UNKNOWN,FULL_MIX_AND_STEM_MATCH,"[""DRUMS_00093""]",1
drums,FULL_MIX,F_MIX_00125,23.11546485260771,BASS_AND_DRUM_SUPPORTED,FULL_MIX_AND_STEM_MATCH,"[""DRUMS_00094""]",1
drums,FULL_MIX,F_MIX_00126,23.394104308390023,DRUM_SUPPORTED,FULL_MIX_AND_STEM_MATCH,"[""DRUMS_00096""]",1
drums,FULL_MIX,F_MIX_00127,23.695963718820863,DRUM_SUPPORTED,FULL_MIX_AND_STEM_MATCH,"[""DRUMS_00097""]",1
drums,FULL_MIX,F_MIX_00128,23.754013605442175,UNKNOWN,FULL_MIX_AND_STEM_MATCH,"[""DRUMS_00098""]",1
drums,FULL_MIX,F_MIX_00129,23.84689342403628,BASS_AND_DRUM_SUPPORTED,FULL_MIX_AND_STEM_MATCH,"[""DRUMS_00099""]",1
drums,FULL_MIX,F_MIX_00130,24.18358276643991,DRUM_SUPPORTED,FULL_MIX_ONLY,[],0
drums,FULL_MIX,F_MIX_00131,24.253242630385486,UNKNOWN,FULL_MIX_ONLY,[],0
drums,FULL_MIX,F_MIX_00132,24.555102040816326,BASS_AND_DRUM_SUPPORTED,FULL_MIX_ONLY,[],0
drums,FULL_MIX,F_MIX_00133,24.589931972789117,DRUM_SUPPORTED,FULL_MIX_AND_STEM_MATCH,"[""DRUMS_00102""]",1
drums,FULL_MIX,F_MIX_00134,24.856961451247166,UNKNOWN,FULL_MIX_ONLY,[],0
drums,FULL_MIX,F_MIX_00135,24.94984126984127,BASS_AND_DRUM_SUPPORTED,FULL_MIX_AND_STEM_MATCH,"[""DRUMS_00103""]",1
drums,FULL_MIX,F_MIX_00136,25.205260770975055,DRUM_SUPPORTED,FULL_MIX_ONLY,[],0
drums,FULL_MIX,F_MIX_00137,25.240090702947846,DRUM_SUPPORTED,FULL_MIX_AND_STEM_MATCH,"[""DRUMS_00104""]",1
drums,FULL_MIX,F_MIX_00138,25.33297052154195,BASS_AND_DRUM_SUPPORTED,FULL_MIX_ONLY,[],0
drums,FULL_MIX,F_MIX_00139,25.576780045351473,DRUM_SUPPORTED,FULL_MIX_AND_STEM_MATCH,"[""DRUMS_00105""]",1
drums,FULL_MIX,F_MIX_00140,25.66965986394558,BASS_AND_DRUM_SUPPORTED,FULL_MIX_AND_STEM_MATCH,"[""DRUMS_00106""]",1
drums,FULL_MIX,F_MIX_00141,25.971519274376416,UNKNOWN,FULL_MIX_ONLY,[],0
drums,FULL_MIX,F_MIX_00142,26.041179138321997,DRUM_SUPPORTED,FULL_MIX_AND_STEM_MATCH,"[""DRUMS_00107""]",1
drums,FULL_MIX,F_MIX_00143,26.21532879818594,UNKNOWN,FULL_MIX_ONLY,[],0
drums,FULL_MIX,F_MIX_00144,26.308208616780046,UNKNOWN,FULL_MIX_ONLY,[],0
drums,FULL_MIX,F_MIX_00145,26.40108843537415,DRUM_SUPPORTED,FULL_MIX_AND_STEM_MATCH,"[""DRUMS_00108""]",1
drums,FULL_MIX,F_MIX_00146,26.43591836734694,UNKNOWN,FULL_MIX_ONLY,[],0
drums,FULL_MIX,F_MIX_00147,26.528798185941042,UNKNOWN,FULL_MIX_ONLY,[],0
drums,FULL_MIX,F_MIX_00148,26.70294784580499,UNKNOWN,FULL_MIX_ONLY,[],0
drums,FULL_MIX,F_MIX_00149,26.772607709750567,DRUM_SUPPORTED,FULL_MIX_ONLY,[],0
drums,FULL_MIX,F_MIX_00150,27.144126984126984,BASS_AND_DRUM_SUPPORTED,FULL_MIX_AND_STEM_MATCH,"[""DRUMS_00111""]",1
drums,FULL_MIX,F_MIX_00151,27.50403628117914,BASS_AND_DRUM_SUPPORTED,FULL_MIX_ONLY,[],0
drums,FULL_MIX,F_MIX_00152,27.805895691609976,DRUM_SUPPORTED,FULL_MIX_ONLY,[],0
drums,FULL_MIX,F_MIX_00153,28.142585034013607,UNKNOWN,FULL_MIX_ONLY,[],0
drums,FULL_MIX,F_MIX_00154,28.23546485260771,BASS_AND_DRUM_SUPPORTED,FULL_MIX_ONLY,[],0
drums,FULL_MIX,F_MIX_00155,28.525714285714287,UNKNOWN,FULL_MIX_ONLY,[],0
drums,FULL_MIX,F_MIX_00156,28.606984126984127,BASS_AND_DRUM_SUPPORTED,FULL_MIX_AND_STEM_MATCH,"[""DRUMS_00116""]",1
drums,FULL_MIX,F_MIX_00157,28.943673469387754,BASS_AND_DRUM_SUPPORTED,FULL_MIX_AND_STEM_MATCH,"[""DRUMS_00117""]",1
drums,FULL_MIX,F_MIX_00158,29.31519274376417,BASS_AND_DRUM_SUPPORTED,FULL_MIX_AND_STEM_MATCH,"[""DRUMS_00119""]",1
drums,FULL_MIX,F_MIX_00159,29.61705215419501,UNKNOWN,FULL_MIX_ONLY,[],0
drums,FULL_MIX,F_MIX_00160,29.68671201814059,DRUM_SUPPORTED,FULL_MIX_ONLY,[],0
drums,FULL_MIX,F_MIX_00161,29.95374149659864,UNKNOWN,FULL_MIX_ONLY,[],0
drums,FULL_MIX,F_MIX_00162,30.06984126984127,DRUM_SUPPORTED,FULL_MIX_ONLY,[],0
drums,FULL_MIX,F_MIX_00163,30.37170068027211,DRUM_SUPPORTED,FULL_MIX_AND_STEM_MATCH,"[""DRUMS_00121""]",1
drums,FULL_MIX,F_MIX_00164,30.67356009070295,UNKNOWN,FULL_MIX_AND_STEM_MATCH,"[""DRUMS_00122""]",1
drums,FULL_MIX,F_MIX_00165,30.778049886621314,DRUM_SUPPORTED,FULL_MIX_AND_STEM_MATCH,"[""DRUMS_00123""]",1
drums,FULL_MIX,F_MIX_00166,31.05668934240363,UNKNOWN,FULL_MIX_ONLY,[],0
drums,FULL_MIX,F_MIX_00167,31.13795918367347,DRUM_SUPPORTED,FULL_MIX_AND_STEM_MATCH,"[""DRUMS_00124""]",1
drums,FULL_MIX,F_MIX_00168,31.41659863945578,UNKNOWN,FULL_MIX_AND_STEM_MATCH,"[""DRUMS_00125""]",1
drums,FULL_MIX,F_MIX_00169,31.509478458049887,DRUM_SUPPORTED,FULL_MIX_AND_STEM_MATCH,"[""DRUMS_00126""]",1
drums,FULL_MIX,F_MIX_00170,31.86938775510204,DRUM_SUPPORTED,FULL_MIX_AND_STEM_MATCH,"[""DRUMS_00127""]",1
drums,FULL_MIX,F_MIX_00171,32.13641723356009,UNKNOWN,FULL_MIX_ONLY,[],0
drums,FULL_MIX,F_MIX_00172,32.38022675736961,UNKNOWN,FULL_MIX_ONLY,[],0
drums,FULL_MIX,F_MIX_00173,32.496326530612244,DRUM_SUPPORTED,FULL_MIX_AND_STEM_MATCH,"[""DRUMS_00129""]",1
drums,FULL_MIX,F_MIX_00174,32.60081632653061,DRUM_SUPPORTED,FULL_MIX_AND_STEM_MATCH,"[""DRUMS_00130""]",1
drums,FULL_MIX,F_MIX_00175,32.833015873015874,UNKNOWN,FULL_MIX_AND_STEM_MATCH,"[""DRUMS_00131""]",1
drums,FULL_MIX,F_MIX_00176,32.879455782312924,UNKNOWN,FULL_MIX_AND_STEM_MATCH,"[""DRUMS_00132""]",1
drums,FULL_MIX,F_MIX_00177,32.97233560090703,DRUM_SUPPORTED,FULL_MIX_ONLY,[],0
drums,FULL_MIX,F_MIX_00178,33.20453514739229,DRUM_SUPPORTED,FULL_MIX_AND_STEM_MATCH,"[""DRUMS_00133""]",1
drums,FULL_MIX,F_MIX_00179,33.32063492063492,DRUM_SUPPORTED,FULL_MIX_AND_STEM_MATCH,"[""DRUMS_00134""]",1
drums,FULL_MIX,F_MIX_00180,33.57605442176871,DRUM_SUPPORTED,FULL_MIX_ONLY,[],0
drums,FULL_MIX,F_MIX_00181,33.68054421768707,DRUM_SUPPORTED,FULL_MIX_AND_STEM_MATCH,"[""DRUMS_00136""]",1
drums,FULL_MIX,F_MIX_00182,33.94757369614513,UNKNOWN,FULL_MIX_AND_STEM_MATCH,"[""DRUMS_00137""]",1
drums,FULL_MIX,F_MIX_00183,34.06367346938776,DRUM_SUPPORTED,FULL_MIX_AND_STEM_MATCH,"[""DRUMS_00138""]",1
drums,FULL_MIX,F_MIX_00184,34.28426303854875,UNKNOWN,FULL_MIX_ONLY,[],0
drums,FULL_MIX,F_MIX_00185,34.319092970521545,UNKNOWN,FULL_MIX_AND_STEM_MATCH,"[""DRUMS_00139""]",1
drums,FULL_MIX,F_MIX_00186,34.40036281179138,DRUM_SUPPORTED,FULL_MIX_AND_STEM_MATCH,"[""DRUMS_00140""]",1
drums,FULL_MIX,F_MIX_00187,34.65578231292517,DRUM_SUPPORTED,FULL_MIX_AND_STEM_MATCH,"[""DRUMS_00141""]",1
drums,FULL_MIX,F_MIX_00188,34.76027210884354,DRUM_SUPPORTED,FULL_MIX_AND_STEM_MATCH,"[""DRUMS_00142""]",1
drums,FULL_MIX,F_MIX_00189,35.02730158730159,UNKNOWN,FULL_MIX_AND_STEM_MATCH,"[""DRUMS_00143""]",1
drums,FULL_MIX,F_MIX_00190,35.15501133786848,DRUM_SUPPORTED,FULL_MIX_AND_STEM_MATCH,"[""DRUMS_00144""]",1
drums,FULL_MIX,F_MIX_00191,35.49170068027211,DRUM_SUPPORTED,FULL_MIX_AND_STEM_MATCH,"[""DRUMS_00145""]",1
drums,FULL_MIX,F_MIX_00192,35.75873015873016,DRUM_SUPPORTED,FULL_MIX_AND_STEM_MATCH,"[""DRUMS_00146""]",1
drums,FULL_MIX,F_MIX_00193,35.86321995464853,DRUM_SUPPORTED,FULL_MIX_AND_STEM_MATCH,"[""DRUMS_00147""]",1
drums,FULL_MIX,F_MIX_00194,36.13024943310658,UNKNOWN,FULL_MIX_ONLY,[],0
drums,FULL_MIX,F_MIX_00195,36.22312925170068,DRUM_SUPPORTED,FULL_MIX_AND_STEM_MATCH,"[""DRUMS_00148""]",1
drums,FULL_MIX,F_MIX_00196,36.594648526077094,DRUM_SUPPORTED,FULL_MIX_AND_STEM_MATCH,"[""DRUMS_00149""]",1
drums,FULL_MIX,F_MIX_00197,36.768798185941044,UNKNOWN,FULL_MIX_ONLY,[],0
drums,FULL_MIX,F_MIX_00198,36.95455782312925,DRUM_SUPPORTED,FULL_MIX_AND_STEM_MATCH,"[""DRUMS_00150""]",1
drums,FULL_MIX,F_MIX_00199,37.314467120181405,DRUM_SUPPORTED,FULL_MIX_AND_STEM_MATCH,"[""DRUMS_00152""]",1
drums,FULL_MIX,F_MIX_00200,37.697596371882085,DRUM_SUPPORTED,FULL_MIX_AND_STEM_MATCH,"[""DRUMS_00153""]",1
drums,FULL_MIX,F_MIX_00201,37.82530612244898,UNKNOWN,FULL_MIX_ONLY,[],0
drums,FULL_MIX,F_MIX_00202,37.95301587301587,UNKNOWN,FULL_MIX_ONLY,[],0
drums,FULL_MIX,F_MIX_00203,37.98784580498866,UNKNOWN,FULL_MIX_ONLY,[],0
drums,FULL_MIX,F_MIX_00204,38.0691156462585,DRUM_SUPPORTED,FULL_MIX_AND_STEM_MATCH,"[""DRUMS_00154""]",1
drums,FULL_MIX,F_MIX_00205,38.254875283446715,UNKNOWN,FULL_MIX_ONLY,[],0
drums,FULL_MIX,F_MIX_00206,38.32453514739229,UNKNOWN,FULL_MIX_ONLY,[],0
drums,FULL_MIX,F_MIX_00207,38.44063492063492,DRUM_SUPPORTED,FULL_MIX_AND_STEM_MATCH,"[""DRUMS_00155""]",1
drums,FULL_MIX,F_MIX_00208,38.69605442176871,UNKNOWN,FULL_MIX_ONLY,[],0
drums,FULL_MIX,F_MIX_00209,38.81215419501134,DRUM_SUPPORTED,FULL_MIX_ONLY,[],0
drums,FULL_MIX,F_MIX_00210,39.172063492063494,DRUM_SUPPORTED,FULL_MIX_AND_STEM_MATCH,"[""DRUMS_00156""]",1
drums,FULL_MIX,F_MIX_00211,39.46231292517007,UNKNOWN,FULL_MIX_AND_STEM_MATCH,"[""DRUMS_00157""]",1
drums,FULL_MIX,F_MIX_00212,39.555192743764174,DRUM_SUPPORTED,FULL_MIX_AND_STEM_MATCH,"[""DRUMS_00158""]",1
drums,FULL_MIX,F_MIX_00213,39.74095238095238,UNKNOWN,FULL_MIX_ONLY,[],0
drums,FULL_MIX,F_MIX_00214,39.92671201814059,DRUM_SUPPORTED,FULL_MIX_AND_STEM_MATCH,"[""DRUMS_00159""]",1
drums,FULL_MIX,F_MIX_00215,40.2053514739229,UNKNOWN,FULL_MIX_ONLY,[],0
drums,FULL_MIX,F_MIX_00216,40.29823129251701,DRUM_SUPPORTED,FULL_MIX_AND_STEM_MATCH,"[""DRUMS_00160""]",1
drums,FULL_MIX,F_MIX_00217,40.56526077097506,UNKNOWN,FULL_MIX_ONLY,[],0
drums,FULL_MIX,F_MIX_00218,40.66975056689343,DRUM_SUPPORTED,FULL_MIX_AND_STEM_MATCH,"[""DRUMS_00161""]",1
drums,FULL_MIX,F_MIX_00219,40.90195011337868,UNKNOWN,FULL_MIX_ONLY,[],0
drums,FULL_MIX,F_MIX_00220,41.029659863945575,DRUM_SUPPORTED,FULL_MIX_AND_STEM_MATCH,"[""DRUMS_00162""]",1
drums,FULL_MIX,F_MIX_00221,41.28507936507936,DRUM_SUPPORTED,FULL_MIX_AND_STEM_MATCH,"[""DRUMS_00163""]",1
drums,FULL_MIX,F_MIX_00222,41.40117913832199,BASS_AND_DRUM_SUPPORTED,FULL_MIX_AND_STEM_MATCH,"[""DRUMS_00164""]",1
drums,FULL_MIX,F_MIX_00223,41.64498866213152,DRUM_SUPPORTED,FULL_MIX_AND_STEM_MATCH,"[""DRUMS_00165""]",1
drums,FULL_MIX,F_MIX_00224,41.749478458049886,BASS_AND_DRUM_SUPPORTED,FULL_MIX_AND_STEM_MATCH,"[""DRUMS_00166""]",1
drums,FULL_MIX,F_MIX_00225,42.10938775510204,DRUM_SUPPORTED,FULL_MIX_AND_STEM_MATCH,"[""DRUMS_00168""]",1
drums,FULL_MIX,F_MIX_00226,42.38802721088435,DRUM_SUPPORTED,FULL_MIX_AND_STEM_MATCH,"[""DRUMS_00169""]",1
drums,FULL_MIX,F_MIX_00227,42.52734693877551,UNKNOWN,FULL_MIX_ONLY,[],0
drums,FULL_MIX,F_MIX_00228,42.71310657596372,DRUM_SUPPORTED,FULL_MIX_AND_STEM_MATCH,"[""DRUMS_00170""]",1
drums,FULL_MIX,F_MIX_00229,42.75954648526077,DRUM_SUPPORTED,FULL_MIX_AND_STEM_MATCH,"[""DRUMS_00171""]",1
drums,FULL_MIX,F_MIX_00230,42.86403628117914,DRUM_SUPPORTED,FULL_MIX_AND_STEM_MATCH,"[""DRUMS_00172""]",1
drums,FULL_MIX,F_MIX_00231,43.23555555555556,BASS_AND_DRUM_SUPPORTED,FULL_MIX_ONLY,[],0
drums,FULL_MIX,F_MIX_00232,43.47936507936508,DRUM_SUPPORTED,FULL_MIX_ONLY,[],0
drums,FULL_MIX,F_MIX_00233,43.86249433106576,UNKNOWN,FULL_MIX_ONLY,[],0
drums,FULL_MIX,F_MIX_00234,44.00181405895692,DRUM_SUPPORTED,FULL_MIX_AND_STEM_MATCH,"[""DRUMS_00174""]",1
drums,FULL_MIX,F_MIX_00235,44.18757369614512,DRUM_SUPPORTED,FULL_MIX_ONLY,[],0
drums,FULL_MIX,F_MIX_00236,44.22240362811792,DRUM_SUPPORTED,FULL_MIX_AND_STEM_MATCH,"[""DRUMS_00175""]",1
drums,FULL_MIX,F_MIX_00237,44.36172335600907,UNKNOWN,FULL_MIX_ONLY,[],0
drums,FULL_MIX,F_MIX_00238,44.68680272108843,BASS_AND_DRUM_SUPPORTED,FULL_MIX_AND_STEM_MATCH,"[""DRUMS_00176""]",1
drums,FULL_MIX,F_MIX_00239,44.72163265306123,DRUM_SUPPORTED,FULL_MIX_AND_STEM_MATCH,"[""DRUMS_00177""]",1
drums,FULL_MIX,F_MIX_00240,45.10476190476191,UNKNOWN,FULL_MIX_ONLY,[],0
drums,FULL_MIX,F_MIX_00241,45.77814058956916,UNKNOWN,FULL_MIX_ONLY,[],0
drums,FULL_MIX,F_MIX_00242,46.172879818594105,UNKNOWN,FULL_MIX_ONLY,[],0
drums,FULL_MIX,F_MIX_00243,46.335419501133785,UNKNOWN,FULL_MIX_ONLY,[],0
drums,FULL_MIX,F_MIX_00244,46.451519274376416,UNKNOWN,FULL_MIX_ONLY,[],0
drums,FULL_MIX,F_MIX_00245,46.66049886621315,UNKNOWN,FULL_MIX_ONLY,[],0
drums,FULL_MIX,F_MIX_00246,47.04362811791383,UNKNOWN,FULL_MIX_ONLY,[],0
drums,FULL_MIX,F_MIX_00247,47.29904761904762,UNKNOWN,FULL_MIX_AND_STEM_MATCH,"[""DRUMS_00178""]",1
drums,FULL_MIX,F_MIX_00248,47.42675736961451,DRUM_SUPPORTED,FULL_MIX_AND_STEM_MATCH,"[""DRUMS_00179""]",1
drums,FULL_MIX,F_MIX_00249,47.658956916099775,UNKNOWN,FULL_MIX_ONLY,[],0
drums,FULL_MIX,F_MIX_00250,47.751836734693875,UNKNOWN,FULL_MIX_ONLY,[],0
drums,FULL_MIX,F_MIX_00251,47.83310657596372,UNKNOWN,FULL_MIX_ONLY,[],0
drums,FULL_MIX,F_MIX_00252,48.042086167800456,UNKNOWN,FULL_MIX_ONLY,[],0
drums,FULL_MIX,F_MIX_00253,48.12335600907029,DRUM_SUPPORTED,FULL_MIX_ONLY,[],0
drums,FULL_MIX,F_MIX_00254,48.54131519274377,DRUM_SUPPORTED,FULL_MIX_AND_STEM_MATCH,"[""DRUMS_00181""]",1
drums,FULL_MIX,F_MIX_00255,48.901224489795915,DRUM_SUPPORTED,FULL_MIX_AND_STEM_MATCH,"[""DRUMS_00182""]",1
drums,FULL_MIX,F_MIX_00256,49.191473922902496,DRUM_SUPPORTED,FULL_MIX_AND_STEM_MATCH,"[""DRUMS_00183""]",1
drums,FULL_MIX,F_MIX_00257,49.284353741496595,DRUM_SUPPORTED,FULL_MIX_AND_STEM_MATCH,"[""DRUMS_00184""]",1
drums,FULL_MIX,F_MIX_00258,49.31918367346939,DRUM_SUPPORTED,FULL_MIX_ONLY,[],0
drums,FULL_MIX,F_MIX_00259,49.65587301587301,DRUM_SUPPORTED,FULL_MIX_AND_STEM_MATCH,"[""DRUMS_00185""]",1
drums,FULL_MIX,F_MIX_00260,50.01578231292517,DRUM_SUPPORTED,FULL_MIX_AND_STEM_MATCH,"[""DRUMS_00186""]",1
drums,FULL_MIX,F_MIX_00261,50.39891156462585,DRUM_SUPPORTED,FULL_MIX_AND_STEM_MATCH,"[""DRUMS_00187""]",1
drums,FULL_MIX,F_MIX_00262,50.758820861678004,DRUM_SUPPORTED,FULL_MIX_AND_STEM_MATCH,"[""DRUMS_00188""]",1
drums,FULL_MIX,F_MIX_00263,51.037460317460315,UNKNOWN,FULL_MIX_ONLY,[],0
drums,FULL_MIX,F_MIX_00264,51.13034013605442,DRUM_SUPPORTED,FULL_MIX_AND_STEM_MATCH,"[""DRUMS_00189""]",1
drums,FULL_MIX,F_MIX_00265,51.44380952380953,UNKNOWN,FULL_MIX_AND_STEM_MATCH,"[""DRUMS_00190""]",1
drums,FULL_MIX,F_MIX_00266,51.757278911564626,UNKNOWN,FULL_MIX_AND_STEM_MATCH,"[""DRUMS_00191""]",1
drums,FULL_MIX,F_MIX_00267,51.81532879818594,UNKNOWN,FULL_MIX_ONLY,[],0
drums,FULL_MIX,F_MIX_00268,52.024308390022675,UNKNOWN,FULL_MIX_ONLY,[],0
drums,FULL_MIX,F_MIX_00269,52.186848072562356,DRUM_SUPPORTED,FULL_MIX_ONLY,[],0
drums,FULL_MIX,F_MIX_00270,52.244897959183675,DRUM_SUPPORTED,FULL_MIX_AND_STEM_MATCH,"[""DRUMS_00193""]",1
drums,FULL_MIX,F_MIX_00271,52.523537414965986,DRUM_SUPPORTED,FULL_MIX_AND_STEM_MATCH,"[""DRUMS_00194""]",1
drums,FULL_MIX,F_MIX_00272,52.61641723356009,DRUM_SUPPORTED,FULL_MIX_AND_STEM_MATCH,"[""DRUMS_00195""]",1
drums,FULL_MIX,F_MIX_00273,52.895056689342404,UNKNOWN,FULL_MIX_AND_STEM_MATCH,"[""DRUMS_00196""]",1
drums,FULL_MIX,F_MIX_00274,52.97632653061225,DRUM_SUPPORTED,FULL_MIX_AND_STEM_MATCH,"[""DRUMS_00197""]",1
drums,FULL_MIX,F_MIX_00275,53.324625850340134,DRUM_SUPPORTED,FULL_MIX_AND_STEM_MATCH,"[""DRUMS_00198""]",1
drums,FULL_MIX,F_MIX_00276,53.614875283446715,DRUM_SUPPORTED,FULL_MIX_AND_STEM_MATCH,"[""DRUMS_00199""]",1
drums,FULL_MIX,F_MIX_00277,53.69614512471655,DRUM_SUPPORTED,FULL_MIX_AND_STEM_MATCH,"[""DRUMS_00200""]",1
drums,FULL_MIX,F_MIX_00278,53.998004535147395,UNKNOWN,FULL_MIX_ONLY,[],0
drums,FULL_MIX,F_MIX_00279,54.05605442176871,DRUM_SUPPORTED,FULL_MIX_AND_STEM_MATCH,"[""DRUMS_00201""]",1
drums,FULL_MIX,F_MIX_00280,54.34630385487528,DRUM_SUPPORTED,FULL_MIX_AND_STEM_MATCH,"[""DRUMS_00202""]",1
drums,FULL_MIX,F_MIX_00281,54.427573696145124,DRUM_SUPPORTED,FULL_MIX_AND_STEM_MATCH,"[""DRUMS_00203""]",1
drums,FULL_MIX,F_MIX_00282,54.57850340136054,UNKNOWN,FULL_MIX_ONLY,[],0
drums,FULL_MIX,F_MIX_00283,54.78748299319728,DRUM_SUPPORTED,FULL_MIX_AND_STEM_MATCH,"[""DRUMS_00204""]",1
drums,FULL_MIX,F_MIX_00284,55.147392290249435,DRUM_SUPPORTED,FULL_MIX_AND_STEM_MATCH,"[""DRUMS_00205""]",1
drums,FULL_MIX,F_MIX_00285,55.50730158730159,DRUM_SUPPORTED,FULL_MIX_AND_STEM_MATCH,"[""DRUMS_00206""]",1
drums,FULL_MIX,F_MIX_00286,55.80916099773243,UNKNOWN,FULL_MIX_ONLY,[],0
drums,FULL_MIX,F_MIX_00287,55.878820861678,DRUM_SUPPORTED,FULL_MIX_AND_STEM_MATCH,"[""DRUMS_00207""]",1
drums,FULL_MIX,F_MIX_00288,56.16907029478458,UNKNOWN,FULL_MIX_ONLY,[],0
drums,FULL_MIX,F_MIX_00289,56.23873015873016,DRUM_SUPPORTED,FULL_MIX_AND_STEM_MATCH,"[""DRUMS_00208""]",1
drums,FULL_MIX,F_MIX_00290,56.52897959183674,DRUM_SUPPORTED,FULL_MIX_AND_STEM_MATCH,"[""DRUMS_00209""]",1
drums,FULL_MIX,F_MIX_00291,56.610249433106574,DRUM_SUPPORTED,FULL_MIX_AND_STEM_MATCH,"[""DRUMS_00210""]",1
drums,FULL_MIX,F_MIX_00292,56.95854875283447,DRUM_SUPPORTED,FULL_MIX_AND_STEM_MATCH,"[""DRUMS_00211""]",1
drums,FULL_MIX,F_MIX_00293,57.225578231292516,DRUM_SUPPORTED,FULL_MIX_AND_STEM_MATCH,"[""DRUMS_00212""]",1
drums,FULL_MIX,F_MIX_00294,57.376507936507934,UNKNOWN,FULL_MIX_ONLY,[],0
drums,FULL_MIX,F_MIX_00295,57.68997732426304,DRUM_SUPPORTED,FULL_MIX_AND_STEM_MATCH,"[""DRUMS_00213""]",1
drums,FULL_MIX,F_MIX_00296,57.96861678004535,DRUM_SUPPORTED,FULL_MIX_AND_STEM_MATCH,"[""DRUMS_00214""]",1
drums,FULL_MIX,F_MIX_00297,58.10793650793651,DRUM_SUPPORTED,FULL_MIX_ONLY,[],0
drums,FULL_MIX,F_MIX_00298,58.38657596371882,DRUM_SUPPORTED,FULL_MIX_ONLY,[],0
drums,FULL_MIX,F_MIX_00299,58.42140589569161,DRUM_SUPPORTED,FULL_MIX_AND_STEM_MATCH,"[""DRUMS_00217""]",1
drums,FULL_MIX,F_MIX_00300,58.700045351473925,DRUM_SUPPORTED,FULL_MIX_AND_STEM_MATCH,"[""DRUMS_00218""]",1
drums,FULL_MIX,F_MIX_00301,58.792925170068024,DRUM_SUPPORTED,FULL_MIX_AND_STEM_MATCH,"[""DRUMS_00219""]",1
drums,FULL_MIX,F_MIX_00302,59.05995464852608,UNKNOWN,FULL_MIX_AND_STEM_MATCH,"[""DRUMS_00220""]",1
drums,FULL_MIX,F_MIX_00303,59.15283446712018,DRUM_SUPPORTED,FULL_MIX_AND_STEM_MATCH,"[""DRUMS_00221""]",1
drums,FULL_MIX,F_MIX_00304,59.43147392290249,UNKNOWN,FULL_MIX_AND_STEM_MATCH,"[""DRUMS_00222""]",1
drums,FULL_MIX,F_MIX_00305,59.5243537414966,DRUM_SUPPORTED,FULL_MIX_AND_STEM_MATCH,"[""DRUMS_00223""]",1
drums,FULL_MIX,F_MIX_00306,59.88426303854875,DRUM_SUPPORTED,FULL_MIX_AND_STEM_MATCH,"[""DRUMS_00224""]",1
drums,FULL_MIX,F_MIX_00307,60.03519274376417,UNKNOWN,FULL_MIX_ONLY,[],0
drums,FULL_MIX,F_MIX_00308,60.1512925170068,UNKNOWN,FULL_MIX_ONLY,[],0
drums,FULL_MIX,F_MIX_00309,60.24417233560091,BASS_AND_DRUM_SUPPORTED,FULL_MIX_AND_STEM_MATCH,"[""DRUMS_00225""]",1
drums,FULL_MIX,F_MIX_00310,60.3718820861678,UNKNOWN,FULL_MIX_ONLY,[],0
drums,FULL_MIX,F_MIX_00311,60.48798185941043,UNKNOWN,FULL_MIX_ONLY,[],0
drums,FULL_MIX,F_MIX_00312,60.615691609977326,BASS_AND_DRUM_SUPPORTED,FULL_MIX_AND_STEM_MATCH,"[""DRUMS_00226""]",1
drums,FULL_MIX,F_MIX_00313,60.87111111111111,UNKNOWN,FULL_MIX_ONLY,[],0
drums,FULL_MIX,F_MIX_00314,61.03365079365079,UNKNOWN,FULL_MIX_ONLY,[],0
drums,FULL_MIX,F_MIX_00315,61.24263038548753,UNKNOWN,FULL_MIX_ONLY,[],0
drums,FULL_MIX,F_MIX_00316,61.35873015873016,BASS_AND_DRUM_SUPPORTED,FULL_MIX_AND_STEM_MATCH,"[""DRUMS_00227""]",1
drums,FULL_MIX,F_MIX_00317,61.61414965986395,DRUM_SUPPORTED,FULL_MIX_AND_STEM_MATCH,"[""DRUMS_00228""]",1
drums,FULL_MIX,F_MIX_00318,61.73024943310658,BASS_AND_DRUM_SUPPORTED,FULL_MIX_ONLY,[],0
drums,FULL_MIX,F_MIX_00319,62.0669387755102,BASS_AND_DRUM_SUPPORTED,FULL_MIX_AND_STEM_MATCH,"[""DRUMS_00230""]",1
drums,FULL_MIX,F_MIX_00320,62.368798185941046,UNKNOWN,FULL_MIX_ONLY,[],0
drums,FULL_MIX,F_MIX_00321,62.43845804988662,DRUM_SUPPORTED,FULL_MIX_AND_STEM_MATCH,"[""DRUMS_00231""]",1
drums,FULL_MIX,F_MIX_00322,62.49650793650794,UNKNOWN,FULL_MIX_ONLY,[],0
drums,FULL_MIX,F_MIX_00323,62.798367346938775,BASS_AND_DRUM_SUPPORTED,FULL_MIX_AND_STEM_MATCH,"[""DRUMS_00232""]",1
drums,FULL_MIX,F_MIX_00324,63.181496598639455,BASS_AND_DRUM_SUPPORTED,FULL_MIX_AND_STEM_MATCH,"[""DRUMS_00234""]",1
drums,FULL_MIX,F_MIX_00325,63.46013605442177,DRUM_SUPPORTED,FULL_MIX_AND_STEM_MATCH,"[""DRUMS_00235""]",1
drums,FULL_MIX,F_MIX_00326,63.54140589569161,DRUM_SUPPORTED,FULL_MIX_AND_STEM_MATCH,"[""DRUMS_00236""]",1
drums,FULL_MIX,F_MIX_00327,63.80843537414966,DRUM_SUPPORTED,FULL_MIX_AND_STEM_MATCH,"[""DRUMS_00237""]",1
drums,FULL_MIX,F_MIX_00328,64.24961451247165,DRUM_SUPPORTED,FULL_MIX_AND_STEM_MATCH,"[""DRUMS_00239""]",1
drums,FULL_MIX,F_MIX_00329,64.51664399092971,DRUM_SUPPORTED,FULL_MIX_AND_STEM_MATCH,"[""DRUMS_00240""]",1
drums,FULL_MIX,F_MIX_00330,64.62113378684808,DRUM_SUPPORTED,FULL_MIX_AND_STEM_MATCH,"[""DRUMS_00241""]",1
drums,FULL_MIX,F_MIX_00331,64.88816326530612,UNKNOWN,FULL_MIX_ONLY,[],0
drums,FULL_MIX,F_MIX_00332,64.98104308390023,DRUM_SUPPORTED,FULL_MIX_AND_STEM_MATCH,"[""DRUMS_00243""]",1
drums,FULL_MIX,F_MIX_00333,65.23646258503402,UNKNOWN,FULL_MIX_AND_STEM_MATCH,"[""DRUMS_00244""]",1
drums,FULL_MIX,F_MIX_00334,65.34095238095239,DRUM_SUPPORTED,FULL_MIX_AND_STEM_MATCH,"[""DRUMS_00245""]",1
drums,FULL_MIX,F_MIX_00335,65.70086167800453,DRUM_SUPPORTED,FULL_MIX_AND_STEM_MATCH,"[""DRUMS_00246""]",1
drums,FULL_MIX,F_MIX_00336,65.99111111111111,UNKNOWN,FULL_MIX_AND_STEM_MATCH,"[""DRUMS_00247""]",1
drums,FULL_MIX,F_MIX_00337,66.07238095238095,BASS_AND_DRUM_SUPPORTED,FULL_MIX_AND_STEM_MATCH,"[""DRUMS_00248""]",1
drums,FULL_MIX,F_MIX_00338,66.42068027210884,BASS_AND_DRUM_SUPPORTED,FULL_MIX_AND_STEM_MATCH,"[""DRUMS_00249""]",1
drums,FULL_MIX,F_MIX_00339,66.69931972789115,DRUM_SUPPORTED,FULL_MIX_AND_STEM_MATCH,"[""DRUMS_00250""]",1
drums,FULL_MIX,F_MIX_00340,66.79219954648526,BASS_AND_DRUM_SUPPORTED,FULL_MIX_AND_STEM_MATCH,"[""DRUMS_00251""]",1
drums,FULL_MIX,F_MIX_00341,67.1288888888889,BASS_AND_DRUM_SUPPORTED,FULL_MIX_AND_STEM_MATCH,"[""DRUMS_00252""]",1
drums,FULL_MIX,F_MIX_00342,67.43074829931973,UNKNOWN,FULL_MIX_AND_STEM_MATCH,"[""DRUMS_00253""]",1
drums,FULL_MIX,F_MIX_00343,67.5004081632653,DRUM_SUPPORTED,FULL_MIX_AND_STEM_MATCH,"[""DRUMS_00254""]",1
drums,FULL_MIX,F_MIX_00344,67.80226757369614,UNKNOWN,FULL_MIX_ONLY,[],0
drums,FULL_MIX,F_MIX_00345,67.87192743764173,DRUM_SUPPORTED,FULL_MIX_ONLY,[],0
drums,FULL_MIX,F_MIX_00346,68.1621768707483,DRUM_SUPPORTED,FULL_MIX_ONLY,[],0
drums,FULL_MIX,F_MIX_00347,68.20861678004535,DRUM_SUPPORTED,FULL_MIX_AND_STEM_MATCH,"[""DRUMS_00256""]",1
drums,FULL_MIX,F_MIX_00348,68.28988662131519,UNKNOWN,FULL_MIX_ONLY,[],0
drums,FULL_MIX,F_MIX_00349,68.52208616780045,UNKNOWN,FULL_MIX_ONLY,[],0
drums,FULL_MIX,F_MIX_00350,68.59174603174603,BASS_AND_DRUM_SUPPORTED,FULL_MIX_AND_STEM_MATCH,"[""DRUMS_00257""]",1
drums,FULL_MIX,F_MIX_00351,68.84716553287981,DRUM_SUPPORTED,FULL_MIX_AND_STEM_MATCH,"[""DRUMS_00258""]",1
drums,FULL_MIX,F_MIX_00352,68.98648526077098,UNKNOWN,FULL_MIX_ONLY,[],0
drums,FULL_MIX,F_MIX_00353,69.29995464852608,BASS_AND_DRUM_SUPPORTED,FULL_MIX_AND_STEM_MATCH,"[""DRUMS_00259""]",1
drums,FULL_MIX,F_MIX_00354,69.56698412698412,UNKNOWN,FULL_MIX_ONLY,[],0
drums,FULL_MIX,F_MIX_00355,69.64825396825397,DRUM_SUPPORTED,FULL_MIX_AND_STEM_MATCH,"[""DRUMS_00260""]",1
drums,FULL_MIX,F_MIX_00356,69.92689342403628,UNKNOWN,FULL_MIX_AND_STEM_MATCH,"[""DRUMS_00261""]",1
drums,FULL_MIX,F_MIX_00357,70.01977324263038,DRUM_SUPPORTED,FULL_MIX_AND_STEM_MATCH,"[""DRUMS_00262""]",1
drums,FULL_MIX,F_MIX_00358,70.2984126984127,UNKNOWN,FULL_MIX_AND_STEM_MATCH,"[""DRUMS_00263""]",1
drums,FULL_MIX,F_MIX_00359,70.37968253968253,DRUM_SUPPORTED,FULL_MIX_AND_STEM_MATCH,"[""DRUMS_00264""]",1
drums,FULL_MIX,F_MIX_00360,70.64671201814059,DRUM_SUPPORTED,FULL_MIX_AND_STEM_MATCH,"[""DRUMS_00265""]",1
drums,FULL_MIX,F_MIX_00361,70.75120181405896,DRUM_SUPPORTED,FULL_MIX_AND_STEM_MATCH,"[""DRUMS_00266""]",1
drums,FULL_MIX,F_MIX_00362,70.99501133786848,DRUM_SUPPORTED,FULL_MIX_AND_STEM_MATCH,"[""DRUMS_00267""]",1
drums,FULL_MIX,F_MIX_00363,71.1459410430839,UNKNOWN,FULL_MIX_ONLY,[],0
drums,FULL_MIX,F_MIX_00364,71.40136054421768,UNKNOWN,FULL_MIX_AND_STEM_MATCH,"[""DRUMS_00268""]",1
drums,FULL_MIX,F_MIX_00365,71.47102040816327,DRUM_SUPPORTED,FULL_MIX_ONLY,[],0
drums,FULL_MIX,F_MIX_00366,71.72643990929706,DRUM_SUPPORTED,FULL_MIX_AND_STEM_MATCH,"[""DRUMS_00270""]",1
drums,FULL_MIX,F_MIX_00367,71.81931972789116,DRUM_SUPPORTED,FULL_MIX_AND_STEM_MATCH,"[""DRUMS_00271""]",1
drums,FULL_MIX,F_MIX_00368,72.09795918367347,UNKNOWN,FULL_MIX_ONLY,[],0
drums,FULL_MIX,F_MIX_00369,72.19083900226758,DRUM_SUPPORTED,FULL_MIX_AND_STEM_MATCH,"[""DRUMS_00272""]",1
drums,FULL_MIX,F_MIX_00370,72.44625850340137,DRUM_SUPPORTED,FULL_MIX_AND_STEM_MATCH,"[""DRUMS_00273""]",1
drums,FULL_MIX,F_MIX_00371,72.53913832199547,DRUM_SUPPORTED,FULL_MIX_AND_STEM_MATCH,"[""DRUMS_00274""]",1
drums,FULL_MIX,F_MIX_00372,72.89904761904762,DRUM_SUPPORTED,FULL_MIX_AND_STEM_MATCH,"[""DRUMS_00275""]",1
drums,FULL_MIX,F_MIX_00373,73.18929705215419,DRUM_SUPPORTED,FULL_MIX_AND_STEM_MATCH,"[""DRUMS_00276""]",1
drums,FULL_MIX,F_MIX_00374,73.27056689342403,DRUM_SUPPORTED,FULL_MIX_ONLY,[],0
drums,FULL_MIX,F_MIX_00375,73.60725623582766,DRUM_SUPPORTED,FULL_MIX_AND_STEM_MATCH,"[""DRUMS_00278""]",1
drums,FULL_MIX,F_MIX_00376,73.64208616780046,DRUM_SUPPORTED,FULL_MIX_AND_STEM_MATCH,"[""DRUMS_00279""]",1
drums,FULL_MIX,F_MIX_00377,73.88589569160997,DRUM_SUPPORTED,FULL_MIX_AND_STEM_MATCH,"[""DRUMS_00280""]",1
drums,FULL_MIX,F_MIX_00378,74.33868480725623,BASS_AND_DRUM_SUPPORTED,FULL_MIX_AND_STEM_MATCH,"[""DRUMS_00281""]",1
drums,FULL_MIX,F_MIX_00379,74.64054421768708,DRUM_SUPPORTED,FULL_MIX_AND_STEM_MATCH,"[""DRUMS_00282""]",1
drums,FULL_MIX,F_MIX_00380,74.72181405895692,BASS_AND_DRUM_SUPPORTED,FULL_MIX_AND_STEM_MATCH,"[""DRUMS_00283""]",1
drums,FULL_MIX,F_MIX_00381,74.98884353741497,UNKNOWN,FULL_MIX_ONLY,[],0
drums,FULL_MIX,F_MIX_00382,75.08172335600906,BASS_AND_DRUM_SUPPORTED,FULL_MIX_AND_STEM_MATCH,"[""DRUMS_00284""]",1
drums,FULL_MIX,F_MIX_00383,75.34875283446712,DRUM_SUPPORTED,FULL_MIX_AND_STEM_MATCH,"[""DRUMS_00285""]",1
drums,FULL_MIX,F_MIX_00384,75.43002267573696,BASS_AND_DRUM_SUPPORTED,FULL_MIX_AND_STEM_MATCH,"[""DRUMS_00286""]",1
drums,FULL_MIX,F_MIX_00385,75.72027210884353,DRUM_SUPPORTED,FULL_MIX_AND_STEM_MATCH,"[""DRUMS_00287""]",1
drums,FULL_MIX,F_MIX_00386,75.80154195011337,DRUM_SUPPORTED,FULL_MIX_AND_STEM_MATCH,"[""DRUMS_00288""]",1
drums,FULL_MIX,F_MIX_00387,76.06857142857143,DRUM_SUPPORTED,FULL_MIX_AND_STEM_MATCH,"[""DRUMS_00289""]",1
drums,FULL_MIX,F_MIX_00388,76.42848072562359,UNKNOWN,FULL_MIX_AND_STEM_MATCH,"[""DRUMS_00291""]",1
drums,FULL_MIX,F_MIX_00389,76.52136054421769,DRUM_SUPPORTED,FULL_MIX_AND_STEM_MATCH,"[""DRUMS_00292""]",1
drums,FULL_MIX,F_MIX_00390,76.77678004535147,DRUM_SUPPORTED,FULL_MIX_AND_STEM_MATCH,"[""DRUMS_00293""]",1
drums,FULL_MIX,F_MIX_00391,77.13668934240363,DRUM_SUPPORTED,FULL_MIX_AND_STEM_MATCH,"[""DRUMS_00295""]",1
drums,FULL_MIX,F_MIX_00392,77.22956916099773,DRUM_SUPPORTED,FULL_MIX_AND_STEM_MATCH,"[""DRUMS_00296""]",1
drums,FULL_MIX,F_MIX_00393,77.48498866213151,DRUM_SUPPORTED,FULL_MIX_AND_STEM_MATCH,"[""DRUMS_00297""]",1
drums,FULL_MIX,F_MIX_00394,77.87972789115646,UNKNOWN,FULL_MIX_AND_STEM_MATCH,"[""DRUMS_00298""]",1
drums,FULL_MIX,F_MIX_00395,77.94938775510204,DRUM_SUPPORTED,FULL_MIX_AND_STEM_MATCH,"[""DRUMS_00299""]",1
drums,FULL_MIX,F_MIX_00396,78.2164172335601,DRUM_SUPPORTED,FULL_MIX_AND_STEM_MATCH,"[""DRUMS_00300""]",1
drums,FULL_MIX,F_MIX_00397,78.3092970521542,DRUM_SUPPORTED,FULL_MIX_AND_STEM_MATCH,"[""DRUMS_00301""]",1
drums,FULL_MIX,F_MIX_00398,78.57632653061225,UNKNOWN,FULL_MIX_AND_STEM_MATCH,"[""DRUMS_00302""]",1
drums,FULL_MIX,F_MIX_00399,78.68081632653062,DRUM_SUPPORTED,FULL_MIX_ONLY,[],0
drums,FULL_MIX,F_MIX_00400,78.9362358276644,DRUM_SUPPORTED,FULL_MIX_AND_STEM_MATCH,"[""DRUMS_00304""]",1
drums,FULL_MIX,F_MIX_00401,79.04072562358277,DRUM_SUPPORTED,FULL_MIX_ONLY,[],0
drums,FULL_MIX,F_MIX_00402,79.28453514739229,DRUM_SUPPORTED,FULL_MIX_ONLY,[],0
drums,FULL_MIX,F_MIX_00403,79.38902494331066,DRUM_SUPPORTED,FULL_MIX_AND_STEM_MATCH,"[""DRUMS_00306""]",1
drums,FULL_MIX,F_MIX_00404,79.63283446712018,DRUM_SUPPORTED,FULL_MIX_AND_STEM_MATCH,"[""DRUMS_00307""]",1
drums,FULL_MIX,F_MIX_00405,79.74893424036281,DRUM_SUPPORTED,FULL_MIX_AND_STEM_MATCH,"[""DRUMS_00308""]",1
drums,FULL_MIX,F_MIX_00406,80.0043537414966,DRUM_SUPPORTED,FULL_MIX_AND_STEM_MATCH,"[""DRUMS_00309""]",1
drums,FULL_MIX,F_MIX_00407,80.0972335600907,DRUM_SUPPORTED,FULL_MIX_AND_STEM_MATCH,"[""DRUMS_00310""]",1
drums,FULL_MIX,F_MIX_00408,80.35265306122449,DRUM_SUPPORTED,FULL_MIX_AND_STEM_MATCH,"[""DRUMS_00311""]",1
drums,FULL_MIX,F_MIX_00409,80.71256235827664,BASS_AND_DRUM_SUPPORTED,FULL_MIX_ONLY,[],0
drums,FULL_MIX,F_MIX_00410,80.82866213151928,BASS_AND_DRUM_SUPPORTED,FULL_MIX_AND_STEM_MATCH,"[""DRUMS_00313""]",1
drums,FULL_MIX,F_MIX_00411,81.08408163265307,DRUM_SUPPORTED,FULL_MIX_AND_STEM_MATCH,"[""DRUMS_00314""]",1
drums,FULL_MIX,F_MIX_00412,81.21179138321996,DRUM_SUPPORTED,FULL_MIX_AND_STEM_MATCH,"[""DRUMS_00315""]",1
drums,FULL_MIX,F_MIX_00413,81.45560090702948,BASS_SUPPORTED,FULL_MIX_ONLY,[],0
drums,FULL_MIX,F_MIX_00414,81.54848072562358,DRUM_SUPPORTED,FULL_MIX_AND_STEM_MATCH,"[""DRUMS_00316""]",1
drums,FULL_MIX,F_MIX_00415,81.81551020408163,UNKNOWN,FULL_MIX_AND_STEM_MATCH,"[""DRUMS_00317""]",1
drums,FULL_MIX,F_MIX_00416,81.90839002267573,BASS_AND_DRUM_SUPPORTED,FULL_MIX_AND_STEM_MATCH,"[""DRUMS_00318""]",1
drums,FULL_MIX,F_MIX_00417,82.18702947845804,UNKNOWN,FULL_MIX_AND_STEM_MATCH,"[""DRUMS_00319""]",1
drums,FULL_MIX,F_MIX_00418,82.25668934240363,DRUM_SUPPORTED,FULL_MIX_AND_STEM_MATCH,"[""DRUMS_00320""]",1
drums,FULL_MIX,F_MIX_00419,82.62820861678004,DRUM_SUPPORTED,FULL_MIX_AND_STEM_MATCH,"[""DRUMS_00321""]",1
drums,FULL_MIX,F_MIX_00420,82.99972789115647,UNKNOWN,FULL_MIX_AND_STEM_MATCH,"[""DRUMS_00323""]",1
drums,FULL_MIX,F_MIX_00421,83.34802721088435,DRUM_SUPPORTED,FULL_MIX_AND_STEM_MATCH,"[""DRUMS_00324""]",1
drums,FULL_MIX,F_MIX_00422,83.71954648526076,DRUM_SUPPORTED,FULL_MIX_AND_STEM_MATCH,"[""DRUMS_00325""]",1
drums,FULL_MIX,F_MIX_00423,84.09106575963719,BASS_AND_DRUM_SUPPORTED,FULL_MIX_AND_STEM_MATCH,"[""DRUMS_00326""]",1
drums,FULL_MIX,F_MIX_00424,84.45097505668934,BASS_AND_DRUM_SUPPORTED,FULL_MIX_AND_STEM_MATCH,"[""DRUMS_00327""]",1
drums,FULL_MIX,F_MIX_00425,84.74122448979591,UNKNOWN,FULL_MIX_ONLY,[],0
drums,FULL_MIX,F_MIX_00426,84.82249433106576,BASS_AND_DRUM_SUPPORTED,FULL_MIX_AND_STEM_MATCH,"[""DRUMS_00328""]",1
drums,FULL_MIX,F_MIX_00427,85.10113378684807,UNKNOWN,FULL_MIX_ONLY,[],0
drums,FULL_MIX,F_MIX_00428,85.18240362811791,BASS_AND_DRUM_SUPPORTED,FULL_MIX_AND_STEM_MATCH,"[""DRUMS_00329""]",1
drums,FULL_MIX,F_MIX_00429,85.46104308390022,DRUM_SUPPORTED,FULL_MIX_AND_STEM_MATCH,"[""DRUMS_00330""]",1
drums,FULL_MIX,F_MIX_00430,85.53070294784581,BASS_AND_DRUM_SUPPORTED,FULL_MIX_AND_STEM_MATCH,"[""DRUMS_00331""]",1
drums,FULL_MIX,F_MIX_00431,85.82095238095238,DRUM_SUPPORTED,FULL_MIX_AND_STEM_MATCH,"[""DRUMS_00332""]",1
drums,FULL_MIX,F_MIX_00432,85.90222222222222,BASS_AND_DRUM_SUPPORTED,FULL_MIX_AND_STEM_MATCH,"[""DRUMS_00333""]",1
drums,FULL_MIX,F_MIX_00433,86.18086167800453,UNKNOWN,FULL_MIX_AND_STEM_MATCH,"[""DRUMS_00334""]",1
drums,FULL_MIX,F_MIX_00434,86.2505215419501,BASS_AND_DRUM_SUPPORTED,FULL_MIX_AND_STEM_MATCH,"[""DRUMS_00335""]",1
drums,FULL_MIX,F_MIX_00435,86.2853514739229,DRUM_SUPPORTED,FULL_MIX_ONLY,[],0
drums,FULL_MIX,F_MIX_00436,86.61043083900226,BASS_AND_DRUM_SUPPORTED,FULL_MIX_AND_STEM_MATCH,"[""DRUMS_00336""]",1
drums,FULL_MIX,F_MIX_00437,86.88907029478457,UNKNOWN,FULL_MIX_ONLY,[],0
drums,FULL_MIX,F_MIX_00438,86.98195011337869,BASS_AND_DRUM_SUPPORTED,FULL_MIX_AND_STEM_MATCH,"[""DRUMS_00337""]",1
drums,FULL_MIX,F_MIX_00439,87.02839002267574,UNKNOWN,FULL_MIX_ONLY,[],0
drums,FULL_MIX,F_MIX_00440,87.260589569161,UNKNOWN,FULL_MIX_ONLY,[],0
drums,FULL_MIX,F_MIX_00441,87.34185941043084,DRUM_SUPPORTED,FULL_MIX_AND_STEM_MATCH,"[""DRUMS_00338""]",1
drums,FULL_MIX,F_MIX_00442,87.59727891156463,DRUM_SUPPORTED,FULL_MIX_AND_STEM_MATCH,"[""DRUMS_00339""]",1
drums,FULL_MIX,F_MIX_00443,88.03845804988661,BASS_AND_DRUM_SUPPORTED,FULL_MIX_AND_STEM_MATCH,"[""DRUMS_00340""]",1
drums,FULL_MIX,F_MIX_00444,88.3287074829932,UNKNOWN,FULL_MIX_ONLY,[],0
drums,FULL_MIX,F_MIX_00445,88.75827664399092,BASS_AND_DRUM_SUPPORTED,FULL_MIX_AND_STEM_MATCH,"[""DRUMS_00342""]",1
drums,FULL_MIX,F_MIX_00446,89.03691609977324,UNKNOWN,FULL_MIX_ONLY,[],0
drums,FULL_MIX,F_MIX_00447,89.10657596371883,BASS_AND_DRUM_SUPPORTED,FULL_MIX_AND_STEM_MATCH,"[""DRUMS_00343""]",1
drums,FULL_MIX,F_MIX_00448,89.47809523809524,BASS_AND_DRUM_SUPPORTED,FULL_MIX_AND_STEM_MATCH,"[""DRUMS_00344""]",1
drums,FULL_MIX,F_MIX_00449,89.74512471655329,DRUM_SUPPORTED,FULL_MIX_ONLY,[],0
drums,FULL_MIX,F_MIX_00450,90.16308390022675,BASS_AND_DRUM_SUPPORTED,FULL_MIX_ONLY,[],0
drums,FULL_MIX,F_MIX_00451,90.45333333333333,DRUM_SUPPORTED,FULL_MIX_AND_STEM_MATCH,"[""DRUMS_00347""]",1
drums,FULL_MIX,F_MIX_00452,90.5578231292517,BASS_AND_DRUM_SUPPORTED,FULL_MIX_AND_STEM_MATCH,"[""DRUMS_00348""]",1
drums,FULL_MIX,F_MIX_00453,90.5926530612245,UNKNOWN,FULL_MIX_ONLY,[],0
drums,FULL_MIX,F_MIX_00454,90.84807256235828,UNKNOWN,FULL_MIX_ONLY,[],0
drums,FULL_MIX,F_MIX_00455,90.90612244897959,BASS_AND_DRUM_SUPPORTED,FULL_MIX_AND_STEM_MATCH,"[""DRUMS_00349""]",1
drums,FULL_MIX,F_MIX_00456,91.1847619047619,UNKNOWN,FULL_MIX_ONLY,[],0
drums,FULL_MIX,F_MIX_00457,91.26603174603174,BASS_AND_DRUM_SUPPORTED,FULL_MIX_AND_STEM_MATCH,"[""DRUMS_00351""]",1
drums,FULL_MIX,F_MIX_00458,91.54467120181405,UNKNOWN,FULL_MIX_ONLY,[],0
drums,FULL_MIX,F_MIX_00459,91.6259410430839,BASS_AND_DRUM_SUPPORTED,FULL_MIX_AND_STEM_MATCH,"[""DRUMS_00352""]",1
drums,FULL_MIX,F_MIX_00460,91.89297052154195,DRUM_SUPPORTED,FULL_MIX_AND_STEM_MATCH,"[""DRUMS_00353""]",1
drums,FULL_MIX,F_MIX_00461,91.99746031746032,DRUM_SUPPORTED,FULL_MIX_ONLY,[],0
drums,FULL_MIX,F_MIX_00462,92.25287981859411,UNKNOWN,FULL_MIX_ONLY,[],0
drums,FULL_MIX,F_MIX_00463,92.28770975056689,BASS_AND_DRUM_SUPPORTED,FULL_MIX_ONLY,[],0
drums,FULL_MIX,F_MIX_00464,92.34575963718821,DRUM_SUPPORTED,FULL_MIX_AND_STEM_MATCH,"[""DRUMS_00355""]",1
drums,FULL_MIX,F_MIX_00465,92.63600907029479,UNKNOWN,FULL_MIX_ONLY,[],0
drums,FULL_MIX,F_MIX_00466,92.70566893424036,BASS_AND_DRUM_SUPPORTED,FULL_MIX_AND_STEM_MATCH,"[""DRUMS_00356""]",1
drums,FULL_MIX,F_MIX_00467,92.9726984126984,DRUM_SUPPORTED,FULL_MIX_AND_STEM_MATCH,"[""DRUMS_00357""]",1
drums,FULL_MIX,F_MIX_00468,93.07718820861678,BASS_AND_DRUM_SUPPORTED,FULL_MIX_ONLY,[],0
drums,FULL_MIX,F_MIX_00469,93.33260770975056,DRUM_SUPPORTED,FULL_MIX_ONLY,[],0
drums,FULL_MIX,F_MIX_00470,93.43709750566893,DRUM_SUPPORTED,FULL_MIX_AND_STEM_MATCH,"[""DRUMS_00358""]",1
drums,FULL_MIX,F_MIX_00471,93.70412698412699,UNKNOWN,FULL_MIX_ONLY,[],0
drums,FULL_MIX,F_MIX_00472,93.79700680272109,DRUM_SUPPORTED,FULL_MIX_AND_STEM_MATCH,"[""DRUMS_00359""]",1
drums,FULL_MIX,F_MIX_00473,94.04081632653062,DRUM_SUPPORTED,FULL_MIX_AND_STEM_MATCH,"[""DRUMS_00360""]",1
drums,FULL_MIX,F_MIX_00474,94.50521541950113,BASS_AND_DRUM_SUPPORTED,FULL_MIX_AND_STEM_MATCH,"[""DRUMS_00362""]",1
drums,FULL_MIX,F_MIX_00475,94.78385487528345,DRUM_SUPPORTED,FULL_MIX_AND_STEM_MATCH,"[""DRUMS_00363""]",1
drums,FULL_MIX,F_MIX_00476,95.19020408163266,DRUM_SUPPORTED,FULL_MIX_ONLY,[],0
drums,FULL_MIX,F_MIX_00477,95.51528344671202,DRUM_SUPPORTED,FULL_MIX_AND_STEM_MATCH,"[""DRUMS_00365""]",1
drums,FULL_MIX,F_MIX_00478,95.59655328798186,BASS_AND_DRUM_SUPPORTED,FULL_MIX_AND_STEM_MATCH,"[""DRUMS_00366""]",1
drums,FULL_MIX,F_MIX_00479,95.87519274376417,UNKNOWN,FULL_MIX_AND_STEM_MATCH,"[""DRUMS_00367""]",1
drums,FULL_MIX,F_MIX_00480,95.95646258503402,DRUM_SUPPORTED,FULL_MIX_AND_STEM_MATCH,"[""DRUMS_00368""]",1
drums,FULL_MIX,F_MIX_00481,96.23510204081633,DRUM_SUPPORTED,FULL_MIX_AND_STEM_MATCH,"[""DRUMS_00369""]",1
drums,FULL_MIX,F_MIX_00482,96.60662131519274,UNKNOWN,FULL_MIX_AND_STEM_MATCH,"[""DRUMS_00370""]",1
drums,FULL_MIX,F_MIX_00483,96.68789115646258,BASS_AND_DRUM_SUPPORTED,FULL_MIX_AND_STEM_MATCH,"[""DRUMS_00371""]",1
drums,FULL_MIX,F_MIX_00484,96.94331065759637,DRUM_SUPPORTED,FULL_MIX_AND_STEM_MATCH,"[""DRUMS_00372""]",1
drums,FULL_MIX,F_MIX_00485,96.97814058956916,DRUM_SUPPORTED,FULL_MIX_ONLY,[],0
drums,FULL_MIX,F_MIX_00486,97.4077097505669,DRUM_SUPPORTED,FULL_MIX_AND_STEM_MATCH,"[""DRUMS_00373""]",1
drums,FULL_MIX,F_MIX_00487,97.69795918367348,DRUM_SUPPORTED,FULL_MIX_AND_STEM_MATCH,"[""DRUMS_00374""]",1
drums,FULL_MIX,F_MIX_00488,98.06947845804989,UNKNOWN,FULL_MIX_ONLY,[],0
drums,FULL_MIX,F_MIX_00489,98.15074829931973,DRUM_SUPPORTED,FULL_MIX_AND_STEM_MATCH,"[""DRUMS_00375""]",1
drums,FULL_MIX,F_MIX_00490,98.40616780045352,DRUM_SUPPORTED,FULL_MIX_AND_STEM_MATCH,"[""DRUMS_00376""]",1
drums,FULL_MIX,F_MIX_00491,98.7892970521542,UNKNOWN,FULL_MIX_ONLY,[],0
drums,FULL_MIX,F_MIX_00492,98.87056689342404,DRUM_SUPPORTED,FULL_MIX_AND_STEM_MATCH,"[""DRUMS_00377""]",1
drums,FULL_MIX,F_MIX_00493,99.12598639455783,DRUM_SUPPORTED,FULL_MIX_ONLY,[],0
drums,FULL_MIX,F_MIX_00494,99.47428571428571,DRUM_SUPPORTED,FULL_MIX_AND_STEM_MATCH,"[""DRUMS_00379""]",1
drums,FULL_MIX,F_MIX_00495,99.57877551020408,BASS_AND_DRUM_SUPPORTED,FULL_MIX_AND_STEM_MATCH,"[""DRUMS_00380""]",1
drums,FULL_MIX,F_MIX_00496,99.84580498866214,UNKNOWN,FULL_MIX_AND_STEM_MATCH,"[""DRUMS_00381""]",1
drums,FULL_MIX,F_MIX_00497,99.93868480725624,BASS_AND_DRUM_SUPPORTED,FULL_MIX_AND_STEM_MATCH,"[""DRUMS_00382""]",1
drums,FULL_MIX,F_MIX_00498,100.11283446712018,UNKNOWN,FULL_MIX_ONLY,[],0
drums,FULL_MIX,F_MIX_00499,100.22893424036282,UNKNOWN,FULL_MIX_ONLY,[],0
drums,FULL_MIX,F_MIX_00500,100.29859410430839,BASS_AND_DRUM_SUPPORTED,FULL_MIX_AND_STEM_MATCH,"[""DRUMS_00383""]",1
drums,FULL_MIX,F_MIX_00501,100.6120634920635,UNKNOWN,FULL_MIX_ONLY,[],0
drums,FULL_MIX,F_MIX_00502,100.68172335600907,BASS_AND_DRUM_SUPPORTED,FULL_MIX_AND_STEM_MATCH,"[""DRUMS_00384""]",1
drums,FULL_MIX,F_MIX_00503,100.97197278911564,UNKNOWN,FULL_MIX_ONLY,[],0
drums,FULL_MIX,F_MIX_00504,101.05324263038548,BASS_AND_DRUM_SUPPORTED,FULL_MIX_ONLY,[],0
drums,FULL_MIX,F_MIX_00505,101.3318820861678,UNKNOWN,FULL_MIX_ONLY,[],0
drums,FULL_MIX,F_MIX_00506,101.65696145124717,UNKNOWN,FULL_MIX_ONLY,[],0
drums,FULL_MIX,F_MIX_00507,101.78467120181406,BASS_AND_DRUM_SUPPORTED,FULL_MIX_AND_STEM_MATCH,"[""DRUMS_00387""]",1
drums,FULL_MIX,F_MIX_00508,102.0517006802721,DRUM_SUPPORTED,FULL_MIX_AND_STEM_MATCH,"[""DRUMS_00388""]",1
drums,FULL_MIX,F_MIX_00509,102.4,UNKNOWN,FULL_MIX_ONLY,[],0
drums,FULL_MIX,F_MIX_00510,102.50448979591837,DRUM_SUPPORTED,FULL_MIX_AND_STEM_MATCH,"[""DRUMS_00389""]",1
drums,FULL_MIX,F_MIX_00511,102.78312925170069,UNKNOWN,FULL_MIX_ONLY,[],0
drums,FULL_MIX,F_MIX_00512,103.22430839002267,BASS_AND_DRUM_SUPPORTED,FULL_MIX_AND_STEM_MATCH,"[""DRUMS_00391""]",1
drums,FULL_MIX,F_MIX_00513,103.49133786848073,DRUM_SUPPORTED,FULL_MIX_AND_STEM_MATCH,"[""DRUMS_00392""]",1
drums,FULL_MIX,F_MIX_00514,103.58421768707483,BASS_AND_DRUM_SUPPORTED,FULL_MIX_AND_STEM_MATCH,"[""DRUMS_00393""]",1
drums,FULL_MIX,F_MIX_00515,103.85124716553288,UNKNOWN,FULL_MIX_ONLY,[],0
drums,FULL_MIX,F_MIX_00516,103.94412698412698,BASS_AND_DRUM_SUPPORTED,FULL_MIX_AND_STEM_MATCH,"[""DRUMS_00394""]",1
drums,FULL_MIX,F_MIX_00517,104.18793650793651,DRUM_SUPPORTED,FULL_MIX_AND_STEM_MATCH,"[""DRUMS_00395""]",1
drums,FULL_MIX,F_MIX_00518,104.23437641723356,UNKNOWN,FULL_MIX_ONLY,[],0
drums,FULL_MIX,F_MIX_00519,104.30403628117914,DRUM_SUPPORTED,FULL_MIX_AND_STEM_MATCH,"[""DRUMS_00396""]",1
drums,FULL_MIX,F_MIX_00520,104.33886621315193,DRUM_SUPPORTED,FULL_MIX_ONLY,[],0
drums,FULL_MIX,F_MIX_00521,104.54784580498867,DRUM_SUPPORTED,FULL_MIX_AND_STEM_MATCH,"[""DRUMS_00397""]",1
drums,FULL_MIX,F_MIX_00522,104.65233560090702,BASS_AND_DRUM_SUPPORTED,FULL_MIX_AND_STEM_MATCH,"[""DRUMS_00398""]",1
drums,FULL_MIX,F_MIX_00523,104.90775510204081,DRUM_SUPPORTED,FULL_MIX_AND_STEM_MATCH,"[""DRUMS_00399""]",1
drums,FULL_MIX,F_MIX_00524,105.02385487528345,DRUM_SUPPORTED,FULL_MIX_AND_STEM_MATCH,"[""DRUMS_00400""]",1
drums,FULL_MIX,F_MIX_00525,105.27927437641723,UNKNOWN,FULL_MIX_AND_STEM_MATCH,"[""DRUMS_00401""]",1
drums,FULL_MIX,F_MIX_00526,105.3837641723356,DRUM_SUPPORTED,FULL_MIX_AND_STEM_MATCH,"[""DRUMS_00402""]",1
drums,FULL_MIX,F_MIX_00527,105.61596371882086,DRUM_SUPPORTED,FULL_MIX_AND_STEM_MATCH,"[""DRUMS_00403""]",1
drums,FULL_MIX,F_MIX_00528,106.10358276643991,DRUM_SUPPORTED,FULL_MIX_AND_STEM_MATCH,"[""DRUMS_00404""]",1
drums,FULL_MIX,F_MIX_00529,106.37061224489796,DRUM_SUPPORTED,FULL_MIX_AND_STEM_MATCH,"[""DRUMS_00405""]",1
drums,FULL_MIX,F_MIX_00530,106.82340136054422,DRUM_SUPPORTED,FULL_MIX_AND_STEM_MATCH,"[""DRUMS_00406""]",1
drums,FULL_MIX,F_MIX_00531,107.06721088435374,DRUM_SUPPORTED,FULL_MIX_AND_STEM_MATCH,"[""DRUMS_00407""]",1
drums,FULL_MIX,F_MIX_00532,107.18331065759637,DRUM_SUPPORTED,FULL_MIX_AND_STEM_MATCH,"[""DRUMS_00408""]",1
drums,FULL_MIX,F_MIX_00533,107.4271201814059,DRUM_SUPPORTED,FULL_MIX_AND_STEM_MATCH,"[""DRUMS_00409""]",1
drums,FULL_MIX,F_MIX_00534,107.53160997732427,DRUM_SUPPORTED,FULL_MIX_ONLY,[],0
drums,FULL_MIX,F_MIX_00535,107.76380952380953,DRUM_SUPPORTED,FULL_MIX_AND_STEM_MATCH,"[""DRUMS_00410""]",1
drums,FULL_MIX,F_MIX_00536,107.89151927437642,DRUM_SUPPORTED,FULL_MIX_ONLY,[],0
drums,FULL_MIX,F_MIX_00537,108.10049886621316,DRUM_SUPPORTED,FULL_MIX_AND_STEM_MATCH,"[""DRUMS_00411""]",1
drums,FULL_MIX,F_MIX_00538,108.2398185941043,DRUM_SUPPORTED,FULL_MIX_AND_STEM_MATCH,"[""DRUMS_00412""]",1
drums,FULL_MIX,F_MIX_00539,108.4604081632653,DRUM_SUPPORTED,FULL_MIX_AND_STEM_MATCH,"[""DRUMS_00413""]",1
drums,FULL_MIX,F_MIX_00540,108.92480725623582,DRUM_SUPPORTED,FULL_MIX_ONLY,[],0
drums,FULL_MIX,F_MIX_00541,108.95963718820862,DRUM_SUPPORTED,FULL_MIX_AND_STEM_MATCH,"[""DRUMS_00414""]",1
drums,FULL_MIX,F_MIX_00542,109.19183673469388,DRUM_SUPPORTED,FULL_MIX_AND_STEM_MATCH,"[""DRUMS_00415""]",1
drums,FULL_MIX,F_MIX_00543,109.3079365079365,DRUM_SUPPORTED,FULL_MIX_ONLY,[],0
drums,FULL_MIX,F_MIX_00544,109.6562358276644,DRUM_SUPPORTED,FULL_MIX_AND_STEM_MATCH,"[""DRUMS_00417""]",1
drums,FULL_MIX,F_MIX_00545,109.91165532879819,DRUM_SUPPORTED,FULL_MIX_ONLY,[],0
drums,FULL_MIX,F_MIX_00546,110.38766439909297,DRUM_SUPPORTED,FULL_MIX_ONLY,[],0
drums,FULL_MIX,F_MIX_00547,110.53859410430839,UNKNOWN,FULL_MIX_ONLY,[],0
drums,FULL_MIX,F_MIX_00548,110.65469387755103,DRUM_SUPPORTED,FULL_MIX_ONLY,[],0
drums,FULL_MIX,F_MIX_00549,110.7243537414966,DRUM_SUPPORTED,FULL_MIX_AND_STEM_MATCH,"[""DRUMS_00419""]",1
drums,FULL_MIX,F_MIX_00550,110.79401360544217,UNKNOWN,FULL_MIX_ONLY,[],0
drums,FULL_MIX,F_MIX_00551,110.99138321995464,DRUM_SUPPORTED,FULL_MIX_AND_STEM_MATCH,"[""DRUMS_00420""]",1
drums,FULL_MIX,F_MIX_00552,111.21197278911565,UNKNOWN,FULL_MIX_ONLY,[],0
drums,FULL_MIX,F_MIX_00553,111.36290249433107,UNKNOWN,FULL_MIX_ONLY,[],0
drums,FULL_MIX,F_MIX_00554,111.46739229024944,DRUM_SUPPORTED,FULL_MIX_AND_STEM_MATCH,"[""DRUMS_00421""]",1
drums,FULL_MIX,F_MIX_00555,111.72281179138322,UNKNOWN,FULL_MIX_ONLY,[],0
drums,FULL_MIX,F_MIX_00556,111.82730158730159,DRUM_SUPPORTED,FULL_MIX_AND_STEM_MATCH,"[""DRUMS_00422""]",1
drums,FULL_MIX,F_MIX_00557,112.11755102040816,UNKNOWN,FULL_MIX_ONLY,[],0
drums,FULL_MIX,F_MIX_00558,112.198820861678,DRUM_SUPPORTED,FULL_MIX_ONLY,[],0
drums,FULL_MIX,F_MIX_00559,112.51229024943311,DRUM_SUPPORTED,FULL_MIX_ONLY,[],0
drums,FULL_MIX,F_MIX_00560,112.5471201814059,DRUM_SUPPORTED,FULL_MIX_AND_STEM_MATCH,"[""DRUMS_00424""]",1
drums,FULL_MIX,F_MIX_00561,112.80253968253969,UNKNOWN,FULL_MIX_ONLY,[],0
drums,FULL_MIX,F_MIX_00562,113.1740589569161,UNKNOWN,FULL_MIX_ONLY,[],0
drums,FULL_MIX,F_MIX_00563,113.27854875283447,DRUM_SUPPORTED,FULL_MIX_AND_STEM_MATCH,"[""DRUMS_00426""]",1
drums,FULL_MIX,F_MIX_00564,113.54557823129252,DRUM_SUPPORTED,FULL_MIX_AND_STEM_MATCH,"[""DRUMS_00427""]",1
drums,FULL_MIX,F_MIX_00565,113.65006802721088,DRUM_SUPPORTED,FULL_MIX_ONLY,[],0
drums,FULL_MIX,F_MIX_00566,113.90548752834466,UNKNOWN,FULL_MIX_AND_STEM_MATCH,"[""DRUMS_00428""]",1
drums,FULL_MIX,F_MIX_00567,113.99836734693878,DRUM_SUPPORTED,FULL_MIX_AND_STEM_MATCH,"[""DRUMS_00429""]",1
drums,FULL_MIX,F_MIX_00568,114.2421768707483,UNKNOWN,FULL_MIX_ONLY,[],0
drums,FULL_MIX,F_MIX_00569,114.71818594104309,DRUM_SUPPORTED,FULL_MIX_AND_STEM_MATCH,"[""DRUMS_00431""]",1
drums,FULL_MIX,F_MIX_00570,114.97360544217688,DRUM_SUPPORTED,FULL_MIX_AND_STEM_MATCH,"[""DRUMS_00432""]",1
drums,FULL_MIX,F_MIX_00571,115.06648526077097,BASS_AND_DRUM_SUPPORTED,FULL_MIX_AND_STEM_MATCH,"[""DRUMS_00433""]",1
drums,FULL_MIX,F_MIX_00572,115.43800453514739,BASS_AND_DRUM_SUPPORTED,FULL_MIX_AND_STEM_MATCH,"[""DRUMS_00434""]",1
drums,FULL_MIX,F_MIX_00573,115.79791383219954,BASS_AND_DRUM_SUPPORTED,FULL_MIX_AND_STEM_MATCH,"[""DRUMS_00435""]",1
drums,FULL_MIX,F_MIX_00574,116.08816326530612,UNKNOWN,FULL_MIX_ONLY,[],0
drums,FULL_MIX,F_MIX_00575,116.16943310657597,DRUM_SUPPORTED,FULL_MIX_ONLY,[],0
drums,FULL_MIX,F_MIX_00576,116.5061224489796,BASS_AND_DRUM_SUPPORTED,FULL_MIX_AND_STEM_MATCH,"[""DRUMS_00437""]",1
drums,FULL_MIX,F_MIX_00577,116.70349206349206,UNKNOWN,FULL_MIX_ONLY,[],0
drums,FULL_MIX,F_MIX_00578,116.877641723356,BASS_AND_DRUM_SUPPORTED,FULL_MIX_AND_STEM_MATCH,"[""DRUMS_00438""]",1
drums,FULL_MIX,F_MIX_00579,117.2259410430839,BASS_AND_DRUM_SUPPORTED,FULL_MIX_ONLY,[],0
drums,FULL_MIX,F_MIX_00580,117.26077097505669,DRUM_SUPPORTED,FULL_MIX_AND_STEM_MATCH,"[""DRUMS_00439""]",1
drums,FULL_MIX,F_MIX_00581,117.51619047619047,UNKNOWN,FULL_MIX_ONLY,[],0
drums,FULL_MIX,F_MIX_00582,117.60907029478459,DRUM_SUPPORTED,FULL_MIX_AND_STEM_MATCH,"[""DRUMS_00440""]",1
drums,FULL_MIX,F_MIX_00583,117.980589569161,BASS_AND_DRUM_SUPPORTED,FULL_MIX_AND_STEM_MATCH,"[""DRUMS_00441""]",1
drums,FULL_MIX,F_MIX_00584,118.35210884353741,BASS_AND_DRUM_SUPPORTED,FULL_MIX_AND_STEM_MATCH,"[""DRUMS_00442""]",1
drums,FULL_MIX,F_MIX_00585,118.64235827664399,UNKNOWN,FULL_MIX_AND_STEM_MATCH,"[""DRUMS_00443""]",1
drums,FULL_MIX,F_MIX_00586,118.72362811791383,BASS_AND_DRUM_SUPPORTED,FULL_MIX_AND_STEM_MATCH,"[""DRUMS_00444""]",1
drums,FULL_MIX,F_MIX_00587,119.06031746031746,BASS_AND_DRUM_SUPPORTED,FULL_MIX_AND_STEM_MATCH,"[""DRUMS_00445""]",1
drums,FULL_MIX,F_MIX_00588,119.09514739229024,DRUM_SUPPORTED,FULL_MIX_ONLY,[],0
drums,FULL_MIX,F_MIX_00589,119.44344671201814,DRUM_SUPPORTED,FULL_MIX_AND_STEM_MATCH,"[""DRUMS_00446""]",1
drums,FULL_MIX,F_MIX_00590,119.58276643990929,UNKNOWN,FULL_MIX_ONLY,[],0
drums,FULL_MIX,F_MIX_00591,119.8033560090703,BASS_AND_DRUM_SUPPORTED,FULL_MIX_AND_STEM_MATCH,"[""DRUMS_00447""]",1
drums,FULL_MIX,F_MIX_00592,120.07038548752834,BASS_AND_DRUM_SUPPORTED,FULL_MIX_AND_STEM_MATCH,"[""DRUMS_00448""]",1
drums,FULL_MIX,F_MIX_00593,120.3025850340136,UNKNOWN,FULL_MIX_ONLY,[],0
drums,FULL_MIX,F_MIX_00594,120.52317460317461,DRUM_SUPPORTED,FULL_MIX_AND_STEM_MATCH,"[""DRUMS_00449""]",1
drums,FULL_MIX,F_MIX_00595,120.80181405895692,UNKNOWN,FULL_MIX_ONLY,[],0
drums,FULL_MIX,F_MIX_00596,121.1849433106576,UNKNOWN,FULL_MIX_ONLY,[],0
drums,FULL_MIX,F_MIX_00597,121.25460317460318,BASS_AND_DRUM_SUPPORTED,FULL_MIX_AND_STEM_MATCH,"[""DRUMS_00451""]",1
drums,FULL_MIX,F_MIX_00598,121.61451247165533,BASS_AND_DRUM_SUPPORTED,FULL_MIX_ONLY,[],0
drums,FULL_MIX,F_MIX_00599,121.9047619047619,UNKNOWN,FULL_MIX_ONLY,[],0
drums,FULL_MIX,F_MIX_00600,121.97442176870749,BASS_AND_DRUM_SUPPORTED,FULL_MIX_AND_STEM_MATCH,"[""DRUMS_00453""]",1
drums,FULL_MIX,F_MIX_00601,122.24145124716553,UNKNOWN,FULL_MIX_ONLY,[],0
drums,FULL_MIX,F_MIX_00602,122.33433106575964,BASS_AND_DRUM_SUPPORTED,FULL_MIX_AND_STEM_MATCH,"[""DRUMS_00454""]",1
drums,FULL_MIX,F_MIX_00603,122.70585034013605,BASS_AND_DRUM_SUPPORTED,FULL_MIX_AND_STEM_MATCH,"[""DRUMS_00455""]",1
drums,FULL_MIX,F_MIX_00604,123.05414965986395,BASS_AND_DRUM_SUPPORTED,FULL_MIX_AND_STEM_MATCH,"[""DRUMS_00456""]",1
drums,FULL_MIX,F_MIX_00605,123.33278911564626,DRUM_SUPPORTED,FULL_MIX_ONLY,[],0
drums,FULL_MIX,F_MIX_00606,123.42566893424036,BASS_AND_DRUM_SUPPORTED,FULL_MIX_AND_STEM_MATCH,"[""DRUMS_00457""]",1
drums,FULL_MIX,F_MIX_00607,123.7275283446712,UNKNOWN,FULL_MIX_ONLY,[],0
drums,FULL_MIX,F_MIX_00608,123.79718820861677,BASS_AND_DRUM_SUPPORTED,FULL_MIX_AND_STEM_MATCH,"[""DRUMS_00458""]",1
drums,FULL_MIX,F_MIX_00609,124.09904761904762,UNKNOWN,FULL_MIX_ONLY,[],0
drums,FULL_MIX,F_MIX_00610,124.15709750566893,BASS_AND_DRUM_SUPPORTED,FULL_MIX_AND_STEM_MATCH,"[""DRUMS_00459""]",1
drums,FULL_MIX,F_MIX_00611,124.42412698412699,DRUM_SUPPORTED,FULL_MIX_AND_STEM_MATCH,"[""DRUMS_00460""]",1
drums,FULL_MIX,F_MIX_00612,124.52861678004535,BASS_AND_DRUM_SUPPORTED,FULL_MIX_ONLY,[],0
drums,FULL_MIX,F_MIX_00613,124.87691609977324,BASS_AND_DRUM_SUPPORTED,FULL_MIX_AND_STEM_MATCH,"[""DRUMS_00461""]",1
drums,FULL_MIX,F_MIX_00614,125.17877551020408,UNKNOWN,FULL_MIX_ONLY,[],0
drums,FULL_MIX,F_MIX_00615,125.2368253968254,BASS_AND_DRUM_SUPPORTED,FULL_MIX_AND_STEM_MATCH,"[""DRUMS_00462""]",1
drums,FULL_MIX,F_MIX_00616,125.58512471655328,BASS_AND_DRUM_SUPPORTED,FULL_MIX_AND_STEM_MATCH,"[""DRUMS_00463""]",1
drums,FULL_MIX,F_MIX_00617,125.85215419501134,DRUM_SUPPORTED,FULL_MIX_AND_STEM_MATCH,"[""DRUMS_00464""]",1
drums,FULL_MIX,F_MIX_00618,125.9914739229025,BASS_SUPPORTED,FULL_MIX_ONLY,[],0
drums,FULL_MIX,F_MIX_00619,126.23528344671202,UNKNOWN,FULL_MIX_AND_STEM_MATCH,"[""DRUMS_00465""]",1
drums,FULL_MIX,F_MIX_00620,126.30494331065759,BASS_AND_DRUM_SUPPORTED,FULL_MIX_AND_STEM_MATCH,"[""DRUMS_00466""]",1
drums,FULL_MIX,F_MIX_00621,126.65324263038549,BASS_AND_DRUM_SUPPORTED,FULL_MIX_ONLY,[],0
drums,FULL_MIX,F_MIX_00622,126.69968253968254,DRUM_SUPPORTED,FULL_MIX_ONLY,[],0
drums,FULL_MIX,F_MIX_00623,126.9318820861678,UNKNOWN,FULL_MIX_ONLY,[],0
drums,FULL_MIX,F_MIX_00624,127.0247619047619,DRUM_SUPPORTED,FULL_MIX_AND_STEM_MATCH,"[""DRUMS_00468""]",1
drums,FULL_MIX,F_MIX_00625,127.29179138321996,DRUM_SUPPORTED,FULL_MIX_AND_STEM_MATCH,"[""DRUMS_00469""]",1
drums,FULL_MIX,F_MIX_00626,127.39628117913833,DRUM_SUPPORTED,FULL_MIX_ONLY,[],0
drums,FULL_MIX,F_MIX_00627,127.65170068027211,UNKNOWN,FULL_MIX_AND_STEM_MATCH,"[""DRUMS_00470""]",1
drums,FULL_MIX,F_MIX_00628,127.74458049886621,DRUM_SUPPORTED,FULL_MIX_AND_STEM_MATCH,"[""DRUMS_00471""]",1
drums,FULL_MIX,F_MIX_00629,128.02321995464854,UNKNOWN,FULL_MIX_ONLY,[],0
drums,FULL_MIX,F_MIX_00630,128.1277097505669,DRUM_SUPPORTED,FULL_MIX_AND_STEM_MATCH,"[""DRUMS_00473""]",1
drums,FULL_MIX,F_MIX_00631,128.3831292517007,UNKNOWN,FULL_MIX_AND_STEM_MATCH,"[""DRUMS_00474""]",1
drums,FULL_MIX,F_MIX_00632,128.4992290249433,DRUM_SUPPORTED,FULL_MIX_AND_STEM_MATCH,"[""DRUMS_00475""]",1
drums,FULL_MIX,F_MIX_00633,128.74303854875282,UNKNOWN,FULL_MIX_ONLY,[],0
drums,FULL_MIX,F_MIX_00634,128.87074829931973,UNKNOWN,FULL_MIX_AND_STEM_MATCH,"[""DRUMS_00476""]",1
drums,FULL_MIX,F_MIX_00635,129.20743764172335,DRUM_SUPPORTED,FULL_MIX_AND_STEM_MATCH,"[""DRUMS_00477""]",1
drums,FULL_MIX,F_MIX_00636,129.2538775510204,UNKNOWN,FULL_MIX_ONLY,[],0
drums,FULL_MIX,F_MIX_00637,129.4744671201814,DRUM_SUPPORTED,FULL_MIX_AND_STEM_MATCH,"[""DRUMS_00478""]",1
drums,FULL_MIX,F_MIX_00638,129.84598639455783,DRUM_SUPPORTED,FULL_MIX_AND_STEM_MATCH,"[""DRUMS_00479""]",1
drums,FULL_MIX,F_MIX_00639,129.92725623582766,DRUM_SUPPORTED,FULL_MIX_AND_STEM_MATCH,"[""DRUMS_00480""]",1
drums,FULL_MIX,F_MIX_00640,130.2871655328798,DRUM_SUPPORTED,FULL_MIX_AND_STEM_MATCH,"[""DRUMS_00481""]",1
drums,FULL_MIX,F_MIX_00641,130.5193650793651,DRUM_SUPPORTED,FULL_MIX_AND_STEM_MATCH,"[""DRUMS_00482""]",1
drums,FULL_MIX,F_MIX_00642,130.6354648526077,DRUM_SUPPORTED,FULL_MIX_AND_STEM_MATCH,"[""DRUMS_00483""]",1
drums,FULL_MIX,F_MIX_00643,130.89088435374148,UNKNOWN,FULL_MIX_AND_STEM_MATCH,"[""DRUMS_00484""]",1
drums,FULL_MIX,F_MIX_00644,130.9489342403628,DRUM_SUPPORTED,FULL_MIX_ONLY,[],0
drums,FULL_MIX,F_MIX_00645,131.00698412698412,DRUM_SUPPORTED,FULL_MIX_AND_STEM_MATCH,"[""DRUMS_00485""]",1
drums,FULL_MIX,F_MIX_00646,131.2624036281179,UNKNOWN,FULL_MIX_ONLY,[],0
drums,FULL_MIX,F_MIX_00647,131.3320634920635,UNKNOWN,FULL_MIX_AND_STEM_MATCH,"[""DRUMS_00487""]",1
drums,FULL_MIX,F_MIX_00648,131.59909297052155,DRUM_SUPPORTED,FULL_MIX_AND_STEM_MATCH,"[""DRUMS_00488""]",1
drums,FULL_MIX,F_MIX_00649,132.0867120181406,DRUM_SUPPORTED,FULL_MIX_AND_STEM_MATCH,"[""DRUMS_00490""]",1
drums,FULL_MIX,F_MIX_00650,132.31891156462586,DRUM_SUPPORTED,FULL_MIX_AND_STEM_MATCH,"[""DRUMS_00491""]",1
drums,FULL_MIX,F_MIX_00651,132.44662131519274,DRUM_SUPPORTED,FULL_MIX_ONLY,[],0
drums,FULL_MIX,F_MIX_00652,132.69043083900226,UNKNOWN,FULL_MIX_AND_STEM_MATCH,"[""DRUMS_00492""]",1
drums,FULL_MIX,F_MIX_00653,132.78331065759636,DRUM_SUPPORTED,FULL_MIX_AND_STEM_MATCH,"[""DRUMS_00493""]",1
drums,FULL_MIX,F_MIX_00654,133.05034013605442,UNKNOWN,FULL_MIX_ONLY,[],0
drums,FULL_MIX,F_MIX_00655,133.4334693877551,UNKNOWN,FULL_MIX_ONLY,[],0
drums,FULL_MIX,F_MIX_00656,133.51473922902494,DRUM_SUPPORTED,FULL_MIX_AND_STEM_MATCH,"[""DRUMS_00497""]",1
drums,FULL_MIX,F_MIX_00657,133.781768707483,UNKNOWN,FULL_MIX_ONLY,[],0
drums,FULL_MIX,F_MIX_00658,133.86303854875283,DRUM_SUPPORTED,FULL_MIX_AND_STEM_MATCH,"[""DRUMS_00498""]",1
drums,FULL_MIX,F_MIX_00659,134.14167800453515,UNKNOWN,FULL_MIX_ONLY,[],0
drums,FULL_MIX,F_MIX_00660,134.22294784580498,DRUM_SUPPORTED,FULL_MIX_AND_STEM_MATCH,"[""DRUMS_00499""]",1
drums,FULL_MIX,F_MIX_00661,134.47836734693877,UNKNOWN,FULL_MIX_AND_STEM_MATCH,"[""DRUMS_00500""]",1
drums,FULL_MIX,F_MIX_00662,134.93115646258502,DRUM_SUPPORTED,FULL_MIX_AND_STEM_MATCH,"[""DRUMS_00501""]",1
drums,FULL_MIX,F_MIX_00663,135.30267573696145,DRUM_SUPPORTED,FULL_MIX_AND_STEM_MATCH,"[""DRUMS_00503""]",1
drums,FULL_MIX,F_MIX_00664,135.6625850340136,DRUM_SUPPORTED,FULL_MIX_AND_STEM_MATCH,"[""DRUMS_00504""]",1
drums,FULL_MIX,F_MIX_00665,136.0108843537415,DRUM_SUPPORTED,FULL_MIX_AND_STEM_MATCH,"[""DRUMS_00506""]",1
drums,FULL_MIX,F_MIX_00666,136.35918367346937,DRUM_SUPPORTED,FULL_MIX_AND_STEM_MATCH,"[""DRUMS_00507""]",1
drums,FULL_MIX,F_MIX_00667,136.39401360544218,DRUM_SUPPORTED,FULL_MIX_ONLY,[],0
drums,FULL_MIX,F_MIX_00668,136.74231292517007,DRUM_SUPPORTED,FULL_MIX_AND_STEM_MATCH,"[""DRUMS_00508""]",1
drums,FULL_MIX,F_MIX_00669,137.00934240362812,UNKNOWN,FULL_MIX_ONLY,[],0
drums,FULL_MIX,F_MIX_00670,137.1138321995465,DRUM_SUPPORTED,FULL_MIX_AND_STEM_MATCH,"[""DRUMS_00509""]",1
drums,FULL_MIX,F_MIX_00671,137.36925170068028,DRUM_SUPPORTED,FULL_MIX_AND_STEM_MATCH,"[""DRUMS_00510""]",1
drums,FULL_MIX,F_MIX_00672,137.47374149659865,DRUM_SUPPORTED,FULL_MIX_AND_STEM_MATCH,"[""DRUMS_00511""]",1
drums,FULL_MIX,F_MIX_00673,137.75238095238095,UNKNOWN,FULL_MIX_ONLY,[],0
drums,FULL_MIX,F_MIX_00674,137.82204081632653,DRUM_SUPPORTED,FULL_MIX_AND_STEM_MATCH,"[""DRUMS_00512""]",1
drums,FULL_MIX,F_MIX_00675,138.10068027210883,DRUM_SUPPORTED,FULL_MIX_AND_STEM_MATCH,"[""DRUMS_00513""]",1
drums,FULL_MIX,F_MIX_00676,138.54185941043085,DRUM_SUPPORTED,FULL_MIX_AND_STEM_MATCH,"[""DRUMS_00514""]",1
drums,FULL_MIX,F_MIX_00677,138.79727891156463,DRUM_SUPPORTED,FULL_MIX_AND_STEM_MATCH,"[""DRUMS_00515""]",1
drums,FULL_MIX,F_MIX_00678,139.16879818594106,DRUM_SUPPORTED,FULL_MIX_ONLY,[],0
drums,FULL_MIX,F_MIX_00679,139.26167800453516,DRUM_SUPPORTED,FULL_MIX_AND_STEM_MATCH,"[""DRUMS_00516""]",1
drums,FULL_MIX,F_MIX_00680,139.51709750566894,UNKNOWN,FULL_MIX_AND_STEM_MATCH,"[""DRUMS_00517""]",1
drums,FULL_MIX,F_MIX_00681,139.6215873015873,DRUM_SUPPORTED,FULL_MIX_AND_STEM_MATCH,"[""DRUMS_00518""]",1
drums,FULL_MIX,F_MIX_00682,139.88861678004534,UNKNOWN,FULL_MIX_AND_STEM_MATCH,"[""DRUMS_00519""]",1
drums,FULL_MIX,F_MIX_00683,139.9698866213152,DRUM_SUPPORTED,FULL_MIX_AND_STEM_MATCH,"[""DRUMS_00520""]",1
drums,FULL_MIX,F_MIX_00684,140.21369614512471,DRUM_SUPPORTED,FULL_MIX_AND_STEM_MATCH,"[""DRUMS_00521""]",1
drums,FULL_MIX,F_MIX_00685,140.5968253968254,UNKNOWN,FULL_MIX_ONLY,[],0
drums,FULL_MIX,F_MIX_00686,140.70131519274378,DRUM_SUPPORTED,FULL_MIX_AND_STEM_MATCH,"[""DRUMS_00522""]",1
drums,FULL_MIX,F_MIX_00687,141.0612244897959,DRUM_SUPPORTED,FULL_MIX_AND_STEM_MATCH,"[""DRUMS_00523""]",1
drums,FULL_MIX,F_MIX_00688,141.3514739229025,UNKNOWN,FULL_MIX_ONLY,[],0
drums,FULL_MIX,F_MIX_00689,141.42113378684806,DRUM_SUPPORTED,FULL_MIX_AND_STEM_MATCH,"[""DRUMS_00524""]",1
drums,FULL_MIX,F_MIX_00690,141.71138321995466,UNKNOWN,FULL_MIX_ONLY,[],0
drums,FULL_MIX,F_MIX_00691,141.79265306122448,DRUM_SUPPORTED,FULL_MIX_AND_STEM_MATCH,"[""DRUMS_00525""]",1
drums,FULL_MIX,F_MIX_00692,142.12934240362813,DRUM_SUPPORTED,FULL_MIX_AND_STEM_MATCH,"[""DRUMS_00526""]",1
drums,FULL_MIX,F_MIX_00693,142.1641723356009,DRUM_SUPPORTED,FULL_MIX_AND_STEM_MATCH,"[""DRUMS_00527""]",1
drums,FULL_MIX,F_MIX_00694,142.4428117913832,DRUM_SUPPORTED,FULL_MIX_AND_STEM_MATCH,"[""DRUMS_00528""]",1
drums,FULL_MIX,F_MIX_00695,142.86077097505668,DRUM_SUPPORTED,FULL_MIX_AND_STEM_MATCH,"[""DRUMS_00529""]",1
drums,FULL_MIX,F_MIX_00696,143.16263038548752,UNKNOWN,FULL_MIX_ONLY,[],0
drums,FULL_MIX,F_MIX_00697,143.2322902494331,DRUM_SUPPORTED,FULL_MIX_AND_STEM_MATCH,"[""DRUMS_00530""]",1
drums,FULL_MIX,F_MIX_00698,143.51092970521543,UNKNOWN,FULL_MIX_ONLY,[],0
drums,FULL_MIX,F_MIX_00699,143.60380952380953,DRUM_SUPPORTED,FULL_MIX_AND_STEM_MATCH,"[""DRUMS_00531""]",1
drums,FULL_MIX,F_MIX_00700,143.9637188208617,DRUM_SUPPORTED,FULL_MIX_AND_STEM_MATCH,"[""DRUMS_00532""]",1
drums,FULL_MIX,F_MIX_00701,144.25396825396825,UNKNOWN,FULL_MIX_ONLY,[],0
drums,FULL_MIX,F_MIX_00702,144.32362811791384,DRUM_SUPPORTED,FULL_MIX_AND_STEM_MATCH,"[""DRUMS_00533""]",1
drums,FULL_MIX,F_MIX_00703,144.62548752834468,UNKNOWN,FULL_MIX_AND_STEM_MATCH,"[""DRUMS_00534""]",1
drums,FULL_MIX,F_MIX_00704,144.98539682539683,UNKNOWN,FULL_MIX_ONLY,[],0
drums,FULL_MIX,F_MIX_00705,145.04344671201815,DRUM_SUPPORTED,FULL_MIX_AND_STEM_MATCH,"[""DRUMS_00536""]",1
drums,FULL_MIX,F_MIX_00706,145.29886621315194,DRUM_SUPPORTED,FULL_MIX_AND_STEM_MATCH,"[""DRUMS_00537""]",1
drums,FULL_MIX,F_MIX_00707,145.6587755102041,DRUM_SUPPORTED,FULL_MIX_ONLY,[],0
drums,FULL_MIX,F_MIX_00708,145.76326530612246,DRUM_SUPPORTED,FULL_MIX_AND_STEM_MATCH,"[""DRUMS_00538""]",1
drums,FULL_MIX,F_MIX_00709,146.00707482993198,UNKNOWN,FULL_MIX_ONLY,[],0
drums,FULL_MIX,F_MIX_00710,146.13478458049886,DRUM_SUPPORTED,FULL_MIX_AND_STEM_MATCH,"[""DRUMS_00540""]",1
drums,FULL_MIX,F_MIX_00711,146.49469387755101,DRUM_SUPPORTED,FULL_MIX_AND_STEM_MATCH,"[""DRUMS_00541""]",1
drums,FULL_MIX,F_MIX_00712,146.71528344671202,UNKNOWN,FULL_MIX_ONLY,[],0
drums,FULL_MIX,F_MIX_00713,146.77333333333334,UNKNOWN,FULL_MIX_ONLY,[],0
drums,FULL_MIX,F_MIX_00714,146.8429931972789,UNKNOWN,FULL_MIX_ONLY,[],0
drums,FULL_MIX,F_MIX_00715,147.01714285714286,UNKNOWN,FULL_MIX_AND_STEM_MATCH,"[""DRUMS_00542""]",1
drums,FULL_MIX,F_MIX_00716,147.0635827664399,UNKNOWN,FULL_MIX_ONLY,[],0
drums,FULL_MIX,F_MIX_00717,147.14485260770974,UNKNOWN,FULL_MIX_ONLY,[],0
drums,FULL_MIX,F_MIX_00718,147.20290249433106,DRUM_SUPPORTED,FULL_MIX_AND_STEM_MATCH,"[""DRUMS_00543""]",1
drums,FULL_MIX,F_MIX_00719,147.43510204081633,UNKNOWN,FULL_MIX_ONLY,[],0
drums,FULL_MIX,F_MIX_00720,147.48154195011338,UNKNOWN,FULL_MIX_AND_STEM_MATCH,"[""DRUMS_00544""]",1
drums,FULL_MIX,F_MIX_00721,147.5628117913832,UNKNOWN,FULL_MIX_AND_STEM_MATCH,"[""DRUMS_00545""]",1
drums,FULL_MIX,F_MIX_00722,147.7253514739229,UNKNOWN,FULL_MIX_ONLY,[],0
drums,FULL_MIX,F_MIX_00723,147.7950113378685,UNKNOWN,FULL_MIX_ONLY,[],0
drums,FULL_MIX,F_MIX_00724,147.86467120181405,UNKNOWN,FULL_MIX_ONLY,[],0
drums,FULL_MIX,F_MIX_00725,147.9111111111111,DRUM_SUPPORTED,FULL_MIX_AND_STEM_MATCH,"[""DRUMS_00546""]",1
drums,FULL_MIX,F_MIX_00726,148.08526077097505,UNKNOWN,FULL_MIX_ONLY,[],0
drums,FULL_MIX,F_MIX_00727,148.16653061224488,UNKNOWN,FULL_MIX_ONLY,[],0
drums,FULL_MIX,F_MIX_00728,148.2013605442177,UNKNOWN,FULL_MIX_AND_STEM_MATCH,"[""DRUMS_00547""]",1
drums,FULL_MIX,F_MIX_00729,148.2942403628118,DRUM_SUPPORTED,FULL_MIX_AND_STEM_MATCH,"[""DRUMS_00548""]",1
drums,FULL_MIX,F_MIX_00730,148.5380498866213,DRUM_SUPPORTED,FULL_MIX_ONLY,[],0
drums,FULL_MIX,F_MIX_00731,148.6309297052154,UNKNOWN,FULL_MIX_AND_STEM_MATCH,"[""DRUMS_00549""]",1
drums,FULL_MIX,F_MIX_00732,148.93278911564627,UNKNOWN,FULL_MIX_AND_STEM_MATCH,"[""DRUMS_00550""]",1
drums,FULL_MIX,F_MIX_00733,149.02566893424037,UNKNOWN,FULL_MIX_AND_STEM_MATCH,"[""DRUMS_00551""]",1
drums,FULL_MIX,F_MIX_00734,149.11854875283447,UNKNOWN,FULL_MIX_ONLY,[],0
drums,FULL_MIX,F_MIX_00735,149.2926984126984,UNKNOWN,FULL_MIX_AND_STEM_MATCH,"[""DRUMS_00552""]",1
drums,FULL_MIX,F_MIX_00736,149.35074829931972,UNKNOWN,FULL_MIX_AND_STEM_MATCH,"[""DRUMS_00553""]",1
drums,FULL_MIX,F_MIX_00737,149.65260770975055,UNKNOWN,FULL_MIX_AND_STEM_MATCH,"[""DRUMS_00554""]",1
drums,FULL_MIX,F_MIX_00738,149.7338775510204,DRUM_SUPPORTED,FULL_MIX_ONLY,[],0
drums,FULL_MIX,F_MIX_00739,149.8964172335601,UNKNOWN,FULL_MIX_ONLY,[],0
drums,FULL_MIX,F_MIX_00740,150.0125170068027,DRUM_SUPPORTED,FULL_MIX_AND_STEM_MATCH,"[""DRUMS_00556""]",1
drums,FULL_MIX,F_MIX_00741,150.11700680272108,DRUM_SUPPORTED,FULL_MIX_AND_STEM_MATCH,"[""DRUMS_00557""]",1
drums,FULL_MIX,F_MIX_00742,150.31437641723355,UNKNOWN,FULL_MIX_ONLY,[],0
drums,FULL_MIX,F_MIX_00743,150.37242630385487,DRUM_SUPPORTED,FULL_MIX_AND_STEM_MATCH,"[""DRUMS_00558""]",1
drums,FULL_MIX,F_MIX_00744,150.465306122449,DRUM_SUPPORTED,FULL_MIX_AND_STEM_MATCH,"[""DRUMS_00559""]",1
drums,FULL_MIX,F_MIX_00745,150.7091156462585,UNKNOWN,FULL_MIX_ONLY,[],0
drums,FULL_MIX,F_MIX_00746,150.81360544217688,DRUM_SUPPORTED,FULL_MIX_AND_STEM_MATCH,"[""DRUMS_00560""]",1
drums,FULL_MIX,F_MIX_00747,151.01097505668935,UNKNOWN,FULL_MIX_ONLY,[],0
drums,FULL_MIX,F_MIX_00748,151.0806349206349,UNKNOWN,FULL_MIX_AND_STEM_MATCH,"[""DRUMS_00561""]",1
drums,FULL_MIX,F_MIX_00749,151.18512471655328,DRUM_SUPPORTED,FULL_MIX_AND_STEM_MATCH,"[""DRUMS_00562""]",1
drums,FULL_MIX,F_MIX_00750,151.44054421768706,UNKNOWN,FULL_MIX_AND_STEM_MATCH,"[""DRUMS_00563""]",1
drums,FULL_MIX,F_MIX_00751,151.54503401360543,UNKNOWN,FULL_MIX_AND_STEM_MATCH,"[""DRUMS_00564""]",1
drums,FULL_MIX,F_MIX_00752,151.7772335600907,DRUM_SUPPORTED,FULL_MIX_ONLY,[],0
drums,FULL_MIX,F_MIX_00753,152.2184126984127,UNKNOWN,FULL_MIX_ONLY,[],0
drums,FULL_MIX,F_MIX_00754,152.276462585034,DRUM_SUPPORTED,FULL_MIX_AND_STEM_MATCH,"[""DRUMS_00567""]",1
drums,FULL_MIX,F_MIX_00755,152.40417233560092,UNKNOWN,FULL_MIX_ONLY,[],0
drums,FULL_MIX,F_MIX_00756,152.56671201814058,UNKNOWN,FULL_MIX_AND_STEM_MATCH,"[""DRUMS_00568""]",1
drums,FULL_MIX,F_MIX_00757,152.6595918367347,DRUM_SUPPORTED,FULL_MIX_AND_STEM_MATCH,"[""DRUMS_00569""]",1
drums,FULL_MIX,F_MIX_00758,153.01950113378686,DRUM_SUPPORTED,FULL_MIX_AND_STEM_MATCH,"[""DRUMS_00570""]",1
drums,FULL_MIX,F_MIX_00759,153.37941043083902,DRUM_SUPPORTED,FULL_MIX_AND_STEM_MATCH,"[""DRUMS_00572""]",1
drums,FULL_MIX,F_MIX_00760,153.73931972789114,DRUM_SUPPORTED,FULL_MIX_AND_STEM_MATCH,"[""DRUMS_00573""]",1
drums,FULL_MIX,F_MIX_00761,154.041179138322,UNKNOWN,FULL_MIX_ONLY,[],0
drums,FULL_MIX,F_MIX_00762,154.11083900226757,DRUM_SUPPORTED,FULL_MIX_AND_STEM_MATCH,"[""DRUMS_00574""]",1
drums,FULL_MIX,F_MIX_00763,154.47074829931972,DRUM_SUPPORTED,FULL_MIX_AND_STEM_MATCH,"[""DRUMS_00575""]",1
drums,FULL_MIX,F_MIX_00764,154.77260770975056,UNKNOWN,FULL_MIX_ONLY,[],0
drums,FULL_MIX,F_MIX_00765,154.84226757369615,DRUM_SUPPORTED,FULL_MIX_AND_STEM_MATCH,"[""DRUMS_00577""]",1
drums,FULL_MIX,F_MIX_00766,155.1092970521542,UNKNOWN,FULL_MIX_AND_STEM_MATCH,"[""DRUMS_00578""]",1
drums,FULL_MIX,F_MIX_00767,155.19056689342403,DRUM_SUPPORTED,FULL_MIX_AND_STEM_MATCH,"[""DRUMS_00579""]",1
drums,FULL_MIX,F_MIX_00768,155.4575963718821,DRUM_SUPPORTED,FULL_MIX_AND_STEM_MATCH,"[""DRUMS_00580""]",1
drums,FULL_MIX,F_MIX_00769,155.50403628117914,DRUM_SUPPORTED,FULL_MIX_ONLY,[],0
drums,FULL_MIX,F_MIX_00770,155.84072562358276,UNKNOWN,FULL_MIX_ONLY,[],0
drums,FULL_MIX,F_MIX_00771,155.91038548752834,DRUM_SUPPORTED,FULL_MIX_AND_STEM_MATCH,"[""DRUMS_00581""]",1
drums,FULL_MIX,F_MIX_00772,156.1774149659864,DRUM_SUPPORTED,FULL_MIX_AND_STEM_MATCH,"[""DRUMS_00582""]",1
drums,FULL_MIX,F_MIX_00773,156.2702947845805,DRUM_SUPPORTED,FULL_MIX_ONLY,[],0
drums,FULL_MIX,F_MIX_00774,156.32834467120182,UNKNOWN,FULL_MIX_ONLY,[],0
drums,FULL_MIX,F_MIX_00775,156.6185941043084,DRUM_SUPPORTED,FULL_MIX_AND_STEM_MATCH,"[""DRUMS_00583""]",1
drums,FULL_MIX,F_MIX_00776,156.88562358276644,DRUM_SUPPORTED,FULL_MIX_AND_STEM_MATCH,"[""DRUMS_00584""]",1
drums,FULL_MIX,F_MIX_00777,157.35002267573697,DRUM_SUPPORTED,FULL_MIX_AND_STEM_MATCH,"[""DRUMS_00587""]",1
drums,FULL_MIX,F_MIX_00778,157.61705215419502,DRUM_SUPPORTED,FULL_MIX_AND_STEM_MATCH,"[""DRUMS_00588""]",1
drums,FULL_MIX,F_MIX_00779,157.73315192743763,DRUM_SUPPORTED,FULL_MIX_AND_STEM_MATCH,"[""DRUMS_00589""]",1
drums,FULL_MIX,F_MIX_00780,157.97696145124718,UNKNOWN,FULL_MIX_ONLY,[],0
drums,FULL_MIX,F_MIX_00781,158.0930612244898,DRUM_SUPPORTED,FULL_MIX_AND_STEM_MATCH,"[""DRUMS_00590""]",1
drums,FULL_MIX,F_MIX_00782,158.4645804988662,DRUM_SUPPORTED,FULL_MIX_AND_STEM_MATCH,"[""DRUMS_00591""]",1
drums,FULL_MIX,F_MIX_00783,158.74321995464854,UNKNOWN,FULL_MIX_AND_STEM_MATCH,"[""DRUMS_00592""]",1
drums,FULL_MIX,F_MIX_00784,158.83609977324264,DRUM_SUPPORTED,FULL_MIX_AND_STEM_MATCH,"[""DRUMS_00593""]",1
drums,FULL_MIX,F_MIX_00785,159.09151927437642,UNKNOWN,FULL_MIX_AND_STEM_MATCH,"[""DRUMS_00594""]",1
drums,FULL_MIX,F_MIX_00786,159.18439909297052,DRUM_SUPPORTED,FULL_MIX_AND_STEM_MATCH,"[""DRUMS_00595""]",1
drums,FULL_MIX,F_MIX_00787,159.2192290249433,DRUM_SUPPORTED,FULL_MIX_ONLY,[],0
drums,FULL_MIX,F_MIX_00788,159.4746485260771,UNKNOWN,FULL_MIX_AND_STEM_MATCH,"[""DRUMS_00596""]",1
drums,FULL_MIX,F_MIX_00789,159.55591836734695,DRUM_SUPPORTED,FULL_MIX_AND_STEM_MATCH,"[""DRUMS_00597""]",1
drums,FULL_MIX,F_MIX_00790,159.77650793650793,UNKNOWN,FULL_MIX_ONLY,[],0
drums,FULL_MIX,F_MIX_00791,159.81133786848073,UNKNOWN,FULL_MIX_ONLY,[],0
drums,FULL_MIX,F_MIX_00792,159.9158276643991,UNKNOWN,FULL_MIX_AND_STEM_MATCH,"[""DRUMS_00598""]",1
drums,FULL_MIX,F_MIX_00793,160.14802721088435,UNKNOWN,FULL_MIX_ONLY,[],0
drums,FULL_MIX,F_MIX_00794,160.2873469387755,DRUM_SUPPORTED,FULL_MIX_AND_STEM_MATCH,"[""DRUMS_00599""]",1
drums,FULL_MIX,F_MIX_00795,160.6356462585034,DRUM_SUPPORTED,FULL_MIX_AND_STEM_MATCH,"[""DRUMS_00601""]",1
drums,FULL_MIX,F_MIX_00796,160.83301587301588,UNKNOWN,FULL_MIX_ONLY,[],0
drums,FULL_MIX,F_MIX_00797,160.86784580498866,UNKNOWN,FULL_MIX_ONLY,[],0
drums,FULL_MIX,F_MIX_00798,161.03038548752835,DRUM_SUPPORTED,FULL_MIX_AND_STEM_MATCH,"[""DRUMS_00602""]",1
drums,FULL_MIX,F_MIX_00799,161.19292517006804,UNKNOWN,FULL_MIX_ONLY,[],0
drums,FULL_MIX,F_MIX_00800,161.2393650793651,UNKNOWN,FULL_MIX_ONLY,[],0
drums,FULL_MIX,F_MIX_00801,161.2974149659864,UNKNOWN,FULL_MIX_AND_STEM_MATCH,"[""DRUMS_00603""]",1
drums,FULL_MIX,F_MIX_00802,161.37868480725623,UNKNOWN,FULL_MIX_AND_STEM_MATCH,"[""DRUMS_00604""]",1
drums,FULL_MIX,F_MIX_00803,161.42512471655328,UNKNOWN,FULL_MIX_ONLY,[],0
drums,FULL_MIX,F_MIX_00804,161.62249433106575,DRUM_SUPPORTED,FULL_MIX_ONLY,[],0
drums,FULL_MIX,F_MIX_00805,161.7385941043084,DRUM_SUPPORTED,FULL_MIX_AND_STEM_MATCH,"[""DRUMS_00605""]",1
drums,FULL_MIX,F_MIX_00806,161.9824036281179,UNKNOWN,FULL_MIX_AND_STEM_MATCH,"[""DRUMS_00606""]",1
drums,FULL_MIX,F_MIX_00807,162.09850340136055,DRUM_SUPPORTED,FULL_MIX_AND_STEM_MATCH,"[""DRUMS_00607""]",1
drums,FULL_MIX,F_MIX_00808,162.4584126984127,DRUM_SUPPORTED,FULL_MIX_AND_STEM_MATCH,"[""DRUMS_00608""]",1
drums,FULL_MIX,F_MIX_00809,162.70222222222222,DRUM_SUPPORTED,FULL_MIX_AND_STEM_MATCH,"[""DRUMS_00609""]",1
drums,FULL_MIX,F_MIX_00810,162.81832199546486,UNKNOWN,FULL_MIX_AND_STEM_MATCH,"[""DRUMS_00610""]",1
drums,FULL_MIX,F_MIX_00811,162.8647619047619,UNKNOWN,FULL_MIX_ONLY,[],0
drums,FULL_MIX,F_MIX_00812,163.0505215419501,DRUM_SUPPORTED,FULL_MIX_ONLY,[],0
drums,FULL_MIX,F_MIX_00813,163.178231292517,DRUM_SUPPORTED,FULL_MIX_AND_STEM_MATCH,"[""DRUMS_00612""]",1
drums,FULL_MIX,F_MIX_00814,163.44526077097507,UNKNOWN,FULL_MIX_AND_STEM_MATCH,"[""DRUMS_00613""]",1
drums,FULL_MIX,F_MIX_00815,163.85160997732427,UNKNOWN,FULL_MIX_ONLY,[],0
drums,FULL_MIX,F_MIX_00816,163.92126984126983,DRUM_SUPPORTED,FULL_MIX_AND_STEM_MATCH,"[""DRUMS_00615""]",1
drums,FULL_MIX,F_MIX_00817,164.1882993197279,UNKNOWN,FULL_MIX_ONLY,[],0
drums,FULL_MIX,F_MIX_00818,164.281179138322,DRUM_SUPPORTED,FULL_MIX_AND_STEM_MATCH,"[""DRUMS_00616""]",1
drums,FULL_MIX,F_MIX_00819,164.38566893424036,UNKNOWN,FULL_MIX_ONLY,[],0
drums,FULL_MIX,F_MIX_00820,164.53659863945578,UNKNOWN,FULL_MIX_ONLY,[],0
drums,FULL_MIX,F_MIX_00821,164.62947845804987,DRUM_SUPPORTED,FULL_MIX_AND_STEM_MATCH,"[""DRUMS_00617""]",1
drums,FULL_MIX,F_MIX_00822,164.66430839002268,DRUM_SUPPORTED,FULL_MIX_AND_STEM_MATCH,"[""DRUMS_00618""]",1
drums,FULL_MIX,F_MIX_00823,164.93133786848074,UNKNOWN,FULL_MIX_ONLY,[],0
drums,FULL_MIX,F_MIX_00824,165.37251700680272,DRUM_SUPPORTED,FULL_MIX_AND_STEM_MATCH,"[""DRUMS_00620""]",1
drums,FULL_MIX,F_MIX_00825,165.6627664399093,UNKNOWN,FULL_MIX_ONLY,[],0
drums,FULL_MIX,F_MIX_00826,165.73242630385488,DRUM_SUPPORTED,FULL_MIX_AND_STEM_MATCH,"[""DRUMS_00621""]",1
drums,FULL_MIX,F_MIX_00827,166.02267573696145,UNKNOWN,FULL_MIX_ONLY,[],0
drums,FULL_MIX,F_MIX_00828,166.09233560090703,DRUM_SUPPORTED,FULL_MIX_AND_STEM_MATCH,"[""DRUMS_00622""]",1
drums,FULL_MIX,F_MIX_00829,166.37097505668933,UNKNOWN,FULL_MIX_AND_STEM_MATCH,"[""DRUMS_00623""]",1
drums,FULL_MIX,F_MIX_00830,166.4522448979592,DRUM_SUPPORTED,FULL_MIX_AND_STEM_MATCH,"[""DRUMS_00624""]",1
drums,FULL_MIX,F_MIX_00831,166.5102947845805,UNKNOWN,FULL_MIX_ONLY,[],0
drums,FULL_MIX,F_MIX_00832,166.71927437641725,DRUM_SUPPORTED,FULL_MIX_AND_STEM_MATCH,"[""DRUMS_00625""]",1
drums,FULL_MIX,F_MIX_00833,167.1024036281179,UNKNOWN,FULL_MIX_ONLY,[],0
drums,FULL_MIX,F_MIX_00834,167.16045351473923,DRUM_SUPPORTED,FULL_MIX_AND_STEM_MATCH,"[""DRUMS_00627""]",1
drums,FULL_MIX,F_MIX_00835,167.32299319727892,UNKNOWN,FULL_MIX_ONLY,[],0
drums,FULL_MIX,F_MIX_00836,167.4274829931973,UNKNOWN,FULL_MIX_AND_STEM_MATCH,"[""DRUMS_00628""]",1
drums,FULL_MIX,F_MIX_00837,167.5203628117914,DRUM_SUPPORTED,FULL_MIX_AND_STEM_MATCH,"[""DRUMS_00629""]",1
drums,FULL_MIX,F_MIX_00838,167.78739229024944,UNKNOWN,FULL_MIX_AND_STEM_MATCH,"[""DRUMS_00630""]",1
drums,FULL_MIX,F_MIX_00839,168.1473015873016,UNKNOWN,FULL_MIX_AND_STEM_MATCH,"[""DRUMS_00632""]",1
drums,FULL_MIX,F_MIX_00840,168.25179138321997,DRUM_SUPPORTED,FULL_MIX_ONLY,[],0
drums,FULL_MIX,F_MIX_00841,168.49560090702948,DRUM_SUPPORTED,FULL_MIX_AND_STEM_MATCH,"[""DRUMS_00634""]",1
drums,FULL_MIX,F_MIX_00842,168.60009070294785,DRUM_SUPPORTED,FULL_MIX_AND_STEM_MATCH,"[""DRUMS_00635""]",1
drums,FULL_MIX,F_MIX_00843,168.84390022675737,DRUM_SUPPORTED,FULL_MIX_ONLY,[],0
drums,FULL_MIX,F_MIX_00844,168.94839002267574,DRUM_SUPPORTED,FULL_MIX_AND_STEM_MATCH,"[""DRUMS_00636""]",1
drums,FULL_MIX,F_MIX_00845,169.20380952380953,DRUM_SUPPORTED,FULL_MIX_AND_STEM_MATCH,"[""DRUMS_00637""]",1
drums,FULL_MIX,F_MIX_00846,169.3082993197279,DRUM_SUPPORTED,FULL_MIX_AND_STEM_MATCH,"[""DRUMS_00638""]",1
drums,FULL_MIX,F_MIX_00847,169.69142857142856,DRUM_SUPPORTED,FULL_MIX_AND_STEM_MATCH,"[""DRUMS_00639""]",1
drums,FULL_MIX,F_MIX_00848,169.9004081632653,DRUM_SUPPORTED,FULL_MIX_ONLY,[],0
drums,FULL_MIX,F_MIX_00849,169.97006802721089,UNKNOWN,FULL_MIX_ONLY,[],0
drums,FULL_MIX,F_MIX_00850,170.05133786848072,DRUM_SUPPORTED,FULL_MIX_AND_STEM_MATCH,"[""DRUMS_00641""]",1
drums,FULL_MIX,F_MIX_00851,170.283537414966,DRUM_SUPPORTED,FULL_MIX_ONLY,[],0
drums,FULL_MIX,F_MIX_00852,170.41124716553287,DRUM_SUPPORTED,FULL_MIX_AND_STEM_MATCH,"[""DRUMS_00642""]",1
drums,FULL_MIX,F_MIX_00853,170.67827664399093,UNKNOWN,FULL_MIX_AND_STEM_MATCH,"[""DRUMS_00643""]",1
drums,FULL_MIX,F_MIX_00854,170.75954648526078,DRUM_SUPPORTED,FULL_MIX_AND_STEM_MATCH,"[""DRUMS_00644""]",1
drums,FULL_MIX,F_MIX_00855,170.98013605442176,DRUM_SUPPORTED,FULL_MIX_AND_STEM_MATCH,"[""DRUMS_00645""]",1
drums,FULL_MIX,F_MIX_00856,171.1194557823129,DRUM_SUPPORTED,FULL_MIX_AND_STEM_MATCH,"[""DRUMS_00646""]",1
drums,FULL_MIX,F_MIX_00857,171.36326530612246,DRUM_SUPPORTED,FULL_MIX_AND_STEM_MATCH,"[""DRUMS_00647""]",1
drums,FULL_MIX,F_MIX_00858,171.46775510204083,DRUM_SUPPORTED,FULL_MIX_AND_STEM_MATCH,"[""DRUMS_00648""]",1
drums,FULL_MIX,F_MIX_00859,171.71156462585034,DRUM_SUPPORTED,FULL_MIX_ONLY,[],0
drums,FULL_MIX,F_MIX_00860,171.8508843537415,DRUM_SUPPORTED,FULL_MIX_AND_STEM_MATCH,"[""DRUMS_00649""]",1
drums,FULL_MIX,F_MIX_00861,172.0714739229025,DRUM_SUPPORTED,FULL_MIX_ONLY,[],0
drums,FULL_MIX,F_MIX_00862,172.18757369614514,DRUM_SUPPORTED,FULL_MIX_AND_STEM_MATCH,"[""DRUMS_00651""]",1
drums,FULL_MIX,F_MIX_00863,172.24562358276643,UNKNOWN,FULL_MIX_ONLY,[],0
drums,FULL_MIX,F_MIX_00864,172.5474829931973,DRUM_SUPPORTED,FULL_MIX_AND_STEM_MATCH,"[""DRUMS_00652""]",1
drums,FULL_MIX,F_MIX_00865,172.7912925170068,DRUM_SUPPORTED,FULL_MIX_ONLY,[],0
drums,FULL_MIX,F_MIX_00866,172.90739229024942,DRUM_SUPPORTED,FULL_MIX_AND_STEM_MATCH,"[""DRUMS_00654""]",1
drums,FULL_MIX,F_MIX_00867,173.16281179138323,UNKNOWN,FULL_MIX_AND_STEM_MATCH,"[""DRUMS_00655""]",1
drums,FULL_MIX,F_MIX_00868,173.25569160997733,DRUM_SUPPORTED,FULL_MIX_AND_STEM_MATCH,"[""DRUMS_00656""]",1
drums,FULL_MIX,F_MIX_00869,173.49950113378685,DRUM_SUPPORTED,FULL_MIX_ONLY,[],0
drums,FULL_MIX,F_MIX_00870,173.638820861678,DRUM_SUPPORTED,FULL_MIX_AND_STEM_MATCH,"[""DRUMS_00657""]",1
drums,FULL_MIX,F_MIX_00871,173.88263038548752,DRUM_SUPPORTED,FULL_MIX_AND_STEM_MATCH,"[""DRUMS_00658""]",1
drums,FULL_MIX,F_MIX_00872,173.96390022675737,DRUM_SUPPORTED,FULL_MIX_AND_STEM_MATCH,"[""DRUMS_00659""]",1
drums,FULL_MIX,F_MIX_00873,174.09160997732425,UNKNOWN,FULL_MIX_ONLY,[],0
drums,FULL_MIX,F_MIX_00874,174.23092970521543,UNKNOWN,FULL_MIX_AND_STEM_MATCH,"[""DRUMS_00660""]",1
drums,FULL_MIX,F_MIX_00875,174.32380952380953,DRUM_SUPPORTED,FULL_MIX_AND_STEM_MATCH,"[""DRUMS_00661""]",1
drums,FULL_MIX,F_MIX_00876,174.60244897959183,UNKNOWN,FULL_MIX_AND_STEM_MATCH,"[""DRUMS_00662""]",1
drums,FULL_MIX,F_MIX_00877,174.69532879818595,DRUM_SUPPORTED,FULL_MIX_AND_STEM_MATCH,"[""DRUMS_00663""]",1
drums,FULL_MIX,F_MIX_00878,174.95074829931974,DRUM_SUPPORTED,FULL_MIX_AND_STEM_MATCH,"[""DRUMS_00664""]",1
drums,FULL_MIX,F_MIX_00879,174.98557823129252,UNKNOWN,FULL_MIX_AND_STEM_MATCH,"[""DRUMS_00665""]",1
drums,FULL_MIX,F_MIX_00880,175.05523809523808,DRUM_SUPPORTED,FULL_MIX_AND_STEM_MATCH,"[""DRUMS_00666""]",1
drums,FULL_MIX,F_MIX_00881,175.22938775510204,UNKNOWN,FULL_MIX_ONLY,[],0
drums,FULL_MIX,F_MIX_00882,175.34548752834468,UNKNOWN,FULL_MIX_ONLY,[],0
drums,FULL_MIX,F_MIX_00883,175.4267573696145,DRUM_SUPPORTED,FULL_MIX_ONLY,[],0
drums,FULL_MIX,F_MIX_00884,175.5892970521542,UNKNOWN,FULL_MIX_ONLY,[],0
drums,FULL_MIX,F_MIX_00885,175.69378684807256,UNKNOWN,FULL_MIX_ONLY,[],0
drums,FULL_MIX,F_MIX_00886,175.79827664399093,DRUM_SUPPORTED,FULL_MIX_AND_STEM_MATCH,"[""DRUMS_00668""]",1
drums,FULL_MIX,F_MIX_00887,175.96081632653062,UNKNOWN,FULL_MIX_ONLY,[],0
drums,FULL_MIX,F_MIX_00888,176.065306122449,UNKNOWN,FULL_MIX_ONLY,[],0
drums,FULL_MIX,F_MIX_00889,176.13496598639455,DRUM_SUPPORTED,FULL_MIX_AND_STEM_MATCH,"[""DRUMS_00669""]",1
drums,FULL_MIX,F_MIX_00890,176.32072562358277,UNKNOWN,FULL_MIX_ONLY,[],0
drums,FULL_MIX,F_MIX_00891,176.43682539682538,UNKNOWN,FULL_MIX_ONLY,[],0
drums,FULL_MIX,F_MIX_00892,176.5297052154195,DRUM_SUPPORTED,FULL_MIX_AND_STEM_MATCH,"[""DRUMS_00670""]",1
drums,FULL_MIX,F_MIX_00893,176.79673469387754,DRUM_SUPPORTED,FULL_MIX_AND_STEM_MATCH,"[""DRUMS_00671""]",1
drums,FULL_MIX,F_MIX_00894,177.16825396825396,UNKNOWN,FULL_MIX_ONLY,[],0
drums,FULL_MIX,F_MIX_00895,177.24952380952382,DRUM_SUPPORTED,FULL_MIX_AND_STEM_MATCH,"[""DRUMS_00673""]",1
drums,FULL_MIX,F_MIX_00896,177.5978231292517,DRUM_SUPPORTED,FULL_MIX_AND_STEM_MATCH,"[""DRUMS_00674""]",1
drums,FULL_MIX,F_MIX_00897,177.86485260770976,DRUM_SUPPORTED,FULL_MIX_AND_STEM_MATCH,"[""DRUMS_00675""]",1
drums,FULL_MIX,F_MIX_00898,178.23637188208616,UNKNOWN,FULL_MIX_AND_STEM_MATCH,"[""DRUMS_00676""]",1
drums,FULL_MIX,F_MIX_00899,178.32925170068026,DRUM_SUPPORTED,FULL_MIX_AND_STEM_MATCH,"[""DRUMS_00677""]",1
drums,FULL_MIX,F_MIX_00900,178.5730612244898,DRUM_SUPPORTED,FULL_MIX_AND_STEM_MATCH,"[""DRUMS_00678""]",1
drums,FULL_MIX,F_MIX_00901,179.03746031746033,DRUM_SUPPORTED,FULL_MIX_AND_STEM_MATCH,"[""DRUMS_00679""]",1
drums,FULL_MIX,F_MIX_00902,179.39736961451248,DRUM_SUPPORTED,FULL_MIX_AND_STEM_MATCH,"[""DRUMS_00681""]",1
drums,FULL_MIX,F_MIX_00903,179.74566893424037,DRUM_SUPPORTED,FULL_MIX_AND_STEM_MATCH,"[""DRUMS_00682""]",1
drums,FULL_MIX,F_MIX_00904,180.01269841269843,DRUM_SUPPORTED,FULL_MIX_ONLY,[],0
drums,FULL_MIX,F_MIX_00905,180.12879818594104,DRUM_SUPPORTED,FULL_MIX_AND_STEM_MATCH,"[""DRUMS_00683""]",1
drums,FULL_MIX,F_MIX_00906,180.3958276643991,DRUM_SUPPORTED,FULL_MIX_AND_STEM_MATCH,"[""DRUMS_00684""]",1
drums,FULL_MIX,F_MIX_00907,180.4887074829932,DRUM_SUPPORTED,FULL_MIX_AND_STEM_MATCH,"[""DRUMS_00685""]",1
drums,FULL_MIX,F_MIX_00908,180.74412698412698,DRUM_SUPPORTED,FULL_MIX_AND_STEM_MATCH,"[""DRUMS_00686""]",1
drums,FULL_MIX,F_MIX_00909,180.84861678004535,DRUM_SUPPORTED,FULL_MIX_AND_STEM_MATCH,"[""DRUMS_00687""]",1
drums,FULL_MIX,F_MIX_00910,180.8950566893424,DRUM_SUPPORTED,FULL_MIX_ONLY,[],0
drums,FULL_MIX,F_MIX_00911,181.23174603174604,DRUM_SUPPORTED,FULL_MIX_AND_STEM_MATCH,"[""DRUMS_00688""]",1
drums,FULL_MIX,F_MIX_00912,181.48716553287983,DRUM_SUPPORTED,FULL_MIX_AND_STEM_MATCH,"[""DRUMS_00689""]",1
drums,FULL_MIX,F_MIX_00913,181.56843537414966,UNKNOWN,FULL_MIX_AND_STEM_MATCH,"[""DRUMS_00690""]",1
drums,FULL_MIX,F_MIX_00914,181.62648526077098,DRUM_SUPPORTED,FULL_MIX_ONLY,[],0
drums,FULL_MIX,F_MIX_00915,181.8702947845805,UNKNOWN,FULL_MIX_ONLY,[],0
drums,FULL_MIX,F_MIX_00916,181.95156462585035,DRUM_SUPPORTED,FULL_MIX_AND_STEM_MATCH,"[""DRUMS_00691""]",1
drums,FULL_MIX,F_MIX_00917,182.20698412698414,DRUM_SUPPORTED,FULL_MIX_AND_STEM_MATCH,"[""DRUMS_00692""]",1
drums,FULL_MIX,F_MIX_00918,182.29986394557824,UNKNOWN,FULL_MIX_AND_STEM_MATCH,"[""DRUMS_00693""]",1
drums,FULL_MIX,F_MIX_00919,182.35791383219956,DRUM_SUPPORTED,FULL_MIX_ONLY,[],0
drums,FULL_MIX,F_MIX_00920,182.6829931972789,DRUM_SUPPORTED,FULL_MIX_AND_STEM_MATCH,"[""DRUMS_00694""]",1
drums,FULL_MIX,F_MIX_00921,182.95002267573696,DRUM_SUPPORTED,FULL_MIX_AND_STEM_MATCH,"[""DRUMS_00695""]",1
drums,FULL_MIX,F_MIX_00922,183.04290249433106,DRUM_SUPPORTED,FULL_MIX_AND_STEM_MATCH,"[""DRUMS_00696""]",1
drums,FULL_MIX,F_MIX_00923,183.658231292517,DRUM_SUPPORTED,FULL_MIX_AND_STEM_MATCH,"[""DRUMS_00698""]",1
drums,FULL_MIX,F_MIX_00924,183.7511111111111,DRUM_SUPPORTED,FULL_MIX_AND_STEM_MATCH,"[""DRUMS_00699""]",1
drums,FULL_MIX,F_MIX_00925,183.79755102040815,DRUM_SUPPORTED,FULL_MIX_ONLY,[],0
drums,FULL_MIX,F_MIX_00926,183.98331065759638,DRUM_SUPPORTED,FULL_MIX_ONLY,[],0
drums,FULL_MIX,F_MIX_00927,184.02975056689343,UNKNOWN,FULL_MIX_AND_STEM_MATCH,"[""DRUMS_00700""]",1
drums,FULL_MIX,F_MIX_00928,184.12263038548753,DRUM_SUPPORTED,FULL_MIX_ONLY,[],0
drums,FULL_MIX,F_MIX_00929,184.3548299319728,UNKNOWN,FULL_MIX_AND_STEM_MATCH,"[""DRUMS_00701""]",1
drums,FULL_MIX,F_MIX_00930,184.45931972789117,DRUM_SUPPORTED,FULL_MIX_AND_STEM_MATCH,"[""DRUMS_00702""]",1
drums,FULL_MIX,F_MIX_00931,184.74956916099774,UNKNOWN,FULL_MIX_AND_STEM_MATCH,"[""DRUMS_00703""]",1
drums,FULL_MIX,F_MIX_00932,184.84244897959184,DRUM_SUPPORTED,FULL_MIX_AND_STEM_MATCH,"[""DRUMS_00704""]",1
drums,FULL_MIX,F_MIX_00933,185.05142857142857,DRUM_SUPPORTED,FULL_MIX_ONLY,[],0
drums,FULL_MIX,F_MIX_00934,185.17913832199545,DRUM_SUPPORTED,FULL_MIX_ONLY,[],0
drums,FULL_MIX,F_MIX_00935,185.5390476190476,DRUM_SUPPORTED,FULL_MIX_ONLY,[],0
drums,FULL_MIX,F_MIX_00936,185.80607709750566,DRUM_SUPPORTED,FULL_MIX_AND_STEM_MATCH,"[""DRUMS_00707""]",1
drums,FULL_MIX,F_MIX_00937,185.9221768707483,DRUM_SUPPORTED,FULL_MIX_AND_STEM_MATCH,"[""DRUMS_00708""]",1
drums,FULL_MIX,F_MIX_00938,186.1427664399093,DRUM_SUPPORTED,FULL_MIX_AND_STEM_MATCH,"[""DRUMS_00709""]",1
drums,FULL_MIX,F_MIX_00939,186.28208616780046,DRUM_SUPPORTED,FULL_MIX_AND_STEM_MATCH,"[""DRUMS_00710""]",1
drums,FULL_MIX,F_MIX_00940,186.6419954648526,DRUM_SUPPORTED,FULL_MIX_AND_STEM_MATCH,"[""DRUMS_00712""]",1
drums,FULL_MIX,F_MIX_00941,186.6768253968254,UNKNOWN,FULL_MIX_ONLY,[],0
drums,FULL_MIX,F_MIX_00942,186.81614512471654,UNKNOWN,FULL_MIX_AND_STEM_MATCH,"[""DRUMS_00713""]",1
drums,FULL_MIX,F_MIX_00943,187.00190476190477,DRUM_SUPPORTED,FULL_MIX_AND_STEM_MATCH,"[""DRUMS_00714""]",1
drums,FULL_MIX,F_MIX_00944,187.28054421768707,DRUM_SUPPORTED,FULL_MIX_AND_STEM_MATCH,"[""DRUMS_00715""]",1
drums,FULL_MIX,F_MIX_00945,187.3734240362812,DRUM_SUPPORTED,FULL_MIX_ONLY,[],0
drums,FULL_MIX,F_MIX_00946,187.40825396825397,DRUM_SUPPORTED,FULL_MIX_ONLY,[],0
drums,FULL_MIX,F_MIX_00947,187.67528344671203,DRUM_SUPPORTED,FULL_MIX_ONLY,[],0
drums,FULL_MIX,F_MIX_00948,187.73333333333332,DRUM_SUPPORTED,FULL_MIX_AND_STEM_MATCH,"[""DRUMS_00716""]",1
drums,FULL_MIX,F_MIX_00949,188.01197278911565,UNKNOWN,FULL_MIX_ONLY,[],0
drums,FULL_MIX,F_MIX_00950,188.45315192743763,DRUM_SUPPORTED,FULL_MIX_AND_STEM_MATCH,"[""DRUMS_00719""]",1
drums,FULL_MIX,F_MIX_00951,188.8130612244898,DRUM_SUPPORTED,FULL_MIX_AND_STEM_MATCH,"[""DRUMS_00721""]",1
drums,FULL_MIX,F_MIX_00952,189.10331065759638,DRUM_SUPPORTED,FULL_MIX_ONLY,[],0
drums,FULL_MIX,F_MIX_00953,189.1845804988662,DRUM_SUPPORTED,FULL_MIX_ONLY,[],0
drums,FULL_MIX,F_MIX_00954,189.4167800453515,DRUM_SUPPORTED,FULL_MIX_AND_STEM_MATCH,"[""DRUMS_00723""]",1
drums,FULL_MIX,F_MIX_00955,189.90439909297052,DRUM_SUPPORTED,FULL_MIX_ONLY,[],0
drums,FULL_MIX,F_MIX_00956,190.1598185941043,UNKNOWN,FULL_MIX_AND_STEM_MATCH,"[""DRUMS_00725""]",1
drums,FULL_MIX,F_MIX_00957,190.26430839002268,DRUM_SUPPORTED,FULL_MIX_AND_STEM_MATCH,"[""DRUMS_00726""]",1
drums,FULL_MIX,F_MIX_00958,190.61260770975056,BASS_AND_DRUM_SUPPORTED,FULL_MIX_AND_STEM_MATCH,"[""DRUMS_00727""]",1
drums,FULL_MIX,F_MIX_00959,190.85641723356008,DRUM_SUPPORTED,FULL_MIX_AND_STEM_MATCH,"[""DRUMS_00728""]",1
drums,FULL_MIX,F_MIX_00960,191.33242630385487,DRUM_SUPPORTED,FULL_MIX_AND_STEM_MATCH,"[""DRUMS_00730""]",1
drums,FULL_MIX,F_MIX_00961,191.58784580498866,DRUM_SUPPORTED,FULL_MIX_AND_STEM_MATCH,"[""DRUMS_00731""]",1
drums,FULL_MIX,F_MIX_00962,191.7039455782313,DRUM_SUPPORTED,FULL_MIX_ONLY,[],0
drums,FULL_MIX,F_MIX_00963,191.93614512471655,DRUM_SUPPORTED,FULL_MIX_AND_STEM_MATCH,"[""DRUMS_00732""]",1
drums,FULL_MIX,F_MIX_00964,192.05224489795918,UNKNOWN,FULL_MIX_AND_STEM_MATCH,"[""DRUMS_00733""]",1
drums,FULL_MIX,F_MIX_00965,192.2728344671202,DRUM_SUPPORTED,FULL_MIX_AND_STEM_MATCH,"[""DRUMS_00734""]",1
drums,FULL_MIX,F_MIX_00966,192.63274376417235,DRUM_SUPPORTED,FULL_MIX_AND_STEM_MATCH,"[""DRUMS_00735""]",1
drums,FULL_MIX,F_MIX_00967,192.74884353741496,DRUM_SUPPORTED,FULL_MIX_AND_STEM_MATCH,"[""DRUMS_00736""]",1
drums,FULL_MIX,F_MIX_00968,192.98104308390023,DRUM_SUPPORTED,FULL_MIX_AND_STEM_MATCH,"[""DRUMS_00737""]",1
drums,FULL_MIX,F_MIX_00969,193.31773242630385,DRUM_SUPPORTED,FULL_MIX_AND_STEM_MATCH,"[""DRUMS_00738""]",1
drums,FULL_MIX,F_MIX_00970,193.457052154195,DRUM_SUPPORTED,FULL_MIX_AND_STEM_MATCH,"[""DRUMS_00739""]",1
drums,FULL_MIX,F_MIX_00971,193.68925170068027,UNKNOWN,FULL_MIX_ONLY,[],0
drums,FULL_MIX,F_MIX_00972,193.7705215419501,DRUM_SUPPORTED,FULL_MIX_AND_STEM_MATCH,"[""DRUMS_00740""]",1
drums,FULL_MIX,F_MIX_00973,194.1536507936508,DRUM_SUPPORTED,FULL_MIX_AND_STEM_MATCH,"[""DRUMS_00741""]",1
drums,FULL_MIX,F_MIX_00974,194.3742403628118,DRUM_SUPPORTED,FULL_MIX_AND_STEM_MATCH,"[""DRUMS_00742""]",1
drums,FULL_MIX,F_MIX_00975,194.73414965986396,DRUM_SUPPORTED,FULL_MIX_AND_STEM_MATCH,"[""DRUMS_00743""]",1
drums,FULL_MIX,F_MIX_00976,194.8386394557823,UNKNOWN,FULL_MIX_AND_STEM_MATCH,"[""DRUMS_00744""]",1
drums,FULL_MIX,F_MIX_00977,194.97795918367348,UNKNOWN,FULL_MIX_AND_STEM_MATCH,"[""DRUMS_00745""]",1
drums,FULL_MIX,F_MIX_00978,195.0360090702948,DRUM_SUPPORTED,FULL_MIX_ONLY,[],0
drums,FULL_MIX,F_MIX_00979,195.11727891156463,DRUM_SUPPORTED,FULL_MIX_AND_STEM_MATCH,"[""DRUMS_00746""]",1
drums,FULL_MIX,F_MIX_00980,195.1869387755102,DRUM_SUPPORTED,FULL_MIX_AND_STEM_MATCH,"[""DRUMS_00747""]",1
drums,FULL_MIX,F_MIX_00981,195.25659863945577,DRUM_SUPPORTED,FULL_MIX_AND_STEM_MATCH,"[""DRUMS_00748""]",1
drums,FULL_MIX,F_MIX_00982,195.50040816326532,DRUM_SUPPORTED,FULL_MIX_AND_STEM_MATCH,"[""DRUMS_00749""]",1
drums,FULL_MIX,F_MIX_00983,195.8487074829932,DRUM_SUPPORTED,FULL_MIX_AND_STEM_MATCH,"[""DRUMS_00750""]",1
drums,FULL_MIX,F_MIX_00984,195.96480725623582,DRUM_SUPPORTED,FULL_MIX_AND_STEM_MATCH,"[""DRUMS_00751""]",1
drums,FULL_MIX,F_MIX_00985,196.2202267573696,DRUM_SUPPORTED,FULL_MIX_AND_STEM_MATCH,"[""DRUMS_00752""]",1
drums,FULL_MIX,F_MIX_00986,196.45242630385488,DRUM_SUPPORTED,FULL_MIX_AND_STEM_MATCH,"[""DRUMS_00753""]",1
drums,FULL_MIX,F_MIX_00987,196.8239455782313,DRUM_SUPPORTED,FULL_MIX_AND_STEM_MATCH,"[""DRUMS_00754""]",1
drums,FULL_MIX,F_MIX_00988,197.06775510204082,DRUM_SUPPORTED,FULL_MIX_AND_STEM_MATCH,"[""DRUMS_00755""]",1
drums,FULL_MIX,F_MIX_00989,197.1722448979592,DRUM_SUPPORTED,FULL_MIX_AND_STEM_MATCH,"[""DRUMS_00756""]",1
drums,FULL_MIX,F_MIX_00990,197.27673469387756,DRUM_SUPPORTED,FULL_MIX_AND_STEM_MATCH,"[""DRUMS_00757""]",1
drums,FULL_MIX,F_MIX_00991,197.40444444444444,DRUM_SUPPORTED,FULL_MIX_AND_STEM_MATCH,"[""DRUMS_00758""]",1
drums,FULL_MIX,F_MIX_00992,197.4857142857143,DRUM_SUPPORTED,FULL_MIX_AND_STEM_MATCH,"[""DRUMS_00759""]",1
drums,FULL_MIX,F_MIX_00993,197.6018140589569,DRUM_SUPPORTED,FULL_MIX_AND_STEM_MATCH,"[""DRUMS_00760""]",1
drums,FULL_MIX,F_MIX_00994,197.74113378684808,DRUM_SUPPORTED,FULL_MIX_ONLY,[],0
drums,FULL_MIX,F_MIX_00995,197.96172335600906,DRUM_SUPPORTED,FULL_MIX_AND_STEM_MATCH,"[""DRUMS_00762""]",1
drums,FULL_MIX,F_MIX_00996,198.6118820861678,DRUM_SUPPORTED,FULL_MIX_AND_STEM_MATCH,"[""DRUMS_00763""]",1
drums,FULL_MIX,F_MIX_00997,199.07628117913833,DRUM_SUPPORTED,FULL_MIX_AND_STEM_MATCH,"[""DRUMS_00764""]",1
drums,FULL_MIX,F_MIX_00998,199.4361904761905,DRUM_SUPPORTED,FULL_MIX_ONLY,[],0
drums,FULL_MIX,F_MIX_00999,199.81931972789116,DRUM_SUPPORTED,FULL_MIX_AND_STEM_MATCH,"[""DRUMS_00765""]",1
drums,FULL_MIX,F_MIX_01000,200.16761904761904,DRUM_SUPPORTED,FULL_MIX_AND_STEM_MATCH,"[""DRUMS_00766""]",1
drums,FULL_MIX,F_MIX_01001,200.80616780045352,DRUM_SUPPORTED,FULL_MIX_AND_STEM_MATCH,"[""DRUMS_00769""]",1
drums,FULL_MIX,F_MIX_01002,201.2473469387755,DRUM_SUPPORTED,FULL_MIX_AND_STEM_MATCH,"[""DRUMS_00772""]",1
drums,FULL_MIX,F_MIX_01003,201.5027664399093,DRUM_SUPPORTED,FULL_MIX_AND_STEM_MATCH,"[""DRUMS_00773""]",1
drums,FULL_MIX,F_MIX_01004,201.6304761904762,DRUM_SUPPORTED,FULL_MIX_ONLY,[],0
drums,FULL_MIX,F_MIX_01005,201.87428571428572,DRUM_SUPPORTED,FULL_MIX_ONLY,[],0
drums,FULL_MIX,F_MIX_01006,201.96716553287982,DRUM_SUPPORTED,FULL_MIX_AND_STEM_MATCH,"[""DRUMS_00774""]",1
drums,FULL_MIX,F_MIX_01007,202.23419501133787,UNKNOWN,FULL_MIX_AND_STEM_MATCH,"[""DRUMS_00775""]",1
drums,FULL_MIX,F_MIX_01008,202.2922448979592,DRUM_SUPPORTED,FULL_MIX_AND_STEM_MATCH,"[""DRUMS_00776""]",1
drums,FULL_MIX,F_MIX_01009,202.6057142857143,UNKNOWN,FULL_MIX_AND_STEM_MATCH,"[""DRUMS_00777""]",1
drums,FULL_MIX,F_MIX_01010,202.68698412698413,DRUM_SUPPORTED,FULL_MIX_AND_STEM_MATCH,"[""DRUMS_00778""]",1
drums,FULL_MIX,F_MIX_01011,202.87274376417233,UNKNOWN,FULL_MIX_ONLY,[],0
drums,FULL_MIX,F_MIX_01012,203.04689342403628,DRUM_SUPPORTED,FULL_MIX_ONLY,[],0
drums,FULL_MIX,F_MIX_01013,203.32553287981858,UNKNOWN,FULL_MIX_ONLY,[],0
drums,FULL_MIX,F_MIX_01014,203.39519274376417,DRUM_SUPPORTED,FULL_MIX_AND_STEM_MATCH,"[""DRUMS_00781""]",1
drums,FULL_MIX,F_MIX_01015,203.66222222222223,DRUM_SUPPORTED,FULL_MIX_AND_STEM_MATCH,"[""DRUMS_00782""]",1
drums,FULL_MIX,F_MIX_01016,203.75510204081633,DRUM_SUPPORTED,FULL_MIX_AND_STEM_MATCH,"[""DRUMS_00783""]",1
drums,FULL_MIX,F_MIX_01017,204.03374149659865,DRUM_SUPPORTED,FULL_MIX_AND_STEM_MATCH,"[""DRUMS_00785""]",1
drums,FULL_MIX,F_MIX_01018,204.3356009070295,DRUM_SUPPORTED,FULL_MIX_AND_STEM_MATCH,"[""DRUMS_00786""]",1
drums,FULL_MIX,F_MIX_01019,204.70712018140588,DRUM_SUPPORTED,FULL_MIX_AND_STEM_MATCH,"[""DRUMS_00787""]",1
drums,FULL_MIX,F_MIX_01020,204.84643990929706,UNKNOWN,FULL_MIX_AND_STEM_MATCH,"[""DRUMS_00788""]",1
drums,FULL_MIX,F_MIX_01021,205.06702947845804,DRUM_SUPPORTED,FULL_MIX_AND_STEM_MATCH,"[""DRUMS_00789""]",1
drums,FULL_MIX,F_MIX_01022,205.43854875283446,DRUM_SUPPORTED,FULL_MIX_AND_STEM_MATCH,"[""DRUMS_00790""]",1
drums,FULL_MIX,F_MIX_01023,205.5546485260771,UNKNOWN,FULL_MIX_AND_STEM_MATCH,"[""DRUMS_00791""]",1
drums,FULL_MIX,F_MIX_01024,205.8100680272109,DRUM_SUPPORTED,FULL_MIX_AND_STEM_MATCH,"[""DRUMS_00792""]",1
drums,FULL_MIX,F_MIX_01025,206.16997732426304,DRUM_SUPPORTED,FULL_MIX_AND_STEM_MATCH,"[""DRUMS_00793""]",1
drums,FULL_MIX,F_MIX_01026,206.28607709750568,DRUM_SUPPORTED,FULL_MIX_AND_STEM_MATCH,"[""DRUMS_00794""]",1
drums,FULL_MIX,F_MIX_01027,206.50666666666666,DRUM_SUPPORTED,FULL_MIX_AND_STEM_MATCH,"[""DRUMS_00795""]",1
drums,FULL_MIX,F_MIX_01028,206.87818594104309,DRUM_SUPPORTED,FULL_MIX_AND_STEM_MATCH,"[""DRUMS_00796""]",1
drums,FULL_MIX,F_MIX_01029,206.99428571428572,DRUM_SUPPORTED,FULL_MIX_AND_STEM_MATCH,"[""DRUMS_00797""]",1
drums,FULL_MIX,F_MIX_01030,207.13360544217687,DRUM_SUPPORTED,FULL_MIX_AND_STEM_MATCH,"[""DRUMS_00798""]",1
drums,FULL_MIX,F_MIX_01031,207.26131519274375,UNKNOWN,FULL_MIX_AND_STEM_MATCH,"[""DRUMS_00799""]",1
drums,FULL_MIX,F_MIX_01032,207.35419501133788,DRUM_SUPPORTED,FULL_MIX_AND_STEM_MATCH,"[""DRUMS_00800""]",1
drums,FULL_MIX,F_MIX_01033,209.258231292517,DRUM_SUPPORTED,FULL_MIX_AND_STEM_MATCH,"[""DRUMS_00801""]",1
drums,FULL_MIX,F_MIX_01034,209.43238095238095,UNKNOWN,FULL_MIX_ONLY,[],0
drums,FULL_MIX,F_MIX_01035,209.59492063492064,DRUM_SUPPORTED,FULL_MIX_AND_STEM_MATCH,"[""DRUMS_00802""]",1
drums,FULL_MIX,F_MIX_01036,209.98965986394558,DRUM_SUPPORTED,FULL_MIX_AND_STEM_MATCH,"[""DRUMS_00803""]",1
drums,FULL_MIX,F_MIX_01037,210.09414965986394,UNKNOWN,FULL_MIX_ONLY,[],0
drums,FULL_MIX,F_MIX_01038,210.17541950113377,UNKNOWN,FULL_MIX_ONLY,[],0
drums,FULL_MIX,F_MIX_01039,210.25668934240363,UNKNOWN,FULL_MIX_AND_STEM_MATCH,"[""DRUMS_00804""]",1
drums,FULL_MIX,F_MIX_01040,210.34956916099773,DRUM_SUPPORTED,FULL_MIX_AND_STEM_MATCH,"[""DRUMS_00805""]",1
drums,FULL_MIX,F_MIX_01041,210.53532879818593,UNKNOWN,FULL_MIX_ONLY,[],0
drums,FULL_MIX,F_MIX_01042,210.62820861678006,UNKNOWN,FULL_MIX_ONLY,[],0
drums,FULL_MIX,F_MIX_01043,210.68625850340135,DRUM_SUPPORTED,FULL_MIX_AND_STEM_MATCH,"[""DRUMS_00806""]",1
drums,FULL_MIX,F_MIX_01044,210.82557823129252,UNKNOWN,FULL_MIX_ONLY,[],0
drums,FULL_MIX,F_MIX_01045,210.9881179138322,DRUM_SUPPORTED,FULL_MIX_AND_STEM_MATCH,"[""DRUMS_00807""]",1
drums,FULL_MIX,F_MIX_01046,211.05777777777777,DRUM_SUPPORTED,FULL_MIX_AND_STEM_MATCH,"[""DRUMS_00808""]",1
drums,FULL_MIX,F_MIX_01047,211.19709750566892,UNKNOWN,FULL_MIX_ONLY,[],0
drums,FULL_MIX,F_MIX_01048,211.3364172335601,UNKNOWN,FULL_MIX_ONLY,[],0
drums,FULL_MIX,F_MIX_01049,211.40607709750566,DRUM_SUPPORTED,FULL_MIX_AND_STEM_MATCH,"[""DRUMS_00809""]",1
drums,FULL_MIX,F_MIX_01050,211.44090702947847,DRUM_SUPPORTED,FULL_MIX_AND_STEM_MATCH,"[""DRUMS_00810""]",1
drums,FULL_MIX,F_MIX_01051,211.54539682539684,UNKNOWN,FULL_MIX_ONLY,[],0
drums,FULL_MIX,F_MIX_01052,211.69632653061225,UNKNOWN,FULL_MIX_AND_STEM_MATCH,"[""DRUMS_00811""]",1
drums,FULL_MIX,F_MIX_01053,211.78920634920635,DRUM_SUPPORTED,FULL_MIX_ONLY,[],0
drums,FULL_MIX,F_MIX_01054,212.0562358276644,UNKNOWN,FULL_MIX_ONLY,[],0
drums,FULL_MIX,F_MIX_01055,212.1491156462585,DRUM_SUPPORTED,FULL_MIX_AND_STEM_MATCH,"[""DRUMS_00812""]",1
drums,FULL_MIX,F_MIX_01056,212.4277551020408,DRUM_SUPPORTED,FULL_MIX_ONLY,[],0
drums,FULL_MIX,F_MIX_01057,212.52063492063493,DRUM_SUPPORTED,FULL_MIX_AND_STEM_MATCH,"[""DRUMS_00814""]",1
drums,FULL_MIX,F_MIX_01058,212.78766439909296,UNKNOWN,FULL_MIX_ONLY,[],0
drums,FULL_MIX,F_MIX_01059,212.8805442176871,DRUM_SUPPORTED,FULL_MIX_AND_STEM_MATCH,"[""DRUMS_00815""]",1
drums,FULL_MIX,F_MIX_01060,213.14757369614512,UNKNOWN,FULL_MIX_AND_STEM_MATCH,"[""DRUMS_00816""]",1
drums,FULL_MIX,F_MIX_01061,213.25206349206348,DRUM_SUPPORTED,FULL_MIX_AND_STEM_MATCH,"[""DRUMS_00817""]",1
drums,FULL_MIX,F_MIX_01062,213.50748299319727,UNKNOWN,FULL_MIX_ONLY,[],0
drums,FULL_MIX,F_MIX_01063,213.6235827664399,DRUM_SUPPORTED,FULL_MIX_AND_STEM_MATCH,"[""DRUMS_00818""]",1
drums,FULL_MIX,F_MIX_01064,213.8790022675737,DRUM_SUPPORTED,FULL_MIX_AND_STEM_MATCH,"[""DRUMS_00819""]",1
drums,FULL_MIX,F_MIX_01065,214.1228117913832,UNKNOWN,FULL_MIX_ONLY,[],0
drums,FULL_MIX,F_MIX_01066,214.25052154195012,UNKNOWN,FULL_MIX_ONLY,[],0
drums,FULL_MIX,F_MIX_01067,214.33179138321995,DRUM_SUPPORTED,FULL_MIX_AND_STEM_MATCH,"[""DRUMS_00820""]",1
drums,FULL_MIX,F_MIX_01068,214.598820861678,UNKNOWN,FULL_MIX_ONLY,[],0
drums,FULL_MIX,F_MIX_01069,214.70331065759638,DRUM_SUPPORTED,FULL_MIX_ONLY,[],0
drums,FULL_MIX,F_MIX_01070,214.95873015873016,DRUM_SUPPORTED,FULL_MIX_AND_STEM_MATCH,"[""DRUMS_00823""]",1
drums,FULL_MIX,F_MIX_01071,215.0748299319728,DRUM_SUPPORTED,FULL_MIX_ONLY,[],0
drums,FULL_MIX,F_MIX_01072,215.34185941043083,UNKNOWN,FULL_MIX_ONLY,[],0
drums,FULL_MIX,F_MIX_01073,215.4231292517007,DRUM_SUPPORTED,FULL_MIX_AND_STEM_MATCH,"[""DRUMS_00824""]",1
drums,FULL_MIX,F_MIX_01074,215.69015873015874,DRUM_SUPPORTED,FULL_MIX_AND_STEM_MATCH,"[""DRUMS_00825""]",1
drums,FULL_MIX,F_MIX_01075,216.03845804988663,DRUM_SUPPORTED,FULL_MIX_AND_STEM_MATCH,"[""DRUMS_00826""]",1
drums,FULL_MIX,F_MIX_01076,216.37514739229024,DRUM_SUPPORTED,FULL_MIX_AND_STEM_MATCH,"[""DRUMS_00827""]",1
drums,FULL_MIX,F_MIX_01077,216.4796371882086,UNKNOWN,FULL_MIX_AND_STEM_MATCH,"[""DRUMS_00828""]",1
drums,FULL_MIX,F_MIX_01078,216.61895691609976,DRUM_SUPPORTED,FULL_MIX_AND_STEM_MATCH,"[""DRUMS_00829""]",1
drums,FULL_MIX,F_MIX_01079,216.79310657596372,DRUM_SUPPORTED,FULL_MIX_AND_STEM_MATCH,"[""DRUMS_00830""]",1
drums,FULL_MIX,F_MIX_01080,217.17623582766439,DRUM_SUPPORTED,FULL_MIX_AND_STEM_MATCH,"[""DRUMS_00832""]",1
drums,FULL_MIX,F_MIX_01081,217.40843537414966,DRUM_SUPPORTED,FULL_MIX_AND_STEM_MATCH,"[""DRUMS_00833""]",1
drums,FULL_MIX,F_MIX_01082,217.7799546485261,DRUM_SUPPORTED,FULL_MIX_AND_STEM_MATCH,"[""DRUMS_00834""]",1
drums,FULL_MIX,F_MIX_01083,217.87283446712019,DRUM_SUPPORTED,FULL_MIX_AND_STEM_MATCH,"[""DRUMS_00835""]",1
drums,FULL_MIX,F_MIX_01084,218.10503401360543,DRUM_SUPPORTED,FULL_MIX_AND_STEM_MATCH,"[""DRUMS_00836""]",1
drums,FULL_MIX,F_MIX_01085,218.1863038548753,DRUM_SUPPORTED,FULL_MIX_AND_STEM_MATCH,"[""DRUMS_00837""]",1
drums,FULL_MIX,F_MIX_01086,218.26757369614512,DRUM_SUPPORTED,FULL_MIX_AND_STEM_MATCH,"[""DRUMS_00838""]",1
drums,FULL_MIX,F_MIX_01087,218.51138321995464,DRUM_SUPPORTED,FULL_MIX_AND_STEM_MATCH,"[""DRUMS_00839""]",1
drums,FULL_MIX,F_MIX_01088,218.70875283446713,DRUM_SUPPORTED,FULL_MIX_AND_STEM_MATCH,"[""DRUMS_00840""]",1
drums,FULL_MIX,F_MIX_01089,218.79002267573696,DRUM_SUPPORTED,FULL_MIX_AND_STEM_MATCH,"[""DRUMS_00841""]",1
drums,FULL_MIX,F_MIX_01090,218.85968253968255,DRUM_SUPPORTED,FULL_MIX_AND_STEM_MATCH,"[""DRUMS_00842""]",1
drums,FULL_MIX,F_MIX_01091,218.94095238095238,DRUM_SUPPORTED,FULL_MIX_AND_STEM_MATCH,"[""DRUMS_00843""]",1
drums,FULL_MIX,F_MIX_01092,219.19637188208617,DRUM_SUPPORTED,FULL_MIX_AND_STEM_MATCH,"[""DRUMS_00844""]",1
drums,FULL_MIX,F_MIX_01093,219.39374149659864,UNKNOWN,FULL_MIX_AND_STEM_MATCH,"[""DRUMS_00845""]",1
drums,FULL_MIX,F_MIX_01094,219.61433106575964,DRUM_SUPPORTED,FULL_MIX_AND_STEM_MATCH,"[""DRUMS_00846""]",1
drums,FULL_MIX,F_MIX_01095,219.6839909297052,DRUM_SUPPORTED,FULL_MIX_AND_STEM_MATCH,"[""DRUMS_00847""]",1
drums,FULL_MIX,F_MIX_01096,219.77687074829933,DRUM_SUPPORTED,FULL_MIX_AND_STEM_MATCH,"[""DRUMS_00848""]",1
drums,FULL_MIX,F_MIX_01097,219.85814058956916,DRUM_SUPPORTED,FULL_MIX_AND_STEM_MATCH,"[""DRUMS_00849""]",1
drums,FULL_MIX,F_MIX_01098,219.9974603174603,DRUM_SUPPORTED,FULL_MIX_AND_STEM_MATCH,"[""DRUMS_00850""]",1
drums,FULL_MIX,F_MIX_01099,220.14839002267573,DRUM_SUPPORTED,FULL_MIX_AND_STEM_MATCH,"[""DRUMS_00851""]",1
drums,FULL_MIX,F_MIX_01100,220.380589569161,DRUM_SUPPORTED,FULL_MIX_AND_STEM_MATCH,"[""DRUMS_00852""]",1
drums,FULL_MIX,F_MIX_01101,220.86820861678004,DRUM_SUPPORTED,FULL_MIX_AND_STEM_MATCH,"[""DRUMS_00853""]",1
drums,FULL_MIX,F_MIX_01102,221.262947845805,DRUM_SUPPORTED,FULL_MIX_AND_STEM_MATCH,"[""DRUMS_00854""]",1
drums,FULL_MIX,F_MIX_01103,221.5183673469388,DRUM_SUPPORTED,FULL_MIX_AND_STEM_MATCH,"[""DRUMS_00855""]",1
drums,FULL_MIX,F_MIX_01104,221.6344671201814,BASS_AND_DRUM_SUPPORTED,FULL_MIX_AND_STEM_MATCH,"[""DRUMS_00856""]",1
drums,FULL_MIX,F_MIX_01105,221.69251700680272,UNKNOWN,FULL_MIX_ONLY,[],0
drums,FULL_MIX,F_MIX_01106,221.98276643990928,BASS_AND_DRUM_SUPPORTED,FULL_MIX_AND_STEM_MATCH,"[""DRUMS_00859""]",1
drums,FULL_MIX,F_MIX_01107,222.24979591836734,UNKNOWN,FULL_MIX_ONLY,[],0
drums,FULL_MIX,F_MIX_01108,222.37750566893425,BASS_AND_DRUM_SUPPORTED,FULL_MIX_AND_STEM_MATCH,"[""DRUMS_00860""]",1
drums,FULL_MIX,F_MIX_01109,222.74902494331064,BASS_AND_DRUM_SUPPORTED,FULL_MIX_AND_STEM_MATCH,"[""DRUMS_00862""]",1
drums,FULL_MIX,F_MIX_01110,222.9928344671202,DRUM_SUPPORTED,FULL_MIX_ONLY,[],0
drums,FULL_MIX,F_MIX_01111,223.1089342403628,DRUM_SUPPORTED,FULL_MIX_AND_STEM_MATCH,"[""DRUMS_00863""]",1
drums,FULL_MIX,F_MIX_01112,223.3643537414966,UNKNOWN,FULL_MIX_ONLY,[],0
drums,FULL_MIX,F_MIX_01113,223.72426303854874,DRUM_SUPPORTED,FULL_MIX_AND_STEM_MATCH,"[""DRUMS_00865""]",1
drums,FULL_MIX,F_MIX_01114,224.16544217687076,BASS_AND_DRUM_SUPPORTED,FULL_MIX_AND_STEM_MATCH,"[""DRUMS_00867""]",1
drums,FULL_MIX,F_MIX_01115,224.45569160997732,DRUM_SUPPORTED,FULL_MIX_AND_STEM_MATCH,"[""DRUMS_00868""]",1
drums,FULL_MIX,F_MIX_01116,224.53696145124715,BASS_AND_DRUM_SUPPORTED,FULL_MIX_AND_STEM_MATCH,"[""DRUMS_00869""]",1
drums,FULL_MIX,F_MIX_01117,224.82721088435375,UNKNOWN,FULL_MIX_AND_STEM_MATCH,"[""DRUMS_00870""]",1
drums,FULL_MIX,F_MIX_01118,224.90848072562358,BASS_AND_DRUM_SUPPORTED,FULL_MIX_AND_STEM_MATCH,"[""DRUMS_00871""]",1
drums,FULL_MIX,F_MIX_01119,225.16390022675736,UNKNOWN,FULL_MIX_ONLY,[],0
drums,FULL_MIX,F_MIX_01120,225.25678004535146,DRUM_SUPPORTED,FULL_MIX_AND_STEM_MATCH,"[""DRUMS_00872""]",1
drums,FULL_MIX,F_MIX_01121,225.61668934240362,DRUM_SUPPORTED,FULL_MIX_AND_STEM_MATCH,"[""DRUMS_00873""]",1
drums,FULL_MIX,F_MIX_01122,225.8721088435374,DRUM_SUPPORTED,FULL_MIX_AND_STEM_MATCH,"[""DRUMS_00874""]",1
drums,FULL_MIX,F_MIX_01123,225.98820861678004,DRUM_SUPPORTED,FULL_MIX_ONLY,[],0
drums,FULL_MIX,F_MIX_01124,226.23201814058956,DRUM_SUPPORTED,FULL_MIX_AND_STEM_MATCH,"[""DRUMS_00876""]",1
drums,FULL_MIX,F_MIX_01125,226.33650793650793,DRUM_SUPPORTED,FULL_MIX_AND_STEM_MATCH,"[""DRUMS_00877""]",1
drums,FULL_MIX,F_MIX_01126,226.61514739229025,DRUM_SUPPORTED,FULL_MIX_ONLY,[],0
drums,FULL_MIX,F_MIX_01127,226.96344671201814,DRUM_SUPPORTED,FULL_MIX_AND_STEM_MATCH,"[""DRUMS_00878""]",1
drums,FULL_MIX,F_MIX_01128,227.07954648526078,DRUM_SUPPORTED,FULL_MIX_AND_STEM_MATCH,"[""DRUMS_00879""]",1
drums,FULL_MIX,F_MIX_01129,227.31174603174603,DRUM_SUPPORTED,FULL_MIX_AND_STEM_MATCH,"[""DRUMS_00880""]",1
drums,FULL_MIX,F_MIX_01130,227.4162358276644,DRUM_SUPPORTED,FULL_MIX_AND_STEM_MATCH,"[""DRUMS_00881""]",1
drums,FULL_MIX,F_MIX_01131,227.6600453514739,UNKNOWN,FULL_MIX_ONLY,[],0
drums,FULL_MIX,F_MIX_01132,227.99673469387756,DRUM_SUPPORTED,FULL_MIX_AND_STEM_MATCH,"[""DRUMS_00882""]",1
drums,FULL_MIX,F_MIX_01133,228.37986394557822,DRUM_SUPPORTED,FULL_MIX_AND_STEM_MATCH,"[""DRUMS_00883""]",1
drums,FULL_MIX,F_MIX_01134,228.76299319727892,DRUM_SUPPORTED,FULL_MIX_AND_STEM_MATCH,"[""DRUMS_00884""]",1
drums,FULL_MIX,F_MIX_01135,228.8907029478458,DRUM_SUPPORTED,FULL_MIX_AND_STEM_MATCH,"[""DRUMS_00885""]",1
drums,FULL_MIX,F_MIX_01136,229.13451247165534,DRUM_SUPPORTED,FULL_MIX_AND_STEM_MATCH,"[""DRUMS_00886""]",1
drums,FULL_MIX,F_MIX_01137,229.2390022675737,DRUM_SUPPORTED,FULL_MIX_AND_STEM_MATCH,"[""DRUMS_00887""]",1
drums,FULL_MIX,F_MIX_01138,229.35510204081632,DRUM_SUPPORTED,FULL_MIX_AND_STEM_MATCH,"[""DRUMS_00888""]",1
drums,FULL_MIX,F_MIX_01139,229.48281179138323,DRUM_SUPPORTED,FULL_MIX_AND_STEM_MATCH,"[""DRUMS_00889""]",1
drums,FULL_MIX,F_MIX_01140,229.59891156462584,DRUM_SUPPORTED,FULL_MIX_AND_STEM_MATCH,"[""DRUMS_00890""]",1
drums,FULL_MIX,F_MIX_01141,229.72662131519274,DRUM_SUPPORTED,FULL_MIX_AND_STEM_MATCH,"[""DRUMS_00891""]",1
drums,FULL_MIX,F_MIX_01142,229.8311111111111,DRUM_SUPPORTED,FULL_MIX_AND_STEM_MATCH,"[""DRUMS_00892""]",1
drums,FULL_MIX,F_MIX_01143,229.94721088435375,DRUM_SUPPORTED,FULL_MIX_AND_STEM_MATCH,"[""DRUMS_00893""]",1
drums,FULL_MIX,F_MIX_01144,231.03854875283446,UNKNOWN,FULL_MIX_ONLY,[],0
drums,FULL_MIX,F_MIX_01145,232.0950566893424,UNKNOWN,FULL_MIX_AND_STEM_MATCH,"[""DRUMS_00894""]",1
drums,FULL_MIX,F_MIX_01146,232.21115646258502,DRUM_SUPPORTED,FULL_MIX_AND_STEM_MATCH,"[""DRUMS_00895""]",1
drums,FULL_MIX,F_MIX_01147,232.4433560090703,UNKNOWN,FULL_MIX_ONLY,[],0
drums,FULL_MIX,F_MIX_01148,232.48979591836735,UNKNOWN,FULL_MIX_AND_STEM_MATCH,"[""DRUMS_00896""]",1
drums,FULL_MIX,F_MIX_01149,232.59428571428572,DRUM_SUPPORTED,FULL_MIX_AND_STEM_MATCH,"[""DRUMS_00897""]",1
drums,FULL_MIX,F_MIX_01150,232.96580498866214,DRUM_SUPPORTED,FULL_MIX_AND_STEM_MATCH,"[""DRUMS_00898""]",1
drums,FULL_MIX,F_MIX_01151,233.23283446712017,UNKNOWN,FULL_MIX_ONLY,[],0
drums,FULL_MIX,F_MIX_01152,233.33732426303854,DRUM_SUPPORTED,FULL_MIX_AND_STEM_MATCH,"[""DRUMS_00900""]",1
drums,FULL_MIX,F_MIX_01153,233.534693877551,UNKNOWN,FULL_MIX_ONLY,[],0
drums,FULL_MIX,F_MIX_01154,233.74367346938774,DRUM_SUPPORTED,FULL_MIX_AND_STEM_MATCH,"[""DRUMS_00901""]",1
drums,FULL_MIX,F_MIX_01155,233.99909297052153,UNKNOWN,FULL_MIX_AND_STEM_MATCH,"[""DRUMS_00902""]",1
drums,FULL_MIX,F_MIX_01156,234.09197278911566,BASS_AND_DRUM_SUPPORTED,FULL_MIX_AND_STEM_MATCH,"[""DRUMS_00903""]",1
drums,FULL_MIX,F_MIX_01157,234.40544217687074,UNKNOWN,FULL_MIX_ONLY,[],0
drums,FULL_MIX,F_MIX_01158,234.4867120181406,DRUM_SUPPORTED,FULL_MIX_AND_STEM_MATCH,"[""DRUMS_00904""]",1
drums,FULL_MIX,F_MIX_01159,234.77696145124716,UNKNOWN,FULL_MIX_ONLY,[],0
drums,FULL_MIX,F_MIX_01160,234.85823129251702,BASS_AND_DRUM_SUPPORTED,FULL_MIX_AND_STEM_MATCH,"[""DRUMS_00906""]",1
drums,FULL_MIX,F_MIX_01161,235.13687074829932,UNKNOWN,FULL_MIX_ONLY,[],0
drums,FULL_MIX,F_MIX_01162,235.22975056689341,DRUM_SUPPORTED,FULL_MIX_AND_STEM_MATCH,"[""DRUMS_00907""]",1
drums,FULL_MIX,F_MIX_01163,235.49678004535147,UNKNOWN,FULL_MIX_AND_STEM_MATCH,"[""DRUMS_00908""]",1
drums,FULL_MIX,F_MIX_01164,235.58965986394557,DRUM_SUPPORTED,FULL_MIX_AND_STEM_MATCH,"[""DRUMS_00909""]",1
drums,FULL_MIX,F_MIX_01165,235.8915192743764,UNKNOWN,FULL_MIX_ONLY,[],0
drums,FULL_MIX,F_MIX_01166,235.98439909297053,DRUM_SUPPORTED,FULL_MIX_AND_STEM_MATCH,"[""DRUMS_00910""]",1
drums,FULL_MIX,F_MIX_01167,236.23981859410432,DRUM_SUPPORTED,FULL_MIX_AND_STEM_MATCH,"[""DRUMS_00911""]",1
drums,FULL_MIX,F_MIX_01168,236.3443083900227,DRUM_SUPPORTED,FULL_MIX_AND_STEM_MATCH,"[""DRUMS_00912""]",1
drums,FULL_MIX,F_MIX_01169,236.72743764172336,DRUM_SUPPORTED,FULL_MIX_AND_STEM_MATCH,"[""DRUMS_00913""]",1
drums,FULL_MIX,F_MIX_01170,236.87836734693877,UNKNOWN,FULL_MIX_ONLY,[],0
drums,FULL_MIX,F_MIX_01171,236.98285714285714,UNKNOWN,FULL_MIX_ONLY,[],0
drums,FULL_MIX,F_MIX_01172,237.06412698412697,DRUM_SUPPORTED,FULL_MIX_AND_STEM_MATCH,"[""DRUMS_00914""]",1
drums,FULL_MIX,F_MIX_01173,237.47047619047618,DRUM_SUPPORTED,FULL_MIX_AND_STEM_MATCH,"[""DRUMS_00915""]",1
drums,FULL_MIX,F_MIX_01174,237.71428571428572,UNKNOWN,FULL_MIX_ONLY,[],0
drums,FULL_MIX,F_MIX_01175,237.83038548752833,BASS_AND_DRUM_SUPPORTED,FULL_MIX_AND_STEM_MATCH,"[""DRUMS_00917""]",1
drums,FULL_MIX,F_MIX_01176,238.12063492063493,UNKNOWN,FULL_MIX_AND_STEM_MATCH,"[""DRUMS_00918""]",1
drums,FULL_MIX,F_MIX_01177,238.5037641723356,UNKNOWN,FULL_MIX_ONLY,[],0
drums,FULL_MIX,F_MIX_01178,238.57342403628118,BASS_AND_DRUM_SUPPORTED,FULL_MIX_AND_STEM_MATCH,"[""DRUMS_00919""]",1
drums,FULL_MIX,F_MIX_01179,238.96816326530612,DRUM_SUPPORTED,FULL_MIX_AND_STEM_MATCH,"[""DRUMS_00920""]",1
drums,FULL_MIX,F_MIX_01180,239.0378231292517,UNKNOWN,FULL_MIX_ONLY,[],0
drums,FULL_MIX,F_MIX_01181,239.2932426303855,DRUM_SUPPORTED,FULL_MIX_ONLY,[],0
drums,FULL_MIX,F_MIX_01182,239.32807256235827,DRUM_SUPPORTED,FULL_MIX_AND_STEM_MATCH,"[""DRUMS_00922""]",1
drums,FULL_MIX,F_MIX_01183,239.52544217687074,UNKNOWN,FULL_MIX_ONLY,[],0
drums,FULL_MIX,F_MIX_01184,239.71120181405897,DRUM_SUPPORTED,FULL_MIX_AND_STEM_MATCH,"[""DRUMS_00923""]",1
drums,FULL_MIX,F_MIX_01185,239.978231292517,UNKNOWN,FULL_MIX_AND_STEM_MATCH,"[""DRUMS_00924""]",1
drums,FULL_MIX,F_MIX_01186,240.0130612244898,UNKNOWN,FULL_MIX_ONLY,[],0
drums,FULL_MIX,F_MIX_01187,240.07111111111112,DRUM_SUPPORTED,FULL_MIX_AND_STEM_MATCH,"[""DRUMS_00925""]",1
drums,FULL_MIX,F_MIX_01188,240.37297052154196,UNKNOWN,FULL_MIX_ONLY,[],0
drums,FULL_MIX,F_MIX_01189,240.47746031746033,DRUM_SUPPORTED,FULL_MIX_AND_STEM_MATCH,"[""DRUMS_00926""]",1
drums,FULL_MIX,F_MIX_01190,240.7677097505669,UNKNOWN,FULL_MIX_AND_STEM_MATCH,"[""DRUMS_00927""]",1
drums,FULL_MIX,F_MIX_01191,240.84897959183672,DRUM_SUPPORTED,FULL_MIX_ONLY,[],0
drums,FULL_MIX,F_MIX_01192,241.12761904761905,UNKNOWN,FULL_MIX_AND_STEM_MATCH,"[""DRUMS_00928""]",1
drums,FULL_MIX,F_MIX_01193,241.2437188208617,DRUM_SUPPORTED,FULL_MIX_ONLY,[],0
drums,FULL_MIX,F_MIX_01194,241.4875283446712,UNKNOWN,FULL_MIX_AND_STEM_MATCH,"[""DRUMS_00929""]",1
drums,FULL_MIX,F_MIX_01195,241.59201814058957,BASS_AND_DRUM_SUPPORTED,FULL_MIX_AND_STEM_MATCH,"[""DRUMS_00930""]",1
drums,FULL_MIX,F_MIX_01196,241.84743764172336,UNKNOWN,FULL_MIX_ONLY,[],0
drums,FULL_MIX,F_MIX_01197,241.963537414966,DRUM_SUPPORTED,FULL_MIX_AND_STEM_MATCH,"[""DRUMS_00931""]",1
drums,FULL_MIX,F_MIX_01198,242.2421768707483,UNKNOWN,FULL_MIX_AND_STEM_MATCH,"[""DRUMS_00932""]",1
drums,FULL_MIX,F_MIX_01199,242.34666666666666,DRUM_SUPPORTED,FULL_MIX_AND_STEM_MATCH,"[""DRUMS_00933""]",1
drums,FULL_MIX,F_MIX_01200,242.3931065759637,UNKNOWN,FULL_MIX_ONLY,[],0
drums,FULL_MIX,F_MIX_01201,242.59047619047618,UNKNOWN,FULL_MIX_ONLY,[],0
drums,FULL_MIX,F_MIX_01202,242.7181859410431,DRUM_SUPPORTED,FULL_MIX_AND_STEM_MATCH,"[""DRUMS_00934""]",1
drums,FULL_MIX,F_MIX_01203,242.98521541950115,UNKNOWN,FULL_MIX_AND_STEM_MATCH,"[""DRUMS_00935""]",1
drums,FULL_MIX,F_MIX_01204,243.3683446712018,UNKNOWN,FULL_MIX_ONLY,[],0
drums,FULL_MIX,F_MIX_01205,243.47283446712018,DRUM_SUPPORTED,FULL_MIX_AND_STEM_MATCH,"[""DRUMS_00937""]",1
drums,FULL_MIX,F_MIX_01206,243.72825396825397,DRUM_SUPPORTED,FULL_MIX_ONLY,[],0
drums,FULL_MIX,F_MIX_01207,243.85596371882087,DRUM_SUPPORTED,FULL_MIX_AND_STEM_MATCH,"[""DRUMS_00938""]",1
drums,FULL_MIX,F_MIX_01208,244.21587301587303,DRUM_SUPPORTED,FULL_MIX_AND_STEM_MATCH,"[""DRUMS_00940""]",1
drums,FULL_MIX,F_MIX_01209,244.49451247165533,UNKNOWN,FULL_MIX_AND_STEM_MATCH,"[""DRUMS_00941""]",1
drums,FULL_MIX,F_MIX_01210,244.99374149659863,DRUM_SUPPORTED,FULL_MIX_AND_STEM_MATCH,"[""DRUMS_00943""]",1
drums,FULL_MIX,F_MIX_01211,245.2607709750567,UNKNOWN,FULL_MIX_AND_STEM_MATCH,"[""DRUMS_00944""]",1
drums,FULL_MIX,F_MIX_01212,245.3536507936508,DRUM_SUPPORTED,FULL_MIX_AND_STEM_MATCH,"[""DRUMS_00945""]",1
drums,FULL_MIX,F_MIX_01213,245.539410430839,UNKNOWN,FULL_MIX_ONLY,[],0
drums,FULL_MIX,F_MIX_01214,245.73678004535148,DRUM_SUPPORTED,FULL_MIX_AND_STEM_MATCH,"[""DRUMS_00946""]",1
drums,FULL_MIX,F_MIX_01215,245.99219954648527,DRUM_SUPPORTED,FULL_MIX_AND_STEM_MATCH,"[""DRUMS_00947""]",1
drums,FULL_MIX,F_MIX_01216,246.11990929705215,BASS_AND_DRUM_SUPPORTED,FULL_MIX_ONLY,[],0
drums,FULL_MIX,F_MIX_01217,246.34049886621315,DRUM_SUPPORTED,FULL_MIX_AND_STEM_MATCH,"[""DRUMS_00948""]",1
drums,FULL_MIX,F_MIX_01218,246.50303854875284,DRUM_SUPPORTED,FULL_MIX_AND_STEM_MATCH,"[""DRUMS_00949""]",1
drums,FULL_MIX,F_MIX_01219,246.6075283446712,DRUM_SUPPORTED,FULL_MIX_AND_STEM_MATCH,"[""DRUMS_00950""]",1
drums,FULL_MIX,F_MIX_01220,246.75845804988663,UNKNOWN,FULL_MIX_ONLY,[],0
drums,FULL_MIX,F_MIX_01221,246.83972789115646,BASS_AND_DRUM_SUPPORTED,FULL_MIX_AND_STEM_MATCH,"[""DRUMS_00951""]",1
drums,FULL_MIX,F_MIX_01222,247.1067573696145,UNKNOWN,FULL_MIX_ONLY,[],0
drums,FULL_MIX,F_MIX_01223,247.2344671201814,DRUM_SUPPORTED,FULL_MIX_AND_STEM_MATCH,"[""DRUMS_00952""]",1
drums,FULL_MIX,F_MIX_01224,247.47827664399094,DRUM_SUPPORTED,FULL_MIX_AND_STEM_MATCH,"[""DRUMS_00953""]",1
drums,FULL_MIX,F_MIX_01225,247.5827664399093,BASS_AND_DRUM_SUPPORTED,FULL_MIX_AND_STEM_MATCH,"[""DRUMS_00954""]",1
drums,FULL_MIX,F_MIX_01226,247.9891156462585,DRUM_SUPPORTED,FULL_MIX_AND_STEM_MATCH,"[""DRUMS_00955""]",1
drums,FULL_MIX,F_MIX_01227,248.23292517006803,DRUM_SUPPORTED,FULL_MIX_ONLY,[],0
drums,FULL_MIX,F_MIX_01228,248.2677551020408,DRUM_SUPPORTED,FULL_MIX_AND_STEM_MATCH,"[""DRUMS_00956""]",1
drums,FULL_MIX,F_MIX_01229,248.3606349206349,BASS_AND_DRUM_SUPPORTED,FULL_MIX_AND_STEM_MATCH,"[""DRUMS_00957""]",1
drums,FULL_MIX,F_MIX_01230,248.5231746031746,UNKNOWN,FULL_MIX_ONLY,[],0
drums,FULL_MIX,F_MIX_01231,248.7437641723356,DRUM_SUPPORTED,FULL_MIX_AND_STEM_MATCH,"[""DRUMS_00958""]",1
drums,FULL_MIX,F_MIX_01232,248.9063038548753,UNKNOWN,FULL_MIX_ONLY,[],0
drums,FULL_MIX,F_MIX_01233,248.9991836734694,DRUM_SUPPORTED,FULL_MIX_AND_STEM_MATCH,"[""DRUMS_00959""]",1
drums,FULL_MIX,F_MIX_01234,249.11528344671203,BASS_AND_DRUM_SUPPORTED,FULL_MIX_AND_STEM_MATCH,"[""DRUMS_00960""]",1
drums,FULL_MIX,F_MIX_01235,249.30104308390023,UNKNOWN,FULL_MIX_ONLY,[],0
drums,FULL_MIX,F_MIX_01236,249.3707029478458,DRUM_SUPPORTED,FULL_MIX_AND_STEM_MATCH,"[""DRUMS_00961""]",1
drums,FULL_MIX,F_MIX_01237,249.48680272108842,BASS_AND_DRUM_SUPPORTED,FULL_MIX_AND_STEM_MATCH,"[""DRUMS_00962""]",1
drums,FULL_MIX,F_MIX_01238,249.73061224489797,DRUM_SUPPORTED,FULL_MIX_AND_STEM_MATCH,"[""DRUMS_00963""]",1
drums,FULL_MIX,F_MIX_01239,249.83510204081634,DRUM_SUPPORTED,FULL_MIX_AND_STEM_MATCH,"[""DRUMS_00964""]",1
drums,FULL_MIX,F_MIX_01240,250.20662131519273,DRUM_SUPPORTED,FULL_MIX_AND_STEM_MATCH,"[""DRUMS_00965""]",1
drums,FULL_MIX,F_MIX_01241,250.4736507936508,UNKNOWN,FULL_MIX_AND_STEM_MATCH,"[""DRUMS_00966""]",1
drums,FULL_MIX,F_MIX_01242,250.57814058956916,DRUM_SUPPORTED,FULL_MIX_AND_STEM_MATCH,"[""DRUMS_00967""]",1
drums,FULL_MIX,F_MIX_01243,250.88,UNKNOWN,FULL_MIX_ONLY,[],0
drums,FULL_MIX,F_MIX_01244,250.9728798185941,DRUM_SUPPORTED,FULL_MIX_AND_STEM_MATCH,"[""DRUMS_00968""]",1
drums,FULL_MIX,F_MIX_01245,251.23990929705215,UNKNOWN,FULL_MIX_AND_STEM_MATCH,"[""DRUMS_00969""]",1
drums,FULL_MIX,F_MIX_01246,251.33278911564625,DRUM_SUPPORTED,FULL_MIX_AND_STEM_MATCH,"[""DRUMS_00970""]",1
drums,FULL_MIX,F_MIX_01247,251.36761904761906,DRUM_SUPPORTED,FULL_MIX_ONLY,[],0
drums,FULL_MIX,F_MIX_01248,251.71591836734694,DRUM_SUPPORTED,FULL_MIX_AND_STEM_MATCH,"[""DRUMS_00971""]",1
drums,FULL_MIX,F_MIX_01249,251.8552380952381,UNKNOWN,FULL_MIX_ONLY,[],0
drums,FULL_MIX,F_MIX_01250,251.97133786848073,DRUM_SUPPORTED,FULL_MIX_AND_STEM_MATCH,"[""DRUMS_00972""]",1
drums,FULL_MIX,F_MIX_01251,252.08743764172337,BASS_AND_DRUM_SUPPORTED,FULL_MIX_AND_STEM_MATCH,"[""DRUMS_00973""]",1
drums,FULL_MIX,F_MIX_01252,252.2615873015873,DRUM_SUPPORTED,FULL_MIX_ONLY,[],0
drums,FULL_MIX,F_MIX_01253,252.45895691609977,DRUM_SUPPORTED,FULL_MIX_AND_STEM_MATCH,"[""DRUMS_00974""]",1
drums,FULL_MIX,F_MIX_01254,252.72598639455782,UNKNOWN,FULL_MIX_AND_STEM_MATCH,"[""DRUMS_00975""]",1
drums,FULL_MIX,F_MIX_01255,252.81886621315192,DRUM_SUPPORTED,FULL_MIX_ONLY,[],0
drums,FULL_MIX,F_MIX_01256,253.09750566893425,DRUM_SUPPORTED,FULL_MIX_AND_STEM_MATCH,"[""DRUMS_00976""]",1
drums,FULL_MIX,F_MIX_01257,253.20199546485262,DRUM_SUPPORTED,FULL_MIX_ONLY,[],0
drums,FULL_MIX,F_MIX_01258,253.56190476190477,DRUM_SUPPORTED,FULL_MIX_AND_STEM_MATCH,"[""DRUMS_00978""]",1
drums,FULL_MIX,F_MIX_01259,253.9566439909297,DRUM_SUPPORTED,FULL_MIX_AND_STEM_MATCH,"[""DRUMS_00979""]",1
drums,FULL_MIX,F_MIX_01260,254.2120634920635,DRUM_SUPPORTED,FULL_MIX_AND_STEM_MATCH,"[""DRUMS_00980""]",1
drums,FULL_MIX,F_MIX_01261,254.33977324263037,DRUM_SUPPORTED,FULL_MIX_ONLY,[],0
drums,FULL_MIX,F_MIX_01262,254.63002267573697,UNKNOWN,FULL_MIX_AND_STEM_MATCH,"[""DRUMS_00981""]",1
drums,FULL_MIX,F_MIX_01263,254.69968253968253,DRUM_SUPPORTED,FULL_MIX_AND_STEM_MATCH,"[""DRUMS_00982""]",1
drums,FULL_MIX,F_MIX_01264,254.98993197278912,DRUM_SUPPORTED,FULL_MIX_ONLY,[],0
drums,FULL_MIX,F_MIX_01265,255.3730612244898,DRUM_SUPPORTED,FULL_MIX_AND_STEM_MATCH,"[""DRUMS_00983""]",1
drums,FULL_MIX,F_MIX_01266,255.4659410430839,DRUM_SUPPORTED,FULL_MIX_AND_STEM_MATCH,"[""DRUMS_00984""]",1
drums,FULL_MIX,F_MIX_01267,255.75619047619048,UNKNOWN,FULL_MIX_AND_STEM_MATCH,"[""DRUMS_00985""]",1
drums,FULL_MIX,F_MIX_01268,255.8374603174603,DRUM_SUPPORTED,FULL_MIX_ONLY,[],0
drums,FULL_MIX,F_MIX_01269,256.1857596371882,DRUM_SUPPORTED,FULL_MIX_AND_STEM_MATCH,"[""DRUMS_00987""]",1
drums,FULL_MIX,F_MIX_01270,256.24380952380955,DRUM_SUPPORTED,FULL_MIX_AND_STEM_MATCH,"[""DRUMS_00988""]",1
drums,FULL_MIX,F_MIX_01271,256.5921088435374,DRUM_SUPPORTED,FULL_MIX_ONLY,[],0
drums,FULL_MIX,F_MIX_01272,256.6269387755102,DRUM_SUPPORTED,FULL_MIX_AND_STEM_MATCH,"[""DRUMS_00989""]",1
drums,FULL_MIX,F_MIX_01273,256.6965986394558,UNKNOWN,FULL_MIX_ONLY,[],0
drums,FULL_MIX,F_MIX_01274,256.97523809523807,DRUM_SUPPORTED,FULL_MIX_AND_STEM_MATCH,"[""DRUMS_00990""]",1
drums,FULL_MIX,F_MIX_01275,257.3583673469388,DRUM_SUPPORTED,FULL_MIX_AND_STEM_MATCH,"[""DRUMS_00991""]",1
drums,FULL_MIX,F_MIX_01276,257.39319727891154,DRUM_SUPPORTED,FULL_MIX_ONLY,[],0
drums,FULL_MIX,F_MIX_01277,257.7298866213152,DRUM_SUPPORTED,FULL_MIX_AND_STEM_MATCH,"[""DRUMS_00992""]",1
drums,FULL_MIX,F_MIX_01278,258.02013605442176,DRUM_SUPPORTED,FULL_MIX_ONLY,[],0
drums,FULL_MIX,F_MIX_01279,258.0781859410431,UNKNOWN,FULL_MIX_AND_STEM_MATCH,"[""DRUMS_00993""]",1
drums,FULL_MIX,F_MIX_01280,258.4497052154195,DRUM_SUPPORTED,FULL_MIX_ONLY,[],0
drums,FULL_MIX,F_MIX_01281,258.4845351473923,DRUM_SUPPORTED,FULL_MIX_AND_STEM_MATCH,"[""DRUMS_00994""]",1
drums,FULL_MIX,F_MIX_01282,258.7631746031746,UNKNOWN,FULL_MIX_AND_STEM_MATCH,"[""DRUMS_00995""]",1
drums,FULL_MIX,F_MIX_01283,258.83283446712016,DRUM_SUPPORTED,FULL_MIX_AND_STEM_MATCH,"[""DRUMS_00996""]",1
drums,FULL_MIX,F_MIX_01284,259.12308390022673,UNKNOWN,FULL_MIX_ONLY,[],0
drums,FULL_MIX,F_MIX_01285,259.2043537414966,DRUM_SUPPORTED,FULL_MIX_AND_STEM_MATCH,"[""DRUMS_00997""]",1
drums,FULL_MIX,F_MIX_01286,259.4946031746032,DRUM_SUPPORTED,FULL_MIX_AND_STEM_MATCH,"[""DRUMS_00998""]",1
drums,FULL_MIX,F_MIX_01287,259.575873015873,DRUM_SUPPORTED,FULL_MIX_AND_STEM_MATCH,"[""DRUMS_00999""]",1
drums,FULL_MIX,F_MIX_01288,259.7616326530612,UNKNOWN,FULL_MIX_ONLY,[],0
drums,FULL_MIX,F_MIX_01289,259.8545124716553,DRUM_SUPPORTED,FULL_MIX_AND_STEM_MATCH,"[""DRUMS_01000""]",1
drums,FULL_MIX,F_MIX_01290,259.9473922902494,DRUM_SUPPORTED,FULL_MIX_AND_STEM_MATCH,"[""DRUMS_01001""]",1
drums,FULL_MIX,F_MIX_01291,260.23764172335603,UNKNOWN,FULL_MIX_ONLY,[],0
drums,FULL_MIX,F_MIX_01292,260.3073015873016,DRUM_SUPPORTED,FULL_MIX_AND_STEM_MATCH,"[""DRUMS_01002""]",1
drums,FULL_MIX,F_MIX_01293,260.59755102040816,UNKNOWN,FULL_MIX_ONLY,[],0
drums,FULL_MIX,F_MIX_01294,260.678820861678,DRUM_SUPPORTED,FULL_MIX_AND_STEM_MATCH,"[""DRUMS_01003""]",1
drums,FULL_MIX,F_MIX_01295,260.9806802721088,DRUM_SUPPORTED,FULL_MIX_AND_STEM_MATCH,"[""DRUMS_01004""]",1
drums,FULL_MIX,F_MIX_01296,261.05034013605444,DRUM_SUPPORTED,FULL_MIX_AND_STEM_MATCH,"[""DRUMS_01005""]",1
drums,FULL_MIX,F_MIX_01297,261.0851700680272,DRUM_SUPPORTED,FULL_MIX_ONLY,[],0
drums,FULL_MIX,F_MIX_01298,261.41024943310657,DRUM_SUPPORTED,FULL_MIX_AND_STEM_MATCH,"[""DRUMS_01006""]",1
drums,FULL_MIX,F_MIX_01299,261.70049886621314,UNKNOWN,FULL_MIX_ONLY,[],0
drums,FULL_MIX,F_MIX_01300,261.77015873015876,DRUM_SUPPORTED,FULL_MIX_AND_STEM_MATCH,"[""DRUMS_01007""]",1
drums,FULL_MIX,F_MIX_01301,261.9675283446712,UNKNOWN,FULL_MIX_ONLY,[],0
drums,FULL_MIX,F_MIX_01302,262.04879818594105,DRUM_SUPPORTED,FULL_MIX_AND_STEM_MATCH,"[""DRUMS_01008""]",1
drums,FULL_MIX,F_MIX_01303,262.32743764172335,UNKNOWN,FULL_MIX_ONLY,[],0
drums,FULL_MIX,F_MIX_01304,262.443537414966,UNKNOWN,FULL_MIX_ONLY,[],0
drums,FULL_MIX,F_MIX_01305,262.51319727891155,DRUM_SUPPORTED,FULL_MIX_AND_STEM_MATCH,"[""DRUMS_01009""]",1
drums,FULL_MIX,F_MIX_01306,262.78022675736963,UNKNOWN,FULL_MIX_ONLY,[],0
drums,FULL_MIX,F_MIX_01307,262.884716553288,DRUM_SUPPORTED,FULL_MIX_AND_STEM_MATCH,"[""DRUMS_01010""]",1
drums,FULL_MIX,F_MIX_01308,263.15174603174603,DRUM_SUPPORTED,FULL_MIX_ONLY,[],0
drums,FULL_MIX,F_MIX_01309,263.5232653061224,DRUM_SUPPORTED,FULL_MIX_AND_STEM_MATCH,"[""DRUMS_01012""]",1
drums,FULL_MIX,F_MIX_01310,263.6161451247166,DRUM_SUPPORTED,FULL_MIX_AND_STEM_MATCH,"[""DRUMS_01013""]",1
drums,FULL_MIX,F_MIX_01311,263.8831746031746,DRUM_SUPPORTED,FULL_MIX_ONLY,[],0
drums,FULL_MIX,F_MIX_01312,264.3243537414966,DRUM_SUPPORTED,FULL_MIX_AND_STEM_MATCH,"[""DRUMS_01016""]",1
drums,FULL_MIX,F_MIX_01313,264.59138321995465,UNKNOWN,FULL_MIX_ONLY,[],0
drums,FULL_MIX,F_MIX_01314,264.695873015873,DRUM_SUPPORTED,FULL_MIX_AND_STEM_MATCH,"[""DRUMS_01018""]",1
drums,FULL_MIX,F_MIX_01315,264.96290249433105,DRUM_SUPPORTED,FULL_MIX_AND_STEM_MATCH,"[""DRUMS_01019""]",1
drums,FULL_MIX,F_MIX_01316,265.05578231292515,DRUM_SUPPORTED,FULL_MIX_AND_STEM_MATCH,"[""DRUMS_01020""]",1
drums,FULL_MIX,F_MIX_01317,265.31120181405896,DRUM_SUPPORTED,FULL_MIX_AND_STEM_MATCH,"[""DRUMS_01021""]",1
drums,FULL_MIX,F_MIX_01318,265.41569160997733,DRUM_SUPPORTED,FULL_MIX_AND_STEM_MATCH,"[""DRUMS_01022""]",1
drums,FULL_MIX,F_MIX_01319,265.6711111111111,DRUM_SUPPORTED,FULL_MIX_AND_STEM_MATCH,"[""DRUMS_01023""]",1
drums,FULL_MIX,F_MIX_01320,265.7872108843537,DRUM_SUPPORTED,FULL_MIX_AND_STEM_MATCH,"[""DRUMS_01024""]",1
drums,FULL_MIX,F_MIX_01321,266.0310204081633,DRUM_SUPPORTED,FULL_MIX_ONLY,[],0
drums,FULL_MIX,F_MIX_01322,266.13551020408164,DRUM_SUPPORTED,FULL_MIX_AND_STEM_MATCH,"[""DRUMS_01025""]",1
drums,FULL_MIX,F_MIX_01323,266.40253968253967,DRUM_SUPPORTED,FULL_MIX_AND_STEM_MATCH,"[""DRUMS_01026""]",1
drums,FULL_MIX,F_MIX_01324,266.5302494331066,DRUM_SUPPORTED,FULL_MIX_AND_STEM_MATCH,"[""DRUMS_01027""]",1
drums,FULL_MIX,F_MIX_01325,266.7740589569161,UNKNOWN,FULL_MIX_AND_STEM_MATCH,"[""DRUMS_01028""]",1
drums,FULL_MIX,F_MIX_01326,266.8785487528345,DRUM_SUPPORTED,FULL_MIX_AND_STEM_MATCH,"[""DRUMS_01029""]",1
drums,FULL_MIX,F_MIX_01327,267.1455782312925,DRUM_SUPPORTED,FULL_MIX_AND_STEM_MATCH,"[""DRUMS_01030""]",1
drums,FULL_MIX,F_MIX_01328,267.2732879818594,DRUM_SUPPORTED,FULL_MIX_AND_STEM_MATCH,"[""DRUMS_01031""]",1
drums,FULL_MIX,F_MIX_01329,267.50548752834464,DRUM_SUPPORTED,FULL_MIX_AND_STEM_MATCH,"[""DRUMS_01032""]",1
drums,FULL_MIX,F_MIX_01330,267.6215873015873,DRUM_SUPPORTED,FULL_MIX_AND_STEM_MATCH,"[""DRUMS_01033""]",1
drums,FULL_MIX,F_MIX_01331,267.8770068027211,DRUM_SUPPORTED,FULL_MIX_AND_STEM_MATCH,"[""DRUMS_01034""]",1
drums,FULL_MIX,F_MIX_01332,268.35301587301586,UNKNOWN,FULL_MIX_ONLY,[],0
drums,FULL_MIX,F_MIX_01333,268.62004535147395,UNKNOWN,FULL_MIX_AND_STEM_MATCH,"[""DRUMS_01035""]",1
drums,FULL_MIX,F_MIX_01334,268.73614512471653,DRUM_SUPPORTED,FULL_MIX_AND_STEM_MATCH,"[""DRUMS_01036""]",1
drums,FULL_MIX,F_MIX_01335,269.04961451247163,UNKNOWN,FULL_MIX_ONLY,[],0
drums,FULL_MIX,F_MIX_01336,269.107664399093,DRUM_SUPPORTED,FULL_MIX_AND_STEM_MATCH,"[""DRUMS_01037""]",1
drums,FULL_MIX,F_MIX_01337,269.5140136054422,DRUM_SUPPORTED,FULL_MIX_AND_STEM_MATCH,"[""DRUMS_01038""]",1
drums,FULL_MIX,F_MIX_01338,269.7229931972789,UNKNOWN,FULL_MIX_ONLY,[],0
drums,FULL_MIX,F_MIX_01339,269.7926530612245,UNKNOWN,FULL_MIX_ONLY,[],0
drums,FULL_MIX,F_MIX_01340,269.8855328798186,DRUM_SUPPORTED,FULL_MIX_AND_STEM_MATCH,"[""DRUMS_01039""]",1
drums,FULL_MIX,F_MIX_01341,270.02485260770976,UNKNOWN,FULL_MIX_ONLY,[],0
drums,FULL_MIX,F_MIX_01342,270.17578231292515,UNKNOWN,FULL_MIX_ONLY,[],0
drums,FULL_MIX,F_MIX_01343,270.2802721088435,DRUM_SUPPORTED,FULL_MIX_AND_STEM_MATCH,"[""DRUMS_01040""]",1
drums,FULL_MIX,F_MIX_01344,270.43120181405897,UNKNOWN,FULL_MIX_ONLY,[],0
drums,FULL_MIX,F_MIX_01345,270.52408163265306,BASS_SUPPORTED,FULL_MIX_ONLY,[],0
drums,FULL_MIX,F_MIX_01346,270.65179138322,DRUM_SUPPORTED,FULL_MIX_AND_STEM_MATCH,"[""DRUMS_01041""]",1
drums,FULL_MIX,F_MIX_01347,270.8607709750567,BASS_AND_DRUM_SUPPORTED,FULL_MIX_ONLY,[],0
drums,FULL_MIX,F_MIX_01348,271.11619047619047,DRUM_SUPPORTED,FULL_MIX_AND_STEM_MATCH,"[""DRUMS_01044""]",1
drums,FULL_MIX,F_MIX_01349,271.2671201814059,UNKNOWN,FULL_MIX_ONLY,[],0
drums,FULL_MIX,F_MIX_01350,271.36,BASS_AND_DRUM_SUPPORTED,FULL_MIX_AND_STEM_MATCH,"[""DRUMS_01045""]",1
drums,FULL_MIX,F_MIX_01351,271.75473922902495,DRUM_SUPPORTED,FULL_MIX_AND_STEM_MATCH,"[""DRUMS_01046""]",1
drums,FULL_MIX,F_MIX_01352,272.0101587301587,DRUM_SUPPORTED,FULL_MIX_ONLY,[],0
drums,FULL_MIX,F_MIX_01353,272.1146485260771,BASS_AND_DRUM_SUPPORTED,FULL_MIX_AND_STEM_MATCH,"[""DRUMS_01047""]",1
drums,FULL_MIX,F_MIX_01354,272.19591836734696,UNKNOWN,FULL_MIX_ONLY,[],0
drums,FULL_MIX,F_MIX_01355,272.5209977324263,DRUM_SUPPORTED,FULL_MIX_AND_STEM_MATCH,"[""DRUMS_01048""]",1
drums,FULL_MIX,F_MIX_01356,272.78802721088437,DRUM_SUPPORTED,FULL_MIX_AND_STEM_MATCH,"[""DRUMS_01049""]",1
drums,FULL_MIX,F_MIX_01357,272.89251700680273,BASS_AND_DRUM_SUPPORTED,FULL_MIX_AND_STEM_MATCH,"[""DRUMS_01050""]",1
drums,FULL_MIX,F_MIX_01358,273.26403628117913,BASS_AND_DRUM_SUPPORTED,FULL_MIX_AND_STEM_MATCH,"[""DRUMS_01051""]",1
drums,FULL_MIX,F_MIX_01359,273.5078458049887,DRUM_SUPPORTED,FULL_MIX_AND_STEM_MATCH,"[""DRUMS_01052""]",1
drums,FULL_MIX,F_MIX_01360,273.6239455782313,BASS_AND_DRUM_SUPPORTED,FULL_MIX_AND_STEM_MATCH,"[""DRUMS_01053""]",1
drums,FULL_MIX,F_MIX_01361,273.89097505668934,BASS_AND_DRUM_SUPPORTED,FULL_MIX_AND_STEM_MATCH,"[""DRUMS_01054""]",1
drums,FULL_MIX,F_MIX_01362,274.007074829932,BASS_AND_DRUM_SUPPORTED,FULL_MIX_AND_STEM_MATCH,"[""DRUMS_01055""]",1
drums,FULL_MIX,F_MIX_01363,274.27410430839,UNKNOWN,FULL_MIX_ONLY,[],0
drums,FULL_MIX,F_MIX_01364,274.35537414965984,BASS_AND_DRUM_SUPPORTED,FULL_MIX_ONLY,[],0
drums,FULL_MIX,F_MIX_01365,274.75011337868483,DRUM_SUPPORTED,FULL_MIX_AND_STEM_MATCH,"[""DRUMS_01056""]",1
drums,FULL_MIX,F_MIX_01366,275.01714285714286,UNKNOWN,FULL_MIX_ONLY,[],0
drums,FULL_MIX,F_MIX_01367,275.1216326530612,BASS_AND_DRUM_SUPPORTED,FULL_MIX_AND_STEM_MATCH,"[""DRUMS_01057""]",1
drums,FULL_MIX,F_MIX_01368,275.1796825396825,UNKNOWN,FULL_MIX_ONLY,[],0
drums,FULL_MIX,F_MIX_01369,275.51637188208616,DRUM_SUPPORTED,FULL_MIX_AND_STEM_MATCH,"[""DRUMS_01058""]",1
drums,FULL_MIX,F_MIX_01370,275.79501133786846,UNKNOWN,FULL_MIX_AND_STEM_MATCH,"[""DRUMS_01059""]",1
drums,FULL_MIX,F_MIX_01371,275.8995011337868,BASS_AND_DRUM_SUPPORTED,FULL_MIX_AND_STEM_MATCH,"[""DRUMS_01060""]",1
drums,FULL_MIX,F_MIX_01372,276.259410430839,DRUM_SUPPORTED,FULL_MIX_AND_STEM_MATCH,"[""DRUMS_01061""]",1
drums,FULL_MIX,F_MIX_01373,276.52643990929704,UNKNOWN,FULL_MIX_AND_STEM_MATCH,"[""DRUMS_01062""]",1
drums,FULL_MIX,F_MIX_01374,276.6309297052154,BASS_AND_DRUM_SUPPORTED,FULL_MIX_AND_STEM_MATCH,"[""DRUMS_01063""]",1
drums,FULL_MIX,F_MIX_01375,276.9095691609977,DRUM_SUPPORTED,FULL_MIX_AND_STEM_MATCH,"[""DRUMS_01064""]",1
drums,FULL_MIX,F_MIX_01376,277.0140589569161,DRUM_SUPPORTED,FULL_MIX_AND_STEM_MATCH,"[""DRUMS_01065""]",1
drums,FULL_MIX,F_MIX_01377,277.2694784580499,DRUM_SUPPORTED,FULL_MIX_AND_STEM_MATCH,"[""DRUMS_01066""]",1
drums,FULL_MIX,F_MIX_01378,277.362358276644,BASS_AND_DRUM_SUPPORTED,FULL_MIX_ONLY,[],0
drums,FULL_MIX,F_MIX_01379,277.74548752834465,DRUM_SUPPORTED,FULL_MIX_AND_STEM_MATCH,"[""DRUMS_01067""]",1
drums,FULL_MIX,F_MIX_01380,278.00090702947847,UNKNOWN,FULL_MIX_AND_STEM_MATCH,"[""DRUMS_01068""]",1
drums,FULL_MIX,F_MIX_01381,278.10539682539684,DRUM_SUPPORTED,FULL_MIX_AND_STEM_MATCH,"[""DRUMS_01069""]",1
drums,FULL_MIX,F_MIX_01382,278.4885260770975,DRUM_SUPPORTED,FULL_MIX_AND_STEM_MATCH,"[""DRUMS_01070""]",1
drums,FULL_MIX,F_MIX_01383,278.7439455782313,DRUM_SUPPORTED,FULL_MIX_AND_STEM_MATCH,"[""DRUMS_01071""]",1
drums,FULL_MIX,F_MIX_01384,278.8484353741497,BASS_AND_DRUM_SUPPORTED,FULL_MIX_AND_STEM_MATCH,"[""DRUMS_01072""]",1
drums,FULL_MIX,F_MIX_01385,279.1154648526077,UNKNOWN,FULL_MIX_ONLY,[],0
drums,FULL_MIX,F_MIX_01386,279.23156462585035,DRUM_SUPPORTED,FULL_MIX_AND_STEM_MATCH,"[""DRUMS_01073""]",1
drums,FULL_MIX,F_MIX_01387,279.4869841269841,UNKNOWN,FULL_MIX_ONLY,[],0
drums,FULL_MIX,F_MIX_01388,279.5798639455782,DRUM_SUPPORTED,FULL_MIX_AND_STEM_MATCH,"[""DRUMS_01074""]",1
drums,FULL_MIX,F_MIX_01389,279.8468934240363,UNKNOWN,FULL_MIX_AND_STEM_MATCH,"[""DRUMS_01075""]",1
drums,FULL_MIX,F_MIX_01390,279.97460317460315,DRUM_SUPPORTED,FULL_MIX_ONLY,[],0
drums,FULL_MIX,F_MIX_01391,280.2532426303855,UNKNOWN,FULL_MIX_ONLY,[],0
drums,FULL_MIX,F_MIX_01392,280.3112925170068,DRUM_SUPPORTED,FULL_MIX_AND_STEM_MATCH,"[""DRUMS_01076""]",1
drums,FULL_MIX,F_MIX_01393,280.7060317460317,DRUM_SUPPORTED,FULL_MIX_AND_STEM_MATCH,"[""DRUMS_01077""]",1
drums,FULL_MIX,F_MIX_01394,281.0659410430839,DRUM_SUPPORTED,FULL_MIX_AND_STEM_MATCH,"[""DRUMS_01078""]",1
drums,FULL_MIX,F_MIX_01395,281.2633106575964,UNKNOWN,FULL_MIX_ONLY,[],0
drums,FULL_MIX,F_MIX_01396,281.4374603174603,DRUM_SUPPORTED,FULL_MIX_AND_STEM_MATCH,"[""DRUMS_01079""]",1
drums,FULL_MIX,F_MIX_01397,281.7625396825397,UNKNOWN,FULL_MIX_ONLY,[],0
drums,FULL_MIX,F_MIX_01398,281.80897959183676,DRUM_SUPPORTED,FULL_MIX_AND_STEM_MATCH,"[""DRUMS_01080""]",1
drums,FULL_MIX,F_MIX_01399,282.18049886621316,DRUM_SUPPORTED,FULL_MIX_AND_STEM_MATCH,"[""DRUMS_01081""]",1
drums,FULL_MIX,F_MIX_01400,282.5404081632653,DRUM_SUPPORTED,FULL_MIX_AND_STEM_MATCH,"[""DRUMS_01082""]",1
drums,FULL_MIX,F_MIX_01401,282.8538775510204,UNKNOWN,FULL_MIX_ONLY,[],0
drums,FULL_MIX,F_MIX_01402,282.91192743764174,DRUM_SUPPORTED,FULL_MIX_AND_STEM_MATCH,"[""DRUMS_01083""]",1
drums,FULL_MIX,F_MIX_01403,283.17895691609976,UNKNOWN,FULL_MIX_ONLY,[],0
drums,FULL_MIX,F_MIX_01404,283.2137868480726,UNKNOWN,FULL_MIX_AND_STEM_MATCH,"[""DRUMS_01084""]",1
drums,FULL_MIX,F_MIX_01405,283.2950566893424,BASS_AND_DRUM_SUPPORTED,FULL_MIX_AND_STEM_MATCH,"[""DRUMS_01085""]",1
drums,FULL_MIX,F_MIX_01406,283.4227664399093,UNKNOWN,FULL_MIX_ONLY,[],0
drums,FULL_MIX,F_MIX_01407,283.58530612244897,UNKNOWN,FULL_MIX_ONLY,[],0
drums,FULL_MIX,F_MIX_01408,283.6433560090703,BASS_AND_DRUM_SUPPORTED,FULL_MIX_AND_STEM_MATCH,"[""DRUMS_01086""]",1
drums,FULL_MIX,F_MIX_01409,283.9568253968254,UNKNOWN,FULL_MIX_ONLY,[],0
drums,FULL_MIX,F_MIX_01410,284.0148752834467,BASS_AND_DRUM_SUPPORTED,FULL_MIX_AND_STEM_MATCH,"[""DRUMS_01087""]",1
drums,FULL_MIX,F_MIX_01411,284.3051247165533,UNKNOWN,FULL_MIX_ONLY,[],0
drums,FULL_MIX,F_MIX_01412,284.3863945578231,BASS_AND_DRUM_SUPPORTED,FULL_MIX_AND_STEM_MATCH,"[""DRUMS_01088""]",1
drums,FULL_MIX,F_MIX_01413,284.67664399092973,UNKNOWN,FULL_MIX_AND_STEM_MATCH,"[""DRUMS_01089""]",1
drums,FULL_MIX,F_MIX_01414,284.7463038548753,BASS_AND_DRUM_SUPPORTED,FULL_MIX_AND_STEM_MATCH,"[""DRUMS_01090""]",1
drums,FULL_MIX,F_MIX_01415,285.0597732426304,DRUM_SUPPORTED,FULL_MIX_ONLY,[],0
drums,FULL_MIX,F_MIX_01416,285.1062131519274,DRUM_SUPPORTED,FULL_MIX_AND_STEM_MATCH,"[""DRUMS_01091""]",1
drums,FULL_MIX,F_MIX_01417,285.4777324263039,DRUM_SUPPORTED,FULL_MIX_AND_STEM_MATCH,"[""DRUMS_01092""]",1
drums,FULL_MIX,F_MIX_01418,285.75637188208617,UNKNOWN,FULL_MIX_ONLY,[],0
drums,FULL_MIX,F_MIX_01419,285.84925170068027,DRUM_SUPPORTED,FULL_MIX_AND_STEM_MATCH,"[""DRUMS_01093""]",1
drums,FULL_MIX,F_MIX_01420,286.20916099773245,DRUM_SUPPORTED,FULL_MIX_AND_STEM_MATCH,"[""DRUMS_01094""]",1
drums,FULL_MIX,F_MIX_01421,286.2556009070295,UNKNOWN,FULL_MIX_ONLY,[],0
drums,FULL_MIX,F_MIX_01422,286.5690702947846,DRUM_SUPPORTED,FULL_MIX_AND_STEM_MATCH,"[""DRUMS_01095""]",1
drums,FULL_MIX,F_MIX_01423,286.85931972789115,UNKNOWN,FULL_MIX_ONLY,[],0
drums,FULL_MIX,F_MIX_01424,286.940589569161,DRUM_SUPPORTED,FULL_MIX_AND_STEM_MATCH,"[""DRUMS_01096""]",1
drums,FULL_MIX,F_MIX_01425,287.0915192743764,UNKNOWN,FULL_MIX_ONLY,[],0
drums,FULL_MIX,F_MIX_01426,287.2888888888889,DRUM_SUPPORTED,FULL_MIX_ONLY,[],0
drums,FULL_MIX,F_MIX_01427,287.3237188208617,DRUM_SUPPORTED,FULL_MIX_AND_STEM_MATCH,"[""DRUMS_01097""]",1
drums,FULL_MIX,F_MIX_01428,287.67201814058956,DRUM_SUPPORTED,FULL_MIX_AND_STEM_MATCH,"[""DRUMS_01098""]",1
drums,FULL_MIX,F_MIX_01429,288.0203174603175,DRUM_SUPPORTED,FULL_MIX_AND_STEM_MATCH,"[""DRUMS_01099""]",1
drums,FULL_MIX,F_MIX_01430,288.3802267573696,DRUM_SUPPORTED,FULL_MIX_AND_STEM_MATCH,"[""DRUMS_01100""]",1
drums,FULL_MIX,F_MIX_01431,288.57759637188207,UNKNOWN,FULL_MIX_AND_STEM_MATCH,"[""DRUMS_01101""]",1
drums,FULL_MIX,F_MIX_01432,288.68208616780043,UNKNOWN,FULL_MIX_ONLY,[],0
drums,FULL_MIX,F_MIX_01433,288.7401360544218,DRUM_SUPPORTED,FULL_MIX_AND_STEM_MATCH,"[""DRUMS_01102""]",1
drums,FULL_MIX,F_MIX_01434,289.0187755102041,DRUM_SUPPORTED,FULL_MIX_ONLY,[],0
drums,FULL_MIX,F_MIX_01435,289.40190476190475,UNKNOWN,FULL_MIX_ONLY,[],0
drums,FULL_MIX,F_MIX_01436,289.47156462585036,DRUM_SUPPORTED,FULL_MIX_AND_STEM_MATCH,"[""DRUMS_01104""]",1
drums,FULL_MIX,F_MIX_01437,289.75020408163266,UNKNOWN,FULL_MIX_ONLY,[],0
drums,FULL_MIX,F_MIX_01438,289.84308390022676,DRUM_SUPPORTED,FULL_MIX_AND_STEM_MATCH,"[""DRUMS_01105""]",1
drums,FULL_MIX,F_MIX_01439,290.12172335600906,UNKNOWN,FULL_MIX_ONLY,[],0
drums,FULL_MIX,F_MIX_01440,290.1913832199547,DRUM_SUPPORTED,FULL_MIX_AND_STEM_MATCH,"[""DRUMS_01106""]",1
drums,FULL_MIX,F_MIX_01441,290.4932426303855,DRUM_SUPPORTED,FULL_MIX_AND_STEM_MATCH,"[""DRUMS_01107""]",1
drums,FULL_MIX,F_MIX_01442,290.57451247165534,DRUM_SUPPORTED,FULL_MIX_AND_STEM_MATCH,"[""DRUMS_01108""]",1
drums,FULL_MIX,F_MIX_01443,290.9228117913832,DRUM_SUPPORTED,FULL_MIX_AND_STEM_MATCH,"[""DRUMS_01109""]",1
drums,FULL_MIX,F_MIX_01444,291.29433106575965,DRUM_SUPPORTED,FULL_MIX_AND_STEM_MATCH,"[""DRUMS_01110""]",1
drums,FULL_MIX,F_MIX_01445,291.57297052154195,UNKNOWN,FULL_MIX_ONLY,[],0
drums,FULL_MIX,F_MIX_01446,291.6542403628118,DRUM_SUPPORTED,FULL_MIX_AND_STEM_MATCH,"[""DRUMS_01111""]",1
drums,FULL_MIX,F_MIX_01447,291.94448979591834,UNKNOWN,FULL_MIX_ONLY,[],0
drums,FULL_MIX,F_MIX_01448,292.02575963718823,DRUM_SUPPORTED,FULL_MIX_AND_STEM_MATCH,"[""DRUMS_01112""]",1
drums,FULL_MIX,F_MIX_01449,292.3972789115646,DRUM_SUPPORTED,FULL_MIX_AND_STEM_MATCH,"[""DRUMS_01113""]",1
drums,FULL_MIX,F_MIX_01450,292.6875283446712,DRUM_SUPPORTED,FULL_MIX_AND_STEM_MATCH,"[""DRUMS_01114""]",1
drums,FULL_MIX,F_MIX_01451,292.768798185941,DRUM_SUPPORTED,FULL_MIX_AND_STEM_MATCH,"[""DRUMS_01115""]",1
drums,FULL_MIX,F_MIX_01452,293.0358276643991,UNKNOWN,FULL_MIX_ONLY,[],0
drums,FULL_MIX,F_MIX_01453,293.1287074829932,DRUM_SUPPORTED,FULL_MIX_AND_STEM_MATCH,"[""DRUMS_01116""]",1
drums,FULL_MIX,F_MIX_01454,293.4073469387755,UNKNOWN,FULL_MIX_ONLY,[],0
drums,FULL_MIX,F_MIX_01455,293.48861678004533,DRUM_SUPPORTED,FULL_MIX_AND_STEM_MATCH,"[""DRUMS_01117""]",1
drums,FULL_MIX,F_MIX_01456,293.8485260770975,DRUM_SUPPORTED,FULL_MIX_AND_STEM_MATCH,"[""DRUMS_01118""]",1
drums,FULL_MIX,F_MIX_01457,294.11555555555555,UNKNOWN,FULL_MIX_ONLY,[],0
drums,FULL_MIX,F_MIX_01458,294.2200453514739,DRUM_SUPPORTED,FULL_MIX_AND_STEM_MATCH,"[""DRUMS_01119""]",1
drums,FULL_MIX,F_MIX_01459,294.46385487528346,UNKNOWN,FULL_MIX_ONLY,[],0
drums,FULL_MIX,F_MIX_01460,294.5799546485261,DRUM_SUPPORTED,FULL_MIX_AND_STEM_MATCH,"[""DRUMS_01120""]",1
drums,FULL_MIX,F_MIX_01461,294.8585941043084,DRUM_SUPPORTED,FULL_MIX_ONLY,[],0
drums,FULL_MIX,F_MIX_01462,294.9514739229025,DRUM_SUPPORTED,FULL_MIX_AND_STEM_MATCH,"[""DRUMS_01121""]",1
drums,FULL_MIX,F_MIX_01463,295.3229931972789,BASS_AND_DRUM_SUPPORTED,FULL_MIX_AND_STEM_MATCH,"[""DRUMS_01122""]",1
drums,FULL_MIX,F_MIX_01464,295.47392290249434,UNKNOWN,FULL_MIX_ONLY,[],0
drums,FULL_MIX,F_MIX_01465,295.6712925170068,BASS_AND_DRUM_SUPPORTED,FULL_MIX_AND_STEM_MATCH,"[""DRUMS_01124""]",1
drums,FULL_MIX,F_MIX_01466,295.7177324263039,UNKNOWN,FULL_MIX_ONLY,[],0
drums,FULL_MIX,F_MIX_01467,296.03120181405893,BASS_AND_DRUM_SUPPORTED,FULL_MIX_AND_STEM_MATCH,"[""DRUMS_01125""]",1
drums,FULL_MIX,F_MIX_01468,296.32145124716556,UNKNOWN,FULL_MIX_AND_STEM_MATCH,"[""DRUMS_01127""]",1
drums,FULL_MIX,F_MIX_01469,296.41433106575965,DRUM_SUPPORTED,FULL_MIX_AND_STEM_MATCH,"[""DRUMS_01128""]",1
drums,FULL_MIX,F_MIX_01470,296.7742403628118,BASS_AND_DRUM_SUPPORTED,FULL_MIX_AND_STEM_MATCH,"[""DRUMS_01129""]",1
drums,FULL_MIX,F_MIX_01471,297.0528798185941,DRUM_SUPPORTED,FULL_MIX_AND_STEM_MATCH,"[""DRUMS_01130""]",1
drums,FULL_MIX,F_MIX_01472,297.13414965986397,DRUM_SUPPORTED,FULL_MIX_AND_STEM_MATCH,"[""DRUMS_01131""]",1
drums,FULL_MIX,F_MIX_01473,297.44761904761907,DRUM_SUPPORTED,FULL_MIX_ONLY,[],0
drums,FULL_MIX,F_MIX_01474,297.4940589569161,DRUM_SUPPORTED,FULL_MIX_AND_STEM_MATCH,"[""DRUMS_01132""]",1
drums,FULL_MIX,F_MIX_01475,297.6565986394558,UNKNOWN,FULL_MIX_ONLY,[],0
drums,FULL_MIX,F_MIX_01476,297.7146485260771,UNKNOWN,FULL_MIX_AND_STEM_MATCH,"[""DRUMS_01133""]",1
drums,FULL_MIX,F_MIX_01477,297.7610884353742,UNKNOWN,FULL_MIX_ONLY,[],0
drums,FULL_MIX,F_MIX_01478,298.23709750566894,DRUM_SUPPORTED,FULL_MIX_AND_STEM_MATCH,"[""DRUMS_01135""]",1
drums,FULL_MIX,F_MIX_01479,298.5273469387755,UNKNOWN,FULL_MIX_ONLY,[],0
drums,FULL_MIX,F_MIX_01480,298.6202267573696,BASS_AND_DRUM_SUPPORTED,FULL_MIX_AND_STEM_MATCH,"[""DRUMS_01136""]",1
drums,FULL_MIX,F_MIX_01481,298.9104761904762,UNKNOWN,FULL_MIX_ONLY,[],0
drums,FULL_MIX,F_MIX_01482,298.9685260770975,DRUM_SUPPORTED,FULL_MIX_AND_STEM_MATCH,"[""DRUMS_01137""]",1
drums,FULL_MIX,F_MIX_01483,299.2587755102041,DRUM_SUPPORTED,FULL_MIX_AND_STEM_MATCH,"[""DRUMS_01138""]",1
drums,FULL_MIX,F_MIX_01484,299.3400453514739,BASS_AND_DRUM_SUPPORTED,FULL_MIX_AND_STEM_MATCH,"[""DRUMS_01139""]",1
drums,FULL_MIX,F_MIX_01485,299.4097052154195,UNKNOWN,FULL_MIX_ONLY,[],0
drums,FULL_MIX,F_MIX_01486,299.6651247165533,DRUM_SUPPORTED,FULL_MIX_ONLY,[],0
drums,FULL_MIX,F_MIX_01487,299.6999546485261,BASS_AND_DRUM_SUPPORTED,FULL_MIX_AND_STEM_MATCH,"[""DRUMS_01140""]",1
drums,FULL_MIX,F_MIX_01488,300.0714739229025,DRUM_SUPPORTED,FULL_MIX_AND_STEM_MATCH,"[""DRUMS_01141""]",1
drums,FULL_MIX,F_MIX_01489,300.3501133786848,UNKNOWN,FULL_MIX_ONLY,[],0
drums,FULL_MIX,F_MIX_01490,300.3849433106576,DRUM_SUPPORTED,FULL_MIX_ONLY,[],0
drums,FULL_MIX,F_MIX_01491,300.4313832199546,DRUM_SUPPORTED,FULL_MIX_AND_STEM_MATCH,"[""DRUMS_01142""]",1
drums,FULL_MIX,F_MIX_01492,300.72163265306125,UNKNOWN,FULL_MIX_AND_STEM_MATCH,"[""DRUMS_01143""]",1
drums,FULL_MIX,F_MIX_01493,300.756462585034,DRUM_SUPPORTED,FULL_MIX_ONLY,[],0
drums,FULL_MIX,F_MIX_01494,300.81451247165535,DRUM_SUPPORTED,FULL_MIX_AND_STEM_MATCH,"[""DRUMS_01144""]",1
drums,FULL_MIX,F_MIX_01495,300.8493424036281,UNKNOWN,FULL_MIX_ONLY,[],0
drums,FULL_MIX,F_MIX_01496,301.1047619047619,UNKNOWN,FULL_MIX_ONLY,[],0
drums,FULL_MIX,F_MIX_01497,301.1628117913832,DRUM_SUPPORTED,FULL_MIX_AND_STEM_MATCH,"[""DRUMS_01145""]",1
drums,FULL_MIX,F_MIX_01498,301.44145124716556,UNKNOWN,FULL_MIX_ONLY,[],0
drums,FULL_MIX,F_MIX_01499,301.53433106575966,DRUM_SUPPORTED,FULL_MIX_AND_STEM_MATCH,"[""DRUMS_01146""]",1
drums,FULL_MIX,F_MIX_01500,301.8942403628118,DRUM_SUPPORTED,FULL_MIX_AND_STEM_MATCH,"[""DRUMS_01147""]",1
drums,FULL_MIX,F_MIX_01501,302.1960997732426,UNKNOWN,FULL_MIX_ONLY,[],0
drums,FULL_MIX,F_MIX_01502,302.25414965986397,DRUM_SUPPORTED,FULL_MIX_AND_STEM_MATCH,"[""DRUMS_01148""]",1
drums,FULL_MIX,F_MIX_01503,302.53278911564627,UNKNOWN,FULL_MIX_ONLY,[],0
drums,FULL_MIX,F_MIX_01504,302.62566893424037,DRUM_SUPPORTED,FULL_MIX_AND_STEM_MATCH,"[""DRUMS_01149""]",1
drums,FULL_MIX,F_MIX_01505,302.9855782312925,DRUM_SUPPORTED,FULL_MIX_AND_STEM_MATCH,"[""DRUMS_01150""]",1
drums,FULL_MIX,F_MIX_01506,303.35709750566895,DRUM_SUPPORTED,FULL_MIX_AND_STEM_MATCH,"[""DRUMS_01151""]",1
drums,FULL_MIX,F_MIX_01507,303.72861678004534,DRUM_SUPPORTED,FULL_MIX_AND_STEM_MATCH,"[""DRUMS_01153""]",1
drums,FULL_MIX,F_MIX_01508,304.0885260770975,DRUM_SUPPORTED,FULL_MIX_AND_STEM_MATCH,"[""DRUMS_01154""]",1
drums,FULL_MIX,F_MIX_01509,304.44843537414965,DRUM_SUPPORTED,FULL_MIX_AND_STEM_MATCH,"[""DRUMS_01155""]",1
drums,FULL_MIX,F_MIX_01510,304.7851247165533,BASS_AND_DRUM_SUPPORTED,FULL_MIX_ONLY,[],0
drums,FULL_MIX,F_MIX_01511,304.8315646258503,DRUM_SUPPORTED,FULL_MIX_AND_STEM_MATCH,"[""DRUMS_01156""]",1
drums,FULL_MIX,F_MIX_01512,305.1102040816327,UNKNOWN,FULL_MIX_ONLY,[],0
drums,FULL_MIX,F_MIX_01513,305.1914739229025,BASS_AND_DRUM_SUPPORTED,FULL_MIX_AND_STEM_MATCH,"[""DRUMS_01157""]",1
drums,FULL_MIX,F_MIX_01514,305.5629931972789,DRUM_SUPPORTED,FULL_MIX_AND_STEM_MATCH,"[""DRUMS_01158""]",1
drums,FULL_MIX,F_MIX_01515,305.9229024943311,BASS_AND_DRUM_SUPPORTED,FULL_MIX_AND_STEM_MATCH,"[""DRUMS_01159""]",1
drums,FULL_MIX,F_MIX_01516,306.2828117913832,BASS_AND_DRUM_SUPPORTED,FULL_MIX_AND_STEM_MATCH,"[""DRUMS_01160""]",1
drums,FULL_MIX,F_MIX_01517,306.5730612244898,BASS_AND_DRUM_SUPPORTED,FULL_MIX_AND_STEM_MATCH,"[""DRUMS_01161""]",1
drums,FULL_MIX,F_MIX_01518,306.65433106575966,DRUM_SUPPORTED,FULL_MIX_AND_STEM_MATCH,"[""DRUMS_01162""]",1
drums,FULL_MIX,F_MIX_01519,307.0142403628118,BASS_AND_DRUM_SUPPORTED,FULL_MIX_AND_STEM_MATCH,"[""DRUMS_01163""]",1
drums,FULL_MIX,F_MIX_01520,307.3741496598639,BASS_AND_DRUM_SUPPORTED,FULL_MIX_AND_STEM_MATCH,"[""DRUMS_01164""]",1
drums,FULL_MIX,F_MIX_01521,307.7340589569161,BASS_AND_DRUM_SUPPORTED,FULL_MIX_AND_STEM_MATCH,"[""DRUMS_01165""]",1
drums,FULL_MIX,F_MIX_01522,308.03591836734694,UNKNOWN,FULL_MIX_AND_STEM_MATCH,"[""DRUMS_01166""]",1
drums,FULL_MIX,F_MIX_01523,308.11718820861677,BASS_AND_DRUM_SUPPORTED,FULL_MIX_AND_STEM_MATCH,"[""DRUMS_01167""]",1
drums,FULL_MIX,F_MIX_01524,308.4654875283447,BASS_AND_DRUM_SUPPORTED,FULL_MIX_AND_STEM_MATCH,"[""DRUMS_01168""]",1
drums,FULL_MIX,F_MIX_01525,308.8253968253968,BASS_AND_DRUM_SUPPORTED,FULL_MIX_AND_STEM_MATCH,"[""DRUMS_01169""]",1
drums,FULL_MIX,F_MIX_01526,309.0924263038549,BASS_SUPPORTED,FULL_MIX_ONLY,[],0
drums,FULL_MIX,F_MIX_01527,309.185306122449,DRUM_SUPPORTED,FULL_MIX_AND_STEM_MATCH,"[""DRUMS_01170""]",1
drums,FULL_MIX,F_MIX_01528,309.3710657596372,UNKNOWN,FULL_MIX_AND_STEM_MATCH,"[""DRUMS_01171""]",1
drums,FULL_MIX,F_MIX_01529,309.5568253968254,DRUM_SUPPORTED,FULL_MIX_AND_STEM_MATCH,"[""DRUMS_01172""]",1
drums,FULL_MIX,F_MIX_01530,309.84707482993196,UNKNOWN,FULL_MIX_ONLY,[],0
drums,FULL_MIX,F_MIX_01531,309.9167346938776,BASS_AND_DRUM_SUPPORTED,FULL_MIX_AND_STEM_MATCH,"[""DRUMS_01173""]",1
drums,FULL_MIX,F_MIX_01532,310.19537414965987,UNKNOWN,FULL_MIX_ONLY,[],0
drums,FULL_MIX,F_MIX_01533,310.3114739229025,DRUM_SUPPORTED,FULL_MIX_AND_STEM_MATCH,"[""DRUMS_01174""]",1
drums,FULL_MIX,F_MIX_01534,310.6365532879819,BASS_AND_DRUM_SUPPORTED,FULL_MIX_AND_STEM_MATCH,"[""DRUMS_01175""]",1
drums,FULL_MIX,F_MIX_01535,310.67138321995463,DRUM_SUPPORTED,FULL_MIX_AND_STEM_MATCH,"[""DRUMS_01176""]",1
drums,FULL_MIX,F_MIX_01536,311.01968253968255,BASS_AND_DRUM_SUPPORTED,FULL_MIX_AND_STEM_MATCH,"[""DRUMS_01177""]",1
drums,FULL_MIX,F_MIX_01537,311.4028117913832,DRUM_SUPPORTED,FULL_MIX_AND_STEM_MATCH,"[""DRUMS_01178""]",1
drums,FULL_MIX,F_MIX_01538,311.6814512471655,UNKNOWN,FULL_MIX_ONLY,[],0
drums,FULL_MIX,F_MIX_01539,312.1226303854875,DRUM_SUPPORTED,FULL_MIX_AND_STEM_MATCH,"[""DRUMS_01179""]",1
drums,FULL_MIX,F_MIX_01540,312.5057596371882,DRUM_SUPPORTED,FULL_MIX_AND_STEM_MATCH,"[""DRUMS_01180""]",1
drums,FULL_MIX,F_MIX_01541,312.8656689342404,DRUM_SUPPORTED,FULL_MIX_AND_STEM_MATCH,"[""DRUMS_01181""]",1
drums,FULL_MIX,F_MIX_01542,313.15591836734694,UNKNOWN,FULL_MIX_ONLY,[],0
drums,FULL_MIX,F_MIX_01543,313.2604081632653,DRUM_SUPPORTED,FULL_MIX_AND_STEM_MATCH,"[""DRUMS_01182""]",1
drums,FULL_MIX,F_MIX_01544,313.6087074829932,BASS_AND_DRUM_SUPPORTED,FULL_MIX_AND_STEM_MATCH,"[""DRUMS_01183""]",1
drums,FULL_MIX,F_MIX_01545,313.96861678004535,BASS_AND_DRUM_SUPPORTED,FULL_MIX_AND_STEM_MATCH,"[""DRUMS_01184""]",1
drums,FULL_MIX,F_MIX_01546,314.01505668934243,UNKNOWN,FULL_MIX_ONLY,[],0
drums,FULL_MIX,F_MIX_01547,314.34013605442175,BASS_AND_DRUM_SUPPORTED,FULL_MIX_AND_STEM_MATCH,"[""DRUMS_01185""]",1
drums,FULL_MIX,F_MIX_01548,314.6187755102041,UNKNOWN,FULL_MIX_ONLY,[],0
drums,FULL_MIX,F_MIX_01549,314.97868480725623,UNKNOWN,FULL_MIX_ONLY,[],0
drums,FULL_MIX,F_MIX_01550,315.0715646258503,BASS_AND_DRUM_SUPPORTED,FULL_MIX_AND_STEM_MATCH,"[""DRUMS_01187""]",1
drums,FULL_MIX,F_MIX_01551,315.4430839002268,DRUM_SUPPORTED,FULL_MIX_ONLY,[],0
drums,FULL_MIX,F_MIX_01552,315.8029931972789,BASS_AND_DRUM_SUPPORTED,FULL_MIX_AND_STEM_MATCH,"[""DRUMS_01188""]",1
drums,FULL_MIX,F_MIX_01553,316.0816326530612,UNKNOWN,FULL_MIX_ONLY,[],0
drums,FULL_MIX,F_MIX_01554,316.1861224489796,DRUM_SUPPORTED,FULL_MIX_AND_STEM_MATCH,"[""DRUMS_01189""]",1
drums,FULL_MIX,F_MIX_01555,316.51120181405895,DRUM_SUPPORTED,FULL_MIX_AND_STEM_MATCH,"[""DRUMS_01190""]",1
drums,FULL_MIX,F_MIX_01556,316.9407709750567,BASS_SUPPORTED,FULL_MIX_ONLY,[],0
drums,FULL_MIX,F_MIX_01557,317.27746031746034,BASS_AND_DRUM_SUPPORTED,FULL_MIX_AND_STEM_MATCH,"[""DRUMS_01192""]",1
drums,FULL_MIX,F_MIX_01558,317.5677097505669,UNKNOWN,FULL_MIX_ONLY,[],0
drums,FULL_MIX,F_MIX_01559,317.9392290249433,UNKNOWN,FULL_MIX_ONLY,[],0
drums,FULL_MIX,F_MIX_01560,318.00888888888886,BASS_AND_DRUM_SUPPORTED,FULL_MIX_AND_STEM_MATCH,"[""DRUMS_01194""]",1
drums,FULL_MIX,F_MIX_01561,318.2991383219955,UNKNOWN,FULL_MIX_ONLY,[],0
drums,FULL_MIX,F_MIX_01562,318.55455782312924,UNKNOWN,FULL_MIX_ONLY,[],0
drums,FULL_MIX,F_MIX_01563,318.74031746031744,BASS_AND_DRUM_SUPPORTED,FULL_MIX_AND_STEM_MATCH,"[""DRUMS_01196""]",1
drums,FULL_MIX,F_MIX_01564,319.030566893424,UNKNOWN,FULL_MIX_ONLY,[],0
drums,FULL_MIX,F_MIX_01565,319.12344671201816,BASS_AND_DRUM_SUPPORTED,FULL_MIX_AND_STEM_MATCH,"[""DRUMS_01197""]",1
drums,FULL_MIX,F_MIX_01566,319.27437641723355,UNKNOWN,FULL_MIX_ONLY,[],0
drums,FULL_MIX,F_MIX_01567,319.471746031746,BASS_AND_DRUM_SUPPORTED,FULL_MIX_AND_STEM_MATCH,"[""DRUMS_01198""]",1
drums,FULL_MIX,F_MIX_01568,319.7503854875283,UNKNOWN,FULL_MIX_ONLY,[],0
drums,FULL_MIX,F_MIX_01569,320.19156462585033,BASS_AND_DRUM_SUPPORTED,FULL_MIX_AND_STEM_MATCH,"[""DRUMS_01200""]",1
drums,FULL_MIX,F_MIX_01570,320.22639455782314,UNKNOWN,FULL_MIX_ONLY,[],0
drums,FULL_MIX,F_MIX_01571,320.4818140589569,UNKNOWN,FULL_MIX_ONLY,[],0
drums,FULL_MIX,F_MIX_01572,320.9346031746032,BASS_AND_DRUM_SUPPORTED,FULL_MIX_AND_STEM_MATCH,"[""DRUMS_01202""]",1
drums,FULL_MIX,F_MIX_01573,321.2132426303855,UNKNOWN,FULL_MIX_ONLY,[],0
drums,FULL_MIX,F_MIX_01574,321.67764172335603,DRUM_SUPPORTED,FULL_MIX_AND_STEM_MATCH,"[""DRUMS_01204""]",1
drums,FULL_MIX,F_MIX_01575,321.95628117913833,UNKNOWN,FULL_MIX_ONLY,[],0
drums,FULL_MIX,F_MIX_01576,322.35102040816327,UNKNOWN,FULL_MIX_ONLY,[],0
drums,FULL_MIX,F_MIX_01577,322.4206802721088,DRUM_SUPPORTED,FULL_MIX_AND_STEM_MATCH,"[""DRUMS_01206""]",1
drums,FULL_MIX,F_MIX_01578,322.6993197278912,UNKNOWN,FULL_MIX_ONLY,[],0
drums,FULL_MIX,F_MIX_01579,323.1637188208617,DRUM_SUPPORTED,FULL_MIX_AND_STEM_MATCH,"[""DRUMS_01208""]",1
drums,FULL_MIX,F_MIX_01580,323.442358276644,DRUM_SUPPORTED,FULL_MIX_ONLY,[],0
drums,FULL_MIX,F_MIX_01581,323.8138775510204,UNKNOWN,FULL_MIX_ONLY,[],0
drums,FULL_MIX,F_MIX_01582,323.883537414966,DRUM_SUPPORTED,FULL_MIX_AND_STEM_MATCH,"[""DRUMS_01210""]",1
drums,FULL_MIX,F_MIX_01583,324.150566893424,UNKNOWN,FULL_MIX_ONLY,[],0
drums,FULL_MIX,F_MIX_01584,324.2434467120181,DRUM_SUPPORTED,FULL_MIX_AND_STEM_MATCH,"[""DRUMS_01211""]",1
drums,FULL_MIX,F_MIX_01585,324.61496598639457,DRUM_SUPPORTED,FULL_MIX_AND_STEM_MATCH,"[""DRUMS_01212""]",1
drums,FULL_MIX,F_MIX_01586,324.90521541950113,UNKNOWN,FULL_MIX_ONLY,[],0
drums,FULL_MIX,F_MIX_01587,324.98648526077096,DRUM_SUPPORTED,FULL_MIX_AND_STEM_MATCH,"[""DRUMS_01213""]",1
drums,FULL_MIX,F_MIX_01588,325.3347845804989,DRUM_SUPPORTED,FULL_MIX_AND_STEM_MATCH,"[""DRUMS_01214""]",1
drums,FULL_MIX,F_MIX_01589,325.6018140589569,UNKNOWN,FULL_MIX_ONLY,[],0
drums,FULL_MIX,F_MIX_01590,325.9617233560091,UNKNOWN,FULL_MIX_ONLY,[],0
drums,FULL_MIX,F_MIX_01591,326.06621315192746,BASS_AND_DRUM_SUPPORTED,FULL_MIX_AND_STEM_MATCH,"[""DRUMS_01217""]",1
drums,FULL_MIX,F_MIX_01592,326.3332426303855,UNKNOWN,FULL_MIX_ONLY,[],0
drums,FULL_MIX,F_MIX_01593,326.69315192743767,UNKNOWN,FULL_MIX_ONLY,[],0
drums,FULL_MIX,F_MIX_01594,326.78603174603177,BASS_AND_DRUM_SUPPORTED,FULL_MIX_AND_STEM_MATCH,"[""DRUMS_01219""]",1
drums,FULL_MIX,F_MIX_01595,327.0530612244898,DRUM_SUPPORTED,FULL_MIX_ONLY,[],0
drums,FULL_MIX,F_MIX_01596,327.4129705215419,DRUM_SUPPORTED,FULL_MIX_ONLY,[],0
drums,FULL_MIX,F_MIX_01597,327.52907029478456,DRUM_SUPPORTED,FULL_MIX_ONLY,[],0
drums,FULL_MIX,F_MIX_01598,327.7844897959184,UNKNOWN,FULL_MIX_ONLY,[],0
drums,FULL_MIX,F_MIX_01599,328.1443990929705,UNKNOWN,FULL_MIX_ONLY,[],0
drums,FULL_MIX,F_MIX_01600,328.26049886621314,DRUM_SUPPORTED,FULL_MIX_AND_STEM_MATCH,"[""DRUMS_01223""]",1
drums,FULL_MIX,F_MIX_01601,328.51591836734696,UNKNOWN,FULL_MIX_ONLY,[],0
drums,FULL_MIX,F_MIX_01602,329.003537414966,BASS_AND_DRUM_SUPPORTED,FULL_MIX_AND_STEM_MATCH,"[""DRUMS_01225""]",1
drums,FULL_MIX,F_MIX_01603,329.270566893424,UNKNOWN,FULL_MIX_ONLY,[],0
drums,FULL_MIX,F_MIX_01604,329.73496598639457,DRUM_SUPPORTED,FULL_MIX_AND_STEM_MATCH,"[""DRUMS_01226""]",1
drums,FULL_MIX,F_MIX_01605,329.99038548752833,DRUM_SUPPORTED,FULL_MIX_ONLY,[],0
drums,STEM,DRUMS_00000,0.7198185941043084,BASS_AND_DRUM_SUPPORTED,FULL_MIX_AND_STEM_MATCH,"[""F_MIX_00000""]",1
drums,STEM,DRUMS_00001,0.8359183673469388,DRUM_SUPPORTED,FULL_MIX_AND_STEM_MATCH,"[""F_MIX_00001""]",1
drums,STEM,DRUMS_00002,1.230657596371882,DRUM_SUPPORTED,FULL_MIX_AND_STEM_MATCH,"[""F_MIX_00003""]",1
drums,STEM,DRUMS_00003,1.9736961451247166,DRUM_SUPPORTED,FULL_MIX_AND_STEM_MATCH,"[""F_MIX_00008""]",1
drums,STEM,DRUMS_00004,2.2523356009070294,,STEM_ONLY,[],0
drums,STEM,DRUMS_00005,2.3568253968253967,,STEM_ONLY,[],0
drums,STEM,DRUMS_00006,2.693514739229025,DRUM_SUPPORTED,FULL_MIX_AND_STEM_MATCH,"[""F_MIX_00012""]",1
drums,STEM,DRUMS_00007,2.9605442176870747,UNKNOWN,FULL_MIX_AND_STEM_MATCH,"[""F_MIX_00013""]",1
drums,STEM,DRUMS_00008,3.0650340136054424,DRUM_SUPPORTED,FULL_MIX_AND_STEM_MATCH,"[""F_MIX_00015""]",1
drums,STEM,DRUMS_00009,3.436553287981859,DRUM_SUPPORTED,FULL_MIX_AND_STEM_MATCH,"[""F_MIX_00017""]",1
drums,STEM,DRUMS_00010,3.6919727891156464,DRUM_SUPPORTED,FULL_MIX_AND_STEM_MATCH,"[""F_MIX_00018""]",1
drums,STEM,DRUMS_00011,3.7964625850340137,DRUM_SUPPORTED,FULL_MIX_AND_STEM_MATCH,"[""F_MIX_00019""]",1
drums,STEM,DRUMS_00012,4.179591836734694,DRUM_SUPPORTED,FULL_MIX_AND_STEM_MATCH,"[""F_MIX_00021""]",1
drums,STEM,DRUMS_00013,4.388571428571429,DRUM_SUPPORTED,FULL_MIX_AND_STEM_MATCH,"[""F_MIX_00022""]",1
drums,STEM,DRUMS_00014,4.527891156462585,BASS_AND_DRUM_SUPPORTED,FULL_MIX_AND_STEM_MATCH,"[""F_MIX_00023""]",1
drums,STEM,DRUMS_00015,4.887800453514739,DRUM_SUPPORTED,FULL_MIX_AND_STEM_MATCH,"[""F_MIX_00025""]",1
drums,STEM,DRUMS_00016,5.154829931972789,BASS_SUPPORTED,FULL_MIX_AND_STEM_MATCH,"[""F_MIX_00026""]",1
drums,STEM,DRUMS_00017,5.259319727891157,DRUM_SUPPORTED,FULL_MIX_AND_STEM_MATCH,"[""F_MIX_00027""]",1
drums,STEM,DRUMS_00018,5.5147392290249435,DRUM_SUPPORTED,FULL_MIX_AND_STEM_MATCH,"[""F_MIX_00028""]",1
drums,STEM,DRUMS_00019,5.630839002267574,BASS_AND_DRUM_SUPPORTED,FULL_MIX_AND_STEM_MATCH,"[""F_MIX_00029""]",1
drums,STEM,DRUMS_00020,5.874648526077097,DRUM_SUPPORTED,FULL_MIX_AND_STEM_MATCH,"[""F_MIX_00030""]",1
drums,STEM,DRUMS_00021,6.188117913832199,DRUM_SUPPORTED,FULL_MIX_AND_STEM_MATCH,"[""F_MIX_00032""]",1
drums,STEM,DRUMS_00022,6.292607709750567,,STEM_ONLY,[],0
drums,STEM,DRUMS_00023,6.339047619047619,DRUM_SUPPORTED,FULL_MIX_AND_STEM_MATCH,"[""F_MIX_00034""]",1
drums,STEM,DRUMS_00024,6.582857142857143,DRUM_SUPPORTED,FULL_MIX_AND_STEM_MATCH,"[""F_MIX_00035""]",1
drums,STEM,DRUMS_00025,6.6873469387755105,BASS_AND_DRUM_SUPPORTED,FULL_MIX_AND_STEM_MATCH,"[""F_MIX_00036""]",1
drums,STEM,DRUMS_00026,7.047256235827664,,STEM_ONLY,[],0
drums,STEM,DRUMS_00027,7.4071655328798185,,STEM_ONLY,[],0
drums,STEM,DRUMS_00028,7.790294784580499,DRUM_SUPPORTED,FULL_MIX_AND_STEM_MATCH,"[""F_MIX_00040""]",1
drums,STEM,DRUMS_00029,8.13859410430839,DRUM_SUPPORTED,FULL_MIX_AND_STEM_MATCH,"[""F_MIX_00042""]",1
drums,STEM,DRUMS_00030,8.382403628117913,DRUM_SUPPORTED,FULL_MIX_AND_STEM_MATCH,"[""F_MIX_00043""]",1
drums,STEM,DRUMS_00031,8.510113378684807,BASS_AND_DRUM_SUPPORTED,FULL_MIX_AND_STEM_MATCH,"[""F_MIX_00044""]",1
drums,STEM,DRUMS_00032,8.858412698412698,BASS_AND_DRUM_SUPPORTED,FULL_MIX_AND_STEM_MATCH,"[""F_MIX_00046""]",1
drums,STEM,DRUMS_00033,9.206712018140589,BASS_AND_DRUM_SUPPORTED,FULL_MIX_AND_STEM_MATCH,"[""F_MIX_00047""]",1
drums,STEM,DRUMS_00034,9.496961451247165,DRUM_SUPPORTED,FULL_MIX_AND_STEM_MATCH,"[""F_MIX_00048""]",1
drums,STEM,DRUMS_00035,9.880090702947847,DRUM_SUPPORTED,FULL_MIX_AND_STEM_MATCH,"[""F_MIX_00050""]",1
drums,STEM,DRUMS_00036,9.97297052154195,DRUM_SUPPORTED,FULL_MIX_AND_STEM_MATCH,"[""F_MIX_00051""]",1
drums,STEM,DRUMS_00037,10.216780045351474,DRUM_SUPPORTED,FULL_MIX_AND_STEM_MATCH,"[""F_MIX_00052""]",1
drums,STEM,DRUMS_00038,10.356099773242631,BASS_AND_DRUM_SUPPORTED,FULL_MIX_AND_STEM_MATCH,"[""F_MIX_00053""]",1
drums,STEM,DRUMS_00039,10.62312925170068,UNKNOWN,FULL_MIX_AND_STEM_MATCH,"[""F_MIX_00054""]",1
drums,STEM,DRUMS_00040,10.716009070294785,DRUM_SUPPORTED,FULL_MIX_AND_STEM_MATCH,"[""F_MIX_00055""]",1
drums,STEM,DRUMS_00041,11.331337868480725,DRUM_SUPPORTED,FULL_MIX_AND_STEM_MATCH,"[""F_MIX_00059""]",1
drums,STEM,DRUMS_00042,11.679637188208616,DRUM_SUPPORTED,FULL_MIX_AND_STEM_MATCH,"[""F_MIX_00061""]",1
drums,STEM,DRUMS_00043,11.72607709750567,DRUM_SUPPORTED,FULL_MIX_AND_STEM_MATCH,"[""F_MIX_00062""]",1
drums,STEM,DRUMS_00044,11.818956916099774,DRUM_SUPPORTED,FULL_MIX_AND_STEM_MATCH,"[""F_MIX_00064""]",1
drums,STEM,DRUMS_00045,12.07437641723356,UNKNOWN,FULL_MIX_AND_STEM_MATCH,"[""F_MIX_00065""]",1
drums,STEM,DRUMS_00046,12.167256235827665,,STEM_ONLY,[],0
drums,STEM,DRUMS_00047,12.538775510204081,BASS_AND_DRUM_SUPPORTED,FULL_MIX_AND_STEM_MATCH,"[""F_MIX_00067""]",1
drums,STEM,DRUMS_00048,12.910294784580499,DRUM_SUPPORTED,FULL_MIX_AND_STEM_MATCH,"[""F_MIX_00068""]",1
drums,STEM,DRUMS_00049,13.165714285714285,BASS_AND_DRUM_SUPPORTED,FULL_MIX_AND_STEM_MATCH,"[""F_MIX_00069""]",1
drums,STEM,DRUMS_00050,13.25859410430839,DRUM_SUPPORTED,FULL_MIX_AND_STEM_MATCH,"[""F_MIX_00070""]",1
drums,STEM,DRUMS_00051,13.525623582766439,DRUM_SUPPORTED,FULL_MIX_AND_STEM_MATCH,"[""F_MIX_00072""]",1
drums,STEM,DRUMS_00052,13.64172335600907,DRUM_SUPPORTED,FULL_MIX_AND_STEM_MATCH,"[""F_MIX_00073""]",1
drums,STEM,DRUMS_00053,13.908752834467121,UNKNOWN,FULL_MIX_AND_STEM_MATCH,"[""F_MIX_00074""]",1
drums,STEM,DRUMS_00054,13.990022675736961,BASS_AND_DRUM_SUPPORTED,FULL_MIX_AND_STEM_MATCH,"[""F_MIX_00075""]",1
drums,STEM,DRUMS_00055,14.361541950113379,DRUM_SUPPORTED,FULL_MIX_AND_STEM_MATCH,"[""F_MIX_00076""]",1
drums,STEM,DRUMS_00056,14.55891156462585,UNKNOWN,FULL_MIX_AND_STEM_MATCH,"[""F_MIX_00077""]",1
drums,STEM,DRUMS_00057,14.616961451247166,,STEM_ONLY,[],0
drums,STEM,DRUMS_00058,14.744671201814059,DRUM_SUPPORTED,FULL_MIX_AND_STEM_MATCH,"[""F_MIX_00078""]",1
drums,STEM,DRUMS_00059,15.09297052154195,UNKNOWN,FULL_MIX_AND_STEM_MATCH,"[""F_MIX_00082""]",1
drums,STEM,DRUMS_00060,15.336780045351475,,STEM_ONLY,[],0
drums,STEM,DRUMS_00061,15.464489795918368,BASS_AND_DRUM_SUPPORTED,FULL_MIX_AND_STEM_MATCH,"[""F_MIX_00083""]",1
drums,STEM,DRUMS_00062,15.81278911564626,DRUM_SUPPORTED,FULL_MIX_AND_STEM_MATCH,"[""F_MIX_00085""]",1
drums,STEM,DRUMS_00063,16.04498866213152,UNKNOWN,FULL_MIX_AND_STEM_MATCH,"[""F_MIX_00086""]",1
drums,STEM,DRUMS_00064,16.54421768707483,DRUM_SUPPORTED,FULL_MIX_AND_STEM_MATCH,"[""F_MIX_00088""]",1
drums,STEM,DRUMS_00065,16.84607709750567,UNKNOWN,FULL_MIX_AND_STEM_MATCH,"[""F_MIX_00089""]",1
drums,STEM,DRUMS_00066,16.938956916099773,BASS_AND_DRUM_SUPPORTED,FULL_MIX_AND_STEM_MATCH,"[""F_MIX_00090""]",1
drums,STEM,DRUMS_00067,17.29886621315193,DRUM_SUPPORTED,FULL_MIX_AND_STEM_MATCH,"[""F_MIX_00091""]",1
drums,STEM,DRUMS_00068,17.565895691609978,DRUM_SUPPORTED,FULL_MIX_AND_STEM_MATCH,"[""F_MIX_00093""]",1
drums,STEM,DRUMS_00069,17.65877551020408,BASS_AND_DRUM_SUPPORTED,FULL_MIX_AND_STEM_MATCH,"[""F_MIX_00094""]",1
drums,STEM,DRUMS_00070,17.925804988662133,DRUM_SUPPORTED,FULL_MIX_AND_STEM_MATCH,"[""F_MIX_00096""]",1
drums,STEM,DRUMS_00071,18.04190476190476,DRUM_SUPPORTED,FULL_MIX_AND_STEM_MATCH,"[""F_MIX_00097""]",1
drums,STEM,DRUMS_00072,18.297324263038547,UNKNOWN,FULL_MIX_AND_STEM_MATCH,"[""F_MIX_00098""]",1
drums,STEM,DRUMS_00073,18.390204081632653,DRUM_SUPPORTED,FULL_MIX_AND_STEM_MATCH,"[""F_MIX_00100""]",1
drums,STEM,DRUMS_00074,18.773333333333333,DRUM_SUPPORTED,FULL_MIX_AND_STEM_MATCH,"[""F_MIX_00102""]",1
drums,STEM,DRUMS_00075,19.040362811791383,UNKNOWN,FULL_MIX_AND_STEM_MATCH,"[""F_MIX_00103""]",1
drums,STEM,DRUMS_00076,19.49315192743764,DRUM_SUPPORTED,FULL_MIX_AND_STEM_MATCH,"[""F_MIX_00105""]",1
drums,STEM,DRUMS_00077,19.748571428571427,BASS_SUPPORTED,FULL_MIX_AND_STEM_MATCH,"[""F_MIX_00106""]",1
drums,STEM,DRUMS_00078,19.853061224489796,DRUM_SUPPORTED,FULL_MIX_AND_STEM_MATCH,"[""F_MIX_00108""]",1
drums,STEM,DRUMS_00079,20.21297052154195,BASS_AND_DRUM_SUPPORTED,FULL_MIX_AND_STEM_MATCH,"[""F_MIX_00110""]",1
drums,STEM,DRUMS_00080,20.468390022675738,DRUM_SUPPORTED,FULL_MIX_AND_STEM_MATCH,"[""F_MIX_00111""]",1
drums,STEM,DRUMS_00081,20.58448979591837,DRUM_SUPPORTED,FULL_MIX_AND_STEM_MATCH,"[""F_MIX_00112""]",1
drums,STEM,DRUMS_00082,20.839909297052156,DRUM_SUPPORTED,FULL_MIX_AND_STEM_MATCH,"[""F_MIX_00113""]",1
drums,STEM,DRUMS_00083,20.956009070294783,DRUM_SUPPORTED,FULL_MIX_AND_STEM_MATCH,"[""F_MIX_00114""]",1
drums,STEM,DRUMS_00084,21.223038548752836,UNKNOWN,FULL_MIX_AND_STEM_MATCH,"[""F_MIX_00115""]",1
drums,STEM,DRUMS_00085,21.304308390022676,DRUM_SUPPORTED,FULL_MIX_AND_STEM_MATCH,"[""F_MIX_00116""]",1
drums,STEM,DRUMS_00086,21.5481179138322,DRUM_SUPPORTED,FULL_MIX_AND_STEM_MATCH,"[""F_MIX_00117""]",1
drums,STEM,DRUMS_00087,21.93124716553288,DRUM_SUPPORTED,FULL_MIX_AND_STEM_MATCH,"[""F_MIX_00118""]",1
drums,STEM,DRUMS_00088,22.035736961451246,DRUM_SUPPORTED,FULL_MIX_AND_STEM_MATCH,"[""F_MIX_00119""]",1
drums,STEM,DRUMS_00089,22.267936507936508,DRUM_SUPPORTED,FULL_MIX_AND_STEM_MATCH,"[""F_MIX_00120""]",1
drums,STEM,DRUMS_00090,22.407256235827663,DRUM_SUPPORTED,FULL_MIX_AND_STEM_MATCH,"[""F_MIX_00121""]",1
drums,STEM,DRUMS_00091,22.66267573696145,DRUM_SUPPORTED,FULL_MIX_AND_STEM_MATCH,"[""F_MIX_00122""]",1
drums,STEM,DRUMS_00092,22.77877551020408,DRUM_SUPPORTED,FULL_MIX_AND_STEM_MATCH,"[""F_MIX_00123""]",1
drums,STEM,DRUMS_00093,23.022585034013606,UNKNOWN,FULL_MIX_AND_STEM_MATCH,"[""F_MIX_00124""]",1
drums,STEM,DRUMS_00094,23.11546485260771,BASS_AND_DRUM_SUPPORTED,FULL_MIX_AND_STEM_MATCH,"[""F_MIX_00125""]",1
drums,STEM,DRUMS_00095,23.370884353741495,,STEM_ONLY,[],0
drums,STEM,DRUMS_00096,23.405714285714286,DRUM_SUPPORTED,FULL_MIX_AND_STEM_MATCH,"[""F_MIX_00126""]",1
drums,STEM,DRUMS_00097,23.707573696145126,DRUM_SUPPORTED,FULL_MIX_AND_STEM_MATCH,"[""F_MIX_00127""]",1
drums,STEM,DRUMS_00098,23.754013605442175,UNKNOWN,FULL_MIX_AND_STEM_MATCH,"[""F_MIX_00128""]",1
drums,STEM,DRUMS_00099,23.84689342403628,BASS_AND_DRUM_SUPPORTED,FULL_MIX_AND_STEM_MATCH,"[""F_MIX_00129""]",1
drums,STEM,DRUMS_00100,24.11392290249433,,STEM_ONLY,[],0
drums,STEM,DRUMS_00101,24.206802721088437,,STEM_ONLY,[],0
drums,STEM,DRUMS_00102,24.589931972789117,DRUM_SUPPORTED,FULL_MIX_AND_STEM_MATCH,"[""F_MIX_00133""]",1
drums,STEM,DRUMS_00103,24.94984126984127,BASS_AND_DRUM_SUPPORTED,FULL_MIX_AND_STEM_MATCH,"[""F_MIX_00135""]",1
drums,STEM,DRUMS_00104,25.228480725623584,DRUM_SUPPORTED,FULL_MIX_AND_STEM_MATCH,"[""F_MIX_00137""]",1
drums,STEM,DRUMS_00105,25.56517006802721,DRUM_SUPPORTED,FULL_MIX_AND_STEM_MATCH,"[""F_MIX_00139""]",1
drums,STEM,DRUMS_00106,25.66965986394558,BASS_AND_DRUM_SUPPORTED,FULL_MIX_AND_STEM_MATCH,"[""F_MIX_00140""]",1
drums,STEM,DRUMS_00107,26.02956916099773,DRUM_SUPPORTED,FULL_MIX_AND_STEM_MATCH,"[""F_MIX_00142""]",1
drums,STEM,DRUMS_00108,26.40108843537415,DRUM_SUPPORTED,FULL_MIX_AND_STEM_MATCH,"[""F_MIX_00145""]",1
drums,STEM,DRUMS_00109,26.749387755102042,,STEM_ONLY,[],0
drums,STEM,DRUMS_00110,27.028027210884353,,STEM_ONLY,[],0
drums,STEM,DRUMS_00111,27.132517006802722,BASS_AND_DRUM_SUPPORTED,FULL_MIX_AND_STEM_MATCH,"[""F_MIX_00150""]",1
drums,STEM,DRUMS_00112,27.48081632653061,,STEM_ONLY,[],0
drums,STEM,DRUMS_00113,27.86394557823129,,STEM_ONLY,[],0
drums,STEM,DRUMS_00114,28.212244897959184,,STEM_ONLY,[],0
drums,STEM,DRUMS_00115,28.479274376417234,,STEM_ONLY,[],0
drums,STEM,DRUMS_00116,28.606984126984127,BASS_AND_DRUM_SUPPORTED,FULL_MIX_AND_STEM_MATCH,"[""F_MIX_00156""]",1
drums,STEM,DRUMS_00117,28.943673469387754,BASS_AND_DRUM_SUPPORTED,FULL_MIX_AND_STEM_MATCH,"[""F_MIX_00157""]",1
drums,STEM,DRUMS_00118,29.175873015873016,,STEM_ONLY,[],0
drums,STEM,DRUMS_00119,29.31519274376417,BASS_AND_DRUM_SUPPORTED,FULL_MIX_AND_STEM_MATCH,"[""F_MIX_00158""]",1
drums,STEM,DRUMS_00120,29.663492063492065,,STEM_ONLY,[],0
drums,STEM,DRUMS_00121,30.37170068027211,DRUM_SUPPORTED,FULL_MIX_AND_STEM_MATCH,"[""F_MIX_00163""]",1
drums,STEM,DRUMS_00122,30.67356009070295,UNKNOWN,FULL_MIX_AND_STEM_MATCH,"[""F_MIX_00164""]",1
drums,STEM,DRUMS_00123,30.778049886621314,DRUM_SUPPORTED,FULL_MIX_AND_STEM_MATCH,"[""F_MIX_00165""]",1
drums,STEM,DRUMS_00124,31.126349206349207,DRUM_SUPPORTED,FULL_MIX_AND_STEM_MATCH,"[""F_MIX_00167""]",1
drums,STEM,DRUMS_00125,31.428208616780044,UNKNOWN,FULL_MIX_AND_STEM_MATCH,"[""F_MIX_00168""]",1
drums,STEM,DRUMS_00126,31.509478458049887,DRUM_SUPPORTED,FULL_MIX_AND_STEM_MATCH,"[""F_MIX_00169""]",1
drums,STEM,DRUMS_00127,31.86938775510204,DRUM_SUPPORTED,FULL_MIX_AND_STEM_MATCH,"[""F_MIX_00170""]",1
drums,STEM,DRUMS_00128,32.21768707482993,,STEM_ONLY,[],0
drums,STEM,DRUMS_00129,32.496326530612244,DRUM_SUPPORTED,FULL_MIX_AND_STEM_MATCH,"[""F_MIX_00173""]",1
drums,STEM,DRUMS_00130,32.60081632653061,DRUM_SUPPORTED,FULL_MIX_AND_STEM_MATCH,"[""F_MIX_00174""]",1
drums,STEM,DRUMS_00131,32.82140589569161,UNKNOWN,FULL_MIX_AND_STEM_MATCH,"[""F_MIX_00175""]",1
drums,STEM,DRUMS_00132,32.879455782312924,UNKNOWN,FULL_MIX_AND_STEM_MATCH,"[""F_MIX_00176""]",1
drums,STEM,DRUMS_00133,33.20453514739229,DRUM_SUPPORTED,FULL_MIX_AND_STEM_MATCH,"[""F_MIX_00178""]",1
drums,STEM,DRUMS_00134,33.32063492063492,DRUM_SUPPORTED,FULL_MIX_AND_STEM_MATCH,"[""F_MIX_00179""]",1
drums,STEM,DRUMS_00135,33.599274376417235,,STEM_ONLY,[],0
drums,STEM,DRUMS_00136,33.68054421768707,DRUM_SUPPORTED,FULL_MIX_AND_STEM_MATCH,"[""F_MIX_00181""]",1
drums,STEM,DRUMS_00137,33.935963718820865,UNKNOWN,FULL_MIX_AND_STEM_MATCH,"[""F_MIX_00182""]",1
drums,STEM,DRUMS_00138,34.05206349206349,DRUM_SUPPORTED,FULL_MIX_AND_STEM_MATCH,"[""F_MIX_00183""]",1
drums,STEM,DRUMS_00139,34.319092970521545,UNKNOWN,FULL_MIX_AND_STEM_MATCH,"[""F_MIX_00185""]",1
drums,STEM,DRUMS_00140,34.40036281179138,DRUM_SUPPORTED,FULL_MIX_AND_STEM_MATCH,"[""F_MIX_00186""]",1
drums,STEM,DRUMS_00141,34.65578231292517,DRUM_SUPPORTED,FULL_MIX_AND_STEM_MATCH,"[""F_MIX_00187""]",1
drums,STEM,DRUMS_00142,34.76027210884354,DRUM_SUPPORTED,FULL_MIX_AND_STEM_MATCH,"[""F_MIX_00188""]",1
drums,STEM,DRUMS_00143,35.015691609977324,UNKNOWN,FULL_MIX_AND_STEM_MATCH,"[""F_MIX_00189""]",1
drums,STEM,DRUMS_00144,35.15501133786848,DRUM_SUPPORTED,FULL_MIX_AND_STEM_MATCH,"[""F_MIX_00190""]",1
drums,STEM,DRUMS_00145,35.48009070294785,DRUM_SUPPORTED,FULL_MIX_AND_STEM_MATCH,"[""F_MIX_00191""]",1
drums,STEM,DRUMS_00146,35.75873015873016,DRUM_SUPPORTED,FULL_MIX_AND_STEM_MATCH,"[""F_MIX_00192""]",1
drums,STEM,DRUMS_00147,35.86321995464853,DRUM_SUPPORTED,FULL_MIX_AND_STEM_MATCH,"[""F_MIX_00193""]",1
drums,STEM,DRUMS_00148,36.22312925170068,DRUM_SUPPORTED,FULL_MIX_AND_STEM_MATCH,"[""F_MIX_00195""]",1
drums,STEM,DRUMS_00149,36.58303854875283,DRUM_SUPPORTED,FULL_MIX_AND_STEM_MATCH,"[""F_MIX_00196""]",1
drums,STEM,DRUMS_00150,36.95455782312925,DRUM_SUPPORTED,FULL_MIX_AND_STEM_MATCH,"[""F_MIX_00198""]",1
drums,STEM,DRUMS_00151,37.209977324263036,,STEM_ONLY,[],0
drums,STEM,DRUMS_00152,37.314467120181405,DRUM_SUPPORTED,FULL_MIX_AND_STEM_MATCH,"[""F_MIX_00199""]",1
drums,STEM,DRUMS_00153,37.68598639455782,DRUM_SUPPORTED,FULL_MIX_AND_STEM_MATCH,"[""F_MIX_00200""]",1
drums,STEM,DRUMS_00154,38.05750566893424,DRUM_SUPPORTED,FULL_MIX_AND_STEM_MATCH,"[""F_MIX_00204""]",1
drums,STEM,DRUMS_00155,38.42902494331066,DRUM_SUPPORTED,FULL_MIX_AND_STEM_MATCH,"[""F_MIX_00207""]",1
drums,STEM,DRUMS_00156,39.172063492063494,DRUM_SUPPORTED,FULL_MIX_AND_STEM_MATCH,"[""F_MIX_00210""]",1
drums,STEM,DRUMS_00157,39.46231292517007,UNKNOWN,FULL_MIX_AND_STEM_MATCH,"[""F_MIX_00211""]",1
drums,STEM,DRUMS_00158,39.555192743764174,DRUM_SUPPORTED,FULL_MIX_AND_STEM_MATCH,"[""F_MIX_00212""]",1
drums,STEM,DRUMS_00159,39.92671201814059,DRUM_SUPPORTED,FULL_MIX_AND_STEM_MATCH,"[""F_MIX_00214""]",1
drums,STEM,DRUMS_00160,40.28662131519275,DRUM_SUPPORTED,FULL_MIX_AND_STEM_MATCH,"[""F_MIX_00216""]",1
drums,STEM,DRUMS_00161,40.66975056689343,DRUM_SUPPORTED,FULL_MIX_AND_STEM_MATCH,"[""F_MIX_00218""]",1
drums,STEM,DRUMS_00162,41.01804988662131,DRUM_SUPPORTED,FULL_MIX_AND_STEM_MATCH,"[""F_MIX_00220""]",1
drums,STEM,DRUMS_00163,41.28507936507936,DRUM_SUPPORTED,FULL_MIX_AND_STEM_MATCH,"[""F_MIX_00221""]",1
drums,STEM,DRUMS_00164,41.40117913832199,BASS_AND_DRUM_SUPPORTED,FULL_MIX_AND_STEM_MATCH,"[""F_MIX_00222""]",1
drums,STEM,DRUMS_00165,41.633378684807255,DRUM_SUPPORTED,FULL_MIX_AND_STEM_MATCH,"[""F_MIX_00223""]",1
drums,STEM,DRUMS_00166,41.749478458049886,BASS_AND_DRUM_SUPPORTED,FULL_MIX_AND_STEM_MATCH,"[""F_MIX_00224""]",1
drums,STEM,DRUMS_00167,42.016507936507935,,STEM_ONLY,[],0
drums,STEM,DRUMS_00168,42.10938775510204,DRUM_SUPPORTED,FULL_MIX_AND_STEM_MATCH,"[""F_MIX_00225""]",1
drums,STEM,DRUMS_00169,42.37641723356009,DRUM_SUPPORTED,FULL_MIX_AND_STEM_MATCH,"[""F_MIX_00226""]",1
drums,STEM,DRUMS_00170,42.71310657596372,DRUM_SUPPORTED,FULL_MIX_AND_STEM_MATCH,"[""F_MIX_00228""]",1
drums,STEM,DRUMS_00171,42.75954648526077,DRUM_SUPPORTED,FULL_MIX_AND_STEM_MATCH,"[""F_MIX_00229""]",1
drums,STEM,DRUMS_00172,42.86403628117914,DRUM_SUPPORTED,FULL_MIX_AND_STEM_MATCH,"[""F_MIX_00230""]",1
drums,STEM,DRUMS_00173,43.502585034013606,,STEM_ONLY,[],0
drums,STEM,DRUMS_00174,44.00181405895692,DRUM_SUPPORTED,FULL_MIX_AND_STEM_MATCH,"[""F_MIX_00234""]",1
drums,STEM,DRUMS_00175,44.210793650793654,DRUM_SUPPORTED,FULL_MIX_AND_STEM_MATCH,"[""F_MIX_00236""]",1
drums,STEM,DRUMS_00176,44.68680272108843,BASS_AND_DRUM_SUPPORTED,FULL_MIX_AND_STEM_MATCH,"[""F_MIX_00238""]",1
drums,STEM,DRUMS_00177,44.72163265306123,DRUM_SUPPORTED,FULL_MIX_AND_STEM_MATCH,"[""F_MIX_00239""]",1
drums,STEM,DRUMS_00178,47.31065759637188,UNKNOWN,FULL_MIX_AND_STEM_MATCH,"[""F_MIX_00247""]",1
drums,STEM,DRUMS_00179,47.41514739229025,DRUM_SUPPORTED,FULL_MIX_AND_STEM_MATCH,"[""F_MIX_00248""]",1
drums,STEM,DRUMS_00180,48.18140589569161,,STEM_ONLY,[],0
drums,STEM,DRUMS_00181,48.54131519274377,DRUM_SUPPORTED,FULL_MIX_AND_STEM_MATCH,"[""F_MIX_00254""]",1
drums,STEM,DRUMS_00182,48.901224489795915,DRUM_SUPPORTED,FULL_MIX_AND_STEM_MATCH,"[""F_MIX_00255""]",1
drums,STEM,DRUMS_00183,49.191473922902496,DRUM_SUPPORTED,FULL_MIX_AND_STEM_MATCH,"[""F_MIX_00256""]",1
drums,STEM,DRUMS_00184,49.284353741496595,DRUM_SUPPORTED,FULL_MIX_AND_STEM_MATCH,"[""F_MIX_00257""]",1
drums,STEM,DRUMS_00185,49.65587301587301,DRUM_SUPPORTED,FULL_MIX_AND_STEM_MATCH,"[""F_MIX_00259""]",1
drums,STEM,DRUMS_00186,50.01578231292517,DRUM_SUPPORTED,FULL_MIX_AND_STEM_MATCH,"[""F_MIX_00260""]",1
drums,STEM,DRUMS_00187,50.387301587301586,DRUM_SUPPORTED,FULL_MIX_AND_STEM_MATCH,"[""F_MIX_00261""]",1
drums,STEM,DRUMS_00188,50.758820861678004,DRUM_SUPPORTED,FULL_MIX_AND_STEM_MATCH,"[""F_MIX_00262""]",1
drums,STEM,DRUMS_00189,51.11873015873016,DRUM_SUPPORTED,FULL_MIX_AND_STEM_MATCH,"[""F_MIX_00264""]",1
drums,STEM,DRUMS_00190,51.44380952380953,UNKNOWN,FULL_MIX_AND_STEM_MATCH,"[""F_MIX_00265""]",1
drums,STEM,DRUMS_00191,51.757278911564626,UNKNOWN,FULL_MIX_AND_STEM_MATCH,"[""F_MIX_00266""]",1
drums,STEM,DRUMS_00192,51.861768707482995,,STEM_ONLY,[],0
drums,STEM,DRUMS_00193,52.23328798185941,DRUM_SUPPORTED,FULL_MIX_AND_STEM_MATCH,"[""F_MIX_00270""]",1
drums,STEM,DRUMS_00194,52.523537414965986,DRUM_SUPPORTED,FULL_MIX_AND_STEM_MATCH,"[""F_MIX_00271""]",1
drums,STEM,DRUMS_00195,52.61641723356009,DRUM_SUPPORTED,FULL_MIX_AND_STEM_MATCH,"[""F_MIX_00272""]",1
drums,STEM,DRUMS_00196,52.895056689342404,UNKNOWN,FULL_MIX_AND_STEM_MATCH,"[""F_MIX_00273""]",1
drums,STEM,DRUMS_00197,52.97632653061225,DRUM_SUPPORTED,FULL_MIX_AND_STEM_MATCH,"[""F_MIX_00274""]",1
drums,STEM,DRUMS_00198,53.324625850340134,DRUM_SUPPORTED,FULL_MIX_AND_STEM_MATCH,"[""F_MIX_00275""]",1
drums,STEM,DRUMS_00199,53.60326530612245,DRUM_SUPPORTED,FULL_MIX_AND_STEM_MATCH,"[""F_MIX_00276""]",1
drums,STEM,DRUMS_00200,53.69614512471655,DRUM_SUPPORTED,FULL_MIX_AND_STEM_MATCH,"[""F_MIX_00277""]",1
drums,STEM,DRUMS_00201,54.05605442176871,DRUM_SUPPORTED,FULL_MIX_AND_STEM_MATCH,"[""F_MIX_00279""]",1
drums,STEM,DRUMS_00202,54.34630385487528,DRUM_SUPPORTED,FULL_MIX_AND_STEM_MATCH,"[""F_MIX_00280""]",1
drums,STEM,DRUMS_00203,54.427573696145124,DRUM_SUPPORTED,FULL_MIX_AND_STEM_MATCH,"[""F_MIX_00281""]",1
drums,STEM,DRUMS_00204,54.78748299319728,DRUM_SUPPORTED,FULL_MIX_AND_STEM_MATCH,"[""F_MIX_00283""]",1
drums,STEM,DRUMS_00205,55.147392290249435,DRUM_SUPPORTED,FULL_MIX_AND_STEM_MATCH,"[""F_MIX_00284""]",1
drums,STEM,DRUMS_00206,55.50730158730159,DRUM_SUPPORTED,FULL_MIX_AND_STEM_MATCH,"[""F_MIX_00285""]",1
drums,STEM,DRUMS_00207,55.878820861678,DRUM_SUPPORTED,FULL_MIX_AND_STEM_MATCH,"[""F_MIX_00287""]",1
drums,STEM,DRUMS_00208,56.227120181405894,DRUM_SUPPORTED,FULL_MIX_AND_STEM_MATCH,"[""F_MIX_00289""]",1
drums,STEM,DRUMS_00209,56.52897959183674,DRUM_SUPPORTED,FULL_MIX_AND_STEM_MATCH,"[""F_MIX_00290""]",1
drums,STEM,DRUMS_00210,56.610249433106574,DRUM_SUPPORTED,FULL_MIX_AND_STEM_MATCH,"[""F_MIX_00291""]",1
drums,STEM,DRUMS_00211,56.95854875283447,DRUM_SUPPORTED,FULL_MIX_AND_STEM_MATCH,"[""F_MIX_00292""]",1
drums,STEM,DRUMS_00212,57.213968253968254,DRUM_SUPPORTED,FULL_MIX_AND_STEM_MATCH,"[""F_MIX_00293""]",1
drums,STEM,DRUMS_00213,57.67836734693878,DRUM_SUPPORTED,FULL_MIX_AND_STEM_MATCH,"[""F_MIX_00295""]",1
drums,STEM,DRUMS_00214,57.96861678004535,DRUM_SUPPORTED,FULL_MIX_AND_STEM_MATCH,"[""F_MIX_00296""]",1
drums,STEM,DRUMS_00215,58.03827664399093,,STEM_ONLY,[],0
drums,STEM,DRUMS_00216,58.316916099773245,,STEM_ONLY,[],0
drums,STEM,DRUMS_00217,58.409795918367344,DRUM_SUPPORTED,FULL_MIX_AND_STEM_MATCH,"[""F_MIX_00299""]",1
drums,STEM,DRUMS_00218,58.700045351473925,DRUM_SUPPORTED,FULL_MIX_AND_STEM_MATCH,"[""F_MIX_00300""]",1
drums,STEM,DRUMS_00219,58.792925170068024,DRUM_SUPPORTED,FULL_MIX_AND_STEM_MATCH,"[""F_MIX_00301""]",1
drums,STEM,DRUMS_00220,59.05995464852608,UNKNOWN,FULL_MIX_AND_STEM_MATCH,"[""F_MIX_00302""]",1
drums,STEM,DRUMS_00221,59.14122448979592,DRUM_SUPPORTED,FULL_MIX_AND_STEM_MATCH,"[""F_MIX_00303""]",1
drums,STEM,DRUMS_00222,59.43147392290249,UNKNOWN,FULL_MIX_AND_STEM_MATCH,"[""F_MIX_00304""]",1
drums,STEM,DRUMS_00223,59.5243537414966,DRUM_SUPPORTED,FULL_MIX_AND_STEM_MATCH,"[""F_MIX_00305""]",1
drums,STEM,DRUMS_00224,59.87265306122449,DRUM_SUPPORTED,FULL_MIX_AND_STEM_MATCH,"[""F_MIX_00306""]",1
drums,STEM,DRUMS_00225,60.24417233560091,BASS_AND_DRUM_SUPPORTED,FULL_MIX_AND_STEM_MATCH,"[""F_MIX_00309""]",1
drums,STEM,DRUMS_00226,60.615691609977326,BASS_AND_DRUM_SUPPORTED,FULL_MIX_AND_STEM_MATCH,"[""F_MIX_00312""]",1
drums,STEM,DRUMS_00227,61.3471201814059,BASS_AND_DRUM_SUPPORTED,FULL_MIX_AND_STEM_MATCH,"[""F_MIX_00316""]",1
drums,STEM,DRUMS_00228,61.602539682539685,DRUM_SUPPORTED,FULL_MIX_AND_STEM_MATCH,"[""F_MIX_00317""]",1
drums,STEM,DRUMS_00229,62.00888888888889,,STEM_ONLY,[],0
drums,STEM,DRUMS_00230,62.0669387755102,BASS_AND_DRUM_SUPPORTED,FULL_MIX_AND_STEM_MATCH,"[""F_MIX_00319""]",1
drums,STEM,DRUMS_00231,62.42684807256236,DRUM_SUPPORTED,FULL_MIX_AND_STEM_MATCH,"[""F_MIX_00321""]",1
drums,STEM,DRUMS_00232,62.798367346938775,BASS_AND_DRUM_SUPPORTED,FULL_MIX_AND_STEM_MATCH,"[""F_MIX_00323""]",1
drums,STEM,DRUMS_00233,63.10022675736961,,STEM_ONLY,[],0
drums,STEM,DRUMS_00234,63.16988662131519,BASS_AND_DRUM_SUPPORTED,FULL_MIX_AND_STEM_MATCH,"[""F_MIX_00324""]",1
drums,STEM,DRUMS_00235,63.46013605442177,DRUM_SUPPORTED,FULL_MIX_AND_STEM_MATCH,"[""F_MIX_00325""]",1
drums,STEM,DRUMS_00236,63.52979591836735,DRUM_SUPPORTED,FULL_MIX_AND_STEM_MATCH,"[""F_MIX_00326""]",1
drums,STEM,DRUMS_00237,63.80843537414966,DRUM_SUPPORTED,FULL_MIX_AND_STEM_MATCH,"[""F_MIX_00327""]",1
drums,STEM,DRUMS_00238,63.901315192743766,,STEM_ONLY,[],0
drums,STEM,DRUMS_00239,64.24961451247165,DRUM_SUPPORTED,FULL_MIX_AND_STEM_MATCH,"[""F_MIX_00328""]",1
drums,STEM,DRUMS_00240,64.50503401360544,DRUM_SUPPORTED,FULL_MIX_AND_STEM_MATCH,"[""F_MIX_00329""]",1
drums,STEM,DRUMS_00241,64.62113378684808,DRUM_SUPPORTED,FULL_MIX_AND_STEM_MATCH,"[""F_MIX_00330""]",1
drums,STEM,DRUMS_00242,64.7720634920635,,STEM_ONLY,[],0
drums,STEM,DRUMS_00243,64.96943310657596,DRUM_SUPPORTED,FULL_MIX_AND_STEM_MATCH,"[""F_MIX_00332""]",1
drums,STEM,DRUMS_00244,65.22485260770975,UNKNOWN,FULL_MIX_AND_STEM_MATCH,"[""F_MIX_00333""]",1
drums,STEM,DRUMS_00245,65.34095238095239,DRUM_SUPPORTED,FULL_MIX_AND_STEM_MATCH,"[""F_MIX_00334""]",1
drums,STEM,DRUMS_00246,65.68925170068027,DRUM_SUPPORTED,FULL_MIX_AND_STEM_MATCH,"[""F_MIX_00335""]",1
drums,STEM,DRUMS_00247,65.99111111111111,UNKNOWN,FULL_MIX_AND_STEM_MATCH,"[""F_MIX_00336""]",1
drums,STEM,DRUMS_00248,66.06077097505668,BASS_AND_DRUM_SUPPORTED,FULL_MIX_AND_STEM_MATCH,"[""F_MIX_00337""]",1
drums,STEM,DRUMS_00249,66.42068027210884,BASS_AND_DRUM_SUPPORTED,FULL_MIX_AND_STEM_MATCH,"[""F_MIX_00338""]",1
drums,STEM,DRUMS_00250,66.6877097505669,DRUM_SUPPORTED,FULL_MIX_AND_STEM_MATCH,"[""F_MIX_00339""]",1
drums,STEM,DRUMS_00251,66.79219954648526,BASS_AND_DRUM_SUPPORTED,FULL_MIX_AND_STEM_MATCH,"[""F_MIX_00340""]",1
drums,STEM,DRUMS_00252,67.1288888888889,BASS_AND_DRUM_SUPPORTED,FULL_MIX_AND_STEM_MATCH,"[""F_MIX_00341""]",1
drums,STEM,DRUMS_00253,67.41913832199546,UNKNOWN,FULL_MIX_AND_STEM_MATCH,"[""F_MIX_00342""]",1
drums,STEM,DRUMS_00254,67.51201814058957,DRUM_SUPPORTED,FULL_MIX_AND_STEM_MATCH,"[""F_MIX_00343""]",1
drums,STEM,DRUMS_00255,67.84870748299319,,STEM_ONLY,[],0
drums,STEM,DRUMS_00256,68.22022675736962,DRUM_SUPPORTED,FULL_MIX_AND_STEM_MATCH,"[""F_MIX_00347""]",1
drums,STEM,DRUMS_00257,68.58013605442177,BASS_AND_DRUM_SUPPORTED,FULL_MIX_AND_STEM_MATCH,"[""F_MIX_00350""]",1
drums,STEM,DRUMS_00258,68.83555555555556,DRUM_SUPPORTED,FULL_MIX_AND_STEM_MATCH,"[""F_MIX_00351""]",1
drums,STEM,DRUMS_00259,69.29995464852608,BASS_AND_DRUM_SUPPORTED,FULL_MIX_AND_STEM_MATCH,"[""F_MIX_00353""]",1
drums,STEM,DRUMS_00260,69.64825396825397,DRUM_SUPPORTED,FULL_MIX_AND_STEM_MATCH,"[""F_MIX_00355""]",1
drums,STEM,DRUMS_00261,69.92689342403628,UNKNOWN,FULL_MIX_AND_STEM_MATCH,"[""F_MIX_00356""]",1
drums,STEM,DRUMS_00262,70.01977324263038,DRUM_SUPPORTED,FULL_MIX_AND_STEM_MATCH,"[""F_MIX_00357""]",1
drums,STEM,DRUMS_00263,70.2984126984127,UNKNOWN,FULL_MIX_AND_STEM_MATCH,"[""F_MIX_00358""]",1
drums,STEM,DRUMS_00264,70.37968253968253,DRUM_SUPPORTED,FULL_MIX_AND_STEM_MATCH,"[""F_MIX_00359""]",1
drums,STEM,DRUMS_00265,70.64671201814059,DRUM_SUPPORTED,FULL_MIX_AND_STEM_MATCH,"[""F_MIX_00360""]",1
drums,STEM,DRUMS_00266,70.75120181405896,DRUM_SUPPORTED,FULL_MIX_AND_STEM_MATCH,"[""F_MIX_00361""]",1
drums,STEM,DRUMS_00267,70.99501133786848,DRUM_SUPPORTED,FULL_MIX_AND_STEM_MATCH,"[""F_MIX_00362""]",1
drums,STEM,DRUMS_00268,71.40136054421768,UNKNOWN,FULL_MIX_AND_STEM_MATCH,"[""F_MIX_00364""]",1
drums,STEM,DRUMS_00269,71.44780045351474,,STEM_ONLY,[],0
drums,STEM,DRUMS_00270,71.71482993197279,DRUM_SUPPORTED,FULL_MIX_AND_STEM_MATCH,"[""F_MIX_00366""]",1
drums,STEM,DRUMS_00271,71.81931972789116,DRUM_SUPPORTED,FULL_MIX_AND_STEM_MATCH,"[""F_MIX_00367""]",1
drums,STEM,DRUMS_00272,72.17922902494331,DRUM_SUPPORTED,FULL_MIX_AND_STEM_MATCH,"[""F_MIX_00369""]",1
drums,STEM,DRUMS_00273,72.4346485260771,DRUM_SUPPORTED,FULL_MIX_AND_STEM_MATCH,"[""F_MIX_00370""]",1
drums,STEM,DRUMS_00274,72.53913832199547,DRUM_SUPPORTED,FULL_MIX_AND_STEM_MATCH,"[""F_MIX_00371""]",1
drums,STEM,DRUMS_00275,72.88743764172335,DRUM_SUPPORTED,FULL_MIX_AND_STEM_MATCH,"[""F_MIX_00372""]",1
drums,STEM,DRUMS_00276,73.18929705215419,DRUM_SUPPORTED,FULL_MIX_AND_STEM_MATCH,"[""F_MIX_00373""]",1
drums,STEM,DRUMS_00277,73.52598639455782,,STEM_ONLY,[],0
drums,STEM,DRUMS_00278,73.60725623582766,DRUM_SUPPORTED,FULL_MIX_AND_STEM_MATCH,"[""F_MIX_00375""]",1
drums,STEM,DRUMS_00279,73.64208616780046,DRUM_SUPPORTED,FULL_MIX_AND_STEM_MATCH,"[""F_MIX_00376""]",1
drums,STEM,DRUMS_00280,73.88589569160997,DRUM_SUPPORTED,FULL_MIX_AND_STEM_MATCH,"[""F_MIX_00377""]",1
drums,STEM,DRUMS_00281,74.32707482993197,BASS_AND_DRUM_SUPPORTED,FULL_MIX_AND_STEM_MATCH,"[""F_MIX_00378""]",1
drums,STEM,DRUMS_00282,74.64054421768708,DRUM_SUPPORTED,FULL_MIX_AND_STEM_MATCH,"[""F_MIX_00379""]",1
drums,STEM,DRUMS_00283,74.71020408163265,BASS_AND_DRUM_SUPPORTED,FULL_MIX_AND_STEM_MATCH,"[""F_MIX_00380""]",1
drums,STEM,DRUMS_00284,75.07011337868481,BASS_AND_DRUM_SUPPORTED,FULL_MIX_AND_STEM_MATCH,"[""F_MIX_00382""]",1
drums,STEM,DRUMS_00285,75.34875283446712,DRUM_SUPPORTED,FULL_MIX_AND_STEM_MATCH,"[""F_MIX_00383""]",1
drums,STEM,DRUMS_00286,75.43002267573696,BASS_AND_DRUM_SUPPORTED,FULL_MIX_AND_STEM_MATCH,"[""F_MIX_00384""]",1
drums,STEM,DRUMS_00287,75.70866213151928,DRUM_SUPPORTED,FULL_MIX_AND_STEM_MATCH,"[""F_MIX_00385""]",1
drums,STEM,DRUMS_00288,75.80154195011337,DRUM_SUPPORTED,FULL_MIX_AND_STEM_MATCH,"[""F_MIX_00386""]",1
drums,STEM,DRUMS_00289,76.06857142857143,DRUM_SUPPORTED,FULL_MIX_AND_STEM_MATCH,"[""F_MIX_00387""]",1
drums,STEM,DRUMS_00290,76.16145124716553,,STEM_ONLY,[],0
drums,STEM,DRUMS_00291,76.42848072562359,UNKNOWN,FULL_MIX_AND_STEM_MATCH,"[""F_MIX_00388""]",1
drums,STEM,DRUMS_00292,76.52136054421769,DRUM_SUPPORTED,FULL_MIX_AND_STEM_MATCH,"[""F_MIX_00389""]",1
drums,STEM,DRUMS_00293,76.77678004535147,DRUM_SUPPORTED,FULL_MIX_AND_STEM_MATCH,"[""F_MIX_00390""]",1
drums,STEM,DRUMS_00294,77.04380952380953,,STEM_ONLY,[],0
drums,STEM,DRUMS_00295,77.13668934240363,DRUM_SUPPORTED,FULL_MIX_AND_STEM_MATCH,"[""F_MIX_00391""]",1
drums,STEM,DRUMS_00296,77.22956916099773,DRUM_SUPPORTED,FULL_MIX_AND_STEM_MATCH,"[""F_MIX_00392""]",1
drums,STEM,DRUMS_00297,77.48498866213151,DRUM_SUPPORTED,FULL_MIX_AND_STEM_MATCH,"[""F_MIX_00393""]",1
drums,STEM,DRUMS_00298,77.8681179138322,UNKNOWN,FULL_MIX_AND_STEM_MATCH,"[""F_MIX_00394""]",1
drums,STEM,DRUMS_00299,77.94938775510204,DRUM_SUPPORTED,FULL_MIX_AND_STEM_MATCH,"[""F_MIX_00395""]",1
drums,STEM,DRUMS_00300,78.2164172335601,DRUM_SUPPORTED,FULL_MIX_AND_STEM_MATCH,"[""F_MIX_00396""]",1
drums,STEM,DRUMS_00301,78.3092970521542,DRUM_SUPPORTED,FULL_MIX_AND_STEM_MATCH,"[""F_MIX_00397""]",1
drums,STEM,DRUMS_00302,78.57632653061225,UNKNOWN,FULL_MIX_AND_STEM_MATCH,"[""F_MIX_00398""]",1
drums,STEM,DRUMS_00303,78.6575963718821,,STEM_ONLY,[],0
drums,STEM,DRUMS_00304,78.9362358276644,DRUM_SUPPORTED,FULL_MIX_AND_STEM_MATCH,"[""F_MIX_00400""]",1
drums,STEM,DRUMS_00305,79.26131519274377,,STEM_ONLY,[],0
drums,STEM,DRUMS_00306,79.38902494331066,DRUM_SUPPORTED,FULL_MIX_AND_STEM_MATCH,"[""F_MIX_00403""]",1
drums,STEM,DRUMS_00307,79.63283446712018,DRUM_SUPPORTED,FULL_MIX_AND_STEM_MATCH,"[""F_MIX_00404""]",1
drums,STEM,DRUMS_00308,79.74893424036281,DRUM_SUPPORTED,FULL_MIX_AND_STEM_MATCH,"[""F_MIX_00405""]",1
drums,STEM,DRUMS_00309,80.0043537414966,DRUM_SUPPORTED,FULL_MIX_AND_STEM_MATCH,"[""F_MIX_00406""]",1
drums,STEM,DRUMS_00310,80.0972335600907,DRUM_SUPPORTED,FULL_MIX_AND_STEM_MATCH,"[""F_MIX_00407""]",1
drums,STEM,DRUMS_00311,80.35265306122449,DRUM_SUPPORTED,FULL_MIX_AND_STEM_MATCH,"[""F_MIX_00408""]",1
drums,STEM,DRUMS_00312,80.73578231292517,,STEM_ONLY,[],0
drums,STEM,DRUMS_00313,80.82866213151928,BASS_AND_DRUM_SUPPORTED,FULL_MIX_AND_STEM_MATCH,"[""F_MIX_00410""]",1
drums,STEM,DRUMS_00314,81.08408163265307,DRUM_SUPPORTED,FULL_MIX_AND_STEM_MATCH,"[""F_MIX_00411""]",1
drums,STEM,DRUMS_00315,81.21179138321996,DRUM_SUPPORTED,FULL_MIX_AND_STEM_MATCH,"[""F_MIX_00412""]",1
drums,STEM,DRUMS_00316,81.53687074829932,DRUM_SUPPORTED,FULL_MIX_AND_STEM_MATCH,"[""F_MIX_00414""]",1
drums,STEM,DRUMS_00317,81.81551020408163,UNKNOWN,FULL_MIX_AND_STEM_MATCH,"[""F_MIX_00415""]",1
drums,STEM,DRUMS_00318,81.90839002267573,BASS_AND_DRUM_SUPPORTED,FULL_MIX_AND_STEM_MATCH,"[""F_MIX_00416""]",1
drums,STEM,DRUMS_00319,82.17541950113379,UNKNOWN,FULL_MIX_AND_STEM_MATCH,"[""F_MIX_00417""]",1
drums,STEM,DRUMS_00320,82.25668934240363,DRUM_SUPPORTED,FULL_MIX_AND_STEM_MATCH,"[""F_MIX_00418""]",1
drums,STEM,DRUMS_00321,82.61659863945579,DRUM_SUPPORTED,FULL_MIX_AND_STEM_MATCH,"[""F_MIX_00419""]",1
drums,STEM,DRUMS_00322,82.96489795918367,,STEM_ONLY,[],0
drums,STEM,DRUMS_00323,82.99972789115647,UNKNOWN,FULL_MIX_AND_STEM_MATCH,"[""F_MIX_00420""]",1
drums,STEM,DRUMS_00324,83.34802721088435,DRUM_SUPPORTED,FULL_MIX_AND_STEM_MATCH,"[""F_MIX_00421""]",1
drums,STEM,DRUMS_00325,83.71954648526076,DRUM_SUPPORTED,FULL_MIX_AND_STEM_MATCH,"[""F_MIX_00422""]",1
drums,STEM,DRUMS_00326,84.09106575963719,BASS_AND_DRUM_SUPPORTED,FULL_MIX_AND_STEM_MATCH,"[""F_MIX_00423""]",1
drums,STEM,DRUMS_00327,84.45097505668934,BASS_AND_DRUM_SUPPORTED,FULL_MIX_AND_STEM_MATCH,"[""F_MIX_00424""]",1
drums,STEM,DRUMS_00328,84.82249433106576,BASS_AND_DRUM_SUPPORTED,FULL_MIX_AND_STEM_MATCH,"[""F_MIX_00426""]",1
drums,STEM,DRUMS_00329,85.17079365079366,BASS_AND_DRUM_SUPPORTED,FULL_MIX_AND_STEM_MATCH,"[""F_MIX_00428""]",1
drums,STEM,DRUMS_00330,85.46104308390022,DRUM_SUPPORTED,FULL_MIX_AND_STEM_MATCH,"[""F_MIX_00429""]",1
drums,STEM,DRUMS_00331,85.54231292517007,BASS_AND_DRUM_SUPPORTED,FULL_MIX_AND_STEM_MATCH,"[""F_MIX_00430""]",1
drums,STEM,DRUMS_00332,85.80934240362812,DRUM_SUPPORTED,FULL_MIX_AND_STEM_MATCH,"[""F_MIX_00431""]",1
drums,STEM,DRUMS_00333,85.90222222222222,BASS_AND_DRUM_SUPPORTED,FULL_MIX_AND_STEM_MATCH,"[""F_MIX_00432""]",1
drums,STEM,DRUMS_00334,86.16925170068028,UNKNOWN,FULL_MIX_AND_STEM_MATCH,"[""F_MIX_00433""]",1
drums,STEM,DRUMS_00335,86.2505215419501,BASS_AND_DRUM_SUPPORTED,FULL_MIX_AND_STEM_MATCH,"[""F_MIX_00434""]",1
drums,STEM,DRUMS_00336,86.61043083900226,BASS_AND_DRUM_SUPPORTED,FULL_MIX_AND_STEM_MATCH,"[""F_MIX_00436""]",1
drums,STEM,DRUMS_00337,86.98195011337869,BASS_AND_DRUM_SUPPORTED,FULL_MIX_AND_STEM_MATCH,"[""F_MIX_00438""]",1
drums,STEM,DRUMS_00338,87.33024943310657,DRUM_SUPPORTED,FULL_MIX_AND_STEM_MATCH,"[""F_MIX_00441""]",1
drums,STEM,DRUMS_00339,87.59727891156463,DRUM_SUPPORTED,FULL_MIX_AND_STEM_MATCH,"[""F_MIX_00442""]",1
drums,STEM,DRUMS_00340,88.03845804988661,BASS_AND_DRUM_SUPPORTED,FULL_MIX_AND_STEM_MATCH,"[""F_MIX_00443""]",1
drums,STEM,DRUMS_00341,88.39836734693877,,STEM_ONLY,[],0
drums,STEM,DRUMS_00342,88.75827664399092,BASS_AND_DRUM_SUPPORTED,FULL_MIX_AND_STEM_MATCH,"[""F_MIX_00445""]",1
drums,STEM,DRUMS_00343,89.10657596371883,BASS_AND_DRUM_SUPPORTED,FULL_MIX_AND_STEM_MATCH,"[""F_MIX_00447""]",1
drums,STEM,DRUMS_00344,89.47809523809524,BASS_AND_DRUM_SUPPORTED,FULL_MIX_AND_STEM_MATCH,"[""F_MIX_00448""]",1
drums,STEM,DRUMS_00345,89.83800453514739,,STEM_ONLY,[],0
drums,STEM,DRUMS_00346,90.19791383219955,,STEM_ONLY,[],0
drums,STEM,DRUMS_00347,90.45333333333333,DRUM_SUPPORTED,FULL_MIX_AND_STEM_MATCH,"[""F_MIX_00451""]",1
drums,STEM,DRUMS_00348,90.5578231292517,BASS_AND_DRUM_SUPPORTED,FULL_MIX_AND_STEM_MATCH,"[""F_MIX_00452""]",1
drums,STEM,DRUMS_00349,90.90612244897959,BASS_AND_DRUM_SUPPORTED,FULL_MIX_AND_STEM_MATCH,"[""F_MIX_00455""]",1
drums,STEM,DRUMS_00350,91.2195918367347,,STEM_ONLY,[],0
drums,STEM,DRUMS_00351,91.26603174603174,BASS_AND_DRUM_SUPPORTED,FULL_MIX_AND_STEM_MATCH,"[""F_MIX_00457""]",1
drums,STEM,DRUMS_00352,91.61433106575964,BASS_AND_DRUM_SUPPORTED,FULL_MIX_AND_STEM_MATCH,"[""F_MIX_00459""]",1
drums,STEM,DRUMS_00353,91.89297052154195,DRUM_SUPPORTED,FULL_MIX_AND_STEM_MATCH,"[""F_MIX_00460""]",1
drums,STEM,DRUMS_00354,92.22965986394559,,STEM_ONLY,[],0
drums,STEM,DRUMS_00355,92.33414965986394,DRUM_SUPPORTED,FULL_MIX_AND_STEM_MATCH,"[""F_MIX_00464""]",1
drums,STEM,DRUMS_00356,92.70566893424036,BASS_AND_DRUM_SUPPORTED,FULL_MIX_AND_STEM_MATCH,"[""F_MIX_00466""]",1
drums,STEM,DRUMS_00357,92.96108843537415,DRUM_SUPPORTED,FULL_MIX_AND_STEM_MATCH,"[""F_MIX_00467""]",1
drums,STEM,DRUMS_00358,93.42548752834468,DRUM_SUPPORTED,FULL_MIX_AND_STEM_MATCH,"[""F_MIX_00470""]",1
drums,STEM,DRUMS_00359,93.79700680272109,DRUM_SUPPORTED,FULL_MIX_AND_STEM_MATCH,"[""F_MIX_00472""]",1
drums,STEM,DRUMS_00360,94.02920634920635,DRUM_SUPPORTED,FULL_MIX_AND_STEM_MATCH,"[""F_MIX_00473""]",1
drums,STEM,DRUMS_00361,94.4239455782313,,STEM_ONLY,[],0
drums,STEM,DRUMS_00362,94.50521541950113,BASS_AND_DRUM_SUPPORTED,FULL_MIX_AND_STEM_MATCH,"[""F_MIX_00474""]",1
drums,STEM,DRUMS_00363,94.78385487528345,DRUM_SUPPORTED,FULL_MIX_AND_STEM_MATCH,"[""F_MIX_00475""]",1
drums,STEM,DRUMS_00364,95.21342403628118,,STEM_ONLY,[],0
drums,STEM,DRUMS_00365,95.51528344671202,DRUM_SUPPORTED,FULL_MIX_AND_STEM_MATCH,"[""F_MIX_00477""]",1
drums,STEM,DRUMS_00366,95.59655328798186,BASS_AND_DRUM_SUPPORTED,FULL_MIX_AND_STEM_MATCH,"[""F_MIX_00478""]",1
drums,STEM,DRUMS_00367,95.87519274376417,UNKNOWN,FULL_MIX_AND_STEM_MATCH,"[""F_MIX_00479""]",1
drums,STEM,DRUMS_00368,95.95646258503402,DRUM_SUPPORTED,FULL_MIX_AND_STEM_MATCH,"[""F_MIX_00480""]",1
drums,STEM,DRUMS_00369,96.22349206349206,DRUM_SUPPORTED,FULL_MIX_AND_STEM_MATCH,"[""F_MIX_00481""]",1
drums,STEM,DRUMS_00370,96.60662131519274,UNKNOWN,FULL_MIX_AND_STEM_MATCH,"[""F_MIX_00482""]",1
drums,STEM,DRUMS_00371,96.68789115646258,BASS_AND_DRUM_SUPPORTED,FULL_MIX_AND_STEM_MATCH,"[""F_MIX_00483""]",1
drums,STEM,DRUMS_00372,96.93170068027212,DRUM_SUPPORTED,FULL_MIX_AND_STEM_MATCH,"[""F_MIX_00484""]",1
drums,STEM,DRUMS_00373,97.4077097505669,DRUM_SUPPORTED,FULL_MIX_AND_STEM_MATCH,"[""F_MIX_00486""]",1
drums,STEM,DRUMS_00374,97.69795918367348,DRUM_SUPPORTED,FULL_MIX_AND_STEM_MATCH,"[""F_MIX_00487""]",1
drums,STEM,DRUMS_00375,98.15074829931973,DRUM_SUPPORTED,FULL_MIX_AND_STEM_MATCH,"[""F_MIX_00489""]",1
drums,STEM,DRUMS_00376,98.40616780045352,DRUM_SUPPORTED,FULL_MIX_AND_STEM_MATCH,"[""F_MIX_00490""]",1
drums,STEM,DRUMS_00377,98.87056689342404,DRUM_SUPPORTED,FULL_MIX_AND_STEM_MATCH,"[""F_MIX_00492""]",1
drums,STEM,DRUMS_00378,99.20725623582767,,STEM_ONLY,[],0
drums,STEM,DRUMS_00379,99.46267573696146,DRUM_SUPPORTED,FULL_MIX_AND_STEM_MATCH,"[""F_MIX_00494""]",1
drums,STEM,DRUMS_00380,99.57877551020408,BASS_AND_DRUM_SUPPORTED,FULL_MIX_AND_STEM_MATCH,"[""F_MIX_00495""]",1
drums,STEM,DRUMS_00381,99.8574149659864,UNKNOWN,FULL_MIX_AND_STEM_MATCH,"[""F_MIX_00496""]",1
drums,STEM,DRUMS_00382,99.93868480725624,BASS_AND_DRUM_SUPPORTED,FULL_MIX_AND_STEM_MATCH,"[""F_MIX_00497""]",1
drums,STEM,DRUMS_00383,100.29859410430839,BASS_AND_DRUM_SUPPORTED,FULL_MIX_AND_STEM_MATCH,"[""F_MIX_00500""]",1
drums,STEM,DRUMS_00384,100.6701133786848,BASS_AND_DRUM_SUPPORTED,FULL_MIX_AND_STEM_MATCH,"[""F_MIX_00502""]",1
drums,STEM,DRUMS_00385,101.03002267573696,,STEM_ONLY,[],0
drums,STEM,DRUMS_00386,101.40154195011338,,STEM_ONLY,[],0
drums,STEM,DRUMS_00387,101.78467120181406,BASS_AND_DRUM_SUPPORTED,FULL_MIX_AND_STEM_MATCH,"[""F_MIX_00507""]",1
drums,STEM,DRUMS_00388,102.0517006802721,DRUM_SUPPORTED,FULL_MIX_AND_STEM_MATCH,"[""F_MIX_00508""]",1
drums,STEM,DRUMS_00389,102.4928798185941,DRUM_SUPPORTED,FULL_MIX_AND_STEM_MATCH,"[""F_MIX_00510""]",1
drums,STEM,DRUMS_00390,102.84117913832199,,STEM_ONLY,[],0
drums,STEM,DRUMS_00391,103.21269841269842,BASS_AND_DRUM_SUPPORTED,FULL_MIX_AND_STEM_MATCH,"[""F_MIX_00512""]",1
drums,STEM,DRUMS_00392,103.49133786848073,DRUM_SUPPORTED,FULL_MIX_AND_STEM_MATCH,"[""F_MIX_00513""]",1
drums,STEM,DRUMS_00393,103.58421768707483,BASS_AND_DRUM_SUPPORTED,FULL_MIX_AND_STEM_MATCH,"[""F_MIX_00514""]",1
drums,STEM,DRUMS_00394,103.93251700680273,BASS_AND_DRUM_SUPPORTED,FULL_MIX_AND_STEM_MATCH,"[""F_MIX_00516""]",1
drums,STEM,DRUMS_00395,104.18793650793651,DRUM_SUPPORTED,FULL_MIX_AND_STEM_MATCH,"[""F_MIX_00517""]",1
drums,STEM,DRUMS_00396,104.30403628117914,DRUM_SUPPORTED,FULL_MIX_AND_STEM_MATCH,"[""F_MIX_00519""]",1
drums,STEM,DRUMS_00397,104.54784580498867,DRUM_SUPPORTED,FULL_MIX_AND_STEM_MATCH,"[""F_MIX_00521""]",1
drums,STEM,DRUMS_00398,104.65233560090702,BASS_AND_DRUM_SUPPORTED,FULL_MIX_AND_STEM_MATCH,"[""F_MIX_00522""]",1
drums,STEM,DRUMS_00399,104.90775510204081,DRUM_SUPPORTED,FULL_MIX_AND_STEM_MATCH,"[""F_MIX_00523""]",1
drums,STEM,DRUMS_00400,105.02385487528345,DRUM_SUPPORTED,FULL_MIX_AND_STEM_MATCH,"[""F_MIX_00524""]",1
drums,STEM,DRUMS_00401,105.27927437641723,UNKNOWN,FULL_MIX_AND_STEM_MATCH,"[""F_MIX_00525""]",1
drums,STEM,DRUMS_00402,105.37215419501133,DRUM_SUPPORTED,FULL_MIX_AND_STEM_MATCH,"[""F_MIX_00526""]",1
drums,STEM,DRUMS_00403,105.61596371882086,DRUM_SUPPORTED,FULL_MIX_AND_STEM_MATCH,"[""F_MIX_00527""]",1
drums,STEM,DRUMS_00404,106.10358276643991,DRUM_SUPPORTED,FULL_MIX_AND_STEM_MATCH,"[""F_MIX_00528""]",1
drums,STEM,DRUMS_00405,106.3590022675737,DRUM_SUPPORTED,FULL_MIX_AND_STEM_MATCH,"[""F_MIX_00529""]",1
drums,STEM,DRUMS_00406,106.81179138321995,DRUM_SUPPORTED,FULL_MIX_AND_STEM_MATCH,"[""F_MIX_00530""]",1
drums,STEM,DRUMS_00407,107.06721088435374,DRUM_SUPPORTED,FULL_MIX_AND_STEM_MATCH,"[""F_MIX_00531""]",1
drums,STEM,DRUMS_00408,107.18331065759637,DRUM_SUPPORTED,FULL_MIX_AND_STEM_MATCH,"[""F_MIX_00532""]",1
drums,STEM,DRUMS_00409,107.41551020408163,DRUM_SUPPORTED,FULL_MIX_AND_STEM_MATCH,"[""F_MIX_00533""]",1
drums,STEM,DRUMS_00410,107.76380952380953,DRUM_SUPPORTED,FULL_MIX_AND_STEM_MATCH,"[""F_MIX_00535""]",1
drums,STEM,DRUMS_00411,108.10049886621316,DRUM_SUPPORTED,FULL_MIX_AND_STEM_MATCH,"[""F_MIX_00537""]",1
drums,STEM,DRUMS_00412,108.2398185941043,DRUM_SUPPORTED,FULL_MIX_AND_STEM_MATCH,"[""F_MIX_00538""]",1
drums,STEM,DRUMS_00413,108.4604081632653,DRUM_SUPPORTED,FULL_MIX_AND_STEM_MATCH,"[""F_MIX_00539""]",1
drums,STEM,DRUMS_00414,108.95963718820862,DRUM_SUPPORTED,FULL_MIX_AND_STEM_MATCH,"[""F_MIX_00541""]",1
drums,STEM,DRUMS_00415,109.18022675736961,DRUM_SUPPORTED,FULL_MIX_AND_STEM_MATCH,"[""F_MIX_00542""]",1
drums,STEM,DRUMS_00416,109.52852607709751,,STEM_ONLY,[],0
drums,STEM,DRUMS_00417,109.64462585034013,DRUM_SUPPORTED,FULL_MIX_AND_STEM_MATCH,"[""F_MIX_00544""]",1
drums,STEM,DRUMS_00418,110.25995464852608,,STEM_ONLY,[],0
drums,STEM,DRUMS_00419,110.7243537414966,DRUM_SUPPORTED,FULL_MIX_AND_STEM_MATCH,"[""F_MIX_00549""]",1
drums,STEM,DRUMS_00420,110.99138321995464,DRUM_SUPPORTED,FULL_MIX_AND_STEM_MATCH,"[""F_MIX_00551""]",1
drums,STEM,DRUMS_00421,111.45578231292517,DRUM_SUPPORTED,FULL_MIX_AND_STEM_MATCH,"[""F_MIX_00554""]",1
drums,STEM,DRUMS_00422,111.81569160997732,DRUM_SUPPORTED,FULL_MIX_AND_STEM_MATCH,"[""F_MIX_00556""]",1
drums,STEM,DRUMS_00423,112.17560090702948,,STEM_ONLY,[],0
drums,STEM,DRUMS_00424,112.5471201814059,DRUM_SUPPORTED,FULL_MIX_AND_STEM_MATCH,"[""F_MIX_00560""]",1
drums,STEM,DRUMS_00425,112.91863945578231,,STEM_ONLY,[],0
drums,STEM,DRUMS_00426,113.2669387755102,DRUM_SUPPORTED,FULL_MIX_AND_STEM_MATCH,"[""F_MIX_00563""]",1
drums,STEM,DRUMS_00427,113.53396825396825,DRUM_SUPPORTED,FULL_MIX_AND_STEM_MATCH,"[""F_MIX_00564""]",1
drums,STEM,DRUMS_00428,113.91709750566893,UNKNOWN,FULL_MIX_AND_STEM_MATCH,"[""F_MIX_00566""]",1
drums,STEM,DRUMS_00429,113.99836734693878,DRUM_SUPPORTED,FULL_MIX_AND_STEM_MATCH,"[""F_MIX_00567""]",1
drums,STEM,DRUMS_00430,114.35827664399093,,STEM_ONLY,[],0
drums,STEM,DRUMS_00431,114.70657596371882,DRUM_SUPPORTED,FULL_MIX_AND_STEM_MATCH,"[""F_MIX_00569""]",1
drums,STEM,DRUMS_00432,114.9619954648526,DRUM_SUPPORTED,FULL_MIX_AND_STEM_MATCH,"[""F_MIX_00570""]",1
drums,STEM,DRUMS_00433,115.06648526077097,BASS_AND_DRUM_SUPPORTED,FULL_MIX_AND_STEM_MATCH,"[""F_MIX_00571""]",1
drums,STEM,DRUMS_00434,115.42639455782313,BASS_AND_DRUM_SUPPORTED,FULL_MIX_AND_STEM_MATCH,"[""F_MIX_00572""]",1
drums,STEM,DRUMS_00435,115.79791383219954,BASS_AND_DRUM_SUPPORTED,FULL_MIX_AND_STEM_MATCH,"[""F_MIX_00573""]",1
drums,STEM,DRUMS_00436,116.14621315192744,,STEM_ONLY,[],0
drums,STEM,DRUMS_00437,116.5061224489796,BASS_AND_DRUM_SUPPORTED,FULL_MIX_AND_STEM_MATCH,"[""F_MIX_00576""]",1
drums,STEM,DRUMS_00438,116.86603174603175,BASS_AND_DRUM_SUPPORTED,FULL_MIX_AND_STEM_MATCH,"[""F_MIX_00578""]",1
drums,STEM,DRUMS_00439,117.26077097505669,DRUM_SUPPORTED,FULL_MIX_AND_STEM_MATCH,"[""F_MIX_00580""]",1
drums,STEM,DRUMS_00440,117.59746031746032,DRUM_SUPPORTED,FULL_MIX_AND_STEM_MATCH,"[""F_MIX_00582""]",1
drums,STEM,DRUMS_00441,117.980589569161,BASS_AND_DRUM_SUPPORTED,FULL_MIX_AND_STEM_MATCH,"[""F_MIX_00583""]",1
drums,STEM,DRUMS_00442,118.35210884353741,BASS_AND_DRUM_SUPPORTED,FULL_MIX_AND_STEM_MATCH,"[""F_MIX_00584""]",1
drums,STEM,DRUMS_00443,118.64235827664399,UNKNOWN,FULL_MIX_AND_STEM_MATCH,"[""F_MIX_00585""]",1
drums,STEM,DRUMS_00444,118.72362811791383,BASS_AND_DRUM_SUPPORTED,FULL_MIX_AND_STEM_MATCH,"[""F_MIX_00586""]",1
drums,STEM,DRUMS_00445,119.07192743764172,BASS_AND_DRUM_SUPPORTED,FULL_MIX_AND_STEM_MATCH,"[""F_MIX_00587""]",1
drums,STEM,DRUMS_00446,119.44344671201814,DRUM_SUPPORTED,FULL_MIX_AND_STEM_MATCH,"[""F_MIX_00589""]",1
drums,STEM,DRUMS_00447,119.79174603174603,BASS_AND_DRUM_SUPPORTED,FULL_MIX_AND_STEM_MATCH,"[""F_MIX_00591""]",1
drums,STEM,DRUMS_00448,120.07038548752834,BASS_AND_DRUM_SUPPORTED,FULL_MIX_AND_STEM_MATCH,"[""F_MIX_00592""]",1
drums,STEM,DRUMS_00449,120.52317460317461,DRUM_SUPPORTED,FULL_MIX_AND_STEM_MATCH,"[""F_MIX_00594""]",1
drums,STEM,DRUMS_00450,120.88308390022675,,STEM_ONLY,[],0
drums,STEM,DRUMS_00451,121.2429931972789,BASS_AND_DRUM_SUPPORTED,FULL_MIX_AND_STEM_MATCH,"[""F_MIX_00597""]",1
drums,STEM,DRUMS_00452,121.52163265306122,,STEM_ONLY,[],0
drums,STEM,DRUMS_00453,121.97442176870749,BASS_AND_DRUM_SUPPORTED,FULL_MIX_AND_STEM_MATCH,"[""F_MIX_00600""]",1
drums,STEM,DRUMS_00454,122.33433106575964,BASS_AND_DRUM_SUPPORTED,FULL_MIX_AND_STEM_MATCH,"[""F_MIX_00602""]",1
drums,STEM,DRUMS_00455,122.6942403628118,BASS_AND_DRUM_SUPPORTED,FULL_MIX_AND_STEM_MATCH,"[""F_MIX_00603""]",1
drums,STEM,DRUMS_00456,123.05414965986395,BASS_AND_DRUM_SUPPORTED,FULL_MIX_AND_STEM_MATCH,"[""F_MIX_00604""]",1
drums,STEM,DRUMS_00457,123.42566893424036,BASS_AND_DRUM_SUPPORTED,FULL_MIX_AND_STEM_MATCH,"[""F_MIX_00606""]",1
drums,STEM,DRUMS_00458,123.79718820861677,BASS_AND_DRUM_SUPPORTED,FULL_MIX_AND_STEM_MATCH,"[""F_MIX_00608""]",1
drums,STEM,DRUMS_00459,124.14548752834467,BASS_AND_DRUM_SUPPORTED,FULL_MIX_AND_STEM_MATCH,"[""F_MIX_00610""]",1
drums,STEM,DRUMS_00460,124.41251700680272,DRUM_SUPPORTED,FULL_MIX_AND_STEM_MATCH,"[""F_MIX_00611""]",1
drums,STEM,DRUMS_00461,124.87691609977324,BASS_AND_DRUM_SUPPORTED,FULL_MIX_AND_STEM_MATCH,"[""F_MIX_00613""]",1
drums,STEM,DRUMS_00462,125.22521541950114,BASS_AND_DRUM_SUPPORTED,FULL_MIX_AND_STEM_MATCH,"[""F_MIX_00615""]",1
drums,STEM,DRUMS_00463,125.58512471655328,BASS_AND_DRUM_SUPPORTED,FULL_MIX_AND_STEM_MATCH,"[""F_MIX_00616""]",1
drums,STEM,DRUMS_00464,125.84054421768707,DRUM_SUPPORTED,FULL_MIX_AND_STEM_MATCH,"[""F_MIX_00617""]",1
drums,STEM,DRUMS_00465,126.22367346938775,UNKNOWN,FULL_MIX_AND_STEM_MATCH,"[""F_MIX_00619""]",1
drums,STEM,DRUMS_00466,126.30494331065759,BASS_AND_DRUM_SUPPORTED,FULL_MIX_AND_STEM_MATCH,"[""F_MIX_00620""]",1
drums,STEM,DRUMS_00467,126.57197278911565,,STEM_ONLY,[],0
drums,STEM,DRUMS_00468,127.01315192743765,DRUM_SUPPORTED,FULL_MIX_AND_STEM_MATCH,"[""F_MIX_00624""]",1
drums,STEM,DRUMS_00469,127.28018140589569,DRUM_SUPPORTED,FULL_MIX_AND_STEM_MATCH,"[""F_MIX_00625""]",1
drums,STEM,DRUMS_00470,127.65170068027211,UNKNOWN,FULL_MIX_AND_STEM_MATCH,"[""F_MIX_00627""]",1
drums,STEM,DRUMS_00471,127.74458049886621,DRUM_SUPPORTED,FULL_MIX_AND_STEM_MATCH,"[""F_MIX_00628""]",1
drums,STEM,DRUMS_00472,128.04643990929705,,STEM_ONLY,[],0
drums,STEM,DRUMS_00473,128.1277097505669,DRUM_SUPPORTED,FULL_MIX_AND_STEM_MATCH,"[""F_MIX_00630""]",1
drums,STEM,DRUMS_00474,128.39473922902494,UNKNOWN,FULL_MIX_AND_STEM_MATCH,"[""F_MIX_00631""]",1
drums,STEM,DRUMS_00475,128.48761904761903,DRUM_SUPPORTED,FULL_MIX_AND_STEM_MATCH,"[""F_MIX_00632""]",1
drums,STEM,DRUMS_00476,128.87074829931973,UNKNOWN,FULL_MIX_AND_STEM_MATCH,"[""F_MIX_00634""]",1
drums,STEM,DRUMS_00477,129.20743764172335,DRUM_SUPPORTED,FULL_MIX_AND_STEM_MATCH,"[""F_MIX_00635""]",1
drums,STEM,DRUMS_00478,129.4744671201814,DRUM_SUPPORTED,FULL_MIX_AND_STEM_MATCH,"[""F_MIX_00637""]",1
drums,STEM,DRUMS_00479,129.84598639455783,DRUM_SUPPORTED,FULL_MIX_AND_STEM_MATCH,"[""F_MIX_00638""]",1
drums,STEM,DRUMS_00480,129.92725623582766,DRUM_SUPPORTED,FULL_MIX_AND_STEM_MATCH,"[""F_MIX_00639""]",1
drums,STEM,DRUMS_00481,130.27555555555554,DRUM_SUPPORTED,FULL_MIX_AND_STEM_MATCH,"[""F_MIX_00640""]",1
drums,STEM,DRUMS_00482,130.5193650793651,DRUM_SUPPORTED,FULL_MIX_AND_STEM_MATCH,"[""F_MIX_00641""]",1
drums,STEM,DRUMS_00483,130.6354648526077,DRUM_SUPPORTED,FULL_MIX_AND_STEM_MATCH,"[""F_MIX_00642""]",1
drums,STEM,DRUMS_00484,130.87927437641724,UNKNOWN,FULL_MIX_AND_STEM_MATCH,"[""F_MIX_00643""]",1
drums,STEM,DRUMS_00485,130.99537414965985,DRUM_SUPPORTED,FULL_MIX_AND_STEM_MATCH,"[""F_MIX_00645""]",1
drums,STEM,DRUMS_00486,131.28562358276645,,STEM_ONLY,[],0
drums,STEM,DRUMS_00487,131.3320634920635,UNKNOWN,FULL_MIX_AND_STEM_MATCH,"[""F_MIX_00647""]",1
drums,STEM,DRUMS_00488,131.58748299319728,DRUM_SUPPORTED,FULL_MIX_AND_STEM_MATCH,"[""F_MIX_00648""]",1
drums,STEM,DRUMS_00489,132.0518820861678,,STEM_ONLY,[],0
drums,STEM,DRUMS_00490,132.0867120181406,DRUM_SUPPORTED,FULL_MIX_AND_STEM_MATCH,"[""F_MIX_00649""]",1
drums,STEM,DRUMS_00491,132.31891156462586,DRUM_SUPPORTED,FULL_MIX_AND_STEM_MATCH,"[""F_MIX_00650""]",1
drums,STEM,DRUMS_00492,132.69043083900226,UNKNOWN,FULL_MIX_AND_STEM_MATCH,"[""F_MIX_00652""]",1
drums,STEM,DRUMS_00493,132.77170068027212,DRUM_SUPPORTED,FULL_MIX_AND_STEM_MATCH,"[""F_MIX_00653""]",1
drums,STEM,DRUMS_00494,133.07356009070295,,STEM_ONLY,[],0
drums,STEM,DRUMS_00495,133.14321995464852,,STEM_ONLY,[],0
drums,STEM,DRUMS_00496,133.3986394557823,,STEM_ONLY,[],0
drums,STEM,DRUMS_00497,133.51473922902494,DRUM_SUPPORTED,FULL_MIX_AND_STEM_MATCH,"[""F_MIX_00656""]",1
drums,STEM,DRUMS_00498,133.85142857142858,DRUM_SUPPORTED,FULL_MIX_AND_STEM_MATCH,"[""F_MIX_00658""]",1
drums,STEM,DRUMS_00499,134.22294784580498,DRUM_SUPPORTED,FULL_MIX_AND_STEM_MATCH,"[""F_MIX_00660""]",1
drums,STEM,DRUMS_00500,134.47836734693877,UNKNOWN,FULL_MIX_AND_STEM_MATCH,"[""F_MIX_00661""]",1
drums,STEM,DRUMS_00501,134.93115646258502,DRUM_SUPPORTED,FULL_MIX_AND_STEM_MATCH,"[""F_MIX_00662""]",1
drums,STEM,DRUMS_00502,135.24462585034013,,STEM_ONLY,[],0
drums,STEM,DRUMS_00503,135.30267573696145,DRUM_SUPPORTED,FULL_MIX_AND_STEM_MATCH,"[""F_MIX_00663""]",1
drums,STEM,DRUMS_00504,135.6625850340136,DRUM_SUPPORTED,FULL_MIX_AND_STEM_MATCH,"[""F_MIX_00664""]",1
drums,STEM,DRUMS_00505,135.95283446712017,,STEM_ONLY,[],0
drums,STEM,DRUMS_00506,136.02249433106576,DRUM_SUPPORTED,FULL_MIX_AND_STEM_MATCH,"[""F_MIX_00665""]",1
drums,STEM,DRUMS_00507,136.35918367346937,DRUM_SUPPORTED,FULL_MIX_AND_STEM_MATCH,"[""F_MIX_00666""]",1
drums,STEM,DRUMS_00508,136.74231292517007,DRUM_SUPPORTED,FULL_MIX_AND_STEM_MATCH,"[""F_MIX_00668""]",1
drums,STEM,DRUMS_00509,137.10222222222222,DRUM_SUPPORTED,FULL_MIX_AND_STEM_MATCH,"[""F_MIX_00670""]",1
drums,STEM,DRUMS_00510,137.357641723356,DRUM_SUPPORTED,FULL_MIX_AND_STEM_MATCH,"[""F_MIX_00671""]",1
drums,STEM,DRUMS_00511,137.47374149659865,DRUM_SUPPORTED,FULL_MIX_AND_STEM_MATCH,"[""F_MIX_00672""]",1
drums,STEM,DRUMS_00512,137.82204081632653,DRUM_SUPPORTED,FULL_MIX_AND_STEM_MATCH,"[""F_MIX_00674""]",1
drums,STEM,DRUMS_00513,138.10068027210883,DRUM_SUPPORTED,FULL_MIX_AND_STEM_MATCH,"[""F_MIX_00675""]",1
drums,STEM,DRUMS_00514,138.54185941043085,DRUM_SUPPORTED,FULL_MIX_AND_STEM_MATCH,"[""F_MIX_00676""]",1
drums,STEM,DRUMS_00515,138.79727891156463,DRUM_SUPPORTED,FULL_MIX_AND_STEM_MATCH,"[""F_MIX_00677""]",1
drums,STEM,DRUMS_00516,139.2500680272109,DRUM_SUPPORTED,FULL_MIX_AND_STEM_MATCH,"[""F_MIX_00679""]",1
drums,STEM,DRUMS_00517,139.50548752834467,UNKNOWN,FULL_MIX_AND_STEM_MATCH,"[""F_MIX_00680""]",1
drums,STEM,DRUMS_00518,139.6215873015873,DRUM_SUPPORTED,FULL_MIX_AND_STEM_MATCH,"[""F_MIX_00681""]",1
drums,STEM,DRUMS_00519,139.88861678004534,UNKNOWN,FULL_MIX_AND_STEM_MATCH,"[""F_MIX_00682""]",1
drums,STEM,DRUMS_00520,139.9698866213152,DRUM_SUPPORTED,FULL_MIX_AND_STEM_MATCH,"[""F_MIX_00683""]",1
drums,STEM,DRUMS_00521,140.21369614512471,DRUM_SUPPORTED,FULL_MIX_AND_STEM_MATCH,"[""F_MIX_00684""]",1
drums,STEM,DRUMS_00522,140.70131519274378,DRUM_SUPPORTED,FULL_MIX_AND_STEM_MATCH,"[""F_MIX_00686""]",1
drums,STEM,DRUMS_00523,141.0612244897959,DRUM_SUPPORTED,FULL_MIX_AND_STEM_MATCH,"[""F_MIX_00687""]",1
drums,STEM,DRUMS_00524,141.40952380952382,DRUM_SUPPORTED,FULL_MIX_AND_STEM_MATCH,"[""F_MIX_00689""]",1
drums,STEM,DRUMS_00525,141.79265306122448,DRUM_SUPPORTED,FULL_MIX_AND_STEM_MATCH,"[""F_MIX_00691""]",1
drums,STEM,DRUMS_00526,142.12934240362813,DRUM_SUPPORTED,FULL_MIX_AND_STEM_MATCH,"[""F_MIX_00692""]",1
drums,STEM,DRUMS_00527,142.1641723356009,DRUM_SUPPORTED,FULL_MIX_AND_STEM_MATCH,"[""F_MIX_00693""]",1
drums,STEM,DRUMS_00528,142.4428117913832,DRUM_SUPPORTED,FULL_MIX_AND_STEM_MATCH,"[""F_MIX_00694""]",1
drums,STEM,DRUMS_00529,142.86077097505668,DRUM_SUPPORTED,FULL_MIX_AND_STEM_MATCH,"[""F_MIX_00695""]",1
drums,STEM,DRUMS_00530,143.2322902494331,DRUM_SUPPORTED,FULL_MIX_AND_STEM_MATCH,"[""F_MIX_00697""]",1
drums,STEM,DRUMS_00531,143.59219954648526,DRUM_SUPPORTED,FULL_MIX_AND_STEM_MATCH,"[""F_MIX_00699""]",1
drums,STEM,DRUMS_00532,143.9637188208617,DRUM_SUPPORTED,FULL_MIX_AND_STEM_MATCH,"[""F_MIX_00700""]",1
drums,STEM,DRUMS_00533,144.32362811791384,DRUM_SUPPORTED,FULL_MIX_AND_STEM_MATCH,"[""F_MIX_00702""]",1
drums,STEM,DRUMS_00534,144.62548752834468,UNKNOWN,FULL_MIX_AND_STEM_MATCH,"[""F_MIX_00703""]",1
drums,STEM,DRUMS_00535,144.69514739229024,,STEM_ONLY,[],0
drums,STEM,DRUMS_00536,145.03183673469388,DRUM_SUPPORTED,FULL_MIX_AND_STEM_MATCH,"[""F_MIX_00705""]",1
drums,STEM,DRUMS_00537,145.29886621315194,DRUM_SUPPORTED,FULL_MIX_AND_STEM_MATCH,"[""F_MIX_00706""]",1
drums,STEM,DRUMS_00538,145.7516553287982,DRUM_SUPPORTED,FULL_MIX_AND_STEM_MATCH,"[""F_MIX_00708""]",1
drums,STEM,DRUMS_00539,146.05351473922903,,STEM_ONLY,[],0
drums,STEM,DRUMS_00540,146.13478458049886,DRUM_SUPPORTED,FULL_MIX_AND_STEM_MATCH,"[""F_MIX_00710""]",1
drums,STEM,DRUMS_00541,146.49469387755101,DRUM_SUPPORTED,FULL_MIX_AND_STEM_MATCH,"[""F_MIX_00711""]",1
drums,STEM,DRUMS_00542,147.01714285714286,UNKNOWN,FULL_MIX_AND_STEM_MATCH,"[""F_MIX_00715""]",1
drums,STEM,DRUMS_00543,147.19129251700681,DRUM_SUPPORTED,FULL_MIX_AND_STEM_MATCH,"[""F_MIX_00718""]",1
drums,STEM,DRUMS_00544,147.4699319727891,UNKNOWN,FULL_MIX_AND_STEM_MATCH,"[""F_MIX_00720""]",1
drums,STEM,DRUMS_00545,147.5628117913832,UNKNOWN,FULL_MIX_AND_STEM_MATCH,"[""F_MIX_00721""]",1
drums,STEM,DRUMS_00546,147.9111111111111,DRUM_SUPPORTED,FULL_MIX_AND_STEM_MATCH,"[""F_MIX_00725""]",1
drums,STEM,DRUMS_00547,148.18975056689342,UNKNOWN,FULL_MIX_AND_STEM_MATCH,"[""F_MIX_00728""]",1
drums,STEM,DRUMS_00548,148.2942403628118,DRUM_SUPPORTED,FULL_MIX_AND_STEM_MATCH,"[""F_MIX_00729""]",1
drums,STEM,DRUMS_00549,148.61931972789117,UNKNOWN,FULL_MIX_AND_STEM_MATCH,"[""F_MIX_00731""]",1
drums,STEM,DRUMS_00550,148.921179138322,UNKNOWN,FULL_MIX_AND_STEM_MATCH,"[""F_MIX_00732""]",1
drums,STEM,DRUMS_00551,149.02566893424037,UNKNOWN,FULL_MIX_AND_STEM_MATCH,"[""F_MIX_00733""]",1
drums,STEM,DRUMS_00552,149.2926984126984,UNKNOWN,FULL_MIX_AND_STEM_MATCH,"[""F_MIX_00735""]",1
drums,STEM,DRUMS_00553,149.362358276644,UNKNOWN,FULL_MIX_AND_STEM_MATCH,"[""F_MIX_00736""]",1
drums,STEM,DRUMS_00554,149.65260770975055,UNKNOWN,FULL_MIX_AND_STEM_MATCH,"[""F_MIX_00737""]",1
drums,STEM,DRUMS_00555,149.75709750566892,,STEM_ONLY,[],0
drums,STEM,DRUMS_00556,150.00090702947847,DRUM_SUPPORTED,FULL_MIX_AND_STEM_MATCH,"[""F_MIX_00740""]",1
drums,STEM,DRUMS_00557,150.11700680272108,DRUM_SUPPORTED,FULL_MIX_AND_STEM_MATCH,"[""F_MIX_00741""]",1
drums,STEM,DRUMS_00558,150.37242630385487,DRUM_SUPPORTED,FULL_MIX_AND_STEM_MATCH,"[""F_MIX_00743""]",1
drums,STEM,DRUMS_00559,150.465306122449,DRUM_SUPPORTED,FULL_MIX_AND_STEM_MATCH,"[""F_MIX_00744""]",1
drums,STEM,DRUMS_00560,150.8019954648526,DRUM_SUPPORTED,FULL_MIX_AND_STEM_MATCH,"[""F_MIX_00746""]",1
drums,STEM,DRUMS_00561,151.0806349206349,UNKNOWN,FULL_MIX_AND_STEM_MATCH,"[""F_MIX_00748""]",1
drums,STEM,DRUMS_00562,151.17351473922903,DRUM_SUPPORTED,FULL_MIX_AND_STEM_MATCH,"[""F_MIX_00749""]",1
drums,STEM,DRUMS_00563,151.44054421768706,UNKNOWN,FULL_MIX_AND_STEM_MATCH,"[""F_MIX_00750""]",1
drums,STEM,DRUMS_00564,151.54503401360543,UNKNOWN,FULL_MIX_AND_STEM_MATCH,"[""F_MIX_00751""]",1
drums,STEM,DRUMS_00565,151.82367346938776,,STEM_ONLY,[],0
drums,STEM,DRUMS_00566,151.88172335600908,,STEM_ONLY,[],0
drums,STEM,DRUMS_00567,152.276462585034,DRUM_SUPPORTED,FULL_MIX_AND_STEM_MATCH,"[""F_MIX_00754""]",1
drums,STEM,DRUMS_00568,152.55510204081634,UNKNOWN,FULL_MIX_AND_STEM_MATCH,"[""F_MIX_00756""]",1
drums,STEM,DRUMS_00569,152.6595918367347,DRUM_SUPPORTED,FULL_MIX_AND_STEM_MATCH,"[""F_MIX_00757""]",1
drums,STEM,DRUMS_00570,153.01950113378686,DRUM_SUPPORTED,FULL_MIX_AND_STEM_MATCH,"[""F_MIX_00758""]",1
drums,STEM,DRUMS_00571,153.27492063492065,,STEM_ONLY,[],0
drums,STEM,DRUMS_00572,153.37941043083902,DRUM_SUPPORTED,FULL_MIX_AND_STEM_MATCH,"[""F_MIX_00759""]",1
drums,STEM,DRUMS_00573,153.73931972789114,DRUM_SUPPORTED,FULL_MIX_AND_STEM_MATCH,"[""F_MIX_00760""]",1
drums,STEM,DRUMS_00574,154.11083900226757,DRUM_SUPPORTED,FULL_MIX_AND_STEM_MATCH,"[""F_MIX_00762""]",1
drums,STEM,DRUMS_00575,154.45913832199545,DRUM_SUPPORTED,FULL_MIX_AND_STEM_MATCH,"[""F_MIX_00763""]",1
drums,STEM,DRUMS_00576,154.7261678004535,,STEM_ONLY,[],0
drums,STEM,DRUMS_00577,154.83065759637188,DRUM_SUPPORTED,FULL_MIX_AND_STEM_MATCH,"[""F_MIX_00765""]",1
drums,STEM,DRUMS_00578,155.09768707482993,UNKNOWN,FULL_MIX_AND_STEM_MATCH,"[""F_MIX_00766""]",1
drums,STEM,DRUMS_00579,155.19056689342403,DRUM_SUPPORTED,FULL_MIX_AND_STEM_MATCH,"[""F_MIX_00767""]",1
drums,STEM,DRUMS_00580,155.4575963718821,DRUM_SUPPORTED,FULL_MIX_AND_STEM_MATCH,"[""F_MIX_00768""]",1
drums,STEM,DRUMS_00581,155.89877551020408,DRUM_SUPPORTED,FULL_MIX_AND_STEM_MATCH,"[""F_MIX_00771""]",1
drums,STEM,DRUMS_00582,156.16580498866213,DRUM_SUPPORTED,FULL_MIX_AND_STEM_MATCH,"[""F_MIX_00772""]",1
drums,STEM,DRUMS_00583,156.6185941043084,DRUM_SUPPORTED,FULL_MIX_AND_STEM_MATCH,"[""F_MIX_00775""]",1
drums,STEM,DRUMS_00584,156.87401360544217,DRUM_SUPPORTED,FULL_MIX_AND_STEM_MATCH,"[""F_MIX_00776""]",1
drums,STEM,DRUMS_00585,156.9901133786848,,STEM_ONLY,[],0
drums,STEM,DRUMS_00586,157.2455328798186,,STEM_ONLY,[],0
drums,STEM,DRUMS_00587,157.35002267573697,DRUM_SUPPORTED,FULL_MIX_AND_STEM_MATCH,"[""F_MIX_00777""]",1
drums,STEM,DRUMS_00588,157.61705215419502,DRUM_SUPPORTED,FULL_MIX_AND_STEM_MATCH,"[""F_MIX_00778""]",1
drums,STEM,DRUMS_00589,157.7215419501134,DRUM_SUPPORTED,FULL_MIX_AND_STEM_MATCH,"[""F_MIX_00779""]",1
drums,STEM,DRUMS_00590,158.08145124716555,DRUM_SUPPORTED,FULL_MIX_AND_STEM_MATCH,"[""F_MIX_00781""]",1
drums,STEM,DRUMS_00591,158.4645804988662,DRUM_SUPPORTED,FULL_MIX_AND_STEM_MATCH,"[""F_MIX_00782""]",1
drums,STEM,DRUMS_00592,158.74321995464854,UNKNOWN,FULL_MIX_AND_STEM_MATCH,"[""F_MIX_00783""]",1
drums,STEM,DRUMS_00593,158.82448979591837,DRUM_SUPPORTED,FULL_MIX_AND_STEM_MATCH,"[""F_MIX_00784""]",1
drums,STEM,DRUMS_00594,159.09151927437642,UNKNOWN,FULL_MIX_AND_STEM_MATCH,"[""F_MIX_00785""]",1
drums,STEM,DRUMS_00595,159.18439909297052,DRUM_SUPPORTED,FULL_MIX_AND_STEM_MATCH,"[""F_MIX_00786""]",1
drums,STEM,DRUMS_00596,159.4746485260771,UNKNOWN,FULL_MIX_AND_STEM_MATCH,"[""F_MIX_00788""]",1
drums,STEM,DRUMS_00597,159.55591836734695,DRUM_SUPPORTED,FULL_MIX_AND_STEM_MATCH,"[""F_MIX_00789""]",1
drums,STEM,DRUMS_00598,159.9158276643991,UNKNOWN,FULL_MIX_AND_STEM_MATCH,"[""F_MIX_00792""]",1
drums,STEM,DRUMS_00599,160.2873469387755,DRUM_SUPPORTED,FULL_MIX_AND_STEM_MATCH,"[""F_MIX_00794""]",1
drums,STEM,DRUMS_00600,160.5775963718821,,STEM_ONLY,[],0
drums,STEM,DRUMS_00601,160.64725623582765,DRUM_SUPPORTED,FULL_MIX_AND_STEM_MATCH,"[""F_MIX_00795""]",1
drums,STEM,DRUMS_00602,161.03038548752835,DRUM_SUPPORTED,FULL_MIX_AND_STEM_MATCH,"[""F_MIX_00798""]",1
drums,STEM,DRUMS_00603,161.2974149659864,UNKNOWN,FULL_MIX_AND_STEM_MATCH,"[""F_MIX_00801""]",1
drums,STEM,DRUMS_00604,161.36707482993197,UNKNOWN,FULL_MIX_AND_STEM_MATCH,"[""F_MIX_00802""]",1
drums,STEM,DRUMS_00605,161.7385941043084,DRUM_SUPPORTED,FULL_MIX_AND_STEM_MATCH,"[""F_MIX_00805""]",1
drums,STEM,DRUMS_00606,161.99401360544218,UNKNOWN,FULL_MIX_AND_STEM_MATCH,"[""F_MIX_00806""]",1
drums,STEM,DRUMS_00607,162.09850340136055,DRUM_SUPPORTED,FULL_MIX_AND_STEM_MATCH,"[""F_MIX_00807""]",1
drums,STEM,DRUMS_00608,162.4584126984127,DRUM_SUPPORTED,FULL_MIX_AND_STEM_MATCH,"[""F_MIX_00808""]",1
drums,STEM,DRUMS_00609,162.70222222222222,DRUM_SUPPORTED,FULL_MIX_AND_STEM_MATCH,"[""F_MIX_00809""]",1
drums,STEM,DRUMS_00610,162.8067120181406,UNKNOWN,FULL_MIX_AND_STEM_MATCH,"[""F_MIX_00810""]",1
drums,STEM,DRUMS_00611,163.07374149659864,,STEM_ONLY,[],0
drums,STEM,DRUMS_00612,163.178231292517,DRUM_SUPPORTED,FULL_MIX_AND_STEM_MATCH,"[""F_MIX_00813""]",1
drums,STEM,DRUMS_00613,163.44526077097507,UNKNOWN,FULL_MIX_AND_STEM_MATCH,"[""F_MIX_00814""]",1
drums,STEM,DRUMS_00614,163.53814058956917,,STEM_ONLY,[],0
drums,STEM,DRUMS_00615,163.9096598639456,DRUM_SUPPORTED,FULL_MIX_AND_STEM_MATCH,"[""F_MIX_00816""]",1
drums,STEM,DRUMS_00616,164.26956916099772,DRUM_SUPPORTED,FULL_MIX_AND_STEM_MATCH,"[""F_MIX_00818""]",1
drums,STEM,DRUMS_00617,164.62947845804987,DRUM_SUPPORTED,FULL_MIX_AND_STEM_MATCH,"[""F_MIX_00821""]",1
drums,STEM,DRUMS_00618,164.66430839002268,DRUM_SUPPORTED,FULL_MIX_AND_STEM_MATCH,"[""F_MIX_00822""]",1
drums,STEM,DRUMS_00619,165.29124716553287,,STEM_ONLY,[],0
drums,STEM,DRUMS_00620,165.37251700680272,DRUM_SUPPORTED,FULL_MIX_AND_STEM_MATCH,"[""F_MIX_00824""]",1
drums,STEM,DRUMS_00621,165.7208163265306,DRUM_SUPPORTED,FULL_MIX_AND_STEM_MATCH,"[""F_MIX_00826""]",1
drums,STEM,DRUMS_00622,166.08072562358277,DRUM_SUPPORTED,FULL_MIX_AND_STEM_MATCH,"[""F_MIX_00828""]",1
drums,STEM,DRUMS_00623,166.37097505668933,UNKNOWN,FULL_MIX_AND_STEM_MATCH,"[""F_MIX_00829""]",1
drums,STEM,DRUMS_00624,166.4522448979592,DRUM_SUPPORTED,FULL_MIX_AND_STEM_MATCH,"[""F_MIX_00830""]",1
drums,STEM,DRUMS_00625,166.70766439909298,DRUM_SUPPORTED,FULL_MIX_AND_STEM_MATCH,"[""F_MIX_00832""]",1
drums,STEM,DRUMS_00626,166.82376417233561,,STEM_ONLY,[],0
drums,STEM,DRUMS_00627,167.14884353741496,DRUM_SUPPORTED,FULL_MIX_AND_STEM_MATCH,"[""F_MIX_00834""]",1
drums,STEM,DRUMS_00628,167.4274829931973,UNKNOWN,FULL_MIX_AND_STEM_MATCH,"[""F_MIX_00836""]",1
drums,STEM,DRUMS_00629,167.50875283446712,DRUM_SUPPORTED,FULL_MIX_AND_STEM_MATCH,"[""F_MIX_00837""]",1
drums,STEM,DRUMS_00630,167.77578231292517,UNKNOWN,FULL_MIX_AND_STEM_MATCH,"[""F_MIX_00838""]",1
drums,STEM,DRUMS_00631,167.86866213151927,,STEM_ONLY,[],0
drums,STEM,DRUMS_00632,168.15891156462584,UNKNOWN,FULL_MIX_AND_STEM_MATCH,"[""F_MIX_00839""]",1
drums,STEM,DRUMS_00633,168.22857142857143,,STEM_ONLY,[],0
drums,STEM,DRUMS_00634,168.49560090702948,DRUM_SUPPORTED,FULL_MIX_AND_STEM_MATCH,"[""F_MIX_00841""]",1
drums,STEM,DRUMS_00635,168.60009070294785,DRUM_SUPPORTED,FULL_MIX_AND_STEM_MATCH,"[""F_MIX_00842""]",1
drums,STEM,DRUMS_00636,168.94839002267574,DRUM_SUPPORTED,FULL_MIX_AND_STEM_MATCH,"[""F_MIX_00844""]",1
drums,STEM,DRUMS_00637,169.20380952380953,DRUM_SUPPORTED,FULL_MIX_AND_STEM_MATCH,"[""F_MIX_00845""]",1
drums,STEM,DRUMS_00638,169.3082993197279,DRUM_SUPPORTED,FULL_MIX_AND_STEM_MATCH,"[""F_MIX_00846""]",1
drums,STEM,DRUMS_00639,169.69142857142856,DRUM_SUPPORTED,FULL_MIX_AND_STEM_MATCH,"[""F_MIX_00847""]",1
drums,STEM,DRUMS_00640,169.94684807256235,,STEM_ONLY,[],0
drums,STEM,DRUMS_00641,170.05133786848072,DRUM_SUPPORTED,FULL_MIX_AND_STEM_MATCH,"[""F_MIX_00850""]",1
drums,STEM,DRUMS_00642,170.39963718820863,DRUM_SUPPORTED,FULL_MIX_AND_STEM_MATCH,"[""F_MIX_00852""]",1
drums,STEM,DRUMS_00643,170.67827664399093,UNKNOWN,FULL_MIX_AND_STEM_MATCH,"[""F_MIX_00853""]",1
drums,STEM,DRUMS_00644,170.75954648526078,DRUM_SUPPORTED,FULL_MIX_AND_STEM_MATCH,"[""F_MIX_00854""]",1
drums,STEM,DRUMS_00645,170.99174603174603,DRUM_SUPPORTED,FULL_MIX_AND_STEM_MATCH,"[""F_MIX_00855""]",1
drums,STEM,DRUMS_00646,171.10784580498867,DRUM_SUPPORTED,FULL_MIX_AND_STEM_MATCH,"[""F_MIX_00856""]",1
drums,STEM,DRUMS_00647,171.36326530612246,DRUM_SUPPORTED,FULL_MIX_AND_STEM_MATCH,"[""F_MIX_00857""]",1
drums,STEM,DRUMS_00648,171.46775510204083,DRUM_SUPPORTED,FULL_MIX_AND_STEM_MATCH,"[""F_MIX_00858""]",1
drums,STEM,DRUMS_00649,171.83927437641722,DRUM_SUPPORTED,FULL_MIX_AND_STEM_MATCH,"[""F_MIX_00860""]",1
drums,STEM,DRUMS_00650,172.094693877551,,STEM_ONLY,[],0
drums,STEM,DRUMS_00651,172.18757369614514,DRUM_SUPPORTED,FULL_MIX_AND_STEM_MATCH,"[""F_MIX_00862""]",1
drums,STEM,DRUMS_00652,172.5474829931973,DRUM_SUPPORTED,FULL_MIX_AND_STEM_MATCH,"[""F_MIX_00864""]",1
drums,STEM,DRUMS_00653,172.81451247165532,,STEM_ONLY,[],0
drums,STEM,DRUMS_00654,172.89578231292518,DRUM_SUPPORTED,FULL_MIX_AND_STEM_MATCH,"[""F_MIX_00866""]",1
drums,STEM,DRUMS_00655,173.16281179138323,UNKNOWN,FULL_MIX_AND_STEM_MATCH,"[""F_MIX_00867""]",1
drums,STEM,DRUMS_00656,173.25569160997733,DRUM_SUPPORTED,FULL_MIX_AND_STEM_MATCH,"[""F_MIX_00868""]",1
drums,STEM,DRUMS_00657,173.638820861678,DRUM_SUPPORTED,FULL_MIX_AND_STEM_MATCH,"[""F_MIX_00870""]",1
drums,STEM,DRUMS_00658,173.87102040816328,DRUM_SUPPORTED,FULL_MIX_AND_STEM_MATCH,"[""F_MIX_00871""]",1
drums,STEM,DRUMS_00659,173.96390022675737,DRUM_SUPPORTED,FULL_MIX_AND_STEM_MATCH,"[""F_MIX_00872""]",1
drums,STEM,DRUMS_00660,174.23092970521543,UNKNOWN,FULL_MIX_AND_STEM_MATCH,"[""F_MIX_00874""]",1
drums,STEM,DRUMS_00661,174.32380952380953,DRUM_SUPPORTED,FULL_MIX_AND_STEM_MATCH,"[""F_MIX_00875""]",1
drums,STEM,DRUMS_00662,174.5908390022676,UNKNOWN,FULL_MIX_AND_STEM_MATCH,"[""F_MIX_00876""]",1
drums,STEM,DRUMS_00663,174.69532879818595,DRUM_SUPPORTED,FULL_MIX_AND_STEM_MATCH,"[""F_MIX_00877""]",1
drums,STEM,DRUMS_00664,174.95074829931974,DRUM_SUPPORTED,FULL_MIX_AND_STEM_MATCH,"[""F_MIX_00878""]",1
drums,STEM,DRUMS_00665,174.98557823129252,UNKNOWN,FULL_MIX_AND_STEM_MATCH,"[""F_MIX_00879""]",1
drums,STEM,DRUMS_00666,175.05523809523808,DRUM_SUPPORTED,FULL_MIX_AND_STEM_MATCH,"[""F_MIX_00880""]",1
drums,STEM,DRUMS_00667,175.403537414966,,STEM_ONLY,[],0
drums,STEM,DRUMS_00668,175.78666666666666,DRUM_SUPPORTED,FULL_MIX_AND_STEM_MATCH,"[""F_MIX_00886""]",1
drums,STEM,DRUMS_00669,176.14657596371882,DRUM_SUPPORTED,FULL_MIX_AND_STEM_MATCH,"[""F_MIX_00889""]",1
drums,STEM,DRUMS_00670,176.5297052154195,DRUM_SUPPORTED,FULL_MIX_AND_STEM_MATCH,"[""F_MIX_00892""]",1
drums,STEM,DRUMS_00671,176.79673469387754,DRUM_SUPPORTED,FULL_MIX_AND_STEM_MATCH,"[""F_MIX_00893""]",1
drums,STEM,DRUMS_00672,176.88961451247167,,STEM_ONLY,[],0
drums,STEM,DRUMS_00673,177.23791383219955,DRUM_SUPPORTED,FULL_MIX_AND_STEM_MATCH,"[""F_MIX_00895""]",1
drums,STEM,DRUMS_00674,177.5978231292517,DRUM_SUPPORTED,FULL_MIX_AND_STEM_MATCH,"[""F_MIX_00896""]",1
drums,STEM,DRUMS_00675,177.86485260770976,DRUM_SUPPORTED,FULL_MIX_AND_STEM_MATCH,"[""F_MIX_00897""]",1
drums,STEM,DRUMS_00676,178.2247619047619,UNKNOWN,FULL_MIX_AND_STEM_MATCH,"[""F_MIX_00898""]",1
drums,STEM,DRUMS_00677,178.32925170068026,DRUM_SUPPORTED,FULL_MIX_AND_STEM_MATCH,"[""F_MIX_00899""]",1
drums,STEM,DRUMS_00678,178.5730612244898,DRUM_SUPPORTED,FULL_MIX_AND_STEM_MATCH,"[""F_MIX_00900""]",1
drums,STEM,DRUMS_00679,179.02585034013606,DRUM_SUPPORTED,FULL_MIX_AND_STEM_MATCH,"[""F_MIX_00901""]",1
drums,STEM,DRUMS_00680,179.29287981859412,,STEM_ONLY,[],0
drums,STEM,DRUMS_00681,179.39736961451248,DRUM_SUPPORTED,FULL_MIX_AND_STEM_MATCH,"[""F_MIX_00902""]",1
drums,STEM,DRUMS_00682,179.74566893424037,DRUM_SUPPORTED,FULL_MIX_AND_STEM_MATCH,"[""F_MIX_00903""]",1
drums,STEM,DRUMS_00683,180.12879818594104,DRUM_SUPPORTED,FULL_MIX_AND_STEM_MATCH,"[""F_MIX_00905""]",1
drums,STEM,DRUMS_00684,180.3958276643991,DRUM_SUPPORTED,FULL_MIX_AND_STEM_MATCH,"[""F_MIX_00906""]",1
drums,STEM,DRUMS_00685,180.4887074829932,DRUM_SUPPORTED,FULL_MIX_AND_STEM_MATCH,"[""F_MIX_00907""]",1
drums,STEM,DRUMS_00686,180.74412698412698,DRUM_SUPPORTED,FULL_MIX_AND_STEM_MATCH,"[""F_MIX_00908""]",1
drums,STEM,DRUMS_00687,180.84861678004535,DRUM_SUPPORTED,FULL_MIX_AND_STEM_MATCH,"[""F_MIX_00909""]",1
drums,STEM,DRUMS_00688,181.23174603174604,DRUM_SUPPORTED,FULL_MIX_AND_STEM_MATCH,"[""F_MIX_00911""]",1
drums,STEM,DRUMS_00689,181.48716553287983,DRUM_SUPPORTED,FULL_MIX_AND_STEM_MATCH,"[""F_MIX_00912""]",1
drums,STEM,DRUMS_00690,181.56843537414966,UNKNOWN,FULL_MIX_AND_STEM_MATCH,"[""F_MIX_00913""]",1
drums,STEM,DRUMS_00691,181.95156462585035,DRUM_SUPPORTED,FULL_MIX_AND_STEM_MATCH,"[""F_MIX_00916""]",1
drums,STEM,DRUMS_00692,182.20698412698414,DRUM_SUPPORTED,FULL_MIX_AND_STEM_MATCH,"[""F_MIX_00917""]",1
drums,STEM,DRUMS_00693,182.29986394557824,UNKNOWN,FULL_MIX_AND_STEM_MATCH,"[""F_MIX_00918""]",1
drums,STEM,DRUMS_00694,182.6829931972789,DRUM_SUPPORTED,FULL_MIX_AND_STEM_MATCH,"[""F_MIX_00920""]",1
drums,STEM,DRUMS_00695,182.95002267573696,DRUM_SUPPORTED,FULL_MIX_AND_STEM_MATCH,"[""F_MIX_00921""]",1
drums,STEM,DRUMS_00696,183.04290249433106,DRUM_SUPPORTED,FULL_MIX_AND_STEM_MATCH,"[""F_MIX_00922""]",1
drums,STEM,DRUMS_00697,183.28671201814058,,STEM_ONLY,[],0
drums,STEM,DRUMS_00698,183.64662131519273,DRUM_SUPPORTED,FULL_MIX_AND_STEM_MATCH,"[""F_MIX_00923""]",1
drums,STEM,DRUMS_00699,183.7511111111111,DRUM_SUPPORTED,FULL_MIX_AND_STEM_MATCH,"[""F_MIX_00924""]",1
drums,STEM,DRUMS_00700,184.01814058956916,UNKNOWN,FULL_MIX_AND_STEM_MATCH,"[""F_MIX_00927""]",1
drums,STEM,DRUMS_00701,184.3548299319728,UNKNOWN,FULL_MIX_AND_STEM_MATCH,"[""F_MIX_00929""]",1
drums,STEM,DRUMS_00702,184.45931972789117,DRUM_SUPPORTED,FULL_MIX_AND_STEM_MATCH,"[""F_MIX_00930""]",1
drums,STEM,DRUMS_00703,184.73795918367347,UNKNOWN,FULL_MIX_AND_STEM_MATCH,"[""F_MIX_00931""]",1
drums,STEM,DRUMS_00704,184.84244897959184,DRUM_SUPPORTED,FULL_MIX_AND_STEM_MATCH,"[""F_MIX_00932""]",1
drums,STEM,DRUMS_00705,185.08625850340135,,STEM_ONLY,[],0
drums,STEM,DRUMS_00706,185.56226757369615,,STEM_ONLY,[],0
drums,STEM,DRUMS_00707,185.80607709750566,DRUM_SUPPORTED,FULL_MIX_AND_STEM_MATCH,"[""F_MIX_00936""]",1
drums,STEM,DRUMS_00708,185.91056689342403,DRUM_SUPPORTED,FULL_MIX_AND_STEM_MATCH,"[""F_MIX_00937""]",1
drums,STEM,DRUMS_00709,186.15437641723355,DRUM_SUPPORTED,FULL_MIX_AND_STEM_MATCH,"[""F_MIX_00938""]",1
drums,STEM,DRUMS_00710,186.28208616780046,DRUM_SUPPORTED,FULL_MIX_AND_STEM_MATCH,"[""F_MIX_00939""]",1
drums,STEM,DRUMS_00711,186.56072562358275,,STEM_ONLY,[],0
drums,STEM,DRUMS_00712,186.6419954648526,DRUM_SUPPORTED,FULL_MIX_AND_STEM_MATCH,"[""F_MIX_00940""]",1
drums,STEM,DRUMS_00713,186.81614512471654,UNKNOWN,FULL_MIX_AND_STEM_MATCH,"[""F_MIX_00942""]",1
drums,STEM,DRUMS_00714,187.00190476190477,DRUM_SUPPORTED,FULL_MIX_AND_STEM_MATCH,"[""F_MIX_00943""]",1
drums,STEM,DRUMS_00715,187.26893424036282,DRUM_SUPPORTED,FULL_MIX_AND_STEM_MATCH,"[""F_MIX_00944""]",1
drums,STEM,DRUMS_00716,187.72172335600908,DRUM_SUPPORTED,FULL_MIX_AND_STEM_MATCH,"[""F_MIX_00948""]",1
drums,STEM,DRUMS_00717,188.10485260770974,,STEM_ONLY,[],0
drums,STEM,DRUMS_00718,188.36027210884353,,STEM_ONLY,[],0
drums,STEM,DRUMS_00719,188.45315192743763,DRUM_SUPPORTED,FULL_MIX_AND_STEM_MATCH,"[""F_MIX_00950""]",1
drums,STEM,DRUMS_00720,188.73179138321996,,STEM_ONLY,[],0
drums,STEM,DRUMS_00721,188.8130612244898,DRUM_SUPPORTED,FULL_MIX_AND_STEM_MATCH,"[""F_MIX_00951""]",1
drums,STEM,DRUMS_00722,189.1613605442177,,STEM_ONLY,[],0
drums,STEM,DRUMS_00723,189.4167800453515,DRUM_SUPPORTED,FULL_MIX_AND_STEM_MATCH,"[""F_MIX_00954""]",1
drums,STEM,DRUMS_00724,189.88117913832198,,STEM_ONLY,[],0
drums,STEM,DRUMS_00725,190.1598185941043,UNKNOWN,FULL_MIX_AND_STEM_MATCH,"[""F_MIX_00956""]",1
drums,STEM,DRUMS_00726,190.26430839002268,DRUM_SUPPORTED,FULL_MIX_AND_STEM_MATCH,"[""F_MIX_00957""]",1
drums,STEM,DRUMS_00727,190.6009977324263,BASS_AND_DRUM_SUPPORTED,FULL_MIX_AND_STEM_MATCH,"[""F_MIX_00958""]",1
drums,STEM,DRUMS_00728,190.84480725623584,DRUM_SUPPORTED,FULL_MIX_AND_STEM_MATCH,"[""F_MIX_00959""]",1
drums,STEM,DRUMS_00729,191.23954648526077,,STEM_ONLY,[],0
drums,STEM,DRUMS_00730,191.33242630385487,DRUM_SUPPORTED,FULL_MIX_AND_STEM_MATCH,"[""F_MIX_00960""]",1
drums,STEM,DRUMS_00731,191.5762358276644,DRUM_SUPPORTED,FULL_MIX_AND_STEM_MATCH,"[""F_MIX_00961""]",1
drums,STEM,DRUMS_00732,191.92453514739228,DRUM_SUPPORTED,FULL_MIX_AND_STEM_MATCH,"[""F_MIX_00963""]",1
drums,STEM,DRUMS_00733,192.05224489795918,UNKNOWN,FULL_MIX_AND_STEM_MATCH,"[""F_MIX_00964""]",1
drums,STEM,DRUMS_00734,192.28444444444443,DRUM_SUPPORTED,FULL_MIX_AND_STEM_MATCH,"[""F_MIX_00965""]",1
drums,STEM,DRUMS_00735,192.63274376417235,DRUM_SUPPORTED,FULL_MIX_AND_STEM_MATCH,"[""F_MIX_00966""]",1
drums,STEM,DRUMS_00736,192.74884353741496,DRUM_SUPPORTED,FULL_MIX_AND_STEM_MATCH,"[""F_MIX_00967""]",1
drums,STEM,DRUMS_00737,192.96943310657596,DRUM_SUPPORTED,FULL_MIX_AND_STEM_MATCH,"[""F_MIX_00968""]",1
drums,STEM,DRUMS_00738,193.31773242630385,DRUM_SUPPORTED,FULL_MIX_AND_STEM_MATCH,"[""F_MIX_00969""]",1
drums,STEM,DRUMS_00739,193.457052154195,DRUM_SUPPORTED,FULL_MIX_AND_STEM_MATCH,"[""F_MIX_00970""]",1
drums,STEM,DRUMS_00740,193.7705215419501,DRUM_SUPPORTED,FULL_MIX_AND_STEM_MATCH,"[""F_MIX_00972""]",1
drums,STEM,DRUMS_00741,194.14204081632653,DRUM_SUPPORTED,FULL_MIX_AND_STEM_MATCH,"[""F_MIX_00973""]",1
drums,STEM,DRUMS_00742,194.3742403628118,DRUM_SUPPORTED,FULL_MIX_AND_STEM_MATCH,"[""F_MIX_00974""]",1
drums,STEM,DRUMS_00743,194.73414965986396,DRUM_SUPPORTED,FULL_MIX_AND_STEM_MATCH,"[""F_MIX_00975""]",1
drums,STEM,DRUMS_00744,194.8386394557823,UNKNOWN,FULL_MIX_AND_STEM_MATCH,"[""F_MIX_00976""]",1
drums,STEM,DRUMS_00745,194.97795918367348,UNKNOWN,FULL_MIX_AND_STEM_MATCH,"[""F_MIX_00977""]",1
drums,STEM,DRUMS_00746,195.11727891156463,DRUM_SUPPORTED,FULL_MIX_AND_STEM_MATCH,"[""F_MIX_00979""]",1
drums,STEM,DRUMS_00747,195.1869387755102,DRUM_SUPPORTED,FULL_MIX_AND_STEM_MATCH,"[""F_MIX_00980""]",1
drums,STEM,DRUMS_00748,195.25659863945577,DRUM_SUPPORTED,FULL_MIX_AND_STEM_MATCH,"[""F_MIX_00981""]",1
drums,STEM,DRUMS_00749,195.50040816326532,DRUM_SUPPORTED,FULL_MIX_AND_STEM_MATCH,"[""F_MIX_00982""]",1
drums,STEM,DRUMS_00750,195.8487074829932,DRUM_SUPPORTED,FULL_MIX_AND_STEM_MATCH,"[""F_MIX_00983""]",1
drums,STEM,DRUMS_00751,195.96480725623582,DRUM_SUPPORTED,FULL_MIX_AND_STEM_MATCH,"[""F_MIX_00984""]",1
drums,STEM,DRUMS_00752,196.2202267573696,DRUM_SUPPORTED,FULL_MIX_AND_STEM_MATCH,"[""F_MIX_00985""]",1
drums,STEM,DRUMS_00753,196.45242630385488,DRUM_SUPPORTED,FULL_MIX_AND_STEM_MATCH,"[""F_MIX_00986""]",1
drums,STEM,DRUMS_00754,196.8239455782313,DRUM_SUPPORTED,FULL_MIX_AND_STEM_MATCH,"[""F_MIX_00987""]",1
drums,STEM,DRUMS_00755,197.06775510204082,DRUM_SUPPORTED,FULL_MIX_AND_STEM_MATCH,"[""F_MIX_00988""]",1
drums,STEM,DRUMS_00756,197.1722448979592,DRUM_SUPPORTED,FULL_MIX_AND_STEM_MATCH,"[""F_MIX_00989""]",1
drums,STEM,DRUMS_00757,197.27673469387756,DRUM_SUPPORTED,FULL_MIX_AND_STEM_MATCH,"[""F_MIX_00990""]",1
drums,STEM,DRUMS_00758,197.40444444444444,DRUM_SUPPORTED,FULL_MIX_AND_STEM_MATCH,"[""F_MIX_00991""]",1
drums,STEM,DRUMS_00759,197.4857142857143,DRUM_SUPPORTED,FULL_MIX_AND_STEM_MATCH,"[""F_MIX_00992""]",1
drums,STEM,DRUMS_00760,197.6018140589569,DRUM_SUPPORTED,FULL_MIX_AND_STEM_MATCH,"[""F_MIX_00993""]",1
drums,STEM,DRUMS_00761,197.84562358276645,,STEM_ONLY,[],0
drums,STEM,DRUMS_00762,197.96172335600906,DRUM_SUPPORTED,FULL_MIX_AND_STEM_MATCH,"[""F_MIX_00995""]",1
drums,STEM,DRUMS_00763,198.62349206349205,DRUM_SUPPORTED,FULL_MIX_AND_STEM_MATCH,"[""F_MIX_00996""]",1
drums,STEM,DRUMS_00764,199.07628117913833,DRUM_SUPPORTED,FULL_MIX_AND_STEM_MATCH,"[""F_MIX_00997""]",1
drums,STEM,DRUMS_00765,199.81931972789116,DRUM_SUPPORTED,FULL_MIX_AND_STEM_MATCH,"[""F_MIX_00999""]",1
drums,STEM,DRUMS_00766,200.16761904761904,DRUM_SUPPORTED,FULL_MIX_AND_STEM_MATCH,"[""F_MIX_01000""]",1
drums,STEM,DRUMS_00767,200.45786848072564,,STEM_ONLY,[],0
drums,STEM,DRUMS_00768,200.55074829931974,,STEM_ONLY,[],0
drums,STEM,DRUMS_00769,200.79455782312925,DRUM_SUPPORTED,FULL_MIX_AND_STEM_MATCH,"[""F_MIX_01001""]",1
drums,STEM,DRUMS_00770,200.88743764172335,,STEM_ONLY,[],0
drums,STEM,DRUMS_00771,201.14285714285714,,STEM_ONLY,[],0
drums,STEM,DRUMS_00772,201.2473469387755,DRUM_SUPPORTED,FULL_MIX_AND_STEM_MATCH,"[""F_MIX_01002""]",1
drums,STEM,DRUMS_00773,201.5027664399093,DRUM_SUPPORTED,FULL_MIX_AND_STEM_MATCH,"[""F_MIX_01003""]",1
drums,STEM,DRUMS_00774,201.96716553287982,DRUM_SUPPORTED,FULL_MIX_AND_STEM_MATCH,"[""F_MIX_01006""]",1
drums,STEM,DRUMS_00775,202.2225850340136,UNKNOWN,FULL_MIX_AND_STEM_MATCH,"[""F_MIX_01007""]",1
drums,STEM,DRUMS_00776,202.28063492063492,DRUM_SUPPORTED,FULL_MIX_AND_STEM_MATCH,"[""F_MIX_01008""]",1
drums,STEM,DRUMS_00777,202.59410430839003,UNKNOWN,FULL_MIX_AND_STEM_MATCH,"[""F_MIX_01009""]",1
drums,STEM,DRUMS_00778,202.68698412698413,DRUM_SUPPORTED,FULL_MIX_AND_STEM_MATCH,"[""F_MIX_01010""]",1
drums,STEM,DRUMS_00779,202.91918367346938,,STEM_ONLY,[],0
drums,STEM,DRUMS_00780,203.2907029478458,,STEM_ONLY,[],0
drums,STEM,DRUMS_00781,203.3835827664399,DRUM_SUPPORTED,FULL_MIX_AND_STEM_MATCH,"[""F_MIX_01014""]",1
drums,STEM,DRUMS_00782,203.66222222222223,DRUM_SUPPORTED,FULL_MIX_AND_STEM_MATCH,"[""F_MIX_01015""]",1
drums,STEM,DRUMS_00783,203.75510204081633,DRUM_SUPPORTED,FULL_MIX_AND_STEM_MATCH,"[""F_MIX_01016""]",1
drums,STEM,DRUMS_00784,203.98730158730157,,STEM_ONLY,[],0
drums,STEM,DRUMS_00785,204.03374149659865,DRUM_SUPPORTED,FULL_MIX_AND_STEM_MATCH,"[""F_MIX_01017""]",1
drums,STEM,DRUMS_00786,204.3356009070295,DRUM_SUPPORTED,FULL_MIX_AND_STEM_MATCH,"[""F_MIX_01018""]",1
drums,STEM,DRUMS_00787,204.70712018140588,DRUM_SUPPORTED,FULL_MIX_AND_STEM_MATCH,"[""F_MIX_01019""]",1
drums,STEM,DRUMS_00788,204.84643990929706,UNKNOWN,FULL_MIX_AND_STEM_MATCH,"[""F_MIX_01020""]",1
drums,STEM,DRUMS_00789,205.06702947845804,DRUM_SUPPORTED,FULL_MIX_AND_STEM_MATCH,"[""F_MIX_01021""]",1
drums,STEM,DRUMS_00790,205.43854875283446,DRUM_SUPPORTED,FULL_MIX_AND_STEM_MATCH,"[""F_MIX_01022""]",1
drums,STEM,DRUMS_00791,205.5546485260771,UNKNOWN,FULL_MIX_AND_STEM_MATCH,"[""F_MIX_01023""]",1
drums,STEM,DRUMS_00792,205.8100680272109,DRUM_SUPPORTED,FULL_MIX_AND_STEM_MATCH,"[""F_MIX_01024""]",1
drums,STEM,DRUMS_00793,206.16997732426304,DRUM_SUPPORTED,FULL_MIX_AND_STEM_MATCH,"[""F_MIX_01025""]",1
drums,STEM,DRUMS_00794,206.28607709750568,DRUM_SUPPORTED,FULL_MIX_AND_STEM_MATCH,"[""F_MIX_01026""]",1
drums,STEM,DRUMS_00795,206.50666666666666,DRUM_SUPPORTED,FULL_MIX_AND_STEM_MATCH,"[""F_MIX_01027""]",1
drums,STEM,DRUMS_00796,206.86657596371882,DRUM_SUPPORTED,FULL_MIX_AND_STEM_MATCH,"[""F_MIX_01028""]",1
drums,STEM,DRUMS_00797,206.99428571428572,DRUM_SUPPORTED,FULL_MIX_AND_STEM_MATCH,"[""F_MIX_01029""]",1
drums,STEM,DRUMS_00798,207.13360544217687,DRUM_SUPPORTED,FULL_MIX_AND_STEM_MATCH,"[""F_MIX_01030""]",1
drums,STEM,DRUMS_00799,207.26131519274375,UNKNOWN,FULL_MIX_AND_STEM_MATCH,"[""F_MIX_01031""]",1
drums,STEM,DRUMS_00800,207.35419501133788,DRUM_SUPPORTED,FULL_MIX_AND_STEM_MATCH,"[""F_MIX_01032""]",1
drums,STEM,DRUMS_00801,209.258231292517,DRUM_SUPPORTED,FULL_MIX_AND_STEM_MATCH,"[""F_MIX_01033""]",1
drums,STEM,DRUMS_00802,209.6065306122449,DRUM_SUPPORTED,FULL_MIX_AND_STEM_MATCH,"[""F_MIX_01035""]",1
drums,STEM,DRUMS_00803,209.9780498866213,DRUM_SUPPORTED,FULL_MIX_AND_STEM_MATCH,"[""F_MIX_01036""]",1
drums,STEM,DRUMS_00804,210.2682993197279,UNKNOWN,FULL_MIX_AND_STEM_MATCH,"[""F_MIX_01039""]",1
drums,STEM,DRUMS_00805,210.34956916099773,DRUM_SUPPORTED,FULL_MIX_AND_STEM_MATCH,"[""F_MIX_01040""]",1
drums,STEM,DRUMS_00806,210.68625850340135,DRUM_SUPPORTED,FULL_MIX_AND_STEM_MATCH,"[""F_MIX_01043""]",1
drums,STEM,DRUMS_00807,210.9881179138322,DRUM_SUPPORTED,FULL_MIX_AND_STEM_MATCH,"[""F_MIX_01045""]",1
drums,STEM,DRUMS_00808,211.05777777777777,DRUM_SUPPORTED,FULL_MIX_AND_STEM_MATCH,"[""F_MIX_01046""]",1
drums,STEM,DRUMS_00809,211.40607709750566,DRUM_SUPPORTED,FULL_MIX_AND_STEM_MATCH,"[""F_MIX_01049""]",1
drums,STEM,DRUMS_00810,211.44090702947847,DRUM_SUPPORTED,FULL_MIX_AND_STEM_MATCH,"[""F_MIX_01050""]",1
drums,STEM,DRUMS_00811,211.69632653061225,UNKNOWN,FULL_MIX_AND_STEM_MATCH,"[""F_MIX_01052""]",1
drums,STEM,DRUMS_00812,212.13750566893424,DRUM_SUPPORTED,FULL_MIX_AND_STEM_MATCH,"[""F_MIX_01055""]",1
drums,STEM,DRUMS_00813,212.45097505668934,,STEM_ONLY,[],0
drums,STEM,DRUMS_00814,212.52063492063493,DRUM_SUPPORTED,FULL_MIX_AND_STEM_MATCH,"[""F_MIX_01057""]",1
drums,STEM,DRUMS_00815,212.8805442176871,DRUM_SUPPORTED,FULL_MIX_AND_STEM_MATCH,"[""F_MIX_01059""]",1
drums,STEM,DRUMS_00816,213.15918367346939,UNKNOWN,FULL_MIX_AND_STEM_MATCH,"[""F_MIX_01060""]",1
drums,STEM,DRUMS_00817,213.25206349206348,DRUM_SUPPORTED,FULL_MIX_AND_STEM_MATCH,"[""F_MIX_01061""]",1
drums,STEM,DRUMS_00818,213.61197278911564,DRUM_SUPPORTED,FULL_MIX_AND_STEM_MATCH,"[""F_MIX_01063""]",1
drums,STEM,DRUMS_00819,213.8790022675737,DRUM_SUPPORTED,FULL_MIX_AND_STEM_MATCH,"[""F_MIX_01064""]",1
drums,STEM,DRUMS_00820,214.33179138321995,DRUM_SUPPORTED,FULL_MIX_AND_STEM_MATCH,"[""F_MIX_01067""]",1
drums,STEM,DRUMS_00821,214.36662131519273,,STEM_ONLY,[],0
drums,STEM,DRUMS_00822,214.62204081632652,,STEM_ONLY,[],0
drums,STEM,DRUMS_00823,214.97034013605443,DRUM_SUPPORTED,FULL_MIX_AND_STEM_MATCH,"[""F_MIX_01070""]",1
drums,STEM,DRUMS_00824,215.41151927437642,DRUM_SUPPORTED,FULL_MIX_AND_STEM_MATCH,"[""F_MIX_01073""]",1
drums,STEM,DRUMS_00825,215.67854875283447,DRUM_SUPPORTED,FULL_MIX_AND_STEM_MATCH,"[""F_MIX_01074""]",1
drums,STEM,DRUMS_00826,216.03845804988663,DRUM_SUPPORTED,FULL_MIX_AND_STEM_MATCH,"[""F_MIX_01075""]",1
drums,STEM,DRUMS_00827,216.37514739229024,DRUM_SUPPORTED,FULL_MIX_AND_STEM_MATCH,"[""F_MIX_01076""]",1
drums,STEM,DRUMS_00828,216.4796371882086,UNKNOWN,FULL_MIX_AND_STEM_MATCH,"[""F_MIX_01077""]",1
drums,STEM,DRUMS_00829,216.61895691609976,DRUM_SUPPORTED,FULL_MIX_AND_STEM_MATCH,"[""F_MIX_01078""]",1
drums,STEM,DRUMS_00830,216.78149659863945,DRUM_SUPPORTED,FULL_MIX_AND_STEM_MATCH,"[""F_MIX_01079""]",1
drums,STEM,DRUMS_00831,216.88598639455782,,STEM_ONLY,[],0
drums,STEM,DRUMS_00832,217.17623582766439,DRUM_SUPPORTED,FULL_MIX_AND_STEM_MATCH,"[""F_MIX_01080""]",1
drums,STEM,DRUMS_00833,217.40843537414966,DRUM_SUPPORTED,FULL_MIX_AND_STEM_MATCH,"[""F_MIX_01081""]",1
drums,STEM,DRUMS_00834,217.7799546485261,DRUM_SUPPORTED,FULL_MIX_AND_STEM_MATCH,"[""F_MIX_01082""]",1
drums,STEM,DRUMS_00835,217.87283446712019,DRUM_SUPPORTED,FULL_MIX_AND_STEM_MATCH,"[""F_MIX_01083""]",1
drums,STEM,DRUMS_00836,218.10503401360543,DRUM_SUPPORTED,FULL_MIX_AND_STEM_MATCH,"[""F_MIX_01084""]",1
drums,STEM,DRUMS_00837,218.1863038548753,DRUM_SUPPORTED,FULL_MIX_AND_STEM_MATCH,"[""F_MIX_01085""]",1
drums,STEM,DRUMS_00838,218.26757369614512,DRUM_SUPPORTED,FULL_MIX_AND_STEM_MATCH,"[""F_MIX_01086""]",1
drums,STEM,DRUMS_00839,218.51138321995464,DRUM_SUPPORTED,FULL_MIX_AND_STEM_MATCH,"[""F_MIX_01087""]",1
drums,STEM,DRUMS_00840,218.70875283446713,DRUM_SUPPORTED,FULL_MIX_AND_STEM_MATCH,"[""F_MIX_01088""]",1
drums,STEM,DRUMS_00841,218.79002267573696,DRUM_SUPPORTED,FULL_MIX_AND_STEM_MATCH,"[""F_MIX_01089""]",1
drums,STEM,DRUMS_00842,218.85968253968255,DRUM_SUPPORTED,FULL_MIX_AND_STEM_MATCH,"[""F_MIX_01090""]",1
drums,STEM,DRUMS_00843,218.94095238095238,DRUM_SUPPORTED,FULL_MIX_AND_STEM_MATCH,"[""F_MIX_01091""]",1
drums,STEM,DRUMS_00844,219.19637188208617,DRUM_SUPPORTED,FULL_MIX_AND_STEM_MATCH,"[""F_MIX_01092""]",1
drums,STEM,DRUMS_00845,219.39374149659864,UNKNOWN,FULL_MIX_AND_STEM_MATCH,"[""F_MIX_01093""]",1
drums,STEM,DRUMS_00846,219.61433106575964,DRUM_SUPPORTED,FULL_MIX_AND_STEM_MATCH,"[""F_MIX_01094""]",1
drums,STEM,DRUMS_00847,219.6839909297052,DRUM_SUPPORTED,FULL_MIX_AND_STEM_MATCH,"[""F_MIX_01095""]",1
drums,STEM,DRUMS_00848,219.77687074829933,DRUM_SUPPORTED,FULL_MIX_AND_STEM_MATCH,"[""F_MIX_01096""]",1
drums,STEM,DRUMS_00849,219.85814058956916,DRUM_SUPPORTED,FULL_MIX_AND_STEM_MATCH,"[""F_MIX_01097""]",1
drums,STEM,DRUMS_00850,219.9974603174603,DRUM_SUPPORTED,FULL_MIX_AND_STEM_MATCH,"[""F_MIX_01098""]",1
drums,STEM,DRUMS_00851,220.14839002267573,DRUM_SUPPORTED,FULL_MIX_AND_STEM_MATCH,"[""F_MIX_01099""]",1
drums,STEM,DRUMS_00852,220.380589569161,DRUM_SUPPORTED,FULL_MIX_AND_STEM_MATCH,"[""F_MIX_01100""]",1
drums,STEM,DRUMS_00853,220.86820861678004,DRUM_SUPPORTED,FULL_MIX_AND_STEM_MATCH,"[""F_MIX_01101""]",1
drums,STEM,DRUMS_00854,221.262947845805,DRUM_SUPPORTED,FULL_MIX_AND_STEM_MATCH,"[""F_MIX_01102""]",1
drums,STEM,DRUMS_00855,221.5183673469388,DRUM_SUPPORTED,FULL_MIX_AND_STEM_MATCH,"[""F_MIX_01103""]",1
drums,STEM,DRUMS_00856,221.6344671201814,BASS_AND_DRUM_SUPPORTED,FULL_MIX_AND_STEM_MATCH,"[""F_MIX_01104""]",1
drums,STEM,DRUMS_00857,221.75056689342404,,STEM_ONLY,[],0
drums,STEM,DRUMS_00858,221.88988662131518,,STEM_ONLY,[],0
drums,STEM,DRUMS_00859,221.98276643990928,BASS_AND_DRUM_SUPPORTED,FULL_MIX_AND_STEM_MATCH,"[""F_MIX_01106""]",1
drums,STEM,DRUMS_00860,222.36589569160998,BASS_AND_DRUM_SUPPORTED,FULL_MIX_AND_STEM_MATCH,"[""F_MIX_01108""]",1
drums,STEM,DRUMS_00861,222.6445351473923,,STEM_ONLY,[],0
drums,STEM,DRUMS_00862,222.74902494331064,BASS_AND_DRUM_SUPPORTED,FULL_MIX_AND_STEM_MATCH,"[""F_MIX_01109""]",1
drums,STEM,DRUMS_00863,223.1089342403628,DRUM_SUPPORTED,FULL_MIX_AND_STEM_MATCH,"[""F_MIX_01111""]",1
drums,STEM,DRUMS_00864,223.4572335600907,,STEM_ONLY,[],0
drums,STEM,DRUMS_00865,223.72426303854874,DRUM_SUPPORTED,FULL_MIX_AND_STEM_MATCH,"[""F_MIX_01113""]",1
drums,STEM,DRUMS_00866,224.0841723356009,,STEM_ONLY,[],0
drums,STEM,DRUMS_00867,224.16544217687076,BASS_AND_DRUM_SUPPORTED,FULL_MIX_AND_STEM_MATCH,"[""F_MIX_01114""]",1
drums,STEM,DRUMS_00868,224.45569160997732,DRUM_SUPPORTED,FULL_MIX_AND_STEM_MATCH,"[""F_MIX_01115""]",1
drums,STEM,DRUMS_00869,224.53696145124715,BASS_AND_DRUM_SUPPORTED,FULL_MIX_AND_STEM_MATCH,"[""F_MIX_01116""]",1
drums,STEM,DRUMS_00870,224.81560090702948,UNKNOWN,FULL_MIX_AND_STEM_MATCH,"[""F_MIX_01117""]",1
drums,STEM,DRUMS_00871,224.8968707482993,BASS_AND_DRUM_SUPPORTED,FULL_MIX_AND_STEM_MATCH,"[""F_MIX_01118""]",1
drums,STEM,DRUMS_00872,225.24517006802722,DRUM_SUPPORTED,FULL_MIX_AND_STEM_MATCH,"[""F_MIX_01120""]",1
drums,STEM,DRUMS_00873,225.61668934240362,DRUM_SUPPORTED,FULL_MIX_AND_STEM_MATCH,"[""F_MIX_01121""]",1
drums,STEM,DRUMS_00874,225.8721088435374,DRUM_SUPPORTED,FULL_MIX_AND_STEM_MATCH,"[""F_MIX_01122""]",1
drums,STEM,DRUMS_00875,226.1275283446712,,STEM_ONLY,[],0
drums,STEM,DRUMS_00876,226.24362811791383,DRUM_SUPPORTED,FULL_MIX_AND_STEM_MATCH,"[""F_MIX_01124""]",1
drums,STEM,DRUMS_00877,226.33650793650793,DRUM_SUPPORTED,FULL_MIX_AND_STEM_MATCH,"[""F_MIX_01125""]",1
drums,STEM,DRUMS_00878,226.96344671201814,DRUM_SUPPORTED,FULL_MIX_AND_STEM_MATCH,"[""F_MIX_01127""]",1
drums,STEM,DRUMS_00879,227.07954648526078,DRUM_SUPPORTED,FULL_MIX_AND_STEM_MATCH,"[""F_MIX_01128""]",1
drums,STEM,DRUMS_00880,227.31174603174603,DRUM_SUPPORTED,FULL_MIX_AND_STEM_MATCH,"[""F_MIX_01129""]",1
drums,STEM,DRUMS_00881,227.4162358276644,DRUM_SUPPORTED,FULL_MIX_AND_STEM_MATCH,"[""F_MIX_01130""]",1
drums,STEM,DRUMS_00882,227.99673469387756,DRUM_SUPPORTED,FULL_MIX_AND_STEM_MATCH,"[""F_MIX_01132""]",1
drums,STEM,DRUMS_00883,228.37986394557822,DRUM_SUPPORTED,FULL_MIX_AND_STEM_MATCH,"[""F_MIX_01133""]",1
drums,STEM,DRUMS_00884,228.76299319727892,DRUM_SUPPORTED,FULL_MIX_AND_STEM_MATCH,"[""F_MIX_01134""]",1
drums,STEM,DRUMS_00885,228.8907029478458,DRUM_SUPPORTED,FULL_MIX_AND_STEM_MATCH,"[""F_MIX_01135""]",1
drums,STEM,DRUMS_00886,229.13451247165534,DRUM_SUPPORTED,FULL_MIX_AND_STEM_MATCH,"[""F_MIX_01136""]",1
drums,STEM,DRUMS_00887,229.2390022675737,DRUM_SUPPORTED,FULL_MIX_AND_STEM_MATCH,"[""F_MIX_01137""]",1
drums,STEM,DRUMS_00888,229.35510204081632,DRUM_SUPPORTED,FULL_MIX_AND_STEM_MATCH,"[""F_MIX_01138""]",1
drums,STEM,DRUMS_00889,229.48281179138323,DRUM_SUPPORTED,FULL_MIX_AND_STEM_MATCH,"[""F_MIX_01139""]",1
drums,STEM,DRUMS_00890,229.59891156462584,DRUM_SUPPORTED,FULL_MIX_AND_STEM_MATCH,"[""F_MIX_01140""]",1
drums,STEM,DRUMS_00891,229.72662131519274,DRUM_SUPPORTED,FULL_MIX_AND_STEM_MATCH,"[""F_MIX_01141""]",1
drums,STEM,DRUMS_00892,229.8311111111111,DRUM_SUPPORTED,FULL_MIX_AND_STEM_MATCH,"[""F_MIX_01142""]",1
drums,STEM,DRUMS_00893,229.94721088435375,DRUM_SUPPORTED,FULL_MIX_AND_STEM_MATCH,"[""F_MIX_01143""]",1
drums,STEM,DRUMS_00894,232.0950566893424,UNKNOWN,FULL_MIX_AND_STEM_MATCH,"[""F_MIX_01145""]",1
drums,STEM,DRUMS_00895,232.21115646258502,DRUM_SUPPORTED,FULL_MIX_AND_STEM_MATCH,"[""F_MIX_01146""]",1
drums,STEM,DRUMS_00896,232.48979591836735,UNKNOWN,FULL_MIX_AND_STEM_MATCH,"[""F_MIX_01148""]",1
drums,STEM,DRUMS_00897,232.59428571428572,DRUM_SUPPORTED,FULL_MIX_AND_STEM_MATCH,"[""F_MIX_01149""]",1
drums,STEM,DRUMS_00898,232.97741496598638,DRUM_SUPPORTED,FULL_MIX_AND_STEM_MATCH,"[""F_MIX_01150""]",1
drums,STEM,DRUMS_00899,233.26766439909298,,STEM_ONLY,[],0
drums,STEM,DRUMS_00900,233.3489342403628,DRUM_SUPPORTED,FULL_MIX_AND_STEM_MATCH,"[""F_MIX_01152""]",1
drums,STEM,DRUMS_00901,233.7320634920635,DRUM_SUPPORTED,FULL_MIX_AND_STEM_MATCH,"[""F_MIX_01154""]",1
drums,STEM,DRUMS_00902,233.99909297052153,UNKNOWN,FULL_MIX_AND_STEM_MATCH,"[""F_MIX_01155""]",1
drums,STEM,DRUMS_00903,234.09197278911566,BASS_AND_DRUM_SUPPORTED,FULL_MIX_AND_STEM_MATCH,"[""F_MIX_01156""]",1
drums,STEM,DRUMS_00904,234.4867120181406,DRUM_SUPPORTED,FULL_MIX_AND_STEM_MATCH,"[""F_MIX_01158""]",1
drums,STEM,DRUMS_00905,234.75374149659865,,STEM_ONLY,[],0
drums,STEM,DRUMS_00906,234.84662131519275,BASS_AND_DRUM_SUPPORTED,FULL_MIX_AND_STEM_MATCH,"[""F_MIX_01160""]",1
drums,STEM,DRUMS_00907,235.22975056689341,DRUM_SUPPORTED,FULL_MIX_AND_STEM_MATCH,"[""F_MIX_01162""]",1
drums,STEM,DRUMS_00908,235.4851700680272,UNKNOWN,FULL_MIX_AND_STEM_MATCH,"[""F_MIX_01163""]",1
drums,STEM,DRUMS_00909,235.58965986394557,DRUM_SUPPORTED,FULL_MIX_AND_STEM_MATCH,"[""F_MIX_01164""]",1
drums,STEM,DRUMS_00910,235.97278911564626,DRUM_SUPPORTED,FULL_MIX_AND_STEM_MATCH,"[""F_MIX_01166""]",1
drums,STEM,DRUMS_00911,236.22820861678005,DRUM_SUPPORTED,FULL_MIX_AND_STEM_MATCH,"[""F_MIX_01167""]",1
drums,STEM,DRUMS_00912,236.3443083900227,DRUM_SUPPORTED,FULL_MIX_AND_STEM_MATCH,"[""F_MIX_01168""]",1
drums,STEM,DRUMS_00913,236.72743764172336,DRUM_SUPPORTED,FULL_MIX_AND_STEM_MATCH,"[""F_MIX_01169""]",1
drums,STEM,DRUMS_00914,237.06412698412697,DRUM_SUPPORTED,FULL_MIX_AND_STEM_MATCH,"[""F_MIX_01172""]",1
drums,STEM,DRUMS_00915,237.45886621315194,DRUM_SUPPORTED,FULL_MIX_AND_STEM_MATCH,"[""F_MIX_01173""]",1
drums,STEM,DRUMS_00916,237.73750566893423,,STEM_ONLY,[],0
drums,STEM,DRUMS_00917,237.83038548752833,BASS_AND_DRUM_SUPPORTED,FULL_MIX_AND_STEM_MATCH,"[""F_MIX_01175""]",1
drums,STEM,DRUMS_00918,238.12063492063493,UNKNOWN,FULL_MIX_AND_STEM_MATCH,"[""F_MIX_01176""]",1
drums,STEM,DRUMS_00919,238.57342403628118,BASS_AND_DRUM_SUPPORTED,FULL_MIX_AND_STEM_MATCH,"[""F_MIX_01178""]",1
drums,STEM,DRUMS_00920,238.95655328798185,DRUM_SUPPORTED,FULL_MIX_AND_STEM_MATCH,"[""F_MIX_01179""]",1
drums,STEM,DRUMS_00921,239.21197278911563,,STEM_ONLY,[],0
drums,STEM,DRUMS_00922,239.32807256235827,DRUM_SUPPORTED,FULL_MIX_AND_STEM_MATCH,"[""F_MIX_01182""]",1
drums,STEM,DRUMS_00923,239.71120181405897,DRUM_SUPPORTED,FULL_MIX_AND_STEM_MATCH,"[""F_MIX_01184""]",1
drums,STEM,DRUMS_00924,239.978231292517,UNKNOWN,FULL_MIX_AND_STEM_MATCH,"[""F_MIX_01185""]",1
drums,STEM,DRUMS_00925,240.07111111111112,DRUM_SUPPORTED,FULL_MIX_AND_STEM_MATCH,"[""F_MIX_01187""]",1
drums,STEM,DRUMS_00926,240.46585034013606,DRUM_SUPPORTED,FULL_MIX_AND_STEM_MATCH,"[""F_MIX_01189""]",1
drums,STEM,DRUMS_00927,240.75609977324262,UNKNOWN,FULL_MIX_AND_STEM_MATCH,"[""F_MIX_01190""]",1
drums,STEM,DRUMS_00928,241.12761904761905,UNKNOWN,FULL_MIX_AND_STEM_MATCH,"[""F_MIX_01192""]",1
drums,STEM,DRUMS_00929,241.4875283446712,UNKNOWN,FULL_MIX_AND_STEM_MATCH,"[""F_MIX_01194""]",1
drums,STEM,DRUMS_00930,241.59201814058957,BASS_AND_DRUM_SUPPORTED,FULL_MIX_AND_STEM_MATCH,"[""F_MIX_01195""]",1
drums,STEM,DRUMS_00931,241.97514739229024,DRUM_SUPPORTED,FULL_MIX_AND_STEM_MATCH,"[""F_MIX_01197""]",1
drums,STEM,DRUMS_00932,242.2421768707483,UNKNOWN,FULL_MIX_AND_STEM_MATCH,"[""F_MIX_01198""]",1
drums,STEM,DRUMS_00933,242.34666666666666,DRUM_SUPPORTED,FULL_MIX_AND_STEM_MATCH,"[""F_MIX_01199""]",1
drums,STEM,DRUMS_00934,242.70657596371882,DRUM_SUPPORTED,FULL_MIX_AND_STEM_MATCH,"[""F_MIX_01202""]",1
drums,STEM,DRUMS_00935,242.98521541950115,UNKNOWN,FULL_MIX_AND_STEM_MATCH,"[""F_MIX_01203""]",1
drums,STEM,DRUMS_00936,243.0897052154195,,STEM_ONLY,[],0
drums,STEM,DRUMS_00937,243.47283446712018,DRUM_SUPPORTED,FULL_MIX_AND_STEM_MATCH,"[""F_MIX_01205""]",1
drums,STEM,DRUMS_00938,243.8443537414966,DRUM_SUPPORTED,FULL_MIX_AND_STEM_MATCH,"[""F_MIX_01207""]",1
drums,STEM,DRUMS_00939,244.0997732426304,,STEM_ONLY,[],0
drums,STEM,DRUMS_00940,244.21587301587303,DRUM_SUPPORTED,FULL_MIX_AND_STEM_MATCH,"[""F_MIX_01208""]",1
drums,STEM,DRUMS_00941,244.49451247165533,UNKNOWN,FULL_MIX_AND_STEM_MATCH,"[""F_MIX_01209""]",1
drums,STEM,DRUMS_00942,244.61061224489796,,STEM_ONLY,[],0
drums,STEM,DRUMS_00943,244.99374149659863,DRUM_SUPPORTED,FULL_MIX_AND_STEM_MATCH,"[""F_MIX_01210""]",1
drums,STEM,DRUMS_00944,245.24916099773242,UNKNOWN,FULL_MIX_AND_STEM_MATCH,"[""F_MIX_01211""]",1
drums,STEM,DRUMS_00945,245.3536507936508,DRUM_SUPPORTED,FULL_MIX_AND_STEM_MATCH,"[""F_MIX_01212""]",1
drums,STEM,DRUMS_00946,245.73678004535148,DRUM_SUPPORTED,FULL_MIX_AND_STEM_MATCH,"[""F_MIX_01214""]",1
drums,STEM,DRUMS_00947,245.980589569161,DRUM_SUPPORTED,FULL_MIX_AND_STEM_MATCH,"[""F_MIX_01215""]",1
drums,STEM,DRUMS_00948,246.34049886621315,DRUM_SUPPORTED,FULL_MIX_AND_STEM_MATCH,"[""F_MIX_01217""]",1
drums,STEM,DRUMS_00949,246.49142857142857,DRUM_SUPPORTED,FULL_MIX_AND_STEM_MATCH,"[""F_MIX_01218""]",1
drums,STEM,DRUMS_00950,246.6075283446712,DRUM_SUPPORTED,FULL_MIX_AND_STEM_MATCH,"[""F_MIX_01219""]",1
drums,STEM,DRUMS_00951,246.83972789115646,BASS_AND_DRUM_SUPPORTED,FULL_MIX_AND_STEM_MATCH,"[""F_MIX_01221""]",1
drums,STEM,DRUMS_00952,247.2344671201814,DRUM_SUPPORTED,FULL_MIX_AND_STEM_MATCH,"[""F_MIX_01223""]",1
drums,STEM,DRUMS_00953,247.47827664399094,DRUM_SUPPORTED,FULL_MIX_AND_STEM_MATCH,"[""F_MIX_01224""]",1
drums,STEM,DRUMS_00954,247.5827664399093,BASS_AND_DRUM_SUPPORTED,FULL_MIX_AND_STEM_MATCH,"[""F_MIX_01225""]",1
drums,STEM,DRUMS_00955,247.9891156462585,DRUM_SUPPORTED,FULL_MIX_AND_STEM_MATCH,"[""F_MIX_01226""]",1
drums,STEM,DRUMS_00956,248.25614512471654,DRUM_SUPPORTED,FULL_MIX_AND_STEM_MATCH,"[""F_MIX_01228""]",1
drums,STEM,DRUMS_00957,248.3606349206349,BASS_AND_DRUM_SUPPORTED,FULL_MIX_AND_STEM_MATCH,"[""F_MIX_01229""]",1
drums,STEM,DRUMS_00958,248.7437641723356,DRUM_SUPPORTED,FULL_MIX_AND_STEM_MATCH,"[""F_MIX_01231""]",1
drums,STEM,DRUMS_00959,248.9991836734694,DRUM_SUPPORTED,FULL_MIX_AND_STEM_MATCH,"[""F_MIX_01233""]",1
drums,STEM,DRUMS_00960,249.10367346938776,BASS_AND_DRUM_SUPPORTED,FULL_MIX_AND_STEM_MATCH,"[""F_MIX_01234""]",1
drums,STEM,DRUMS_00961,249.3707029478458,DRUM_SUPPORTED,FULL_MIX_AND_STEM_MATCH,"[""F_MIX_01236""]",1
drums,STEM,DRUMS_00962,249.48680272108842,BASS_AND_DRUM_SUPPORTED,FULL_MIX_AND_STEM_MATCH,"[""F_MIX_01237""]",1
drums,STEM,DRUMS_00963,249.73061224489797,DRUM_SUPPORTED,FULL_MIX_AND_STEM_MATCH,"[""F_MIX_01238""]",1
drums,STEM,DRUMS_00964,249.83510204081634,DRUM_SUPPORTED,FULL_MIX_AND_STEM_MATCH,"[""F_MIX_01239""]",1
drums,STEM,DRUMS_00965,250.1950113378685,DRUM_SUPPORTED,FULL_MIX_AND_STEM_MATCH,"[""F_MIX_01240""]",1
drums,STEM,DRUMS_00966,250.46204081632652,UNKNOWN,FULL_MIX_AND_STEM_MATCH,"[""F_MIX_01241""]",1
drums,STEM,DRUMS_00967,250.57814058956916,DRUM_SUPPORTED,FULL_MIX_AND_STEM_MATCH,"[""F_MIX_01242""]",1
drums,STEM,DRUMS_00968,250.96126984126985,DRUM_SUPPORTED,FULL_MIX_AND_STEM_MATCH,"[""F_MIX_01244""]",1
drums,STEM,DRUMS_00969,251.22829931972788,UNKNOWN,FULL_MIX_AND_STEM_MATCH,"[""F_MIX_01245""]",1
drums,STEM,DRUMS_00970,251.33278911564625,DRUM_SUPPORTED,FULL_MIX_AND_STEM_MATCH,"[""F_MIX_01246""]",1
drums,STEM,DRUMS_00971,251.71591836734694,DRUM_SUPPORTED,FULL_MIX_AND_STEM_MATCH,"[""F_MIX_01248""]",1
drums,STEM,DRUMS_00972,251.97133786848073,DRUM_SUPPORTED,FULL_MIX_AND_STEM_MATCH,"[""F_MIX_01250""]",1
drums,STEM,DRUMS_00973,252.08743764172337,BASS_AND_DRUM_SUPPORTED,FULL_MIX_AND_STEM_MATCH,"[""F_MIX_01251""]",1
drums,STEM,DRUMS_00974,252.4473469387755,DRUM_SUPPORTED,FULL_MIX_AND_STEM_MATCH,"[""F_MIX_01253""]",1
drums,STEM,DRUMS_00975,252.72598639455782,UNKNOWN,FULL_MIX_AND_STEM_MATCH,"[""F_MIX_01254""]",1
drums,STEM,DRUMS_00976,253.08589569160998,DRUM_SUPPORTED,FULL_MIX_AND_STEM_MATCH,"[""F_MIX_01256""]",1
drums,STEM,DRUMS_00977,253.52707482993196,,STEM_ONLY,[],0
drums,STEM,DRUMS_00978,253.56190476190477,DRUM_SUPPORTED,FULL_MIX_AND_STEM_MATCH,"[""F_MIX_01258""]",1
drums,STEM,DRUMS_00979,253.9566439909297,DRUM_SUPPORTED,FULL_MIX_AND_STEM_MATCH,"[""F_MIX_01259""]",1
drums,STEM,DRUMS_00980,254.2120634920635,DRUM_SUPPORTED,FULL_MIX_AND_STEM_MATCH,"[""F_MIX_01260""]",1
drums,STEM,DRUMS_00981,254.63002267573697,UNKNOWN,FULL_MIX_AND_STEM_MATCH,"[""F_MIX_01262""]",1
drums,STEM,DRUMS_00982,254.69968253968253,DRUM_SUPPORTED,FULL_MIX_AND_STEM_MATCH,"[""F_MIX_01263""]",1
drums,STEM,DRUMS_00983,255.3730612244898,DRUM_SUPPORTED,FULL_MIX_AND_STEM_MATCH,"[""F_MIX_01265""]",1
drums,STEM,DRUMS_00984,255.4659410430839,DRUM_SUPPORTED,FULL_MIX_AND_STEM_MATCH,"[""F_MIX_01266""]",1
drums,STEM,DRUMS_00985,255.75619047619048,UNKNOWN,FULL_MIX_AND_STEM_MATCH,"[""F_MIX_01267""]",1
drums,STEM,DRUMS_00986,255.8722902494331,,STEM_ONLY,[],0
drums,STEM,DRUMS_00987,256.19736961451247,DRUM_SUPPORTED,FULL_MIX_AND_STEM_MATCH,"[""F_MIX_01269""]",1
drums,STEM,DRUMS_00988,256.2554195011338,DRUM_SUPPORTED,FULL_MIX_AND_STEM_MATCH,"[""F_MIX_01270""]",1
drums,STEM,DRUMS_00989,256.6269387755102,DRUM_SUPPORTED,FULL_MIX_AND_STEM_MATCH,"[""F_MIX_01272""]",1
drums,STEM,DRUMS_00990,256.98684807256234,DRUM_SUPPORTED,FULL_MIX_AND_STEM_MATCH,"[""F_MIX_01274""]",1
drums,STEM,DRUMS_00991,257.3583673469388,DRUM_SUPPORTED,FULL_MIX_AND_STEM_MATCH,"[""F_MIX_01275""]",1
drums,STEM,DRUMS_00992,257.7298866213152,DRUM_SUPPORTED,FULL_MIX_AND_STEM_MATCH,"[""F_MIX_01277""]",1
drums,STEM,DRUMS_00993,258.0781859410431,UNKNOWN,FULL_MIX_AND_STEM_MATCH,"[""F_MIX_01279""]",1
drums,STEM,DRUMS_00994,258.47292517006804,DRUM_SUPPORTED,FULL_MIX_AND_STEM_MATCH,"[""F_MIX_01281""]",1
drums,STEM,DRUMS_00995,258.7631746031746,UNKNOWN,FULL_MIX_AND_STEM_MATCH,"[""F_MIX_01282""]",1
drums,STEM,DRUMS_00996,258.83283446712016,DRUM_SUPPORTED,FULL_MIX_AND_STEM_MATCH,"[""F_MIX_01283""]",1
drums,STEM,DRUMS_00997,259.2043537414966,DRUM_SUPPORTED,FULL_MIX_AND_STEM_MATCH,"[""F_MIX_01285""]",1
drums,STEM,DRUMS_00998,259.4946031746032,DRUM_SUPPORTED,FULL_MIX_AND_STEM_MATCH,"[""F_MIX_01286""]",1
drums,STEM,DRUMS_00999,259.575873015873,DRUM_SUPPORTED,FULL_MIX_AND_STEM_MATCH,"[""F_MIX_01287""]",1
drums,STEM,DRUMS_01000,259.84290249433104,DRUM_SUPPORTED,FULL_MIX_AND_STEM_MATCH,"[""F_MIX_01289""]",1
drums,STEM,DRUMS_01001,259.9473922902494,DRUM_SUPPORTED,FULL_MIX_AND_STEM_MATCH,"[""F_MIX_01290""]",1
drums,STEM,DRUMS_01002,260.3073015873016,DRUM_SUPPORTED,FULL_MIX_AND_STEM_MATCH,"[""F_MIX_01292""]",1
drums,STEM,DRUMS_01003,260.678820861678,DRUM_SUPPORTED,FULL_MIX_AND_STEM_MATCH,"[""F_MIX_01294""]",1
drums,STEM,DRUMS_01004,260.9806802721088,DRUM_SUPPORTED,FULL_MIX_AND_STEM_MATCH,"[""F_MIX_01295""]",1
drums,STEM,DRUMS_01005,261.0387301587302,DRUM_SUPPORTED,FULL_MIX_AND_STEM_MATCH,"[""F_MIX_01296""]",1
drums,STEM,DRUMS_01006,261.41024943310657,DRUM_SUPPORTED,FULL_MIX_AND_STEM_MATCH,"[""F_MIX_01298""]",1
drums,STEM,DRUMS_01007,261.77015873015876,DRUM_SUPPORTED,FULL_MIX_AND_STEM_MATCH,"[""F_MIX_01300""]",1
drums,STEM,DRUMS_01008,262.04879818594105,DRUM_SUPPORTED,FULL_MIX_AND_STEM_MATCH,"[""F_MIX_01302""]",1
drums,STEM,DRUMS_01009,262.5015873015873,DRUM_SUPPORTED,FULL_MIX_AND_STEM_MATCH,"[""F_MIX_01305""]",1
drums,STEM,DRUMS_01010,262.87310657596373,DRUM_SUPPORTED,FULL_MIX_AND_STEM_MATCH,"[""F_MIX_01307""]",1
drums,STEM,DRUMS_01011,263.1285260770975,,STEM_ONLY,[],0
drums,STEM,DRUMS_01012,263.5232653061224,DRUM_SUPPORTED,FULL_MIX_AND_STEM_MATCH,"[""F_MIX_01309""]",1
drums,STEM,DRUMS_01013,263.6161451247166,DRUM_SUPPORTED,FULL_MIX_AND_STEM_MATCH,"[""F_MIX_01310""]",1
drums,STEM,DRUMS_01014,263.95283446712017,,STEM_ONLY,[],0
drums,STEM,DRUMS_01015,264.21986394557825,,STEM_ONLY,[],0
drums,STEM,DRUMS_01016,264.3243537414966,DRUM_SUPPORTED,FULL_MIX_AND_STEM_MATCH,"[""F_MIX_01312""]",1
drums,STEM,DRUMS_01017,264.6146031746032,,STEM_ONLY,[],0
drums,STEM,DRUMS_01018,264.695873015873,DRUM_SUPPORTED,FULL_MIX_AND_STEM_MATCH,"[""F_MIX_01314""]",1
drums,STEM,DRUMS_01019,264.9512925170068,DRUM_SUPPORTED,FULL_MIX_AND_STEM_MATCH,"[""F_MIX_01315""]",1
drums,STEM,DRUMS_01020,265.05578231292515,DRUM_SUPPORTED,FULL_MIX_AND_STEM_MATCH,"[""F_MIX_01316""]",1
drums,STEM,DRUMS_01021,265.2995918367347,DRUM_SUPPORTED,FULL_MIX_AND_STEM_MATCH,"[""F_MIX_01317""]",1
drums,STEM,DRUMS_01022,265.41569160997733,DRUM_SUPPORTED,FULL_MIX_AND_STEM_MATCH,"[""F_MIX_01318""]",1
drums,STEM,DRUMS_01023,265.6595011337869,DRUM_SUPPORTED,FULL_MIX_AND_STEM_MATCH,"[""F_MIX_01319""]",1
drums,STEM,DRUMS_01024,265.7872108843537,DRUM_SUPPORTED,FULL_MIX_AND_STEM_MATCH,"[""F_MIX_01320""]",1
drums,STEM,DRUMS_01025,266.13551020408164,DRUM_SUPPORTED,FULL_MIX_AND_STEM_MATCH,"[""F_MIX_01322""]",1
drums,STEM,DRUMS_01026,266.40253968253967,DRUM_SUPPORTED,FULL_MIX_AND_STEM_MATCH,"[""F_MIX_01323""]",1
drums,STEM,DRUMS_01027,266.5302494331066,DRUM_SUPPORTED,FULL_MIX_AND_STEM_MATCH,"[""F_MIX_01324""]",1
drums,STEM,DRUMS_01028,266.7740589569161,UNKNOWN,FULL_MIX_AND_STEM_MATCH,"[""F_MIX_01325""]",1
drums,STEM,DRUMS_01029,266.8785487528345,DRUM_SUPPORTED,FULL_MIX_AND_STEM_MATCH,"[""F_MIX_01326""]",1
drums,STEM,DRUMS_01030,267.1455782312925,DRUM_SUPPORTED,FULL_MIX_AND_STEM_MATCH,"[""F_MIX_01327""]",1
drums,STEM,DRUMS_01031,267.26167800453516,DRUM_SUPPORTED,FULL_MIX_AND_STEM_MATCH,"[""F_MIX_01328""]",1
drums,STEM,DRUMS_01032,267.50548752834464,DRUM_SUPPORTED,FULL_MIX_AND_STEM_MATCH,"[""F_MIX_01329""]",1
drums,STEM,DRUMS_01033,267.6215873015873,DRUM_SUPPORTED,FULL_MIX_AND_STEM_MATCH,"[""F_MIX_01330""]",1
drums,STEM,DRUMS_01034,267.8770068027211,DRUM_SUPPORTED,FULL_MIX_AND_STEM_MATCH,"[""F_MIX_01331""]",1
drums,STEM,DRUMS_01035,268.62004535147395,UNKNOWN,FULL_MIX_AND_STEM_MATCH,"[""F_MIX_01333""]",1
drums,STEM,DRUMS_01036,268.73614512471653,DRUM_SUPPORTED,FULL_MIX_AND_STEM_MATCH,"[""F_MIX_01334""]",1
drums,STEM,DRUMS_01037,269.107664399093,DRUM_SUPPORTED,FULL_MIX_AND_STEM_MATCH,"[""F_MIX_01336""]",1
drums,STEM,DRUMS_01038,269.5140136054422,DRUM_SUPPORTED,FULL_MIX_AND_STEM_MATCH,"[""F_MIX_01337""]",1
drums,STEM,DRUMS_01039,269.8855328798186,DRUM_SUPPORTED,FULL_MIX_AND_STEM_MATCH,"[""F_MIX_01340""]",1
drums,STEM,DRUMS_01040,270.26866213151925,DRUM_SUPPORTED,FULL_MIX_AND_STEM_MATCH,"[""F_MIX_01343""]",1
drums,STEM,DRUMS_01041,270.65179138322,DRUM_SUPPORTED,FULL_MIX_AND_STEM_MATCH,"[""F_MIX_01346""]",1
drums,STEM,DRUMS_01042,270.90721088435373,,STEM_ONLY,[],0
drums,STEM,DRUMS_01043,271.0117006802721,,STEM_ONLY,[],0
drums,STEM,DRUMS_01044,271.11619047619047,DRUM_SUPPORTED,FULL_MIX_AND_STEM_MATCH,"[""F_MIX_01348""]",1
drums,STEM,DRUMS_01045,271.36,BASS_AND_DRUM_SUPPORTED,FULL_MIX_AND_STEM_MATCH,"[""F_MIX_01350""]",1
drums,STEM,DRUMS_01046,271.75473922902495,DRUM_SUPPORTED,FULL_MIX_AND_STEM_MATCH,"[""F_MIX_01351""]",1
drums,STEM,DRUMS_01047,272.1146485260771,BASS_AND_DRUM_SUPPORTED,FULL_MIX_AND_STEM_MATCH,"[""F_MIX_01353""]",1
drums,STEM,DRUMS_01048,272.5209977324263,DRUM_SUPPORTED,FULL_MIX_AND_STEM_MATCH,"[""F_MIX_01355""]",1
drums,STEM,DRUMS_01049,272.7764172335601,DRUM_SUPPORTED,FULL_MIX_AND_STEM_MATCH,"[""F_MIX_01356""]",1
drums,STEM,DRUMS_01050,272.89251700680273,BASS_AND_DRUM_SUPPORTED,FULL_MIX_AND_STEM_MATCH,"[""F_MIX_01357""]",1
drums,STEM,DRUMS_01051,273.25242630385486,BASS_AND_DRUM_SUPPORTED,FULL_MIX_AND_STEM_MATCH,"[""F_MIX_01358""]",1
drums,STEM,DRUMS_01052,273.4962358276644,DRUM_SUPPORTED,FULL_MIX_AND_STEM_MATCH,"[""F_MIX_01359""]",1
drums,STEM,DRUMS_01053,273.6239455782313,BASS_AND_DRUM_SUPPORTED,FULL_MIX_AND_STEM_MATCH,"[""F_MIX_01360""]",1
drums,STEM,DRUMS_01054,273.89097505668934,BASS_AND_DRUM_SUPPORTED,FULL_MIX_AND_STEM_MATCH,"[""F_MIX_01361""]",1
drums,STEM,DRUMS_01055,274.007074829932,BASS_AND_DRUM_SUPPORTED,FULL_MIX_AND_STEM_MATCH,"[""F_MIX_01362""]",1
drums,STEM,DRUMS_01056,274.75011337868483,DRUM_SUPPORTED,FULL_MIX_AND_STEM_MATCH,"[""F_MIX_01365""]",1
drums,STEM,DRUMS_01057,275.1332426303855,BASS_AND_DRUM_SUPPORTED,FULL_MIX_AND_STEM_MATCH,"[""F_MIX_01367""]",1
drums,STEM,DRUMS_01058,275.5047619047619,DRUM_SUPPORTED,FULL_MIX_AND_STEM_MATCH,"[""F_MIX_01369""]",1
drums,STEM,DRUMS_01059,275.80662131519273,UNKNOWN,FULL_MIX_AND_STEM_MATCH,"[""F_MIX_01370""]",1
drums,STEM,DRUMS_01060,275.8995011337868,BASS_AND_DRUM_SUPPORTED,FULL_MIX_AND_STEM_MATCH,"[""F_MIX_01371""]",1
drums,STEM,DRUMS_01061,276.24780045351474,DRUM_SUPPORTED,FULL_MIX_AND_STEM_MATCH,"[""F_MIX_01372""]",1
drums,STEM,DRUMS_01062,276.51482993197277,UNKNOWN,FULL_MIX_AND_STEM_MATCH,"[""F_MIX_01373""]",1
drums,STEM,DRUMS_01063,276.6309297052154,BASS_AND_DRUM_SUPPORTED,FULL_MIX_AND_STEM_MATCH,"[""F_MIX_01374""]",1
drums,STEM,DRUMS_01064,276.8979591836735,DRUM_SUPPORTED,FULL_MIX_AND_STEM_MATCH,"[""F_MIX_01375""]",1
drums,STEM,DRUMS_01065,277.0140589569161,DRUM_SUPPORTED,FULL_MIX_AND_STEM_MATCH,"[""F_MIX_01376""]",1
drums,STEM,DRUMS_01066,277.2694784580499,DRUM_SUPPORTED,FULL_MIX_AND_STEM_MATCH,"[""F_MIX_01377""]",1
drums,STEM,DRUMS_01067,277.74548752834465,DRUM_SUPPORTED,FULL_MIX_AND_STEM_MATCH,"[""F_MIX_01379""]",1
drums,STEM,DRUMS_01068,278.01251700680274,UNKNOWN,FULL_MIX_AND_STEM_MATCH,"[""F_MIX_01380""]",1
drums,STEM,DRUMS_01069,278.1170068027211,DRUM_SUPPORTED,FULL_MIX_AND_STEM_MATCH,"[""F_MIX_01381""]",1
drums,STEM,DRUMS_01070,278.47691609977323,DRUM_SUPPORTED,FULL_MIX_AND_STEM_MATCH,"[""F_MIX_01382""]",1
drums,STEM,DRUMS_01071,278.73233560090705,DRUM_SUPPORTED,FULL_MIX_AND_STEM_MATCH,"[""F_MIX_01383""]",1
drums,STEM,DRUMS_01072,278.8484353741497,BASS_AND_DRUM_SUPPORTED,FULL_MIX_AND_STEM_MATCH,"[""F_MIX_01384""]",1
drums,STEM,DRUMS_01073,279.2199546485261,DRUM_SUPPORTED,FULL_MIX_AND_STEM_MATCH,"[""F_MIX_01386""]",1
drums,STEM,DRUMS_01074,279.5798639455782,DRUM_SUPPORTED,FULL_MIX_AND_STEM_MATCH,"[""F_MIX_01388""]",1
drums,STEM,DRUMS_01075,279.85850340136057,UNKNOWN,FULL_MIX_AND_STEM_MATCH,"[""F_MIX_01389""]",1
drums,STEM,DRUMS_01076,280.3112925170068,DRUM_SUPPORTED,FULL_MIX_AND_STEM_MATCH,"[""F_MIX_01392""]",1
drums,STEM,DRUMS_01077,280.69442176870746,DRUM_SUPPORTED,FULL_MIX_AND_STEM_MATCH,"[""F_MIX_01393""]",1
drums,STEM,DRUMS_01078,281.0659410430839,DRUM_SUPPORTED,FULL_MIX_AND_STEM_MATCH,"[""F_MIX_01394""]",1
drums,STEM,DRUMS_01079,281.4374603174603,DRUM_SUPPORTED,FULL_MIX_AND_STEM_MATCH,"[""F_MIX_01396""]",1
drums,STEM,DRUMS_01080,281.80897959183676,DRUM_SUPPORTED,FULL_MIX_AND_STEM_MATCH,"[""F_MIX_01398""]",1
drums,STEM,DRUMS_01081,282.1688888888889,DRUM_SUPPORTED,FULL_MIX_AND_STEM_MATCH,"[""F_MIX_01399""]",1
drums,STEM,DRUMS_01082,282.5404081632653,DRUM_SUPPORTED,FULL_MIX_AND_STEM_MATCH,"[""F_MIX_01400""]",1
drums,STEM,DRUMS_01083,282.90031746031747,DRUM_SUPPORTED,FULL_MIX_AND_STEM_MATCH,"[""F_MIX_01402""]",1
drums,STEM,DRUMS_01084,283.22539682539684,UNKNOWN,FULL_MIX_AND_STEM_MATCH,"[""F_MIX_01404""]",1
drums,STEM,DRUMS_01085,283.2950566893424,BASS_AND_DRUM_SUPPORTED,FULL_MIX_AND_STEM_MATCH,"[""F_MIX_01405""]",1
drums,STEM,DRUMS_01086,283.6433560090703,BASS_AND_DRUM_SUPPORTED,FULL_MIX_AND_STEM_MATCH,"[""F_MIX_01408""]",1
drums,STEM,DRUMS_01087,284.0148752834467,BASS_AND_DRUM_SUPPORTED,FULL_MIX_AND_STEM_MATCH,"[""F_MIX_01410""]",1
drums,STEM,DRUMS_01088,284.3863945578231,BASS_AND_DRUM_SUPPORTED,FULL_MIX_AND_STEM_MATCH,"[""F_MIX_01412""]",1
drums,STEM,DRUMS_01089,284.67664399092973,UNKNOWN,FULL_MIX_AND_STEM_MATCH,"[""F_MIX_01413""]",1
drums,STEM,DRUMS_01090,284.7463038548753,BASS_AND_DRUM_SUPPORTED,FULL_MIX_AND_STEM_MATCH,"[""F_MIX_01414""]",1
drums,STEM,DRUMS_01091,285.1062131519274,DRUM_SUPPORTED,FULL_MIX_AND_STEM_MATCH,"[""F_MIX_01416""]",1
drums,STEM,DRUMS_01092,285.4777324263039,DRUM_SUPPORTED,FULL_MIX_AND_STEM_MATCH,"[""F_MIX_01417""]",1
drums,STEM,DRUMS_01093,285.837641723356,DRUM_SUPPORTED,FULL_MIX_AND_STEM_MATCH,"[""F_MIX_01419""]",1
drums,STEM,DRUMS_01094,286.1975510204082,DRUM_SUPPORTED,FULL_MIX_AND_STEM_MATCH,"[""F_MIX_01420""]",1
drums,STEM,DRUMS_01095,286.5574603174603,DRUM_SUPPORTED,FULL_MIX_AND_STEM_MATCH,"[""F_MIX_01422""]",1
drums,STEM,DRUMS_01096,286.940589569161,DRUM_SUPPORTED,FULL_MIX_AND_STEM_MATCH,"[""F_MIX_01424""]",1
drums,STEM,DRUMS_01097,287.31210884353743,DRUM_SUPPORTED,FULL_MIX_AND_STEM_MATCH,"[""F_MIX_01427""]",1
drums,STEM,DRUMS_01098,287.67201814058956,DRUM_SUPPORTED,FULL_MIX_AND_STEM_MATCH,"[""F_MIX_01428""]",1
drums,STEM,DRUMS_01099,288.0203174603175,DRUM_SUPPORTED,FULL_MIX_AND_STEM_MATCH,"[""F_MIX_01429""]",1
drums,STEM,DRUMS_01100,288.3802267573696,DRUM_SUPPORTED,FULL_MIX_AND_STEM_MATCH,"[""F_MIX_01430""]",1
drums,STEM,DRUMS_01101,288.57759637188207,UNKNOWN,FULL_MIX_AND_STEM_MATCH,"[""F_MIX_01431""]",1
drums,STEM,DRUMS_01102,288.7285260770975,DRUM_SUPPORTED,FULL_MIX_AND_STEM_MATCH,"[""F_MIX_01433""]",1
drums,STEM,DRUMS_01103,289.1116553287982,,STEM_ONLY,[],0
drums,STEM,DRUMS_01104,289.4599546485261,DRUM_SUPPORTED,FULL_MIX_AND_STEM_MATCH,"[""F_MIX_01436""]",1
drums,STEM,DRUMS_01105,289.84308390022676,DRUM_SUPPORTED,FULL_MIX_AND_STEM_MATCH,"[""F_MIX_01438""]",1
drums,STEM,DRUMS_01106,290.1913832199547,DRUM_SUPPORTED,FULL_MIX_AND_STEM_MATCH,"[""F_MIX_01440""]",1
drums,STEM,DRUMS_01107,290.4932426303855,DRUM_SUPPORTED,FULL_MIX_AND_STEM_MATCH,"[""F_MIX_01441""]",1
drums,STEM,DRUMS_01108,290.57451247165534,DRUM_SUPPORTED,FULL_MIX_AND_STEM_MATCH,"[""F_MIX_01442""]",1
drums,STEM,DRUMS_01109,290.911201814059,DRUM_SUPPORTED,FULL_MIX_AND_STEM_MATCH,"[""F_MIX_01443""]",1
drums,STEM,DRUMS_01110,291.2827210884354,DRUM_SUPPORTED,FULL_MIX_AND_STEM_MATCH,"[""F_MIX_01444""]",1
drums,STEM,DRUMS_01111,291.6542403628118,DRUM_SUPPORTED,FULL_MIX_AND_STEM_MATCH,"[""F_MIX_01446""]",1
drums,STEM,DRUMS_01112,292.01414965986396,DRUM_SUPPORTED,FULL_MIX_AND_STEM_MATCH,"[""F_MIX_01448""]",1
drums,STEM,DRUMS_01113,292.3972789115646,DRUM_SUPPORTED,FULL_MIX_AND_STEM_MATCH,"[""F_MIX_01449""]",1
drums,STEM,DRUMS_01114,292.6875283446712,DRUM_SUPPORTED,FULL_MIX_AND_STEM_MATCH,"[""F_MIX_01450""]",1
drums,STEM,DRUMS_01115,292.768798185941,DRUM_SUPPORTED,FULL_MIX_AND_STEM_MATCH,"[""F_MIX_01451""]",1
drums,STEM,DRUMS_01116,293.11709750566894,DRUM_SUPPORTED,FULL_MIX_AND_STEM_MATCH,"[""F_MIX_01453""]",1
drums,STEM,DRUMS_01117,293.48861678004533,DRUM_SUPPORTED,FULL_MIX_AND_STEM_MATCH,"[""F_MIX_01455""]",1
drums,STEM,DRUMS_01118,293.83691609977325,DRUM_SUPPORTED,FULL_MIX_AND_STEM_MATCH,"[""F_MIX_01456""]",1
drums,STEM,DRUMS_01119,294.2200453514739,DRUM_SUPPORTED,FULL_MIX_AND_STEM_MATCH,"[""F_MIX_01458""]",1
drums,STEM,DRUMS_01120,294.5799546485261,DRUM_SUPPORTED,FULL_MIX_AND_STEM_MATCH,"[""F_MIX_01460""]",1
drums,STEM,DRUMS_01121,294.9514739229025,DRUM_SUPPORTED,FULL_MIX_AND_STEM_MATCH,"[""F_MIX_01462""]",1
drums,STEM,DRUMS_01122,295.3113832199546,BASS_AND_DRUM_SUPPORTED,FULL_MIX_AND_STEM_MATCH,"[""F_MIX_01463""]",1
drums,STEM,DRUMS_01123,295.590022675737,,STEM_ONLY,[],0
drums,STEM,DRUMS_01124,295.6712925170068,BASS_AND_DRUM_SUPPORTED,FULL_MIX_AND_STEM_MATCH,"[""F_MIX_01465""]",1
drums,STEM,DRUMS_01125,296.0195918367347,BASS_AND_DRUM_SUPPORTED,FULL_MIX_AND_STEM_MATCH,"[""F_MIX_01467""]",1
drums,STEM,DRUMS_01126,296.05442176870747,,STEM_ONLY,[],0
drums,STEM,DRUMS_01127,296.32145124716556,UNKNOWN,FULL_MIX_AND_STEM_MATCH,"[""F_MIX_01468""]",1
drums,STEM,DRUMS_01128,296.4027210884354,DRUM_SUPPORTED,FULL_MIX_AND_STEM_MATCH,"[""F_MIX_01469""]",1
drums,STEM,DRUMS_01129,296.7626303854875,BASS_AND_DRUM_SUPPORTED,FULL_MIX_AND_STEM_MATCH,"[""F_MIX_01470""]",1
drums,STEM,DRUMS_01130,297.06448979591835,DRUM_SUPPORTED,FULL_MIX_AND_STEM_MATCH,"[""F_MIX_01471""]",1
drums,STEM,DRUMS_01131,297.13414965986397,DRUM_SUPPORTED,FULL_MIX_AND_STEM_MATCH,"[""F_MIX_01472""]",1
drums,STEM,DRUMS_01132,297.4940589569161,DRUM_SUPPORTED,FULL_MIX_AND_STEM_MATCH,"[""F_MIX_01474""]",1
drums,STEM,DRUMS_01133,297.7146485260771,UNKNOWN,FULL_MIX_AND_STEM_MATCH,"[""F_MIX_01476""]",1
drums,STEM,DRUMS_01134,297.87718820861676,,STEM_ONLY,[],0
drums,STEM,DRUMS_01135,298.23709750566894,DRUM_SUPPORTED,FULL_MIX_AND_STEM_MATCH,"[""F_MIX_01478""]",1
drums,STEM,DRUMS_01136,298.60861678004534,BASS_AND_DRUM_SUPPORTED,FULL_MIX_AND_STEM_MATCH,"[""F_MIX_01480""]",1
drums,STEM,DRUMS_01137,298.9685260770975,DRUM_SUPPORTED,FULL_MIX_AND_STEM_MATCH,"[""F_MIX_01482""]",1
drums,STEM,DRUMS_01138,299.2471655328798,DRUM_SUPPORTED,FULL_MIX_AND_STEM_MATCH,"[""F_MIX_01483""]",1
drums,STEM,DRUMS_01139,299.3400453514739,BASS_AND_DRUM_SUPPORTED,FULL_MIX_AND_STEM_MATCH,"[""F_MIX_01484""]",1
drums,STEM,DRUMS_01140,299.6999546485261,BASS_AND_DRUM_SUPPORTED,FULL_MIX_AND_STEM_MATCH,"[""F_MIX_01487""]",1
drums,STEM,DRUMS_01141,300.05986394557823,DRUM_SUPPORTED,FULL_MIX_AND_STEM_MATCH,"[""F_MIX_01488""]",1
drums,STEM,DRUMS_01142,300.4197732426304,DRUM_SUPPORTED,FULL_MIX_AND_STEM_MATCH,"[""F_MIX_01491""]",1
drums,STEM,DRUMS_01143,300.72163265306125,UNKNOWN,FULL_MIX_AND_STEM_MATCH,"[""F_MIX_01492""]",1
drums,STEM,DRUMS_01144,300.8029024943311,DRUM_SUPPORTED,FULL_MIX_AND_STEM_MATCH,"[""F_MIX_01494""]",1
drums,STEM,DRUMS_01145,301.15120181405894,DRUM_SUPPORTED,FULL_MIX_AND_STEM_MATCH,"[""F_MIX_01497""]",1
drums,STEM,DRUMS_01146,301.5227210884354,DRUM_SUPPORTED,FULL_MIX_AND_STEM_MATCH,"[""F_MIX_01499""]",1
drums,STEM,DRUMS_01147,301.8826303854875,DRUM_SUPPORTED,FULL_MIX_AND_STEM_MATCH,"[""F_MIX_01500""]",1
drums,STEM,DRUMS_01148,302.25414965986397,DRUM_SUPPORTED,FULL_MIX_AND_STEM_MATCH,"[""F_MIX_01502""]",1
drums,STEM,DRUMS_01149,302.62566893424037,DRUM_SUPPORTED,FULL_MIX_AND_STEM_MATCH,"[""F_MIX_01504""]",1
drums,STEM,DRUMS_01150,302.9855782312925,DRUM_SUPPORTED,FULL_MIX_AND_STEM_MATCH,"[""F_MIX_01505""]",1
drums,STEM,DRUMS_01151,303.35709750566895,DRUM_SUPPORTED,FULL_MIX_AND_STEM_MATCH,"[""F_MIX_01506""]",1
drums,STEM,DRUMS_01152,303.6473469387755,,STEM_ONLY,[],0
drums,STEM,DRUMS_01153,303.72861678004534,DRUM_SUPPORTED,FULL_MIX_AND_STEM_MATCH,"[""F_MIX_01507""]",1
drums,STEM,DRUMS_01154,304.0885260770975,DRUM_SUPPORTED,FULL_MIX_AND_STEM_MATCH,"[""F_MIX_01508""]",1
drums,STEM,DRUMS_01155,304.4600453514739,DRUM_SUPPORTED,FULL_MIX_AND_STEM_MATCH,"[""F_MIX_01509""]",1
drums,STEM,DRUMS_01156,304.81995464852605,DRUM_SUPPORTED,FULL_MIX_AND_STEM_MATCH,"[""F_MIX_01511""]",1
drums,STEM,DRUMS_01157,305.1914739229025,BASS_AND_DRUM_SUPPORTED,FULL_MIX_AND_STEM_MATCH,"[""F_MIX_01513""]",1
drums,STEM,DRUMS_01158,305.5629931972789,DRUM_SUPPORTED,FULL_MIX_AND_STEM_MATCH,"[""F_MIX_01514""]",1
drums,STEM,DRUMS_01159,305.9229024943311,BASS_AND_DRUM_SUPPORTED,FULL_MIX_AND_STEM_MATCH,"[""F_MIX_01515""]",1
drums,STEM,DRUMS_01160,306.2828117913832,BASS_AND_DRUM_SUPPORTED,FULL_MIX_AND_STEM_MATCH,"[""F_MIX_01516""]",1
drums,STEM,DRUMS_01161,306.5730612244898,BASS_AND_DRUM_SUPPORTED,FULL_MIX_AND_STEM_MATCH,"[""F_MIX_01517""]",1
drums,STEM,DRUMS_01162,306.65433106575966,DRUM_SUPPORTED,FULL_MIX_AND_STEM_MATCH,"[""F_MIX_01518""]",1
drums,STEM,DRUMS_01163,307.0026303854875,BASS_AND_DRUM_SUPPORTED,FULL_MIX_AND_STEM_MATCH,"[""F_MIX_01519""]",1
drums,STEM,DRUMS_01164,307.3741496598639,BASS_AND_DRUM_SUPPORTED,FULL_MIX_AND_STEM_MATCH,"[""F_MIX_01520""]",1
drums,STEM,DRUMS_01165,307.72244897959183,BASS_AND_DRUM_SUPPORTED,FULL_MIX_AND_STEM_MATCH,"[""F_MIX_01521""]",1
drums,STEM,DRUMS_01166,308.03591836734694,UNKNOWN,FULL_MIX_AND_STEM_MATCH,"[""F_MIX_01522""]",1
drums,STEM,DRUMS_01167,308.11718820861677,BASS_AND_DRUM_SUPPORTED,FULL_MIX_AND_STEM_MATCH,"[""F_MIX_01523""]",1
drums,STEM,DRUMS_01168,308.4538775510204,BASS_AND_DRUM_SUPPORTED,FULL_MIX_AND_STEM_MATCH,"[""F_MIX_01524""]",1
drums,STEM,DRUMS_01169,308.8253968253968,BASS_AND_DRUM_SUPPORTED,FULL_MIX_AND_STEM_MATCH,"[""F_MIX_01525""]",1
drums,STEM,DRUMS_01170,309.1736961451247,DRUM_SUPPORTED,FULL_MIX_AND_STEM_MATCH,"[""F_MIX_01527""]",1
drums,STEM,DRUMS_01171,309.3710657596372,UNKNOWN,FULL_MIX_AND_STEM_MATCH,"[""F_MIX_01528""]",1
drums,STEM,DRUMS_01172,309.5452154195011,DRUM_SUPPORTED,FULL_MIX_AND_STEM_MATCH,"[""F_MIX_01529""]",1
drums,STEM,DRUMS_01173,309.9167346938776,BASS_AND_DRUM_SUPPORTED,FULL_MIX_AND_STEM_MATCH,"[""F_MIX_01531""]",1
drums,STEM,DRUMS_01174,310.3114739229025,DRUM_SUPPORTED,FULL_MIX_AND_STEM_MATCH,"[""F_MIX_01533""]",1
drums,STEM,DRUMS_01175,310.6365532879819,BASS_AND_DRUM_SUPPORTED,FULL_MIX_AND_STEM_MATCH,"[""F_MIX_01534""]",1
drums,STEM,DRUMS_01176,310.67138321995463,DRUM_SUPPORTED,FULL_MIX_AND_STEM_MATCH,"[""F_MIX_01535""]",1
drums,STEM,DRUMS_01177,311.01968253968255,BASS_AND_DRUM_SUPPORTED,FULL_MIX_AND_STEM_MATCH,"[""F_MIX_01536""]",1
drums,STEM,DRUMS_01178,311.39120181405895,DRUM_SUPPORTED,FULL_MIX_AND_STEM_MATCH,"[""F_MIX_01537""]",1
drums,STEM,DRUMS_01179,312.1226303854875,DRUM_SUPPORTED,FULL_MIX_AND_STEM_MATCH,"[""F_MIX_01539""]",1
drums,STEM,DRUMS_01180,312.5057596371882,DRUM_SUPPORTED,FULL_MIX_AND_STEM_MATCH,"[""F_MIX_01540""]",1
drums,STEM,DRUMS_01181,312.8656689342404,DRUM_SUPPORTED,FULL_MIX_AND_STEM_MATCH,"[""F_MIX_01541""]",1
drums,STEM,DRUMS_01182,313.2604081632653,DRUM_SUPPORTED,FULL_MIX_AND_STEM_MATCH,"[""F_MIX_01543""]",1
drums,STEM,DRUMS_01183,313.6087074829932,BASS_AND_DRUM_SUPPORTED,FULL_MIX_AND_STEM_MATCH,"[""F_MIX_01544""]",1
drums,STEM,DRUMS_01184,313.96861678004535,BASS_AND_DRUM_SUPPORTED,FULL_MIX_AND_STEM_MATCH,"[""F_MIX_01545""]",1
drums,STEM,DRUMS_01185,314.3285260770975,BASS_AND_DRUM_SUPPORTED,FULL_MIX_AND_STEM_MATCH,"[""F_MIX_01547""]",1
drums,STEM,DRUMS_01186,314.70004535147393,,STEM_ONLY,[],0
drums,STEM,DRUMS_01187,315.0715646258503,BASS_AND_DRUM_SUPPORTED,FULL_MIX_AND_STEM_MATCH,"[""F_MIX_01550""]",1
drums,STEM,DRUMS_01188,315.8029931972789,BASS_AND_DRUM_SUPPORTED,FULL_MIX_AND_STEM_MATCH,"[""F_MIX_01552""]",1
drums,STEM,DRUMS_01189,316.1861224489796,DRUM_SUPPORTED,FULL_MIX_AND_STEM_MATCH,"[""F_MIX_01554""]",1
drums,STEM,DRUMS_01190,316.5228117913832,DRUM_SUPPORTED,FULL_MIX_AND_STEM_MATCH,"[""F_MIX_01555""]",1
drums,STEM,DRUMS_01191,316.9756009070295,,STEM_ONLY,[],0
drums,STEM,DRUMS_01192,317.27746031746034,BASS_AND_DRUM_SUPPORTED,FULL_MIX_AND_STEM_MATCH,"[""F_MIX_01557""]",1
drums,STEM,DRUMS_01193,317.660589569161,,STEM_ONLY,[],0
drums,STEM,DRUMS_01194,318.00888888888886,BASS_AND_DRUM_SUPPORTED,FULL_MIX_AND_STEM_MATCH,"[""F_MIX_01560""]",1
drums,STEM,DRUMS_01195,318.3920181405896,,STEM_ONLY,[],0
drums,STEM,DRUMS_01196,318.7287074829932,BASS_AND_DRUM_SUPPORTED,FULL_MIX_AND_STEM_MATCH,"[""F_MIX_01563""]",1
drums,STEM,DRUMS_01197,319.1118367346939,BASS_AND_DRUM_SUPPORTED,FULL_MIX_AND_STEM_MATCH,"[""F_MIX_01565""]",1
drums,STEM,DRUMS_01198,319.471746031746,BASS_AND_DRUM_SUPPORTED,FULL_MIX_AND_STEM_MATCH,"[""F_MIX_01567""]",1
drums,STEM,DRUMS_01199,319.8432653061225,,STEM_ONLY,[],0
drums,STEM,DRUMS_01200,320.2031746031746,BASS_AND_DRUM_SUPPORTED,FULL_MIX_AND_STEM_MATCH,"[""F_MIX_01569""]",1
drums,STEM,DRUMS_01201,320.59791383219954,,STEM_ONLY,[],0
drums,STEM,DRUMS_01202,320.94621315192745,BASS_AND_DRUM_SUPPORTED,FULL_MIX_AND_STEM_MATCH,"[""F_MIX_01572""]",1
drums,STEM,DRUMS_01203,321.31773242630385,,STEM_ONLY,[],0
drums,STEM,DRUMS_01204,321.66603174603176,DRUM_SUPPORTED,FULL_MIX_AND_STEM_MATCH,"[""F_MIX_01574""]",1
drums,STEM,DRUMS_01205,322.04916099773243,,STEM_ONLY,[],0
drums,STEM,DRUMS_01206,322.40907029478456,DRUM_SUPPORTED,FULL_MIX_AND_STEM_MATCH,"[""F_MIX_01577""]",1
drums,STEM,DRUMS_01207,322.7921995464853,,STEM_ONLY,[],0
drums,STEM,DRUMS_01208,323.1637188208617,DRUM_SUPPORTED,FULL_MIX_AND_STEM_MATCH,"[""F_MIX_01579""]",1
drums,STEM,DRUMS_01209,323.53523809523807,,STEM_ONLY,[],0
drums,STEM,DRUMS_01210,323.8719274376417,DRUM_SUPPORTED,FULL_MIX_AND_STEM_MATCH,"[""F_MIX_01582""]",1
drums,STEM,DRUMS_01211,324.2434467120181,DRUM_SUPPORTED,FULL_MIX_AND_STEM_MATCH,"[""F_MIX_01584""]",1
drums,STEM,DRUMS_01212,324.6033560090703,DRUM_SUPPORTED,FULL_MIX_AND_STEM_MATCH,"[""F_MIX_01585""]",1
drums,STEM,DRUMS_01213,324.98648526077096,DRUM_SUPPORTED,FULL_MIX_AND_STEM_MATCH,"[""F_MIX_01587""]",1
drums,STEM,DRUMS_01214,325.3347845804989,DRUM_SUPPORTED,FULL_MIX_AND_STEM_MATCH,"[""F_MIX_01588""]",1
drums,STEM,DRUMS_01215,325.6366439909297,,STEM_ONLY,[],0
drums,STEM,DRUMS_01216,325.7063038548753,,STEM_ONLY,[],0
drums,STEM,DRUMS_01217,326.0546031746032,BASS_AND_DRUM_SUPPORTED,FULL_MIX_AND_STEM_MATCH,"[""F_MIX_01591""]",1
drums,STEM,DRUMS_01218,326.4145124716553,,STEM_ONLY,[],0
drums,STEM,DRUMS_01219,326.7744217687075,BASS_AND_DRUM_SUPPORTED,FULL_MIX_AND_STEM_MATCH,"[""F_MIX_01594""]",1
drums,STEM,DRUMS_01220,327.12272108843536,,STEM_ONLY,[],0
drums,STEM,DRUMS_01221,327.5058503401361,,STEM_ONLY,[],0
drums,STEM,DRUMS_01222,327.8193197278912,,STEM_ONLY,[],0
drums,STEM,DRUMS_01223,328.24888888888887,DRUM_SUPPORTED,FULL_MIX_AND_STEM_MATCH,"[""F_MIX_01600""]",1
drums,STEM,DRUMS_01224,328.5507482993197,,STEM_ONLY,[],0
drums,STEM,DRUMS_01225,328.9919274376417,BASS_AND_DRUM_SUPPORTED,FULL_MIX_AND_STEM_MATCH,"[""F_MIX_01602""]",1
drums,STEM,DRUMS_01226,329.73496598639457,DRUM_SUPPORTED,FULL_MIX_AND_STEM_MATCH,"[""F_MIX_01604""]",1
