stem,quarter_id,quarter_timestamp,candidate_N,selected_id,timestamp_s,sample_index,offset_ms,state
bass,0,0.06965986394557823,0,,,,,EMPTY
bass,1,0.44117913832199546,0,,,,,EMPTY
bass,2,0.8126984126984127,2,BASS_00001,0.8823582766439909,38912,69.6598639455782000,SELECTED
bass,3,1.18421768707483,0,,,,,EMPTY
bass,4,1.555736961451247,2,BASS_00003,1.5789569160997732,69632,23.2199546485262000,SELECTED
bass,5,1.9272562358276644,0,,,,,EMPTY
bass,6,2.3219954648526078,1,BASS_00004,2.3103854875283445,101888,-11.6099773242633000,SELECTED
bass,7,2.670294784580499,0,,,,,EMPTY
bass,8,3.0418140589569163,2,BASS_00006,3.0650340136054424,135168,23.2199546485261000,SELECTED
bass,9,3.4133333333333336,2,BASS_00007,3.436553287981859,151552,23.2199546485254000,SELECTED
bass,10,3.7848526077097504,0,,,,,EMPTY
bass,11,4.156371882086168,0,,,,,EMPTY
bass,12,4.504671201814059,1,BASS_00009,4.516281179138322,199168,11.609977324263000,SELECTED
bass,13,4.876190476190477,0,,,,,EMPTY
bass,14,5.224489795918367,2,BASS_00011,5.259319727891157,231936,34.829931972790000,SELECTED
bass,15,5.596009070294785,1,BASS_00012,5.630839002267574,248320,34.829931972789000,SELECTED
bass,16,5.944308390022676,1,BASS_00013,5.990748299319728,264192,46.439909297052000,SELECTED
bass,17,6.315827664399093,1,BASS_00014,6.327437641723356,279040,11.609977324263000,SELECTED
bass,18,6.664126984126984,1,BASS_00015,6.675736961451247,294400,11.609977324263000,SELECTED
bass,19,7.012426303854875,0,,,,,EMPTY
bass,20,7.383945578231293,1,BASS_00016,7.430385487528345,327680,46.439909297052000,SELECTED
bass,21,7.732244897959184,0,,,,,EMPTY
bass,22,8.103764172335602,2,BASS_00018,8.150204081632653,359424,46.439909297051000,SELECTED
bass,23,8.452063492063493,1,BASS_00019,8.510113378684807,375296,58.049886621314000,SELECTED
bass,24,8.823582766439909,1,BASS_00020,8.881632653061224,391680,58.049886621315000,SELECTED
bass,25,9.1718820861678,1,BASS_00021,9.229931972789116,407040,58.049886621316000,SELECTED
bass,26,9.543401360544218,1,BASS_00022,9.58984126984127,422912,46.439909297052000,SELECTED
bass,27,9.914920634920636,0,,,,,EMPTY
bass,28,10.286439909297052,2,BASS_00024,10.32126984126984,455168,34.829931972788000,SELECTED
bass,29,10.634739229024943,1,BASS_00025,10.692789115646258,471552,58.049886621315000,SELECTED
bass,30,11.00625850340136,2,BASS_00027,11.052698412698414,487424,46.439909297054000,SELECTED
bass,31,11.377777777777778,1,BASS_00028,11.3081179138322,498688,-69.659863945578000,SELECTED
bass,32,11.749297052154194,0,,,,,EMPTY
bass,33,12.120816326530612,2,BASS_00030,12.132426303854876,535040,11.609977324264000,SELECTED
bass,34,12.49233560090703,1,BASS_00031,12.527165532879819,552448,34.829931972789000,SELECTED
bass,35,12.863854875283447,0,,,,,EMPTY
bass,36,13.235374149659863,1,BASS_00032,13.154104308390023,580096,-81.269841269840000,SELECTED
bass,37,13.606893424036281,0,,,,,EMPTY
bass,38,13.955192743764172,1,BASS_00033,14.001632653061224,617472,46.439909297052000,SELECTED
bass,39,14.32671201814059,0,,,,,EMPTY
bass,40,14.698231292517006,3,BASS_00035,14.733061224489797,649728,34.829931972791000,SELECTED
bass,41,15.069750566893424,2,BASS_00038,15.069750566893424,664576,0E-15,SELECTED
bass,42,15.441269841269841,1,BASS_00039,15.429659863945579,680448,-11.609977324262000,SELECTED
bass,43,15.789569160997733,0,,,,,EMPTY
bass,44,16.16108843537415,1,BASS_00040,16.207528344671204,714752,46.439909297054000,SELECTED
bass,45,16.532607709750568,0,,,,,EMPTY
bass,46,16.904126984126986,1,BASS_00041,16.950566893424035,747520,46.439909297049000,SELECTED
bass,47,17.2756462585034,0,,,,,EMPTY
bass,48,17.647165532879818,0,,,,,EMPTY
bass,49,18.018684807256236,1,BASS_00042,17.98385487528345,793088,-34.829931972786000,SELECTED
bass,50,18.390204081632653,1,BASS_00043,18.42503401360544,812544,34.829931972787000,SELECTED
bass,51,18.76172335600907,0,,,,,EMPTY
bass,52,19.11002267573696,1,BASS_00044,19.14485260770975,844288,34.82993197279000,SELECTED
bass,53,19.481541950113378,0,,,,,EMPTY
bass,54,19.82984126984127,1,BASS_00045,19.748571428571427,870912,-81.269841269843000,SELECTED
bass,55,20.201360544217685,1,BASS_00046,20.21297052154195,891392,11.609977324265000,SELECTED
bass,56,20.54965986394558,1,BASS_00047,20.58448979591837,907776,34.82993197279000,SELECTED
bass,57,20.897959183673468,1,BASS_00048,20.94439909297052,923648,46.439909297052000,SELECTED
bass,58,21.24625850340136,1,BASS_00049,21.31591836734694,940032,69.65986394558000,SELECTED
bass,59,21.61777777777778,0,,,,,EMPTY
bass,60,21.966077097505668,1,BASS_00050,22.04734693877551,972288,81.269841269842000,SELECTED
bass,61,22.337596371882086,0,,,,,EMPTY
bass,62,22.68589569160998,2,BASS_00051,22.66267573696145,999424,-23.21995464853000,SELECTED
bass,63,23.057414965986396,1,BASS_00053,23.11546485260771,1019392,58.049886621314000,SELECTED
bass,64,23.42893424036281,1,BASS_00054,23.486984126984126,1035776,58.049886621316000,SELECTED
bass,65,23.800453514739228,1,BASS_00055,23.84689342403628,1051648,46.439909297052000,SELECTED
bass,66,24.171972789115646,1,BASS_00056,24.18358276643991,1066496,11.609977324264000,SELECTED
bass,67,24.543492063492064,1,BASS_00057,24.555102040816326,1082880,11.609977324262000,SELECTED
bass,68,24.91501133786848,0,,,,,EMPTY
bass,69,25.2865306122449,1,BASS_00058,25.321360544217686,1116672,34.829931972786000,SELECTED
bass,70,25.658049886621317,2,BASS_00060,25.692879818594104,1133056,34.829931972787000,SELECTED
bass,71,26.02956916099773,1,BASS_00061,25.959909297052153,1144832,-69.659863945577000,SELECTED
bass,72,26.40108843537415,0,,,,,EMPTY
bass,73,26.772607709750567,0,,,,,EMPTY
bass,74,27.144126984126984,1,BASS_00062,27.132517006802722,1196544,-11.609977324262000,SELECTED
bass,75,27.515646258503402,1,BASS_00063,27.492426303854874,1212416,-23.219954648528000,SELECTED
bass,76,27.88716553287982,1,BASS_00064,27.875555555555554,1229312,-11.609977324266000,SELECTED
bass,77,28.23546485260771,0,,,,,EMPTY
bass,78,28.606984126984127,1,BASS_00065,28.606984126984127,1261568,0E-15,SELECTED
bass,79,28.955283446712016,1,BASS_00066,28.966893424036282,1277440,11.609977324266000,SELECTED
bass,80,29.326802721088434,1,BASS_00067,29.31519274376417,1292800,-11.609977324264000,SELECTED
bass,81,29.675102040816327,0,,,,,EMPTY
bass,82,30.046621315192745,1,BASS_00068,30.06984126984127,1326080,23.219954648525000,SELECTED
bass,83,30.394920634920634,1,BASS_00069,30.418140589569163,1341440,23.219954648529000,SELECTED
bass,84,30.743219954648527,1,BASS_00070,30.731609977324265,1355264,-11.609977324262000,SELECTED
bass,85,31.114739229024945,2,BASS_00072,31.149569160997732,1373696,34.829931972787000,SELECTED
bass,86,31.463038548752834,1,BASS_00073,31.509478458049887,1389568,46.439909297053000,SELECTED
bass,87,31.834557823129252,1,BASS_00074,31.857777777777777,1404928,23.219954648525000,SELECTED
bass,88,32.182857142857145,1,BASS_00075,32.229297052154195,1421312,46.439909297050000,SELECTED
bass,89,32.53115646258503,2,BASS_00077,32.57759637188209,1436672,46.43990929706000,SELECTED
bass,90,32.90267573696145,1,BASS_00078,32.96072562358277,1453568,58.04988662132000,SELECTED
bass,91,33.274195011337866,0,,,,,EMPTY
bass,92,33.62249433106576,2,BASS_00079,33.57605442176871,1480704,-46.43990929705000,SELECTED
bass,93,33.99401360544218,0,,,,,EMPTY
bass,94,34.365532879818595,2,BASS_00082,34.42358276643991,1518080,58.049886621315000,SELECTED
bass,95,34.71383219954649,1,BASS_00083,34.76027210884354,1532928,46.43990929705000,SELECTED
bass,96,35.085351473922906,1,BASS_00084,35.131791383219955,1549312,46.439909297049000,SELECTED
bass,97,35.456870748299316,1,BASS_00085,35.49170068027211,1565184,34.829931972794000,SELECTED
bass,98,35.828390022675734,1,BASS_00086,35.851609977324266,1581056,23.219954648532000,SELECTED
bass,99,36.19990929705215,0,,,,,EMPTY
bass,100,36.57142857142857,0,,,,,EMPTY
bass,101,36.94294784580499,1,BASS_00087,36.85006802721088,1625088,-92.87981859411000,SELECTED
bass,102,37.314467120181405,0,,,,,EMPTY
bass,103,37.68598639455782,1,BASS_00088,37.813696145124716,1667584,127.709750566896000,SELECTED
bass,104,38.05750566893424,2,BASS_00089,37.95301587301587,1673728,-104.48979591837000,SELECTED
bass,105,38.42902494331066,1,BASS_00091,38.47546485260771,1696768,46.43990929705000,SELECTED
bass,106,38.77732426303855,2,BASS_00093,38.81215419501134,1711616,34.82993197279000,SELECTED
bass,107,39.14884353741497,0,,,,,EMPTY
bass,108,39.52036281179139,1,BASS_00094,39.555192743764174,1744384,34.829931972784000,SELECTED
bass,109,39.8918820861678,0,,,,,EMPTY
bass,110,40.263401360544215,0,,,,,EMPTY
bass,111,40.61170068027211,1,BASS_00095,40.553650793650796,1788416,-58.049886621314000,SELECTED
bass,112,40.983219954648526,2,BASS_00097,40.90195011337868,1803776,-81.269841269846000,SELECTED
bass,113,41.35473922902494,2,BASS_00099,41.38956916099773,1825280,34.82993197279000,SELECTED
bass,114,41.72625850340136,1,BASS_00100,41.76108843537415,1841664,34.82993197279000,SELECTED
bass,115,42.09777777777778,0,,,,,EMPTY
bass,116,42.4692970521542,1,BASS_00101,42.49251700680272,1873920,23.21995464852000,SELECTED
bass,117,42.81759637188209,0,,,,,EMPTY
bass,118,43.1891156462585,1,BASS_00102,43.23555555555556,1906688,46.43990929706000,SELECTED
bass,119,43.56063492063492,1,BASS_00103,43.490975056689344,1917952,-69.659863945576000,SELECTED
bass,120,43.932154195011336,1,BASS_00104,43.97859410430839,1939456,46.439909297054000,SELECTED
bass,121,44.30367346938775,2,BASS_00106,44.33850340136055,1955328,34.82993197280000,SELECTED
bass,122,44.698412698412696,1,BASS_00107,44.68680272108843,1970688,-11.609977324266000,SELECTED
bass,123,45.069931972789114,1,BASS_00108,45.11637188208617,1989632,46.439909297056000,SELECTED
bass,124,45.44145124716553,0,,,,,EMPTY
bass,125,45.836190476190474,0,,,,,EMPTY
bass,126,46.23092970521542,0,,,,,EMPTY
bass,127,46.625668934240366,0,,,,,EMPTY
bass,128,47.02040816326531,0,,,,,EMPTY
bass,129,47.391927437641726,0,,,,,EMPTY
bass,130,47.78666666666667,1,BASS_00109,47.658956916099775,2101760,-127.709750566895000,SELECTED
bass,131,48.15818594104309,2,BASS_00111,48.12335600907029,2122240,-34.82993197280000,SELECTED
bass,132,48.529705215419504,1,BASS_00112,48.576145124716554,2142208,46.439909297050000,SELECTED
bass,133,48.901224489795915,1,BASS_00113,48.92444444444445,2157568,23.219954648535000,SELECTED
bass,134,49.27274376417233,1,BASS_00114,49.30757369614513,2174464,34.82993197280000,SELECTED
bass,135,49.64426303854875,1,BASS_00115,49.66748299319728,2190336,23.21995464853000,SELECTED
bass,136,50.01578231292517,1,BASS_00116,50.02739229024943,2206208,11.60997732426000,SELECTED
bass,137,50.387301587301586,2,BASS_00117,50.39891156462585,2222592,11.609977324264000,SELECTED
bass,138,50.758820861678004,0,,,,,EMPTY
bass,139,51.1071201814059,1,BASS_00119,51.04907029478458,2251264,-58.04988662132000,SELECTED
bass,140,51.478639455782314,1,BASS_00120,51.5134693877551,2271744,34.829931972786000,SELECTED
bass,141,51.85015873015873,1,BASS_00121,51.88498866213152,2288128,34.82993197279000,SELECTED
bass,142,52.22167800453515,0,,,,,EMPTY
bass,143,52.59319727891157,1,BASS_00122,52.61641723356009,2320384,23.21995464852000,SELECTED
bass,144,52.964716553287985,1,BASS_00123,52.97632653061225,2336256,11.609977324265000,SELECTED
bass,145,53.336235827664396,1,BASS_00124,53.35945578231293,2353152,23.219954648534000,SELECTED
bass,146,53.707755102040814,1,BASS_00125,53.730975056689346,2369536,23.219954648532000,SELECTED
bass,147,54.07927437641723,0,,,,,EMPTY
bass,148,54.427573696145124,1,BASS_00126,54.427573696145124,2400256,0E-15,SELECTED
bass,149,54.79909297052154,1,BASS_00127,54.78748299319728,2416128,-11.60997732426000,SELECTED
bass,150,55.17061224489796,1,BASS_00128,55.1590022675737,2432512,-11.60997732426000,SELECTED
bass,151,55.54213151927438,1,BASS_00129,55.414421768707484,2443776,-127.709750566896000,SELECTED
bass,152,55.89043083900227,1,BASS_00130,55.89043083900227,2464768,0E-14,SELECTED
bass,153,56.26195011337869,0,,,,,EMPTY
bass,154,56.610249433106574,1,BASS_00131,56.62185941043084,2497024,11.609977324266000,SELECTED
bass,155,56.98176870748299,1,BASS_00132,56.91210884353742,2509824,-69.65986394557000,SELECTED
bass,156,57.330068027210885,0,,,,,EMPTY
bass,157,57.67836734693878,1,BASS_00133,57.68997732426304,2544128,11.60997732426000,SELECTED
bass,158,58.026666666666664,0,,,,,EMPTY
bass,159,58.39818594104308,1,BASS_00134,58.44462585034014,2577408,46.43990929706000,SELECTED
bass,160,58.746485260770974,1,BASS_00135,58.80453514739229,2593280,58.049886621316000,SELECTED
bass,161,59.11800453514739,0,,,,,EMPTY
bass,162,59.466303854875285,1,BASS_00136,59.5243537414966,2625024,58.049886621315000,SELECTED
bass,163,59.8378231292517,1,BASS_00137,59.895873015873015,2641408,58.049886621315000,SELECTED
bass,164,60.20934240362812,1,BASS_00138,60.232562358276645,2656256,23.219954648525000,SELECTED
bass,165,60.58086167800454,1,BASS_00139,60.615691609977326,2673152,34.829931972786000,SELECTED
bass,166,60.929160997732424,1,BASS_00140,60.97560090702948,2689024,46.439909297056000,SELECTED
bass,167,61.32390022675737,2,BASS_00142,61.3471201814059,2705408,23.21995464853000,SELECTED
bass,168,61.695419501133784,1,BASS_00143,61.718639455782316,2721792,23.219954648532000,SELECTED
bass,169,62.0669387755102,3,BASS_00145,62.09015873015873,2738176,23.21995464853000,SELECTED
bass,170,62.43845804988662,0,,,,,EMPTY
bass,171,62.80997732426304,2,BASS_00147,62.83319727891156,2770944,23.21995464852000,SELECTED
bass,172,63.181496598639455,0,,,,,EMPTY
bass,173,63.52979591836735,0,,,,,EMPTY
bass,174,63.901315192743766,2,BASS_00150,63.901315192743766,2818048,0E-15,SELECTED
bass,175,64.27283446712018,0,,,,,EMPTY
bass,176,64.62113378684808,1,BASS_00151,64.63274376417233,2850304,11.60997732425000,SELECTED
bass,177,64.99265306122449,1,BASS_00152,64.96943310657596,2865152,-23.21995464853000,SELECTED
bass,178,65.34095238095239,1,BASS_00153,65.34095238095239,2881536,0E-14,SELECTED
bass,179,65.68925170068027,1,BASS_00154,65.70086167800453,2897408,11.60997732426000,SELECTED
bass,180,66.06077097505668,1,BASS_00155,66.07238095238095,2913792,11.60997732427000,SELECTED
bass,181,66.40907029478458,1,BASS_00156,66.43229024943311,2929664,23.21995464853000,SELECTED
bass,182,66.780589569161,1,BASS_00157,66.780589569161,2945024,0E-12,SELECTED
bass,183,67.1288888888889,1,BASS_00158,67.14049886621315,2960896,11.60997732425000,SELECTED
bass,184,67.47718820861678,1,BASS_00159,67.48879818594105,2976256,11.60997732427000,SELECTED
bass,185,67.84870748299319,1,BASS_00160,67.83709750566894,2991616,-11.60997732425000,SELECTED
bass,186,68.19700680272109,1,BASS_00161,68.20861678004535,3008000,11.60997732426000,SELECTED
bass,187,68.5685260770975,1,BASS_00162,68.59174603174603,3024896,23.21995464853000,SELECTED
bass,188,68.9168253968254,1,BASS_00163,68.95165532879818,3040768,34.82993197278000,SELECTED
bass,189,69.28834467120181,1,BASS_00164,69.29995464852608,3056128,11.60997732427000,SELECTED
bass,190,69.6366439909297,1,BASS_00165,69.67147392290249,3072512,34.82993197279000,SELECTED
bass,191,69.9849433106576,1,BASS_00166,70.00816326530612,3087360,23.21995464852000,SELECTED
bass,192,70.35646258503401,1,BASS_00167,70.37968253968253,3103744,23.21995464852000,SELECTED
bass,193,70.70476190476191,1,BASS_00168,70.72798185941043,3119104,23.21995464852000,SELECTED
bass,194,71.07628117913832,1,BASS_00169,71.09950113378684,3135488,23.21995464852000,SELECTED
bass,195,71.42458049886622,2,BASS_00171,71.44780045351474,3150848,23.21995464852000,SELECTED
bass,196,71.79609977324263,0,,,,,EMPTY
bass,197,72.14439909297052,1,BASS_00172,72.16761904761904,3182592,23.21995464852000,SELECTED
bass,198,72.51591836734694,0,,,,,EMPTY
bass,199,72.86421768707483,1,BASS_00173,72.88743764172335,3214336,23.21995464852000,SELECTED
bass,200,73.23573696145125,1,BASS_00174,73.25895691609978,3230720,23.21995464853000,SELECTED
bass,201,73.60725623582766,1,BASS_00175,73.60725623582766,3246080,0E-14,SELECTED
bass,202,73.95555555555555,0,,,,,EMPTY
bass,203,74.32707482993197,2,BASS_00177,74.33868480725623,3278336,11.60997732426000,SELECTED
bass,204,74.67537414965986,1,BASS_00178,74.72181405895692,3295232,46.43990929706000,SELECTED
bass,205,75.04689342403628,1,BASS_00179,75.08172335600906,3311104,34.82993197278000,SELECTED
bass,206,75.39519274376417,1,BASS_00180,75.43002267573696,3326464,34.82993197279000,SELECTED
bass,207,75.7667120181406,1,BASS_00181,75.77832199546485,3341824,11.60997732425000,SELECTED
bass,208,76.11501133786848,1,BASS_00182,76.06857142857143,3354624,-46.43990929705000,SELECTED
bass,209,76.48653061224489,1,BASS_00183,76.48653061224489,3373056,0E-14,SELECTED
bass,210,76.83482993197279,1,BASS_00184,76.86965986394557,3389952,34.82993197278000,SELECTED
bass,211,77.18312925170068,2,BASS_00186,77.22956916099773,3405824,46.43990929705000,SELECTED
bass,212,77.5546485260771,1,BASS_00187,77.57786848072563,3421184,23.21995464853000,SELECTED
bass,213,77.90294784580499,1,BASS_00188,77.94938775510204,3437568,46.43990929705000,SELECTED
bass,214,78.27446712018141,1,BASS_00189,78.3092970521542,3453440,34.82993197279000,SELECTED
bass,215,78.6227664399093,1,BASS_00190,78.64598639455782,3468288,23.21995464852000,SELECTED
bass,216,78.97106575963718,0,,,,,EMPTY
bass,217,79.34258503401361,0,,,,,EMPTY
bass,218,79.6908843537415,0,,,,,EMPTY
bass,219,80.03918367346938,0,,,,,EMPTY
bass,220,80.4107029478458,1,BASS_00191,80.45714285714286,3548160,46.43990929706000,SELECTED
bass,221,80.78222222222222,1,BASS_00192,80.88671201814059,3567104,104.48979591837000,SELECTED
bass,222,81.13052154195012,1,BASS_00193,81.08408163265307,3575808,-46.43990929705000,SELECTED
bass,223,81.50204081632653,1,BASS_00194,81.54848072562358,3596288,46.43990929705000,SELECTED
bass,224,81.87356009070295,2,BASS_00196,81.89678004535148,3611648,23.21995464853000,SELECTED
bass,225,82.24507936507936,1,BASS_00197,82.24507936507936,3627008,0E-14,SELECTED
bass,226,82.61659863945579,0,,,,,EMPTY
bass,227,82.9881179138322,1,BASS_00198,82.96489795918367,3658752,-23.21995464853000,SELECTED
bass,228,83.35963718820862,1,BASS_00199,83.34802721088435,3675648,-11.60997732427000,SELECTED
bass,229,83.73115646258503,1,BASS_00200,83.70793650793651,3691520,-23.21995464852000,SELECTED
bass,230,84.10267573696144,1,BASS_00201,84.09106575963719,3708416,-11.60997732425000,SELECTED
bass,231,84.45097505668934,1,BASS_00202,84.45097505668934,3724288,0E-14,SELECTED
bass,232,84.82249433106576,1,BASS_00203,84.83410430839002,3741184,11.60997732426000,SELECTED
bass,233,85.17079365079366,1,BASS_00204,85.17079365079366,3756032,0E-14,SELECTED
bass,234,85.54231292517007,1,BASS_00205,85.53070294784581,3771904,-11.60997732426000,SELECTED
bass,235,85.89061224489797,1,BASS_00206,85.90222222222222,3788288,11.60997732425000,SELECTED
bass,236,86.23891156462585,2,BASS_00207,86.22730158730158,3802624,-11.60997732427000,SELECTED
bass,237,86.61043083900226,1,BASS_00209,86.598820861678,3819008,-11.60997732426000,SELECTED
bass,238,86.95873015873016,1,BASS_00210,86.97034013605442,3835392,11.60997732426000,SELECTED
bass,239,87.30702947845805,1,BASS_00211,87.31863945578232,3850752,11.60997732427000,SELECTED
bass,240,87.67854875283447,1,BASS_00212,87.69015873015873,3867136,11.60997732426000,SELECTED
bass,241,88.02684807256236,1,BASS_00213,88.06167800453515,3883520,34.82993197279000,SELECTED
bass,242,88.39836734693877,1,BASS_00214,88.40997732426304,3898880,11.60997732427000,SELECTED
bass,243,88.74666666666667,1,BASS_00215,88.75827664399092,3914240,11.60997732425000,SELECTED
bass,244,89.09496598639456,0,,,,,EMPTY
bass,245,89.46648526077098,1,BASS_00216,89.47809523809524,3945984,11.60997732426000,SELECTED
bass,246,89.81478458049887,1,BASS_00217,89.83800453514739,3961856,23.21995464852000,SELECTED
bass,247,90.16308390022675,1,BASS_00218,90.18630385487528,3977216,23.21995464853000,SELECTED
bass,248,90.53460317460318,1,BASS_00219,90.5578231292517,3993600,23.21995464852000,SELECTED
bass,249,90.88290249433106,1,BASS_00220,90.91773242630386,4009472,34.82993197280000,SELECTED
bass,250,91.25442176870749,1,BASS_00221,91.27764172335601,4025344,23.21995464852000,SELECTED
bass,251,91.60272108843537,1,BASS_00222,91.6259410430839,4040704,23.21995464853000,SELECTED
bass,252,91.9742403628118,1,BASS_00223,91.98585034013605,4056576,11.60997732425000,SELECTED
bass,253,92.32253968253968,1,BASS_00224,92.34575963718821,4072448,23.21995464853000,SELECTED
bass,254,92.67083900226757,1,BASS_00225,92.70566893424036,4088320,34.82993197279000,SELECTED
bass,255,93.042358276644,1,BASS_00226,93.06557823129252,4104192,23.21995464852000,SELECTED
bass,256,93.39065759637188,1,BASS_00227,93.42548752834468,4120064,34.82993197280000,SELECTED
bass,257,93.7621768707483,2,BASS_00229,93.7621768707483,4134912,0E-13,SELECTED
bass,258,94.11047619047619,0,,,,,EMPTY
bass,259,94.4819954648526,1,BASS_00230,94.5168253968254,4168192,34.8299319728000,SELECTED
bass,260,94.85351473922903,1,BASS_00231,94.86512471655328,4183552,11.60997732425000,SELECTED
bass,261,95.20181405895691,0,,,,,EMPTY
bass,262,95.57333333333334,1,BASS_00232,95.59655328798186,4215808,23.21995464852000,SELECTED
bass,263,95.92163265306122,2,BASS_00233,95.87519274376417,4228096,-46.43990929705000,SELECTED
bass,264,96.29315192743765,1,BASS_00235,96.32798185941043,4248064,34.82993197278000,SELECTED
bass,265,96.64145124716553,1,BASS_00236,96.67628117913833,4263424,34.82993197280000,SELECTED
bass,266,97.01297052154194,1,BASS_00237,97.04780045351474,4279808,34.82993197280000,SELECTED
bass,267,97.36126984126984,0,,,,,EMPTY
bass,268,97.73278911564626,1,BASS_00238,97.7792290249433,4312064,46.43990929704000,SELECTED
bass,269,98.08108843537416,1,BASS_00239,98.13913832199546,4327936,58.04988662130000,SELECTED
bass,270,98.45260770975057,1,BASS_00240,98.51065759637189,4344320,58.04988662132000,SELECTED
bass,271,98.82412698412699,1,BASS_00241,98.85895691609977,4359680,34.82993197278000,SELECTED
bass,272,99.17242630385488,1,BASS_00242,99.2304761904762,4376064,58.04988662132000,SELECTED
bass,273,99.54394557823129,1,BASS_00243,99.57877551020408,4391424,34.82993197279000,SELECTED
bass,274,99.91546485260771,1,BASS_00244,99.93868480725624,4407296,23.21995464853000,SELECTED
bass,275,100.28698412698412,1,BASS_00245,100.31020408163265,4423680,23.21995464853000,SELECTED
bass,276,100.65850340136055,1,BASS_00246,100.68172335600907,4440064,23.21995464852000,SELECTED
bass,277,101.03002267573696,1,BASS_00247,101.05324263038548,4456448,23.21995464852000,SELECTED
bass,278,101.40154195011338,1,BASS_00248,101.42476190476191,4472832,23.21995464853000,SELECTED
bass,279,101.74984126984127,1,BASS_00249,101.79628117913832,4489216,46.43990929705000,SELECTED
bass,280,102.1213605442177,1,BASS_00250,102.15619047619047,4505088,34.82993197277000,SELECTED
bass,281,102.46965986394558,2,BASS_00252,102.50448979591837,4520448,34.82993197279000,SELECTED
bass,282,102.84117913832199,1,BASS_00253,102.85278911564626,4535808,11.60997732427000,SELECTED
bass,283,103.18947845804989,1,BASS_00254,103.21269841269842,4551680,23.21995464853000,SELECTED
bass,284,103.53777777777778,1,BASS_00255,103.5958276643991,4568576,58.04988662132000,SELECTED
bass,285,103.9092970521542,2,BASS_00257,103.95573696145125,4584448,46.43990929705000,SELECTED
bass,286,104.25759637188209,1,BASS_00258,104.3156462585034,4600320,58.04988662131000,SELECTED
bass,287,104.60589569160997,0,,,,,EMPTY
bass,288,104.9774149659864,1,BASS_00259,105.05868480725624,4633088,81.26984126984000,SELECTED
bass,289,105.32571428571428,1,BASS_00260,105.37215419501133,4646912,46.43990929705000,SELECTED
bass,290,105.67401360544218,2,BASS_00261,105.66240362811791,4659712,-11.60997732427000,SELECTED
bass,291,106.0455328798186,1,BASS_00263,106.10358276643991,4679168,58.04988662131000,SELECTED
bass,292,106.39383219954648,1,BASS_00264,106.46349206349207,4695040,69.65986394559000,SELECTED
bass,293,106.74213151927438,0,,,,,EMPTY
bass,294,107.11365079365079,1,BASS_00265,107.17170068027211,4726272,58.04988662132000,SELECTED
bass,295,107.46195011337869,1,BASS_00266,107.52,4741632,58.04988662131000,SELECTED
bass,296,107.81024943310658,1,BASS_00267,107.87990929705215,4757504,69.65986394557000,SELECTED
bass,297,108.18176870748299,2,BASS_00268,108.18176870748299,4770816,0E-14,SELECTED
bass,298,108.53006802721089,2,BASS_00271,108.56489795918367,4787712,34.82993197278000,SELECTED
bass,299,108.9015873015873,1,BASS_00272,108.91319727891157,4803072,11.60997732427000,SELECTED
bass,300,109.2498866213152,1,BASS_00273,109.29632653061225,4819968,46.43990929705000,SELECTED
bass,301,109.62140589569161,1,BASS_00274,109.6562358276644,4835840,34.82993197279000,SELECTED
bass,302,109.9697052154195,1,BASS_00275,109.99292517006803,4850688,23.21995464853000,SELECTED
bass,303,110.34122448979592,1,BASS_00276,110.36444444444444,4867072,23.21995464852000,SELECTED
bass,304,110.6895238095238,2,BASS_00277,110.65469387755103,4879872,-34.82993197277000,SELECTED
bass,305,111.06104308390023,2,BASS_00279,111.07265306122449,4898304,11.60997732426000,SELECTED
bass,306,111.43256235827664,1,BASS_00281,111.45578231292517,4915200,23.21995464853000,SELECTED
bass,307,111.78086167800454,1,BASS_00282,111.7924716553288,4930048,11.60997732426000,SELECTED
bass,308,112.12916099773243,1,BASS_00283,112.12916099773243,4944896,0E-14,SELECTED
bass,309,112.50068027210884,2,BASS_00285,112.51229024943311,4961792,11.60997732427000,SELECTED
bass,310,112.84897959183674,0,,,,,EMPTY
bass,311,113.22049886621315,1,BASS_00286,113.24371882086167,4994048,23.21995464852000,SELECTED
bass,312,113.56879818594105,1,BASS_00287,113.62684807256235,5010944,58.04988662130000,SELECTED
bass,313,113.94031746031746,1,BASS_00288,113.97514739229025,5026304,34.82993197279000,SELECTED
bass,314,114.31183673469388,0,,,,,EMPTY
bass,315,114.66013605442177,1,BASS_00289,114.69496598639456,5058048,34.82993197279000,SELECTED
bass,316,115.03165532879818,1,BASS_00290,115.07809523809524,5074944,46.43990929706000,SELECTED
bass,317,115.4031746031746,1,BASS_00291,115.43800453514739,5090816,34.82993197279000,SELECTED
bass,318,115.77469387755102,1,BASS_00292,115.80952380952381,5107200,34.82993197279000,SELECTED
bass,319,116.14621315192744,0,,,,,EMPTY
bass,320,116.51773242630385,1,BASS_00293,116.54095238095238,5139456,23.21995464853000,SELECTED
bass,321,116.88925170068028,1,BASS_00294,116.86603174603175,5153792,-23.21995464853000,SELECTED
bass,322,117.26077097505669,1,BASS_00295,117.2259410430839,5169664,-34.82993197279000,SELECTED
bass,323,117.63229024943311,1,BASS_00296,117.59746031746032,5186048,-34.82993197279000,SELECTED
bass,324,118.00380952380952,1,BASS_00297,117.980589569161,5202944,-23.21995464852000,SELECTED
bass,325,118.37532879818595,1,BASS_00298,118.2940589569161,5216768,-81.26984126985000,SELECTED
bass,326,118.72362811791383,0,,,,,EMPTY
bass,327,119.09514739229024,0,,,,,EMPTY
bass,328,119.44344671201814,0,,,,,EMPTY
bass,329,119.81496598639455,3,BASS_00299,119.81496598639455,5283840,0E-14,SELECTED
bass,330,120.16326530612245,0,,,,,EMPTY
bass,331,120.53478458049887,0,,,,,EMPTY
bass,332,120.88308390022675,1,BASS_00302,120.97596371882086,5335040,92.87981859411000,SELECTED
bass,333,121.25460317460318,1,BASS_00303,121.2429931972789,5346816,-11.60997732428000,SELECTED
bass,334,121.60290249433106,1,BASS_00304,121.62612244897959,5363712,23.21995464853000,SELECTED
bass,335,121.97442176870749,1,BASS_00305,121.97442176870749,5379072,0E-14,SELECTED
bass,336,122.32272108843537,1,BASS_00306,122.33433106575964,5394944,11.60997732427000,SELECTED
bass,337,122.6942403628118,0,,,,,EMPTY
bass,338,123.06575963718821,1,BASS_00307,123.07736961451248,5427712,11.60997732427000,SELECTED
bass,339,123.4140589569161,1,BASS_00308,123.42566893424036,5443072,11.60997732426000,SELECTED
bass,340,123.78557823129252,1,BASS_00309,123.80879818594104,5459968,23.21995464852000,SELECTED
bass,341,124.1338775510204,1,BASS_00310,124.1687074829932,5475840,34.8299319728000,SELECTED
bass,342,124.50539682539683,1,BASS_00311,124.51700680272108,5491200,11.60997732425000,SELECTED
bass,343,124.85369614512472,1,BASS_00312,124.88852607709751,5507584,34.82993197279000,SELECTED
bass,344,125.22521541950114,1,BASS_00313,125.24843537414966,5523456,23.21995464852000,SELECTED
bass,345,125.57351473922903,1,BASS_00314,125.61995464852608,5539840,46.43990929705000,SELECTED
bass,346,125.94503401360544,1,BASS_00315,125.96825396825396,5555200,23.21995464852000,SELECTED
bass,347,126.29333333333334,3,BASS_00318,126.32816326530612,5571072,34.82993197278000,SELECTED
bass,348,126.66485260770975,2,BASS_00319,126.65324263038549,5585408,-11.60997732426000,SELECTED
bass,349,127.01315192743765,2,BASS_00321,126.92027210884353,5597184,-92.87981859412000,SELECTED
bass,350,127.36145124716553,1,BASS_00323,127.38467120181406,5617664,23.21995464853000,SELECTED
bass,351,127.73297052154194,1,BASS_00324,127.73297052154194,5633024,0E-14,SELECTED
bass,352,128.08126984126983,1,BASS_00325,128.11609977324264,5649920,34.82993197281000,SELECTED
bass,353,128.45278911564625,1,BASS_00326,128.46439909297052,5665280,11.60997732427000,SELECTED
bass,354,128.80108843537414,1,BASS_00327,128.83591836734695,5681664,34.82993197281000,SELECTED
bass,355,129.17260770975057,1,BASS_00328,129.20743764172335,5698048,34.82993197278000,SELECTED
bass,356,129.52090702947845,1,BASS_00329,129.5673469387755,5713920,46.43990929705000,SELECTED
bass,357,129.89242630385488,1,BASS_00330,129.93886621315193,5730304,46.43990929705000,SELECTED
bass,358,130.24072562358276,1,BASS_00331,130.29877551020408,5746176,58.04988662132000,SELECTED
bass,359,130.6122448979592,1,BASS_00332,130.6702947845805,5762560,58.0498866213000,SELECTED
bass,360,130.96054421768707,2,BASS_00333,130.91410430839002,5773312,-46.43990929705000,SELECTED
bass,361,131.3320634920635,2,BASS_00336,131.3320634920635,5791744,0E-13,SELECTED
bass,362,131.68036281179138,1,BASS_00337,131.84290249433107,5814272,162.53968253969000,SELECTED
bass,363,132.0518820861678,1,BASS_00338,131.91256235827663,5817344,-139.31972789117000,SELECTED
bass,364,132.4001814058957,1,BASS_00339,132.43501133786847,5840384,34.82993197277000,SELECTED
bass,365,132.77170068027212,1,BASS_00340,132.79492063492063,5856256,23.21995464851000,SELECTED
bass,366,133.12,1,BASS_00341,133.14321995464852,5871616,23.21995464852000,SELECTED
bass,367,133.49151927437643,1,BASS_00342,133.49151927437643,5886976,0E-14,SELECTED
bass,368,133.83981859410432,1,BASS_00343,133.86303854875283,5903360,23.21995464851000,SELECTED
bass,369,134.2113378684807,1,BASS_00344,134.22294784580498,5919232,11.60997732428000,SELECTED
bass,370,134.55963718820863,0,,,,,EMPTY
bass,371,134.93115646258502,1,BASS_00345,134.91954648526078,5949952,-11.60997732424000,SELECTED
bass,372,135.27945578231294,1,BASS_00346,135.29106575963718,5966336,11.60997732424000,SELECTED
bass,373,135.65097505668933,1,BASS_00347,135.6625850340136,5982720,11.60997732427000,SELECTED
bass,374,135.99927437641725,1,BASS_00348,136.0108843537415,5998080,11.60997732425000,SELECTED
bass,375,136.37079365079364,1,BASS_00349,136.37079365079364,6013952,0E-14,SELECTED
bass,376,136.71909297052153,1,BASS_00350,136.74231292517007,6030336,23.21995464854000,SELECTED
bass,377,137.09061224489795,0,,,,,EMPTY
bass,378,137.43891156462584,1,BASS_00351,137.4853514739229,6063104,46.43990929706000,SELECTED
bass,379,137.81043083900227,2,BASS_00353,137.8336507936508,6078464,23.21995464853000,SELECTED
bass,380,138.15873015873015,1,BASS_00354,138.10068027210883,6090240,-58.04988662132000,SELECTED
bass,381,138.50702947845804,2,BASS_00355,138.55346938775511,6110208,46.43990929707000,SELECTED
bass,382,138.87854875283446,1,BASS_00357,138.87854875283446,6124544,0E-14,SELECTED
bass,383,139.22684807256235,1,BASS_00358,139.26167800453516,6141440,34.82993197281000,SELECTED
bass,384,139.59836734693877,1,BASS_00359,139.63319727891155,6157824,34.82993197278000,SELECTED
bass,385,139.94666666666666,1,BASS_00360,139.9698866213152,6172672,23.21995464854000,SELECTED
bass,386,140.31818594104308,2,BASS_00362,140.34140589569162,6189056,23.21995464854000,SELECTED
bass,387,140.6897052154195,1,BASS_00363,140.70131519274378,6204928,11.60997732428000,SELECTED
bass,388,141.0380045351474,1,BASS_00364,141.04961451247166,6220288,11.60997732426000,SELECTED
bass,389,141.40952380952382,1,BASS_00365,141.43274376417233,6237184,23.21995464851000,SELECTED
bass,390,141.78104308390022,1,BASS_00366,141.79265306122448,6253056,11.60997732426000,SELECTED
bass,391,142.12934240362813,1,BASS_00367,142.14095238095237,6268416,11.60997732424000,SELECTED
bass,392,142.50086167800453,1,BASS_00368,142.5124716553288,6284800,11.60997732427000,SELECTED
bass,393,142.87238095238095,1,BASS_00369,142.87238095238095,6300672,0E-14,SELECTED
bass,394,143.22068027210884,1,BASS_00370,143.24390022675738,6317056,23.21995464854000,SELECTED
bass,395,143.59219954648526,0,,,,,EMPTY
bass,396,143.94049886621315,1,BASS_00371,143.95210884353742,6348288,11.60997732427000,SELECTED
bass,397,144.28879818594103,1,BASS_00372,144.34684807256235,6365696,58.04988662132000,SELECTED
bass,398,144.66031746031746,1,BASS_00373,144.7067573696145,6381568,46.43990929704000,SELECTED
bass,399,145.00861678004534,1,BASS_00374,145.07827664399093,6397952,69.65986394559000,SELECTED
bass,400,145.38013605442177,1,BASS_00375,145.32208616780045,6408704,-58.04988662132000,SELECTED
bass,401,145.72843537414965,2,BASS_00377,145.78648526077097,6429184,58.04988662132000,SELECTED
bass,402,146.09995464852608,2,BASS_00379,146.00707482993198,6438912,-92.87981859410000,SELECTED
bass,403,146.44825396825397,2,BASS_00380,146.35537414965987,6454272,-92.87981859410000,SELECTED
bass,404,146.79655328798185,2,BASS_00383,146.8429931972789,6475776,46.43990929705000,SELECTED
bass,405,147.16807256235828,4,BASS_00387,147.19129251700681,6491136,23.21995464853000,SELECTED
bass,406,147.51637188208616,2,BASS_00389,147.5628117913832,6507520,46.43990929704000,SELECTED
bass,407,147.8878911564626,3,BASS_00392,147.92272108843537,6523392,34.82993197277000,SELECTED
bass,408,148.23619047619047,3,BASS_00394,148.16653061224488,6534144,-69.65986394559000,SELECTED
bass,409,148.58448979591836,1,BASS_00396,148.52643990929704,6550016,-58.04988662132000,SELECTED
bass,410,148.95600907029478,2,BASS_00397,148.99083900226756,6570496,34.82993197278000,SELECTED
bass,411,149.30430839002267,2,BASS_00400,149.35074829931972,6586368,46.43990929705000,SELECTED
bass,412,149.65260770975055,1,BASS_00401,149.7338775510204,6603264,81.26984126985000,SELECTED
bass,413,150.02412698412698,1,BASS_00402,149.8964172335601,6610432,-127.70975056688000,SELECTED
bass,414,150.3956462585034,2,BASS_00404,150.465306122449,6635520,69.6598639456000,SELECTED
bass,415,150.7439455782313,1,BASS_00405,150.7091156462585,6646272,-34.8299319728000,SELECTED
bass,416,151.11546485260772,2,BASS_00407,151.0806349206349,6662656,-34.82993197282000,SELECTED
bass,417,151.48698412698414,1,BASS_00408,151.45215419501133,6679040,-34.82993197281000,SELECTED
bass,418,151.85850340136054,1,BASS_00409,151.7772335600907,6693376,-81.26984126984000,SELECTED
bass,419,152.23002267573696,1,BASS_00410,152.29968253968255,6716416,69.65986394559000,SELECTED
bass,420,152.6015419501134,1,BASS_00411,152.67120181405895,6732800,69.65986394555000,SELECTED
bass,421,152.99628117913832,1,BASS_00412,153.01950113378686,6748160,23.21995464854000,SELECTED
bass,422,153.36780045351475,1,BASS_00413,153.37941043083902,6764032,11.60997732427000,SELECTED
bass,423,153.73931972789114,1,BASS_00414,153.73931972789114,6779904,0E-14,SELECTED
bass,424,154.08761904761906,1,BASS_00415,154.1340589569161,6797312,46.43990929704000,SELECTED
bass,425,154.45913832199545,2,BASS_00417,154.47074829931972,6812160,11.60997732427000,SELECTED
bass,426,154.83065759637188,1,BASS_00418,154.85387755102042,6829056,23.21995464854000,SELECTED
bass,427,155.17895691609976,1,BASS_00419,155.19056689342403,6843904,11.60997732427000,SELECTED
bass,428,155.52725623582765,2,BASS_00421,155.5504761904762,6859776,23.21995464855000,SELECTED
bass,429,155.89877551020408,1,BASS_00422,155.9219954648526,6876160,23.21995464852000,SELECTED
bass,430,156.24707482993196,1,BASS_00423,156.2702947845805,6891520,23.21995464854000,SELECTED
bass,431,156.6185941043084,1,BASS_00424,156.63020408163266,6907392,11.60997732426000,SELECTED
bass,432,156.96689342403627,3,BASS_00425,156.94367346938776,6921216,-23.21995464851000,SELECTED
bass,433,157.3384126984127,0,,,,,EMPTY
bass,434,157.70993197278912,2,BASS_00429,157.7447619047619,6956544,34.82993197278000,SELECTED
bass,435,158.08145124716555,1,BASS_00430,157.97696145124718,6966784,-104.48979591837000,SELECTED
bass,436,158.45297052154194,2,BASS_00432,158.48780045351475,6989312,34.82993197281000,SELECTED
bass,437,158.80126984126983,0,,,,,EMPTY
bass,438,159.17278911564625,2,BASS_00434,159.2192290249433,7021568,46.43990929705000,SELECTED
bass,439,159.54430839002268,1,BASS_00435,159.54430839002268,7035904,0E-14,SELECTED
bass,440,159.9158276643991,1,BASS_00436,159.81133786848073,7047680,-104.48979591837000,SELECTED
bass,441,160.264126984127,2,BASS_00438,160.2873469387755,7068672,23.2199546485000,SELECTED
bass,442,160.61242630385487,1,BASS_00439,160.6356462585034,7084032,23.21995464853000,SELECTED
bass,443,160.9839455782313,1,BASS_00440,160.86784580498866,7094272,-116.09977324264000,SELECTED
bass,444,161.33224489795919,3,BASS_00443,161.41351473922902,7118336,81.26984126983000,SELECTED
bass,445,161.68054421768707,2,BASS_00445,161.7385941043084,7132672,58.04988662133000,SELECTED
bass,446,162.0520634920635,1,BASS_00446,161.9824036281179,7143424,-69.6598639456000,SELECTED
bass,447,162.40036281179138,1,BASS_00447,162.47002267573697,7164928,69.65986394559000,SELECTED
bass,448,162.7718820861678,1,BASS_00448,162.85315192743764,7181824,81.26984126984000,SELECTED
bass,449,163.14340136054423,2,BASS_00450,163.22467120181406,7198208,81.26984126983000,SELECTED
bass,450,163.51492063492063,3,BASS_00453,163.56136054421768,7213056,46.43990929705000,SELECTED
bass,451,163.88643990929705,1,BASS_00454,163.92126984126983,7228928,34.82993197278000,SELECTED
bass,452,164.23473922902494,1,BASS_00455,164.29278911564626,7245312,58.04988662132000,SELECTED
bass,453,164.60625850340136,2,BASS_00457,164.62947845804987,7260160,23.21995464851000,SELECTED
bass,454,164.9777777777778,1,BASS_00458,165.0009977324263,7276544,23.2199546485000,SELECTED
bass,455,165.34929705215418,1,BASS_00459,165.37251700680272,7292928,23.21995464854000,SELECTED
bass,456,165.6975963718821,1,BASS_00460,165.7556462585034,7309824,58.0498866213000,SELECTED
bass,457,166.0691156462585,1,BASS_00461,166.1039455782313,7325184,34.8299319728000,SELECTED
bass,458,166.41741496598638,1,BASS_00462,166.4522448979592,7340544,34.82993197282000,SELECTED
bass,459,166.7889342403628,1,BASS_00463,166.80054421768708,7355904,11.60997732428000,SELECTED
bass,460,167.1372335600907,1,BASS_00464,167.16045351473923,7371776,23.21995464853000,SELECTED
bass,461,167.4855328798186,1,BASS_00465,167.5203628117914,7387648,34.8299319728000,SELECTED
bass,462,167.8338321995465,1,BASS_00466,167.8918820861678,7404032,58.0498866213000,SELECTED
bass,463,168.2053514739229,1,BASS_00467,168.2401814058957,7419392,34.8299319728000,SELECTED
bass,464,168.5536507936508,0,,,,,EMPTY
bass,465,168.9251700680272,1,BASS_00468,168.84390022675737,7446016,-81.26984126983000,SELECTED
bass,466,169.2734693877551,2,BASS_00469,169.19219954648526,7461376,-81.26984126984000,SELECTED
bass,467,169.621768707483,0,,,,,EMPTY
bass,468,169.99328798185942,3,BASS_00472,170.01650793650794,7497728,23.21995464852000,SELECTED
bass,469,170.3415873015873,1,BASS_00474,170.283537414966,7509504,-58.0498866213000,SELECTED
bass,470,170.7131065759637,2,BASS_00476,170.75954648526078,7530496,46.43990929708000,SELECTED
bass,471,171.06140589569162,2,BASS_00477,170.98013605442176,7540224,-81.26984126986000,SELECTED
bass,472,171.43292517006802,1,BASS_00479,171.46775510204083,7561728,34.82993197281000,SELECTED
bass,473,171.78122448979593,1,BASS_00480,171.71156462585034,7572480,-69.65986394559000,SELECTED
bass,474,172.15274376417233,1,BASS_00481,172.2340136054422,7595520,81.26984126987000,SELECTED
bass,475,172.5010430839002,1,BASS_00482,172.5707029478458,7610368,69.6598639456000,SELECTED
bass,476,172.87256235827664,1,BASS_00483,172.7912925170068,7620096,-81.26984126984000,SELECTED
bass,477,173.22086167800452,3,BASS_00485,173.18603174603174,7637504,-34.82993197278000,SELECTED
bass,478,173.59238095238095,1,BASS_00487,173.49950113378685,7651328,-92.87981859410000,SELECTED
bass,479,173.94068027210884,3,BASS_00489,173.96390022675737,7671808,23.21995464853000,SELECTED
bass,480,174.31219954648526,2,BASS_00491,174.34702947845804,7688704,34.82993197278000,SELECTED
bass,481,174.68371882086169,2,BASS_00494,174.67210884353742,7703040,-11.60997732427000,SELECTED
bass,482,175.03201814058957,0,,,,,EMPTY
bass,483,175.403537414966,1,BASS_00495,175.41514739229024,7735808,11.60997732424000,SELECTED
bass,484,175.75183673469388,0,,,,,EMPTY
bass,485,176.1233560090703,1,BASS_00496,176.13496598639455,7767552,11.60997732425000,SELECTED
bass,486,176.4716553287982,0,,,,,EMPTY
bass,487,176.84317460317462,1,BASS_00497,176.86639455782313,7799808,23.21995464851000,SELECTED
bass,488,177.1914739229025,1,BASS_00498,177.24952380952382,7816704,58.04988662132000,SELECTED
bass,489,177.5629931972789,1,BASS_00499,177.5978231292517,7832064,34.8299319728000,SELECTED
bass,490,177.9112925170068,1,BASS_00500,177.86485260770976,7843840,-46.43990929704000,SELECTED
bass,491,178.2828117913832,1,BASS_00501,178.32925170068026,7864320,46.43990929706000,SELECTED
bass,492,178.63111111111112,1,BASS_00502,178.68916099773242,7880192,58.04988662130000,SELECTED
bass,493,179.00263038548752,1,BASS_00503,179.02585034013606,7895040,23.21995464854000,SELECTED
bass,494,179.37414965986395,0,,,,,EMPTY
bass,495,179.72244897959183,0,,,,,EMPTY
bass,496,180.09396825396826,0,,,,,EMPTY
bass,497,180.46548752834468,0,,,,,EMPTY
bass,498,180.83700680272108,2,BASS_00505,180.88344671201813,7976960,46.43990929705000,SELECTED
bass,499,181.2085260770975,1,BASS_00506,181.23174603174604,7992320,23.21995464854000,SELECTED
bass,500,181.58004535147393,1,BASS_00507,181.6148752834467,8009216,34.82993197277000,SELECTED
bass,501,181.9283446712018,1,BASS_00508,181.85868480725622,8019968,-69.65986394558000,SELECTED
bass,502,182.29986394557824,2,BASS_00510,182.35791383219956,8041984,58.04988662132000,SELECTED
bass,503,182.64816326530612,1,BASS_00511,182.70621315192744,8057344,58.04988662132000,SELECTED
bass,504,183.01968253968255,1,BASS_00512,182.96163265306123,8068608,-58.04988662132000,SELECTED
bass,505,183.36798185941043,0,,,,,EMPTY
bass,506,183.71628117913832,2,BASS_00513,183.66984126984127,8099840,-46.43990929705000,SELECTED
bass,507,184.0645804988662,2,BASS_00516,184.12263038548753,8119808,58.04988662133000,SELECTED
bass,508,184.43609977324263,2,BASS_00518,184.4709297052154,8135168,34.82993197277000,SELECTED
bass,509,184.78439909297052,1,BASS_00519,184.66829931972788,8143872,-116.09977324264000,SELECTED
bass,510,185.15591836734694,2,BASS_00521,185.05142857142857,8160768,-104.48979591837000,SELECTED
bass,511,185.50421768707483,1,BASS_00522,185.52743764172337,8181760,23.21995464854000,SELECTED
bass,512,185.87573696145125,0,,,,,EMPTY
bass,513,186.24725623582768,1,BASS_00523,186.1427664399093,8208896,-104.48979591838000,SELECTED
bass,514,186.61877551020407,1,BASS_00524,186.6419954648526,8230912,23.21995464853000,SELECTED
bass,515,186.9902947845805,2,BASS_00526,187.01351473922904,8247296,23.21995464854000,SELECTED
bass,516,187.36181405895692,1,BASS_00527,187.40825396825397,8264704,46.43990929705000,SELECTED
bass,517,187.73333333333332,1,BASS_00528,187.7449433106576,8279552,11.60997732428000,SELECTED
bass,518,188.08163265306123,1,BASS_00529,188.11646258503401,8295936,34.82993197278000,SELECTED
bass,519,188.45315192743763,1,BASS_00530,188.47637188208617,8311808,23.21995464854000,SELECTED
bass,520,188.80145124716555,1,BASS_00531,188.82467120181406,8327168,23.21995464851000,SELECTED
bass,521,189.14975056689343,2,BASS_00533,189.17297052154194,8342528,23.21995464851000,SELECTED
bass,522,189.49804988662132,0,,,,,EMPTY
bass,523,189.86956916099774,2,BASS_00535,189.86956916099774,8373248,0E-14,SELECTED
bass,524,190.21786848072563,1,BASS_00536,190.2526984126984,8390144,34.82993197277000,SELECTED
bass,525,190.5661678004535,0,,,,,EMPTY
bass,526,190.9144671201814,1,BASS_00537,190.99573696145126,8422912,81.26984126986000,SELECTED
bass,527,191.26276643990929,1,BASS_00538,191.3208163265306,8437248,58.04988662131000,SELECTED
bass,528,191.6110657596372,1,BASS_00539,191.68072562358276,8453120,69.65986394556000,SELECTED
bass,529,191.95936507936509,1,BASS_00540,191.91292517006804,8463360,-46.43990929705000,SELECTED
bass,530,192.3308843537415,0,,,,,EMPTY
bass,531,192.6791836734694,0,,,,,EMPTY
bass,532,193.02748299319728,0,,,,,EMPTY
bass,533,193.37578231292517,0,,,,,EMPTY
bass,534,193.72408163265305,0,,,,,EMPTY
bass,535,194.07238095238094,0,,,,,EMPTY
bass,536,194.44390022675736,0,,,,,EMPTY
bass,537,194.79219954648525,0,,,,,EMPTY
bass,538,195.14049886621316,0,,,,,EMPTY
bass,539,195.48879818594105,0,,,,,EMPTY
bass,540,195.86031746031745,0,,,,,EMPTY
bass,541,196.20861678004536,0,,,,,EMPTY
bass,542,196.55691609977325,0,,,,,EMPTY
bass,543,196.90521541950113,0,,,,,EMPTY
bass,544,197.27673469387756,0,,,,,EMPTY
bass,545,197.62503401360544,1,BASS_00541,197.6018140589569,8714240,-23.21995464854000,SELECTED
bass,546,197.97333333333333,1,BASS_00542,197.96172335600906,8730112,-11.60997732427000,SELECTED
bass,547,198.34485260770975,1,BASS_00543,198.36807256235826,8748032,23.21995464851000,SELECTED
bass,548,198.69315192743764,1,BASS_00544,198.7047619047619,8762880,11.60997732426000,SELECTED
bass,549,199.06467120181406,1,BASS_00545,199.06467120181406,8778752,0E-14,SELECTED
bass,550,199.41297052154195,1,BASS_00546,199.42458049886622,8794624,11.60997732427000,SELECTED
bass,551,199.76126984126984,1,BASS_00547,199.78448979591838,8810496,23.21995464854000,SELECTED
bass,552,200.13278911564626,1,BASS_00548,200.15600907029477,8826880,23.21995464851000,SELECTED
bass,553,200.48108843537415,1,BASS_00549,200.5043083900227,8842240,23.21995464855000,SELECTED
bass,554,200.85260770975057,1,BASS_00550,200.88743764172335,8859136,34.82993197278000,SELECTED
bass,555,201.20090702947846,2,BASS_00552,201.23573696145124,8874496,34.82993197278000,SELECTED
bass,556,201.57242630385488,1,BASS_00553,201.60725623582766,8890880,34.82993197278000,SELECTED
bass,557,201.92072562358277,1,BASS_00554,201.96716553287982,8906752,46.43990929705000,SELECTED
bass,558,202.26902494331065,1,BASS_00555,202.32707482993197,8922624,58.04988662132000,SELECTED
bass,559,202.64054421768708,1,BASS_00556,202.67537414965986,8937984,34.82993197278000,SELECTED
bass,560,202.98884353741497,2,BASS_00558,203.02367346938775,8953344,34.82993197278000,SELECTED
bass,561,203.33714285714285,1,BASS_00559,203.3835827664399,8969216,46.43990929705000,SELECTED
bass,562,203.68544217687074,1,BASS_00560,203.75510204081633,8985600,69.65986394559000,SELECTED
bass,563,204.05696145124716,0,,,,,EMPTY
bass,564,204.40526077097505,0,,,,,EMPTY
bass,565,204.75356009070296,0,,,,,EMPTY
bass,566,205.12507936507936,0,,,,,EMPTY
bass,567,205.47337868480724,0,,,,,EMPTY
bass,568,205.84489795918367,0,,,,,EMPTY
bass,569,206.19319727891155,0,,,,,EMPTY
bass,570,206.56471655328798,0,,,,,EMPTY
bass,571,206.9362358276644,0,,,,,EMPTY
bass,572,207.30775510204083,0,,,,,EMPTY
bass,573,207.67927437641723,0,,,,,EMPTY
bass,574,208.05079365079365,0,,,,,EMPTY
bass,575,208.4455328798186,0,,,,,EMPTY
bass,576,208.817052154195,0,,,,,EMPTY
bass,577,209.21179138321995,0,,,,,EMPTY
bass,578,209.58331065759637,1,BASS_00561,209.42077097505668,9235456,-162.53968253969000,SELECTED
bass,579,209.9548299319728,1,BASS_00562,209.9780498866213,9260032,23.2199546485000,SELECTED
bass,580,210.3263492063492,1,BASS_00563,210.33795918367346,9275904,11.60997732426000,SELECTED
bass,581,210.69786848072562,1,BASS_00564,210.68625850340135,9291264,-11.60997732427000,SELECTED
bass,582,211.06938775510204,1,BASS_00565,211.06938775510204,9308160,0E-14,SELECTED
bass,583,211.41768707482993,1,BASS_00566,211.40607709750566,9323008,-11.60997732427000,SELECTED
bass,584,211.78920634920635,1,BASS_00567,211.77759637188208,9339392,-11.60997732427000,SELECTED
bass,585,212.13750566893424,3,BASS_00569,212.1491156462585,9355776,11.60997732426000,SELECTED
bass,586,212.50902494331066,1,BASS_00571,212.52063492063493,9372160,11.60997732427000,SELECTED
bass,587,212.85732426303855,1,BASS_00572,212.8805442176871,9388032,23.21995464855000,SELECTED
bass,588,213.20562358276644,1,BASS_00573,213.25206349206348,9404416,46.43990929704000,SELECTED
bass,589,213.57714285714286,0,,,,,EMPTY
bass,590,213.92544217687075,1,BASS_00574,213.96027210884353,9435648,34.82993197278000,SELECTED
bass,591,214.27374149659863,1,BASS_00575,214.33179138321995,9452032,58.04988662132000,SELECTED
bass,592,214.64526077097506,1,BASS_00576,214.6917006802721,9467904,46.43990929704000,SELECTED
bass,593,214.99356009070294,1,BASS_00577,215.05160997732426,9483776,58.04988662132000,SELECTED
bass,594,215.34185941043083,1,BASS_00578,215.43473922902496,9500672,92.87981859413000,SELECTED
bass,595,215.71337868480725,0,,,,,EMPTY
bass,596,216.06167800453514,0,,,,,EMPTY
bass,597,216.40997732426302,0,,,,,EMPTY
bass,598,216.78149659863945,0,,,,,EMPTY
bass,599,217.12979591836734,0,,,,,EMPTY
bass,600,217.47809523809525,0,,,,,EMPTY
bass,601,217.82639455782314,0,,,,,EMPTY
bass,602,218.19791383219956,0,,,,,EMPTY
bass,603,218.54621315192745,0,,,,,EMPTY
bass,604,218.91773242630384,0,,,,,EMPTY
bass,605,219.28925170068027,0,,,,,EMPTY
bass,606,219.6607709750567,0,,,,,EMPTY
bass,607,220.05551020408163,0,,,,,EMPTY
bass,608,220.45024943310656,0,,,,,EMPTY
bass,609,220.821768707483,0,,,,,EMPTY
bass,610,221.1932879818594,0,,,,,EMPTY
bass,611,221.56480725623584,1,BASS_00579,221.64607709750567,9774592,81.26984126983000,SELECTED
bass,612,221.95954648526077,1,BASS_00580,222.02920634920636,9791488,69.65986394559000,SELECTED
bass,613,222.3310657596372,2,BASS_00582,222.37750566893425,9806848,46.43990929705000,SELECTED
bass,614,222.7025850340136,1,BASS_00583,222.71419501133786,9821696,11.60997732426000,SELECTED
bass,615,223.07410430839002,1,BASS_00584,223.07410430839002,9837568,0E-14,SELECTED
bass,616,223.4224036281179,1,BASS_00585,223.44562358276644,9853952,23.21995464854000,SELECTED
bass,617,223.79392290249433,1,BASS_00586,223.8055328798186,9869824,11.60997732427000,SELECTED
bass,618,224.14222222222222,1,BASS_00587,224.16544217687076,9885696,23.21995464854000,SELECTED
bass,619,224.51374149659864,1,BASS_00588,224.5253514739229,9901568,11.60997732426000,SELECTED
bass,620,224.86204081632653,1,BASS_00589,224.8968707482993,9917952,34.82993197277000,SELECTED
bass,621,225.23356009070295,0,,,,,EMPTY
bass,622,225.58185941043084,1,BASS_00590,225.6282993197279,9950208,46.43990929706000,SELECTED
bass,623,225.93015873015872,1,BASS_00591,225.97659863945577,9965568,46.43990929705000,SELECTED
bass,624,226.2784580498866,1,BASS_00592,226.3248979591837,9980928,46.4399092971000,SELECTED
bass,625,226.64997732426303,1,BASS_00593,226.6848072562358,9996800,34.82993197277000,SELECTED
bass,626,226.99827664399092,0,,,,,EMPTY
bass,627,227.34657596371883,0,,,,,EMPTY
bass,628,227.71809523809523,0,,,,,EMPTY
bass,629,228.06639455782312,0,,,,,EMPTY
bass,630,228.43791383219954,0,,,,,EMPTY
bass,631,228.80943310657597,0,,,,,EMPTY
bass,632,229.1809523809524,0,,,,,EMPTY
bass,633,229.5524716553288,0,,,,,EMPTY
bass,634,229.9239909297052,0,,,,,EMPTY
bass,635,230.31873015873015,0,,,,,EMPTY
bass,636,230.69024943310657,0,,,,,EMPTY
bass,637,231.061768707483,0,,,,,EMPTY
bass,638,231.45650793650793,0,,,,,EMPTY
bass,639,231.82802721088436,0,,,,,EMPTY
bass,640,232.19954648526078,0,,,,,EMPTY
bass,641,232.57106575963718,2,BASS_00595,232.59428571428572,10257408,23.21995464854000,SELECTED
bass,642,232.9425850340136,0,,,,,EMPTY
bass,643,233.33732426303854,2,BASS_00597,233.33732426303854,10290176,0E-14,SELECTED
bass,644,233.70884353741496,0,,,,,EMPTY
bass,645,234.0803628117914,1,BASS_00598,234.1035827664399,10323968,23.2199546485000,SELECTED
bass,646,234.4518820861678,0,,,,,EMPTY
bass,647,234.8234013605442,1,BASS_00599,234.86984126984126,10357760,46.43990929706000,SELECTED
bass,648,235.19492063492063,0,,,,,EMPTY
bass,649,235.56643990929706,1,BASS_00600,235.60126984126984,10390016,34.82993197278000,SELECTED
bass,650,235.961179138322,0,,,,,EMPTY
bass,651,236.33269841269842,1,BASS_00601,236.33269841269842,10422272,0E-14,SELECTED
bass,652,236.70421768707482,1,BASS_00602,236.8667573696145,10445824,162.53968253968000,SELECTED
bass,653,237.07573696145124,1,BASS_00603,237.1221768707483,10457088,46.43990929706000,SELECTED
bass,654,237.44725623582767,1,BASS_00604,237.37759637188208,10468352,-69.65986394559000,SELECTED
bass,655,237.8187755102041,2,BASS_00606,237.8419954648526,10488832,23.2199546485000,SELECTED
bass,656,238.1902947845805,1,BASS_00607,238.20190476190476,10504704,11.60997732426000,SELECTED
bass,657,238.5618140589569,1,BASS_00608,238.5966439909297,10522112,34.8299319728000,SELECTED
bass,658,238.93333333333334,0,,,,,EMPTY
bass,659,239.32807256235827,0,,,,,EMPTY
bass,660,239.6995918367347,0,,,,,EMPTY
bass,661,240.07111111111112,1,BASS_00609,239.96662131519275,10582528,-104.48979591837000,SELECTED
bass,662,240.44263038548752,0,,,,,EMPTY
bass,663,240.81414965986394,2,BASS_00611,240.83736961451248,10620928,23.21995464854000,SELECTED
bass,664,241.18566893424037,1,BASS_00612,241.20888888888888,10637312,23.21995464851000,SELECTED
bass,665,241.5571882086168,1,BASS_00613,241.59201814058957,10654208,34.82993197277000,SELECTED
bass,666,241.9287074829932,0,,,,,EMPTY
bass,667,242.30022675736961,2,BASS_00615,242.34666666666666,10687488,46.43990929705000,SELECTED
bass,668,242.69496598639455,1,BASS_00616,242.59047619047618,10698240,-104.48979591837000,SELECTED
bass,669,243.06648526077097,0,,,,,EMPTY
bass,670,243.4380045351474,0,,,,,EMPTY
bass,671,243.8095238095238,0,,,,,EMPTY
bass,672,244.18104308390022,1,BASS_00617,244.22748299319727,10770432,46.43990929705000,SELECTED
bass,673,244.55256235827665,1,BASS_00618,244.58739229024943,10786304,34.82993197278000,SELECTED
bass,674,244.92408163265307,0,,,,,EMPTY
bass,675,245.318820861678,0,,,,,EMPTY
bass,676,245.69034013605443,0,,,,,EMPTY
bass,677,246.06185941043083,1,BASS_00619,246.11990929705215,10853888,58.04988662132000,SELECTED
bass,678,246.43337868480725,0,,,,,EMPTY
bass,679,246.80489795918368,2,BASS_00620,246.75845804988663,10882048,-46.43990929705000,SELECTED
bass,680,247.1996371882086,2,BASS_00623,247.18802721088434,10900992,-11.60997732426000,SELECTED
bass,681,247.57115646258504,1,BASS_00624,247.5827664399093,10918400,11.60997732426000,SELECTED
bass,682,247.94267573696146,0,,,,,EMPTY
bass,683,248.31419501133786,1,BASS_00625,248.3606349206349,10952704,46.43990929704000,SELECTED
bass,684,248.68571428571428,0,,,,,EMPTY
bass,685,249.0572335600907,2,BASS_00626,248.9991836734694,10980864,-58.0498866213000,SELECTED
bass,686,249.42875283446713,1,BASS_00628,249.4984126984127,11002880,69.65986394557000,SELECTED
bass,687,249.82349206349207,1,BASS_00629,249.86993197278912,11019264,46.43990929705000,SELECTED
bass,688,250.1950113378685,1,BASS_00630,250.218231292517,11034624,23.2199546485000,SELECTED
bass,689,250.5665306122449,2,BASS_00632,250.61297052154194,11052032,46.43990929704000,SELECTED
bass,690,250.93804988662131,0,,,,,EMPTY
bass,691,251.30956916099774,0,,,,,EMPTY
bass,692,251.68108843537414,1,BASS_00633,251.8552380952381,11106816,174.14965986396000,SELECTED
bass,693,252.05260770975056,2,BASS_00635,252.08743764172337,11117056,34.82993197281000,SELECTED
bass,694,252.42412698412699,1,BASS_00636,252.2615873015873,11124736,-162.53968253969000,SELECTED
bass,695,252.7956462585034,1,BASS_00637,252.77242630385487,11147264,-23.21995464853000,SELECTED
bass,696,253.1671655328798,0,,,,,EMPTY
bass,697,253.56190476190477,0,,,,,EMPTY
bass,698,253.93342403628117,0,,,,,EMPTY
bass,699,254.3049433106576,0,,,,,EMPTY
bass,700,254.69968253968253,0,,,,,EMPTY
bass,701,255.0944217687075,0,,,,,EMPTY
bass,702,255.4659410430839,0,,,,,EMPTY
bass,703,255.86068027210885,0,,,,,EMPTY
bass,704,256.2321995464853,1,BASS_00638,256.1857596371882,11297792,-46.4399092971000,SELECTED
bass,705,256.6037188208617,1,BASS_00639,256.5921088435374,11315712,-11.6099773243000,SELECTED
bass,706,256.97523809523807,0,,,,,EMPTY
bass,707,257.3467573696145,1,BASS_00640,257.39319727891154,11351040,46.43990929704000,SELECTED
bass,708,257.7182766439909,1,BASS_00641,257.7298866213152,11365888,11.6099773243000,SELECTED
bass,709,258.0897959183674,2,BASS_00643,258.1362358276644,11383808,46.4399092970000,SELECTED
bass,710,258.46131519274377,1,BASS_00644,258.47292517006804,11398656,11.60997732427000,SELECTED
bass,711,258.83283446712016,1,BASS_00645,258.8560544217687,11415552,23.21995464854000,SELECTED
bass,712,259.2043537414966,1,BASS_00646,259.2275736961451,11431936,23.2199546485000,SELECTED
bass,713,259.575873015873,1,BASS_00647,259.6107029478458,11448832,34.8299319728000,SELECTED
bass,714,259.9473922902494,1,BASS_00648,259.97061224489795,11464704,23.21995464855000,SELECTED
bass,715,260.31891156462586,1,BASS_00649,260.3537414965986,11481600,34.82993197274000,SELECTED
bass,716,260.69043083900226,1,BASS_00650,260.7136507936508,11497472,23.21995464854000,SELECTED
bass,717,261.06195011337866,1,BASS_00651,261.0851700680272,11513856,23.21995464854000,SELECTED
bass,718,261.41024943310657,1,BASS_00652,261.4334693877551,11529216,23.21995464853000,SELECTED
bass,719,261.78176870748297,1,BASS_00653,261.79337868480724,11545088,11.60997732427000,SELECTED
bass,720,262.1532879818594,1,BASS_00654,262.1532879818594,11560960,0E-13,SELECTED
bass,721,262.5015873015873,1,BASS_00655,262.51319727891155,11576832,11.60997732425000,SELECTED
bass,722,262.87310657596373,1,BASS_00656,262.9079365079365,11594240,34.82993197277000,SELECTED
bass,723,263.2214058956916,1,BASS_00657,263.27945578231294,11610624,58.04988662134000,SELECTED
bass,724,263.5697052154195,1,BASS_00658,263.6161451247166,11625472,46.4399092971000,SELECTED
bass,725,263.9412244897959,2,BASS_00660,263.9760544217687,11641344,34.8299319728000,SELECTED
bass,726,264.2895238095238,1,BASS_00661,264.33596371882084,11657216,46.43990929704000,SELECTED
bass,727,264.63782312925173,1,BASS_00662,264.695873015873,11673088,58.04988662127000,SELECTED
bass,728,265.0093424036281,1,BASS_00663,265.04417233560093,11688448,34.82993197283000,SELECTED
bass,729,265.357641723356,1,BASS_00664,265.41569160997733,11704832,58.04988662133000,SELECTED
bass,730,265.72916099773244,0,,,,,EMPTY
bass,731,266.10068027210883,2,BASS_00666,266.17034013605445,11738112,69.65986394562000,SELECTED
bass,732,266.4721995464853,0,,,,,EMPTY
bass,733,266.8437188208617,2,BASS_00668,266.901768707483,11770368,58.0498866213000,SELECTED
bass,734,267.2152380952381,1,BASS_00669,267.1455782312925,11781120,-69.6598639456000,SELECTED
bass,735,267.58675736961453,0,,,,,EMPTY
bass,736,267.9582766439909,2,BASS_00671,267.94666666666666,11816448,-11.60997732424000,SELECTED
bass,737,268.3297959183673,1,BASS_00672,268.35301587301586,11834368,23.21995464856000,SELECTED
bass,738,268.7245351473923,0,,,,,EMPTY
bass,739,269.0960544217687,1,BASS_00673,269.107664399093,11867648,11.6099773243000,SELECTED
bass,740,269.4675736961451,0,,,,,EMPTY
bass,741,269.83909297052156,1,BASS_00674,269.7229931972789,11894784,-116.09977324266000,SELECTED
bass,742,270.2338321995465,0,,,,,EMPTY
bass,743,270.6053514739229,2,BASS_00676,270.65179138322,11935744,46.4399092971000,SELECTED
bass,744,270.97687074829935,1,BASS_00677,270.8607709750567,11944960,-116.09977324265000,SELECTED
bass,745,271.34839002267574,0,,,,,EMPTY
bass,746,271.7431292517007,0,,,,,EMPTY
bass,747,272.1146485260771,1,BASS_00678,272.19591836734696,12003840,81.26984126986000,SELECTED
bass,748,272.48616780045353,0,,,,,EMPTY
bass,749,272.8576870748299,1,BASS_00679,272.88090702947846,12034048,23.21995464856000,SELECTED
bass,750,273.25242630385486,1,BASS_00680,273.26403628117913,12050944,11.60997732427000,SELECTED
bass,751,273.6239455782313,1,BASS_00681,273.6471655328798,12067840,23.2199546485000,SELECTED
bass,752,273.9954648526077,2,BASS_00683,273.9954648526077,12083200,0E-13,SELECTED
bass,753,274.3669841269841,1,BASS_00684,274.35537414965984,12099072,-11.60997732426000,SELECTED
bass,754,274.73850340136056,0,,,,,EMPTY
bass,755,275.11002267573696,1,BASS_00685,275.1216326530612,12132864,11.60997732424000,SELECTED
bass,756,275.48154195011335,0,,,,,EMPTY
bass,757,275.8530612244898,1,BASS_00686,275.8995011337868,12167168,46.4399092970000,SELECTED
bass,758,276.2245804988662,0,,,,,EMPTY
bass,759,276.59609977324266,1,BASS_00687,276.6309297052154,12199424,34.82993197274000,SELECTED
bass,760,276.96761904761905,0,,,,,EMPTY
bass,761,277.33913832199545,1,BASS_00688,277.362358276644,12231680,23.21995464855000,SELECTED
bass,762,277.7106575963719,0,,,,,EMPTY
bass,763,278.0821768707483,2,BASS_00690,278.1170068027211,12264960,34.8299319728000,SELECTED
bass,764,278.4536961451247,0,,,,,EMPTY
bass,765,278.82521541950115,1,BASS_00691,278.8484353741497,12297216,23.21995464855000,SELECTED
bass,766,279.19673469387754,0,,,,,EMPTY
bass,767,279.56825396825394,0,,,,,EMPTY
bass,768,279.9397732426304,2,BASS_00693,279.97460317460315,12346880,34.82993197275000,SELECTED
bass,769,280.3112925170068,2,BASS_00695,280.35773242630387,12363776,46.43990929707000,SELECTED
bass,770,280.68281179138324,1,BASS_00696,280.717641723356,12379648,34.82993197276000,SELECTED
bass,771,281.05433106575964,1,BASS_00697,281.08916099773245,12396032,34.82993197281000,SELECTED
bass,772,281.42585034013604,0,,,,,EMPTY
bass,773,281.7973696145125,1,BASS_00698,281.8438095238095,12429312,46.4399092970000,SELECTED
bass,774,282.1688888888889,1,BASS_00699,282.21532879818596,12445696,46.43990929706000,SELECTED
bass,775,282.5404081632653,1,BASS_00700,282.58684807256236,12462080,46.43990929706000,SELECTED
bass,776,282.91192743764174,0,,,,,EMPTY
bass,777,283.28344671201813,0,,,,,EMPTY
bass,778,283.65496598639453,0,,,,,EMPTY
bass,779,284.026485260771,0,,,,,EMPTY
bass,780,284.37478458049884,0,,,,,EMPTY
bass,781,284.7463038548753,1,BASS_00701,284.8043537414966,12559872,58.0498866213000,SELECTED
bass,782,285.1178231292517,1,BASS_00702,285.1062131519274,12573184,-11.6099773243000,SELECTED
bass,783,285.48934240362814,1,BASS_00703,285.50095238095236,12590592,11.60997732422000,SELECTED
bass,784,285.86086167800454,2,BASS_00705,285.84925170068027,12605952,-11.60997732427000,SELECTED
bass,785,286.23238095238094,1,BASS_00706,286.1975510204082,12621312,-34.82993197274000,SELECTED
bass,786,286.58068027210885,1,BASS_00707,286.5690702947846,12637696,-11.60997732425000,SELECTED
bass,787,286.95219954648525,1,BASS_00708,286.940589569161,12654080,-11.60997732425000,SELECTED
bass,788,287.30049886621316,3,BASS_00711,287.2888888888889,12669440,-11.60997732426000,SELECTED
bass,789,287.67201814058956,1,BASS_00712,287.6836281179138,12686848,11.60997732424000,SELECTED
bass,790,288.0203174603175,1,BASS_00713,288.043537414966,12702720,23.2199546485000,SELECTED
bass,791,288.36861678004533,1,BASS_00714,288.39183673469387,12718080,23.21995464854000,SELECTED
bass,792,288.7401360544218,1,BASS_00715,288.75174603174605,12733952,11.60997732425000,SELECTED
bass,793,289.08843537414964,0,,,,,EMPTY
bass,794,289.43673469387755,1,BASS_00716,289.5180045351474,12767744,81.26984126985000,SELECTED
bass,795,289.80825396825395,0,,,,,EMPTY
bass,796,290.15655328798186,0,,,,,EMPTY
bass,797,290.52807256235826,1,BASS_00717,290.5861224489796,12814848,58.04988662134000,SELECTED
bass,798,290.8995918367347,1,BASS_00718,290.94603174603174,12830720,46.43990929704000,SELECTED
bass,799,291.2478911564626,0,,,,,EMPTY
bass,800,291.619410430839,1,BASS_00719,291.6542403628118,12861952,34.8299319728000,SELECTED
bass,801,291.9909297052154,0,,,,,EMPTY
bass,802,292.3624489795918,1,BASS_00720,292.3972789115646,12894720,34.8299319728000,SELECTED
bass,803,292.73396825396827,1,BASS_00721,292.768798185941,12911104,34.82993197273000,SELECTED
bass,804,293.10548752834467,0,,,,,EMPTY
bass,805,293.47700680272106,1,BASS_00722,293.52344671201814,12944384,46.43990929708000,SELECTED
bass,806,293.825306122449,2,BASS_00723,293.83691609977325,12958208,11.60997732425000,SELECTED
bass,807,294.1968253968254,2,BASS_00726,294.2316553287982,12975616,34.8299319728000,SELECTED
bass,808,294.5683446712018,1,BASS_00727,294.59156462585037,12991488,23.21995464857000,SELECTED
bass,809,294.9398639455782,1,BASS_00728,294.9398639455782,13006848,0E-13,SELECTED
bass,810,295.28816326530614,1,BASS_00729,295.2997732426304,13022720,11.60997732426000,SELECTED
bass,811,295.65968253968254,2,BASS_00731,295.69451247165534,13040128,34.82993197280000,SELECTED
bass,812,296.03120181405893,1,BASS_00732,296.03120181405893,13054976,0E-14,SELECTED
bass,813,296.4027210884354,1,BASS_00733,296.4027210884354,13071360,0E-13,SELECTED
bass,814,296.7742403628118,1,BASS_00734,296.7626303854875,13087232,-11.6099773243000,SELECTED
bass,815,297.1225396825397,2,BASS_00736,297.14575963718823,13104128,23.21995464853000,SELECTED
bass,816,297.4940589569161,2,BASS_00737,297.47083900226755,13118464,-23.21995464855000,SELECTED
bass,817,297.86557823129255,0,,,,,EMPTY
bass,818,298.23709750566894,1,BASS_00739,298.23709750566894,13152256,0E-14,SELECTED
bass,819,298.60861678004534,0,,,,,EMPTY
bass,820,298.95691609977325,0,,,,,EMPTY
bass,821,299.32843537414965,1,BASS_00740,299.3748752834467,13202432,46.43990929705000,SELECTED
bass,822,299.6999546485261,2,BASS_00742,299.73478458049885,13218304,34.82993197275000,SELECTED
bass,823,300.0714739229025,1,BASS_00743,300.0714739229025,13233152,0E-13,SELECTED
bass,824,300.4197732426304,0,,,,,EMPTY
bass,825,300.7912925170068,1,BASS_00744,300.81451247165535,13265920,23.21995464855000,SELECTED
bass,826,301.1628117913832,0,,,,,EMPTY
bass,827,301.53433106575966,1,BASS_00745,301.54594104308393,13298176,11.60997732427000,SELECTED
bass,828,301.8826303854875,0,,,,,EMPTY
bass,829,302.25414965986397,1,BASS_00746,302.27736961451245,13330432,23.21995464848000,SELECTED
bass,830,302.62566893424037,0,,,,,EMPTY
bass,831,302.99718820861676,2,BASS_00748,302.9855782312925,13361664,-11.60997732426000,SELECTED
bass,832,303.3687074829932,1,BASS_00749,303.35709750566895,13378048,-11.60997732425000,SELECTED
bass,833,303.7402267573696,2,BASS_00750,303.7170068027211,13393920,-23.2199546485000,SELECTED
bass,834,304.0885260770975,1,BASS_00752,304.1001360544218,13410816,11.6099773243000,SELECTED
bass,835,304.4600453514739,1,BASS_00753,304.44843537414965,13426176,-11.60997732425000,SELECTED
bass,836,304.8315646258503,1,BASS_00754,304.8315646258503,13443072,0E-13,SELECTED
bass,837,305.2030839002268,1,BASS_00755,305.1914739229025,13458944,-11.6099773243000,SELECTED
bass,838,305.57460317460317,0,,,,,EMPTY
bass,839,305.94612244897957,2,BASS_00757,305.93451247165535,13491712,-11.60997732422000,SELECTED
bass,840,306.2944217687075,1,BASS_00758,306.2828117913832,13507072,-11.6099773243000,SELECTED
bass,841,306.6659410430839,1,BASS_00759,306.65433106575966,13523456,-11.60997732424000,SELECTED
bass,842,307.03746031746033,1,BASS_00760,307.0142403628118,13539328,-23.21995464853000,SELECTED
bass,843,307.3857596371882,1,BASS_00761,307.3741496598639,13555200,-11.6099773243000,SELECTED
bass,844,307.7340589569161,1,BASS_00762,307.7340589569161,13571072,0E-13,SELECTED
bass,845,308.1055782312925,2,BASS_00764,308.11718820861677,13587968,11.60997732427000,SELECTED
bass,846,308.4538775510204,0,,,,,EMPTY
bass,847,308.8253968253968,1,BASS_00765,308.84861678004535,13620224,23.21995464855000,SELECTED
bass,848,309.19691609977326,2,BASS_00767,309.185306122449,13635072,-11.60997732426000,SELECTED
bass,849,309.5452154195011,0,,,,,EMPTY
bass,850,309.9167346938776,1,BASS_00768,309.92834467120184,13667840,11.60997732424000,SELECTED
bass,851,310.28825396825397,0,,,,,EMPTY
bass,852,310.65977324263037,2,BASS_00770,310.6481632653061,13699584,-11.60997732427000,SELECTED
bass,853,311.0312925170068,1,BASS_00771,311.01968253968255,13715968,-11.60997732425000,SELECTED
bass,854,311.4028117913832,1,BASS_00772,311.3679818594104,13731328,-34.8299319728000,SELECTED
bass,855,311.7743310657596,1,BASS_00773,311.7627210884354,13748736,-11.6099773242000,SELECTED
bass,856,312.14585034013606,1,BASS_00774,312.11102040816326,13764096,-34.82993197280000,SELECTED
bass,857,312.51736961451246,1,BASS_00775,312.5057596371882,13781504,-11.60997732426000,SELECTED
bass,858,312.8888888888889,1,BASS_00776,312.8656689342404,13797376,-23.2199546485000,SELECTED
bass,859,313.2371882086168,1,BASS_00777,313.2371882086168,13813760,0E-13,SELECTED
bass,860,313.6087074829932,1,BASS_00778,313.59709750566896,13829632,-11.60997732424000,SELECTED
bass,861,313.9802267573696,1,BASS_00779,313.96861678004535,13846016,-11.60997732425000,SELECTED
bass,862,314.351746031746,1,BASS_00780,314.3285260770975,13861888,-23.2199546485000,SELECTED
bass,863,314.72326530612247,1,BASS_00781,314.70004535147393,13878272,-23.21995464854000,SELECTED
bass,864,315.09478458049887,2,BASS_00783,315.0483446712018,13893632,-46.43990929707000,SELECTED
bass,865,315.4430839002268,0,,,,,EMPTY
bass,866,315.8146031746032,1,BASS_00784,315.8029931972789,13926912,-11.6099773243000,SELECTED
bass,867,316.1861224489796,1,BASS_00785,316.1629024943311,13942784,-23.2199546485000,SELECTED
bass,868,316.557641723356,2,BASS_00787,316.5228117913832,13958656,-34.8299319728000,SELECTED
bass,869,316.9059410430839,1,BASS_00788,316.8943310657596,13975040,-11.6099773243000,SELECTED
bass,870,317.27746031746034,1,BASS_00789,317.2542403628118,13990912,-23.21995464854000,SELECTED
bass,871,317.64897959183673,1,BASS_00790,317.63736961451247,14007808,-11.60997732426000,SELECTED
bass,872,318.02049886621313,1,BASS_00791,318.00888888888886,14024192,-11.60997732427000,SELECTED
bass,873,318.36879818594105,1,BASS_00792,318.3571882086168,14039552,-11.60997732425000,SELECTED
bass,874,318.74031746031744,1,BASS_00793,318.7519274376417,14056960,11.60997732426000,SELECTED
bass,875,319.1118367346939,1,BASS_00794,319.1118367346939,14072832,0E-13,SELECTED
bass,876,319.46013605442175,1,BASS_00795,319.471746031746,14088704,11.60997732425000,SELECTED
bass,877,319.8316553287982,2,BASS_00797,319.8548752834467,14105600,23.2199546485000,SELECTED
bass,878,320.2031746031746,1,BASS_00798,320.19156462585033,14120448,-11.60997732427000,SELECTED
bass,879,320.574693877551,1,BASS_00799,320.56308390022673,14136832,-11.60997732427000,SELECTED
bass,880,320.94621315192745,1,BASS_00800,320.94621315192745,14153728,0E-14,SELECTED
bass,881,321.2945124716553,2,BASS_00802,321.31773242630385,14170112,23.21995464855000,SELECTED
bass,882,321.66603174603176,1,BASS_00803,321.68925170068024,14186496,23.21995464848000,SELECTED
bass,883,322.03755102040816,1,BASS_00804,322.04916099773243,14202368,11.60997732427000,SELECTED
bass,884,322.40907029478456,2,BASS_00805,322.4206802721088,14218752,11.60997732424000,SELECTED
bass,885,322.780589569161,1,BASS_00807,322.7921995464853,14235136,11.6099773243000,SELECTED
bass,886,323.1521088435374,1,BASS_00808,323.1521088435374,14251008,0E-13,SELECTED
bass,887,323.52362811791386,0,,,,,EMPTY
bass,888,323.8719274376417,2,BASS_00810,323.883537414966,14283264,11.6099773243000,SELECTED
bass,889,324.2434467120181,1,BASS_00811,324.2318367346939,14298624,-11.6099773242000,SELECTED
bass,890,324.61496598639457,1,BASS_00812,324.61496598639457,14315520,0E-14,SELECTED
bass,891,324.9632653061224,1,BASS_00813,324.9748752834467,14331392,11.6099773243000,SELECTED
bass,892,325.31156462585034,1,BASS_00814,325.34639455782315,14347776,34.82993197281000,SELECTED
bass,893,325.68308390022673,1,BASS_00815,325.694693877551,14363136,11.60997732427000,SELECTED
bass,894,326.03138321995465,1,BASS_00816,326.06621315192746,14379520,34.82993197281000,SELECTED
bass,895,326.37968253968256,0,,,,,EMPTY
bass,896,326.75120181405896,0,,,,,EMPTY
bass,897,327.0995011337869,1,BASS_00817,327.12272108843536,14426112,23.21995464846000,SELECTED
bass,898,327.47102040816327,2,BASS_00819,327.5058503401361,14443008,34.82993197283000,SELECTED
bass,899,327.84253968253967,1,BASS_00820,327.8657596371882,14458880,23.21995464853000,SELECTED
bass,900,328.2140589569161,1,BASS_00821,328.2256689342404,14474752,11.6099773243000,SELECTED
bass,901,328.562358276644,1,BASS_00822,328.5971882086168,14491136,34.8299319728000,SELECTED
bass,902,328.9570975056689,1,BASS_00823,328.9454875283447,14506496,-11.6099773242000,SELECTED
bass,903,329.3518367346939,1,BASS_00824,329.3518367346939,14524416,0E-13,SELECTED
bass,904,329.7233560090703,2,BASS_00825,329.7233560090703,14540800,0E-13,SELECTED
drums,0,0.06965986394557823,0,,,,,EMPTY
drums,1,0.44117913832199546,0,,,,,EMPTY
drums,2,0.8126984126984127,2,DRUMS_00001,0.8359183673469388,36864,23.2199546485261000,SELECTED
drums,3,1.18421768707483,1,DRUMS_00002,1.230657596371882,54272,46.439909297052000,SELECTED
drums,4,1.555736961451247,0,,,,,EMPTY
drums,5,1.9272562358276644,1,DRUMS_00003,1.9736961451247166,87040,46.4399092970522000,SELECTED
drums,6,2.3219954648526078,2,DRUMS_00005,2.3568253968253967,103936,34.8299319727889000,SELECTED
drums,7,2.670294784580499,1,DRUMS_00006,2.693514739229025,118784,23.219954648526000,SELECTED
drums,8,3.0418140589569163,2,DRUMS_00008,3.0650340136054424,135168,23.2199546485261000,SELECTED
drums,9,3.4133333333333336,1,DRUMS_00009,3.436553287981859,151552,23.2199546485254000,SELECTED
drums,10,3.7848526077097504,2,DRUMS_00011,3.7964625850340137,167424,11.6099773242633000,SELECTED
drums,11,4.156371882086168,1,DRUMS_00012,4.179591836734694,184320,23.219954648526000,SELECTED
drums,12,4.504671201814059,2,DRUMS_00014,4.527891156462585,199680,23.219954648526000,SELECTED
drums,13,4.876190476190477,1,DRUMS_00015,4.887800453514739,215552,11.609977324262000,SELECTED
drums,14,5.224489795918367,2,DRUMS_00017,5.259319727891157,231936,34.829931972790000,SELECTED
drums,15,5.596009070294785,2,DRUMS_00019,5.630839002267574,248320,34.829931972789000,SELECTED
drums,16,5.944308390022676,1,DRUMS_00020,5.874648526077097,259072,-69.659863945579000,SELECTED
drums,17,6.315827664399093,3,DRUMS_00022,6.292607709750567,277504,-23.219954648526000,SELECTED
drums,18,6.664126984126984,2,DRUMS_00025,6.6873469387755105,294912,23.2199546485265000,SELECTED
drums,19,7.012426303854875,1,DRUMS_00026,7.047256235827664,310784,34.829931972789000,SELECTED
drums,20,7.383945578231293,1,DRUMS_00027,7.4071655328798185,326656,23.2199546485255000,SELECTED
drums,21,7.732244897959184,1,DRUMS_00028,7.790294784580499,343552,58.049886621315000,SELECTED
drums,22,8.103764172335602,1,DRUMS_00029,8.13859410430839,358912,34.829931972788000,SELECTED
drums,23,8.452063492063493,2,DRUMS_00031,8.510113378684807,375296,58.049886621314000,SELECTED
drums,24,8.823582766439909,1,DRUMS_00032,8.858412698412698,390656,34.829931972789000,SELECTED
drums,25,9.1718820861678,1,DRUMS_00033,9.206712018140589,406016,34.829931972789000,SELECTED
drums,26,9.543401360544218,1,DRUMS_00034,9.496961451247165,418816,-46.439909297053000,SELECTED
drums,27,9.914920634920636,2,DRUMS_00035,9.880090702947847,435712,-34.829931972789000,SELECTED
drums,28,10.286439909297052,2,DRUMS_00037,10.216780045351474,450560,-69.659863945578000,SELECTED
drums,29,10.634739229024943,2,DRUMS_00039,10.62312925170068,468480,-11.609977324263000,SELECTED
drums,30,11.00625850340136,0,,,,,EMPTY
drums,31,11.377777777777778,1,DRUMS_00041,11.331337868480725,499712,-46.439909297053000,SELECTED
drums,32,11.749297052154194,3,DRUMS_00043,11.72607709750567,517120,-23.219954648524000,SELECTED
drums,33,12.120816326530612,2,DRUMS_00045,12.07437641723356,532480,-46.439909297052000,SELECTED
drums,34,12.49233560090703,1,DRUMS_00047,12.538775510204081,552960,46.439909297051000,SELECTED
drums,35,12.863854875283447,1,DRUMS_00048,12.910294784580499,569344,46.439909297052000,SELECTED
drums,36,13.235374149659863,2,DRUMS_00050,13.25859410430839,584704,23.219954648527000,SELECTED
drums,37,13.606893424036281,2,DRUMS_00052,13.64172335600907,601600,34.829931972789000,SELECTED
drums,38,13.955192743764172,2,DRUMS_00054,13.990022675736961,616960,34.829931972789000,SELECTED
drums,39,14.32671201814059,1,DRUMS_00055,14.361541950113379,633344,34.829931972789000,SELECTED
drums,40,14.698231292517006,3,DRUMS_00058,14.744671201814059,650240,46.439909297053000,SELECTED
drums,41,15.069750566893424,1,DRUMS_00059,15.09297052154195,665600,23.219954648526000,SELECTED
drums,42,15.441269841269841,2,DRUMS_00061,15.464489795918368,681984,23.219954648527000,SELECTED
drums,43,15.789569160997733,1,DRUMS_00062,15.81278911564626,697344,23.219954648527000,SELECTED
drums,44,16.16108843537415,1,DRUMS_00063,16.04498866213152,707584,-116.09977324263000,SELECTED
drums,45,16.532607709750568,1,DRUMS_00064,16.54421768707483,729600,11.609977324262000,SELECTED
drums,46,16.904126984126986,2,DRUMS_00066,16.938956916099773,747008,34.829931972787000,SELECTED
drums,47,17.2756462585034,1,DRUMS_00067,17.29886621315193,762880,23.21995464853000,SELECTED
drums,48,17.647165532879818,2,DRUMS_00069,17.65877551020408,778752,11.609977324262000,SELECTED
drums,49,18.018684807256236,2,DRUMS_00071,18.04190476190476,795648,23.219954648524000,SELECTED
drums,50,18.390204081632653,2,DRUMS_00073,18.390204081632653,811008,0E-15,SELECTED
drums,51,18.76172335600907,1,DRUMS_00074,18.773333333333333,827904,11.609977324263000,SELECTED
drums,52,19.11002267573696,1,DRUMS_00075,19.040362811791383,839680,-69.659863945577000,SELECTED
drums,53,19.481541950113378,1,DRUMS_00076,19.49315192743764,859648,11.609977324262000,SELECTED
drums,54,19.82984126984127,2,DRUMS_00078,19.853061224489796,875520,23.219954648526000,SELECTED
drums,55,20.201360544217685,1,DRUMS_00079,20.21297052154195,891392,11.609977324265000,SELECTED
drums,56,20.54965986394558,2,DRUMS_00081,20.58448979591837,907776,34.82993197279000,SELECTED
drums,57,20.897959183673468,2,DRUMS_00082,20.839909297052156,919040,-58.049886621312000,SELECTED
drums,58,21.24625850340136,2,DRUMS_00084,21.223038548752836,935936,-23.219954648524000,SELECTED
drums,59,21.61777777777778,1,DRUMS_00086,21.5481179138322,950272,-69.65986394558000,SELECTED
drums,60,21.966077097505668,2,DRUMS_00087,21.93124716553288,967168,-34.829931972788000,SELECTED
drums,61,22.337596371882086,2,DRUMS_00090,22.407256235827663,988160,69.659863945577000,SELECTED
drums,62,22.68589569160998,2,DRUMS_00091,22.66267573696145,999424,-23.21995464853000,SELECTED
drums,63,23.057414965986396,2,DRUMS_00093,23.022585034013606,1015296,-34.829931972790000,SELECTED
drums,64,23.42893424036281,2,DRUMS_00096,23.405714285714286,1032192,-23.219954648524000,SELECTED
drums,65,23.800453514739228,3,DRUMS_00099,23.84689342403628,1051648,46.439909297052000,SELECTED
drums,66,24.171972789115646,2,DRUMS_00101,24.206802721088437,1067520,34.829931972791000,SELECTED
drums,67,24.543492063492064,1,DRUMS_00102,24.589931972789117,1084416,46.439909297053000,SELECTED
drums,68,24.91501133786848,1,DRUMS_00103,24.94984126984127,1100288,34.82993197279000,SELECTED
drums,69,25.2865306122449,1,DRUMS_00104,25.228480725623584,1112576,-58.049886621316000,SELECTED
drums,70,25.658049886621317,2,DRUMS_00106,25.66965986394558,1132032,11.609977324263000,SELECTED
drums,71,26.02956916099773,1,DRUMS_00107,26.02956916099773,1147904,0E-14,SELECTED
drums,72,26.40108843537415,1,DRUMS_00108,26.40108843537415,1164288,0E-14,SELECTED
drums,73,26.772607709750567,1,DRUMS_00109,26.749387755102042,1179648,-23.219954648525000,SELECTED
drums,74,27.144126984126984,2,DRUMS_00111,27.132517006802722,1196544,-11.609977324262000,SELECTED
drums,75,27.515646258503402,1,DRUMS_00112,27.48081632653061,1211904,-34.829931972792000,SELECTED
drums,76,27.88716553287982,1,DRUMS_00113,27.86394557823129,1228800,-23.21995464853000,SELECTED
drums,77,28.23546485260771,1,DRUMS_00114,28.212244897959184,1244160,-23.219954648526000,SELECTED
drums,78,28.606984126984127,2,DRUMS_00116,28.606984126984127,1261568,0E-15,SELECTED
drums,79,28.955283446712016,1,DRUMS_00117,28.943673469387754,1276416,-11.609977324262000,SELECTED
drums,80,29.326802721088434,2,DRUMS_00119,29.31519274376417,1292800,-11.609977324264000,SELECTED
drums,81,29.675102040816327,1,DRUMS_00120,29.663492063492065,1308160,-11.609977324262000,SELECTED
drums,82,30.046621315192745,0,,,,,EMPTY
drums,83,30.394920634920634,1,DRUMS_00121,30.37170068027211,1339392,-23.219954648524000,SELECTED
drums,84,30.743219954648527,2,DRUMS_00123,30.778049886621314,1357312,34.829931972787000,SELECTED
drums,85,31.114739229024945,1,DRUMS_00124,31.126349206349207,1372672,11.609977324262000,SELECTED
drums,86,31.463038548752834,2,DRUMS_00125,31.428208616780044,1385984,-34.829931972790000,SELECTED
drums,87,31.834557823129252,1,DRUMS_00127,31.86938775510204,1405440,34.829931972788000,SELECTED
drums,88,32.182857142857145,1,DRUMS_00128,32.21768707482993,1420800,34.829931972785000,SELECTED
drums,89,32.53115646258503,2,DRUMS_00129,32.496326530612244,1433088,-34.829931972786000,SELECTED
drums,90,32.90267573696145,2,DRUMS_00132,32.879455782312924,1449984,-23.219954648526000,SELECTED
drums,91,33.274195011337866,2,DRUMS_00134,33.32063492063492,1469440,46.439909297054000,SELECTED
drums,92,33.62249433106576,2,DRUMS_00135,33.599274376417235,1481728,-23.219954648525000,SELECTED
drums,93,33.99401360544218,2,DRUMS_00138,34.05206349206349,1501696,58.04988662131000,SELECTED
drums,94,34.365532879818595,2,DRUMS_00140,34.40036281179138,1517056,34.829931972785000,SELECTED
drums,95,34.71383219954649,2,DRUMS_00142,34.76027210884354,1532928,46.43990929705000,SELECTED
drums,96,35.085351473922906,2,DRUMS_00144,35.15501133786848,1550336,69.659863945574000,SELECTED
drums,97,35.456870748299316,1,DRUMS_00145,35.48009070294785,1564672,23.219954648534000,SELECTED
drums,98,35.828390022675734,2,DRUMS_00147,35.86321995464853,1581568,34.829931972796000,SELECTED
drums,99,36.19990929705215,1,DRUMS_00148,36.22312925170068,1597440,23.21995464853000,SELECTED
drums,100,36.57142857142857,1,DRUMS_00149,36.58303854875283,1613312,11.60997732426000,SELECTED
drums,101,36.94294784580499,1,DRUMS_00150,36.95455782312925,1629696,11.60997732426000,SELECTED
drums,102,37.314467120181405,2,DRUMS_00152,37.314467120181405,1645568,0E-15,SELECTED
drums,103,37.68598639455782,1,DRUMS_00153,37.68598639455782,1661952,0E-14,SELECTED
drums,104,38.05750566893424,1,DRUMS_00154,38.05750566893424,1678336,0E-14,SELECTED
drums,105,38.42902494331066,1,DRUMS_00155,38.42902494331066,1694720,0E-14,SELECTED
drums,106,38.77732426303855,0,,,,,EMPTY
drums,107,39.14884353741497,1,DRUMS_00156,39.172063492063494,1727488,23.219954648524000,SELECTED
drums,108,39.52036281179139,2,DRUMS_00158,39.555192743764174,1744384,34.829931972784000,SELECTED
drums,109,39.8918820861678,1,DRUMS_00159,39.92671201814059,1760768,34.82993197279000,SELECTED
drums,110,40.263401360544215,1,DRUMS_00160,40.28662131519275,1776640,23.219954648535000,SELECTED
drums,111,40.61170068027211,1,DRUMS_00161,40.66975056689343,1793536,58.04988662132000,SELECTED
drums,112,40.983219954648526,1,DRUMS_00162,41.01804988662131,1808896,34.829931972784000,SELECTED
drums,113,41.35473922902494,2,DRUMS_00164,41.40117913832199,1825792,46.43990929705000,SELECTED
drums,114,41.72625850340136,2,DRUMS_00166,41.749478458049886,1841152,23.219954648526000,SELECTED
drums,115,42.09777777777778,2,DRUMS_00168,42.10938775510204,1857024,11.60997732426000,SELECTED
drums,116,42.4692970521542,1,DRUMS_00169,42.37641723356009,1868800,-92.87981859411000,SELECTED
drums,117,42.81759637188209,3,DRUMS_00172,42.86403628117914,1890304,46.43990929705000,SELECTED
drums,118,43.1891156462585,0,,,,,EMPTY
drums,119,43.56063492063492,1,DRUMS_00173,43.502585034013606,1918464,-58.049886621314000,SELECTED
drums,120,43.932154195011336,1,DRUMS_00174,44.00181405895692,1940480,69.659863945584000,SELECTED
drums,121,44.30367346938775,1,DRUMS_00175,44.210793650793654,1949696,-92.879818594096000,SELECTED
drums,122,44.698412698412696,2,DRUMS_00176,44.68680272108843,1970688,-11.609977324266000,SELECTED
drums,123,45.069931972789114,0,,,,,EMPTY
drums,124,45.44145124716553,0,,,,,EMPTY
drums,125,45.836190476190474,0,,,,,EMPTY
drums,126,46.23092970521542,0,,,,,EMPTY
drums,127,46.625668934240366,0,,,,,EMPTY
drums,128,47.02040816326531,0,,,,,EMPTY
drums,129,47.391927437641726,2,DRUMS_00179,47.41514739229025,2091008,23.219954648524000,SELECTED
drums,130,47.78666666666667,0,,,,,EMPTY
drums,131,48.15818594104309,1,DRUMS_00180,48.18140589569161,2124800,23.21995464852000,SELECTED
drums,132,48.529705215419504,1,DRUMS_00181,48.54131519274377,2140672,11.609977324266000,SELECTED
drums,133,48.901224489795915,1,DRUMS_00182,48.901224489795915,2156544,0E-15,SELECTED
drums,134,49.27274376417233,2,DRUMS_00184,49.284353741496595,2173440,11.609977324265000,SELECTED
drums,135,49.64426303854875,1,DRUMS_00185,49.65587301587301,2189824,11.60997732426000,SELECTED
drums,136,50.01578231292517,1,DRUMS_00186,50.01578231292517,2205696,0E-14,SELECTED
drums,137,50.387301587301586,1,DRUMS_00187,50.387301587301586,2222080,0E-15,SELECTED
drums,138,50.758820861678004,1,DRUMS_00188,50.758820861678004,2238464,0E-15,SELECTED
drums,139,51.1071201814059,1,DRUMS_00189,51.11873015873016,2254336,11.60997732426000,SELECTED
drums,140,51.478639455782314,1,DRUMS_00190,51.44380952380953,2268672,-34.829931972784000,SELECTED
drums,141,51.85015873015873,2,DRUMS_00192,51.861768707482995,2287104,11.609977324265000,SELECTED
drums,142,52.22167800453515,1,DRUMS_00193,52.23328798185941,2303488,11.60997732426000,SELECTED
drums,143,52.59319727891157,2,DRUMS_00195,52.61641723356009,2320384,23.21995464852000,SELECTED
drums,144,52.964716553287985,2,DRUMS_00197,52.97632653061225,2336256,11.609977324265000,SELECTED
drums,145,53.336235827664396,1,DRUMS_00198,53.324625850340134,2351616,-11.609977324262000,SELECTED
drums,146,53.707755102040814,2,DRUMS_00200,53.69614512471655,2368000,-11.609977324264000,SELECTED
drums,147,54.07927437641723,1,DRUMS_00201,54.05605442176871,2383872,-23.21995464852000,SELECTED
drums,148,54.427573696145124,2,DRUMS_00203,54.427573696145124,2400256,0E-15,SELECTED
drums,149,54.79909297052154,1,DRUMS_00204,54.78748299319728,2416128,-11.60997732426000,SELECTED
drums,150,55.17061224489796,1,DRUMS_00205,55.147392290249435,2432000,-23.219954648525000,SELECTED
drums,151,55.54213151927438,1,DRUMS_00206,55.50730158730159,2447872,-34.82993197279000,SELECTED
drums,152,55.89043083900227,1,DRUMS_00207,55.878820861678,2464256,-11.60997732427000,SELECTED
drums,153,56.26195011337869,1,DRUMS_00208,56.227120181405894,2479616,-34.829931972796000,SELECTED
drums,154,56.610249433106574,2,DRUMS_00210,56.610249433106574,2496512,0E-15,SELECTED
drums,155,56.98176870748299,1,DRUMS_00211,56.95854875283447,2511872,-23.21995464852000,SELECTED
drums,156,57.330068027210885,1,DRUMS_00212,57.213968253968254,2523136,-116.099773242631000,SELECTED
drums,157,57.67836734693878,1,DRUMS_00213,57.67836734693878,2543616,0E-14,SELECTED
drums,158,58.026666666666664,2,DRUMS_00215,58.03827664399093,2559488,11.609977324266000,SELECTED
drums,159,58.39818594104308,2,DRUMS_00217,58.409795918367344,2575872,11.609977324264000,SELECTED
drums,160,58.746485260770974,2,DRUMS_00218,58.700045351473925,2588672,-46.439909297049000,SELECTED
drums,161,59.11800453514739,2,DRUMS_00221,59.14122448979592,2608128,23.21995464853000,SELECTED
drums,162,59.466303854875285,2,DRUMS_00222,59.43147392290249,2620928,-34.829931972795000,SELECTED
drums,163,59.8378231292517,1,DRUMS_00224,59.87265306122449,2640384,34.82993197279000,SELECTED
drums,164,60.20934240362812,1,DRUMS_00225,60.24417233560091,2656768,34.82993197279000,SELECTED
drums,165,60.58086167800454,1,DRUMS_00226,60.615691609977326,2673152,34.829931972786000,SELECTED
drums,166,60.929160997732424,0,,,,,EMPTY
drums,167,61.32390022675737,1,DRUMS_00227,61.3471201814059,2705408,23.21995464853000,SELECTED
drums,168,61.695419501133784,1,DRUMS_00228,61.602539682539685,2716672,-92.879818594099000,SELECTED
drums,169,62.0669387755102,2,DRUMS_00230,62.0669387755102,2737152,0E-13,SELECTED
drums,170,62.43845804988662,1,DRUMS_00231,62.42684807256236,2753024,-11.60997732426000,SELECTED
drums,171,62.80997732426304,1,DRUMS_00232,62.798367346938775,2769408,-11.609977324265000,SELECTED
drums,172,63.181496598639455,2,DRUMS_00234,63.16988662131519,2785792,-11.609977324265000,SELECTED
drums,173,63.52979591836735,2,DRUMS_00236,63.52979591836735,2801664,0E-14,SELECTED
drums,174,63.901315192743766,2,DRUMS_00238,63.901315192743766,2818048,0E-15,SELECTED
drums,175,64.27283446712018,1,DRUMS_00239,64.24961451247165,2833408,-23.21995464853000,SELECTED
drums,176,64.62113378684808,3,DRUMS_00241,64.62113378684808,2849792,0E-14,SELECTED
drums,177,64.99265306122449,1,DRUMS_00243,64.96943310657596,2865152,-23.21995464853000,SELECTED
drums,178,65.34095238095239,2,DRUMS_00245,65.34095238095239,2881536,0E-14,SELECTED
drums,179,65.68925170068027,1,DRUMS_00246,65.68925170068027,2896896,0E-14,SELECTED
drums,180,66.06077097505668,2,DRUMS_00248,66.06077097505668,2913280,0E-14,SELECTED
drums,181,66.40907029478458,1,DRUMS_00249,66.42068027210884,2929152,11.60997732426000,SELECTED
drums,182,66.780589569161,2,DRUMS_00251,66.79219954648526,2945536,11.60997732426000,SELECTED
drums,183,67.1288888888889,1,DRUMS_00252,67.1288888888889,2960384,0E-13,SELECTED
drums,184,67.47718820861678,2,DRUMS_00254,67.51201814058957,2977280,34.82993197279000,SELECTED
drums,185,67.84870748299319,1,DRUMS_00255,67.84870748299319,2992128,0E-14,SELECTED
drums,186,68.19700680272109,1,DRUMS_00256,68.22022675736962,3008512,23.21995464853000,SELECTED
drums,187,68.5685260770975,1,DRUMS_00257,68.58013605442177,3024384,11.60997732427000,SELECTED
drums,188,68.9168253968254,1,DRUMS_00258,68.83555555555556,3035648,-81.26984126984000,SELECTED
drums,189,69.28834467120181,1,DRUMS_00259,69.29995464852608,3056128,11.60997732427000,SELECTED
drums,190,69.6366439909297,1,DRUMS_00260,69.64825396825397,3071488,11.60997732427000,SELECTED
drums,191,69.9849433106576,2,DRUMS_00262,70.01977324263038,3087872,34.82993197278000,SELECTED
drums,192,70.35646258503401,2,DRUMS_00264,70.37968253968253,3103744,23.21995464852000,SELECTED
drums,193,70.70476190476191,2,DRUMS_00266,70.75120181405896,3120128,46.43990929705000,SELECTED
drums,194,71.07628117913832,1,DRUMS_00267,70.99501133786848,3130880,-81.26984126984000,SELECTED
drums,195,71.42458049886622,2,DRUMS_00269,71.44780045351474,3150848,23.21995464852000,SELECTED
drums,196,71.79609977324263,2,DRUMS_00271,71.81931972789116,3167232,23.21995464853000,SELECTED
drums,197,72.14439909297052,1,DRUMS_00272,72.17922902494331,3183104,34.82993197279000,SELECTED
drums,198,72.51591836734694,2,DRUMS_00274,72.53913832199547,3198976,23.21995464853000,SELECTED
drums,199,72.86421768707483,1,DRUMS_00275,72.88743764172335,3214336,23.21995464852000,SELECTED
drums,200,73.23573696145125,1,DRUMS_00276,73.18929705215419,3227648,-46.43990929706000,SELECTED
drums,201,73.60725623582766,3,DRUMS_00278,73.60725623582766,3246080,0E-14,SELECTED
drums,202,73.95555555555555,1,DRUMS_00280,73.88589569160997,3258368,-69.65986394558000,SELECTED
drums,203,74.32707482993197,1,DRUMS_00281,74.32707482993197,3277824,0E-14,SELECTED
drums,204,74.67537414965986,2,DRUMS_00282,74.64054421768708,3291648,-34.82993197278000,SELECTED
drums,205,75.04689342403628,1,DRUMS_00284,75.07011337868481,3310592,23.21995464853000,SELECTED
drums,206,75.39519274376417,2,DRUMS_00286,75.43002267573696,3326464,34.82993197279000,SELECTED
drums,207,75.7667120181406,2,DRUMS_00288,75.80154195011337,3342848,34.82993197277000,SELECTED
drums,208,76.11501133786848,2,DRUMS_00289,76.06857142857143,3354624,-46.43990929705000,SELECTED
drums,209,76.48653061224489,2,DRUMS_00292,76.52136054421769,3374592,34.82993197280000,SELECTED
drums,210,76.83482993197279,1,DRUMS_00293,76.77678004535147,3385856,-58.04988662132000,SELECTED
drums,211,77.18312925170068,3,DRUMS_00295,77.13668934240363,3401728,-46.43990929705000,SELECTED
drums,212,77.5546485260771,1,DRUMS_00297,77.48498866213151,3417088,-69.65986394559000,SELECTED
drums,213,77.90294784580499,2,DRUMS_00298,77.8681179138322,3433984,-34.82993197279000,SELECTED
drums,214,78.27446712018141,2,DRUMS_00301,78.3092970521542,3453440,34.82993197279000,SELECTED
drums,215,78.6227664399093,2,DRUMS_00303,78.6575963718821,3468800,34.8299319728000,SELECTED
drums,216,78.97106575963718,1,DRUMS_00304,78.9362358276644,3481088,-34.82993197278000,SELECTED
drums,217,79.34258503401361,2,DRUMS_00306,79.38902494331066,3501056,46.43990929705000,SELECTED
drums,218,79.6908843537415,2,DRUMS_00308,79.74893424036281,3516928,58.04988662131000,SELECTED
drums,219,80.03918367346938,2,DRUMS_00309,80.0043537414966,3528192,-34.82993197278000,SELECTED
drums,220,80.4107029478458,1,DRUMS_00311,80.35265306122449,3543552,-58.04988662131000,SELECTED
drums,221,80.78222222222222,2,DRUMS_00312,80.73578231292517,3560448,-46.43990929705000,SELECTED
drums,222,81.13052154195012,2,DRUMS_00314,81.08408163265307,3575808,-46.43990929705000,SELECTED
drums,223,81.50204081632653,1,DRUMS_00316,81.53687074829932,3595776,34.82993197279000,SELECTED
drums,224,81.87356009070295,2,DRUMS_00318,81.90839002267573,3612160,34.82993197278000,SELECTED
drums,225,82.24507936507936,2,DRUMS_00320,82.25668934240363,3627520,11.60997732427000,SELECTED
drums,226,82.61659863945579,1,DRUMS_00321,82.61659863945579,3643392,0E-14,SELECTED
drums,227,82.9881179138322,2,DRUMS_00323,82.99972789115647,3660288,11.60997732427000,SELECTED
drums,228,83.35963718820862,1,DRUMS_00324,83.34802721088435,3675648,-11.60997732427000,SELECTED
drums,229,83.73115646258503,1,DRUMS_00325,83.71954648526076,3692032,-11.60997732427000,SELECTED
drums,230,84.10267573696144,1,DRUMS_00326,84.09106575963719,3708416,-11.60997732425000,SELECTED
drums,231,84.45097505668934,1,DRUMS_00327,84.45097505668934,3724288,0E-14,SELECTED
drums,232,84.82249433106576,1,DRUMS_00328,84.82249433106576,3740672,0E-14,SELECTED
drums,233,85.17079365079366,1,DRUMS_00329,85.17079365079366,3756032,0E-14,SELECTED
drums,234,85.54231292517007,2,DRUMS_00331,85.54231292517007,3772416,0E-14,SELECTED
drums,235,85.89061224489797,2,DRUMS_00333,85.90222222222222,3788288,11.60997732425000,SELECTED
drums,236,86.23891156462585,2,DRUMS_00335,86.2505215419501,3803648,11.60997732425000,SELECTED
drums,237,86.61043083900226,1,DRUMS_00336,86.61043083900226,3819520,0E-14,SELECTED
drums,238,86.95873015873016,1,DRUMS_00337,86.98195011337869,3835904,23.21995464853000,SELECTED
drums,239,87.30702947845805,1,DRUMS_00338,87.33024943310657,3851264,23.21995464852000,SELECTED
drums,240,87.67854875283447,1,DRUMS_00339,87.59727891156463,3863040,-81.26984126984000,SELECTED
drums,241,88.02684807256236,1,DRUMS_00340,88.03845804988661,3882496,11.60997732425000,SELECTED
drums,242,88.39836734693877,1,DRUMS_00341,88.39836734693877,3898368,0E-14,SELECTED
drums,243,88.74666666666667,1,DRUMS_00342,88.75827664399092,3914240,11.60997732425000,SELECTED
drums,244,89.09496598639456,1,DRUMS_00343,89.10657596371883,3929600,11.60997732427000,SELECTED
drums,245,89.46648526077098,1,DRUMS_00344,89.47809523809524,3945984,11.60997732426000,SELECTED
drums,246,89.81478458049887,1,DRUMS_00345,89.83800453514739,3961856,23.21995464852000,SELECTED
drums,247,90.16308390022675,1,DRUMS_00346,90.19791383219955,3977728,34.82993197280000,SELECTED
drums,248,90.53460317460318,2,DRUMS_00348,90.5578231292517,3993600,23.21995464852000,SELECTED
drums,249,90.88290249433106,1,DRUMS_00349,90.90612244897959,4008960,23.21995464853000,SELECTED
drums,250,91.25442176870749,2,DRUMS_00351,91.26603174603174,4024832,11.60997732425000,SELECTED
drums,251,91.60272108843537,1,DRUMS_00352,91.61433106575964,4040192,11.60997732427000,SELECTED
drums,252,91.9742403628118,1,DRUMS_00353,91.89297052154195,4052480,-81.26984126985000,SELECTED
drums,253,92.32253968253968,2,DRUMS_00355,92.33414965986394,4071936,11.60997732426000,SELECTED
drums,254,92.67083900226757,1,DRUMS_00356,92.70566893424036,4088320,34.82993197279000,SELECTED
drums,255,93.042358276644,1,DRUMS_00357,92.96108843537415,4099584,-81.26984126985000,SELECTED
drums,256,93.39065759637188,1,DRUMS_00358,93.42548752834468,4120064,34.82993197280000,SELECTED
drums,257,93.7621768707483,1,DRUMS_00359,93.79700680272109,4136448,34.82993197279000,SELECTED
drums,258,94.11047619047619,1,DRUMS_00360,94.02920634920635,4146688,-81.26984126984000,SELECTED
drums,259,94.4819954648526,2,DRUMS_00362,94.50521541950113,4167680,23.21995464853000,SELECTED
drums,260,94.85351473922903,1,DRUMS_00363,94.78385487528345,4179968,-69.65986394558000,SELECTED
drums,261,95.20181405895691,1,DRUMS_00364,95.21342403628118,4198912,11.60997732427000,SELECTED
drums,262,95.57333333333334,2,DRUMS_00366,95.59655328798186,4215808,23.21995464852000,SELECTED
drums,263,95.92163265306122,2,DRUMS_00368,95.95646258503402,4231680,34.82993197280000,SELECTED
drums,264,96.29315192743765,1,DRUMS_00369,96.22349206349206,4243456,-69.65986394559000,SELECTED
drums,265,96.64145124716553,2,DRUMS_00370,96.60662131519274,4260352,-34.82993197279000,SELECTED
drums,266,97.01297052154194,1,DRUMS_00372,96.93170068027212,4274688,-81.26984126982000,SELECTED
drums,267,97.36126984126984,1,DRUMS_00373,97.4077097505669,4295680,46.43990929706000,SELECTED
drums,268,97.73278911564626,1,DRUMS_00374,97.69795918367348,4308480,-34.82993197278000,SELECTED
drums,269,98.08108843537416,1,DRUMS_00375,98.15074829931973,4328448,69.65986394557000,SELECTED
drums,270,98.45260770975057,1,DRUMS_00376,98.40616780045352,4339712,-46.43990929705000,SELECTED
drums,271,98.82412698412699,1,DRUMS_00377,98.87056689342404,4360192,46.43990929705000,SELECTED
drums,272,99.17242630385488,1,DRUMS_00378,99.20725623582767,4375040,34.82993197279000,SELECTED
drums,273,99.54394557823129,2,DRUMS_00380,99.57877551020408,4391424,34.82993197279000,SELECTED
drums,274,99.91546485260771,2,DRUMS_00382,99.93868480725624,4407296,23.21995464853000,SELECTED
drums,275,100.28698412698412,1,DRUMS_00383,100.29859410430839,4423168,11.60997732427000,SELECTED
drums,276,100.65850340136055,1,DRUMS_00384,100.6701133786848,4439552,11.60997732425000,SELECTED
drums,277,101.03002267573696,1,DRUMS_00385,101.03002267573696,4455424,0E-14,SELECTED
drums,278,101.40154195011338,1,DRUMS_00386,101.40154195011338,4471808,0E-14,SELECTED
drums,279,101.74984126984127,1,DRUMS_00387,101.78467120181406,4488704,34.82993197279000,SELECTED
drums,280,102.1213605442177,1,DRUMS_00388,102.0517006802721,4500480,-69.6598639456000,SELECTED
drums,281,102.46965986394558,1,DRUMS_00389,102.4928798185941,4519936,23.21995464852000,SELECTED
drums,282,102.84117913832199,1,DRUMS_00390,102.84117913832199,4535296,0E-14,SELECTED
drums,283,103.18947845804989,1,DRUMS_00391,103.21269841269842,4551680,23.21995464853000,SELECTED
drums,284,103.53777777777778,2,DRUMS_00392,103.49133786848073,4563968,-46.43990929705000,SELECTED
drums,285,103.9092970521542,1,DRUMS_00394,103.93251700680273,4583424,23.21995464853000,SELECTED
drums,286,104.25759637188209,2,DRUMS_00396,104.30403628117914,4599808,46.43990929705000,SELECTED
drums,287,104.60589569160997,2,DRUMS_00398,104.65233560090702,4615168,46.43990929705000,SELECTED
drums,288,104.9774149659864,2,DRUMS_00400,105.02385487528345,4631552,46.43990929705000,SELECTED
drums,289,105.32571428571428,2,DRUMS_00401,105.27927437641723,4642816,-46.43990929705000,SELECTED
drums,290,105.67401360544218,1,DRUMS_00403,105.61596371882086,4657664,-58.04988662132000,SELECTED
drums,291,106.0455328798186,1,DRUMS_00404,106.10358276643991,4679168,58.04988662131000,SELECTED
drums,292,106.39383219954648,1,DRUMS_00405,106.3590022675737,4690432,-34.82993197278000,SELECTED
drums,293,106.74213151927438,1,DRUMS_00406,106.81179138321995,4710400,69.65986394557000,SELECTED
drums,294,107.11365079365079,2,DRUMS_00407,107.06721088435374,4721664,-46.43990929705000,SELECTED
drums,295,107.46195011337869,1,DRUMS_00409,107.41551020408163,4737024,-46.43990929706000,SELECTED
drums,296,107.81024943310658,1,DRUMS_00410,107.76380952380953,4752384,-46.43990929705000,SELECTED
drums,297,108.18176870748299,2,DRUMS_00412,108.2398185941043,4773376,58.04988662131000,SELECTED
drums,298,108.53006802721089,1,DRUMS_00413,108.4604081632653,4783104,-69.65986394559000,SELECTED
drums,299,108.9015873015873,1,DRUMS_00414,108.95963718820862,4805120,58.04988662132000,SELECTED
drums,300,109.2498866213152,1,DRUMS_00415,109.18022675736961,4814848,-69.65986394559000,SELECTED
drums,301,109.62140589569161,2,DRUMS_00417,109.64462585034013,4835328,23.21995464852000,SELECTED
drums,302,109.9697052154195,0,,,,,EMPTY
drums,303,110.34122448979592,1,DRUMS_00418,110.25995464852608,4862464,-81.26984126984000,SELECTED
drums,304,110.6895238095238,1,DRUMS_00419,110.7243537414966,4882944,34.8299319728000,SELECTED
drums,305,111.06104308390023,1,DRUMS_00420,110.99138321995464,4894720,-69.65986394559000,SELECTED
drums,306,111.43256235827664,1,DRUMS_00421,111.45578231292517,4915200,23.21995464853000,SELECTED
drums,307,111.78086167800454,1,DRUMS_00422,111.81569160997732,4931072,34.82993197278000,SELECTED
drums,308,112.12916099773243,1,DRUMS_00423,112.17560090702948,4946944,46.43990929705000,SELECTED
drums,309,112.50068027210884,1,DRUMS_00424,112.5471201814059,4963328,46.43990929706000,SELECTED
drums,310,112.84897959183674,1,DRUMS_00425,112.91863945578231,4979712,69.65986394557000,SELECTED
drums,311,113.22049886621315,1,DRUMS_00426,113.2669387755102,4995072,46.43990929705000,SELECTED
drums,312,113.56879818594105,1,DRUMS_00427,113.53396825396825,5006848,-34.82993197280000,SELECTED
drums,313,113.94031746031746,2,DRUMS_00428,113.91709750566893,5023744,-23.21995464853000,SELECTED
drums,314,114.31183673469388,1,DRUMS_00430,114.35827664399093,5043200,46.43990929705000,SELECTED
drums,315,114.66013605442177,1,DRUMS_00431,114.70657596371882,5058560,46.43990929705000,SELECTED
drums,316,115.03165532879818,2,DRUMS_00433,115.06648526077097,5074432,34.82993197279000,SELECTED
drums,317,115.4031746031746,1,DRUMS_00434,115.42639455782313,5090304,23.21995464853000,SELECTED
drums,318,115.77469387755102,1,DRUMS_00435,115.79791383219954,5106688,23.21995464852000,SELECTED
drums,319,116.14621315192744,1,DRUMS_00436,116.14621315192744,5122048,0E-14,SELECTED
drums,320,116.51773242630385,1,DRUMS_00437,116.5061224489796,5137920,-11.60997732425000,SELECTED
drums,321,116.88925170068028,1,DRUMS_00438,116.86603174603175,5153792,-23.21995464853000,SELECTED
drums,322,117.26077097505669,1,DRUMS_00439,117.26077097505669,5171200,0E-14,SELECTED
drums,323,117.63229024943311,1,DRUMS_00440,117.59746031746032,5186048,-34.82993197279000,SELECTED
drums,324,118.00380952380952,1,DRUMS_00441,117.980589569161,5202944,-23.21995464852000,SELECTED
drums,325,118.37532879818595,1,DRUMS_00442,118.35210884353741,5219328,-23.21995464854000,SELECTED
drums,326,118.72362811791383,2,DRUMS_00444,118.72362811791383,5235712,0E-14,SELECTED
drums,327,119.09514739229024,1,DRUMS_00445,119.07192743764172,5251072,-23.21995464852000,SELECTED
drums,328,119.44344671201814,1,DRUMS_00446,119.44344671201814,5267456,0E-14,SELECTED
drums,329,119.81496598639455,1,DRUMS_00447,119.79174603174603,5282816,-23.21995464852000,SELECTED
drums,330,120.16326530612245,1,DRUMS_00448,120.07038548752834,5295104,-92.87981859411000,SELECTED
drums,331,120.53478458049887,1,DRUMS_00449,120.52317460317461,5315072,-11.60997732426000,SELECTED
drums,332,120.88308390022675,1,DRUMS_00450,120.88308390022675,5330944,0E-14,SELECTED
drums,333,121.25460317460318,1,DRUMS_00451,121.2429931972789,5346816,-11.60997732428000,SELECTED
drums,334,121.60290249433106,1,DRUMS_00452,121.52163265306122,5359104,-81.26984126984000,SELECTED
drums,335,121.97442176870749,1,DRUMS_00453,121.97442176870749,5379072,0E-14,SELECTED
drums,336,122.32272108843537,1,DRUMS_00454,122.33433106575964,5394944,11.60997732427000,SELECTED
drums,337,122.6942403628118,1,DRUMS_00455,122.6942403628118,5410816,0E-13,SELECTED
drums,338,123.06575963718821,1,DRUMS_00456,123.05414965986395,5426688,-11.60997732426000,SELECTED
drums,339,123.4140589569161,1,DRUMS_00457,123.42566893424036,5443072,11.60997732426000,SELECTED
drums,340,123.78557823129252,1,DRUMS_00458,123.79718820861677,5459456,11.60997732425000,SELECTED
drums,341,124.1338775510204,1,DRUMS_00459,124.14548752834467,5474816,11.60997732427000,SELECTED
drums,342,124.50539682539683,1,DRUMS_00460,124.41251700680272,5486592,-92.87981859411000,SELECTED
drums,343,124.85369614512472,1,DRUMS_00461,124.87691609977324,5507072,23.21995464852000,SELECTED
drums,344,125.22521541950114,1,DRUMS_00462,125.22521541950114,5522432,0E-14,SELECTED
drums,345,125.57351473922903,1,DRUMS_00463,125.58512471655328,5538304,11.60997732425000,SELECTED
drums,346,125.94503401360544,1,DRUMS_00464,125.84054421768707,5549568,-104.48979591837000,SELECTED
drums,347,126.29333333333334,2,DRUMS_00466,126.30494331065759,5570048,11.60997732425000,SELECTED
drums,348,126.66485260770975,1,DRUMS_00467,126.57197278911565,5581824,-92.87981859410000,SELECTED
drums,349,127.01315192743765,1,DRUMS_00468,127.01315192743765,5601280,0E-14,SELECTED
drums,350,127.36145124716553,1,DRUMS_00469,127.28018140589569,5613056,-81.26984126984000,SELECTED
drums,351,127.73297052154194,2,DRUMS_00471,127.74458049886621,5633536,11.60997732427000,SELECTED
drums,352,128.08126984126983,2,DRUMS_00472,128.04643990929705,5646848,-34.82993197278000,SELECTED
drums,353,128.45278911564625,2,DRUMS_00475,128.48761904761903,5666304,34.82993197278000,SELECTED
drums,354,128.80108843537414,1,DRUMS_00476,128.87074829931973,5683200,69.65986394559000,SELECTED
drums,355,129.17260770975057,1,DRUMS_00477,129.20743764172335,5698048,34.82993197278000,SELECTED
drums,356,129.52090702947845,1,DRUMS_00478,129.4744671201814,5709824,-46.43990929705000,SELECTED
drums,357,129.89242630385488,2,DRUMS_00480,129.92725623582766,5729792,34.82993197278000,SELECTED
drums,358,130.24072562358276,1,DRUMS_00481,130.27555555555554,5745152,34.82993197278000,SELECTED
drums,359,130.6122448979592,2,DRUMS_00483,130.6354648526077,5761024,23.2199546485000,SELECTED
drums,360,130.96054421768707,2,DRUMS_00485,130.99537414965985,5776896,34.82993197278000,SELECTED
drums,361,131.3320634920635,2,DRUMS_00487,131.3320634920635,5791744,0E-13,SELECTED
drums,362,131.68036281179138,1,DRUMS_00488,131.58748299319728,5803008,-92.87981859410000,SELECTED
drums,363,132.0518820861678,2,DRUMS_00489,132.0518820861678,5823488,0E-13,SELECTED
drums,364,132.4001814058957,1,DRUMS_00491,132.31891156462586,5835264,-81.26984126984000,SELECTED
drums,365,132.77170068027212,2,DRUMS_00493,132.77170068027212,5855232,0E-14,SELECTED
drums,366,133.12,2,DRUMS_00495,133.14321995464852,5871616,23.21995464852000,SELECTED
drums,367,133.49151927437643,2,DRUMS_00497,133.51473922902494,5888000,23.21995464851000,SELECTED
drums,368,133.83981859410432,1,DRUMS_00498,133.85142857142858,5902848,11.60997732426000,SELECTED
drums,369,134.2113378684807,1,DRUMS_00499,134.22294784580498,5919232,11.60997732428000,SELECTED
drums,370,134.55963718820863,1,DRUMS_00500,134.47836734693877,5930496,-81.26984126986000,SELECTED
drums,371,134.93115646258502,1,DRUMS_00501,134.93115646258502,5950464,0E-14,SELECTED
drums,372,135.27945578231294,2,DRUMS_00503,135.30267573696145,5966848,23.21995464851000,SELECTED
drums,373,135.65097505668933,1,DRUMS_00504,135.6625850340136,5982720,11.60997732427000,SELECTED
drums,374,135.99927437641725,2,DRUMS_00506,136.02249433106576,5998592,23.21995464851000,SELECTED
drums,375,136.37079365079364,1,DRUMS_00507,136.35918367346937,6013440,-11.60997732427000,SELECTED
drums,376,136.71909297052153,1,DRUMS_00508,136.74231292517007,6030336,23.21995464854000,SELECTED
drums,377,137.09061224489795,1,DRUMS_00509,137.10222222222222,6046208,11.60997732427000,SELECTED
drums,378,137.43891156462584,2,DRUMS_00511,137.47374149659865,6062592,34.82993197281000,SELECTED
drums,379,137.81043083900227,1,DRUMS_00512,137.82204081632653,6077952,11.60997732426000,SELECTED
drums,380,138.15873015873015,1,DRUMS_00513,138.10068027210883,6090240,-58.04988662132000,SELECTED
drums,381,138.50702947845804,1,DRUMS_00514,138.54185941043085,6109696,34.82993197281000,SELECTED
drums,382,138.87854875283446,1,DRUMS_00515,138.79727891156463,6120960,-81.26984126983000,SELECTED
drums,383,139.22684807256235,1,DRUMS_00516,139.2500680272109,6140928,23.21995464855000,SELECTED
drums,384,139.59836734693877,2,DRUMS_00518,139.6215873015873,6157312,23.21995464853000,SELECTED
drums,385,139.94666666666666,2,DRUMS_00520,139.9698866213152,6172672,23.21995464854000,SELECTED
drums,386,140.31818594104308,1,DRUMS_00521,140.21369614512471,6183424,-104.48979591837000,SELECTED
drums,387,140.6897052154195,1,DRUMS_00522,140.70131519274378,6204928,11.60997732428000,SELECTED
drums,388,141.0380045351474,1,DRUMS_00523,141.0612244897959,6220800,23.2199546485000,SELECTED
drums,389,141.40952380952382,1,DRUMS_00524,141.40952380952382,6236160,0E-14,SELECTED
drums,390,141.78104308390022,1,DRUMS_00525,141.79265306122448,6253056,11.60997732426000,SELECTED
drums,391,142.12934240362813,2,DRUMS_00526,142.12934240362813,6267904,0E-14,SELECTED
drums,392,142.50086167800453,1,DRUMS_00528,142.4428117913832,6281728,-58.04988662133000,SELECTED
drums,393,142.87238095238095,1,DRUMS_00529,142.86077097505668,6300160,-11.60997732427000,SELECTED
drums,394,143.22068027210884,1,DRUMS_00530,143.2322902494331,6316544,11.60997732426000,SELECTED
drums,395,143.59219954648526,1,DRUMS_00531,143.59219954648526,6332416,0E-14,SELECTED
drums,396,143.94049886621315,1,DRUMS_00532,143.9637188208617,6348800,23.21995464855000,SELECTED
drums,397,144.28879818594103,1,DRUMS_00533,144.32362811791384,6364672,34.82993197281000,SELECTED
drums,398,144.66031746031746,2,DRUMS_00534,144.62548752834468,6377984,-34.82993197278000,SELECTED
drums,399,145.00861678004534,1,DRUMS_00536,145.03183673469388,6395904,23.21995464854000,SELECTED
drums,400,145.38013605442177,1,DRUMS_00537,145.29886621315194,6407680,-81.26984126983000,SELECTED
drums,401,145.72843537414965,1,DRUMS_00538,145.7516553287982,6427648,23.21995464855000,SELECTED
drums,402,146.09995464852608,2,DRUMS_00540,146.13478458049886,6444544,34.82993197278000,SELECTED
drums,403,146.44825396825397,1,DRUMS_00541,146.49469387755101,6460416,46.43990929704000,SELECTED
drums,404,146.79655328798185,0,,,,,EMPTY
drums,405,147.16807256235828,2,DRUMS_00543,147.19129251700681,6491136,23.21995464853000,SELECTED
drums,406,147.51637188208616,2,DRUMS_00545,147.5628117913832,6507520,46.43990929704000,SELECTED
drums,407,147.8878911564626,1,DRUMS_00546,147.9111111111111,6522880,23.2199546485000,SELECTED
drums,408,148.23619047619047,2,DRUMS_00547,148.18975056689342,6535168,-46.43990929705000,SELECTED
drums,409,148.58448979591836,1,DRUMS_00549,148.61931972789117,6554112,34.82993197281000,SELECTED
drums,410,148.95600907029478,2,DRUMS_00550,148.921179138322,6567424,-34.82993197278000,SELECTED
drums,411,149.30430839002267,2,DRUMS_00552,149.2926984126984,6583808,-11.60997732427000,SELECTED
drums,412,149.65260770975055,2,DRUMS_00554,149.65260770975055,6599680,0E-14,SELECTED
drums,413,150.02412698412698,2,DRUMS_00556,150.00090702947847,6615040,-23.21995464851000,SELECTED
drums,414,150.3956462585034,2,DRUMS_00558,150.37242630385487,6631424,-23.21995464853000,SELECTED
drums,415,150.7439455782313,1,DRUMS_00560,150.8019954648526,6650368,58.0498866213000,SELECTED
drums,416,151.11546485260772,2,DRUMS_00561,151.0806349206349,6662656,-34.82993197282000,SELECTED
drums,417,151.48698412698414,2,DRUMS_00563,151.44054421768706,6678528,-46.43990929708000,SELECTED
drums,418,151.85850340136054,2,DRUMS_00566,151.88172335600908,6697984,23.21995464854000,SELECTED
drums,419,152.23002267573696,1,DRUMS_00567,152.276462585034,6715392,46.43990929704000,SELECTED
drums,420,152.6015419501134,2,DRUMS_00568,152.55510204081634,6727680,-46.43990929706000,SELECTED
drums,421,152.99628117913832,1,DRUMS_00570,153.01950113378686,6748160,23.21995464854000,SELECTED
drums,422,153.36780045351475,2,DRUMS_00572,153.37941043083902,6764032,11.60997732427000,SELECTED
drums,423,153.73931972789114,1,DRUMS_00573,153.73931972789114,6779904,0E-14,SELECTED
drums,424,154.08761904761906,1,DRUMS_00574,154.11083900226757,6796288,23.21995464851000,SELECTED
drums,425,154.45913832199545,1,DRUMS_00575,154.45913832199545,6811648,0E-14,SELECTED
drums,426,154.83065759637188,2,DRUMS_00577,154.83065759637188,6828032,0E-14,SELECTED
drums,427,155.17895691609976,2,DRUMS_00579,155.19056689342403,6843904,11.60997732427000,SELECTED
drums,428,155.52725623582765,1,DRUMS_00580,155.4575963718821,6855680,-69.65986394555000,SELECTED
drums,429,155.89877551020408,1,DRUMS_00581,155.89877551020408,6875136,0E-14,SELECTED
drums,430,156.24707482993196,1,DRUMS_00582,156.16580498866213,6886912,-81.26984126983000,SELECTED
drums,431,156.6185941043084,1,DRUMS_00583,156.6185941043084,6906880,0E-13,SELECTED
drums,432,156.96689342403627,2,DRUMS_00585,156.9901133786848,6923264,23.21995464853000,SELECTED
drums,433,157.3384126984127,2,DRUMS_00587,157.35002267573697,6939136,11.60997732427000,SELECTED
drums,434,157.70993197278912,2,DRUMS_00589,157.7215419501134,6955520,11.60997732428000,SELECTED
drums,435,158.08145124716555,1,DRUMS_00590,158.08145124716555,6971392,0E-14,SELECTED
drums,436,158.45297052154194,1,DRUMS_00591,158.4645804988662,6988288,11.60997732426000,SELECTED
drums,437,158.80126984126983,2,DRUMS_00593,158.82448979591837,7004160,23.21995464854000,SELECTED
drums,438,159.17278911564625,2,DRUMS_00595,159.18439909297052,7020032,11.60997732427000,SELECTED
drums,439,159.54430839002268,2,DRUMS_00597,159.55591836734695,7036416,11.60997732427000,SELECTED
drums,440,159.9158276643991,1,DRUMS_00598,159.9158276643991,7052288,0E-13,SELECTED
drums,441,160.264126984127,1,DRUMS_00599,160.2873469387755,7068672,23.2199546485000,SELECTED
drums,442,160.61242630385487,2,DRUMS_00600,160.5775963718821,7081472,-34.82993197277000,SELECTED
drums,443,160.9839455782313,1,DRUMS_00602,161.03038548752835,7101440,46.43990929705000,SELECTED
drums,444,161.33224489795919,2,DRUMS_00604,161.36707482993197,7116288,34.82993197278000,SELECTED
drums,445,161.68054421768707,1,DRUMS_00605,161.7385941043084,7132672,58.04988662133000,SELECTED
drums,446,162.0520634920635,2,DRUMS_00607,162.09850340136055,7148544,46.43990929705000,SELECTED
drums,447,162.40036281179138,1,DRUMS_00608,162.4584126984127,7164416,58.04988662132000,SELECTED
drums,448,162.7718820861678,2,DRUMS_00610,162.8067120181406,7179776,34.8299319728000,SELECTED
drums,449,163.14340136054423,2,DRUMS_00612,163.178231292517,7196160,34.82993197277000,SELECTED
drums,450,163.51492063492063,2,DRUMS_00614,163.53814058956917,7212032,23.21995464854000,SELECTED
drums,451,163.88643990929705,1,DRUMS_00615,163.9096598639456,7228416,23.21995464855000,SELECTED
drums,452,164.23473922902494,1,DRUMS_00616,164.26956916099772,7244288,34.82993197278000,SELECTED
drums,453,164.60625850340136,2,DRUMS_00617,164.62947845804987,7260160,23.21995464851000,SELECTED
drums,454,164.9777777777778,0,,,,,EMPTY
drums,455,165.34929705215418,2,DRUMS_00620,165.37251700680272,7292928,23.21995464854000,SELECTED
drums,456,165.6975963718821,1,DRUMS_00621,165.7208163265306,7308288,23.2199546485000,SELECTED
drums,457,166.0691156462585,1,DRUMS_00622,166.08072562358277,7324160,11.60997732427000,SELECTED
drums,458,166.41741496598638,2,DRUMS_00624,166.4522448979592,7340544,34.82993197282000,SELECTED
drums,459,166.7889342403628,2,DRUMS_00626,166.82376417233561,7356928,34.82993197281000,SELECTED
drums,460,167.1372335600907,1,DRUMS_00627,167.14884353741496,7371264,11.60997732426000,SELECTED
drums,461,167.4855328798186,2,DRUMS_00629,167.50875283446712,7387136,23.21995464852000,SELECTED
drums,462,167.8338321995465,2,DRUMS_00631,167.86866213151927,7403008,34.82993197277000,SELECTED
drums,463,168.2053514739229,2,DRUMS_00633,168.22857142857143,7418880,23.21995464853000,SELECTED
drums,464,168.5536507936508,2,DRUMS_00635,168.60009070294785,7435264,46.43990929705000,SELECTED
drums,465,168.9251700680272,1,DRUMS_00636,168.94839002267574,7450624,23.21995464854000,SELECTED
drums,466,169.2734693877551,2,DRUMS_00638,169.3082993197279,7466496,34.8299319728000,SELECTED
drums,467,169.621768707483,1,DRUMS_00639,169.69142857142856,7483392,69.65986394556000,SELECTED
drums,468,169.99328798185942,2,DRUMS_00640,169.94684807256235,7494656,-46.43990929707000,SELECTED
drums,469,170.3415873015873,1,DRUMS_00642,170.39963718820863,7514624,58.04988662133000,SELECTED
drums,470,170.7131065759637,2,DRUMS_00643,170.67827664399093,7526912,-34.82993197277000,SELECTED
drums,471,171.06140589569162,2,DRUMS_00646,171.10784580498867,7545856,46.43990929705000,SELECTED
drums,472,171.43292517006802,2,DRUMS_00648,171.46775510204083,7561728,34.82993197281000,SELECTED
drums,473,171.78122448979593,1,DRUMS_00649,171.83927437641722,7578112,58.04988662129000,SELECTED
drums,474,172.15274376417233,2,DRUMS_00651,172.18757369614514,7593472,34.82993197281000,SELECTED
drums,475,172.5010430839002,1,DRUMS_00652,172.5474829931973,7609344,46.4399092971000,SELECTED
drums,476,172.87256235827664,2,DRUMS_00654,172.89578231292518,7624704,23.21995464854000,SELECTED
drums,477,173.22086167800452,2,DRUMS_00656,173.25569160997733,7640576,34.82993197281000,SELECTED
drums,478,173.59238095238095,1,DRUMS_00657,173.638820861678,7657472,46.43990929705000,SELECTED
drums,479,173.94068027210884,2,DRUMS_00659,173.96390022675737,7671808,23.21995464853000,SELECTED
drums,480,174.31219954648526,2,DRUMS_00661,174.32380952380953,7687680,11.60997732427000,SELECTED
drums,481,174.68371882086169,2,DRUMS_00663,174.69532879818595,7704064,11.60997732426000,SELECTED
drums,482,175.03201814058957,3,DRUMS_00666,175.05523809523808,7719936,23.21995464851000,SELECTED
drums,483,175.403537414966,1,DRUMS_00667,175.403537414966,7735296,0E-12,SELECTED
drums,484,175.75183673469388,1,DRUMS_00668,175.78666666666666,7752192,34.82993197278000,SELECTED
drums,485,176.1233560090703,1,DRUMS_00669,176.14657596371882,7768064,23.21995464852000,SELECTED
drums,486,176.4716553287982,1,DRUMS_00670,176.5297052154195,7784960,58.0498866213000,SELECTED
drums,487,176.84317460317462,2,DRUMS_00672,176.88961451247167,7800832,46.43990929705000,SELECTED
drums,488,177.1914739229025,1,DRUMS_00673,177.23791383219955,7816192,46.43990929705000,SELECTED
drums,489,177.5629931972789,1,DRUMS_00674,177.5978231292517,7832064,34.8299319728000,SELECTED
drums,490,177.9112925170068,1,DRUMS_00675,177.86485260770976,7843840,-46.43990929704000,SELECTED
drums,491,178.2828117913832,2,DRUMS_00677,178.32925170068026,7864320,46.43990929706000,SELECTED
drums,492,178.63111111111112,1,DRUMS_00678,178.5730612244898,7875072,-58.04988662132000,SELECTED
drums,493,179.00263038548752,1,DRUMS_00679,179.02585034013606,7895040,23.21995464854000,SELECTED
drums,494,179.37414965986395,2,DRUMS_00681,179.39736961451248,7911424,23.21995464853000,SELECTED
drums,495,179.72244897959183,1,DRUMS_00682,179.74566893424037,7926784,23.21995464854000,SELECTED
drums,496,180.09396825396826,1,DRUMS_00683,180.12879818594104,7943680,34.82993197278000,SELECTED
drums,497,180.46548752834468,2,DRUMS_00685,180.4887074829932,7959552,23.21995464852000,SELECTED
drums,498,180.83700680272108,2,DRUMS_00687,180.84861678004535,7975424,11.60997732427000,SELECTED
drums,499,181.2085260770975,1,DRUMS_00688,181.23174603174604,7992320,23.21995464854000,SELECTED
drums,500,181.58004535147393,2,DRUMS_00690,181.56843537414966,8007168,-11.60997732427000,SELECTED
drums,501,181.9283446712018,1,DRUMS_00691,181.95156462585035,8024064,23.21995464855000,SELECTED
drums,502,182.29986394557824,2,DRUMS_00693,182.29986394557824,8039424,0E-14,SELECTED
drums,503,182.64816326530612,1,DRUMS_00694,182.6829931972789,8056320,34.82993197278000,SELECTED
drums,504,183.01968253968255,2,DRUMS_00696,183.04290249433106,8072192,23.21995464851000,SELECTED
drums,505,183.36798185941043,1,DRUMS_00697,183.28671201814058,8082944,-81.26984126985000,SELECTED
drums,506,183.71628117913832,2,DRUMS_00699,183.7511111111111,8103424,34.82993197278000,SELECTED
drums,507,184.0645804988662,1,DRUMS_00700,184.01814058956916,8115200,-46.43990929704000,SELECTED
drums,508,184.43609977324263,2,DRUMS_00702,184.45931972789117,8134656,23.21995464854000,SELECTED
drums,509,184.78439909297052,2,DRUMS_00703,184.73795918367347,8146944,-46.43990929705000,SELECTED
drums,510,185.15591836734694,1,DRUMS_00705,185.08625850340135,8162304,-69.65986394559000,SELECTED
drums,511,185.50421768707483,1,DRUMS_00706,185.56226757369615,8183296,58.04988662132000,SELECTED
drums,512,185.87573696145125,2,DRUMS_00708,185.91056689342403,8198656,34.82993197278000,SELECTED
drums,513,186.24725623582768,2,DRUMS_00710,186.28208616780046,8215040,34.82993197278000,SELECTED
drums,514,186.61877551020407,2,DRUMS_00712,186.6419954648526,8230912,23.21995464853000,SELECTED
drums,515,186.9902947845805,2,DRUMS_00714,187.00190476190477,8246784,11.60997732427000,SELECTED
drums,516,187.36181405895692,1,DRUMS_00715,187.26893424036282,8258560,-92.87981859410000,SELECTED
drums,517,187.73333333333332,1,DRUMS_00716,187.72172335600908,8278528,-11.60997732424000,SELECTED
drums,518,188.08163265306123,1,DRUMS_00717,188.10485260770974,8295424,23.21995464851000,SELECTED
drums,519,188.45315192743763,2,DRUMS_00719,188.45315192743763,8310784,0E-14,SELECTED
drums,520,188.80145124716555,2,DRUMS_00721,188.8130612244898,8326656,11.60997732425000,SELECTED
drums,521,189.14975056689343,1,DRUMS_00722,189.1613605442177,8342016,11.60997732427000,SELECTED
drums,522,189.49804988662132,1,DRUMS_00723,189.4167800453515,8353280,-81.26984126982000,SELECTED
drums,523,189.86956916099774,1,DRUMS_00724,189.88117913832198,8373760,11.60997732424000,SELECTED
drums,524,190.21786848072563,2,DRUMS_00726,190.26430839002268,8390656,46.43990929705000,SELECTED
drums,525,190.5661678004535,1,DRUMS_00727,190.6009977324263,8405504,34.8299319728000,SELECTED
drums,526,190.9144671201814,1,DRUMS_00728,190.84480725623584,8416256,-69.65986394556000,SELECTED
drums,527,191.26276643990929,2,DRUMS_00729,191.23954648526077,8433664,-23.21995464852000,SELECTED
drums,528,191.6110657596372,1,DRUMS_00731,191.5762358276644,8448512,-34.8299319728000,SELECTED
drums,529,191.95936507936509,2,DRUMS_00732,191.92453514739228,8463872,-34.82993197281000,SELECTED
drums,530,192.3308843537415,1,DRUMS_00734,192.28444444444443,8479744,-46.43990929707000,SELECTED
drums,531,192.6791836734694,2,DRUMS_00735,192.63274376417235,8495104,-46.43990929705000,SELECTED
drums,532,193.02748299319728,1,DRUMS_00737,192.96943310657596,8509952,-58.04988662132000,SELECTED
drums,533,193.37578231292517,2,DRUMS_00738,193.31773242630385,8525312,-58.04988662132000,SELECTED
drums,534,193.72408163265305,1,DRUMS_00740,193.7705215419501,8545280,46.43990929705000,SELECTED
drums,535,194.07238095238094,1,DRUMS_00741,194.14204081632653,8561664,69.65986394559000,SELECTED
drums,536,194.44390022675736,1,DRUMS_00742,194.3742403628118,8571904,-69.65986394556000,SELECTED
drums,537,194.79219954648525,2,DRUMS_00744,194.8386394557823,8592384,46.43990929705000,SELECTED
drums,538,195.14049886621316,4,DRUMS_00746,195.11727891156463,8604672,-23.21995464853000,SELECTED
drums,539,195.48879818594105,1,DRUMS_00749,195.50040816326532,8621568,11.60997732427000,SELECTED
drums,540,195.86031746031745,2,DRUMS_00750,195.8487074829932,8636928,-11.60997732425000,SELECTED
drums,541,196.20861678004536,1,DRUMS_00752,196.2202267573696,8653312,11.60997732424000,SELECTED
drums,542,196.55691609977325,1,DRUMS_00753,196.45242630385488,8663552,-104.48979591837000,SELECTED
drums,543,196.90521541950113,2,DRUMS_00754,196.8239455782313,8679936,-81.26984126983000,SELECTED
drums,544,197.27673469387756,3,DRUMS_00757,197.27673469387756,8699904,0E-14,SELECTED
drums,545,197.62503401360544,2,DRUMS_00760,197.6018140589569,8714240,-23.21995464854000,SELECTED
drums,546,197.97333333333333,2,DRUMS_00762,197.96172335600906,8730112,-11.60997732427000,SELECTED
drums,547,198.34485260770975,0,,,,,EMPTY
drums,548,198.69315192743764,1,DRUMS_00763,198.62349206349205,8759296,-69.65986394559000,SELECTED
drums,549,199.06467120181406,1,DRUMS_00764,199.07628117913833,8779264,11.60997732427000,SELECTED
drums,550,199.41297052154195,0,,,,,EMPTY
drums,551,199.76126984126984,1,DRUMS_00765,199.81931972789116,8812032,58.04988662132000,SELECTED
drums,552,200.13278911564626,1,DRUMS_00766,200.16761904761904,8827392,34.82993197278000,SELECTED
drums,553,200.48108843537415,2,DRUMS_00767,200.45786848072564,8840192,-23.21995464851000,SELECTED
drums,554,200.85260770975057,2,DRUMS_00770,200.88743764172335,8859136,34.82993197278000,SELECTED
drums,555,201.20090702947846,2,DRUMS_00772,201.2473469387755,8875008,46.43990929704000,SELECTED
drums,556,201.57242630385488,1,DRUMS_00773,201.5027664399093,8886272,-69.65986394558000,SELECTED
drums,557,201.92072562358277,1,DRUMS_00774,201.96716553287982,8906752,46.43990929705000,SELECTED
drums,558,202.26902494331065,2,DRUMS_00776,202.28063492063492,8920576,11.60997732427000,SELECTED
drums,559,202.64054421768708,2,DRUMS_00777,202.59410430839003,8934400,-46.43990929705000,SELECTED
drums,560,202.98884353741497,1,DRUMS_00779,202.91918367346938,8948736,-69.65986394559000,SELECTED
drums,561,203.33714285714285,2,DRUMS_00780,203.2907029478458,8965120,-46.43990929705000,SELECTED
drums,562,203.68544217687074,2,DRUMS_00782,203.66222222222223,8981504,-23.21995464851000,SELECTED
drums,563,204.05696145124716,2,DRUMS_00785,204.03374149659865,8997888,-23.21995464851000,SELECTED
drums,564,204.40526077097505,1,DRUMS_00786,204.3356009070295,9011200,-69.65986394555000,SELECTED
drums,565,204.75356009070296,2,DRUMS_00787,204.70712018140588,9027584,-46.43990929708000,SELECTED
drums,566,205.12507936507936,1,DRUMS_00789,205.06702947845804,9043456,-58.04988662132000,SELECTED
drums,567,205.47337868480724,2,DRUMS_00790,205.43854875283446,9059840,-34.82993197278000,SELECTED
drums,568,205.84489795918367,1,DRUMS_00792,205.8100680272109,9076224,-34.82993197277000,SELECTED
drums,569,206.19319727891155,2,DRUMS_00793,206.16997732426304,9092096,-23.21995464851000,SELECTED
drums,570,206.56471655328798,1,DRUMS_00795,206.50666666666666,9106944,-58.04988662132000,SELECTED
drums,571,206.9362358276644,2,DRUMS_00797,206.99428571428572,9128448,58.04988662132000,SELECTED
drums,572,207.30775510204083,3,DRUMS_00800,207.35419501133788,9144320,46.43990929705000,SELECTED
drums,573,207.67927437641723,0,,,,,EMPTY
drums,574,208.05079365079365,0,,,,,EMPTY
drums,575,208.4455328798186,0,,,,,EMPTY
drums,576,208.817052154195,0,,,,,EMPTY
drums,577,209.21179138321995,1,DRUMS_00801,209.258231292517,9228288,46.43990929705000,SELECTED
drums,578,209.58331065759637,1,DRUMS_00802,209.6065306122449,9243648,23.21995464853000,SELECTED
drums,579,209.9548299319728,1,DRUMS_00803,209.9780498866213,9260032,23.2199546485000,SELECTED
drums,580,210.3263492063492,2,DRUMS_00805,210.34956916099773,9276416,23.21995464853000,SELECTED
drums,581,210.69786848072562,1,DRUMS_00806,210.68625850340135,9291264,-11.60997732427000,SELECTED
drums,582,211.06938775510204,2,DRUMS_00808,211.05777777777777,9307648,-11.60997732427000,SELECTED
drums,583,211.41768707482993,2,DRUMS_00809,211.40607709750566,9323008,-11.60997732427000,SELECTED
drums,584,211.78920634920635,1,DRUMS_00811,211.69632653061225,9335808,-92.87981859410000,SELECTED
drums,585,212.13750566893424,1,DRUMS_00812,212.13750566893424,9355264,0E-14,SELECTED
drums,586,212.50902494331066,2,DRUMS_00814,212.52063492063493,9372160,11.60997732427000,SELECTED
drums,587,212.85732426303855,1,DRUMS_00815,212.8805442176871,9388032,23.21995464855000,SELECTED
drums,588,213.20562358276644,2,DRUMS_00817,213.25206349206348,9404416,46.43990929704000,SELECTED
drums,589,213.57714285714286,1,DRUMS_00818,213.61197278911564,9420288,34.82993197278000,SELECTED
drums,590,213.92544217687075,1,DRUMS_00819,213.8790022675737,9432064,-46.43990929705000,SELECTED
drums,591,214.27374149659863,2,DRUMS_00820,214.33179138321995,9452032,58.04988662132000,SELECTED
drums,592,214.64526077097506,1,DRUMS_00822,214.62204081632652,9464832,-23.21995464854000,SELECTED
drums,593,214.99356009070294,1,DRUMS_00823,214.97034013605443,9480192,-23.21995464851000,SELECTED
drums,594,215.34185941043083,1,DRUMS_00824,215.41151927437642,9499648,69.65986394559000,SELECTED
drums,595,215.71337868480725,1,DRUMS_00825,215.67854875283447,9511424,-34.82993197278000,SELECTED
drums,596,216.06167800453514,1,DRUMS_00826,216.03845804988663,9527296,-23.21995464851000,SELECTED
drums,597,216.40997732426302,2,DRUMS_00827,216.37514739229024,9542144,-34.82993197278000,SELECTED
drums,598,216.78149659863945,3,DRUMS_00830,216.78149659863945,9560064,0E-14,SELECTED
drums,599,217.12979591836734,1,DRUMS_00832,217.17623582766439,9577472,46.43990929705000,SELECTED
drums,600,217.47809523809525,1,DRUMS_00833,217.40843537414966,9587712,-69.65986394559000,SELECTED
drums,601,217.82639455782314,2,DRUMS_00834,217.7799546485261,9604096,-46.43990929704000,SELECTED
drums,602,218.19791383219956,3,DRUMS_00837,218.1863038548753,9622016,-11.60997732426000,SELECTED
drums,603,218.54621315192745,2,DRUMS_00839,218.51138321995464,9636352,-34.82993197281000,SELECTED
drums,604,218.91773242630384,3,DRUMS_00843,218.94095238095238,9655296,23.21995464854000,SELECTED
drums,605,219.28925170068027,2,DRUMS_00844,219.19637188208617,9666560,-92.87981859410000,SELECTED
drums,606,219.6607709750567,4,DRUMS_00847,219.6839909297052,9688064,23.2199546485000,SELECTED
drums,607,220.05551020408163,2,DRUMS_00850,219.9974603174603,9701888,-58.04988662133000,SELECTED
drums,608,220.45024943310656,1,DRUMS_00852,220.380589569161,9718784,-69.65986394556000,SELECTED
drums,609,220.821768707483,1,DRUMS_00853,220.86820861678004,9740288,46.43990929704000,SELECTED
drums,610,221.1932879818594,1,DRUMS_00854,221.262947845805,9757696,69.6598639456000,SELECTED
drums,611,221.56480725623584,3,DRUMS_00855,221.5183673469388,9768960,-46.43990929704000,SELECTED
drums,612,221.95954648526077,2,DRUMS_00859,221.98276643990928,9789440,23.21995464851000,SELECTED
drums,613,222.3310657596372,1,DRUMS_00860,222.36589569160998,9806336,34.82993197278000,SELECTED
drums,614,222.7025850340136,2,DRUMS_00862,222.74902494331064,9823232,46.43990929704000,SELECTED
drums,615,223.07410430839002,1,DRUMS_00863,223.1089342403628,9839104,34.82993197278000,SELECTED
drums,616,223.4224036281179,1,DRUMS_00864,223.4572335600907,9854464,34.8299319728000,SELECTED
drums,617,223.79392290249433,1,DRUMS_00865,223.72426303854874,9866240,-69.65986394559000,SELECTED
drums,618,224.14222222222222,2,DRUMS_00867,224.16544217687076,9885696,23.21995464854000,SELECTED
drums,619,224.51374149659864,2,DRUMS_00869,224.53696145124715,9902080,23.21995464851000,SELECTED
drums,620,224.86204081632653,2,DRUMS_00871,224.8968707482993,9917952,34.82993197277000,SELECTED
drums,621,225.23356009070295,1,DRUMS_00872,225.24517006802722,9933312,11.60997732427000,SELECTED
drums,622,225.58185941043084,1,DRUMS_00873,225.61668934240362,9949696,34.82993197278000,SELECTED
drums,623,225.93015873015872,1,DRUMS_00874,225.8721088435374,9960960,-58.04988662132000,SELECTED
drums,624,226.2784580498866,3,DRUMS_00876,226.24362811791383,9977344,-34.82993197277000,SELECTED
drums,625,226.64997732426303,0,,,,,EMPTY
drums,626,226.99827664399092,2,DRUMS_00878,226.96344671201814,10009088,-34.82993197278000,SELECTED
drums,627,227.34657596371883,2,DRUMS_00880,227.31174603174603,10024448,-34.82993197280000,SELECTED
drums,628,227.71809523809523,0,,,,,EMPTY
drums,629,228.06639455782312,1,DRUMS_00882,227.99673469387756,10054656,-69.65986394556000,SELECTED
drums,630,228.43791383219954,1,DRUMS_00883,228.37986394557822,10071552,-58.04988662132000,SELECTED
drums,631,228.80943310657597,2,DRUMS_00884,228.76299319727892,10088448,-46.43990929705000,SELECTED
drums,632,229.1809523809524,3,DRUMS_00886,229.13451247165534,10104832,-46.43990929706000,SELECTED
drums,633,229.5524716553288,3,DRUMS_00890,229.59891156462584,10125312,46.43990929704000,SELECTED
drums,634,229.9239909297052,2,DRUMS_00893,229.94721088435375,10140672,23.21995464855000,SELECTED
drums,635,230.31873015873015,0,,,,,EMPTY
drums,636,230.69024943310657,0,,,,,EMPTY
drums,637,231.061768707483,0,,,,,EMPTY
drums,638,231.45650793650793,0,,,,,EMPTY
drums,639,231.82802721088436,0,,,,,EMPTY
drums,640,232.19954648526078,2,DRUMS_00895,232.21115646258502,10240512,11.60997732424000,SELECTED
drums,641,232.57106575963718,2,DRUMS_00897,232.59428571428572,10257408,23.21995464854000,SELECTED
drums,642,232.9425850340136,1,DRUMS_00898,232.97741496598638,10274304,34.82993197278000,SELECTED
drums,643,233.33732426303854,2,DRUMS_00900,233.3489342403628,10290688,11.60997732426000,SELECTED
drums,644,233.70884353741496,1,DRUMS_00901,233.7320634920635,10307584,23.21995464854000,SELECTED
drums,645,234.0803628117914,2,DRUMS_00903,234.09197278911566,10323456,11.60997732426000,SELECTED
drums,646,234.4518820861678,1,DRUMS_00904,234.4867120181406,10340864,34.8299319728000,SELECTED
drums,647,234.8234013605442,2,DRUMS_00906,234.84662131519275,10356736,23.21995464855000,SELECTED
drums,648,235.19492063492063,1,DRUMS_00907,235.22975056689341,10373632,34.82993197278000,SELECTED
drums,649,235.56643990929706,2,DRUMS_00909,235.58965986394557,10389504,23.21995464851000,SELECTED
drums,650,235.961179138322,1,DRUMS_00910,235.97278911564626,10406400,11.60997732426000,SELECTED
drums,651,236.33269841269842,2,DRUMS_00912,236.3443083900227,10422784,11.60997732428000,SELECTED
drums,652,236.70421768707482,1,DRUMS_00913,236.72743764172336,10439680,23.21995464854000,SELECTED
drums,653,237.07573696145124,1,DRUMS_00914,237.06412698412697,10454528,-11.60997732427000,SELECTED
drums,654,237.44725623582767,1,DRUMS_00915,237.45886621315194,10471936,11.60997732427000,SELECTED
drums,655,237.8187755102041,2,DRUMS_00917,237.83038548752833,10488320,11.60997732423000,SELECTED
drums,656,238.1902947845805,1,DRUMS_00918,238.12063492063493,10501120,-69.65986394557000,SELECTED
drums,657,238.5618140589569,1,DRUMS_00919,238.57342403628118,10521088,11.60997732428000,SELECTED
drums,658,238.93333333333334,1,DRUMS_00920,238.95655328798185,10537984,23.21995464851000,SELECTED
drums,659,239.32807256235827,2,DRUMS_00922,239.32807256235827,10554368,0E-14,SELECTED
drums,660,239.6995918367347,1,DRUMS_00923,239.71120181405897,10571264,11.60997732427000,SELECTED
drums,661,240.07111111111112,2,DRUMS_00925,240.07111111111112,10587136,0E-14,SELECTED
drums,662,240.44263038548752,1,DRUMS_00926,240.46585034013606,10604544,23.21995464854000,SELECTED
drums,663,240.81414965986394,1,DRUMS_00927,240.75609977324262,10617344,-58.04988662132000,SELECTED
drums,664,241.18566893424037,1,DRUMS_00928,241.12761904761905,10633728,-58.04988662132000,SELECTED
drums,665,241.5571882086168,2,DRUMS_00930,241.59201814058957,10654208,34.82993197277000,SELECTED
drums,666,241.9287074829932,1,DRUMS_00931,241.97514739229024,10671104,46.43990929704000,SELECTED
drums,667,242.30022675736961,2,DRUMS_00933,242.34666666666666,10687488,46.43990929705000,SELECTED
drums,668,242.69496598639455,1,DRUMS_00934,242.70657596371882,10703360,11.60997732427000,SELECTED
drums,669,243.06648526077097,2,DRUMS_00936,243.0897052154195,10720256,23.21995464853000,SELECTED
drums,670,243.4380045351474,1,DRUMS_00937,243.47283446712018,10737152,34.82993197278000,SELECTED
drums,671,243.8095238095238,1,DRUMS_00938,243.8443537414966,10753536,34.8299319728000,SELECTED
drums,672,244.18104308390022,2,DRUMS_00940,244.21587301587303,10769920,34.82993197281000,SELECTED
drums,673,244.55256235827665,2,DRUMS_00942,244.61061224489796,10787328,58.04988662131000,SELECTED
drums,674,244.92408163265307,1,DRUMS_00943,244.99374149659863,10804224,69.65986394556000,SELECTED
drums,675,245.318820861678,2,DRUMS_00945,245.3536507936508,10820096,34.8299319728000,SELECTED
drums,676,245.69034013605443,1,DRUMS_00946,245.73678004535148,10836992,46.43990929705000,SELECTED
drums,677,246.06185941043083,1,DRUMS_00947,245.980589569161,10847744,-81.26984126983000,SELECTED
drums,678,246.43337868480725,3,DRUMS_00949,246.49142857142857,10870272,58.04988662132000,SELECTED
drums,679,246.80489795918368,1,DRUMS_00951,246.83972789115646,10885632,34.82993197278000,SELECTED
drums,680,247.1996371882086,1,DRUMS_00952,247.2344671201814,10903040,34.8299319728000,SELECTED
drums,681,247.57115646258504,2,DRUMS_00954,247.5827664399093,10918400,11.60997732426000,SELECTED
drums,682,247.94267573696146,1,DRUMS_00955,247.9891156462585,10936320,46.43990929704000,SELECTED
drums,683,248.31419501133786,2,DRUMS_00957,248.3606349206349,10952704,46.43990929704000,SELECTED
drums,684,248.68571428571428,1,DRUMS_00958,248.7437641723356,10969600,58.04988662132000,SELECTED
drums,685,249.0572335600907,2,DRUMS_00960,249.10367346938776,10985472,46.43990929706000,SELECTED
drums,686,249.42875283446713,2,DRUMS_00962,249.48680272108842,11002368,58.04988662129000,SELECTED
drums,687,249.82349206349207,2,DRUMS_00964,249.83510204081634,11017728,11.60997732427000,SELECTED
drums,688,250.1950113378685,1,DRUMS_00965,250.1950113378685,11033600,0E-13,SELECTED
drums,689,250.5665306122449,2,DRUMS_00967,250.57814058956916,11050496,11.60997732426000,SELECTED
drums,690,250.93804988662131,1,DRUMS_00968,250.96126984126985,11067392,23.21995464854000,SELECTED
drums,691,251.30956916099774,2,DRUMS_00970,251.33278911564625,11083776,23.21995464851000,SELECTED
drums,692,251.68108843537414,1,DRUMS_00971,251.71591836734694,11100672,34.82993197280000,SELECTED
drums,693,252.05260770975056,2,DRUMS_00973,252.08743764172337,11117056,34.82993197281000,SELECTED
drums,694,252.42412698412699,1,DRUMS_00974,252.4473469387755,11132928,23.21995464851000,SELECTED
drums,695,252.7956462585034,1,DRUMS_00975,252.72598639455782,11145216,-69.65986394558000,SELECTED
drums,696,253.1671655328798,1,DRUMS_00976,253.08589569160998,11161088,-81.26984126982000,SELECTED
drums,697,253.56190476190477,2,DRUMS_00978,253.56190476190477,11182080,0E-14,SELECTED
drums,698,253.93342403628117,1,DRUMS_00979,253.9566439909297,11199488,23.21995464853000,SELECTED
drums,699,254.3049433106576,1,DRUMS_00980,254.2120634920635,11210752,-92.8798185941000,SELECTED
drums,700,254.69968253968253,2,DRUMS_00982,254.69968253968253,11232256,0E-14,SELECTED
drums,701,255.0944217687075,0,,,,,EMPTY
drums,702,255.4659410430839,2,DRUMS_00984,255.4659410430839,11266048,0E-13,SELECTED
drums,703,255.86068027210885,2,DRUMS_00986,255.8722902494331,11283968,11.60997732425000,SELECTED
drums,704,256.2321995464853,2,DRUMS_00988,256.2554195011338,11300864,23.2199546485000,SELECTED
drums,705,256.6037188208617,1,DRUMS_00989,256.6269387755102,11317248,23.2199546485000,SELECTED
drums,706,256.97523809523807,1,DRUMS_00990,256.98684807256234,11333120,11.60997732427000,SELECTED
drums,707,257.3467573696145,1,DRUMS_00991,257.3583673469388,11349504,11.6099773243000,SELECTED
drums,708,257.7182766439909,1,DRUMS_00992,257.7298866213152,11365888,11.6099773243000,SELECTED
drums,709,258.0897959183674,1,DRUMS_00993,258.0781859410431,11381248,-11.6099773243000,SELECTED
drums,710,258.46131519274377,1,DRUMS_00994,258.47292517006804,11398656,11.60997732427000,SELECTED
drums,711,258.83283446712016,2,DRUMS_00996,258.83283446712016,11414528,0E-14,SELECTED
drums,712,259.2043537414966,1,DRUMS_00997,259.2043537414966,11430912,0E-13,SELECTED
drums,713,259.575873015873,2,DRUMS_00999,259.575873015873,11447296,0E-12,SELECTED
drums,714,259.9473922902494,2,DRUMS_01001,259.9473922902494,11463680,0E-13,SELECTED
drums,715,260.31891156462586,1,DRUMS_01002,260.3073015873016,11479552,-11.60997732426000,SELECTED
drums,716,260.69043083900226,1,DRUMS_01003,260.678820861678,11495936,-11.60997732426000,SELECTED
drums,717,261.06195011337866,2,DRUMS_01005,261.0387301587302,11511808,-23.21995464846000,SELECTED
drums,718,261.41024943310657,1,DRUMS_01006,261.41024943310657,11528192,0E-14,SELECTED
drums,719,261.78176870748297,1,DRUMS_01007,261.77015873015876,11544064,-11.60997732421000,SELECTED
drums,720,262.1532879818594,1,DRUMS_01008,262.04879818594105,11556352,-104.48979591835000,SELECTED
drums,721,262.5015873015873,1,DRUMS_01009,262.5015873015873,11576320,0E-13,SELECTED
drums,722,262.87310657596373,1,DRUMS_01010,262.87310657596373,11592704,0E-14,SELECTED
drums,723,263.2214058956916,1,DRUMS_01011,263.1285260770975,11603968,-92.8798185941000,SELECTED
drums,724,263.5697052154195,2,DRUMS_01012,263.5232653061224,11621376,-46.4399092971000,SELECTED
drums,725,263.9412244897959,1,DRUMS_01014,263.95283446712017,11640320,11.60997732427000,SELECTED
drums,726,264.2895238095238,2,DRUMS_01016,264.3243537414966,11656704,34.8299319728000,SELECTED
drums,727,264.63782312925173,2,DRUMS_01017,264.6146031746032,11669504,-23.21995464853000,SELECTED
drums,728,265.0093424036281,2,DRUMS_01020,265.05578231292515,11688960,46.43990929705000,SELECTED
drums,729,265.357641723356,2,DRUMS_01021,265.2995918367347,11699712,-58.0498866213000,SELECTED
drums,730,265.72916099773244,2,DRUMS_01024,265.7872108843537,11721216,58.04988662126000,SELECTED
drums,731,266.10068027210883,1,DRUMS_01025,266.13551020408164,11736576,34.82993197281000,SELECTED
drums,732,266.4721995464853,2,DRUMS_01027,266.5302494331066,11753984,58.0498866213000,SELECTED
drums,733,266.8437188208617,2,DRUMS_01029,266.8785487528345,11769344,34.8299319728000,SELECTED
drums,734,267.2152380952381,2,DRUMS_01031,267.26167800453516,11786240,46.43990929706000,SELECTED
drums,735,267.58675736961453,2,DRUMS_01033,267.6215873015873,11802112,34.82993197277000,SELECTED
drums,736,267.9582766439909,1,DRUMS_01034,267.8770068027211,11813376,-81.2698412698000,SELECTED
drums,737,268.3297959183673,0,,,,,EMPTY
drums,738,268.7245351473923,2,DRUMS_01036,268.73614512471653,11851264,11.60997732423000,SELECTED
drums,739,269.0960544217687,1,DRUMS_01037,269.107664399093,11867648,11.6099773243000,SELECTED
drums,740,269.4675736961451,1,DRUMS_01038,269.5140136054422,11885568,46.4399092971000,SELECTED
drums,741,269.83909297052156,1,DRUMS_01039,269.8855328798186,11901952,46.43990929704000,SELECTED
drums,742,270.2338321995465,1,DRUMS_01040,270.26866213151925,11918848,34.82993197275000,SELECTED
drums,743,270.6053514739229,1,DRUMS_01041,270.65179138322,11935744,46.4399092971000,SELECTED
drums,744,270.97687074829935,3,DRUMS_01043,271.0117006802721,11951616,34.82993197275000,SELECTED
drums,745,271.34839002267574,1,DRUMS_01045,271.36,11966976,11.60997732426000,SELECTED
drums,746,271.7431292517007,1,DRUMS_01046,271.75473922902495,11984384,11.60997732425000,SELECTED
drums,747,272.1146485260771,1,DRUMS_01047,272.1146485260771,12000256,0E-13,SELECTED
drums,748,272.48616780045353,1,DRUMS_01048,272.5209977324263,12018176,34.82993197277000,SELECTED
drums,749,272.8576870748299,2,DRUMS_01050,272.89251700680273,12034560,34.82993197283000,SELECTED
drums,750,273.25242630385486,1,DRUMS_01051,273.25242630385486,12050432,0E-14,SELECTED
drums,751,273.6239455782313,2,DRUMS_01053,273.6239455782313,12066816,0E-13,SELECTED
drums,752,273.9954648526077,2,DRUMS_01055,274.007074829932,12083712,11.6099773243000,SELECTED
drums,753,274.3669841269841,0,,,,,EMPTY
drums,754,274.73850340136056,1,DRUMS_01056,274.75011337868483,12116480,11.60997732427000,SELECTED
drums,755,275.11002267573696,1,DRUMS_01057,275.1332426303855,12133376,23.21995464854000,SELECTED
drums,756,275.48154195011335,1,DRUMS_01058,275.5047619047619,12149760,23.21995464855000,SELECTED
drums,757,275.8530612244898,2,DRUMS_01060,275.8995011337868,12167168,46.4399092970000,SELECTED
drums,758,276.2245804988662,1,DRUMS_01061,276.24780045351474,12182528,23.21995464854000,SELECTED
drums,759,276.59609977324266,2,DRUMS_01063,276.6309297052154,12199424,34.82993197274000,SELECTED
drums,760,276.96761904761905,2,DRUMS_01065,277.0140589569161,12216320,46.43990929705000,SELECTED
drums,761,277.33913832199545,1,DRUMS_01066,277.2694784580499,12227584,-69.65986394555000,SELECTED
drums,762,277.7106575963719,1,DRUMS_01067,277.74548752834465,12248576,34.82993197275000,SELECTED
drums,763,278.0821768707483,2,DRUMS_01069,278.1170068027211,12264960,34.8299319728000,SELECTED
drums,764,278.4536961451247,1,DRUMS_01070,278.47691609977323,12280832,23.21995464853000,SELECTED
drums,765,278.82521541950115,2,DRUMS_01072,278.8484353741497,12297216,23.21995464855000,SELECTED
drums,766,279.19673469387754,1,DRUMS_01073,279.2199546485261,12313600,23.21995464856000,SELECTED
drums,767,279.56825396825394,1,DRUMS_01074,279.5798639455782,12329472,11.60997732426000,SELECTED
drums,768,279.9397732426304,1,DRUMS_01075,279.85850340136057,12341760,-81.26984126983000,SELECTED
drums,769,280.3112925170068,1,DRUMS_01076,280.3112925170068,12361728,0E-13,SELECTED
drums,770,280.68281179138324,1,DRUMS_01077,280.69442176870746,12378624,11.60997732422000,SELECTED
drums,771,281.05433106575964,1,DRUMS_01078,281.0659410430839,12395008,11.60997732426000,SELECTED
drums,772,281.42585034013604,1,DRUMS_01079,281.4374603174603,12411392,11.60997732426000,SELECTED
drums,773,281.7973696145125,1,DRUMS_01080,281.80897959183676,12427776,11.60997732426000,SELECTED
drums,774,282.1688888888889,1,DRUMS_01081,282.1688888888889,12443648,0E-13,SELECTED
drums,775,282.5404081632653,1,DRUMS_01082,282.5404081632653,12460032,0E-13,SELECTED
drums,776,282.91192743764174,1,DRUMS_01083,282.90031746031747,12475904,-11.60997732427000,SELECTED
drums,777,283.28344671201813,2,DRUMS_01085,283.2950566893424,12493312,11.60997732427000,SELECTED
drums,778,283.65496598639453,1,DRUMS_01086,283.6433560090703,12508672,-11.60997732423000,SELECTED
drums,779,284.026485260771,1,DRUMS_01087,284.0148752834467,12525056,-11.6099773243000,SELECTED
drums,780,284.37478458049884,1,DRUMS_01088,284.3863945578231,12541440,11.60997732426000,SELECTED
drums,781,284.7463038548753,2,DRUMS_01090,284.7463038548753,12557312,0E-13,SELECTED
drums,782,285.1178231292517,1,DRUMS_01091,285.1062131519274,12573184,-11.6099773243000,SELECTED
drums,783,285.48934240362814,1,DRUMS_01092,285.4777324263039,12589568,-11.60997732424000,SELECTED
drums,784,285.86086167800454,1,DRUMS_01093,285.837641723356,12605440,-23.21995464854000,SELECTED
drums,785,286.23238095238094,1,DRUMS_01094,286.1975510204082,12621312,-34.82993197274000,SELECTED
drums,786,286.58068027210885,1,DRUMS_01095,286.5574603174603,12637184,-23.21995464855000,SELECTED
drums,787,286.95219954648525,1,DRUMS_01096,286.940589569161,12654080,-11.60997732425000,SELECTED
drums,788,287.30049886621316,1,DRUMS_01097,287.31210884353743,12670464,11.60997732427000,SELECTED
drums,789,287.67201814058956,1,DRUMS_01098,287.67201814058956,12686336,0E-14,SELECTED
drums,790,288.0203174603175,1,DRUMS_01099,288.0203174603175,12701696,0E-13,SELECTED
drums,791,288.36861678004533,1,DRUMS_01100,288.3802267573696,12717568,11.60997732427000,SELECTED
drums,792,288.7401360544218,2,DRUMS_01102,288.7285260770975,12732928,-11.6099773243000,SELECTED
drums,793,289.08843537414964,1,DRUMS_01103,289.1116553287982,12749824,23.21995464856000,SELECTED
drums,794,289.43673469387755,1,DRUMS_01104,289.4599546485261,12765184,23.21995464855000,SELECTED
drums,795,289.80825396825395,1,DRUMS_01105,289.84308390022676,12782080,34.82993197281000,SELECTED
drums,796,290.15655328798186,1,DRUMS_01106,290.1913832199547,12797440,34.82993197284000,SELECTED
drums,797,290.52807256235826,2,DRUMS_01107,290.4932426303855,12810752,-34.82993197276000,SELECTED
drums,798,290.8995918367347,1,DRUMS_01109,290.911201814059,12829184,11.6099773243000,SELECTED
drums,799,291.2478911564626,1,DRUMS_01110,291.2827210884354,12845568,34.8299319728000,SELECTED
drums,800,291.619410430839,1,DRUMS_01111,291.6542403628118,12861952,34.8299319728000,SELECTED
drums,801,291.9909297052154,1,DRUMS_01112,292.01414965986396,12877824,23.21995464856000,SELECTED
drums,802,292.3624489795918,1,DRUMS_01113,292.3972789115646,12894720,34.8299319728000,SELECTED
drums,803,292.73396825396827,2,DRUMS_01115,292.768798185941,12911104,34.82993197273000,SELECTED
drums,804,293.10548752834467,1,DRUMS_01116,293.11709750566894,12926464,11.60997732427000,SELECTED
drums,805,293.47700680272106,1,DRUMS_01117,293.48861678004533,12942848,11.60997732427000,SELECTED
drums,806,293.825306122449,1,DRUMS_01118,293.83691609977325,12958208,11.60997732425000,SELECTED
drums,807,294.1968253968254,1,DRUMS_01119,294.2200453514739,12975104,23.2199546485000,SELECTED
drums,808,294.5683446712018,1,DRUMS_01120,294.5799546485261,12990976,11.6099773243000,SELECTED
drums,809,294.9398639455782,1,DRUMS_01121,294.9514739229025,13007360,11.6099773243000,SELECTED
drums,810,295.28816326530614,1,DRUMS_01122,295.3113832199546,13023232,23.21995464846000,SELECTED
drums,811,295.65968253968254,2,DRUMS_01124,295.6712925170068,13039104,11.60997732426000,SELECTED
drums,812,296.03120181405893,2,DRUMS_01125,296.0195918367347,13054464,-11.60997732423000,SELECTED
drums,813,296.4027210884354,2,DRUMS_01128,296.4027210884354,13071360,0E-13,SELECTED
drums,814,296.7742403628118,1,DRUMS_01129,296.7626303854875,13087232,-11.6099773243000,SELECTED
drums,815,297.1225396825397,2,DRUMS_01131,297.13414965986397,13103616,11.60997732427000,SELECTED
drums,816,297.4940589569161,1,DRUMS_01132,297.4940589569161,13119488,0E-13,SELECTED
drums,817,297.86557823129255,2,DRUMS_01134,297.87718820861676,13136384,11.60997732421000,SELECTED
drums,818,298.23709750566894,1,DRUMS_01135,298.23709750566894,13152256,0E-14,SELECTED
drums,819,298.60861678004534,1,DRUMS_01136,298.60861678004534,13168640,0E-14,SELECTED
drums,820,298.95691609977325,1,DRUMS_01137,298.9685260770975,13184512,11.60997732425000,SELECTED
drums,821,299.32843537414965,2,DRUMS_01139,299.3400453514739,13200896,11.60997732425000,SELECTED
drums,822,299.6999546485261,1,DRUMS_01140,299.6999546485261,13216768,0E-13,SELECTED
drums,823,300.0714739229025,1,DRUMS_01141,300.05986394557823,13232640,-11.60997732427000,SELECTED
drums,824,300.4197732426304,1,DRUMS_01142,300.4197732426304,13248512,0E-13,SELECTED
drums,825,300.7912925170068,2,DRUMS_01144,300.8029024943311,13265408,11.6099773243000,SELECTED
drums,826,301.1628117913832,1,DRUMS_01145,301.15120181405894,13280768,-11.60997732426000,SELECTED
drums,827,301.53433106575966,1,DRUMS_01146,301.5227210884354,13297152,-11.60997732426000,SELECTED
drums,828,301.8826303854875,1,DRUMS_01147,301.8826303854875,13313024,0E-13,SELECTED
drums,829,302.25414965986397,1,DRUMS_01148,302.25414965986397,13329408,0E-14,SELECTED
drums,830,302.62566893424037,1,DRUMS_01149,302.62566893424037,13345792,0E-14,SELECTED
drums,831,302.99718820861676,1,DRUMS_01150,302.9855782312925,13361664,-11.60997732426000,SELECTED
drums,832,303.3687074829932,1,DRUMS_01151,303.35709750566895,13378048,-11.60997732425000,SELECTED
drums,833,303.7402267573696,2,DRUMS_01153,303.72861678004534,13394432,-11.60997732426000,SELECTED
drums,834,304.0885260770975,1,DRUMS_01154,304.0885260770975,13410304,0E-13,SELECTED
drums,835,304.4600453514739,1,DRUMS_01155,304.4600453514739,13426688,0E-13,SELECTED
drums,836,304.8315646258503,1,DRUMS_01156,304.81995464852605,13442560,-11.60997732425000,SELECTED
drums,837,305.2030839002268,1,DRUMS_01157,305.1914739229025,13458944,-11.6099773243000,SELECTED
drums,838,305.57460317460317,1,DRUMS_01158,305.5629931972789,13475328,-11.60997732427000,SELECTED
drums,839,305.94612244897957,1,DRUMS_01159,305.9229024943311,13491200,-23.21995464847000,SELECTED
drums,840,306.2944217687075,1,DRUMS_01160,306.2828117913832,13507072,-11.6099773243000,SELECTED
drums,841,306.6659410430839,2,DRUMS_01162,306.65433106575966,13523456,-11.60997732424000,SELECTED
drums,842,307.03746031746033,1,DRUMS_01163,307.0026303854875,13538816,-34.82993197283000,SELECTED
drums,843,307.3857596371882,1,DRUMS_01164,307.3741496598639,13555200,-11.6099773243000,SELECTED
drums,844,307.7340589569161,1,DRUMS_01165,307.72244897959183,13570560,-11.60997732427000,SELECTED
drums,845,308.1055782312925,2,DRUMS_01167,308.11718820861677,13587968,11.60997732427000,SELECTED
drums,846,308.4538775510204,1,DRUMS_01168,308.4538775510204,13602816,0E-13,SELECTED
drums,847,308.8253968253968,1,DRUMS_01169,308.8253968253968,13619200,0E-13,SELECTED
drums,848,309.19691609977326,1,DRUMS_01170,309.1736961451247,13634560,-23.21995464856000,SELECTED
drums,849,309.5452154195011,2,DRUMS_01172,309.5452154195011,13650944,0E-13,SELECTED
drums,850,309.9167346938776,1,DRUMS_01173,309.9167346938776,13667328,0E-13,SELECTED
drums,851,310.28825396825397,1,DRUMS_01174,310.3114739229025,13684736,23.21995464853000,SELECTED
drums,852,310.65977324263037,2,DRUMS_01176,310.67138321995463,13700608,11.60997732426000,SELECTED
drums,853,311.0312925170068,1,DRUMS_01177,311.01968253968255,13715968,-11.60997732425000,SELECTED
drums,854,311.4028117913832,1,DRUMS_01178,311.39120181405895,13732352,-11.60997732425000,SELECTED
drums,855,311.7743310657596,0,,,,,EMPTY
drums,856,312.14585034013606,1,DRUMS_01179,312.1226303854875,13764608,-23.21995464856000,SELECTED
drums,857,312.51736961451246,1,DRUMS_01180,312.5057596371882,13781504,-11.60997732426000,SELECTED
drums,858,312.8888888888889,1,DRUMS_01181,312.8656689342404,13797376,-23.2199546485000,SELECTED
drums,859,313.2371882086168,1,DRUMS_01182,313.2604081632653,13814784,23.2199546485000,SELECTED
drums,860,313.6087074829932,1,DRUMS_01183,313.6087074829932,13830144,0E-13,SELECTED
drums,861,313.9802267573696,1,DRUMS_01184,313.96861678004535,13846016,-11.60997732425000,SELECTED
drums,862,314.351746031746,1,DRUMS_01185,314.3285260770975,13861888,-23.2199546485000,SELECTED
drums,863,314.72326530612247,1,DRUMS_01186,314.70004535147393,13878272,-23.21995464854000,SELECTED
drums,864,315.09478458049887,1,DRUMS_01187,315.0715646258503,13894656,-23.21995464857000,SELECTED
drums,865,315.4430839002268,0,,,,,EMPTY
drums,866,315.8146031746032,1,DRUMS_01188,315.8029931972789,13926912,-11.6099773243000,SELECTED
drums,867,316.1861224489796,1,DRUMS_01189,316.1861224489796,13943808,0E-13,SELECTED
drums,868,316.557641723356,1,DRUMS_01190,316.5228117913832,13958656,-34.8299319728000,SELECTED
drums,869,316.9059410430839,1,DRUMS_01191,316.9756009070295,13978624,69.6598639456000,SELECTED
drums,870,317.27746031746034,1,DRUMS_01192,317.27746031746034,13991936,0E-14,SELECTED
drums,871,317.64897959183673,1,DRUMS_01193,317.660589569161,14008832,11.60997732427000,SELECTED
drums,872,318.02049886621313,1,DRUMS_01194,318.00888888888886,14024192,-11.60997732427000,SELECTED
drums,873,318.36879818594105,1,DRUMS_01195,318.3920181405896,14041088,23.21995464855000,SELECTED
drums,874,318.74031746031744,1,DRUMS_01196,318.7287074829932,14055936,-11.60997732424000,SELECTED
drums,875,319.1118367346939,1,DRUMS_01197,319.1118367346939,14072832,0E-13,SELECTED
drums,876,319.46013605442175,1,DRUMS_01198,319.471746031746,14088704,11.60997732425000,SELECTED
drums,877,319.8316553287982,1,DRUMS_01199,319.8432653061225,14105088,11.6099773243000,SELECTED
drums,878,320.2031746031746,1,DRUMS_01200,320.2031746031746,14120960,0E-13,SELECTED
drums,879,320.574693877551,1,DRUMS_01201,320.59791383219954,14138368,23.21995464854000,SELECTED
drums,880,320.94621315192745,1,DRUMS_01202,320.94621315192745,14153728,0E-14,SELECTED
drums,881,321.2945124716553,1,DRUMS_01203,321.31773242630385,14170112,23.21995464855000,SELECTED
drums,882,321.66603174603176,1,DRUMS_01204,321.66603174603176,14185472,0E-14,SELECTED
drums,883,322.03755102040816,1,DRUMS_01205,322.04916099773243,14202368,11.60997732427000,SELECTED
drums,884,322.40907029478456,1,DRUMS_01206,322.40907029478456,14218240,0E-14,SELECTED
drums,885,322.780589569161,1,DRUMS_01207,322.7921995464853,14235136,11.6099773243000,SELECTED
drums,886,323.1521088435374,1,DRUMS_01208,323.1637188208617,14251520,11.6099773243000,SELECTED
drums,887,323.52362811791386,1,DRUMS_01209,323.53523809523807,14267904,11.60997732421000,SELECTED
drums,888,323.8719274376417,1,DRUMS_01210,323.8719274376417,14282752,0E-13,SELECTED
drums,889,324.2434467120181,1,DRUMS_01211,324.2434467120181,14299136,0E-13,SELECTED
drums,890,324.61496598639457,1,DRUMS_01212,324.6033560090703,14315008,-11.60997732427000,SELECTED
drums,891,324.9632653061224,1,DRUMS_01213,324.98648526077096,14331904,23.21995464856000,SELECTED
drums,892,325.31156462585034,1,DRUMS_01214,325.3347845804989,14347264,23.21995464856000,SELECTED
drums,893,325.68308390022673,2,DRUMS_01216,325.7063038548753,14363648,23.21995464857000,SELECTED
drums,894,326.03138321995465,1,DRUMS_01217,326.0546031746032,14379008,23.21995464855000,SELECTED
drums,895,326.37968253968256,1,DRUMS_01218,326.4145124716553,14394880,34.82993197274000,SELECTED
drums,896,326.75120181405896,1,DRUMS_01219,326.7744217687075,14410752,23.21995464854000,SELECTED
drums,897,327.0995011337869,1,DRUMS_01220,327.12272108843536,14426112,23.21995464846000,SELECTED
drums,898,327.47102040816327,1,DRUMS_01221,327.5058503401361,14443008,34.82993197283000,SELECTED
drums,899,327.84253968253967,1,DRUMS_01222,327.8193197278912,14456832,-23.21995464847000,SELECTED
drums,900,328.2140589569161,1,DRUMS_01223,328.24888888888887,14475776,34.82993197277000,SELECTED
drums,901,328.562358276644,1,DRUMS_01224,328.5507482993197,14489088,-11.6099773243000,SELECTED
drums,902,328.9570975056689,1,DRUMS_01225,328.9919274376417,14508544,34.8299319728000,SELECTED
drums,903,329.3518367346939,0,,,,,EMPTY
drums,904,329.7233560090703,1,DRUMS_01226,329.73496598639457,14541312,11.60997732427000,SELECTED
