event_id,stem,timestamp_s,sample_index,in_scope,identity,asset_sha256,source_identity,provenance,operational_timestamp,timestamp_origin,full_mix_event_id
BASS_00008,bass,3.4713832199546486,153088,True,SEPARATOR_BASS_STEM,8ca185528ce4c50f7a318fb21e9e49ee68b76c7fbede9e7dace5b61120c46952,d5f2440b-872e-5ed1-a582-134444ebff00,SEPARATOR_DERIVED / STEM_ONLY,3.4713832199546486,SEPARATOR_STEM,NOT_ESTABLISHED
BASS_00013,bass,5.990748299319728,264192,True,SEPARATOR_BASS_STEM,8ca185528ce4c50f7a318fb21e9e49ee68b76c7fbede9e7dace5b61120c46952,d5f2440b-872e-5ed1-a582-134444ebff00,SEPARATOR_DERIVED / STEM_ONLY,5.990748299319728,SEPARATOR_STEM,NOT_ESTABLISHED
BASS_00024,bass,10.32126984126984,455168,True,SEPARATOR_BASS_STEM,8ca185528ce4c50f7a318fb21e9e49ee68b76c7fbede9e7dace5b61120c46952,d5f2440b-872e-5ed1-a582-134444ebff00,SEPARATOR_DERIVED / STEM_ONLY,10.32126984126984,SEPARATOR_STEM,NOT_ESTABLISHED
BASS_00025,bass,10.692789115646258,471552,True,SEPARATOR_BASS_STEM,8ca185528ce4c50f7a318fb21e9e49ee68b76c7fbede9e7dace5b61120c46952,d5f2440b-872e-5ed1-a582-134444ebff00,SEPARATOR_DERIVED / STEM_ONLY,10.692789115646258,SEPARATOR_STEM,NOT_ESTABLISHED
BASS_00027,bass,11.052698412698414,487424,True,SEPARATOR_BASS_STEM,8ca185528ce4c50f7a318fb21e9e49ee68b76c7fbede9e7dace5b61120c46952,d5f2440b-872e-5ed1-a582-134444ebff00,SEPARATOR_DERIVED / STEM_ONLY,11.052698412698414,SEPARATOR_STEM,NOT_ESTABLISHED
BASS_00039,bass,15.429659863945579,680448,True,SEPARATOR_BASS_STEM,8ca185528ce4c50f7a318fb21e9e49ee68b76c7fbede9e7dace5b61120c46952,d5f2440b-872e-5ed1-a582-134444ebff00,SEPARATOR_DERIVED / STEM_ONLY,15.429659863945579,SEPARATOR_STEM,NOT_ESTABLISHED
BASS_00042,bass,17.98385487528345,793088,True,SEPARATOR_BASS_STEM,8ca185528ce4c50f7a318fb21e9e49ee68b76c7fbede9e7dace5b61120c46952,d5f2440b-872e-5ed1-a582-134444ebff00,SEPARATOR_DERIVED / STEM_ONLY,17.98385487528345,SEPARATOR_STEM,NOT_ESTABLISHED
BASS_00043,bass,18.42503401360544,812544,True,SEPARATOR_BASS_STEM,8ca185528ce4c50f7a318fb21e9e49ee68b76c7fbede9e7dace5b61120c46952,d5f2440b-872e-5ed1-a582-134444ebff00,SEPARATOR_DERIVED / STEM_ONLY,18.42503401360544,SEPARATOR_STEM,NOT_ESTABLISHED
BASS_00052,bass,22.76716553287982,1004032,True,SEPARATOR_BASS_STEM,8ca185528ce4c50f7a318fb21e9e49ee68b76c7fbede9e7dace5b61120c46952,d5f2440b-872e-5ed1-a582-134444ebff00,SEPARATOR_DERIVED / STEM_ONLY,22.76716553287982,SEPARATOR_STEM,NOT_ESTABLISHED
BASS_00054,bass,23.486984126984126,1035776,True,SEPARATOR_BASS_STEM,8ca185528ce4c50f7a318fb21e9e49ee68b76c7fbede9e7dace5b61120c46952,d5f2440b-872e-5ed1-a582-134444ebff00,SEPARATOR_DERIVED / STEM_ONLY,23.486984126984126,SEPARATOR_STEM,NOT_ESTABLISHED
BASS_00060,bass,25.692879818594104,1133056,True,SEPARATOR_BASS_STEM,8ca185528ce4c50f7a318fb21e9e49ee68b76c7fbede9e7dace5b61120c46952,d5f2440b-872e-5ed1-a582-134444ebff00,SEPARATOR_DERIVED / STEM_ONLY,25.692879818594104,SEPARATOR_STEM,NOT_ESTABLISHED
BASS_00064,bass,27.875555555555554,1229312,True,SEPARATOR_BASS_STEM,8ca185528ce4c50f7a318fb21e9e49ee68b76c7fbede9e7dace5b61120c46952,d5f2440b-872e-5ed1-a582-134444ebff00,SEPARATOR_DERIVED / STEM_ONLY,27.875555555555554,SEPARATOR_STEM,NOT_ESTABLISHED
BASS_00066,bass,28.966893424036282,1277440,True,SEPARATOR_BASS_STEM,8ca185528ce4c50f7a318fb21e9e49ee68b76c7fbede9e7dace5b61120c46952,d5f2440b-872e-5ed1-a582-134444ebff00,SEPARATOR_DERIVED / STEM_ONLY,28.966893424036282,SEPARATOR_STEM,NOT_ESTABLISHED
BASS_00069,bass,30.418140589569163,1341440,True,SEPARATOR_BASS_STEM,8ca185528ce4c50f7a318fb21e9e49ee68b76c7fbede9e7dace5b61120c46952,d5f2440b-872e-5ed1-a582-134444ebff00,SEPARATOR_DERIVED / STEM_ONLY,30.418140589569163,SEPARATOR_STEM,NOT_ESTABLISHED
BASS_00070,bass,30.731609977324265,1355264,True,SEPARATOR_BASS_STEM,8ca185528ce4c50f7a318fb21e9e49ee68b76c7fbede9e7dace5b61120c46952,d5f2440b-872e-5ed1-a582-134444ebff00,SEPARATOR_DERIVED / STEM_ONLY,30.731609977324265,SEPARATOR_STEM,NOT_ESTABLISHED
BASS_00075,bass,32.229297052154195,1421312,True,SEPARATOR_BASS_STEM,8ca185528ce4c50f7a318fb21e9e49ee68b76c7fbede9e7dace5b61120c46952,d5f2440b-872e-5ed1-a582-134444ebff00,SEPARATOR_DERIVED / STEM_ONLY,32.229297052154195,SEPARATOR_STEM,NOT_ESTABLISHED
BASS_00076,bass,32.35700680272109,1426944,True,SEPARATOR_BASS_STEM,8ca185528ce4c50f7a318fb21e9e49ee68b76c7fbede9e7dace5b61120c46952,d5f2440b-872e-5ed1-a582-134444ebff00,SEPARATOR_DERIVED / STEM_ONLY,32.35700680272109,SEPARATOR_STEM,NOT_ESTABLISHED
BASS_00077,bass,32.57759637188209,1436672,True,SEPARATOR_BASS_STEM,8ca185528ce4c50f7a318fb21e9e49ee68b76c7fbede9e7dace5b61120c46952,d5f2440b-872e-5ed1-a582-134444ebff00,SEPARATOR_DERIVED / STEM_ONLY,32.57759637188209,SEPARATOR_STEM,NOT_ESTABLISHED
BASS_00082,bass,34.42358276643991,1518080,True,SEPARATOR_BASS_STEM,8ca185528ce4c50f7a318fb21e9e49ee68b76c7fbede9e7dace5b61120c46952,d5f2440b-872e-5ed1-a582-134444ebff00,SEPARATOR_DERIVED / STEM_ONLY,34.42358276643991,SEPARATOR_STEM,NOT_ESTABLISHED
BASS_00084,bass,35.131791383219955,1549312,True,SEPARATOR_BASS_STEM,8ca185528ce4c50f7a318fb21e9e49ee68b76c7fbede9e7dace5b61120c46952,d5f2440b-872e-5ed1-a582-134444ebff00,SEPARATOR_DERIVED / STEM_ONLY,35.131791383219955,SEPARATOR_STEM,NOT_ESTABLISHED
BASS_00087,bass,36.85006802721088,1625088,True,SEPARATOR_BASS_STEM,8ca185528ce4c50f7a318fb21e9e49ee68b76c7fbede9e7dace5b61120c46952,d5f2440b-872e-5ed1-a582-134444ebff00,SEPARATOR_DERIVED / STEM_ONLY,36.85006802721088,SEPARATOR_STEM,NOT_ESTABLISHED
BASS_00091,bass,38.47546485260771,1696768,True,SEPARATOR_BASS_STEM,8ca185528ce4c50f7a318fb21e9e49ee68b76c7fbede9e7dace5b61120c46952,d5f2440b-872e-5ed1-a582-134444ebff00,SEPARATOR_DERIVED / STEM_ONLY,38.47546485260771,SEPARATOR_STEM,NOT_ESTABLISHED
BASS_00096,bass,40.85551020408163,1801728,True,SEPARATOR_BASS_STEM,8ca185528ce4c50f7a318fb21e9e49ee68b76c7fbede9e7dace5b61120c46952,d5f2440b-872e-5ed1-a582-134444ebff00,SEPARATOR_DERIVED / STEM_ONLY,40.85551020408163,SEPARATOR_STEM,NOT_ESTABLISHED
BASS_00101,bass,42.49251700680272,1873920,True,SEPARATOR_BASS_STEM,8ca185528ce4c50f7a318fb21e9e49ee68b76c7fbede9e7dace5b61120c46952,d5f2440b-872e-5ed1-a582-134444ebff00,SEPARATOR_DERIVED / STEM_ONLY,42.49251700680272,SEPARATOR_STEM,NOT_ESTABLISHED
BASS_00104,bass,43.97859410430839,1939456,True,SEPARATOR_BASS_STEM,8ca185528ce4c50f7a318fb21e9e49ee68b76c7fbede9e7dace5b61120c46952,d5f2440b-872e-5ed1-a582-134444ebff00,SEPARATOR_DERIVED / STEM_ONLY,43.97859410430839,SEPARATOR_STEM,NOT_ESTABLISHED
BASS_00106,bass,44.33850340136055,1955328,True,SEPARATOR_BASS_STEM,8ca185528ce4c50f7a318fb21e9e49ee68b76c7fbede9e7dace5b61120c46952,d5f2440b-872e-5ed1-a582-134444ebff00,SEPARATOR_DERIVED / STEM_ONLY,44.33850340136055,SEPARATOR_STEM,NOT_ESTABLISHED
BASS_00112,bass,48.576145124716554,2142208,True,SEPARATOR_BASS_STEM,8ca185528ce4c50f7a318fb21e9e49ee68b76c7fbede9e7dace5b61120c46952,d5f2440b-872e-5ed1-a582-134444ebff00,SEPARATOR_DERIVED / STEM_ONLY,48.576145124716554,SEPARATOR_STEM,NOT_ESTABLISHED
BASS_00113,bass,48.92444444444445,2157568,True,SEPARATOR_BASS_STEM,8ca185528ce4c50f7a318fb21e9e49ee68b76c7fbede9e7dace5b61120c46952,d5f2440b-872e-5ed1-a582-134444ebff00,SEPARATOR_DERIVED / STEM_ONLY,48.92444444444445,SEPARATOR_STEM,NOT_ESTABLISHED
BASS_00118,bass,50.43374149659864,2224128,True,SEPARATOR_BASS_STEM,8ca185528ce4c50f7a318fb21e9e49ee68b76c7fbede9e7dace5b61120c46952,d5f2440b-872e-5ed1-a582-134444ebff00,SEPARATOR_DERIVED / STEM_ONLY,50.43374149659864,SEPARATOR_STEM,NOT_ESTABLISHED
BASS_00120,bass,51.5134693877551,2271744,True,SEPARATOR_BASS_STEM,8ca185528ce4c50f7a318fb21e9e49ee68b76c7fbede9e7dace5b61120c46952,d5f2440b-872e-5ed1-a582-134444ebff00,SEPARATOR_DERIVED / STEM_ONLY,51.5134693877551,SEPARATOR_STEM,NOT_ESTABLISHED
BASS_00121,bass,51.88498866213152,2288128,True,SEPARATOR_BASS_STEM,8ca185528ce4c50f7a318fb21e9e49ee68b76c7fbede9e7dace5b61120c46952,d5f2440b-872e-5ed1-a582-134444ebff00,SEPARATOR_DERIVED / STEM_ONLY,51.88498866213152,SEPARATOR_STEM,NOT_ESTABLISHED
BASS_00124,bass,53.35945578231293,2353152,True,SEPARATOR_BASS_STEM,8ca185528ce4c50f7a318fb21e9e49ee68b76c7fbede9e7dace5b61120c46952,d5f2440b-872e-5ed1-a582-134444ebff00,SEPARATOR_DERIVED / STEM_ONLY,53.35945578231293,SEPARATOR_STEM,NOT_ESTABLISHED
BASS_00125,bass,53.730975056689346,2369536,True,SEPARATOR_BASS_STEM,8ca185528ce4c50f7a318fb21e9e49ee68b76c7fbede9e7dace5b61120c46952,d5f2440b-872e-5ed1-a582-134444ebff00,SEPARATOR_DERIVED / STEM_ONLY,53.730975056689346,SEPARATOR_STEM,NOT_ESTABLISHED
BASS_00129,bass,55.414421768707484,2443776,True,SEPARATOR_BASS_STEM,8ca185528ce4c50f7a318fb21e9e49ee68b76c7fbede9e7dace5b61120c46952,d5f2440b-872e-5ed1-a582-134444ebff00,SEPARATOR_DERIVED / STEM_ONLY,55.414421768707484,SEPARATOR_STEM,NOT_ESTABLISHED
BASS_00132,bass,56.91210884353742,2509824,True,SEPARATOR_BASS_STEM,8ca185528ce4c50f7a318fb21e9e49ee68b76c7fbede9e7dace5b61120c46952,d5f2440b-872e-5ed1-a582-134444ebff00,SEPARATOR_DERIVED / STEM_ONLY,56.91210884353742,SEPARATOR_STEM,NOT_ESTABLISHED
BASS_00134,bass,58.44462585034014,2577408,True,SEPARATOR_BASS_STEM,8ca185528ce4c50f7a318fb21e9e49ee68b76c7fbede9e7dace5b61120c46952,d5f2440b-872e-5ed1-a582-134444ebff00,SEPARATOR_DERIVED / STEM_ONLY,58.44462585034014,SEPARATOR_STEM,NOT_ESTABLISHED
BASS_00140,bass,60.97560090702948,2689024,True,SEPARATOR_BASS_STEM,8ca185528ce4c50f7a318fb21e9e49ee68b76c7fbede9e7dace5b61120c46952,d5f2440b-872e-5ed1-a582-134444ebff00,SEPARATOR_DERIVED / STEM_ONLY,60.97560090702948,SEPARATOR_STEM,NOT_ESTABLISHED
BASS_00141,bass,61.265850340136055,2701824,True,SEPARATOR_BASS_STEM,8ca185528ce4c50f7a318fb21e9e49ee68b76c7fbede9e7dace5b61120c46952,d5f2440b-872e-5ed1-a582-134444ebff00,SEPARATOR_DERIVED / STEM_ONLY,61.265850340136055,SEPARATOR_STEM,NOT_ESTABLISHED
BASS_00144,bass,61.9740589569161,2733056,True,SEPARATOR_BASS_STEM,8ca185528ce4c50f7a318fb21e9e49ee68b76c7fbede9e7dace5b61120c46952,d5f2440b-872e-5ed1-a582-134444ebff00,SEPARATOR_DERIVED / STEM_ONLY,61.9740589569161,SEPARATOR_STEM,NOT_ESTABLISHED
BASS_00145,bass,62.09015873015873,2738176,True,SEPARATOR_BASS_STEM,8ca185528ce4c50f7a318fb21e9e49ee68b76c7fbede9e7dace5b61120c46952,d5f2440b-872e-5ed1-a582-134444ebff00,SEPARATOR_DERIVED / STEM_ONLY,62.09015873015873,SEPARATOR_STEM,NOT_ESTABLISHED
BASS_00146,bass,62.20625850340136,2743296,True,SEPARATOR_BASS_STEM,8ca185528ce4c50f7a318fb21e9e49ee68b76c7fbede9e7dace5b61120c46952,d5f2440b-872e-5ed1-a582-134444ebff00,SEPARATOR_DERIVED / STEM_ONLY,62.20625850340136,SEPARATOR_STEM,NOT_ESTABLISHED
BASS_00147,bass,62.83319727891156,2770944,True,SEPARATOR_BASS_STEM,8ca185528ce4c50f7a318fb21e9e49ee68b76c7fbede9e7dace5b61120c46952,d5f2440b-872e-5ed1-a582-134444ebff00,SEPARATOR_DERIVED / STEM_ONLY,62.83319727891156,SEPARATOR_STEM,NOT_ESTABLISHED
BASS_00148,bass,62.94929705215419,2776064,True,SEPARATOR_BASS_STEM,8ca185528ce4c50f7a318fb21e9e49ee68b76c7fbede9e7dace5b61120c46952,d5f2440b-872e-5ed1-a582-134444ebff00,SEPARATOR_DERIVED / STEM_ONLY,62.94929705215419,SEPARATOR_STEM,NOT_ESTABLISHED
BASS_00150,bass,63.901315192743766,2818048,True,SEPARATOR_BASS_STEM,8ca185528ce4c50f7a318fb21e9e49ee68b76c7fbede9e7dace5b61120c46952,d5f2440b-872e-5ed1-a582-134444ebff00,SEPARATOR_DERIVED / STEM_ONLY,63.901315192743766,SEPARATOR_STEM,NOT_ESTABLISHED
BASS_00160,bass,67.83709750566894,2991616,True,SEPARATOR_BASS_STEM,8ca185528ce4c50f7a318fb21e9e49ee68b76c7fbede9e7dace5b61120c46952,d5f2440b-872e-5ed1-a582-134444ebff00,SEPARATOR_DERIVED / STEM_ONLY,67.83709750566894,SEPARATOR_STEM,NOT_ESTABLISHED
BASS_00163,bass,68.95165532879818,3040768,True,SEPARATOR_BASS_STEM,8ca185528ce4c50f7a318fb21e9e49ee68b76c7fbede9e7dace5b61120c46952,d5f2440b-872e-5ed1-a582-134444ebff00,SEPARATOR_DERIVED / STEM_ONLY,68.95165532879818,SEPARATOR_STEM,NOT_ESTABLISHED
BASS_00165,bass,69.67147392290249,3072512,True,SEPARATOR_BASS_STEM,8ca185528ce4c50f7a318fb21e9e49ee68b76c7fbede9e7dace5b61120c46952,d5f2440b-872e-5ed1-a582-134444ebff00,SEPARATOR_DERIVED / STEM_ONLY,69.67147392290249,SEPARATOR_STEM,NOT_ESTABLISHED
BASS_00168,bass,70.72798185941043,3119104,True,SEPARATOR_BASS_STEM,8ca185528ce4c50f7a318fb21e9e49ee68b76c7fbede9e7dace5b61120c46952,d5f2440b-872e-5ed1-a582-134444ebff00,SEPARATOR_DERIVED / STEM_ONLY,70.72798185941043,SEPARATOR_STEM,NOT_ESTABLISHED
BASS_00169,bass,71.09950113378684,3135488,True,SEPARATOR_BASS_STEM,8ca185528ce4c50f7a318fb21e9e49ee68b76c7fbede9e7dace5b61120c46952,d5f2440b-872e-5ed1-a582-134444ebff00,SEPARATOR_DERIVED / STEM_ONLY,71.09950113378684,SEPARATOR_STEM,NOT_ESTABLISHED
BASS_00170,bass,71.35492063492063,3146752,True,SEPARATOR_BASS_STEM,8ca185528ce4c50f7a318fb21e9e49ee68b76c7fbede9e7dace5b61120c46952,d5f2440b-872e-5ed1-a582-134444ebff00,SEPARATOR_DERIVED / STEM_ONLY,71.35492063492063,SEPARATOR_STEM,NOT_ESTABLISHED
BASS_00171,bass,71.44780045351474,3150848,True,SEPARATOR_BASS_STEM,8ca185528ce4c50f7a318fb21e9e49ee68b76c7fbede9e7dace5b61120c46952,d5f2440b-872e-5ed1-a582-134444ebff00,SEPARATOR_DERIVED / STEM_ONLY,71.44780045351474,SEPARATOR_STEM,NOT_ESTABLISHED
BASS_00172,bass,72.16761904761904,3182592,True,SEPARATOR_BASS_STEM,8ca185528ce4c50f7a318fb21e9e49ee68b76c7fbede9e7dace5b61120c46952,d5f2440b-872e-5ed1-a582-134444ebff00,SEPARATOR_DERIVED / STEM_ONLY,72.16761904761904,SEPARATOR_STEM,NOT_ESTABLISHED
BASS_00176,bass,74.23419501133787,3273728,True,SEPARATOR_BASS_STEM,8ca185528ce4c50f7a318fb21e9e49ee68b76c7fbede9e7dace5b61120c46952,d5f2440b-872e-5ed1-a582-134444ebff00,SEPARATOR_DERIVED / STEM_ONLY,74.23419501133787,SEPARATOR_STEM,NOT_ESTABLISHED
BASS_00181,bass,75.77832199546485,3341824,True,SEPARATOR_BASS_STEM,8ca185528ce4c50f7a318fb21e9e49ee68b76c7fbede9e7dace5b61120c46952,d5f2440b-872e-5ed1-a582-134444ebff00,SEPARATOR_DERIVED / STEM_ONLY,75.77832199546485,SEPARATOR_STEM,NOT_ESTABLISHED
BASS_00183,bass,76.48653061224489,3373056,True,SEPARATOR_BASS_STEM,8ca185528ce4c50f7a318fb21e9e49ee68b76c7fbede9e7dace5b61120c46952,d5f2440b-872e-5ed1-a582-134444ebff00,SEPARATOR_DERIVED / STEM_ONLY,76.48653061224489,SEPARATOR_STEM,NOT_ESTABLISHED
BASS_00184,bass,76.86965986394557,3389952,True,SEPARATOR_BASS_STEM,8ca185528ce4c50f7a318fb21e9e49ee68b76c7fbede9e7dace5b61120c46952,d5f2440b-872e-5ed1-a582-134444ebff00,SEPARATOR_DERIVED / STEM_ONLY,76.86965986394557,SEPARATOR_STEM,NOT_ESTABLISHED
BASS_00187,bass,77.57786848072563,3421184,True,SEPARATOR_BASS_STEM,8ca185528ce4c50f7a318fb21e9e49ee68b76c7fbede9e7dace5b61120c46952,d5f2440b-872e-5ed1-a582-134444ebff00,SEPARATOR_DERIVED / STEM_ONLY,77.57786848072563,SEPARATOR_STEM,NOT_ESTABLISHED
BASS_00190,bass,78.64598639455782,3468288,True,SEPARATOR_BASS_STEM,8ca185528ce4c50f7a318fb21e9e49ee68b76c7fbede9e7dace5b61120c46952,d5f2440b-872e-5ed1-a582-134444ebff00,SEPARATOR_DERIVED / STEM_ONLY,78.64598639455782,SEPARATOR_STEM,NOT_ESTABLISHED
BASS_00191,bass,80.45714285714286,3548160,True,SEPARATOR_BASS_STEM,8ca185528ce4c50f7a318fb21e9e49ee68b76c7fbede9e7dace5b61120c46952,d5f2440b-872e-5ed1-a582-134444ebff00,SEPARATOR_DERIVED / STEM_ONLY,80.45714285714286,SEPARATOR_STEM,NOT_ESTABLISHED
BASS_00192,bass,80.88671201814059,3567104,True,SEPARATOR_BASS_STEM,8ca185528ce4c50f7a318fb21e9e49ee68b76c7fbede9e7dace5b61120c46952,d5f2440b-872e-5ed1-a582-134444ebff00,SEPARATOR_DERIVED / STEM_ONLY,80.88671201814059,SEPARATOR_STEM,NOT_ESTABLISHED
BASS_00195,bass,81.72263038548753,3603968,True,SEPARATOR_BASS_STEM,8ca185528ce4c50f7a318fb21e9e49ee68b76c7fbede9e7dace5b61120c46952,d5f2440b-872e-5ed1-a582-134444ebff00,SEPARATOR_DERIVED / STEM_ONLY,81.72263038548753,SEPARATOR_STEM,NOT_ESTABLISHED
BASS_00198,bass,82.96489795918367,3658752,True,SEPARATOR_BASS_STEM,8ca185528ce4c50f7a318fb21e9e49ee68b76c7fbede9e7dace5b61120c46952,d5f2440b-872e-5ed1-a582-134444ebff00,SEPARATOR_DERIVED / STEM_ONLY,82.96489795918367,SEPARATOR_STEM,NOT_ESTABLISHED
BASS_00207,bass,86.22730158730158,3802624,True,SEPARATOR_BASS_STEM,8ca185528ce4c50f7a318fb21e9e49ee68b76c7fbede9e7dace5b61120c46952,d5f2440b-872e-5ed1-a582-134444ebff00,SEPARATOR_DERIVED / STEM_ONLY,86.22730158730158,SEPARATOR_STEM,NOT_ESTABLISHED
BASS_00211,bass,87.31863945578232,3850752,True,SEPARATOR_BASS_STEM,8ca185528ce4c50f7a318fb21e9e49ee68b76c7fbede9e7dace5b61120c46952,d5f2440b-872e-5ed1-a582-134444ebff00,SEPARATOR_DERIVED / STEM_ONLY,87.31863945578232,SEPARATOR_STEM,NOT_ESTABLISHED
BASS_00212,bass,87.69015873015873,3867136,True,SEPARATOR_BASS_STEM,8ca185528ce4c50f7a318fb21e9e49ee68b76c7fbede9e7dace5b61120c46952,d5f2440b-872e-5ed1-a582-134444ebff00,SEPARATOR_DERIVED / STEM_ONLY,87.69015873015873,SEPARATOR_STEM,NOT_ESTABLISHED
BASS_00213,bass,88.06167800453515,3883520,True,SEPARATOR_BASS_STEM,8ca185528ce4c50f7a318fb21e9e49ee68b76c7fbede9e7dace5b61120c46952,d5f2440b-872e-5ed1-a582-134444ebff00,SEPARATOR_DERIVED / STEM_ONLY,88.06167800453515,SEPARATOR_STEM,NOT_ESTABLISHED
BASS_00214,bass,88.40997732426304,3898880,True,SEPARATOR_BASS_STEM,8ca185528ce4c50f7a318fb21e9e49ee68b76c7fbede9e7dace5b61120c46952,d5f2440b-872e-5ed1-a582-134444ebff00,SEPARATOR_DERIVED / STEM_ONLY,88.40997732426304,SEPARATOR_STEM,NOT_ESTABLISHED
BASS_00217,bass,89.83800453514739,3961856,True,SEPARATOR_BASS_STEM,8ca185528ce4c50f7a318fb21e9e49ee68b76c7fbede9e7dace5b61120c46952,d5f2440b-872e-5ed1-a582-134444ebff00,SEPARATOR_DERIVED / STEM_ONLY,89.83800453514739,SEPARATOR_STEM,NOT_ESTABLISHED
BASS_00218,bass,90.18630385487528,3977216,True,SEPARATOR_BASS_STEM,8ca185528ce4c50f7a318fb21e9e49ee68b76c7fbede9e7dace5b61120c46952,d5f2440b-872e-5ed1-a582-134444ebff00,SEPARATOR_DERIVED / STEM_ONLY,90.18630385487528,SEPARATOR_STEM,NOT_ESTABLISHED
BASS_00228,bass,93.66929705215419,4130816,True,SEPARATOR_BASS_STEM,8ca185528ce4c50f7a318fb21e9e49ee68b76c7fbede9e7dace5b61120c46952,d5f2440b-872e-5ed1-a582-134444ebff00,SEPARATOR_DERIVED / STEM_ONLY,93.66929705215419,SEPARATOR_STEM,NOT_ESTABLISHED
BASS_00229,bass,93.7621768707483,4134912,True,SEPARATOR_BASS_STEM,8ca185528ce4c50f7a318fb21e9e49ee68b76c7fbede9e7dace5b61120c46952,d5f2440b-872e-5ed1-a582-134444ebff00,SEPARATOR_DERIVED / STEM_ONLY,93.7621768707483,SEPARATOR_STEM,NOT_ESTABLISHED
BASS_00231,bass,94.86512471655328,4183552,True,SEPARATOR_BASS_STEM,8ca185528ce4c50f7a318fb21e9e49ee68b76c7fbede9e7dace5b61120c46952,d5f2440b-872e-5ed1-a582-134444ebff00,SEPARATOR_DERIVED / STEM_ONLY,94.86512471655328,SEPARATOR_STEM,NOT_ESTABLISHED
BASS_00235,bass,96.32798185941043,4248064,True,SEPARATOR_BASS_STEM,8ca185528ce4c50f7a318fb21e9e49ee68b76c7fbede9e7dace5b61120c46952,d5f2440b-872e-5ed1-a582-134444ebff00,SEPARATOR_DERIVED / STEM_ONLY,96.32798185941043,SEPARATOR_STEM,NOT_ESTABLISHED
BASS_00237,bass,97.04780045351474,4279808,True,SEPARATOR_BASS_STEM,8ca185528ce4c50f7a318fb21e9e49ee68b76c7fbede9e7dace5b61120c46952,d5f2440b-872e-5ed1-a582-134444ebff00,SEPARATOR_DERIVED / STEM_ONLY,97.04780045351474,SEPARATOR_STEM,NOT_ESTABLISHED
BASS_00238,bass,97.7792290249433,4312064,True,SEPARATOR_BASS_STEM,8ca185528ce4c50f7a318fb21e9e49ee68b76c7fbede9e7dace5b61120c46952,d5f2440b-872e-5ed1-a582-134444ebff00,SEPARATOR_DERIVED / STEM_ONLY,97.7792290249433,SEPARATOR_STEM,NOT_ESTABLISHED
BASS_00240,bass,98.51065759637189,4344320,True,SEPARATOR_BASS_STEM,8ca185528ce4c50f7a318fb21e9e49ee68b76c7fbede9e7dace5b61120c46952,d5f2440b-872e-5ed1-a582-134444ebff00,SEPARATOR_DERIVED / STEM_ONLY,98.51065759637189,SEPARATOR_STEM,NOT_ESTABLISHED
BASS_00242,bass,99.2304761904762,4376064,True,SEPARATOR_BASS_STEM,8ca185528ce4c50f7a318fb21e9e49ee68b76c7fbede9e7dace5b61120c46952,d5f2440b-872e-5ed1-a582-134444ebff00,SEPARATOR_DERIVED / STEM_ONLY,99.2304761904762,SEPARATOR_STEM,NOT_ESTABLISHED
BASS_00248,bass,101.42476190476191,4472832,True,SEPARATOR_BASS_STEM,8ca185528ce4c50f7a318fb21e9e49ee68b76c7fbede9e7dace5b61120c46952,d5f2440b-872e-5ed1-a582-134444ebff00,SEPARATOR_DERIVED / STEM_ONLY,101.42476190476191,SEPARATOR_STEM,NOT_ESTABLISHED
BASS_00250,bass,102.15619047619047,4505088,True,SEPARATOR_BASS_STEM,8ca185528ce4c50f7a318fb21e9e49ee68b76c7fbede9e7dace5b61120c46952,d5f2440b-872e-5ed1-a582-134444ebff00,SEPARATOR_DERIVED / STEM_ONLY,102.15619047619047,SEPARATOR_STEM,NOT_ESTABLISHED
BASS_00253,bass,102.85278911564626,4535808,True,SEPARATOR_BASS_STEM,8ca185528ce4c50f7a318fb21e9e49ee68b76c7fbede9e7dace5b61120c46952,d5f2440b-872e-5ed1-a582-134444ebff00,SEPARATOR_DERIVED / STEM_ONLY,102.85278911564626,SEPARATOR_STEM,NOT_ESTABLISHED
BASS_00256,bass,103.80480725623583,4577792,True,SEPARATOR_BASS_STEM,8ca185528ce4c50f7a318fb21e9e49ee68b76c7fbede9e7dace5b61120c46952,d5f2440b-872e-5ed1-a582-134444ebff00,SEPARATOR_DERIVED / STEM_ONLY,103.80480725623583,SEPARATOR_STEM,NOT_ESTABLISHED
BASS_00259,bass,105.05868480725624,4633088,True,SEPARATOR_BASS_STEM,8ca185528ce4c50f7a318fb21e9e49ee68b76c7fbede9e7dace5b61120c46952,d5f2440b-872e-5ed1-a582-134444ebff00,SEPARATOR_DERIVED / STEM_ONLY,105.05868480725624,SEPARATOR_STEM,NOT_ESTABLISHED
BASS_00261,bass,105.66240362811791,4659712,True,SEPARATOR_BASS_STEM,8ca185528ce4c50f7a318fb21e9e49ee68b76c7fbede9e7dace5b61120c46952,d5f2440b-872e-5ed1-a582-134444ebff00,SEPARATOR_DERIVED / STEM_ONLY,105.66240362811791,SEPARATOR_STEM,NOT_ESTABLISHED
BASS_00262,bass,105.75528344671201,4663808,True,SEPARATOR_BASS_STEM,8ca185528ce4c50f7a318fb21e9e49ee68b76c7fbede9e7dace5b61120c46952,d5f2440b-872e-5ed1-a582-134444ebff00,SEPARATOR_DERIVED / STEM_ONLY,105.75528344671201,SEPARATOR_STEM,NOT_ESTABLISHED
BASS_00264,bass,106.46349206349207,4695040,True,SEPARATOR_BASS_STEM,8ca185528ce4c50f7a318fb21e9e49ee68b76c7fbede9e7dace5b61120c46952,d5f2440b-872e-5ed1-a582-134444ebff00,SEPARATOR_DERIVED / STEM_ONLY,106.46349206349207,SEPARATOR_STEM,NOT_ESTABLISHED
BASS_00268,bass,108.18176870748299,4770816,True,SEPARATOR_BASS_STEM,8ca185528ce4c50f7a318fb21e9e49ee68b76c7fbede9e7dace5b61120c46952,d5f2440b-872e-5ed1-a582-134444ebff00,SEPARATOR_DERIVED / STEM_ONLY,108.18176870748299,SEPARATOR_STEM,NOT_ESTABLISHED
BASS_00269,bass,108.21659863945578,4772352,True,SEPARATOR_BASS_STEM,8ca185528ce4c50f7a318fb21e9e49ee68b76c7fbede9e7dace5b61120c46952,d5f2440b-872e-5ed1-a582-134444ebff00,SEPARATOR_DERIVED / STEM_ONLY,108.21659863945578,SEPARATOR_STEM,NOT_ESTABLISHED
BASS_00271,bass,108.56489795918367,4787712,True,SEPARATOR_BASS_STEM,8ca185528ce4c50f7a318fb21e9e49ee68b76c7fbede9e7dace5b61120c46952,d5f2440b-872e-5ed1-a582-134444ebff00,SEPARATOR_DERIVED / STEM_ONLY,108.56489795918367,SEPARATOR_STEM,NOT_ESTABLISHED
BASS_00275,bass,109.99292517006803,4850688,True,SEPARATOR_BASS_STEM,8ca185528ce4c50f7a318fb21e9e49ee68b76c7fbede9e7dace5b61120c46952,d5f2440b-872e-5ed1-a582-134444ebff00,SEPARATOR_DERIVED / STEM_ONLY,109.99292517006803,SEPARATOR_STEM,NOT_ESTABLISHED
BASS_00276,bass,110.36444444444444,4867072,True,SEPARATOR_BASS_STEM,8ca185528ce4c50f7a318fb21e9e49ee68b76c7fbede9e7dace5b61120c46952,d5f2440b-872e-5ed1-a582-134444ebff00,SEPARATOR_DERIVED / STEM_ONLY,110.36444444444444,SEPARATOR_STEM,NOT_ESTABLISHED
BASS_00279,bass,111.07265306122449,4898304,True,SEPARATOR_BASS_STEM,8ca185528ce4c50f7a318fb21e9e49ee68b76c7fbede9e7dace5b61120c46952,d5f2440b-872e-5ed1-a582-134444ebff00,SEPARATOR_DERIVED / STEM_ONLY,111.07265306122449,SEPARATOR_STEM,NOT_ESTABLISHED
BASS_00282,bass,111.7924716553288,4930048,True,SEPARATOR_BASS_STEM,8ca185528ce4c50f7a318fb21e9e49ee68b76c7fbede9e7dace5b61120c46952,d5f2440b-872e-5ed1-a582-134444ebff00,SEPARATOR_DERIVED / STEM_ONLY,111.7924716553288,SEPARATOR_STEM,NOT_ESTABLISHED
BASS_00284,bass,112.43102040816326,4958208,True,SEPARATOR_BASS_STEM,8ca185528ce4c50f7a318fb21e9e49ee68b76c7fbede9e7dace5b61120c46952,d5f2440b-872e-5ed1-a582-134444ebff00,SEPARATOR_DERIVED / STEM_ONLY,112.43102040816326,SEPARATOR_STEM,NOT_ESTABLISHED
BASS_00286,bass,113.24371882086167,4994048,True,SEPARATOR_BASS_STEM,8ca185528ce4c50f7a318fb21e9e49ee68b76c7fbede9e7dace5b61120c46952,d5f2440b-872e-5ed1-a582-134444ebff00,SEPARATOR_DERIVED / STEM_ONLY,113.24371882086167,SEPARATOR_STEM,NOT_ESTABLISHED
BASS_00287,bass,113.62684807256235,5010944,True,SEPARATOR_BASS_STEM,8ca185528ce4c50f7a318fb21e9e49ee68b76c7fbede9e7dace5b61120c46952,d5f2440b-872e-5ed1-a582-134444ebff00,SEPARATOR_DERIVED / STEM_ONLY,113.62684807256235,SEPARATOR_STEM,NOT_ESTABLISHED
BASS_00288,bass,113.97514739229025,5026304,True,SEPARATOR_BASS_STEM,8ca185528ce4c50f7a318fb21e9e49ee68b76c7fbede9e7dace5b61120c46952,d5f2440b-872e-5ed1-a582-134444ebff00,SEPARATOR_DERIVED / STEM_ONLY,113.97514739229025,SEPARATOR_STEM,NOT_ESTABLISHED
BASS_00289,bass,114.69496598639456,5058048,True,SEPARATOR_BASS_STEM,8ca185528ce4c50f7a318fb21e9e49ee68b76c7fbede9e7dace5b61120c46952,d5f2440b-872e-5ed1-a582-134444ebff00,SEPARATOR_DERIVED / STEM_ONLY,114.69496598639456,SEPARATOR_STEM,NOT_ESTABLISHED
BASS_00293,bass,116.54095238095238,5139456,True,SEPARATOR_BASS_STEM,8ca185528ce4c50f7a318fb21e9e49ee68b76c7fbede9e7dace5b61120c46952,d5f2440b-872e-5ed1-a582-134444ebff00,SEPARATOR_DERIVED / STEM_ONLY,116.54095238095238,SEPARATOR_STEM,NOT_ESTABLISHED
BASS_00298,bass,118.2940589569161,5216768,True,SEPARATOR_BASS_STEM,8ca185528ce4c50f7a318fb21e9e49ee68b76c7fbede9e7dace5b61120c46952,d5f2440b-872e-5ed1-a582-134444ebff00,SEPARATOR_DERIVED / STEM_ONLY,118.2940589569161,SEPARATOR_STEM,NOT_ESTABLISHED
BASS_00300,bass,119.93106575963719,5288960,True,SEPARATOR_BASS_STEM,8ca185528ce4c50f7a318fb21e9e49ee68b76c7fbede9e7dace5b61120c46952,d5f2440b-872e-5ed1-a582-134444ebff00,SEPARATOR_DERIVED / STEM_ONLY,119.93106575963719,SEPARATOR_STEM,NOT_ESTABLISHED
BASS_00301,bass,119.97750566893424,5291008,True,SEPARATOR_BASS_STEM,8ca185528ce4c50f7a318fb21e9e49ee68b76c7fbede9e7dace5b61120c46952,d5f2440b-872e-5ed1-a582-134444ebff00,SEPARATOR_DERIVED / STEM_ONLY,119.97750566893424,SEPARATOR_STEM,NOT_ESTABLISHED
BASS_00302,bass,120.97596371882086,5335040,True,SEPARATOR_BASS_STEM,8ca185528ce4c50f7a318fb21e9e49ee68b76c7fbede9e7dace5b61120c46952,d5f2440b-872e-5ed1-a582-134444ebff00,SEPARATOR_DERIVED / STEM_ONLY,120.97596371882086,SEPARATOR_STEM,NOT_ESTABLISHED
BASS_00307,bass,123.07736961451248,5427712,True,SEPARATOR_BASS_STEM,8ca185528ce4c50f7a318fb21e9e49ee68b76c7fbede9e7dace5b61120c46952,d5f2440b-872e-5ed1-a582-134444ebff00,SEPARATOR_DERIVED / STEM_ONLY,123.07736961451248,SEPARATOR_STEM,NOT_ESTABLISHED
BASS_00314,bass,125.61995464852608,5539840,True,SEPARATOR_BASS_STEM,8ca185528ce4c50f7a318fb21e9e49ee68b76c7fbede9e7dace5b61120c46952,d5f2440b-872e-5ed1-a582-134444ebff00,SEPARATOR_DERIVED / STEM_ONLY,125.61995464852608,SEPARATOR_STEM,NOT_ESTABLISHED
BASS_00315,bass,125.96825396825396,5555200,True,SEPARATOR_BASS_STEM,8ca185528ce4c50f7a318fb21e9e49ee68b76c7fbede9e7dace5b61120c46952,d5f2440b-872e-5ed1-a582-134444ebff00,SEPARATOR_DERIVED / STEM_ONLY,125.96825396825396,SEPARATOR_STEM,NOT_ESTABLISHED
BASS_00316,bass,126.1191836734694,5561856,True,SEPARATOR_BASS_STEM,8ca185528ce4c50f7a318fb21e9e49ee68b76c7fbede9e7dace5b61120c46952,d5f2440b-872e-5ed1-a582-134444ebff00,SEPARATOR_DERIVED / STEM_ONLY,126.1191836734694,SEPARATOR_STEM,NOT_ESTABLISHED
BASS_00317,bass,126.21206349206349,5565952,True,SEPARATOR_BASS_STEM,8ca185528ce4c50f7a318fb21e9e49ee68b76c7fbede9e7dace5b61120c46952,d5f2440b-872e-5ed1-a582-134444ebff00,SEPARATOR_DERIVED / STEM_ONLY,126.21206349206349,SEPARATOR_STEM,NOT_ESTABLISHED
BASS_00318,bass,126.32816326530612,5571072,True,SEPARATOR_BASS_STEM,8ca185528ce4c50f7a318fb21e9e49ee68b76c7fbede9e7dace5b61120c46952,d5f2440b-872e-5ed1-a582-134444ebff00,SEPARATOR_DERIVED / STEM_ONLY,126.32816326530612,SEPARATOR_STEM,NOT_ESTABLISHED
BASS_00322,bass,127.17569160997732,5608448,True,SEPARATOR_BASS_STEM,8ca185528ce4c50f7a318fb21e9e49ee68b76c7fbede9e7dace5b61120c46952,d5f2440b-872e-5ed1-a582-134444ebff00,SEPARATOR_DERIVED / STEM_ONLY,127.17569160997732,SEPARATOR_STEM,NOT_ESTABLISHED
BASS_00326,bass,128.46439909297052,5665280,True,SEPARATOR_BASS_STEM,8ca185528ce4c50f7a318fb21e9e49ee68b76c7fbede9e7dace5b61120c46952,d5f2440b-872e-5ed1-a582-134444ebff00,SEPARATOR_DERIVED / STEM_ONLY,128.46439909297052,SEPARATOR_STEM,NOT_ESTABLISHED
BASS_00327,bass,128.83591836734695,5681664,True,SEPARATOR_BASS_STEM,8ca185528ce4c50f7a318fb21e9e49ee68b76c7fbede9e7dace5b61120c46952,d5f2440b-872e-5ed1-a582-134444ebff00,SEPARATOR_DERIVED / STEM_ONLY,128.83591836734695,SEPARATOR_STEM,NOT_ESTABLISHED
BASS_00329,bass,129.5673469387755,5713920,True,SEPARATOR_BASS_STEM,8ca185528ce4c50f7a318fb21e9e49ee68b76c7fbede9e7dace5b61120c46952,d5f2440b-872e-5ed1-a582-134444ebff00,SEPARATOR_DERIVED / STEM_ONLY,129.5673469387755,SEPARATOR_STEM,NOT_ESTABLISHED
BASS_00332,bass,130.6702947845805,5762560,True,SEPARATOR_BASS_STEM,8ca185528ce4c50f7a318fb21e9e49ee68b76c7fbede9e7dace5b61120c46952,d5f2440b-872e-5ed1-a582-134444ebff00,SEPARATOR_DERIVED / STEM_ONLY,130.6702947845805,SEPARATOR_STEM,NOT_ESTABLISHED
BASS_00333,bass,130.91410430839002,5773312,True,SEPARATOR_BASS_STEM,8ca185528ce4c50f7a318fb21e9e49ee68b76c7fbede9e7dace5b61120c46952,d5f2440b-872e-5ed1-a582-134444ebff00,SEPARATOR_DERIVED / STEM_ONLY,130.91410430839002,SEPARATOR_STEM,NOT_ESTABLISHED
BASS_00337,bass,131.84290249433107,5814272,True,SEPARATOR_BASS_STEM,8ca185528ce4c50f7a318fb21e9e49ee68b76c7fbede9e7dace5b61120c46952,d5f2440b-872e-5ed1-a582-134444ebff00,SEPARATOR_DERIVED / STEM_ONLY,131.84290249433107,SEPARATOR_STEM,NOT_ESTABLISHED
BASS_00338,bass,131.91256235827663,5817344,True,SEPARATOR_BASS_STEM,8ca185528ce4c50f7a318fb21e9e49ee68b76c7fbede9e7dace5b61120c46952,d5f2440b-872e-5ed1-a582-134444ebff00,SEPARATOR_DERIVED / STEM_ONLY,131.91256235827663,SEPARATOR_STEM,NOT_ESTABLISHED
BASS_00341,bass,133.14321995464852,5871616,True,SEPARATOR_BASS_STEM,8ca185528ce4c50f7a318fb21e9e49ee68b76c7fbede9e7dace5b61120c46952,d5f2440b-872e-5ed1-a582-134444ebff00,SEPARATOR_DERIVED / STEM_ONLY,133.14321995464852,SEPARATOR_STEM,NOT_ESTABLISHED
BASS_00342,bass,133.49151927437643,5886976,True,SEPARATOR_BASS_STEM,8ca185528ce4c50f7a318fb21e9e49ee68b76c7fbede9e7dace5b61120c46952,d5f2440b-872e-5ed1-a582-134444ebff00,SEPARATOR_DERIVED / STEM_ONLY,133.49151927437643,SEPARATOR_STEM,NOT_ESTABLISHED
BASS_00356,bass,138.59990929705216,6112256,True,SEPARATOR_BASS_STEM,8ca185528ce4c50f7a318fb21e9e49ee68b76c7fbede9e7dace5b61120c46952,d5f2440b-872e-5ed1-a582-134444ebff00,SEPARATOR_DERIVED / STEM_ONLY,138.59990929705216,SEPARATOR_STEM,NOT_ESTABLISHED
BASS_00357,bass,138.87854875283446,6124544,True,SEPARATOR_BASS_STEM,8ca185528ce4c50f7a318fb21e9e49ee68b76c7fbede9e7dace5b61120c46952,d5f2440b-872e-5ed1-a582-134444ebff00,SEPARATOR_DERIVED / STEM_ONLY,138.87854875283446,SEPARATOR_STEM,NOT_ESTABLISHED
BASS_00362,bass,140.34140589569162,6189056,True,SEPARATOR_BASS_STEM,8ca185528ce4c50f7a318fb21e9e49ee68b76c7fbede9e7dace5b61120c46952,d5f2440b-872e-5ed1-a582-134444ebff00,SEPARATOR_DERIVED / STEM_ONLY,140.34140589569162,SEPARATOR_STEM,NOT_ESTABLISHED
BASS_00368,bass,142.5124716553288,6284800,True,SEPARATOR_BASS_STEM,8ca185528ce4c50f7a318fb21e9e49ee68b76c7fbede9e7dace5b61120c46952,d5f2440b-872e-5ed1-a582-134444ebff00,SEPARATOR_DERIVED / STEM_ONLY,142.5124716553288,SEPARATOR_STEM,NOT_ESTABLISHED
BASS_00372,bass,144.34684807256235,6365696,True,SEPARATOR_BASS_STEM,8ca185528ce4c50f7a318fb21e9e49ee68b76c7fbede9e7dace5b61120c46952,d5f2440b-872e-5ed1-a582-134444ebff00,SEPARATOR_DERIVED / STEM_ONLY,144.34684807256235,SEPARATOR_STEM,NOT_ESTABLISHED
BASS_00373,bass,144.7067573696145,6381568,True,SEPARATOR_BASS_STEM,8ca185528ce4c50f7a318fb21e9e49ee68b76c7fbede9e7dace5b61120c46952,d5f2440b-872e-5ed1-a582-134444ebff00,SEPARATOR_DERIVED / STEM_ONLY,144.7067573696145,SEPARATOR_STEM,NOT_ESTABLISHED
BASS_00374,bass,145.07827664399093,6397952,True,SEPARATOR_BASS_STEM,8ca185528ce4c50f7a318fb21e9e49ee68b76c7fbede9e7dace5b61120c46952,d5f2440b-872e-5ed1-a582-134444ebff00,SEPARATOR_DERIVED / STEM_ONLY,145.07827664399093,SEPARATOR_STEM,NOT_ESTABLISHED
BASS_00375,bass,145.32208616780045,6408704,True,SEPARATOR_BASS_STEM,8ca185528ce4c50f7a318fb21e9e49ee68b76c7fbede9e7dace5b61120c46952,d5f2440b-872e-5ed1-a582-134444ebff00,SEPARATOR_DERIVED / STEM_ONLY,145.32208616780045,SEPARATOR_STEM,NOT_ESTABLISHED
BASS_00377,bass,145.78648526077097,6429184,True,SEPARATOR_BASS_STEM,8ca185528ce4c50f7a318fb21e9e49ee68b76c7fbede9e7dace5b61120c46952,d5f2440b-872e-5ed1-a582-134444ebff00,SEPARATOR_DERIVED / STEM_ONLY,145.78648526077097,SEPARATOR_STEM,NOT_ESTABLISHED
BASS_00378,bass,145.97224489795917,6437376,True,SEPARATOR_BASS_STEM,8ca185528ce4c50f7a318fb21e9e49ee68b76c7fbede9e7dace5b61120c46952,d5f2440b-872e-5ed1-a582-134444ebff00,SEPARATOR_DERIVED / STEM_ONLY,145.97224489795917,SEPARATOR_STEM,NOT_ESTABLISHED
BASS_00380,bass,146.35537414965987,6454272,True,SEPARATOR_BASS_STEM,8ca185528ce4c50f7a318fb21e9e49ee68b76c7fbede9e7dace5b61120c46952,d5f2440b-872e-5ed1-a582-134444ebff00,SEPARATOR_DERIVED / STEM_ONLY,146.35537414965987,SEPARATOR_STEM,NOT_ESTABLISHED
BASS_00381,bass,146.5643537414966,6463488,True,SEPARATOR_BASS_STEM,8ca185528ce4c50f7a318fb21e9e49ee68b76c7fbede9e7dace5b61120c46952,d5f2440b-872e-5ed1-a582-134444ebff00,SEPARATOR_DERIVED / STEM_ONLY,146.5643537414966,SEPARATOR_STEM,NOT_ESTABLISHED
BASS_00397,bass,148.99083900226756,6570496,True,SEPARATOR_BASS_STEM,8ca185528ce4c50f7a318fb21e9e49ee68b76c7fbede9e7dace5b61120c46952,d5f2440b-872e-5ed1-a582-134444ebff00,SEPARATOR_DERIVED / STEM_ONLY,148.99083900226756,SEPARATOR_STEM,NOT_ESTABLISHED
BASS_00399,bass,149.22303854875284,6580736,True,SEPARATOR_BASS_STEM,8ca185528ce4c50f7a318fb21e9e49ee68b76c7fbede9e7dace5b61120c46952,d5f2440b-872e-5ed1-a582-134444ebff00,SEPARATOR_DERIVED / STEM_ONLY,149.22303854875284,SEPARATOR_STEM,NOT_ESTABLISHED
BASS_00410,bass,152.29968253968255,6716416,True,SEPARATOR_BASS_STEM,8ca185528ce4c50f7a318fb21e9e49ee68b76c7fbede9e7dace5b61120c46952,d5f2440b-872e-5ed1-a582-134444ebff00,SEPARATOR_DERIVED / STEM_ONLY,152.29968253968255,SEPARATOR_STEM,NOT_ESTABLISHED
BASS_00415,bass,154.1340589569161,6797312,True,SEPARATOR_BASS_STEM,8ca185528ce4c50f7a318fb21e9e49ee68b76c7fbede9e7dace5b61120c46952,d5f2440b-872e-5ed1-a582-134444ebff00,SEPARATOR_DERIVED / STEM_ONLY,154.1340589569161,SEPARATOR_STEM,NOT_ESTABLISHED
BASS_00416,bass,154.3894784580499,6808576,True,SEPARATOR_BASS_STEM,8ca185528ce4c50f7a318fb21e9e49ee68b76c7fbede9e7dace5b61120c46952,d5f2440b-872e-5ed1-a582-134444ebff00,SEPARATOR_DERIVED / STEM_ONLY,154.3894784580499,SEPARATOR_STEM,NOT_ESTABLISHED
BASS_00421,bass,155.5504761904762,6859776,True,SEPARATOR_BASS_STEM,8ca185528ce4c50f7a318fb21e9e49ee68b76c7fbede9e7dace5b61120c46952,d5f2440b-872e-5ed1-a582-134444ebff00,SEPARATOR_DERIVED / STEM_ONLY,155.5504761904762,SEPARATOR_STEM,NOT_ESTABLISHED
BASS_00425,bass,156.94367346938776,6921216,True,SEPARATOR_BASS_STEM,8ca185528ce4c50f7a318fb21e9e49ee68b76c7fbede9e7dace5b61120c46952,d5f2440b-872e-5ed1-a582-134444ebff00,SEPARATOR_DERIVED / STEM_ONLY,156.94367346938776,SEPARATOR_STEM,NOT_ESTABLISHED
BASS_00426,bass,157.00172335600908,6923776,True,SEPARATOR_BASS_STEM,8ca185528ce4c50f7a318fb21e9e49ee68b76c7fbede9e7dace5b61120c46952,d5f2440b-872e-5ed1-a582-134444ebff00,SEPARATOR_DERIVED / STEM_ONLY,157.00172335600908,SEPARATOR_STEM,NOT_ESTABLISHED
BASS_00427,bass,157.14104308390023,6929920,True,SEPARATOR_BASS_STEM,8ca185528ce4c50f7a318fb21e9e49ee68b76c7fbede9e7dace5b61120c46952,d5f2440b-872e-5ed1-a582-134444ebff00,SEPARATOR_DERIVED / STEM_ONLY,157.14104308390023,SEPARATOR_STEM,NOT_ESTABLISHED
BASS_00431,bass,158.36009070294784,6983680,True,SEPARATOR_BASS_STEM,8ca185528ce4c50f7a318fb21e9e49ee68b76c7fbede9e7dace5b61120c46952,d5f2440b-872e-5ed1-a582-134444ebff00,SEPARATOR_DERIVED / STEM_ONLY,158.36009070294784,SEPARATOR_STEM,NOT_ESTABLISHED
BASS_00432,bass,158.48780045351475,6989312,True,SEPARATOR_BASS_STEM,8ca185528ce4c50f7a318fb21e9e49ee68b76c7fbede9e7dace5b61120c46952,d5f2440b-872e-5ed1-a582-134444ebff00,SEPARATOR_DERIVED / STEM_ONLY,158.48780045351475,SEPARATOR_STEM,NOT_ESTABLISHED
BASS_00437,bass,160.20607709750567,7065088,True,SEPARATOR_BASS_STEM,8ca185528ce4c50f7a318fb21e9e49ee68b76c7fbede9e7dace5b61120c46952,d5f2440b-872e-5ed1-a582-134444ebff00,SEPARATOR_DERIVED / STEM_ONLY,160.20607709750567,SEPARATOR_STEM,NOT_ESTABLISHED
BASS_00450,bass,163.22467120181406,7198208,True,SEPARATOR_BASS_STEM,8ca185528ce4c50f7a318fb21e9e49ee68b76c7fbede9e7dace5b61120c46952,d5f2440b-872e-5ed1-a582-134444ebff00,SEPARATOR_DERIVED / STEM_ONLY,163.22467120181406,SEPARATOR_STEM,NOT_ESTABLISHED
BASS_00451,bass,163.42204081632653,7206912,True,SEPARATOR_BASS_STEM,8ca185528ce4c50f7a318fb21e9e49ee68b76c7fbede9e7dace5b61120c46952,d5f2440b-872e-5ed1-a582-134444ebff00,SEPARATOR_DERIVED / STEM_ONLY,163.42204081632653,SEPARATOR_STEM,NOT_ESTABLISHED
BASS_00453,bass,163.56136054421768,7213056,True,SEPARATOR_BASS_STEM,8ca185528ce4c50f7a318fb21e9e49ee68b76c7fbede9e7dace5b61120c46952,d5f2440b-872e-5ed1-a582-134444ebff00,SEPARATOR_DERIVED / STEM_ONLY,163.56136054421768,SEPARATOR_STEM,NOT_ESTABLISHED
BASS_00458,bass,165.0009977324263,7276544,True,SEPARATOR_BASS_STEM,8ca185528ce4c50f7a318fb21e9e49ee68b76c7fbede9e7dace5b61120c46952,d5f2440b-872e-5ed1-a582-134444ebff00,SEPARATOR_DERIVED / STEM_ONLY,165.0009977324263,SEPARATOR_STEM,NOT_ESTABLISHED
BASS_00460,bass,165.7556462585034,7309824,True,SEPARATOR_BASS_STEM,8ca185528ce4c50f7a318fb21e9e49ee68b76c7fbede9e7dace5b61120c46952,d5f2440b-872e-5ed1-a582-134444ebff00,SEPARATOR_DERIVED / STEM_ONLY,165.7556462585034,SEPARATOR_STEM,NOT_ESTABLISHED
BASS_00463,bass,166.80054421768708,7355904,True,SEPARATOR_BASS_STEM,8ca185528ce4c50f7a318fb21e9e49ee68b76c7fbede9e7dace5b61120c46952,d5f2440b-872e-5ed1-a582-134444ebff00,SEPARATOR_DERIVED / STEM_ONLY,166.80054421768708,SEPARATOR_STEM,NOT_ESTABLISHED
BASS_00466,bass,167.8918820861678,7404032,True,SEPARATOR_BASS_STEM,8ca185528ce4c50f7a318fb21e9e49ee68b76c7fbede9e7dace5b61120c46952,d5f2440b-872e-5ed1-a582-134444ebff00,SEPARATOR_DERIVED / STEM_ONLY,167.8918820861678,SEPARATOR_STEM,NOT_ESTABLISHED
BASS_00470,bass,169.42439909297053,7471616,True,SEPARATOR_BASS_STEM,8ca185528ce4c50f7a318fb21e9e49ee68b76c7fbede9e7dace5b61120c46952,d5f2440b-872e-5ed1-a582-134444ebff00,SEPARATOR_DERIVED / STEM_ONLY,169.42439909297053,SEPARATOR_STEM,NOT_ESTABLISHED
BASS_00472,bass,170.01650793650794,7497728,True,SEPARATOR_BASS_STEM,8ca185528ce4c50f7a318fb21e9e49ee68b76c7fbede9e7dace5b61120c46952,d5f2440b-872e-5ed1-a582-134444ebff00,SEPARATOR_DERIVED / STEM_ONLY,170.01650793650794,SEPARATOR_STEM,NOT_ESTABLISHED
BASS_00473,bass,170.07455782312925,7500288,True,SEPARATOR_BASS_STEM,8ca185528ce4c50f7a318fb21e9e49ee68b76c7fbede9e7dace5b61120c46952,d5f2440b-872e-5ed1-a582-134444ebff00,SEPARATOR_DERIVED / STEM_ONLY,170.07455782312925,SEPARATOR_STEM,NOT_ESTABLISHED
BASS_00475,bass,170.63183673469388,7524864,True,SEPARATOR_BASS_STEM,8ca185528ce4c50f7a318fb21e9e49ee68b76c7fbede9e7dace5b61120c46952,d5f2440b-872e-5ed1-a582-134444ebff00,SEPARATOR_DERIVED / STEM_ONLY,170.63183673469388,SEPARATOR_STEM,NOT_ESTABLISHED
BASS_00478,bass,171.15428571428572,7547904,True,SEPARATOR_BASS_STEM,8ca185528ce4c50f7a318fb21e9e49ee68b76c7fbede9e7dace5b61120c46952,d5f2440b-872e-5ed1-a582-134444ebff00,SEPARATOR_DERIVED / STEM_ONLY,171.15428571428572,SEPARATOR_STEM,NOT_ESTABLISHED
BASS_00482,bass,172.5707029478458,7610368,True,SEPARATOR_BASS_STEM,8ca185528ce4c50f7a318fb21e9e49ee68b76c7fbede9e7dace5b61120c46952,d5f2440b-872e-5ed1-a582-134444ebff00,SEPARATOR_DERIVED / STEM_ONLY,172.5707029478458,SEPARATOR_STEM,NOT_ESTABLISHED
BASS_00485,bass,173.18603174603174,7637504,True,SEPARATOR_BASS_STEM,8ca185528ce4c50f7a318fb21e9e49ee68b76c7fbede9e7dace5b61120c46952,d5f2440b-872e-5ed1-a582-134444ebff00,SEPARATOR_DERIVED / STEM_ONLY,173.18603174603174,SEPARATOR_STEM,NOT_ESTABLISHED
BASS_00488,bass,173.8013605442177,7664640,True,SEPARATOR_BASS_STEM,8ca185528ce4c50f7a318fb21e9e49ee68b76c7fbede9e7dace5b61120c46952,d5f2440b-872e-5ed1-a582-134444ebff00,SEPARATOR_DERIVED / STEM_ONLY,173.8013605442177,SEPARATOR_STEM,NOT_ESTABLISHED
BASS_00491,bass,174.34702947845804,7688704,True,SEPARATOR_BASS_STEM,8ca185528ce4c50f7a318fb21e9e49ee68b76c7fbede9e7dace5b61120c46952,d5f2440b-872e-5ed1-a582-134444ebff00,SEPARATOR_DERIVED / STEM_ONLY,174.34702947845804,SEPARATOR_STEM,NOT_ESTABLISHED
BASS_00492,bass,174.46312925170068,7693824,True,SEPARATOR_BASS_STEM,8ca185528ce4c50f7a318fb21e9e49ee68b76c7fbede9e7dace5b61120c46952,d5f2440b-872e-5ed1-a582-134444ebff00,SEPARATOR_DERIVED / STEM_ONLY,174.46312925170068,SEPARATOR_STEM,NOT_ESTABLISHED
BASS_00493,bass,174.55600907029478,7697920,True,SEPARATOR_BASS_STEM,8ca185528ce4c50f7a318fb21e9e49ee68b76c7fbede9e7dace5b61120c46952,d5f2440b-872e-5ed1-a582-134444ebff00,SEPARATOR_DERIVED / STEM_ONLY,174.55600907029478,SEPARATOR_STEM,NOT_ESTABLISHED
BASS_00494,bass,174.67210884353742,7703040,True,SEPARATOR_BASS_STEM,8ca185528ce4c50f7a318fb21e9e49ee68b76c7fbede9e7dace5b61120c46952,d5f2440b-872e-5ed1-a582-134444ebff00,SEPARATOR_DERIVED / STEM_ONLY,174.67210884353742,SEPARATOR_STEM,NOT_ESTABLISHED
BASS_00497,bass,176.86639455782313,7799808,True,SEPARATOR_BASS_STEM,8ca185528ce4c50f7a318fb21e9e49ee68b76c7fbede9e7dace5b61120c46952,d5f2440b-872e-5ed1-a582-134444ebff00,SEPARATOR_DERIVED / STEM_ONLY,176.86639455782313,SEPARATOR_STEM,NOT_ESTABLISHED
BASS_00502,bass,178.68916099773242,7880192,True,SEPARATOR_BASS_STEM,8ca185528ce4c50f7a318fb21e9e49ee68b76c7fbede9e7dace5b61120c46952,d5f2440b-872e-5ed1-a582-134444ebff00,SEPARATOR_DERIVED / STEM_ONLY,178.68916099773242,SEPARATOR_STEM,NOT_ESTABLISHED
BASS_00511,bass,182.70621315192744,8057344,True,SEPARATOR_BASS_STEM,8ca185528ce4c50f7a318fb21e9e49ee68b76c7fbede9e7dace5b61120c46952,d5f2440b-872e-5ed1-a582-134444ebff00,SEPARATOR_DERIVED / STEM_ONLY,182.70621315192744,SEPARATOR_STEM,NOT_ESTABLISHED
BASS_00517,bass,184.33160997732426,8129024,True,SEPARATOR_BASS_STEM,8ca185528ce4c50f7a318fb21e9e49ee68b76c7fbede9e7dace5b61120c46952,d5f2440b-872e-5ed1-a582-134444ebff00,SEPARATOR_DERIVED / STEM_ONLY,184.33160997732426,SEPARATOR_STEM,NOT_ESTABLISHED
BASS_00519,bass,184.66829931972788,8143872,True,SEPARATOR_BASS_STEM,8ca185528ce4c50f7a318fb21e9e49ee68b76c7fbede9e7dace5b61120c46952,d5f2440b-872e-5ed1-a582-134444ebff00,SEPARATOR_DERIVED / STEM_ONLY,184.66829931972788,SEPARATOR_STEM,NOT_ESTABLISHED
BASS_00520,bass,185.00498866213152,8158720,True,SEPARATOR_BASS_STEM,8ca185528ce4c50f7a318fb21e9e49ee68b76c7fbede9e7dace5b61120c46952,d5f2440b-872e-5ed1-a582-134444ebff00,SEPARATOR_DERIVED / STEM_ONLY,185.00498866213152,SEPARATOR_STEM,NOT_ESTABLISHED
BASS_00525,bass,186.9206349206349,8243200,True,SEPARATOR_BASS_STEM,8ca185528ce4c50f7a318fb21e9e49ee68b76c7fbede9e7dace5b61120c46952,d5f2440b-872e-5ed1-a582-134444ebff00,SEPARATOR_DERIVED / STEM_ONLY,186.9206349206349,SEPARATOR_STEM,NOT_ESTABLISHED
BASS_00529,bass,188.11646258503401,8295936,True,SEPARATOR_BASS_STEM,8ca185528ce4c50f7a318fb21e9e49ee68b76c7fbede9e7dace5b61120c46952,d5f2440b-872e-5ed1-a582-134444ebff00,SEPARATOR_DERIVED / STEM_ONLY,188.11646258503401,SEPARATOR_STEM,NOT_ESTABLISHED
BASS_00530,bass,188.47637188208617,8311808,True,SEPARATOR_BASS_STEM,8ca185528ce4c50f7a318fb21e9e49ee68b76c7fbede9e7dace5b61120c46952,d5f2440b-872e-5ed1-a582-134444ebff00,SEPARATOR_DERIVED / STEM_ONLY,188.47637188208617,SEPARATOR_STEM,NOT_ESTABLISHED
BASS_00534,bass,189.78829931972788,8369664,True,SEPARATOR_BASS_STEM,8ca185528ce4c50f7a318fb21e9e49ee68b76c7fbede9e7dace5b61120c46952,d5f2440b-872e-5ed1-a582-134444ebff00,SEPARATOR_DERIVED / STEM_ONLY,189.78829931972788,SEPARATOR_STEM,NOT_ESTABLISHED
BASS_00535,bass,189.86956916099774,8373248,True,SEPARATOR_BASS_STEM,8ca185528ce4c50f7a318fb21e9e49ee68b76c7fbede9e7dace5b61120c46952,d5f2440b-872e-5ed1-a582-134444ebff00,SEPARATOR_DERIVED / STEM_ONLY,189.86956916099774,SEPARATOR_STEM,NOT_ESTABLISHED
BASS_00537,bass,190.99573696145126,8422912,True,SEPARATOR_BASS_STEM,8ca185528ce4c50f7a318fb21e9e49ee68b76c7fbede9e7dace5b61120c46952,d5f2440b-872e-5ed1-a582-134444ebff00,SEPARATOR_DERIVED / STEM_ONLY,190.99573696145126,SEPARATOR_STEM,NOT_ESTABLISHED
BASS_00539,bass,191.68072562358276,8453120,True,SEPARATOR_BASS_STEM,8ca185528ce4c50f7a318fb21e9e49ee68b76c7fbede9e7dace5b61120c46952,d5f2440b-872e-5ed1-a582-134444ebff00,SEPARATOR_DERIVED / STEM_ONLY,191.68072562358276,SEPARATOR_STEM,NOT_ESTABLISHED
BASS_00540,bass,191.91292517006804,8463360,True,SEPARATOR_BASS_STEM,8ca185528ce4c50f7a318fb21e9e49ee68b76c7fbede9e7dace5b61120c46952,d5f2440b-872e-5ed1-a582-134444ebff00,SEPARATOR_DERIVED / STEM_ONLY,191.91292517006804,SEPARATOR_STEM,NOT_ESTABLISHED
BASS_00543,bass,198.36807256235826,8748032,True,SEPARATOR_BASS_STEM,8ca185528ce4c50f7a318fb21e9e49ee68b76c7fbede9e7dace5b61120c46952,d5f2440b-872e-5ed1-a582-134444ebff00,SEPARATOR_DERIVED / STEM_ONLY,198.36807256235826,SEPARATOR_STEM,NOT_ESTABLISHED
BASS_00544,bass,198.7047619047619,8762880,True,SEPARATOR_BASS_STEM,8ca185528ce4c50f7a318fb21e9e49ee68b76c7fbede9e7dace5b61120c46952,d5f2440b-872e-5ed1-a582-134444ebff00,SEPARATOR_DERIVED / STEM_ONLY,198.7047619047619,SEPARATOR_STEM,NOT_ESTABLISHED
BASS_00547,bass,199.78448979591838,8810496,True,SEPARATOR_BASS_STEM,8ca185528ce4c50f7a318fb21e9e49ee68b76c7fbede9e7dace5b61120c46952,d5f2440b-872e-5ed1-a582-134444ebff00,SEPARATOR_DERIVED / STEM_ONLY,199.78448979591838,SEPARATOR_STEM,NOT_ESTABLISHED
BASS_00549,bass,200.5043083900227,8842240,True,SEPARATOR_BASS_STEM,8ca185528ce4c50f7a318fb21e9e49ee68b76c7fbede9e7dace5b61120c46952,d5f2440b-872e-5ed1-a582-134444ebff00,SEPARATOR_DERIVED / STEM_ONLY,200.5043083900227,SEPARATOR_STEM,NOT_ESTABLISHED
BASS_00550,bass,200.88743764172335,8859136,True,SEPARATOR_BASS_STEM,8ca185528ce4c50f7a318fb21e9e49ee68b76c7fbede9e7dace5b61120c46952,d5f2440b-872e-5ed1-a582-134444ebff00,SEPARATOR_DERIVED / STEM_ONLY,200.88743764172335,SEPARATOR_STEM,NOT_ESTABLISHED
BASS_00551,bass,201.13124716553287,8869888,True,SEPARATOR_BASS_STEM,8ca185528ce4c50f7a318fb21e9e49ee68b76c7fbede9e7dace5b61120c46952,d5f2440b-872e-5ed1-a582-134444ebff00,SEPARATOR_DERIVED / STEM_ONLY,201.13124716553287,SEPARATOR_STEM,NOT_ESTABLISHED
BASS_00553,bass,201.60725623582766,8890880,True,SEPARATOR_BASS_STEM,8ca185528ce4c50f7a318fb21e9e49ee68b76c7fbede9e7dace5b61120c46952,d5f2440b-872e-5ed1-a582-134444ebff00,SEPARATOR_DERIVED / STEM_ONLY,201.60725623582766,SEPARATOR_STEM,NOT_ESTABLISHED
BASS_00555,bass,202.32707482993197,8922624,True,SEPARATOR_BASS_STEM,8ca185528ce4c50f7a318fb21e9e49ee68b76c7fbede9e7dace5b61120c46952,d5f2440b-872e-5ed1-a582-134444ebff00,SEPARATOR_DERIVED / STEM_ONLY,202.32707482993197,SEPARATOR_STEM,NOT_ESTABLISHED
BASS_00558,bass,203.02367346938775,8953344,True,SEPARATOR_BASS_STEM,8ca185528ce4c50f7a318fb21e9e49ee68b76c7fbede9e7dace5b61120c46952,d5f2440b-872e-5ed1-a582-134444ebff00,SEPARATOR_DERIVED / STEM_ONLY,203.02367346938775,SEPARATOR_STEM,NOT_ESTABLISHED
BASS_00568,bass,211.9981859410431,9349120,True,SEPARATOR_BASS_STEM,8ca185528ce4c50f7a318fb21e9e49ee68b76c7fbede9e7dace5b61120c46952,d5f2440b-872e-5ed1-a582-134444ebff00,SEPARATOR_DERIVED / STEM_ONLY,211.9981859410431,SEPARATOR_STEM,NOT_ESTABLISHED
BASS_00570,bass,212.30004535147393,9362432,True,SEPARATOR_BASS_STEM,8ca185528ce4c50f7a318fb21e9e49ee68b76c7fbede9e7dace5b61120c46952,d5f2440b-872e-5ed1-a582-134444ebff00,SEPARATOR_DERIVED / STEM_ONLY,212.30004535147393,SEPARATOR_STEM,NOT_ESTABLISHED
BASS_00574,bass,213.96027210884353,9435648,True,SEPARATOR_BASS_STEM,8ca185528ce4c50f7a318fb21e9e49ee68b76c7fbede9e7dace5b61120c46952,d5f2440b-872e-5ed1-a582-134444ebff00,SEPARATOR_DERIVED / STEM_ONLY,213.96027210884353,SEPARATOR_STEM,NOT_ESTABLISHED
BASS_00577,bass,215.05160997732426,9483776,True,SEPARATOR_BASS_STEM,8ca185528ce4c50f7a318fb21e9e49ee68b76c7fbede9e7dace5b61120c46952,d5f2440b-872e-5ed1-a582-134444ebff00,SEPARATOR_DERIVED / STEM_ONLY,215.05160997732426,SEPARATOR_STEM,NOT_ESTABLISHED
BASS_00580,bass,222.02920634920636,9791488,True,SEPARATOR_BASS_STEM,8ca185528ce4c50f7a318fb21e9e49ee68b76c7fbede9e7dace5b61120c46952,d5f2440b-872e-5ed1-a582-134444ebff00,SEPARATOR_DERIVED / STEM_ONLY,222.02920634920636,SEPARATOR_STEM,NOT_ESTABLISHED
BASS_00581,bass,222.27301587301588,9802240,True,SEPARATOR_BASS_STEM,8ca185528ce4c50f7a318fb21e9e49ee68b76c7fbede9e7dace5b61120c46952,d5f2440b-872e-5ed1-a582-134444ebff00,SEPARATOR_DERIVED / STEM_ONLY,222.27301587301588,SEPARATOR_STEM,NOT_ESTABLISHED
BASS_00583,bass,222.71419501133786,9821696,True,SEPARATOR_BASS_STEM,8ca185528ce4c50f7a318fb21e9e49ee68b76c7fbede9e7dace5b61120c46952,d5f2440b-872e-5ed1-a582-134444ebff00,SEPARATOR_DERIVED / STEM_ONLY,222.71419501133786,SEPARATOR_STEM,NOT_ESTABLISHED
BASS_00584,bass,223.07410430839002,9837568,True,SEPARATOR_BASS_STEM,8ca185528ce4c50f7a318fb21e9e49ee68b76c7fbede9e7dace5b61120c46952,d5f2440b-872e-5ed1-a582-134444ebff00,SEPARATOR_DERIVED / STEM_ONLY,223.07410430839002,SEPARATOR_STEM,NOT_ESTABLISHED
BASS_00585,bass,223.44562358276644,9853952,True,SEPARATOR_BASS_STEM,8ca185528ce4c50f7a318fb21e9e49ee68b76c7fbede9e7dace5b61120c46952,d5f2440b-872e-5ed1-a582-134444ebff00,SEPARATOR_DERIVED / STEM_ONLY,223.44562358276644,SEPARATOR_STEM,NOT_ESTABLISHED
BASS_00586,bass,223.8055328798186,9869824,True,SEPARATOR_BASS_STEM,8ca185528ce4c50f7a318fb21e9e49ee68b76c7fbede9e7dace5b61120c46952,d5f2440b-872e-5ed1-a582-134444ebff00,SEPARATOR_DERIVED / STEM_ONLY,223.8055328798186,SEPARATOR_STEM,NOT_ESTABLISHED
BASS_00593,bass,226.6848072562358,9996800,True,SEPARATOR_BASS_STEM,8ca185528ce4c50f7a318fb21e9e49ee68b76c7fbede9e7dace5b61120c46952,d5f2440b-872e-5ed1-a582-134444ebff00,SEPARATOR_DERIVED / STEM_ONLY,226.6848072562358,SEPARATOR_STEM,NOT_ESTABLISHED
BASS_00603,bass,237.1221768707483,10457088,True,SEPARATOR_BASS_STEM,8ca185528ce4c50f7a318fb21e9e49ee68b76c7fbede9e7dace5b61120c46952,d5f2440b-872e-5ed1-a582-134444ebff00,SEPARATOR_DERIVED / STEM_ONLY,237.1221768707483,SEPARATOR_STEM,NOT_ESTABLISHED
BASS_00604,bass,237.37759637188208,10468352,True,SEPARATOR_BASS_STEM,8ca185528ce4c50f7a318fb21e9e49ee68b76c7fbede9e7dace5b61120c46952,d5f2440b-872e-5ed1-a582-134444ebff00,SEPARATOR_DERIVED / STEM_ONLY,237.37759637188208,SEPARATOR_STEM,NOT_ESTABLISHED
BASS_00607,bass,238.20190476190476,10504704,True,SEPARATOR_BASS_STEM,8ca185528ce4c50f7a318fb21e9e49ee68b76c7fbede9e7dace5b61120c46952,d5f2440b-872e-5ed1-a582-134444ebff00,SEPARATOR_DERIVED / STEM_ONLY,238.20190476190476,SEPARATOR_STEM,NOT_ESTABLISHED
BASS_00608,bass,238.5966439909297,10522112,True,SEPARATOR_BASS_STEM,8ca185528ce4c50f7a318fb21e9e49ee68b76c7fbede9e7dace5b61120c46952,d5f2440b-872e-5ed1-a582-134444ebff00,SEPARATOR_DERIVED / STEM_ONLY,238.5966439909297,SEPARATOR_STEM,NOT_ESTABLISHED
BASS_00610,bass,240.72126984126984,10615808,True,SEPARATOR_BASS_STEM,8ca185528ce4c50f7a318fb21e9e49ee68b76c7fbede9e7dace5b61120c46952,d5f2440b-872e-5ed1-a582-134444ebff00,SEPARATOR_DERIVED / STEM_ONLY,240.72126984126984,SEPARATOR_STEM,NOT_ESTABLISHED
BASS_00612,bass,241.20888888888888,10637312,True,SEPARATOR_BASS_STEM,8ca185528ce4c50f7a318fb21e9e49ee68b76c7fbede9e7dace5b61120c46952,d5f2440b-872e-5ed1-a582-134444ebff00,SEPARATOR_DERIVED / STEM_ONLY,241.20888888888888,SEPARATOR_STEM,NOT_ESTABLISHED
BASS_00618,bass,244.58739229024943,10786304,True,SEPARATOR_BASS_STEM,8ca185528ce4c50f7a318fb21e9e49ee68b76c7fbede9e7dace5b61120c46952,d5f2440b-872e-5ed1-a582-134444ebff00,SEPARATOR_DERIVED / STEM_ONLY,244.58739229024943,SEPARATOR_STEM,NOT_ESTABLISHED
BASS_00621,bass,246.9790476190476,10891776,True,SEPARATOR_BASS_STEM,8ca185528ce4c50f7a318fb21e9e49ee68b76c7fbede9e7dace5b61120c46952,d5f2440b-872e-5ed1-a582-134444ebff00,SEPARATOR_DERIVED / STEM_ONLY,246.9790476190476,SEPARATOR_STEM,NOT_ESTABLISHED
BASS_00623,bass,247.18802721088434,10900992,True,SEPARATOR_BASS_STEM,8ca185528ce4c50f7a318fb21e9e49ee68b76c7fbede9e7dace5b61120c46952,d5f2440b-872e-5ed1-a582-134444ebff00,SEPARATOR_DERIVED / STEM_ONLY,247.18802721088434,SEPARATOR_STEM,NOT_ESTABLISHED
BASS_00629,bass,249.86993197278912,11019264,True,SEPARATOR_BASS_STEM,8ca185528ce4c50f7a318fb21e9e49ee68b76c7fbede9e7dace5b61120c46952,d5f2440b-872e-5ed1-a582-134444ebff00,SEPARATOR_DERIVED / STEM_ONLY,249.86993197278912,SEPARATOR_STEM,NOT_ESTABLISHED
BASS_00632,bass,250.61297052154194,11052032,True,SEPARATOR_BASS_STEM,8ca185528ce4c50f7a318fb21e9e49ee68b76c7fbede9e7dace5b61120c46952,d5f2440b-872e-5ed1-a582-134444ebff00,SEPARATOR_DERIVED / STEM_ONLY,250.61297052154194,SEPARATOR_STEM,NOT_ESTABLISHED
BASS_00637,bass,252.77242630385487,11147264,True,SEPARATOR_BASS_STEM,8ca185528ce4c50f7a318fb21e9e49ee68b76c7fbede9e7dace5b61120c46952,d5f2440b-872e-5ed1-a582-134444ebff00,SEPARATOR_DERIVED / STEM_ONLY,252.77242630385487,SEPARATOR_STEM,NOT_ESTABLISHED
BASS_00643,bass,258.1362358276644,11383808,True,SEPARATOR_BASS_STEM,8ca185528ce4c50f7a318fb21e9e49ee68b76c7fbede9e7dace5b61120c46952,d5f2440b-872e-5ed1-a582-134444ebff00,SEPARATOR_DERIVED / STEM_ONLY,258.1362358276644,SEPARATOR_STEM,NOT_ESTABLISHED
BASS_00645,bass,258.8560544217687,11415552,True,SEPARATOR_BASS_STEM,8ca185528ce4c50f7a318fb21e9e49ee68b76c7fbede9e7dace5b61120c46952,d5f2440b-872e-5ed1-a582-134444ebff00,SEPARATOR_DERIVED / STEM_ONLY,258.8560544217687,SEPARATOR_STEM,NOT_ESTABLISHED
BASS_00646,bass,259.2275736961451,11431936,True,SEPARATOR_BASS_STEM,8ca185528ce4c50f7a318fb21e9e49ee68b76c7fbede9e7dace5b61120c46952,d5f2440b-872e-5ed1-a582-134444ebff00,SEPARATOR_DERIVED / STEM_ONLY,259.2275736961451,SEPARATOR_STEM,NOT_ESTABLISHED
BASS_00647,bass,259.6107029478458,11448832,True,SEPARATOR_BASS_STEM,8ca185528ce4c50f7a318fb21e9e49ee68b76c7fbede9e7dace5b61120c46952,d5f2440b-872e-5ed1-a582-134444ebff00,SEPARATOR_DERIVED / STEM_ONLY,259.6107029478458,SEPARATOR_STEM,NOT_ESTABLISHED
BASS_00648,bass,259.97061224489795,11464704,True,SEPARATOR_BASS_STEM,8ca185528ce4c50f7a318fb21e9e49ee68b76c7fbede9e7dace5b61120c46952,d5f2440b-872e-5ed1-a582-134444ebff00,SEPARATOR_DERIVED / STEM_ONLY,259.97061224489795,SEPARATOR_STEM,NOT_ESTABLISHED
BASS_00649,bass,260.3537414965986,11481600,True,SEPARATOR_BASS_STEM,8ca185528ce4c50f7a318fb21e9e49ee68b76c7fbede9e7dace5b61120c46952,d5f2440b-872e-5ed1-a582-134444ebff00,SEPARATOR_DERIVED / STEM_ONLY,260.3537414965986,SEPARATOR_STEM,NOT_ESTABLISHED
BASS_00650,bass,260.7136507936508,11497472,True,SEPARATOR_BASS_STEM,8ca185528ce4c50f7a318fb21e9e49ee68b76c7fbede9e7dace5b61120c46952,d5f2440b-872e-5ed1-a582-134444ebff00,SEPARATOR_DERIVED / STEM_ONLY,260.7136507936508,SEPARATOR_STEM,NOT_ESTABLISHED
BASS_00652,bass,261.4334693877551,11529216,True,SEPARATOR_BASS_STEM,8ca185528ce4c50f7a318fb21e9e49ee68b76c7fbede9e7dace5b61120c46952,d5f2440b-872e-5ed1-a582-134444ebff00,SEPARATOR_DERIVED / STEM_ONLY,261.4334693877551,SEPARATOR_STEM,NOT_ESTABLISHED
BASS_00653,bass,261.79337868480724,11545088,True,SEPARATOR_BASS_STEM,8ca185528ce4c50f7a318fb21e9e49ee68b76c7fbede9e7dace5b61120c46952,d5f2440b-872e-5ed1-a582-134444ebff00,SEPARATOR_DERIVED / STEM_ONLY,261.79337868480724,SEPARATOR_STEM,NOT_ESTABLISHED
BASS_00654,bass,262.1532879818594,11560960,True,SEPARATOR_BASS_STEM,8ca185528ce4c50f7a318fb21e9e49ee68b76c7fbede9e7dace5b61120c46952,d5f2440b-872e-5ed1-a582-134444ebff00,SEPARATOR_DERIVED / STEM_ONLY,262.1532879818594,SEPARATOR_STEM,NOT_ESTABLISHED
BASS_00656,bass,262.9079365079365,11594240,True,SEPARATOR_BASS_STEM,8ca185528ce4c50f7a318fb21e9e49ee68b76c7fbede9e7dace5b61120c46952,d5f2440b-872e-5ed1-a582-134444ebff00,SEPARATOR_DERIVED / STEM_ONLY,262.9079365079365,SEPARATOR_STEM,NOT_ESTABLISHED
BASS_00657,bass,263.27945578231294,11610624,True,SEPARATOR_BASS_STEM,8ca185528ce4c50f7a318fb21e9e49ee68b76c7fbede9e7dace5b61120c46952,d5f2440b-872e-5ed1-a582-134444ebff00,SEPARATOR_DERIVED / STEM_ONLY,263.27945578231294,SEPARATOR_STEM,NOT_ESTABLISHED
BASS_00660,bass,263.9760544217687,11641344,True,SEPARATOR_BASS_STEM,8ca185528ce4c50f7a318fb21e9e49ee68b76c7fbede9e7dace5b61120c46952,d5f2440b-872e-5ed1-a582-134444ebff00,SEPARATOR_DERIVED / STEM_ONLY,263.9760544217687,SEPARATOR_STEM,NOT_ESTABLISHED
BASS_00666,bass,266.17034013605445,11738112,True,SEPARATOR_BASS_STEM,8ca185528ce4c50f7a318fb21e9e49ee68b76c7fbede9e7dace5b61120c46952,d5f2440b-872e-5ed1-a582-134444ebff00,SEPARATOR_DERIVED / STEM_ONLY,266.17034013605445,SEPARATOR_STEM,NOT_ESTABLISHED
BASS_00668,bass,266.901768707483,11770368,True,SEPARATOR_BASS_STEM,8ca185528ce4c50f7a318fb21e9e49ee68b76c7fbede9e7dace5b61120c46952,d5f2440b-872e-5ed1-a582-134444ebff00,SEPARATOR_DERIVED / STEM_ONLY,266.901768707483,SEPARATOR_STEM,NOT_ESTABLISHED
BASS_00671,bass,267.94666666666666,11816448,True,SEPARATOR_BASS_STEM,8ca185528ce4c50f7a318fb21e9e49ee68b76c7fbede9e7dace5b61120c46952,d5f2440b-872e-5ed1-a582-134444ebff00,SEPARATOR_DERIVED / STEM_ONLY,267.94666666666666,SEPARATOR_STEM,NOT_ESTABLISHED
BASS_00681,bass,273.6471655328798,12067840,True,SEPARATOR_BASS_STEM,8ca185528ce4c50f7a318fb21e9e49ee68b76c7fbede9e7dace5b61120c46952,d5f2440b-872e-5ed1-a582-134444ebff00,SEPARATOR_DERIVED / STEM_ONLY,273.6471655328798,SEPARATOR_STEM,NOT_ESTABLISHED
BASS_00692,bass,279.88172335600905,12342784,True,SEPARATOR_BASS_STEM,8ca185528ce4c50f7a318fb21e9e49ee68b76c7fbede9e7dace5b61120c46952,d5f2440b-872e-5ed1-a582-134444ebff00,SEPARATOR_DERIVED / STEM_ONLY,279.88172335600905,SEPARATOR_STEM,NOT_ESTABLISHED
BASS_00695,bass,280.35773242630387,12363776,True,SEPARATOR_BASS_STEM,8ca185528ce4c50f7a318fb21e9e49ee68b76c7fbede9e7dace5b61120c46952,d5f2440b-872e-5ed1-a582-134444ebff00,SEPARATOR_DERIVED / STEM_ONLY,280.35773242630387,SEPARATOR_STEM,NOT_ESTABLISHED
BASS_00697,bass,281.08916099773245,12396032,True,SEPARATOR_BASS_STEM,8ca185528ce4c50f7a318fb21e9e49ee68b76c7fbede9e7dace5b61120c46952,d5f2440b-872e-5ed1-a582-134444ebff00,SEPARATOR_DERIVED / STEM_ONLY,281.08916099773245,SEPARATOR_STEM,NOT_ESTABLISHED
BASS_00698,bass,281.8438095238095,12429312,True,SEPARATOR_BASS_STEM,8ca185528ce4c50f7a318fb21e9e49ee68b76c7fbede9e7dace5b61120c46952,d5f2440b-872e-5ed1-a582-134444ebff00,SEPARATOR_DERIVED / STEM_ONLY,281.8438095238095,SEPARATOR_STEM,NOT_ESTABLISHED
BASS_00699,bass,282.21532879818596,12445696,True,SEPARATOR_BASS_STEM,8ca185528ce4c50f7a318fb21e9e49ee68b76c7fbede9e7dace5b61120c46952,d5f2440b-872e-5ed1-a582-134444ebff00,SEPARATOR_DERIVED / STEM_ONLY,282.21532879818596,SEPARATOR_STEM,NOT_ESTABLISHED
BASS_00700,bass,282.58684807256236,12462080,True,SEPARATOR_BASS_STEM,8ca185528ce4c50f7a318fb21e9e49ee68b76c7fbede9e7dace5b61120c46952,d5f2440b-872e-5ed1-a582-134444ebff00,SEPARATOR_DERIVED / STEM_ONLY,282.58684807256236,SEPARATOR_STEM,NOT_ESTABLISHED
BASS_00701,bass,284.8043537414966,12559872,True,SEPARATOR_BASS_STEM,8ca185528ce4c50f7a318fb21e9e49ee68b76c7fbede9e7dace5b61120c46952,d5f2440b-872e-5ed1-a582-134444ebff00,SEPARATOR_DERIVED / STEM_ONLY,284.8043537414966,SEPARATOR_STEM,NOT_ESTABLISHED
BASS_00703,bass,285.50095238095236,12590592,True,SEPARATOR_BASS_STEM,8ca185528ce4c50f7a318fb21e9e49ee68b76c7fbede9e7dace5b61120c46952,d5f2440b-872e-5ed1-a582-134444ebff00,SEPARATOR_DERIVED / STEM_ONLY,285.50095238095236,SEPARATOR_STEM,NOT_ESTABLISHED
BASS_00709,bass,287.1495691609977,12663296,True,SEPARATOR_BASS_STEM,8ca185528ce4c50f7a318fb21e9e49ee68b76c7fbede9e7dace5b61120c46952,d5f2440b-872e-5ed1-a582-134444ebff00,SEPARATOR_DERIVED / STEM_ONLY,287.1495691609977,SEPARATOR_STEM,NOT_ESTABLISHED
BASS_00710,bass,287.1960090702948,12665344,True,SEPARATOR_BASS_STEM,8ca185528ce4c50f7a318fb21e9e49ee68b76c7fbede9e7dace5b61120c46952,d5f2440b-872e-5ed1-a582-134444ebff00,SEPARATOR_DERIVED / STEM_ONLY,287.1960090702948,SEPARATOR_STEM,NOT_ESTABLISHED
BASS_00713,bass,288.043537414966,12702720,True,SEPARATOR_BASS_STEM,8ca185528ce4c50f7a318fb21e9e49ee68b76c7fbede9e7dace5b61120c46952,d5f2440b-872e-5ed1-a582-134444ebff00,SEPARATOR_DERIVED / STEM_ONLY,288.043537414966,SEPARATOR_STEM,NOT_ESTABLISHED
BASS_00716,bass,289.5180045351474,12767744,True,SEPARATOR_BASS_STEM,8ca185528ce4c50f7a318fb21e9e49ee68b76c7fbede9e7dace5b61120c46952,d5f2440b-872e-5ed1-a582-134444ebff00,SEPARATOR_DERIVED / STEM_ONLY,289.5180045351474,SEPARATOR_STEM,NOT_ESTABLISHED
BASS_00718,bass,290.94603174603174,12830720,True,SEPARATOR_BASS_STEM,8ca185528ce4c50f7a318fb21e9e49ee68b76c7fbede9e7dace5b61120c46952,d5f2440b-872e-5ed1-a582-134444ebff00,SEPARATOR_DERIVED / STEM_ONLY,290.94603174603174,SEPARATOR_STEM,NOT_ESTABLISHED
BASS_00722,bass,293.52344671201814,12944384,True,SEPARATOR_BASS_STEM,8ca185528ce4c50f7a318fb21e9e49ee68b76c7fbede9e7dace5b61120c46952,d5f2440b-872e-5ed1-a582-134444ebff00,SEPARATOR_DERIVED / STEM_ONLY,293.52344671201814,SEPARATOR_STEM,NOT_ESTABLISHED
BASS_00724,bass,293.88335600907027,12960256,True,SEPARATOR_BASS_STEM,8ca185528ce4c50f7a318fb21e9e49ee68b76c7fbede9e7dace5b61120c46952,d5f2440b-872e-5ed1-a582-134444ebff00,SEPARATOR_DERIVED / STEM_ONLY,293.88335600907027,SEPARATOR_STEM,NOT_ESTABLISHED
BASS_00729,bass,295.2997732426304,13022720,True,SEPARATOR_BASS_STEM,8ca185528ce4c50f7a318fb21e9e49ee68b76c7fbede9e7dace5b61120c46952,d5f2440b-872e-5ed1-a582-134444ebff00,SEPARATOR_DERIVED / STEM_ONLY,295.2997732426304,SEPARATOR_STEM,NOT_ESTABLISHED
BASS_00730,bass,295.5784126984127,13035008,True,SEPARATOR_BASS_STEM,8ca185528ce4c50f7a318fb21e9e49ee68b76c7fbede9e7dace5b61120c46952,d5f2440b-872e-5ed1-a582-134444ebff00,SEPARATOR_DERIVED / STEM_ONLY,295.5784126984127,SEPARATOR_STEM,NOT_ESTABLISHED
BASS_00731,bass,295.69451247165534,13040128,True,SEPARATOR_BASS_STEM,8ca185528ce4c50f7a318fb21e9e49ee68b76c7fbede9e7dace5b61120c46952,d5f2440b-872e-5ed1-a582-134444ebff00,SEPARATOR_DERIVED / STEM_ONLY,295.69451247165534,SEPARATOR_STEM,NOT_ESTABLISHED
BASS_00737,bass,297.47083900226755,13118464,True,SEPARATOR_BASS_STEM,8ca185528ce4c50f7a318fb21e9e49ee68b76c7fbede9e7dace5b61120c46952,d5f2440b-872e-5ed1-a582-134444ebff00,SEPARATOR_DERIVED / STEM_ONLY,297.47083900226755,SEPARATOR_STEM,NOT_ESTABLISHED
BASS_00740,bass,299.3748752834467,13202432,True,SEPARATOR_BASS_STEM,8ca185528ce4c50f7a318fb21e9e49ee68b76c7fbede9e7dace5b61120c46952,d5f2440b-872e-5ed1-a582-134444ebff00,SEPARATOR_DERIVED / STEM_ONLY,299.3748752834467,SEPARATOR_STEM,NOT_ESTABLISHED
BASS_00741,bass,299.60707482993195,13212672,True,SEPARATOR_BASS_STEM,8ca185528ce4c50f7a318fb21e9e49ee68b76c7fbede9e7dace5b61120c46952,d5f2440b-872e-5ed1-a582-134444ebff00,SEPARATOR_DERIVED / STEM_ONLY,299.60707482993195,SEPARATOR_STEM,NOT_ESTABLISHED
BASS_00742,bass,299.73478458049885,13218304,True,SEPARATOR_BASS_STEM,8ca185528ce4c50f7a318fb21e9e49ee68b76c7fbede9e7dace5b61120c46952,d5f2440b-872e-5ed1-a582-134444ebff00,SEPARATOR_DERIVED / STEM_ONLY,299.73478458049885,SEPARATOR_STEM,NOT_ESTABLISHED
BASS_00746,bass,302.27736961451245,13330432,True,SEPARATOR_BASS_STEM,8ca185528ce4c50f7a318fb21e9e49ee68b76c7fbede9e7dace5b61120c46952,d5f2440b-872e-5ed1-a582-134444ebff00,SEPARATOR_DERIVED / STEM_ONLY,302.27736961451245,SEPARATOR_STEM,NOT_ESTABLISHED
BASS_00747,bass,302.90430839002266,13358080,True,SEPARATOR_BASS_STEM,8ca185528ce4c50f7a318fb21e9e49ee68b76c7fbede9e7dace5b61120c46952,d5f2440b-872e-5ed1-a582-134444ebff00,SEPARATOR_DERIVED / STEM_ONLY,302.90430839002266,SEPARATOR_STEM,NOT_ESTABLISHED
BASS_00751,bass,303.844716553288,13399552,True,SEPARATOR_BASS_STEM,8ca185528ce4c50f7a318fb21e9e49ee68b76c7fbede9e7dace5b61120c46952,d5f2440b-872e-5ed1-a582-134444ebff00,SEPARATOR_DERIVED / STEM_ONLY,303.844716553288,SEPARATOR_STEM,NOT_ESTABLISHED
BASS_00756,bass,305.8184126984127,13486592,True,SEPARATOR_BASS_STEM,8ca185528ce4c50f7a318fb21e9e49ee68b76c7fbede9e7dace5b61120c46952,d5f2440b-872e-5ed1-a582-134444ebff00,SEPARATOR_DERIVED / STEM_ONLY,305.8184126984127,SEPARATOR_STEM,NOT_ESTABLISHED
BASS_00763,bass,308.082358276644,13586432,True,SEPARATOR_BASS_STEM,8ca185528ce4c50f7a318fb21e9e49ee68b76c7fbede9e7dace5b61120c46952,d5f2440b-872e-5ed1-a582-134444ebff00,SEPARATOR_DERIVED / STEM_ONLY,308.082358276644,SEPARATOR_STEM,NOT_ESTABLISHED
BASS_00765,bass,308.84861678004535,13620224,True,SEPARATOR_BASS_STEM,8ca185528ce4c50f7a318fb21e9e49ee68b76c7fbede9e7dace5b61120c46952,d5f2440b-872e-5ed1-a582-134444ebff00,SEPARATOR_DERIVED / STEM_ONLY,308.84861678004535,SEPARATOR_STEM,NOT_ESTABLISHED
BASS_00769,bass,310.555283446712,13695488,True,SEPARATOR_BASS_STEM,8ca185528ce4c50f7a318fb21e9e49ee68b76c7fbede9e7dace5b61120c46952,d5f2440b-872e-5ed1-a582-134444ebff00,SEPARATOR_DERIVED / STEM_ONLY,310.555283446712,SEPARATOR_STEM,NOT_ESTABLISHED
BASS_00772,bass,311.3679818594104,13731328,True,SEPARATOR_BASS_STEM,8ca185528ce4c50f7a318fb21e9e49ee68b76c7fbede9e7dace5b61120c46952,d5f2440b-872e-5ed1-a582-134444ebff00,SEPARATOR_DERIVED / STEM_ONLY,311.3679818594104,SEPARATOR_STEM,NOT_ESTABLISHED
BASS_00773,bass,311.7627210884354,13748736,True,SEPARATOR_BASS_STEM,8ca185528ce4c50f7a318fb21e9e49ee68b76c7fbede9e7dace5b61120c46952,d5f2440b-872e-5ed1-a582-134444ebff00,SEPARATOR_DERIVED / STEM_ONLY,311.7627210884354,SEPARATOR_STEM,NOT_ESTABLISHED
BASS_00777,bass,313.2371882086168,13813760,True,SEPARATOR_BASS_STEM,8ca185528ce4c50f7a318fb21e9e49ee68b76c7fbede9e7dace5b61120c46952,d5f2440b-872e-5ed1-a582-134444ebff00,SEPARATOR_DERIVED / STEM_ONLY,313.2371882086168,SEPARATOR_STEM,NOT_ESTABLISHED
BASS_00781,bass,314.70004535147393,13878272,True,SEPARATOR_BASS_STEM,8ca185528ce4c50f7a318fb21e9e49ee68b76c7fbede9e7dace5b61120c46952,d5f2440b-872e-5ed1-a582-134444ebff00,SEPARATOR_DERIVED / STEM_ONLY,314.70004535147393,SEPARATOR_STEM,NOT_ESTABLISHED
BASS_00783,bass,315.0483446712018,13893632,True,SEPARATOR_BASS_STEM,8ca185528ce4c50f7a318fb21e9e49ee68b76c7fbede9e7dace5b61120c46952,d5f2440b-872e-5ed1-a582-134444ebff00,SEPARATOR_DERIVED / STEM_ONLY,315.0483446712018,SEPARATOR_STEM,NOT_ESTABLISHED
BASS_00785,bass,316.1629024943311,13942784,True,SEPARATOR_BASS_STEM,8ca185528ce4c50f7a318fb21e9e49ee68b76c7fbede9e7dace5b61120c46952,d5f2440b-872e-5ed1-a582-134444ebff00,SEPARATOR_DERIVED / STEM_ONLY,316.1629024943311,SEPARATOR_STEM,NOT_ESTABLISHED
BASS_00786,bass,316.4299319727891,13954560,True,SEPARATOR_BASS_STEM,8ca185528ce4c50f7a318fb21e9e49ee68b76c7fbede9e7dace5b61120c46952,d5f2440b-872e-5ed1-a582-134444ebff00,SEPARATOR_DERIVED / STEM_ONLY,316.4299319727891,SEPARATOR_STEM,NOT_ESTABLISHED
BASS_00788,bass,316.8943310657596,13975040,True,SEPARATOR_BASS_STEM,8ca185528ce4c50f7a318fb21e9e49ee68b76c7fbede9e7dace5b61120c46952,d5f2440b-872e-5ed1-a582-134444ebff00,SEPARATOR_DERIVED / STEM_ONLY,316.8943310657596,SEPARATOR_STEM,NOT_ESTABLISHED
BASS_00789,bass,317.2542403628118,13990912,True,SEPARATOR_BASS_STEM,8ca185528ce4c50f7a318fb21e9e49ee68b76c7fbede9e7dace5b61120c46952,d5f2440b-872e-5ed1-a582-134444ebff00,SEPARATOR_DERIVED / STEM_ONLY,317.2542403628118,SEPARATOR_STEM,NOT_ESTABLISHED
BASS_00790,bass,317.63736961451247,14007808,True,SEPARATOR_BASS_STEM,8ca185528ce4c50f7a318fb21e9e49ee68b76c7fbede9e7dace5b61120c46952,d5f2440b-872e-5ed1-a582-134444ebff00,SEPARATOR_DERIVED / STEM_ONLY,317.63736961451247,SEPARATOR_STEM,NOT_ESTABLISHED
BASS_00792,bass,318.3571882086168,14039552,True,SEPARATOR_BASS_STEM,8ca185528ce4c50f7a318fb21e9e49ee68b76c7fbede9e7dace5b61120c46952,d5f2440b-872e-5ed1-a582-134444ebff00,SEPARATOR_DERIVED / STEM_ONLY,318.3571882086168,SEPARATOR_STEM,NOT_ESTABLISHED
BASS_00797,bass,319.8548752834467,14105600,True,SEPARATOR_BASS_STEM,8ca185528ce4c50f7a318fb21e9e49ee68b76c7fbede9e7dace5b61120c46952,d5f2440b-872e-5ed1-a582-134444ebff00,SEPARATOR_DERIVED / STEM_ONLY,319.8548752834467,SEPARATOR_STEM,NOT_ESTABLISHED
BASS_00799,bass,320.56308390022673,14136832,True,SEPARATOR_BASS_STEM,8ca185528ce4c50f7a318fb21e9e49ee68b76c7fbede9e7dace5b61120c46952,d5f2440b-872e-5ed1-a582-134444ebff00,SEPARATOR_DERIVED / STEM_ONLY,320.56308390022673,SEPARATOR_STEM,NOT_ESTABLISHED
BASS_00802,bass,321.31773242630385,14170112,True,SEPARATOR_BASS_STEM,8ca185528ce4c50f7a318fb21e9e49ee68b76c7fbede9e7dace5b61120c46952,d5f2440b-872e-5ed1-a582-134444ebff00,SEPARATOR_DERIVED / STEM_ONLY,321.31773242630385,SEPARATOR_STEM,NOT_ESTABLISHED
BASS_00804,bass,322.04916099773243,14202368,True,SEPARATOR_BASS_STEM,8ca185528ce4c50f7a318fb21e9e49ee68b76c7fbede9e7dace5b61120c46952,d5f2440b-872e-5ed1-a582-134444ebff00,SEPARATOR_DERIVED / STEM_ONLY,322.04916099773243,SEPARATOR_STEM,NOT_ESTABLISHED
BASS_00806,bass,322.53678004535146,14223872,True,SEPARATOR_BASS_STEM,8ca185528ce4c50f7a318fb21e9e49ee68b76c7fbede9e7dace5b61120c46952,d5f2440b-872e-5ed1-a582-134444ebff00,SEPARATOR_DERIVED / STEM_ONLY,322.53678004535146,SEPARATOR_STEM,NOT_ESTABLISHED
BASS_00807,bass,322.7921995464853,14235136,True,SEPARATOR_BASS_STEM,8ca185528ce4c50f7a318fb21e9e49ee68b76c7fbede9e7dace5b61120c46952,d5f2440b-872e-5ed1-a582-134444ebff00,SEPARATOR_DERIVED / STEM_ONLY,322.7921995464853,SEPARATOR_STEM,NOT_ESTABLISHED
BASS_00809,bass,323.76743764172335,14278144,True,SEPARATOR_BASS_STEM,8ca185528ce4c50f7a318fb21e9e49ee68b76c7fbede9e7dace5b61120c46952,d5f2440b-872e-5ed1-a582-134444ebff00,SEPARATOR_DERIVED / STEM_ONLY,323.76743764172335,SEPARATOR_STEM,NOT_ESTABLISHED
BASS_00815,bass,325.694693877551,14363136,True,SEPARATOR_BASS_STEM,8ca185528ce4c50f7a318fb21e9e49ee68b76c7fbede9e7dace5b61120c46952,d5f2440b-872e-5ed1-a582-134444ebff00,SEPARATOR_DERIVED / STEM_ONLY,325.694693877551,SEPARATOR_STEM,NOT_ESTABLISHED
BASS_00817,bass,327.12272108843536,14426112,True,SEPARATOR_BASS_STEM,8ca185528ce4c50f7a318fb21e9e49ee68b76c7fbede9e7dace5b61120c46952,d5f2440b-872e-5ed1-a582-134444ebff00,SEPARATOR_DERIVED / STEM_ONLY,327.12272108843536,SEPARATOR_STEM,NOT_ESTABLISHED
BASS_00819,bass,327.5058503401361,14443008,True,SEPARATOR_BASS_STEM,8ca185528ce4c50f7a318fb21e9e49ee68b76c7fbede9e7dace5b61120c46952,d5f2440b-872e-5ed1-a582-134444ebff00,SEPARATOR_DERIVED / STEM_ONLY,327.5058503401361,SEPARATOR_STEM,NOT_ESTABLISHED
BASS_00820,bass,327.8657596371882,14458880,True,SEPARATOR_BASS_STEM,8ca185528ce4c50f7a318fb21e9e49ee68b76c7fbede9e7dace5b61120c46952,d5f2440b-872e-5ed1-a582-134444ebff00,SEPARATOR_DERIVED / STEM_ONLY,327.8657596371882,SEPARATOR_STEM,NOT_ESTABLISHED
BASS_00821,bass,328.2256689342404,14474752,True,SEPARATOR_BASS_STEM,8ca185528ce4c50f7a318fb21e9e49ee68b76c7fbede9e7dace5b61120c46952,d5f2440b-872e-5ed1-a582-134444ebff00,SEPARATOR_DERIVED / STEM_ONLY,328.2256689342404,SEPARATOR_STEM,NOT_ESTABLISHED
BASS_00822,bass,328.5971882086168,14491136,True,SEPARATOR_BASS_STEM,8ca185528ce4c50f7a318fb21e9e49ee68b76c7fbede9e7dace5b61120c46952,d5f2440b-872e-5ed1-a582-134444ebff00,SEPARATOR_DERIVED / STEM_ONLY,328.5971882086168,SEPARATOR_STEM,NOT_ESTABLISHED
BASS_00823,bass,328.9454875283447,14506496,True,SEPARATOR_BASS_STEM,8ca185528ce4c50f7a318fb21e9e49ee68b76c7fbede9e7dace5b61120c46952,d5f2440b-872e-5ed1-a582-134444ebff00,SEPARATOR_DERIVED / STEM_ONLY,328.9454875283447,SEPARATOR_STEM,NOT_ESTABLISHED
BASS_00824,bass,329.3518367346939,14524416,True,SEPARATOR_BASS_STEM,8ca185528ce4c50f7a318fb21e9e49ee68b76c7fbede9e7dace5b61120c46952,d5f2440b-872e-5ed1-a582-134444ebff00,SEPARATOR_DERIVED / STEM_ONLY,329.3518367346939,SEPARATOR_STEM,NOT_ESTABLISHED
DRUMS_00004,drums,2.2523356009070294,99328,True,SEPARATOR_DRUMS_STEM,88faa9bd504e4253b9e17da5e8ddd3b5fdc310abb542c2ac493a656752546290,1cfc00dd-5652-5792-83a6-c1195da87b63,SEPARATOR_DERIVED / STEM_ONLY,2.2523356009070294,SEPARATOR_STEM,NOT_ESTABLISHED
DRUMS_00005,drums,2.3568253968253967,103936,True,SEPARATOR_DRUMS_STEM,88faa9bd504e4253b9e17da5e8ddd3b5fdc310abb542c2ac493a656752546290,1cfc00dd-5652-5792-83a6-c1195da87b63,SEPARATOR_DERIVED / STEM_ONLY,2.3568253968253967,SEPARATOR_STEM,NOT_ESTABLISHED
DRUMS_00022,drums,6.292607709750567,277504,True,SEPARATOR_DRUMS_STEM,88faa9bd504e4253b9e17da5e8ddd3b5fdc310abb542c2ac493a656752546290,1cfc00dd-5652-5792-83a6-c1195da87b63,SEPARATOR_DERIVED / STEM_ONLY,6.292607709750567,SEPARATOR_STEM,NOT_ESTABLISHED
DRUMS_00026,drums,7.047256235827664,310784,True,SEPARATOR_DRUMS_STEM,88faa9bd504e4253b9e17da5e8ddd3b5fdc310abb542c2ac493a656752546290,1cfc00dd-5652-5792-83a6-c1195da87b63,SEPARATOR_DERIVED / STEM_ONLY,7.047256235827664,SEPARATOR_STEM,NOT_ESTABLISHED
DRUMS_00027,drums,7.4071655328798185,326656,True,SEPARATOR_DRUMS_STEM,88faa9bd504e4253b9e17da5e8ddd3b5fdc310abb542c2ac493a656752546290,1cfc00dd-5652-5792-83a6-c1195da87b63,SEPARATOR_DERIVED / STEM_ONLY,7.4071655328798185,SEPARATOR_STEM,NOT_ESTABLISHED
DRUMS_00046,drums,12.167256235827665,536576,True,SEPARATOR_DRUMS_STEM,88faa9bd504e4253b9e17da5e8ddd3b5fdc310abb542c2ac493a656752546290,1cfc00dd-5652-5792-83a6-c1195da87b63,SEPARATOR_DERIVED / STEM_ONLY,12.167256235827665,SEPARATOR_STEM,NOT_ESTABLISHED
DRUMS_00057,drums,14.616961451247166,644608,True,SEPARATOR_DRUMS_STEM,88faa9bd504e4253b9e17da5e8ddd3b5fdc310abb542c2ac493a656752546290,1cfc00dd-5652-5792-83a6-c1195da87b63,SEPARATOR_DERIVED / STEM_ONLY,14.616961451247166,SEPARATOR_STEM,NOT_ESTABLISHED
DRUMS_00060,drums,15.336780045351475,676352,True,SEPARATOR_DRUMS_STEM,88faa9bd504e4253b9e17da5e8ddd3b5fdc310abb542c2ac493a656752546290,1cfc00dd-5652-5792-83a6-c1195da87b63,SEPARATOR_DERIVED / STEM_ONLY,15.336780045351475,SEPARATOR_STEM,NOT_ESTABLISHED
DRUMS_00095,drums,23.370884353741495,1030656,True,SEPARATOR_DRUMS_STEM,88faa9bd504e4253b9e17da5e8ddd3b5fdc310abb542c2ac493a656752546290,1cfc00dd-5652-5792-83a6-c1195da87b63,SEPARATOR_DERIVED / STEM_ONLY,23.370884353741495,SEPARATOR_STEM,NOT_ESTABLISHED
DRUMS_00100,drums,24.11392290249433,1063424,True,SEPARATOR_DRUMS_STEM,88faa9bd504e4253b9e17da5e8ddd3b5fdc310abb542c2ac493a656752546290,1cfc00dd-5652-5792-83a6-c1195da87b63,SEPARATOR_DERIVED / STEM_ONLY,24.11392290249433,SEPARATOR_STEM,NOT_ESTABLISHED
DRUMS_00101,drums,24.206802721088437,1067520,True,SEPARATOR_DRUMS_STEM,88faa9bd504e4253b9e17da5e8ddd3b5fdc310abb542c2ac493a656752546290,1cfc00dd-5652-5792-83a6-c1195da87b63,SEPARATOR_DERIVED / STEM_ONLY,24.206802721088437,SEPARATOR_STEM,NOT_ESTABLISHED
DRUMS_00109,drums,26.749387755102042,1179648,True,SEPARATOR_DRUMS_STEM,88faa9bd504e4253b9e17da5e8ddd3b5fdc310abb542c2ac493a656752546290,1cfc00dd-5652-5792-83a6-c1195da87b63,SEPARATOR_DERIVED / STEM_ONLY,26.749387755102042,SEPARATOR_STEM,NOT_ESTABLISHED
DRUMS_00110,drums,27.028027210884353,1191936,True,SEPARATOR_DRUMS_STEM,88faa9bd504e4253b9e17da5e8ddd3b5fdc310abb542c2ac493a656752546290,1cfc00dd-5652-5792-83a6-c1195da87b63,SEPARATOR_DERIVED / STEM_ONLY,27.028027210884353,SEPARATOR_STEM,NOT_ESTABLISHED
DRUMS_00112,drums,27.48081632653061,1211904,True,SEPARATOR_DRUMS_STEM,88faa9bd504e4253b9e17da5e8ddd3b5fdc310abb542c2ac493a656752546290,1cfc00dd-5652-5792-83a6-c1195da87b63,SEPARATOR_DERIVED / STEM_ONLY,27.48081632653061,SEPARATOR_STEM,NOT_ESTABLISHED
DRUMS_00113,drums,27.86394557823129,1228800,True,SEPARATOR_DRUMS_STEM,88faa9bd504e4253b9e17da5e8ddd3b5fdc310abb542c2ac493a656752546290,1cfc00dd-5652-5792-83a6-c1195da87b63,SEPARATOR_DERIVED / STEM_ONLY,27.86394557823129,SEPARATOR_STEM,NOT_ESTABLISHED
DRUMS_00114,drums,28.212244897959184,1244160,True,SEPARATOR_DRUMS_STEM,88faa9bd504e4253b9e17da5e8ddd3b5fdc310abb542c2ac493a656752546290,1cfc00dd-5652-5792-83a6-c1195da87b63,SEPARATOR_DERIVED / STEM_ONLY,28.212244897959184,SEPARATOR_STEM,NOT_ESTABLISHED
DRUMS_00115,drums,28.479274376417234,1255936,True,SEPARATOR_DRUMS_STEM,88faa9bd504e4253b9e17da5e8ddd3b5fdc310abb542c2ac493a656752546290,1cfc00dd-5652-5792-83a6-c1195da87b63,SEPARATOR_DERIVED / STEM_ONLY,28.479274376417234,SEPARATOR_STEM,NOT_ESTABLISHED
DRUMS_00118,drums,29.175873015873016,1286656,True,SEPARATOR_DRUMS_STEM,88faa9bd504e4253b9e17da5e8ddd3b5fdc310abb542c2ac493a656752546290,1cfc00dd-5652-5792-83a6-c1195da87b63,SEPARATOR_DERIVED / STEM_ONLY,29.175873015873016,SEPARATOR_STEM,NOT_ESTABLISHED
DRUMS_00120,drums,29.663492063492065,1308160,True,SEPARATOR_DRUMS_STEM,88faa9bd504e4253b9e17da5e8ddd3b5fdc310abb542c2ac493a656752546290,1cfc00dd-5652-5792-83a6-c1195da87b63,SEPARATOR_DERIVED / STEM_ONLY,29.663492063492065,SEPARATOR_STEM,NOT_ESTABLISHED
DRUMS_00128,drums,32.21768707482993,1420800,True,SEPARATOR_DRUMS_STEM,88faa9bd504e4253b9e17da5e8ddd3b5fdc310abb542c2ac493a656752546290,1cfc00dd-5652-5792-83a6-c1195da87b63,SEPARATOR_DERIVED / STEM_ONLY,32.21768707482993,SEPARATOR_STEM,NOT_ESTABLISHED
DRUMS_00135,drums,33.599274376417235,1481728,True,SEPARATOR_DRUMS_STEM,88faa9bd504e4253b9e17da5e8ddd3b5fdc310abb542c2ac493a656752546290,1cfc00dd-5652-5792-83a6-c1195da87b63,SEPARATOR_DERIVED / STEM_ONLY,33.599274376417235,SEPARATOR_STEM,NOT_ESTABLISHED
DRUMS_00151,drums,37.209977324263036,1640960,True,SEPARATOR_DRUMS_STEM,88faa9bd504e4253b9e17da5e8ddd3b5fdc310abb542c2ac493a656752546290,1cfc00dd-5652-5792-83a6-c1195da87b63,SEPARATOR_DERIVED / STEM_ONLY,37.209977324263036,SEPARATOR_STEM,NOT_ESTABLISHED
DRUMS_00167,drums,42.016507936507935,1852928,True,SEPARATOR_DRUMS_STEM,88faa9bd504e4253b9e17da5e8ddd3b5fdc310abb542c2ac493a656752546290,1cfc00dd-5652-5792-83a6-c1195da87b63,SEPARATOR_DERIVED / STEM_ONLY,42.016507936507935,SEPARATOR_STEM,NOT_ESTABLISHED
DRUMS_00173,drums,43.502585034013606,1918464,True,SEPARATOR_DRUMS_STEM,88faa9bd504e4253b9e17da5e8ddd3b5fdc310abb542c2ac493a656752546290,1cfc00dd-5652-5792-83a6-c1195da87b63,SEPARATOR_DERIVED / STEM_ONLY,43.502585034013606,SEPARATOR_STEM,NOT_ESTABLISHED
DRUMS_00180,drums,48.18140589569161,2124800,True,SEPARATOR_DRUMS_STEM,88faa9bd504e4253b9e17da5e8ddd3b5fdc310abb542c2ac493a656752546290,1cfc00dd-5652-5792-83a6-c1195da87b63,SEPARATOR_DERIVED / STEM_ONLY,48.18140589569161,SEPARATOR_STEM,NOT_ESTABLISHED
DRUMS_00192,drums,51.861768707482995,2287104,True,SEPARATOR_DRUMS_STEM,88faa9bd504e4253b9e17da5e8ddd3b5fdc310abb542c2ac493a656752546290,1cfc00dd-5652-5792-83a6-c1195da87b63,SEPARATOR_DERIVED / STEM_ONLY,51.861768707482995,SEPARATOR_STEM,NOT_ESTABLISHED
DRUMS_00215,drums,58.03827664399093,2559488,True,SEPARATOR_DRUMS_STEM,88faa9bd504e4253b9e17da5e8ddd3b5fdc310abb542c2ac493a656752546290,1cfc00dd-5652-5792-83a6-c1195da87b63,SEPARATOR_DERIVED / STEM_ONLY,58.03827664399093,SEPARATOR_STEM,NOT_ESTABLISHED
DRUMS_00216,drums,58.316916099773245,2571776,True,SEPARATOR_DRUMS_STEM,88faa9bd504e4253b9e17da5e8ddd3b5fdc310abb542c2ac493a656752546290,1cfc00dd-5652-5792-83a6-c1195da87b63,SEPARATOR_DERIVED / STEM_ONLY,58.316916099773245,SEPARATOR_STEM,NOT_ESTABLISHED
DRUMS_00229,drums,62.00888888888889,2734592,True,SEPARATOR_DRUMS_STEM,88faa9bd504e4253b9e17da5e8ddd3b5fdc310abb542c2ac493a656752546290,1cfc00dd-5652-5792-83a6-c1195da87b63,SEPARATOR_DERIVED / STEM_ONLY,62.00888888888889,SEPARATOR_STEM,NOT_ESTABLISHED
DRUMS_00233,drums,63.10022675736961,2782720,True,SEPARATOR_DRUMS_STEM,88faa9bd504e4253b9e17da5e8ddd3b5fdc310abb542c2ac493a656752546290,1cfc00dd-5652-5792-83a6-c1195da87b63,SEPARATOR_DERIVED / STEM_ONLY,63.10022675736961,SEPARATOR_STEM,NOT_ESTABLISHED
DRUMS_00238,drums,63.901315192743766,2818048,True,SEPARATOR_DRUMS_STEM,88faa9bd504e4253b9e17da5e8ddd3b5fdc310abb542c2ac493a656752546290,1cfc00dd-5652-5792-83a6-c1195da87b63,SEPARATOR_DERIVED / STEM_ONLY,63.901315192743766,SEPARATOR_STEM,NOT_ESTABLISHED
DRUMS_00242,drums,64.7720634920635,2856448,True,SEPARATOR_DRUMS_STEM,88faa9bd504e4253b9e17da5e8ddd3b5fdc310abb542c2ac493a656752546290,1cfc00dd-5652-5792-83a6-c1195da87b63,SEPARATOR_DERIVED / STEM_ONLY,64.7720634920635,SEPARATOR_STEM,NOT_ESTABLISHED
DRUMS_00255,drums,67.84870748299319,2992128,True,SEPARATOR_DRUMS_STEM,88faa9bd504e4253b9e17da5e8ddd3b5fdc310abb542c2ac493a656752546290,1cfc00dd-5652-5792-83a6-c1195da87b63,SEPARATOR_DERIVED / STEM_ONLY,67.84870748299319,SEPARATOR_STEM,NOT_ESTABLISHED
DRUMS_00269,drums,71.44780045351474,3150848,True,SEPARATOR_DRUMS_STEM,88faa9bd504e4253b9e17da5e8ddd3b5fdc310abb542c2ac493a656752546290,1cfc00dd-5652-5792-83a6-c1195da87b63,SEPARATOR_DERIVED / STEM_ONLY,71.44780045351474,SEPARATOR_STEM,NOT_ESTABLISHED
DRUMS_00277,drums,73.52598639455782,3242496,True,SEPARATOR_DRUMS_STEM,88faa9bd504e4253b9e17da5e8ddd3b5fdc310abb542c2ac493a656752546290,1cfc00dd-5652-5792-83a6-c1195da87b63,SEPARATOR_DERIVED / STEM_ONLY,73.52598639455782,SEPARATOR_STEM,NOT_ESTABLISHED
DRUMS_00290,drums,76.16145124716553,3358720,True,SEPARATOR_DRUMS_STEM,88faa9bd504e4253b9e17da5e8ddd3b5fdc310abb542c2ac493a656752546290,1cfc00dd-5652-5792-83a6-c1195da87b63,SEPARATOR_DERIVED / STEM_ONLY,76.16145124716553,SEPARATOR_STEM,NOT_ESTABLISHED
DRUMS_00294,drums,77.04380952380953,3397632,True,SEPARATOR_DRUMS_STEM,88faa9bd504e4253b9e17da5e8ddd3b5fdc310abb542c2ac493a656752546290,1cfc00dd-5652-5792-83a6-c1195da87b63,SEPARATOR_DERIVED / STEM_ONLY,77.04380952380953,SEPARATOR_STEM,NOT_ESTABLISHED
DRUMS_00303,drums,78.6575963718821,3468800,True,SEPARATOR_DRUMS_STEM,88faa9bd504e4253b9e17da5e8ddd3b5fdc310abb542c2ac493a656752546290,1cfc00dd-5652-5792-83a6-c1195da87b63,SEPARATOR_DERIVED / STEM_ONLY,78.6575963718821,SEPARATOR_STEM,NOT_ESTABLISHED
DRUMS_00305,drums,79.26131519274377,3495424,True,SEPARATOR_DRUMS_STEM,88faa9bd504e4253b9e17da5e8ddd3b5fdc310abb542c2ac493a656752546290,1cfc00dd-5652-5792-83a6-c1195da87b63,SEPARATOR_DERIVED / STEM_ONLY,79.26131519274377,SEPARATOR_STEM,NOT_ESTABLISHED
DRUMS_00312,drums,80.73578231292517,3560448,True,SEPARATOR_DRUMS_STEM,88faa9bd504e4253b9e17da5e8ddd3b5fdc310abb542c2ac493a656752546290,1cfc00dd-5652-5792-83a6-c1195da87b63,SEPARATOR_DERIVED / STEM_ONLY,80.73578231292517,SEPARATOR_STEM,NOT_ESTABLISHED
DRUMS_00322,drums,82.96489795918367,3658752,True,SEPARATOR_DRUMS_STEM,88faa9bd504e4253b9e17da5e8ddd3b5fdc310abb542c2ac493a656752546290,1cfc00dd-5652-5792-83a6-c1195da87b63,SEPARATOR_DERIVED / STEM_ONLY,82.96489795918367,SEPARATOR_STEM,NOT_ESTABLISHED
DRUMS_00341,drums,88.39836734693877,3898368,True,SEPARATOR_DRUMS_STEM,88faa9bd504e4253b9e17da5e8ddd3b5fdc310abb542c2ac493a656752546290,1cfc00dd-5652-5792-83a6-c1195da87b63,SEPARATOR_DERIVED / STEM_ONLY,88.39836734693877,SEPARATOR_STEM,NOT_ESTABLISHED
DRUMS_00345,drums,89.83800453514739,3961856,True,SEPARATOR_DRUMS_STEM,88faa9bd504e4253b9e17da5e8ddd3b5fdc310abb542c2ac493a656752546290,1cfc00dd-5652-5792-83a6-c1195da87b63,SEPARATOR_DERIVED / STEM_ONLY,89.83800453514739,SEPARATOR_STEM,NOT_ESTABLISHED
DRUMS_00346,drums,90.19791383219955,3977728,True,SEPARATOR_DRUMS_STEM,88faa9bd504e4253b9e17da5e8ddd3b5fdc310abb542c2ac493a656752546290,1cfc00dd-5652-5792-83a6-c1195da87b63,SEPARATOR_DERIVED / STEM_ONLY,90.19791383219955,SEPARATOR_STEM,NOT_ESTABLISHED
DRUMS_00350,drums,91.2195918367347,4022784,True,SEPARATOR_DRUMS_STEM,88faa9bd504e4253b9e17da5e8ddd3b5fdc310abb542c2ac493a656752546290,1cfc00dd-5652-5792-83a6-c1195da87b63,SEPARATOR_DERIVED / STEM_ONLY,91.2195918367347,SEPARATOR_STEM,NOT_ESTABLISHED
DRUMS_00354,drums,92.22965986394559,4067328,True,SEPARATOR_DRUMS_STEM,88faa9bd504e4253b9e17da5e8ddd3b5fdc310abb542c2ac493a656752546290,1cfc00dd-5652-5792-83a6-c1195da87b63,SEPARATOR_DERIVED / STEM_ONLY,92.22965986394559,SEPARATOR_STEM,NOT_ESTABLISHED
DRUMS_00361,drums,94.4239455782313,4164096,True,SEPARATOR_DRUMS_STEM,88faa9bd504e4253b9e17da5e8ddd3b5fdc310abb542c2ac493a656752546290,1cfc00dd-5652-5792-83a6-c1195da87b63,SEPARATOR_DERIVED / STEM_ONLY,94.4239455782313,SEPARATOR_STEM,NOT_ESTABLISHED
DRUMS_00364,drums,95.21342403628118,4198912,True,SEPARATOR_DRUMS_STEM,88faa9bd504e4253b9e17da5e8ddd3b5fdc310abb542c2ac493a656752546290,1cfc00dd-5652-5792-83a6-c1195da87b63,SEPARATOR_DERIVED / STEM_ONLY,95.21342403628118,SEPARATOR_STEM,NOT_ESTABLISHED
DRUMS_00378,drums,99.20725623582767,4375040,True,SEPARATOR_DRUMS_STEM,88faa9bd504e4253b9e17da5e8ddd3b5fdc310abb542c2ac493a656752546290,1cfc00dd-5652-5792-83a6-c1195da87b63,SEPARATOR_DERIVED / STEM_ONLY,99.20725623582767,SEPARATOR_STEM,NOT_ESTABLISHED
DRUMS_00385,drums,101.03002267573696,4455424,True,SEPARATOR_DRUMS_STEM,88faa9bd504e4253b9e17da5e8ddd3b5fdc310abb542c2ac493a656752546290,1cfc00dd-5652-5792-83a6-c1195da87b63,SEPARATOR_DERIVED / STEM_ONLY,101.03002267573696,SEPARATOR_STEM,NOT_ESTABLISHED
DRUMS_00386,drums,101.40154195011338,4471808,True,SEPARATOR_DRUMS_STEM,88faa9bd504e4253b9e17da5e8ddd3b5fdc310abb542c2ac493a656752546290,1cfc00dd-5652-5792-83a6-c1195da87b63,SEPARATOR_DERIVED / STEM_ONLY,101.40154195011338,SEPARATOR_STEM,NOT_ESTABLISHED
DRUMS_00390,drums,102.84117913832199,4535296,True,SEPARATOR_DRUMS_STEM,88faa9bd504e4253b9e17da5e8ddd3b5fdc310abb542c2ac493a656752546290,1cfc00dd-5652-5792-83a6-c1195da87b63,SEPARATOR_DERIVED / STEM_ONLY,102.84117913832199,SEPARATOR_STEM,NOT_ESTABLISHED
DRUMS_00416,drums,109.52852607709751,4830208,True,SEPARATOR_DRUMS_STEM,88faa9bd504e4253b9e17da5e8ddd3b5fdc310abb542c2ac493a656752546290,1cfc00dd-5652-5792-83a6-c1195da87b63,SEPARATOR_DERIVED / STEM_ONLY,109.52852607709751,SEPARATOR_STEM,NOT_ESTABLISHED
DRUMS_00418,drums,110.25995464852608,4862464,True,SEPARATOR_DRUMS_STEM,88faa9bd504e4253b9e17da5e8ddd3b5fdc310abb542c2ac493a656752546290,1cfc00dd-5652-5792-83a6-c1195da87b63,SEPARATOR_DERIVED / STEM_ONLY,110.25995464852608,SEPARATOR_STEM,NOT_ESTABLISHED
DRUMS_00423,drums,112.17560090702948,4946944,True,SEPARATOR_DRUMS_STEM,88faa9bd504e4253b9e17da5e8ddd3b5fdc310abb542c2ac493a656752546290,1cfc00dd-5652-5792-83a6-c1195da87b63,SEPARATOR_DERIVED / STEM_ONLY,112.17560090702948,SEPARATOR_STEM,NOT_ESTABLISHED
DRUMS_00425,drums,112.91863945578231,4979712,True,SEPARATOR_DRUMS_STEM,88faa9bd504e4253b9e17da5e8ddd3b5fdc310abb542c2ac493a656752546290,1cfc00dd-5652-5792-83a6-c1195da87b63,SEPARATOR_DERIVED / STEM_ONLY,112.91863945578231,SEPARATOR_STEM,NOT_ESTABLISHED
DRUMS_00430,drums,114.35827664399093,5043200,True,SEPARATOR_DRUMS_STEM,88faa9bd504e4253b9e17da5e8ddd3b5fdc310abb542c2ac493a656752546290,1cfc00dd-5652-5792-83a6-c1195da87b63,SEPARATOR_DERIVED / STEM_ONLY,114.35827664399093,SEPARATOR_STEM,NOT_ESTABLISHED
DRUMS_00436,drums,116.14621315192744,5122048,True,SEPARATOR_DRUMS_STEM,88faa9bd504e4253b9e17da5e8ddd3b5fdc310abb542c2ac493a656752546290,1cfc00dd-5652-5792-83a6-c1195da87b63,SEPARATOR_DERIVED / STEM_ONLY,116.14621315192744,SEPARATOR_STEM,NOT_ESTABLISHED
DRUMS_00450,drums,120.88308390022675,5330944,True,SEPARATOR_DRUMS_STEM,88faa9bd504e4253b9e17da5e8ddd3b5fdc310abb542c2ac493a656752546290,1cfc00dd-5652-5792-83a6-c1195da87b63,SEPARATOR_DERIVED / STEM_ONLY,120.88308390022675,SEPARATOR_STEM,NOT_ESTABLISHED
DRUMS_00452,drums,121.52163265306122,5359104,True,SEPARATOR_DRUMS_STEM,88faa9bd504e4253b9e17da5e8ddd3b5fdc310abb542c2ac493a656752546290,1cfc00dd-5652-5792-83a6-c1195da87b63,SEPARATOR_DERIVED / STEM_ONLY,121.52163265306122,SEPARATOR_STEM,NOT_ESTABLISHED
DRUMS_00467,drums,126.57197278911565,5581824,True,SEPARATOR_DRUMS_STEM,88faa9bd504e4253b9e17da5e8ddd3b5fdc310abb542c2ac493a656752546290,1cfc00dd-5652-5792-83a6-c1195da87b63,SEPARATOR_DERIVED / STEM_ONLY,126.57197278911565,SEPARATOR_STEM,NOT_ESTABLISHED
DRUMS_00472,drums,128.04643990929705,5646848,True,SEPARATOR_DRUMS_STEM,88faa9bd504e4253b9e17da5e8ddd3b5fdc310abb542c2ac493a656752546290,1cfc00dd-5652-5792-83a6-c1195da87b63,SEPARATOR_DERIVED / STEM_ONLY,128.04643990929705,SEPARATOR_STEM,NOT_ESTABLISHED
DRUMS_00486,drums,131.28562358276645,5789696,True,SEPARATOR_DRUMS_STEM,88faa9bd504e4253b9e17da5e8ddd3b5fdc310abb542c2ac493a656752546290,1cfc00dd-5652-5792-83a6-c1195da87b63,SEPARATOR_DERIVED / STEM_ONLY,131.28562358276645,SEPARATOR_STEM,NOT_ESTABLISHED
DRUMS_00489,drums,132.0518820861678,5823488,True,SEPARATOR_DRUMS_STEM,88faa9bd504e4253b9e17da5e8ddd3b5fdc310abb542c2ac493a656752546290,1cfc00dd-5652-5792-83a6-c1195da87b63,SEPARATOR_DERIVED / STEM_ONLY,132.0518820861678,SEPARATOR_STEM,NOT_ESTABLISHED
DRUMS_00494,drums,133.07356009070295,5868544,True,SEPARATOR_DRUMS_STEM,88faa9bd504e4253b9e17da5e8ddd3b5fdc310abb542c2ac493a656752546290,1cfc00dd-5652-5792-83a6-c1195da87b63,SEPARATOR_DERIVED / STEM_ONLY,133.07356009070295,SEPARATOR_STEM,NOT_ESTABLISHED
DRUMS_00495,drums,133.14321995464852,5871616,True,SEPARATOR_DRUMS_STEM,88faa9bd504e4253b9e17da5e8ddd3b5fdc310abb542c2ac493a656752546290,1cfc00dd-5652-5792-83a6-c1195da87b63,SEPARATOR_DERIVED / STEM_ONLY,133.14321995464852,SEPARATOR_STEM,NOT_ESTABLISHED
DRUMS_00496,drums,133.3986394557823,5882880,True,SEPARATOR_DRUMS_STEM,88faa9bd504e4253b9e17da5e8ddd3b5fdc310abb542c2ac493a656752546290,1cfc00dd-5652-5792-83a6-c1195da87b63,SEPARATOR_DERIVED / STEM_ONLY,133.3986394557823,SEPARATOR_STEM,NOT_ESTABLISHED
DRUMS_00502,drums,135.24462585034013,5964288,True,SEPARATOR_DRUMS_STEM,88faa9bd504e4253b9e17da5e8ddd3b5fdc310abb542c2ac493a656752546290,1cfc00dd-5652-5792-83a6-c1195da87b63,SEPARATOR_DERIVED / STEM_ONLY,135.24462585034013,SEPARATOR_STEM,NOT_ESTABLISHED
DRUMS_00505,drums,135.95283446712017,5995520,True,SEPARATOR_DRUMS_STEM,88faa9bd504e4253b9e17da5e8ddd3b5fdc310abb542c2ac493a656752546290,1cfc00dd-5652-5792-83a6-c1195da87b63,SEPARATOR_DERIVED / STEM_ONLY,135.95283446712017,SEPARATOR_STEM,NOT_ESTABLISHED
DRUMS_00535,drums,144.69514739229024,6381056,True,SEPARATOR_DRUMS_STEM,88faa9bd504e4253b9e17da5e8ddd3b5fdc310abb542c2ac493a656752546290,1cfc00dd-5652-5792-83a6-c1195da87b63,SEPARATOR_DERIVED / STEM_ONLY,144.69514739229024,SEPARATOR_STEM,NOT_ESTABLISHED
DRUMS_00539,drums,146.05351473922903,6440960,True,SEPARATOR_DRUMS_STEM,88faa9bd504e4253b9e17da5e8ddd3b5fdc310abb542c2ac493a656752546290,1cfc00dd-5652-5792-83a6-c1195da87b63,SEPARATOR_DERIVED / STEM_ONLY,146.05351473922903,SEPARATOR_STEM,NOT_ESTABLISHED
DRUMS_00555,drums,149.75709750566892,6604288,True,SEPARATOR_DRUMS_STEM,88faa9bd504e4253b9e17da5e8ddd3b5fdc310abb542c2ac493a656752546290,1cfc00dd-5652-5792-83a6-c1195da87b63,SEPARATOR_DERIVED / STEM_ONLY,149.75709750566892,SEPARATOR_STEM,NOT_ESTABLISHED
DRUMS_00565,drums,151.82367346938776,6695424,True,SEPARATOR_DRUMS_STEM,88faa9bd504e4253b9e17da5e8ddd3b5fdc310abb542c2ac493a656752546290,1cfc00dd-5652-5792-83a6-c1195da87b63,SEPARATOR_DERIVED / STEM_ONLY,151.82367346938776,SEPARATOR_STEM,NOT_ESTABLISHED
DRUMS_00566,drums,151.88172335600908,6697984,True,SEPARATOR_DRUMS_STEM,88faa9bd504e4253b9e17da5e8ddd3b5fdc310abb542c2ac493a656752546290,1cfc00dd-5652-5792-83a6-c1195da87b63,SEPARATOR_DERIVED / STEM_ONLY,151.88172335600908,SEPARATOR_STEM,NOT_ESTABLISHED
DRUMS_00571,drums,153.27492063492065,6759424,True,SEPARATOR_DRUMS_STEM,88faa9bd504e4253b9e17da5e8ddd3b5fdc310abb542c2ac493a656752546290,1cfc00dd-5652-5792-83a6-c1195da87b63,SEPARATOR_DERIVED / STEM_ONLY,153.27492063492065,SEPARATOR_STEM,NOT_ESTABLISHED
DRUMS_00576,drums,154.7261678004535,6823424,True,SEPARATOR_DRUMS_STEM,88faa9bd504e4253b9e17da5e8ddd3b5fdc310abb542c2ac493a656752546290,1cfc00dd-5652-5792-83a6-c1195da87b63,SEPARATOR_DERIVED / STEM_ONLY,154.7261678004535,SEPARATOR_STEM,NOT_ESTABLISHED
DRUMS_00585,drums,156.9901133786848,6923264,True,SEPARATOR_DRUMS_STEM,88faa9bd504e4253b9e17da5e8ddd3b5fdc310abb542c2ac493a656752546290,1cfc00dd-5652-5792-83a6-c1195da87b63,SEPARATOR_DERIVED / STEM_ONLY,156.9901133786848,SEPARATOR_STEM,NOT_ESTABLISHED
DRUMS_00586,drums,157.2455328798186,6934528,True,SEPARATOR_DRUMS_STEM,88faa9bd504e4253b9e17da5e8ddd3b5fdc310abb542c2ac493a656752546290,1cfc00dd-5652-5792-83a6-c1195da87b63,SEPARATOR_DERIVED / STEM_ONLY,157.2455328798186,SEPARATOR_STEM,NOT_ESTABLISHED
DRUMS_00600,drums,160.5775963718821,7081472,True,SEPARATOR_DRUMS_STEM,88faa9bd504e4253b9e17da5e8ddd3b5fdc310abb542c2ac493a656752546290,1cfc00dd-5652-5792-83a6-c1195da87b63,SEPARATOR_DERIVED / STEM_ONLY,160.5775963718821,SEPARATOR_STEM,NOT_ESTABLISHED
DRUMS_00611,drums,163.07374149659864,7191552,True,SEPARATOR_DRUMS_STEM,88faa9bd504e4253b9e17da5e8ddd3b5fdc310abb542c2ac493a656752546290,1cfc00dd-5652-5792-83a6-c1195da87b63,SEPARATOR_DERIVED / STEM_ONLY,163.07374149659864,SEPARATOR_STEM,NOT_ESTABLISHED
DRUMS_00614,drums,163.53814058956917,7212032,True,SEPARATOR_DRUMS_STEM,88faa9bd504e4253b9e17da5e8ddd3b5fdc310abb542c2ac493a656752546290,1cfc00dd-5652-5792-83a6-c1195da87b63,SEPARATOR_DERIVED / STEM_ONLY,163.53814058956917,SEPARATOR_STEM,NOT_ESTABLISHED
DRUMS_00619,drums,165.29124716553287,7289344,True,SEPARATOR_DRUMS_STEM,88faa9bd504e4253b9e17da5e8ddd3b5fdc310abb542c2ac493a656752546290,1cfc00dd-5652-5792-83a6-c1195da87b63,SEPARATOR_DERIVED / STEM_ONLY,165.29124716553287,SEPARATOR_STEM,NOT_ESTABLISHED
DRUMS_00626,drums,166.82376417233561,7356928,True,SEPARATOR_DRUMS_STEM,88faa9bd504e4253b9e17da5e8ddd3b5fdc310abb542c2ac493a656752546290,1cfc00dd-5652-5792-83a6-c1195da87b63,SEPARATOR_DERIVED / STEM_ONLY,166.82376417233561,SEPARATOR_STEM,NOT_ESTABLISHED
DRUMS_00631,drums,167.86866213151927,7403008,True,SEPARATOR_DRUMS_STEM,88faa9bd504e4253b9e17da5e8ddd3b5fdc310abb542c2ac493a656752546290,1cfc00dd-5652-5792-83a6-c1195da87b63,SEPARATOR_DERIVED / STEM_ONLY,167.86866213151927,SEPARATOR_STEM,NOT_ESTABLISHED
DRUMS_00633,drums,168.22857142857143,7418880,True,SEPARATOR_DRUMS_STEM,88faa9bd504e4253b9e17da5e8ddd3b5fdc310abb542c2ac493a656752546290,1cfc00dd-5652-5792-83a6-c1195da87b63,SEPARATOR_DERIVED / STEM_ONLY,168.22857142857143,SEPARATOR_STEM,NOT_ESTABLISHED
DRUMS_00640,drums,169.94684807256235,7494656,True,SEPARATOR_DRUMS_STEM,88faa9bd504e4253b9e17da5e8ddd3b5fdc310abb542c2ac493a656752546290,1cfc00dd-5652-5792-83a6-c1195da87b63,SEPARATOR_DERIVED / STEM_ONLY,169.94684807256235,SEPARATOR_STEM,NOT_ESTABLISHED
DRUMS_00650,drums,172.094693877551,7589376,True,SEPARATOR_DRUMS_STEM,88faa9bd504e4253b9e17da5e8ddd3b5fdc310abb542c2ac493a656752546290,1cfc00dd-5652-5792-83a6-c1195da87b63,SEPARATOR_DERIVED / STEM_ONLY,172.094693877551,SEPARATOR_STEM,NOT_ESTABLISHED
DRUMS_00653,drums,172.81451247165532,7621120,True,SEPARATOR_DRUMS_STEM,88faa9bd504e4253b9e17da5e8ddd3b5fdc310abb542c2ac493a656752546290,1cfc00dd-5652-5792-83a6-c1195da87b63,SEPARATOR_DERIVED / STEM_ONLY,172.81451247165532,SEPARATOR_STEM,NOT_ESTABLISHED
DRUMS_00667,drums,175.403537414966,7735296,True,SEPARATOR_DRUMS_STEM,88faa9bd504e4253b9e17da5e8ddd3b5fdc310abb542c2ac493a656752546290,1cfc00dd-5652-5792-83a6-c1195da87b63,SEPARATOR_DERIVED / STEM_ONLY,175.403537414966,SEPARATOR_STEM,NOT_ESTABLISHED
DRUMS_00672,drums,176.88961451247167,7800832,True,SEPARATOR_DRUMS_STEM,88faa9bd504e4253b9e17da5e8ddd3b5fdc310abb542c2ac493a656752546290,1cfc00dd-5652-5792-83a6-c1195da87b63,SEPARATOR_DERIVED / STEM_ONLY,176.88961451247167,SEPARATOR_STEM,NOT_ESTABLISHED
DRUMS_00680,drums,179.29287981859412,7906816,True,SEPARATOR_DRUMS_STEM,88faa9bd504e4253b9e17da5e8ddd3b5fdc310abb542c2ac493a656752546290,1cfc00dd-5652-5792-83a6-c1195da87b63,SEPARATOR_DERIVED / STEM_ONLY,179.29287981859412,SEPARATOR_STEM,NOT_ESTABLISHED
DRUMS_00697,drums,183.28671201814058,8082944,True,SEPARATOR_DRUMS_STEM,88faa9bd504e4253b9e17da5e8ddd3b5fdc310abb542c2ac493a656752546290,1cfc00dd-5652-5792-83a6-c1195da87b63,SEPARATOR_DERIVED / STEM_ONLY,183.28671201814058,SEPARATOR_STEM,NOT_ESTABLISHED
DRUMS_00705,drums,185.08625850340135,8162304,True,SEPARATOR_DRUMS_STEM,88faa9bd504e4253b9e17da5e8ddd3b5fdc310abb542c2ac493a656752546290,1cfc00dd-5652-5792-83a6-c1195da87b63,SEPARATOR_DERIVED / STEM_ONLY,185.08625850340135,SEPARATOR_STEM,NOT_ESTABLISHED
DRUMS_00706,drums,185.56226757369615,8183296,True,SEPARATOR_DRUMS_STEM,88faa9bd504e4253b9e17da5e8ddd3b5fdc310abb542c2ac493a656752546290,1cfc00dd-5652-5792-83a6-c1195da87b63,SEPARATOR_DERIVED / STEM_ONLY,185.56226757369615,SEPARATOR_STEM,NOT_ESTABLISHED
DRUMS_00711,drums,186.56072562358275,8227328,True,SEPARATOR_DRUMS_STEM,88faa9bd504e4253b9e17da5e8ddd3b5fdc310abb542c2ac493a656752546290,1cfc00dd-5652-5792-83a6-c1195da87b63,SEPARATOR_DERIVED / STEM_ONLY,186.56072562358275,SEPARATOR_STEM,NOT_ESTABLISHED
DRUMS_00717,drums,188.10485260770974,8295424,True,SEPARATOR_DRUMS_STEM,88faa9bd504e4253b9e17da5e8ddd3b5fdc310abb542c2ac493a656752546290,1cfc00dd-5652-5792-83a6-c1195da87b63,SEPARATOR_DERIVED / STEM_ONLY,188.10485260770974,SEPARATOR_STEM,NOT_ESTABLISHED
DRUMS_00718,drums,188.36027210884353,8306688,True,SEPARATOR_DRUMS_STEM,88faa9bd504e4253b9e17da5e8ddd3b5fdc310abb542c2ac493a656752546290,1cfc00dd-5652-5792-83a6-c1195da87b63,SEPARATOR_DERIVED / STEM_ONLY,188.36027210884353,SEPARATOR_STEM,NOT_ESTABLISHED
DRUMS_00720,drums,188.73179138321996,8323072,True,SEPARATOR_DRUMS_STEM,88faa9bd504e4253b9e17da5e8ddd3b5fdc310abb542c2ac493a656752546290,1cfc00dd-5652-5792-83a6-c1195da87b63,SEPARATOR_DERIVED / STEM_ONLY,188.73179138321996,SEPARATOR_STEM,NOT_ESTABLISHED
DRUMS_00722,drums,189.1613605442177,8342016,True,SEPARATOR_DRUMS_STEM,88faa9bd504e4253b9e17da5e8ddd3b5fdc310abb542c2ac493a656752546290,1cfc00dd-5652-5792-83a6-c1195da87b63,SEPARATOR_DERIVED / STEM_ONLY,189.1613605442177,SEPARATOR_STEM,NOT_ESTABLISHED
DRUMS_00724,drums,189.88117913832198,8373760,True,SEPARATOR_DRUMS_STEM,88faa9bd504e4253b9e17da5e8ddd3b5fdc310abb542c2ac493a656752546290,1cfc00dd-5652-5792-83a6-c1195da87b63,SEPARATOR_DERIVED / STEM_ONLY,189.88117913832198,SEPARATOR_STEM,NOT_ESTABLISHED
DRUMS_00729,drums,191.23954648526077,8433664,True,SEPARATOR_DRUMS_STEM,88faa9bd504e4253b9e17da5e8ddd3b5fdc310abb542c2ac493a656752546290,1cfc00dd-5652-5792-83a6-c1195da87b63,SEPARATOR_DERIVED / STEM_ONLY,191.23954648526077,SEPARATOR_STEM,NOT_ESTABLISHED
DRUMS_00761,drums,197.84562358276645,8724992,True,SEPARATOR_DRUMS_STEM,88faa9bd504e4253b9e17da5e8ddd3b5fdc310abb542c2ac493a656752546290,1cfc00dd-5652-5792-83a6-c1195da87b63,SEPARATOR_DERIVED / STEM_ONLY,197.84562358276645,SEPARATOR_STEM,NOT_ESTABLISHED
DRUMS_00767,drums,200.45786848072564,8840192,True,SEPARATOR_DRUMS_STEM,88faa9bd504e4253b9e17da5e8ddd3b5fdc310abb542c2ac493a656752546290,1cfc00dd-5652-5792-83a6-c1195da87b63,SEPARATOR_DERIVED / STEM_ONLY,200.45786848072564,SEPARATOR_STEM,NOT_ESTABLISHED
DRUMS_00768,drums,200.55074829931974,8844288,True,SEPARATOR_DRUMS_STEM,88faa9bd504e4253b9e17da5e8ddd3b5fdc310abb542c2ac493a656752546290,1cfc00dd-5652-5792-83a6-c1195da87b63,SEPARATOR_DERIVED / STEM_ONLY,200.55074829931974,SEPARATOR_STEM,NOT_ESTABLISHED
DRUMS_00770,drums,200.88743764172335,8859136,True,SEPARATOR_DRUMS_STEM,88faa9bd504e4253b9e17da5e8ddd3b5fdc310abb542c2ac493a656752546290,1cfc00dd-5652-5792-83a6-c1195da87b63,SEPARATOR_DERIVED / STEM_ONLY,200.88743764172335,SEPARATOR_STEM,NOT_ESTABLISHED
DRUMS_00771,drums,201.14285714285714,8870400,True,SEPARATOR_DRUMS_STEM,88faa9bd504e4253b9e17da5e8ddd3b5fdc310abb542c2ac493a656752546290,1cfc00dd-5652-5792-83a6-c1195da87b63,SEPARATOR_DERIVED / STEM_ONLY,201.14285714285714,SEPARATOR_STEM,NOT_ESTABLISHED
DRUMS_00779,drums,202.91918367346938,8948736,True,SEPARATOR_DRUMS_STEM,88faa9bd504e4253b9e17da5e8ddd3b5fdc310abb542c2ac493a656752546290,1cfc00dd-5652-5792-83a6-c1195da87b63,SEPARATOR_DERIVED / STEM_ONLY,202.91918367346938,SEPARATOR_STEM,NOT_ESTABLISHED
DRUMS_00780,drums,203.2907029478458,8965120,True,SEPARATOR_DRUMS_STEM,88faa9bd504e4253b9e17da5e8ddd3b5fdc310abb542c2ac493a656752546290,1cfc00dd-5652-5792-83a6-c1195da87b63,SEPARATOR_DERIVED / STEM_ONLY,203.2907029478458,SEPARATOR_STEM,NOT_ESTABLISHED
DRUMS_00784,drums,203.98730158730157,8995840,True,SEPARATOR_DRUMS_STEM,88faa9bd504e4253b9e17da5e8ddd3b5fdc310abb542c2ac493a656752546290,1cfc00dd-5652-5792-83a6-c1195da87b63,SEPARATOR_DERIVED / STEM_ONLY,203.98730158730157,SEPARATOR_STEM,NOT_ESTABLISHED
DRUMS_00813,drums,212.45097505668934,9369088,True,SEPARATOR_DRUMS_STEM,88faa9bd504e4253b9e17da5e8ddd3b5fdc310abb542c2ac493a656752546290,1cfc00dd-5652-5792-83a6-c1195da87b63,SEPARATOR_DERIVED / STEM_ONLY,212.45097505668934,SEPARATOR_STEM,NOT_ESTABLISHED
DRUMS_00821,drums,214.36662131519273,9453568,True,SEPARATOR_DRUMS_STEM,88faa9bd504e4253b9e17da5e8ddd3b5fdc310abb542c2ac493a656752546290,1cfc00dd-5652-5792-83a6-c1195da87b63,SEPARATOR_DERIVED / STEM_ONLY,214.36662131519273,SEPARATOR_STEM,NOT_ESTABLISHED
DRUMS_00822,drums,214.62204081632652,9464832,True,SEPARATOR_DRUMS_STEM,88faa9bd504e4253b9e17da5e8ddd3b5fdc310abb542c2ac493a656752546290,1cfc00dd-5652-5792-83a6-c1195da87b63,SEPARATOR_DERIVED / STEM_ONLY,214.62204081632652,SEPARATOR_STEM,NOT_ESTABLISHED
DRUMS_00831,drums,216.88598639455782,9564672,True,SEPARATOR_DRUMS_STEM,88faa9bd504e4253b9e17da5e8ddd3b5fdc310abb542c2ac493a656752546290,1cfc00dd-5652-5792-83a6-c1195da87b63,SEPARATOR_DERIVED / STEM_ONLY,216.88598639455782,SEPARATOR_STEM,NOT_ESTABLISHED
DRUMS_00857,drums,221.75056689342404,9779200,True,SEPARATOR_DRUMS_STEM,88faa9bd504e4253b9e17da5e8ddd3b5fdc310abb542c2ac493a656752546290,1cfc00dd-5652-5792-83a6-c1195da87b63,SEPARATOR_DERIVED / STEM_ONLY,221.75056689342404,SEPARATOR_STEM,NOT_ESTABLISHED
DRUMS_00858,drums,221.88988662131518,9785344,True,SEPARATOR_DRUMS_STEM,88faa9bd504e4253b9e17da5e8ddd3b5fdc310abb542c2ac493a656752546290,1cfc00dd-5652-5792-83a6-c1195da87b63,SEPARATOR_DERIVED / STEM_ONLY,221.88988662131518,SEPARATOR_STEM,NOT_ESTABLISHED
DRUMS_00861,drums,222.6445351473923,9818624,True,SEPARATOR_DRUMS_STEM,88faa9bd504e4253b9e17da5e8ddd3b5fdc310abb542c2ac493a656752546290,1cfc00dd-5652-5792-83a6-c1195da87b63,SEPARATOR_DERIVED / STEM_ONLY,222.6445351473923,SEPARATOR_STEM,NOT_ESTABLISHED
DRUMS_00864,drums,223.4572335600907,9854464,True,SEPARATOR_DRUMS_STEM,88faa9bd504e4253b9e17da5e8ddd3b5fdc310abb542c2ac493a656752546290,1cfc00dd-5652-5792-83a6-c1195da87b63,SEPARATOR_DERIVED / STEM_ONLY,223.4572335600907,SEPARATOR_STEM,NOT_ESTABLISHED
DRUMS_00866,drums,224.0841723356009,9882112,True,SEPARATOR_DRUMS_STEM,88faa9bd504e4253b9e17da5e8ddd3b5fdc310abb542c2ac493a656752546290,1cfc00dd-5652-5792-83a6-c1195da87b63,SEPARATOR_DERIVED / STEM_ONLY,224.0841723356009,SEPARATOR_STEM,NOT_ESTABLISHED
DRUMS_00875,drums,226.1275283446712,9972224,True,SEPARATOR_DRUMS_STEM,88faa9bd504e4253b9e17da5e8ddd3b5fdc310abb542c2ac493a656752546290,1cfc00dd-5652-5792-83a6-c1195da87b63,SEPARATOR_DERIVED / STEM_ONLY,226.1275283446712,SEPARATOR_STEM,NOT_ESTABLISHED
DRUMS_00899,drums,233.26766439909298,10287104,True,SEPARATOR_DRUMS_STEM,88faa9bd504e4253b9e17da5e8ddd3b5fdc310abb542c2ac493a656752546290,1cfc00dd-5652-5792-83a6-c1195da87b63,SEPARATOR_DERIVED / STEM_ONLY,233.26766439909298,SEPARATOR_STEM,NOT_ESTABLISHED
DRUMS_00905,drums,234.75374149659865,10352640,True,SEPARATOR_DRUMS_STEM,88faa9bd504e4253b9e17da5e8ddd3b5fdc310abb542c2ac493a656752546290,1cfc00dd-5652-5792-83a6-c1195da87b63,SEPARATOR_DERIVED / STEM_ONLY,234.75374149659865,SEPARATOR_STEM,NOT_ESTABLISHED
DRUMS_00916,drums,237.73750566893423,10484224,True,SEPARATOR_DRUMS_STEM,88faa9bd504e4253b9e17da5e8ddd3b5fdc310abb542c2ac493a656752546290,1cfc00dd-5652-5792-83a6-c1195da87b63,SEPARATOR_DERIVED / STEM_ONLY,237.73750566893423,SEPARATOR_STEM,NOT_ESTABLISHED
DRUMS_00921,drums,239.21197278911563,10549248,True,SEPARATOR_DRUMS_STEM,88faa9bd504e4253b9e17da5e8ddd3b5fdc310abb542c2ac493a656752546290,1cfc00dd-5652-5792-83a6-c1195da87b63,SEPARATOR_DERIVED / STEM_ONLY,239.21197278911563,SEPARATOR_STEM,NOT_ESTABLISHED
DRUMS_00936,drums,243.0897052154195,10720256,True,SEPARATOR_DRUMS_STEM,88faa9bd504e4253b9e17da5e8ddd3b5fdc310abb542c2ac493a656752546290,1cfc00dd-5652-5792-83a6-c1195da87b63,SEPARATOR_DERIVED / STEM_ONLY,243.0897052154195,SEPARATOR_STEM,NOT_ESTABLISHED
DRUMS_00939,drums,244.0997732426304,10764800,True,SEPARATOR_DRUMS_STEM,88faa9bd504e4253b9e17da5e8ddd3b5fdc310abb542c2ac493a656752546290,1cfc00dd-5652-5792-83a6-c1195da87b63,SEPARATOR_DERIVED / STEM_ONLY,244.0997732426304,SEPARATOR_STEM,NOT_ESTABLISHED
DRUMS_00942,drums,244.61061224489796,10787328,True,SEPARATOR_DRUMS_STEM,88faa9bd504e4253b9e17da5e8ddd3b5fdc310abb542c2ac493a656752546290,1cfc00dd-5652-5792-83a6-c1195da87b63,SEPARATOR_DERIVED / STEM_ONLY,244.61061224489796,SEPARATOR_STEM,NOT_ESTABLISHED
DRUMS_00977,drums,253.52707482993196,11180544,True,SEPARATOR_DRUMS_STEM,88faa9bd504e4253b9e17da5e8ddd3b5fdc310abb542c2ac493a656752546290,1cfc00dd-5652-5792-83a6-c1195da87b63,SEPARATOR_DERIVED / STEM_ONLY,253.52707482993196,SEPARATOR_STEM,NOT_ESTABLISHED
DRUMS_00986,drums,255.8722902494331,11283968,True,SEPARATOR_DRUMS_STEM,88faa9bd504e4253b9e17da5e8ddd3b5fdc310abb542c2ac493a656752546290,1cfc00dd-5652-5792-83a6-c1195da87b63,SEPARATOR_DERIVED / STEM_ONLY,255.8722902494331,SEPARATOR_STEM,NOT_ESTABLISHED
DRUMS_01011,drums,263.1285260770975,11603968,True,SEPARATOR_DRUMS_STEM,88faa9bd504e4253b9e17da5e8ddd3b5fdc310abb542c2ac493a656752546290,1cfc00dd-5652-5792-83a6-c1195da87b63,SEPARATOR_DERIVED / STEM_ONLY,263.1285260770975,SEPARATOR_STEM,NOT_ESTABLISHED
DRUMS_01014,drums,263.95283446712017,11640320,True,SEPARATOR_DRUMS_STEM,88faa9bd504e4253b9e17da5e8ddd3b5fdc310abb542c2ac493a656752546290,1cfc00dd-5652-5792-83a6-c1195da87b63,SEPARATOR_DERIVED / STEM_ONLY,263.95283446712017,SEPARATOR_STEM,NOT_ESTABLISHED
DRUMS_01015,drums,264.21986394557825,11652096,True,SEPARATOR_DRUMS_STEM,88faa9bd504e4253b9e17da5e8ddd3b5fdc310abb542c2ac493a656752546290,1cfc00dd-5652-5792-83a6-c1195da87b63,SEPARATOR_DERIVED / STEM_ONLY,264.21986394557825,SEPARATOR_STEM,NOT_ESTABLISHED
DRUMS_01017,drums,264.6146031746032,11669504,True,SEPARATOR_DRUMS_STEM,88faa9bd504e4253b9e17da5e8ddd3b5fdc310abb542c2ac493a656752546290,1cfc00dd-5652-5792-83a6-c1195da87b63,SEPARATOR_DERIVED / STEM_ONLY,264.6146031746032,SEPARATOR_STEM,NOT_ESTABLISHED
DRUMS_01042,drums,270.90721088435373,11947008,True,SEPARATOR_DRUMS_STEM,88faa9bd504e4253b9e17da5e8ddd3b5fdc310abb542c2ac493a656752546290,1cfc00dd-5652-5792-83a6-c1195da87b63,SEPARATOR_DERIVED / STEM_ONLY,270.90721088435373,SEPARATOR_STEM,NOT_ESTABLISHED
DRUMS_01043,drums,271.0117006802721,11951616,True,SEPARATOR_DRUMS_STEM,88faa9bd504e4253b9e17da5e8ddd3b5fdc310abb542c2ac493a656752546290,1cfc00dd-5652-5792-83a6-c1195da87b63,SEPARATOR_DERIVED / STEM_ONLY,271.0117006802721,SEPARATOR_STEM,NOT_ESTABLISHED
DRUMS_01103,drums,289.1116553287982,12749824,True,SEPARATOR_DRUMS_STEM,88faa9bd504e4253b9e17da5e8ddd3b5fdc310abb542c2ac493a656752546290,1cfc00dd-5652-5792-83a6-c1195da87b63,SEPARATOR_DERIVED / STEM_ONLY,289.1116553287982,SEPARATOR_STEM,NOT_ESTABLISHED
DRUMS_01123,drums,295.590022675737,13035520,True,SEPARATOR_DRUMS_STEM,88faa9bd504e4253b9e17da5e8ddd3b5fdc310abb542c2ac493a656752546290,1cfc00dd-5652-5792-83a6-c1195da87b63,SEPARATOR_DERIVED / STEM_ONLY,295.590022675737,SEPARATOR_STEM,NOT_ESTABLISHED
DRUMS_01126,drums,296.05442176870747,13056000,True,SEPARATOR_DRUMS_STEM,88faa9bd504e4253b9e17da5e8ddd3b5fdc310abb542c2ac493a656752546290,1cfc00dd-5652-5792-83a6-c1195da87b63,SEPARATOR_DERIVED / STEM_ONLY,296.05442176870747,SEPARATOR_STEM,NOT_ESTABLISHED
DRUMS_01134,drums,297.87718820861676,13136384,True,SEPARATOR_DRUMS_STEM,88faa9bd504e4253b9e17da5e8ddd3b5fdc310abb542c2ac493a656752546290,1cfc00dd-5652-5792-83a6-c1195da87b63,SEPARATOR_DERIVED / STEM_ONLY,297.87718820861676,SEPARATOR_STEM,NOT_ESTABLISHED
DRUMS_01152,drums,303.6473469387755,13390848,True,SEPARATOR_DRUMS_STEM,88faa9bd504e4253b9e17da5e8ddd3b5fdc310abb542c2ac493a656752546290,1cfc00dd-5652-5792-83a6-c1195da87b63,SEPARATOR_DERIVED / STEM_ONLY,303.6473469387755,SEPARATOR_STEM,NOT_ESTABLISHED
DRUMS_01186,drums,314.70004535147393,13878272,True,SEPARATOR_DRUMS_STEM,88faa9bd504e4253b9e17da5e8ddd3b5fdc310abb542c2ac493a656752546290,1cfc00dd-5652-5792-83a6-c1195da87b63,SEPARATOR_DERIVED / STEM_ONLY,314.70004535147393,SEPARATOR_STEM,NOT_ESTABLISHED
DRUMS_01191,drums,316.9756009070295,13978624,True,SEPARATOR_DRUMS_STEM,88faa9bd504e4253b9e17da5e8ddd3b5fdc310abb542c2ac493a656752546290,1cfc00dd-5652-5792-83a6-c1195da87b63,SEPARATOR_DERIVED / STEM_ONLY,316.9756009070295,SEPARATOR_STEM,NOT_ESTABLISHED
DRUMS_01193,drums,317.660589569161,14008832,True,SEPARATOR_DRUMS_STEM,88faa9bd504e4253b9e17da5e8ddd3b5fdc310abb542c2ac493a656752546290,1cfc00dd-5652-5792-83a6-c1195da87b63,SEPARATOR_DERIVED / STEM_ONLY,317.660589569161,SEPARATOR_STEM,NOT_ESTABLISHED
DRUMS_01195,drums,318.3920181405896,14041088,True,SEPARATOR_DRUMS_STEM,88faa9bd504e4253b9e17da5e8ddd3b5fdc310abb542c2ac493a656752546290,1cfc00dd-5652-5792-83a6-c1195da87b63,SEPARATOR_DERIVED / STEM_ONLY,318.3920181405896,SEPARATOR_STEM,NOT_ESTABLISHED
DRUMS_01199,drums,319.8432653061225,14105088,True,SEPARATOR_DRUMS_STEM,88faa9bd504e4253b9e17da5e8ddd3b5fdc310abb542c2ac493a656752546290,1cfc00dd-5652-5792-83a6-c1195da87b63,SEPARATOR_DERIVED / STEM_ONLY,319.8432653061225,SEPARATOR_STEM,NOT_ESTABLISHED
DRUMS_01201,drums,320.59791383219954,14138368,True,SEPARATOR_DRUMS_STEM,88faa9bd504e4253b9e17da5e8ddd3b5fdc310abb542c2ac493a656752546290,1cfc00dd-5652-5792-83a6-c1195da87b63,SEPARATOR_DERIVED / STEM_ONLY,320.59791383219954,SEPARATOR_STEM,NOT_ESTABLISHED
DRUMS_01203,drums,321.31773242630385,14170112,True,SEPARATOR_DRUMS_STEM,88faa9bd504e4253b9e17da5e8ddd3b5fdc310abb542c2ac493a656752546290,1cfc00dd-5652-5792-83a6-c1195da87b63,SEPARATOR_DERIVED / STEM_ONLY,321.31773242630385,SEPARATOR_STEM,NOT_ESTABLISHED
DRUMS_01205,drums,322.04916099773243,14202368,True,SEPARATOR_DRUMS_STEM,88faa9bd504e4253b9e17da5e8ddd3b5fdc310abb542c2ac493a656752546290,1cfc00dd-5652-5792-83a6-c1195da87b63,SEPARATOR_DERIVED / STEM_ONLY,322.04916099773243,SEPARATOR_STEM,NOT_ESTABLISHED
DRUMS_01207,drums,322.7921995464853,14235136,True,SEPARATOR_DRUMS_STEM,88faa9bd504e4253b9e17da5e8ddd3b5fdc310abb542c2ac493a656752546290,1cfc00dd-5652-5792-83a6-c1195da87b63,SEPARATOR_DERIVED / STEM_ONLY,322.7921995464853,SEPARATOR_STEM,NOT_ESTABLISHED
DRUMS_01209,drums,323.53523809523807,14267904,True,SEPARATOR_DRUMS_STEM,88faa9bd504e4253b9e17da5e8ddd3b5fdc310abb542c2ac493a656752546290,1cfc00dd-5652-5792-83a6-c1195da87b63,SEPARATOR_DERIVED / STEM_ONLY,323.53523809523807,SEPARATOR_STEM,NOT_ESTABLISHED
DRUMS_01215,drums,325.6366439909297,14360576,True,SEPARATOR_DRUMS_STEM,88faa9bd504e4253b9e17da5e8ddd3b5fdc310abb542c2ac493a656752546290,1cfc00dd-5652-5792-83a6-c1195da87b63,SEPARATOR_DERIVED / STEM_ONLY,325.6366439909297,SEPARATOR_STEM,NOT_ESTABLISHED
DRUMS_01216,drums,325.7063038548753,14363648,True,SEPARATOR_DRUMS_STEM,88faa9bd504e4253b9e17da5e8ddd3b5fdc310abb542c2ac493a656752546290,1cfc00dd-5652-5792-83a6-c1195da87b63,SEPARATOR_DERIVED / STEM_ONLY,325.7063038548753,SEPARATOR_STEM,NOT_ESTABLISHED
DRUMS_01218,drums,326.4145124716553,14394880,True,SEPARATOR_DRUMS_STEM,88faa9bd504e4253b9e17da5e8ddd3b5fdc310abb542c2ac493a656752546290,1cfc00dd-5652-5792-83a6-c1195da87b63,SEPARATOR_DERIVED / STEM_ONLY,326.4145124716553,SEPARATOR_STEM,NOT_ESTABLISHED
DRUMS_01220,drums,327.12272108843536,14426112,True,SEPARATOR_DRUMS_STEM,88faa9bd504e4253b9e17da5e8ddd3b5fdc310abb542c2ac493a656752546290,1cfc00dd-5652-5792-83a6-c1195da87b63,SEPARATOR_DERIVED / STEM_ONLY,327.12272108843536,SEPARATOR_STEM,NOT_ESTABLISHED
DRUMS_01221,drums,327.5058503401361,14443008,True,SEPARATOR_DRUMS_STEM,88faa9bd504e4253b9e17da5e8ddd3b5fdc310abb542c2ac493a656752546290,1cfc00dd-5652-5792-83a6-c1195da87b63,SEPARATOR_DERIVED / STEM_ONLY,327.5058503401361,SEPARATOR_STEM,NOT_ESTABLISHED
DRUMS_01222,drums,327.8193197278912,14456832,True,SEPARATOR_DRUMS_STEM,88faa9bd504e4253b9e17da5e8ddd3b5fdc310abb542c2ac493a656752546290,1cfc00dd-5652-5792-83a6-c1195da87b63,SEPARATOR_DERIVED / STEM_ONLY,327.8193197278912,SEPARATOR_STEM,NOT_ESTABLISHED
DRUMS_01224,drums,328.5507482993197,14489088,True,SEPARATOR_DRUMS_STEM,88faa9bd504e4253b9e17da5e8ddd3b5fdc310abb542c2ac493a656752546290,1cfc00dd-5652-5792-83a6-c1195da87b63,SEPARATOR_DERIVED / STEM_ONLY,328.5507482993197,SEPARATOR_STEM,NOT_ESTABLISHED
