component_id,fullmix_candidate_id,stem_candidate_id,delta_samples,delta_ms,fullmix_f0_hz,stem_f0_hz,delta_hz,delta_cents,frequency_ratio,pitch_population,low_register_population,component_ambiguous
CT4_0001,BASS_F000090,BASS_F000090,0,0.0,77.77524336497154,77.77524336497154,0.0,0.0,1.0,ALL_F0_BOTH_VALID,AT_OR_ABOVE_43_06640625_HZ,True
CT4_0001,BASS_F000090,BASS_F000094,-2048,-46.439909297052154,77.77524336497154,79.59315350340728,-1.8179101384357352,-40.000000000000085,0.9771599684342459,ALL_F0_BOTH_VALID,AT_OR_ABOVE_43_06640625_HZ,True
CT4_0001,BASS_F000094,BASS_F000090,2048,46.439909297052154,79.59315350340728,77.77524336497154,1.8179101384357352,40.00000000000011,1.023373891996775,ALL_F0_BOTH_VALID,AT_OR_ABOVE_43_06640625_HZ,True
CT4_0001,BASS_F000094,BASS_F000094,0,0.0,79.59315350340728,79.59315350340728,0.0,0.0,1.0,ALL_F0_BOTH_VALID,AT_OR_ABOVE_43_06640625_HZ,True
CT4_0001,BASS_F000094,BASS_F000098,-2048,-46.439909297052154,79.59315350340728,79.13473067220275,0.45842283120452976,10.000000000000016,1.0057929410678534,ALL_F0_BOTH_VALID,AT_OR_ABOVE_43_06640625_HZ,True
CT4_0001,BASS_F000098,BASS_F000094,2048,46.439909297052154,79.13473067220275,79.59315350340728,-0.45842283120452976,-10.000000000000066,0.9942404238175473,ALL_F0_BOTH_VALID,AT_OR_ABOVE_43_06640625_HZ,True
CT4_0001,BASS_F000098,BASS_F000098,0,0.0,79.13473067220275,79.13473067220275,0.0,0.0,1.0,ALL_F0_BOTH_VALID,AT_OR_ABOVE_43_06640625_HZ,True
CT4_0002,BASS_F000104,BASS_F000104,0,0.0,76.88191850263294,77.3272909257022,-0.4453724230692586,-9.999999999999872,0.9942404238175474,ALL_F0_BOTH_VALID,AT_OR_ABOVE_43_06640625_HZ,False
CT4_0003,BASS_F000110,BASS_F000110,0,0.0,,,,,,EXCLUDED_MISSING_F0,UNDETERMINED_NO_F0,False
CT4_0004,BASS_F000117,BASS_F000117,0,0.0,,,,,,EXCLUDED_MISSING_F0,UNDETERMINED_NO_F0,False
CT4_0005,BASS_F000123,BASS_F000123,0,0.0,50.140544763228355,50.140544763228355,0.0,0.0,1.0,ALL_F0_BOTH_VALID,AT_OR_ABOVE_43_06640625_HZ,False
CT4_0006,BASS_F000128,BASS_F000128,0,0.0,50.140544763228355,50.140544763228355,0.0,0.0,1.0,ALL_F0_BOTH_VALID,AT_OR_ABOVE_43_06640625_HZ,True
CT4_0006,BASS_F000128,BASS_F000132,-2048,-46.439909297052154,50.140544763228355,49.85175647583486,0.28878828739349416,10.000000000000016,1.0057929410678534,ALL_F0_BOTH_VALID,AT_OR_ABOVE_43_06640625_HZ,True
CT4_0006,BASS_F000132,BASS_F000128,2048,46.439909297052154,49.85175647583486,50.140544763228355,-0.28878828739349416,-10.000000000000066,0.9942404238175473,ALL_F0_BOTH_VALID,AT_OR_ABOVE_43_06640625_HZ,True
CT4_0006,BASS_F000132,BASS_F000132,0,0.0,49.85175647583486,49.85175647583486,0.0,0.0,1.0,ALL_F0_BOTH_VALID,AT_OR_ABOVE_43_06640625_HZ,True
CT4_0007,BASS_F000142,BASS_F000142,0,0.0,49.85175647583486,49.85175647583486,0.0,0.0,1.0,ALL_F0_BOTH_VALID,AT_OR_ABOVE_43_06640625_HZ,False
CT4_0008,BASS_F000152,BASS_F000149,1536,34.82993197278912,49.85175647583486,49.56463148658321,0.28712498925165164,10.000000000000016,1.0057929410678534,ALL_F0_BOTH_VALID,AT_OR_ABOVE_43_06640625_HZ,False
CT4_0009,BASS_F000162,BASS_F000162,0,0.0,52.511897845553605,51.90874725566878,0.6031505898848266,20.000000000000068,1.0116194403019225,ALL_F0_BOTH_VALID,AT_OR_ABOVE_43_06640625_HZ,True
CT4_0009,BASS_F000162,BASS_F000166,-2048,-46.439909297052154,52.511897845553605,52.20945156942697,0.30244627612663777,10.000000000000016,1.0057929410678534,ALL_F0_BOTH_VALID,AT_OR_ABOVE_43_06640625_HZ,True
CT4_0009,BASS_F000166,BASS_F000162,2048,46.439909297052154,52.511897845553605,51.90874725566878,0.6031505898848266,20.000000000000068,1.0116194403019225,ALL_F0_BOTH_VALID,AT_OR_ABOVE_43_06640625_HZ,True
CT4_0009,BASS_F000166,BASS_F000166,0,0.0,52.511897845553605,52.20945156942697,0.30244627612663777,10.000000000000016,1.0057929410678534,ALL_F0_BOTH_VALID,AT_OR_ABOVE_43_06640625_HZ,True
CT4_0010,BASS_F000171,BASS_F000171,0,0.0,52.511897845553605,52.511897845553605,0.0,0.0,1.0,ALL_F0_BOTH_VALID,AT_OR_ABOVE_43_06640625_HZ,False
CT4_0011,BASS_F000176,BASS_F000176,0,0.0,52.20945156942697,52.20945156942697,0.0,0.0,1.0,ALL_F0_BOTH_VALID,AT_OR_ABOVE_43_06640625_HZ,True
CT4_0011,BASS_F000176,BASS_F000180,-2048,-46.439909297052154,52.20945156942697,50.140544763228355,2.068906806198612,69.99999999999979,1.0412621525348063,ALL_F0_BOTH_VALID,AT_OR_ABOVE_43_06640625_HZ,True
CT4_0011,BASS_F000180,BASS_F000176,2048,46.439909297052154,49.85175647583486,52.20945156942697,-2.357695093592106,-79.99999999999989,0.9548416039104166,ALL_F0_BOTH_VALID,AT_OR_ABOVE_43_06640625_HZ,True
CT4_0011,BASS_F000180,BASS_F000180,0,0.0,49.85175647583486,50.140544763228355,-0.28878828739349416,-10.000000000000066,0.9942404238175473,ALL_F0_BOTH_VALID,AT_OR_ABOVE_43_06640625_HZ,True
CT4_0012,BASS_F000185,BASS_F000185,0,0.0,,,,,,EXCLUDED_MISSING_F0,UNDETERMINED_NO_F0,False
CT4_0013,BASS_F000190,BASS_F000190,0,0.0,53.12205670771066,53.12205670771066,0.0,0.0,1.0,ALL_F0_BOTH_VALID,AT_OR_ABOVE_43_06640625_HZ,False
CT4_0014,BASS_F000195,BASS_F000195,0,0.0,54.36372592384325,54.36372592384325,0.0,0.0,1.0,ALL_F0_BOTH_VALID,AT_OR_ABOVE_43_06640625_HZ,False
CT4_0015,BASS_F000200,BASS_F000200,0,0.0,54.678651784349015,54.678651784349015,0.0,0.0,1.0,ALL_F0_BOTH_VALID,AT_OR_ABOVE_43_06640625_HZ,False
CT4_0017,BASS_F000215,BASS_F000215,0,0.0,54.36372592384325,54.36372592384325,0.0,0.0,1.0,ALL_F0_BOTH_VALID,AT_OR_ABOVE_43_06640625_HZ,True
CT4_0017,BASS_F000215,BASS_F000219,-2048,-46.439909297052154,54.36372592384325,,,,,EXCLUDED_MISSING_F0,AT_OR_ABOVE_43_06640625_HZ,True
CT4_0017,BASS_F000219,BASS_F000215,2048,46.439909297052154,,54.36372592384325,,,,EXCLUDED_MISSING_F0,UNDETERMINED_NO_F0,True
CT4_0017,BASS_F000219,BASS_F000219,0,0.0,,,,,,EXCLUDED_MISSING_F0,UNDETERMINED_NO_F0,True
CT4_0018,BASS_F000226,BASS_F000226,0,0.0,59.28406349644579,59.28406349644579,0.0,0.0,1.0,ALL_F0_BOTH_VALID,AT_OR_ABOVE_43_06640625_HZ,False
CT4_0019,BASS_F000238,BASS_F000238,0,0.0,59.972911133098115,59.972911133098115,0.0,0.0,1.0,ALL_F0_BOTH_VALID,AT_OR_ABOVE_43_06640625_HZ,False
CT4_0020,BASS_F000244,BASS_F000244,0,0.0,54.050613902822896,54.678651784349015,-0.6280378815261187,-20.00000000000017,0.988514020352896,ALL_F0_BOTH_VALID,AT_OR_ABOVE_43_06640625_HZ,False
CT4_0021,BASS_F000249,BASS_F000249,0,0.0,,,,,,EXCLUDED_MISSING_F0,UNDETERMINED_NO_F0,False
CT4_0022,BASS_F000263,BASS_F000263,0,0.0,63.173127800387554,63.173127800387554,0.0,0.0,1.0,ALL_F0_BOTH_VALID,AT_OR_ABOVE_43_06640625_HZ,False
CT4_0023,BASS_F000276,BASS_F000276,0,0.0,,,,,,EXCLUDED_MISSING_F0,UNDETERMINED_NO_F0,False
CT4_0024,BASS_F000281,BASS_F000281,0,0.0,,,,,,EXCLUDED_MISSING_F0,UNDETERMINED_NO_F0,False
CT4_0025,BASS_F000286,BASS_F000286,0,0.0,64.27737462350198,64.27737462350198,0.0,0.0,1.0,ALL_F0_BOTH_VALID,AT_OR_ABOVE_43_06640625_HZ,True
CT4_0025,BASS_F000286,BASS_F000290,-2048,-46.439909297052154,64.27737462350198,66.16084546554222,-1.8834708420402393,-49.999999999999815,0.971531941153606,ALL_F0_BOTH_VALID,AT_OR_ABOVE_43_06640625_HZ,True
CT4_0025,BASS_F000290,BASS_F000286,2048,46.439909297052154,66.16084546554222,64.27737462350198,1.8834708420402393,49.99999999999971,1.0293022366434919,ALL_F0_BOTH_VALID,AT_OR_ABOVE_43_06640625_HZ,True
CT4_0025,BASS_F000290,BASS_F000290,0,0.0,66.16084546554222,66.16084546554222,0.0,0.0,1.0,ALL_F0_BOTH_VALID,AT_OR_ABOVE_43_06640625_HZ,True
CT4_0026,BASS_F000298,BASS_F000297,512,11.609977324263038,66.16084546554222,65.77978703578796,0.38105842975426185,9.999999999999636,1.0057929410678532,ALL_F0_BOTH_VALID,AT_OR_ABOVE_43_06640625_HZ,True
CT4_0026,BASS_F000298,BASS_F000301,-1536,-34.82993197278912,66.16084546554222,66.16084546554222,0.0,0.0,1.0,ALL_F0_BOTH_VALID,AT_OR_ABOVE_43_06640625_HZ,True
CT4_0026,BASS_F000302,BASS_F000301,512,11.609977324263038,66.16084546554222,66.16084546554222,0.0,0.0,1.0,ALL_F0_BOTH_VALID,AT_OR_ABOVE_43_06640625_HZ,True
CT4_0026,BASS_F000302,BASS_F000305,-1536,-34.82993197278912,66.16084546554222,65.77978703578796,0.38105842975426185,9.999999999999636,1.0057929410678532,ALL_F0_BOTH_VALID,AT_OR_ABOVE_43_06640625_HZ,True
CT4_0026,BASS_F000308,BASS_F000305,1536,34.82993197278912,64.64972966669227,65.77978703578796,-1.1300573690956952,-30.000000000000203,0.982820598545251,ALL_F0_BOTH_VALID,AT_OR_ABOVE_43_06640625_HZ,True
CT4_0027,BASS_F000314,BASS_F000314,0,0.0,41.92016331463068,41.92016331463068,0.0,0.0,1.0,ALL_F0_BOTH_VALID,BELOW_43_06640625_HZ,True
CT4_0027,BASS_F000314,BASS_F000318,-2048,-46.439909297052154,41.92016331463068,41.67872094043921,0.24144237419146464,9.999999999999636,1.0057929410678532,ALL_F0_BOTH_VALID,BELOW_43_06640625_HZ,True
CT4_0027,BASS_F000318,BASS_F000314,2048,46.439909297052154,41.67872094043921,41.92016331463068,-0.24144237419146464,-9.999999999999678,0.9942404238175475,ALL_F0_BOTH_VALID,BELOW_43_06640625_HZ,True
CT4_0027,BASS_F000318,BASS_F000318,0,0.0,41.67872094043921,41.67872094043921,0.0,0.0,1.0,ALL_F0_BOTH_VALID,BELOW_43_06640625_HZ,True
CT4_0027,BASS_F000318,BASS_F000322,-2048,-46.439909297052154,41.67872094043921,41.43866917199556,0.2400517684436494,10.000000000000016,1.0057929410678534,ALL_F0_BOTH_VALID,BELOW_43_06640625_HZ,True
CT4_0027,BASS_F000322,BASS_F000318,2048,46.439909297052154,41.43866917199556,41.67872094043921,-0.2400517684436494,-10.000000000000258,0.9942404238175472,ALL_F0_BOTH_VALID,BELOW_43_06640625_HZ,True
CT4_0027,BASS_F000322,BASS_F000322,0,0.0,41.43866917199556,41.43866917199556,0.0,0.0,1.0,ALL_F0_BOTH_VALID,BELOW_43_06640625_HZ,True
CT4_0028,BASS_F000328,BASS_F000328,0,0.0,41.43866917199556,41.43866917199556,0.0,0.0,1.0,ALL_F0_BOTH_VALID,BELOW_43_06640625_HZ,False
CT4_0029,BASS_F000334,BASS_F000334,0,0.0,41.43866917199556,41.67872094043921,-0.2400517684436494,-10.000000000000258,0.9942404238175472,ALL_F0_BOTH_VALID,BELOW_43_06640625_HZ,False
CT4_0030,BASS_F000341,BASS_F000341,0,0.0,41.43866917199556,41.43866917199556,0.0,0.0,1.0,ALL_F0_BOTH_VALID,BELOW_43_06640625_HZ,True
CT4_0030,BASS_F000341,BASS_F000345,-2048,-46.439909297052154,41.43866917199556,41.43866917199556,0.0,0.0,1.0,ALL_F0_BOTH_VALID,BELOW_43_06640625_HZ,True
CT4_0030,BASS_F000345,BASS_F000341,2048,46.439909297052154,41.43866917199556,41.43866917199556,0.0,0.0,1.0,ALL_F0_BOTH_VALID,BELOW_43_06640625_HZ,True
CT4_0030,BASS_F000345,BASS_F000345,0,0.0,41.43866917199556,41.43866917199556,0.0,0.0,1.0,ALL_F0_BOTH_VALID,BELOW_43_06640625_HZ,True
CT4_0030,BASS_F000345,BASS_F000349,-2048,-46.439909297052154,41.43866917199556,41.92016331463068,-0.48149414263511403,-19.99999999999978,0.9885140203528963,ALL_F0_BOTH_VALID,BELOW_43_06640625_HZ,True
CT4_0030,BASS_F000349,BASS_F000345,2048,46.439909297052154,42.40725214971187,41.43866917199556,0.9685829777163093,40.00000000000011,1.023373891996775,ALL_F0_BOTH_VALID,BELOW_43_06640625_HZ,True
CT4_0030,BASS_F000349,BASS_F000349,0,0.0,42.40725214971187,41.92016331463068,0.48708883508119527,20.000000000000068,1.0116194403019225,ALL_F0_BOTH_VALID,BELOW_43_06640625_HZ,True
CT4_0030,BASS_F000349,BASS_F000353,-2048,-46.439909297052154,42.40725214971187,41.43866917199556,0.9685829777163093,40.00000000000011,1.023373891996775,ALL_F0_BOTH_VALID,BELOW_43_06640625_HZ,True
CT4_0030,BASS_F000353,BASS_F000349,2048,46.439909297052154,41.43866917199556,41.92016331463068,-0.48149414263511403,-19.99999999999978,0.9885140203528963,ALL_F0_BOTH_VALID,BELOW_43_06640625_HZ,True
CT4_0030,BASS_F000353,BASS_F000353,0,0.0,41.43866917199556,41.43866917199556,0.0,0.0,1.0,ALL_F0_BOTH_VALID,BELOW_43_06640625_HZ,True
CT4_0030,BASS_F000353,BASS_F000357,-2048,-46.439909297052154,41.43866917199556,41.43866917199556,0.0,0.0,1.0,ALL_F0_BOTH_VALID,BELOW_43_06640625_HZ,True
CT4_0030,BASS_F000357,BASS_F000353,2048,46.439909297052154,41.67872094043921,41.43866917199556,0.2400517684436494,10.000000000000016,1.0057929410678534,ALL_F0_BOTH_VALID,BELOW_43_06640625_HZ,True
CT4_0030,BASS_F000357,BASS_F000357,0,0.0,41.67872094043921,41.43866917199556,0.2400517684436494,10.000000000000016,1.0057929410678534,ALL_F0_BOTH_VALID,BELOW_43_06640625_HZ,True
CT4_0030,BASS_F000357,BASS_F000361,-2048,-46.439909297052154,41.67872094043921,41.67872094043921,0.0,0.0,1.0,ALL_F0_BOTH_VALID,BELOW_43_06640625_HZ,True
CT4_0030,BASS_F000361,BASS_F000357,2048,46.439909297052154,41.43866917199556,41.43866917199556,0.0,0.0,1.0,ALL_F0_BOTH_VALID,BELOW_43_06640625_HZ,True
CT4_0030,BASS_F000361,BASS_F000361,0,0.0,41.43866917199556,41.67872094043921,-0.2400517684436494,-10.000000000000258,0.9942404238175472,ALL_F0_BOTH_VALID,BELOW_43_06640625_HZ,True
CT4_0030,BASS_F000361,BASS_F000365,-2048,-46.439909297052154,41.43866917199556,41.67872094043921,-0.2400517684436494,-10.000000000000258,0.9942404238175472,ALL_F0_BOTH_VALID,BELOW_43_06640625_HZ,True
CT4_0030,BASS_F000365,BASS_F000361,2048,46.439909297052154,41.92016331463068,41.67872094043921,0.24144237419146464,9.999999999999636,1.0057929410678532,ALL_F0_BOTH_VALID,BELOW_43_06640625_HZ,True
CT4_0030,BASS_F000365,BASS_F000365,0,0.0,41.92016331463068,41.67872094043921,0.24144237419146464,9.999999999999636,1.0057929410678532,ALL_F0_BOTH_VALID,BELOW_43_06640625_HZ,True
CT4_0030,BASS_F000365,BASS_F000369,-2048,-46.439909297052154,41.92016331463068,41.43866917199556,0.48149414263511403,19.999999999999687,1.0116194403019223,ALL_F0_BOTH_VALID,BELOW_43_06640625_HZ,True
CT4_0031,BASS_F000375,BASS_F000375,0,0.0,42.65291486226476,42.40725214971187,0.2456627125528854,10.000000000000016,1.0057929410678534,ALL_F0_BOTH_VALID,BELOW_43_06640625_HZ,True
CT4_0031,BASS_F000379,BASS_F000375,2048,46.439909297052154,45.18918916341859,42.40725214971187,2.7819370137067168,109.99999999999982,1.0656005016284842,ALL_F0_BOTH_VALID,AT_OR_ABOVE_43_06640625_HZ,True
CT4_0031,BASS_F000379,BASS_F000381,-1024,-23.219954648526077,45.18918916341859,43.649879487602966,1.5393096758156233,59.99999999999976,1.0352649238413774,ALL_F0_BOTH_VALID,AT_OR_ABOVE_43_06640625_HZ,True
CT4_0031,BASS_F000385,BASS_F000381,2048,46.439909297052154,44.92891858580862,43.649879487602966,1.2790390982056508,50.00000000000008,1.029302236643492,ALL_F0_BOTH_VALID,AT_OR_ABOVE_43_06640625_HZ,True
CT4_0031,BASS_F000385,BASS_F000385,0,0.0,44.92891858580862,44.92891858580862,0.0,0.0,1.0,ALL_F0_BOTH_VALID,AT_OR_ABOVE_43_06640625_HZ,True
CT4_0032,BASS_F000390,BASS_F000390,0,0.0,44.67014705641844,44.67014705641844,0.0,0.0,1.0,ALL_F0_BOTH_VALID,AT_OR_ABOVE_43_06640625_HZ,False
CT4_0033,BASS_F000395,BASS_F000395,0,0.0,44.67014705641844,44.67014705641844,0.0,0.0,1.0,ALL_F0_BOTH_VALID,AT_OR_ABOVE_43_06640625_HZ,True
CT4_0033,BASS_F000395,BASS_F000399,-2048,-46.439909297052154,44.67014705641844,44.92891858580862,-0.2587715293901738,-9.999999999999872,0.9942404238175474,ALL_F0_BOTH_VALID,AT_OR_ABOVE_43_06640625_HZ,True
CT4_0033,BASS_F000399,BASS_F000395,2048,46.439909297052154,44.92891858580862,44.67014705641844,0.2587715293901738,9.999999999999636,1.0057929410678532,ALL_F0_BOTH_VALID,AT_OR_ABOVE_43_06640625_HZ,True
CT4_0033,BASS_F000399,BASS_F000399,0,0.0,44.92891858580862,44.92891858580862,0.0,0.0,1.0,ALL_F0_BOTH_VALID,AT_OR_ABOVE_43_06640625_HZ,True
CT4_0034,BASS_F000404,BASS_F000404,0,0.0,,45.71426224919522,,,,EXCLUDED_MISSING_F0,UNDETERMINED_NO_F0,False
CT4_0035,BASS_F000409,BASS_F000409,0,0.0,,,,,,EXCLUDED_MISSING_F0,UNDETERMINED_NO_F0,False
CT4_0036,BASS_F000414,BASS_F000414,0,0.0,54.050613902822896,54.678651784349015,-0.6280378815261187,-20.00000000000017,0.988514020352896,ALL_F0_BOTH_VALID,AT_OR_ABOVE_43_06640625_HZ,False
CT4_0037,BASS_F000419,BASS_F000419,0,0.0,54.678651784349015,54.678651784349015,0.0,0.0,1.0,ALL_F0_BOTH_VALID,AT_OR_ABOVE_43_06640625_HZ,False
CT4_0038,BASS_F000434,BASS_F000433,512,11.609977324263038,56.2808585782811,54.99540199180542,1.285456586475675,39.99999999999973,1.0233738919967748,ALL_F0_BOTH_VALID,AT_OR_ABOVE_43_06640625_HZ,False
CT4_0039,BASS_F000442,BASS_F000442,0,0.0,74.26303811913242,74.26303811913242,0.0,0.0,1.0,ALL_F0_BOTH_VALID,AT_OR_ABOVE_43_06640625_HZ,False
CT4_0040,BASS_F000447,BASS_F000447,0,0.0,73.83531449354489,73.83531449354489,0.0,0.0,1.0,ALL_F0_BOTH_VALID,AT_OR_ABOVE_43_06640625_HZ,False
CT4_0041,BASS_F000452,BASS_F000452,0,0.0,73.41005437476396,73.83531449354489,-0.4252601187809262,-10.000000000000066,0.9942404238175473,ALL_F0_BOTH_VALID,AT_OR_ABOVE_43_06640625_HZ,False
CT4_0042,BASS_F000459,BASS_F000459,0,0.0,73.41005437476396,73.41005437476396,0.0,0.0,1.0,ALL_F0_BOTH_VALID,AT_OR_ABOVE_43_06640625_HZ,False
CT4_0043,BASS_F000467,BASS_F000467,0,0.0,75.56113316006491,75.12593305719707,0.4352001028678387,10.000000000000016,1.0057929410678534,ALL_F0_BOTH_VALID,AT_OR_ABOVE_43_06640625_HZ,False
CT4_0044,BASS_F000472,BASS_F000472,0,0.0,,,,,,EXCLUDED_MISSING_F0,UNDETERMINED_NO_F0,False
CT4_0045,BASS_F000478,BASS_F000478,0,0.0,65.40092334108982,64.64972966669227,0.7511936743975554,20.000000000000068,1.0116194403019225,ALL_F0_BOTH_VALID,AT_OR_ABOVE_43_06640625_HZ,True
CT4_0045,BASS_F000478,BASS_F000482,-2048,-46.439909297052154,65.40092334108982,63.53908600680716,1.8618373342826615,50.00000000000008,1.029302236643492,ALL_F0_BOTH_VALID,AT_OR_ABOVE_43_06640625_HZ,True
CT4_0045,BASS_F000482,BASS_F000478,2048,46.439909297052154,63.53908600680716,64.64972966669227,-1.1106436598851062,-30.000000000000203,0.982820598545251,ALL_F0_BOTH_VALID,AT_OR_ABOVE_43_06640625_HZ,True
CT4_0045,BASS_F000482,BASS_F000482,0,0.0,63.53908600680716,63.53908600680716,0.0,0.0,1.0,ALL_F0_BOTH_VALID,AT_OR_ABOVE_43_06640625_HZ,True
CT4_0046,BASS_F000488,BASS_F000488,0,0.0,63.53908600680716,63.53908600680716,0.0,0.0,1.0,ALL_F0_BOTH_VALID,AT_OR_ABOVE_43_06640625_HZ,False
CT4_0047,BASS_F000495,BASS_F000493,1024,23.219954648526077,62.8092773581374,63.907164187549874,-1.0978868294124737,-30.000000000000007,0.9828205985452511,ALL_F0_BOTH_VALID,AT_OR_ABOVE_43_06640625_HZ,False
CT4_0048,BASS_F000503,BASS_F000500,1536,34.82993197278912,,57.26463065750429,,,,EXCLUDED_MISSING_F0,UNDETERMINED_NO_F0,False
CT4_0049,BASS_F000508,BASS_F000508,0,0.0,65.77978703578796,65.77978703578796,0.0,0.0,1.0,ALL_F0_BOTH_VALID,AT_OR_ABOVE_43_06640625_HZ,False
CT4_0050,BASS_F000518,BASS_F000518,0,0.0,66.54411134432347,66.54411134432347,0.0,0.0,1.0,ALL_F0_BOTH_VALID,AT_OR_ABOVE_43_06640625_HZ,False
CT4_0051,BASS_F000523,BASS_F000523,0,0.0,66.54411134432347,66.54411134432347,0.0,0.0,1.0,ALL_F0_BOTH_VALID,AT_OR_ABOVE_43_06640625_HZ,False
CT4_0052,BASS_F000529,BASS_F000528,512,11.609977324263038,66.54411134432347,66.54411134432347,0.0,0.0,1.0,ALL_F0_BOTH_VALID,AT_OR_ABOVE_43_06640625_HZ,True
CT4_0052,BASS_F000529,BASS_F000532,-1536,-34.82993197278912,66.54411134432347,66.54411134432347,0.0,0.0,1.0,ALL_F0_BOTH_VALID,AT_OR_ABOVE_43_06640625_HZ,True
CT4_0052,BASS_F000536,BASS_F000532,2048,46.439909297052154,96.86514747776937,66.54411134432347,30.3210361334459,650.0000000000001,1.4556531828421875,ALL_F0_BOTH_VALID,AT_OR_ABOVE_43_06640625_HZ,True
CT4_0052,BASS_F000536,BASS_F000536,0,0.0,96.86514747776937,96.30724528144664,0.5579021963227291,10.000000000000016,1.0057929410678534,ALL_F0_BOTH_VALID,AT_OR_ABOVE_43_06640625_HZ,True
CT4_0053,BASS_F000541,BASS_F000541,0,0.0,96.30724528144664,96.30724528144664,0.0,0.0,1.0,ALL_F0_BOTH_VALID,AT_OR_ABOVE_43_06640625_HZ,False
CT4_0054,BASS_F000551,BASS_F000547,2048,46.439909297052154,98.55832043116207,100.8620119683036,-2.303691537141532,-40.000000000000284,0.9771599684342458,ALL_F0_BOTH_VALID,AT_OR_ABOVE_43_06640625_HZ,True
CT4_0054,BASS_F000551,BASS_F000551,0,0.0,98.55832043116207,98.55832043116207,0.0,0.0,1.0,ALL_F0_BOTH_VALID,AT_OR_ABOVE_43_06640625_HZ,True
CT4_0055,BASS_F000560,BASS_F000558,1024,23.219954648526077,105.02379569110721,97.42628156863701,7.597514122470201,130.0000000000003,1.0779821830428553,ALL_F0_BOTH_VALID,AT_OR_ABOVE_43_06640625_HZ,False
CT4_0056,BASS_F000564,BASS_F000568,-2048,-46.439909297052154,108.7274518476865,90.90193494629271,17.825516901393783,310.0000000000002,1.196096121737404,ALL_F0_BOTH_VALID,AT_OR_ABOVE_43_06640625_HZ,True
CT4_0056,BASS_F000568,BASS_F000568,0,0.0,91.42852449839042,90.90193494629271,0.526589552097704,9.999999999999636,1.0057929410678532,ALL_F0_BOTH_VALID,AT_OR_ABOVE_43_06640625_HZ,True
CT4_0057,BASS_F000575,BASS_F000575,0,0.0,88.82573188273126,88.82573188273126,0.0,0.0,1.0,ALL_F0_BOTH_VALID,AT_OR_ABOVE_43_06640625_HZ,False
CT4_0058,BASS_F000581,BASS_F000581,0,0.0,87.8054813341871,87.8054813341871,0.0,0.0,1.0,ALL_F0_BOTH_VALID,AT_OR_ABOVE_43_06640625_HZ,False
CT4_0059,BASS_F000589,BASS_F000589,0,0.0,90.37837832683718,89.34029411283689,1.0380842140002926,19.999999999999687,1.0116194403019223,ALL_F0_BOTH_VALID,AT_OR_ABOVE_43_06640625_HZ,False
CT4_0060,BASS_F000594,BASS_F000596,-1024,-23.219954648526077,98.55832043116207,90.90193494629271,7.656385484869361,140.00000000000003,1.0842268703014184,ALL_F0_BOTH_VALID,AT_OR_ABOVE_43_06640625_HZ,True
CT4_0060,BASS_F000599,BASS_F000596,1536,34.82993197278912,108.7274518476865,90.90193494629271,17.825516901393783,310.0000000000002,1.196096121737404,ALL_F0_BOTH_VALID,AT_OR_ABOVE_43_06640625_HZ,True
CT4_0060,BASS_F000599,BASS_F000603,-2048,-46.439909297052154,108.7274518476865,117.20625589945601,-8.478804051769515,-130.00000000000006,0.9276591169413094,ALL_F0_BOTH_VALID,AT_OR_ABOVE_43_06640625_HZ,True
CT4_0060,BASS_F000603,BASS_F000603,0,0.0,116.53119753954304,117.20625589945601,-0.6750583599129669,-10.000000000000066,0.9942404238175473,ALL_F0_BOTH_VALID,AT_OR_ABOVE_43_06640625_HZ,True
CT4_0060,BASS_F000603,BASS_F000607,-2048,-46.439909297052154,116.53119753954304,119.25498516508716,-2.7237876255441194,-39.99999999999989,0.977159968434246,ALL_F0_BOTH_VALID,AT_OR_ABOVE_43_06640625_HZ,True
CT4_0060,BASS_F000607,BASS_F000603,2048,46.439909297052154,119.25498516508716,117.20625589945601,2.0487292656311524,29.99999999999983,1.0174796921026863,ALL_F0_BOTH_VALID,AT_OR_ABOVE_43_06640625_HZ,True
CT4_0060,BASS_F000607,BASS_F000607,0,0.0,119.25498516508716,119.25498516508716,0.0,0.0,1.0,ALL_F0_BOTH_VALID,AT_OR_ABOVE_43_06640625_HZ,True
CT4_0061,BASS_F000614,BASS_F000616,-1024,-23.219954648526077,120.64066134591954,119.94582226619626,0.6948390797232804,9.999999999999636,1.0057929410678532,ALL_F0_BOTH_VALID,AT_OR_ABOVE_43_06640625_HZ,False
CT4_0062,BASS_F000623,BASS_F000623,0,0.0,113.86962130934475,113.86962130934475,0.0,0.0,1.0,ALL_F0_BOTH_VALID,AT_OR_ABOVE_43_06640625_HZ,False
CT4_0063,BASS_F000629,BASS_F000629,0,0.0,102.62504888236701,102.62504888236701,0.0,0.0,1.0,ALL_F0_BOTH_VALID,AT_OR_ABOVE_43_06640625_HZ,False
CT4_0064,BASS_F000634,BASS_F000634,0,0.0,111.91340937137129,111.91340937137129,0.0,0.0,1.0,ALL_F0_BOTH_VALID,AT_OR_ABOVE_43_06640625_HZ,True
CT4_0064,BASS_F000634,BASS_F000638,-2048,-46.439909297052154,111.91340937137129,115.19272257635122,-3.2793132049799283,-50.00000000000021,0.9715319411536057,ALL_F0_BOTH_VALID,AT_OR_ABOVE_43_06640625_HZ,True
CT4_0064,BASS_F000638,BASS_F000634,2048,46.439909297052154,115.19272257635122,111.91340937137129,3.2793132049799283,50.00000000000008,1.029302236643492,ALL_F0_BOTH_VALID,AT_OR_ABOVE_43_06640625_HZ,True
CT4_0064,BASS_F000638,BASS_F000638,0,0.0,115.19272257635122,115.19272257635122,0.0,0.0,1.0,ALL_F0_BOTH_VALID,AT_OR_ABOVE_43_06640625_HZ,True
CT4_0064,BASS_F000638,BASS_F000642,-2048,-46.439909297052154,115.19272257635122,114.5292613150086,0.6634612613426185,9.999999999999636,1.0057929410678532,ALL_F0_BOTH_VALID,AT_OR_ABOVE_43_06640625_HZ,True
CT4_0064,BASS_F000642,BASS_F000638,2048,46.439909297052154,114.5292613150086,115.19272257635122,-0.6634612613426185,-9.999999999999872,0.9942404238175474,ALL_F0_BOTH_VALID,AT_OR_ABOVE_43_06640625_HZ,True
CT4_0064,BASS_F000642,BASS_F000642,0,0.0,114.5292613150086,114.5292613150086,0.0,0.0,1.0,ALL_F0_BOTH_VALID,AT_OR_ABOVE_43_06640625_HZ,True
CT4_0065,BASS_F000648,BASS_F000650,-1024,-23.219954648526077,114.5292613150086,114.5292613150086,0.0,0.0,1.0,ALL_F0_BOTH_VALID,AT_OR_ABOVE_43_06640625_HZ,True
CT4_0065,BASS_F000652,BASS_F000650,1024,23.219954648526077,109.99080398361085,114.5292613150086,-4.538457331397751,-70.00000000000021,0.9603729450510041,ALL_F0_BOTH_VALID,AT_OR_ABOVE_43_06640625_HZ,True
CT4_0065,BASS_F000652,BASS_F000655,-1536,-34.82993197278912,109.99080398361085,113.21378055054655,-3.2229765669356993,-49.999999999999815,0.971531941153606,ALL_F0_BOTH_VALID,AT_OR_ABOVE_43_06640625_HZ,True
CT4_0065,BASS_F000659,BASS_F000655,2048,46.439909297052154,103.81749451133756,113.21378055054655,-9.396286039208988,-149.99999999999983,0.9170040432046713,ALL_F0_BOTH_VALID,AT_OR_ABOVE_43_06640625_HZ,True
CT4_0065,BASS_F000659,BASS_F000659,0,0.0,103.81749451133756,102.62504888236701,1.192445628970546,20.000000000000068,1.0116194403019225,ALL_F0_BOTH_VALID,AT_OR_ABOVE_43_06640625_HZ,True
CT4_0066,BASS_F000666,BASS_F000666,0,0.0,106.85957930324321,106.85957930324321,0.0,0.0,1.0,ALL_F0_BOTH_VALID,AT_OR_ABOVE_43_06640625_HZ,True
CT4_0066,BASS_F000666,BASS_F000670,-2048,-46.439909297052154,106.85957930324321,108.10122780564579,-1.2416485024025832,-19.999999999999975,0.9885140203528962,ALL_F0_BOTH_VALID,AT_OR_ABOVE_43_06640625_HZ,True
CT4_0066,BASS_F000672,BASS_F000670,1024,23.219954648526077,107.4786105486825,108.10122780564579,-0.6226172569632951,-10.000000000000066,0.9942404238175473,ALL_F0_BOTH_VALID,AT_OR_ABOVE_43_06640625_HZ,True
CT4_0067,BASS_F000679,BASS_F000679,0,0.0,106.85957930324321,106.85957930324321,0.0,0.0,1.0,ALL_F0_BOTH_VALID,AT_OR_ABOVE_43_06640625_HZ,True
CT4_0067,BASS_F000679,BASS_F000683,-2048,-46.439909297052154,106.85957930324321,106.85957930324321,0.0,0.0,1.0,ALL_F0_BOTH_VALID,AT_OR_ABOVE_43_06640625_HZ,True
CT4_0067,BASS_F000683,BASS_F000679,2048,46.439909297052154,106.85957930324321,106.85957930324321,0.0,0.0,1.0,ALL_F0_BOTH_VALID,AT_OR_ABOVE_43_06640625_HZ,True
CT4_0067,BASS_F000683,BASS_F000683,0,0.0,106.85957930324321,106.85957930324321,0.0,0.0,1.0,ALL_F0_BOTH_VALID,AT_OR_ABOVE_43_06640625_HZ,True
CT4_0068,BASS_F000691,BASS_F000691,0,0.0,96.86514747776937,96.86514747776937,0.0,0.0,1.0,ALL_F0_BOTH_VALID,AT_OR_ABOVE_43_06640625_HZ,False
CT4_0069,BASS_F000698,BASS_F000698,0,0.0,97.42628156863701,97.42628156863701,0.0,0.0,1.0,ALL_F0_BOTH_VALID,AT_OR_ABOVE_43_06640625_HZ,False
CT4_0070,BASS_F000705,BASS_F000705,0,0.0,99.12926297316642,99.12926297316642,0.0,0.0,1.0,ALL_F0_BOTH_VALID,AT_OR_ABOVE_43_06640625_HZ,True
CT4_0070,BASS_F000705,BASS_F000709,-2048,-46.439909297052154,99.12926297316642,99.12926297316642,0.0,0.0,1.0,ALL_F0_BOTH_VALID,AT_OR_ABOVE_43_06640625_HZ,True
CT4_0070,BASS_F000711,BASS_F000709,1024,23.219954648526077,97.99066627622422,99.12926297316642,-1.1385966969422014,-20.00000000000017,0.988514020352896,ALL_F0_BOTH_VALID,AT_OR_ABOVE_43_06640625_HZ,True
CT4_0071,BASS_F000716,BASS_F000717,-512,-11.609977324263038,101.4462996596211,100.28108952645671,1.1652101331643934,19.999999999999687,1.0116194403019223,ALL_F0_BOTH_VALID,AT_OR_ABOVE_43_06640625_HZ,False
CT4_0072,BASS_F000724,BASS_F000724,0,0.0,89.85783717161723,89.34029411283689,0.5175430587803476,9.999999999999636,1.0057929410678532,ALL_F0_BOTH_VALID,AT_OR_ABOVE_43_06640625_HZ,False
CT4_0073,BASS_F000731,BASS_F000731,0,0.0,89.34029411283689,89.34029411283689,0.0,0.0,1.0,ALL_F0_BOTH_VALID,AT_OR_ABOVE_43_06640625_HZ,True
CT4_0073,BASS_F000731,BASS_F000735,-2048,-46.439909297052154,89.34029411283689,88.31413331299056,1.0261607998463234,20.000000000000068,1.0116194403019225,ALL_F0_BOTH_VALID,AT_OR_ABOVE_43_06640625_HZ,True
CT4_0073,BASS_F000735,BASS_F000731,2048,46.439909297052154,88.31413331299056,89.34029411283689,-1.0261607998463234,-20.00000000000017,0.988514020352896,ALL_F0_BOTH_VALID,AT_OR_ABOVE_43_06640625_HZ,True
CT4_0073,BASS_F000735,BASS_F000735,0,0.0,88.31413331299056,88.31413331299056,0.0,0.0,1.0,ALL_F0_BOTH_VALID,AT_OR_ABOVE_43_06640625_HZ,True
CT4_0074,BASS_F000743,BASS_F000743,0,0.0,,,,,,EXCLUDED_MISSING_F0,UNDETERMINED_NO_F0,True
CT4_0074,BASS_F000743,BASS_F000747,-2048,-46.439909297052154,,74.26303811913242,,,,EXCLUDED_MISSING_F0,UNDETERMINED_NO_F0,True
CT4_0074,BASS_F000747,BASS_F000743,2048,46.439909297052154,,,,,,EXCLUDED_MISSING_F0,UNDETERMINED_NO_F0,True
CT4_0074,BASS_F000747,BASS_F000747,0,0.0,,74.26303811913242,,,,EXCLUDED_MISSING_F0,UNDETERMINED_NO_F0,True
CT4_0075,BASS_F000754,BASS_F000754,0,0.0,,,,,,EXCLUDED_MISSING_F0,UNDETERMINED_NO_F0,False
CT4_0076,BASS_F000759,BASS_F000759,0,0.0,63.173127800387554,63.53908600680716,-0.36595820641960586,-9.999999999999678,0.9942404238175475,ALL_F0_BOTH_VALID,AT_OR_ABOVE_43_06640625_HZ,False
CT4_0077,BASS_F000771,BASS_F000771,0,0.0,63.53908600680716,63.53908600680716,0.0,0.0,1.0,ALL_F0_BOTH_VALID,AT_OR_ABOVE_43_06640625_HZ,False
CT4_0078,BASS_F000776,BASS_F000777,-512,-11.609977324263038,63.53908600680716,63.53908600680716,0.0,0.0,1.0,ALL_F0_BOTH_VALID,AT_OR_ABOVE_43_06640625_HZ,False
CT4_0079,BASS_F000782,BASS_F000782,0,0.0,62.4475225402284,62.08785127675253,0.3596712634758674,9.999999999999636,1.0057929410678532,ALL_F0_BOTH_VALID,AT_OR_ABOVE_43_06640625_HZ,True
CT4_0079,BASS_F000782,BASS_F000786,-2048,-46.439909297052154,62.4475225402284,,,,,EXCLUDED_MISSING_F0,AT_OR_ABOVE_43_06640625_HZ,True
CT4_0079,BASS_F000786,BASS_F000782,2048,46.439909297052154,,62.08785127675253,,,,EXCLUDED_MISSING_F0,UNDETERMINED_NO_F0,True
CT4_0079,BASS_F000786,BASS_F000786,0,0.0,,,,,,EXCLUDED_MISSING_F0,UNDETERMINED_NO_F0,True
CT4_0080,BASS_F000793,BASS_F000793,0,0.0,58.94261241633266,58.94261241633266,0.0,0.0,1.0,ALL_F0_BOTH_VALID,AT_OR_ABOVE_43_06640625_HZ,False
CT4_0081,BASS_F000805,BASS_F000809,-2048,-46.439909297052154,59.28406349644579,58.603127949728005,0.6809355467177838,19.999999999999687,1.0116194403019223,ALL_F0_BOTH_VALID,AT_OR_ABOVE_43_06640625_HZ,True
CT4_0081,BASS_F000809,BASS_F000809,0,0.0,58.94261241633266,58.603127949728005,0.33948446660465237,10.000000000000016,1.0057929410678534,ALL_F0_BOTH_VALID,AT_OR_ABOVE_43_06640625_HZ,True
CT4_0082,BASS_F000816,BASS_F000816,0,0.0,102.0339720951011,,,,,EXCLUDED_MISSING_F0,AT_OR_ABOVE_43_06640625_HZ,False
CT4_0083,BASS_F000829,BASS_F000826,1536,34.82993197278912,106.24411341542132,108.10122780564579,-1.8571143902244671,-30.000000000000203,0.982820598545251,ALL_F0_BOTH_VALID,AT_OR_ABOVE_43_06640625_HZ,False
CT4_0084,BASS_F000836,BASS_F000836,0,0.0,106.24411341542132,106.85957930324321,-0.6154658878218839,-10.000000000000258,0.9942404238175472,ALL_F0_BOTH_VALID,AT_OR_ABOVE_43_06640625_HZ,True
CT4_0084,BASS_F000840,BASS_F000836,2048,46.439909297052154,105.02379569110721,106.85957930324321,-1.835783612135998,-30.000000000000007,0.9828205985452511,ALL_F0_BOTH_VALID,AT_OR_ABOVE_43_06640625_HZ,True
CT4_0084,BASS_F000840,BASS_F000841,-512,-11.609977324263038,105.02379569110721,103.21954974262815,1.804245948479064,30.00000000000021,1.0174796921026865,ALL_F0_BOTH_VALID,AT_OR_ABOVE_43_06640625_HZ,True
CT4_0084,BASS_F000844,BASS_F000841,1536,34.82993197278912,97.42628156863701,103.21954974262815,-5.793268173991137,-100.00000000000014,0.9438743126816934,ALL_F0_BOTH_VALID,AT_OR_ABOVE_43_06640625_HZ,True
CT4_0084,BASS_F000844,BASS_F000848,-2048,-46.439909297052154,97.42628156863701,93.02666695602522,4.399614612611785,80.00000000000001,1.0472941228206267,ALL_F0_BOTH_VALID,AT_OR_ABOVE_43_06640625_HZ,True
CT4_0084,BASS_F000848,BASS_F000848,0,0.0,93.02666695602522,93.02666695602522,0.0,0.0,1.0,ALL_F0_BOTH_VALID,AT_OR_ABOVE_43_06640625_HZ,True
CT4_0085,BASS_F000858,BASS_F000854,2048,46.439909297052154,99.12926297316642,96.86514747776937,2.26411549539705,39.99999999999973,1.0233738919967748,ALL_F0_BOTH_VALID,AT_OR_ABOVE_43_06640625_HZ,True
CT4_0085,BASS_F000858,BASS_F000858,0,0.0,99.12926297316642,99.70351295166972,-0.5742499785033033,-10.000000000000066,0.9942404238175473,ALL_F0_BOTH_VALID,AT_OR_ABOVE_43_06640625_HZ,True
CT4_0085,BASS_F000858,BASS_F000862,-2048,-46.439909297052154,99.12926297316642,100.28108952645671,-1.1518265532902916,-20.00000000000017,0.988514020352896,ALL_F0_BOTH_VALID,AT_OR_ABOVE_43_06640625_HZ,True
CT4_0085,BASS_F000862,BASS_F000858,2048,46.439909297052154,99.12926297316642,99.70351295166972,-0.5742499785033033,-10.000000000000066,0.9942404238175473,ALL_F0_BOTH_VALID,AT_OR_ABOVE_43_06640625_HZ,True
CT4_0085,BASS_F000862,BASS_F000862,0,0.0,99.12926297316642,100.28108952645671,-1.1518265532902916,-20.00000000000017,0.988514020352896,ALL_F0_BOTH_VALID,AT_OR_ABOVE_43_06640625_HZ,True
CT4_0086,BASS_F000872,BASS_F000868,2048,46.439909297052154,,97.99066627622422,,,,EXCLUDED_MISSING_F0,UNDETERMINED_NO_F0,True
CT4_0086,BASS_F000872,BASS_F000872,0,0.0,,,,,,EXCLUDED_MISSING_F0,UNDETERMINED_NO_F0,True
CT4_0087,BASS_F000879,BASS_F000879,0,0.0,,,,,,EXCLUDED_MISSING_F0,UNDETERMINED_NO_F0,False
CT4_0088,BASS_F000884,BASS_F000884,0,0.0,,63.907164187549874,,,,EXCLUDED_MISSING_F0,UNDETERMINED_NO_F0,False
CT4_0089,BASS_F000892,BASS_F000892,0,0.0,,63.907164187549874,,,,EXCLUDED_MISSING_F0,UNDETERMINED_NO_F0,False
CT4_0090,BASS_F000900,BASS_F000897,1536,34.82993197278912,62.8092773581374,63.53908600680716,-0.7298086486697599,-19.99999999999978,0.9885140203528963,ALL_F0_BOTH_VALID,AT_OR_ABOVE_43_06640625_HZ,True
CT4_0090,BASS_F000900,BASS_F000902,-1024,-23.219954648526077,62.8092773581374,63.173127800387554,-0.36385044225015406,-10.000000000000066,0.9942404238175473,ALL_F0_BOTH_VALID,AT_OR_ABOVE_43_06640625_HZ,True
CT4_0091,BASS_F000908,BASS_F000909,-512,-11.609977324263038,63.53908600680716,63.53908600680716,0.0,0.0,1.0,ALL_F0_BOTH_VALID,AT_OR_ABOVE_43_06640625_HZ,True
CT4_0091,BASS_F000913,BASS_F000909,2048,46.439909297052154,66.54411134432347,63.53908600680716,3.005025337516308,80.00000000000001,1.0472941228206267,ALL_F0_BOTH_VALID,AT_OR_ABOVE_43_06640625_HZ,True
CT4_0091,BASS_F000913,BASS_F000913,0,0.0,66.54411134432347,65.02424174070407,1.519869603619398,40.00000000000011,1.023373891996775,ALL_F0_BOTH_VALID,AT_OR_ABOVE_43_06640625_HZ,True
CT4_0091,BASS_F000913,BASS_F000917,-2048,-46.439909297052154,66.54411134432347,65.77978703578796,0.7643243085355067,19.999999999999687,1.0116194403019223,ALL_F0_BOTH_VALID,AT_OR_ABOVE_43_06640625_HZ,True
CT4_0091,BASS_F000917,BASS_F000913,2048,46.439909297052154,66.16084546554222,65.02424174070407,1.136603724838153,29.99999999999983,1.0174796921026863,ALL_F0_BOTH_VALID,AT_OR_ABOVE_43_06640625_HZ,True
CT4_0091,BASS_F000917,BASS_F000917,0,0.0,66.16084546554222,65.77978703578796,0.38105842975426185,9.999999999999636,1.0057929410678532,ALL_F0_BOTH_VALID,AT_OR_ABOVE_43_06640625_HZ,True
CT4_0092,BASS_F000922,BASS_F000922,0,0.0,66.16084546554222,66.16084546554222,0.0,0.0,1.0,ALL_F0_BOTH_VALID,AT_OR_ABOVE_43_06640625_HZ,False
CT4_0093,BASS_F000927,BASS_F000927,0,0.0,66.16084546554222,66.16084546554222,0.0,0.0,1.0,ALL_F0_BOTH_VALID,AT_OR_ABOVE_43_06640625_HZ,False
CT4_0094,BASS_F000935,BASS_F000933,1024,23.219954648526077,,66.16084546554222,,,,EXCLUDED_MISSING_F0,UNDETERMINED_NO_F0,False
CT4_0095,BASS_F000942,BASS_F000942,0,0.0,,,,,,EXCLUDED_MISSING_F0,UNDETERMINED_NO_F0,False
CT4_0096,BASS_F000949,BASS_F000949,0,0.0,41.2,41.2,0.0,0.0,1.0,ALL_F0_BOTH_VALID,BELOW_43_06640625_HZ,False
CT4_0097,BASS_F000955,BASS_F000955,0,0.0,41.67872094043921,41.67872094043921,0.0,0.0,1.0,ALL_F0_BOTH_VALID,BELOW_43_06640625_HZ,True
CT4_0097,BASS_F000955,BASS_F000959,-2048,-46.439909297052154,41.67872094043921,41.43866917199556,0.2400517684436494,10.000000000000016,1.0057929410678534,ALL_F0_BOTH_VALID,BELOW_43_06640625_HZ,True
CT4_0097,BASS_F000959,BASS_F000955,2048,46.439909297052154,41.43866917199556,41.67872094043921,-0.2400517684436494,-10.000000000000258,0.9942404238175472,ALL_F0_BOTH_VALID,BELOW_43_06640625_HZ,True
CT4_0097,BASS_F000959,BASS_F000959,0,0.0,41.43866917199556,41.43866917199556,0.0,0.0,1.0,ALL_F0_BOTH_VALID,BELOW_43_06640625_HZ,True
CT4_0097,BASS_F000963,BASS_F000959,2048,46.439909297052154,41.67872094043921,41.43866917199556,0.2400517684436494,10.000000000000016,1.0057929410678534,ALL_F0_BOTH_VALID,BELOW_43_06640625_HZ,True
CT4_0097,BASS_F000963,BASS_F000965,-1024,-23.219954648526077,41.67872094043921,41.92016331463068,-0.24144237419146464,-9.999999999999678,0.9942404238175475,ALL_F0_BOTH_VALID,BELOW_43_06640625_HZ,True
CT4_0097,BASS_F000967,BASS_F000965,1024,23.219954648526077,41.2,41.92016331463068,-0.7201633146306747,-29.99999999999981,0.9828205985452512,ALL_F0_BOTH_VALID,BELOW_43_06640625_HZ,True
CT4_0097,BASS_F000967,BASS_F000969,-1024,-23.219954648526077,41.2,41.67872094043921,-0.4787209404392101,-20.00000000000017,0.988514020352896,ALL_F0_BOTH_VALID,BELOW_43_06640625_HZ,True
CT4_0097,BASS_F000973,BASS_F000969,2048,46.439909297052154,41.43866917199556,41.67872094043921,-0.2400517684436494,-10.000000000000258,0.9942404238175472,ALL_F0_BOTH_VALID,BELOW_43_06640625_HZ,True
CT4_0097,BASS_F000973,BASS_F000973,0,0.0,41.43866917199556,41.67872094043921,-0.2400517684436494,-10.000000000000258,0.9942404238175472,ALL_F0_BOTH_VALID,BELOW_43_06640625_HZ,True
CT4_0097,BASS_F000973,BASS_F000977,-2048,-46.439909297052154,41.43866917199556,43.14851786020982,-1.709848688214258,-70.00000000000001,0.9603729450510042,ALL_F0_BOTH_VALID,BELOW_43_06640625_HZ,True
CT4_0097,BASS_F000977,BASS_F000973,2048,46.439909297052154,43.649879487602966,41.67872094043921,1.9711585471637534,79.99999999999964,1.0472941228206265,ALL_F0_BOTH_VALID,AT_OR_ABOVE_43_06640625_HZ,True
CT4_0097,BASS_F000977,BASS_F000977,0,0.0,43.649879487602966,43.14851786020982,0.5013616273931447,20.000000000000068,1.0116194403019225,ALL_F0_BOTH_VALID,AT_OR_ABOVE_43_06640625_HZ,True
CT4_0097,BASS_F000977,BASS_F000981,-2048,-46.439909297052154,43.649879487602966,44.41286594136563,-0.7629864537626645,-30.000000000000007,0.9828205985452511,ALL_F0_BOTH_VALID,AT_OR_ABOVE_43_06640625_HZ,True
CT4_0097,BASS_F000981,BASS_F000977,2048,46.439909297052154,44.15706665649528,43.14851786020982,1.00854879628546,40.00000000000011,1.023373891996775,ALL_F0_BOTH_VALID,AT_OR_ABOVE_43_06640625_HZ,True
CT4_0097,BASS_F000981,BASS_F000981,0,0.0,44.15706665649528,44.41286594136563,-0.2557992848703492,-9.999999999999872,0.9942404238175474,ALL_F0_BOTH_VALID,AT_OR_ABOVE_43_06640625_HZ,True
CT4_0097,BASS_F000981,BASS_F000985,-2048,-46.439909297052154,44.15706665649528,43.90274066709355,0.25432598940172824,10.000000000000016,1.0057929410678534,ALL_F0_BOTH_VALID,AT_OR_ABOVE_43_06640625_HZ,True
CT4_0097,BASS_F000985,BASS_F000981,2048,46.439909297052154,43.90274066709355,44.41286594136563,-0.5101252742720774,-19.999999999999975,0.9885140203528962,ALL_F0_BOTH_VALID,AT_OR_ABOVE_43_06640625_HZ,True
CT4_0097,BASS_F000985,BASS_F000985,0,0.0,43.90274066709355,43.90274066709355,0.0,0.0,1.0,ALL_F0_BOTH_VALID,AT_OR_ABOVE_43_06640625_HZ,True
CT4_0097,BASS_F000989,BASS_F000985,2048,46.439909297052154,43.90274066709355,43.90274066709355,0.0,0.0,1.0,ALL_F0_BOTH_VALID,AT_OR_ABOVE_43_06640625_HZ,True
CT4_0097,BASS_F000989,BASS_F000990,-512,-11.609977324263038,43.90274066709355,44.15706665649528,-0.25432598940172824,-10.000000000000066,0.9942404238175473,ALL_F0_BOTH_VALID,AT_OR_ABOVE_43_06640625_HZ,True
CT4_0097,BASS_F000994,BASS_F000990,2048,46.439909297052154,44.15706665649528,44.15706665649528,0.0,0.0,1.0,ALL_F0_BOTH_VALID,AT_OR_ABOVE_43_06640625_HZ,True
CT4_0097,BASS_F000994,BASS_F000994,0,0.0,44.15706665649528,43.90274066709355,0.25432598940172824,10.000000000000016,1.0057929410678534,ALL_F0_BOTH_VALID,AT_OR_ABOVE_43_06640625_HZ,True
CT4_0097,BASS_F000994,BASS_F000998,-2048,-46.439909297052154,44.15706665649528,44.15706665649528,0.0,0.0,1.0,ALL_F0_BOTH_VALID,AT_OR_ABOVE_43_06640625_HZ,True
CT4_0097,BASS_F000998,BASS_F000994,2048,46.439909297052154,43.90274066709355,43.90274066709355,0.0,0.0,1.0,ALL_F0_BOTH_VALID,AT_OR_ABOVE_43_06640625_HZ,True
CT4_0097,BASS_F000998,BASS_F000998,0,0.0,43.90274066709355,44.15706665649528,-0.25432598940172824,-10.000000000000066,0.9942404238175473,ALL_F0_BOTH_VALID,AT_OR_ABOVE_43_06640625_HZ,True
CT4_0097,BASS_F000998,BASS_F001002,-2048,-46.439909297052154,43.90274066709355,44.92891858580862,-1.0261779187150637,-40.000000000000085,0.9771599684342459,ALL_F0_BOTH_VALID,AT_OR_ABOVE_43_06640625_HZ,True
CT4_0097,BASS_F001002,BASS_F000998,2048,46.439909297052154,,44.15706665649528,,,,EXCLUDED_MISSING_F0,UNDETERMINED_NO_F0,True
CT4_0097,BASS_F001002,BASS_F001002,0,0.0,,44.92891858580862,,,,EXCLUDED_MISSING_F0,UNDETERMINED_NO_F0,True
CT4_0097,BASS_F001002,BASS_F001006,-2048,-46.439909297052154,,,,,,EXCLUDED_MISSING_F0,UNDETERMINED_NO_F0,True
CT4_0097,BASS_F001006,BASS_F001002,2048,46.439909297052154,,44.92891858580862,,,,EXCLUDED_MISSING_F0,UNDETERMINED_NO_F0,True
CT4_0097,BASS_F001006,BASS_F001006,0,0.0,,,,,,EXCLUDED_MISSING_F0,UNDETERMINED_NO_F0,True
CT4_0098,BASS_F001011,BASS_F001011,0,0.0,54.678651784349015,54.678651784349015,0.0,0.0,1.0,ALL_F0_BOTH_VALID,AT_OR_ABOVE_43_06640625_HZ,True
CT4_0098,BASS_F001015,BASS_F001011,2048,46.439909297052154,54.99540199180542,54.678651784349015,0.31675020745640836,10.000000000000016,1.0057929410678534,ALL_F0_BOTH_VALID,AT_OR_ABOVE_43_06640625_HZ,True
CT4_0098,BASS_F001015,BASS_F001016,-512,-11.609977324263038,54.99540199180542,54.678651784349015,0.31675020745640836,10.000000000000016,1.0057929410678534,ALL_F0_BOTH_VALID,AT_OR_ABOVE_43_06640625_HZ,True
CT4_0099,BASS_F001024,BASS_F001024,0,0.0,55.31398711454686,55.31398711454686,0.0,0.0,1.0,ALL_F0_BOTH_VALID,AT_OR_ABOVE_43_06640625_HZ,False
CT4_0101,BASS_F001037,BASS_F001037,0,0.0,,,,,,EXCLUDED_MISSING_F0,UNDETERMINED_NO_F0,True
CT4_0101,BASS_F001041,BASS_F001037,2048,46.439909297052154,57.9300136148408,,,,,EXCLUDED_MISSING_F0,AT_OR_ABOVE_43_06640625_HZ,True
CT4_0101,BASS_F001041,BASS_F001042,-512,-11.609977324263038,57.9300136148408,58.603127949728005,-0.6731143348872024,-20.00000000000017,0.988514020352896,ALL_F0_BOTH_VALID,AT_OR_ABOVE_43_06640625_HZ,True
CT4_0102,BASS_F001049,BASS_F001052,-1536,-34.82993197278912,59.62749258254358,58.94261241633266,0.6848801662109238,19.999999999999687,1.0116194403019223,ALL_F0_BOTH_VALID,AT_OR_ABOVE_43_06640625_HZ,False
CT4_0103,BASS_F001066,BASS_F001066,0,0.0,109.35730356869803,,,,,EXCLUDED_MISSING_F0,AT_OR_ABOVE_43_06640625_HZ,True
CT4_0103,BASS_F001066,BASS_F001070,-2048,-46.439909297052154,109.35730356869803,117.20625589945601,-7.848952330757982,-120.0,0.9330329915368074,ALL_F0_BOTH_VALID,AT_OR_ABOVE_43_06640625_HZ,True
CT4_0103,BASS_F001070,BASS_F001066,2048,46.439909297052154,111.26883556425886,,,,,EXCLUDED_MISSING_F0,AT_OR_ABOVE_43_06640625_HZ,True
CT4_0103,BASS_F001070,BASS_F001070,0,0.0,111.26883556425886,117.20625589945601,-5.937420335197146,-90.00000000000006,0.9493421209505192,ALL_F0_BOTH_VALID,AT_OR_ABOVE_43_06640625_HZ,True
CT4_0103,BASS_F001070,BASS_F001074,-2048,-46.439909297052154,111.26883556425886,117.20625589945601,-5.937420335197146,-90.00000000000006,0.9493421209505192,ALL_F0_BOTH_VALID,AT_OR_ABOVE_43_06640625_HZ,True
CT4_0103,BASS_F001074,BASS_F001070,2048,46.439909297052154,114.5292613150086,117.20625589945601,-2.6769945844474137,-39.99999999999989,0.977159968434246,ALL_F0_BOTH_VALID,AT_OR_ABOVE_43_06640625_HZ,True
CT4_0103,BASS_F001074,BASS_F001074,0,0.0,114.5292613150086,117.20625589945601,-2.6769945844474137,-39.99999999999989,0.977159968434246,ALL_F0_BOTH_VALID,AT_OR_ABOVE_43_06640625_HZ,True
CT4_0104,BASS_F001081,BASS_F001081,0,0.0,117.20625589945601,117.20625589945601,0.0,0.0,1.0,ALL_F0_BOTH_VALID,AT_OR_ABOVE_43_06640625_HZ,True
CT4_0104,BASS_F001081,BASS_F001085,-2048,-46.439909297052154,117.20625589945601,117.20625589945601,0.0,0.0,1.0,ALL_F0_BOTH_VALID,AT_OR_ABOVE_43_06640625_HZ,True
CT4_0104,BASS_F001085,BASS_F001081,2048,46.439909297052154,116.53119753954304,117.20625589945601,-0.6750583599129669,-10.000000000000066,0.9942404238175473,ALL_F0_BOTH_VALID,AT_OR_ABOVE_43_06640625_HZ,True
CT4_0104,BASS_F001085,BASS_F001085,0,0.0,116.53119753954304,117.20625589945601,-0.6750583599129669,-10.000000000000066,0.9942404238175473,ALL_F0_BOTH_VALID,AT_OR_ABOVE_43_06640625_HZ,True
CT4_0104,BASS_F001085,BASS_F001089,-2048,-46.439909297052154,116.53119753954304,115.8600272296816,0.6711703098614379,10.000000000000016,1.0057929410678534,ALL_F0_BOTH_VALID,AT_OR_ABOVE_43_06640625_HZ,True
CT4_0104,BASS_F001089,BASS_F001085,2048,46.439909297052154,115.8600272296816,117.20625589945601,-1.3462286697744048,-20.00000000000017,0.988514020352896,ALL_F0_BOTH_VALID,AT_OR_ABOVE_43_06640625_HZ,True
CT4_0104,BASS_F001089,BASS_F001089,0,0.0,115.8600272296816,115.8600272296816,0.0,0.0,1.0,ALL_F0_BOTH_VALID,AT_OR_ABOVE_43_06640625_HZ,True
CT4_0105,BASS_F001095,BASS_F001094,512,11.609977324263038,97.99066627622422,106.24411341542132,-8.253447139197107,-140.00000000000003,0.9223161935859392,ALL_F0_BOTH_VALID,AT_OR_ABOVE_43_06640625_HZ,True
CT4_0105,BASS_F001095,BASS_F001098,-1536,-34.82993197278912,97.99066627622422,75.56113316006491,22.429533116159305,449.99999999999994,1.2968395546510096,ALL_F0_BOTH_VALID,AT_OR_ABOVE_43_06640625_HZ,True
CT4_0106,BASS_F001104,BASS_F001106,-1024,-23.219954648526077,79.13473067220275,78.67894816221833,0.4557825099844166,9.999999999999636,1.0057929410678532,ALL_F0_BOTH_VALID,AT_OR_ABOVE_43_06640625_HZ,True
CT4_0106,BASS_F001108,BASS_F001106,1024,23.219954648526077,79.13473067220275,78.67894816221833,0.4557825099844166,9.999999999999636,1.0057929410678532,ALL_F0_BOTH_VALID,AT_OR_ABOVE_43_06640625_HZ,True
CT4_0106,BASS_F001108,BASS_F001112,-2048,-46.439909297052154,79.13473067220275,78.67894816221833,0.4557825099844166,9.999999999999636,1.0057929410678532,ALL_F0_BOTH_VALID,AT_OR_ABOVE_43_06640625_HZ,True
CT4_0106,BASS_F001112,BASS_F001112,0,0.0,79.13473067220275,78.67894816221833,0.4557825099844166,9.999999999999636,1.0057929410678532,ALL_F0_BOTH_VALID,AT_OR_ABOVE_43_06640625_HZ,True
CT4_0107,BASS_F001121,BASS_F001119,1024,23.219954648526077,,79.59315350340728,,,,EXCLUDED_MISSING_F0,UNDETERMINED_NO_F0,False
CT4_0109,BASS_F001130,BASS_F001130,0,0.0,,,,,,EXCLUDED_MISSING_F0,UNDETERMINED_NO_F0,False
CT4_0110,BASS_F001137,BASS_F001137,0,0.0,61.37471148065534,61.37471148065534,0.0,0.0,1.0,ALL_F0_BOTH_VALID,AT_OR_ABOVE_43_06640625_HZ,False
CT4_0111,BASS_F001142,BASS_F001142,0,0.0,60.32033067295977,59.972911133098115,0.3474195398616544,10.000000000000016,1.0057929410678534,ALL_F0_BOTH_VALID,AT_OR_ABOVE_43_06640625_HZ,True
CT4_0111,BASS_F001142,BASS_F001146,-2048,-46.439909297052154,60.32033067295977,59.62749258254358,0.6928380904161884,20.000000000000068,1.0116194403019225,ALL_F0_BOTH_VALID,AT_OR_ABOVE_43_06640625_HZ,True
CT4_0111,BASS_F001146,BASS_F001142,2048,46.439909297052154,59.62749258254358,59.972911133098115,-0.34541855055453397,-9.999999999999678,0.9942404238175475,ALL_F0_BOTH_VALID,AT_OR_ABOVE_43_06640625_HZ,True
CT4_0111,BASS_F001146,BASS_F001146,0,0.0,59.62749258254358,59.62749258254358,0.0,0.0,1.0,ALL_F0_BOTH_VALID,AT_OR_ABOVE_43_06640625_HZ,True
CT4_0112,BASS_F001151,BASS_F001152,-512,-11.609977324263038,60.32033067295977,59.28406349644579,1.0362671765139808,29.99999999999983,1.0174796921026863,ALL_F0_BOTH_VALID,AT_OR_ABOVE_43_06640625_HZ,True
CT4_0112,BASS_F001155,BASS_F001152,1536,34.82993197278912,58.26559876977152,59.28406349644579,-1.0184647266742672,-30.000000000000007,0.9828205985452511,ALL_F0_BOTH_VALID,AT_OR_ABOVE_43_06640625_HZ,True
CT4_0113,BASS_F001162,BASS_F001162,0,0.0,89.85783717161723,89.34029411283689,0.5175430587803476,9.999999999999636,1.0057929410678532,ALL_F0_BOTH_VALID,AT_OR_ABOVE_43_06640625_HZ,False
CT4_0114,BASS_F001170,BASS_F001173,-1536,-34.82993197278912,87.29975897520593,86.79694936267848,0.5028096125274573,10.000000000000016,1.0057929410678534,ALL_F0_BOTH_VALID,AT_OR_ABOVE_43_06640625_HZ,False
CT4_0115,BASS_F001178,BASS_F001180,-1024,-23.219954648526077,87.29975897520593,87.29975897520593,0.0,0.0,1.0,ALL_F0_BOTH_VALID,AT_OR_ABOVE_43_06640625_HZ,True
CT4_0115,BASS_F001183,BASS_F001180,1536,34.82993197278912,91.42852449839042,87.29975897520593,4.128765523184484,79.99999999999964,1.0472941228206265,ALL_F0_BOTH_VALID,AT_OR_ABOVE_43_06640625_HZ,True
CT4_0115,BASS_F001183,BASS_F001187,-2048,-46.439909297052154,91.42852449839042,90.37837832683718,1.0501461715532372,19.999999999999687,1.0116194403019223,ALL_F0_BOTH_VALID,AT_OR_ABOVE_43_06640625_HZ,True
CT4_0116,BASS_F001193,BASS_F001193,0,0.0,93.02666695602522,91.95816455273041,1.068502403294815,20.000000000000068,1.0116194403019225,ALL_F0_BOTH_VALID,AT_OR_ABOVE_43_06640625_HZ,False
CT4_0117,BASS_F001203,BASS_F001203,0,0.0,92.49087278069234,92.49087278069234,0.0,0.0,1.0,ALL_F0_BOTH_VALID,AT_OR_ABOVE_43_06640625_HZ,False
CT4_0118,BASS_F001208,BASS_F001212,-2048,-46.439909297052154,91.95816455273041,91.95816455273041,0.0,0.0,1.0,ALL_F0_BOTH_VALID,AT_OR_ABOVE_43_06640625_HZ,True
CT4_0118,BASS_F001215,BASS_F001212,1536,34.82993197278912,94.65274445175568,91.95816455273041,2.694579899025271,49.99999999999971,1.0293022366434919,ALL_F0_BOTH_VALID,AT_OR_ABOVE_43_06640625_HZ,True
CT4_0118,BASS_F001215,BASS_F001219,-2048,-46.439909297052154,94.65274445175568,93.02666695602522,1.6260774957304562,29.99999999999983,1.0174796921026863,ALL_F0_BOTH_VALID,AT_OR_ABOVE_43_06640625_HZ,True
CT4_0118,BASS_F001219,BASS_F001219,0,0.0,94.65274445175568,93.02666695602522,1.6260774957304562,29.99999999999983,1.0174796921026863,ALL_F0_BOTH_VALID,AT_OR_ABOVE_43_06640625_HZ,True
CT4_0119,BASS_F001224,BASS_F001224,0,0.0,96.86514747776937,96.86514747776937,0.0,0.0,1.0,ALL_F0_BOTH_VALID,AT_OR_ABOVE_43_06640625_HZ,False
CT4_0120,BASS_F001233,BASS_F001237,-2048,-46.439909297052154,100.28108952645671,99.12926297316642,1.1518265532902916,20.000000000000068,1.0116194403019225,ALL_F0_BOTH_VALID,AT_OR_ABOVE_43_06640625_HZ,True
CT4_0120,BASS_F001237,BASS_F001237,0,0.0,99.12926297316642,99.12926297316642,0.0,0.0,1.0,ALL_F0_BOTH_VALID,AT_OR_ABOVE_43_06640625_HZ,True
CT4_0121,BASS_F001243,BASS_F001243,0,0.0,97.99066627622422,98.55832043116207,-0.5676541549378555,-9.999999999999872,0.9942404238175474,ALL_F0_BOTH_VALID,AT_OR_ABOVE_43_06640625_HZ,False
CT4_0123,BASS_F001255,BASS_F001255,0,0.0,115.19272257635122,117.20625589945601,-2.013533323104795,-30.000000000000007,0.9828205985452511,ALL_F0_BOTH_VALID,AT_OR_ABOVE_43_06640625_HZ,False
CT4_0125,BASS_F001269,BASS_F001269,0,0.0,125.6185547162748,125.6185547162748,0.0,0.0,1.0,ALL_F0_BOTH_VALID,AT_OR_ABOVE_43_06640625_HZ,True
CT4_0125,BASS_F001269,BASS_F001273,-2048,-46.439909297052154,125.6185547162748,126.34625560077511,-0.7277008845003081,-10.000000000000066,0.9942404238175473,ALL_F0_BOTH_VALID,AT_OR_ABOVE_43_06640625_HZ,True
CT4_0125,BASS_F001273,BASS_F001269,2048,46.439909297052154,126.34625560077511,125.6185547162748,0.7277008845003081,10.000000000000016,1.0057929410678534,ALL_F0_BOTH_VALID,AT_OR_ABOVE_43_06640625_HZ,True
CT4_0125,BASS_F001273,BASS_F001273,0,0.0,126.34625560077511,126.34625560077511,0.0,0.0,1.0,ALL_F0_BOTH_VALID,AT_OR_ABOVE_43_06640625_HZ,True
CT4_0126,BASS_F001278,BASS_F001282,-2048,-46.439909297052154,,126.34625560077511,,,,EXCLUDED_MISSING_F0,UNDETERMINED_NO_F0,False
CT4_0128,BASS_F001292,BASS_F001292,0,0.0,131.55957407157592,131.55957407157592,0.0,0.0,1.0,ALL_F0_BOTH_VALID,AT_OR_ABOVE_43_06640625_HZ,False
CT4_0129,BASS_F001304,BASS_F001300,2048,46.439909297052154,131.55957407157592,133.08822268864694,-1.5286486170710134,-19.99999999999978,0.9885140203528963,ALL_F0_BOTH_VALID,AT_OR_ABOVE_43_06640625_HZ,True
CT4_0129,BASS_F001304,BASS_F001304,0,0.0,131.55957407157592,131.55957407157592,0.0,0.0,1.0,ALL_F0_BOTH_VALID,AT_OR_ABOVE_43_06640625_HZ,True
CT4_0130,BASS_F001311,BASS_F001310,512,11.609977324263038,127.81432837509975,128.55474924700397,-0.7404208719042202,-10.000000000000066,0.9942404238175473,ALL_F0_BOTH_VALID,AT_OR_ABOVE_43_06640625_HZ,True
CT4_0130,BASS_F001311,BASS_F001314,-1536,-34.82993197278912,127.81432837509975,122.0424383084129,5.771890066686851,80.00000000000001,1.0472941228206267,ALL_F0_BOTH_VALID,AT_OR_ABOVE_43_06640625_HZ,True
CT4_0131,BASS_F001321,BASS_F001319,1024,23.219954648526077,,164.8,,,,EXCLUDED_MISSING_F0,UNDETERMINED_NO_F0,True
CT4_0131,BASS_F001321,BASS_F001323,-1024,-23.219954648526077,,166.71488376175685,,,,EXCLUDED_MISSING_F0,UNDETERMINED_NO_F0,True
CT4_0133,BASS_F001339,BASS_F001335,2048,46.439909297052154,167.6806532585227,166.71488376175685,0.9657694967658585,9.999999999999636,1.0057929410678532,ALL_F0_BOTH_VALID,AT_OR_ABOVE_43_06640625_HZ,True
CT4_0133,BASS_F001339,BASS_F001341,-1024,-23.219954648526077,167.6806532585227,167.6806532585227,0.0,0.0,1.0,ALL_F0_BOTH_VALID,AT_OR_ABOVE_43_06640625_HZ,True
CT4_0133,BASS_F001343,BASS_F001341,1024,23.219954648526077,161.03596279796375,167.6806532585227,-6.644690460558962,-69.99999999999982,0.9603729450510043,ALL_F0_BOTH_VALID,AT_OR_ABOVE_43_06640625_HZ,True
CT4_0133,BASS_F001343,BASS_F001345,-1024,-23.219954648526077,161.03596279796375,165.75467668798225,-4.718713890018506,-50.000000000000014,0.9715319411536059,ALL_F0_BOTH_VALID,AT_OR_ABOVE_43_06640625_HZ,True
CT4_0133,BASS_F001349,BASS_F001345,2048,46.439909297052154,,165.75467668798225,,,,EXCLUDED_MISSING_F0,UNDETERMINED_NO_F0,True
CT4_0133,BASS_F001349,BASS_F001351,-1024,-23.219954648526077,,166.71488376175685,,,,EXCLUDED_MISSING_F0,UNDETERMINED_NO_F0,True
CT4_0133,BASS_F001355,BASS_F001351,2048,46.439909297052154,,166.71488376175685,,,,EXCLUDED_MISSING_F0,UNDETERMINED_NO_F0,True
CT4_0133,BASS_F001355,BASS_F001357,-1024,-23.219954648526077,,161.03596279796375,,,,EXCLUDED_MISSING_F0,UNDETERMINED_NO_F0,True
CT4_0134,BASS_F001362,BASS_F001366,-2048,-46.439909297052154,,,,,,EXCLUDED_MISSING_F0,UNDETERMINED_NO_F0,False
CT4_0136,BASS_F001375,BASS_F001375,0,0.0,,,,,,EXCLUDED_MISSING_F0,UNDETERMINED_NO_F0,False
CT4_0137,BASS_F001381,BASS_F001383,-1024,-23.219954648526077,,167.6806532585227,,,,EXCLUDED_MISSING_F0,UNDETERMINED_NO_F0,True
CT4_0137,BASS_F001387,BASS_F001383,2048,46.439909297052154,,167.6806532585227,,,,EXCLUDED_MISSING_F0,UNDETERMINED_NO_F0,True
CT4_0137,BASS_F001387,BASS_F001388,-512,-11.609977324263038,,167.6806532585227,,,,EXCLUDED_MISSING_F0,UNDETERMINED_NO_F0,True
CT4_0138,BASS_F001394,BASS_F001393,512,11.609977324263038,167.6806532585227,167.6806532585227,0.0,0.0,1.0,ALL_F0_BOTH_VALID,AT_OR_ABOVE_43_06640625_HZ,True
CT4_0138,BASS_F001394,BASS_F001397,-1536,-34.82993197278912,167.6806532585227,167.6806532585227,0.0,0.0,1.0,ALL_F0_BOTH_VALID,AT_OR_ABOVE_43_06640625_HZ,True
CT4_0139,BASS_F001402,BASS_F001404,-1024,-23.219954648526077,167.6806532585227,167.6806532585227,0.0,0.0,1.0,ALL_F0_BOTH_VALID,AT_OR_ABOVE_43_06640625_HZ,True
CT4_0139,BASS_F001407,BASS_F001404,1536,34.82993197278912,161.03596279796375,167.6806532585227,-6.644690460558962,-69.99999999999982,0.9603729450510043,ALL_F0_BOTH_VALID,AT_OR_ABOVE_43_06640625_HZ,True
CT4_0139,BASS_F001407,BASS_F001408,-512,-11.609977324263038,161.03596279796375,166.71488376175685,-5.678920963793104,-60.000000000000114,0.9659363289248455,ALL_F0_BOTH_VALID,AT_OR_ABOVE_43_06640625_HZ,True
CT4_0140,BASS_F001414,BASS_F001414,0,0.0,,172.59407144083934,,,,EXCLUDED_MISSING_F0,UNDETERMINED_NO_F0,False
CT4_0141,BASS_F001422,BASS_F001424,-1024,-23.219954648526077,,169.62900859884746,,,,EXCLUDED_MISSING_F0,UNDETERMINED_NO_F0,False
CT4_0142,BASS_F001433,BASS_F001430,1536,34.82993197278912,,167.6806532585227,,,,EXCLUDED_MISSING_F0,UNDETERMINED_NO_F0,False
CT4_0145,BASS_F001449,BASS_F001450,-512,-11.609977324263038,,198.25852594633284,,,,EXCLUDED_MISSING_F0,UNDETERMINED_NO_F0,True
CT4_0145,BASS_F001453,BASS_F001450,1536,34.82993197278912,,198.25852594633284,,,,EXCLUDED_MISSING_F0,UNDETERMINED_NO_F0,True
CT4_0146,BASS_F001458,BASS_F001458,0,0.0,,199.40702590333944,,,,EXCLUDED_MISSING_F0,UNDETERMINED_NO_F0,False
CT4_0147,BASS_F001467,BASS_F001466,512,11.609977324263038,,,,,,EXCLUDED_MISSING_F0,UNDETERMINED_NO_F0,False
CT4_0148,BASS_F001472,BASS_F001476,-2048,-46.439909297052154,,,,,,EXCLUDED_MISSING_F0,UNDETERMINED_NO_F0,True
CT4_0148,BASS_F001477,BASS_F001476,512,11.609977324263038,,,,,,EXCLUDED_MISSING_F0,UNDETERMINED_NO_F0,True
CT4_0148,BASS_F001477,BASS_F001480,-1536,-34.82993197278912,,219.98160796722163,,,,EXCLUDED_MISSING_F0,UNDETERMINED_NO_F0,True
CT4_0148,BASS_F001483,BASS_F001480,1536,34.82993197278912,,219.98160796722163,,,,EXCLUDED_MISSING_F0,UNDETERMINED_NO_F0,True
CT4_0149,BASS_F001491,BASS_F001491,0,0.0,,218.714607137396,,,,EXCLUDED_MISSING_F0,UNDETERMINED_NO_F0,False
CT4_0150,BASS_F001496,BASS_F001499,-1536,-34.82993197278912,,218.714607137396,,,,EXCLUDED_MISSING_F0,UNDETERMINED_NO_F0,True
CT4_0150,BASS_F001500,BASS_F001499,512,11.609977324263038,,218.714607137396,,,,EXCLUDED_MISSING_F0,UNDETERMINED_NO_F0,True
CT4_0152,BASS_F001510,BASS_F001511,-512,-11.609977324263038,,199.40702590333944,,,,EXCLUDED_MISSING_F0,UNDETERMINED_NO_F0,False
CT4_0154,BASS_F001521,BASS_F001519,1024,23.219954648526077,197.11664086232415,199.40702590333944,-2.2903850410152984,-20.00000000000017,0.988514020352896,ALL_F0_BOTH_VALID,AT_OR_ABOVE_43_06640625_HZ,True
CT4_0154,BASS_F001521,BASS_F001524,-1536,-34.82993197278912,197.11664086232415,199.40702590333944,-2.2903850410152984,-20.00000000000017,0.988514020352896,ALL_F0_BOTH_VALID,AT_OR_ABOVE_43_06640625_HZ,True
CT4_0154,BASS_F001528,BASS_F001524,2048,46.439909297052154,192.61449056289328,199.40702590333944,-6.792535340446165,-60.000000000000114,0.9659363289248455,ALL_F0_BOTH_VALID,AT_OR_ABOVE_43_06640625_HZ,True
CT4_0154,BASS_F001528,BASS_F001529,-512,-11.609977324263038,192.61449056289328,,,,,EXCLUDED_MISSING_F0,AT_OR_ABOVE_43_06640625_HZ,True
CT4_0154,BASS_F001532,BASS_F001529,1536,34.82993197278912,,,,,,EXCLUDED_MISSING_F0,UNDETERMINED_NO_F0,True
CT4_0154,BASS_F001532,BASS_F001534,-1024,-23.219954648526077,,,,,,EXCLUDED_MISSING_F0,UNDETERMINED_NO_F0,True
CT4_0154,BASS_F001537,BASS_F001534,1536,34.82993197278912,,,,,,EXCLUDED_MISSING_F0,UNDETERMINED_NO_F0,True
CT4_0154,BASS_F001537,BASS_F001538,-512,-11.609977324263038,,,,,,EXCLUDED_MISSING_F0,UNDETERMINED_NO_F0,True
CT4_0154,BASS_F001542,BASS_F001538,2048,46.439909297052154,85.30582972452952,,,,,EXCLUDED_MISSING_F0,AT_OR_ABOVE_43_06640625_HZ,True
CT4_0154,BASS_F001542,BASS_F001542,0,0.0,85.30582972452952,,,,,EXCLUDED_MISSING_F0,AT_OR_ABOVE_43_06640625_HZ,True
CT4_0154,BASS_F001542,BASS_F001546,-2048,-46.439909297052154,85.30582972452952,80.05423195105713,5.251597773472383,110.00000000000017,1.0656005016284844,ALL_F0_BOTH_VALID,AT_OR_ABOVE_43_06640625_HZ,True
CT4_0154,BASS_F001546,BASS_F001542,2048,46.439909297052154,87.29975897520593,,,,,EXCLUDED_MISSING_F0,AT_OR_ABOVE_43_06640625_HZ,True
CT4_0154,BASS_F001546,BASS_F001546,0,0.0,87.29975897520593,80.05423195105713,7.2455270241487995,149.9999999999997,1.0905077326652575,ALL_F0_BOTH_VALID,AT_OR_ABOVE_43_06640625_HZ,True
CT4_0154,BASS_F001546,BASS_F001550,-2048,-46.439909297052154,87.29975897520593,83.84032662926136,3.4594323459445775,70.00000000000017,1.0412621525348065,ALL_F0_BOTH_VALID,AT_OR_ABOVE_43_06640625_HZ,True
CT4_0154,BASS_F001550,BASS_F001546,2048,46.439909297052154,88.82573188273126,80.05423195105713,8.771499931674128,179.99999999999972,1.1095694720678448,ALL_F0_BOTH_VALID,AT_OR_ABOVE_43_06640625_HZ,True
CT4_0154,BASS_F001550,BASS_F001550,0,0.0,88.82573188273126,83.84032662926136,4.9854052534699065,100.00000000000007,1.0594630943592953,ALL_F0_BOTH_VALID,AT_OR_ABOVE_43_06640625_HZ,True
CT4_0154,BASS_F001554,BASS_F001550,2048,46.439909297052154,87.29975897520593,83.84032662926136,3.4594323459445775,70.00000000000017,1.0412621525348065,ALL_F0_BOTH_VALID,AT_OR_ABOVE_43_06640625_HZ,True
CT4_0155,BASS_F001562,BASS_F001559,1536,34.82993197278912,,,,,,EXCLUDED_MISSING_F0,UNDETERMINED_NO_F0,False
CT4_0157,BASS_F001574,BASS_F001574,0,0.0,126.34625560077511,126.34625560077511,0.0,0.0,1.0,ALL_F0_BOTH_VALID,AT_OR_ABOVE_43_06640625_HZ,False
CT4_0158,BASS_F001582,BASS_F001586,-2048,-46.439909297052154,127.07817201361432,127.07817201361432,0.0,0.0,1.0,ALL_F0_BOTH_VALID,AT_OR_ABOVE_43_06640625_HZ,True
CT4_0158,BASS_F001589,BASS_F001586,1536,34.82993197278912,127.07817201361432,127.07817201361432,0.0,0.0,1.0,ALL_F0_BOTH_VALID,AT_OR_ABOVE_43_06640625_HZ,True
CT4_0159,BASS_F001593,BASS_F001596,-1536,-34.82993197278912,123.46050313463857,126.34625560077511,-2.8857524661365375,-40.000000000000085,0.9771599684342459,ALL_F0_BOTH_VALID,AT_OR_ABOVE_43_06640625_HZ,True
CT4_0159,BASS_F001600,BASS_F001596,2048,46.439909297052154,108.10122780564579,126.34625560077511,-18.245027795129317,-270.0000000000001,0.8555950256826022,ALL_F0_BOTH_VALID,AT_OR_ABOVE_43_06640625_HZ,True
CT4_0159,BASS_F001600,BASS_F001600,0,0.0,108.10122780564579,109.99080398361085,-1.8895761779650542,-30.000000000000007,0.9828205985452511,ALL_F0_BOTH_VALID,AT_OR_ABOVE_43_06640625_HZ,True
CT4_0159,BASS_F001600,BASS_F001604,-2048,-46.439909297052154,108.10122780564579,117.88522483266529,-9.783997027019495,-149.99999999999983,0.9170040432046713,ALL_F0_BOTH_VALID,AT_OR_ABOVE_43_06640625_HZ,True
CT4_0159,BASS_F001604,BASS_F001600,2048,46.439909297052154,117.88522483266529,109.99080398361085,7.894420849054441,119.99999999999959,1.071773462536293,ALL_F0_BOTH_VALID,AT_OR_ABOVE_43_06640625_HZ,True
CT4_0159,BASS_F001604,BASS_F001604,0,0.0,117.88522483266529,117.88522483266529,0.0,0.0,1.0,ALL_F0_BOTH_VALID,AT_OR_ABOVE_43_06640625_HZ,True
CT4_0160,BASS_F001611,BASS_F001611,0,0.0,118.56812699289156,117.88522483266529,0.682902160226277,10.000000000000016,1.0057929410678534,ALL_F0_BOTH_VALID,AT_OR_ABOVE_43_06640625_HZ,False
CT4_0161,BASS_F001618,BASS_F001618,0,0.0,117.88522483266529,117.88522483266529,0.0,0.0,1.0,ALL_F0_BOTH_VALID,AT_OR_ABOVE_43_06640625_HZ,False
CT4_0162,BASS_F001626,BASS_F001626,0,0.0,121.33952558748332,116.53119753954304,4.808328047940279,70.00000000000017,1.0412621525348065,ALL_F0_BOTH_VALID,AT_OR_ABOVE_43_06640625_HZ,True
CT4_0162,BASS_F001626,BASS_F001630,-2048,-46.439909297052154,121.33952558748332,,,,,EXCLUDED_MISSING_F0,AT_OR_ABOVE_43_06640625_HZ,True
CT4_0162,BASS_F001630,BASS_F001626,2048,46.439909297052154,,116.53119753954304,,,,EXCLUDED_MISSING_F0,UNDETERMINED_NO_F0,True
CT4_0162,BASS_F001630,BASS_F001630,0,0.0,,,,,,EXCLUDED_MISSING_F0,UNDETERMINED_NO_F0,True
CT4_0163,BASS_F001637,BASS_F001635,1024,23.219954648526077,,61.37471148065534,,,,EXCLUDED_MISSING_F0,UNDETERMINED_NO_F0,False
CT4_0164,BASS_F001643,BASS_F001647,-2048,-46.439909297052154,,58.94261241633266,,,,EXCLUDED_MISSING_F0,UNDETERMINED_NO_F0,True
CT4_0164,BASS_F001647,BASS_F001647,0,0.0,,58.94261241633266,,,,EXCLUDED_MISSING_F0,UNDETERMINED_NO_F0,True
CT4_0165,BASS_F001652,BASS_F001652,0,0.0,,60.66976279374166,,,,EXCLUDED_MISSING_F0,UNDETERMINED_NO_F0,False
CT4_0166,BASS_F001659,BASS_F001659,0,0.0,,,,,,EXCLUDED_MISSING_F0,UNDETERMINED_NO_F0,False
CT4_0167,BASS_F001668,BASS_F001668,0,0.0,145.13373596864528,145.97448714806902,-0.8407511794237337,-9.999999999999678,0.9942404238175475,ALL_F0_BOTH_VALID,AT_OR_ABOVE_43_06640625_HZ,False
CT4_0168,BASS_F001675,BASS_F001676,-512,-11.609977324263038,146.82010874952792,145.97448714806902,0.8456216014589018,10.000000000000016,1.0057929410678534,ALL_F0_BOTH_VALID,AT_OR_ABOVE_43_06640625_HZ,False
CT4_0169,BASS_F001681,BASS_F001681,0,0.0,145.13373596864528,145.97448714806902,-0.8407511794237337,-9.999999999999678,0.9942404238175475,ALL_F0_BOTH_VALID,AT_OR_ABOVE_43_06640625_HZ,False
CT4_0171,BASS_F001693,BASS_F001693,0,0.0,108.10122780564579,108.7274518476865,-0.6262240420407039,-10.000000000000066,0.9942404238175473,ALL_F0_BOTH_VALID,AT_OR_ABOVE_43_06640625_HZ,True
CT4_0171,BASS_F001693,BASS_F001697,-2048,-46.439909297052154,108.10122780564579,117.20625589945601,-9.105028093810219,-140.00000000000003,0.9223161935859392,ALL_F0_BOTH_VALID,AT_OR_ABOVE_43_06640625_HZ,True
CT4_0171,BASS_F001697,BASS_F001693,2048,46.439909297052154,116.53119753954304,108.7274518476865,7.803745691856548,119.99999999999994,1.0717734625362931,ALL_F0_BOTH_VALID,AT_OR_ABOVE_43_06640625_HZ,True
CT4_0171,BASS_F001697,BASS_F001697,0,0.0,116.53119753954304,117.20625589945601,-0.6750583599129669,-10.000000000000066,0.9942404238175473,ALL_F0_BOTH_VALID,AT_OR_ABOVE_43_06640625_HZ,True
CT4_0171,BASS_F001697,BASS_F001701,-2048,-46.439909297052154,116.53119753954304,117.88522483266529,-1.3540272931222432,-19.99999999999978,0.9885140203528963,ALL_F0_BOTH_VALID,AT_OR_ABOVE_43_06640625_HZ,True
CT4_0171,BASS_F001701,BASS_F001697,2048,46.439909297052154,117.88522483266529,117.20625589945601,0.6789689332092763,9.999999999999636,1.0057929410678532,ALL_F0_BOTH_VALID,AT_OR_ABOVE_43_06640625_HZ,True
CT4_0171,BASS_F001701,BASS_F001701,0,0.0,117.88522483266529,117.88522483266529,0.0,0.0,1.0,ALL_F0_BOTH_VALID,AT_OR_ABOVE_43_06640625_HZ,True
CT4_0172,BASS_F001708,BASS_F001708,0,0.0,119.25498516508716,118.56812699289156,0.6868581721955991,10.0000000000004,1.0057929410678537,ALL_F0_BOTH_VALID,AT_OR_ABOVE_43_06640625_HZ,False
CT4_0173,BASS_F001715,BASS_F001715,0,0.0,111.26883556425886,116.53119753954304,-5.262361975284179,-80.00000000000009,0.9548416039104165,ALL_F0_BOTH_VALID,AT_OR_ABOVE_43_06640625_HZ,False
CT4_0174,BASS_F001724,BASS_F001724,0,0.0,73.41005437476396,73.41005437476396,0.0,0.0,1.0,ALL_F0_BOTH_VALID,AT_OR_ABOVE_43_06640625_HZ,False
CT4_0175,BASS_F001731,BASS_F001731,0,0.0,73.41005437476396,73.41005437476396,0.0,0.0,1.0,ALL_F0_BOTH_VALID,AT_OR_ABOVE_43_06640625_HZ,False
CT4_0176,BASS_F001737,BASS_F001737,0,0.0,73.83531449354489,73.83531449354489,0.0,0.0,1.0,ALL_F0_BOTH_VALID,AT_OR_ABOVE_43_06640625_HZ,False
CT4_0177,BASS_F001749,BASS_F001749,0,0.0,73.83531449354489,73.41005437476396,0.4252601187809262,10.000000000000016,1.0057929410678534,ALL_F0_BOTH_VALID,AT_OR_ABOVE_43_06640625_HZ,False
CT4_0178,BASS_F001760,BASS_F001760,0,0.0,97.42628156863701,97.42628156863701,0.0,0.0,1.0,ALL_F0_BOTH_VALID,AT_OR_ABOVE_43_06640625_HZ,False
CT4_0179,BASS_F001768,BASS_F001768,0,0.0,99.70351295166972,99.70351295166972,0.0,0.0,1.0,ALL_F0_BOTH_VALID,AT_OR_ABOVE_43_06640625_HZ,True
CT4_0179,BASS_F001768,BASS_F001772,-2048,-46.439909297052154,99.70351295166972,98.55832043116207,1.1451925205076492,20.000000000000068,1.0116194403019225,ALL_F0_BOTH_VALID,AT_OR_ABOVE_43_06640625_HZ,True
CT4_0179,BASS_F001772,BASS_F001768,2048,46.439909297052154,98.55832043116207,99.70351295166972,-1.1451925205076492,-20.00000000000017,0.988514020352896,ALL_F0_BOTH_VALID,AT_OR_ABOVE_43_06640625_HZ,True
CT4_0179,BASS_F001772,BASS_F001772,0,0.0,98.55832043116207,98.55832043116207,0.0,0.0,1.0,ALL_F0_BOTH_VALID,AT_OR_ABOVE_43_06640625_HZ,True
CT4_0179,BASS_F001772,BASS_F001776,-2048,-46.439909297052154,98.55832043116207,99.12926297316642,-0.5709425420043459,-10.000000000000066,0.9942404238175473,ALL_F0_BOTH_VALID,AT_OR_ABOVE_43_06640625_HZ,True
CT4_0179,BASS_F001776,BASS_F001772,2048,46.439909297052154,99.70351295166972,98.55832043116207,1.1451925205076492,20.000000000000068,1.0116194403019225,ALL_F0_BOTH_VALID,AT_OR_ABOVE_43_06640625_HZ,True
CT4_0179,BASS_F001776,BASS_F001776,0,0.0,99.70351295166972,99.12926297316642,0.5742499785033033,10.000000000000016,1.0057929410678534,ALL_F0_BOTH_VALID,AT_OR_ABOVE_43_06640625_HZ,True
CT4_0180,BASS_F001781,BASS_F001781,0,0.0,,97.42628156863701,,,,EXCLUDED_MISSING_F0,UNDETERMINED_NO_F0,True
CT4_0180,BASS_F001781,BASS_F001785,-2048,-46.439909297052154,,84.32600870053426,,,,EXCLUDED_MISSING_F0,UNDETERMINED_NO_F0,True
CT4_0180,BASS_F001785,BASS_F001781,2048,46.439909297052154,84.32600870053426,97.42628156863701,-13.10027286810275,-249.99999999999991,0.8655365610061431,ALL_F0_BOTH_VALID,AT_OR_ABOVE_43_06640625_HZ,True
CT4_0180,BASS_F001785,BASS_F001785,0,0.0,84.32600870053426,84.32600870053426,0.0,0.0,1.0,ALL_F0_BOTH_VALID,AT_OR_ABOVE_43_06640625_HZ,True
CT4_0180,BASS_F001785,BASS_F001789,-2048,-46.439909297052154,84.32600870053426,86.79694936267848,-2.4709406621442156,-49.999999999999815,0.971531941153606,ALL_F0_BOTH_VALID,AT_OR_ABOVE_43_06640625_HZ,True
CT4_0180,BASS_F001789,BASS_F001785,2048,46.439909297052154,86.79694936267848,84.32600870053426,2.4709406621442156,49.99999999999971,1.0293022366434919,ALL_F0_BOTH_VALID,AT_OR_ABOVE_43_06640625_HZ,True
CT4_0180,BASS_F001789,BASS_F001789,0,0.0,86.79694936267848,86.79694936267848,0.0,0.0,1.0,ALL_F0_BOTH_VALID,AT_OR_ABOVE_43_06640625_HZ,True
CT4_0182,BASS_F001806,BASS_F001806,0,0.0,,,,,,EXCLUDED_MISSING_F0,UNDETERMINED_NO_F0,True
CT4_0182,BASS_F001806,BASS_F001810,-2048,-46.439909297052154,,,,,,EXCLUDED_MISSING_F0,UNDETERMINED_NO_F0,True
CT4_0182,BASS_F001810,BASS_F001806,2048,46.439909297052154,,,,,,EXCLUDED_MISSING_F0,UNDETERMINED_NO_F0,True
CT4_0182,BASS_F001810,BASS_F001810,0,0.0,,,,,,EXCLUDED_MISSING_F0,UNDETERMINED_NO_F0,True
CT4_0183,BASS_F001815,BASS_F001815,0,0.0,,,,,,EXCLUDED_MISSING_F0,UNDETERMINED_NO_F0,True
CT4_0183,BASS_F001819,BASS_F001815,2048,46.439909297052154,62.4475225402284,,,,,EXCLUDED_MISSING_F0,AT_OR_ABOVE_43_06640625_HZ,True
CT4_0184,BASS_F001824,BASS_F001824,0,0.0,62.8092773581374,62.4475225402284,0.3617548179090022,10.0000000000004,1.0057929410678537,ALL_F0_BOTH_VALID,AT_OR_ABOVE_43_06640625_HZ,False
CT4_0185,BASS_F001829,BASS_F001829,0,0.0,62.8092773581374,62.4475225402284,0.3617548179090022,10.0000000000004,1.0057929410678537,ALL_F0_BOTH_VALID,AT_OR_ABOVE_43_06640625_HZ,False
CT4_0186,BASS_F001837,BASS_F001836,512,11.609977324263038,62.4475225402284,62.08785127675253,0.3596712634758674,9.999999999999636,1.0057929410678532,ALL_F0_BOTH_VALID,AT_OR_ABOVE_43_06640625_HZ,True
CT4_0186,BASS_F001837,BASS_F001840,-1536,-34.82993197278912,62.4475225402284,62.4475225402284,0.0,0.0,1.0,ALL_F0_BOTH_VALID,AT_OR_ABOVE_43_06640625_HZ,True
CT4_0187,BASS_F001854,BASS_F001854,0,0.0,58.94261241633266,59.28406349644579,-0.3414510801131314,-9.999999999999678,0.9942404238175475,ALL_F0_BOTH_VALID,AT_OR_ABOVE_43_06640625_HZ,False
CT4_0188,BASS_F001860,BASS_F001860,0,0.0,59.62749258254358,59.62749258254358,0.0,0.0,1.0,ALL_F0_BOTH_VALID,AT_OR_ABOVE_43_06640625_HZ,False
CT4_0190,BASS_F001879,BASS_F001879,0,0.0,,,,,,EXCLUDED_MISSING_F0,UNDETERMINED_NO_F0,False
CT4_0191,BASS_F001888,BASS_F001884,2048,46.439909297052154,66.54411134432347,65.40092334108982,1.1431880032336466,29.99999999999983,1.0174796921026863,ALL_F0_BOTH_VALID,AT_OR_ABOVE_43_06640625_HZ,True
CT4_0191,BASS_F001888,BASS_F001888,0,0.0,66.54411134432347,66.54411134432347,0.0,0.0,1.0,ALL_F0_BOTH_VALID,AT_OR_ABOVE_43_06640625_HZ,True
CT4_0193,BASS_F001900,BASS_F001899,512,11.609977324263038,65.40092334108982,66.54411134432347,-1.1431880032336466,-30.000000000000007,0.9828205985452511,ALL_F0_BOTH_VALID,AT_OR_ABOVE_43_06640625_HZ,False
CT4_0194,BASS_F001904,BASS_F001907,-1536,-34.82993197278912,66.92959745975381,,,,,EXCLUDED_MISSING_F0,AT_OR_ABOVE_43_06640625_HZ,True
CT4_0194,BASS_F001911,BASS_F001907,2048,46.439909297052154,,,,,,EXCLUDED_MISSING_F0,UNDETERMINED_NO_F0,True
CT4_0194,BASS_F001911,BASS_F001911,0,0.0,,,,,,EXCLUDED_MISSING_F0,UNDETERMINED_NO_F0,True
CT4_0195,BASS_F001917,BASS_F001917,0,0.0,71.32021262690618,70.9094384289328,0.41077419797338166,9.999999999999636,1.0057929410678532,ALL_F0_BOTH_VALID,AT_OR_ABOVE_43_06640625_HZ,True
CT4_0195,BASS_F001917,BASS_F001921,-2048,-46.439909297052154,71.32021262690618,70.9094384289328,0.41077419797338166,9.999999999999636,1.0057929410678532,ALL_F0_BOTH_VALID,AT_OR_ABOVE_43_06640625_HZ,True
CT4_0195,BASS_F001921,BASS_F001917,2048,46.439909297052154,70.9094384289328,70.9094384289328,0.0,0.0,1.0,ALL_F0_BOTH_VALID,AT_OR_ABOVE_43_06640625_HZ,True
CT4_0195,BASS_F001921,BASS_F001921,0,0.0,70.9094384289328,70.9094384289328,0.0,0.0,1.0,ALL_F0_BOTH_VALID,AT_OR_ABOVE_43_06640625_HZ,True
CT4_0195,BASS_F001925,BASS_F001921,2048,46.439909297052154,70.9094384289328,70.9094384289328,0.0,0.0,1.0,ALL_F0_BOTH_VALID,AT_OR_ABOVE_43_06640625_HZ,True
CT4_0195,BASS_F001925,BASS_F001927,-1024,-23.219954648526077,70.9094384289328,70.9094384289328,0.0,0.0,1.0,ALL_F0_BOTH_VALID,AT_OR_ABOVE_43_06640625_HZ,True
CT4_0196,BASS_F001935,BASS_F001932,1536,34.82993197278912,68.89078436297319,71.32021262690618,-2.4294282639329907,-59.99999999999951,0.9659363289248458,ALL_F0_BOTH_VALID,AT_OR_ABOVE_43_06640625_HZ,False
CT4_0197,BASS_F001940,BASS_F001940,0,0.0,,,,,,EXCLUDED_MISSING_F0,UNDETERMINED_NO_F0,False
CT4_0198,BASS_F001949,BASS_F001945,2048,46.439909297052154,73.83531449354489,73.83531449354489,0.0,0.0,1.0,ALL_F0_BOTH_VALID,AT_OR_ABOVE_43_06640625_HZ,True
CT4_0198,BASS_F001949,BASS_F001949,0,0.0,73.83531449354489,73.83531449354489,0.0,0.0,1.0,ALL_F0_BOTH_VALID,AT_OR_ABOVE_43_06640625_HZ,True
CT4_0198,BASS_F001949,BASS_F001953,-2048,-46.439909297052154,73.83531449354489,73.41005437476396,0.4252601187809262,10.000000000000016,1.0057929410678534,ALL_F0_BOTH_VALID,AT_OR_ABOVE_43_06640625_HZ,True
CT4_0198,BASS_F001953,BASS_F001949,2048,46.439909297052154,73.41005437476396,73.83531449354489,-0.4252601187809262,-10.000000000000066,0.9942404238175473,ALL_F0_BOTH_VALID,AT_OR_ABOVE_43_06640625_HZ,True
CT4_0198,BASS_F001953,BASS_F001953,0,0.0,73.41005437476396,73.41005437476396,0.0,0.0,1.0,ALL_F0_BOTH_VALID,AT_OR_ABOVE_43_06640625_HZ,True
CT4_0199,BASS_F001958,BASS_F001958,0,0.0,73.83531449354489,73.83531449354489,0.0,0.0,1.0,ALL_F0_BOTH_VALID,AT_OR_ABOVE_43_06640625_HZ,False
CT4_0200,BASS_F001964,BASS_F001963,512,11.609977324263038,74.26303811913242,74.26303811913242,0.0,0.0,1.0,ALL_F0_BOTH_VALID,AT_OR_ABOVE_43_06640625_HZ,True
CT4_0200,BASS_F001964,BASS_F001968,-2048,-46.439909297052154,74.26303811913242,82.4,-8.136961880867588,-180.00000000000009,0.9012504626108302,ALL_F0_BOTH_VALID,AT_OR_ABOVE_43_06640625_HZ,True
CT4_0200,BASS_F001968,BASS_F001968,0,0.0,,82.4,,,,EXCLUDED_MISSING_F0,UNDETERMINED_NO_F0,True
CT4_0201,BASS_F001974,BASS_F001974,0,0.0,78.22579076632279,78.67894816221833,-0.4531573958955448,-10.000000000000066,0.9942404238175473,ALL_F0_BOTH_VALID,AT_OR_ABOVE_43_06640625_HZ,True
CT4_0201,BASS_F001974,BASS_F001978,-2048,-46.439909297052154,78.22579076632279,78.67894816221833,-0.4531573958955448,-10.000000000000066,0.9942404238175473,ALL_F0_BOTH_VALID,AT_OR_ABOVE_43_06640625_HZ,True
CT4_0201,BASS_F001978,BASS_F001974,2048,46.439909297052154,78.67894816221833,78.67894816221833,0.0,0.0,1.0,ALL_F0_BOTH_VALID,AT_OR_ABOVE_43_06640625_HZ,True
CT4_0201,BASS_F001978,BASS_F001978,0,0.0,78.67894816221833,78.67894816221833,0.0,0.0,1.0,ALL_F0_BOTH_VALID,AT_OR_ABOVE_43_06640625_HZ,True
CT4_0202,BASS_F001986,BASS_F001986,0,0.0,79.13473067220275,79.13473067220275,0.0,0.0,1.0,ALL_F0_BOTH_VALID,AT_OR_ABOVE_43_06640625_HZ,False
CT4_0203,BASS_F001992,BASS_F001992,0,0.0,79.59315350340728,79.59315350340728,0.0,0.0,1.0,ALL_F0_BOTH_VALID,AT_OR_ABOVE_43_06640625_HZ,True
CT4_0203,BASS_F001996,BASS_F001992,2048,46.439909297052154,78.22579076632279,79.59315350340728,-1.3673627370844912,-30.000000000000007,0.9828205985452511,ALL_F0_BOTH_VALID,AT_OR_ABOVE_43_06640625_HZ,True
CT4_0204,BASS_F002006,BASS_F002002,2048,46.439909297052154,113.21378055054655,106.85957930324321,6.354201247303337,99.99999999999972,1.059463094359295,ALL_F0_BOTH_VALID,AT_OR_ABOVE_43_06640625_HZ,True
CT4_0204,BASS_F002006,BASS_F002006,0,0.0,113.21378055054655,115.19272257635122,-1.9789420258046704,-30.000000000000203,0.982820598545251,ALL_F0_BOTH_VALID,AT_OR_ABOVE_43_06640625_HZ,True
CT4_0204,BASS_F002006,BASS_F002010,-2048,-46.439909297052154,113.21378055054655,116.53119753954304,-3.3174169889964986,-50.00000000000021,0.9715319411536057,ALL_F0_BOTH_VALID,AT_OR_ABOVE_43_06640625_HZ,True
CT4_0204,BASS_F002010,BASS_F002006,2048,46.439909297052154,115.8600272296816,115.19272257635122,0.6673046533303904,10.000000000000016,1.0057929410678534,ALL_F0_BOTH_VALID,AT_OR_ABOVE_43_06640625_HZ,True
CT4_0204,BASS_F002010,BASS_F002010,0,0.0,115.8600272296816,116.53119753954304,-0.6711703098614379,-10.000000000000066,0.9942404238175473,ALL_F0_BOTH_VALID,AT_OR_ABOVE_43_06640625_HZ,True
CT4_0204,BASS_F002010,BASS_F002014,-2048,-46.439909297052154,115.8600272296816,117.20625589945601,-1.3462286697744048,-20.00000000000017,0.988514020352896,ALL_F0_BOTH_VALID,AT_OR_ABOVE_43_06640625_HZ,True
CT4_0204,BASS_F002014,BASS_F002010,2048,46.439909297052154,116.53119753954304,116.53119753954304,0.0,0.0,1.0,ALL_F0_BOTH_VALID,AT_OR_ABOVE_43_06640625_HZ,True
CT4_0204,BASS_F002014,BASS_F002014,0,0.0,116.53119753954304,117.20625589945601,-0.6750583599129669,-10.000000000000066,0.9942404238175473,ALL_F0_BOTH_VALID,AT_OR_ABOVE_43_06640625_HZ,True
CT4_0205,BASS_F002021,BASS_F002021,0,0.0,117.20625589945601,117.20625589945601,0.0,0.0,1.0,ALL_F0_BOTH_VALID,AT_OR_ABOVE_43_06640625_HZ,False
CT4_0206,BASS_F002026,BASS_F002026,0,0.0,106.24411341542132,111.91340937137129,-5.669295955949963,-90.00000000000006,0.9493421209505192,ALL_F0_BOTH_VALID,AT_OR_ABOVE_43_06640625_HZ,True
CT4_0206,BASS_F002026,BASS_F002030,-2048,-46.439909297052154,106.24411341542132,113.86962130934475,-7.625507893923427,-120.0,0.9330329915368074,ALL_F0_BOTH_VALID,AT_OR_ABOVE_43_06640625_HZ,True
CT4_0206,BASS_F002030,BASS_F002026,2048,46.439909297052154,99.70351295166972,111.91340937137129,-12.209896419701565,-199.99999999999986,0.8908987181403394,ALL_F0_BOTH_VALID,AT_OR_ABOVE_43_06640625_HZ,True
CT4_0206,BASS_F002030,BASS_F002030,0,0.0,99.70351295166972,113.86962130934475,-14.166108357675029,-229.99999999999974,0.8755936114058853,ALL_F0_BOTH_VALID,AT_OR_ABOVE_43_06640625_HZ,True
CT4_0207,BASS_F002040,BASS_F002040,0,0.0,96.86514747776937,96.86514747776937,0.0,0.0,1.0,ALL_F0_BOTH_VALID,AT_OR_ABOVE_43_06640625_HZ,False
CT4_0208,BASS_F002047,BASS_F002047,0,0.0,99.70351295166972,99.70351295166972,0.0,0.0,1.0,ALL_F0_BOTH_VALID,AT_OR_ABOVE_43_06640625_HZ,True
CT4_0208,BASS_F002051,BASS_F002047,2048,46.439909297052154,98.55832043116207,99.70351295166972,-1.1451925205076492,-20.00000000000017,0.988514020352896,ALL_F0_BOTH_VALID,AT_OR_ABOVE_43_06640625_HZ,True
CT4_0208,BASS_F002051,BASS_F002053,-1024,-23.219954648526077,98.55832043116207,97.42628156863701,1.1320388625250644,20.000000000000068,1.0116194403019225,ALL_F0_BOTH_VALID,AT_OR_ABOVE_43_06640625_HZ,True
CT4_0208,BASS_F002056,BASS_F002053,1536,34.82993197278912,90.37837832683718,97.42628156863701,-7.04790324179983,-130.00000000000006,0.9276591169413094,ALL_F0_BOTH_VALID,AT_OR_ABOVE_43_06640625_HZ,True
CT4_0208,BASS_F002056,BASS_F002060,-2048,-46.439909297052154,90.37837832683718,90.37837832683718,0.0,0.0,1.0,ALL_F0_BOTH_VALID,AT_OR_ABOVE_43_06640625_HZ,True
CT4_0208,BASS_F002063,BASS_F002060,1536,34.82993197278912,78.22579076632279,90.37837832683718,-12.152587560514391,-249.99999999999991,0.8655365610061431,ALL_F0_BOTH_VALID,AT_OR_ABOVE_43_06640625_HZ,True
CT4_0209,BASS_F002069,BASS_F002069,0,0.0,79.59315350340728,79.59315350340728,0.0,0.0,1.0,ALL_F0_BOTH_VALID,AT_OR_ABOVE_43_06640625_HZ,False
CT4_0210,BASS_F002077,BASS_F002077,0,0.0,79.59315350340728,79.13473067220275,0.45842283120452976,10.000000000000016,1.0057929410678534,ALL_F0_BOTH_VALID,AT_OR_ABOVE_43_06640625_HZ,False
CT4_0211,BASS_F002092,BASS_F002091,512,11.609977324263038,,82.87733834399113,,,,EXCLUDED_MISSING_F0,UNDETERMINED_NO_F0,True
CT4_0211,BASS_F002092,BASS_F002095,-1536,-34.82993197278912,,100.28108952645671,,,,EXCLUDED_MISSING_F0,UNDETERMINED_NO_F0,True
CT4_0212,BASS_F002102,BASS_F002102,0,0.0,104.41890313885392,105.02379569110721,-0.6048925522532898,-10.000000000000258,0.9942404238175472,ALL_F0_BOTH_VALID,AT_OR_ABOVE_43_06640625_HZ,True
CT4_0212,BASS_F002106,BASS_F002102,2048,46.439909297052154,105.02379569110721,105.02379569110721,0.0,0.0,1.0,ALL_F0_BOTH_VALID,AT_OR_ABOVE_43_06640625_HZ,True
CT4_0212,BASS_F002106,BASS_F002109,-1536,-34.82993197278912,105.02379569110721,105.63219235026808,-0.6083966591608743,-10.000000000000258,0.9942404238175472,ALL_F0_BOTH_VALID,AT_OR_ABOVE_43_06640625_HZ,True
CT4_0213,BASS_F002118,BASS_F002114,2048,46.439909297052154,77.3272909257022,104.41890313885392,-27.09161221315172,-519.9999999999999,0.7405487761432822,ALL_F0_BOTH_VALID,AT_OR_ABOVE_43_06640625_HZ,True
CT4_0213,BASS_F002118,BASS_F002118,0,0.0,77.3272909257022,77.3272909257022,0.0,0.0,1.0,ALL_F0_BOTH_VALID,AT_OR_ABOVE_43_06640625_HZ,True
CT4_0214,BASS_F002123,BASS_F002123,0,0.0,78.22579076632279,78.22579076632279,0.0,0.0,1.0,ALL_F0_BOTH_VALID,AT_OR_ABOVE_43_06640625_HZ,False
CT4_0215,BASS_F002131,BASS_F002131,0,0.0,54.678651784349015,54.99540199180542,-0.31675020745640836,-9.999999999999872,0.9942404238175474,ALL_F0_BOTH_VALID,AT_OR_ABOVE_43_06640625_HZ,False
CT4_0216,BASS_F002136,BASS_F002136,0,0.0,54.99540199180542,54.99540199180542,0.0,0.0,1.0,ALL_F0_BOTH_VALID,AT_OR_ABOVE_43_06640625_HZ,True
CT4_0216,BASS_F002136,BASS_F002140,-2048,-46.439909297052154,54.99540199180542,56.2808585782811,-1.285456586475675,-39.99999999999989,0.977159968434246,ALL_F0_BOTH_VALID,AT_OR_ABOVE_43_06640625_HZ,True
CT4_0216,BASS_F002140,BASS_F002136,2048,46.439909297052154,56.2808585782811,54.99540199180542,1.285456586475675,39.99999999999973,1.0233738919967748,ALL_F0_BOTH_VALID,AT_OR_ABOVE_43_06640625_HZ,True
CT4_0216,BASS_F002140,BASS_F002140,0,0.0,56.2808585782811,56.2808585782811,0.0,0.0,1.0,ALL_F0_BOTH_VALID,AT_OR_ABOVE_43_06640625_HZ,True
CT4_0217,BASS_F002145,BASS_F002145,0,0.0,55.63441778212943,55.63441778212943,0.0,0.0,1.0,ALL_F0_BOTH_VALID,AT_OR_ABOVE_43_06640625_HZ,True
CT4_0217,BASS_F002149,BASS_F002145,2048,46.439909297052154,56.2808585782811,55.63441778212943,0.6464407961516656,20.000000000000068,1.0116194403019225,ALL_F0_BOTH_VALID,AT_OR_ABOVE_43_06640625_HZ,True
CT4_0217,BASS_F002149,BASS_F002150,-512,-11.609977324263038,56.2808585782811,55.63441778212943,0.6464407961516656,20.000000000000068,1.0116194403019225,ALL_F0_BOTH_VALID,AT_OR_ABOVE_43_06640625_HZ,True
CT4_0219,BASS_F002162,BASS_F002162,0,0.0,59.972911133098115,59.972911133098115,0.0,0.0,1.0,ALL_F0_BOTH_VALID,AT_OR_ABOVE_43_06640625_HZ,True
CT4_0219,BASS_F002162,BASS_F002166,-2048,-46.439909297052154,59.972911133098115,58.26559876977152,1.7073123633265936,49.99999999999971,1.0293022366434919,ALL_F0_BOTH_VALID,AT_OR_ABOVE_43_06640625_HZ,True
CT4_0219,BASS_F002166,BASS_F002162,2048,46.439909297052154,58.26559876977152,59.972911133098115,-1.7073123633265936,-49.999999999999815,0.971531941153606,ALL_F0_BOTH_VALID,AT_OR_ABOVE_43_06640625_HZ,True
CT4_0219,BASS_F002166,BASS_F002166,0,0.0,58.26559876977152,58.26559876977152,0.0,0.0,1.0,ALL_F0_BOTH_VALID,AT_OR_ABOVE_43_06640625_HZ,True
CT4_0220,BASS_F002171,BASS_F002171,0,0.0,60.32033067295977,60.32033067295977,0.0,0.0,1.0,ALL_F0_BOTH_VALID,AT_OR_ABOVE_43_06640625_HZ,False
CT4_0221,BASS_F002176,BASS_F002176,0,0.0,62.08785127675253,61.730251567319286,0.35759970943324504,10.000000000000016,1.0057929410678534,ALL_F0_BOTH_VALID,AT_OR_ABOVE_43_06640625_HZ,False
CT4_0222,BASS_F002181,BASS_F002181,0,0.0,,56.934810654672376,,,,EXCLUDED_MISSING_F0,UNDETERMINED_NO_F0,False
CT4_0223,BASS_F002188,BASS_F002188,0,0.0,63.907164187549874,63.907164187549874,0.0,0.0,1.0,ALL_F0_BOTH_VALID,AT_OR_ABOVE_43_06640625_HZ,False
CT4_0224,BASS_F002196,BASS_F002198,-1024,-23.219954648526077,65.77978703578796,66.16084546554222,-0.38105842975426185,-9.999999999999872,0.9942404238175474,ALL_F0_BOTH_VALID,AT_OR_ABOVE_43_06640625_HZ,True
CT4_0224,BASS_F002200,BASS_F002198,1024,23.219954648526077,65.77978703578796,66.16084546554222,-0.38105842975426185,-9.999999999999872,0.9942404238175474,ALL_F0_BOTH_VALID,AT_OR_ABOVE_43_06640625_HZ,True
CT4_0225,BASS_F002207,BASS_F002205,1024,23.219954648526077,66.16084546554222,66.16084546554222,0.0,0.0,1.0,ALL_F0_BOTH_VALID,AT_OR_ABOVE_43_06640625_HZ,True
CT4_0225,BASS_F002207,BASS_F002211,-2048,-46.439909297052154,66.16084546554222,65.77978703578796,0.38105842975426185,9.999999999999636,1.0057929410678532,ALL_F0_BOTH_VALID,AT_OR_ABOVE_43_06640625_HZ,True
CT4_0225,BASS_F002211,BASS_F002211,0,0.0,65.77978703578796,65.77978703578796,0.0,0.0,1.0,ALL_F0_BOTH_VALID,AT_OR_ABOVE_43_06640625_HZ,True
CT4_0225,BASS_F002211,BASS_F002215,-2048,-46.439909297052154,65.77978703578796,62.08785127675253,3.691935759035431,100.00000000000007,1.0594630943592953,ALL_F0_BOTH_VALID,AT_OR_ABOVE_43_06640625_HZ,True
CT4_0225,BASS_F002215,BASS_F002211,2048,46.439909297052154,61.37471148065534,65.77978703578796,-4.405075555132619,-120.0,0.9330329915368074,ALL_F0_BOTH_VALID,AT_OR_ABOVE_43_06640625_HZ,True
CT4_0225,BASS_F002215,BASS_F002215,0,0.0,61.37471148065534,62.08785127675253,-0.7131397960971881,-19.999999999999975,0.9885140203528962,ALL_F0_BOTH_VALID,AT_OR_ABOVE_43_06640625_HZ,True
CT4_0226,BASS_F002227,BASS_F002227,0,0.0,68.89078436297319,68.89078436297319,0.0,0.0,1.0,ALL_F0_BOTH_VALID,AT_OR_ABOVE_43_06640625_HZ,True
CT4_0226,BASS_F002227,BASS_F002231,-2048,-46.439909297052154,68.89078436297319,69.28986461690609,-0.3990802539328939,-9.999999999999872,0.9942404238175474,ALL_F0_BOTH_VALID,AT_OR_ABOVE_43_06640625_HZ,True
CT4_0226,BASS_F002231,BASS_F002227,2048,46.439909297052154,69.28986461690609,68.89078436297319,0.3990802539328939,9.999999999999636,1.0057929410678532,ALL_F0_BOTH_VALID,AT_OR_ABOVE_43_06640625_HZ,True
CT4_0226,BASS_F002231,BASS_F002231,0,0.0,69.28986461690609,69.28986461690609,0.0,0.0,1.0,ALL_F0_BOTH_VALID,AT_OR_ABOVE_43_06640625_HZ,True
CT4_0226,BASS_F002231,BASS_F002235,-2048,-46.439909297052154,69.28986461690609,69.28986461690609,0.0,0.0,1.0,ALL_F0_BOTH_VALID,AT_OR_ABOVE_43_06640625_HZ,True
CT4_0226,BASS_F002235,BASS_F002231,2048,46.439909297052154,69.69125671923136,69.28986461690609,0.4013921023252749,10.000000000000016,1.0057929410678534,ALL_F0_BOTH_VALID,AT_OR_ABOVE_43_06640625_HZ,True
CT4_0226,BASS_F002235,BASS_F002235,0,0.0,69.69125671923136,69.28986461690609,0.4013921023252749,10.000000000000016,1.0057929410678534,ALL_F0_BOTH_VALID,AT_OR_ABOVE_43_06640625_HZ,True
CT4_0227,BASS_F002244,BASS_F002241,1536,34.82993197278912,68.89078436297319,68.89078436297319,0.0,0.0,1.0,ALL_F0_BOTH_VALID,AT_OR_ABOVE_43_06640625_HZ,True
CT4_0227,BASS_F002244,BASS_F002246,-1024,-23.219954648526077,68.89078436297319,58.94261241633266,9.948171946640535,270.0,1.1687772485612455,ALL_F0_BOTH_VALID,AT_OR_ABOVE_43_06640625_HZ,True
CT4_0227,BASS_F002250,BASS_F002246,2048,46.439909297052154,,58.94261241633266,,,,EXCLUDED_MISSING_F0,UNDETERMINED_NO_F0,True
CT4_0227,BASS_F002250,BASS_F002250,0,0.0,,,,,,EXCLUDED_MISSING_F0,UNDETERMINED_NO_F0,True
CT4_0228,BASS_F002260,BASS_F002260,0,0.0,66.54411134432347,66.54411134432347,0.0,0.0,1.0,ALL_F0_BOTH_VALID,AT_OR_ABOVE_43_06640625_HZ,False
CT4_0229,BASS_F002265,BASS_F002265,0,0.0,67.31731667353333,67.31731667353333,0.0,0.0,1.0,ALL_F0_BOTH_VALID,AT_OR_ABOVE_43_06640625_HZ,False
CT4_0230,BASS_F002272,BASS_F002270,1024,23.219954648526077,66.92959745975381,66.92959745975381,0.0,0.0,1.0,ALL_F0_BOTH_VALID,AT_OR_ABOVE_43_06640625_HZ,False
CT4_0232,BASS_F002282,BASS_F002282,0,0.0,,,,,,EXCLUDED_MISSING_F0,UNDETERMINED_NO_F0,True
CT4_0232,BASS_F002282,BASS_F002286,-2048,-46.439909297052154,,69.69125671923136,,,,EXCLUDED_MISSING_F0,UNDETERMINED_NO_F0,True
CT4_0232,BASS_F002286,BASS_F002282,2048,46.439909297052154,69.69125671923136,,,,,EXCLUDED_MISSING_F0,AT_OR_ABOVE_43_06640625_HZ,True
CT4_0232,BASS_F002286,BASS_F002286,0,0.0,69.69125671923136,69.69125671923136,0.0,0.0,1.0,ALL_F0_BOTH_VALID,AT_OR_ABOVE_43_06640625_HZ,True
CT4_0233,BASS_F002298,BASS_F002298,0,0.0,69.69125671923136,69.69125671923136,0.0,0.0,1.0,ALL_F0_BOTH_VALID,AT_OR_ABOVE_43_06640625_HZ,True
CT4_0233,BASS_F002298,BASS_F002302,-2048,-46.439909297052154,69.69125671923136,69.69125671923136,0.0,0.0,1.0,ALL_F0_BOTH_VALID,AT_OR_ABOVE_43_06640625_HZ,True
CT4_0233,BASS_F002305,BASS_F002302,1536,34.82993197278912,68.49400264216571,69.69125671923136,-1.1972540770656508,-30.000000000000203,0.982820598545251,ALL_F0_BOTH_VALID,AT_OR_ABOVE_43_06640625_HZ,True
CT4_0234,BASS_F002311,BASS_F002311,0,0.0,73.83531449354489,73.83531449354489,0.0,0.0,1.0,ALL_F0_BOTH_VALID,AT_OR_ABOVE_43_06640625_HZ,False
CT4_0235,BASS_F002316,BASS_F002319,-1536,-34.82993197278912,73.41005437476396,73.41005437476396,0.0,0.0,1.0,ALL_F0_BOTH_VALID,AT_OR_ABOVE_43_06640625_HZ,True
CT4_0235,BASS_F002323,BASS_F002319,2048,46.439909297052154,73.41005437476396,73.41005437476396,0.0,0.0,1.0,ALL_F0_BOTH_VALID,AT_OR_ABOVE_43_06640625_HZ,True
CT4_0236,BASS_F002335,BASS_F002336,-512,-11.609977324263038,72.14891357984494,73.83531449354489,-1.6864009136999414,-39.99999999999989,0.977159968434246,ALL_F0_BOTH_VALID,AT_OR_ABOVE_43_06640625_HZ,False
CT4_0237,BASS_F002342,BASS_F002346,-2048,-46.439909297052154,,79.13473067220275,,,,EXCLUDED_MISSING_F0,UNDETERMINED_NO_F0,True
CT4_0237,BASS_F002350,BASS_F002346,2048,46.439909297052154,78.22579076632279,79.13473067220275,-0.9089399058799614,-19.999999999999975,0.9885140203528962,ALL_F0_BOTH_VALID,AT_OR_ABOVE_43_06640625_HZ,True
CT4_0237,BASS_F002350,BASS_F002353,-1536,-34.82993197278912,78.22579076632279,78.67894816221833,-0.4531573958955448,-10.000000000000066,0.9942404238175473,ALL_F0_BOTH_VALID,AT_OR_ABOVE_43_06640625_HZ,True
CT4_0239,BASS_F002365,BASS_F002365,0,0.0,,,,,,EXCLUDED_MISSING_F0,UNDETERMINED_NO_F0,True
CT4_0239,BASS_F002365,BASS_F002369,-2048,-46.439909297052154,,,,,,EXCLUDED_MISSING_F0,UNDETERMINED_NO_F0,True
CT4_0239,BASS_F002369,BASS_F002365,2048,46.439909297052154,,,,,,EXCLUDED_MISSING_F0,UNDETERMINED_NO_F0,True
CT4_0239,BASS_F002369,BASS_F002369,0,0.0,,,,,,EXCLUDED_MISSING_F0,UNDETERMINED_NO_F0,True
CT4_0240,BASS_F002374,BASS_F002374,0,0.0,,,,,,EXCLUDED_MISSING_F0,UNDETERMINED_NO_F0,False
CT4_0241,BASS_F002386,BASS_F002382,2048,46.439909297052154,69.69125671923136,69.69125671923136,0.0,0.0,1.0,ALL_F0_BOTH_VALID,AT_OR_ABOVE_43_06640625_HZ,True
CT4_0241,BASS_F002386,BASS_F002386,0,0.0,69.69125671923136,69.69125671923136,0.0,0.0,1.0,ALL_F0_BOTH_VALID,AT_OR_ABOVE_43_06640625_HZ,True
CT4_0241,BASS_F002386,BASS_F002390,-2048,-46.439909297052154,69.69125671923136,69.69125671923136,0.0,0.0,1.0,ALL_F0_BOTH_VALID,AT_OR_ABOVE_43_06640625_HZ,True
CT4_0241,BASS_F002390,BASS_F002386,2048,46.439909297052154,69.69125671923136,69.69125671923136,0.0,0.0,1.0,ALL_F0_BOTH_VALID,AT_OR_ABOVE_43_06640625_HZ,True
CT4_0241,BASS_F002390,BASS_F002390,0,0.0,69.69125671923136,69.69125671923136,0.0,0.0,1.0,ALL_F0_BOTH_VALID,AT_OR_ABOVE_43_06640625_HZ,True
CT4_0242,BASS_F002395,BASS_F002395,0,0.0,69.69125671923136,69.69125671923136,0.0,0.0,1.0,ALL_F0_BOTH_VALID,AT_OR_ABOVE_43_06640625_HZ,False
CT4_0243,BASS_F002402,BASS_F002402,0,0.0,67.31731667353333,70.50103011624643,-3.183713442713099,-79.99999999999969,0.9548416039104167,ALL_F0_BOTH_VALID,AT_OR_ABOVE_43_06640625_HZ,False
CT4_0244,BASS_F002407,BASS_F002407,0,0.0,,,,,,EXCLUDED_MISSING_F0,UNDETERMINED_NO_F0,False
CT4_0245,BASS_F002417,BASS_F002417,0,0.0,67.31731667353333,66.92959745975381,0.3877192137795191,10.0000000000004,1.0057929410678537,ALL_F0_BOTH_VALID,AT_OR_ABOVE_43_06640625_HZ,False
CT4_0247,BASS_F002432,BASS_F002430,1024,23.219954648526077,70.09497406235052,66.16084546554222,3.934128596808293,100.00000000000007,1.0594630943592953,ALL_F0_BOTH_VALID,AT_OR_ABOVE_43_06640625_HZ,True
CT4_0247,BASS_F002432,BASS_F002435,-1536,-34.82993197278912,70.09497406235052,,,,,EXCLUDED_MISSING_F0,AT_OR_ABOVE_43_06640625_HZ,True
CT4_0247,BASS_F002439,BASS_F002435,2048,46.439909297052154,,,,,,EXCLUDED_MISSING_F0,UNDETERMINED_NO_F0,True
CT4_0247,BASS_F002439,BASS_F002439,0,0.0,,,,,,EXCLUDED_MISSING_F0,UNDETERMINED_NO_F0,True
CT4_0247,BASS_F002439,BASS_F002443,-2048,-46.439909297052154,,54.99540199180542,,,,EXCLUDED_MISSING_F0,UNDETERMINED_NO_F0,True
CT4_0247,BASS_F002443,BASS_F002439,2048,46.439909297052154,54.99540199180542,,,,,EXCLUDED_MISSING_F0,AT_OR_ABOVE_43_06640625_HZ,True
CT4_0247,BASS_F002443,BASS_F002443,0,0.0,54.99540199180542,54.99540199180542,0.0,0.0,1.0,ALL_F0_BOTH_VALID,AT_OR_ABOVE_43_06640625_HZ,True
CT4_0248,BASS_F002448,BASS_F002448,0,0.0,54.99540199180542,54.99540199180542,0.0,0.0,1.0,ALL_F0_BOTH_VALID,AT_OR_ABOVE_43_06640625_HZ,False
CT4_0249,BASS_F002453,BASS_F002453,0,0.0,55.31398711454686,55.31398711454686,0.0,0.0,1.0,ALL_F0_BOTH_VALID,AT_OR_ABOVE_43_06640625_HZ,False
CT4_0250,BASS_F002462,BASS_F002466,-2048,-46.439909297052154,53.73930527434125,,,,,EXCLUDED_MISSING_F0,AT_OR_ABOVE_43_06640625_HZ,True
CT4_0250,BASS_F002466,BASS_F002466,0,0.0,,,,,,EXCLUDED_MISSING_F0,UNDETERMINED_NO_F0,True
CT4_0251,BASS_F002474,BASS_F002474,0,0.0,58.603127949728005,58.94261241633266,-0.33948446660465237,-10.000000000000066,0.9942404238175473,ALL_F0_BOTH_VALID,AT_OR_ABOVE_43_06640625_HZ,False
CT4_0252,BASS_F002484,BASS_F002484,0,0.0,58.94261241633266,59.28406349644579,-0.3414510801131314,-9.999999999999678,0.9942404238175475,ALL_F0_BOTH_VALID,AT_OR_ABOVE_43_06640625_HZ,False
CT4_0253,BASS_F002503,BASS_F002503,0,0.0,,,,,,EXCLUDED_MISSING_F0,UNDETERMINED_NO_F0,True
CT4_0253,BASS_F002503,BASS_F002507,-2048,-46.439909297052154,,117.20625589945601,,,,EXCLUDED_MISSING_F0,UNDETERMINED_NO_F0,True
CT4_0253,BASS_F002507,BASS_F002503,2048,46.439909297052154,117.20625589945601,,,,,EXCLUDED_MISSING_F0,AT_OR_ABOVE_43_06640625_HZ,True
CT4_0253,BASS_F002507,BASS_F002507,0,0.0,117.20625589945601,117.20625589945601,0.0,0.0,1.0,ALL_F0_BOTH_VALID,AT_OR_ABOVE_43_06640625_HZ,True
CT4_0256,BASS_F002525,BASS_F002523,1024,23.219954648526077,,,,,,EXCLUDED_MISSING_F0,UNDETERMINED_NO_F0,False
CT4_0258,BASS_F002537,BASS_F002537,0,0.0,80.05423195105713,80.05423195105713,0.0,0.0,1.0,ALL_F0_BOTH_VALID,AT_OR_ABOVE_43_06640625_HZ,True
CT4_0258,BASS_F002537,BASS_F002541,-2048,-46.439909297052154,80.05423195105713,80.05423195105713,0.0,0.0,1.0,ALL_F0_BOTH_VALID,AT_OR_ABOVE_43_06640625_HZ,True
CT4_0258,BASS_F002541,BASS_F002537,2048,46.439909297052154,80.05423195105713,80.05423195105713,0.0,0.0,1.0,ALL_F0_BOTH_VALID,AT_OR_ABOVE_43_06640625_HZ,True
CT4_0258,BASS_F002541,BASS_F002541,0,0.0,80.05423195105713,80.05423195105713,0.0,0.0,1.0,ALL_F0_BOTH_VALID,AT_OR_ABOVE_43_06640625_HZ,True
CT4_0258,BASS_F002541,BASS_F002545,-2048,-46.439909297052154,80.05423195105713,79.59315350340728,0.46107844764985373,10.000000000000016,1.0057929410678534,ALL_F0_BOTH_VALID,AT_OR_ABOVE_43_06640625_HZ,True
CT4_0259,BASS_F002551,BASS_F002551,0,0.0,79.59315350340728,79.59315350340728,0.0,0.0,1.0,ALL_F0_BOTH_VALID,AT_OR_ABOVE_43_06640625_HZ,True
CT4_0259,BASS_F002551,BASS_F002555,-2048,-46.439909297052154,79.59315350340728,80.51798139898187,-0.9248278955745945,-19.999999999999975,0.9885140203528962,ALL_F0_BOTH_VALID,AT_OR_ABOVE_43_06640625_HZ,True
CT4_0259,BASS_F002555,BASS_F002551,2048,46.439909297052154,88.82573188273126,79.59315350340728,9.232578379323982,189.99999999999972,1.115997142630223,ALL_F0_BOTH_VALID,AT_OR_ABOVE_43_06640625_HZ,True
CT4_0259,BASS_F002555,BASS_F002555,0,0.0,88.82573188273126,80.51798139898187,8.307750483749388,169.9999999999999,1.1031788221637464,ALL_F0_BOTH_VALID,AT_OR_ABOVE_43_06640625_HZ,True
CT4_0260,BASS_F002560,BASS_F002560,0,0.0,94.10758475920758,94.65274445175568,-0.545159692548097,-9.999999999999678,0.9942404238175475,ALL_F0_BOTH_VALID,AT_OR_ABOVE_43_06640625_HZ,False
CT4_0261,BASS_F002565,BASS_F002565,0,0.0,96.30724528144664,96.30724528144664,0.0,0.0,1.0,ALL_F0_BOTH_VALID,AT_OR_ABOVE_43_06640625_HZ,False
CT4_0262,BASS_F002570,BASS_F002570,0,0.0,99.12926297316642,99.70351295166972,-0.5742499785033033,-10.000000000000066,0.9942404238175473,ALL_F0_BOTH_VALID,AT_OR_ABOVE_43_06640625_HZ,True
CT4_0262,BASS_F002570,BASS_F002574,-2048,-46.439909297052154,99.12926297316642,99.70351295166972,-0.5742499785033033,-10.000000000000066,0.9942404238175473,ALL_F0_BOTH_VALID,AT_OR_ABOVE_43_06640625_HZ,True
CT4_0262,BASS_F002574,BASS_F002570,2048,46.439909297052154,99.12926297316642,99.70351295166972,-0.5742499785033033,-10.000000000000066,0.9942404238175473,ALL_F0_BOTH_VALID,AT_OR_ABOVE_43_06640625_HZ,True
CT4_0262,BASS_F002574,BASS_F002574,0,0.0,99.12926297316642,99.70351295166972,-0.5742499785033033,-10.000000000000066,0.9942404238175473,ALL_F0_BOTH_VALID,AT_OR_ABOVE_43_06640625_HZ,True
CT4_0263,BASS_F002580,BASS_F002580,0,0.0,96.86514747776937,97.42628156863701,-0.5611340908676397,-9.999999999999872,0.9942404238175474,ALL_F0_BOTH_VALID,AT_OR_ABOVE_43_06640625_HZ,True
CT4_0263,BASS_F002580,BASS_F002584,-2048,-46.439909297052154,96.86514747776937,97.99066627622422,-1.1255187984548485,-19.99999999999978,0.9885140203528963,ALL_F0_BOTH_VALID,AT_OR_ABOVE_43_06640625_HZ,True
CT4_0263,BASS_F002584,BASS_F002580,2048,46.439909297052154,,97.42628156863701,,,,EXCLUDED_MISSING_F0,UNDETERMINED_NO_F0,True
CT4_0263,BASS_F002584,BASS_F002584,0,0.0,,97.99066627622422,,,,EXCLUDED_MISSING_F0,UNDETERMINED_NO_F0,True
CT4_0264,BASS_F002593,BASS_F002589,2048,46.439909297052154,102.62504888236701,,,,,EXCLUDED_MISSING_F0,AT_OR_ABOVE_43_06640625_HZ,True
CT4_0264,BASS_F002593,BASS_F002593,0,0.0,102.62504888236701,102.0339720951011,0.5910767872659051,9.999999999999636,1.0057929410678532,ALL_F0_BOTH_VALID,AT_OR_ABOVE_43_06640625_HZ,True
CT4_0265,BASS_F002599,BASS_F002599,0,0.0,106.85957930324321,106.85957930324321,0.0,0.0,1.0,ALL_F0_BOTH_VALID,AT_OR_ABOVE_43_06640625_HZ,False
CT4_0266,BASS_F002607,BASS_F002606,512,11.609977324263038,102.62504888236701,105.02379569110721,-2.3987468087401993,-40.000000000000085,0.9771599684342459,ALL_F0_BOTH_VALID,AT_OR_ABOVE_43_06640625_HZ,False
CT4_0267,BASS_F002614,BASS_F002614,0,0.0,,105.63219235026808,,,,EXCLUDED_MISSING_F0,UNDETERMINED_NO_F0,False
CT4_0268,BASS_F002624,BASS_F002624,0,0.0,105.63219235026808,106.24411341542132,-0.6119210651532399,-9.999999999999678,0.9942404238175475,ALL_F0_BOTH_VALID,AT_OR_ABOVE_43_06640625_HZ,True
CT4_0268,BASS_F002624,BASS_F002628,-2048,-46.439909297052154,105.63219235026808,112.5617171565622,-6.929524806294111,-109.99999999999977,0.9384379966711432,ALL_F0_BOTH_VALID,AT_OR_ABOVE_43_06640625_HZ,True
CT4_0268,BASS_F002629,BASS_F002628,512,11.609977324263038,110.62797422909372,112.5617171565622,-1.9337429274684723,-29.99999999999981,0.9828205985452512,ALL_F0_BOTH_VALID,AT_OR_ABOVE_43_06640625_HZ,True
CT4_0268,BASS_F002629,BASS_F002633,-2048,-46.439909297052154,110.62797422909372,112.5617171565622,-1.9337429274684723,-29.99999999999981,0.9828205985452512,ALL_F0_BOTH_VALID,AT_OR_ABOVE_43_06640625_HZ,True
CT4_0268,BASS_F002633,BASS_F002633,0,0.0,113.21378055054655,112.5617171565622,0.6520633939843492,10.000000000000016,1.0057929410678534,ALL_F0_BOTH_VALID,AT_OR_ABOVE_43_06640625_HZ,True
CT4_0269,BASS_F002638,BASS_F002638,0,0.0,111.91340937137129,112.5617171565622,-0.6483077851909087,-10.000000000000066,0.9942404238175473,ALL_F0_BOTH_VALID,AT_OR_ABOVE_43_06640625_HZ,True
CT4_0269,BASS_F002638,BASS_F002642,-2048,-46.439909297052154,111.91340937137129,111.91340937137129,0.0,0.0,1.0,ALL_F0_BOTH_VALID,AT_OR_ABOVE_43_06640625_HZ,True
CT4_0269,BASS_F002642,BASS_F002638,2048,46.439909297052154,111.91340937137129,112.5617171565622,-0.6483077851909087,-10.000000000000066,0.9942404238175473,ALL_F0_BOTH_VALID,AT_OR_ABOVE_43_06640625_HZ,True
CT4_0269,BASS_F002642,BASS_F002642,0,0.0,111.91340937137129,111.91340937137129,0.0,0.0,1.0,ALL_F0_BOTH_VALID,AT_OR_ABOVE_43_06640625_HZ,True
CT4_0270,BASS_F002649,BASS_F002648,512,11.609977324263038,,113.86962130934475,,,,EXCLUDED_MISSING_F0,UNDETERMINED_NO_F0,False
CT4_0271,BASS_F002654,BASS_F002654,0,0.0,106.24411341542132,110.62797422909372,-4.383860813672399,-70.00000000000021,0.9603729450510041,ALL_F0_BOTH_VALID,AT_OR_ABOVE_43_06640625_HZ,True
CT4_0271,BASS_F002654,BASS_F002658,-2048,-46.439909297052154,106.24411341542132,118.56812699289156,-12.32401357747024,-189.99999999999986,0.8960596419119525,ALL_F0_BOTH_VALID,AT_OR_ABOVE_43_06640625_HZ,True
CT4_0271,BASS_F002658,BASS_F002654,2048,46.439909297052154,116.53119753954304,110.62797422909372,5.90322331044932,89.99999999999984,1.0533610359548358,ALL_F0_BOTH_VALID,AT_OR_ABOVE_43_06640625_HZ,True
CT4_0271,BASS_F002658,BASS_F002658,0,0.0,116.53119753954304,118.56812699289156,-2.0369294533485203,-29.99999999999981,0.9828205985452512,ALL_F0_BOTH_VALID,AT_OR_ABOVE_43_06640625_HZ,True
CT4_0272,BASS_F002668,BASS_F002668,0,0.0,118.56812699289156,119.25498516508716,-0.6868581721955991,-10.000000000000258,0.9942404238175472,ALL_F0_BOTH_VALID,AT_OR_ABOVE_43_06640625_HZ,False
CT4_0273,BASS_F002675,BASS_F002673,1024,23.219954648526077,118.56812699289156,119.25498516508716,-0.6868581721955991,-10.000000000000258,0.9942404238175472,ALL_F0_BOTH_VALID,AT_OR_ABOVE_43_06640625_HZ,True
CT4_0273,BASS_F002675,BASS_F002677,-1024,-23.219954648526077,118.56812699289156,117.20625589945601,1.3618710934355533,19.999999999999687,1.0116194403019223,ALL_F0_BOTH_VALID,AT_OR_ABOVE_43_06640625_HZ,True
CT4_0274,BASS_F002682,BASS_F002685,-1536,-34.82993197278912,,120.64066134591954,,,,EXCLUDED_MISSING_F0,UNDETERMINED_NO_F0,True
CT4_0274,BASS_F002686,BASS_F002685,512,11.609977324263038,,120.64066134591954,,,,EXCLUDED_MISSING_F0,UNDETERMINED_NO_F0,True
CT4_0275,BASS_F002693,BASS_F002691,1024,23.219954648526077,132.32169093108445,130.80184668217964,1.5198442489048034,20.000000000000068,1.0116194403019225,ALL_F0_BOTH_VALID,AT_OR_ABOVE_43_06640625_HZ,False
CT4_0276,BASS_F002698,BASS_F002700,-1024,-23.219954648526077,132.32169093108445,131.55957407157592,0.7621168595085237,9.999999999999636,1.0057929410678532,ALL_F0_BOTH_VALID,AT_OR_ABOVE_43_06640625_HZ,False
CT4_0277,BASS_F002707,BASS_F002709,-1024,-23.219954648526077,125.6185547162748,136.1990124318141,-10.58045771553931,-140.00000000000003,0.9223161935859392,ALL_F0_BOTH_VALID,AT_OR_ABOVE_43_06640625_HZ,True
CT4_0277,BASS_F002712,BASS_F002709,1536,34.82993197278912,,136.1990124318141,,,,EXCLUDED_MISSING_F0,UNDETERMINED_NO_F0,True
CT4_0277,BASS_F002712,BASS_F002716,-2048,-46.439909297052154,,,,,,EXCLUDED_MISSING_F0,UNDETERMINED_NO_F0,True
CT4_0277,BASS_F002716,BASS_F002716,0,0.0,,,,,,EXCLUDED_MISSING_F0,UNDETERMINED_NO_F0,True
CT4_0278,BASS_F002722,BASS_F002723,-512,-11.609977324263038,141.8188768578656,144.2978271596899,-2.478950301824284,-30.000000000000007,0.9828205985452511,ALL_F0_BOTH_VALID,AT_OR_ABOVE_43_06640625_HZ,True
CT4_0278,BASS_F002727,BASS_F002723,2048,46.439909297052154,141.8188768578656,144.2978271596899,-2.478950301824284,-30.000000000000007,0.9828205985452511,ALL_F0_BOTH_VALID,AT_OR_ABOVE_43_06640625_HZ,True
CT4_0281,BASS_F002745,BASS_F002747,-1024,-23.219954648526077,151.12226632012982,154.65458185140443,-3.5323155312746053,-40.00000000000048,0.9771599684342457,ALL_F0_BOTH_VALID,AT_OR_ABOVE_43_06640625_HZ,False
CT4_0282,BASS_F002755,BASS_F002756,-512,-11.609977324263038,154.65458185140443,157.35789632443667,-2.7033144730322363,-29.99999999999981,0.9828205985452512,ALL_F0_BOTH_VALID,AT_OR_ABOVE_43_06640625_HZ,False
CT4_0284,BASS_F002770,BASS_F002766,2048,46.439909297052154,187.13112991088056,155.55048672994312,31.580643180937443,319.9999999999993,1.2030250360821162,ALL_F0_BOTH_VALID,AT_OR_ABOVE_43_06640625_HZ,True
CT4_0284,BASS_F002770,BASS_F002770,0,0.0,187.13112991088056,154.65458185140443,32.47654805947613,329.9999999999991,1.209994089219292,ALL_F0_BOTH_VALID,AT_OR_ABOVE_43_06640625_HZ,True
CT4_0284,BASS_F002774,BASS_F002770,2048,46.439909297052154,190.40212444455062,154.65458185140443,35.74754259314619,359.9999999999997,1.231144413344916,ALL_F0_BOTH_VALID,AT_OR_ABOVE_43_06640625_HZ,True
CT4_0284,BASS_F002774,BASS_F002778,-2048,-46.439909297052154,190.40212444455062,165.75467668798225,24.64744775656837,240.00000000000014,1.148698354997035,ALL_F0_BOTH_VALID,AT_OR_ABOVE_43_06640625_HZ,True
CT4_0284,BASS_F002782,BASS_F002778,2048,46.439909297052154,,165.75467668798225,,,,EXCLUDED_MISSING_F0,UNDETERMINED_NO_F0,True
CT4_0284,BASS_F002782,BASS_F002782,0,0.0,,173.59389872535698,,,,EXCLUDED_MISSING_F0,UNDETERMINED_NO_F0,True
CT4_0303,BASS_F002902,BASS_F002902,0,0.0,,161.03596279796375,,,,EXCLUDED_MISSING_F0,UNDETERMINED_NO_F0,False
CT4_0305,BASS_F002915,BASS_F002917,-1024,-23.219954648526077,167.6806532585227,168.6520174010685,-0.9713641425457809,-9.999999999999872,0.9942404238175474,ALL_F0_BOTH_VALID,AT_OR_ABOVE_43_06640625_HZ,False
CT4_0308,BASS_F002941,BASS_F002940,512,11.609977324263038,134.63463334706663,133.85919491950762,0.7754384275590098,10.000000000000016,1.0057929410678534,ALL_F0_BOTH_VALID,AT_OR_ABOVE_43_06640625_HZ,True
CT4_0308,BASS_F002941,BASS_F002945,-2048,-46.439909297052154,134.63463334706663,133.08822268864694,1.5464106584196884,19.999999999999687,1.0116194403019223,ALL_F0_BOTH_VALID,AT_OR_ABOVE_43_06640625_HZ,True
CT4_0309,BASS_F002952,BASS_F002949,1536,34.82993197278912,133.08822268864694,136.1990124318141,-3.1107897431671745,-40.000000000000085,0.9771599684342459,ALL_F0_BOTH_VALID,AT_OR_ABOVE_43_06640625_HZ,True
CT4_0309,BASS_F002952,BASS_F002955,-1536,-34.82993197278912,133.08822268864694,133.08822268864694,0.0,0.0,1.0,ALL_F0_BOTH_VALID,AT_OR_ABOVE_43_06640625_HZ,True
CT4_0309,BASS_F002956,BASS_F002955,512,11.609977324263038,,133.08822268864694,,,,EXCLUDED_MISSING_F0,UNDETERMINED_NO_F0,True
CT4_0314,BASS_F002991,BASS_F002995,-2048,-46.439909297052154,,159.18630700681456,,,,EXCLUDED_MISSING_F0,UNDETERMINED_NO_F0,True
CT4_0314,BASS_F002996,BASS_F002995,512,11.609977324263038,,159.18630700681456,,,,EXCLUDED_MISSING_F0,UNDETERMINED_NO_F0,True
CT4_0316,BASS_F003008,BASS_F003010,-1024,-23.219954648526077,161.03596279796375,162.9071105541573,-1.871147756193551,-19.999999999999975,0.9885140203528962,ALL_F0_BOTH_VALID,AT_OR_ABOVE_43_06640625_HZ,True
CT4_0316,BASS_F003012,BASS_F003010,1024,23.219954648526077,161.9688346402574,162.9071105541573,-0.9382759138999006,-9.999999999999872,0.9942404238175474,ALL_F0_BOTH_VALID,AT_OR_ABOVE_43_06640625_HZ,True
CT4_0317,BASS_F003017,BASS_F003017,0,0.0,171.60000273773608,161.03596279796375,10.564039939772329,109.99999999999982,1.0656005016284842,ALL_F0_BOTH_VALID,AT_OR_ABOVE_43_06640625_HZ,False
CT4_0318,BASS_F003025,BASS_F003026,-512,-11.609977324263038,,147.67062898708977,,,,EXCLUDED_MISSING_F0,UNDETERMINED_NO_F0,False
CT4_0319,BASS_F003034,BASS_F003031,1536,34.82993197278912,148.52607623826484,150.25186611439415,-1.725789876129312,-19.999999999999975,0.9885140203528962,ALL_F0_BOTH_VALID,AT_OR_ABOVE_43_06640625_HZ,False
CT4_0321,BASS_F003050,BASS_F003046,2048,46.439909297052154,,150.25186611439415,,,,EXCLUDED_MISSING_F0,UNDETERMINED_NO_F0,False
CT4_0322,BASS_F003056,BASS_F003056,0,0.0,,110.62797422909372,,,,EXCLUDED_MISSING_F0,UNDETERMINED_NO_F0,True
CT4_0322,BASS_F003056,BASS_F003060,-2048,-46.439909297052154,,117.88522483266529,,,,EXCLUDED_MISSING_F0,UNDETERMINED_NO_F0,True
CT4_0322,BASS_F003060,BASS_F003056,2048,46.439909297052154,116.53119753954304,110.62797422909372,5.90322331044932,89.99999999999984,1.0533610359548358,ALL_F0_BOTH_VALID,AT_OR_ABOVE_43_06640625_HZ,True
CT4_0322,BASS_F003060,BASS_F003060,0,0.0,116.53119753954304,117.88522483266529,-1.3540272931222432,-19.99999999999978,0.9885140203528963,ALL_F0_BOTH_VALID,AT_OR_ABOVE_43_06640625_HZ,True
CT4_0323,BASS_F003070,BASS_F003070,0,0.0,118.56812699289156,119.25498516508716,-0.6868581721955991,-10.000000000000258,0.9942404238175472,ALL_F0_BOTH_VALID,AT_OR_ABOVE_43_06640625_HZ,False
CT4_0324,BASS_F003077,BASS_F003077,0,0.0,119.94582226619626,119.25498516508716,0.6908371011090964,10.000000000000016,1.0057929410678534,ALL_F0_BOTH_VALID,AT_OR_ABOVE_43_06640625_HZ,False
CT4_0325,BASS_F003082,BASS_F003083,-512,-11.609977324263038,117.88522483266529,117.20625589945601,0.6789689332092763,9.999999999999636,1.0057929410678532,ALL_F0_BOTH_VALID,AT_OR_ABOVE_43_06640625_HZ,False
CT4_0326,BASS_F003088,BASS_F003088,0,0.0,79.59315350340728,,,,,EXCLUDED_MISSING_F0,AT_OR_ABOVE_43_06640625_HZ,False
