event_id,section,IN_SCOPE,native_s,source_state,reference_available,PLP_peak_index,PLP_s,marker_offset_ms,PLP_interval_BPM,source_confidence,timing_kind,timing_confidence,numerical_attack_uncertainty_ms,performer_ahead_on_behind,coordinate_sign,native_grid_ms,source_context,source_adapter_sha256,ADTOF_event_id,ADTOF_distance_ms,MU_U_BASS_event_id,MU_U_DRUM_event_id,MU_C_DRUM_event_id,historical_Bass_links,exclusion_reason
F_MIX_00000,M1,True,0.7198185941043084,BASS_AND_DRUM_SUPPORTED,True,2,0.8126984126984127,-92.87981859410432,161.4990234375,PROVISIONAL_QUALIFIED_EVIDENCE,SOURCE_ASSOCIATED_NATIVE_MARKER,NUMERICAL_MARKER_ONLY_ATTACK_UNCERTAINTY_UNQUANTIFIED,,INDETERMINATE_UNQUANTIFIED_ATTACK_AND_REFERENCE_UNCERTAINTY,NEGATIVE,11.609977324263038,NEW_000,c7efaf8d2029ed140d67b7cbfff1c23fd33e0ffcae18f285566266c063f78e1c,NEW_000_ADTOF_42_0,9.81859410430841,UNCONSTRAINED_NEW_000_2,UNCONSTRAINED_NEW_000_3,TRIO_CONDITIONED_NEW_000_3,BASS_00000,
F_MIX_00001,M1,True,0.8359183673469388,DRUM_SUPPORTED,True,2,0.8126984126984127,23.21995464852611,161.49902343749997,PROVISIONAL_QUALIFIED_EVIDENCE,SOURCE_ASSOCIATED_NATIVE_MARKER,NUMERICAL_MARKER_ONLY_ATTACK_UNCERTAINTY_UNQUANTIFIED,,INDETERMINATE_UNQUANTIFIED_ATTACK_AND_REFERENCE_UNCERTAINTY,POSITIVE,11.609977324263038,NEW_000,c7efaf8d2029ed140d67b7cbfff1c23fd33e0ffcae18f285566266c063f78e1c,NEW_000_ADTOF_42_0,125.91836734693884,UNCONSTRAINED_NEW_000_5,UNCONSTRAINED_NEW_000_6,TRIO_CONDITIONED_NEW_000_6,,
F_MIX_00002,M1,True,0.8823582766439909,UNKNOWN,True,2,0.8126984126984127,69.65986394557821,161.49902343749997,UNKNOWN,SOURCE_NEUTRAL_NATIVE_MARKER,NUMERICAL_MARKER_ONLY_ATTACK_UNCERTAINTY_UNQUANTIFIED,,INDETERMINATE_UNQUANTIFIED_ATTACK_AND_REFERENCE_UNCERTAINTY,POSITIVE,11.609977324263038,NEW_000,c7efaf8d2029ed140d67b7cbfff1c23fd33e0ffcae18f285566266c063f78e1c,NEW_000_ADTOF_42_0,172.35827664399096,UNCONSTRAINED_NEW_000_5,UNCONSTRAINED_NEW_000_6,TRIO_CONDITIONED_NEW_000_6,,
F_MIX_00003,M1,True,1.230657596371882,DRUM_SUPPORTED,True,3,1.18421768707483,46.439909297052,161.49902343750006,PROVISIONAL_QUALIFIED_EVIDENCE,SOURCE_ASSOCIATED_NATIVE_MARKER,NUMERICAL_MARKER_ONLY_ATTACK_UNCERTAINTY_UNQUANTIFIED,,INDETERMINATE_UNQUANTIFIED_ATTACK_AND_REFERENCE_UNCERTAINTY,POSITIVE,11.609977324263038,NEW_000,c7efaf8d2029ed140d67b7cbfff1c23fd33e0ffcae18f285566266c063f78e1c,NEW_000_ADTOF_38_0,20.657596371882025,UNCONSTRAINED_NEW_000_10,UNCONSTRAINED_NEW_000_9,TRIO_CONDITIONED_NEW_000_8,,
F_MIX_00004,M1,True,1.474467120181406,UNKNOWN,True,4,1.555736961451247,-81.26984126984115,161.49902343750006,UNKNOWN,SOURCE_NEUTRAL_NATIVE_MARKER,NUMERICAL_MARKER_ONLY_ATTACK_UNCERTAINTY_UNQUANTIFIED,,INDETERMINATE_UNQUANTIFIED_ATTACK_AND_REFERENCE_UNCERTAINTY,NEGATIVE,11.609977324263038,NEW_000,c7efaf8d2029ed140d67b7cbfff1c23fd33e0ffcae18f285566266c063f78e1c,NEW_000_ADTOF_42_2,95.53287981859415,UNCONSTRAINED_NEW_000_10,UNCONSTRAINED_NEW_000_11,TRIO_CONDITIONED_NEW_000_10,BASS_00002,
F_MIX_00005,M1,True,1.5789569160997732,BASS_AND_DRUM_SUPPORTED,True,4,1.555736961451247,23.21995464852611,161.49902343749997,PROVISIONAL_QUALIFIED_EVIDENCE,SOURCE_ASSOCIATED_NATIVE_MARKER,NUMERICAL_MARKER_ONLY_ATTACK_UNCERTAINTY_UNQUANTIFIED,,INDETERMINATE_UNQUANTIFIED_ATTACK_AND_REFERENCE_UNCERTAINTY,POSITIVE,11.609977324263038,NEW_000,c7efaf8d2029ed140d67b7cbfff1c23fd33e0ffcae18f285566266c063f78e1c,NEW_000_ADTOF_42_2,8.956916099773116,UNCONSTRAINED_NEW_000_13,UNCONSTRAINED_NEW_000_14,TRIO_CONDITIONED_NEW_000_13,BASS_00003,
F_MIX_00006,M1,True,1.7531065759637188,UNKNOWN,True,5,1.9272562358276644,-174.1496598639456,161.49902343749997,UNKNOWN,SOURCE_NEUTRAL_NATIVE_MARKER,NUMERICAL_MARKER_ONLY_ATTACK_UNCERTAINTY_UNQUANTIFIED,,INDETERMINATE_UNQUANTIFIED_ATTACK_AND_REFERENCE_UNCERTAINTY,NEGATIVE,11.609977324263038,NEW_000,c7efaf8d2029ed140d67b7cbfff1c23fd33e0ffcae18f285566266c063f78e1c,NEW_000_ADTOF_42_2,183.1065759637187,UNCONSTRAINED_NEW_000_13,UNCONSTRAINED_NEW_000_14,TRIO_CONDITIONED_NEW_000_15,,
F_MIX_00007,M1,True,1.8692063492063493,UNKNOWN,True,5,1.9272562358276644,-58.04988662131505,161.49902343749997,UNKNOWN,SOURCE_NEUTRAL_NATIVE_MARKER,NUMERICAL_MARKER_ONLY_ATTACK_UNCERTAINTY_UNQUANTIFIED,,INDETERMINATE_UNQUANTIFIED_ATTACK_AND_REFERENCE_UNCERTAINTY,NEGATIVE,11.609977324263038,NEW_000,c7efaf8d2029ed140d67b7cbfff1c23fd33e0ffcae18f285566266c063f78e1c,NEW_000_ADTOF_42_3,90.79365079365064,UNCONSTRAINED_NEW_000_13,UNCONSTRAINED_NEW_000_17,TRIO_CONDITIONED_NEW_000_15,,
F_MIX_00008,M1,True,1.9736961451247166,DRUM_SUPPORTED,True,5,1.9272562358276644,46.43990929705222,151.9990808823529,PROVISIONAL_QUALIFIED_EVIDENCE,SOURCE_ASSOCIATED_NATIVE_MARKER,NUMERICAL_MARKER_ONLY_ATTACK_UNCERTAINTY_UNQUANTIFIED,,INDETERMINATE_UNQUANTIFIED_ATTACK_AND_REFERENCE_UNCERTAINTY,POSITIVE,11.609977324263038,NEW_000,c7efaf8d2029ed140d67b7cbfff1c23fd33e0ffcae18f285566266c063f78e1c,NEW_000_ADTOF_42_3,13.696145124716619,UNCONSTRAINED_NEW_000_21,UNCONSTRAINED_NEW_000_17,TRIO_CONDITIONED_NEW_000_15,,
F_MIX_00009,M1,True,2.1942857142857144,DRUM_SUPPORTED,True,6,2.3219954648526078,-127.70975056689338,151.9990808823529,PROVISIONAL_QUALIFIED_EVIDENCE,SOURCE_ASSOCIATED_NATIVE_MARKER,NUMERICAL_MARKER_ONLY_ATTACK_UNCERTAINTY_UNQUANTIFIED,,INDETERMINATE_UNQUANTIFIED_ATTACK_AND_REFERENCE_UNCERTAINTY,NEGATIVE,11.609977324263038,NEW_000,c7efaf8d2029ed140d67b7cbfff1c23fd33e0ffcae18f285566266c063f78e1c,NEW_000_ADTOF_35_0,115.71428571428567,UNCONSTRAINED_NEW_000_21,UNCONSTRAINED_NEW_000_20,TRIO_CONDITIONED_NEW_000_17,,
F_MIX_00010,M1,True,2.3219954648526078,BASS_AND_DRUM_SUPPORTED,True,6,2.3219954648526078,0.0,172.26562499999997,PROVISIONAL_QUALIFIED_EVIDENCE,SOURCE_ASSOCIATED_NATIVE_MARKER,NUMERICAL_MARKER_ONLY_ATTACK_UNCERTAINTY_UNQUANTIFIED,,INDETERMINATE_UNQUANTIFIED_ATTACK_AND_REFERENCE_UNCERTAINTY,ZERO,11.609977324263038,NEW_000,c7efaf8d2029ed140d67b7cbfff1c23fd33e0ffcae18f285566266c063f78e1c,NEW_000_ADTOF_35_0,11.995464852607718,UNCONSTRAINED_NEW_000_21,UNCONSTRAINED_NEW_000_22,TRIO_CONDITIONED_NEW_000_19,BASS_00004,
F_MIX_00011,M1,True,2.6238548752834467,UNKNOWN,True,7,2.670294784580499,-46.43990929705222,172.26562499999997,UNKNOWN,SOURCE_NEUTRAL_NATIVE_MARKER,NUMERICAL_MARKER_ONLY_ATTACK_UNCERTAINTY_UNQUANTIFIED,,INDETERMINATE_UNQUANTIFIED_ATTACK_AND_REFERENCE_UNCERTAINTY,NEGATIVE,11.609977324263038,NEW_000,c7efaf8d2029ed140d67b7cbfff1c23fd33e0ffcae18f285566266c063f78e1c,NEW_000_ADTOF_38_1,66.1451247165532,UNCONSTRAINED_NEW_000_21,UNCONSTRAINED_NEW_000_25,TRIO_CONDITIONED_NEW_000_21,,
F_MIX_00012,M1,True,2.705124716553288,DRUM_SUPPORTED,True,7,2.670294784580499,34.82993197278894,161.49902343749997,PROVISIONAL_QUALIFIED_EVIDENCE,SOURCE_ASSOCIATED_NATIVE_MARKER,NUMERICAL_MARKER_ONLY_ATTACK_UNCERTAINTY_UNQUANTIFIED,,INDETERMINATE_UNQUANTIFIED_ATTACK_AND_REFERENCE_UNCERTAINTY,POSITIVE,11.609977324263038,NEW_000,c7efaf8d2029ed140d67b7cbfff1c23fd33e0ffcae18f285566266c063f78e1c,NEW_000_ADTOF_38_1,15.124716553287954,UNCONSTRAINED_NEW_000_28,UNCONSTRAINED_NEW_000_25,TRIO_CONDITIONED_NEW_000_21,,
F_MIX_00013,M1,True,2.9605442176870747,UNKNOWN,True,8,3.0418140589569163,-81.2698412698416,161.49902343749997,UNKNOWN,SOURCE_NEUTRAL_NATIVE_MARKER,NUMERICAL_MARKER_ONLY_ATTACK_UNCERTAINTY_UNQUANTIFIED,,INDETERMINATE_UNQUANTIFIED_ATTACK_AND_REFERENCE_UNCERTAINTY,NEGATIVE,11.609977324263038,NEW_000,c7efaf8d2029ed140d67b7cbfff1c23fd33e0ffcae18f285566266c063f78e1c,NEW_000_ADTOF_35_1,99.45578231292541,UNCONSTRAINED_NEW_000_28,UNCONSTRAINED_NEW_000_27,TRIO_CONDITIONED_NEW_000_22,,
F_MIX_00014,M1,True,2.995374149659864,UNKNOWN,True,8,3.0418140589569163,-46.43990929705222,161.49902343749997,UNKNOWN,SOURCE_NEUTRAL_NATIVE_MARKER,NUMERICAL_MARKER_ONLY_ATTACK_UNCERTAINTY_UNQUANTIFIED,,INDETERMINATE_UNQUANTIFIED_ATTACK_AND_REFERENCE_UNCERTAINTY,NEGATIVE,11.609977324263038,NEW_000,c7efaf8d2029ed140d67b7cbfff1c23fd33e0ffcae18f285566266c063f78e1c,NEW_000_ADTOF_35_1,64.62585034013601,UNCONSTRAINED_NEW_000_28,UNCONSTRAINED_NEW_000_29,TRIO_CONDITIONED_NEW_000_24,,
F_MIX_00015,M1,True,3.076643990929705,DRUM_SUPPORTED,True,8,3.0418140589569163,34.82993197278894,161.49902343749997,PROVISIONAL_QUALIFIED_EVIDENCE,SOURCE_ASSOCIATED_NATIVE_MARKER,NUMERICAL_MARKER_ONLY_ATTACK_UNCERTAINTY_UNQUANTIFIED,,INDETERMINATE_UNQUANTIFIED_ATTACK_AND_REFERENCE_UNCERTAINTY,POSITIVE,11.609977324263038,NEW_000,c7efaf8d2029ed140d67b7cbfff1c23fd33e0ffcae18f285566266c063f78e1c,NEW_000_ADTOF_35_1,16.643990929705144,UNCONSTRAINED_NEW_000_28,UNCONSTRAINED_NEW_000_29,TRIO_CONDITIONED_NEW_000_24,BASS_00005,
F_MIX_00016,M1,True,3.308843537414966,UNKNOWN,True,9,3.4133333333333336,-104.48979591836772,161.49902343749997,UNKNOWN,SOURCE_NEUTRAL_NATIVE_MARKER,NUMERICAL_MARKER_ONLY_ATTACK_UNCERTAINTY_UNQUANTIFIED,,INDETERMINATE_UNQUANTIFIED_ATTACK_AND_REFERENCE_UNCERTAINTY,NEGATIVE,11.609977324263038,NEW_000,c7efaf8d2029ed140d67b7cbfff1c23fd33e0ffcae18f285566266c063f78e1c,NEW_000_ADTOF_38_2,111.15646258503409,UNCONSTRAINED_NEW_000_34,UNCONSTRAINED_NEW_000_33,TRIO_CONDITIONED_NEW_000_28,,
F_MIX_00017,M1,True,3.436553287981859,DRUM_SUPPORTED,True,9,3.4133333333333336,23.219954648525665,161.49902343750017,PROVISIONAL_QUALIFIED_EVIDENCE,SOURCE_ASSOCIATED_NATIVE_MARKER,NUMERICAL_MARKER_ONLY_ATTACK_UNCERTAINTY_UNQUANTIFIED,,INDETERMINATE_UNQUANTIFIED_ATTACK_AND_REFERENCE_UNCERTAINTY,POSITIVE,11.609977324263038,NEW_000,c7efaf8d2029ed140d67b7cbfff1c23fd33e0ffcae18f285566266c063f78e1c,NEW_000_ADTOF_38_2,16.553287981859288,UNCONSTRAINED_NEW_000_34,UNCONSTRAINED_NEW_000_35,TRIO_CONDITIONED_NEW_000_28,BASS_00006,
F_MIX_00018,M1,True,3.6919727891156464,DRUM_SUPPORTED,True,10,3.7848526077097504,-92.879818594104,161.49902343750017,PROVISIONAL_QUALIFIED_EVIDENCE,SOURCE_ASSOCIATED_NATIVE_MARKER,NUMERICAL_MARKER_ONLY_ATTACK_UNCERTAINTY_UNQUANTIFIED,,INDETERMINATE_UNQUANTIFIED_ATTACK_AND_REFERENCE_UNCERTAINTY,NEGATIVE,11.609977324263038,NEW_000,c7efaf8d2029ed140d67b7cbfff1c23fd33e0ffcae18f285566266c063f78e1c,NEW_000_ADTOF_38_3,21.972789115646485,UNCONSTRAINED_NEW_000_40,UNCONSTRAINED_NEW_000_39,TRIO_CONDITIONED_NEW_000_31,,
F_MIX_00019,M1,True,3.7964625850340137,DRUM_SUPPORTED,True,10,3.7848526077097504,11.609977324263276,161.49902343749997,PROVISIONAL_QUALIFIED_EVIDENCE,SOURCE_ASSOCIATED_NATIVE_MARKER,NUMERICAL_MARKER_ONLY_ATTACK_UNCERTAINTY_UNQUANTIFIED,,INDETERMINATE_UNQUANTIFIED_ATTACK_AND_REFERENCE_UNCERTAINTY,POSITIVE,11.609977324263038,NEW_000,c7efaf8d2029ed140d67b7cbfff1c23fd33e0ffcae18f285566266c063f78e1c,NEW_000_ADTOF_42_8,6.462585034013646,UNCONSTRAINED_NEW_000_40,UNCONSTRAINED_NEW_000_41,TRIO_CONDITIONED_NEW_000_33,,
F_MIX_00020,M1,True,4.0751020408163265,UNKNOWN,True,11,4.156371882086168,-81.26984126984115,161.49902343749997,UNKNOWN,SOURCE_NEUTRAL_NATIVE_MARKER,NUMERICAL_MARKER_ONLY_ATTACK_UNCERTAINTY_UNQUANTIFIED,,INDETERMINATE_UNQUANTIFIED_ATTACK_AND_REFERENCE_UNCERTAINTY,NEGATIVE,11.609977324263038,NEW_000,c7efaf8d2029ed140d67b7cbfff1c23fd33e0ffcae18f285566266c063f78e1c,NEW_000_ADTOF_38_4,94.89795918367338,UNCONSTRAINED_NEW_000_40,UNCONSTRAINED_NEW_000_45,TRIO_CONDITIONED_NEW_000_36,,
F_MIX_00021,M1,True,4.191201814058957,DRUM_SUPPORTED,True,11,4.156371882086168,34.82993197278894,172.26562499999997,PROVISIONAL_QUALIFIED_EVIDENCE,SOURCE_ASSOCIATED_NATIVE_MARKER,NUMERICAL_MARKER_ONLY_ATTACK_UNCERTAINTY_UNQUANTIFIED,,INDETERMINATE_UNQUANTIFIED_ATTACK_AND_REFERENCE_UNCERTAINTY,POSITIVE,11.609977324263038,NEW_000,c7efaf8d2029ed140d67b7cbfff1c23fd33e0ffcae18f285566266c063f78e1c,NEW_000_ADTOF_38_4,21.201814058956714,UNCONSTRAINED_NEW_000_49,UNCONSTRAINED_NEW_000_45,TRIO_CONDITIONED_NEW_000_36,,
F_MIX_00022,M1,True,4.388571428571429,DRUM_SUPPORTED,True,12,4.504671201814059,-116.0997732426301,172.26562499999997,PROVISIONAL_QUALIFIED_EVIDENCE,SOURCE_ASSOCIATED_NATIVE_MARKER,NUMERICAL_MARKER_ONLY_ATTACK_UNCERTAINTY_UNQUANTIFIED,,INDETERMINATE_UNQUANTIFIED_ATTACK_AND_REFERENCE_UNCERTAINTY,NEGATIVE,11.609977324263038,NEW_000,c7efaf8d2029ed140d67b7cbfff1c23fd33e0ffcae18f285566266c063f78e1c,NEW_000_ADTOF_38_5,8.571428571428896,UNCONSTRAINED_NEW_000_49,UNCONSTRAINED_NEW_000_47,TRIO_CONDITIONED_NEW_000_37,,
F_MIX_00023,M1,True,4.516281179138322,BASS_AND_DRUM_SUPPORTED,True,12,4.504671201814059,11.609977324263276,161.49902343749977,PROVISIONAL_QUALIFIED_EVIDENCE,SOURCE_ASSOCIATED_NATIVE_MARKER,NUMERICAL_MARKER_ONLY_ATTACK_UNCERTAINTY_UNQUANTIFIED,,INDETERMINATE_UNQUANTIFIED_ATTACK_AND_REFERENCE_UNCERTAINTY,POSITIVE,11.609977324263038,NEW_000,c7efaf8d2029ed140d67b7cbfff1c23fd33e0ffcae18f285566266c063f78e1c,NEW_000_ADTOF_35_2,6.281179138322379,UNCONSTRAINED_NEW_000_49,UNCONSTRAINED_NEW_000_50,TRIO_CONDITIONED_NEW_000_40,BASS_00007,
F_MIX_00024,M1,True,4.574331065759637,UNKNOWN,True,12,4.504671201814059,69.65986394557788,161.49902343749977,UNKNOWN,SOURCE_NEUTRAL_NATIVE_MARKER,NUMERICAL_MARKER_ONLY_ATTACK_UNCERTAINTY_UNQUANTIFIED,,INDETERMINATE_UNQUANTIFIED_ATTACK_AND_REFERENCE_UNCERTAINTY,POSITIVE,11.609977324263038,NEW_000,c7efaf8d2029ed140d67b7cbfff1c23fd33e0ffcae18f285566266c063f78e1c,NEW_000_ADTOF_35_2,64.33106575963699,UNCONSTRAINED_NEW_000_49,UNCONSTRAINED_NEW_000_50,TRIO_CONDITIONED_NEW_000_40,,
F_MIX_00025,M1,True,4.899410430839002,DRUM_SUPPORTED,True,13,4.876190476190477,23.219954648525665,172.26562500000043,PROVISIONAL_QUALIFIED_EVIDENCE,SOURCE_ASSOCIATED_NATIVE_MARKER,NUMERICAL_MARKER_ONLY_ATTACK_UNCERTAINTY_UNQUANTIFIED,,INDETERMINATE_UNQUANTIFIED_ATTACK_AND_REFERENCE_UNCERTAINTY,POSITIVE,11.609977324263038,NEW_000,c7efaf8d2029ed140d67b7cbfff1c23fd33e0ffcae18f285566266c063f78e1c,NEW_000_ADTOF_42_11,9.410430839002615,UNCONSTRAINED_NEW_000_56,UNCONSTRAINED_NEW_000_53,TRIO_CONDITIONED_NEW_000_42,,
F_MIX_00026,M1,True,5.154829931972789,BASS_SUPPORTED,True,14,5.224489795918367,-69.65986394557788,172.26562500000043,PROVISIONAL_QUALIFIED_EVIDENCE,SOURCE_ASSOCIATED_NATIVE_MARKER,NUMERICAL_MARKER_ONLY_ATTACK_UNCERTAINTY_UNQUANTIFIED,,INDETERMINATE_UNQUANTIFIED_ATTACK_AND_REFERENCE_UNCERTAINTY,NEGATIVE,11.609977324263038,NEW_000,c7efaf8d2029ed140d67b7cbfff1c23fd33e0ffcae18f285566266c063f78e1c,NEW_000_ADTOF_38_7,85.17006802721116,UNCONSTRAINED_NEW_000_56,UNCONSTRAINED_NEW_000_57,TRIO_CONDITIONED_NEW_000_45,BASS_00008,
F_MIX_00027,M1,True,5.259319727891157,DRUM_SUPPORTED,True,14,5.224489795918367,34.82993197278983,161.49902343749977,PROVISIONAL_QUALIFIED_EVIDENCE,SOURCE_ASSOCIATED_NATIVE_MARKER,NUMERICAL_MARKER_ONLY_ATTACK_UNCERTAINTY_UNQUANTIFIED,,INDETERMINATE_UNQUANTIFIED_ATTACK_AND_REFERENCE_UNCERTAINTY,POSITIVE,11.609977324263038,NEW_000,c7efaf8d2029ed140d67b7cbfff1c23fd33e0ffcae18f285566266c063f78e1c,NEW_000_ADTOF_38_7,19.319727891156546,UNCONSTRAINED_NEW_000_59,UNCONSTRAINED_NEW_000_60,TRIO_CONDITIONED_NEW_000_47,BASS_00009,
F_MIX_00028,M1,True,5.526349206349207,DRUM_SUPPORTED,True,15,5.596009070294785,-69.65986394557788,161.49902343749977,PROVISIONAL_QUALIFIED_EVIDENCE,SOURCE_ASSOCIATED_NATIVE_MARKER,NUMERICAL_MARKER_ONLY_ATTACK_UNCERTAINTY_UNQUANTIFIED,,INDETERMINATE_UNQUANTIFIED_ATTACK_AND_REFERENCE_UNCERTAINTY,NEGATIVE,11.609977324263038,NEW_000,c7efaf8d2029ed140d67b7cbfff1c23fd33e0ffcae18f285566266c063f78e1c,NEW_000_ADTOF_38_8,16.349206349207,UNCONSTRAINED_NEW_000_63,UNCONSTRAINED_NEW_000_61,TRIO_CONDITIONED_NEW_000_48,,
F_MIX_00029,M1,True,5.630839002267574,BASS_AND_DRUM_SUPPORTED,True,15,5.596009070294785,34.82993197278894,172.26562499999997,PROVISIONAL_QUALIFIED_EVIDENCE,SOURCE_ASSOCIATED_NATIVE_MARKER,NUMERICAL_MARKER_ONLY_ATTACK_UNCERTAINTY_UNQUANTIFIED,,INDETERMINATE_UNQUANTIFIED_ATTACK_AND_REFERENCE_UNCERTAINTY,POSITIVE,11.609977324263038,NEW_000,c7efaf8d2029ed140d67b7cbfff1c23fd33e0ffcae18f285566266c063f78e1c,NEW_000_ADTOF_35_3,20.839002267573292,UNCONSTRAINED_NEW_000_63,UNCONSTRAINED_NEW_000_64,TRIO_CONDITIONED_NEW_000_51,BASS_00010,
F_MIX_00030,M1,True,5.874648526077097,DRUM_SUPPORTED,True,16,5.944308390022676,-69.65986394557876,172.26562499999997,PROVISIONAL_QUALIFIED_EVIDENCE,SOURCE_ASSOCIATED_NATIVE_MARKER,NUMERICAL_MARKER_ONLY_ATTACK_UNCERTAINTY_UNQUANTIFIED,,INDETERMINATE_UNQUANTIFIED_ATTACK_AND_REFERENCE_UNCERTAINTY,NEGATIVE,11.609977324263038,NEW_000,c7efaf8d2029ed140d67b7cbfff1c23fd33e0ffcae18f285566266c063f78e1c,NEW_000_ADTOF_38_9,24.648526077097443,UNCONSTRAINED_NEW_000_67,UNCONSTRAINED_NEW_000_65,TRIO_CONDITIONED_NEW_000_52,,
F_MIX_00031,M1,True,5.9675283446712015,BASS_AND_DRUM_SUPPORTED,True,16,5.944308390022676,23.219954648525665,161.49902343750017,PROVISIONAL_QUALIFIED_EVIDENCE,SOURCE_ASSOCIATED_NATIVE_MARKER,NUMERICAL_MARKER_ONLY_ATTACK_UNCERTAINTY_UNQUANTIFIED,,INDETERMINATE_UNQUANTIFIED_ATTACK_AND_REFERENCE_UNCERTAINTY,POSITIVE,11.609977324263038,NEW_000,c7efaf8d2029ed140d67b7cbfff1c23fd33e0ffcae18f285566266c063f78e1c,NEW_000_ADTOF_35_4,2.471655328798228,UNCONSTRAINED_NEW_000_67,UNCONSTRAINED_NEW_000_68,TRIO_CONDITIONED_NEW_000_55,BASS_00011,
F_MIX_00032,M1,True,6.199727891156463,DRUM_SUPPORTED,True,17,6.315827664399093,-116.0997732426301,161.49902343750017,PROVISIONAL_QUALIFIED_EVIDENCE,SOURCE_ASSOCIATED_NATIVE_MARKER,NUMERICAL_MARKER_ONLY_ATTACK_UNCERTAINTY_UNQUANTIFIED,,INDETERMINATE_UNQUANTIFIED_ATTACK_AND_REFERENCE_UNCERTAINTY,NEGATIVE,11.609977324263038,NEW_000,c7efaf8d2029ed140d67b7cbfff1c23fd33e0ffcae18f285566266c063f78e1c,NEW_000_ADTOF_35_5,110.272108843537,UNCONSTRAINED_NEW_000_73,UNCONSTRAINED_NEW_000_71,TRIO_CONDITIONED_NEW_000_58,,
F_MIX_00033,M1,True,6.2345578231292516,DRUM_SUPPORTED,True,17,6.315827664399093,-81.26984126984115,161.49902343750017,PROVISIONAL_QUALIFIED_EVIDENCE,SOURCE_ASSOCIATED_NATIVE_MARKER,NUMERICAL_MARKER_ONLY_ATTACK_UNCERTAINTY_UNQUANTIFIED,,INDETERMINATE_UNQUANTIFIED_ATTACK_AND_REFERENCE_UNCERTAINTY,NEGATIVE,11.609977324263038,NEW_000,c7efaf8d2029ed140d67b7cbfff1c23fd33e0ffcae18f285566266c063f78e1c,NEW_000_ADTOF_35_5,75.44217687074806,UNCONSTRAINED_NEW_000_73,UNCONSTRAINED_NEW_000_71,TRIO_CONDITIONED_NEW_000_58,,
F_MIX_00034,M1,True,6.339047619047619,DRUM_SUPPORTED,True,17,6.315827664399093,23.219954648526553,172.26562499999997,PROVISIONAL_QUALIFIED_EVIDENCE,SOURCE_ASSOCIATED_NATIVE_MARKER,NUMERICAL_MARKER_ONLY_ATTACK_UNCERTAINTY_UNQUANTIFIED,,INDETERMINATE_UNQUANTIFIED_ATTACK_AND_REFERENCE_UNCERTAINTY,POSITIVE,11.609977324263038,NEW_000,c7efaf8d2029ed140d67b7cbfff1c23fd33e0ffcae18f285566266c063f78e1c,NEW_000_ADTOF_35_5,29.047619047619655,UNCONSTRAINED_NEW_000_73,UNCONSTRAINED_NEW_000_74,TRIO_CONDITIONED_NEW_000_61,,
F_MIX_00035,M1,True,6.582857142857143,DRUM_SUPPORTED,True,18,6.664126984126984,-81.26984126984115,172.26562499999997,PROVISIONAL_QUALIFIED_EVIDENCE,SOURCE_ASSOCIATED_NATIVE_MARKER,NUMERICAL_MARKER_ONLY_ATTACK_UNCERTAINTY_UNQUANTIFIED,,INDETERMINATE_UNQUANTIFIED_ATTACK_AND_REFERENCE_UNCERTAINTY,NEGATIVE,11.609977324263038,NEW_000,c7efaf8d2029ed140d67b7cbfff1c23fd33e0ffcae18f285566266c063f78e1c,NEW_000_ADTOF_38_11,87.1428571428572,UNCONSTRAINED_NEW_000_80,UNCONSTRAINED_NEW_000_77,TRIO_CONDITIONED_NEW_000_64,,
F_MIX_00036,M1,True,6.6873469387755105,BASS_AND_DRUM_SUPPORTED,True,18,6.664126984126984,23.219954648526553,172.26562499999997,PROVISIONAL_QUALIFIED_EVIDENCE,SOURCE_ASSOCIATED_NATIVE_MARKER,NUMERICAL_MARKER_ONLY_ATTACK_UNCERTAINTY_UNQUANTIFIED,,INDETERMINATE_UNQUANTIFIED_ATTACK_AND_REFERENCE_UNCERTAINTY,POSITIVE,11.609977324263038,NEW_000,c7efaf8d2029ed140d67b7cbfff1c23fd33e0ffcae18f285566266c063f78e1c,NEW_000_ADTOF_38_11,17.346938775510523,UNCONSTRAINED_NEW_000_80,UNCONSTRAINED_NEW_000_81,TRIO_CONDITIONED_NEW_000_66,BASS_00013,
F_MIX_00037,M1,True,6.965986394557823,UNKNOWN,True,19,7.012426303854875,-46.43990929705222,172.26562499999997,UNKNOWN,SOURCE_NEUTRAL_NATIVE_MARKER,NUMERICAL_MARKER_ONLY_ATTACK_UNCERTAINTY_UNQUANTIFIED,,INDETERMINATE_UNQUANTIFIED_ATTACK_AND_REFERENCE_UNCERTAINTY,NEGATIVE,11.609977324263038,NEW_000,c7efaf8d2029ed140d67b7cbfff1c23fd33e0ffcae18f285566266c063f78e1c,NEW_000_ADTOF_38_12,84.01360544217695,UNCONSTRAINED_NEW_000_80,UNCONSTRAINED_NEW_000_84,TRIO_CONDITIONED_NEW_000_68,,
F_MIX_00038,M1,True,7.070476190476191,DRUM_SUPPORTED,True,19,7.012426303854875,58.049886621315494,161.49902343749977,PROVISIONAL_QUALIFIED_EVIDENCE,SOURCE_ASSOCIATED_NATIVE_MARKER,NUMERICAL_MARKER_ONLY_ATTACK_UNCERTAINTY_UNQUANTIFIED,,INDETERMINATE_UNQUANTIFIED_ATTACK_AND_REFERENCE_UNCERTAINTY,POSITIVE,11.609977324263038,NEW_000,c7efaf8d2029ed140d67b7cbfff1c23fd33e0ffcae18f285566266c063f78e1c,NEW_000_ADTOF_38_12,20.47619047619076,UNCONSTRAINED_NEW_000_88,UNCONSTRAINED_NEW_000_84,TRIO_CONDITIONED_NEW_000_70,,
F_MIX_00039,M1,True,7.430385487528345,BASS_AND_DRUM_SUPPORTED,True,20,7.383945578231293,46.43990929705222,172.26562499999997,PROVISIONAL_QUALIFIED_EVIDENCE,SOURCE_ASSOCIATED_NATIVE_MARKER,NUMERICAL_MARKER_ONLY_ATTACK_UNCERTAINTY_UNQUANTIFIED,,INDETERMINATE_UNQUANTIFIED_ATTACK_AND_REFERENCE_UNCERTAINTY,POSITIVE,11.609977324263038,NEW_000,c7efaf8d2029ed140d67b7cbfff1c23fd33e0ffcae18f285566266c063f78e1c,NEW_000_ADTOF_35_6,20.385487528344903,UNCONSTRAINED_NEW_000_88,UNCONSTRAINED_NEW_000_89,TRIO_CONDITIONED_NEW_000_76,BASS_00014,
F_MIX_00040,M1,True,7.790294784580499,DRUM_SUPPORTED,True,21,7.732244897959184,58.049886621314606,161.49902343749977,PROVISIONAL_QUALIFIED_EVIDENCE,SOURCE_ASSOCIATED_NATIVE_MARKER,NUMERICAL_MARKER_ONLY_ATTACK_UNCERTAINTY_UNQUANTIFIED,,INDETERMINATE_UNQUANTIFIED_ATTACK_AND_REFERENCE_UNCERTAINTY,POSITIVE,11.609977324263038,NEW_000,c7efaf8d2029ed140d67b7cbfff1c23fd33e0ffcae18f285566266c063f78e1c,NEW_000_ADTOF_38_13,20.294784580499048,UNCONSTRAINED_NEW_000_92,UNCONSTRAINED_NEW_000_91,TRIO_CONDITIONED_NEW_000_79,,
F_MIX_00041,M1,True,8.034104308390022,BASS_SUPPORTED,True,22,8.103764172335602,-69.65986394557966,161.49902343749977,PROVISIONAL_QUALIFIED_EVIDENCE,SOURCE_ASSOCIATED_NATIVE_MARKER,NUMERICAL_MARKER_ONLY_ATTACK_UNCERTAINTY_UNQUANTIFIED,,INDETERMINATE_UNQUANTIFIED_ATTACK_AND_REFERENCE_UNCERTAINTY,NEGATIVE,11.609977324263038,NEW_000,c7efaf8d2029ed140d67b7cbfff1c23fd33e0ffcae18f285566266c063f78e1c,NEW_000_ADTOF_35_7,95.89569160997868,UNCONSTRAINED_NEW_000_92,UNCONSTRAINED_NEW_000_93,TRIO_CONDITIONED_NEW_000_81,BASS_00015,
F_MIX_00042,M1,True,8.13859410430839,DRUM_SUPPORTED,True,22,8.103764172335602,34.82993197278894,172.26562499999997,PROVISIONAL_QUALIFIED_EVIDENCE,SOURCE_ASSOCIATED_NATIVE_MARKER,NUMERICAL_MARKER_ONLY_ATTACK_UNCERTAINTY_UNQUANTIFIED,,INDETERMINATE_UNQUANTIFIED_ATTACK_AND_REFERENCE_UNCERTAINTY,POSITIVE,11.609977324263038,NEW_000,c7efaf8d2029ed140d67b7cbfff1c23fd33e0ffcae18f285566266c063f78e1c,NEW_000_ADTOF_35_7,8.594104308389916,UNCONSTRAINED_NEW_000_95,UNCONSTRAINED_NEW_000_96,TRIO_CONDITIONED_NEW_000_84,,
F_MIX_00043,M1,True,8.394013605442177,DRUM_SUPPORTED,True,23,8.452063492063493,-58.049886621315494,172.26562499999997,PROVISIONAL_QUALIFIED_EVIDENCE,SOURCE_ASSOCIATED_NATIVE_MARKER,NUMERICAL_MARKER_ONLY_ATTACK_UNCERTAINTY_UNQUANTIFIED,,INDETERMINATE_UNQUANTIFIED_ATTACK_AND_REFERENCE_UNCERTAINTY,NEGATIVE,11.609977324263038,NEW_000,c7efaf8d2029ed140d67b7cbfff1c23fd33e0ffcae18f285566266c063f78e1c,NEW_000_ADTOF_38_14,14.013605442176669,UNCONSTRAINED_NEW_000_105,UNCONSTRAINED_NEW_000_100,TRIO_CONDITIONED_NEW_000_87,,
F_MIX_00044,M1,True,8.510113378684807,BASS_AND_DRUM_SUPPORTED,True,23,8.452063492063493,58.04988662131372,161.49902343750054,PROVISIONAL_QUALIFIED_EVIDENCE,SOURCE_ASSOCIATED_NATIVE_MARKER,NUMERICAL_MARKER_ONLY_ATTACK_UNCERTAINTY_UNQUANTIFIED,,INDETERMINATE_UNQUANTIFIED_ATTACK_AND_REFERENCE_UNCERTAINTY,POSITIVE,11.609977324263038,NEW_000,c7efaf8d2029ed140d67b7cbfff1c23fd33e0ffcae18f285566266c063f78e1c,NEW_000_ADTOF_42_22,20.11337868480645,UNCONSTRAINED_NEW_000_105,UNCONSTRAINED_NEW_000_106,TRIO_CONDITIONED_NEW_000_92,BASS_00016,
F_MIX_00045,M1,True,8.777142857142858,UNKNOWN,True,24,8.823582766439909,-46.43990929705133,161.49902343750054,UNKNOWN,SOURCE_NEUTRAL_NATIVE_MARKER,NUMERICAL_MARKER_ONLY_ATTACK_UNCERTAINTY_UNQUANTIFIED,,INDETERMINATE_UNQUANTIFIED_ATTACK_AND_REFERENCE_UNCERTAINTY,NEGATIVE,11.609977324263038,NEW_000,c7efaf8d2029ed140d67b7cbfff1c23fd33e0ffcae18f285566266c063f78e1c,NEW_000_ADTOF_35_8,72.85714285714207,UNCONSTRAINED_NEW_000_110,UNCONSTRAINED_NEW_000_108,TRIO_CONDITIONED_NEW_000_94,,
F_MIX_00046,M1,True,8.870022675736962,BASS_AND_DRUM_SUPPORTED,True,24,8.823582766439909,46.439909297053106,172.26562499999997,PROVISIONAL_QUALIFIED_EVIDENCE,SOURCE_ASSOCIATED_NATIVE_MARKER,NUMERICAL_MARKER_ONLY_ATTACK_UNCERTAINTY_UNQUANTIFIED,,INDETERMINATE_UNQUANTIFIED_ATTACK_AND_REFERENCE_UNCERTAINTY,POSITIVE,11.609977324263038,NEW_000,c7efaf8d2029ed140d67b7cbfff1c23fd33e0ffcae18f285566266c063f78e1c,NEW_000_ADTOF_35_8,20.02267573696237,UNCONSTRAINED_NEW_000_110,UNCONSTRAINED_NEW_000_111,TRIO_CONDITIONED_NEW_000_96,BASS_00017,
F_MIX_00047,M1,True,9.218321995464853,BASS_AND_DRUM_SUPPORTED,True,25,9.1718820861678,46.439909297053106,161.49902343749977,PROVISIONAL_QUALIFIED_EVIDENCE,SOURCE_ASSOCIATED_NATIVE_MARKER,NUMERICAL_MARKER_ONLY_ATTACK_UNCERTAINTY_UNQUANTIFIED,,INDETERMINATE_UNQUANTIFIED_ATTACK_AND_REFERENCE_UNCERTAINTY,POSITIVE,11.609977324263038,NEW_000,c7efaf8d2029ed140d67b7cbfff1c23fd33e0ffcae18f285566266c063f78e1c,NEW_000_ADTOF_38_15,8.32199546485235,UNCONSTRAINED_NEW_000_115,UNCONSTRAINED_NEW_000_116,TRIO_CONDITIONED_NEW_000_101,BASS_00018,
F_MIX_00048,M1,True,9.508571428571429,DRUM_SUPPORTED,True,26,9.543401360544218,-34.82993197278894,161.49902343749977,PROVISIONAL_QUALIFIED_EVIDENCE,SOURCE_ASSOCIATED_NATIVE_MARKER,NUMERICAL_MARKER_ONLY_ATTACK_UNCERTAINTY_UNQUANTIFIED,,INDETERMINATE_UNQUANTIFIED_ATTACK_AND_REFERENCE_UNCERTAINTY,NEGATIVE,11.609977324263038,NEW_000,c7efaf8d2029ed140d67b7cbfff1c23fd33e0ffcae18f285566266c063f78e1c,NEW_000_ADTOF_38_16,18.571428571428683,UNCONSTRAINED_NEW_000_119,UNCONSTRAINED_NEW_000_117,TRIO_CONDITIONED_NEW_000_106,,
F_MIX_00049,M1,True,9.601451247165533,BASS_AND_DRUM_SUPPORTED,True,26,9.543401360544218,58.049886621315494,161.49902343749977,PROVISIONAL_QUALIFIED_EVIDENCE,SOURCE_ASSOCIATED_NATIVE_MARKER,NUMERICAL_MARKER_ONLY_ATTACK_UNCERTAINTY_UNQUANTIFIED,,INDETERMINATE_UNQUANTIFIED_ATTACK_AND_REFERENCE_UNCERTAINTY,POSITIVE,11.609977324263038,NEW_000,c7efaf8d2029ed140d67b7cbfff1c23fd33e0ffcae18f285566266c063f78e1c,NEW_000_ADTOF_38_16,111.45124716553312,UNCONSTRAINED_NEW_000_119,UNCONSTRAINED_NEW_000_120,TRIO_CONDITIONED_NEW_000_106,BASS_00019,
F_MIX_00050,M1,True,9.868480725623582,DRUM_SUPPORTED,True,27,9.914920634920636,-46.439909297053106,161.49902343749977,PROVISIONAL_QUALIFIED_EVIDENCE,SOURCE_ASSOCIATED_NATIVE_MARKER,NUMERICAL_MARKER_ONLY_ATTACK_UNCERTAINTY_UNQUANTIFIED,,INDETERMINATE_UNQUANTIFIED_ATTACK_AND_REFERENCE_UNCERTAINTY,NEGATIVE,11.609977324263038,NEW_000,c7efaf8d2029ed140d67b7cbfff1c23fd33e0ffcae18f285566266c063f78e1c,NEW_000_ADTOF_38_17,28.480725623582615,UNCONSTRAINED_NEW_000_119,UNCONSTRAINED_NEW_000_122,TRIO_CONDITIONED_NEW_000_108,,
F_MIX_00051,M1,True,9.97297052154195,DRUM_SUPPORTED,True,27,9.914920634920636,58.04988662131372,161.49902343750054,PROVISIONAL_QUALIFIED_EVIDENCE,SOURCE_ASSOCIATED_NATIVE_MARKER,NUMERICAL_MARKER_ONLY_ATTACK_UNCERTAINTY_UNQUANTIFIED,,INDETERMINATE_UNQUANTIFIED_ATTACK_AND_REFERENCE_UNCERTAINTY,POSITIVE,11.609977324263038,NEW_000,c7efaf8d2029ed140d67b7cbfff1c23fd33e0ffcae18f285566266c063f78e1c,NEW_000_ADTOF_38_18,12.970521541948443,UNCONSTRAINED_NEW_000_129,UNCONSTRAINED_NEW_000_124,TRIO_CONDITIONED_NEW_000_110,,
F_MIX_00052,M1,True,10.216780045351474,DRUM_SUPPORTED,True,28,10.286439909297052,-69.65986394557788,161.49902343750054,PROVISIONAL_QUALIFIED_EVIDENCE,SOURCE_ASSOCIATED_NATIVE_MARKER,NUMERICAL_MARKER_ONLY_ATTACK_UNCERTAINTY_UNQUANTIFIED,,INDETERMINATE_UNQUANTIFIED_ATTACK_AND_REFERENCE_UNCERTAINTY,NEGATIVE,11.609977324263038,NEW_000,c7efaf8d2029ed140d67b7cbfff1c23fd33e0ffcae18f285566266c063f78e1c,NEW_000_ADTOF_38_19,6.780045351472808,UNCONSTRAINED_NEW_000_129,UNCONSTRAINED_NEW_000_126,TRIO_CONDITIONED_NEW_000_112,,
F_MIX_00053,M1,True,10.356099773242631,BASS_AND_DRUM_SUPPORTED,True,28,10.286439909297052,69.65986394557966,172.26562499999997,PROVISIONAL_QUALIFIED_EVIDENCE,SOURCE_ASSOCIATED_NATIVE_MARKER,NUMERICAL_MARKER_ONLY_ATTACK_UNCERTAINTY_UNQUANTIFIED,,INDETERMINATE_UNQUANTIFIED_ATTACK_AND_REFERENCE_UNCERTAINTY,POSITIVE,11.609977324263038,NEW_000,c7efaf8d2029ed140d67b7cbfff1c23fd33e0ffcae18f285566266c063f78e1c,NEW_000_ADTOF_38_19,146.09977324263036,UNCONSTRAINED_NEW_000_129,UNCONSTRAINED_NEW_000_130,TRIO_CONDITIONED_NEW_000_116,BASS_00020,
F_MIX_00054,M1,True,10.611519274376418,UNKNOWN,True,29,10.634739229024943,-23.219954648524777,172.26562499999997,UNKNOWN,SOURCE_NEUTRAL_NATIVE_MARKER,NUMERICAL_MARKER_ONLY_ATTACK_UNCERTAINTY_UNQUANTIFIED,,INDETERMINATE_UNQUANTIFIED_ATTACK_AND_REFERENCE_UNCERTAINTY,NEGATIVE,11.609977324263038,NEW_000,c7efaf8d2029ed140d67b7cbfff1c23fd33e0ffcae18f285566266c063f78e1c,NEW_000_ADTOF_35_9,78.48072562358155,UNCONSTRAINED_NEW_000_133,UNCONSTRAINED_NEW_000_134,TRIO_CONDITIONED_NEW_000_120,BASS_00021,
F_MIX_00055,M1,True,10.716009070294785,DRUM_SUPPORTED,True,29,10.634739229024943,81.26984126984205,161.49902343749977,PROVISIONAL_QUALIFIED_EVIDENCE,SOURCE_ASSOCIATED_NATIVE_MARKER,NUMERICAL_MARKER_ONLY_ATTACK_UNCERTAINTY_UNQUANTIFIED,,INDETERMINATE_UNQUANTIFIED_ATTACK_AND_REFERENCE_UNCERTAINTY,POSITIVE,11.609977324263038,NEW_000,c7efaf8d2029ed140d67b7cbfff1c23fd33e0ffcae18f285566266c063f78e1c,NEW_000_ADTOF_35_9,26.009070294785275,UNCONSTRAINED_NEW_000_133,UNCONSTRAINED_NEW_000_134,TRIO_CONDITIONED_NEW_000_120,,
F_MIX_00056,M1,True,10.936598639455783,BASS_SUPPORTED,True,30,11.00625850340136,-69.65986394557788,161.49902343749977,PROVISIONAL_QUALIFIED_EVIDENCE,SOURCE_ASSOCIATED_NATIVE_MARKER,NUMERICAL_MARKER_ONLY_ATTACK_UNCERTAINTY_UNQUANTIFIED,,INDETERMINATE_UNQUANTIFIED_ATTACK_AND_REFERENCE_UNCERTAINTY,NEGATIVE,11.609977324263038,NEW_000,c7efaf8d2029ed140d67b7cbfff1c23fd33e0ffcae18f285566266c063f78e1c,NEW_000_ADTOF_35_10,113.40136054421812,UNCONSTRAINED_NEW_000_137,UNCONSTRAINED_NEW_000_138,TRIO_CONDITIONED_NEW_000_123,BASS_00022,
F_MIX_00057,M1,True,10.983038548752834,UNKNOWN,True,30,11.00625850340136,-23.219954648526553,161.49902343749977,UNKNOWN,SOURCE_NEUTRAL_NATIVE_MARKER,NUMERICAL_MARKER_ONLY_ATTACK_UNCERTAINTY_UNQUANTIFIED,,INDETERMINATE_UNQUANTIFIED_ATTACK_AND_REFERENCE_UNCERTAINTY,NEGATIVE,11.609977324263038,NEW_000,c7efaf8d2029ed140d67b7cbfff1c23fd33e0ffcae18f285566266c063f78e1c,NEW_000_ADTOF_35_10,66.96145124716679,UNCONSTRAINED_NEW_000_140,UNCONSTRAINED_NEW_000_141,TRIO_CONDITIONED_NEW_000_126,BASS_00023,
F_MIX_00058,M1,True,11.3081179138322,DRUM_SUPPORTED,True,31,11.377777777777778,-69.65986394557788,161.49902343749977,PROVISIONAL_QUALIFIED_EVIDENCE,SOURCE_ASSOCIATED_NATIVE_MARKER,NUMERICAL_MARKER_ONLY_ATTACK_UNCERTAINTY_UNQUANTIFIED,,INDETERMINATE_UNQUANTIFIED_ATTACK_AND_REFERENCE_UNCERTAINTY,NEGATIVE,11.609977324263038,NEW_000,c7efaf8d2029ed140d67b7cbfff1c23fd33e0ffcae18f285566266c063f78e1c,NEW_000_ADTOF_35_11,1.8820861678001677,UNCONSTRAINED_NEW_000_144,UNCONSTRAINED_NEW_000_145,TRIO_CONDITIONED_NEW_000_134,BASS_00024,
F_MIX_00059,M1,True,11.34294784580499,DRUM_SUPPORTED,True,31,11.377777777777778,-34.82993197278894,161.49902343749977,PROVISIONAL_QUALIFIED_EVIDENCE,SOURCE_ASSOCIATED_NATIVE_MARKER,NUMERICAL_MARKER_ONLY_ATTACK_UNCERTAINTY_UNQUANTIFIED,,INDETERMINATE_UNQUANTIFIED_ATTACK_AND_REFERENCE_UNCERTAINTY,NEGATIVE,11.609977324263038,NEW_000,c7efaf8d2029ed140d67b7cbfff1c23fd33e0ffcae18f285566266c063f78e1c,NEW_000_ADTOF_35_11,32.94784580498877,UNCONSTRAINED_NEW_000_150,UNCONSTRAINED_NEW_000_145,TRIO_CONDITIONED_NEW_000_134,,
F_MIX_00060,M1,True,11.447437641723356,UNKNOWN,True,31,11.377777777777778,69.65986394557788,161.49902343750054,UNKNOWN,SOURCE_NEUTRAL_NATIVE_MARKER,NUMERICAL_MARKER_ONLY_ATTACK_UNCERTAINTY_UNQUANTIFIED,,INDETERMINATE_UNQUANTIFIED_ATTACK_AND_REFERENCE_UNCERTAINTY,POSITIVE,11.609977324263038,NEW_000,c7efaf8d2029ed140d67b7cbfff1c23fd33e0ffcae18f285566266c063f78e1c,NEW_000_ADTOF_35_11,137.4376417233556,UNCONSTRAINED_NEW_000_150,UNCONSTRAINED_NEW_000_145,TRIO_CONDITIONED_NEW_000_134,,
F_MIX_00061,M1,True,11.679637188208616,DRUM_SUPPORTED,True,32,11.749297052154194,-69.65986394557788,161.49902343750054,PROVISIONAL_QUALIFIED_EVIDENCE,SOURCE_ASSOCIATED_NATIVE_MARKER,NUMERICAL_MARKER_ONLY_ATTACK_UNCERTAINTY_UNQUANTIFIED,,INDETERMINATE_UNQUANTIFIED_ATTACK_AND_REFERENCE_UNCERTAINTY,NEGATIVE,11.609977324263038,NEW_000,c7efaf8d2029ed140d67b7cbfff1c23fd33e0ffcae18f285566266c063f78e1c,NEW_000_ADTOF_38_21,120.36281179138442,UNCONSTRAINED_NEW_000_150,UNCONSTRAINED_NEW_000_151,TRIO_CONDITIONED_NEW_000_136,,
F_MIX_00062,M1,True,11.72607709750567,DRUM_SUPPORTED,True,32,11.749297052154194,-23.219954648524777,161.49902343750054,PROVISIONAL_QUALIFIED_EVIDENCE,SOURCE_ASSOCIATED_NATIVE_MARKER,NUMERICAL_MARKER_ONLY_ATTACK_UNCERTAINTY_UNQUANTIFIED,,INDETERMINATE_UNQUANTIFIED_ATTACK_AND_REFERENCE_UNCERTAINTY,NEGATIVE,11.609977324263038,NEW_000,c7efaf8d2029ed140d67b7cbfff1c23fd33e0ffcae18f285566266c063f78e1c,NEW_000_ADTOF_38_21,73.92290249433131,UNCONSTRAINED_NEW_000_150,UNCONSTRAINED_NEW_000_152,TRIO_CONDITIONED_NEW_000_137,,
F_MIX_00063,M1,True,11.77251700680272,DRUM_SUPPORTED,True,32,11.749297052154194,23.219954648526553,161.49902343749977,PROVISIONAL_QUALIFIED_EVIDENCE,SOURCE_ASSOCIATED_NATIVE_MARKER,NUMERICAL_MARKER_ONLY_ATTACK_UNCERTAINTY_UNQUANTIFIED,,INDETERMINATE_UNQUANTIFIED_ATTACK_AND_REFERENCE_UNCERTAINTY,POSITIVE,11.609977324263038,NEW_000,c7efaf8d2029ed140d67b7cbfff1c23fd33e0ffcae18f285566266c063f78e1c,NEW_000_ADTOF_38_21,27.48299319727998,UNCONSTRAINED_NEW_000_150,UNCONSTRAINED_NEW_000_154,TRIO_CONDITIONED_NEW_000_139,,
F_MIX_00064,M1,True,11.818956916099774,DRUM_SUPPORTED,True,32,11.749297052154194,69.65986394557966,161.49902343749977,PROVISIONAL_QUALIFIED_EVIDENCE,SOURCE_ASSOCIATED_NATIVE_MARKER,NUMERICAL_MARKER_ONLY_ATTACK_UNCERTAINTY_UNQUANTIFIED,,INDETERMINATE_UNQUANTIFIED_ATTACK_AND_REFERENCE_UNCERTAINTY,POSITIVE,11.609977324263038,NEW_000,c7efaf8d2029ed140d67b7cbfff1c23fd33e0ffcae18f285566266c063f78e1c,NEW_000_ADTOF_38_21,18.956916099773125,UNCONSTRAINED_NEW_000_159,UNCONSTRAINED_NEW_000_154,TRIO_CONDITIONED_NEW_000_139,,
F_MIX_00065,M1,True,12.07437641723356,UNKNOWN,True,33,12.120816326530612,-46.43990929705133,161.49902343749977,UNKNOWN,SOURCE_NEUTRAL_NATIVE_MARKER,NUMERICAL_MARKER_ONLY_ATTACK_UNCERTAINTY_UNQUANTIFIED,,INDETERMINATE_UNQUANTIFIED_ATTACK_AND_REFERENCE_UNCERTAINTY,NEGATIVE,11.609977324263038,NEW_000,c7efaf8d2029ed140d67b7cbfff1c23fd33e0ffcae18f285566266c063f78e1c,NEW_000_ADTOF_35_12,75.62358276643977,UNCONSTRAINED_NEW_000_159,UNCONSTRAINED_NEW_000_156,TRIO_CONDITIONED_NEW_000_146,,
F_MIX_00066,M1,True,12.144036281179138,BASS_AND_DRUM_SUPPORTED,True,33,12.120816326530612,23.219954648526553,161.49902343749977,PROVISIONAL_QUALIFIED_EVIDENCE,SOURCE_ASSOCIATED_NATIVE_MARKER,NUMERICAL_MARKER_ONLY_ATTACK_UNCERTAINTY_UNQUANTIFIED,,INDETERMINATE_UNQUANTIFIED_ATTACK_AND_REFERENCE_UNCERTAINTY,POSITIVE,11.609977324263038,NEW_000,c7efaf8d2029ed140d67b7cbfff1c23fd33e0ffcae18f285566266c063f78e1c,NEW_000_ADTOF_35_12,5.963718820861885,UNCONSTRAINED_NEW_000_159,UNCONSTRAINED_NEW_000_161,TRIO_CONDITIONED_NEW_000_146,BASS_00025,
F_MIX_00067,M1,True,12.527165532879819,BASS_AND_DRUM_SUPPORTED,True,34,12.49233560090703,34.82993197278894,161.49902343749977,PROVISIONAL_QUALIFIED_EVIDENCE,SOURCE_ASSOCIATED_NATIVE_MARKER,NUMERICAL_MARKER_ONLY_ATTACK_UNCERTAINTY_UNQUANTIFIED,,INDETERMINATE_UNQUANTIFIED_ATTACK_AND_REFERENCE_UNCERTAINTY,POSITIVE,11.609977324263038,NEW_000,c7efaf8d2029ed140d67b7cbfff1c23fd33e0ffcae18f285566266c063f78e1c,NEW_000_ADTOF_35_13,7.165532879819025,UNCONSTRAINED_NEW_000_164,UNCONSTRAINED_NEW_000_166,TRIO_CONDITIONED_NEW_000_152,BASS_00026,
F_MIX_00068,M1,True,12.910294784580499,DRUM_SUPPORTED,True,35,12.863854875283447,46.43990929705133,161.49902343750054,PROVISIONAL_QUALIFIED_EVIDENCE,SOURCE_ASSOCIATED_NATIVE_MARKER,NUMERICAL_MARKER_ONLY_ATTACK_UNCERTAINTY_UNQUANTIFIED,,INDETERMINATE_UNQUANTIFIED_ATTACK_AND_REFERENCE_UNCERTAINTY,POSITIVE,11.609977324263038,NEW_000,c7efaf8d2029ed140d67b7cbfff1c23fd33e0ffcae18f285566266c063f78e1c,NEW_000_ADTOF_38_23,20.29478458049816,UNCONSTRAINED_NEW_000_171,UNCONSTRAINED_NEW_000_169,TRIO_CONDITIONED_NEW_000_155,,
F_MIX_00069,M1,True,13.165714285714285,BASS_AND_DRUM_SUPPORTED,True,36,13.235374149659863,-69.65986394557788,161.49902343750054,PROVISIONAL_QUALIFIED_EVIDENCE,SOURCE_ASSOCIATED_NATIVE_MARKER,NUMERICAL_MARKER_ONLY_ATTACK_UNCERTAINTY_UNQUANTIFIED,,INDETERMINATE_UNQUANTIFIED_ATTACK_AND_REFERENCE_UNCERTAINTY,NEGATIVE,11.609977324263038,NEW_000,c7efaf8d2029ed140d67b7cbfff1c23fd33e0ffcae18f285566266c063f78e1c,NEW_000_ADTOF_35_14,15.714285714285126,UNCONSTRAINED_NEW_000_171,UNCONSTRAINED_NEW_000_172,TRIO_CONDITIONED_NEW_000_159,BASS_00027,
F_MIX_00070,M1,True,13.25859410430839,DRUM_SUPPORTED,True,36,13.235374149659863,23.219954648526553,161.49902343749977,PROVISIONAL_QUALIFIED_EVIDENCE,SOURCE_ASSOCIATED_NATIVE_MARKER,NUMERICAL_MARKER_ONLY_ATTACK_UNCERTAINTY_UNQUANTIFIED,,INDETERMINATE_UNQUANTIFIED_ATTACK_AND_REFERENCE_UNCERTAINTY,POSITIVE,11.609977324263038,NEW_000,c7efaf8d2029ed140d67b7cbfff1c23fd33e0ffcae18f285566266c063f78e1c,NEW_000_ADTOF_35_15,18.594104308389703,UNCONSTRAINED_NEW_000_174,UNCONSTRAINED_NEW_000_175,TRIO_CONDITIONED_NEW_000_162,,
F_MIX_00071,M1,True,13.40952380952381,UNKNOWN,True,36,13.235374149659863,174.14965986394648,161.49902343749977,UNKNOWN,SOURCE_NEUTRAL_NATIVE_MARKER,NUMERICAL_MARKER_ONLY_ATTACK_UNCERTAINTY_UNQUANTIFIED,,INDETERMINATE_UNQUANTIFIED_ATTACK_AND_REFERENCE_UNCERTAINTY,POSITIVE,11.609977324263038,NEW_000,c7efaf8d2029ed140d67b7cbfff1c23fd33e0ffcae18f285566266c063f78e1c,NEW_000_ADTOF_38_25,100.47619047618994,UNCONSTRAINED_NEW_000_174,UNCONSTRAINED_NEW_000_177,TRIO_CONDITIONED_NEW_000_163,,
F_MIX_00072,M1,True,13.525623582766439,DRUM_SUPPORTED,True,37,13.606893424036281,-81.26984126984205,161.49902343749977,PROVISIONAL_QUALIFIED_EVIDENCE,SOURCE_ASSOCIATED_NATIVE_MARKER,NUMERICAL_MARKER_ONLY_ATTACK_UNCERTAINTY_UNQUANTIFIED,,INDETERMINATE_UNQUANTIFIED_ATTACK_AND_REFERENCE_UNCERTAINTY,NEGATIVE,11.609977324263038,NEW_000,c7efaf8d2029ed140d67b7cbfff1c23fd33e0ffcae18f285566266c063f78e1c,NEW_000_ADTOF_38_25,15.62358276643927,UNCONSTRAINED_NEW_000_174,UNCONSTRAINED_NEW_000_177,TRIO_CONDITIONED_NEW_000_165,,
F_MIX_00073,M1,True,13.64172335600907,DRUM_SUPPORTED,True,37,13.606893424036281,34.82993197278894,172.26562499999997,PROVISIONAL_QUALIFIED_EVIDENCE,SOURCE_ASSOCIATED_NATIVE_MARKER,NUMERICAL_MARKER_ONLY_ATTACK_UNCERTAINTY_UNQUANTIFIED,,INDETERMINATE_UNQUANTIFIED_ATTACK_AND_REFERENCE_UNCERTAINTY,POSITIVE,11.609977324263038,NEW_000,c7efaf8d2029ed140d67b7cbfff1c23fd33e0ffcae18f285566266c063f78e1c,NEW_000_ADTOF_42_34,21.723356009070827,UNCONSTRAINED_NEW_000_185,UNCONSTRAINED_NEW_000_179,TRIO_CONDITIONED_NEW_000_165,,
F_MIX_00074,M1,True,13.908752834467121,UNKNOWN,True,38,13.955192743764172,-46.43990929705133,172.26562499999997,UNKNOWN,SOURCE_NEUTRAL_NATIVE_MARKER,NUMERICAL_MARKER_ONLY_ATTACK_UNCERTAINTY_UNQUANTIFIED,,INDETERMINATE_UNQUANTIFIED_ATTACK_AND_REFERENCE_UNCERTAINTY,NEGATIVE,11.609977324263038,NEW_000,c7efaf8d2029ed140d67b7cbfff1c23fd33e0ffcae18f285566266c063f78e1c,NEW_000_ADTOF_35_16,71.24716553287946,UNCONSTRAINED_NEW_000_185,UNCONSTRAINED_NEW_000_181,TRIO_CONDITIONED_NEW_000_168,,
F_MIX_00075,M1,True,14.001632653061224,BASS_AND_DRUM_SUPPORTED,True,38,13.955192743764172,46.43990929705133,161.49902343749977,PROVISIONAL_QUALIFIED_EVIDENCE,SOURCE_ASSOCIATED_NATIVE_MARKER,NUMERICAL_MARKER_ONLY_ATTACK_UNCERTAINTY_UNQUANTIFIED,,INDETERMINATE_UNQUANTIFIED_ATTACK_AND_REFERENCE_UNCERTAINTY,POSITIVE,11.609977324263038,NEW_000,c7efaf8d2029ed140d67b7cbfff1c23fd33e0ffcae18f285566266c063f78e1c,NEW_000_ADTOF_35_16,21.632653061223195,UNCONSTRAINED_NEW_000_185,UNCONSTRAINED_NEW_000_186,TRIO_CONDITIONED_NEW_000_172,BASS_00028,
F_MIX_00076,M1,True,14.373151927437641,DRUM_SUPPORTED,True,39,14.32671201814059,46.43990929705133,161.49902343750054,PROVISIONAL_QUALIFIED_EVIDENCE,SOURCE_ASSOCIATED_NATIVE_MARKER,NUMERICAL_MARKER_ONLY_ATTACK_UNCERTAINTY_UNQUANTIFIED,,INDETERMINATE_UNQUANTIFIED_ATTACK_AND_REFERENCE_UNCERTAINTY,POSITIVE,11.609977324263038,NEW_000,c7efaf8d2029ed140d67b7cbfff1c23fd33e0ffcae18f285566266c063f78e1c,NEW_000_ADTOF_38_27,13.15192743764193,UNCONSTRAINED_NEW_000_191,UNCONSTRAINED_NEW_000_189,TRIO_CONDITIONED_NEW_000_175,,
F_MIX_00077,M1,True,14.55891156462585,UNKNOWN,True,40,14.698231292517006,-139.31972789115576,161.49902343750054,UNKNOWN,SOURCE_NEUTRAL_NATIVE_MARKER,NUMERICAL_MARKER_ONLY_ATTACK_UNCERTAINTY_UNQUANTIFIED,,INDETERMINATE_UNQUANTIFIED_ATTACK_AND_REFERENCE_UNCERTAINTY,NEGATIVE,11.609977324263038,NEW_000,c7efaf8d2029ed140d67b7cbfff1c23fd33e0ffcae18f285566266c063f78e1c,NEW_000_ADTOF_42_37,161.0884353741504,UNCONSTRAINED_NEW_000_191,UNCONSTRAINED_NEW_000_190,TRIO_CONDITIONED_NEW_000_177,,
F_MIX_00078,M1,True,14.733061224489797,DRUM_SUPPORTED,True,40,14.698231292517006,34.82993197279072,161.49902343749977,PROVISIONAL_QUALIFIED_EVIDENCE,SOURCE_ASSOCIATED_NATIVE_MARKER,NUMERICAL_MARKER_ONLY_ATTACK_UNCERTAINTY_UNQUANTIFIED,,INDETERMINATE_UNQUANTIFIED_ATTACK_AND_REFERENCE_UNCERTAINTY,POSITIVE,11.609977324263038,NEW_000,c7efaf8d2029ed140d67b7cbfff1c23fd33e0ffcae18f285566266c063f78e1c,NEW_000_ADTOF_42_37,13.061224489796075,UNCONSTRAINED_NEW_000_191,UNCONSTRAINED_NEW_000_192,TRIO_CONDITIONED_NEW_000_181,,
F_MIX_00079,M1,True,14.872380952380952,UNKNOWN,True,40,14.698231292517006,174.14965986394648,161.49902343749977,UNKNOWN,SOURCE_NEUTRAL_NATIVE_MARKER,NUMERICAL_MARKER_ONLY_ATTACK_UNCERTAINTY_UNQUANTIFIED,,INDETERMINATE_UNQUANTIFIED_ATTACK_AND_REFERENCE_UNCERTAINTY,POSITIVE,11.609977324263038,NEW_000,c7efaf8d2029ed140d67b7cbfff1c23fd33e0ffcae18f285566266c063f78e1c,NEW_000_ADTOF_42_37,152.38095238095184,UNCONSTRAINED_NEW_000_193,UNCONSTRAINED_NEW_000_192,TRIO_CONDITIONED_NEW_000_181,BASS_00029,
F_MIX_00080,M1,True,14.965260770975057,UNKNOWN,True,41,15.069750566893424,-104.48979591836682,161.49902343749977,UNKNOWN,SOURCE_NEUTRAL_NATIVE_MARKER,NUMERICAL_MARKER_ONLY_ATTACK_UNCERTAINTY_UNQUANTIFIED,,INDETERMINATE_UNQUANTIFIED_ATTACK_AND_REFERENCE_UNCERTAINTY,NEGATIVE,11.609977324263038,NEW_000,c7efaf8d2029ed140d67b7cbfff1c23fd33e0ffcae18f285566266c063f78e1c,NEW_000_ADTOF_38_28,94.73922902494358,UNCONSTRAINED_NEW_000_193,UNCONSTRAINED_NEW_000_196,TRIO_CONDITIONED_NEW_000_188,,
F_MIX_00081,M1,True,15.069750566893424,BASS_AND_DRUM_SUPPORTED,True,41,15.069750566893424,0.0,161.49902343749977,PROVISIONAL_QUALIFIED_EVIDENCE,SOURCE_ASSOCIATED_NATIVE_MARKER,NUMERICAL_MARKER_ONLY_ATTACK_UNCERTAINTY_UNQUANTIFIED,,INDETERMINATE_UNQUANTIFIED_ATTACK_AND_REFERENCE_UNCERTAINTY,ZERO,11.609977324263038,NEW_001,c7efaf8d2029ed140d67b7cbfff1c23fd33e0ffcae18f285566266c063f78e1c,NEW_001_ADTOF_35_0,9.75056689342324,UNCONSTRAINED_NEW_001_8,UNCONSTRAINED_NEW_001_9,TRIO_CONDITIONED_NEW_001_8,BASS_00030,
F_MIX_00082,M1,True,15.104580498866213,UNKNOWN,True,41,15.069750566893424,34.82993197278894,161.49902343749977,UNKNOWN,SOURCE_NEUTRAL_NATIVE_MARKER,NUMERICAL_MARKER_ONLY_ATTACK_UNCERTAINTY_UNQUANTIFIED,,INDETERMINATE_UNQUANTIFIED_ATTACK_AND_REFERENCE_UNCERTAINTY,POSITIVE,11.609977324263038,NEW_001,c7efaf8d2029ed140d67b7cbfff1c23fd33e0ffcae18f285566266c063f78e1c,NEW_001_ADTOF_35_0,44.58049886621218,UNCONSTRAINED_NEW_001_8,UNCONSTRAINED_NEW_001_9,TRIO_CONDITIONED_NEW_001_8,,
F_MIX_00083,M1,True,15.464489795918368,BASS_AND_DRUM_SUPPORTED,True,42,15.441269841269841,23.219954648526553,172.26562499999997,PROVISIONAL_QUALIFIED_EVIDENCE,SOURCE_ASSOCIATED_NATIVE_MARKER,NUMERICAL_MARKER_ONLY_ATTACK_UNCERTAINTY_UNQUANTIFIED,,INDETERMINATE_UNQUANTIFIED_ATTACK_AND_REFERENCE_UNCERTAINTY,POSITIVE,11.609977324263038,NEW_001,c7efaf8d2029ed140d67b7cbfff1c23fd33e0ffcae18f285566266c063f78e1c,NEW_001_ADTOF_35_1,24.48979591836853,UNCONSTRAINED_NEW_001_16,UNCONSTRAINED_NEW_001_17,TRIO_CONDITIONED_NEW_001_14,BASS_00031,
F_MIX_00084,M1,True,15.731519274376417,UNKNOWN,True,43,15.789569160997733,-58.049886621315494,172.26562499999997,UNKNOWN,SOURCE_NEUTRAL_NATIVE_MARKER,NUMERICAL_MARKER_ONLY_ATTACK_UNCERTAINTY_UNQUANTIFIED,,INDETERMINATE_UNQUANTIFIED_ATTACK_AND_REFERENCE_UNCERTAINTY,NEGATIVE,11.609977324263038,NEW_001,c7efaf8d2029ed140d67b7cbfff1c23fd33e0ffcae18f285566266c063f78e1c,NEW_001_ADTOF_42_1,78.48072562358333,UNCONSTRAINED_NEW_001_16,UNCONSTRAINED_NEW_001_21,TRIO_CONDITIONED_NEW_001_18,,
F_MIX_00085,M1,True,15.824399092970522,DRUM_SUPPORTED,True,43,15.789569160997733,34.82993197278894,161.49902343749977,PROVISIONAL_QUALIFIED_EVIDENCE,SOURCE_ASSOCIATED_NATIVE_MARKER,NUMERICAL_MARKER_ONLY_ATTACK_UNCERTAINTY_UNQUANTIFIED,,INDETERMINATE_UNQUANTIFIED_ATTACK_AND_REFERENCE_UNCERTAINTY,POSITIVE,11.609977324263038,NEW_001,c7efaf8d2029ed140d67b7cbfff1c23fd33e0ffcae18f285566266c063f78e1c,NEW_001_ADTOF_42_1,14.39909297052111,UNCONSTRAINED_NEW_001_25,UNCONSTRAINED_NEW_001_21,TRIO_CONDITIONED_NEW_001_18,,
F_MIX_00086,M1,True,16.04498866213152,UNKNOWN,True,44,16.16108843537415,-116.09977324263099,161.49902343749977,UNKNOWN,SOURCE_NEUTRAL_NATIVE_MARKER,NUMERICAL_MARKER_ONLY_ATTACK_UNCERTAINTY_UNQUANTIFIED,,INDETERMINATE_UNQUANTIFIED_ATTACK_AND_REFERENCE_UNCERTAINTY,NEGATIVE,11.609977324263038,NEW_001,c7efaf8d2029ed140d67b7cbfff1c23fd33e0ffcae18f285566266c063f78e1c,NEW_001_ADTOF_42_1,234.98866213151894,UNCONSTRAINED_NEW_001_25,UNCONSTRAINED_NEW_001_22,TRIO_CONDITIONED_NEW_001_19,,
F_MIX_00087,M1,True,16.195918367346938,BASS_AND_DRUM_SUPPORTED,True,44,16.16108843537415,34.829931972787165,161.49902343749977,PROVISIONAL_QUALIFIED_EVIDENCE,SOURCE_ASSOCIATED_NATIVE_MARKER,NUMERICAL_MARKER_ONLY_ATTACK_UNCERTAINTY_UNQUANTIFIED,,INDETERMINATE_UNQUANTIFIED_ATTACK_AND_REFERENCE_UNCERTAINTY,POSITIVE,11.609977324263038,NEW_001,c7efaf8d2029ed140d67b7cbfff1c23fd33e0ffcae18f285566266c063f78e1c,NEW_001_ADTOF_38_1,344.08163265306155,UNCONSTRAINED_NEW_001_25,UNCONSTRAINED_NEW_001_26,TRIO_CONDITIONED_NEW_001_22,BASS_00032,
F_MIX_00088,M1,True,16.555827664399093,DRUM_SUPPORTED,True,45,16.532607709750568,23.219954648524777,161.49902343749977,PROVISIONAL_QUALIFIED_EVIDENCE,SOURCE_ASSOCIATED_NATIVE_MARKER,NUMERICAL_MARKER_ONLY_ATTACK_UNCERTAINTY_UNQUANTIFIED,,INDETERMINATE_UNQUANTIFIED_ATTACK_AND_REFERENCE_UNCERTAINTY,POSITIVE,11.609977324263038,NEW_001,c7efaf8d2029ed140d67b7cbfff1c23fd33e0ffcae18f285566266c063f78e1c,NEW_001_ADTOF_38_1,15.827664399093777,UNCONSTRAINED_NEW_001_25,UNCONSTRAINED_NEW_001_28,TRIO_CONDITIONED_NEW_001_24,,
F_MIX_00089,M1,True,16.834467120181404,UNKNOWN,True,46,16.904126984126986,-69.65986394558144,161.49902343749977,UNKNOWN,SOURCE_NEUTRAL_NATIVE_MARKER,NUMERICAL_MARKER_ONLY_ATTACK_UNCERTAINTY_UNQUANTIFIED,,INDETERMINATE_UNQUANTIFIED_ATTACK_AND_REFERENCE_UNCERTAINTY,NEGATIVE,11.609977324263038,NEW_001,c7efaf8d2029ed140d67b7cbfff1c23fd33e0ffcae18f285566266c063f78e1c,NEW_001_ADTOF_35_2,95.53287981859526,UNCONSTRAINED_NEW_001_33,UNCONSTRAINED_NEW_001_30,TRIO_CONDITIONED_NEW_001_26,,
F_MIX_00090,M1,True,16.938956916099773,BASS_AND_DRUM_SUPPORTED,True,46,16.904126984126986,34.829931972787165,161.49902343750134,PROVISIONAL_QUALIFIED_EVIDENCE,SOURCE_ASSOCIATED_NATIVE_MARKER,NUMERICAL_MARKER_ONLY_ATTACK_UNCERTAINTY_UNQUANTIFIED,,INDETERMINATE_UNQUANTIFIED_ATTACK_AND_REFERENCE_UNCERTAINTY,POSITIVE,11.609977324263038,NEW_001,c7efaf8d2029ed140d67b7cbfff1c23fd33e0ffcae18f285566266c063f78e1c,NEW_001_ADTOF_35_2,8.956916099773338,UNCONSTRAINED_NEW_001_33,UNCONSTRAINED_NEW_001_34,TRIO_CONDITIONED_NEW_001_29,BASS_00033,
F_MIX_00091,M1,True,17.29886621315193,DRUM_SUPPORTED,True,47,17.2756462585034,23.21995464852833,161.49902343749977,PROVISIONAL_QUALIFIED_EVIDENCE,SOURCE_ASSOCIATED_NATIVE_MARKER,NUMERICAL_MARKER_ONLY_ATTACK_UNCERTAINTY_UNQUANTIFIED,,INDETERMINATE_UNQUANTIFIED_ATTACK_AND_REFERENCE_UNCERTAINTY,POSITIVE,11.609977324263038,NEW_001,c7efaf8d2029ed140d67b7cbfff1c23fd33e0ffcae18f285566266c063f78e1c,NEW_001_ADTOF_42_4,8.866213151929259,UNCONSTRAINED_NEW_001_33,UNCONSTRAINED_NEW_001_35,TRIO_CONDITIONED_NEW_001_30,,
F_MIX_00092,M1,True,17.438185941043084,UNKNOWN,True,47,17.2756462585034,162.5396825396841,161.49902343749977,UNKNOWN,SOURCE_NEUTRAL_NATIVE_MARKER,NUMERICAL_MARKER_ONLY_ATTACK_UNCERTAINTY_UNQUANTIFIED,,INDETERMINATE_UNQUANTIFIED_ATTACK_AND_REFERENCE_UNCERTAINTY,POSITIVE,11.609977324263038,NEW_001,c7efaf8d2029ed140d67b7cbfff1c23fd33e0ffcae18f285566266c063f78e1c,NEW_001_ADTOF_42_4,148.18594104308502,UNCONSTRAINED_NEW_001_44,UNCONSTRAINED_NEW_001_39,TRIO_CONDITIONED_NEW_001_33,BASS_00034,
F_MIX_00093,M1,True,17.565895691609978,DRUM_SUPPORTED,True,48,17.647165532879818,-81.26984126984027,161.49902343749977,PROVISIONAL_QUALIFIED_EVIDENCE,SOURCE_ASSOCIATED_NATIVE_MARKER,NUMERICAL_MARKER_ONLY_ATTACK_UNCERTAINTY_UNQUANTIFIED,,INDETERMINATE_UNQUANTIFIED_ATTACK_AND_REFERENCE_UNCERTAINTY,NEGATIVE,11.609977324263038,NEW_001,c7efaf8d2029ed140d67b7cbfff1c23fd33e0ffcae18f285566266c063f78e1c,NEW_001_ADTOF_42_4,275.89569160997837,UNCONSTRAINED_NEW_001_44,UNCONSTRAINED_NEW_001_39,TRIO_CONDITIONED_NEW_001_33,,
F_MIX_00094,M1,True,17.670385487528346,BASS_AND_DRUM_SUPPORTED,True,48,17.647165532879818,23.21995464852833,161.49902343749977,PROVISIONAL_QUALIFIED_EVIDENCE,SOURCE_ASSOCIATED_NATIVE_MARKER,NUMERICAL_MARKER_ONLY_ATTACK_UNCERTAINTY_UNQUANTIFIED,,INDETERMINATE_UNQUANTIFIED_ATTACK_AND_REFERENCE_UNCERTAINTY,POSITIVE,11.609977324263038,NEW_001,c7efaf8d2029ed140d67b7cbfff1c23fd33e0ffcae18f285566266c063f78e1c,NEW_001_ADTOF_38_3,249.61451247165556,UNCONSTRAINED_NEW_001_44,UNCONSTRAINED_NEW_001_45,TRIO_CONDITIONED_NEW_001_38,BASS_00035,
F_MIX_00095,M1,True,17.716825396825396,UNKNOWN,True,48,17.647165532879818,69.65986394557788,161.49902343749977,UNKNOWN,SOURCE_NEUTRAL_NATIVE_MARKER,NUMERICAL_MARKER_ONLY_ATTACK_UNCERTAINTY_UNQUANTIFIED,,INDETERMINATE_UNQUANTIFIED_ATTACK_AND_REFERENCE_UNCERTAINTY,POSITIVE,11.609977324263038,NEW_001,c7efaf8d2029ed140d67b7cbfff1c23fd33e0ffcae18f285566266c063f78e1c,NEW_001_ADTOF_38_3,203.174603174606,UNCONSTRAINED_NEW_001_44,UNCONSTRAINED_NEW_001_45,TRIO_CONDITIONED_NEW_001_38,,
F_MIX_00096,M1,True,17.925804988662133,DRUM_SUPPORTED,True,49,18.018684807256236,-92.87981859410266,161.49902343749977,PROVISIONAL_QUALIFIED_EVIDENCE,SOURCE_ASSOCIATED_NATIVE_MARKER,NUMERICAL_MARKER_ONLY_ATTACK_UNCERTAINTY_UNQUANTIFIED,,INDETERMINATE_UNQUANTIFIED_ATTACK_AND_REFERENCE_UNCERTAINTY,NEGATIVE,11.609977324263038,NEW_001,c7efaf8d2029ed140d67b7cbfff1c23fd33e0ffcae18f285566266c063f78e1c,NEW_001_ADTOF_38_3,5.804988662131194,UNCONSTRAINED_NEW_001_48,UNCONSTRAINED_NEW_001_49,TRIO_CONDITIONED_NEW_001_43,BASS_00037,
F_MIX_00097,M1,True,18.04190476190476,DRUM_SUPPORTED,True,49,18.018684807256236,23.219954648524777,161.49902343749977,PROVISIONAL_QUALIFIED_EVIDENCE,SOURCE_ASSOCIATED_NATIVE_MARKER,NUMERICAL_MARKER_ONLY_ATTACK_UNCERTAINTY_UNQUANTIFIED,,INDETERMINATE_UNQUANTIFIED_ATTACK_AND_REFERENCE_UNCERTAINTY,POSITIVE,11.609977324263038,NEW_001,c7efaf8d2029ed140d67b7cbfff1c23fd33e0ffcae18f285566266c063f78e1c,NEW_001_ADTOF_42_5,21.90476190476076,UNCONSTRAINED_NEW_001_48,UNCONSTRAINED_NEW_001_51,TRIO_CONDITIONED_NEW_001_45,,
F_MIX_00098,M1,True,18.297324263038547,UNKNOWN,True,50,18.390204081632653,-92.87981859410621,161.49902343749977,UNKNOWN,SOURCE_NEUTRAL_NATIVE_MARKER,NUMERICAL_MARKER_ONLY_ATTACK_UNCERTAINTY_UNQUANTIFIED,,INDETERMINATE_UNQUANTIFIED_ATTACK_AND_REFERENCE_UNCERTAINTY,NEGATIVE,11.609977324263038,NEW_001,c7efaf8d2029ed140d67b7cbfff1c23fd33e0ffcae18f285566266c063f78e1c,NEW_001_ADTOF_42_5,277.32426303854754,UNCONSTRAINED_NEW_001_60,UNCONSTRAINED_NEW_001_55,TRIO_CONDITIONED_NEW_001_49,BASS_00038,
F_MIX_00099,M1,True,18.332154195011338,UNKNOWN,True,50,18.390204081632653,-58.049886621315494,161.49902343749977,UNKNOWN,SOURCE_NEUTRAL_NATIVE_MARKER,NUMERICAL_MARKER_ONLY_ATTACK_UNCERTAINTY_UNQUANTIFIED,,INDETERMINATE_UNQUANTIFIED_ATTACK_AND_REFERENCE_UNCERTAINTY,NEGATIVE,11.609977324263038,NEW_001,c7efaf8d2029ed140d67b7cbfff1c23fd33e0ffcae18f285566266c063f78e1c,NEW_001_ADTOF_42_5,312.15419501133823,UNCONSTRAINED_NEW_001_60,UNCONSTRAINED_NEW_001_55,TRIO_CONDITIONED_NEW_001_49,,
F_MIX_00100,M1,True,18.401814058956916,DRUM_SUPPORTED,True,50,18.390204081632653,11.609977324262388,161.49902343749977,PROVISIONAL_QUALIFIED_EVIDENCE,SOURCE_ASSOCIATED_NATIVE_MARKER,NUMERICAL_MARKER_ONLY_ATTACK_UNCERTAINTY_UNQUANTIFIED,,INDETERMINATE_UNQUANTIFIED_ATTACK_AND_REFERENCE_UNCERTAINTY,POSITIVE,11.609977324263038,NEW_001,c7efaf8d2029ed140d67b7cbfff1c23fd33e0ffcae18f285566266c063f78e1c,NEW_001_ADTOF_42_6,368.18594104308386,UNCONSTRAINED_NEW_001_60,UNCONSTRAINED_NEW_001_61,TRIO_CONDITIONED_NEW_001_52,,
F_MIX_00101,M1,True,18.657233560090702,UNKNOWN,True,51,18.76172335600907,-104.4897959183686,161.49902343749977,UNKNOWN,SOURCE_NEUTRAL_NATIVE_MARKER,NUMERICAL_MARKER_ONLY_ATTACK_UNCERTAINTY_UNQUANTIFIED,,INDETERMINATE_UNQUANTIFIED_ATTACK_AND_REFERENCE_UNCERTAINTY,NEGATIVE,11.609977324263038,NEW_001,c7efaf8d2029ed140d67b7cbfff1c23fd33e0ffcae18f285566266c063f78e1c,NEW_001_ADTOF_42_6,112.76643990929713,UNCONSTRAINED_NEW_001_60,UNCONSTRAINED_NEW_001_64,TRIO_CONDITIONED_NEW_001_55,,
F_MIX_00102,M1,True,18.784943310657596,DRUM_SUPPORTED,True,51,18.76172335600907,23.219954648524777,172.26562500000085,PROVISIONAL_QUALIFIED_EVIDENCE,SOURCE_ASSOCIATED_NATIVE_MARKER,NUMERICAL_MARKER_ONLY_ATTACK_UNCERTAINTY_UNQUANTIFIED,,INDETERMINATE_UNQUANTIFIED_ATTACK_AND_REFERENCE_UNCERTAINTY,POSITIVE,11.609977324263038,NEW_001,c7efaf8d2029ed140d67b7cbfff1c23fd33e0ffcae18f285566266c063f78e1c,NEW_001_ADTOF_42_6,14.943310657596243,UNCONSTRAINED_NEW_001_60,UNCONSTRAINED_NEW_001_64,TRIO_CONDITIONED_NEW_001_55,,
F_MIX_00103,M1,True,19.040362811791383,UNKNOWN,True,52,19.11002267573696,-69.65986394557788,172.26562500000085,UNKNOWN,SOURCE_NEUTRAL_NATIVE_MARKER,NUMERICAL_MARKER_ONLY_ATTACK_UNCERTAINTY_UNQUANTIFIED,,INDETERMINATE_UNQUANTIFIED_ATTACK_AND_REFERENCE_UNCERTAINTY,NEGATIVE,11.609977324263038,NEW_001,c7efaf8d2029ed140d67b7cbfff1c23fd33e0ffcae18f285566266c063f78e1c,NEW_001_ADTOF_42_7,99.637188208618,UNCONSTRAINED_NEW_001_70,UNCONSTRAINED_NEW_001_66,TRIO_CONDITIONED_NEW_001_58,,
F_MIX_00104,M1,True,19.156462585034014,BASS_AND_DRUM_SUPPORTED,True,52,19.11002267573696,46.439909297053106,161.49902343749977,PROVISIONAL_QUALIFIED_EVIDENCE,SOURCE_ASSOCIATED_NATIVE_MARKER,NUMERICAL_MARKER_ONLY_ATTACK_UNCERTAINTY_UNQUANTIFIED,,INDETERMINATE_UNQUANTIFIED_ATTACK_AND_REFERENCE_UNCERTAINTY,POSITIVE,11.609977324263038,NEW_001,c7efaf8d2029ed140d67b7cbfff1c23fd33e0ffcae18f285566266c063f78e1c,NEW_001_ADTOF_42_7,16.46258503401299,UNCONSTRAINED_NEW_001_70,UNCONSTRAINED_NEW_001_71,TRIO_CONDITIONED_NEW_001_61,BASS_00039,
F_MIX_00105,M1,True,19.504761904761907,DRUM_SUPPORTED,True,53,19.481541950113378,23.21995464852833,172.26562499999912,PROVISIONAL_QUALIFIED_EVIDENCE,SOURCE_ASSOCIATED_NATIVE_MARKER,NUMERICAL_MARKER_ONLY_ATTACK_UNCERTAINTY_UNQUANTIFIED,,INDETERMINATE_UNQUANTIFIED_ATTACK_AND_REFERENCE_UNCERTAINTY,POSITIVE,11.609977324263038,NEW_001,c7efaf8d2029ed140d67b7cbfff1c23fd33e0ffcae18f285566266c063f78e1c,NEW_001_ADTOF_42_8,14.761904761904532,UNCONSTRAINED_NEW_001_74,UNCONSTRAINED_NEW_001_71,TRIO_CONDITIONED_NEW_001_64,,
F_MIX_00106,M1,True,19.748571428571427,BASS_SUPPORTED,True,54,19.82984126984127,-81.26984126984382,172.26562499999912,PROVISIONAL_QUALIFIED_EVIDENCE,SOURCE_ASSOCIATED_NATIVE_MARKER,NUMERICAL_MARKER_ONLY_ATTACK_UNCERTAINTY_UNQUANTIFIED,,INDETERMINATE_UNQUANTIFIED_ATTACK_AND_REFERENCE_UNCERTAINTY,NEGATIVE,11.609977324263038,NEW_001,c7efaf8d2029ed140d67b7cbfff1c23fd33e0ffcae18f285566266c063f78e1c,NEW_001_ADTOF_42_9,101.42857142857409,UNCONSTRAINED_NEW_001_74,UNCONSTRAINED_NEW_001_77,TRIO_CONDITIONED_NEW_001_68,BASS_00040,
F_MIX_00107,M1,True,19.783401360544218,UNKNOWN,True,54,19.82984126984127,-46.439909297053106,172.26562499999912,UNKNOWN,SOURCE_NEUTRAL_NATIVE_MARKER,NUMERICAL_MARKER_ONLY_ATTACK_UNCERTAINTY_UNQUANTIFIED,,INDETERMINATE_UNQUANTIFIED_ATTACK_AND_REFERENCE_UNCERTAINTY,NEGATIVE,11.609977324263038,NEW_001,c7efaf8d2029ed140d67b7cbfff1c23fd33e0ffcae18f285566266c063f78e1c,NEW_001_ADTOF_42_9,66.59863945578337,UNCONSTRAINED_NEW_001_74,UNCONSTRAINED_NEW_001_77,TRIO_CONDITIONED_NEW_001_68,,
F_MIX_00108,M1,True,19.86467120181406,DRUM_SUPPORTED,True,54,19.82984126984127,34.829931972787165,161.49902343750134,PROVISIONAL_QUALIFIED_EVIDENCE,SOURCE_ASSOCIATED_NATIVE_MARKER,NUMERICAL_MARKER_ONLY_ATTACK_UNCERTAINTY_UNQUANTIFIED,,INDETERMINATE_UNQUANTIFIED_ATTACK_AND_REFERENCE_UNCERTAINTY,POSITIVE,11.609977324263038,NEW_001,c7efaf8d2029ed140d67b7cbfff1c23fd33e0ffcae18f285566266c063f78e1c,NEW_001_ADTOF_42_9,14.6712018140569,UNCONSTRAINED_NEW_001_76,UNCONSTRAINED_NEW_001_77,TRIO_CONDITIONED_NEW_001_68,,
F_MIX_00109,M1,True,20.131700680272107,UNKNOWN,True,55,20.201360544217685,-69.65986394557788,161.49902343750134,UNKNOWN,SOURCE_NEUTRAL_NATIVE_MARKER,NUMERICAL_MARKER_ONLY_ATTACK_UNCERTAINTY_UNQUANTIFIED,,INDETERMINATE_UNQUANTIFIED_ATTACK_AND_REFERENCE_UNCERTAINTY,NEGATIVE,11.609977324263038,NEW_001,c7efaf8d2029ed140d67b7cbfff1c23fd33e0ffcae18f285566266c063f78e1c,NEW_001_ADTOF_35_3,68.29931972789183,UNCONSTRAINED_NEW_001_81,UNCONSTRAINED_NEW_001_82,TRIO_CONDITIONED_NEW_001_70,,
F_MIX_00110,M1,True,20.21297052154195,BASS_AND_DRUM_SUPPORTED,True,55,20.201360544217685,11.609977324265941,172.26562499999912,PROVISIONAL_QUALIFIED_EVIDENCE,SOURCE_ASSOCIATED_NATIVE_MARKER,NUMERICAL_MARKER_ONLY_ATTACK_UNCERTAINTY_UNQUANTIFIED,,INDETERMINATE_UNQUANTIFIED_ATTACK_AND_REFERENCE_UNCERTAINTY,POSITIVE,11.609977324263038,NEW_001,c7efaf8d2029ed140d67b7cbfff1c23fd33e0ffcae18f285566266c063f78e1c,NEW_001_ADTOF_35_3,12.970521541951996,UNCONSTRAINED_NEW_001_81,UNCONSTRAINED_NEW_001_82,TRIO_CONDITIONED_NEW_001_73,BASS_00041,
F_MIX_00111,M1,True,20.468390022675738,DRUM_SUPPORTED,True,56,20.54965986394558,-81.26984126984027,172.26562499999912,PROVISIONAL_QUALIFIED_EVIDENCE,SOURCE_ASSOCIATED_NATIVE_MARKER,NUMERICAL_MARKER_ONLY_ATTACK_UNCERTAINTY_UNQUANTIFIED,,INDETERMINATE_UNQUANTIFIED_ATTACK_AND_REFERENCE_UNCERTAINTY,NEGATIVE,11.609977324263038,NEW_001,c7efaf8d2029ed140d67b7cbfff1c23fd33e0ffcae18f285566266c063f78e1c,NEW_001_ADTOF_38_6,28.39002267573676,UNCONSTRAINED_NEW_001_85,UNCONSTRAINED_NEW_001_83,TRIO_CONDITIONED_NEW_001_74,,
F_MIX_00112,M1,True,20.58448979591837,DRUM_SUPPORTED,True,56,20.54965986394558,34.82993197279072,172.26562500000085,PROVISIONAL_QUALIFIED_EVIDENCE,SOURCE_ASSOCIATED_NATIVE_MARKER,NUMERICAL_MARKER_ONLY_ATTACK_UNCERTAINTY_UNQUANTIFIED,,INDETERMINATE_UNQUANTIFIED_ATTACK_AND_REFERENCE_UNCERTAINTY,POSITIVE,11.609977324263038,NEW_001,c7efaf8d2029ed140d67b7cbfff1c23fd33e0ffcae18f285566266c063f78e1c,NEW_001_ADTOF_35_4,14.489795918368742,UNCONSTRAINED_NEW_001_85,UNCONSTRAINED_NEW_001_86,TRIO_CONDITIONED_NEW_001_77,,
F_MIX_00113,M1,True,20.839909297052156,DRUM_SUPPORTED,True,57,20.897959183673468,-58.04988662131194,172.26562500000085,PROVISIONAL_QUALIFIED_EVIDENCE,SOURCE_ASSOCIATED_NATIVE_MARKER,NUMERICAL_MARKER_ONLY_ATTACK_UNCERTAINTY_UNQUANTIFIED,,INDETERMINATE_UNQUANTIFIED_ATTACK_AND_REFERENCE_UNCERTAINTY,NEGATIVE,11.609977324263038,NEW_001,c7efaf8d2029ed140d67b7cbfff1c23fd33e0ffcae18f285566266c063f78e1c,NEW_001_ADTOF_38_7,9.909297052157484,UNCONSTRAINED_NEW_001_90,UNCONSTRAINED_NEW_001_87,TRIO_CONDITIONED_NEW_001_78,,
F_MIX_00114,M1,True,20.956009070294783,DRUM_SUPPORTED,True,57,20.897959183673468,58.049886621315494,172.26562499999912,PROVISIONAL_QUALIFIED_EVIDENCE,SOURCE_ASSOCIATED_NATIVE_MARKER,NUMERICAL_MARKER_ONLY_ATTACK_UNCERTAINTY_UNQUANTIFIED,,INDETERMINATE_UNQUANTIFIED_ATTACK_AND_REFERENCE_UNCERTAINTY,POSITIVE,11.609977324263038,NEW_001,c7efaf8d2029ed140d67b7cbfff1c23fd33e0ffcae18f285566266c063f78e1c,NEW_001_ADTOF_35_5,26.0090702947835,UNCONSTRAINED_NEW_001_90,UNCONSTRAINED_NEW_001_91,TRIO_CONDITIONED_NEW_001_83,,
F_MIX_00115,M1,True,21.223038548752836,UNKNOWN,True,58,21.24625850340136,-23.219954648524777,172.26562499999912,UNKNOWN,SOURCE_NEUTRAL_NATIVE_MARKER,NUMERICAL_MARKER_ONLY_ATTACK_UNCERTAINTY_UNQUANTIFIED,,INDETERMINATE_UNQUANTIFIED_ATTACK_AND_REFERENCE_UNCERTAINTY,NEGATIVE,11.609977324263038,NEW_001,c7efaf8d2029ed140d67b7cbfff1c23fd33e0ffcae18f285566266c063f78e1c,NEW_001_ADTOF_42_13,76.9614512471648,UNCONSTRAINED_NEW_001_94,UNCONSTRAINED_NEW_001_95,TRIO_CONDITIONED_NEW_001_84,,
F_MIX_00116,M1,True,21.304308390022676,DRUM_SUPPORTED,True,58,21.24625850340136,58.049886621315494,161.49902343749977,PROVISIONAL_QUALIFIED_EVIDENCE,SOURCE_ASSOCIATED_NATIVE_MARKER,NUMERICAL_MARKER_ONLY_ATTACK_UNCERTAINTY_UNQUANTIFIED,,INDETERMINATE_UNQUANTIFIED_ATTACK_AND_REFERENCE_UNCERTAINTY,POSITIVE,11.609977324263038,NEW_001,c7efaf8d2029ed140d67b7cbfff1c23fd33e0ffcae18f285566266c063f78e1c,NEW_001_ADTOF_42_13,4.308390022675468,UNCONSTRAINED_NEW_001_94,UNCONSTRAINED_NEW_001_95,TRIO_CONDITIONED_NEW_001_88,,
F_MIX_00117,M1,True,21.559727891156463,DRUM_SUPPORTED,True,59,21.61777777777778,-58.049886621315494,161.49902343749977,PROVISIONAL_QUALIFIED_EVIDENCE,SOURCE_ASSOCIATED_NATIVE_MARKER,NUMERICAL_MARKER_ONLY_ATTACK_UNCERTAINTY_UNQUANTIFIED,,INDETERMINATE_UNQUANTIFIED_ATTACK_AND_REFERENCE_UNCERTAINTY,NEGATIVE,11.609977324263038,NEW_001,c7efaf8d2029ed140d67b7cbfff1c23fd33e0ffcae18f285566266c063f78e1c,NEW_001_ADTOF_38_8,9.72789115646222,UNCONSTRAINED_NEW_001_94,UNCONSTRAINED_NEW_001_99,TRIO_CONDITIONED_NEW_001_91,,
F_MIX_00118,M1,True,21.93124716553288,DRUM_SUPPORTED,True,60,21.966077097505668,-34.829931972787165,172.26562500000085,PROVISIONAL_QUALIFIED_EVIDENCE,SOURCE_ASSOCIATED_NATIVE_MARKER,NUMERICAL_MARKER_ONLY_ATTACK_UNCERTAINTY_UNQUANTIFIED,,INDETERMINATE_UNQUANTIFIED_ATTACK_AND_REFERENCE_UNCERTAINTY,NEGATIVE,11.609977324263038,NEW_001,c7efaf8d2029ed140d67b7cbfff1c23fd33e0ffcae18f285566266c063f78e1c,NEW_001_ADTOF_42_16,31.247165532882093,UNCONSTRAINED_NEW_001_108,UNCONSTRAINED_NEW_001_105,TRIO_CONDITIONED_NEW_001_98,,
F_MIX_00119,M1,True,22.035736961451246,DRUM_SUPPORTED,True,60,21.966077097505668,69.65986394557788,161.49902343749977,PROVISIONAL_QUALIFIED_EVIDENCE,SOURCE_ASSOCIATED_NATIVE_MARKER,NUMERICAL_MARKER_ONLY_ATTACK_UNCERTAINTY_UNQUANTIFIED,,INDETERMINATE_UNQUANTIFIED_ATTACK_AND_REFERENCE_UNCERTAINTY,POSITIVE,11.609977324263038,NEW_001,c7efaf8d2029ed140d67b7cbfff1c23fd33e0ffcae18f285566266c063f78e1c,NEW_001_ADTOF_35_6,15.736961451246145,UNCONSTRAINED_NEW_001_108,UNCONSTRAINED_NEW_001_109,TRIO_CONDITIONED_NEW_001_102,,
F_MIX_00120,M1,True,22.27954648526077,DRUM_SUPPORTED,True,61,22.337596371882086,-58.049886621315494,161.49902343749977,PROVISIONAL_QUALIFIED_EVIDENCE,SOURCE_ASSOCIATED_NATIVE_MARKER,NUMERICAL_MARKER_ONLY_ATTACK_UNCERTAINTY_UNQUANTIFIED,,INDETERMINATE_UNQUANTIFIED_ATTACK_AND_REFERENCE_UNCERTAINTY,NEGATIVE,11.609977324263038,NEW_001,c7efaf8d2029ed140d67b7cbfff1c23fd33e0ffcae18f285566266c063f78e1c,NEW_001_ADTOF_38_9,9.54648526077051,UNCONSTRAINED_NEW_001_108,UNCONSTRAINED_NEW_001_112,TRIO_CONDITIONED_NEW_001_104,,
F_MIX_00121,M1,True,22.407256235827663,DRUM_SUPPORTED,True,61,22.337596371882086,69.65986394557788,172.26562499999912,PROVISIONAL_QUALIFIED_EVIDENCE,SOURCE_ASSOCIATED_NATIVE_MARKER,NUMERICAL_MARKER_ONLY_ATTACK_UNCERTAINTY_UNQUANTIFIED,,INDETERMINATE_UNQUANTIFIED_ATTACK_AND_REFERENCE_UNCERTAINTY,POSITIVE,11.609977324263038,NEW_001,c7efaf8d2029ed140d67b7cbfff1c23fd33e0ffcae18f285566266c063f78e1c,NEW_001_ADTOF_42_19,17.25623582766289,UNCONSTRAINED_NEW_001_122,UNCONSTRAINED_NEW_001_113,TRIO_CONDITIONED_NEW_001_106,,
F_MIX_00122,M1,True,22.651065759637188,DRUM_SUPPORTED,True,62,22.68589569160998,-34.82993197279072,172.26562499999912,PROVISIONAL_QUALIFIED_EVIDENCE,SOURCE_ASSOCIATED_NATIVE_MARKER,NUMERICAL_MARKER_ONLY_ATTACK_UNCERTAINTY_UNQUANTIFIED,,INDETERMINATE_UNQUANTIFIED_ATTACK_AND_REFERENCE_UNCERTAINTY,NEGATIVE,11.609977324263038,NEW_001,c7efaf8d2029ed140d67b7cbfff1c23fd33e0ffcae18f285566266c063f78e1c,NEW_001_ADTOF_35_7,11.065759637187256,UNCONSTRAINED_NEW_001_122,UNCONSTRAINED_NEW_001_117,TRIO_CONDITIONED_NEW_001_110,BASS_00043,
F_MIX_00123,M1,True,22.790385487528344,DRUM_SUPPORTED,True,62,22.68589569160998,104.48979591836505,161.49902343749977,PROVISIONAL_QUALIFIED_EVIDENCE,SOURCE_ASSOCIATED_NATIVE_MARKER,NUMERICAL_MARKER_ONLY_ATTACK_UNCERTAINTY_UNQUANTIFIED,,INDETERMINATE_UNQUANTIFIED_ATTACK_AND_REFERENCE_UNCERTAINTY,POSITIVE,11.609977324263038,NEW_001,c7efaf8d2029ed140d67b7cbfff1c23fd33e0ffcae18f285566266c063f78e1c,NEW_001_ADTOF_42_21,30.38548752834558,UNCONSTRAINED_NEW_001_122,UNCONSTRAINED_NEW_001_123,TRIO_CONDITIONED_NEW_001_113,,
F_MIX_00124,M1,True,23.034195011337868,UNKNOWN,True,63,23.057414965986396,-23.21995464852833,161.49902343749977,UNKNOWN,SOURCE_NEUTRAL_NATIVE_MARKER,NUMERICAL_MARKER_ONLY_ATTACK_UNCERTAINTY_UNQUANTIFIED,,INDETERMINATE_UNQUANTIFIED_ATTACK_AND_REFERENCE_UNCERTAINTY,NEGATIVE,11.609977324263038,NEW_001,c7efaf8d2029ed140d67b7cbfff1c23fd33e0ffcae18f285566266c063f78e1c,NEW_001_ADTOF_38_11,65.80498866213347,UNCONSTRAINED_NEW_001_126,UNCONSTRAINED_NEW_001_127,TRIO_CONDITIONED_NEW_001_117,,
F_MIX_00125,M1,True,23.11546485260771,BASS_AND_DRUM_SUPPORTED,True,63,23.057414965986396,58.04988662131194,161.49902343750134,PROVISIONAL_QUALIFIED_EVIDENCE,SOURCE_ASSOCIATED_NATIVE_MARKER,NUMERICAL_MARKER_ONLY_ATTACK_UNCERTAINTY_UNQUANTIFIED,,INDETERMINATE_UNQUANTIFIED_ATTACK_AND_REFERENCE_UNCERTAINTY,POSITIVE,11.609977324263038,NEW_001,c7efaf8d2029ed140d67b7cbfff1c23fd33e0ffcae18f285566266c063f78e1c,NEW_001_ADTOF_38_11,15.464852607706803,UNCONSTRAINED_NEW_001_126,UNCONSTRAINED_NEW_001_127,TRIO_CONDITIONED_NEW_001_117,BASS_00045,
F_MIX_00126,M1,True,23.394104308390023,DRUM_SUPPORTED,True,64,23.42893424036281,-34.829931972787165,161.49902343750134,PROVISIONAL_QUALIFIED_EVIDENCE,SOURCE_ASSOCIATED_NATIVE_MARKER,NUMERICAL_MARKER_ONLY_ATTACK_UNCERTAINTY_UNQUANTIFIED,,INDETERMINATE_UNQUANTIFIED_ATTACK_AND_REFERENCE_UNCERTAINTY,NEGATIVE,11.609977324263038,NEW_001,c7efaf8d2029ed140d67b7cbfff1c23fd33e0ffcae18f285566266c063f78e1c,NEW_001_ADTOF_38_12,14.104308390020748,UNCONSTRAINED_NEW_001_132,UNCONSTRAINED_NEW_001_130,TRIO_CONDITIONED_NEW_001_120,BASS_00046,
F_MIX_00127,M1,True,23.695963718820863,DRUM_SUPPORTED,True,65,23.800453514739228,-104.48979591836505,161.49902343749977,PROVISIONAL_QUALIFIED_EVIDENCE,SOURCE_ASSOCIATED_NATIVE_MARKER,NUMERICAL_MARKER_ONLY_ATTACK_UNCERTAINTY_UNQUANTIFIED,,INDETERMINATE_UNQUANTIFIED_ATTACK_AND_REFERENCE_UNCERTAINTY,NEGATIVE,11.609977324263038,NEW_001,c7efaf8d2029ed140d67b7cbfff1c23fd33e0ffcae18f285566266c063f78e1c,NEW_001_ADTOF_38_13,124.03628117913712,UNCONSTRAINED_NEW_001_138,UNCONSTRAINED_NEW_001_135,TRIO_CONDITIONED_NEW_001_124,,
F_MIX_00128,M1,True,23.754013605442175,UNKNOWN,True,65,23.800453514739228,-46.439909297053106,161.49902343749977,UNKNOWN,SOURCE_NEUTRAL_NATIVE_MARKER,NUMERICAL_MARKER_ONLY_ATTACK_UNCERTAINTY_UNQUANTIFIED,,INDETERMINATE_UNQUANTIFIED_ATTACK_AND_REFERENCE_UNCERTAINTY,NEGATIVE,11.609977324263038,NEW_001,c7efaf8d2029ed140d67b7cbfff1c23fd33e0ffcae18f285566266c063f78e1c,NEW_001_ADTOF_38_13,65.98639455782518,UNCONSTRAINED_NEW_001_138,UNCONSTRAINED_NEW_001_135,TRIO_CONDITIONED_NEW_001_129,,
F_MIX_00129,M1,True,23.84689342403628,BASS_AND_DRUM_SUPPORTED,True,65,23.800453514739228,46.439909297053106,161.49902343749977,PROVISIONAL_QUALIFIED_EVIDENCE,SOURCE_ASSOCIATED_NATIVE_MARKER,NUMERICAL_MARKER_ONLY_ATTACK_UNCERTAINTY_UNQUANTIFIED,,INDETERMINATE_UNQUANTIFIED_ATTACK_AND_REFERENCE_UNCERTAINTY,POSITIVE,11.609977324263038,NEW_001,c7efaf8d2029ed140d67b7cbfff1c23fd33e0ffcae18f285566266c063f78e1c,NEW_001_ADTOF_38_13,26.893424036281033,UNCONSTRAINED_NEW_001_138,UNCONSTRAINED_NEW_001_139,TRIO_CONDITIONED_NEW_001_129,BASS_00047,
F_MIX_00130,M1,True,24.18358276643991,DRUM_SUPPORTED,True,66,24.171972789115646,11.609977324262388,161.49902343749977,PROVISIONAL_QUALIFIED_EVIDENCE,SOURCE_ASSOCIATED_NATIVE_MARKER,NUMERICAL_MARKER_ONLY_ATTACK_UNCERTAINTY_UNQUANTIFIED,,INDETERMINATE_UNQUANTIFIED_ATTACK_AND_REFERENCE_UNCERTAINTY,POSITIVE,11.609977324263038,NEW_001,c7efaf8d2029ed140d67b7cbfff1c23fd33e0ffcae18f285566266c063f78e1c,NEW_001_ADTOF_35_8,6.417233560089386,UNCONSTRAINED_NEW_001_142,UNCONSTRAINED_NEW_001_143,TRIO_CONDITIONED_NEW_001_133,BASS_00048,
F_MIX_00131,M1,True,24.253242630385486,UNKNOWN,True,66,24.171972789115646,81.26984126984027,161.49902343749977,UNKNOWN,SOURCE_NEUTRAL_NATIVE_MARKER,NUMERICAL_MARKER_ONLY_ATTACK_UNCERTAINTY_UNQUANTIFIED,,INDETERMINATE_UNQUANTIFIED_ATTACK_AND_REFERENCE_UNCERTAINTY,POSITIVE,11.609977324263038,NEW_001,c7efaf8d2029ed140d67b7cbfff1c23fd33e0ffcae18f285566266c063f78e1c,NEW_001_ADTOF_35_8,63.242630385488496,UNCONSTRAINED_NEW_001_142,UNCONSTRAINED_NEW_001_143,TRIO_CONDITIONED_NEW_001_133,,
F_MIX_00132,M1,True,24.555102040816326,BASS_AND_DRUM_SUPPORTED,True,67,24.543492063492064,11.609977324262388,161.49902343749977,PROVISIONAL_QUALIFIED_EVIDENCE,SOURCE_ASSOCIATED_NATIVE_MARKER,NUMERICAL_MARKER_ONLY_ATTACK_UNCERTAINTY_UNQUANTIFIED,,INDETERMINATE_UNQUANTIFIED_ATTACK_AND_REFERENCE_UNCERTAINTY,POSITIVE,11.609977324263038,NEW_001,c7efaf8d2029ed140d67b7cbfff1c23fd33e0ffcae18f285566266c063f78e1c,NEW_001_ADTOF_38_14,14.897959183674203,UNCONSTRAINED_NEW_001_146,UNCONSTRAINED_NEW_001_147,TRIO_CONDITIONED_NEW_001_135,BASS_00049,
F_MIX_00133,M1,True,24.589931972789117,DRUM_SUPPORTED,True,67,24.543492063492064,46.439909297053106,161.49902343749977,PROVISIONAL_QUALIFIED_EVIDENCE,SOURCE_ASSOCIATED_NATIVE_MARKER,NUMERICAL_MARKER_ONLY_ATTACK_UNCERTAINTY_UNQUANTIFIED,,INDETERMINATE_UNQUANTIFIED_ATTACK_AND_REFERENCE_UNCERTAINTY,POSITIVE,11.609977324263038,NEW_001,c7efaf8d2029ed140d67b7cbfff1c23fd33e0ffcae18f285566266c063f78e1c,NEW_001_ADTOF_38_14,19.931972789116514,UNCONSTRAINED_NEW_001_146,UNCONSTRAINED_NEW_001_147,TRIO_CONDITIONED_NEW_001_135,,
F_MIX_00134,M1,True,24.856961451247166,UNKNOWN,True,68,24.91501133786848,-58.049886621315494,161.49902343749977,UNKNOWN,SOURCE_NEUTRAL_NATIVE_MARKER,NUMERICAL_MARKER_ONLY_ATTACK_UNCERTAINTY_UNQUANTIFIED,,INDETERMINATE_UNQUANTIFIED_ATTACK_AND_REFERENCE_UNCERTAINTY,NEGATIVE,11.609977324263038,NEW_001,c7efaf8d2029ed140d67b7cbfff1c23fd33e0ffcae18f285566266c063f78e1c,NEW_001_ADTOF_35_9,73.03854875283378,UNCONSTRAINED_NEW_001_150,UNCONSTRAINED_NEW_001_151,TRIO_CONDITIONED_NEW_001_139,,
F_MIX_00135,M1,True,24.94984126984127,BASS_AND_DRUM_SUPPORTED,True,68,24.91501133786848,34.829931972787165,161.49902343749977,PROVISIONAL_QUALIFIED_EVIDENCE,SOURCE_ASSOCIATED_NATIVE_MARKER,NUMERICAL_MARKER_ONLY_ATTACK_UNCERTAINTY_UNQUANTIFIED,,INDETERMINATE_UNQUANTIFIED_ATTACK_AND_REFERENCE_UNCERTAINTY,POSITIVE,11.609977324263038,NEW_001,c7efaf8d2029ed140d67b7cbfff1c23fd33e0ffcae18f285566266c063f78e1c,NEW_001_ADTOF_35_9,19.841269841268883,UNCONSTRAINED_NEW_001_150,UNCONSTRAINED_NEW_001_151,TRIO_CONDITIONED_NEW_001_139,BASS_00050,
F_MIX_00136,M1,True,25.205260770975055,DRUM_SUPPORTED,True,69,25.2865306122449,-81.26984126984382,161.49902343749977,PROVISIONAL_QUALIFIED_EVIDENCE,SOURCE_ASSOCIATED_NATIVE_MARKER,NUMERICAL_MARKER_ONLY_ATTACK_UNCERTAINTY_UNQUANTIFIED,,INDETERMINATE_UNQUANTIFIED_ATTACK_AND_REFERENCE_UNCERTAINTY,NEGATIVE,11.609977324263038,NEW_001,c7efaf8d2029ed140d67b7cbfff1c23fd33e0ffcae18f285566266c063f78e1c,NEW_001_ADTOF_38_16,4.739229024945502,UNCONSTRAINED_NEW_001_156,UNCONSTRAINED_NEW_001_153,TRIO_CONDITIONED_NEW_001_143,,
F_MIX_00137,M1,True,25.240090702947846,DRUM_SUPPORTED,True,69,25.2865306122449,-46.439909297053106,161.49902343749977,PROVISIONAL_QUALIFIED_EVIDENCE,SOURCE_ASSOCIATED_NATIVE_MARKER,NUMERICAL_MARKER_ONLY_ATTACK_UNCERTAINTY_UNQUANTIFIED,,INDETERMINATE_UNQUANTIFIED_ATTACK_AND_REFERENCE_UNCERTAINTY,NEGATIVE,11.609977324263038,NEW_001,c7efaf8d2029ed140d67b7cbfff1c23fd33e0ffcae18f285566266c063f78e1c,NEW_001_ADTOF_38_16,30.090702947845216,UNCONSTRAINED_NEW_001_156,UNCONSTRAINED_NEW_001_157,TRIO_CONDITIONED_NEW_001_143,,
F_MIX_00138,M1,True,25.33297052154195,BASS_AND_DRUM_SUPPORTED,True,69,25.2865306122449,46.43990929704955,161.49902343749977,PROVISIONAL_QUALIFIED_EVIDENCE,SOURCE_ASSOCIATED_NATIVE_MARKER,NUMERICAL_MARKER_ONLY_ATTACK_UNCERTAINTY_UNQUANTIFIED,,INDETERMINATE_UNQUANTIFIED_ATTACK_AND_REFERENCE_UNCERTAINTY,POSITIVE,11.609977324263038,NEW_001,c7efaf8d2029ed140d67b7cbfff1c23fd33e0ffcae18f285566266c063f78e1c,NEW_001_ADTOF_38_17,32.97052154194802,UNCONSTRAINED_NEW_001_156,UNCONSTRAINED_NEW_001_157,TRIO_CONDITIONED_NEW_001_143,BASS_00051,
F_MIX_00139,M1,True,25.576780045351473,DRUM_SUPPORTED,True,70,25.658049886621317,-81.26984126984382,161.49902343749977,PROVISIONAL_QUALIFIED_EVIDENCE,SOURCE_ASSOCIATED_NATIVE_MARKER,NUMERICAL_MARKER_ONLY_ATTACK_UNCERTAINTY_UNQUANTIFIED,,INDETERMINATE_UNQUANTIFIED_ATTACK_AND_REFERENCE_UNCERTAINTY,NEGATIVE,11.609977324263038,NEW_001,c7efaf8d2029ed140d67b7cbfff1c23fd33e0ffcae18f285566266c063f78e1c,NEW_001_ADTOF_42_29,16.780045351470818,UNCONSTRAINED_NEW_001_158,UNCONSTRAINED_NEW_001_159,TRIO_CONDITIONED_NEW_001_150,,
F_MIX_00140,M1,True,25.66965986394558,BASS_AND_DRUM_SUPPORTED,True,70,25.658049886621317,11.609977324262388,161.49902343750134,PROVISIONAL_QUALIFIED_EVIDENCE,SOURCE_ASSOCIATED_NATIVE_MARKER,NUMERICAL_MARKER_ONLY_ATTACK_UNCERTAINTY_UNQUANTIFIED,,INDETERMINATE_UNQUANTIFIED_ATTACK_AND_REFERENCE_UNCERTAINTY,POSITIVE,11.609977324263038,NEW_001,c7efaf8d2029ed140d67b7cbfff1c23fd33e0ffcae18f285566266c063f78e1c,NEW_001_ADTOF_35_10,0.3401360544224019,UNCONSTRAINED_NEW_001_163,UNCONSTRAINED_NEW_001_164,TRIO_CONDITIONED_NEW_001_150,BASS_00052,
F_MIX_00141,M1,True,25.971519274376416,UNKNOWN,True,71,26.02956916099773,-58.049886621315494,161.49902343750134,UNKNOWN,SOURCE_NEUTRAL_NATIVE_MARKER,NUMERICAL_MARKER_ONLY_ATTACK_UNCERTAINTY_UNQUANTIFIED,,INDETERMINATE_UNQUANTIFIED_ATTACK_AND_REFERENCE_UNCERTAINTY,NEGATIVE,11.609977324263038,NEW_001,c7efaf8d2029ed140d67b7cbfff1c23fd33e0ffcae18f285566266c063f78e1c,NEW_001_ADTOF_38_18,48.480725623583965,UNCONSTRAINED_NEW_001_167,UNCONSTRAINED_NEW_001_168,TRIO_CONDITIONED_NEW_001_153,,
F_MIX_00142,M1,True,26.041179138321997,DRUM_SUPPORTED,True,71,26.02956916099773,11.609977324265941,161.49902343749977,PROVISIONAL_QUALIFIED_EVIDENCE,SOURCE_ASSOCIATED_NATIVE_MARKER,NUMERICAL_MARKER_ONLY_ATTACK_UNCERTAINTY_UNQUANTIFIED,,INDETERMINATE_UNQUANTIFIED_ATTACK_AND_REFERENCE_UNCERTAINTY,POSITIVE,11.609977324263038,NEW_001,c7efaf8d2029ed140d67b7cbfff1c23fd33e0ffcae18f285566266c063f78e1c,NEW_001_ADTOF_38_18,21.17913832199747,UNCONSTRAINED_NEW_001_167,UNCONSTRAINED_NEW_001_168,TRIO_CONDITIONED_NEW_001_153,,
F_MIX_00143,M1,True,26.21532879818594,UNKNOWN,True,71,26.02956916099773,185.75963718820887,161.49902343749977,UNKNOWN,SOURCE_NEUTRAL_NATIVE_MARKER,NUMERICAL_MARKER_ONLY_ATTACK_UNCERTAINTY_UNQUANTIFIED,,INDETERMINATE_UNQUANTIFIED_ATTACK_AND_REFERENCE_UNCERTAINTY,POSITIVE,11.609977324263038,NEW_001,c7efaf8d2029ed140d67b7cbfff1c23fd33e0ffcae18f285566266c063f78e1c,NEW_001_ADTOF_38_18,195.3287981859404,UNCONSTRAINED_NEW_001_167,UNCONSTRAINED_NEW_001_168,TRIO_CONDITIONED_NEW_001_155,,
F_MIX_00144,M1,True,26.308208616780046,UNKNOWN,True,72,26.40108843537415,-92.87981859410266,161.49902343749977,UNKNOWN,SOURCE_NEUTRAL_NATIVE_MARKER,NUMERICAL_MARKER_ONLY_ATTACK_UNCERTAINTY_UNQUANTIFIED,,INDETERMINATE_UNQUANTIFIED_ATTACK_AND_REFERENCE_UNCERTAINTY,NEGATIVE,11.609977324263038,NEW_001,c7efaf8d2029ed140d67b7cbfff1c23fd33e0ffcae18f285566266c063f78e1c,NEW_001_ADTOF_38_18,288.2086167800466,UNCONSTRAINED_NEW_001_174,UNCONSTRAINED_NEW_001_175,TRIO_CONDITIONED_NEW_001_160,,
F_MIX_00145,M1,True,26.40108843537415,DRUM_SUPPORTED,True,72,26.40108843537415,0.0,161.49902343749977,PROVISIONAL_QUALIFIED_EVIDENCE,SOURCE_ASSOCIATED_NATIVE_MARKER,NUMERICAL_MARKER_ONLY_ATTACK_UNCERTAINTY_UNQUANTIFIED,,INDETERMINATE_UNQUANTIFIED_ATTACK_AND_REFERENCE_UNCERTAINTY,ZERO,11.609977324263038,NEW_001,c7efaf8d2029ed140d67b7cbfff1c23fd33e0ffcae18f285566266c063f78e1c,NEW_001_ADTOF_38_19,348.91156462585116,UNCONSTRAINED_NEW_001_174,UNCONSTRAINED_NEW_001_175,TRIO_CONDITIONED_NEW_001_160,,
F_MIX_00146,M1,True,26.43591836734694,UNKNOWN,True,72,26.40108843537415,34.82993197279072,161.49902343749977,UNKNOWN,SOURCE_NEUTRAL_NATIVE_MARKER,NUMERICAL_MARKER_ONLY_ATTACK_UNCERTAINTY_UNQUANTIFIED,,INDETERMINATE_UNQUANTIFIED_ATTACK_AND_REFERENCE_UNCERTAINTY,POSITIVE,11.609977324263038,NEW_001,c7efaf8d2029ed140d67b7cbfff1c23fd33e0ffcae18f285566266c063f78e1c,NEW_001_ADTOF_38_19,314.0816326530604,UNCONSTRAINED_NEW_001_174,UNCONSTRAINED_NEW_001_175,TRIO_CONDITIONED_NEW_001_160,,
F_MIX_00147,M1,True,26.528798185941042,UNKNOWN,True,72,26.40108843537415,127.70975056689338,161.49902343749977,UNKNOWN,SOURCE_NEUTRAL_NATIVE_MARKER,NUMERICAL_MARKER_ONLY_ATTACK_UNCERTAINTY_UNQUANTIFIED,,INDETERMINATE_UNQUANTIFIED_ATTACK_AND_REFERENCE_UNCERTAINTY,POSITIVE,11.609977324263038,NEW_001,c7efaf8d2029ed140d67b7cbfff1c23fd33e0ffcae18f285566266c063f78e1c,NEW_001_ADTOF_38_19,221.20181405895778,UNCONSTRAINED_NEW_001_174,UNCONSTRAINED_NEW_001_175,TRIO_CONDITIONED_NEW_001_162,,
F_MIX_00148,M1,True,26.70294784580499,UNKNOWN,True,73,26.772607709750567,-69.65986394557788,161.49902343749977,UNKNOWN,SOURCE_NEUTRAL_NATIVE_MARKER,NUMERICAL_MARKER_ONLY_ATTACK_UNCERTAINTY_UNQUANTIFIED,,INDETERMINATE_UNQUANTIFIED_ATTACK_AND_REFERENCE_UNCERTAINTY,NEGATIVE,11.609977324263038,NEW_001,c7efaf8d2029ed140d67b7cbfff1c23fd33e0ffcae18f285566266c063f78e1c,NEW_001_ADTOF_38_19,47.0521541950113,UNCONSTRAINED_NEW_001_180,UNCONSTRAINED_NEW_001_181,TRIO_CONDITIONED_NEW_001_166,,
F_MIX_00149,M1,True,26.772607709750567,DRUM_SUPPORTED,True,73,26.772607709750567,0.0,161.49902343749977,PROVISIONAL_QUALIFIED_EVIDENCE,SOURCE_ASSOCIATED_NATIVE_MARKER,NUMERICAL_MARKER_ONLY_ATTACK_UNCERTAINTY_UNQUANTIFIED,,INDETERMINATE_UNQUANTIFIED_ATTACK_AND_REFERENCE_UNCERTAINTY,ZERO,11.609977324263038,NEW_001,c7efaf8d2029ed140d67b7cbfff1c23fd33e0ffcae18f285566266c063f78e1c,NEW_001_ADTOF_38_19,22.607709750566585,UNCONSTRAINED_NEW_001_180,UNCONSTRAINED_NEW_001_181,TRIO_CONDITIONED_NEW_001_166,,
F_MIX_00150,M1,True,27.144126984126984,BASS_AND_DRUM_SUPPORTED,True,74,27.144126984126984,0.0,161.49902343749977,PROVISIONAL_QUALIFIED_EVIDENCE,SOURCE_ASSOCIATED_NATIVE_MARKER,NUMERICAL_MARKER_ONLY_ATTACK_UNCERTAINTY_UNQUANTIFIED,,INDETERMINATE_UNQUANTIFIED_ATTACK_AND_REFERENCE_UNCERTAINTY,ZERO,11.609977324263038,NEW_001,c7efaf8d2029ed140d67b7cbfff1c23fd33e0ffcae18f285566266c063f78e1c,NEW_001_ADTOF_42_33,14.126984126981768,UNCONSTRAINED_NEW_001_186,UNCONSTRAINED_NEW_001_187,TRIO_CONDITIONED_NEW_001_170,BASS_00056,
F_MIX_00151,M1,True,27.50403628117914,BASS_AND_DRUM_SUPPORTED,True,75,27.515646258503402,-11.609977324262388,161.49902343749977,PROVISIONAL_QUALIFIED_EVIDENCE,SOURCE_ASSOCIATED_NATIVE_MARKER,NUMERICAL_MARKER_ONLY_ATTACK_UNCERTAINTY_UNQUANTIFIED,,INDETERMINATE_UNQUANTIFIED_ATTACK_AND_REFERENCE_UNCERTAINTY,NEGATIVE,11.609977324263038,NEW_001,c7efaf8d2029ed140d67b7cbfff1c23fd33e0ffcae18f285566266c063f78e1c,NEW_001_ADTOF_35_11,14.036281179137688,UNCONSTRAINED_NEW_001_191,UNCONSTRAINED_NEW_001_192,TRIO_CONDITIONED_NEW_001_175,BASS_00057,
F_MIX_00152,M1,True,27.805895691609976,DRUM_SUPPORTED,True,76,27.88716553287982,-81.26984126984382,161.49902343749977,PROVISIONAL_QUALIFIED_EVIDENCE,SOURCE_ASSOCIATED_NATIVE_MARKER,NUMERICAL_MARKER_ONLY_ATTACK_UNCERTAINTY_UNQUANTIFIED,,INDETERMINATE_UNQUANTIFIED_ATTACK_AND_REFERENCE_UNCERTAINTY,NEGATIVE,11.609977324263038,NEW_001,c7efaf8d2029ed140d67b7cbfff1c23fd33e0ffcae18f285566266c063f78e1c,NEW_001_ADTOF_42_35,34.104308390023874,UNCONSTRAINED_NEW_001_196,UNCONSTRAINED_NEW_001_197,TRIO_CONDITIONED_NEW_001_179,BASS_00058,
F_MIX_00153,M1,True,28.142585034013607,UNKNOWN,True,77,28.23546485260771,-92.87981859410266,172.26562500000085,UNKNOWN,SOURCE_NEUTRAL_NATIVE_MARKER,NUMERICAL_MARKER_ONLY_ATTACK_UNCERTAINTY_UNQUANTIFIED,,INDETERMINATE_UNQUANTIFIED_ATTACK_AND_REFERENCE_UNCERTAINTY,NEGATIVE,11.609977324263038,NEW_001,c7efaf8d2029ed140d67b7cbfff1c23fd33e0ffcae18f285566266c063f78e1c,NEW_001_ADTOF_38_21,77.4149659863923,UNCONSTRAINED_NEW_001_202,UNCONSTRAINED_NEW_001_203,TRIO_CONDITIONED_NEW_001_185,,
F_MIX_00154,M1,True,28.23546485260771,BASS_AND_DRUM_SUPPORTED,True,77,28.23546485260771,0.0,161.49902343749977,PROVISIONAL_QUALIFIED_EVIDENCE,SOURCE_ASSOCIATED_NATIVE_MARKER,NUMERICAL_MARKER_ONLY_ATTACK_UNCERTAINTY_UNQUANTIFIED,,INDETERMINATE_UNQUANTIFIED_ATTACK_AND_REFERENCE_UNCERTAINTY,ZERO,11.609977324263038,NEW_001,c7efaf8d2029ed140d67b7cbfff1c23fd33e0ffcae18f285566266c063f78e1c,NEW_001_ADTOF_38_21,15.464852607710355,UNCONSTRAINED_NEW_001_202,UNCONSTRAINED_NEW_001_203,TRIO_CONDITIONED_NEW_001_185,BASS_00059,
F_MIX_00155,M1,True,28.525714285714287,UNKNOWN,True,78,28.606984126984127,-81.26984126984027,161.49902343749977,UNKNOWN,SOURCE_NEUTRAL_NATIVE_MARKER,NUMERICAL_MARKER_ONLY_ATTACK_UNCERTAINTY_UNQUANTIFIED,,INDETERMINATE_UNQUANTIFIED_ATTACK_AND_REFERENCE_UNCERTAINTY,NEGATIVE,11.609977324263038,NEW_001,c7efaf8d2029ed140d67b7cbfff1c23fd33e0ffcae18f285566266c063f78e1c,NEW_001_ADTOF_38_22,64.28571428571317,UNCONSTRAINED_NEW_001_208,UNCONSTRAINED_NEW_001_209,TRIO_CONDITIONED_NEW_001_189,,
F_MIX_00156,M1,True,28.606984126984127,BASS_AND_DRUM_SUPPORTED,True,78,28.606984126984127,0.0,172.26562500000085,PROVISIONAL_QUALIFIED_EVIDENCE,SOURCE_ASSOCIATED_NATIVE_MARKER,NUMERICAL_MARKER_ONLY_ATTACK_UNCERTAINTY_UNQUANTIFIED,,INDETERMINATE_UNQUANTIFIED_ATTACK_AND_REFERENCE_UNCERTAINTY,ZERO,11.609977324263038,NEW_001,c7efaf8d2029ed140d67b7cbfff1c23fd33e0ffcae18f285566266c063f78e1c,NEW_001_ADTOF_38_22,16.9841269841271,UNCONSTRAINED_NEW_001_208,UNCONSTRAINED_NEW_001_209,TRIO_CONDITIONED_NEW_001_189,BASS_00060,
F_MIX_00157,M1,True,28.943673469387754,BASS_AND_DRUM_SUPPORTED,True,79,28.955283446712016,-11.609977324262388,172.26562500000085,PROVISIONAL_QUALIFIED_EVIDENCE,SOURCE_ASSOCIATED_NATIVE_MARKER,NUMERICAL_MARKER_ONLY_ATTACK_UNCERTAINTY_UNQUANTIFIED,,INDETERMINATE_UNQUANTIFIED_ATTACK_AND_REFERENCE_UNCERTAINTY,NEGATIVE,11.609977324263038,NEW_001,c7efaf8d2029ed140d67b7cbfff1c23fd33e0ffcae18f285566266c063f78e1c,NEW_001_ADTOF_35_12,3.6734693877562563,UNCONSTRAINED_NEW_001_211,UNCONSTRAINED_NEW_001_212,TRIO_CONDITIONED_NEW_001_192,BASS_00061,
F_MIX_00158,M1,True,29.31519274376417,BASS_AND_DRUM_SUPPORTED,True,80,29.326802721088434,-11.609977324262388,161.49902343749977,PROVISIONAL_QUALIFIED_EVIDENCE,SOURCE_ASSOCIATED_NATIVE_MARKER,NUMERICAL_MARKER_ONLY_ATTACK_UNCERTAINTY_UNQUANTIFIED,,INDETERMINATE_UNQUANTIFIED_ATTACK_AND_REFERENCE_UNCERTAINTY,NEGATIVE,11.609977324263038,NEW_001,c7efaf8d2029ed140d67b7cbfff1c23fd33e0ffcae18f285566266c063f78e1c,NEW_001_ADTOF_35_13,15.192743764171013,UNCONSTRAINED_NEW_001_217,UNCONSTRAINED_NEW_001_218,TRIO_CONDITIONED_NEW_001_197,BASS_00062,
F_MIX_00159,M1,True,29.61705215419501,UNKNOWN,True,81,29.675102040816327,-58.049886621315494,172.26562499999912,UNKNOWN,SOURCE_NEUTRAL_NATIVE_MARKER,NUMERICAL_MARKER_ONLY_ATTACK_UNCERTAINTY_UNQUANTIFIED,,INDETERMINATE_UNQUANTIFIED_ATTACK_AND_REFERENCE_UNCERTAINTY,NEGATIVE,11.609977324263038,NEW_001,c7efaf8d2029ed140d67b7cbfff1c23fd33e0ffcae18f285566266c063f78e1c,NEW_001_ADTOF_35_14,42.94784580498856,UNCONSTRAINED_NEW_001_220,UNCONSTRAINED_NEW_001_221,TRIO_CONDITIONED_NEW_001_201,BASS_00063,
F_MIX_00160,M1,True,29.68671201814059,DRUM_SUPPORTED,True,81,29.675102040816327,11.609977324262388,161.49902343749977,PROVISIONAL_QUALIFIED_EVIDENCE,SOURCE_ASSOCIATED_NATIVE_MARKER,NUMERICAL_MARKER_ONLY_ATTACK_UNCERTAINTY_UNQUANTIFIED,,INDETERMINATE_UNQUANTIFIED_ATTACK_AND_REFERENCE_UNCERTAINTY,POSITIVE,11.609977324263038,NEW_001,c7efaf8d2029ed140d67b7cbfff1c23fd33e0ffcae18f285566266c063f78e1c,NEW_001_ADTOF_35_14,26.712018140589322,UNCONSTRAINED_NEW_001_220,UNCONSTRAINED_NEW_001_221,TRIO_CONDITIONED_NEW_001_201,,
F_MIX_00161,M1,True,29.95374149659864,UNKNOWN,True,82,30.046621315192745,-92.87981859410621,161.49902343749977,UNKNOWN,SOURCE_NEUTRAL_NATIVE_MARKER,NUMERICAL_MARKER_ONLY_ATTACK_UNCERTAINTY_UNQUANTIFIED,,INDETERMINATE_UNQUANTIFIED_ATTACK_AND_REFERENCE_UNCERTAINTY,NEGATIVE,11.609977324263038,NEW_001,c7efaf8d2029ed140d67b7cbfff1c23fd33e0ffcae18f285566266c063f78e1c,NEW_001_ADTOF_35_15,96.2585034013621,UNCONSTRAINED_NEW_001_223,UNCONSTRAINED_NEW_001_221,TRIO_CONDITIONED_NEW_001_201,,
F_MIX_00162,M1,True,30.06984126984127,DRUM_SUPPORTED,True,82,30.046621315192745,23.219954648524777,172.26562500000085,PROVISIONAL_QUALIFIED_EVIDENCE,SOURCE_ASSOCIATED_NATIVE_MARKER,NUMERICAL_MARKER_ONLY_ATTACK_UNCERTAINTY_UNQUANTIFIED,,INDETERMINATE_UNQUANTIFIED_ATTACK_AND_REFERENCE_UNCERTAINTY,POSITIVE,11.609977324263038,NEW_002,c7efaf8d2029ed140d67b7cbfff1c23fd33e0ffcae18f285566266c063f78e1c,NEW_002_ADTOF_35_0,19.841269841268883,UNCONSTRAINED_NEW_002_85,UNCONSTRAINED_NEW_002_86,TRIO_CONDITIONED_NEW_002_8,BASS_00064,
F_MIX_00163,M1,True,30.37170068027211,DRUM_SUPPORTED,True,83,30.394920634920634,-23.219954648524777,172.26562500000085,PROVISIONAL_QUALIFIED_EVIDENCE,SOURCE_ASSOCIATED_NATIVE_MARKER,NUMERICAL_MARKER_ONLY_ATTACK_UNCERTAINTY_UNQUANTIFIED,,INDETERMINATE_UNQUANTIFIED_ATTACK_AND_REFERENCE_UNCERTAINTY,NEGATIVE,11.609977324263038,NEW_002,c7efaf8d2029ed140d67b7cbfff1c23fd33e0ffcae18f285566266c063f78e1c,NEW_002_ADTOF_38_0,11.70068027211002,UNCONSTRAINED_NEW_002_85,UNCONSTRAINED_NEW_002_86,TRIO_CONDITIONED_NEW_002_10,BASS_00065,
F_MIX_00164,M1,True,30.67356009070295,UNKNOWN,True,84,30.743219954648527,-69.65986394557788,172.26562499999912,UNKNOWN,SOURCE_NEUTRAL_NATIVE_MARKER,NUMERICAL_MARKER_ONLY_ATTACK_UNCERTAINTY_UNQUANTIFIED,,INDETERMINATE_UNQUANTIFIED_ATTACK_AND_REFERENCE_UNCERTAINTY,NEGATIVE,11.609977324263038,NEW_002,c7efaf8d2029ed140d67b7cbfff1c23fd33e0ffcae18f285566266c063f78e1c,NEW_002_ADTOF_35_1,86.43990929705225,UNCONSTRAINED_NEW_002_85,UNCONSTRAINED_NEW_002_86,TRIO_CONDITIONED_NEW_002_11,,
F_MIX_00165,M1,True,30.778049886621314,DRUM_SUPPORTED,True,84,30.743219954648527,34.829931972787165,161.49902343749977,PROVISIONAL_QUALIFIED_EVIDENCE,SOURCE_ASSOCIATED_NATIVE_MARKER,NUMERICAL_MARKER_ONLY_ATTACK_UNCERTAINTY_UNQUANTIFIED,,INDETERMINATE_UNQUANTIFIED_ATTACK_AND_REFERENCE_UNCERTAINTY,POSITIVE,11.609977324263038,NEW_002,c7efaf8d2029ed140d67b7cbfff1c23fd33e0ffcae18f285566266c063f78e1c,NEW_002_ADTOF_35_1,18.049886621312794,UNCONSTRAINED_NEW_002_85,UNCONSTRAINED_NEW_002_86,TRIO_CONDITIONED_NEW_002_17,BASS_00066,
F_MIX_00166,M1,True,31.05668934240363,UNKNOWN,True,85,31.114739229024945,-58.049886621315494,161.49902343749977,UNKNOWN,SOURCE_NEUTRAL_NATIVE_MARKER,NUMERICAL_MARKER_ONLY_ATTACK_UNCERTAINTY_UNQUANTIFIED,,INDETERMINATE_UNQUANTIFIED_ATTACK_AND_REFERENCE_UNCERTAINTY,NEGATIVE,11.609977324263038,NEW_002,c7efaf8d2029ed140d67b7cbfff1c23fd33e0ffcae18f285566266c063f78e1c,NEW_002_ADTOF_38_1,73.31065759636957,UNCONSTRAINED_NEW_002_85,UNCONSTRAINED_NEW_002_86,TRIO_CONDITIONED_NEW_002_18,,
F_MIX_00167,M1,True,31.13795918367347,DRUM_SUPPORTED,True,85,31.114739229024945,23.219954648524777,172.26562500000085,PROVISIONAL_QUALIFIED_EVIDENCE,SOURCE_ASSOCIATED_NATIVE_MARKER,NUMERICAL_MARKER_ONLY_ATTACK_UNCERTAINTY_UNQUANTIFIED,,INDETERMINATE_UNQUANTIFIED_ATTACK_AND_REFERENCE_UNCERTAINTY,POSITIVE,11.609977324263038,NEW_002,c7efaf8d2029ed140d67b7cbfff1c23fd33e0ffcae18f285566266c063f78e1c,NEW_002_ADTOF_38_1,7.959183673470704,UNCONSTRAINED_NEW_002_85,UNCONSTRAINED_NEW_002_86,TRIO_CONDITIONED_NEW_002_20,BASS_00067,
F_MIX_00168,M1,True,31.41659863945578,UNKNOWN,True,86,31.463038548752834,-46.439909297053106,172.26562500000085,UNKNOWN,SOURCE_NEUTRAL_NATIVE_MARKER,NUMERICAL_MARKER_ONLY_ATTACK_UNCERTAINTY_UNQUANTIFIED,,INDETERMINATE_UNQUANTIFIED_ATTACK_AND_REFERENCE_UNCERTAINTY,NEGATIVE,11.609977324263038,NEW_002,c7efaf8d2029ed140d67b7cbfff1c23fd33e0ffcae18f285566266c063f78e1c,NEW_002_ADTOF_42_4,73.4013605442172,UNCONSTRAINED_NEW_002_85,UNCONSTRAINED_NEW_002_86,TRIO_CONDITIONED_NEW_002_24,,
F_MIX_00169,M1,True,31.509478458049887,DRUM_SUPPORTED,True,86,31.463038548752834,46.439909297053106,161.49902343749977,PROVISIONAL_QUALIFIED_EVIDENCE,SOURCE_ASSOCIATED_NATIVE_MARKER,NUMERICAL_MARKER_ONLY_ATTACK_UNCERTAINTY_UNQUANTIFIED,,INDETERMINATE_UNQUANTIFIED_ATTACK_AND_REFERENCE_UNCERTAINTY,POSITIVE,11.609977324263038,NEW_002,c7efaf8d2029ed140d67b7cbfff1c23fd33e0ffcae18f285566266c063f78e1c,NEW_002_ADTOF_42_4,19.478458049889014,UNCONSTRAINED_NEW_002_85,UNCONSTRAINED_NEW_002_86,TRIO_CONDITIONED_NEW_002_26,BASS_00068,
F_MIX_00170,M1,True,31.86938775510204,DRUM_SUPPORTED,True,87,31.834557823129252,34.829931972787165,172.26562499999912,PROVISIONAL_QUALIFIED_EVIDENCE,SOURCE_ASSOCIATED_NATIVE_MARKER,NUMERICAL_MARKER_ONLY_ATTACK_UNCERTAINTY_UNQUANTIFIED,,INDETERMINATE_UNQUANTIFIED_ATTACK_AND_REFERENCE_UNCERTAINTY,POSITIVE,11.609977324263038,NEW_002,c7efaf8d2029ed140d67b7cbfff1c23fd33e0ffcae18f285566266c063f78e1c,NEW_002_ADTOF_38_2,9.387755102039819,UNCONSTRAINED_NEW_002_85,UNCONSTRAINED_NEW_002_86,TRIO_CONDITIONED_NEW_002_28,BASS_00069,
F_MIX_00171,M1,True,32.13641723356009,UNKNOWN,True,88,32.182857142857145,-46.43990929705666,172.26562499999912,UNKNOWN,SOURCE_NEUTRAL_NATIVE_MARKER,NUMERICAL_MARKER_ONLY_ATTACK_UNCERTAINTY_UNQUANTIFIED,,INDETERMINATE_UNQUANTIFIED_ATTACK_AND_REFERENCE_UNCERTAINTY,NEGATIVE,11.609977324263038,NEW_002,c7efaf8d2029ed140d67b7cbfff1c23fd33e0ffcae18f285566266c063f78e1c,NEW_002_ADTOF_42_6,73.58276643991246,UNCONSTRAINED_NEW_002_85,UNCONSTRAINED_NEW_002_86,TRIO_CONDITIONED_NEW_002_30,BASS_00070,
F_MIX_00172,M1,True,32.38022675736961,UNKNOWN,True,89,32.53115646258503,-150.92970521541815,172.26562500000261,UNKNOWN,SOURCE_NEUTRAL_NATIVE_MARKER,NUMERICAL_MARKER_ONLY_ATTACK_UNCERTAINTY_UNQUANTIFIED,,INDETERMINATE_UNQUANTIFIED_ATTACK_AND_REFERENCE_UNCERTAINTY,NEGATIVE,11.609977324263038,NEW_002,c7efaf8d2029ed140d67b7cbfff1c23fd33e0ffcae18f285566266c063f78e1c,NEW_002_ADTOF_38_3,99.77324263038412,UNCONSTRAINED_NEW_002_85,UNCONSTRAINED_NEW_002_86,TRIO_CONDITIONED_NEW_002_34,,
F_MIX_00173,M1,True,32.496326530612244,DRUM_SUPPORTED,True,89,32.53115646258503,-34.829931972787165,172.26562500000261,PROVISIONAL_QUALIFIED_EVIDENCE,SOURCE_ASSOCIATED_NATIVE_MARKER,NUMERICAL_MARKER_ONLY_ATTACK_UNCERTAINTY_UNQUANTIFIED,,INDETERMINATE_UNQUANTIFIED_ATTACK_AND_REFERENCE_UNCERTAINTY,NEGATIVE,11.609977324263038,NEW_002,c7efaf8d2029ed140d67b7cbfff1c23fd33e0ffcae18f285566266c063f78e1c,NEW_002_ADTOF_38_3,16.32653061224687,UNCONSTRAINED_NEW_002_85,UNCONSTRAINED_NEW_002_86,TRIO_CONDITIONED_NEW_002_34,,
F_MIX_00174,M1,True,32.60081632653061,DRUM_SUPPORTED,True,89,32.53115646258503,69.65986394558144,161.49902343749977,PROVISIONAL_QUALIFIED_EVIDENCE,SOURCE_ASSOCIATED_NATIVE_MARKER,NUMERICAL_MARKER_ONLY_ATTACK_UNCERTAINTY_UNQUANTIFIED,,INDETERMINATE_UNQUANTIFIED_ATTACK_AND_REFERENCE_UNCERTAINTY,POSITIVE,11.609977324263038,NEW_002,c7efaf8d2029ed140d67b7cbfff1c23fd33e0ffcae18f285566266c063f78e1c,NEW_002_ADTOF_42_7,20.81632653061405,UNCONSTRAINED_NEW_002_85,UNCONSTRAINED_NEW_002_86,TRIO_CONDITIONED_NEW_002_37,BASS_00071,
F_MIX_00175,M1,True,32.833015873015874,UNKNOWN,True,90,32.90267573696145,-69.65986394557433,161.49902343749977,UNKNOWN,SOURCE_NEUTRAL_NATIVE_MARKER,NUMERICAL_MARKER_ONLY_ATTACK_UNCERTAINTY_UNQUANTIFIED,,INDETERMINATE_UNQUANTIFIED_ATTACK_AND_REFERENCE_UNCERTAINTY,NEGATIVE,11.609977324263038,NEW_002,c7efaf8d2029ed140d67b7cbfff1c23fd33e0ffcae18f285566266c063f78e1c,NEW_002_ADTOF_38_4,116.98412698412852,UNCONSTRAINED_NEW_002_85,UNCONSTRAINED_NEW_002_86,TRIO_CONDITIONED_NEW_002_38,,
F_MIX_00176,M1,True,32.879455782312924,UNKNOWN,True,90,32.90267573696145,-23.219954648524777,161.49902343749977,UNKNOWN,SOURCE_NEUTRAL_NATIVE_MARKER,NUMERICAL_MARKER_ONLY_ATTACK_UNCERTAINTY_UNQUANTIFIED,,INDETERMINATE_UNQUANTIFIED_ATTACK_AND_REFERENCE_UNCERTAINTY,NEGATIVE,11.609977324263038,NEW_002,c7efaf8d2029ed140d67b7cbfff1c23fd33e0ffcae18f285566266c063f78e1c,NEW_002_ADTOF_38_4,70.54421768707897,UNCONSTRAINED_NEW_002_85,UNCONSTRAINED_NEW_002_86,TRIO_CONDITIONED_NEW_002_41,BASS_00072,
F_MIX_00177,M1,True,32.97233560090703,DRUM_SUPPORTED,True,90,32.90267573696145,69.65986394558144,161.49902343749977,PROVISIONAL_QUALIFIED_EVIDENCE,SOURCE_ASSOCIATED_NATIVE_MARKER,NUMERICAL_MARKER_ONLY_ATTACK_UNCERTAINTY_UNQUANTIFIED,,INDETERMINATE_UNQUANTIFIED_ATTACK_AND_REFERENCE_UNCERTAINTY,POSITIVE,11.609977324263038,NEW_002,c7efaf8d2029ed140d67b7cbfff1c23fd33e0ffcae18f285566266c063f78e1c,NEW_002_ADTOF_38_4,22.335600907027242,UNCONSTRAINED_NEW_002_85,UNCONSTRAINED_NEW_002_86,TRIO_CONDITIONED_NEW_002_41,,
F_MIX_00178,M1,True,33.20453514739229,DRUM_SUPPORTED,True,91,33.274195011337866,-69.65986394557433,161.49902343749977,PROVISIONAL_QUALIFIED_EVIDENCE,SOURCE_ASSOCIATED_NATIVE_MARKER,NUMERICAL_MARKER_ONLY_ATTACK_UNCERTAINTY_UNQUANTIFIED,,INDETERMINATE_UNQUANTIFIED_ATTACK_AND_REFERENCE_UNCERTAINTY,NEGATIVE,11.609977324263038,NEW_002,c7efaf8d2029ed140d67b7cbfff1c23fd33e0ffcae18f285566266c063f78e1c,NEW_002_ADTOF_35_2,24.535147392292345,UNCONSTRAINED_NEW_002_85,UNCONSTRAINED_NEW_002_86,TRIO_CONDITIONED_NEW_002_47,,
F_MIX_00179,M1,True,33.32063492063492,DRUM_SUPPORTED,True,91,33.274195011337866,46.43990929705666,172.26562499999912,PROVISIONAL_QUALIFIED_EVIDENCE,SOURCE_ASSOCIATED_NATIVE_MARKER,NUMERICAL_MARKER_ONLY_ATTACK_UNCERTAINTY_UNQUANTIFIED,,INDETERMINATE_UNQUANTIFIED_ATTACK_AND_REFERENCE_UNCERTAINTY,POSITIVE,11.609977324263038,NEW_002,c7efaf8d2029ed140d67b7cbfff1c23fd33e0ffcae18f285566266c063f78e1c,NEW_002_ADTOF_42_9,10.634920634920775,UNCONSTRAINED_NEW_002_85,UNCONSTRAINED_NEW_002_86,TRIO_CONDITIONED_NEW_002_47,,
F_MIX_00180,M1,True,33.57605442176871,DRUM_SUPPORTED,True,92,33.62249433106576,-46.43990929704955,172.26562499999912,PROVISIONAL_QUALIFIED_EVIDENCE,SOURCE_ASSOCIATED_NATIVE_MARKER,NUMERICAL_MARKER_ONLY_ATTACK_UNCERTAINTY_UNQUANTIFIED,,INDETERMINATE_UNQUANTIFIED_ATTACK_AND_REFERENCE_UNCERTAINTY,NEGATIVE,11.609977324263038,NEW_002,c7efaf8d2029ed140d67b7cbfff1c23fd33e0ffcae18f285566266c063f78e1c,NEW_002_ADTOF_35_3,26.054421768712643,UNCONSTRAINED_NEW_002_85,UNCONSTRAINED_NEW_002_86,TRIO_CONDITIONED_NEW_002_53,,
F_MIX_00181,M1,True,33.68054421768707,DRUM_SUPPORTED,True,92,33.62249433106576,58.04988662131194,161.49902343749977,PROVISIONAL_QUALIFIED_EVIDENCE,SOURCE_ASSOCIATED_NATIVE_MARKER,NUMERICAL_MARKER_ONLY_ATTACK_UNCERTAINTY_UNQUANTIFIED,,INDETERMINATE_UNQUANTIFIED_ATTACK_AND_REFERENCE_UNCERTAINTY,POSITIVE,11.609977324263038,NEW_002,c7efaf8d2029ed140d67b7cbfff1c23fd33e0ffcae18f285566266c063f78e1c,NEW_002_ADTOF_38_6,20.544217687074706,UNCONSTRAINED_NEW_002_85,UNCONSTRAINED_NEW_002_86,TRIO_CONDITIONED_NEW_002_53,BASS_00073,
F_MIX_00182,M1,True,33.94757369614513,UNKNOWN,True,93,33.99401360544218,-46.43990929704955,161.49902343749977,UNKNOWN,SOURCE_NEUTRAL_NATIVE_MARKER,NUMERICAL_MARKER_ONLY_ATTACK_UNCERTAINTY_UNQUANTIFIED,,INDETERMINATE_UNQUANTIFIED_ATTACK_AND_REFERENCE_UNCERTAINTY,NEGATIVE,11.609977324263038,NEW_002,c7efaf8d2029ed140d67b7cbfff1c23fd33e0ffcae18f285566266c063f78e1c,NEW_002_ADTOF_42_11,37.57369614513095,UNCONSTRAINED_NEW_002_85,UNCONSTRAINED_NEW_002_86,TRIO_CONDITIONED_NEW_002_58,,
F_MIX_00183,M1,True,34.06367346938776,DRUM_SUPPORTED,True,93,33.99401360544218,69.65986394558144,161.49902343749977,PROVISIONAL_QUALIFIED_EVIDENCE,SOURCE_ASSOCIATED_NATIVE_MARKER,NUMERICAL_MARKER_ONLY_ATTACK_UNCERTAINTY_UNQUANTIFIED,,INDETERMINATE_UNQUANTIFIED_ATTACK_AND_REFERENCE_UNCERTAINTY,POSITIVE,11.609977324263038,NEW_002,c7efaf8d2029ed140d67b7cbfff1c23fd33e0ffcae18f285566266c063f78e1c,NEW_002_ADTOF_42_12,13.673469387761372,UNCONSTRAINED_NEW_002_85,UNCONSTRAINED_NEW_002_86,TRIO_CONDITIONED_NEW_002_58,,
F_MIX_00184,M1,True,34.28426303854875,UNKNOWN,True,94,34.365532879818595,-81.26984126984382,161.49902343749977,UNKNOWN,SOURCE_NEUTRAL_NATIVE_MARKER,NUMERICAL_MARKER_ONLY_ATTACK_UNCERTAINTY_UNQUANTIFIED,,INDETERMINATE_UNQUANTIFIED_ATTACK_AND_REFERENCE_UNCERTAINTY,NEGATIVE,11.609977324263038,NEW_002,c7efaf8d2029ed140d67b7cbfff1c23fd33e0ffcae18f285566266c063f78e1c,NEW_002_ADTOF_38_7,105.73696145124956,UNCONSTRAINED_NEW_002_85,UNCONSTRAINED_NEW_002_86,TRIO_CONDITIONED_NEW_002_63,BASS_00074,
F_MIX_00185,M1,True,34.319092970521545,UNKNOWN,True,94,34.365532879818595,-46.43990929704955,161.49902343749977,UNKNOWN,SOURCE_NEUTRAL_NATIVE_MARKER,NUMERICAL_MARKER_ONLY_ATTACK_UNCERTAINTY_UNQUANTIFIED,,INDETERMINATE_UNQUANTIFIED_ATTACK_AND_REFERENCE_UNCERTAINTY,NEGATIVE,11.609977324263038,NEW_002,c7efaf8d2029ed140d67b7cbfff1c23fd33e0ffcae18f285566266c063f78e1c,NEW_002_ADTOF_38_7,70.90702947845529,UNCONSTRAINED_NEW_002_85,UNCONSTRAINED_NEW_002_86,TRIO_CONDITIONED_NEW_002_65,,
F_MIX_00186,M1,True,34.40036281179138,DRUM_SUPPORTED,True,94,34.365532879818595,34.829931972787165,172.26562499999912,PROVISIONAL_QUALIFIED_EVIDENCE,SOURCE_ASSOCIATED_NATIVE_MARKER,NUMERICAL_MARKER_ONLY_ATTACK_UNCERTAINTY_UNQUANTIFIED,,INDETERMINATE_UNQUANTIFIED_ATTACK_AND_REFERENCE_UNCERTAINTY,POSITIVE,11.609977324263038,NEW_002,c7efaf8d2029ed140d67b7cbfff1c23fd33e0ffcae18f285566266c063f78e1c,NEW_002_ADTOF_38_7,10.362811791381432,UNCONSTRAINED_NEW_002_85,UNCONSTRAINED_NEW_002_86,TRIO_CONDITIONED_NEW_002_65,,
F_MIX_00187,M1,True,34.65578231292517,DRUM_SUPPORTED,True,95,34.71383219954649,-58.04988662131905,172.26562499999912,PROVISIONAL_QUALIFIED_EVIDENCE,SOURCE_ASSOCIATED_NATIVE_MARKER,NUMERICAL_MARKER_ONLY_ATTACK_UNCERTAINTY_UNQUANTIFIED,,INDETERMINATE_UNQUANTIFIED_ATTACK_AND_REFERENCE_UNCERTAINTY,NEGATIVE,11.609977324263038,NEW_002,c7efaf8d2029ed140d67b7cbfff1c23fd33e0ffcae18f285566266c063f78e1c,NEW_002_ADTOF_42_14,25.782312925166195,UNCONSTRAINED_NEW_002_85,UNCONSTRAINED_NEW_002_86,TRIO_CONDITIONED_NEW_002_67,,
F_MIX_00188,M1,True,34.76027210884354,DRUM_SUPPORTED,True,95,34.71383219954649,46.43990929704955,161.49902343749977,PROVISIONAL_QUALIFIED_EVIDENCE,SOURCE_ASSOCIATED_NATIVE_MARKER,NUMERICAL_MARKER_ONLY_ATTACK_UNCERTAINTY_UNQUANTIFIED,,INDETERMINATE_UNQUANTIFIED_ATTACK_AND_REFERENCE_UNCERTAINTY,POSITIVE,11.609977324263038,NEW_002,c7efaf8d2029ed140d67b7cbfff1c23fd33e0ffcae18f285566266c063f78e1c,NEW_002_ADTOF_35_4,20.272108843535364,UNCONSTRAINED_NEW_002_85,UNCONSTRAINED_NEW_002_86,TRIO_CONDITIONED_NEW_002_71,,
F_MIX_00189,M1,True,35.02730158730159,UNKNOWN,True,96,35.085351473922906,-58.04988662131905,161.49902343749977,UNKNOWN,SOURCE_NEUTRAL_NATIVE_MARKER,NUMERICAL_MARKER_ONLY_ATTACK_UNCERTAINTY_UNQUANTIFIED,,INDETERMINATE_UNQUANTIFIED_ATTACK_AND_REFERENCE_UNCERTAINTY,NEGATIVE,11.609977324263038,NEW_002,c7efaf8d2029ed140d67b7cbfff1c23fd33e0ffcae18f285566266c063f78e1c,NEW_002_ADTOF_38_8,112.69841269841407,UNCONSTRAINED_NEW_002_85,UNCONSTRAINED_NEW_002_86,TRIO_CONDITIONED_NEW_002_73,,
F_MIX_00190,M1,True,35.15501133786848,DRUM_SUPPORTED,True,96,35.085351473922906,69.65986394557433,161.49902343750287,PROVISIONAL_QUALIFIED_EVIDENCE,SOURCE_ASSOCIATED_NATIVE_MARKER,NUMERICAL_MARKER_ONLY_ATTACK_UNCERTAINTY_UNQUANTIFIED,,INDETERMINATE_UNQUANTIFIED_ATTACK_AND_REFERENCE_UNCERTAINTY,POSITIVE,11.609977324263038,NEW_002,c7efaf8d2029ed140d67b7cbfff1c23fd33e0ffcae18f285566266c063f78e1c,NEW_002_ADTOF_38_8,15.011337868479302,UNCONSTRAINED_NEW_002_85,UNCONSTRAINED_NEW_002_86,TRIO_CONDITIONED_NEW_002_77,,
F_MIX_00191,M1,True,35.49170068027211,DRUM_SUPPORTED,True,97,35.456870748299316,34.82993197279427,161.49902343749977,PROVISIONAL_QUALIFIED_EVIDENCE,SOURCE_ASSOCIATED_NATIVE_MARKER,NUMERICAL_MARKER_ONLY_ATTACK_UNCERTAINTY_UNQUANTIFIED,,INDETERMINATE_UNQUANTIFIED_ATTACK_AND_REFERENCE_UNCERTAINTY,POSITIVE,11.609977324263038,NEW_002,c7efaf8d2029ed140d67b7cbfff1c23fd33e0ffcae18f285566266c063f78e1c,NEW_002_ADTOF_38_9,21.700680272111583,UNCONSTRAINED_NEW_002_85,UNCONSTRAINED_NEW_002_86,TRIO_CONDITIONED_NEW_002_83,,
F_MIX_00192,M1,True,35.75873015873016,DRUM_SUPPORTED,True,98,35.828390022675734,-69.65986394557433,161.49902343749977,PROVISIONAL_QUALIFIED_EVIDENCE,SOURCE_ASSOCIATED_NATIVE_MARKER,NUMERICAL_MARKER_ONLY_ATTACK_UNCERTAINTY_UNQUANTIFIED,,INDETERMINATE_UNQUANTIFIED_ATTACK_AND_REFERENCE_UNCERTAINTY,NEGATIVE,11.609977324263038,NEW_002,c7efaf8d2029ed140d67b7cbfff1c23fd33e0ffcae18f285566266c063f78e1c,NEW_002_ADTOF_38_10,18.730158730157598,UNCONSTRAINED_NEW_002_85,UNCONSTRAINED_NEW_002_86,TRIO_CONDITIONED_NEW_002_85,,
F_MIX_00193,M1,True,35.86321995464853,DRUM_SUPPORTED,True,98,35.828390022675734,34.82993197279427,161.49902343749977,PROVISIONAL_QUALIFIED_EVIDENCE,SOURCE_ASSOCIATED_NATIVE_MARKER,NUMERICAL_MARKER_ONLY_ATTACK_UNCERTAINTY_UNQUANTIFIED,,INDETERMINATE_UNQUANTIFIED_ATTACK_AND_REFERENCE_UNCERTAINTY,POSITIVE,11.609977324263038,NEW_002,c7efaf8d2029ed140d67b7cbfff1c23fd33e0ffcae18f285566266c063f78e1c,NEW_002_ADTOF_42_18,23.219954648524777,UNCONSTRAINED_NEW_002_85,UNCONSTRAINED_NEW_002_86,TRIO_CONDITIONED_NEW_002_88,,
F_MIX_00194,M1,True,36.13024943310658,UNKNOWN,True,99,36.19990929705215,-69.65986394557433,161.49902343749977,UNKNOWN,SOURCE_NEUTRAL_NATIVE_MARKER,NUMERICAL_MARKER_ONLY_ATTACK_UNCERTAINTY_UNQUANTIFIED,,INDETERMINATE_UNQUANTIFIED_ATTACK_AND_REFERENCE_UNCERTAINTY,NEGATIVE,11.609977324263038,NEW_002,c7efaf8d2029ed140d67b7cbfff1c23fd33e0ffcae18f285566266c063f78e1c,NEW_002_ADTOF_42_19,79.75056689342352,UNCONSTRAINED_NEW_002_85,UNCONSTRAINED_NEW_002_86,TRIO_CONDITIONED_NEW_002_95,,
F_MIX_00195,M1,True,36.22312925170068,DRUM_SUPPORTED,True,99,36.19990929705215,23.219954648531882,161.49902343749977,PROVISIONAL_QUALIFIED_EVIDENCE,SOURCE_ASSOCIATED_NATIVE_MARKER,NUMERICAL_MARKER_ONLY_ATTACK_UNCERTAINTY_UNQUANTIFIED,,INDETERMINATE_UNQUANTIFIED_ATTACK_AND_REFERENCE_UNCERTAINTY,POSITIVE,11.609977324263038,NEW_002,c7efaf8d2029ed140d67b7cbfff1c23fd33e0ffcae18f285566266c063f78e1c,NEW_002_ADTOF_42_19,13.129251700682687,UNCONSTRAINED_NEW_002_85,UNCONSTRAINED_NEW_002_86,TRIO_CONDITIONED_NEW_002_95,,
F_MIX_00196,M1,True,36.594648526077094,DRUM_SUPPORTED,True,100,36.57142857142857,23.219954648524777,161.49902343749977,PROVISIONAL_QUALIFIED_EVIDENCE,SOURCE_ASSOCIATED_NATIVE_MARKER,NUMERICAL_MARKER_ONLY_ATTACK_UNCERTAINTY_UNQUANTIFIED,,INDETERMINATE_UNQUANTIFIED_ATTACK_AND_REFERENCE_UNCERTAINTY,POSITIVE,11.609977324263038,NEW_002,c7efaf8d2029ed140d67b7cbfff1c23fd33e0ffcae18f285566266c063f78e1c,NEW_002_ADTOF_35_5,14.64852607709588,UNCONSTRAINED_NEW_002_85,UNCONSTRAINED_NEW_002_86,TRIO_CONDITIONED_NEW_002_100,,
F_MIX_00197,M1,True,36.768798185941044,UNKNOWN,True,101,36.94294784580499,-174.14965986394293,161.49902343749977,UNKNOWN,SOURCE_NEUTRAL_NATIVE_MARKER,NUMERICAL_MARKER_ONLY_ATTACK_UNCERTAINTY_UNQUANTIFIED,,INDETERMINATE_UNQUANTIFIED_ATTACK_AND_REFERENCE_UNCERTAINTY,NEGATIVE,11.609977324263038,NEW_002,c7efaf8d2029ed140d67b7cbfff1c23fd33e0ffcae18f285566266c063f78e1c,NEW_002_ADTOF_35_6,71.2018140589592,UNCONSTRAINED_NEW_002_85,UNCONSTRAINED_NEW_002_86,TRIO_CONDITIONED_NEW_002_105,,
F_MIX_00198,M1,True,36.95455782312925,DRUM_SUPPORTED,True,101,36.94294784580499,11.609977324262388,161.49902343749977,PROVISIONAL_QUALIFIED_EVIDENCE,SOURCE_ASSOCIATED_NATIVE_MARKER,NUMERICAL_MARKER_ONLY_ATTACK_UNCERTAINTY_UNQUANTIFIED,,INDETERMINATE_UNQUANTIFIED_ATTACK_AND_REFERENCE_UNCERTAINTY,POSITIVE,11.609977324263038,NEW_002,c7efaf8d2029ed140d67b7cbfff1c23fd33e0ffcae18f285566266c063f78e1c,NEW_002_ADTOF_38_11,14.557823129251801,UNCONSTRAINED_NEW_002_85,UNCONSTRAINED_NEW_002_86,TRIO_CONDITIONED_NEW_002_105,,
F_MIX_00199,M1,True,37.314467120181405,DRUM_SUPPORTED,True,102,37.314467120181405,0.0,161.49902343749977,PROVISIONAL_QUALIFIED_EVIDENCE,SOURCE_ASSOCIATED_NATIVE_MARKER,NUMERICAL_MARKER_ONLY_ATTACK_UNCERTAINTY_UNQUANTIFIED,,INDETERMINATE_UNQUANTIFIED_ATTACK_AND_REFERENCE_UNCERTAINTY,ZERO,11.609977324263038,NEW_002,c7efaf8d2029ed140d67b7cbfff1c23fd33e0ffcae18f285566266c063f78e1c,NEW_002_ADTOF_35_7,14.467120181407722,UNCONSTRAINED_NEW_002_85,UNCONSTRAINED_NEW_002_86,TRIO_CONDITIONED_NEW_002_110,,
F_MIX_00200,M1,True,37.697596371882085,DRUM_SUPPORTED,True,103,37.68598639455782,11.609977324262388,161.49902343749977,PROVISIONAL_QUALIFIED_EVIDENCE,SOURCE_ASSOCIATED_NATIVE_MARKER,NUMERICAL_MARKER_ONLY_ATTACK_UNCERTAINTY_UNQUANTIFIED,,INDETERMINATE_UNQUANTIFIED_ATTACK_AND_REFERENCE_UNCERTAINTY,POSITIVE,11.609977324263038,NEW_002,c7efaf8d2029ed140d67b7cbfff1c23fd33e0ffcae18f285566266c063f78e1c,NEW_002_ADTOF_38_12,17.596371882085293,UNCONSTRAINED_NEW_002_85,UNCONSTRAINED_NEW_002_86,TRIO_CONDITIONED_NEW_002_112,,
F_MIX_00201,M1,True,37.82530612244898,UNKNOWN,True,103,37.68598639455782,139.31972789115576,161.49902343749977,UNKNOWN,SOURCE_NEUTRAL_NATIVE_MARKER,NUMERICAL_MARKER_ONLY_ATTACK_UNCERTAINTY_UNQUANTIFIED,,INDETERMINATE_UNQUANTIFIED_ATTACK_AND_REFERENCE_UNCERTAINTY,POSITIVE,11.609977324263038,NEW_002,c7efaf8d2029ed140d67b7cbfff1c23fd33e0ffcae18f285566266c063f78e1c,NEW_002_ADTOF_38_12,145.30612244897867,UNCONSTRAINED_NEW_002_85,UNCONSTRAINED_NEW_002_86,TRIO_CONDITIONED_NEW_002_115,,
F_MIX_00202,M1,True,37.95301587301587,UNKNOWN,True,104,38.05750566893424,-104.4897959183686,161.49902343749977,UNKNOWN,SOURCE_NEUTRAL_NATIVE_MARKER,NUMERICAL_MARKER_ONLY_ATTACK_UNCERTAINTY_UNQUANTIFIED,,INDETERMINATE_UNQUANTIFIED_ATTACK_AND_REFERENCE_UNCERTAINTY,NEGATIVE,11.609977324263038,NEW_002,c7efaf8d2029ed140d67b7cbfff1c23fd33e0ffcae18f285566266c063f78e1c,NEW_002_ADTOF_42_24,96.9841269841254,UNCONSTRAINED_NEW_002_85,UNCONSTRAINED_NEW_002_86,TRIO_CONDITIONED_NEW_002_118,,
F_MIX_00203,M1,True,37.98784580498866,UNKNOWN,True,104,38.05750566893424,-69.65986394558144,161.49902343749977,UNKNOWN,SOURCE_NEUTRAL_NATIVE_MARKER,NUMERICAL_MARKER_ONLY_ATTACK_UNCERTAINTY_UNQUANTIFIED,,INDETERMINATE_UNQUANTIFIED_ATTACK_AND_REFERENCE_UNCERTAINTY,NEGATIVE,11.609977324263038,NEW_002,c7efaf8d2029ed140d67b7cbfff1c23fd33e0ffcae18f285566266c063f78e1c,NEW_002_ADTOF_42_24,62.15419501133823,UNCONSTRAINED_NEW_002_85,UNCONSTRAINED_NEW_002_86,TRIO_CONDITIONED_NEW_002_118,,
F_MIX_00204,M1,True,38.0691156462585,DRUM_SUPPORTED,True,104,38.05750566893424,11.609977324262388,161.49902343749977,PROVISIONAL_QUALIFIED_EVIDENCE,SOURCE_ASSOCIATED_NATIVE_MARKER,NUMERICAL_MARKER_ONLY_ATTACK_UNCERTAINTY_UNQUANTIFIED,,INDETERMINATE_UNQUANTIFIED_ATTACK_AND_REFERENCE_UNCERTAINTY,POSITIVE,11.609977324263038,NEW_002,c7efaf8d2029ed140d67b7cbfff1c23fd33e0ffcae18f285566266c063f78e1c,NEW_002_ADTOF_42_24,19.115646258505592,UNCONSTRAINED_NEW_002_85,UNCONSTRAINED_NEW_002_86,TRIO_CONDITIONED_NEW_002_118,,
F_MIX_00205,M1,True,38.254875283446715,UNKNOWN,True,105,38.42902494331066,-174.14965986394293,161.49902343749977,UNKNOWN,SOURCE_NEUTRAL_NATIVE_MARKER,NUMERICAL_MARKER_ONLY_ATTACK_UNCERTAINTY_UNQUANTIFIED,,INDETERMINATE_UNQUANTIFIED_ATTACK_AND_REFERENCE_UNCERTAINTY,NEGATIVE,11.609977324263038,NEW_002,c7efaf8d2029ed140d67b7cbfff1c23fd33e0ffcae18f285566266c063f78e1c,NEW_002_ADTOF_38_13,165.12471655328653,UNCONSTRAINED_NEW_002_85,UNCONSTRAINED_NEW_002_86,TRIO_CONDITIONED_NEW_002_125,BASS_00075,
F_MIX_00206,M1,True,38.32453514739229,UNKNOWN,True,105,38.42902494331066,-104.4897959183686,161.49902343749977,UNKNOWN,SOURCE_NEUTRAL_NATIVE_MARKER,NUMERICAL_MARKER_ONLY_ATTACK_UNCERTAINTY_UNQUANTIFIED,,INDETERMINATE_UNQUANTIFIED_ATTACK_AND_REFERENCE_UNCERTAINTY,NEGATIVE,11.609977324263038,NEW_002,c7efaf8d2029ed140d67b7cbfff1c23fd33e0ffcae18f285566266c063f78e1c,NEW_002_ADTOF_38_13,95.4648526077122,UNCONSTRAINED_NEW_002_85,UNCONSTRAINED_NEW_002_86,TRIO_CONDITIONED_NEW_002_125,,
F_MIX_00207,M1,True,38.44063492063492,DRUM_SUPPORTED,True,105,38.42902494331066,11.609977324262388,172.26562499999912,PROVISIONAL_QUALIFIED_EVIDENCE,SOURCE_ASSOCIATED_NATIVE_MARKER,NUMERICAL_MARKER_ONLY_ATTACK_UNCERTAINTY_UNQUANTIFIED,,INDETERMINATE_UNQUANTIFIED_ATTACK_AND_REFERENCE_UNCERTAINTY,POSITIVE,11.609977324263038,NEW_002,c7efaf8d2029ed140d67b7cbfff1c23fd33e0ffcae18f285566266c063f78e1c,NEW_002_ADTOF_38_13,20.634920634918785,UNCONSTRAINED_NEW_002_85,UNCONSTRAINED_NEW_002_86,TRIO_CONDITIONED_NEW_002_125,,
F_MIX_00208,M1,True,38.69605442176871,UNKNOWN,True,106,38.77732426303855,-81.26984126984382,172.26562499999912,UNKNOWN,SOURCE_NEUTRAL_NATIVE_MARKER,NUMERICAL_MARKER_ONLY_ATTACK_UNCERTAINTY_UNQUANTIFIED,,INDETERMINATE_UNQUANTIFIED_ATTACK_AND_REFERENCE_UNCERTAINTY,NEGATIVE,11.609977324263038,NEW_002,c7efaf8d2029ed140d67b7cbfff1c23fd33e0ffcae18f285566266c063f78e1c,NEW_002_ADTOF_35_8,103.94557823128991,UNCONSTRAINED_NEW_002_85,UNCONSTRAINED_NEW_002_86,TRIO_CONDITIONED_NEW_002_132,BASS_00077,
F_MIX_00209,M1,True,38.81215419501134,DRUM_SUPPORTED,True,106,38.77732426303855,34.829931972787165,161.49902343749977,PROVISIONAL_QUALIFIED_EVIDENCE,SOURCE_ASSOCIATED_NATIVE_MARKER,NUMERICAL_MARKER_ONLY_ATTACK_UNCERTAINTY_UNQUANTIFIED,,INDETERMINATE_UNQUANTIFIED_ATTACK_AND_REFERENCE_UNCERTAINTY,POSITIVE,11.609977324263038,NEW_002,c7efaf8d2029ed140d67b7cbfff1c23fd33e0ffcae18f285566266c063f78e1c,NEW_002_ADTOF_35_8,12.154195011341073,UNCONSTRAINED_NEW_002_85,UNCONSTRAINED_NEW_002_86,TRIO_CONDITIONED_NEW_002_132,,
F_MIX_00210,M1,True,39.172063492063494,DRUM_SUPPORTED,True,107,39.14884353741497,23.219954648524777,161.49902343749977,PROVISIONAL_QUALIFIED_EVIDENCE,SOURCE_ASSOCIATED_NATIVE_MARKER,NUMERICAL_MARKER_ONLY_ATTACK_UNCERTAINTY_UNQUANTIFIED,,INDETERMINATE_UNQUANTIFIED_ATTACK_AND_REFERENCE_UNCERTAINTY,POSITIVE,11.609977324263038,NEW_002,c7efaf8d2029ed140d67b7cbfff1c23fd33e0ffcae18f285566266c063f78e1c,NEW_002_ADTOF_38_14,2.0634920634918785,UNCONSTRAINED_NEW_002_85,UNCONSTRAINED_NEW_002_86,TRIO_CONDITIONED_NEW_002_135,,
F_MIX_00211,M1,True,39.46231292517007,UNKNOWN,True,108,39.52036281179139,-58.04988662131905,161.49902343749977,UNKNOWN,SOURCE_NEUTRAL_NATIVE_MARKER,NUMERICAL_MARKER_ONLY_ATTACK_UNCERTAINTY_UNQUANTIFIED,,INDETERMINATE_UNQUANTIFIED_ATTACK_AND_REFERENCE_UNCERTAINTY,NEGATIVE,11.609977324263038,NEW_002,c7efaf8d2029ed140d67b7cbfff1c23fd33e0ffcae18f285566266c063f78e1c,NEW_002_ADTOF_38_15,77.68707482993165,UNCONSTRAINED_NEW_002_85,UNCONSTRAINED_NEW_002_86,TRIO_CONDITIONED_NEW_002_138,,
F_MIX_00212,M1,True,39.555192743764174,DRUM_SUPPORTED,True,108,39.52036281179139,34.829931972787165,161.49902343750287,PROVISIONAL_QUALIFIED_EVIDENCE,SOURCE_ASSOCIATED_NATIVE_MARKER,NUMERICAL_MARKER_ONLY_ATTACK_UNCERTAINTY_UNQUANTIFIED,,INDETERMINATE_UNQUANTIFIED_ATTACK_AND_REFERENCE_UNCERTAINTY,POSITIVE,11.609977324263038,NEW_002,c7efaf8d2029ed140d67b7cbfff1c23fd33e0ffcae18f285566266c063f78e1c,NEW_002_ADTOF_38_15,15.192743764174566,UNCONSTRAINED_NEW_002_85,UNCONSTRAINED_NEW_002_86,TRIO_CONDITIONED_NEW_002_140,BASS_00079,
F_MIX_00213,M1,True,39.74095238095238,UNKNOWN,True,109,39.8918820861678,-150.92970521541815,161.49902343750287,UNKNOWN,SOURCE_NEUTRAL_NATIVE_MARKER,NUMERICAL_MARKER_ONLY_ATTACK_UNCERTAINTY_UNQUANTIFIED,,INDETERMINATE_UNQUANTIFIED_ATTACK_AND_REFERENCE_UNCERTAINTY,NEGATIVE,11.609977324263038,NEW_002,c7efaf8d2029ed140d67b7cbfff1c23fd33e0ffcae18f285566266c063f78e1c,NEW_002_ADTOF_38_16,179.04761904762267,UNCONSTRAINED_NEW_002_85,UNCONSTRAINED_NEW_002_89,TRIO_CONDITIONED_NEW_002_143,,
F_MIX_00214,M1,True,39.92671201814059,DRUM_SUPPORTED,True,109,39.8918820861678,34.82993197279427,161.49902343749977,PROVISIONAL_QUALIFIED_EVIDENCE,SOURCE_ASSOCIATED_NATIVE_MARKER,NUMERICAL_MARKER_ONLY_ATTACK_UNCERTAINTY_UNQUANTIFIED,,INDETERMINATE_UNQUANTIFIED_ATTACK_AND_REFERENCE_UNCERTAINTY,POSITIVE,11.609977324263038,NEW_002,c7efaf8d2029ed140d67b7cbfff1c23fd33e0ffcae18f285566266c063f78e1c,NEW_002_ADTOF_38_16,6.712018140589748,UNCONSTRAINED_NEW_002_85,UNCONSTRAINED_NEW_002_89,TRIO_CONDITIONED_NEW_002_143,,
F_MIX_00215,M1,True,40.2053514739229,UNKNOWN,True,110,40.263401360544215,-58.04988662131194,161.49902343749977,UNKNOWN,SOURCE_NEUTRAL_NATIVE_MARKER,NUMERICAL_MARKER_ONLY_ATTACK_UNCERTAINTY_UNQUANTIFIED,,INDETERMINATE_UNQUANTIFIED_ATTACK_AND_REFERENCE_UNCERTAINTY,NEGATIVE,11.609977324263038,NEW_002,c7efaf8d2029ed140d67b7cbfff1c23fd33e0ffcae18f285566266c063f78e1c,NEW_002_ADTOF_42_30,74.64852607709815,UNCONSTRAINED_NEW_002_93,UNCONSTRAINED_NEW_002_92,TRIO_CONDITIONED_NEW_002_147,,
F_MIX_00216,M1,True,40.29823129251701,DRUM_SUPPORTED,True,110,40.263401360544215,34.82993197279427,172.26562499999912,PROVISIONAL_QUALIFIED_EVIDENCE,SOURCE_ASSOCIATED_NATIVE_MARKER,NUMERICAL_MARKER_ONLY_ATTACK_UNCERTAINTY_UNQUANTIFIED,,INDETERMINATE_UNQUANTIFIED_ATTACK_AND_REFERENCE_UNCERTAINTY,POSITIVE,11.609977324263038,NEW_002,c7efaf8d2029ed140d67b7cbfff1c23fd33e0ffcae18f285566266c063f78e1c,NEW_002_ADTOF_42_30,18.231292517008058,UNCONSTRAINED_NEW_002_93,UNCONSTRAINED_NEW_002_92,TRIO_CONDITIONED_NEW_002_147,,
F_MIX_00217,M1,True,40.56526077097506,UNKNOWN,True,111,40.61170068027211,-46.43990929704955,172.26562499999912,UNKNOWN,SOURCE_NEUTRAL_NATIVE_MARKER,NUMERICAL_MARKER_ONLY_ATTACK_UNCERTAINTY_UNQUANTIFIED,,INDETERMINATE_UNQUANTIFIED_ATTACK_AND_REFERENCE_UNCERTAINTY,NEGATIVE,11.609977324263038,NEW_002,c7efaf8d2029ed140d67b7cbfff1c23fd33e0ffcae18f285566266c063f78e1c,NEW_002_ADTOF_38_17,84.73922902494024,UNCONSTRAINED_NEW_002_94,UNCONSTRAINED_NEW_002_95,TRIO_CONDITIONED_NEW_002_150,BASS_00080,
F_MIX_00218,M1,True,40.66975056689343,DRUM_SUPPORTED,True,111,40.61170068027211,58.04988662131905,161.49902343749977,PROVISIONAL_QUALIFIED_EVIDENCE,SOURCE_ASSOCIATED_NATIVE_MARKER,NUMERICAL_MARKER_ONLY_ATTACK_UNCERTAINTY_UNQUANTIFIED,,INDETERMINATE_UNQUANTIFIED_ATTACK_AND_REFERENCE_UNCERTAINTY,POSITIVE,11.609977324263038,NEW_002,c7efaf8d2029ed140d67b7cbfff1c23fd33e0ffcae18f285566266c063f78e1c,NEW_002_ADTOF_38_17,19.750566893428356,UNCONSTRAINED_NEW_002_94,UNCONSTRAINED_NEW_002_95,TRIO_CONDITIONED_NEW_002_150,,
F_MIX_00219,M1,True,40.90195011337868,UNKNOWN,True,112,40.983219954648526,-81.26984126984382,161.49902343749977,UNKNOWN,SOURCE_NEUTRAL_NATIVE_MARKER,NUMERICAL_MARKER_ONLY_ATTACK_UNCERTAINTY_UNQUANTIFIED,,INDETERMINATE_UNQUANTIFIED_ATTACK_AND_REFERENCE_UNCERTAINTY,NEGATIVE,11.609977324263038,NEW_002,c7efaf8d2029ed140d67b7cbfff1c23fd33e0ffcae18f285566266c063f78e1c,NEW_002_ADTOF_38_18,108.0498866213162,UNCONSTRAINED_NEW_002_96,UNCONSTRAINED_NEW_002_97,TRIO_CONDITIONED_NEW_002_152,BASS_00082,
F_MIX_00220,M1,True,41.029659863945575,DRUM_SUPPORTED,True,112,40.983219954648526,46.43990929704955,161.49902343749977,PROVISIONAL_QUALIFIED_EVIDENCE,SOURCE_ASSOCIATED_NATIVE_MARKER,NUMERICAL_MARKER_ONLY_ATTACK_UNCERTAINTY_UNQUANTIFIED,,INDETERMINATE_UNQUANTIFIED_ATTACK_AND_REFERENCE_UNCERTAINTY,POSITIVE,11.609977324263038,NEW_002,c7efaf8d2029ed140d67b7cbfff1c23fd33e0ffcae18f285566266c063f78e1c,NEW_002_ADTOF_38_18,19.65986394557717,UNCONSTRAINED_NEW_002_96,UNCONSTRAINED_NEW_002_98,TRIO_CONDITIONED_NEW_002_153,,
F_MIX_00221,M1,True,41.28507936507936,DRUM_SUPPORTED,True,113,41.35473922902494,-69.65986394558144,161.49902343749977,PROVISIONAL_QUALIFIED_EVIDENCE,SOURCE_ASSOCIATED_NATIVE_MARKER,NUMERICAL_MARKER_ONLY_ATTACK_UNCERTAINTY_UNQUANTIFIED,,INDETERMINATE_UNQUANTIFIED_ATTACK_AND_REFERENCE_UNCERTAINTY,NEGATIVE,11.609977324263038,NEW_002,c7efaf8d2029ed140d67b7cbfff1c23fd33e0ffcae18f285566266c063f78e1c,NEW_002_ADTOF_38_19,15.079365079365914,UNCONSTRAINED_NEW_002_100,UNCONSTRAINED_NEW_002_101,TRIO_CONDITIONED_NEW_002_156,BASS_00083,
F_MIX_00222,M1,True,41.40117913832199,BASS_AND_DRUM_SUPPORTED,True,113,41.35473922902494,46.43990929704955,161.49902343749977,PROVISIONAL_QUALIFIED_EVIDENCE,SOURCE_ASSOCIATED_NATIVE_MARKER,NUMERICAL_MARKER_ONLY_ATTACK_UNCERTAINTY_UNQUANTIFIED,,INDETERMINATE_UNQUANTIFIED_ATTACK_AND_REFERENCE_UNCERTAINTY,POSITIVE,11.609977324263038,NEW_002,c7efaf8d2029ed140d67b7cbfff1c23fd33e0ffcae18f285566266c063f78e1c,NEW_002_ADTOF_35_9,21.179138321990365,UNCONSTRAINED_NEW_002_103,UNCONSTRAINED_NEW_002_104,TRIO_CONDITIONED_NEW_002_159,BASS_00084,
F_MIX_00223,M1,True,41.64498866213152,DRUM_SUPPORTED,True,114,41.72625850340136,-81.26984126984382,161.49902343749977,PROVISIONAL_QUALIFIED_EVIDENCE,SOURCE_ASSOCIATED_NATIVE_MARKER,NUMERICAL_MARKER_ONLY_ATTACK_UNCERTAINTY_UNQUANTIFIED,,INDETERMINATE_UNQUANTIFIED_ATTACK_AND_REFERENCE_UNCERTAINTY,NEGATIVE,11.609977324263038,NEW_002,c7efaf8d2029ed140d67b7cbfff1c23fd33e0ffcae18f285566266c063f78e1c,NEW_002_ADTOF_42_34,24.988662131519845,UNCONSTRAINED_NEW_002_108,UNCONSTRAINED_NEW_002_106,TRIO_CONDITIONED_NEW_002_161,,
F_MIX_00224,M1,True,41.749478458049886,BASS_AND_DRUM_SUPPORTED,True,114,41.72625850340136,23.219954648524777,161.49902343749977,PROVISIONAL_QUALIFIED_EVIDENCE,SOURCE_ASSOCIATED_NATIVE_MARKER,NUMERICAL_MARKER_ONLY_ATTACK_UNCERTAINTY_UNQUANTIFIED,,INDETERMINATE_UNQUANTIFIED_ATTACK_AND_REFERENCE_UNCERTAINTY,POSITIVE,11.609977324263038,NEW_002,c7efaf8d2029ed140d67b7cbfff1c23fd33e0ffcae18f285566266c063f78e1c,NEW_002_ADTOF_35_10,0.5215419501141128,UNCONSTRAINED_NEW_002_108,UNCONSTRAINED_NEW_002_109,TRIO_CONDITIONED_NEW_002_167,BASS_00085,
F_MIX_00225,M1,True,42.10938775510204,DRUM_SUPPORTED,True,115,42.09777777777778,11.609977324262388,161.49902343749977,PROVISIONAL_QUALIFIED_EVIDENCE,SOURCE_ASSOCIATED_NATIVE_MARKER,NUMERICAL_MARKER_ONLY_ATTACK_UNCERTAINTY_UNQUANTIFIED,,INDETERMINATE_UNQUANTIFIED_ATTACK_AND_REFERENCE_UNCERTAINTY,POSITIVE,11.609977324263038,NEW_002,c7efaf8d2029ed140d67b7cbfff1c23fd33e0ffcae18f285566266c063f78e1c,NEW_002_ADTOF_38_20,19.38775510203783,UNCONSTRAINED_NEW_002_114,UNCONSTRAINED_NEW_002_115,TRIO_CONDITIONED_NEW_002_171,,
F_MIX_00226,M1,True,42.38802721088435,DRUM_SUPPORTED,True,116,42.4692970521542,-81.26984126984382,161.49902343749977,PROVISIONAL_QUALIFIED_EVIDENCE,SOURCE_ASSOCIATED_NATIVE_MARKER,NUMERICAL_MARKER_ONLY_ATTACK_UNCERTAINTY_UNQUANTIFIED,,INDETERMINATE_UNQUANTIFIED_ATTACK_AND_REFERENCE_UNCERTAINTY,NEGATIVE,11.609977324263038,NEW_002,c7efaf8d2029ed140d67b7cbfff1c23fd33e0ffcae18f285566266c063f78e1c,NEW_002_ADTOF_38_21,18.027210884355327,UNCONSTRAINED_NEW_002_120,UNCONSTRAINED_NEW_002_117,TRIO_CONDITIONED_NEW_002_172,,
F_MIX_00227,M1,True,42.52734693877551,UNKNOWN,True,116,42.4692970521542,58.04988662131194,172.26562499999912,UNKNOWN,SOURCE_NEUTRAL_NATIVE_MARKER,NUMERICAL_MARKER_ONLY_ATTACK_UNCERTAINTY_UNQUANTIFIED,,INDETERMINATE_UNQUANTIFIED_ATTACK_AND_REFERENCE_UNCERTAINTY,POSITIVE,11.609977324263038,NEW_002,c7efaf8d2029ed140d67b7cbfff1c23fd33e0ffcae18f285566266c063f78e1c,NEW_002_ADTOF_38_21,157.3469387755111,UNCONSTRAINED_NEW_002_120,UNCONSTRAINED_NEW_002_121,TRIO_CONDITIONED_NEW_002_176,BASS_00086,
F_MIX_00228,M1,True,42.71310657596372,DRUM_SUPPORTED,True,117,42.81759637188209,-104.4897959183686,172.26562499999912,PROVISIONAL_QUALIFIED_EVIDENCE,SOURCE_ASSOCIATED_NATIVE_MARKER,NUMERICAL_MARKER_ONLY_ATTACK_UNCERTAINTY_UNQUANTIFIED,,INDETERMINATE_UNQUANTIFIED_ATTACK_AND_REFERENCE_UNCERTAINTY,NEGATIVE,11.609977324263038,NEW_002,c7efaf8d2029ed140d67b7cbfff1c23fd33e0ffcae18f285566266c063f78e1c,NEW_002_ADTOF_35_11,136.89342403628046,UNCONSTRAINED_NEW_002_120,UNCONSTRAINED_NEW_002_122,TRIO_CONDITIONED_NEW_002_177,,
F_MIX_00229,M1,True,42.75954648526077,DRUM_SUPPORTED,True,117,42.81759637188209,-58.04988662131905,172.26562499999912,PROVISIONAL_QUALIFIED_EVIDENCE,SOURCE_ASSOCIATED_NATIVE_MARKER,NUMERICAL_MARKER_ONLY_ATTACK_UNCERTAINTY_UNQUANTIFIED,,INDETERMINATE_UNQUANTIFIED_ATTACK_AND_REFERENCE_UNCERTAINTY,NEGATIVE,11.609977324263038,NEW_002,c7efaf8d2029ed140d67b7cbfff1c23fd33e0ffcae18f285566266c063f78e1c,NEW_002_ADTOF_35_11,90.45351473923091,UNCONSTRAINED_NEW_002_120,UNCONSTRAINED_NEW_002_124,TRIO_CONDITIONED_NEW_002_179,,
F_MIX_00230,M1,True,42.86403628117914,DRUM_SUPPORTED,True,117,42.81759637188209,46.43990929704955,161.49902343750287,PROVISIONAL_QUALIFIED_EVIDENCE,SOURCE_ASSOCIATED_NATIVE_MARKER,NUMERICAL_MARKER_ONLY_ATTACK_UNCERTAINTY_UNQUANTIFIED,,INDETERMINATE_UNQUANTIFIED_ATTACK_AND_REFERENCE_UNCERTAINTY,POSITIVE,11.609977324263038,NEW_002,c7efaf8d2029ed140d67b7cbfff1c23fd33e0ffcae18f285566266c063f78e1c,NEW_002_ADTOF_35_11,14.036281179137688,UNCONSTRAINED_NEW_002_130,UNCONSTRAINED_NEW_002_126,TRIO_CONDITIONED_NEW_002_181,BASS_FMIX_00000,
F_MIX_00231,M1,True,43.23555555555556,BASS_AND_DRUM_SUPPORTED,True,118,43.1891156462585,46.43990929705666,161.49902343749977,PROVISIONAL_QUALIFIED_EVIDENCE,SOURCE_ASSOCIATED_NATIVE_MARKER,NUMERICAL_MARKER_ONLY_ATTACK_UNCERTAINTY_UNQUANTIFIED,,INDETERMINATE_UNQUANTIFIED_ATTACK_AND_REFERENCE_UNCERTAINTY,POSITIVE,11.609977324263038,NEW_002,c7efaf8d2029ed140d67b7cbfff1c23fd33e0ffcae18f285566266c063f78e1c,NEW_002_ADTOF_38_22,244.44444444444713,UNCONSTRAINED_NEW_002_130,UNCONSTRAINED_NEW_002_131,TRIO_CONDITIONED_NEW_002_185,BASS_00087,
F_MIX_00232,M1,True,43.47936507936508,DRUM_SUPPORTED,True,119,43.56063492063492,-81.26984126983672,161.49902343749977,PROVISIONAL_QUALIFIED_EVIDENCE,SOURCE_ASSOCIATED_NATIVE_MARKER,NUMERICAL_MARKER_ONLY_ATTACK_UNCERTAINTY_UNQUANTIFIED,,INDETERMINATE_UNQUANTIFIED_ATTACK_AND_REFERENCE_UNCERTAINTY,NEGATIVE,11.609977324263038,NEW_002,c7efaf8d2029ed140d67b7cbfff1c23fd33e0ffcae18f285566266c063f78e1c,NEW_002_ADTOF_38_22,0.6349206349227643,UNCONSTRAINED_NEW_002_134,UNCONSTRAINED_NEW_002_135,TRIO_CONDITIONED_NEW_002_189,BASS_00088,
F_MIX_00233,M1,True,43.86249433106576,UNKNOWN,True,120,43.932154195011336,-69.65986394557433,161.49902343749977,UNKNOWN,SOURCE_NEUTRAL_NATIVE_MARKER,NUMERICAL_MARKER_ONLY_ATTACK_UNCERTAINTY_UNQUANTIFIED,,INDETERMINATE_UNQUANTIFIED_ATTACK_AND_REFERENCE_UNCERTAINTY,NEGATIVE,11.609977324263038,NEW_002,c7efaf8d2029ed140d67b7cbfff1c23fd33e0ffcae18f285566266c063f78e1c,NEW_002_ADTOF_38_23,107.50566893423752,UNCONSTRAINED_NEW_002_143,UNCONSTRAINED_NEW_002_142,TRIO_CONDITIONED_NEW_002_196,,
F_MIX_00234,M1,True,44.00181405895692,DRUM_SUPPORTED,True,120,43.932154195011336,69.65986394558144,161.49902343749977,PROVISIONAL_QUALIFIED_EVIDENCE,SOURCE_ASSOCIATED_NATIVE_MARKER,NUMERICAL_MARKER_ONLY_ATTACK_UNCERTAINTY_UNQUANTIFIED,,INDETERMINATE_UNQUANTIFIED_ATTACK_AND_REFERENCE_UNCERTAINTY,POSITIVE,11.609977324263038,NEW_002,c7efaf8d2029ed140d67b7cbfff1c23fd33e0ffcae18f285566266c063f78e1c,NEW_002_ADTOF_38_23,31.814058956918245,UNCONSTRAINED_NEW_002_143,UNCONSTRAINED_NEW_002_144,TRIO_CONDITIONED_NEW_002_198,BASS_00089,
F_MIX_00235,M1,True,44.18757369614512,DRUM_SUPPORTED,True,121,44.30367346938775,-116.09977324263099,161.49902343749977,PROVISIONAL_QUALIFIED_EVIDENCE,SOURCE_ASSOCIATED_NATIVE_MARKER,NUMERICAL_MARKER_ONLY_ATTACK_UNCERTAINTY_UNQUANTIFIED,,INDETERMINATE_UNQUANTIFIED_ATTACK_AND_REFERENCE_UNCERTAINTY,NEGATIVE,11.609977324263038,NEW_002,c7efaf8d2029ed140d67b7cbfff1c23fd33e0ffcae18f285566266c063f78e1c,NEW_002_ADTOF_35_12,12.426303854880416,UNCONSTRAINED_NEW_002_145,UNCONSTRAINED_NEW_002_146,TRIO_CONDITIONED_NEW_002_200,BASS_00090,
F_MIX_00236,M1,True,44.22240362811792,DRUM_SUPPORTED,True,121,44.30367346938775,-81.26984126983672,161.49902343749977,PROVISIONAL_QUALIFIED_EVIDENCE,SOURCE_ASSOCIATED_NATIVE_MARKER,NUMERICAL_MARKER_ONLY_ATTACK_UNCERTAINTY_UNQUANTIFIED,,INDETERMINATE_UNQUANTIFIED_ATTACK_AND_REFERENCE_UNCERTAINTY,NEGATIVE,11.609977324263038,NEW_002,c7efaf8d2029ed140d67b7cbfff1c23fd33e0ffcae18f285566266c063f78e1c,NEW_002_ADTOF_35_12,22.403628117913854,UNCONSTRAINED_NEW_002_148,UNCONSTRAINED_NEW_002_149,TRIO_CONDITIONED_NEW_002_200,,
F_MIX_00237,M1,True,44.36172335600907,UNKNOWN,True,121,44.30367346938775,58.04988662131905,151.99908088235324,UNKNOWN,SOURCE_NEUTRAL_NATIVE_MARKER,NUMERICAL_MARKER_ONLY_ATTACK_UNCERTAINTY_UNQUANTIFIED,,INDETERMINATE_UNQUANTIFIED_ATTACK_AND_REFERENCE_UNCERTAINTY,POSITIVE,11.609977324263038,NEW_002,c7efaf8d2029ed140d67b7cbfff1c23fd33e0ffcae18f285566266c063f78e1c,NEW_002_ADTOF_35_12,161.72335600906962,UNCONSTRAINED_NEW_002_148,UNCONSTRAINED_NEW_002_149,TRIO_CONDITIONED_NEW_002_202,,
F_MIX_00238,M1,True,44.68680272108843,BASS_AND_DRUM_SUPPORTED,True,122,44.698412698412696,-11.609977324262388,151.99908088235324,PROVISIONAL_QUALIFIED_EVIDENCE,SOURCE_ASSOCIATED_NATIVE_MARKER,NUMERICAL_MARKER_ONLY_ATTACK_UNCERTAINTY_UNQUANTIFIED,,INDETERMINATE_UNQUANTIFIED_ATTACK_AND_REFERENCE_UNCERTAINTY,NEGATIVE,11.609977324263038,NEW_002,c7efaf8d2029ed140d67b7cbfff1c23fd33e0ffcae18f285566266c063f78e1c,NEW_002_ADTOF_38_24,3.197278911564183,UNCONSTRAINED_NEW_002_151,UNCONSTRAINED_NEW_002_152,TRIO_CONDITIONED_NEW_002_205,BASS_00091,
F_MIX_00239,M1,True,44.72163265306123,DRUM_SUPPORTED,True,122,44.698412698412696,23.219954648531882,161.49902343749977,PROVISIONAL_QUALIFIED_EVIDENCE,SOURCE_ASSOCIATED_NATIVE_MARKER,NUMERICAL_MARKER_ONLY_ATTACK_UNCERTAINTY_UNQUANTIFIED,,INDETERMINATE_UNQUANTIFIED_ATTACK_AND_REFERENCE_UNCERTAINTY,POSITIVE,11.609977324263038,NEW_002,c7efaf8d2029ed140d67b7cbfff1c23fd33e0ffcae18f285566266c063f78e1c,NEW_002_ADTOF_38_24,31.632653061230087,UNCONSTRAINED_NEW_002_151,UNCONSTRAINED_NEW_002_152,TRIO_CONDITIONED_NEW_002_205,,
F_MIX_00240,M1,True,45.10476190476191,UNKNOWN,True,123,45.069931972789114,34.82993197279427,161.49902343749977,UNKNOWN,SOURCE_NEUTRAL_NATIVE_MARKER,NUMERICAL_MARKER_ONLY_ATTACK_UNCERTAINTY_UNQUANTIFIED,,INDETERMINATE_UNQUANTIFIED_ATTACK_AND_REFERENCE_UNCERTAINTY,POSITIVE,11.609977324263038,NEW_003,c7efaf8d2029ed140d67b7cbfff1c23fd33e0ffcae18f285566266c063f78e1c,NEW_003_ADTOF_35_0,414.7619047619102,,,TRIO_CONDITIONED_NEW_003_2,,
F_MIX_00241,M1,True,45.77814058956916,UNKNOWN,True,125,45.836190476190474,-58.04988662131194,151.99908088235324,UNKNOWN,SOURCE_NEUTRAL_NATIVE_MARKER,NUMERICAL_MARKER_ONLY_ATTACK_UNCERTAINTY_UNQUANTIFIED,,INDETERMINATE_UNQUANTIFIED_ATTACK_AND_REFERENCE_UNCERTAINTY,NEGATIVE,11.609977324263038,NEW_003,c7efaf8d2029ed140d67b7cbfff1c23fd33e0ffcae18f285566266c063f78e1c,NEW_003_ADTOF_35_0,1088.1405895691641,,,TRIO_CONDITIONED_NEW_003_2,,
F_MIX_00242,M1,True,46.172879818594105,UNKNOWN,True,126,46.23092970521542,-58.04988662131194,151.99908088235324,UNKNOWN,SOURCE_NEUTRAL_NATIVE_MARKER,NUMERICAL_MARKER_ONLY_ATTACK_UNCERTAINTY_UNQUANTIFIED,,INDETERMINATE_UNQUANTIFIED_ATTACK_AND_REFERENCE_UNCERTAINTY,NEGATIVE,11.609977324263038,NEW_003,c7efaf8d2029ed140d67b7cbfff1c23fd33e0ffcae18f285566266c063f78e1c,NEW_003_ADTOF_38_1,1227.120181405894,,,TRIO_CONDITIONED_NEW_003_13,,
F_MIX_00243,M1,True,46.335419501133785,UNKNOWN,True,126,46.23092970521542,104.4897959183686,151.9990808823505,UNKNOWN,SOURCE_NEUTRAL_NATIVE_MARKER,NUMERICAL_MARKER_ONLY_ATTACK_UNCERTAINTY_UNQUANTIFIED,,INDETERMINATE_UNQUANTIFIED_ATTACK_AND_REFERENCE_UNCERTAINTY,POSITIVE,11.609977324263038,NEW_003,c7efaf8d2029ed140d67b7cbfff1c23fd33e0ffcae18f285566266c063f78e1c,NEW_003_ADTOF_38_1,1064.5804988662135,,,TRIO_CONDITIONED_NEW_003_13,,
F_MIX_00244,M1,True,46.451519274376416,UNKNOWN,True,127,46.625668934240366,-174.14965986395003,151.9990808823505,UNKNOWN,SOURCE_NEUTRAL_NATIVE_MARKER,NUMERICAL_MARKER_ONLY_ATTACK_UNCERTAINTY_UNQUANTIFIED,,INDETERMINATE_UNQUANTIFIED_ATTACK_AND_REFERENCE_UNCERTAINTY,NEGATIVE,11.609977324263038,NEW_003,c7efaf8d2029ed140d67b7cbfff1c23fd33e0ffcae18f285566266c063f78e1c,NEW_003_ADTOF_38_1,948.4807256235825,,,TRIO_CONDITIONED_NEW_003_13,,
F_MIX_00245,M1,True,46.66049886621315,UNKNOWN,True,127,46.625668934240366,34.829931972787165,151.99908088235324,UNKNOWN,SOURCE_NEUTRAL_NATIVE_MARKER,NUMERICAL_MARKER_ONLY_ATTACK_UNCERTAINTY_UNQUANTIFIED,,INDETERMINATE_UNQUANTIFIED_ATTACK_AND_REFERENCE_UNCERTAINTY,POSITIVE,11.609977324263038,NEW_003,c7efaf8d2029ed140d67b7cbfff1c23fd33e0ffcae18f285566266c063f78e1c,NEW_003_ADTOF_38_1,739.5011337868453,,,TRIO_CONDITIONED_NEW_003_13,,
F_MIX_00246,M1,True,47.04362811791383,UNKNOWN,True,128,47.02040816326531,23.219954648524777,161.49902343749977,UNKNOWN,SOURCE_NEUTRAL_NATIVE_MARKER,NUMERICAL_MARKER_ONLY_ATTACK_UNCERTAINTY_UNQUANTIFIED,,INDETERMINATE_UNQUANTIFIED_ATTACK_AND_REFERENCE_UNCERTAINTY,POSITIVE,11.609977324263038,NEW_003,c7efaf8d2029ed140d67b7cbfff1c23fd33e0ffcae18f285566266c063f78e1c,NEW_003_ADTOF_38_1,356.3718820861652,,,TRIO_CONDITIONED_NEW_003_13,,
F_MIX_00247,M1,True,47.29904761904762,UNKNOWN,True,129,47.391927437641726,-92.87981859410621,161.49902343749977,UNKNOWN,SOURCE_NEUTRAL_NATIVE_MARKER,NUMERICAL_MARKER_ONLY_ATTACK_UNCERTAINTY_UNQUANTIFIED,,INDETERMINATE_UNQUANTIFIED_ATTACK_AND_REFERENCE_UNCERTAINTY,NEGATIVE,11.609977324263038,NEW_003,c7efaf8d2029ed140d67b7cbfff1c23fd33e0ffcae18f285566266c063f78e1c,NEW_003_ADTOF_38_1,100.95238095237846,,,TRIO_CONDITIONED_NEW_003_13,,
F_MIX_00248,M1,True,47.42675736961451,DRUM_SUPPORTED,True,129,47.391927437641726,34.829931972787165,151.99908088235324,PROVISIONAL_QUALIFIED_EVIDENCE,SOURCE_ASSOCIATED_NATIVE_MARKER,NUMERICAL_MARKER_ONLY_ATTACK_UNCERTAINTY_UNQUANTIFIED,,INDETERMINATE_UNQUANTIFIED_ATTACK_AND_REFERENCE_UNCERTAINTY,POSITIVE,11.609977324263038,NEW_003,c7efaf8d2029ed140d67b7cbfff1c23fd33e0ffcae18f285566266c063f78e1c,NEW_003_ADTOF_38_1,26.757369614514914,,,TRIO_CONDITIONED_NEW_003_16,,
F_MIX_00249,M1,True,47.658956916099775,UNKNOWN,True,130,47.78666666666667,-127.70975056689338,151.99908088235324,UNKNOWN,SOURCE_NEUTRAL_NATIVE_MARKER,NUMERICAL_MARKER_ONLY_ATTACK_UNCERTAINTY_UNQUANTIFIED,,INDETERMINATE_UNQUANTIFIED_ATTACK_AND_REFERENCE_UNCERTAINTY,NEGATIVE,11.609977324263038,NEW_003,c7efaf8d2029ed140d67b7cbfff1c23fd33e0ffcae18f285566266c063f78e1c,NEW_003_ADTOF_38_1,258.9569160997769,,,TRIO_CONDITIONED_NEW_003_16,,
F_MIX_00250,M1,True,47.751836734693875,UNKNOWN,True,130,47.78666666666667,-34.82993197279427,151.99908088235324,UNKNOWN,SOURCE_NEUTRAL_NATIVE_MARKER,NUMERICAL_MARKER_ONLY_ATTACK_UNCERTAINTY_UNQUANTIFIED,,INDETERMINATE_UNQUANTIFIED_ATTACK_AND_REFERENCE_UNCERTAINTY,NEGATIVE,11.609977324263038,NEW_003,c7efaf8d2029ed140d67b7cbfff1c23fd33e0ffcae18f285566266c063f78e1c,NEW_003_ADTOF_38_1,351.836734693876,,,TRIO_CONDITIONED_NEW_003_23,,
F_MIX_00251,M1,True,47.83310657596372,UNKNOWN,True,130,47.78666666666667,46.43990929704955,161.49902343749977,UNKNOWN,SOURCE_NEUTRAL_NATIVE_MARKER,NUMERICAL_MARKER_ONLY_ATTACK_UNCERTAINTY_UNQUANTIFIED,,INDETERMINATE_UNQUANTIFIED_ATTACK_AND_REFERENCE_UNCERTAINTY,POSITIVE,11.609977324263038,NEW_003,c7efaf8d2029ed140d67b7cbfff1c23fd33e0ffcae18f285566266c063f78e1c,NEW_003_ADTOF_35_1,276.89342403628103,,,TRIO_CONDITIONED_NEW_003_23,,
F_MIX_00252,M2,True,48.042086167800456,UNKNOWN,True,131,48.15818594104309,-116.09977324263099,161.49902343749977,UNKNOWN,SOURCE_NEUTRAL_NATIVE_MARKER,NUMERICAL_MARKER_ONLY_ATTACK_UNCERTAINTY_UNQUANTIFIED,,INDETERMINATE_UNQUANTIFIED_ATTACK_AND_REFERENCE_UNCERTAINTY,NEGATIVE,11.609977324263038,NEW_003,c7efaf8d2029ed140d67b7cbfff1c23fd33e0ffcae18f285566266c063f78e1c,NEW_003_ADTOF_35_1,67.91383219954383,,,TRIO_CONDITIONED_NEW_003_23,,
F_MIX_00253,M2,True,48.12335600907029,DRUM_SUPPORTED,True,131,48.15818594104309,-34.82993197279427,161.49902343749977,PROVISIONAL_QUALIFIED_EVIDENCE,SOURCE_ASSOCIATED_NATIVE_MARKER,NUMERICAL_MARKER_ONLY_ATTACK_UNCERTAINTY_UNQUANTIFIED,,INDETERMINATE_UNQUANTIFIED_ATTACK_AND_REFERENCE_UNCERTAINTY,NEGATIVE,11.609977324263038,NEW_003,c7efaf8d2029ed140d67b7cbfff1c23fd33e0ffcae18f285566266c063f78e1c,NEW_003_ADTOF_35_1,13.356009070292885,,,TRIO_CONDITIONED_NEW_003_28,,
F_MIX_00254,M2,True,48.54131519274377,DRUM_SUPPORTED,True,132,48.529705215419504,11.609977324262388,161.49902343750287,PROVISIONAL_QUALIFIED_EVIDENCE,SOURCE_ASSOCIATED_NATIVE_MARKER,NUMERICAL_MARKER_ONLY_ATTACK_UNCERTAINTY_UNQUANTIFIED,,INDETERMINATE_UNQUANTIFIED_ATTACK_AND_REFERENCE_UNCERTAINTY,POSITIVE,11.609977324263038,NEW_003,c7efaf8d2029ed140d67b7cbfff1c23fd33e0ffcae18f285566266c063f78e1c,NEW_003_ADTOF_49_0,1.3151927437675681,,,TRIO_CONDITIONED_NEW_003_33,,
F_MIX_00255,M2,True,48.901224489795915,DRUM_SUPPORTED,True,133,48.901224489795915,0.0,161.49902343749977,PROVISIONAL_QUALIFIED_EVIDENCE,SOURCE_ASSOCIATED_NATIVE_MARKER,NUMERICAL_MARKER_ONLY_ATTACK_UNCERTAINTY_UNQUANTIFIED,,INDETERMINATE_UNQUANTIFIED_ATTACK_AND_REFERENCE_UNCERTAINTY,ZERO,11.609977324263038,NEW_003,c7efaf8d2029ed140d67b7cbfff1c23fd33e0ffcae18f285566266c063f78e1c,NEW_003_ADTOF_49_1,1.2244897959163836,,,TRIO_CONDITIONED_NEW_003_37,,
F_MIX_00256,M2,True,49.191473922902496,DRUM_SUPPORTED,True,134,49.27274376417233,-81.26984126983672,161.49902343749977,PROVISIONAL_QUALIFIED_EVIDENCE,SOURCE_ASSOCIATED_NATIVE_MARKER,NUMERICAL_MARKER_ONLY_ATTACK_UNCERTAINTY_UNQUANTIFIED,,INDETERMINATE_UNQUANTIFIED_ATTACK_AND_REFERENCE_UNCERTAINTY,NEGATIVE,11.609977324263038,NEW_003,c7efaf8d2029ed140d67b7cbfff1c23fd33e0ffcae18f285566266c063f78e1c,NEW_003_ADTOF_49_2,21.47392290249428,,,TRIO_CONDITIONED_NEW_003_38,,
F_MIX_00257,M2,True,49.284353741496595,DRUM_SUPPORTED,True,134,49.27274376417233,11.609977324262388,161.49902343749977,PROVISIONAL_QUALIFIED_EVIDENCE,SOURCE_ASSOCIATED_NATIVE_MARKER,NUMERICAL_MARKER_ONLY_ATTACK_UNCERTAINTY_UNQUANTIFIED,,INDETERMINATE_UNQUANTIFIED_ATTACK_AND_REFERENCE_UNCERTAINTY,POSITIVE,11.609977324263038,NEW_003,c7efaf8d2029ed140d67b7cbfff1c23fd33e0ffcae18f285566266c063f78e1c,NEW_003_ADTOF_35_2,5.646258503404056,,,TRIO_CONDITIONED_NEW_003_41,,
F_MIX_00258,M2,True,49.31918367346939,DRUM_SUPPORTED,True,134,49.27274376417233,46.43990929705666,161.49902343749977,PROVISIONAL_QUALIFIED_EVIDENCE,SOURCE_ASSOCIATED_NATIVE_MARKER,NUMERICAL_MARKER_ONLY_ATTACK_UNCERTAINTY_UNQUANTIFIED,,INDETERMINATE_UNQUANTIFIED_ATTACK_AND_REFERENCE_UNCERTAINTY,POSITIVE,11.609977324263038,NEW_003,c7efaf8d2029ed140d67b7cbfff1c23fd33e0ffcae18f285566266c063f78e1c,NEW_003_ADTOF_35_2,29.183673469390214,,,TRIO_CONDITIONED_NEW_003_41,,
F_MIX_00259,M2,True,49.65587301587301,DRUM_SUPPORTED,True,135,49.64426303854875,11.609977324262388,161.49902343749977,PROVISIONAL_QUALIFIED_EVIDENCE,SOURCE_ASSOCIATED_NATIVE_MARKER,NUMERICAL_MARKER_ONLY_ATTACK_UNCERTAINTY_UNQUANTIFIED,,INDETERMINATE_UNQUANTIFIED_ATTACK_AND_REFERENCE_UNCERTAINTY,POSITIVE,11.609977324263038,NEW_003,c7efaf8d2029ed140d67b7cbfff1c23fd33e0ffcae18f285566266c063f78e1c,NEW_003_ADTOF_49_4,15.873015873012264,,,TRIO_CONDITIONED_NEW_003_44,,
F_MIX_00260,M2,True,50.01578231292517,DRUM_SUPPORTED,True,136,50.01578231292517,0.0,161.49902343749977,PROVISIONAL_QUALIFIED_EVIDENCE,SOURCE_ASSOCIATED_NATIVE_MARKER,NUMERICAL_MARKER_ONLY_ATTACK_UNCERTAINTY_UNQUANTIFIED,,INDETERMINATE_UNQUANTIFIED_ATTACK_AND_REFERENCE_UNCERTAINTY,ZERO,11.609977324263038,NEW_003,c7efaf8d2029ed140d67b7cbfff1c23fd33e0ffcae18f285566266c063f78e1c,NEW_003_ADTOF_35_3,5.782312925170174,,,TRIO_CONDITIONED_NEW_003_47,BASS_00094,
F_MIX_00261,M2,True,50.39891156462585,DRUM_SUPPORTED,True,137,50.387301587301586,11.609977324262388,161.49902343749977,PROVISIONAL_QUALIFIED_EVIDENCE,SOURCE_ASSOCIATED_NATIVE_MARKER,NUMERICAL_MARKER_ONLY_ATTACK_UNCERTAINTY_UNQUANTIFIED,,INDETERMINATE_UNQUANTIFIED_ATTACK_AND_REFERENCE_UNCERTAINTY,POSITIVE,11.609977324263038,NEW_003,c7efaf8d2029ed140d67b7cbfff1c23fd33e0ffcae18f285566266c063f78e1c,NEW_003_ADTOF_49_6,18.911564625845756,,,TRIO_CONDITIONED_NEW_003_50,BASS_00095,
F_MIX_00262,M2,True,50.758820861678004,DRUM_SUPPORTED,True,138,50.758820861678004,0.0,172.26562499999912,PROVISIONAL_QUALIFIED_EVIDENCE,SOURCE_ASSOCIATED_NATIVE_MARKER,NUMERICAL_MARKER_ONLY_ATTACK_UNCERTAINTY_UNQUANTIFIED,,INDETERMINATE_UNQUANTIFIED_ATTACK_AND_REFERENCE_UNCERTAINTY,ZERO,11.609977324263038,NEW_003,c7efaf8d2029ed140d67b7cbfff1c23fd33e0ffcae18f285566266c063f78e1c,NEW_003_ADTOF_49_7,8.820861678003666,,,TRIO_CONDITIONED_NEW_003_54,,
F_MIX_00263,M2,True,51.037460317460315,UNKNOWN,True,139,51.1071201814059,-69.65986394558144,172.26562499999912,UNKNOWN,SOURCE_NEUTRAL_NATIVE_MARKER,NUMERICAL_MARKER_ONLY_ATTACK_UNCERTAINTY_UNQUANTIFIED,,INDETERMINATE_UNQUANTIFIED_ATTACK_AND_REFERENCE_UNCERTAINTY,NEGATIVE,11.609977324263038,NEW_003,c7efaf8d2029ed140d67b7cbfff1c23fd33e0ffcae18f285566266c063f78e1c,NEW_003_ADTOF_38_2,72.53968253968424,,,TRIO_CONDITIONED_NEW_003_56,,
F_MIX_00264,M2,True,51.13034013605442,DRUM_SUPPORTED,True,139,51.1071201814059,23.219954648524777,161.49902343749977,PROVISIONAL_QUALIFIED_EVIDENCE,SOURCE_ASSOCIATED_NATIVE_MARKER,NUMERICAL_MARKER_ONLY_ATTACK_UNCERTAINTY_UNQUANTIFIED,,INDETERMINATE_UNQUANTIFIED_ATTACK_AND_REFERENCE_UNCERTAINTY,POSITIVE,11.609977324263038,NEW_003,c7efaf8d2029ed140d67b7cbfff1c23fd33e0ffcae18f285566266c063f78e1c,NEW_003_ADTOF_38_2,20.340136054421976,,,TRIO_CONDITIONED_NEW_003_56,,
F_MIX_00265,M2,True,51.44380952380953,UNKNOWN,True,140,51.478639455782314,-34.829931972787165,161.49902343749977,UNKNOWN,SOURCE_NEUTRAL_NATIVE_MARKER,NUMERICAL_MARKER_ONLY_ATTACK_UNCERTAINTY_UNQUANTIFIED,,INDETERMINATE_UNQUANTIFIED_ATTACK_AND_REFERENCE_UNCERTAINTY,NEGATIVE,11.609977324263038,NEW_003,c7efaf8d2029ed140d67b7cbfff1c23fd33e0ffcae18f285566266c063f78e1c,NEW_003_ADTOF_49_9,46.19047619047478,,,TRIO_CONDITIONED_NEW_003_61,BASS_00096,
F_MIX_00266,M2,True,51.757278911564626,UNKNOWN,True,141,51.85015873015873,-92.87981859410621,161.49902343749977,UNKNOWN,SOURCE_NEUTRAL_NATIVE_MARKER,NUMERICAL_MARKER_ONLY_ATTACK_UNCERTAINTY_UNQUANTIFIED,,INDETERMINATE_UNQUANTIFIED_ATTACK_AND_REFERENCE_UNCERTAINTY,NEGATIVE,11.609977324263038,NEW_003,c7efaf8d2029ed140d67b7cbfff1c23fd33e0ffcae18f285566266c063f78e1c,NEW_003_ADTOF_49_10,102.72108843537353,,,TRIO_CONDITIONED_NEW_003_65,,
F_MIX_00267,M2,True,51.81532879818594,UNKNOWN,True,141,51.85015873015873,-34.82993197279427,161.49902343749977,UNKNOWN,SOURCE_NEUTRAL_NATIVE_MARKER,NUMERICAL_MARKER_ONLY_ATTACK_UNCERTAINTY_UNQUANTIFIED,,INDETERMINATE_UNQUANTIFIED_ATTACK_AND_REFERENCE_UNCERTAINTY,NEGATIVE,11.609977324263038,NEW_003,c7efaf8d2029ed140d67b7cbfff1c23fd33e0ffcae18f285566266c063f78e1c,NEW_003_ADTOF_49_10,44.67120181406159,,,TRIO_CONDITIONED_NEW_003_65,BASS_00097,
F_MIX_00268,M2,True,52.024308390022675,UNKNOWN,True,141,51.85015873015873,174.14965986394293,161.49902343749977,UNKNOWN,SOURCE_NEUTRAL_NATIVE_MARKER,NUMERICAL_MARKER_ONLY_ATTACK_UNCERTAINTY_UNQUANTIFIED,,INDETERMINATE_UNQUANTIFIED_ATTACK_AND_REFERENCE_UNCERTAINTY,POSITIVE,11.609977324263038,NEW_003,c7efaf8d2029ed140d67b7cbfff1c23fd33e0ffcae18f285566266c063f78e1c,NEW_003_ADTOF_49_10,164.3083900226756,,,TRIO_CONDITIONED_NEW_003_72,,
F_MIX_00269,M2,True,52.186848072562356,DRUM_SUPPORTED,True,142,52.22167800453515,-34.82993197279427,161.49902343749977,PROVISIONAL_QUALIFIED_EVIDENCE,SOURCE_ASSOCIATED_NATIVE_MARKER,NUMERICAL_MARKER_ONLY_ATTACK_UNCERTAINTY_UNQUANTIFIED,,INDETERMINATE_UNQUANTIFIED_ATTACK_AND_REFERENCE_UNCERTAINTY,NEGATIVE,11.609977324263038,NEW_003,c7efaf8d2029ed140d67b7cbfff1c23fd33e0ffcae18f285566266c063f78e1c,NEW_003_ADTOF_35_4,33.15192743764328,,,TRIO_CONDITIONED_NEW_003_72,,
F_MIX_00270,M2,True,52.244897959183675,DRUM_SUPPORTED,True,142,52.22167800453515,23.219954648524777,161.49902343749977,PROVISIONAL_QUALIFIED_EVIDENCE,SOURCE_ASSOCIATED_NATIVE_MARKER,NUMERICAL_MARKER_ONLY_ATTACK_UNCERTAINTY_UNQUANTIFIED,,INDETERMINATE_UNQUANTIFIED_ATTACK_AND_REFERENCE_UNCERTAINTY,POSITIVE,11.609977324263038,NEW_003,c7efaf8d2029ed140d67b7cbfff1c23fd33e0ffcae18f285566266c063f78e1c,NEW_003_ADTOF_35_4,24.897959183675766,,,TRIO_CONDITIONED_NEW_003_72,BASS_00098,
F_MIX_00271,M2,True,52.523537414965986,DRUM_SUPPORTED,True,143,52.59319727891157,-69.65986394558144,161.49902343749977,PROVISIONAL_QUALIFIED_EVIDENCE,SOURCE_ASSOCIATED_NATIVE_MARKER,NUMERICAL_MARKER_ONLY_ATTACK_UNCERTAINTY_UNQUANTIFIED,,INDETERMINATE_UNQUANTIFIED_ATTACK_AND_REFERENCE_UNCERTAINTY,NEGATIVE,11.609977324263038,NEW_003,c7efaf8d2029ed140d67b7cbfff1c23fd33e0ffcae18f285566266c063f78e1c,NEW_003_ADTOF_38_3,13.537414965988148,,,TRIO_CONDITIONED_NEW_003_76,,
F_MIX_00272,M2,True,52.61641723356009,DRUM_SUPPORTED,True,143,52.59319727891157,23.219954648524777,161.49902343749977,PROVISIONAL_QUALIFIED_EVIDENCE,SOURCE_ASSOCIATED_NATIVE_MARKER,NUMERICAL_MARKER_ONLY_ATTACK_UNCERTAINTY_UNQUANTIFIED,,INDETERMINATE_UNQUANTIFIED_ATTACK_AND_REFERENCE_UNCERTAINTY,POSITIVE,11.609977324263038,NEW_003,c7efaf8d2029ed140d67b7cbfff1c23fd33e0ffcae18f285566266c063f78e1c,NEW_003_ADTOF_38_4,26.41723356008896,,,TRIO_CONDITIONED_NEW_003_76,BASS_00099,
F_MIX_00273,M2,True,52.895056689342404,UNKNOWN,True,144,52.964716553287985,-69.65986394558144,161.49902343749977,UNKNOWN,SOURCE_NEUTRAL_NATIVE_MARKER,NUMERICAL_MARKER_ONLY_ATTACK_UNCERTAINTY_UNQUANTIFIED,,INDETERMINATE_UNQUANTIFIED_ATTACK_AND_REFERENCE_UNCERTAINTY,NEGATIVE,11.609977324263038,NEW_003,c7efaf8d2029ed140d67b7cbfff1c23fd33e0ffcae18f285566266c063f78e1c,NEW_003_ADTOF_49_13,64.94331065759695,,,TRIO_CONDITIONED_NEW_003_83,,
F_MIX_00274,M2,True,52.97632653061225,DRUM_SUPPORTED,True,144,52.964716553287985,11.609977324262388,161.49902343750287,PROVISIONAL_QUALIFIED_EVIDENCE,SOURCE_ASSOCIATED_NATIVE_MARKER,NUMERICAL_MARKER_ONLY_ATTACK_UNCERTAINTY_UNQUANTIFIED,,INDETERMINATE_UNQUANTIFIED_ATTACK_AND_REFERENCE_UNCERTAINTY,POSITIVE,11.609977324263038,NEW_003,c7efaf8d2029ed140d67b7cbfff1c23fd33e0ffcae18f285566266c063f78e1c,NEW_003_ADTOF_49_13,16.32653061224687,,,TRIO_CONDITIONED_NEW_003_83,BASS_00100,
F_MIX_00275,M2,True,53.324625850340134,DRUM_SUPPORTED,True,145,53.336235827664396,-11.609977324262388,161.49902343750287,PROVISIONAL_QUALIFIED_EVIDENCE,SOURCE_ASSOCIATED_NATIVE_MARKER,NUMERICAL_MARKER_ONLY_ATTACK_UNCERTAINTY_UNQUANTIFIED,,INDETERMINATE_UNQUANTIFIED_ATTACK_AND_REFERENCE_UNCERTAINTY,NEGATIVE,11.609977324263038,NEW_003,c7efaf8d2029ed140d67b7cbfff1c23fd33e0ffcae18f285566266c063f78e1c,NEW_003_ADTOF_38_5,14.625850340131308,,,TRIO_CONDITIONED_NEW_003_87,BASS_00101,
F_MIX_00276,M2,True,53.614875283446715,DRUM_SUPPORTED,True,146,53.707755102040814,-92.8798185940991,161.49902343749977,PROVISIONAL_QUALIFIED_EVIDENCE,SOURCE_ASSOCIATED_NATIVE_MARKER,NUMERICAL_MARKER_ONLY_ATTACK_UNCERTAINTY_UNQUANTIFIED,,INDETERMINATE_UNQUANTIFIED_ATTACK_AND_REFERENCE_UNCERTAINTY,NEGATIVE,11.609977324263038,NEW_003,c7efaf8d2029ed140d67b7cbfff1c23fd33e0ffcae18f285566266c063f78e1c,NEW_003_ADTOF_38_6,14.875283446713183,,,TRIO_CONDITIONED_NEW_003_94,,
F_MIX_00277,M2,True,53.69614512471655,DRUM_SUPPORTED,True,146,53.707755102040814,-11.609977324262388,161.49902343749977,PROVISIONAL_QUALIFIED_EVIDENCE,SOURCE_ASSOCIATED_NATIVE_MARKER,NUMERICAL_MARKER_ONLY_ATTACK_UNCERTAINTY_UNQUANTIFIED,,INDETERMINATE_UNQUANTIFIED_ATTACK_AND_REFERENCE_UNCERTAINTY,NEGATIVE,11.609977324263038,NEW_003,c7efaf8d2029ed140d67b7cbfff1c23fd33e0ffcae18f285566266c063f78e1c,NEW_003_ADTOF_35_5,13.85487528344953,,,TRIO_CONDITIONED_NEW_003_94,BASS_00102,
F_MIX_00278,M2,True,53.998004535147395,UNKNOWN,True,147,54.07927437641723,-81.26984126983672,161.49902343749977,UNKNOWN,SOURCE_NEUTRAL_NATIVE_MARKER,NUMERICAL_MARKER_ONLY_ATTACK_UNCERTAINTY_UNQUANTIFIED,,INDETERMINATE_UNQUANTIFIED_ATTACK_AND_REFERENCE_UNCERTAINTY,NEGATIVE,11.609977324263038,NEW_003,c7efaf8d2029ed140d67b7cbfff1c23fd33e0ffcae18f285566266c063f78e1c,NEW_003_ADTOF_35_6,51.995464852602424,,,TRIO_CONDITIONED_NEW_003_98,,
F_MIX_00279,M2,True,54.05605442176871,DRUM_SUPPORTED,True,147,54.07927437641723,-23.219954648524777,161.49902343749977,PROVISIONAL_QUALIFIED_EVIDENCE,SOURCE_ASSOCIATED_NATIVE_MARKER,NUMERICAL_MARKER_ONLY_ATTACK_UNCERTAINTY_UNQUANTIFIED,,INDETERMINATE_UNQUANTIFIED_ATTACK_AND_REFERENCE_UNCERTAINTY,NEGATIVE,11.609977324263038,NEW_003,c7efaf8d2029ed140d67b7cbfff1c23fd33e0ffcae18f285566266c063f78e1c,NEW_003_ADTOF_35_6,6.054421768709517,,,TRIO_CONDITIONED_NEW_003_98,BASS_00103,
F_MIX_00280,M2,True,54.34630385487528,DRUM_SUPPORTED,True,148,54.427573696145124,-81.26984126984382,172.26562499999912,PROVISIONAL_QUALIFIED_EVIDENCE,SOURCE_ASSOCIATED_NATIVE_MARKER,NUMERICAL_MARKER_ONLY_ATTACK_UNCERTAINTY_UNQUANTIFIED,,INDETERMINATE_UNQUANTIFIED_ATTACK_AND_REFERENCE_UNCERTAINTY,NEGATIVE,11.609977324263038,NEW_003,c7efaf8d2029ed140d67b7cbfff1c23fd33e0ffcae18f285566266c063f78e1c,NEW_003_ADTOF_49_17,16.303854875282298,,,TRIO_CONDITIONED_NEW_003_105,,
F_MIX_00281,M2,True,54.427573696145124,DRUM_SUPPORTED,True,148,54.427573696145124,0.0,161.49902343749977,PROVISIONAL_QUALIFIED_EVIDENCE,SOURCE_ASSOCIATED_NATIVE_MARKER,NUMERICAL_MARKER_ONLY_ATTACK_UNCERTAINTY_UNQUANTIFIED,,INDETERMINATE_UNQUANTIFIED_ATTACK_AND_REFERENCE_UNCERTAINTY,ZERO,11.609977324263038,NEW_003,c7efaf8d2029ed140d67b7cbfff1c23fd33e0ffcae18f285566266c063f78e1c,NEW_003_ADTOF_49_18,27.573696145125837,,,TRIO_CONDITIONED_NEW_003_105,BASS_00104,
F_MIX_00282,M2,True,54.57850340136054,UNKNOWN,True,148,54.427573696145124,150.92970521541815,161.49902343749977,UNKNOWN,SOURCE_NEUTRAL_NATIVE_MARKER,NUMERICAL_MARKER_ONLY_ATTACK_UNCERTAINTY_UNQUANTIFIED,,INDETERMINATE_UNQUANTIFIED_ATTACK_AND_REFERENCE_UNCERTAINTY,POSITIVE,11.609977324263038,NEW_003,c7efaf8d2029ed140d67b7cbfff1c23fd33e0ffcae18f285566266c063f78e1c,NEW_003_ADTOF_49_18,178.503401360544,,,TRIO_CONDITIONED_NEW_003_105,,
F_MIX_00283,M2,True,54.78748299319728,DRUM_SUPPORTED,True,149,54.79909297052154,-11.609977324262388,161.49902343749977,PROVISIONAL_QUALIFIED_EVIDENCE,SOURCE_ASSOCIATED_NATIVE_MARKER,NUMERICAL_MARKER_ONLY_ATTACK_UNCERTAINTY_UNQUANTIFIED,,INDETERMINATE_UNQUANTIFIED_ATTACK_AND_REFERENCE_UNCERTAINTY,NEGATIVE,11.609977324263038,NEW_003,c7efaf8d2029ed140d67b7cbfff1c23fd33e0ffcae18f285566266c063f78e1c,NEW_003_ADTOF_38_7,17.482993197283747,,,TRIO_CONDITIONED_NEW_003_111,BASS_00105,
F_MIX_00284,M2,True,55.147392290249435,DRUM_SUPPORTED,True,150,55.17061224489796,-23.219954648524777,161.49902343749977,PROVISIONAL_QUALIFIED_EVIDENCE,SOURCE_ASSOCIATED_NATIVE_MARKER,NUMERICAL_MARKER_ONLY_ATTACK_UNCERTAINTY_UNQUANTIFIED,,INDETERMINATE_UNQUANTIFIED_ATTACK_AND_REFERENCE_UNCERTAINTY,NEGATIVE,11.609977324263038,NEW_003,c7efaf8d2029ed140d67b7cbfff1c23fd33e0ffcae18f285566266c063f78e1c,NEW_003_ADTOF_49_20,17.392290249432563,,,TRIO_CONDITIONED_NEW_003_121,BASS_00106,
F_MIX_00285,M2,True,55.50730158730159,DRUM_SUPPORTED,True,151,55.54213151927438,-34.829931972787165,161.49902343749977,PROVISIONAL_QUALIFIED_EVIDENCE,SOURCE_ASSOCIATED_NATIVE_MARKER,NUMERICAL_MARKER_ONLY_ATTACK_UNCERTAINTY_UNQUANTIFIED,,INDETERMINATE_UNQUANTIFIED_ATTACK_AND_REFERENCE_UNCERTAINTY,NEGATIVE,11.609977324263038,NEW_003,c7efaf8d2029ed140d67b7cbfff1c23fd33e0ffcae18f285566266c063f78e1c,NEW_003_ADTOF_35_7,7.301587301590473,,,TRIO_CONDITIONED_NEW_003_132,BASS_00108,
F_MIX_00286,M2,True,55.80916099773243,UNKNOWN,True,152,55.89043083900227,-81.26984126984382,172.26562499999912,UNKNOWN,SOURCE_NEUTRAL_NATIVE_MARKER,NUMERICAL_MARKER_ONLY_ATTACK_UNCERTAINTY_UNQUANTIFIED,,INDETERMINATE_UNQUANTIFIED_ATTACK_AND_REFERENCE_UNCERTAINTY,NEGATIVE,11.609977324263038,NEW_003,c7efaf8d2029ed140d67b7cbfff1c23fd33e0ffcae18f285566266c063f78e1c,NEW_003_ADTOF_49_22,50.83900226757265,,,TRIO_CONDITIONED_NEW_003_139,,
F_MIX_00287,M2,True,55.878820861678,DRUM_SUPPORTED,True,152,55.89043083900227,-11.609977324269494,172.26562499999912,PROVISIONAL_QUALIFIED_EVIDENCE,SOURCE_ASSOCIATED_NATIVE_MARKER,NUMERICAL_MARKER_ONLY_ATTACK_UNCERTAINTY_UNQUANTIFIED,,INDETERMINATE_UNQUANTIFIED_ATTACK_AND_REFERENCE_UNCERTAINTY,NEGATIVE,11.609977324263038,NEW_003,c7efaf8d2029ed140d67b7cbfff1c23fd33e0ffcae18f285566266c063f78e1c,NEW_003_ADTOF_49_22,18.820861678001677,,,TRIO_CONDITIONED_NEW_003_139,BASS_00109,
F_MIX_00288,M2,True,56.16907029478458,UNKNOWN,True,153,56.26195011337869,-92.87981859410621,161.49902343749977,UNKNOWN,SOURCE_NEUTRAL_NATIVE_MARKER,NUMERICAL_MARKER_ONLY_ATTACK_UNCERTAINTY_UNQUANTIFIED,,INDETERMINATE_UNQUANTIFIED_ATTACK_AND_REFERENCE_UNCERTAINTY,NEGATIVE,11.609977324263038,NEW_003,c7efaf8d2029ed140d67b7cbfff1c23fd33e0ffcae18f285566266c063f78e1c,NEW_003_ADTOF_38_9,50.92970521541673,,,TRIO_CONDITIONED_NEW_003_147,BASS_00110,
F_MIX_00289,M2,True,56.23873015873016,DRUM_SUPPORTED,True,153,56.26195011337869,-23.219954648531882,161.49902343749977,PROVISIONAL_QUALIFIED_EVIDENCE,SOURCE_ASSOCIATED_NATIVE_MARKER,NUMERICAL_MARKER_ONLY_ATTACK_UNCERTAINTY_UNQUANTIFIED,,INDETERMINATE_UNQUANTIFIED_ATTACK_AND_REFERENCE_UNCERTAINTY,NEGATIVE,11.609977324263038,NEW_003,c7efaf8d2029ed140d67b7cbfff1c23fd33e0ffcae18f285566266c063f78e1c,NEW_003_ADTOF_38_9,18.730158730157598,,,TRIO_CONDITIONED_NEW_003_147,,
F_MIX_00290,M2,True,56.52897959183674,DRUM_SUPPORTED,True,154,56.610249433106574,-81.26984126983672,172.26562500000261,PROVISIONAL_QUALIFIED_EVIDENCE,SOURCE_ASSOCIATED_NATIVE_MARKER,NUMERICAL_MARKER_ONLY_ATTACK_UNCERTAINTY_UNQUANTIFIED,,INDETERMINATE_UNQUANTIFIED_ATTACK_AND_REFERENCE_UNCERTAINTY,NEGATIVE,11.609977324263038,NEW_003,c7efaf8d2029ed140d67b7cbfff1c23fd33e0ffcae18f285566266c063f78e1c,NEW_003_ADTOF_49_24,18.979591836739473,,,TRIO_CONDITIONED_NEW_003_152,,
F_MIX_00291,M2,True,56.610249433106574,DRUM_SUPPORTED,True,154,56.610249433106574,0.0,161.49902343749977,PROVISIONAL_QUALIFIED_EVIDENCE,SOURCE_ASSOCIATED_NATIVE_MARKER,NUMERICAL_MARKER_ONLY_ATTACK_UNCERTAINTY_UNQUANTIFIED,,INDETERMINATE_UNQUANTIFIED_ATTACK_AND_REFERENCE_UNCERTAINTY,ZERO,11.609977324263038,NEW_003,c7efaf8d2029ed140d67b7cbfff1c23fd33e0ffcae18f285566266c063f78e1c,NEW_003_ADTOF_49_25,10.24943310657278,,,TRIO_CONDITIONED_NEW_003_152,BASS_00111,
F_MIX_00292,M2,True,56.95854875283447,DRUM_SUPPORTED,True,155,56.98176870748299,-23.219954648524777,161.49902343749977,PROVISIONAL_QUALIFIED_EVIDENCE,SOURCE_ASSOCIATED_NATIVE_MARKER,NUMERICAL_MARKER_ONLY_ATTACK_UNCERTAINTY_UNQUANTIFIED,,INDETERMINATE_UNQUANTIFIED_ATTACK_AND_REFERENCE_UNCERTAINTY,NEGATIVE,11.609977324263038,NEW_003,c7efaf8d2029ed140d67b7cbfff1c23fd33e0ffcae18f285566266c063f78e1c,NEW_003_ADTOF_35_8,8.548752834464324,,,TRIO_CONDITIONED_NEW_003_158,BASS_00112,
F_MIX_00293,M2,True,57.225578231292516,DRUM_SUPPORTED,True,156,57.330068027210885,-104.4897959183686,172.26562499999912,PROVISIONAL_QUALIFIED_EVIDENCE,SOURCE_ASSOCIATED_NATIVE_MARKER,NUMERICAL_MARKER_ONLY_ATTACK_UNCERTAINTY_UNQUANTIFIED,,INDETERMINATE_UNQUANTIFIED_ATTACK_AND_REFERENCE_UNCERTAINTY,NEGATIVE,11.609977324263038,NEW_003,c7efaf8d2029ed140d67b7cbfff1c23fd33e0ffcae18f285566266c063f78e1c,NEW_003_ADTOF_38_10,25.578231292513465,,,TRIO_CONDITIONED_NEW_003_159,,
F_MIX_00294,M2,True,57.376507936507934,UNKNOWN,True,156,57.330068027210885,46.43990929704955,172.26562499999912,UNKNOWN,SOURCE_NEUTRAL_NATIVE_MARKER,NUMERICAL_MARKER_ONLY_ATTACK_UNCERTAINTY_UNQUANTIFIED,,INDETERMINATE_UNQUANTIFIED_ATTACK_AND_REFERENCE_UNCERTAINTY,POSITIVE,11.609977324263038,NEW_003,c7efaf8d2029ed140d67b7cbfff1c23fd33e0ffcae18f285566266c063f78e1c,NEW_003_ADTOF_49_27,36.50793650793105,,,TRIO_CONDITIONED_NEW_003_164,,
F_MIX_00295,M2,True,57.68997732426304,DRUM_SUPPORTED,True,157,57.67836734693878,11.609977324262388,172.26562500000261,PROVISIONAL_QUALIFIED_EVIDENCE,SOURCE_ASSOCIATED_NATIVE_MARKER,NUMERICAL_MARKER_ONLY_ATTACK_UNCERTAINTY_UNQUANTIFIED,,INDETERMINATE_UNQUANTIFIED_ATTACK_AND_REFERENCE_UNCERTAINTY,POSITIVE,11.609977324263038,NEW_003,c7efaf8d2029ed140d67b7cbfff1c23fd33e0ffcae18f285566266c063f78e1c,NEW_003_ADTOF_38_11,19.977324263038554,,,TRIO_CONDITIONED_NEW_003_169,BASS_00113,
F_MIX_00296,M2,True,57.96861678004535,DRUM_SUPPORTED,True,158,58.026666666666664,-58.04988662131194,172.26562500000261,PROVISIONAL_QUALIFIED_EVIDENCE,SOURCE_ASSOCIATED_NATIVE_MARKER,NUMERICAL_MARKER_ONLY_ATTACK_UNCERTAINTY_UNQUANTIFIED,,INDETERMINATE_UNQUANTIFIED_ATTACK_AND_REFERENCE_UNCERTAINTY,NEGATIVE,11.609977324263038,NEW_003,c7efaf8d2029ed140d67b7cbfff1c23fd33e0ffcae18f285566266c063f78e1c,NEW_003_ADTOF_49_29,18.616780045348946,,,TRIO_CONDITIONED_NEW_003_171,,
F_MIX_00297,M2,True,58.10793650793651,DRUM_SUPPORTED,True,158,58.026666666666664,81.26984126984382,161.49902343749977,PROVISIONAL_QUALIFIED_EVIDENCE,SOURCE_ASSOCIATED_NATIVE_MARKER,NUMERICAL_MARKER_ONLY_ATTACK_UNCERTAINTY_UNQUANTIFIED,,INDETERMINATE_UNQUANTIFIED_ATTACK_AND_REFERENCE_UNCERTAINTY,POSITIVE,11.609977324263038,NEW_003,c7efaf8d2029ed140d67b7cbfff1c23fd33e0ffcae18f285566266c063f78e1c,NEW_003_ADTOF_49_30,17.936507936504142,,,TRIO_CONDITIONED_NEW_003_175,BASS_00114,
F_MIX_00298,M2,True,58.38657596371882,DRUM_SUPPORTED,True,159,58.39818594104308,-11.609977324262388,161.49902343749977,PROVISIONAL_QUALIFIED_EVIDENCE,SOURCE_ASSOCIATED_NATIVE_MARKER,NUMERICAL_MARKER_ONLY_ATTACK_UNCERTAINTY_UNQUANTIFIED,,INDETERMINATE_UNQUANTIFIED_ATTACK_AND_REFERENCE_UNCERTAINTY,NEGATIVE,11.609977324263038,NEW_003,c7efaf8d2029ed140d67b7cbfff1c23fd33e0ffcae18f285566266c063f78e1c,NEW_003_ADTOF_35_9,23.424036281177507,,,TRIO_CONDITIONED_NEW_003_181,,
F_MIX_00299,M2,True,58.42140589569161,DRUM_SUPPORTED,True,159,58.39818594104308,23.219954648531882,172.26562499999912,PROVISIONAL_QUALIFIED_EVIDENCE,SOURCE_ASSOCIATED_NATIVE_MARKER,NUMERICAL_MARKER_ONLY_ATTACK_UNCERTAINTY_UNQUANTIFIED,,INDETERMINATE_UNQUANTIFIED_ATTACK_AND_REFERENCE_UNCERTAINTY,POSITIVE,11.609977324263038,NEW_003,c7efaf8d2029ed140d67b7cbfff1c23fd33e0ffcae18f285566266c063f78e1c,NEW_003_ADTOF_35_9,11.405895691616763,,,TRIO_CONDITIONED_NEW_003_181,BASS_00115,
F_MIX_00300,M2,True,58.700045351473925,DRUM_SUPPORTED,True,160,58.746485260770974,-46.43990929704955,172.26562499999912,PROVISIONAL_QUALIFIED_EVIDENCE,SOURCE_ASSOCIATED_NATIVE_MARKER,NUMERICAL_MARKER_ONLY_ATTACK_UNCERTAINTY_UNQUANTIFIED,,INDETERMINATE_UNQUANTIFIED_ATTACK_AND_REFERENCE_UNCERTAINTY,NEGATIVE,11.609977324263038,NEW_003,c7efaf8d2029ed140d67b7cbfff1c23fd33e0ffcae18f285566266c063f78e1c,NEW_003_ADTOF_38_12,10.045351473927155,,,TRIO_CONDITIONED_NEW_003_184,,
F_MIX_00301,M2,True,58.792925170068024,DRUM_SUPPORTED,True,160,58.746485260770974,46.43990929704955,161.49902343749977,PROVISIONAL_QUALIFIED_EVIDENCE,SOURCE_ASSOCIATED_NATIVE_MARKER,NUMERICAL_MARKER_ONLY_ATTACK_UNCERTAINTY_UNQUANTIFIED,,INDETERMINATE_UNQUANTIFIED_ATTACK_AND_REFERENCE_UNCERTAINTY,POSITIVE,11.609977324263038,NEW_003,c7efaf8d2029ed140d67b7cbfff1c23fd33e0ffcae18f285566266c063f78e1c,NEW_003_ADTOF_49_32,12.925170068022851,,,TRIO_CONDITIONED_NEW_003_191,BASS_00116,
F_MIX_00302,M2,True,59.05995464852608,UNKNOWN,True,161,59.11800453514739,-58.04988662131194,161.49902343749977,UNKNOWN,SOURCE_NEUTRAL_NATIVE_MARKER,NUMERICAL_MARKER_ONLY_ATTACK_UNCERTAINTY_UNQUANTIFIED,,INDETERMINATE_UNQUANTIFIED_ATTACK_AND_REFERENCE_UNCERTAINTY,NEGATIVE,11.609977324263038,NEW_003,c7efaf8d2029ed140d67b7cbfff1c23fd33e0ffcae18f285566266c063f78e1c,NEW_003_ADTOF_35_10,70.04535147392232,,,TRIO_CONDITIONED_NEW_003_195,,
F_MIX_00303,M2,True,59.15283446712018,DRUM_SUPPORTED,True,161,59.11800453514739,34.829931972787165,172.26562499999912,PROVISIONAL_QUALIFIED_EVIDENCE,SOURCE_ASSOCIATED_NATIVE_MARKER,NUMERICAL_MARKER_ONLY_ATTACK_UNCERTAINTY_UNQUANTIFIED,,INDETERMINATE_UNQUANTIFIED_ATTACK_AND_REFERENCE_UNCERTAINTY,POSITIVE,11.609977324263038,NEW_003,c7efaf8d2029ed140d67b7cbfff1c23fd33e0ffcae18f285566266c063f78e1c,NEW_003_ADTOF_35_10,22.834467120176782,,,TRIO_CONDITIONED_NEW_003_200,BASS_00117,
F_MIX_00304,M2,True,59.43147392290249,UNKNOWN,True,162,59.466303854875285,-34.82993197279427,172.26562499999912,UNKNOWN,SOURCE_NEUTRAL_NATIVE_MARKER,NUMERICAL_MARKER_ONLY_ATTACK_UNCERTAINTY_UNQUANTIFIED,,INDETERMINATE_UNQUANTIFIED_ATTACK_AND_REFERENCE_UNCERTAINTY,NEGATIVE,11.609977324263038,NEW_003,c7efaf8d2029ed140d67b7cbfff1c23fd33e0ffcae18f285566266c063f78e1c,NEW_003_ADTOF_49_34,78.52607709750714,,,TRIO_CONDITIONED_NEW_003_206,,
F_MIX_00305,M2,True,59.5243537414966,DRUM_SUPPORTED,True,162,59.466303854875285,58.04988662131194,161.49902343749977,PROVISIONAL_QUALIFIED_EVIDENCE,SOURCE_ASSOCIATED_NATIVE_MARKER,NUMERICAL_MARKER_ONLY_ATTACK_UNCERTAINTY_UNQUANTIFIED,,INDETERMINATE_UNQUANTIFIED_ATTACK_AND_REFERENCE_UNCERTAINTY,POSITIVE,11.609977324263038,NEW_003,c7efaf8d2029ed140d67b7cbfff1c23fd33e0ffcae18f285566266c063f78e1c,NEW_003_ADTOF_49_34,14.35374149659907,,,TRIO_CONDITIONED_NEW_003_206,BASS_00118,
F_MIX_00306,M2,True,59.88426303854875,DRUM_SUPPORTED,True,163,59.8378231292517,46.43990929704955,161.49902343749977,PROVISIONAL_QUALIFIED_EVIDENCE,SOURCE_ASSOCIATED_NATIVE_MARKER,NUMERICAL_MARKER_ONLY_ATTACK_UNCERTAINTY_UNQUANTIFIED,,INDETERMINATE_UNQUANTIFIED_ATTACK_AND_REFERENCE_UNCERTAINTY,POSITIVE,11.609977324263038,NEW_003,c7efaf8d2029ed140d67b7cbfff1c23fd33e0ffcae18f285566266c063f78e1c,NEW_003_ADTOF_35_11,14.263038548754992,,,TRIO_CONDITIONED_NEW_003_213,BASS_00119,
F_MIX_00307,M2,True,60.03519274376417,UNKNOWN,True,164,60.20934240362812,-174.14965986395003,161.49902343749977,UNKNOWN,SOURCE_NEUTRAL_NATIVE_MARKER,NUMERICAL_MARKER_ONLY_ATTACK_UNCERTAINTY_UNQUANTIFIED,,INDETERMINATE_UNQUANTIFIED_ATTACK_AND_REFERENCE_UNCERTAINTY,NEGATIVE,11.609977324263038,NEW_004,c7efaf8d2029ed140d67b7cbfff1c23fd33e0ffcae18f285566266c063f78e1c,NEW_004_ADTOF_35_0,165.19274376417314,UNCONSTRAINED_NEW_004_4,UNCONSTRAINED_NEW_004_53,TRIO_CONDITIONED_NEW_004_9,,
F_MIX_00308,M2,True,60.1512925170068,UNKNOWN,True,164,60.20934240362812,-58.04988662131905,161.49902343749977,UNKNOWN,SOURCE_NEUTRAL_NATIVE_MARKER,NUMERICAL_MARKER_ONLY_ATTACK_UNCERTAINTY_UNQUANTIFIED,,INDETERMINATE_UNQUANTIFIED_ATTACK_AND_REFERENCE_UNCERTAINTY,NEGATIVE,11.609977324263038,NEW_004,c7efaf8d2029ed140d67b7cbfff1c23fd33e0ffcae18f285566266c063f78e1c,NEW_004_ADTOF_35_1,78.7074829931953,UNCONSTRAINED_NEW_004_8,UNCONSTRAINED_NEW_004_53,TRIO_CONDITIONED_NEW_004_9,,
F_MIX_00309,M2,True,60.24417233560091,BASS_AND_DRUM_SUPPORTED,True,164,60.20934240362812,34.829931972787165,161.49902343749977,PROVISIONAL_QUALIFIED_EVIDENCE,SOURCE_ASSOCIATED_NATIVE_MARKER,NUMERICAL_MARKER_ONLY_ATTACK_UNCERTAINTY_UNQUANTIFIED,,INDETERMINATE_UNQUANTIFIED_ATTACK_AND_REFERENCE_UNCERTAINTY,POSITIVE,11.609977324263038,NEW_004,c7efaf8d2029ed140d67b7cbfff1c23fd33e0ffcae18f285566266c063f78e1c,NEW_004_ADTOF_35_1,14.172335600910912,UNCONSTRAINED_NEW_004_8,UNCONSTRAINED_NEW_004_53,TRIO_CONDITIONED_NEW_004_9,BASS_00120,
F_MIX_00310,M2,True,60.3718820861678,UNKNOWN,True,164,60.20934240362812,162.53968253968054,161.49902343749977,UNKNOWN,SOURCE_NEUTRAL_NATIVE_MARKER,NUMERICAL_MARKER_ONLY_ATTACK_UNCERTAINTY_UNQUANTIFIED,,INDETERMINATE_UNQUANTIFIED_ATTACK_AND_REFERENCE_UNCERTAINTY,POSITIVE,11.609977324263038,NEW_004,c7efaf8d2029ed140d67b7cbfff1c23fd33e0ffcae18f285566266c063f78e1c,NEW_004_ADTOF_35_1,141.8820861678043,UNCONSTRAINED_NEW_004_8,UNCONSTRAINED_NEW_004_53,TRIO_CONDITIONED_NEW_004_9,,
F_MIX_00311,M2,True,60.48798185941043,UNKNOWN,True,165,60.58086167800454,-92.87981859410621,161.49902343749977,UNKNOWN,SOURCE_NEUTRAL_NATIVE_MARKER,NUMERICAL_MARKER_ONLY_ATTACK_UNCERTAINTY_UNQUANTIFIED,,INDETERMINATE_UNQUANTIFIED_ATTACK_AND_REFERENCE_UNCERTAINTY,NEGATIVE,11.609977324263038,NEW_004,c7efaf8d2029ed140d67b7cbfff1c23fd33e0ffcae18f285566266c063f78e1c,NEW_004_ADTOF_38_0,112.01814058956927,UNCONSTRAINED_NEW_004_15,UNCONSTRAINED_NEW_004_53,TRIO_CONDITIONED_NEW_004_16,,
F_MIX_00312,M2,True,60.615691609977326,BASS_AND_DRUM_SUPPORTED,True,165,60.58086167800454,34.829931972787165,172.26562500000261,PROVISIONAL_QUALIFIED_EVIDENCE,SOURCE_ASSOCIATED_NATIVE_MARKER,NUMERICAL_MARKER_ONLY_ATTACK_UNCERTAINTY_UNQUANTIFIED,,INDETERMINATE_UNQUANTIFIED_ATTACK_AND_REFERENCE_UNCERTAINTY,POSITIVE,11.609977324263038,NEW_004,c7efaf8d2029ed140d67b7cbfff1c23fd33e0ffcae18f285566266c063f78e1c,NEW_004_ADTOF_38_0,15.691609977324106,UNCONSTRAINED_NEW_004_15,UNCONSTRAINED_NEW_004_53,TRIO_CONDITIONED_NEW_004_16,BASS_00121,
F_MIX_00313,M2,True,60.87111111111111,UNKNOWN,True,166,60.929160997732424,-58.04988662131194,172.26562500000261,UNKNOWN,SOURCE_NEUTRAL_NATIVE_MARKER,NUMERICAL_MARKER_ONLY_ATTACK_UNCERTAINTY_UNQUANTIFIED,,INDETERMINATE_UNQUANTIFIED_ATTACK_AND_REFERENCE_UNCERTAINTY,NEGATIVE,11.609977324263038,NEW_004,c7efaf8d2029ed140d67b7cbfff1c23fd33e0ffcae18f285566266c063f78e1c,NEW_004_ADTOF_49_3,108.8888888888846,UNCONSTRAINED_NEW_004_18,UNCONSTRAINED_NEW_004_53,TRIO_CONDITIONED_NEW_004_20,BASS_00122,
F_MIX_00314,M2,True,61.03365079365079,UNKNOWN,True,166,60.929160997732424,104.4897959183686,151.99908088235324,UNKNOWN,SOURCE_NEUTRAL_NATIVE_MARKER,NUMERICAL_MARKER_ONLY_ATTACK_UNCERTAINTY_UNQUANTIFIED,,INDETERMINATE_UNQUANTIFIED_ATTACK_AND_REFERENCE_UNCERTAINTY,POSITIVE,11.609977324263038,NEW_004,c7efaf8d2029ed140d67b7cbfff1c23fd33e0ffcae18f285566266c063f78e1c,NEW_004_ADTOF_49_3,53.65079365079595,UNCONSTRAINED_NEW_004_18,UNCONSTRAINED_NEW_004_53,TRIO_CONDITIONED_NEW_004_20,,
F_MIX_00315,M2,True,61.24263038548753,UNKNOWN,True,167,61.32390022675737,-81.26984126983672,151.99908088235324,UNKNOWN,SOURCE_NEUTRAL_NATIVE_MARKER,NUMERICAL_MARKER_ONLY_ATTACK_UNCERTAINTY_UNQUANTIFIED,,INDETERMINATE_UNQUANTIFIED_ATTACK_AND_REFERENCE_UNCERTAINTY,NEGATIVE,11.609977324263038,NEW_004,c7efaf8d2029ed140d67b7cbfff1c23fd33e0ffcae18f285566266c063f78e1c,NEW_004_ADTOF_38_1,97.36961451247339,UNCONSTRAINED_NEW_004_23,UNCONSTRAINED_NEW_004_53,TRIO_CONDITIONED_NEW_004_25,,
F_MIX_00316,M2,True,61.35873015873016,BASS_AND_DRUM_SUPPORTED,True,167,61.32390022675737,34.82993197279427,161.49902343749977,PROVISIONAL_QUALIFIED_EVIDENCE,SOURCE_ASSOCIATED_NATIVE_MARKER,NUMERICAL_MARKER_ONLY_ATTACK_UNCERTAINTY_UNQUANTIFIED,,INDETERMINATE_UNQUANTIFIED_ATTACK_AND_REFERENCE_UNCERTAINTY,POSITIVE,11.609977324263038,NEW_004,c7efaf8d2029ed140d67b7cbfff1c23fd33e0ffcae18f285566266c063f78e1c,NEW_004_ADTOF_38_1,18.730158730157598,UNCONSTRAINED_NEW_004_23,UNCONSTRAINED_NEW_004_53,TRIO_CONDITIONED_NEW_004_25,BASS_00123,
F_MIX_00317,M2,True,61.61414965986395,DRUM_SUPPORTED,True,168,61.695419501133784,-81.26984126983672,161.49902343749977,PROVISIONAL_QUALIFIED_EVIDENCE,SOURCE_ASSOCIATED_NATIVE_MARKER,NUMERICAL_MARKER_ONLY_ATTACK_UNCERTAINTY_UNQUANTIFIED,,INDETERMINATE_UNQUANTIFIED_ATTACK_AND_REFERENCE_UNCERTAINTY,NEGATIVE,11.609977324263038,NEW_004,c7efaf8d2029ed140d67b7cbfff1c23fd33e0ffcae18f285566266c063f78e1c,NEW_004_ADTOF_38_2,14.14965986394634,UNCONSTRAINED_NEW_004_26,UNCONSTRAINED_NEW_004_53,TRIO_CONDITIONED_NEW_004_27,,
F_MIX_00318,M2,True,61.73024943310658,BASS_AND_DRUM_SUPPORTED,True,168,61.695419501133784,34.82993197279427,161.49902343749977,PROVISIONAL_QUALIFIED_EVIDENCE,SOURCE_ASSOCIATED_NATIVE_MARKER,NUMERICAL_MARKER_ONLY_ATTACK_UNCERTAINTY_UNQUANTIFIED,,INDETERMINATE_UNQUANTIFIED_ATTACK_AND_REFERENCE_UNCERTAINTY,POSITIVE,11.609977324263038,NEW_004,c7efaf8d2029ed140d67b7cbfff1c23fd33e0ffcae18f285566266c063f78e1c,NEW_004_ADTOF_35_2,20.249433106577897,UNCONSTRAINED_NEW_004_26,UNCONSTRAINED_NEW_004_53,TRIO_CONDITIONED_NEW_004_29,BASS_00124,
F_MIX_00319,M2,True,62.0669387755102,BASS_AND_DRUM_SUPPORTED,True,169,62.0669387755102,0.0,161.49902343749977,PROVISIONAL_QUALIFIED_EVIDENCE,SOURCE_ASSOCIATED_NATIVE_MARKER,NUMERICAL_MARKER_ONLY_ATTACK_UNCERTAINTY_UNQUANTIFIED,,INDETERMINATE_UNQUANTIFIED_ATTACK_AND_REFERENCE_UNCERTAINTY,ZERO,11.609977324263038,NEW_004,c7efaf8d2029ed140d67b7cbfff1c23fd33e0ffcae18f285566266c063f78e1c,NEW_004_ADTOF_38_3,6.938775510199946,UNCONSTRAINED_NEW_004_28,UNCONSTRAINED_NEW_004_53,TRIO_CONDITIONED_NEW_004_32,BASS_00125,
F_MIX_00320,M2,True,62.368798185941046,UNKNOWN,True,170,62.43845804988662,-69.65986394557433,161.49902343749977,UNKNOWN,SOURCE_NEUTRAL_NATIVE_MARKER,NUMERICAL_MARKER_ONLY_ATTACK_UNCERTAINTY_UNQUANTIFIED,,INDETERMINATE_UNQUANTIFIED_ATTACK_AND_REFERENCE_UNCERTAINTY,NEGATIVE,11.609977324263038,NEW_004,c7efaf8d2029ed140d67b7cbfff1c23fd33e0ffcae18f285566266c063f78e1c,NEW_004_ADTOF_49_7,51.201814058956074,UNCONSTRAINED_NEW_004_32,UNCONSTRAINED_NEW_004_53,TRIO_CONDITIONED_NEW_004_36,BASS_00126,
F_MIX_00321,M2,True,62.43845804988662,DRUM_SUPPORTED,True,170,62.43845804988662,0.0,161.49902343749977,PROVISIONAL_QUALIFIED_EVIDENCE,SOURCE_ASSOCIATED_NATIVE_MARKER,NUMERICAL_MARKER_ONLY_ATTACK_UNCERTAINTY_UNQUANTIFIED,,INDETERMINATE_UNQUANTIFIED_ATTACK_AND_REFERENCE_UNCERTAINTY,ZERO,11.609977324263038,NEW_004,c7efaf8d2029ed140d67b7cbfff1c23fd33e0ffcae18f285566266c063f78e1c,NEW_004_ADTOF_49_7,18.458049886618255,UNCONSTRAINED_NEW_004_32,UNCONSTRAINED_NEW_004_53,TRIO_CONDITIONED_NEW_004_36,,
F_MIX_00322,M2,True,62.49650793650794,UNKNOWN,True,170,62.43845804988662,58.04988662131905,161.49902343749977,UNKNOWN,SOURCE_NEUTRAL_NATIVE_MARKER,NUMERICAL_MARKER_ONLY_ATTACK_UNCERTAINTY_UNQUANTIFIED,,INDETERMINATE_UNQUANTIFIED_ATTACK_AND_REFERENCE_UNCERTAINTY,POSITIVE,11.609977324263038,NEW_004,c7efaf8d2029ed140d67b7cbfff1c23fd33e0ffcae18f285566266c063f78e1c,NEW_004_ADTOF_49_7,76.5079365079373,UNCONSTRAINED_NEW_004_32,UNCONSTRAINED_NEW_004_53,TRIO_CONDITIONED_NEW_004_36,,
F_MIX_00323,M2,True,62.798367346938775,BASS_AND_DRUM_SUPPORTED,True,171,62.80997732426304,-11.609977324262388,161.49902343749977,PROVISIONAL_QUALIFIED_EVIDENCE,SOURCE_ASSOCIATED_NATIVE_MARKER,NUMERICAL_MARKER_ONLY_ATTACK_UNCERTAINTY_UNQUANTIFIED,,INDETERMINATE_UNQUANTIFIED_ATTACK_AND_REFERENCE_UNCERTAINTY,NEGATIVE,11.609977324263038,NEW_004,c7efaf8d2029ed140d67b7cbfff1c23fd33e0ffcae18f285566266c063f78e1c,NEW_004_ADTOF_38_4,8.367346938776166,UNCONSTRAINED_NEW_004_34,UNCONSTRAINED_NEW_004_53,TRIO_CONDITIONED_NEW_004_39,BASS_00127,
F_MIX_00324,M2,True,63.181496598639455,BASS_AND_DRUM_SUPPORTED,True,172,63.181496598639455,0.0,172.26562499999912,PROVISIONAL_QUALIFIED_EVIDENCE,SOURCE_ASSOCIATED_NATIVE_MARKER,NUMERICAL_MARKER_ONLY_ATTACK_UNCERTAINTY_UNQUANTIFIED,,INDETERMINATE_UNQUANTIFIED_ATTACK_AND_REFERENCE_UNCERTAINTY,ZERO,11.609977324263038,NEW_004,c7efaf8d2029ed140d67b7cbfff1c23fd33e0ffcae18f285566266c063f78e1c,NEW_004_ADTOF_35_3,21.496598639458853,UNCONSTRAINED_NEW_004_36,UNCONSTRAINED_NEW_004_53,TRIO_CONDITIONED_NEW_004_42,BASS_00128,
F_MIX_00325,M2,True,63.46013605442177,DRUM_SUPPORTED,True,173,63.52979591836735,-69.65986394558144,172.26562499999912,PROVISIONAL_QUALIFIED_EVIDENCE,SOURCE_ASSOCIATED_NATIVE_MARKER,NUMERICAL_MARKER_ONLY_ATTACK_UNCERTAINTY_UNQUANTIFIED,,INDETERMINATE_UNQUANTIFIED_ATTACK_AND_REFERENCE_UNCERTAINTY,NEGATIVE,11.609977324263038,NEW_004,c7efaf8d2029ed140d67b7cbfff1c23fd33e0ffcae18f285566266c063f78e1c,NEW_004_ADTOF_38_5,20.136054421769245,UNCONSTRAINED_NEW_004_39,UNCONSTRAINED_NEW_004_53,TRIO_CONDITIONED_NEW_004_46,BASS_00129,
F_MIX_00326,M2,True,63.54140589569161,DRUM_SUPPORTED,True,173,63.52979591836735,11.609977324262388,161.49902343749977,PROVISIONAL_QUALIFIED_EVIDENCE,SOURCE_ASSOCIATED_NATIVE_MARKER,NUMERICAL_MARKER_ONLY_ATTACK_UNCERTAINTY_UNQUANTIFIED,,INDETERMINATE_UNQUANTIFIED_ATTACK_AND_REFERENCE_UNCERTAINTY,POSITIVE,11.609977324263038,NEW_004,c7efaf8d2029ed140d67b7cbfff1c23fd33e0ffcae18f285566266c063f78e1c,NEW_004_ADTOF_35_4,11.405895691609658,UNCONSTRAINED_NEW_004_39,UNCONSTRAINED_NEW_004_53,TRIO_CONDITIONED_NEW_004_46,,
F_MIX_00327,M2,True,63.80843537414966,DRUM_SUPPORTED,True,174,63.901315192743766,-92.87981859410621,161.49902343749977,PROVISIONAL_QUALIFIED_EVIDENCE,SOURCE_ASSOCIATED_NATIVE_MARKER,NUMERICAL_MARKER_ONLY_ATTACK_UNCERTAINTY_UNQUANTIFIED,,INDETERMINATE_UNQUANTIFIED_ATTACK_AND_REFERENCE_UNCERTAINTY,NEGATIVE,11.609977324263038,NEW_004,c7efaf8d2029ed140d67b7cbfff1c23fd33e0ffcae18f285566266c063f78e1c,NEW_004_ADTOF_49_11,18.435374149660788,UNCONSTRAINED_NEW_004_42,UNCONSTRAINED_NEW_004_53,TRIO_CONDITIONED_NEW_004_52,,
F_MIX_00328,M2,True,64.24961451247165,DRUM_SUPPORTED,True,175,64.27283446712018,-23.219954648524777,161.49902343750287,PROVISIONAL_QUALIFIED_EVIDENCE,SOURCE_ASSOCIATED_NATIVE_MARKER,NUMERICAL_MARKER_ONLY_ATTACK_UNCERTAINTY_UNQUANTIFIED,,INDETERMINATE_UNQUANTIFIED_ATTACK_AND_REFERENCE_UNCERTAINTY,NEGATIVE,11.609977324263038,NEW_004,c7efaf8d2029ed140d67b7cbfff1c23fd33e0ffcae18f285566266c063f78e1c,NEW_004_ADTOF_35_6,0.38548752834799416,UNCONSTRAINED_NEW_004_48,UNCONSTRAINED_NEW_004_53,TRIO_CONDITIONED_NEW_004_57,,
F_MIX_00329,M2,True,64.51664399092971,DRUM_SUPPORTED,True,176,64.62113378684808,-104.4897959183686,172.2656249999956,PROVISIONAL_QUALIFIED_EVIDENCE,SOURCE_ASSOCIATED_NATIVE_MARKER,NUMERICAL_MARKER_ONLY_ATTACK_UNCERTAINTY_UNQUANTIFIED,,INDETERMINATE_UNQUANTIFIED_ATTACK_AND_REFERENCE_UNCERTAINTY,NEGATIVE,11.609977324263038,NEW_004,c7efaf8d2029ed140d67b7cbfff1c23fd33e0ffcae18f285566266c063f78e1c,NEW_004_ADTOF_38_8,26.643990929713368,UNCONSTRAINED_NEW_004_52,UNCONSTRAINED_NEW_004_53,TRIO_CONDITIONED_NEW_004_63,,
F_MIX_00330,M2,True,64.62113378684808,DRUM_SUPPORTED,True,176,64.62113378684808,0.0,161.49902343750287,PROVISIONAL_QUALIFIED_EVIDENCE,SOURCE_ASSOCIATED_NATIVE_MARKER,NUMERICAL_MARKER_ONLY_ATTACK_UNCERTAINTY_UNQUANTIFIED,,INDETERMINATE_UNQUANTIFIED_ATTACK_AND_REFERENCE_UNCERTAINTY,ZERO,11.609977324263038,NEW_004,c7efaf8d2029ed140d67b7cbfff1c23fd33e0ffcae18f285566266c063f78e1c,NEW_004_ADTOF_35_7,21.133786848082536,UNCONSTRAINED_NEW_004_52,UNCONSTRAINED_NEW_004_53,TRIO_CONDITIONED_NEW_004_63,,
F_MIX_00331,M2,True,64.88816326530612,UNKNOWN,True,177,64.99265306122449,-104.4897959183686,161.49902343750287,UNKNOWN,SOURCE_NEUTRAL_NATIVE_MARKER,NUMERICAL_MARKER_ONLY_ATTACK_UNCERTAINTY_UNQUANTIFIED,,INDETERMINATE_UNQUANTIFIED_ATTACK_AND_REFERENCE_UNCERTAINTY,NEGATIVE,11.609977324263038,NEW_004,c7efaf8d2029ed140d67b7cbfff1c23fd33e0ffcae18f285566266c063f78e1c,NEW_004_ADTOF_35_8,71.83673469387486,UNCONSTRAINED_NEW_004_56,UNCONSTRAINED_NEW_004_54,TRIO_CONDITIONED_NEW_004_65,,
F_MIX_00332,M2,True,64.98104308390023,DRUM_SUPPORTED,True,177,64.99265306122449,-11.609977324255283,161.49902343750287,PROVISIONAL_QUALIFIED_EVIDENCE,SOURCE_ASSOCIATED_NATIVE_MARKER,NUMERICAL_MARKER_ONLY_ATTACK_UNCERTAINTY_UNQUANTIFIED,,INDETERMINATE_UNQUANTIFIED_ATTACK_AND_REFERENCE_UNCERTAINTY,NEGATIVE,11.609977324263038,NEW_004,c7efaf8d2029ed140d67b7cbfff1c23fd33e0ffcae18f285566266c063f78e1c,NEW_004_ADTOF_35_8,21.043083900238457,UNCONSTRAINED_NEW_004_56,UNCONSTRAINED_NEW_004_57,TRIO_CONDITIONED_NEW_004_69,,
F_MIX_00333,M2,True,65.23646258503402,UNKNOWN,True,178,65.34095238095239,-104.4897959183686,172.2656249999956,UNKNOWN,SOURCE_NEUTRAL_NATIVE_MARKER,NUMERICAL_MARKER_ONLY_ATTACK_UNCERTAINTY_UNQUANTIFIED,,INDETERMINATE_UNQUANTIFIED_ATTACK_AND_REFERENCE_UNCERTAINTY,NEGATIVE,11.609977324263038,NEW_004,c7efaf8d2029ed140d67b7cbfff1c23fd33e0ffcae18f285566266c063f78e1c,NEW_004_ADTOF_38_9,36.462585034016115,UNCONSTRAINED_NEW_004_63,UNCONSTRAINED_NEW_004_60,TRIO_CONDITIONED_NEW_004_73,,
F_MIX_00334,M2,True,65.34095238095239,DRUM_SUPPORTED,True,178,65.34095238095239,0.0,172.26562500000261,PROVISIONAL_QUALIFIED_EVIDENCE,SOURCE_ASSOCIATED_NATIVE_MARKER,NUMERICAL_MARKER_ONLY_ATTACK_UNCERTAINTY_UNQUANTIFIED,,INDETERMINATE_UNQUANTIFIED_ATTACK_AND_REFERENCE_UNCERTAINTY,ZERO,11.609977324263038,NEW_004,c7efaf8d2029ed140d67b7cbfff1c23fd33e0ffcae18f285566266c063f78e1c,NEW_004_ADTOF_35_9,20.95238095239438,UNCONSTRAINED_NEW_004_63,UNCONSTRAINED_NEW_004_64,TRIO_CONDITIONED_NEW_004_77,,
F_MIX_00335,M2,True,65.70086167800453,DRUM_SUPPORTED,True,179,65.68925170068027,11.609977324255283,161.49902343750287,PROVISIONAL_QUALIFIED_EVIDENCE,SOURCE_ASSOCIATED_NATIVE_MARKER,NUMERICAL_MARKER_ONLY_ATTACK_UNCERTAINTY_UNQUANTIFIED,,INDETERMINATE_UNQUANTIFIED_ATTACK_AND_REFERENCE_UNCERTAINTY,POSITIVE,11.609977324263038,NEW_004,c7efaf8d2029ed140d67b7cbfff1c23fd33e0ffcae18f285566266c063f78e1c,NEW_004_ADTOF_35_10,20.861678004521877,UNCONSTRAINED_NEW_004_70,UNCONSTRAINED_NEW_004_71,TRIO_CONDITIONED_NEW_004_82,,
F_MIX_00336,M2,True,65.99111111111111,UNKNOWN,True,180,66.06077097505668,-69.65986394557433,161.49902343750287,UNKNOWN,SOURCE_NEUTRAL_NATIVE_MARKER,NUMERICAL_MARKER_ONLY_ATTACK_UNCERTAINTY_UNQUANTIFIED,,INDETERMINATE_UNQUANTIFIED_ATTACK_AND_REFERENCE_UNCERTAINTY,NEGATIVE,11.609977324263038,NEW_004,c7efaf8d2029ed140d67b7cbfff1c23fd33e0ffcae18f285566266c063f78e1c,NEW_004_ADTOF_35_11,58.888888888887436,UNCONSTRAINED_NEW_004_77,UNCONSTRAINED_NEW_004_78,TRIO_CONDITIONED_NEW_004_86,,
F_MIX_00337,M2,True,66.07238095238095,BASS_AND_DRUM_SUPPORTED,True,180,66.06077097505668,11.609977324269494,172.2656249999956,PROVISIONAL_QUALIFIED_EVIDENCE,SOURCE_ASSOCIATED_NATIVE_MARKER,NUMERICAL_MARKER_ONLY_ATTACK_UNCERTAINTY_UNQUANTIFIED,,INDETERMINATE_UNQUANTIFIED_ATTACK_AND_REFERENCE_UNCERTAINTY,POSITIVE,11.609977324263038,NEW_004,c7efaf8d2029ed140d67b7cbfff1c23fd33e0ffcae18f285566266c063f78e1c,NEW_004_ADTOF_35_11,22.380952380956387,UNCONSTRAINED_NEW_004_77,UNCONSTRAINED_NEW_004_78,TRIO_CONDITIONED_NEW_004_89,BASS_00130,
F_MIX_00338,M2,True,66.42068027210884,BASS_AND_DRUM_SUPPORTED,True,181,66.40907029478458,11.609977324255283,161.49902343750287,PROVISIONAL_QUALIFIED_EVIDENCE,SOURCE_ASSOCIATED_NATIVE_MARKER,NUMERICAL_MARKER_ONLY_ATTACK_UNCERTAINTY_UNQUANTIFIED,,INDETERMINATE_UNQUANTIFIED_ATTACK_AND_REFERENCE_UNCERTAINTY,POSITIVE,11.609977324263038,NEW_004,c7efaf8d2029ed140d67b7cbfff1c23fd33e0ffcae18f285566266c063f78e1c,NEW_004_ADTOF_35_12,0.6802721088376984,UNCONSTRAINED_NEW_004_83,UNCONSTRAINED_NEW_004_84,TRIO_CONDITIONED_NEW_004_94,BASS_00131,
F_MIX_00339,M2,True,66.69931972789115,DRUM_SUPPORTED,True,182,66.780589569161,-81.26984126984382,161.49902343750287,PROVISIONAL_QUALIFIED_EVIDENCE,SOURCE_ASSOCIATED_NATIVE_MARKER,NUMERICAL_MARKER_ONLY_ATTACK_UNCERTAINTY_UNQUANTIFIED,,INDETERMINATE_UNQUANTIFIED_ATTACK_AND_REFERENCE_UNCERTAINTY,NEGATIVE,11.609977324263038,NEW_004,c7efaf8d2029ed140d67b7cbfff1c23fd33e0ffcae18f285566266c063f78e1c,NEW_004_ADTOF_38_12,29.319727891149228,UNCONSTRAINED_NEW_004_90,UNCONSTRAINED_NEW_004_88,TRIO_CONDITIONED_NEW_004_97,,
F_MIX_00340,M2,True,66.79219954648526,BASS_AND_DRUM_SUPPORTED,True,182,66.780589569161,11.609977324269494,172.2656249999956,PROVISIONAL_QUALIFIED_EVIDENCE,SOURCE_ASSOCIATED_NATIVE_MARKER,NUMERICAL_MARKER_ONLY_ATTACK_UNCERTAINTY_UNQUANTIFIED,,INDETERMINATE_UNQUANTIFIED_ATTACK_AND_REFERENCE_UNCERTAINTY,POSITIVE,11.609977324263038,NEW_004,c7efaf8d2029ed140d67b7cbfff1c23fd33e0ffcae18f285566266c063f78e1c,NEW_004_ADTOF_35_13,22.19954648526823,UNCONSTRAINED_NEW_004_90,UNCONSTRAINED_NEW_004_91,TRIO_CONDITIONED_NEW_004_100,BASS_00132,
F_MIX_00341,M2,True,67.1288888888889,BASS_AND_DRUM_SUPPORTED,True,183,67.1288888888889,0.0,172.26562500000261,PROVISIONAL_QUALIFIED_EVIDENCE,SOURCE_ASSOCIATED_NATIVE_MARKER,NUMERICAL_MARKER_ONLY_ATTACK_UNCERTAINTY_UNQUANTIFIED,,INDETERMINATE_UNQUANTIFIED_ATTACK_AND_REFERENCE_UNCERTAINTY,ZERO,11.609977324263038,NEW_004,c7efaf8d2029ed140d67b7cbfff1c23fd33e0ffcae18f285566266c063f78e1c,NEW_004_ADTOF_38_13,8.888888888890278,UNCONSTRAINED_NEW_004_95,UNCONSTRAINED_NEW_004_96,TRIO_CONDITIONED_NEW_004_105,BASS_00133,
F_MIX_00342,M2,True,67.43074829931973,UNKNOWN,True,184,67.47718820861678,-46.43990929704955,172.26562500000261,UNKNOWN,SOURCE_NEUTRAL_NATIVE_MARKER,NUMERICAL_MARKER_ONLY_ATTACK_UNCERTAINTY_UNQUANTIFIED,,INDETERMINATE_UNQUANTIFIED_ATTACK_AND_REFERENCE_UNCERTAINTY,NEGATIVE,11.609977324263038,NEW_004,c7efaf8d2029ed140d67b7cbfff1c23fd33e0ffcae18f285566266c063f78e1c,NEW_004_ADTOF_35_14,59.25170068026375,UNCONSTRAINED_NEW_004_101,UNCONSTRAINED_NEW_004_102,TRIO_CONDITIONED_NEW_004_108,BASS_00134,
F_MIX_00343,M2,True,67.5004081632653,DRUM_SUPPORTED,True,184,67.47718820861678,23.219954648524777,161.49902343750287,PROVISIONAL_QUALIFIED_EVIDENCE,SOURCE_ASSOCIATED_NATIVE_MARKER,NUMERICAL_MARKER_ONLY_ATTACK_UNCERTAINTY_UNQUANTIFIED,,INDETERMINATE_UNQUANTIFIED_ATTACK_AND_REFERENCE_UNCERTAINTY,POSITIVE,11.609977324263038,NEW_004,c7efaf8d2029ed140d67b7cbfff1c23fd33e0ffcae18f285566266c063f78e1c,NEW_004_ADTOF_35_14,10.408163265310577,UNCONSTRAINED_NEW_004_101,UNCONSTRAINED_NEW_004_102,TRIO_CONDITIONED_NEW_004_111,,
F_MIX_00344,M2,True,67.80226757369614,UNKNOWN,True,185,67.84870748299319,-46.43990929704955,161.49902343750287,UNKNOWN,SOURCE_NEUTRAL_NATIVE_MARKER,NUMERICAL_MARKER_ONLY_ATTACK_UNCERTAINTY_UNQUANTIFIED,,INDETERMINATE_UNQUANTIFIED_ATTACK_AND_REFERENCE_UNCERTAINTY,NEGATIVE,11.609977324263038,NEW_004,c7efaf8d2029ed140d67b7cbfff1c23fd33e0ffcae18f285566266c063f78e1c,NEW_004_ADTOF_35_15,37.732426303861644,UNCONSTRAINED_NEW_004_108,UNCONSTRAINED_NEW_004_109,TRIO_CONDITIONED_NEW_004_119,BASS_00135,
F_MIX_00345,M2,True,67.87192743764173,DRUM_SUPPORTED,True,185,67.84870748299319,23.219954648538987,172.2656249999956,PROVISIONAL_QUALIFIED_EVIDENCE,SOURCE_ASSOCIATED_NATIVE_MARKER,NUMERICAL_MARKER_ONLY_ATTACK_UNCERTAINTY_UNQUANTIFIED,,INDETERMINATE_UNQUANTIFIED_ATTACK_AND_REFERENCE_UNCERTAINTY,POSITIVE,11.609977324263038,NEW_004,c7efaf8d2029ed140d67b7cbfff1c23fd33e0ffcae18f285566266c063f78e1c,NEW_004_ADTOF_35_15,31.927437641726897,UNCONSTRAINED_NEW_004_108,UNCONSTRAINED_NEW_004_109,TRIO_CONDITIONED_NEW_004_119,,
F_MIX_00346,M2,True,68.1621768707483,DRUM_SUPPORTED,True,186,68.19700680272109,-34.82993197279427,172.2656249999956,PROVISIONAL_QUALIFIED_EVIDENCE,SOURCE_ASSOCIATED_NATIVE_MARKER,NUMERICAL_MARKER_ONLY_ATTACK_UNCERTAINTY_UNQUANTIFIED,,INDETERMINATE_UNQUANTIFIED_ATTACK_AND_REFERENCE_UNCERTAINTY,NEGATIVE,11.609977324263038,NEW_004,c7efaf8d2029ed140d67b7cbfff1c23fd33e0ffcae18f285566266c063f78e1c,NEW_004_ADTOF_35_16,27.823129251700607,UNCONSTRAINED_NEW_004_113,UNCONSTRAINED_NEW_004_114,TRIO_CONDITIONED_NEW_004_122,BASS_00136,
F_MIX_00347,M2,True,68.20861678004535,DRUM_SUPPORTED,True,186,68.19700680272109,11.609977324255283,161.49902343750287,PROVISIONAL_QUALIFIED_EVIDENCE,SOURCE_ASSOCIATED_NATIVE_MARKER,NUMERICAL_MARKER_ONLY_ATTACK_UNCERTAINTY_UNQUANTIFIED,,INDETERMINATE_UNQUANTIFIED_ATTACK_AND_REFERENCE_UNCERTAINTY,POSITIVE,11.609977324263038,NEW_004,c7efaf8d2029ed140d67b7cbfff1c23fd33e0ffcae18f285566266c063f78e1c,NEW_004_ADTOF_35_16,18.616780045348946,UNCONSTRAINED_NEW_004_113,UNCONSTRAINED_NEW_004_114,TRIO_CONDITIONED_NEW_004_125,,
F_MIX_00348,M2,True,68.28988662131519,UNKNOWN,True,186,68.19700680272109,92.8798185940991,161.49902343750287,UNKNOWN,SOURCE_NEUTRAL_NATIVE_MARKER,NUMERICAL_MARKER_ONLY_ATTACK_UNCERTAINTY_UNQUANTIFIED,,INDETERMINATE_UNQUANTIFIED_ATTACK_AND_REFERENCE_UNCERTAINTY,POSITIVE,11.609977324263038,NEW_004,c7efaf8d2029ed140d67b7cbfff1c23fd33e0ffcae18f285566266c063f78e1c,NEW_004_ADTOF_35_16,99.88662131519277,UNCONSTRAINED_NEW_004_113,UNCONSTRAINED_NEW_004_114,TRIO_CONDITIONED_NEW_004_125,,
F_MIX_00349,M2,True,68.52208616780045,UNKNOWN,True,187,68.5685260770975,-46.43990929704955,161.49902343750287,UNKNOWN,SOURCE_NEUTRAL_NATIVE_MARKER,NUMERICAL_MARKER_ONLY_ATTACK_UNCERTAINTY_UNQUANTIFIED,,INDETERMINATE_UNQUANTIFIED_ATTACK_AND_REFERENCE_UNCERTAINTY,NEGATIVE,11.609977324263038,NEW_004,c7efaf8d2029ed140d67b7cbfff1c23fd33e0ffcae18f285566266c063f78e1c,NEW_004_ADTOF_35_17,47.91383219954071,UNCONSTRAINED_NEW_004_118,UNCONSTRAINED_NEW_004_119,TRIO_CONDITIONED_NEW_004_127,,
F_MIX_00350,M2,True,68.59174603174603,BASS_AND_DRUM_SUPPORTED,True,187,68.5685260770975,23.219954648524777,172.2656249999956,PROVISIONAL_QUALIFIED_EVIDENCE,SOURCE_ASSOCIATED_NATIVE_MARKER,NUMERICAL_MARKER_ONLY_ATTACK_UNCERTAINTY_UNQUANTIFIED,,INDETERMINATE_UNQUANTIFIED_ATTACK_AND_REFERENCE_UNCERTAINTY,POSITIVE,11.609977324263038,NEW_004,c7efaf8d2029ed140d67b7cbfff1c23fd33e0ffcae18f285566266c063f78e1c,NEW_004_ADTOF_35_17,21.746031746033623,UNCONSTRAINED_NEW_004_118,UNCONSTRAINED_NEW_004_119,TRIO_CONDITIONED_NEW_004_130,BASS_00137,
F_MIX_00351,M2,True,68.84716553287981,DRUM_SUPPORTED,True,188,68.9168253968254,-69.65986394558854,172.2656249999956,PROVISIONAL_QUALIFIED_EVIDENCE,SOURCE_ASSOCIATED_NATIVE_MARKER,NUMERICAL_MARKER_ONLY_ATTACK_UNCERTAINTY_UNQUANTIFIED,,INDETERMINATE_UNQUANTIFIED_ATTACK_AND_REFERENCE_UNCERTAINTY,NEGATIVE,11.609977324263038,NEW_004,c7efaf8d2029ed140d67b7cbfff1c23fd33e0ffcae18f285566266c063f78e1c,NEW_004_ADTOF_38_14,27.165532879820375,UNCONSTRAINED_NEW_004_123,UNCONSTRAINED_NEW_004_121,TRIO_CONDITIONED_NEW_004_132,,
F_MIX_00352,M2,True,68.98648526077098,UNKNOWN,True,188,68.9168253968254,69.65986394557433,161.49902343750287,UNKNOWN,SOURCE_NEUTRAL_NATIVE_MARKER,NUMERICAL_MARKER_ONLY_ATTACK_UNCERTAINTY_UNQUANTIFIED,,INDETERMINATE_UNQUANTIFIED_ATTACK_AND_REFERENCE_UNCERTAINTY,POSITIVE,11.609977324263038,NEW_004,c7efaf8d2029ed140d67b7cbfff1c23fd33e0ffcae18f285566266c063f78e1c,NEW_004_ADTOF_35_18,46.4852607709787,UNCONSTRAINED_NEW_004_123,UNCONSTRAINED_NEW_004_124,TRIO_CONDITIONED_NEW_004_136,BASS_00138,
F_MIX_00353,M2,True,69.29995464852608,BASS_AND_DRUM_SUPPORTED,True,189,69.28834467120181,11.609977324269494,172.26562500000261,PROVISIONAL_QUALIFIED_EVIDENCE,SOURCE_ASSOCIATED_NATIVE_MARKER,NUMERICAL_MARKER_ONLY_ATTACK_UNCERTAINTY_UNQUANTIFIED,,INDETERMINATE_UNQUANTIFIED_ATTACK_AND_REFERENCE_UNCERTAINTY,POSITIVE,11.609977324263038,NEW_004,c7efaf8d2029ed140d67b7cbfff1c23fd33e0ffcae18f285566266c063f78e1c,NEW_004_ADTOF_38_15,19.954648526081087,UNCONSTRAINED_NEW_004_128,UNCONSTRAINED_NEW_004_129,TRIO_CONDITIONED_NEW_004_141,BASS_00139,
F_MIX_00354,M2,True,69.56698412698412,UNKNOWN,True,190,69.6366439909297,-69.65986394557433,172.26562500000261,UNKNOWN,SOURCE_NEUTRAL_NATIVE_MARKER,NUMERICAL_MARKER_ONLY_ATTACK_UNCERTAINTY_UNQUANTIFIED,,INDETERMINATE_UNQUANTIFIED_ATTACK_AND_REFERENCE_UNCERTAINTY,NEGATIVE,11.609977324263038,NEW_004,c7efaf8d2029ed140d67b7cbfff1c23fd33e0ffcae18f285566266c063f78e1c,NEW_004_ADTOF_49_28,63.01587301587119,UNCONSTRAINED_NEW_004_136,UNCONSTRAINED_NEW_004_131,TRIO_CONDITIONED_NEW_004_148,,
F_MIX_00355,M2,True,69.64825396825397,DRUM_SUPPORTED,True,190,69.6366439909297,11.609977324269494,172.2656249999956,PROVISIONAL_QUALIFIED_EVIDENCE,SOURCE_ASSOCIATED_NATIVE_MARKER,NUMERICAL_MARKER_ONLY_ATTACK_UNCERTAINTY_UNQUANTIFIED,,INDETERMINATE_UNQUANTIFIED_ATTACK_AND_REFERENCE_UNCERTAINTY,POSITIVE,11.609977324263038,NEW_004,c7efaf8d2029ed140d67b7cbfff1c23fd33e0ffcae18f285566266c063f78e1c,NEW_004_ADTOF_49_28,18.25396825397263,UNCONSTRAINED_NEW_004_136,UNCONSTRAINED_NEW_004_137,TRIO_CONDITIONED_NEW_004_148,,
F_MIX_00356,M2,True,69.92689342403628,UNKNOWN,True,191,69.9849433106576,-58.04988662131905,172.2656249999956,UNKNOWN,SOURCE_NEUTRAL_NATIVE_MARKER,NUMERICAL_MARKER_ONLY_ATTACK_UNCERTAINTY_UNQUANTIFIED,,INDETERMINATE_UNQUANTIFIED_ATTACK_AND_REFERENCE_UNCERTAINTY,NEGATIVE,11.609977324263038,NEW_004,c7efaf8d2029ed140d67b7cbfff1c23fd33e0ffcae18f285566266c063f78e1c,NEW_004_ADTOF_38_16,73.10657596372039,UNCONSTRAINED_NEW_004_142,UNCONSTRAINED_NEW_004_140,TRIO_CONDITIONED_NEW_004_151,,
F_MIX_00357,M2,True,70.01977324263038,DRUM_SUPPORTED,True,191,69.9849433106576,34.82993197278006,161.49902343750287,PROVISIONAL_QUALIFIED_EVIDENCE,SOURCE_ASSOCIATED_NATIVE_MARKER,NUMERICAL_MARKER_ONLY_ATTACK_UNCERTAINTY_UNQUANTIFIED,,INDETERMINATE_UNQUANTIFIED_ATTACK_AND_REFERENCE_UNCERTAINTY,POSITIVE,11.609977324263038,NEW_004,c7efaf8d2029ed140d67b7cbfff1c23fd33e0ffcae18f285566266c063f78e1c,NEW_004_ADTOF_38_16,19.773242630378718,UNCONSTRAINED_NEW_004_142,UNCONSTRAINED_NEW_004_143,TRIO_CONDITIONED_NEW_004_154,,
F_MIX_00358,M2,True,70.2984126984127,UNKNOWN,True,192,70.35646258503401,-58.049886621304836,161.49902343750287,UNKNOWN,SOURCE_NEUTRAL_NATIVE_MARKER,NUMERICAL_MARKER_ONLY_ATTACK_UNCERTAINTY_UNQUANTIFIED,,INDETERMINATE_UNQUANTIFIED_ATTACK_AND_REFERENCE_UNCERTAINTY,NEGATIVE,11.609977324263038,NEW_004,c7efaf8d2029ed140d67b7cbfff1c23fd33e0ffcae18f285566266c063f78e1c,NEW_004_ADTOF_49_30,61.587301587294974,UNCONSTRAINED_NEW_004_147,UNCONSTRAINED_NEW_004_148,TRIO_CONDITIONED_NEW_004_159,,
F_MIX_00359,M2,True,70.37968253968253,DRUM_SUPPORTED,True,192,70.35646258503401,23.219954648524777,172.2656249999956,PROVISIONAL_QUALIFIED_EVIDENCE,SOURCE_ASSOCIATED_NATIVE_MARKER,NUMERICAL_MARKER_ONLY_ATTACK_UNCERTAINTY_UNQUANTIFIED,,INDETERMINATE_UNQUANTIFIED_ATTACK_AND_REFERENCE_UNCERTAINTY,POSITIVE,11.609977324263038,NEW_004,c7efaf8d2029ed140d67b7cbfff1c23fd33e0ffcae18f285566266c063f78e1c,NEW_004_ADTOF_49_30,19.68253968253464,UNCONSTRAINED_NEW_004_147,UNCONSTRAINED_NEW_004_148,TRIO_CONDITIONED_NEW_004_159,,
F_MIX_00360,M2,True,70.64671201814059,DRUM_SUPPORTED,True,193,70.70476190476191,-58.04988662131905,172.2656249999956,PROVISIONAL_QUALIFIED_EVIDENCE,SOURCE_ASSOCIATED_NATIVE_MARKER,NUMERICAL_MARKER_ONLY_ATTACK_UNCERTAINTY_UNQUANTIFIED,,INDETERMINATE_UNQUANTIFIED_ATTACK_AND_REFERENCE_UNCERTAINTY,NEGATIVE,11.609977324263038,NEW_004,c7efaf8d2029ed140d67b7cbfff1c23fd33e0ffcae18f285566266c063f78e1c,NEW_004_ADTOF_38_17,16.712018140594864,UNCONSTRAINED_NEW_004_154,UNCONSTRAINED_NEW_004_152,TRIO_CONDITIONED_NEW_004_163,,
F_MIX_00361,M2,True,70.75120181405896,DRUM_SUPPORTED,True,193,70.70476190476191,46.43990929704955,161.49902343750287,PROVISIONAL_QUALIFIED_EVIDENCE,SOURCE_ASSOCIATED_NATIVE_MARKER,NUMERICAL_MARKER_ONLY_ATTACK_UNCERTAINTY_UNQUANTIFIED,,INDETERMINATE_UNQUANTIFIED_ATTACK_AND_REFERENCE_UNCERTAINTY,POSITIVE,11.609977324263038,NEW_004,c7efaf8d2029ed140d67b7cbfff1c23fd33e0ffcae18f285566266c063f78e1c,NEW_004_ADTOF_49_31,31.201814058960053,UNCONSTRAINED_NEW_004_154,UNCONSTRAINED_NEW_004_155,TRIO_CONDITIONED_NEW_004_166,,
F_MIX_00362,M2,True,70.99501133786848,DRUM_SUPPORTED,True,194,71.07628117913832,-81.26984126984382,161.49902343750287,PROVISIONAL_QUALIFIED_EVIDENCE,SOURCE_ASSOCIATED_NATIVE_MARKER,NUMERICAL_MARKER_ONLY_ATTACK_UNCERTAINTY_UNQUANTIFIED,,INDETERMINATE_UNQUANTIFIED_ATTACK_AND_REFERENCE_UNCERTAINTY,NEGATIVE,11.609977324263038,NEW_004,c7efaf8d2029ed140d67b7cbfff1c23fd33e0ffcae18f285566266c063f78e1c,NEW_004_ADTOF_38_18,15.011337868472197,UNCONSTRAINED_NEW_004_161,UNCONSTRAINED_NEW_004_159,TRIO_CONDITIONED_NEW_004_169,,
F_MIX_00363,M2,True,71.1459410430839,UNKNOWN,True,194,71.07628117913832,69.65986394557433,172.2656249999956,UNKNOWN,SOURCE_NEUTRAL_NATIVE_MARKER,NUMERICAL_MARKER_ONLY_ATTACK_UNCERTAINTY_UNQUANTIFIED,,INDETERMINATE_UNQUANTIFIED_ATTACK_AND_REFERENCE_UNCERTAINTY,POSITIVE,11.609977324263038,NEW_004,c7efaf8d2029ed140d67b7cbfff1c23fd33e0ffcae18f285566266c063f78e1c,NEW_004_ADTOF_49_32,45.94104308390001,UNCONSTRAINED_NEW_004_161,UNCONSTRAINED_NEW_004_162,TRIO_CONDITIONED_NEW_004_173,,
F_MIX_00364,M2,True,71.40136054421768,UNKNOWN,True,195,71.42458049886622,-23.219954648538987,172.2656249999956,UNKNOWN,SOURCE_NEUTRAL_NATIVE_MARKER,NUMERICAL_MARKER_ONLY_ATTACK_UNCERTAINTY_UNQUANTIFIED,,INDETERMINATE_UNQUANTIFIED_ATTACK_AND_REFERENCE_UNCERTAINTY,NEGATIVE,11.609977324263038,NEW_004,c7efaf8d2029ed140d67b7cbfff1c23fd33e0ffcae18f285566266c063f78e1c,NEW_004_ADTOF_35_19,48.63945578232176,UNCONSTRAINED_NEW_004_167,UNCONSTRAINED_NEW_004_168,TRIO_CONDITIONED_NEW_004_178,,
F_MIX_00365,M2,True,71.47102040816327,DRUM_SUPPORTED,True,195,71.42458049886622,46.43990929704955,161.49902343750287,PROVISIONAL_QUALIFIED_EVIDENCE,SOURCE_ASSOCIATED_NATIVE_MARKER,NUMERICAL_MARKER_ONLY_ATTACK_UNCERTAINTY_UNQUANTIFIED,,INDETERMINATE_UNQUANTIFIED_ATTACK_AND_REFERENCE_UNCERTAINTY,POSITIVE,11.609977324263038,NEW_004,c7efaf8d2029ed140d67b7cbfff1c23fd33e0ffcae18f285566266c063f78e1c,NEW_004_ADTOF_35_19,21.02040816326678,UNCONSTRAINED_NEW_004_167,UNCONSTRAINED_NEW_004_168,TRIO_CONDITIONED_NEW_004_178,,
F_MIX_00366,M2,True,71.72643990929706,DRUM_SUPPORTED,True,196,71.79609977324263,-69.65986394557433,161.49902343750287,PROVISIONAL_QUALIFIED_EVIDENCE,SOURCE_ASSOCIATED_NATIVE_MARKER,NUMERICAL_MARKER_ONLY_ATTACK_UNCERTAINTY_UNQUANTIFIED,,INDETERMINATE_UNQUANTIFIED_ATTACK_AND_REFERENCE_UNCERTAINTY,NEGATIVE,11.609977324263038,NEW_004,c7efaf8d2029ed140d67b7cbfff1c23fd33e0ffcae18f285566266c063f78e1c,NEW_004_ADTOF_38_19,26.439909297053532,UNCONSTRAINED_NEW_004_175,UNCONSTRAINED_NEW_004_173,TRIO_CONDITIONED_NEW_004_182,,
F_MIX_00367,M2,True,71.81931972789116,DRUM_SUPPORTED,True,196,71.79609977324263,23.219954648524777,172.26562500000261,PROVISIONAL_QUALIFIED_EVIDENCE,SOURCE_ASSOCIATED_NATIVE_MARKER,NUMERICAL_MARKER_ONLY_ATTACK_UNCERTAINTY_UNQUANTIFIED,,INDETERMINATE_UNQUANTIFIED_ATTACK_AND_REFERENCE_UNCERTAINTY,POSITIVE,11.609977324263038,NEW_004,c7efaf8d2029ed140d67b7cbfff1c23fd33e0ffcae18f285566266c063f78e1c,NEW_004_ADTOF_49_34,19.319727891158323,UNCONSTRAINED_NEW_004_175,UNCONSTRAINED_NEW_004_176,TRIO_CONDITIONED_NEW_004_186,,
F_MIX_00368,M2,True,72.09795918367347,UNKNOWN,True,197,72.14439909297052,-46.43990929704955,172.26562500000261,UNKNOWN,SOURCE_NEUTRAL_NATIVE_MARKER,NUMERICAL_MARKER_ONLY_ATTACK_UNCERTAINTY_UNQUANTIFIED,,INDETERMINATE_UNQUANTIFIED_ATTACK_AND_REFERENCE_UNCERTAINTY,NEGATIVE,11.609977324263038,NEW_004,c7efaf8d2029ed140d67b7cbfff1c23fd33e0ffcae18f285566266c063f78e1c,NEW_004_ADTOF_38_20,72.0408163265347,UNCONSTRAINED_NEW_004_184,UNCONSTRAINED_NEW_004_181,TRIO_CONDITIONED_NEW_004_193,,
F_MIX_00369,M2,True,72.19083900226758,DRUM_SUPPORTED,True,197,72.14439909297052,46.439909297063764,161.4990234374967,PROVISIONAL_QUALIFIED_EVIDENCE,SOURCE_ASSOCIATED_NATIVE_MARKER,NUMERICAL_MARKER_ONLY_ATTACK_UNCERTAINTY_UNQUANTIFIED,,INDETERMINATE_UNQUANTIFIED_ATTACK_AND_REFERENCE_UNCERTAINTY,POSITIVE,11.609977324263038,NEW_004,c7efaf8d2029ed140d67b7cbfff1c23fd33e0ffcae18f285566266c063f78e1c,NEW_004_ADTOF_38_20,20.83900226757862,UNCONSTRAINED_NEW_004_184,UNCONSTRAINED_NEW_004_185,TRIO_CONDITIONED_NEW_004_193,,
F_MIX_00370,M2,True,72.44625850340137,DRUM_SUPPORTED,True,198,72.51591836734694,-69.65986394557433,161.4990234374967,PROVISIONAL_QUALIFIED_EVIDENCE,SOURCE_ASSOCIATED_NATIVE_MARKER,NUMERICAL_MARKER_ONLY_ATTACK_UNCERTAINTY_UNQUANTIFIED,,INDETERMINATE_UNQUANTIFIED_ATTACK_AND_REFERENCE_UNCERTAINTY,NEGATIVE,11.609977324263038,NEW_004,c7efaf8d2029ed140d67b7cbfff1c23fd33e0ffcae18f285566266c063f78e1c,NEW_004_ADTOF_38_21,26.258503401365374,UNCONSTRAINED_NEW_004_192,UNCONSTRAINED_NEW_004_190,TRIO_CONDITIONED_NEW_004_198,,
F_MIX_00371,M2,True,72.53913832199547,DRUM_SUPPORTED,True,198,72.51591836734694,23.219954648524777,172.26562500000261,PROVISIONAL_QUALIFIED_EVIDENCE,SOURCE_ASSOCIATED_NATIVE_MARKER,NUMERICAL_MARKER_ONLY_ATTACK_UNCERTAINTY_UNQUANTIFIED,,INDETERMINATE_UNQUANTIFIED_ATTACK_AND_REFERENCE_UNCERTAINTY,POSITIVE,11.609977324263038,NEW_004,c7efaf8d2029ed140d67b7cbfff1c23fd33e0ffcae18f285566266c063f78e1c,NEW_004_ADTOF_49_36,19.138321995470164,UNCONSTRAINED_NEW_004_192,UNCONSTRAINED_NEW_004_193,TRIO_CONDITIONED_NEW_004_200,,
F_MIX_00372,M2,True,72.89904761904762,DRUM_SUPPORTED,True,199,72.86421768707483,34.82993197279427,161.4990234374967,PROVISIONAL_QUALIFIED_EVIDENCE,SOURCE_ASSOCIATED_NATIVE_MARKER,NUMERICAL_MARKER_ONLY_ATTACK_UNCERTAINTY_UNQUANTIFIED,,INDETERMINATE_UNQUANTIFIED_ATTACK_AND_REFERENCE_UNCERTAINTY,POSITIVE,11.609977324263038,NEW_004,c7efaf8d2029ed140d67b7cbfff1c23fd33e0ffcae18f285566266c063f78e1c,NEW_004_ADTOF_38_22,19.047619047626085,UNCONSTRAINED_NEW_004_201,UNCONSTRAINED_NEW_004_202,TRIO_CONDITIONED_NEW_004_208,,
F_MIX_00373,M2,True,73.18929705215419,DRUM_SUPPORTED,True,200,73.23573696145125,-46.439909297063764,161.4990234374967,PROVISIONAL_QUALIFIED_EVIDENCE,SOURCE_ASSOCIATED_NATIVE_MARKER,NUMERICAL_MARKER_ONLY_ATTACK_UNCERTAINTY_UNQUANTIFIED,,INDETERMINATE_UNQUANTIFIED_ATTACK_AND_REFERENCE_UNCERTAINTY,NEGATIVE,11.609977324263038,NEW_004,c7efaf8d2029ed140d67b7cbfff1c23fd33e0ffcae18f285566266c063f78e1c,NEW_004_ADTOF_49_38,29.29705215419176,UNCONSTRAINED_NEW_004_209,UNCONSTRAINED_NEW_004_210,TRIO_CONDITIONED_NEW_004_216,,
F_MIX_00374,M2,True,73.27056689342403,DRUM_SUPPORTED,True,200,73.23573696145125,34.82993197278006,161.49902343750287,PROVISIONAL_QUALIFIED_EVIDENCE,SOURCE_ASSOCIATED_NATIVE_MARKER,NUMERICAL_MARKER_ONLY_ATTACK_UNCERTAINTY_UNQUANTIFIED,,INDETERMINATE_UNQUANTIFIED_ATTACK_AND_REFERENCE_UNCERTAINTY,POSITIVE,11.609977324263038,NEW_004,c7efaf8d2029ed140d67b7cbfff1c23fd33e0ffcae18f285566266c063f78e1c,NEW_004_ADTOF_49_39,20.566893424032173,UNCONSTRAINED_NEW_004_209,UNCONSTRAINED_NEW_004_210,TRIO_CONDITIONED_NEW_004_216,,
F_MIX_00375,M2,True,73.60725623582766,DRUM_SUPPORTED,True,201,73.60725623582766,0.0,172.26562500000261,PROVISIONAL_QUALIFIED_EVIDENCE,SOURCE_ASSOCIATED_NATIVE_MARKER,NUMERICAL_MARKER_ONLY_ATTACK_UNCERTAINTY_UNQUANTIFIED,,INDETERMINATE_UNQUANTIFIED_ATTACK_AND_REFERENCE_UNCERTAINTY,ZERO,11.609977324263038,NEW_004,c7efaf8d2029ed140d67b7cbfff1c23fd33e0ffcae18f285566266c063f78e1c,NEW_004_ADTOF_49_40,2.7437641723366823,UNCONSTRAINED_NEW_004_215,UNCONSTRAINED_NEW_004_216,TRIO_CONDITIONED_NEW_004_222,,
F_MIX_00376,M2,True,73.64208616780046,DRUM_SUPPORTED,True,201,73.60725623582766,34.82993197279427,172.26562500000261,PROVISIONAL_QUALIFIED_EVIDENCE,SOURCE_ASSOCIATED_NATIVE_MARKER,NUMERICAL_MARKER_ONLY_ATTACK_UNCERTAINTY_UNQUANTIFIED,,INDETERMINATE_UNQUANTIFIED_ATTACK_AND_REFERENCE_UNCERTAINTY,POSITIVE,11.609977324263038,NEW_004,c7efaf8d2029ed140d67b7cbfff1c23fd33e0ffcae18f285566266c063f78e1c,NEW_004_ADTOF_49_40,32.08616780045759,UNCONSTRAINED_NEW_004_215,UNCONSTRAINED_NEW_004_216,TRIO_CONDITIONED_NEW_004_222,,
F_MIX_00377,M2,True,73.88589569160997,DRUM_SUPPORTED,True,202,73.95555555555555,-69.65986394557433,172.26562500000261,PROVISIONAL_QUALIFIED_EVIDENCE,SOURCE_ASSOCIATED_NATIVE_MARKER,NUMERICAL_MARKER_ONLY_ATTACK_UNCERTAINTY_UNQUANTIFIED,,INDETERMINATE_UNQUANTIFIED_ATTACK_AND_REFERENCE_UNCERTAINTY,NEGATIVE,11.609977324263038,NEW_004,c7efaf8d2029ed140d67b7cbfff1c23fd33e0ffcae18f285566266c063f78e1c,NEW_004_ADTOF_38_23,15.895691609969731,UNCONSTRAINED_NEW_004_223,UNCONSTRAINED_NEW_004_221,TRIO_CONDITIONED_NEW_004_228,BASS_00140,
F_MIX_00378,M2,True,74.33868480725623,BASS_AND_DRUM_SUPPORTED,True,203,74.32707482993197,11.609977324255283,172.26562500000261,PROVISIONAL_QUALIFIED_EVIDENCE,SOURCE_ASSOCIATED_NATIVE_MARKER,NUMERICAL_MARKER_ONLY_ATTACK_UNCERTAINTY_UNQUANTIFIED,,INDETERMINATE_UNQUANTIFIED_ATTACK_AND_REFERENCE_UNCERTAINTY,POSITIVE,11.609977324263038,NEW_004,c7efaf8d2029ed140d67b7cbfff1c23fd33e0ffcae18f285566266c063f78e1c,NEW_004_ADTOF_35_20,8.684807256230442,UNCONSTRAINED_NEW_004_229,UNCONSTRAINED_NEW_004_230,TRIO_CONDITIONED_NEW_004_237,BASS_00143,
F_MIX_00379,M2,True,74.64054421768708,DRUM_SUPPORTED,True,204,74.67537414965986,-34.82993197278006,172.26562500000261,PROVISIONAL_QUALIFIED_EVIDENCE,SOURCE_ASSOCIATED_NATIVE_MARKER,NUMERICAL_MARKER_ONLY_ATTACK_UNCERTAINTY_UNQUANTIFIED,,INDETERMINATE_UNQUANTIFIED_ATTACK_AND_REFERENCE_UNCERTAINTY,NEGATIVE,11.609977324263038,NEW_004,c7efaf8d2029ed140d67b7cbfff1c23fd33e0ffcae18f285566266c063f78e1c,NEW_004_ADTOF_49_43,20.544217687074706,UNCONSTRAINED_NEW_004_234,UNCONSTRAINED_NEW_004_232,TRIO_CONDITIONED_NEW_004_242,,
F_MIX_00380,M2,True,74.72181405895692,BASS_AND_DRUM_SUPPORTED,True,204,74.67537414965986,46.439909297063764,161.4990234374967,PROVISIONAL_QUALIFIED_EVIDENCE,SOURCE_ASSOCIATED_NATIVE_MARKER,NUMERICAL_MARKER_ONLY_ATTACK_UNCERTAINTY_UNQUANTIFIED,,INDETERMINATE_UNQUANTIFIED_ATTACK_AND_REFERENCE_UNCERTAINTY,POSITIVE,11.609977324263038,NEW_004,c7efaf8d2029ed140d67b7cbfff1c23fd33e0ffcae18f285566266c063f78e1c,NEW_004_ADTOF_49_44,21.814058956920235,UNCONSTRAINED_NEW_004_234,UNCONSTRAINED_NEW_004_235,TRIO_CONDITIONED_NEW_004_242,BASS_00144,
F_MIX_00381,M2,True,74.98884353741497,UNKNOWN,True,205,75.04689342403628,-58.04988662131905,161.4990234374967,UNKNOWN,SOURCE_NEUTRAL_NATIVE_MARKER,NUMERICAL_MARKER_ONLY_ATTACK_UNCERTAINTY_UNQUANTIFIED,,INDETERMINATE_UNQUANTIFIED_ATTACK_AND_REFERENCE_UNCERTAINTY,NEGATIVE,11.609977324263038,NEW_004,c7efaf8d2029ed140d67b7cbfff1c23fd33e0ffcae18f285566266c063f78e1c,NEW_004_ADTOF_35_21,71.15646258503716,UNCONSTRAINED_NEW_004_241,UNCONSTRAINED_NEW_004_242,TRIO_CONDITIONED_NEW_004_248,,
F_MIX_00382,M2,True,75.08172335600906,BASS_AND_DRUM_SUPPORTED,True,205,75.04689342403628,34.82993197278006,172.26562500000261,PROVISIONAL_QUALIFIED_EVIDENCE,SOURCE_ASSOCIATED_NATIVE_MARKER,NUMERICAL_MARKER_ONLY_ATTACK_UNCERTAINTY_UNQUANTIFIED,,INDETERMINATE_UNQUANTIFIED_ATTACK_AND_REFERENCE_UNCERTAINTY,POSITIVE,11.609977324263038,NEW_005,c7efaf8d2029ed140d67b7cbfff1c23fd33e0ffcae18f285566266c063f78e1c,NEW_005_ADTOF_35_0,21.723356009061945,UNCONSTRAINED_NEW_005_10,UNCONSTRAINED_NEW_005_11,TRIO_CONDITIONED_NEW_005_10,BASS_00145,
F_MIX_00383,M2,True,75.34875283446712,DRUM_SUPPORTED,True,206,75.39519274376417,-46.43990929704955,172.26562500000261,PROVISIONAL_QUALIFIED_EVIDENCE,SOURCE_ASSOCIATED_NATIVE_MARKER,NUMERICAL_MARKER_ONLY_ATTACK_UNCERTAINTY_UNQUANTIFIED,,INDETERMINATE_UNQUANTIFIED_ATTACK_AND_REFERENCE_UNCERTAINTY,NEGATIVE,11.609977324263038,NEW_005,c7efaf8d2029ed140d67b7cbfff1c23fd33e0ffcae18f285566266c063f78e1c,NEW_005_ADTOF_38_0,28.752834467127286,UNCONSTRAINED_NEW_005_18,UNCONSTRAINED_NEW_005_13,TRIO_CONDITIONED_NEW_005_11,,
F_MIX_00384,M2,True,75.43002267573696,BASS_AND_DRUM_SUPPORTED,True,206,75.39519274376417,34.82993197279427,161.4990234374967,PROVISIONAL_QUALIFIED_EVIDENCE,SOURCE_ASSOCIATED_NATIVE_MARKER,NUMERICAL_MARKER_ONLY_ATTACK_UNCERTAINTY_UNQUANTIFIED,,INDETERMINATE_UNQUANTIFIED_ATTACK_AND_REFERENCE_UNCERTAINTY,POSITIVE,11.609977324263038,NEW_005,c7efaf8d2029ed140d67b7cbfff1c23fd33e0ffcae18f285566266c063f78e1c,NEW_005_ADTOF_35_1,10.022675736962583,UNCONSTRAINED_NEW_005_18,UNCONSTRAINED_NEW_005_19,TRIO_CONDITIONED_NEW_005_17,BASS_00146,
F_MIX_00385,M2,True,75.72027210884353,DRUM_SUPPORTED,True,207,75.7667120181406,-46.439909297063764,161.4990234374967,PROVISIONAL_QUALIFIED_EVIDENCE,SOURCE_ASSOCIATED_NATIVE_MARKER,NUMERICAL_MARKER_ONLY_ATTACK_UNCERTAINTY_UNQUANTIFIED,,INDETERMINATE_UNQUANTIFIED_ATTACK_AND_REFERENCE_UNCERTAINTY,NEGATIVE,11.609977324263038,NEW_005,c7efaf8d2029ed140d67b7cbfff1c23fd33e0ffcae18f285566266c063f78e1c,NEW_005_ADTOF_49_4,30.272108843533374,UNCONSTRAINED_NEW_005_23,UNCONSTRAINED_NEW_005_24,TRIO_CONDITIONED_NEW_005_21,,
F_MIX_00386,M2,True,75.80154195011337,DRUM_SUPPORTED,True,207,75.7667120181406,34.82993197278006,172.26562500000261,PROVISIONAL_QUALIFIED_EVIDENCE,SOURCE_ASSOCIATED_NATIVE_MARKER,NUMERICAL_MARKER_ONLY_ATTACK_UNCERTAINTY_UNQUANTIFIED,,INDETERMINATE_UNQUANTIFIED_ATTACK_AND_REFERENCE_UNCERTAINTY,POSITIVE,11.609977324263038,NEW_005,c7efaf8d2029ed140d67b7cbfff1c23fd33e0ffcae18f285566266c063f78e1c,NEW_005_ADTOF_35_2,21.541950113373787,UNCONSTRAINED_NEW_005_23,UNCONSTRAINED_NEW_005_24,TRIO_CONDITIONED_NEW_005_21,,
F_MIX_00387,M2,True,76.06857142857143,DRUM_SUPPORTED,True,208,76.11501133786848,-46.43990929704955,172.26562500000261,PROVISIONAL_QUALIFIED_EVIDENCE,SOURCE_ASSOCIATED_NATIVE_MARKER,NUMERICAL_MARKER_ONLY_ATTACK_UNCERTAINTY_UNQUANTIFIED,,INDETERMINATE_UNQUANTIFIED_ATTACK_AND_REFERENCE_UNCERTAINTY,NEGATIVE,11.609977324263038,NEW_005,c7efaf8d2029ed140d67b7cbfff1c23fd33e0ffcae18f285566266c063f78e1c,NEW_005_ADTOF_49_6,18.571428571434012,UNCONSTRAINED_NEW_005_34,UNCONSTRAINED_NEW_005_35,TRIO_CONDITIONED_NEW_005_26,,
F_MIX_00388,M2,True,76.42848072562359,UNKNOWN,True,209,76.48653061224489,-58.049886621304836,161.49902343750287,UNKNOWN,SOURCE_NEUTRAL_NATIVE_MARKER,NUMERICAL_MARKER_ONLY_ATTACK_UNCERTAINTY_UNQUANTIFIED,,INDETERMINATE_UNQUANTIFIED_ATTACK_AND_REFERENCE_UNCERTAINTY,NEGATIVE,11.609977324263038,NEW_005,c7efaf8d2029ed140d67b7cbfff1c23fd33e0ffcae18f285566266c063f78e1c,NEW_005_ADTOF_49_8,71.51927437641348,UNCONSTRAINED_NEW_005_44,UNCONSTRAINED_NEW_005_45,TRIO_CONDITIONED_NEW_005_35,,
F_MIX_00389,M2,True,76.52136054421769,DRUM_SUPPORTED,True,209,76.48653061224489,34.82993197279427,172.2656249999956,PROVISIONAL_QUALIFIED_EVIDENCE,SOURCE_ASSOCIATED_NATIVE_MARKER,NUMERICAL_MARKER_ONLY_ATTACK_UNCERTAINTY_UNQUANTIFIED,,INDETERMINATE_UNQUANTIFIED_ATTACK_AND_REFERENCE_UNCERTAINTY,POSITIVE,11.609977324263038,NEW_005,c7efaf8d2029ed140d67b7cbfff1c23fd33e0ffcae18f285566266c063f78e1c,NEW_005_ADTOF_49_8,21.36054421768563,UNCONSTRAINED_NEW_005_44,UNCONSTRAINED_NEW_005_45,TRIO_CONDITIONED_NEW_005_35,,
F_MIX_00390,M2,True,76.77678004535147,DRUM_SUPPORTED,True,210,76.83482993197279,-58.04988662131905,172.2656249999956,PROVISIONAL_QUALIFIED_EVIDENCE,SOURCE_ASSOCIATED_NATIVE_MARKER,NUMERICAL_MARKER_ONLY_ATTACK_UNCERTAINTY_UNQUANTIFIED,,INDETERMINATE_UNQUANTIFIED_ATTACK_AND_REFERENCE_UNCERTAINTY,NEGATIVE,11.609977324263038,NEW_005,c7efaf8d2029ed140d67b7cbfff1c23fd33e0ffcae18f285566266c063f78e1c,NEW_005_ADTOF_38_1,16.780045351467265,UNCONSTRAINED_NEW_005_54,UNCONSTRAINED_NEW_005_50,TRIO_CONDITIONED_NEW_005_39,,
F_MIX_00391,M2,True,77.13668934240363,DRUM_SUPPORTED,True,211,77.18312925170068,-46.43990929704955,172.26562500000261,PROVISIONAL_QUALIFIED_EVIDENCE,SOURCE_ASSOCIATED_NATIVE_MARKER,NUMERICAL_MARKER_ONLY_ATTACK_UNCERTAINTY_UNQUANTIFIED,,INDETERMINATE_UNQUANTIFIED_ATTACK_AND_REFERENCE_UNCERTAINTY,NEGATIVE,11.609977324263038,NEW_005,c7efaf8d2029ed140d67b7cbfff1c23fd33e0ffcae18f285566266c063f78e1c,NEW_005_ADTOF_35_4,26.689342403628302,UNCONSTRAINED_NEW_005_60,UNCONSTRAINED_NEW_005_61,TRIO_CONDITIONED_NEW_005_47,,
F_MIX_00392,M2,True,77.22956916099773,DRUM_SUPPORTED,True,211,77.18312925170068,46.43990929704955,161.4990234374967,PROVISIONAL_QUALIFIED_EVIDENCE,SOURCE_ASSOCIATED_NATIVE_MARKER,NUMERICAL_MARKER_ONLY_ATTACK_UNCERTAINTY_UNQUANTIFIED,,INDETERMINATE_UNQUANTIFIED_ATTACK_AND_REFERENCE_UNCERTAINTY,POSITIVE,11.609977324263038,NEW_005,c7efaf8d2029ed140d67b7cbfff1c23fd33e0ffcae18f285566266c063f78e1c,NEW_005_ADTOF_35_5,9.569160997727977,UNCONSTRAINED_NEW_005_60,UNCONSTRAINED_NEW_005_61,TRIO_CONDITIONED_NEW_005_50,,
F_MIX_00393,M2,True,77.48498866213151,DRUM_SUPPORTED,True,212,77.5546485260771,-69.65986394558854,161.4990234374967,PROVISIONAL_QUALIFIED_EVIDENCE,SOURCE_ASSOCIATED_NATIVE_MARKER,NUMERICAL_MARKER_ONLY_ATTACK_UNCERTAINTY_UNQUANTIFIED,,INDETERMINATE_UNQUANTIFIED_ATTACK_AND_REFERENCE_UNCERTAINTY,NEGATIVE,11.609977324263038,NEW_005,c7efaf8d2029ed140d67b7cbfff1c23fd33e0ffcae18f285566266c063f78e1c,NEW_005_ADTOF_38_3,24.988662131519845,UNCONSTRAINED_NEW_005_68,UNCONSTRAINED_NEW_005_64,TRIO_CONDITIONED_NEW_005_52,,
F_MIX_00394,M2,True,77.87972789115646,UNKNOWN,True,213,77.90294784580499,-23.219954648524777,172.26562500000261,UNKNOWN,SOURCE_NEUTRAL_NATIVE_MARKER,NUMERICAL_MARKER_ONLY_ATTACK_UNCERTAINTY_UNQUANTIFIED,,INDETERMINATE_UNQUANTIFIED_ATTACK_AND_REFERENCE_UNCERTAINTY,NEGATIVE,11.609977324263038,NEW_005,c7efaf8d2029ed140d67b7cbfff1c23fd33e0ffcae18f285566266c063f78e1c,NEW_005_ADTOF_35_7,60.27210884353451,UNCONSTRAINED_NEW_005_76,UNCONSTRAINED_NEW_005_77,TRIO_CONDITIONED_NEW_005_63,,
F_MIX_00395,M2,True,77.94938775510204,DRUM_SUPPORTED,True,213,77.90294784580499,46.43990929704955,161.4990234374967,PROVISIONAL_QUALIFIED_EVIDENCE,SOURCE_ASSOCIATED_NATIVE_MARKER,NUMERICAL_MARKER_ONLY_ATTACK_UNCERTAINTY_UNQUANTIFIED,,INDETERMINATE_UNQUANTIFIED_ATTACK_AND_REFERENCE_UNCERTAINTY,POSITIVE,11.609977324263038,NEW_005,c7efaf8d2029ed140d67b7cbfff1c23fd33e0ffcae18f285566266c063f78e1c,NEW_005_ADTOF_35_7,9.387755102039819,UNCONSTRAINED_NEW_005_76,UNCONSTRAINED_NEW_005_77,TRIO_CONDITIONED_NEW_005_63,,
F_MIX_00396,M2,True,78.2164172335601,DRUM_SUPPORTED,True,214,78.27446712018141,-58.04988662131905,161.4990234374967,PROVISIONAL_QUALIFIED_EVIDENCE,SOURCE_ASSOCIATED_NATIVE_MARKER,NUMERICAL_MARKER_ONLY_ATTACK_UNCERTAINTY_UNQUANTIFIED,,INDETERMINATE_UNQUANTIFIED_ATTACK_AND_REFERENCE_UNCERTAINTY,NEGATIVE,11.609977324263038,NEW_005,c7efaf8d2029ed140d67b7cbfff1c23fd33e0ffcae18f285566266c063f78e1c,NEW_005_ADTOF_49_14,26.417233560096065,UNCONSTRAINED_NEW_005_86,UNCONSTRAINED_NEW_005_82,TRIO_CONDITIONED_NEW_005_67,,
F_MIX_00397,M2,True,78.3092970521542,DRUM_SUPPORTED,True,214,78.27446712018141,34.82993197278006,172.26562500000261,PROVISIONAL_QUALIFIED_EVIDENCE,SOURCE_ASSOCIATED_NATIVE_MARKER,NUMERICAL_MARKER_ONLY_ATTACK_UNCERTAINTY_UNQUANTIFIED,,INDETERMINATE_UNQUANTIFIED_ATTACK_AND_REFERENCE_UNCERTAINTY,POSITIVE,11.609977324263038,NEW_005,c7efaf8d2029ed140d67b7cbfff1c23fd33e0ffcae18f285566266c063f78e1c,NEW_005_ADTOF_35_9,9.29705215419574,UNCONSTRAINED_NEW_005_86,UNCONSTRAINED_NEW_005_87,TRIO_CONDITIONED_NEW_005_70,,
F_MIX_00398,M2,True,78.57632653061225,UNKNOWN,True,215,78.6227664399093,-46.43990929704955,172.26562500000261,UNKNOWN,SOURCE_NEUTRAL_NATIVE_MARKER,NUMERICAL_MARKER_ONLY_ATTACK_UNCERTAINTY_UNQUANTIFIED,,INDETERMINATE_UNQUANTIFIED_ATTACK_AND_REFERENCE_UNCERTAINTY,NEGATIVE,11.609977324263038,NEW_005,c7efaf8d2029ed140d67b7cbfff1c23fd33e0ffcae18f285566266c063f78e1c,NEW_005_ADTOF_49_16,73.67346938775654,UNCONSTRAINED_NEW_005_93,UNCONSTRAINED_NEW_005_94,TRIO_CONDITIONED_NEW_005_76,,
F_MIX_00399,M2,True,78.68081632653062,DRUM_SUPPORTED,True,215,78.6227664399093,58.04988662131905,172.26562500000261,PROVISIONAL_QUALIFIED_EVIDENCE,SOURCE_ASSOCIATED_NATIVE_MARKER,NUMERICAL_MARKER_ONLY_ATTACK_UNCERTAINTY_UNQUANTIFIED,,INDETERMINATE_UNQUANTIFIED_ATTACK_AND_REFERENCE_UNCERTAINTY,POSITIVE,11.609977324263038,NEW_005,c7efaf8d2029ed140d67b7cbfff1c23fd33e0ffcae18f285566266c063f78e1c,NEW_005_ADTOF_49_16,30.81632653061206,UNCONSTRAINED_NEW_005_93,UNCONSTRAINED_NEW_005_94,TRIO_CONDITIONED_NEW_005_76,,
F_MIX_00400,M2,True,78.9362358276644,DRUM_SUPPORTED,True,216,78.97106575963718,-34.82993197278006,172.26562500000261,PROVISIONAL_QUALIFIED_EVIDENCE,SOURCE_ASSOCIATED_NATIVE_MARKER,NUMERICAL_MARKER_ONLY_ATTACK_UNCERTAINTY_UNQUANTIFIED,,INDETERMINATE_UNQUANTIFIED_ATTACK_AND_REFERENCE_UNCERTAINTY,NEGATIVE,11.609977324263038,NEW_005,c7efaf8d2029ed140d67b7cbfff1c23fd33e0ffcae18f285566266c063f78e1c,NEW_005_ADTOF_38_5,26.235827664407907,UNCONSTRAINED_NEW_005_100,UNCONSTRAINED_NEW_005_96,TRIO_CONDITIONED_NEW_005_77,,
F_MIX_00401,M2,True,79.04072562358277,DRUM_SUPPORTED,True,216,78.97106575963718,69.65986394558854,161.4990234374967,PROVISIONAL_QUALIFIED_EVIDENCE,SOURCE_ASSOCIATED_NATIVE_MARKER,NUMERICAL_MARKER_ONLY_ATTACK_UNCERTAINTY_UNQUANTIFIED,,INDETERMINATE_UNQUANTIFIED_ATTACK_AND_REFERENCE_UNCERTAINTY,POSITIVE,11.609977324263038,NEW_005,c7efaf8d2029ed140d67b7cbfff1c23fd33e0ffcae18f285566266c063f78e1c,NEW_005_ADTOF_49_17,20.725623582777075,UNCONSTRAINED_NEW_005_100,UNCONSTRAINED_NEW_005_101,TRIO_CONDITIONED_NEW_005_81,,
F_MIX_00402,M2,True,79.28453514739229,DRUM_SUPPORTED,True,217,79.34258503401361,-58.04988662131905,161.4990234374967,PROVISIONAL_QUALIFIED_EVIDENCE,SOURCE_ASSOCIATED_NATIVE_MARKER,NUMERICAL_MARKER_ONLY_ATTACK_UNCERTAINTY_UNQUANTIFIED,,INDETERMINATE_UNQUANTIFIED_ATTACK_AND_REFERENCE_UNCERTAINTY,NEGATIVE,11.609977324263038,NEW_005,c7efaf8d2029ed140d67b7cbfff1c23fd33e0ffcae18f285566266c063f78e1c,NEW_005_ADTOF_35_11,24.53514739228524,UNCONSTRAINED_NEW_005_109,UNCONSTRAINED_NEW_005_105,TRIO_CONDITIONED_NEW_005_84,,
F_MIX_00403,M2,True,79.38902494331066,DRUM_SUPPORTED,True,217,79.34258503401361,46.43990929704955,172.26562500000261,PROVISIONAL_QUALIFIED_EVIDENCE,SOURCE_ASSOCIATED_NATIVE_MARKER,NUMERICAL_MARKER_ONLY_ATTACK_UNCERTAINTY_UNQUANTIFIED,,INDETERMINATE_UNQUANTIFIED_ATTACK_AND_REFERENCE_UNCERTAINTY,POSITIVE,11.609977324263038,NEW_005,c7efaf8d2029ed140d67b7cbfff1c23fd33e0ffcae18f285566266c063f78e1c,NEW_005_ADTOF_35_12,19.024943310654407,UNCONSTRAINED_NEW_005_109,UNCONSTRAINED_NEW_005_110,TRIO_CONDITIONED_NEW_005_87,,
F_MIX_00404,M2,True,79.63283446712018,DRUM_SUPPORTED,True,218,79.6908843537415,-58.04988662131905,172.26562500000261,PROVISIONAL_QUALIFIED_EVIDENCE,SOURCE_ASSOCIATED_NATIVE_MARKER,NUMERICAL_MARKER_ONLY_ATTACK_UNCERTAINTY_UNQUANTIFIED,,INDETERMINATE_UNQUANTIFIED_ATTACK_AND_REFERENCE_UNCERTAINTY,NEGATIVE,11.609977324263038,NEW_005,c7efaf8d2029ed140d67b7cbfff1c23fd33e0ffcae18f285566266c063f78e1c,NEW_005_ADTOF_38_7,22.834467120176782,UNCONSTRAINED_NEW_005_109,UNCONSTRAINED_NEW_005_112,TRIO_CONDITIONED_NEW_005_88,,
F_MIX_00405,M2,True,79.74893424036281,DRUM_SUPPORTED,True,218,79.6908843537415,58.04988662131905,172.26562500000261,PROVISIONAL_QUALIFIED_EVIDENCE,SOURCE_ASSOCIATED_NATIVE_MARKER,NUMERICAL_MARKER_ONLY_ATTACK_UNCERTAINTY_UNQUANTIFIED,,INDETERMINATE_UNQUANTIFIED_ATTACK_AND_REFERENCE_UNCERTAINTY,POSITIVE,11.609977324263038,NEW_005,c7efaf8d2029ed140d67b7cbfff1c23fd33e0ffcae18f285566266c063f78e1c,NEW_005_ADTOF_35_13,18.93424036281033,UNCONSTRAINED_NEW_005_109,UNCONSTRAINED_NEW_005_116,TRIO_CONDITIONED_NEW_005_91,,
F_MIX_00406,M2,True,80.0043537414966,DRUM_SUPPORTED,True,219,80.03918367346938,-34.82993197278006,172.26562500000261,PROVISIONAL_QUALIFIED_EVIDENCE,SOURCE_ASSOCIATED_NATIVE_MARKER,NUMERICAL_MARKER_ONLY_ATTACK_UNCERTAINTY_UNQUANTIFIED,,INDETERMINATE_UNQUANTIFIED_ATTACK_AND_REFERENCE_UNCERTAINTY,NEGATIVE,11.609977324263038,NEW_005,c7efaf8d2029ed140d67b7cbfff1c23fd33e0ffcae18f285566266c063f78e1c,NEW_005_ADTOF_38_8,34.3537414966022,UNCONSTRAINED_NEW_005_128,UNCONSTRAINED_NEW_005_120,TRIO_CONDITIONED_NEW_005_95,BASS_00147,
F_MIX_00407,M2,True,80.0972335600907,DRUM_SUPPORTED,True,219,80.03918367346938,58.04988662131905,161.4990234374967,PROVISIONAL_QUALIFIED_EVIDENCE,SOURCE_ASSOCIATED_NATIVE_MARKER,NUMERICAL_MARKER_ONLY_ATTACK_UNCERTAINTY_UNQUANTIFIED,,INDETERMINATE_UNQUANTIFIED_ATTACK_AND_REFERENCE_UNCERTAINTY,POSITIVE,11.609977324263038,NEW_005,c7efaf8d2029ed140d67b7cbfff1c23fd33e0ffcae18f285566266c063f78e1c,NEW_005_ADTOF_38_9,17.23356009070187,UNCONSTRAINED_NEW_005_128,UNCONSTRAINED_NEW_005_121,TRIO_CONDITIONED_NEW_005_97,,
F_MIX_00408,M2,True,80.35265306122449,DRUM_SUPPORTED,True,220,80.4107029478458,-58.04988662131905,161.4990234374967,PROVISIONAL_QUALIFIED_EVIDENCE,SOURCE_ASSOCIATED_NATIVE_MARKER,NUMERICAL_MARKER_ONLY_ATTACK_UNCERTAINTY_UNQUANTIFIED,,INDETERMINATE_UNQUANTIFIED_ATTACK_AND_REFERENCE_UNCERTAINTY,NEGATIVE,11.609977324263038,NEW_005,c7efaf8d2029ed140d67b7cbfff1c23fd33e0ffcae18f285566266c063f78e1c,NEW_005_ADTOF_35_14,12.653061224483508,UNCONSTRAINED_NEW_005_128,UNCONSTRAINED_NEW_005_123,TRIO_CONDITIONED_NEW_005_100,BASS_00148,
F_MIX_00409,M2,True,80.71256235827664,BASS_AND_DRUM_SUPPORTED,True,221,80.78222222222222,-69.65986394557433,161.49902343750287,PROVISIONAL_QUALIFIED_EVIDENCE,SOURCE_ASSOCIATED_NATIVE_MARKER,NUMERICAL_MARKER_ONLY_ATTACK_UNCERTAINTY_UNQUANTIFIED,,INDETERMINATE_UNQUANTIFIED_ATTACK_AND_REFERENCE_UNCERTAINTY,NEGATIVE,11.609977324263038,NEW_005,c7efaf8d2029ed140d67b7cbfff1c23fd33e0ffcae18f285566266c063f78e1c,NEW_005_ADTOF_38_10,22.562358276644545,UNCONSTRAINED_NEW_005_132,UNCONSTRAINED_NEW_005_135,TRIO_CONDITIONED_NEW_005_109,BASS_00150,
F_MIX_00410,M2,True,80.82866213151928,BASS_AND_DRUM_SUPPORTED,True,221,80.78222222222222,46.439909297063764,172.2656249999956,PROVISIONAL_QUALIFIED_EVIDENCE,SOURCE_ASSOCIATED_NATIVE_MARKER,NUMERICAL_MARKER_ONLY_ATTACK_UNCERTAINTY_UNQUANTIFIED,,INDETERMINATE_UNQUANTIFIED_ATTACK_AND_REFERENCE_UNCERTAINTY,POSITIVE,11.609977324263038,NEW_005,c7efaf8d2029ed140d67b7cbfff1c23fd33e0ffcae18f285566266c063f78e1c,NEW_005_ADTOF_35_16,8.662131519287186,UNCONSTRAINED_NEW_005_134,UNCONSTRAINED_NEW_005_135,TRIO_CONDITIONED_NEW_005_109,BASS_00152,
F_MIX_00411,M2,True,81.08408163265307,DRUM_SUPPORTED,True,222,81.13052154195012,-46.43990929704955,172.2656249999956,PROVISIONAL_QUALIFIED_EVIDENCE,SOURCE_ASSOCIATED_NATIVE_MARKER,NUMERICAL_MARKER_ONLY_ATTACK_UNCERTAINTY_UNQUANTIFIED,,INDETERMINATE_UNQUANTIFIED_ATTACK_AND_REFERENCE_UNCERTAINTY,NEGATIVE,11.609977324263038,NEW_005,c7efaf8d2029ed140d67b7cbfff1c23fd33e0ffcae18f285566266c063f78e1c,NEW_005_ADTOF_38_11,14.081632653073939,UNCONSTRAINED_NEW_005_141,UNCONSTRAINED_NEW_005_137,TRIO_CONDITIONED_NEW_005_111,,
F_MIX_00412,M2,True,81.21179138321996,DRUM_SUPPORTED,True,222,81.13052154195012,81.26984126984382,161.49902343750287,PROVISIONAL_QUALIFIED_EVIDENCE,SOURCE_ASSOCIATED_NATIVE_MARKER,NUMERICAL_MARKER_ONLY_ATTACK_UNCERTAINTY_UNQUANTIFIED,,INDETERMINATE_UNQUANTIFIED_ATTACK_AND_REFERENCE_UNCERTAINTY,POSITIVE,11.609977324263038,NEW_005,c7efaf8d2029ed140d67b7cbfff1c23fd33e0ffcae18f285566266c063f78e1c,NEW_005_ADTOF_49_24,21.791383219962768,UNCONSTRAINED_NEW_005_141,UNCONSTRAINED_NEW_005_142,TRIO_CONDITIONED_NEW_005_114,,
F_MIX_00413,M2,True,81.45560090702948,BASS_SUPPORTED,True,223,81.50204081632653,-46.43990929704955,161.49902343750287,PROVISIONAL_QUALIFIED_EVIDENCE,SOURCE_ASSOCIATED_NATIVE_MARKER,NUMERICAL_MARKER_ONLY_ATTACK_UNCERTAINTY_UNQUANTIFIED,,INDETERMINATE_UNQUANTIFIED_ATTACK_AND_REFERENCE_UNCERTAINTY,NEGATIVE,11.609977324263038,NEW_005,c7efaf8d2029ed140d67b7cbfff1c23fd33e0ffcae18f285566266c063f78e1c,NEW_005_ADTOF_49_25,35.60090702947605,UNCONSTRAINED_NEW_005_145,UNCONSTRAINED_NEW_005_146,TRIO_CONDITIONED_NEW_005_119,BASS_00156,
F_MIX_00414,M2,True,81.54848072562358,DRUM_SUPPORTED,True,223,81.50204081632653,46.43990929704955,161.4990234374967,PROVISIONAL_QUALIFIED_EVIDENCE,SOURCE_ASSOCIATED_NATIVE_MARKER,NUMERICAL_MARKER_ONLY_ATTACK_UNCERTAINTY_UNQUANTIFIED,,INDETERMINATE_UNQUANTIFIED_ATTACK_AND_REFERENCE_UNCERTAINTY,POSITIVE,11.609977324263038,NEW_005,c7efaf8d2029ed140d67b7cbfff1c23fd33e0ffcae18f285566266c063f78e1c,NEW_005_ADTOF_35_17,18.480725623575722,UNCONSTRAINED_NEW_005_148,UNCONSTRAINED_NEW_005_149,TRIO_CONDITIONED_NEW_005_119,,
F_MIX_00415,M2,True,81.81551020408163,UNKNOWN,True,224,81.87356009070295,-58.04988662131905,161.4990234374967,UNKNOWN,SOURCE_NEUTRAL_NATIVE_MARKER,NUMERICAL_MARKER_ONLY_ATTACK_UNCERTAINTY_UNQUANTIFIED,,INDETERMINATE_UNQUANTIFIED_ATTACK_AND_REFERENCE_UNCERTAINTY,NEGATIVE,11.609977324263038,NEW_005,c7efaf8d2029ed140d67b7cbfff1c23fd33e0ffcae18f285566266c063f78e1c,NEW_005_ADTOF_38_12,35.51020408163197,UNCONSTRAINED_NEW_005_154,UNCONSTRAINED_NEW_005_152,TRIO_CONDITIONED_NEW_005_122,,
F_MIX_00416,M2,True,81.90839002267573,BASS_AND_DRUM_SUPPORTED,True,224,81.87356009070295,34.82993197278006,161.49902343750287,PROVISIONAL_QUALIFIED_EVIDENCE,SOURCE_ASSOCIATED_NATIVE_MARKER,NUMERICAL_MARKER_ONLY_ATTACK_UNCERTAINTY_UNQUANTIFIED,,INDETERMINATE_UNQUANTIFIED_ATTACK_AND_REFERENCE_UNCERTAINTY,POSITIVE,11.609977324263038,NEW_005,c7efaf8d2029ed140d67b7cbfff1c23fd33e0ffcae18f285566266c063f78e1c,NEW_005_ADTOF_35_18,28.39002267573676,UNCONSTRAINED_NEW_005_154,UNCONSTRAINED_NEW_005_155,TRIO_CONDITIONED_NEW_005_125,BASS_00160,
F_MIX_00417,M2,True,82.18702947845804,UNKNOWN,True,225,82.24507936507936,-58.04988662131905,161.49902343750287,UNKNOWN,SOURCE_NEUTRAL_NATIVE_MARKER,NUMERICAL_MARKER_ONLY_ATTACK_UNCERTAINTY_UNQUANTIFIED,,INDETERMINATE_UNQUANTIFIED_ATTACK_AND_REFERENCE_UNCERTAINTY,NEGATIVE,11.609977324263038,NEW_005,c7efaf8d2029ed140d67b7cbfff1c23fd33e0ffcae18f285566266c063f78e1c,NEW_005_ADTOF_35_19,52.97052154195114,UNCONSTRAINED_NEW_005_160,UNCONSTRAINED_NEW_005_156,TRIO_CONDITIONED_NEW_005_130,,
F_MIX_00418,M2,True,82.25668934240363,DRUM_SUPPORTED,True,225,82.24507936507936,11.609977324269494,161.4990234374967,PROVISIONAL_QUALIFIED_EVIDENCE,SOURCE_ASSOCIATED_NATIVE_MARKER,NUMERICAL_MARKER_ONLY_ATTACK_UNCERTAINTY_UNQUANTIFIED,,INDETERMINATE_UNQUANTIFIED_ATTACK_AND_REFERENCE_UNCERTAINTY,POSITIVE,11.609977324263038,NEW_005,c7efaf8d2029ed140d67b7cbfff1c23fd33e0ffcae18f285566266c063f78e1c,NEW_005_ADTOF_35_19,16.689342403637397,UNCONSTRAINED_NEW_005_160,UNCONSTRAINED_NEW_005_161,TRIO_CONDITIONED_NEW_005_130,,
F_MIX_00419,M2,True,82.62820861678004,DRUM_SUPPORTED,True,226,82.61659863945579,11.609977324255283,161.49902343750287,PROVISIONAL_QUALIFIED_EVIDENCE,SOURCE_ASSOCIATED_NATIVE_MARKER,NUMERICAL_MARKER_ONLY_ATTACK_UNCERTAINTY_UNQUANTIFIED,,INDETERMINATE_UNQUANTIFIED_ATTACK_AND_REFERENCE_UNCERTAINTY,POSITIVE,11.609977324263038,NEW_005,c7efaf8d2029ed140d67b7cbfff1c23fd33e0ffcae18f285566266c063f78e1c,NEW_005_ADTOF_35_20,28.2086167800486,UNCONSTRAINED_NEW_005_166,UNCONSTRAINED_NEW_005_167,TRIO_CONDITIONED_NEW_005_135,,
F_MIX_00420,M2,True,82.99972789115647,UNKNOWN,True,227,82.9881179138322,11.609977324269494,161.4990234374967,UNKNOWN,SOURCE_NEUTRAL_NATIVE_MARKER,NUMERICAL_MARKER_ONLY_ATTACK_UNCERTAINTY_UNQUANTIFIED,,INDETERMINATE_UNQUANTIFIED_ATTACK_AND_REFERENCE_UNCERTAINTY,POSITIVE,11.609977324263038,NEW_005,c7efaf8d2029ed140d67b7cbfff1c23fd33e0ffcae18f285566266c063f78e1c,NEW_005_ADTOF_35_21,39.727891156459805,UNCONSTRAINED_NEW_005_170,UNCONSTRAINED_NEW_005_171,TRIO_CONDITIONED_NEW_005_139,,
F_MIX_00421,M2,True,83.34802721088435,DRUM_SUPPORTED,True,228,83.35963718820862,-11.609977324269494,161.4990234374967,PROVISIONAL_QUALIFIED_EVIDENCE,SOURCE_ASSOCIATED_NATIVE_MARKER,NUMERICAL_MARKER_ONLY_ATTACK_UNCERTAINTY_UNQUANTIFIED,,INDETERMINATE_UNQUANTIFIED_ATTACK_AND_REFERENCE_UNCERTAINTY,NEGATIVE,11.609977324263038,NEW_005,c7efaf8d2029ed140d67b7cbfff1c23fd33e0ffcae18f285566266c063f78e1c,NEW_005_ADTOF_38_14,8.027210884350211,UNCONSTRAINED_NEW_005_174,UNCONSTRAINED_NEW_005_175,TRIO_CONDITIONED_NEW_005_143,,
F_MIX_00422,M2,True,83.71954648526076,DRUM_SUPPORTED,True,229,83.73115646258503,-11.609977324269494,161.49902343750287,PROVISIONAL_QUALIFIED_EVIDENCE,SOURCE_ASSOCIATED_NATIVE_MARKER,NUMERICAL_MARKER_ONLY_ATTACK_UNCERTAINTY_UNQUANTIFIED,,INDETERMINATE_UNQUANTIFIED_ATTACK_AND_REFERENCE_UNCERTAINTY,NEGATIVE,11.609977324263038,NEW_005,c7efaf8d2029ed140d67b7cbfff1c23fd33e0ffcae18f285566266c063f78e1c,NEW_005_ADTOF_49_32,19.546485260761415,UNCONSTRAINED_NEW_005_178,UNCONSTRAINED_NEW_005_179,TRIO_CONDITIONED_NEW_005_149,,
F_MIX_00423,M2,True,84.09106575963719,BASS_AND_DRUM_SUPPORTED,True,230,84.10267573696144,-11.609977324255283,161.49902343750287,PROVISIONAL_QUALIFIED_EVIDENCE,SOURCE_ASSOCIATED_NATIVE_MARKER,NUMERICAL_MARKER_ONLY_ATTACK_UNCERTAINTY_UNQUANTIFIED,,INDETERMINATE_UNQUANTIFIED_ATTACK_AND_REFERENCE_UNCERTAINTY,NEGATIVE,11.609977324263038,NEW_005,c7efaf8d2029ed140d67b7cbfff1c23fd33e0ffcae18f285566266c063f78e1c,NEW_005_ADTOF_35_22,11.065759637190808,UNCONSTRAINED_NEW_005_182,UNCONSTRAINED_NEW_005_183,TRIO_CONDITIONED_NEW_005_155,BASS_00162,
F_MIX_00424,M2,True,84.45097505668934,BASS_AND_DRUM_SUPPORTED,True,231,84.45097505668934,0.0,161.49902343750287,PROVISIONAL_QUALIFIED_EVIDENCE,SOURCE_ASSOCIATED_NATIVE_MARKER,NUMERICAL_MARKER_ONLY_ATTACK_UNCERTAINTY_UNQUANTIFIED,,INDETERMINATE_UNQUANTIFIED_ATTACK_AND_REFERENCE_UNCERTAINTY,ZERO,11.609977324263038,NEW_005,c7efaf8d2029ed140d67b7cbfff1c23fd33e0ffcae18f285566266c063f78e1c,NEW_005_ADTOF_35_23,10.97505668934673,UNCONSTRAINED_NEW_005_186,UNCONSTRAINED_NEW_005_187,TRIO_CONDITIONED_NEW_005_158,BASS_00163,
F_MIX_00425,M2,True,84.74122448979591,UNKNOWN,True,232,84.82249433106576,-81.26984126984382,161.49902343750287,UNKNOWN,SOURCE_NEUTRAL_NATIVE_MARKER,NUMERICAL_MARKER_ONLY_ATTACK_UNCERTAINTY_UNQUANTIFIED,,INDETERMINATE_UNQUANTIFIED_ATTACK_AND_REFERENCE_UNCERTAINTY,NEGATIVE,11.609977324263038,NEW_005,c7efaf8d2029ed140d67b7cbfff1c23fd33e0ffcae18f285566266c063f78e1c,NEW_005_ADTOF_35_24,68.775510204091,UNCONSTRAINED_NEW_005_190,UNCONSTRAINED_NEW_005_191,TRIO_CONDITIONED_NEW_005_162,,
F_MIX_00426,M2,True,84.82249433106576,BASS_AND_DRUM_SUPPORTED,True,232,84.82249433106576,0.0,172.2656249999956,PROVISIONAL_QUALIFIED_EVIDENCE,SOURCE_ASSOCIATED_NATIVE_MARKER,NUMERICAL_MARKER_ONLY_ATTACK_UNCERTAINTY_UNQUANTIFIED,,INDETERMINATE_UNQUANTIFIED_ATTACK_AND_REFERENCE_UNCERTAINTY,ZERO,11.609977324263038,NEW_005,c7efaf8d2029ed140d67b7cbfff1c23fd33e0ffcae18f285566266c063f78e1c,NEW_005_ADTOF_35_24,12.494331065752817,UNCONSTRAINED_NEW_005_190,UNCONSTRAINED_NEW_005_191,TRIO_CONDITIONED_NEW_005_162,BASS_00164,
F_MIX_00427,M2,True,85.10113378684807,UNKNOWN,True,233,85.17079365079366,-69.65986394558854,172.2656249999956,UNKNOWN,SOURCE_NEUTRAL_NATIVE_MARKER,NUMERICAL_MARKER_ONLY_ATTACK_UNCERTAINTY_UNQUANTIFIED,,INDETERMINATE_UNQUANTIFIED_ATTACK_AND_REFERENCE_UNCERTAINTY,NEGATIVE,11.609977324263038,NEW_005,c7efaf8d2029ed140d67b7cbfff1c23fd33e0ffcae18f285566266c063f78e1c,NEW_005_ADTOF_35_25,58.86621315192997,UNCONSTRAINED_NEW_005_197,UNCONSTRAINED_NEW_005_198,TRIO_CONDITIONED_NEW_005_168,,
F_MIX_00428,M2,True,85.18240362811791,BASS_AND_DRUM_SUPPORTED,True,233,85.17079365079366,11.609977324255283,161.49902343750287,PROVISIONAL_QUALIFIED_EVIDENCE,SOURCE_ASSOCIATED_NATIVE_MARKER,NUMERICAL_MARKER_ONLY_ATTACK_UNCERTAINTY_UNQUANTIFIED,,INDETERMINATE_UNQUANTIFIED_ATTACK_AND_REFERENCE_UNCERTAINTY,POSITIVE,11.609977324263038,NEW_005,c7efaf8d2029ed140d67b7cbfff1c23fd33e0ffcae18f285566266c063f78e1c,NEW_005_ADTOF_35_25,22.403628117913854,UNCONSTRAINED_NEW_005_197,UNCONSTRAINED_NEW_005_198,TRIO_CONDITIONED_NEW_005_168,BASS_00165,
F_MIX_00429,M2,True,85.46104308390022,DRUM_SUPPORTED,True,234,85.54231292517007,-81.26984126984382,161.49902343750287,PROVISIONAL_QUALIFIED_EVIDENCE,SOURCE_ASSOCIATED_NATIVE_MARKER,NUMERICAL_MARKER_ONLY_ATTACK_UNCERTAINTY_UNQUANTIFIED,,INDETERMINATE_UNQUANTIFIED_ATTACK_AND_REFERENCE_UNCERTAINTY,NEGATIVE,11.609977324263038,NEW_005,c7efaf8d2029ed140d67b7cbfff1c23fd33e0ffcae18f285566266c063f78e1c,NEW_005_ADTOF_49_37,21.043083900224246,UNCONSTRAINED_NEW_005_201,UNCONSTRAINED_NEW_005_202,TRIO_CONDITIONED_NEW_005_173,,
F_MIX_00430,M2,True,85.53070294784581,BASS_AND_DRUM_SUPPORTED,True,234,85.54231292517007,-11.609977324255283,161.49902343750287,PROVISIONAL_QUALIFIED_EVIDENCE,SOURCE_ASSOCIATED_NATIVE_MARKER,NUMERICAL_MARKER_ONLY_ATTACK_UNCERTAINTY_UNQUANTIFIED,,INDETERMINATE_UNQUANTIFIED_ATTACK_AND_REFERENCE_UNCERTAINTY,NEGATIVE,11.609977324263038,NEW_005,c7efaf8d2029ed140d67b7cbfff1c23fd33e0ffcae18f285566266c063f78e1c,NEW_005_ADTOF_35_26,10.702947845814492,UNCONSTRAINED_NEW_005_201,UNCONSTRAINED_NEW_005_202,TRIO_CONDITIONED_NEW_005_173,BASS_00166,
F_MIX_00431,M2,True,85.82095238095238,DRUM_SUPPORTED,True,235,85.89061224489797,-69.65986394558854,172.2656249999956,PROVISIONAL_QUALIFIED_EVIDENCE,SOURCE_ASSOCIATED_NATIVE_MARKER,NUMERICAL_MARKER_ONLY_ATTACK_UNCERTAINTY_UNQUANTIFIED,,INDETERMINATE_UNQUANTIFIED_ATTACK_AND_REFERENCE_UNCERTAINTY,NEGATIVE,11.609977324263038,NEW_005,c7efaf8d2029ed140d67b7cbfff1c23fd33e0ffcae18f285566266c063f78e1c,NEW_005_ADTOF_38_17,30.952380952385283,UNCONSTRAINED_NEW_005_206,UNCONSTRAINED_NEW_005_203,TRIO_CONDITIONED_NEW_005_177,,
F_MIX_00432,M2,True,85.90222222222222,BASS_AND_DRUM_SUPPORTED,True,235,85.89061224489797,11.609977324255283,172.26562500000261,PROVISIONAL_QUALIFIED_EVIDENCE,SOURCE_ASSOCIATED_NATIVE_MARKER,NUMERICAL_MARKER_ONLY_ATTACK_UNCERTAINTY_UNQUANTIFIED,,INDETERMINATE_UNQUANTIFIED_ATTACK_AND_REFERENCE_UNCERTAINTY,POSITIVE,11.609977324263038,NEW_005,c7efaf8d2029ed140d67b7cbfff1c23fd33e0ffcae18f285566266c063f78e1c,NEW_005_ADTOF_35_27,12.22222222222058,UNCONSTRAINED_NEW_005_206,UNCONSTRAINED_NEW_005_207,TRIO_CONDITIONED_NEW_005_177,BASS_00167,
F_MIX_00433,M2,True,86.18086167800453,UNKNOWN,True,236,86.23891156462585,-58.04988662131905,172.26562500000261,UNKNOWN,SOURCE_NEUTRAL_NATIVE_MARKER,NUMERICAL_MARKER_ONLY_ATTACK_UNCERTAINTY_UNQUANTIFIED,,INDETERMINATE_UNQUANTIFIED_ATTACK_AND_REFERENCE_UNCERTAINTY,NEGATIVE,11.609977324263038,NEW_005,c7efaf8d2029ed140d67b7cbfff1c23fd33e0ffcae18f285566266c063f78e1c,NEW_005_ADTOF_38_18,40.86167800453211,UNCONSTRAINED_NEW_005_211,UNCONSTRAINED_NEW_005_212,TRIO_CONDITIONED_NEW_005_178,,
F_MIX_00434,M2,True,86.2505215419501,BASS_AND_DRUM_SUPPORTED,True,236,86.23891156462585,11.609977324255283,161.49902343750287,PROVISIONAL_QUALIFIED_EVIDENCE,SOURCE_ASSOCIATED_NATIVE_MARKER,NUMERICAL_MARKER_ONLY_ATTACK_UNCERTAINTY_UNQUANTIFIED,,INDETERMINATE_UNQUANTIFIED_ATTACK_AND_REFERENCE_UNCERTAINTY,POSITIVE,11.609977324263038,NEW_005,c7efaf8d2029ed140d67b7cbfff1c23fd33e0ffcae18f285566266c063f78e1c,NEW_005_ADTOF_35_28,9.478458049898109,UNCONSTRAINED_NEW_005_211,UNCONSTRAINED_NEW_005_212,TRIO_CONDITIONED_NEW_005_181,BASS_00168,
F_MIX_00435,M2,True,86.2853514739229,DRUM_SUPPORTED,True,236,86.23891156462585,46.43990929704955,161.49902343750287,PROVISIONAL_QUALIFIED_EVIDENCE,SOURCE_ASSOCIATED_NATIVE_MARKER,NUMERICAL_MARKER_ONLY_ATTACK_UNCERTAINTY_UNQUANTIFIED,,INDETERMINATE_UNQUANTIFIED_ATTACK_AND_REFERENCE_UNCERTAINTY,POSITIVE,11.609977324263038,NEW_005,c7efaf8d2029ed140d67b7cbfff1c23fd33e0ffcae18f285566266c063f78e1c,NEW_005_ADTOF_35_28,25.35147392289616,UNCONSTRAINED_NEW_005_211,UNCONSTRAINED_NEW_005_212,TRIO_CONDITIONED_NEW_005_181,,
F_MIX_00436,M2,True,86.61043083900226,BASS_AND_DRUM_SUPPORTED,True,237,86.61043083900226,0.0,172.2656249999956,PROVISIONAL_QUALIFIED_EVIDENCE,SOURCE_ASSOCIATED_NATIVE_MARKER,NUMERICAL_MARKER_ONLY_ATTACK_UNCERTAINTY_UNQUANTIFIED,,INDETERMINATE_UNQUANTIFIED_ATTACK_AND_REFERENCE_UNCERTAINTY,ZERO,11.609977324263038,NEW_005,c7efaf8d2029ed140d67b7cbfff1c23fd33e0ffcae18f285566266c063f78e1c,NEW_005_ADTOF_35_29,10.430839002268044,UNCONSTRAINED_NEW_005_214,UNCONSTRAINED_NEW_005_215,TRIO_CONDITIONED_NEW_005_183,BASS_00169,
F_MIX_00437,M2,True,86.88907029478457,UNKNOWN,True,238,86.95873015873016,-69.65986394558854,172.2656249999956,UNKNOWN,SOURCE_NEUTRAL_NATIVE_MARKER,NUMERICAL_MARKER_ONLY_ATTACK_UNCERTAINTY_UNQUANTIFIED,,INDETERMINATE_UNQUANTIFIED_ATTACK_AND_REFERENCE_UNCERTAINTY,NEGATIVE,11.609977324263038,NEW_005,c7efaf8d2029ed140d67b7cbfff1c23fd33e0ffcae18f285566266c063f78e1c,NEW_005_ADTOF_35_30,70.92970521543407,UNCONSTRAINED_NEW_005_220,UNCONSTRAINED_NEW_005_221,TRIO_CONDITIONED_NEW_005_186,,
F_MIX_00438,M2,True,86.98195011337869,BASS_AND_DRUM_SUPPORTED,True,238,86.95873015873016,23.219954648524777,172.26562500000261,PROVISIONAL_QUALIFIED_EVIDENCE,SOURCE_ASSOCIATED_NATIVE_MARKER,NUMERICAL_MARKER_ONLY_ATTACK_UNCERTAINTY_UNQUANTIFIED,,INDETERMINATE_UNQUANTIFIED_ATTACK_AND_REFERENCE_UNCERTAINTY,POSITIVE,11.609977324263038,NEW_005,c7efaf8d2029ed140d67b7cbfff1c23fd33e0ffcae18f285566266c063f78e1c,NEW_005_ADTOF_35_30,21.950113378679248,UNCONSTRAINED_NEW_005_220,UNCONSTRAINED_NEW_005_221,TRIO_CONDITIONED_NEW_005_189,BASS_00170,
F_MIX_00439,M2,True,87.02839002267574,UNKNOWN,True,238,86.95873015873016,69.65986394557433,172.26562500000261,UNKNOWN,SOURCE_NEUTRAL_NATIVE_MARKER,NUMERICAL_MARKER_ONLY_ATTACK_UNCERTAINTY_UNQUANTIFIED,,INDETERMINATE_UNQUANTIFIED_ATTACK_AND_REFERENCE_UNCERTAINTY,POSITIVE,11.609977324263038,NEW_005,c7efaf8d2029ed140d67b7cbfff1c23fd33e0ffcae18f285566266c063f78e1c,NEW_005_ADTOF_35_30,68.3900226757288,UNCONSTRAINED_NEW_005_220,UNCONSTRAINED_NEW_005_221,TRIO_CONDITIONED_NEW_005_189,,
F_MIX_00440,M2,True,87.260589569161,UNKNOWN,True,239,87.30702947845805,-46.43990929704955,172.26562500000261,UNKNOWN,SOURCE_NEUTRAL_NATIVE_MARKER,NUMERICAL_MARKER_ONLY_ATTACK_UNCERTAINTY_UNQUANTIFIED,,INDETERMINATE_UNQUANTIFIED_ATTACK_AND_REFERENCE_UNCERTAINTY,NEGATIVE,11.609977324263038,NEW_005,c7efaf8d2029ed140d67b7cbfff1c23fd33e0ffcae18f285566266c063f78e1c,NEW_005_ADTOF_35_31,59.41043083899444,UNCONSTRAINED_NEW_005_225,UNCONSTRAINED_NEW_005_226,TRIO_CONDITIONED_NEW_005_193,BASS_00171,
F_MIX_00441,M2,True,87.34185941043084,DRUM_SUPPORTED,True,239,87.30702947845805,34.82993197279427,161.4990234374967,PROVISIONAL_QUALIFIED_EVIDENCE,SOURCE_ASSOCIATED_NATIVE_MARKER,NUMERICAL_MARKER_ONLY_ATTACK_UNCERTAINTY_UNQUANTIFIED,,INDETERMINATE_UNQUANTIFIED_ATTACK_AND_REFERENCE_UNCERTAINTY,POSITIVE,11.609977324263038,NEW_005,c7efaf8d2029ed140d67b7cbfff1c23fd33e0ffcae18f285566266c063f78e1c,NEW_005_ADTOF_35_31,21.85941043084938,UNCONSTRAINED_NEW_005_225,UNCONSTRAINED_NEW_005_226,TRIO_CONDITIONED_NEW_005_193,,
F_MIX_00442,M2,True,87.59727891156463,DRUM_SUPPORTED,True,240,87.67854875283447,-81.26984126984382,161.4990234374967,PROVISIONAL_QUALIFIED_EVIDENCE,SOURCE_ASSOCIATED_NATIVE_MARKER,NUMERICAL_MARKER_ONLY_ATTACK_UNCERTAINTY_UNQUANTIFIED,,INDETERMINATE_UNQUANTIFIED_ATTACK_AND_REFERENCE_UNCERTAINTY,NEGATIVE,11.609977324263038,NEW_005,c7efaf8d2029ed140d67b7cbfff1c23fd33e0ffcae18f285566266c063f78e1c,NEW_005_ADTOF_38_19,17.278911564631017,UNCONSTRAINED_NEW_005_231,UNCONSTRAINED_NEW_005_228,TRIO_CONDITIONED_NEW_005_197,BASS_00172,
F_MIX_00443,M2,True,88.03845804988661,BASS_AND_DRUM_SUPPORTED,True,241,88.02684807256236,11.609977324255283,161.49902343750287,PROVISIONAL_QUALIFIED_EVIDENCE,SOURCE_ASSOCIATED_NATIVE_MARKER,NUMERICAL_MARKER_ONLY_ATTACK_UNCERTAINTY_UNQUANTIFIED,,INDETERMINATE_UNQUANTIFIED_ATTACK_AND_REFERENCE_UNCERTAINTY,POSITIVE,11.609977324263038,NEW_005,c7efaf8d2029ed140d67b7cbfff1c23fd33e0ffcae18f285566266c063f78e1c,NEW_005_ADTOF_35_32,1.5419501133777658,UNCONSTRAINED_NEW_005_239,UNCONSTRAINED_NEW_005_240,TRIO_CONDITIONED_NEW_005_207,BASS_00173,
F_MIX_00444,M2,True,88.3287074829932,UNKNOWN,True,242,88.39836734693877,-69.65986394557433,161.49902343750287,UNKNOWN,SOURCE_NEUTRAL_NATIVE_MARKER,NUMERICAL_MARKER_ONLY_ATTACK_UNCERTAINTY_UNQUANTIFIED,,INDETERMINATE_UNQUANTIFIED_ATTACK_AND_REFERENCE_UNCERTAINTY,NEGATIVE,11.609977324263038,NEW_005,c7efaf8d2029ed140d67b7cbfff1c23fd33e0ffcae18f285566266c063f78e1c,NEW_005_ADTOF_35_33,61.29251700680527,UNCONSTRAINED_NEW_005_247,UNCONSTRAINED_NEW_005_248,TRIO_CONDITIONED_NEW_005_214,BASS_00174,
F_MIX_00445,M2,True,88.75827664399092,BASS_AND_DRUM_SUPPORTED,True,243,88.74666666666667,11.609977324255283,172.26562500000261,PROVISIONAL_QUALIFIED_EVIDENCE,SOURCE_ASSOCIATED_NATIVE_MARKER,NUMERICAL_MARKER_ONLY_ATTACK_UNCERTAINTY_UNQUANTIFIED,,INDETERMINATE_UNQUANTIFIED_ATTACK_AND_REFERENCE_UNCERTAINTY,POSITIVE,11.609977324263038,NEW_005,c7efaf8d2029ed140d67b7cbfff1c23fd33e0ffcae18f285566266c063f78e1c,NEW_005_ADTOF_38_20,18.276643990930097,UNCONSTRAINED_NEW_005_254,UNCONSTRAINED_NEW_005_255,TRIO_CONDITIONED_NEW_005_221,BASS_00175,
F_MIX_00446,M2,True,89.03691609977324,UNKNOWN,True,244,89.09496598639456,-58.04988662131905,172.26562500000261,UNKNOWN,SOURCE_NEUTRAL_NATIVE_MARKER,NUMERICAL_MARKER_ONLY_ATTACK_UNCERTAINTY_UNQUANTIFIED,,INDETERMINATE_UNQUANTIFIED_ATTACK_AND_REFERENCE_UNCERTAINTY,NEGATIVE,11.609977324263038,NEW_005,c7efaf8d2029ed140d67b7cbfff1c23fd33e0ffcae18f285566266c063f78e1c,NEW_005_ADTOF_49_48,53.0839002267669,UNCONSTRAINED_NEW_005_262,UNCONSTRAINED_NEW_005_263,TRIO_CONDITIONED_NEW_005_228,,
F_MIX_00447,M2,True,89.10657596371883,BASS_AND_DRUM_SUPPORTED,True,244,89.09496598639456,11.609977324269494,161.4990234374967,PROVISIONAL_QUALIFIED_EVIDENCE,SOURCE_ASSOCIATED_NATIVE_MARKER,NUMERICAL_MARKER_ONLY_ATTACK_UNCERTAINTY_UNQUANTIFIED,,INDETERMINATE_UNQUANTIFIED_ATTACK_AND_REFERENCE_UNCERTAINTY,POSITIVE,11.609977324263038,NEW_005,c7efaf8d2029ed140d67b7cbfff1c23fd33e0ffcae18f285566266c063f78e1c,NEW_005_ADTOF_49_48,16.57596371882164,UNCONSTRAINED_NEW_005_262,UNCONSTRAINED_NEW_005_263,TRIO_CONDITIONED_NEW_005_228,BASS_00176,
F_MIX_00448,M2,True,89.47809523809524,BASS_AND_DRUM_SUPPORTED,True,245,89.46648526077098,11.609977324255283,172.26562500000261,PROVISIONAL_QUALIFIED_EVIDENCE,SOURCE_ASSOCIATED_NATIVE_MARKER,NUMERICAL_MARKER_ONLY_ATTACK_UNCERTAINTY_UNQUANTIFIED,,INDETERMINATE_UNQUANTIFIED_ATTACK_AND_REFERENCE_UNCERTAINTY,POSITIVE,11.609977324263038,NEW_005,c7efaf8d2029ed140d67b7cbfff1c23fd33e0ffcae18f285566266c063f78e1c,NEW_005_ADTOF_38_21,18.095238095227728,UNCONSTRAINED_NEW_005_269,UNCONSTRAINED_NEW_005_270,TRIO_CONDITIONED_NEW_005_234,BASS_00177,
F_MIX_00449,M2,True,89.74512471655329,DRUM_SUPPORTED,True,246,89.81478458049887,-69.65986394557433,172.26562500000261,PROVISIONAL_QUALIFIED_EVIDENCE,SOURCE_ASSOCIATED_NATIVE_MARKER,NUMERICAL_MARKER_ONLY_ATTACK_UNCERTAINTY_UNQUANTIFIED,,INDETERMINATE_UNQUANTIFIED_ATTACK_AND_REFERENCE_UNCERTAINTY,NEGATIVE,11.609977324263038,NEW_005,c7efaf8d2029ed140d67b7cbfff1c23fd33e0ffcae18f285566266c063f78e1c,NEW_005_ADTOF_49_50,15.124716553287954,UNCONSTRAINED_NEW_005_281,UNCONSTRAINED_NEW_005_278,TRIO_CONDITIONED_NEW_005_238,BASS_00178,
F_MIX_00450,M2,True,90.16308390022675,BASS_AND_DRUM_SUPPORTED,True,247,90.16308390022675,0.0,161.4990234374967,PROVISIONAL_QUALIFIED_EVIDENCE,SOURCE_ASSOCIATED_NATIVE_MARKER,NUMERICAL_MARKER_ONLY_ATTACK_UNCERTAINTY_UNQUANTIFIED,,INDETERMINATE_UNQUANTIFIED_ATTACK_AND_REFERENCE_UNCERTAINTY,ZERO,11.609977324263038,NEW_006,c7efaf8d2029ed140d67b7cbfff1c23fd33e0ffcae18f285566266c063f78e1c,NEW_006_ADTOF_49_2,16.9160997732547,UNCONSTRAINED_NEW_006_12,UNCONSTRAINED_NEW_006_13,TRIO_CONDITIONED_NEW_006_10,BASS_00179;BASS_00180,
F_MIX_00451,M2,True,90.45333333333333,DRUM_SUPPORTED,True,248,90.53460317460318,-81.26984126984382,161.4990234374967,PROVISIONAL_QUALIFIED_EVIDENCE,SOURCE_ASSOCIATED_NATIVE_MARKER,NUMERICAL_MARKER_ONLY_ATTACK_UNCERTAINTY_UNQUANTIFIED,,INDETERMINATE_UNQUANTIFIED_ATTACK_AND_REFERENCE_UNCERTAINTY,NEGATIVE,11.609977324263038,NEW_006,c7efaf8d2029ed140d67b7cbfff1c23fd33e0ffcae18f285566266c063f78e1c,NEW_006_ADTOF_38_0,23.333333333326323,UNCONSTRAINED_NEW_006_19,UNCONSTRAINED_NEW_006_16,TRIO_CONDITIONED_NEW_006_13,,
F_MIX_00452,M2,True,90.5578231292517,BASS_AND_DRUM_SUPPORTED,True,248,90.53460317460318,23.219954648524777,172.26562500000261,PROVISIONAL_QUALIFIED_EVIDENCE,SOURCE_ASSOCIATED_NATIVE_MARKER,NUMERICAL_MARKER_ONLY_ATTACK_UNCERTAINTY_UNQUANTIFIED,,INDETERMINATE_UNQUANTIFIED_ATTACK_AND_REFERENCE_UNCERTAINTY,POSITIVE,11.609977324263038,NEW_006,c7efaf8d2029ed140d67b7cbfff1c23fd33e0ffcae18f285566266c063f78e1c,NEW_006_ADTOF_35_0,17.82312925169549,UNCONSTRAINED_NEW_006_19,UNCONSTRAINED_NEW_006_20,TRIO_CONDITIONED_NEW_006_18,BASS_00181,
F_MIX_00453,M2,True,90.5926530612245,UNKNOWN,True,248,90.53460317460318,58.04988662131905,172.26562500000261,UNKNOWN,SOURCE_NEUTRAL_NATIVE_MARKER,NUMERICAL_MARKER_ONLY_ATTACK_UNCERTAINTY_UNQUANTIFIED,,INDETERMINATE_UNQUANTIFIED_ATTACK_AND_REFERENCE_UNCERTAINTY,POSITIVE,11.609977324263038,NEW_006,c7efaf8d2029ed140d67b7cbfff1c23fd33e0ffcae18f285566266c063f78e1c,NEW_006_ADTOF_35_0,52.65306122448976,UNCONSTRAINED_NEW_006_19,UNCONSTRAINED_NEW_006_20,TRIO_CONDITIONED_NEW_006_18,,
F_MIX_00454,M2,True,90.84807256235828,UNKNOWN,True,249,90.88290249433106,-34.82993197278006,172.26562500000261,UNKNOWN,SOURCE_NEUTRAL_NATIVE_MARKER,NUMERICAL_MARKER_ONLY_ATTACK_UNCERTAINTY_UNQUANTIFIED,,INDETERMINATE_UNQUANTIFIED_ATTACK_AND_REFERENCE_UNCERTAINTY,NEGATIVE,11.609977324263038,NEW_006,c7efaf8d2029ed140d67b7cbfff1c23fd33e0ffcae18f285566266c063f78e1c,NEW_006_ADTOF_35_1,51.92743764172292,UNCONSTRAINED_NEW_006_25,UNCONSTRAINED_NEW_006_26,TRIO_CONDITIONED_NEW_006_23,,
F_MIX_00455,M2,True,90.90612244897959,BASS_AND_DRUM_SUPPORTED,True,249,90.88290249433106,23.219954648524777,161.4990234374967,PROVISIONAL_QUALIFIED_EVIDENCE,SOURCE_ASSOCIATED_NATIVE_MARKER,NUMERICAL_MARKER_ONLY_ATTACK_UNCERTAINTY_UNQUANTIFIED,,INDETERMINATE_UNQUANTIFIED_ATTACK_AND_REFERENCE_UNCERTAINTY,POSITIVE,11.609977324263038,NEW_006,c7efaf8d2029ed140d67b7cbfff1c23fd33e0ffcae18f285566266c063f78e1c,NEW_006_ADTOF_35_1,6.122448979581918,UNCONSTRAINED_NEW_006_25,UNCONSTRAINED_NEW_006_26,TRIO_CONDITIONED_NEW_006_23,BASS_00182,
F_MIX_00456,M2,True,91.1847619047619,UNKNOWN,True,250,91.25442176870749,-69.65986394558854,161.4990234374967,UNKNOWN,SOURCE_NEUTRAL_NATIVE_MARKER,NUMERICAL_MARKER_ONLY_ATTACK_UNCERTAINTY_UNQUANTIFIED,,INDETERMINATE_UNQUANTIFIED_ATTACK_AND_REFERENCE_UNCERTAINTY,NEGATIVE,11.609977324263038,NEW_006,c7efaf8d2029ed140d67b7cbfff1c23fd33e0ffcae18f285566266c063f78e1c,NEW_006_ADTOF_35_2,75.23809523810598,UNCONSTRAINED_NEW_006_29,UNCONSTRAINED_NEW_006_30,TRIO_CONDITIONED_NEW_006_27,,
F_MIX_00457,M2,True,91.26603174603174,BASS_AND_DRUM_SUPPORTED,True,250,91.25442176870749,11.609977324255283,172.26562500000261,PROVISIONAL_QUALIFIED_EVIDENCE,SOURCE_ASSOCIATED_NATIVE_MARKER,NUMERICAL_MARKER_ONLY_ATTACK_UNCERTAINTY_UNQUANTIFIED,,INDETERMINATE_UNQUANTIFIED_ATTACK_AND_REFERENCE_UNCERTAINTY,POSITIVE,11.609977324263038,NEW_006,c7efaf8d2029ed140d67b7cbfff1c23fd33e0ffcae18f285566266c063f78e1c,NEW_006_ADTOF_35_2,6.031746031737839,UNCONSTRAINED_NEW_006_29,UNCONSTRAINED_NEW_006_30,TRIO_CONDITIONED_NEW_006_27,BASS_00183,
F_MIX_00458,M2,True,91.54467120181405,UNKNOWN,True,251,91.60272108843537,-58.04988662131905,172.26562500000261,UNKNOWN,SOURCE_NEUTRAL_NATIVE_MARKER,NUMERICAL_MARKER_ONLY_ATTACK_UNCERTAINTY_UNQUANTIFIED,,INDETERMINATE_UNQUANTIFIED_ATTACK_AND_REFERENCE_UNCERTAINTY,NEGATIVE,11.609977324263038,NEW_006,c7efaf8d2029ed140d67b7cbfff1c23fd33e0ffcae18f285566266c063f78e1c,NEW_006_ADTOF_35_3,65.32879818594495,UNCONSTRAINED_NEW_006_37,UNCONSTRAINED_NEW_006_38,TRIO_CONDITIONED_NEW_006_31,,
F_MIX_00459,M2,True,91.6259410430839,BASS_AND_DRUM_SUPPORTED,True,251,91.60272108843537,23.219954648524777,161.4990234374967,PROVISIONAL_QUALIFIED_EVIDENCE,SOURCE_ASSOCIATED_NATIVE_MARKER,NUMERICAL_MARKER_ONLY_ATTACK_UNCERTAINTY_UNQUANTIFIED,,INDETERMINATE_UNQUANTIFIED_ATTACK_AND_REFERENCE_UNCERTAINTY,POSITIVE,11.609977324263038,NEW_006,c7efaf8d2029ed140d67b7cbfff1c23fd33e0ffcae18f285566266c063f78e1c,NEW_006_ADTOF_35_3,15.941043083898876,UNCONSTRAINED_NEW_006_37,UNCONSTRAINED_NEW_006_38,TRIO_CONDITIONED_NEW_006_35,BASS_00184,
F_MIX_00460,M2,True,91.89297052154195,DRUM_SUPPORTED,True,252,91.9742403628118,-81.26984126984382,161.4990234374967,PROVISIONAL_QUALIFIED_EVIDENCE,SOURCE_ASSOCIATED_NATIVE_MARKER,NUMERICAL_MARKER_ONLY_ATTACK_UNCERTAINTY_UNQUANTIFIED,,INDETERMINATE_UNQUANTIFIED_ATTACK_AND_REFERENCE_UNCERTAINTY,NEGATIVE,11.609977324263038,NEW_006,c7efaf8d2029ed140d67b7cbfff1c23fd33e0ffcae18f285566266c063f78e1c,NEW_006_ADTOF_38_1,22.970521541950006,UNCONSTRAINED_NEW_006_40,UNCONSTRAINED_NEW_006_41,TRIO_CONDITIONED_NEW_006_36,,
F_MIX_00461,M2,True,91.99746031746032,DRUM_SUPPORTED,True,252,91.9742403628118,23.219954648524777,172.26562500000261,PROVISIONAL_QUALIFIED_EVIDENCE,SOURCE_ASSOCIATED_NATIVE_MARKER,NUMERICAL_MARKER_ONLY_ATTACK_UNCERTAINTY_UNQUANTIFIED,,INDETERMINATE_UNQUANTIFIED_ATTACK_AND_REFERENCE_UNCERTAINTY,POSITIVE,11.609977324263038,NEW_006,c7efaf8d2029ed140d67b7cbfff1c23fd33e0ffcae18f285566266c063f78e1c,NEW_006_ADTOF_35_4,27.46031746032429,UNCONSTRAINED_NEW_006_40,UNCONSTRAINED_NEW_006_41,TRIO_CONDITIONED_NEW_006_39,BASS_00185,
F_MIX_00462,M2,True,92.25287981859411,UNKNOWN,True,253,92.32253968253968,-69.65986394557433,172.26562500000261,UNKNOWN,SOURCE_NEUTRAL_NATIVE_MARKER,NUMERICAL_MARKER_ONLY_ATTACK_UNCERTAINTY_UNQUANTIFIED,,INDETERMINATE_UNQUANTIFIED_ATTACK_AND_REFERENCE_UNCERTAINTY,NEGATIVE,11.609977324263038,NEW_006,c7efaf8d2029ed140d67b7cbfff1c23fd33e0ffcae18f285566266c063f78e1c,NEW_006_ADTOF_35_5,77.12018140588839,UNCONSTRAINED_NEW_006_45,UNCONSTRAINED_NEW_006_46,TRIO_CONDITIONED_NEW_006_42,,
F_MIX_00463,M2,True,92.28770975056689,BASS_AND_DRUM_SUPPORTED,True,253,92.32253968253968,-34.82993197279427,172.26562500000261,PROVISIONAL_QUALIFIED_EVIDENCE,SOURCE_ASSOCIATED_NATIVE_MARKER,NUMERICAL_MARKER_ONLY_ATTACK_UNCERTAINTY_UNQUANTIFIED,,INDETERMINATE_UNQUANTIFIED_ATTACK_AND_REFERENCE_UNCERTAINTY,NEGATIVE,11.609977324263038,NEW_006,c7efaf8d2029ed140d67b7cbfff1c23fd33e0ffcae18f285566266c063f78e1c,NEW_006_ADTOF_35_5,42.29024943310833,UNCONSTRAINED_NEW_006_45,UNCONSTRAINED_NEW_006_46,TRIO_CONDITIONED_NEW_006_44,BASS_00186,
F_MIX_00464,M2,True,92.34575963718821,DRUM_SUPPORTED,True,253,92.32253968253968,23.219954648524777,172.26562500000261,PROVISIONAL_QUALIFIED_EVIDENCE,SOURCE_ASSOCIATED_NATIVE_MARKER,NUMERICAL_MARKER_ONLY_ATTACK_UNCERTAINTY_UNQUANTIFIED,,INDETERMINATE_UNQUANTIFIED_ATTACK_AND_REFERENCE_UNCERTAINTY,POSITIVE,11.609977324263038,NEW_006,c7efaf8d2029ed140d67b7cbfff1c23fd33e0ffcae18f285566266c063f78e1c,NEW_006_ADTOF_35_5,15.759637188210718,UNCONSTRAINED_NEW_006_45,UNCONSTRAINED_NEW_006_46,TRIO_CONDITIONED_NEW_006_44,,
F_MIX_00465,M2,True,92.63600907029479,UNKNOWN,True,254,92.67083900226757,-34.82993197278006,172.26562500000261,UNKNOWN,SOURCE_NEUTRAL_NATIVE_MARKER,NUMERICAL_MARKER_ONLY_ATTACK_UNCERTAINTY_UNQUANTIFIED,,INDETERMINATE_UNQUANTIFIED_ATTACK_AND_REFERENCE_UNCERTAINTY,NEGATIVE,11.609977324263038,NEW_006,c7efaf8d2029ed140d67b7cbfff1c23fd33e0ffcae18f285566266c063f78e1c,NEW_006_ADTOF_49_9,53.99092970520769,UNCONSTRAINED_NEW_006_55,UNCONSTRAINED_NEW_006_56,TRIO_CONDITIONED_NEW_006_54,,
F_MIX_00466,M2,True,92.70566893424036,BASS_AND_DRUM_SUPPORTED,True,254,92.67083900226757,34.82993197279427,161.4990234374967,PROVISIONAL_QUALIFIED_EVIDENCE,SOURCE_ASSOCIATED_NATIVE_MARKER,NUMERICAL_MARKER_ONLY_ATTACK_UNCERTAINTY_UNQUANTIFIED,,INDETERMINATE_UNQUANTIFIED_ATTACK_AND_REFERENCE_UNCERTAINTY,POSITIVE,11.609977324263038,NEW_006,c7efaf8d2029ed140d67b7cbfff1c23fd33e0ffcae18f285566266c063f78e1c,NEW_006_ADTOF_49_9,15.668934240366639,UNCONSTRAINED_NEW_006_55,UNCONSTRAINED_NEW_006_56,TRIO_CONDITIONED_NEW_006_54,BASS_00187,
F_MIX_00467,M2,True,92.9726984126984,DRUM_SUPPORTED,True,255,93.042358276644,-69.65986394558854,161.4990234374967,PROVISIONAL_QUALIFIED_EVIDENCE,SOURCE_ASSOCIATED_NATIVE_MARKER,NUMERICAL_MARKER_ONLY_ATTACK_UNCERTAINTY_UNQUANTIFIED,,INDETERMINATE_UNQUANTIFIED_ATTACK_AND_REFERENCE_UNCERTAINTY,NEGATIVE,11.609977324263038,NEW_006,c7efaf8d2029ed140d67b7cbfff1c23fd33e0ffcae18f285566266c063f78e1c,NEW_006_ADTOF_38_2,22.69841269840356,UNCONSTRAINED_NEW_006_62,UNCONSTRAINED_NEW_006_59,TRIO_CONDITIONED_NEW_006_57,,
F_MIX_00468,M2,True,93.07718820861678,BASS_AND_DRUM_SUPPORTED,True,255,93.042358276644,34.82993197278006,172.26562500000261,PROVISIONAL_QUALIFIED_EVIDENCE,SOURCE_ASSOCIATED_NATIVE_MARKER,NUMERICAL_MARKER_ONLY_ATTACK_UNCERTAINTY_UNQUANTIFIED,,INDETERMINATE_UNQUANTIFIED_ATTACK_AND_REFERENCE_UNCERTAINTY,POSITIVE,11.609977324263038,NEW_006,c7efaf8d2029ed140d67b7cbfff1c23fd33e0ffcae18f285566266c063f78e1c,NEW_006_ADTOF_49_10,17.188208616772727,UNCONSTRAINED_NEW_006_62,UNCONSTRAINED_NEW_006_63,TRIO_CONDITIONED_NEW_006_62,BASS_00188,
F_MIX_00469,M2,True,93.33260770975056,DRUM_SUPPORTED,True,256,93.39065759637188,-58.04988662131905,172.26562500000261,PROVISIONAL_QUALIFIED_EVIDENCE,SOURCE_ASSOCIATED_NATIVE_MARKER,NUMERICAL_MARKER_ONLY_ATTACK_UNCERTAINTY_UNQUANTIFIED,,INDETERMINATE_UNQUANTIFIED_ATTACK_AND_REFERENCE_UNCERTAINTY,NEGATIVE,11.609977324263038,NEW_006,c7efaf8d2029ed140d67b7cbfff1c23fd33e0ffcae18f285566266c063f78e1c,NEW_006_ADTOF_49_11,22.60770975055948,UNCONSTRAINED_NEW_006_67,UNCONSTRAINED_NEW_006_68,TRIO_CONDITIONED_NEW_006_67,,
F_MIX_00470,M2,True,93.43709750566893,DRUM_SUPPORTED,True,256,93.39065759637188,46.43990929704955,161.4990234374967,PROVISIONAL_QUALIFIED_EVIDENCE,SOURCE_ASSOCIATED_NATIVE_MARKER,NUMERICAL_MARKER_ONLY_ATTACK_UNCERTAINTY_UNQUANTIFIED,,INDETERMINATE_UNQUANTIFIED_ATTACK_AND_REFERENCE_UNCERTAINTY,POSITIVE,11.609977324263038,NEW_006,c7efaf8d2029ed140d67b7cbfff1c23fd33e0ffcae18f285566266c063f78e1c,NEW_006_ADTOF_38_3,17.097505668928648,UNCONSTRAINED_NEW_006_67,UNCONSTRAINED_NEW_006_68,TRIO_CONDITIONED_NEW_006_67,BASS_00189,
F_MIX_00471,M2,True,93.70412698412699,UNKNOWN,True,257,93.7621768707483,-58.04988662131905,161.4990234374967,UNKNOWN,SOURCE_NEUTRAL_NATIVE_MARKER,NUMERICAL_MARKER_ONLY_ATTACK_UNCERTAINTY_UNQUANTIFIED,,INDETERMINATE_UNQUANTIFIED_ATTACK_AND_REFERENCE_UNCERTAINTY,NEGATIVE,11.609977324263038,NEW_006,c7efaf8d2029ed140d67b7cbfff1c23fd33e0ffcae18f285566266c063f78e1c,NEW_006_ADTOF_35_6,65.87301587300942,UNCONSTRAINED_NEW_006_73,UNCONSTRAINED_NEW_006_74,TRIO_CONDITIONED_NEW_006_76,BASS_00190,
F_MIX_00472,M2,True,93.79700680272109,DRUM_SUPPORTED,True,257,93.7621768707483,34.82993197278006,172.26562500000261,PROVISIONAL_QUALIFIED_EVIDENCE,SOURCE_ASSOCIATED_NATIVE_MARKER,NUMERICAL_MARKER_ONLY_ATTACK_UNCERTAINTY_UNQUANTIFIED,,INDETERMINATE_UNQUANTIFIED_ATTACK_AND_REFERENCE_UNCERTAINTY,POSITIVE,11.609977324263038,NEW_006,c7efaf8d2029ed140d67b7cbfff1c23fd33e0ffcae18f285566266c063f78e1c,NEW_006_ADTOF_49_13,17.00680272108457,UNCONSTRAINED_NEW_006_73,UNCONSTRAINED_NEW_006_74,TRIO_CONDITIONED_NEW_006_76,,
F_MIX_00473,M2,True,94.04081632653062,DRUM_SUPPORTED,True,258,94.11047619047619,-69.65986394557433,172.26562500000261,PROVISIONAL_QUALIFIED_EVIDENCE,SOURCE_ASSOCIATED_NATIVE_MARKER,NUMERICAL_MARKER_ONLY_ATTACK_UNCERTAINTY_UNQUANTIFIED,,INDETERMINATE_UNQUANTIFIED_ATTACK_AND_REFERENCE_UNCERTAINTY,NEGATIVE,11.609977324263038,NEW_006,c7efaf8d2029ed140d67b7cbfff1c23fd33e0ffcae18f285566266c063f78e1c,NEW_006_ADTOF_35_7,20.816326530621154,UNCONSTRAINED_NEW_006_81,UNCONSTRAINED_NEW_006_80,TRIO_CONDITIONED_NEW_006_82,BASS_00191,
F_MIX_00474,M2,True,94.50521541950113,BASS_AND_DRUM_SUPPORTED,True,259,94.4819954648526,23.219954648524777,161.4990234374967,PROVISIONAL_QUALIFIED_EVIDENCE,SOURCE_ASSOCIATED_NATIVE_MARKER,NUMERICAL_MARKER_ONLY_ATTACK_UNCERTAINTY_UNQUANTIFIED,,INDETERMINATE_UNQUANTIFIED_ATTACK_AND_REFERENCE_UNCERTAINTY,POSITIVE,11.609977324263038,NEW_006,c7efaf8d2029ed140d67b7cbfff1c23fd33e0ffcae18f285566266c063f78e1c,NEW_006_ADTOF_49_15,15.215419501132033,UNCONSTRAINED_NEW_006_91,UNCONSTRAINED_NEW_006_92,TRIO_CONDITIONED_NEW_006_98,BASS_00192,
F_MIX_00475,M2,True,94.78385487528345,DRUM_SUPPORTED,True,260,94.85351473922903,-69.65986394557433,161.4990234374967,PROVISIONAL_QUALIFIED_EVIDENCE,SOURCE_ASSOCIATED_NATIVE_MARKER,NUMERICAL_MARKER_ONLY_ATTACK_UNCERTAINTY_UNQUANTIFIED,,INDETERMINATE_UNQUANTIFIED_ATTACK_AND_REFERENCE_UNCERTAINTY,NEGATIVE,11.609977324263038,NEW_006,c7efaf8d2029ed140d67b7cbfff1c23fd33e0ffcae18f285566266c063f78e1c,NEW_006_ADTOF_38_5,23.85487528344754,UNCONSTRAINED_NEW_006_98,UNCONSTRAINED_NEW_006_93,TRIO_CONDITIONED_NEW_006_100,BASS_00193,
F_MIX_00476,M2,True,95.19020408163266,DRUM_SUPPORTED,True,261,95.20181405895691,-11.609977324255283,172.26562500000261,PROVISIONAL_QUALIFIED_EVIDENCE,SOURCE_ASSOCIATED_NATIVE_MARKER,NUMERICAL_MARKER_ONLY_ATTACK_UNCERTAINTY_UNQUANTIFIED,,INDETERMINATE_UNQUANTIFIED_ATTACK_AND_REFERENCE_UNCERTAINTY,NEGATIVE,11.609977324263038,NEW_006,c7efaf8d2029ed140d67b7cbfff1c23fd33e0ffcae18f285566266c063f78e1c,NEW_006_ADTOF_35_8,0.20408163265983603,UNCONSTRAINED_NEW_006_105,UNCONSTRAINED_NEW_006_106,TRIO_CONDITIONED_NEW_006_116,BASS_00194,
F_MIX_00477,M2,True,95.51528344671202,DRUM_SUPPORTED,True,262,95.57333333333334,-58.04988662131905,161.4990234374967,PROVISIONAL_QUALIFIED_EVIDENCE,SOURCE_ASSOCIATED_NATIVE_MARKER,NUMERICAL_MARKER_ONLY_ATTACK_UNCERTAINTY_UNQUANTIFIED,,INDETERMINATE_UNQUANTIFIED_ATTACK_AND_REFERENCE_UNCERTAINTY,NEGATIVE,11.609977324263038,NEW_006,c7efaf8d2029ed140d67b7cbfff1c23fd33e0ffcae18f285566266c063f78e1c,NEW_006_ADTOF_38_7,25.28344671202376,UNCONSTRAINED_NEW_006_116,UNCONSTRAINED_NEW_006_117,TRIO_CONDITIONED_NEW_006_125,,
F_MIX_00478,M2,True,95.59655328798186,BASS_AND_DRUM_SUPPORTED,True,262,95.57333333333334,23.219954648524777,172.26562500000261,PROVISIONAL_QUALIFIED_EVIDENCE,SOURCE_ASSOCIATED_NATIVE_MARKER,NUMERICAL_MARKER_ONLY_ATTACK_UNCERTAINTY_UNQUANTIFIED,,INDETERMINATE_UNQUANTIFIED_ATTACK_AND_REFERENCE_UNCERTAINTY,POSITIVE,11.609977324263038,NEW_006,c7efaf8d2029ed140d67b7cbfff1c23fd33e0ffcae18f285566266c063f78e1c,NEW_006_ADTOF_35_9,16.553287981864173,UNCONSTRAINED_NEW_006_116,UNCONSTRAINED_NEW_006_117,TRIO_CONDITIONED_NEW_006_125,BASS_00195,
F_MIX_00479,M2,True,95.87519274376417,UNKNOWN,True,263,95.92163265306122,-46.43990929704955,172.26562500000261,UNKNOWN,SOURCE_NEUTRAL_NATIVE_MARKER,NUMERICAL_MARKER_ONLY_ATTACK_UNCERTAINTY_UNQUANTIFIED,,INDETERMINATE_UNQUANTIFIED_ATTACK_AND_REFERENCE_UNCERTAINTY,NEGATIVE,11.609977324263038,NEW_006,c7efaf8d2029ed140d67b7cbfff1c23fd33e0ffcae18f285566266c063f78e1c,NEW_006_ADTOF_35_10,84.80725623581975,UNCONSTRAINED_NEW_006_119,UNCONSTRAINED_NEW_006_120,TRIO_CONDITIONED_NEW_006_130,BASS_00196,
F_MIX_00480,M2,True,95.95646258503402,DRUM_SUPPORTED,True,263,95.92163265306122,34.82993197279427,161.4990234374967,PROVISIONAL_QUALIFIED_EVIDENCE,SOURCE_ASSOCIATED_NATIVE_MARKER,NUMERICAL_MARKER_ONLY_ATTACK_UNCERTAINTY_UNQUANTIFIED,,INDETERMINATE_UNQUANTIFIED_ATTACK_AND_REFERENCE_UNCERTAINTY,POSITIVE,11.609977324263038,NEW_006,c7efaf8d2029ed140d67b7cbfff1c23fd33e0ffcae18f285566266c063f78e1c,NEW_006_ADTOF_35_10,3.537414965975927,UNCONSTRAINED_NEW_006_122,UNCONSTRAINED_NEW_006_123,TRIO_CONDITIONED_NEW_006_130,,
F_MIX_00481,M2,True,96.23510204081633,DRUM_SUPPORTED,True,264,96.29315192743765,-58.04988662131905,161.4990234374967,PROVISIONAL_QUALIFIED_EVIDENCE,SOURCE_ASSOCIATED_NATIVE_MARKER,NUMERICAL_MARKER_ONLY_ATTACK_UNCERTAINTY_UNQUANTIFIED,,INDETERMINATE_UNQUANTIFIED_ATTACK_AND_REFERENCE_UNCERTAINTY,NEGATIVE,11.609977324263038,NEW_006,c7efaf8d2029ed140d67b7cbfff1c23fd33e0ffcae18f285566266c063f78e1c,NEW_006_ADTOF_38_9,25.102040816335602,UNCONSTRAINED_NEW_006_129,UNCONSTRAINED_NEW_006_128,TRIO_CONDITIONED_NEW_006_138,BASS_00197,
F_MIX_00482,M2,True,96.60662131519274,UNKNOWN,True,265,96.64145124716553,-34.82993197279427,172.26562500000261,UNKNOWN,SOURCE_NEUTRAL_NATIVE_MARKER,NUMERICAL_MARKER_ONLY_ATTACK_UNCERTAINTY_UNQUANTIFIED,,INDETERMINATE_UNQUANTIFIED_ATTACK_AND_REFERENCE_UNCERTAINTY,NEGATIVE,11.609977324263038,NEW_006,c7efaf8d2029ed140d67b7cbfff1c23fd33e0ffcae18f285566266c063f78e1c,NEW_006_ADTOF_35_12,63.37868480726172,UNCONSTRAINED_NEW_006_133,UNCONSTRAINED_NEW_006_134,TRIO_CONDITIONED_NEW_006_141,,
F_MIX_00483,M2,True,96.68789115646258,BASS_AND_DRUM_SUPPORTED,True,265,96.64145124716553,46.43990929704955,161.49902343750287,PROVISIONAL_QUALIFIED_EVIDENCE,SOURCE_ASSOCIATED_NATIVE_MARKER,NUMERICAL_MARKER_ONLY_ATTACK_UNCERTAINTY_UNQUANTIFIED,,INDETERMINATE_UNQUANTIFIED_ATTACK_AND_REFERENCE_UNCERTAINTY,POSITIVE,11.609977324263038,NEW_006,c7efaf8d2029ed140d67b7cbfff1c23fd33e0ffcae18f285566266c063f78e1c,NEW_006_ADTOF_35_12,17.891156462582103,UNCONSTRAINED_NEW_006_133,UNCONSTRAINED_NEW_006_134,TRIO_CONDITIONED_NEW_006_141,BASS_00198,
F_MIX_00484,M2,True,96.94331065759637,DRUM_SUPPORTED,True,266,97.01297052154194,-69.65986394557433,161.49902343750287,PROVISIONAL_QUALIFIED_EVIDENCE,SOURCE_ASSOCIATED_NATIVE_MARKER,NUMERICAL_MARKER_ONLY_ATTACK_UNCERTAINTY_UNQUANTIFIED,,INDETERMINATE_UNQUANTIFIED_ATTACK_AND_REFERENCE_UNCERTAINTY,NEGATIVE,11.609977324263038,NEW_006,c7efaf8d2029ed140d67b7cbfff1c23fd33e0ffcae18f285566266c063f78e1c,NEW_006_ADTOF_49_22,3.3106575963728346,UNCONSTRAINED_NEW_006_139,UNCONSTRAINED_NEW_006_140,TRIO_CONDITIONED_NEW_006_147,,
F_MIX_00485,M2,True,96.97814058956916,DRUM_SUPPORTED,True,266,97.01297052154194,-34.82993197278006,161.49902343750287,PROVISIONAL_QUALIFIED_EVIDENCE,SOURCE_ASSOCIATED_NATIVE_MARKER,NUMERICAL_MARKER_ONLY_ATTACK_UNCERTAINTY_UNQUANTIFIED,,INDETERMINATE_UNQUANTIFIED_ATTACK_AND_REFERENCE_UNCERTAINTY,NEGATIVE,11.609977324263038,NEW_006,c7efaf8d2029ed140d67b7cbfff1c23fd33e0ffcae18f285566266c063f78e1c,NEW_006_ADTOF_35_13,28.14058956916199,UNCONSTRAINED_NEW_006_145,UNCONSTRAINED_NEW_006_140,TRIO_CONDITIONED_NEW_006_150,,
F_MIX_00486,M2,True,97.4077097505669,DRUM_SUPPORTED,True,267,97.36126984126984,46.43990929704955,161.49902343750287,PROVISIONAL_QUALIFIED_EVIDENCE,SOURCE_ASSOCIATED_NATIVE_MARKER,NUMERICAL_MARKER_ONLY_ATTACK_UNCERTAINTY_UNQUANTIFIED,,INDETERMINATE_UNQUANTIFIED_ATTACK_AND_REFERENCE_UNCERTAINTY,POSITIVE,11.609977324263038,NEW_006,c7efaf8d2029ed140d67b7cbfff1c23fd33e0ffcae18f285566266c063f78e1c,NEW_006_ADTOF_49_23,7.709750566888829,UNCONSTRAINED_NEW_006_150,UNCONSTRAINED_NEW_006_151,TRIO_CONDITIONED_NEW_006_157,,
F_MIX_00487,M2,True,97.69795918367348,DRUM_SUPPORTED,True,268,97.73278911564626,-34.82993197278006,161.49902343750287,PROVISIONAL_QUALIFIED_EVIDENCE,SOURCE_ASSOCIATED_NATIVE_MARKER,NUMERICAL_MARKER_ONLY_ATTACK_UNCERTAINTY_UNQUANTIFIED,,INDETERMINATE_UNQUANTIFIED_ATTACK_AND_REFERENCE_UNCERTAINTY,NEGATIVE,11.609977324263038,NEW_006,c7efaf8d2029ed140d67b7cbfff1c23fd33e0ffcae18f285566266c063f78e1c,NEW_006_ADTOF_38_10,17.959183673468715,UNCONSTRAINED_NEW_006_158,UNCONSTRAINED_NEW_006_159,TRIO_CONDITIONED_NEW_006_166,BASS_00199,
F_MIX_00488,M2,True,98.06947845804989,UNKNOWN,True,269,98.08108843537416,-11.609977324269494,172.2656249999956,UNKNOWN,SOURCE_NEUTRAL_NATIVE_MARKER,NUMERICAL_MARKER_ONLY_ATTACK_UNCERTAINTY_UNQUANTIFIED,,INDETERMINATE_UNQUANTIFIED_ATTACK_AND_REFERENCE_UNCERTAINTY,NEGATIVE,11.609977324263038,NEW_006,c7efaf8d2029ed140d67b7cbfff1c23fd33e0ffcae18f285566266c063f78e1c,NEW_006_ADTOF_35_14,60.52154195010928,UNCONSTRAINED_NEW_006_165,UNCONSTRAINED_NEW_006_166,TRIO_CONDITIONED_NEW_006_174,BASS_00200,
F_MIX_00489,M2,True,98.15074829931973,DRUM_SUPPORTED,True,269,98.08108843537416,69.65986394557433,161.49902343750287,PROVISIONAL_QUALIFIED_EVIDENCE,SOURCE_ASSOCIATED_NATIVE_MARKER,NUMERICAL_MARKER_ONLY_ATTACK_UNCERTAINTY_UNQUANTIFIED,,INDETERMINATE_UNQUANTIFIED_ATTACK_AND_REFERENCE_UNCERTAINTY,POSITIVE,11.609977324263038,NEW_006,c7efaf8d2029ed140d67b7cbfff1c23fd33e0ffcae18f285566266c063f78e1c,NEW_006_ADTOF_35_14,20.748299319734542,UNCONSTRAINED_NEW_006_165,UNCONSTRAINED_NEW_006_166,TRIO_CONDITIONED_NEW_006_174,,
F_MIX_00490,M2,True,98.40616780045352,DRUM_SUPPORTED,True,270,98.45260770975057,-46.43990929704955,161.49902343750287,PROVISIONAL_QUALIFIED_EVIDENCE,SOURCE_ASSOCIATED_NATIVE_MARKER,NUMERICAL_MARKER_ONLY_ATTACK_UNCERTAINTY_UNQUANTIFIED,,INDETERMINATE_UNQUANTIFIED_ATTACK_AND_REFERENCE_UNCERTAINTY,NEGATIVE,11.609977324263038,NEW_006,c7efaf8d2029ed140d67b7cbfff1c23fd33e0ffcae18f285566266c063f78e1c,NEW_006_ADTOF_38_11,16.16780045351618,UNCONSTRAINED_NEW_006_175,UNCONSTRAINED_NEW_006_170,TRIO_CONDITIONED_NEW_006_177,BASS_00201,
F_MIX_00491,M2,True,98.7892970521542,UNKNOWN,True,271,98.82412698412699,-34.82993197279427,161.4990234374967,UNKNOWN,SOURCE_NEUTRAL_NATIVE_MARKER,NUMERICAL_MARKER_ONLY_ATTACK_UNCERTAINTY_UNQUANTIFIED,,INDETERMINATE_UNQUANTIFIED_ATTACK_AND_REFERENCE_UNCERTAINTY,NEGATIVE,11.609977324263038,NEW_006,c7efaf8d2029ed140d67b7cbfff1c23fd33e0ffcae18f285566266c063f78e1c,NEW_006_ADTOF_35_16,60.70294784579744,UNCONSTRAINED_NEW_006_180,UNCONSTRAINED_NEW_006_181,TRIO_CONDITIONED_NEW_006_188,BASS_00202,
F_MIX_00492,M2,True,98.87056689342404,DRUM_SUPPORTED,True,271,98.82412698412699,46.43990929704955,172.26562500000261,PROVISIONAL_QUALIFIED_EVIDENCE,SOURCE_ASSOCIATED_NATIVE_MARKER,NUMERICAL_MARKER_ONLY_ATTACK_UNCERTAINTY_UNQUANTIFIED,,INDETERMINATE_UNQUANTIFIED_ATTACK_AND_REFERENCE_UNCERTAINTY,POSITIVE,11.609977324263038,NEW_006,c7efaf8d2029ed140d67b7cbfff1c23fd33e0ffcae18f285566266c063f78e1c,NEW_006_ADTOF_35_16,20.566893424046384,UNCONSTRAINED_NEW_006_180,UNCONSTRAINED_NEW_006_181,TRIO_CONDITIONED_NEW_006_188,,
F_MIX_00493,M2,True,99.12598639455783,DRUM_SUPPORTED,True,272,99.17242630385488,-46.43990929704955,172.26562500000261,PROVISIONAL_QUALIFIED_EVIDENCE,SOURCE_ASSOCIATED_NATIVE_MARKER,NUMERICAL_MARKER_ONLY_ATTACK_UNCERTAINTY_UNQUANTIFIED,,INDETERMINATE_UNQUANTIFIED_ATTACK_AND_REFERENCE_UNCERTAINTY,NEGATIVE,11.609977324263038,NEW_006,c7efaf8d2029ed140d67b7cbfff1c23fd33e0ffcae18f285566266c063f78e1c,NEW_006_ADTOF_49_28,25.986394557833137,UNCONSTRAINED_NEW_006_189,UNCONSTRAINED_NEW_006_186,TRIO_CONDITIONED_NEW_006_194,BASS_00203,
F_MIX_00494,M2,True,99.47428571428571,DRUM_SUPPORTED,True,273,99.54394557823129,-69.65986394557433,161.49902343750287,PROVISIONAL_QUALIFIED_EVIDENCE,SOURCE_ASSOCIATED_NATIVE_MARKER,NUMERICAL_MARKER_ONLY_ATTACK_UNCERTAINTY_UNQUANTIFIED,,INDETERMINATE_UNQUANTIFIED_ATTACK_AND_REFERENCE_UNCERTAINTY,NEGATIVE,11.609977324263038,NEW_006,c7efaf8d2029ed140d67b7cbfff1c23fd33e0ffcae18f285566266c063f78e1c,NEW_006_ADTOF_38_13,24.28571428571047,UNCONSTRAINED_NEW_006_197,UNCONSTRAINED_NEW_006_192,TRIO_CONDITIONED_NEW_006_201,,
F_MIX_00495,M2,True,99.57877551020408,BASS_AND_DRUM_SUPPORTED,True,273,99.54394557823129,34.82993197279427,161.4990234374967,PROVISIONAL_QUALIFIED_EVIDENCE,SOURCE_ASSOCIATED_NATIVE_MARKER,NUMERICAL_MARKER_ONLY_ATTACK_UNCERTAINTY_UNQUANTIFIED,,INDETERMINATE_UNQUANTIFIED_ATTACK_AND_REFERENCE_UNCERTAINTY,POSITIVE,11.609977324263038,NEW_006,c7efaf8d2029ed140d67b7cbfff1c23fd33e0ffcae18f285566266c063f78e1c,NEW_006_ADTOF_38_14,18.775510204079637,UNCONSTRAINED_NEW_006_197,UNCONSTRAINED_NEW_006_198,TRIO_CONDITIONED_NEW_006_206,BASS_00204,
F_MIX_00496,M2,True,99.84580498866214,UNKNOWN,True,274,99.91546485260771,-69.65986394557433,161.4990234374967,UNKNOWN,SOURCE_NEUTRAL_NATIVE_MARKER,NUMERICAL_MARKER_ONLY_ATTACK_UNCERTAINTY_UNQUANTIFIED,,INDETERMINATE_UNQUANTIFIED_ATTACK_AND_REFERENCE_UNCERTAINTY,NEGATIVE,11.609977324263038,NEW_006,c7efaf8d2029ed140d67b7cbfff1c23fd33e0ffcae18f285566266c063f78e1c,NEW_006_ADTOF_38_15,45.804988662141,UNCONSTRAINED_NEW_006_203,UNCONSTRAINED_NEW_006_204,TRIO_CONDITIONED_NEW_006_212,,
F_MIX_00497,M2,True,99.93868480725624,BASS_AND_DRUM_SUPPORTED,True,274,99.91546485260771,23.219954648524777,161.49902343750287,PROVISIONAL_QUALIFIED_EVIDENCE,SOURCE_ASSOCIATED_NATIVE_MARKER,NUMERICAL_MARKER_ONLY_ATTACK_UNCERTAINTY_UNQUANTIFIED,,INDETERMINATE_UNQUANTIFIED_ATTACK_AND_REFERENCE_UNCERTAINTY,POSITIVE,11.609977324263038,NEW_006,c7efaf8d2029ed140d67b7cbfff1c23fd33e0ffcae18f285566266c063f78e1c,NEW_006_ADTOF_35_18,18.68480725623556,UNCONSTRAINED_NEW_006_203,UNCONSTRAINED_NEW_006_204,TRIO_CONDITIONED_NEW_006_212,BASS_00205,
F_MIX_00498,M2,True,100.11283446712018,UNKNOWN,True,275,100.28698412698412,-174.14965986394293,161.49902343750287,UNKNOWN,SOURCE_NEUTRAL_NATIVE_MARKER,NUMERICAL_MARKER_ONLY_ATTACK_UNCERTAINTY_UNQUANTIFIED,,INDETERMINATE_UNQUANTIFIED_ATTACK_AND_REFERENCE_UNCERTAINTY,NEGATIVE,11.609977324263038,NEW_006,c7efaf8d2029ed140d67b7cbfff1c23fd33e0ffcae18f285566266c063f78e1c,NEW_006_ADTOF_35_19,177.16553287981185,UNCONSTRAINED_NEW_006_203,UNCONSTRAINED_NEW_006_204,TRIO_CONDITIONED_NEW_006_214,,
F_MIX_00499,M2,True,100.22893424036282,UNKNOWN,True,275,100.28698412698412,-58.049886621304836,161.49902343750287,UNKNOWN,SOURCE_NEUTRAL_NATIVE_MARKER,NUMERICAL_MARKER_ONLY_ATTACK_UNCERTAINTY_UNQUANTIFIED,,INDETERMINATE_UNQUANTIFIED_ATTACK_AND_REFERENCE_UNCERTAINTY,NEGATIVE,11.609977324263038,NEW_006,c7efaf8d2029ed140d67b7cbfff1c23fd33e0ffcae18f285566266c063f78e1c,NEW_006_ADTOF_35_19,61.065759637173755,UNCONSTRAINED_NEW_006_208,UNCONSTRAINED_NEW_006_209,TRIO_CONDITIONED_NEW_006_215,,
F_MIX_00500,M2,True,100.29859410430839,BASS_AND_DRUM_SUPPORTED,True,275,100.28698412698412,11.609977324269494,161.4990234374967,PROVISIONAL_QUALIFIED_EVIDENCE,SOURCE_ASSOCIATED_NATIVE_MARKER,NUMERICAL_MARKER_ONLY_ATTACK_UNCERTAINTY_UNQUANTIFIED,,INDETERMINATE_UNQUANTIFIED_ATTACK_AND_REFERENCE_UNCERTAINTY,POSITIVE,11.609977324263038,NEW_006,c7efaf8d2029ed140d67b7cbfff1c23fd33e0ffcae18f285566266c063f78e1c,NEW_006_ADTOF_35_19,8.594104308400574,UNCONSTRAINED_NEW_006_208,UNCONSTRAINED_NEW_006_209,TRIO_CONDITIONED_NEW_006_219,BASS_00206,
F_MIX_00501,M2,True,100.6120634920635,UNKNOWN,True,276,100.65850340136055,-46.43990929704955,161.4990234374967,UNKNOWN,SOURCE_NEUTRAL_NATIVE_MARKER,NUMERICAL_MARKER_ONLY_ATTACK_UNCERTAINTY_UNQUANTIFIED,,INDETERMINATE_UNQUANTIFIED_ATTACK_AND_REFERENCE_UNCERTAINTY,NEGATIVE,11.609977324263038,NEW_006,c7efaf8d2029ed140d67b7cbfff1c23fd33e0ffcae18f285566266c063f78e1c,NEW_006_ADTOF_35_20,47.936507936498174,UNCONSTRAINED_NEW_006_214,UNCONSTRAINED_NEW_006_215,TRIO_CONDITIONED_NEW_006_226,,
F_MIX_00502,M2,True,100.68172335600907,BASS_AND_DRUM_SUPPORTED,True,276,100.65850340136055,23.219954648524777,161.49902343750287,PROVISIONAL_QUALIFIED_EVIDENCE,SOURCE_ASSOCIATED_NATIVE_MARKER,NUMERICAL_MARKER_ONLY_ATTACK_UNCERTAINTY_UNQUANTIFIED,,INDETERMINATE_UNQUANTIFIED_ATTACK_AND_REFERENCE_UNCERTAINTY,POSITIVE,11.609977324263038,NEW_006,c7efaf8d2029ed140d67b7cbfff1c23fd33e0ffcae18f285566266c063f78e1c,NEW_006_ADTOF_35_20,21.723356009076156,UNCONSTRAINED_NEW_006_214,UNCONSTRAINED_NEW_006_215,TRIO_CONDITIONED_NEW_006_226,BASS_00207,
F_MIX_00503,M2,True,100.97197278911564,UNKNOWN,True,277,101.03002267573696,-58.04988662131905,161.49902343750287,UNKNOWN,SOURCE_NEUTRAL_NATIVE_MARKER,NUMERICAL_MARKER_ONLY_ATTACK_UNCERTAINTY_UNQUANTIFIED,,INDETERMINATE_UNQUANTIFIED_ATTACK_AND_REFERENCE_UNCERTAINTY,NEGATIVE,11.609977324263038,NEW_006,c7efaf8d2029ed140d67b7cbfff1c23fd33e0ffcae18f285566266c063f78e1c,NEW_006_ADTOF_38_16,58.02721088436158,UNCONSTRAINED_NEW_006_219,UNCONSTRAINED_NEW_006_220,TRIO_CONDITIONED_NEW_006_232,,
F_MIX_00504,M2,True,101.05324263038548,BASS_AND_DRUM_SUPPORTED,True,277,101.03002267573696,23.219954648524777,161.4990234374967,PROVISIONAL_QUALIFIED_EVIDENCE,SOURCE_ASSOCIATED_NATIVE_MARKER,NUMERICAL_MARKER_ONLY_ATTACK_UNCERTAINTY_UNQUANTIFIED,,INDETERMINATE_UNQUANTIFIED_ATTACK_AND_REFERENCE_UNCERTAINTY,POSITIVE,11.609977324263038,NEW_006,c7efaf8d2029ed140d67b7cbfff1c23fd33e0ffcae18f285566266c063f78e1c,NEW_006_ADTOF_38_16,23.242630385482244,UNCONSTRAINED_NEW_006_219,UNCONSTRAINED_NEW_006_220,TRIO_CONDITIONED_NEW_006_232,BASS_00208,
F_MIX_00505,M2,True,101.3318820861678,UNKNOWN,True,278,101.40154195011338,-69.65986394558854,161.4990234374967,UNKNOWN,SOURCE_NEUTRAL_NATIVE_MARKER,NUMERICAL_MARKER_ONLY_ATTACK_UNCERTAINTY_UNQUANTIFIED,,INDETERMINATE_UNQUANTIFIED_ATTACK_AND_REFERENCE_UNCERTAINTY,NEGATIVE,11.609977324263038,NEW_006,c7efaf8d2029ed140d67b7cbfff1c23fd33e0ffcae18f285566266c063f78e1c,NEW_006_ADTOF_35_21,68.11791383221077,UNCONSTRAINED_NEW_006_226,UNCONSTRAINED_NEW_006_227,TRIO_CONDITIONED_NEW_006_240,BASS_00209,
F_MIX_00506,M2,True,101.65696145124717,UNKNOWN,True,279,101.74984126984127,-92.8798185940991,172.26562500000261,UNKNOWN,SOURCE_NEUTRAL_NATIVE_MARKER,NUMERICAL_MARKER_ONLY_ATTACK_UNCERTAINTY_UNQUANTIFIED,,INDETERMINATE_UNQUANTIFIED_ATTACK_AND_REFERENCE_UNCERTAINTY,NEGATIVE,11.609977324263038,NEW_006,c7efaf8d2029ed140d67b7cbfff1c23fd33e0ffcae18f285566266c063f78e1c,NEW_006_ADTOF_38_17,113.03854875282582,UNCONSTRAINED_NEW_006_231,UNCONSTRAINED_NEW_006_232,TRIO_CONDITIONED_NEW_006_242,,
F_MIX_00507,M2,True,101.78467120181406,BASS_AND_DRUM_SUPPORTED,True,279,101.74984126984127,34.82993197279427,161.4990234374967,PROVISIONAL_QUALIFIED_EVIDENCE,SOURCE_ASSOCIATED_NATIVE_MARKER,NUMERICAL_MARKER_ONLY_ATTACK_UNCERTAINTY_UNQUANTIFIED,,INDETERMINATE_UNQUANTIFIED_ATTACK_AND_REFERENCE_UNCERTAINTY,POSITIVE,11.609977324263038,NEW_006,c7efaf8d2029ed140d67b7cbfff1c23fd33e0ffcae18f285566266c063f78e1c,NEW_006_ADTOF_38_17,14.671201814067558,UNCONSTRAINED_NEW_006_231,UNCONSTRAINED_NEW_006_232,TRIO_CONDITIONED_NEW_006_246,BASS_00210,
F_MIX_00508,M2,True,102.0517006802721,DRUM_SUPPORTED,True,280,102.1213605442177,-69.65986394558854,161.4990234374967,PROVISIONAL_QUALIFIED_EVIDENCE,SOURCE_ASSOCIATED_NATIVE_MARKER,NUMERICAL_MARKER_ONLY_ATTACK_UNCERTAINTY_UNQUANTIFIED,,INDETERMINATE_UNQUANTIFIED_ATTACK_AND_REFERENCE_UNCERTAINTY,NEGATIVE,11.609977324263038,NEW_006,c7efaf8d2029ed140d67b7cbfff1c23fd33e0ffcae18f285566266c063f78e1c,NEW_006_ADTOF_38_18,21.700680272104478,UNCONSTRAINED_NEW_006_239,UNCONSTRAINED_NEW_006_240,TRIO_CONDITIONED_NEW_006_252,BASS_00211,
F_MIX_00509,M2,True,102.4,UNKNOWN,True,281,102.46965986394558,-69.65986394557433,172.26562500000261,UNKNOWN,SOURCE_NEUTRAL_NATIVE_MARKER,NUMERICAL_MARKER_ONLY_ATTACK_UNCERTAINTY_UNQUANTIFIED,,INDETERMINATE_UNQUANTIFIED_ATTACK_AND_REFERENCE_UNCERTAINTY,NEGATIVE,11.609977324263038,NEW_006,c7efaf8d2029ed140d67b7cbfff1c23fd33e0ffcae18f285566266c063f78e1c,NEW_006_ADTOF_38_19,89.9999999999892,UNCONSTRAINED_NEW_006_246,UNCONSTRAINED_NEW_006_249,TRIO_CONDITIONED_NEW_006_263,,
F_MIX_00510,M2,True,102.50448979591837,DRUM_SUPPORTED,True,281,102.46965986394558,34.82993197279427,161.49902343750287,PROVISIONAL_QUALIFIED_EVIDENCE,SOURCE_ASSOCIATED_NATIVE_MARKER,NUMERICAL_MARKER_ONLY_ATTACK_UNCERTAINTY_UNQUANTIFIED,,INDETERMINATE_UNQUANTIFIED_ATTACK_AND_REFERENCE_UNCERTAINTY,POSITIVE,11.609977324263038,NEW_006,c7efaf8d2029ed140d67b7cbfff1c23fd33e0ffcae18f285566266c063f78e1c,NEW_006_ADTOF_38_19,14.4897959183794,UNCONSTRAINED_NEW_006_248,UNCONSTRAINED_NEW_006_249,TRIO_CONDITIONED_NEW_006_266,,
F_MIX_00511,M2,True,102.78312925170069,UNKNOWN,True,282,102.84117913832199,-58.049886621304836,161.49902343750287,UNKNOWN,SOURCE_NEUTRAL_NATIVE_MARKER,NUMERICAL_MARKER_ONLY_ATTACK_UNCERTAINTY_UNQUANTIFIED,,INDETERMINATE_UNQUANTIFIED_ATTACK_AND_REFERENCE_UNCERTAINTY,NEGATIVE,11.609977324263038,NEW_006,c7efaf8d2029ed140d67b7cbfff1c23fd33e0ffcae18f285566266c063f78e1c,NEW_006_ADTOF_35_23,56.8707482993176,UNCONSTRAINED_NEW_006_256,UNCONSTRAINED_NEW_006_257,TRIO_CONDITIONED_NEW_006_270,BASS_00213,
F_MIX_00512,M2,True,103.22430839002267,BASS_AND_DRUM_SUPPORTED,True,283,103.18947845804989,34.82993197278006,172.26562500000261,PROVISIONAL_QUALIFIED_EVIDENCE,SOURCE_ASSOCIATED_NATIVE_MARKER,NUMERICAL_MARKER_ONLY_ATTACK_UNCERTAINTY_UNQUANTIFIED,,INDETERMINATE_UNQUANTIFIED_ATTACK_AND_REFERENCE_UNCERTAINTY,POSITIVE,11.609977324263038,NEW_006,c7efaf8d2029ed140d67b7cbfff1c23fd33e0ffcae18f285566266c063f78e1c,NEW_006_ADTOF_38_20,14.30839002266282,UNCONSTRAINED_NEW_006_262,UNCONSTRAINED_NEW_006_263,TRIO_CONDITIONED_NEW_006_283,BASS_00214,
F_MIX_00513,M2,True,103.49133786848073,DRUM_SUPPORTED,True,284,103.53777777777778,-46.43990929704955,172.26562500000261,PROVISIONAL_QUALIFIED_EVIDENCE,SOURCE_ASSOCIATED_NATIVE_MARKER,NUMERICAL_MARKER_ONLY_ATTACK_UNCERTAINTY_UNQUANTIFIED,,INDETERMINATE_UNQUANTIFIED_ATTACK_AND_REFERENCE_UNCERTAINTY,NEGATIVE,11.609977324263038,NEW_006,c7efaf8d2029ed140d67b7cbfff1c23fd33e0ffcae18f285566266c063f78e1c,NEW_006_ADTOF_38_21,21.33786848072816,UNCONSTRAINED_NEW_006_268,UNCONSTRAINED_NEW_006_269,TRIO_CONDITIONED_NEW_006_287,,
F_MIX_00514,M2,True,103.58421768707483,BASS_AND_DRUM_SUPPORTED,True,284,103.53777777777778,46.43990929704955,161.4990234374967,PROVISIONAL_QUALIFIED_EVIDENCE,SOURCE_ASSOCIATED_NATIVE_MARKER,NUMERICAL_MARKER_ONLY_ATTACK_UNCERTAINTY_UNQUANTIFIED,,INDETERMINATE_UNQUANTIFIED_ATTACK_AND_REFERENCE_UNCERTAINTY,POSITIVE,11.609977324263038,NEW_006,c7efaf8d2029ed140d67b7cbfff1c23fd33e0ffcae18f285566266c063f78e1c,NEW_006_ADTOF_35_24,14.217687074832952,UNCONSTRAINED_NEW_006_268,UNCONSTRAINED_NEW_006_269,TRIO_CONDITIONED_NEW_006_290,BASS_00215,
F_MIX_00515,M2,True,103.85124716553288,UNKNOWN,True,285,103.9092970521542,-58.04988662131905,161.4990234374967,UNKNOWN,SOURCE_NEUTRAL_NATIVE_MARKER,NUMERICAL_MARKER_ONLY_ATTACK_UNCERTAINTY_UNQUANTIFIED,,INDETERMINATE_UNQUANTIFIED_ATTACK_AND_REFERENCE_UNCERTAINTY,NEGATIVE,11.609977324263038,NEW_006,c7efaf8d2029ed140d67b7cbfff1c23fd33e0ffcae18f285566266c063f78e1c,NEW_006_ADTOF_38_22,68.75283446711933,UNCONSTRAINED_NEW_006_273,UNCONSTRAINED_NEW_006_278,TRIO_CONDITIONED_NEW_006_294,,
F_MIX_00516,M2,True,103.94412698412698,BASS_AND_DRUM_SUPPORTED,True,285,103.9092970521542,34.82993197278006,172.26562500000261,PROVISIONAL_QUALIFIED_EVIDENCE,SOURCE_ASSOCIATED_NATIVE_MARKER,NUMERICAL_MARKER_ONLY_ATTACK_UNCERTAINTY_UNQUANTIFIED,,INDETERMINATE_UNQUANTIFIED_ATTACK_AND_REFERENCE_UNCERTAINTY,POSITIVE,11.609977324263038,NEW_006,c7efaf8d2029ed140d67b7cbfff1c23fd33e0ffcae18f285566266c063f78e1c,NEW_006_ADTOF_38_22,24.126984126979778,UNCONSTRAINED_NEW_006_277,UNCONSTRAINED_NEW_006_278,TRIO_CONDITIONED_NEW_006_299,BASS_00216,
F_MIX_00517,M2,True,104.18793650793651,DRUM_SUPPORTED,True,286,104.25759637188209,-69.65986394557433,172.26562500000261,PROVISIONAL_QUALIFIED_EVIDENCE,SOURCE_ASSOCIATED_NATIVE_MARKER,NUMERICAL_MARKER_ONLY_ATTACK_UNCERTAINTY_UNQUANTIFIED,,INDETERMINATE_UNQUANTIFIED_ATTACK_AND_REFERENCE_UNCERTAINTY,NEGATIVE,11.609977324263038,NEW_006,c7efaf8d2029ed140d67b7cbfff1c23fd33e0ffcae18f285566266c063f78e1c,NEW_006_ADTOF_35_25,17.936507936511248,UNCONSTRAINED_NEW_006_282,UNCONSTRAINED_NEW_006_283,TRIO_CONDITIONED_NEW_006_304,BASS_00217,
F_MIX_00518,M2,True,104.23437641723356,UNKNOWN,True,286,104.25759637188209,-23.219954648524777,172.26562500000261,UNKNOWN,SOURCE_NEUTRAL_NATIVE_MARKER,NUMERICAL_MARKER_ONLY_ATTACK_UNCERTAINTY_UNQUANTIFIED,,INDETERMINATE_UNQUANTIFIED_ATTACK_AND_REFERENCE_UNCERTAINTY,NEGATIVE,11.609977324263038,NEW_006,c7efaf8d2029ed140d67b7cbfff1c23fd33e0ffcae18f285566266c063f78e1c,NEW_006_ADTOF_35_26,55.623582766429536,UNCONSTRAINED_NEW_006_290,UNCONSTRAINED_NEW_006_291,TRIO_CONDITIONED_NEW_006_310,,
F_MIX_00519,M2,True,104.30403628117914,DRUM_SUPPORTED,True,286,104.25759637188209,46.43990929704955,172.26562500000261,PROVISIONAL_QUALIFIED_EVIDENCE,SOURCE_ASSOCIATED_NATIVE_MARKER,NUMERICAL_MARKER_ONLY_ATTACK_UNCERTAINTY_UNQUANTIFIED,,INDETERMINATE_UNQUANTIFIED_ATTACK_AND_REFERENCE_UNCERTAINTY,POSITIVE,11.609977324263038,NEW_006,c7efaf8d2029ed140d67b7cbfff1c23fd33e0ffcae18f285566266c063f78e1c,NEW_006_ADTOF_35_26,14.036281179144794,UNCONSTRAINED_NEW_006_290,UNCONSTRAINED_NEW_006_291,TRIO_CONDITIONED_NEW_006_310,,
F_MIX_00520,M2,True,104.33886621315193,DRUM_SUPPORTED,True,286,104.25759637188209,81.26984126984382,172.26562500000261,PROVISIONAL_QUALIFIED_EVIDENCE,SOURCE_ASSOCIATED_NATIVE_MARKER,NUMERICAL_MARKER_ONLY_ATTACK_UNCERTAINTY_UNQUANTIFIED,,INDETERMINATE_UNQUANTIFIED_ATTACK_AND_REFERENCE_UNCERTAINTY,POSITIVE,11.609977324263038,NEW_006,c7efaf8d2029ed140d67b7cbfff1c23fd33e0ffcae18f285566266c063f78e1c,NEW_006_ADTOF_35_26,48.866213151939064,UNCONSTRAINED_NEW_006_290,UNCONSTRAINED_NEW_006_291,TRIO_CONDITIONED_NEW_006_310,,
F_MIX_00521,M2,True,104.54784580498867,DRUM_SUPPORTED,True,287,104.60589569160997,-58.049886621304836,172.26562500000261,PROVISIONAL_QUALIFIED_EVIDENCE,SOURCE_ASSOCIATED_NATIVE_MARKER,NUMERICAL_MARKER_ONLY_ATTACK_UNCERTAINTY_UNQUANTIFIED,,INDETERMINATE_UNQUANTIFIED_ATTACK_AND_REFERENCE_UNCERTAINTY,NEGATIVE,11.609977324263038,NEW_006,c7efaf8d2029ed140d67b7cbfff1c23fd33e0ffcae18f285566266c063f78e1c,NEW_006_ADTOF_38_23,17.84580498866717,UNCONSTRAINED_NEW_006_297,UNCONSTRAINED_NEW_006_300,TRIO_CONDITIONED_NEW_006_316,,
F_MIX_00522,M2,True,104.65233560090702,BASS_AND_DRUM_SUPPORTED,True,287,104.60589569160997,46.43990929704955,161.4990234374967,PROVISIONAL_QUALIFIED_EVIDENCE,SOURCE_ASSOCIATED_NATIVE_MARKER,NUMERICAL_MARKER_ONLY_ATTACK_UNCERTAINTY_UNQUANTIFIED,,INDETERMINATE_UNQUANTIFIED_ATTACK_AND_REFERENCE_UNCERTAINTY,POSITIVE,11.609977324263038,NEW_006,c7efaf8d2029ed140d67b7cbfff1c23fd33e0ffcae18f285566266c063f78e1c,NEW_006_ADTOF_35_27,22.335600907027242,UNCONSTRAINED_NEW_006_303,UNCONSTRAINED_NEW_006_304,TRIO_CONDITIONED_NEW_006_320,BASS_00218,
F_MIX_00523,M2,True,104.90775510204081,DRUM_SUPPORTED,True,288,104.9774149659864,-69.65986394558854,161.4990234374967,PROVISIONAL_QUALIFIED_EVIDENCE,SOURCE_ASSOCIATED_NATIVE_MARKER,NUMERICAL_MARKER_ONLY_ATTACK_UNCERTAINTY_UNQUANTIFIED,,INDETERMINATE_UNQUANTIFIED_ATTACK_AND_REFERENCE_UNCERTAINTY,NEGATIVE,11.609977324263038,NEW_006,c7efaf8d2029ed140d67b7cbfff1c23fd33e0ffcae18f285566266c063f78e1c,NEW_006_ADTOF_38_24,17.75510204080888,UNCONSTRAINED_NEW_006_311,UNCONSTRAINED_NEW_006_308,TRIO_CONDITIONED_NEW_006_323,,
F_MIX_00524,M2,True,105.02385487528345,DRUM_SUPPORTED,True,288,104.9774149659864,46.43990929704955,172.26562500000261,PROVISIONAL_QUALIFIED_EVIDENCE,SOURCE_ASSOCIATED_NATIVE_MARKER,NUMERICAL_MARKER_ONLY_ATTACK_UNCERTAINTY_UNQUANTIFIED,,INDETERMINATE_UNQUANTIFIED_ATTACK_AND_REFERENCE_UNCERTAINTY,POSITIVE,11.609977324263038,NEW_007,c7efaf8d2029ed140d67b7cbfff1c23fd33e0ffcae18f285566266c063f78e1c,NEW_007_ADTOF_35_1,23.85487528344754,UNCONSTRAINED_NEW_007_57,UNCONSTRAINED_NEW_007_58,TRIO_CONDITIONED_NEW_007_12,,
F_MIX_00525,M2,True,105.27927437641723,UNKNOWN,True,289,105.32571428571428,-46.43990929704955,172.26562500000261,UNKNOWN,SOURCE_NEUTRAL_NATIVE_MARKER,NUMERICAL_MARKER_ONLY_ATTACK_UNCERTAINTY_UNQUANTIFIED,,INDETERMINATE_UNQUANTIFIED_ATTACK_AND_REFERENCE_UNCERTAINTY,NEGATIVE,11.609977324263038,NEW_007,c7efaf8d2029ed140d67b7cbfff1c23fd33e0ffcae18f285566266c063f78e1c,NEW_007_ADTOF_38_2,80.72562358276514,UNCONSTRAINED_NEW_007_57,UNCONSTRAINED_NEW_007_58,TRIO_CONDITIONED_NEW_007_16,,
F_MIX_00526,M2,True,105.3837641723356,DRUM_SUPPORTED,True,289,105.32571428571428,58.04988662131905,172.2656249999956,PROVISIONAL_QUALIFIED_EVIDENCE,SOURCE_ASSOCIATED_NATIVE_MARKER,NUMERICAL_MARKER_ONLY_ATTACK_UNCERTAINTY_UNQUANTIFIED,,INDETERMINATE_UNQUANTIFIED_ATTACK_AND_REFERENCE_UNCERTAINTY,POSITIVE,11.609977324263038,NEW_007,c7efaf8d2029ed140d67b7cbfff1c23fd33e0ffcae18f285566266c063f78e1c,NEW_007_ADTOF_38_2,23.76417233560346,UNCONSTRAINED_NEW_007_57,UNCONSTRAINED_NEW_007_58,TRIO_CONDITIONED_NEW_007_18,,
F_MIX_00527,M2,True,105.61596371882086,DRUM_SUPPORTED,True,290,105.67401360544218,-58.04988662131905,172.2656249999956,PROVISIONAL_QUALIFIED_EVIDENCE,SOURCE_ASSOCIATED_NATIVE_MARKER,NUMERICAL_MARKER_ONLY_ATTACK_UNCERTAINTY_UNQUANTIFIED,,INDETERMINATE_UNQUANTIFIED_ATTACK_AND_REFERENCE_UNCERTAINTY,NEGATIVE,11.609977324263038,NEW_007,c7efaf8d2029ed140d67b7cbfff1c23fd33e0ffcae18f285566266c063f78e1c,NEW_007_ADTOF_35_2,5.963718820865438,UNCONSTRAINED_NEW_007_57,UNCONSTRAINED_NEW_007_58,TRIO_CONDITIONED_NEW_007_24,BASS_00219,
F_MIX_00528,M2,True,106.10358276643991,DRUM_SUPPORTED,True,291,106.0455328798186,58.04988662131905,172.26562500000261,PROVISIONAL_QUALIFIED_EVIDENCE,SOURCE_ASSOCIATED_NATIVE_MARKER,NUMERICAL_MARKER_ONLY_ATTACK_UNCERTAINTY_UNQUANTIFIED,,INDETERMINATE_UNQUANTIFIED_ATTACK_AND_REFERENCE_UNCERTAINTY,POSITIVE,11.609977324263038,NEW_007,c7efaf8d2029ed140d67b7cbfff1c23fd33e0ffcae18f285566266c063f78e1c,NEW_007_ADTOF_35_3,13.582766439910188,UNCONSTRAINED_NEW_007_57,UNCONSTRAINED_NEW_007_58,TRIO_CONDITIONED_NEW_007_30,,
F_MIX_00529,M2,True,106.37061224489796,DRUM_SUPPORTED,True,292,106.39383219954648,-23.219954648524777,172.26562500000261,PROVISIONAL_QUALIFIED_EVIDENCE,SOURCE_ASSOCIATED_NATIVE_MARKER,NUMERICAL_MARKER_ONLY_ATTACK_UNCERTAINTY_UNQUANTIFIED,,INDETERMINATE_UNQUANTIFIED_ATTACK_AND_REFERENCE_UNCERTAINTY,NEGATIVE,11.609977324263038,NEW_007,c7efaf8d2029ed140d67b7cbfff1c23fd33e0ffcae18f285566266c063f78e1c,NEW_007_ADTOF_38_4,30.612244897952223,UNCONSTRAINED_NEW_007_57,UNCONSTRAINED_NEW_007_58,TRIO_CONDITIONED_NEW_007_31,,
F_MIX_00530,M2,True,106.82340136054422,DRUM_SUPPORTED,True,293,106.74213151927438,81.26984126984382,161.49902343750287,PROVISIONAL_QUALIFIED_EVIDENCE,SOURCE_ASSOCIATED_NATIVE_MARKER,NUMERICAL_MARKER_ONLY_ATTACK_UNCERTAINTY_UNQUANTIFIED,,INDETERMINATE_UNQUANTIFIED_ATTACK_AND_REFERENCE_UNCERTAINTY,POSITIVE,11.609977324263038,NEW_007,c7efaf8d2029ed140d67b7cbfff1c23fd33e0ffcae18f285566266c063f78e1c,NEW_007_ADTOF_35_5,13.40136054422203,UNCONSTRAINED_NEW_007_57,UNCONSTRAINED_NEW_007_58,TRIO_CONDITIONED_NEW_007_43,BASS_00221,
F_MIX_00531,M2,True,107.06721088435374,DRUM_SUPPORTED,True,294,107.11365079365079,-46.43990929704955,161.49902343750287,PROVISIONAL_QUALIFIED_EVIDENCE,SOURCE_ASSOCIATED_NATIVE_MARKER,NUMERICAL_MARKER_ONLY_ATTACK_UNCERTAINTY_UNQUANTIFIED,,INDETERMINATE_UNQUANTIFIED_ATTACK_AND_REFERENCE_UNCERTAINTY,NEGATIVE,11.609977324263038,NEW_007,c7efaf8d2029ed140d67b7cbfff1c23fd33e0ffcae18f285566266c063f78e1c,NEW_007_ADTOF_38_6,27.21088435373531,UNCONSTRAINED_NEW_007_57,UNCONSTRAINED_NEW_007_58,TRIO_CONDITIONED_NEW_007_48,,
F_MIX_00532,M2,True,107.18331065759637,DRUM_SUPPORTED,True,294,107.11365079365079,69.65986394557433,172.2656249999956,PROVISIONAL_QUALIFIED_EVIDENCE,SOURCE_ASSOCIATED_NATIVE_MARKER,NUMERICAL_MARKER_ONLY_ATTACK_UNCERTAINTY_UNQUANTIFIED,,INDETERMINATE_UNQUANTIFIED_ATTACK_AND_REFERENCE_UNCERTAINTY,POSITIVE,11.609977324263038,NEW_007,c7efaf8d2029ed140d67b7cbfff1c23fd33e0ffcae18f285566266c063f78e1c,NEW_007_ADTOF_35_6,23.310657596368856,UNCONSTRAINED_NEW_007_57,UNCONSTRAINED_NEW_007_58,TRIO_CONDITIONED_NEW_007_50,BASS_00222,
F_MIX_00533,M2,True,107.4271201814059,DRUM_SUPPORTED,True,295,107.46195011337869,-34.82993197279427,172.2656249999956,PROVISIONAL_QUALIFIED_EVIDENCE,SOURCE_ASSOCIATED_NATIVE_MARKER,NUMERICAL_MARKER_ONLY_ATTACK_UNCERTAINTY_UNQUANTIFIED,,INDETERMINATE_UNQUANTIFIED_ATTACK_AND_REFERENCE_UNCERTAINTY,NEGATIVE,11.609977324263038,NEW_007,c7efaf8d2029ed140d67b7cbfff1c23fd33e0ffcae18f285566266c063f78e1c,NEW_007_ADTOF_38_7,27.12018140589123,UNCONSTRAINED_NEW_007_57,UNCONSTRAINED_NEW_007_58,TRIO_CONDITIONED_NEW_007_55,,
F_MIX_00534,M2,True,107.53160997732427,DRUM_SUPPORTED,True,295,107.46195011337869,69.65986394557433,172.26562500000261,PROVISIONAL_QUALIFIED_EVIDENCE,SOURCE_ASSOCIATED_NATIVE_MARKER,NUMERICAL_MARKER_ONLY_ATTACK_UNCERTAINTY_UNQUANTIFIED,,INDETERMINATE_UNQUANTIFIED_ATTACK_AND_REFERENCE_UNCERTAINTY,POSITIVE,11.609977324263038,NEW_007,c7efaf8d2029ed140d67b7cbfff1c23fd33e0ffcae18f285566266c063f78e1c,NEW_007_ADTOF_35_7,31.609977324265515,UNCONSTRAINED_NEW_007_57,UNCONSTRAINED_NEW_007_58,TRIO_CONDITIONED_NEW_007_55,BASS_00223,
F_MIX_00535,M2,True,107.76380952380953,DRUM_SUPPORTED,True,296,107.81024943310658,-46.43990929704955,172.26562500000261,PROVISIONAL_QUALIFIED_EVIDENCE,SOURCE_ASSOCIATED_NATIVE_MARKER,NUMERICAL_MARKER_ONLY_ATTACK_UNCERTAINTY_UNQUANTIFIED,,INDETERMINATE_UNQUANTIFIED_ATTACK_AND_REFERENCE_UNCERTAINTY,NEGATIVE,11.609977324263038,NEW_007,c7efaf8d2029ed140d67b7cbfff1c23fd33e0ffcae18f285566266c063f78e1c,NEW_007_ADTOF_38_8,13.80952380952749,UNCONSTRAINED_NEW_007_57,UNCONSTRAINED_NEW_007_58,TRIO_CONDITIONED_NEW_007_56,,
F_MIX_00536,M2,True,107.89151927437642,DRUM_SUPPORTED,True,296,107.81024943310658,81.26984126984382,161.49902343750287,PROVISIONAL_QUALIFIED_EVIDENCE,SOURCE_ASSOCIATED_NATIVE_MARKER,NUMERICAL_MARKER_ONLY_ATTACK_UNCERTAINTY_UNQUANTIFIED,,INDETERMINATE_UNQUANTIFIED_ATTACK_AND_REFERENCE_UNCERTAINTY,POSITIVE,11.609977324263038,NEW_007,c7efaf8d2029ed140d67b7cbfff1c23fd33e0ffcae18f285566266c063f78e1c,NEW_007_ADTOF_35_8,21.51927437641632,UNCONSTRAINED_NEW_007_57,UNCONSTRAINED_NEW_007_58,TRIO_CONDITIONED_NEW_007_59,BASS_00224,
F_MIX_00537,M2,True,108.10049886621316,DRUM_SUPPORTED,True,297,108.18176870748299,-81.26984126982961,161.49902343750287,PROVISIONAL_QUALIFIED_EVIDENCE,SOURCE_ASSOCIATED_NATIVE_MARKER,NUMERICAL_MARKER_ONLY_ATTACK_UNCERTAINTY_UNQUANTIFIED,,INDETERMINATE_UNQUANTIFIED_ATTACK_AND_REFERENCE_UNCERTAINTY,NEGATIVE,11.609977324263038,NEW_007,c7efaf8d2029ed140d67b7cbfff1c23fd33e0ffcae18f285566266c063f78e1c,NEW_007_ADTOF_38_9,10.498866213154656,UNCONSTRAINED_NEW_007_57,UNCONSTRAINED_NEW_007_58,TRIO_CONDITIONED_NEW_007_61,,
F_MIX_00538,M2,True,108.2398185941043,DRUM_SUPPORTED,True,297,108.18176870748299,58.04988662131905,172.2656249999956,PROVISIONAL_QUALIFIED_EVIDENCE,SOURCE_ASSOCIATED_NATIVE_MARKER,NUMERICAL_MARKER_ONLY_ATTACK_UNCERTAINTY_UNQUANTIFIED,,INDETERMINATE_UNQUANTIFIED_ATTACK_AND_REFERENCE_UNCERTAINTY,POSITIVE,11.609977324263038,NEW_007,c7efaf8d2029ed140d67b7cbfff1c23fd33e0ffcae18f285566266c063f78e1c,NEW_007_ADTOF_49_9,29.81859410431298,UNCONSTRAINED_NEW_007_57,UNCONSTRAINED_NEW_007_58,TRIO_CONDITIONED_NEW_007_64,,
F_MIX_00539,M2,True,108.4604081632653,DRUM_SUPPORTED,True,298,108.53006802721089,-69.65986394558854,172.2656249999956,PROVISIONAL_QUALIFIED_EVIDENCE,SOURCE_ASSOCIATED_NATIVE_MARKER,NUMERICAL_MARKER_ONLY_ATTACK_UNCERTAINTY_UNQUANTIFIED,,INDETERMINATE_UNQUANTIFIED_ATTACK_AND_REFERENCE_UNCERTAINTY,NEGATIVE,11.609977324263038,NEW_007,c7efaf8d2029ed140d67b7cbfff1c23fd33e0ffcae18f285566266c063f78e1c,NEW_007_ADTOF_35_9,0.4081632653054612,UNCONSTRAINED_NEW_007_57,UNCONSTRAINED_NEW_007_58,TRIO_CONDITIONED_NEW_007_71,BASS_00226,
F_MIX_00540,M2,True,108.92480725623582,DRUM_SUPPORTED,True,299,108.9015873015873,23.219954648524777,172.2656249999956,PROVISIONAL_QUALIFIED_EVIDENCE,SOURCE_ASSOCIATED_NATIVE_MARKER,NUMERICAL_MARKER_ONLY_ATTACK_UNCERTAINTY_UNQUANTIFIED,,INDETERMINATE_UNQUANTIFIED_ATTACK_AND_REFERENCE_UNCERTAINTY,POSITIVE,11.609977324263038,NEW_007,c7efaf8d2029ed140d67b7cbfff1c23fd33e0ffcae18f285566266c063f78e1c,NEW_007_ADTOF_35_10,15.192743764174566,UNCONSTRAINED_NEW_007_57,UNCONSTRAINED_NEW_007_58,TRIO_CONDITIONED_NEW_007_80,BASS_00227,
F_MIX_00541,M2,True,108.95963718820862,DRUM_SUPPORTED,True,299,108.9015873015873,58.04988662131905,172.2656249999956,PROVISIONAL_QUALIFIED_EVIDENCE,SOURCE_ASSOCIATED_NATIVE_MARKER,NUMERICAL_MARKER_ONLY_ATTACK_UNCERTAINTY_UNQUANTIFIED,,INDETERMINATE_UNQUANTIFIED_ATTACK_AND_REFERENCE_UNCERTAINTY,POSITIVE,11.609977324263038,NEW_007,c7efaf8d2029ed140d67b7cbfff1c23fd33e0ffcae18f285566266c063f78e1c,NEW_007_ADTOF_35_10,19.637188208619705,UNCONSTRAINED_NEW_007_57,UNCONSTRAINED_NEW_007_58,TRIO_CONDITIONED_NEW_007_80,,
F_MIX_00542,M2,True,109.19183673469388,DRUM_SUPPORTED,True,300,109.2498866213152,-58.04988662131905,172.2656249999956,PROVISIONAL_QUALIFIED_EVIDENCE,SOURCE_ASSOCIATED_NATIVE_MARKER,NUMERICAL_MARKER_ONLY_ATTACK_UNCERTAINTY_UNQUANTIFIED,,INDETERMINATE_UNQUANTIFIED_ATTACK_AND_REFERENCE_UNCERTAINTY,NEGATIVE,11.609977324263038,NEW_007,c7efaf8d2029ed140d67b7cbfff1c23fd33e0ffcae18f285566266c063f78e1c,NEW_007_ADTOF_38_10,21.836734693877702,UNCONSTRAINED_NEW_007_57,UNCONSTRAINED_NEW_007_58,TRIO_CONDITIONED_NEW_007_81,,
F_MIX_00543,M2,True,109.3079365079365,DRUM_SUPPORTED,True,300,109.2498866213152,58.049886621304836,161.49902343750287,PROVISIONAL_QUALIFIED_EVIDENCE,SOURCE_ASSOCIATED_NATIVE_MARKER,NUMERICAL_MARKER_ONLY_ATTACK_UNCERTAINTY_UNQUANTIFIED,,INDETERMINATE_UNQUANTIFIED_ATTACK_AND_REFERENCE_UNCERTAINTY,POSITIVE,11.609977324263038,NEW_007,c7efaf8d2029ed140d67b7cbfff1c23fd33e0ffcae18f285566266c063f78e1c,NEW_007_ADTOF_35_11,17.936507936497037,UNCONSTRAINED_NEW_007_57,UNCONSTRAINED_NEW_007_58,TRIO_CONDITIONED_NEW_007_89,BASS_00228,
F_MIX_00544,M2,True,109.6562358276644,DRUM_SUPPORTED,True,301,109.62140589569161,34.82993197279427,172.26562500000261,PROVISIONAL_QUALIFIED_EVIDENCE,SOURCE_ASSOCIATED_NATIVE_MARKER,NUMERICAL_MARKER_ONLY_ATTACK_UNCERTAINTY_UNQUANTIFIED,,INDETERMINATE_UNQUANTIFIED_ATTACK_AND_REFERENCE_UNCERTAINTY,POSITIVE,11.609977324263038,NEW_007,c7efaf8d2029ed140d67b7cbfff1c23fd33e0ffcae18f285566266c063f78e1c,NEW_007_ADTOF_35_13,26.235827664407907,UNCONSTRAINED_NEW_007_57,UNCONSTRAINED_NEW_007_58,TRIO_CONDITIONED_NEW_007_93,BASS_00229,
F_MIX_00545,M2,True,109.91165532879819,DRUM_SUPPORTED,True,302,109.9697052154195,-58.049886621304836,172.26562500000261,PROVISIONAL_QUALIFIED_EVIDENCE,SOURCE_ASSOCIATED_NATIVE_MARKER,NUMERICAL_MARKER_ONLY_ATTACK_UNCERTAINTY_UNQUANTIFIED,,INDETERMINATE_UNQUANTIFIED_ATTACK_AND_REFERENCE_UNCERTAINTY,NEGATIVE,11.609977324263038,NEW_007,c7efaf8d2029ed140d67b7cbfff1c23fd33e0ffcae18f285566266c063f78e1c,NEW_007_ADTOF_38_11,31.65532879819466,UNCONSTRAINED_NEW_007_66,UNCONSTRAINED_NEW_007_67,TRIO_CONDITIONED_NEW_007_102,BASS_00230,
F_MIX_00546,M2,True,110.38766439909297,DRUM_SUPPORTED,True,303,110.34122448979592,46.43990929704955,172.26562500000261,PROVISIONAL_QUALIFIED_EVIDENCE,SOURCE_ASSOCIATED_NATIVE_MARKER,NUMERICAL_MARKER_ONLY_ATTACK_UNCERTAINTY_UNQUANTIFIED,,INDETERMINATE_UNQUANTIFIED_ATTACK_AND_REFERENCE_UNCERTAINTY,POSITIVE,11.609977324263038,NEW_007,c7efaf8d2029ed140d67b7cbfff1c23fd33e0ffcae18f285566266c063f78e1c,NEW_007_ADTOF_35_15,27.664399092969916,UNCONSTRAINED_NEW_007_72,UNCONSTRAINED_NEW_007_73,TRIO_CONDITIONED_NEW_007_108,BASS_00231,
F_MIX_00547,M2,True,110.53859410430839,UNKNOWN,True,304,110.6895238095238,-150.92970521541815,172.26562500000261,UNKNOWN,SOURCE_NEUTRAL_NATIVE_MARKER,NUMERICAL_MARKER_ONLY_ATTACK_UNCERTAINTY_UNQUANTIFIED,,INDETERMINATE_UNQUANTIFIED_ATTACK_AND_REFERENCE_UNCERTAINTY,NEGATIVE,11.609977324263038,NEW_007,c7efaf8d2029ed140d67b7cbfff1c23fd33e0ffcae18f285566266c063f78e1c,NEW_007_ADTOF_49_17,101.40589569161307,UNCONSTRAINED_NEW_007_72,UNCONSTRAINED_NEW_007_75,TRIO_CONDITIONED_NEW_007_111,,
F_MIX_00548,M2,True,110.65469387755103,DRUM_SUPPORTED,True,304,110.6895238095238,-34.82993197278006,172.26562500000261,PROVISIONAL_QUALIFIED_EVIDENCE,SOURCE_ASSOCIATED_NATIVE_MARKER,NUMERICAL_MARKER_ONLY_ATTACK_UNCERTAINTY_UNQUANTIFIED,,INDETERMINATE_UNQUANTIFIED_ATTACK_AND_REFERENCE_UNCERTAINTY,NEGATIVE,11.609977324263038,NEW_007,c7efaf8d2029ed140d67b7cbfff1c23fd33e0ffcae18f285566266c063f78e1c,NEW_007_ADTOF_49_17,14.693877551025025,UNCONSTRAINED_NEW_007_78,UNCONSTRAINED_NEW_007_75,TRIO_CONDITIONED_NEW_007_114,,
F_MIX_00549,M2,True,110.7243537414966,DRUM_SUPPORTED,True,304,110.6895238095238,34.82993197279427,161.4990234374967,PROVISIONAL_QUALIFIED_EVIDENCE,SOURCE_ASSOCIATED_NATIVE_MARKER,NUMERICAL_MARKER_ONLY_ATTACK_UNCERTAINTY_UNQUANTIFIED,,INDETERMINATE_UNQUANTIFIED_ATTACK_AND_REFERENCE_UNCERTAINTY,POSITIVE,11.609977324263038,NEW_007,c7efaf8d2029ed140d67b7cbfff1c23fd33e0ffcae18f285566266c063f78e1c,NEW_007_ADTOF_35_16,14.353741496606176,UNCONSTRAINED_NEW_007_78,UNCONSTRAINED_NEW_007_79,TRIO_CONDITIONED_NEW_007_114,,
F_MIX_00550,M2,True,110.79401360544217,UNKNOWN,True,304,110.6895238095238,104.4897959183686,161.4990234374967,UNKNOWN,SOURCE_NEUTRAL_NATIVE_MARKER,NUMERICAL_MARKER_ONLY_ATTACK_UNCERTAINTY_UNQUANTIFIED,,INDETERMINATE_UNQUANTIFIED_ATTACK_AND_REFERENCE_UNCERTAINTY,POSITIVE,11.609977324263038,NEW_007,c7efaf8d2029ed140d67b7cbfff1c23fd33e0ffcae18f285566266c063f78e1c,NEW_007_ADTOF_35_16,84.0136054421805,UNCONSTRAINED_NEW_007_78,UNCONSTRAINED_NEW_007_79,TRIO_CONDITIONED_NEW_007_114,,
F_MIX_00551,M2,True,110.99138321995464,DRUM_SUPPORTED,True,305,111.06104308390023,-69.65986394558854,161.4990234374967,PROVISIONAL_QUALIFIED_EVIDENCE,SOURCE_ASSOCIATED_NATIVE_MARKER,NUMERICAL_MARKER_ONLY_ATTACK_UNCERTAINTY_UNQUANTIFIED,,INDETERMINATE_UNQUANTIFIED_ATTACK_AND_REFERENCE_UNCERTAINTY,NEGATIVE,11.609977324263038,NEW_007,c7efaf8d2029ed140d67b7cbfff1c23fd33e0ffcae18f285566266c063f78e1c,NEW_007_ADTOF_38_13,21.383219954643096,UNCONSTRAINED_NEW_007_87,UNCONSTRAINED_NEW_007_88,TRIO_CONDITIONED_NEW_007_121,,
F_MIX_00552,M2,True,111.21197278911565,UNKNOWN,True,305,111.06104308390023,150.92970521541815,161.49902343750287,UNKNOWN,SOURCE_NEUTRAL_NATIVE_MARKER,NUMERICAL_MARKER_ONLY_ATTACK_UNCERTAINTY_UNQUANTIFIED,,INDETERMINATE_UNQUANTIFIED_ATTACK_AND_REFERENCE_UNCERTAINTY,POSITIVE,11.609977324263038,NEW_007,c7efaf8d2029ed140d67b7cbfff1c23fd33e0ffcae18f285566266c063f78e1c,NEW_007_ADTOF_35_17,141.97278911565547,UNCONSTRAINED_NEW_007_87,UNCONSTRAINED_NEW_007_88,TRIO_CONDITIONED_NEW_007_131,,
F_MIX_00553,M2,True,111.36290249433107,UNKNOWN,True,306,111.43256235827664,-69.65986394557433,161.49902343750287,UNKNOWN,SOURCE_NEUTRAL_NATIVE_MARKER,NUMERICAL_MARKER_ONLY_ATTACK_UNCERTAINTY_UNQUANTIFIED,,INDETERMINATE_UNQUANTIFIED_ATTACK_AND_REFERENCE_UNCERTAINTY,NEGATIVE,11.609977324263038,NEW_007,c7efaf8d2029ed140d67b7cbfff1c23fd33e0ffcae18f285566266c063f78e1c,NEW_007_ADTOF_49_20,77.09750566893092,UNCONSTRAINED_NEW_007_96,UNCONSTRAINED_NEW_007_97,TRIO_CONDITIONED_NEW_007_131,,
F_MIX_00554,M2,True,111.46739229024944,DRUM_SUPPORTED,True,306,111.43256235827664,34.82993197279427,172.2656249999956,PROVISIONAL_QUALIFIED_EVIDENCE,SOURCE_ASSOCIATED_NATIVE_MARKER,NUMERICAL_MARKER_ONLY_ATTACK_UNCERTAINTY_UNQUANTIFIED,,INDETERMINATE_UNQUANTIFIED_ATTACK_AND_REFERENCE_UNCERTAINTY,POSITIVE,11.609977324263038,NEW_007,c7efaf8d2029ed140d67b7cbfff1c23fd33e0ffcae18f285566266c063f78e1c,NEW_007_ADTOF_49_20,27.39229024943768,UNCONSTRAINED_NEW_007_96,UNCONSTRAINED_NEW_007_97,TRIO_CONDITIONED_NEW_007_134,,
F_MIX_00555,M2,True,111.72281179138322,UNKNOWN,True,307,111.78086167800454,-58.04988662131905,172.2656249999956,UNKNOWN,SOURCE_NEUTRAL_NATIVE_MARKER,NUMERICAL_MARKER_ONLY_ATTACK_UNCERTAINTY_UNQUANTIFIED,,INDETERMINATE_UNQUANTIFIED_ATTACK_AND_REFERENCE_UNCERTAINTY,NEGATIVE,11.609977324263038,NEW_007,c7efaf8d2029ed140d67b7cbfff1c23fd33e0ffcae18f285566266c063f78e1c,NEW_007_ADTOF_35_18,77.188208616775,UNCONSTRAINED_NEW_007_101,UNCONSTRAINED_NEW_007_102,TRIO_CONDITIONED_NEW_007_139,,
F_MIX_00556,M2,True,111.82730158730159,DRUM_SUPPORTED,True,307,111.78086167800454,46.43990929704955,172.26562500000261,PROVISIONAL_QUALIFIED_EVIDENCE,SOURCE_ASSOCIATED_NATIVE_MARKER,NUMERICAL_MARKER_ONLY_ATTACK_UNCERTAINTY_UNQUANTIFIED,,INDETERMINATE_UNQUANTIFIED_ATTACK_AND_REFERENCE_UNCERTAINTY,POSITIVE,11.609977324263038,NEW_007,c7efaf8d2029ed140d67b7cbfff1c23fd33e0ffcae18f285566266c063f78e1c,NEW_007_ADTOF_35_18,27.3015873015936,UNCONSTRAINED_NEW_007_101,UNCONSTRAINED_NEW_007_102,TRIO_CONDITIONED_NEW_007_139,,
F_MIX_00557,M2,True,112.11755102040816,UNKNOWN,True,308,112.12916099773243,-11.609977324269494,172.26562500000261,UNKNOWN,SOURCE_NEUTRAL_NATIVE_MARKER,NUMERICAL_MARKER_ONLY_ATTACK_UNCERTAINTY_UNQUANTIFIED,,INDETERMINATE_UNQUANTIFIED_ATTACK_AND_REFERENCE_UNCERTAINTY,NEGATIVE,11.609977324263038,NEW_007,c7efaf8d2029ed140d67b7cbfff1c23fd33e0ffcae18f285566266c063f78e1c,NEW_007_ADTOF_38_14,62.44897959184925,UNCONSTRAINED_NEW_007_108,UNCONSTRAINED_NEW_007_109,TRIO_CONDITIONED_NEW_007_147,,
F_MIX_00558,M2,True,112.198820861678,DRUM_SUPPORTED,True,308,112.12916099773243,69.65986394557433,161.49902343750287,PROVISIONAL_QUALIFIED_EVIDENCE,SOURCE_ASSOCIATED_NATIVE_MARKER,NUMERICAL_MARKER_ONLY_ATTACK_UNCERTAINTY_UNQUANTIFIED,,INDETERMINATE_UNQUANTIFIED_ATTACK_AND_REFERENCE_UNCERTAINTY,POSITIVE,11.609977324263038,NEW_007,c7efaf8d2029ed140d67b7cbfff1c23fd33e0ffcae18f285566266c063f78e1c,NEW_007_ADTOF_38_14,18.82086167799457,UNCONSTRAINED_NEW_007_108,UNCONSTRAINED_NEW_007_109,TRIO_CONDITIONED_NEW_007_147,,
F_MIX_00559,M2,True,112.51229024943311,DRUM_SUPPORTED,True,309,112.50068027210884,11.609977324269494,172.2656249999956,PROVISIONAL_QUALIFIED_EVIDENCE,SOURCE_ASSOCIATED_NATIVE_MARKER,NUMERICAL_MARKER_ONLY_ATTACK_UNCERTAINTY_UNQUANTIFIED,,INDETERMINATE_UNQUANTIFIED_ATTACK_AND_REFERENCE_UNCERTAINTY,POSITIVE,11.609977324263038,NEW_007,c7efaf8d2029ed140d67b7cbfff1c23fd33e0ffcae18f285566266c063f78e1c,NEW_007_ADTOF_49_23,17.709750566893945,UNCONSTRAINED_NEW_007_114,UNCONSTRAINED_NEW_007_115,TRIO_CONDITIONED_NEW_007_153,,
F_MIX_00560,M2,True,112.5471201814059,DRUM_SUPPORTED,True,309,112.50068027210884,46.439909297063764,172.2656249999956,PROVISIONAL_QUALIFIED_EVIDENCE,SOURCE_ASSOCIATED_NATIVE_MARKER,NUMERICAL_MARKER_ONLY_ATTACK_UNCERTAINTY_UNQUANTIFIED,,INDETERMINATE_UNQUANTIFIED_ATTACK_AND_REFERENCE_UNCERTAINTY,POSITIVE,11.609977324263038,NEW_007,c7efaf8d2029ed140d67b7cbfff1c23fd33e0ffcae18f285566266c063f78e1c,NEW_007_ADTOF_49_23,17.120181405900325,UNCONSTRAINED_NEW_007_114,UNCONSTRAINED_NEW_007_115,TRIO_CONDITIONED_NEW_007_153,,
F_MIX_00561,M2,True,112.80253968253969,UNKNOWN,True,310,112.84897959183674,-46.43990929704955,172.2656249999956,UNKNOWN,SOURCE_NEUTRAL_NATIVE_MARKER,NUMERICAL_MARKER_ONLY_ATTACK_UNCERTAINTY_UNQUANTIFIED,,INDETERMINATE_UNQUANTIFIED_ATTACK_AND_REFERENCE_UNCERTAINTY,NEGATIVE,11.609977324263038,NEW_007,c7efaf8d2029ed140d67b7cbfff1c23fd33e0ffcae18f285566266c063f78e1c,NEW_007_ADTOF_49_24,97.46031746031747,UNCONSTRAINED_NEW_007_121,UNCONSTRAINED_NEW_007_122,TRIO_CONDITIONED_NEW_007_159,,
F_MIX_00562,M2,True,113.1740589569161,UNKNOWN,True,311,113.22049886621315,-46.43990929704955,161.49902343750287,UNKNOWN,SOURCE_NEUTRAL_NATIVE_MARKER,NUMERICAL_MARKER_ONLY_ATTACK_UNCERTAINTY_UNQUANTIFIED,,INDETERMINATE_UNQUANTIFIED_ATTACK_AND_REFERENCE_UNCERTAINTY,NEGATIVE,11.609977324263038,NEW_007,c7efaf8d2029ed140d67b7cbfff1c23fd33e0ffcae18f285566266c063f78e1c,NEW_007_ADTOF_38_15,85.94104308390627,UNCONSTRAINED_NEW_007_127,UNCONSTRAINED_NEW_007_124,TRIO_CONDITIONED_NEW_007_166,,
F_MIX_00563,M2,True,113.27854875283447,DRUM_SUPPORTED,True,311,113.22049886621315,58.04988662131905,172.2656249999956,PROVISIONAL_QUALIFIED_EVIDENCE,SOURCE_ASSOCIATED_NATIVE_MARKER,NUMERICAL_MARKER_ONLY_ATTACK_UNCERTAINTY_UNQUANTIFIED,,INDETERMINATE_UNQUANTIFIED_ATTACK_AND_REFERENCE_UNCERTAINTY,POSITIVE,11.609977324263038,NEW_007,c7efaf8d2029ed140d67b7cbfff1c23fd33e0ffcae18f285566266c063f78e1c,NEW_007_ADTOF_38_15,18.548752834462334,UNCONSTRAINED_NEW_007_127,UNCONSTRAINED_NEW_007_128,TRIO_CONDITIONED_NEW_007_166,,
F_MIX_00564,M2,True,113.54557823129252,DRUM_SUPPORTED,True,312,113.56879818594105,-23.219954648524777,172.2656249999956,PROVISIONAL_QUALIFIED_EVIDENCE,SOURCE_ASSOCIATED_NATIVE_MARKER,NUMERICAL_MARKER_ONLY_ATTACK_UNCERTAINTY_UNQUANTIFIED,,INDETERMINATE_UNQUANTIFIED_ATTACK_AND_REFERENCE_UNCERTAINTY,NEGATIVE,11.609977324263038,NEW_007,c7efaf8d2029ed140d67b7cbfff1c23fd33e0ffcae18f285566266c063f78e1c,NEW_007_ADTOF_38_16,25.578231292527676,UNCONSTRAINED_NEW_007_135,UNCONSTRAINED_NEW_007_136,TRIO_CONDITIONED_NEW_007_175,,
F_MIX_00565,M2,True,113.65006802721088,DRUM_SUPPORTED,True,312,113.56879818594105,81.26984126982961,161.49902343750287,PROVISIONAL_QUALIFIED_EVIDENCE,SOURCE_ASSOCIATED_NATIVE_MARKER,NUMERICAL_MARKER_ONLY_ATTACK_UNCERTAINTY_UNQUANTIFIED,,INDETERMINATE_UNQUANTIFIED_ATTACK_AND_REFERENCE_UNCERTAINTY,POSITIVE,11.609977324263038,NEW_007,c7efaf8d2029ed140d67b7cbfff1c23fd33e0ffcae18f285566266c063f78e1c,NEW_007_ADTOF_35_20,30.068027210873538,UNCONSTRAINED_NEW_007_135,UNCONSTRAINED_NEW_007_136,TRIO_CONDITIONED_NEW_007_175,,
F_MIX_00566,M2,True,113.90548752834466,UNKNOWN,True,313,113.94031746031746,-34.82993197279427,161.49902343750287,UNKNOWN,SOURCE_NEUTRAL_NATIVE_MARKER,NUMERICAL_MARKER_ONLY_ATTACK_UNCERTAINTY_UNQUANTIFIED,,INDETERMINATE_UNQUANTIFIED_ATTACK_AND_REFERENCE_UNCERTAINTY,NEGATIVE,11.609977324263038,NEW_007,c7efaf8d2029ed140d67b7cbfff1c23fd33e0ffcae18f285566266c063f78e1c,NEW_007_ADTOF_38_17,74.51247165533914,UNCONSTRAINED_NEW_007_144,UNCONSTRAINED_NEW_007_145,TRIO_CONDITIONED_NEW_007_184,,
F_MIX_00567,M2,True,113.99836734693878,DRUM_SUPPORTED,True,313,113.94031746031746,58.04988662131905,161.4990234374967,PROVISIONAL_QUALIFIED_EVIDENCE,SOURCE_ASSOCIATED_NATIVE_MARKER,NUMERICAL_MARKER_ONLY_ATTACK_UNCERTAINTY_UNQUANTIFIED,,INDETERMINATE_UNQUANTIFIED_ATTACK_AND_REFERENCE_UNCERTAINTY,POSITIVE,11.609977324263038,NEW_007,c7efaf8d2029ed140d67b7cbfff1c23fd33e0ffcae18f285566266c063f78e1c,NEW_007_ADTOF_38_17,18.367346938774176,UNCONSTRAINED_NEW_007_144,UNCONSTRAINED_NEW_007_145,TRIO_CONDITIONED_NEW_007_184,,
F_MIX_00568,M2,True,114.2421768707483,UNKNOWN,True,314,114.31183673469388,-69.65986394558854,161.4990234374967,UNKNOWN,SOURCE_NEUTRAL_NATIVE_MARKER,NUMERICAL_MARKER_ONLY_ATTACK_UNCERTAINTY_UNQUANTIFIED,,INDETERMINATE_UNQUANTIFIED_ATTACK_AND_REFERENCE_UNCERTAINTY,NEGATIVE,11.609977324263038,NEW_007,c7efaf8d2029ed140d67b7cbfff1c23fd33e0ffcae18f285566266c063f78e1c,NEW_007_ADTOF_35_21,87.82312925170288,UNCONSTRAINED_NEW_007_152,UNCONSTRAINED_NEW_007_150,TRIO_CONDITIONED_NEW_007_190,,
F_MIX_00569,M2,True,114.71818594104309,DRUM_SUPPORTED,True,315,114.66013605442177,58.04988662131905,161.49902343750287,PROVISIONAL_QUALIFIED_EVIDENCE,SOURCE_ASSOCIATED_NATIVE_MARKER,NUMERICAL_MARKER_ONLY_ATTACK_UNCERTAINTY_UNQUANTIFIED,,INDETERMINATE_UNQUANTIFIED_ATTACK_AND_REFERENCE_UNCERTAINTY,POSITIVE,11.609977324263038,NEW_007,c7efaf8d2029ed140d67b7cbfff1c23fd33e0ffcae18f285566266c063f78e1c,NEW_007_ADTOF_35_22,18.185941043086018,UNCONSTRAINED_NEW_007_160,UNCONSTRAINED_NEW_007_161,TRIO_CONDITIONED_NEW_007_200,,
F_MIX_00570,M2,True,114.97360544217688,DRUM_SUPPORTED,True,316,115.03165532879818,-58.049886621304836,161.49902343750287,PROVISIONAL_QUALIFIED_EVIDENCE,SOURCE_ASSOCIATED_NATIVE_MARKER,NUMERICAL_MARKER_ONLY_ATTACK_UNCERTAINTY_UNQUANTIFIED,,INDETERMINATE_UNQUANTIFIED_ATTACK_AND_REFERENCE_UNCERTAINTY,NEGATIVE,11.609977324263038,NEW_007,c7efaf8d2029ed140d67b7cbfff1c23fd33e0ffcae18f285566266c063f78e1c,NEW_007_ADTOF_38_18,23.60544217687277,UNCONSTRAINED_NEW_007_168,UNCONSTRAINED_NEW_007_169,TRIO_CONDITIONED_NEW_007_204,,
F_MIX_00571,M2,True,115.06648526077097,BASS_AND_DRUM_SUPPORTED,True,316,115.03165532879818,34.82993197279427,161.4990234374967,PROVISIONAL_QUALIFIED_EVIDENCE,SOURCE_ASSOCIATED_NATIVE_MARKER,NUMERICAL_MARKER_ONLY_ATTACK_UNCERTAINTY_UNQUANTIFIED,,INDETERMINATE_UNQUANTIFIED_ATTACK_AND_REFERENCE_UNCERTAINTY,POSITIVE,11.609977324263038,common_115_130,c7efaf8d2029ed140d67b7cbfff1c23fd33e0ffcae18f285566266c063f78e1c,ADTOF_00000,16.48526077097756,UNCONSTRAINED_common_115_130_1,UNCONSTRAINED_common_115_130_2,TRIO_CONDITIONED_common_115_130_2,BASS_00232,
F_MIX_00572,M2,True,115.43800453514739,BASS_AND_DRUM_SUPPORTED,True,317,115.4031746031746,34.82993197278006,161.49902343750287,PROVISIONAL_QUALIFIED_EVIDENCE,SOURCE_ASSOCIATED_NATIVE_MARKER,NUMERICAL_MARKER_ONLY_ATTACK_UNCERTAINTY_UNQUANTIFIED,,INDETERMINATE_UNQUANTIFIED_ATTACK_AND_REFERENCE_UNCERTAINTY,POSITIVE,11.609977324263038,common_115_130,c7efaf8d2029ed140d67b7cbfff1c23fd33e0ffcae18f285566266c063f78e1c,ADTOF_00001,18.00453514738365,UNCONSTRAINED_common_115_130_4,UNCONSTRAINED_common_115_130_5,TRIO_CONDITIONED_common_115_130_8,BASS_00233,
F_MIX_00573,M2,True,115.79791383219954,BASS_AND_DRUM_SUPPORTED,True,318,115.77469387755102,23.219954648524777,161.4990234374967,PROVISIONAL_QUALIFIED_EVIDENCE,SOURCE_ASSOCIATED_NATIVE_MARKER,NUMERICAL_MARKER_ONLY_ATTACK_UNCERTAINTY_UNQUANTIFIED,,INDETERMINATE_UNQUANTIFIED_ATTACK_AND_REFERENCE_UNCERTAINTY,POSITIVE,11.609977324263038,common_115_130,c7efaf8d2029ed140d67b7cbfff1c23fd33e0ffcae18f285566266c063f78e1c,ADTOF_00002,17.91383219953957,UNCONSTRAINED_common_115_130_9,UNCONSTRAINED_common_115_130_10,TRIO_CONDITIONED_common_115_130_16,BASS_00234,
F_MIX_00574,M2,True,116.08816326530612,UNKNOWN,True,319,116.14621315192744,-58.04988662131905,161.4990234374967,UNKNOWN,SOURCE_NEUTRAL_NATIVE_MARKER,NUMERICAL_MARKER_ONLY_ATTACK_UNCERTAINTY_UNQUANTIFIED,,INDETERMINATE_UNQUANTIFIED_ATTACK_AND_REFERENCE_UNCERTAINTY,NEGATIVE,11.609977324263038,common_115_130,c7efaf8d2029ed140d67b7cbfff1c23fd33e0ffcae18f285566266c063f78e1c,ADTOF_00034,61.836734693883955,UNCONSTRAINED_common_115_130_14,UNCONSTRAINED_common_115_130_15,TRIO_CONDITIONED_common_115_130_22,BASS_00235,
F_MIX_00575,M2,True,116.16943310657597,DRUM_SUPPORTED,True,319,116.14621315192744,23.219954648524777,161.49902343750287,PROVISIONAL_QUALIFIED_EVIDENCE,SOURCE_ASSOCIATED_NATIVE_MARKER,NUMERICAL_MARKER_ONLY_ATTACK_UNCERTAINTY_UNQUANTIFIED,,INDETERMINATE_UNQUANTIFIED_ATTACK_AND_REFERENCE_UNCERTAINTY,POSITIVE,11.609977324263038,common_115_130,c7efaf8d2029ed140d67b7cbfff1c23fd33e0ffcae18f285566266c063f78e1c,ADTOF_00034,19.43310657595987,UNCONSTRAINED_common_115_130_14,UNCONSTRAINED_common_115_130_15,TRIO_CONDITIONED_common_115_130_22,,
F_MIX_00576,M2,True,116.5061224489796,BASS_AND_DRUM_SUPPORTED,True,320,116.51773242630385,-11.609977324255283,161.49902343750287,PROVISIONAL_QUALIFIED_EVIDENCE,SOURCE_ASSOCIATED_NATIVE_MARKER,NUMERICAL_MARKER_ONLY_ATTACK_UNCERTAINTY_UNQUANTIFIED,,INDETERMINATE_UNQUANTIFIED_ATTACK_AND_REFERENCE_UNCERTAINTY,NEGATIVE,11.609977324263038,common_115_130,c7efaf8d2029ed140d67b7cbfff1c23fd33e0ffcae18f285566266c063f78e1c,ADTOF_00003,6.122448979596129,UNCONSTRAINED_common_115_130_19,UNCONSTRAINED_common_115_130_20,TRIO_CONDITIONED_common_115_130_27,BASS_00236,
F_MIX_00577,M2,True,116.70349206349206,UNKNOWN,True,320,116.51773242630385,185.75963718821242,161.4990234374967,UNKNOWN,SOURCE_NEUTRAL_NATIVE_MARKER,NUMERICAL_MARKER_ONLY_ATTACK_UNCERTAINTY_UNQUANTIFIED,,INDETERMINATE_UNQUANTIFIED_ATTACK_AND_REFERENCE_UNCERTAINTY,POSITIVE,11.609977324263038,common_115_130,c7efaf8d2029ed140d67b7cbfff1c23fd33e0ffcae18f285566266c063f78e1c,ADTOF_00035,166.5079365079407,UNCONSTRAINED_common_115_130_25,UNCONSTRAINED_common_115_130_26,TRIO_CONDITIONED_common_115_130_32,,
F_MIX_00578,M2,True,116.877641723356,BASS_AND_DRUM_SUPPORTED,True,321,116.88925170068028,-11.609977324269494,161.4990234374967,PROVISIONAL_QUALIFIED_EVIDENCE,SOURCE_ASSOCIATED_NATIVE_MARKER,NUMERICAL_MARKER_ONLY_ATTACK_UNCERTAINTY_UNQUANTIFIED,,INDETERMINATE_UNQUANTIFIED_ATTACK_AND_REFERENCE_UNCERTAINTY,NEGATIVE,11.609977324263038,common_115_130,c7efaf8d2029ed140d67b7cbfff1c23fd33e0ffcae18f285566266c063f78e1c,ADTOF_00035,7.641723356002217,UNCONSTRAINED_common_115_130_25,UNCONSTRAINED_common_115_130_26,TRIO_CONDITIONED_common_115_130_32,BASS_00237,
F_MIX_00579,M2,True,117.2259410430839,BASS_AND_DRUM_SUPPORTED,True,322,117.26077097505669,-34.82993197278006,161.49902343750287,PROVISIONAL_QUALIFIED_EVIDENCE,SOURCE_ASSOCIATED_NATIVE_MARKER,NUMERICAL_MARKER_ONLY_ATTACK_UNCERTAINTY_UNQUANTIFIED,,INDETERMINATE_UNQUANTIFIED_ATTACK_AND_REFERENCE_UNCERTAINTY,NEGATIVE,11.609977324263038,common_115_130,c7efaf8d2029ed140d67b7cbfff1c23fd33e0ffcae18f285566266c063f78e1c,ADTOF_00061,4.058956916097145,UNCONSTRAINED_common_115_130_30,UNCONSTRAINED_common_115_130_31,TRIO_CONDITIONED_common_115_130_37,BASS_00238,
F_MIX_00580,M2,True,117.26077097505669,DRUM_SUPPORTED,True,322,117.26077097505669,0.0,161.4990234374967,PROVISIONAL_QUALIFIED_EVIDENCE,SOURCE_ASSOCIATED_NATIVE_MARKER,NUMERICAL_MARKER_ONLY_ATTACK_UNCERTAINTY_UNQUANTIFIED,,INDETERMINATE_UNQUANTIFIED_ATTACK_AND_REFERENCE_UNCERTAINTY,ZERO,11.609977324263038,common_115_130,c7efaf8d2029ed140d67b7cbfff1c23fd33e0ffcae18f285566266c063f78e1c,ADTOF_00061,30.770975056682914,UNCONSTRAINED_common_115_130_30,UNCONSTRAINED_common_115_130_31,TRIO_CONDITIONED_common_115_130_37,,
F_MIX_00581,M2,True,117.51619047619047,UNKNOWN,True,323,117.63229024943311,-116.0997732426381,161.4990234374967,UNKNOWN,SOURCE_NEUTRAL_NATIVE_MARKER,NUMERICAL_MARKER_ONLY_ATTACK_UNCERTAINTY_UNQUANTIFIED,,INDETERMINATE_UNQUANTIFIED_ATTACK_AND_REFERENCE_UNCERTAINTY,NEGATIVE,11.609977324263038,common_115_130,c7efaf8d2029ed140d67b7cbfff1c23fd33e0ffcae18f285566266c063f78e1c,ADTOF_00036,73.80952380952976,UNCONSTRAINED_common_115_130_35,UNCONSTRAINED_common_115_130_36,TRIO_CONDITIONED_common_115_130_41,BASS_00239,
F_MIX_00582,M2,True,117.60907029478459,DRUM_SUPPORTED,True,323,117.63229024943311,-23.219954648524777,161.4990234374967,PROVISIONAL_QUALIFIED_EVIDENCE,SOURCE_ASSOCIATED_NATIVE_MARKER,NUMERICAL_MARKER_ONLY_ATTACK_UNCERTAINTY_UNQUANTIFIED,,INDETERMINATE_UNQUANTIFIED_ATTACK_AND_REFERENCE_UNCERTAINTY,NEGATIVE,11.609977324263038,common_115_130,c7efaf8d2029ed140d67b7cbfff1c23fd33e0ffcae18f285566266c063f78e1c,ADTOF_00036,19.070294784583552,UNCONSTRAINED_common_115_130_35,UNCONSTRAINED_common_115_130_36,TRIO_CONDITIONED_common_115_130_41,,
F_MIX_00583,M2,True,117.980589569161,BASS_AND_DRUM_SUPPORTED,True,324,118.00380952380952,-23.219954648524777,161.49902343750287,PROVISIONAL_QUALIFIED_EVIDENCE,SOURCE_ASSOCIATED_NATIVE_MARKER,NUMERICAL_MARKER_ONLY_ATTACK_UNCERTAINTY_UNQUANTIFIED,,INDETERMINATE_UNQUANTIFIED_ATTACK_AND_REFERENCE_UNCERTAINTY,NEGATIVE,11.609977324263038,common_115_130,c7efaf8d2029ed140d67b7cbfff1c23fd33e0ffcae18f285566266c063f78e1c,ADTOF_00004,20.58956916100385,UNCONSTRAINED_common_115_130_40,UNCONSTRAINED_common_115_130_41,TRIO_CONDITIONED_common_115_130_46,BASS_00240,
F_MIX_00584,M2,True,118.35210884353741,BASS_AND_DRUM_SUPPORTED,True,325,118.37532879818595,-23.219954648538987,161.4990234374967,PROVISIONAL_QUALIFIED_EVIDENCE,SOURCE_ASSOCIATED_NATIVE_MARKER,NUMERICAL_MARKER_ONLY_ATTACK_UNCERTAINTY_UNQUANTIFIED,,INDETERMINATE_UNQUANTIFIED_ATTACK_AND_REFERENCE_UNCERTAINTY,NEGATIVE,11.609977324263038,common_115_130,c7efaf8d2029ed140d67b7cbfff1c23fd33e0ffcae18f285566266c063f78e1c,ADTOF_00037,12.108843537404823,UNCONSTRAINED_common_115_130_43,UNCONSTRAINED_common_115_130_44,TRIO_CONDITIONED_common_115_130_48,BASS_00241,
F_MIX_00585,M2,True,118.64235827664399,UNKNOWN,True,326,118.72362811791383,-81.26984126984382,172.26562500000261,UNKNOWN,SOURCE_NEUTRAL_NATIVE_MARKER,NUMERICAL_MARKER_ONLY_ATTACK_UNCERTAINTY_UNQUANTIFIED,,INDETERMINATE_UNQUANTIFIED_ATTACK_AND_REFERENCE_UNCERTAINTY,NEGATIVE,11.609977324263038,common_115_130,c7efaf8d2029ed140d67b7cbfff1c23fd33e0ffcae18f285566266c063f78e1c,ADTOF_00065,57.641723356013586,UNCONSTRAINED_common_115_130_50,UNCONSTRAINED_common_115_130_51,TRIO_CONDITIONED_common_115_130_51,,
F_MIX_00586,M2,True,118.72362811791383,BASS_AND_DRUM_SUPPORTED,True,326,118.72362811791383,0.0,161.49902343750287,PROVISIONAL_QUALIFIED_EVIDENCE,SOURCE_ASSOCIATED_NATIVE_MARKER,NUMERICAL_MARKER_ONLY_ATTACK_UNCERTAINTY_UNQUANTIFIED,,INDETERMINATE_UNQUANTIFIED_ATTACK_AND_REFERENCE_UNCERTAINTY,ZERO,11.609977324263038,common_115_130,c7efaf8d2029ed140d67b7cbfff1c23fd33e0ffcae18f285566266c063f78e1c,ADTOF_00065,23.628117913830238,UNCONSTRAINED_common_115_130_50,UNCONSTRAINED_common_115_130_51,TRIO_CONDITIONED_common_115_130_56,BASS_00242,
F_MIX_00587,M2,True,119.06031746031746,BASS_AND_DRUM_SUPPORTED,True,327,119.09514739229024,-34.82993197278006,161.49902343750287,PROVISIONAL_QUALIFIED_EVIDENCE,SOURCE_ASSOCIATED_NATIVE_MARKER,NUMERICAL_MARKER_ONLY_ATTACK_UNCERTAINTY_UNQUANTIFIED,,INDETERMINATE_UNQUANTIFIED_ATTACK_AND_REFERENCE_UNCERTAINTY,NEGATIVE,11.609977324263038,common_115_130,c7efaf8d2029ed140d67b7cbfff1c23fd33e0ffcae18f285566266c063f78e1c,ADTOF_00066,0.31746031746138215,UNCONSTRAINED_common_115_130_56,UNCONSTRAINED_common_115_130_57,TRIO_CONDITIONED_common_115_130_62,BASS_00243,
F_MIX_00588,M2,True,119.09514739229024,DRUM_SUPPORTED,True,327,119.09514739229024,0.0,172.2656249999956,PROVISIONAL_QUALIFIED_EVIDENCE,SOURCE_ASSOCIATED_NATIVE_MARKER,NUMERICAL_MARKER_ONLY_ATTACK_UNCERTAINTY_UNQUANTIFIED,,INDETERMINATE_UNQUANTIFIED_ATTACK_AND_REFERENCE_UNCERTAINTY,ZERO,11.609977324263038,common_115_130,c7efaf8d2029ed140d67b7cbfff1c23fd33e0ffcae18f285566266c063f78e1c,ADTOF_00066,35.14739229024144,UNCONSTRAINED_common_115_130_56,UNCONSTRAINED_common_115_130_57,TRIO_CONDITIONED_common_115_130_62,,
F_MIX_00589,M2,True,119.44344671201814,DRUM_SUPPORTED,True,328,119.44344671201814,0.0,161.49902343750287,PROVISIONAL_QUALIFIED_EVIDENCE,SOURCE_ASSOCIATED_NATIVE_MARKER,NUMERICAL_MARKER_ONLY_ATTACK_UNCERTAINTY_UNQUANTIFIED,,INDETERMINATE_UNQUANTIFIED_ATTACK_AND_REFERENCE_UNCERTAINTY,ZERO,11.609977324263038,common_115_130,c7efaf8d2029ed140d67b7cbfff1c23fd33e0ffcae18f285566266c063f78e1c,ADTOF_00005,23.44671201814208,UNCONSTRAINED_common_115_130_63,UNCONSTRAINED_common_115_130_64,TRIO_CONDITIONED_common_115_130_68,,
F_MIX_00590,M2,True,119.58276643990929,UNKNOWN,True,328,119.44344671201814,139.31972789114866,161.49902343750287,UNKNOWN,SOURCE_NEUTRAL_NATIVE_MARKER,NUMERICAL_MARKER_ONLY_ATTACK_UNCERTAINTY_UNQUANTIFIED,,INDETERMINATE_UNQUANTIFIED_ATTACK_AND_REFERENCE_UNCERTAINTY,POSITIVE,11.609977324263038,common_115_130,c7efaf8d2029ed140d67b7cbfff1c23fd33e0ffcae18f285566266c063f78e1c,ADTOF_00005,162.76643990929074,UNCONSTRAINED_common_115_130_63,UNCONSTRAINED_common_115_130_64,TRIO_CONDITIONED_common_115_130_68,,
F_MIX_00591,M2,True,119.8033560090703,BASS_AND_DRUM_SUPPORTED,True,329,119.81496598639455,-11.609977324255283,161.49902343750287,PROVISIONAL_QUALIFIED_EVIDENCE,SOURCE_ASSOCIATED_NATIVE_MARKER,NUMERICAL_MARKER_ONLY_ATTACK_UNCERTAINTY_UNQUANTIFIED,,INDETERMINATE_UNQUANTIFIED_ATTACK_AND_REFERENCE_UNCERTAINTY,NEGATIVE,11.609977324263038,common_115_130,c7efaf8d2029ed140d67b7cbfff1c23fd33e0ffcae18f285566266c063f78e1c,ADTOF_00038,13.356009070292885,UNCONSTRAINED_common_115_130_76,UNCONSTRAINED_common_115_130_77,TRIO_CONDITIONED_common_115_130_80,BASS_00244,
F_MIX_00592,M2,True,120.07038548752834,BASS_AND_DRUM_SUPPORTED,True,330,120.16326530612245,-92.87981859411332,172.2656249999956,PROVISIONAL_QUALIFIED_EVIDENCE,SOURCE_ASSOCIATED_NATIVE_MARKER,NUMERICAL_MARKER_ONLY_ATTACK_UNCERTAINTY_UNQUANTIFIED,,INDETERMINATE_UNQUANTIFIED_ATTACK_AND_REFERENCE_UNCERTAINTY,NEGATIVE,11.609977324263038,common_115_130,c7efaf8d2029ed140d67b7cbfff1c23fd33e0ffcae18f285566266c063f78e1c,ADTOF_00039,10.3854875283389,UNCONSTRAINED_common_115_130_82,UNCONSTRAINED_common_115_130_83,TRIO_CONDITIONED_common_115_130_87,BASS_00245,
F_MIX_00593,M2,True,120.3025850340136,UNKNOWN,True,330,120.16326530612245,139.31972789114866,161.49902343750287,UNKNOWN,SOURCE_NEUTRAL_NATIVE_MARKER,NUMERICAL_MARKER_ONLY_ATTACK_UNCERTAINTY_UNQUANTIFIED,,INDETERMINATE_UNQUANTIFIED_ATTACK_AND_REFERENCE_UNCERTAINTY,POSITIVE,11.609977324263038,common_115_130,c7efaf8d2029ed140d67b7cbfff1c23fd33e0ffcae18f285566266c063f78e1c,ADTOF_00069,152.58503401359746,UNCONSTRAINED_common_115_130_89,UNCONSTRAINED_common_115_130_90,TRIO_CONDITIONED_common_115_130_87,,
F_MIX_00594,M2,True,120.52317460317461,DRUM_SUPPORTED,True,331,120.53478458049887,-11.609977324255283,161.49902343750287,PROVISIONAL_QUALIFIED_EVIDENCE,SOURCE_ASSOCIATED_NATIVE_MARKER,NUMERICAL_MARKER_ONLY_ATTACK_UNCERTAINTY_UNQUANTIFIED,,INDETERMINATE_UNQUANTIFIED_ATTACK_AND_REFERENCE_UNCERTAINTY,NEGATIVE,11.609977324263038,common_115_130,c7efaf8d2029ed140d67b7cbfff1c23fd33e0ffcae18f285566266c063f78e1c,ADTOF_00006,6.825396825391294,UNCONSTRAINED_common_115_130_89,UNCONSTRAINED_common_115_130_98,TRIO_CONDITIONED_common_115_130_94,BASS_00246,
F_MIX_00595,M2,True,120.80181405895692,UNKNOWN,True,332,120.88308390022675,-81.26984126982961,172.26562500000261,UNKNOWN,SOURCE_NEUTRAL_NATIVE_MARKER,NUMERICAL_MARKER_ONLY_ATTACK_UNCERTAINTY_UNQUANTIFIED,,INDETERMINATE_UNQUANTIFIED_ATTACK_AND_REFERENCE_UNCERTAINTY,NEGATIVE,11.609977324263038,common_115_130,c7efaf8d2029ed140d67b7cbfff1c23fd33e0ffcae18f285566266c063f78e1c,ADTOF_00007,68.18594104308318,UNCONSTRAINED_common_115_130_107,UNCONSTRAINED_common_115_130_104,TRIO_CONDITIONED_common_115_130_99,BASS_00247,
F_MIX_00596,M2,True,121.1849433106576,UNKNOWN,True,333,121.25460317460318,-69.65986394557433,161.4990234374967,UNKNOWN,SOURCE_NEUTRAL_NATIVE_MARKER,NUMERICAL_MARKER_ONLY_ATTACK_UNCERTAINTY_UNQUANTIFIED,,INDETERMINATE_UNQUANTIFIED_ATTACK_AND_REFERENCE_UNCERTAINTY,NEGATIVE,11.609977324263038,common_115_130,c7efaf8d2029ed140d67b7cbfff1c23fd33e0ffcae18f285566266c063f78e1c,ADTOF_00040,45.05668934240248,UNCONSTRAINED_common_115_130_116,UNCONSTRAINED_common_115_130_117,TRIO_CONDITIONED_common_115_130_112,,
F_MIX_00597,M2,True,121.25460317460318,BASS_AND_DRUM_SUPPORTED,True,333,121.25460317460318,0.0,172.26562500000261,PROVISIONAL_QUALIFIED_EVIDENCE,SOURCE_ASSOCIATED_NATIVE_MARKER,NUMERICAL_MARKER_ONLY_ATTACK_UNCERTAINTY_UNQUANTIFIED,,INDETERMINATE_UNQUANTIFIED_ATTACK_AND_REFERENCE_UNCERTAINTY,ZERO,11.609977324263038,common_115_130,c7efaf8d2029ed140d67b7cbfff1c23fd33e0ffcae18f285566266c063f78e1c,ADTOF_00040,24.60317460317185,UNCONSTRAINED_common_115_130_116,UNCONSTRAINED_common_115_130_117,TRIO_CONDITIONED_common_115_130_112,BASS_00248,
F_MIX_00598,M2,True,121.61451247165533,BASS_AND_DRUM_SUPPORTED,True,334,121.60290249433106,11.609977324269494,161.4990234374967,PROVISIONAL_QUALIFIED_EVIDENCE,SOURCE_ASSOCIATED_NATIVE_MARKER,NUMERICAL_MARKER_ONLY_ATTACK_UNCERTAINTY_UNQUANTIFIED,,INDETERMINATE_UNQUANTIFIED_ATTACK_AND_REFERENCE_UNCERTAINTY,POSITIVE,11.609977324263038,common_115_130,c7efaf8d2029ed140d67b7cbfff1c23fd33e0ffcae18f285566266c063f78e1c,ADTOF_00008,14.512471655336867,UNCONSTRAINED_common_115_130_127,UNCONSTRAINED_common_115_130_128,TRIO_CONDITIONED_common_115_130_121,BASS_00249,
F_MIX_00599,M2,True,121.9047619047619,UNKNOWN,True,335,121.97442176870749,-69.65986394558854,161.4990234374967,UNKNOWN,SOURCE_NEUTRAL_NATIVE_MARKER,NUMERICAL_MARKER_ONLY_ATTACK_UNCERTAINTY_UNQUANTIFIED,,INDETERMINATE_UNQUANTIFIED_ATTACK_AND_REFERENCE_UNCERTAINTY,NEGATIVE,11.609977324263038,common_115_130,c7efaf8d2029ed140d67b7cbfff1c23fd33e0ffcae18f285566266c063f78e1c,ADTOF_00009,55.23809523809575,UNCONSTRAINED_common_115_130_136,UNCONSTRAINED_common_115_130_137,TRIO_CONDITIONED_common_115_130_129,,
F_MIX_00600,M2,True,121.97442176870749,BASS_AND_DRUM_SUPPORTED,True,335,121.97442176870749,0.0,172.26562500000261,PROVISIONAL_QUALIFIED_EVIDENCE,SOURCE_ASSOCIATED_NATIVE_MARKER,NUMERICAL_MARKER_ONLY_ATTACK_UNCERTAINTY_UNQUANTIFIED,,INDETERMINATE_UNQUANTIFIED_ATTACK_AND_REFERENCE_UNCERTAINTY,ZERO,11.609977324263038,common_115_130,c7efaf8d2029ed140d67b7cbfff1c23fd33e0ffcae18f285566266c063f78e1c,ADTOF_00009,14.421768707492788,UNCONSTRAINED_common_115_130_136,UNCONSTRAINED_common_115_130_137,TRIO_CONDITIONED_common_115_130_129,BASS_00250,
F_MIX_00601,M2,True,122.24145124716553,UNKNOWN,True,336,122.32272108843537,-81.26984126984382,172.26562500000261,UNKNOWN,SOURCE_NEUTRAL_NATIVE_MARKER,NUMERICAL_MARKER_ONLY_ATTACK_UNCERTAINTY_UNQUANTIFIED,,INDETERMINATE_UNQUANTIFIED_ATTACK_AND_REFERENCE_UNCERTAINTY,NEGATIVE,11.609977324263038,common_115_130,c7efaf8d2029ed140d67b7cbfff1c23fd33e0ffcae18f285566266c063f78e1c,ADTOF_00010,78.54875283446461,UNCONSTRAINED_common_115_130_146,UNCONSTRAINED_common_115_130_143,TRIO_CONDITIONED_common_115_130_135,,
F_MIX_00602,M2,True,122.33433106575964,BASS_AND_DRUM_SUPPORTED,True,336,122.32272108843537,11.609977324269494,161.4990234374967,PROVISIONAL_QUALIFIED_EVIDENCE,SOURCE_ASSOCIATED_NATIVE_MARKER,NUMERICAL_MARKER_ONLY_ATTACK_UNCERTAINTY_UNQUANTIFIED,,INDETERMINATE_UNQUANTIFIED_ATTACK_AND_REFERENCE_UNCERTAINTY,POSITIVE,11.609977324263038,common_115_130,c7efaf8d2029ed140d67b7cbfff1c23fd33e0ffcae18f285566266c063f78e1c,ADTOF_00010,14.331065759648709,UNCONSTRAINED_common_115_130_146,UNCONSTRAINED_common_115_130_147,TRIO_CONDITIONED_common_115_130_138,BASS_00251,
F_MIX_00603,M2,True,122.70585034013605,BASS_AND_DRUM_SUPPORTED,True,337,122.6942403628118,11.609977324255283,161.49902343750287,PROVISIONAL_QUALIFIED_EVIDENCE,SOURCE_ASSOCIATED_NATIVE_MARKER,NUMERICAL_MARKER_ONLY_ATTACK_UNCERTAINTY_UNQUANTIFIED,,INDETERMINATE_UNQUANTIFIED_ATTACK_AND_REFERENCE_UNCERTAINTY,POSITIVE,11.609977324263038,common_115_130,c7efaf8d2029ed140d67b7cbfff1c23fd33e0ffcae18f285566266c063f78e1c,ADTOF_00012,15.850340136054797,UNCONSTRAINED_common_115_130_153,UNCONSTRAINED_common_115_130_154,TRIO_CONDITIONED_common_115_130_145,BASS_00252,
F_MIX_00604,M2,True,123.05414965986395,BASS_AND_DRUM_SUPPORTED,True,338,123.06575963718821,-11.609977324255283,161.49902343750287,PROVISIONAL_QUALIFIED_EVIDENCE,SOURCE_ASSOCIATED_NATIVE_MARKER,NUMERICAL_MARKER_ONLY_ATTACK_UNCERTAINTY_UNQUANTIFIED,,INDETERMINATE_UNQUANTIFIED_ATTACK_AND_REFERENCE_UNCERTAINTY,NEGATIVE,11.609977324263038,common_115_130,c7efaf8d2029ed140d67b7cbfff1c23fd33e0ffcae18f285566266c063f78e1c,ADTOF_00013,4.149659863955435,UNCONSTRAINED_common_115_130_160,UNCONSTRAINED_common_115_130_161,TRIO_CONDITIONED_common_115_130_152,BASS_00253,
F_MIX_00605,M2,True,123.33278911564626,DRUM_SUPPORTED,True,339,123.4140589569161,-81.26984126982961,172.26562500000261,PROVISIONAL_QUALIFIED_EVIDENCE,SOURCE_ASSOCIATED_NATIVE_MARKER,NUMERICAL_MARKER_ONLY_ATTACK_UNCERTAINTY_UNQUANTIFIED,,INDETERMINATE_UNQUANTIFIED_ATTACK_AND_REFERENCE_UNCERTAINTY,NEGATIVE,11.609977324263038,common_115_130,c7efaf8d2029ed140d67b7cbfff1c23fd33e0ffcae18f285566266c063f78e1c,ADTOF_00014,22.78911564626185,UNCONSTRAINED_common_115_130_167,UNCONSTRAINED_common_115_130_168,TRIO_CONDITIONED_common_115_130_159,BASS_00254,
F_MIX_00606,M2,True,123.42566893424036,BASS_AND_DRUM_SUPPORTED,True,339,123.4140589569161,11.609977324269494,161.4990234374967,PROVISIONAL_QUALIFIED_EVIDENCE,SOURCE_ASSOCIATED_NATIVE_MARKER,NUMERICAL_MARKER_ONLY_ATTACK_UNCERTAINTY_UNQUANTIFIED,,INDETERMINATE_UNQUANTIFIED_ATTACK_AND_REFERENCE_UNCERTAINTY,POSITIVE,11.609977324263038,common_115_130,c7efaf8d2029ed140d67b7cbfff1c23fd33e0ffcae18f285566266c063f78e1c,ADTOF_00015,5.668934240361523,UNCONSTRAINED_common_115_130_167,UNCONSTRAINED_common_115_130_168,TRIO_CONDITIONED_common_115_130_159,BASS_00255,
F_MIX_00607,M2,True,123.7275283446712,UNKNOWN,True,340,123.78557823129252,-58.04988662131905,161.4990234374967,UNKNOWN,SOURCE_NEUTRAL_NATIVE_MARKER,NUMERICAL_MARKER_ONLY_ATTACK_UNCERTAINTY_UNQUANTIFIED,,INDETERMINATE_UNQUANTIFIED_ATTACK_AND_REFERENCE_UNCERTAINTY,NEGATIVE,11.609977324263038,common_115_130,c7efaf8d2029ed140d67b7cbfff1c23fd33e0ffcae18f285566266c063f78e1c,ADTOF_00079,52.4716553288016,UNCONSTRAINED_common_115_130_174,UNCONSTRAINED_common_115_130_175,TRIO_CONDITIONED_common_115_130_163,,
F_MIX_00608,M2,True,123.79718820861677,BASS_AND_DRUM_SUPPORTED,True,340,123.78557823129252,11.609977324255283,172.26562500000261,PROVISIONAL_QUALIFIED_EVIDENCE,SOURCE_ASSOCIATED_NATIVE_MARKER,NUMERICAL_MARKER_ONLY_ATTACK_UNCERTAINTY_UNQUANTIFIED,,INDETERMINATE_UNQUANTIFIED_ATTACK_AND_REFERENCE_UNCERTAINTY,POSITIVE,11.609977324263038,common_115_130,c7efaf8d2029ed140d67b7cbfff1c23fd33e0ffcae18f285566266c063f78e1c,ADTOF_00016,7.1882086167818215,UNCONSTRAINED_common_115_130_174,UNCONSTRAINED_common_115_130_175,TRIO_CONDITIONED_common_115_130_166,BASS_00256,
F_MIX_00609,M2,True,124.09904761904762,UNKNOWN,True,341,124.1338775510204,-34.82993197278006,172.26562500000261,UNKNOWN,SOURCE_NEUTRAL_NATIVE_MARKER,NUMERICAL_MARKER_ONLY_ATTACK_UNCERTAINTY_UNQUANTIFIED,,INDETERMINATE_UNQUANTIFIED_ATTACK_AND_REFERENCE_UNCERTAINTY,NEGATIVE,11.609977324263038,common_115_130,c7efaf8d2029ed140d67b7cbfff1c23fd33e0ffcae18f285566266c063f78e1c,ADTOF_00017,40.95238095237619,UNCONSTRAINED_common_115_130_182,UNCONSTRAINED_common_115_130_183,TRIO_CONDITIONED_common_115_130_174,,
F_MIX_00610,M2,True,124.15709750566893,BASS_AND_DRUM_SUPPORTED,True,341,124.1338775510204,23.219954648524777,161.4990234374967,PROVISIONAL_QUALIFIED_EVIDENCE,SOURCE_ASSOCIATED_NATIVE_MARKER,NUMERICAL_MARKER_ONLY_ATTACK_UNCERTAINTY_UNQUANTIFIED,,INDETERMINATE_UNQUANTIFIED_ATTACK_AND_REFERENCE_UNCERTAINTY,POSITIVE,11.609977324263038,common_115_130,c7efaf8d2029ed140d67b7cbfff1c23fd33e0ffcae18f285566266c063f78e1c,ADTOF_00017,17.097505668928648,UNCONSTRAINED_common_115_130_182,UNCONSTRAINED_common_115_130_183,TRIO_CONDITIONED_common_115_130_174,BASS_00257,
F_MIX_00611,M2,True,124.42412698412699,DRUM_SUPPORTED,True,342,124.50539682539683,-81.26984126984382,161.4990234374967,PROVISIONAL_QUALIFIED_EVIDENCE,SOURCE_ASSOCIATED_NATIVE_MARKER,NUMERICAL_MARKER_ONLY_ATTACK_UNCERTAINTY_UNQUANTIFIED,,INDETERMINATE_UNQUANTIFIED_ATTACK_AND_REFERENCE_UNCERTAINTY,NEGATIVE,11.609977324263038,common_115_130,c7efaf8d2029ed140d67b7cbfff1c23fd33e0ffcae18f285566266c063f78e1c,ADTOF_00045,24.126984126979778,UNCONSTRAINED_common_115_130_189,UNCONSTRAINED_common_115_130_185,TRIO_CONDITIONED_common_115_130_176,,
F_MIX_00612,M2,True,124.52861678004535,BASS_AND_DRUM_SUPPORTED,True,342,124.50539682539683,23.219954648524777,172.26562500000261,PROVISIONAL_QUALIFIED_EVIDENCE,SOURCE_ASSOCIATED_NATIVE_MARKER,NUMERICAL_MARKER_ONLY_ATTACK_UNCERTAINTY_UNQUANTIFIED,,INDETERMINATE_UNQUANTIFIED_ATTACK_AND_REFERENCE_UNCERTAINTY,POSITIVE,11.609977324263038,common_115_130,c7efaf8d2029ed140d67b7cbfff1c23fd33e0ffcae18f285566266c063f78e1c,ADTOF_00018,28.616780045354062,UNCONSTRAINED_common_115_130_189,UNCONSTRAINED_common_115_130_190,TRIO_CONDITIONED_common_115_130_180,BASS_00258,
F_MIX_00613,M2,True,124.87691609977324,BASS_AND_DRUM_SUPPORTED,True,343,124.85369614512472,23.219954648524777,161.4990234374967,PROVISIONAL_QUALIFIED_EVIDENCE,SOURCE_ASSOCIATED_NATIVE_MARKER,NUMERICAL_MARKER_ONLY_ATTACK_UNCERTAINTY_UNQUANTIFIED,,INDETERMINATE_UNQUANTIFIED_ATTACK_AND_REFERENCE_UNCERTAINTY,POSITIVE,11.609977324263038,common_115_130,c7efaf8d2029ed140d67b7cbfff1c23fd33e0ffcae18f285566266c063f78e1c,ADTOF_00019,16.91609977324049,UNCONSTRAINED_common_115_130_196,UNCONSTRAINED_common_115_130_197,TRIO_CONDITIONED_common_115_130_187,BASS_00259,
F_MIX_00614,M2,True,125.17877551020408,UNKNOWN,True,344,125.22521541950114,-46.439909297063764,161.4990234374967,UNKNOWN,SOURCE_NEUTRAL_NATIVE_MARKER,NUMERICAL_MARKER_ONLY_ATTACK_UNCERTAINTY_UNQUANTIFIED,,INDETERMINATE_UNQUANTIFIED_ATTACK_AND_REFERENCE_UNCERTAINTY,NEGATIVE,11.609977324263038,common_115_130,c7efaf8d2029ed140d67b7cbfff1c23fd33e0ffcae18f285566266c063f78e1c,ADTOF_00083,41.224489795922636,UNCONSTRAINED_common_115_130_202,UNCONSTRAINED_common_115_130_203,TRIO_CONDITIONED_common_115_130_193,,
F_MIX_00615,M2,True,125.2368253968254,BASS_AND_DRUM_SUPPORTED,True,344,125.22521541950114,11.609977324255283,172.26562500000261,PROVISIONAL_QUALIFIED_EVIDENCE,SOURCE_ASSOCIATED_NATIVE_MARKER,NUMERICAL_MARKER_ONLY_ATTACK_UNCERTAINTY_UNQUANTIFIED,,INDETERMINATE_UNQUANTIFIED_ATTACK_AND_REFERENCE_UNCERTAINTY,POSITIVE,11.609977324263038,common_115_130,c7efaf8d2029ed140d67b7cbfff1c23fd33e0ffcae18f285566266c063f78e1c,ADTOF_00020,6.825396825391294,UNCONSTRAINED_common_115_130_202,UNCONSTRAINED_common_115_130_203,TRIO_CONDITIONED_common_115_130_193,BASS_00260,
F_MIX_00616,M2,True,125.58512471655328,BASS_AND_DRUM_SUPPORTED,True,345,125.57351473922903,11.609977324255283,161.49902343750287,PROVISIONAL_QUALIFIED_EVIDENCE,SOURCE_ASSOCIATED_NATIVE_MARKER,NUMERICAL_MARKER_ONLY_ATTACK_UNCERTAINTY_UNQUANTIFIED,,INDETERMINATE_UNQUANTIFIED_ATTACK_AND_REFERENCE_UNCERTAINTY,POSITIVE,11.609977324263038,common_115_130,c7efaf8d2029ed140d67b7cbfff1c23fd33e0ffcae18f285566266c063f78e1c,ADTOF_00021,14.875283446713183,UNCONSTRAINED_common_115_130_206,UNCONSTRAINED_common_115_130_207,TRIO_CONDITIONED_common_115_130_198,BASS_00261,
F_MIX_00617,M2,True,125.85215419501134,DRUM_SUPPORTED,True,346,125.94503401360544,-92.8798185940991,161.49902343750287,PROVISIONAL_QUALIFIED_EVIDENCE,SOURCE_ASSOCIATED_NATIVE_MARKER,NUMERICAL_MARKER_ONLY_ATTACK_UNCERTAINTY_UNQUANTIFIED,,INDETERMINATE_UNQUANTIFIED_ATTACK_AND_REFERENCE_UNCERTAINTY,NEGATIVE,11.609977324263038,common_115_130,c7efaf8d2029ed140d67b7cbfff1c23fd33e0ffcae18f285566266c063f78e1c,ADTOF_00047,22.154195011339084,UNCONSTRAINED_common_115_130_211,UNCONSTRAINED_common_115_130_208,TRIO_CONDITIONED_common_115_130_199,,
F_MIX_00618,M2,True,125.9914739229025,BASS_SUPPORTED,True,346,125.94503401360544,46.439909297063764,172.2656249999956,PROVISIONAL_QUALIFIED_EVIDENCE,SOURCE_ASSOCIATED_NATIVE_MARKER,NUMERICAL_MARKER_ONLY_ATTACK_UNCERTAINTY_UNQUANTIFIED,,INDETERMINATE_UNQUANTIFIED_ATTACK_AND_REFERENCE_UNCERTAINTY,POSITIVE,11.609977324263038,common_115_130,c7efaf8d2029ed140d67b7cbfff1c23fd33e0ffcae18f285566266c063f78e1c,ADTOF_00023,41.47392290249741,UNCONSTRAINED_common_115_130_211,UNCONSTRAINED_common_115_130_212,TRIO_CONDITIONED_common_115_130_202,BASS_00262,
F_MIX_00619,M2,True,126.23528344671202,UNKNOWN,True,347,126.29333333333334,-58.04988662131905,172.2656249999956,UNKNOWN,SOURCE_NEUTRAL_NATIVE_MARKER,NUMERICAL_MARKER_ONLY_ATTACK_UNCERTAINTY_UNQUANTIFIED,,INDETERMINATE_UNQUANTIFIED_ATTACK_AND_REFERENCE_UNCERTAINTY,NEGATIVE,11.609977324263038,common_115_130,c7efaf8d2029ed140d67b7cbfff1c23fd33e0ffcae18f285566266c063f78e1c,ADTOF_00048,35.283446712014666,UNCONSTRAINED_common_115_130_215,UNCONSTRAINED_common_115_130_219,TRIO_CONDITIONED_common_115_130_210,BASS_00264,
F_MIX_00620,M2,True,126.30494331065759,BASS_AND_DRUM_SUPPORTED,True,347,126.29333333333334,11.609977324255283,161.49902343750287,PROVISIONAL_QUALIFIED_EVIDENCE,SOURCE_ASSOCIATED_NATIVE_MARKER,NUMERICAL_MARKER_ONLY_ATTACK_UNCERTAINTY_UNQUANTIFIED,,INDETERMINATE_UNQUANTIFIED_ATTACK_AND_REFERENCE_UNCERTAINTY,POSITIVE,11.609977324263038,common_115_130,c7efaf8d2029ed140d67b7cbfff1c23fd33e0ffcae18f285566266c063f78e1c,ADTOF_00024,5.056689342410436,UNCONSTRAINED_common_115_130_218,UNCONSTRAINED_common_115_130_219,TRIO_CONDITIONED_common_115_130_210,BASS_00265,
F_MIX_00621,M2,True,126.65324263038549,BASS_AND_DRUM_SUPPORTED,True,348,126.66485260770975,-11.609977324255283,161.49902343750287,PROVISIONAL_QUALIFIED_EVIDENCE,SOURCE_ASSOCIATED_NATIVE_MARKER,NUMERICAL_MARKER_ONLY_ATTACK_UNCERTAINTY_UNQUANTIFIED,,INDETERMINATE_UNQUANTIFIED_ATTACK_AND_REFERENCE_UNCERTAINTY,NEGATIVE,11.609977324263038,common_115_130,c7efaf8d2029ed140d67b7cbfff1c23fd33e0ffcae18f285566266c063f78e1c,ADTOF_00025,16.7573696145098,UNCONSTRAINED_common_115_130_225,UNCONSTRAINED_common_115_130_226,TRIO_CONDITIONED_common_115_130_217,BASS_00266,
F_MIX_00622,M2,True,126.69968253968254,DRUM_SUPPORTED,True,348,126.66485260770975,34.82993197279427,172.2656249999956,PROVISIONAL_QUALIFIED_EVIDENCE,SOURCE_ASSOCIATED_NATIVE_MARKER,NUMERICAL_MARKER_ONLY_ATTACK_UNCERTAINTY_UNQUANTIFIED,,INDETERMINATE_UNQUANTIFIED_ATTACK_AND_REFERENCE_UNCERTAINTY,POSITIVE,11.609977324263038,common_115_130,c7efaf8d2029ed140d67b7cbfff1c23fd33e0ffcae18f285566266c063f78e1c,ADTOF_00025,29.682539682539755,UNCONSTRAINED_common_115_130_225,UNCONSTRAINED_common_115_130_226,TRIO_CONDITIONED_common_115_130_217,,
F_MIX_00623,M2,True,126.9318820861678,UNKNOWN,True,349,127.01315192743765,-81.26984126984382,172.2656249999956,UNKNOWN,SOURCE_NEUTRAL_NATIVE_MARKER,NUMERICAL_MARKER_ONLY_ATTACK_UNCERTAINTY_UNQUANTIFIED,,INDETERMINATE_UNQUANTIFIED_ATTACK_AND_REFERENCE_UNCERTAINTY,NEGATIVE,11.609977324263038,common_115_130,c7efaf8d2029ed140d67b7cbfff1c23fd33e0ffcae18f285566266c063f78e1c,ADTOF_00026,78.11791383220168,UNCONSTRAINED_common_115_130_237,UNCONSTRAINED_common_115_130_235,TRIO_CONDITIONED_common_115_130_223,,
F_MIX_00624,M2,True,127.0247619047619,DRUM_SUPPORTED,True,349,127.01315192743765,11.609977324255283,172.26562500000261,PROVISIONAL_QUALIFIED_EVIDENCE,SOURCE_ASSOCIATED_NATIVE_MARKER,NUMERICAL_MARKER_ONLY_ATTACK_UNCERTAINTY_UNQUANTIFIED,,INDETERMINATE_UNQUANTIFIED_ATTACK_AND_REFERENCE_UNCERTAINTY,POSITIVE,11.609977324263038,common_115_130,c7efaf8d2029ed140d67b7cbfff1c23fd33e0ffcae18f285566266c063f78e1c,ADTOF_00026,14.761904761897426,UNCONSTRAINED_common_115_130_237,UNCONSTRAINED_common_115_130_235,TRIO_CONDITIONED_common_115_130_223,,
F_MIX_00625,M2,True,127.29179138321996,DRUM_SUPPORTED,True,350,127.36145124716553,-69.65986394557433,172.26562500000261,PROVISIONAL_QUALIFIED_EVIDENCE,SOURCE_ASSOCIATED_NATIVE_MARKER,NUMERICAL_MARKER_ONLY_ATTACK_UNCERTAINTY_UNQUANTIFIED,,INDETERMINATE_UNQUANTIFIED_ATTACK_AND_REFERENCE_UNCERTAINTY,NEGATIVE,11.609977324263038,common_115_130,c7efaf8d2029ed140d67b7cbfff1c23fd33e0ffcae18f285566266c063f78e1c,ADTOF_00027,11.791383219957652,UNCONSTRAINED_common_115_130_244,UNCONSTRAINED_common_115_130_238,TRIO_CONDITIONED_common_115_130_232,,
F_MIX_00626,M2,True,127.39628117913833,DRUM_SUPPORTED,True,350,127.36145124716553,34.82993197279427,161.49902343750287,PROVISIONAL_QUALIFIED_EVIDENCE,SOURCE_ASSOCIATED_NATIVE_MARKER,NUMERICAL_MARKER_ONLY_ATTACK_UNCERTAINTY_UNQUANTIFIED,,INDETERMINATE_UNQUANTIFIED_ATTACK_AND_REFERENCE_UNCERTAINTY,POSITIVE,11.609977324263038,common_115_130,c7efaf8d2029ed140d67b7cbfff1c23fd33e0ffcae18f285566266c063f78e1c,ADTOF_00028,16.281179138331936,UNCONSTRAINED_common_115_130_244,UNCONSTRAINED_common_115_130_245,TRIO_CONDITIONED_common_115_130_232,,
F_MIX_00627,M2,True,127.65170068027211,UNKNOWN,True,351,127.73297052154194,-81.26984126982961,161.49902343750287,UNKNOWN,SOURCE_NEUTRAL_NATIVE_MARKER,NUMERICAL_MARKER_ONLY_ATTACK_UNCERTAINTY_UNQUANTIFIED,,INDETERMINATE_UNQUANTIFIED_ATTACK_AND_REFERENCE_UNCERTAINTY,NEGATIVE,11.609977324263038,common_115_130,c7efaf8d2029ed140d67b7cbfff1c23fd33e0ffcae18f285566266c063f78e1c,ADTOF_00029,88.29931972788074,UNCONSTRAINED_common_115_130_251,UNCONSTRAINED_common_115_130_247,TRIO_CONDITIONED_common_115_130_234,,
F_MIX_00628,M2,True,127.74458049886621,DRUM_SUPPORTED,True,351,127.73297052154194,11.609977324269494,172.26562500000261,PROVISIONAL_QUALIFIED_EVIDENCE,SOURCE_ASSOCIATED_NATIVE_MARKER,NUMERICAL_MARKER_ONLY_ATTACK_UNCERTAINTY_UNQUANTIFIED,,INDETERMINATE_UNQUANTIFIED_ATTACK_AND_REFERENCE_UNCERTAINTY,POSITIVE,11.609977324263038,common_115_130,c7efaf8d2029ed140d67b7cbfff1c23fd33e0ffcae18f285566266c063f78e1c,ADTOF_00029,4.580498866218363,UNCONSTRAINED_common_115_130_251,UNCONSTRAINED_common_115_130_252,TRIO_CONDITIONED_common_115_130_238,,
F_MIX_00629,M2,True,128.02321995464854,UNKNOWN,True,352,128.08126984126983,-58.049886621290625,172.26562500000261,UNKNOWN,SOURCE_NEUTRAL_NATIVE_MARKER,NUMERICAL_MARKER_ONLY_ATTACK_UNCERTAINTY_UNQUANTIFIED,,INDETERMINATE_UNQUANTIFIED_ATTACK_AND_REFERENCE_UNCERTAINTY,NEGATIVE,11.609977324263038,common_115_130,c7efaf8d2029ed140d67b7cbfff1c23fd33e0ffcae18f285566266c063f78e1c,ADTOF_00030,76.78004535145533,UNCONSTRAINED_common_115_130_259,UNCONSTRAINED_common_115_130_257,TRIO_CONDITIONED_common_115_130_242,,
F_MIX_00630,M2,True,128.1277097505669,DRUM_SUPPORTED,True,352,128.08126984126983,46.439909297077975,161.4990234374967,PROVISIONAL_QUALIFIED_EVIDENCE,SOURCE_ASSOCIATED_NATIVE_MARKER,NUMERICAL_MARKER_ONLY_ATTACK_UNCERTAINTY_UNQUANTIFIED,,INDETERMINATE_UNQUANTIFIED_ATTACK_AND_REFERENCE_UNCERTAINTY,POSITIVE,11.609977324263038,common_115_130,c7efaf8d2029ed140d67b7cbfff1c23fd33e0ffcae18f285566266c063f78e1c,ADTOF_00030,27.70975056691327,UNCONSTRAINED_common_115_130_259,UNCONSTRAINED_common_115_130_260,TRIO_CONDITIONED_common_115_130_244,,
F_MIX_00631,M2,True,128.3831292517007,UNKNOWN,True,353,128.45278911564625,-69.65986394556012,161.4990234374967,UNKNOWN,SOURCE_NEUTRAL_NATIVE_MARKER,NUMERICAL_MARKER_ONLY_ATTACK_UNCERTAINTY_UNQUANTIFIED,,INDETERMINATE_UNQUANTIFIED_ATTACK_AND_REFERENCE_UNCERTAINTY,NEGATIVE,11.609977324263038,common_115_130,c7efaf8d2029ed140d67b7cbfff1c23fd33e0ffcae18f285566266c063f78e1c,ADTOF_00031,86.87074829930452,UNCONSTRAINED_common_115_130_268,UNCONSTRAINED_common_115_130_266,TRIO_CONDITIONED_common_115_130_250,,
F_MIX_00632,M2,True,128.4992290249433,DRUM_SUPPORTED,True,353,128.45278911564625,46.43990929704955,172.26562500000261,PROVISIONAL_QUALIFIED_EVIDENCE,SOURCE_ASSOCIATED_NATIVE_MARKER,NUMERICAL_MARKER_ONLY_ATTACK_UNCERTAINTY_UNQUANTIFIED,,INDETERMINATE_UNQUANTIFIED_ATTACK_AND_REFERENCE_UNCERTAINTY,POSITIVE,11.609977324263038,common_115_130,c7efaf8d2029ed140d67b7cbfff1c23fd33e0ffcae18f285566266c063f78e1c,ADTOF_00031,29.22902494330515,UNCONSTRAINED_common_115_130_268,UNCONSTRAINED_common_115_130_269,TRIO_CONDITIONED_common_115_130_252,,
F_MIX_00633,M2,True,128.74303854875282,UNKNOWN,True,354,128.80108843537414,-58.04988662131905,172.26562500000261,UNKNOWN,SOURCE_NEUTRAL_NATIVE_MARKER,NUMERICAL_MARKER_ONLY_ATTACK_UNCERTAINTY_UNQUANTIFIED,,INDETERMINATE_UNQUANTIFIED_ATTACK_AND_REFERENCE_UNCERTAINTY,NEGATIVE,11.609977324263038,common_115_130,c7efaf8d2029ed140d67b7cbfff1c23fd33e0ffcae18f285566266c063f78e1c,ADTOF_00094,86.96145124719123,UNCONSTRAINED_common_115_130_282,UNCONSTRAINED_common_115_130_276,TRIO_CONDITIONED_common_115_130_258,,
F_MIX_00634,M2,True,128.87074829931973,UNKNOWN,True,354,128.80108843537414,69.65986394558854,161.4990234374967,UNKNOWN,SOURCE_NEUTRAL_NATIVE_MARKER,NUMERICAL_MARKER_ONLY_ATTACK_UNCERTAINTY_UNQUANTIFIED,,INDETERMINATE_UNQUANTIFIED_ATTACK_AND_REFERENCE_UNCERTAINTY,POSITIVE,11.609977324263038,common_115_130,c7efaf8d2029ed140d67b7cbfff1c23fd33e0ffcae18f285566266c063f78e1c,ADTOF_00094,40.74829931971635,UNCONSTRAINED_common_115_130_282,UNCONSTRAINED_common_115_130_283,TRIO_CONDITIONED_common_115_130_260,,
F_MIX_00635,M2,True,129.20743764172335,DRUM_SUPPORTED,True,355,129.17260770975057,34.82993197278006,172.26562500000261,PROVISIONAL_QUALIFIED_EVIDENCE,SOURCE_ASSOCIATED_NATIVE_MARKER,NUMERICAL_MARKER_ONLY_ATTACK_UNCERTAINTY_UNQUANTIFIED,,INDETERMINATE_UNQUANTIFIED_ATTACK_AND_REFERENCE_UNCERTAINTY,POSITIVE,11.609977324263038,common_115_130,c7efaf8d2029ed140d67b7cbfff1c23fd33e0ffcae18f285566266c063f78e1c,ADTOF_00032,7.437641723356592,UNCONSTRAINED_common_115_130_289,UNCONSTRAINED_common_115_130_290,TRIO_CONDITIONED_common_115_130_264,,
F_MIX_00636,M2,True,129.2538775510204,UNKNOWN,True,355,129.17260770975057,81.26984126982961,172.26562500000261,UNKNOWN,SOURCE_NEUTRAL_NATIVE_MARKER,NUMERICAL_MARKER_ONLY_ATTACK_UNCERTAINTY_UNQUANTIFIED,,INDETERMINATE_UNQUANTIFIED_ATTACK_AND_REFERENCE_UNCERTAINTY,POSITIVE,11.609977324263038,common_115_130,c7efaf8d2029ed140d67b7cbfff1c23fd33e0ffcae18f285566266c063f78e1c,ADTOF_00032,53.877551020406145,UNCONSTRAINED_common_115_130_289,UNCONSTRAINED_common_115_130_290,TRIO_CONDITIONED_common_115_130_264,,
F_MIX_00637,M2,True,129.4744671201814,DRUM_SUPPORTED,True,356,129.52090702947845,-46.43990929704955,172.26562500000261,PROVISIONAL_QUALIFIED_EVIDENCE,SOURCE_ASSOCIATED_NATIVE_MARKER,NUMERICAL_MARKER_ONLY_ATTACK_UNCERTAINTY_UNQUANTIFIED,,INDETERMINATE_UNQUANTIFIED_ATTACK_AND_REFERENCE_UNCERTAINTY,NEGATIVE,11.609977324263038,common_115_130,c7efaf8d2029ed140d67b7cbfff1c23fd33e0ffcae18f285566266c063f78e1c,ADTOF_00052,24.467120181412838,UNCONSTRAINED_common_115_130_298,UNCONSTRAINED_common_115_130_292,TRIO_CONDITIONED_common_115_130_265,,
F_MIX_00638,M2,True,129.84598639455783,DRUM_SUPPORTED,True,357,129.89242630385488,-46.43990929704955,161.4990234374967,PROVISIONAL_QUALIFIED_EVIDENCE,SOURCE_ASSOCIATED_NATIVE_MARKER,NUMERICAL_MARKER_ONLY_ATTACK_UNCERTAINTY_UNQUANTIFIED,,INDETERMINATE_UNQUANTIFIED_ATTACK_AND_REFERENCE_UNCERTAINTY,NEGATIVE,11.609977324263038,common_115_130,c7efaf8d2029ed140d67b7cbfff1c23fd33e0ffcae18f285566266c063f78e1c,ADTOF_00053,25.986394557833137,UNCONSTRAINED_common_115_130_309,UNCONSTRAINED_common_115_130_310,TRIO_CONDITIONED_common_115_130_279,,
F_MIX_00639,M2,True,129.92725623582766,DRUM_SUPPORTED,True,357,129.89242630385488,34.82993197278006,172.26562500000261,PROVISIONAL_QUALIFIED_EVIDENCE,SOURCE_ASSOCIATED_NATIVE_MARKER,NUMERICAL_MARKER_ONLY_ATTACK_UNCERTAINTY_UNQUANTIFIED,,INDETERMINATE_UNQUANTIFIED_ATTACK_AND_REFERENCE_UNCERTAINTY,POSITIVE,11.609977324263038,common_115_130,c7efaf8d2029ed140d67b7cbfff1c23fd33e0ffcae18f285566266c063f78e1c,ADTOF_00053,107.25623582766275,UNCONSTRAINED_common_115_130_309,UNCONSTRAINED_common_115_130_310,TRIO_CONDITIONED_common_115_130_279,,
F_MIX_00640,M2,True,130.2871655328798,DRUM_SUPPORTED,True,358,130.24072562358276,46.43990929704955,161.4990234374967,PROVISIONAL_QUALIFIED_EVIDENCE,SOURCE_ASSOCIATED_NATIVE_MARKER,NUMERICAL_MARKER_ONLY_ATTACK_UNCERTAINTY_UNQUANTIFIED,,INDETERMINATE_UNQUANTIFIED_ATTACK_AND_REFERENCE_UNCERTAINTY,POSITIVE,11.609977324263038,NEW_008,c7efaf8d2029ed140d67b7cbfff1c23fd33e0ffcae18f285566266c063f78e1c,NEW_008_ADTOF_35_31,7.165532879810144,,,TRIO_CONDITIONED_NEW_008_237,,
F_MIX_00641,M2,True,130.5193650793651,DRUM_SUPPORTED,True,359,130.6122448979592,-92.8798185940991,161.4990234374967,PROVISIONAL_QUALIFIED_EVIDENCE,SOURCE_ASSOCIATED_NATIVE_MARKER,NUMERICAL_MARKER_ONLY_ATTACK_UNCERTAINTY_UNQUANTIFIED,,INDETERMINATE_UNQUANTIFIED_ATTACK_AND_REFERENCE_UNCERTAINTY,NEGATIVE,11.609977324263038,NEW_008,c7efaf8d2029ed140d67b7cbfff1c23fd33e0ffcae18f285566266c063f78e1c,NEW_008_ADTOF_38_15,19.365079365087468,,,TRIO_CONDITIONED_NEW_008_239,,
F_MIX_00642,M2,True,130.6354648526077,DRUM_SUPPORTED,True,359,130.6122448979592,23.219954648510566,172.26562500000261,PROVISIONAL_QUALIFIED_EVIDENCE,SOURCE_ASSOCIATED_NATIVE_MARKER,NUMERICAL_MARKER_ONLY_ATTACK_UNCERTAINTY_UNQUANTIFIED,,INDETERMINATE_UNQUANTIFIED_ATTACK_AND_REFERENCE_UNCERTAINTY,POSITIVE,11.609977324263038,NEW_008,c7efaf8d2029ed140d67b7cbfff1c23fd33e0ffcae18f285566266c063f78e1c,NEW_008_ADTOF_35_32,15.464852607692592,,,TRIO_CONDITIONED_NEW_008_241,,
F_MIX_00643,M2,True,130.89088435374148,UNKNOWN,True,360,130.96054421768707,-69.65986394558854,172.26562500000261,UNKNOWN,SOURCE_NEUTRAL_NATIVE_MARKER,NUMERICAL_MARKER_ONLY_ATTACK_UNCERTAINTY_UNQUANTIFIED,,INDETERMINATE_UNQUANTIFIED_ATTACK_AND_REFERENCE_UNCERTAINTY,NEGATIVE,11.609977324263038,NEW_008,c7efaf8d2029ed140d67b7cbfff1c23fd33e0ffcae18f285566266c063f78e1c,NEW_008_ADTOF_38_16,89.11564625850588,,,TRIO_CONDITIONED_NEW_008_242,,
F_MIX_00644,M2,True,130.9489342403628,DRUM_SUPPORTED,True,360,130.96054421768707,-11.609977324269494,172.26562500000261,PROVISIONAL_QUALIFIED_EVIDENCE,SOURCE_ASSOCIATED_NATIVE_MARKER,NUMERICAL_MARKER_ONLY_ATTACK_UNCERTAINTY_UNQUANTIFIED,,INDETERMINATE_UNQUANTIFIED_ATTACK_AND_REFERENCE_UNCERTAINTY,NEGATIVE,11.609977324263038,NEW_008,c7efaf8d2029ed140d67b7cbfff1c23fd33e0ffcae18f285566266c063f78e1c,NEW_008_ADTOF_38_16,31.06575963718683,,,TRIO_CONDITIONED_NEW_008_245,,
F_MIX_00645,M2,True,131.00698412698412,DRUM_SUPPORTED,True,360,130.96054421768707,46.43990929704955,161.4990234374967,PROVISIONAL_QUALIFIED_EVIDENCE,SOURCE_ASSOCIATED_NATIVE_MARKER,NUMERICAL_MARKER_ONLY_ATTACK_UNCERTAINTY_UNQUANTIFIED,,INDETERMINATE_UNQUANTIFIED_ATTACK_AND_REFERENCE_UNCERTAINTY,POSITIVE,11.609977324263038,NEW_008,c7efaf8d2029ed140d67b7cbfff1c23fd33e0ffcae18f285566266c063f78e1c,NEW_008_ADTOF_38_16,26.984126984132217,,,TRIO_CONDITIONED_NEW_008_245,,
F_MIX_00646,M2,True,131.2624036281179,UNKNOWN,True,361,131.3320634920635,-69.65986394558854,161.4990234374967,UNKNOWN,SOURCE_NEUTRAL_NATIVE_MARKER,NUMERICAL_MARKER_ONLY_ATTACK_UNCERTAINTY_UNQUANTIFIED,,INDETERMINATE_UNQUANTIFIED_ATTACK_AND_REFERENCE_UNCERTAINTY,NEGATIVE,11.609977324263038,NEW_008,c7efaf8d2029ed140d67b7cbfff1c23fd33e0ffcae18f285566266c063f78e1c,NEW_008_ADTOF_38_16,282.40362811791897,,,TRIO_CONDITIONED_NEW_008_252,,
F_MIX_00647,M2,True,131.3320634920635,UNKNOWN,True,361,131.3320634920635,0.0,172.26562500000261,UNKNOWN,SOURCE_NEUTRAL_NATIVE_MARKER,NUMERICAL_MARKER_ONLY_ATTACK_UNCERTAINTY_UNQUANTIFIED,,INDETERMINATE_UNQUANTIFIED_ATTACK_AND_REFERENCE_UNCERTAINTY,ZERO,11.609977324263038,NEW_008,c7efaf8d2029ed140d67b7cbfff1c23fd33e0ffcae18f285566266c063f78e1c,NEW_008_ADTOF_35_33,257.93650793650613,,,TRIO_CONDITIONED_NEW_008_252,,
F_MIX_00648,M2,True,131.59909297052155,DRUM_SUPPORTED,True,362,131.68036281179138,-81.26984126982961,172.26562500000261,PROVISIONAL_QUALIFIED_EVIDENCE,SOURCE_ASSOCIATED_NATIVE_MARKER,NUMERICAL_MARKER_ONLY_ATTACK_UNCERTAINTY_UNQUANTIFIED,,INDETERMINATE_UNQUANTIFIED_ATTACK_AND_REFERENCE_UNCERTAINTY,NEGATIVE,11.609977324263038,NEW_008,c7efaf8d2029ed140d67b7cbfff1c23fd33e0ffcae18f285566266c063f78e1c,NEW_008_ADTOF_35_33,9.092970521550114,,,TRIO_CONDITIONED_NEW_008_259,,
F_MIX_00649,M2,True,132.0867120181406,DRUM_SUPPORTED,True,363,132.0518820861678,34.82993197278006,172.26562500000261,PROVISIONAL_QUALIFIED_EVIDENCE,SOURCE_ASSOCIATED_NATIVE_MARKER,NUMERICAL_MARKER_ONLY_ATTACK_UNCERTAINTY_UNQUANTIFIED,,INDETERMINATE_UNQUANTIFIED_ATTACK_AND_REFERENCE_UNCERTAINTY,POSITIVE,11.609977324263038,NEW_008,c7efaf8d2029ed140d67b7cbfff1c23fd33e0ffcae18f285566266c063f78e1c,NEW_008_ADTOF_49_34,26.71201814058577,,,TRIO_CONDITIONED_NEW_008_263,,
F_MIX_00650,M2,True,132.31891156462586,DRUM_SUPPORTED,True,364,132.4001814058957,-81.26984126982961,172.26562500000261,PROVISIONAL_QUALIFIED_EVIDENCE,SOURCE_ASSOCIATED_NATIVE_MARKER,NUMERICAL_MARKER_ONLY_ATTACK_UNCERTAINTY_UNQUANTIFIED,,INDETERMINATE_UNQUANTIFIED_ATTACK_AND_REFERENCE_UNCERTAINTY,NEGATIVE,11.609977324263038,NEW_008,c7efaf8d2029ed140d67b7cbfff1c23fd33e0ffcae18f285566266c063f78e1c,NEW_008_ADTOF_38_17,18.91156462585286,,,TRIO_CONDITIONED_NEW_008_264,,
F_MIX_00651,M2,True,132.44662131519274,DRUM_SUPPORTED,True,364,132.4001814058957,46.43990929704955,161.4990234374967,PROVISIONAL_QUALIFIED_EVIDENCE,SOURCE_ASSOCIATED_NATIVE_MARKER,NUMERICAL_MARKER_ONLY_ATTACK_UNCERTAINTY_UNQUANTIFIED,,INDETERMINATE_UNQUANTIFIED_ATTACK_AND_REFERENCE_UNCERTAINTY,POSITIVE,11.609977324263038,NEW_008,c7efaf8d2029ed140d67b7cbfff1c23fd33e0ffcae18f285566266c063f78e1c,NEW_008_ADTOF_49_35,16.621315192736574,,,TRIO_CONDITIONED_NEW_008_271,,
F_MIX_00652,M2,True,132.69043083900226,UNKNOWN,True,365,132.77170068027212,-81.26984126985803,161.4990234374967,UNKNOWN,SOURCE_NEUTRAL_NATIVE_MARKER,NUMERICAL_MARKER_ONLY_ATTACK_UNCERTAINTY_UNQUANTIFIED,,INDETERMINATE_UNQUANTIFIED_ATTACK_AND_REFERENCE_UNCERTAINTY,NEGATIVE,11.609977324263038,NEW_008,c7efaf8d2029ed140d67b7cbfff1c23fd33e0ffcae18f285566266c063f78e1c,NEW_008_ADTOF_35_34,69.56916099773025,,,TRIO_CONDITIONED_NEW_008_278,,
F_MIX_00653,M2,True,132.78331065759636,DRUM_SUPPORTED,True,365,132.77170068027212,11.609977324241072,172.26562500000261,PROVISIONAL_QUALIFIED_EVIDENCE,SOURCE_ASSOCIATED_NATIVE_MARKER,NUMERICAL_MARKER_ONLY_ATTACK_UNCERTAINTY_UNQUANTIFIED,,INDETERMINATE_UNQUANTIFIED_ATTACK_AND_REFERENCE_UNCERTAINTY,POSITIVE,11.609977324263038,NEW_008,c7efaf8d2029ed140d67b7cbfff1c23fd33e0ffcae18f285566266c063f78e1c,NEW_008_ADTOF_35_34,23.310657596368856,,,TRIO_CONDITIONED_NEW_008_280,,
F_MIX_00654,M2,True,133.05034013605442,UNKNOWN,True,366,133.12,-69.65986394558854,172.26562500000261,UNKNOWN,SOURCE_NEUTRAL_NATIVE_MARKER,NUMERICAL_MARKER_ONLY_ATTACK_UNCERTAINTY_UNQUANTIFIED,,INDETERMINATE_UNQUANTIFIED_ATTACK_AND_REFERENCE_UNCERTAINTY,NEGATIVE,11.609977324263038,NEW_008,c7efaf8d2029ed140d67b7cbfff1c23fd33e0ffcae18f285566266c063f78e1c,NEW_008_ADTOF_35_35,69.65986394558854,,,TRIO_CONDITIONED_NEW_008_288,,
F_MIX_00655,M2,True,133.4334693877551,UNKNOWN,True,367,133.49151927437643,-58.04988662131905,161.4990234374967,UNKNOWN,SOURCE_NEUTRAL_NATIVE_MARKER,NUMERICAL_MARKER_ONLY_ATTACK_UNCERTAINTY_UNQUANTIFIED,,INDETERMINATE_UNQUANTIFIED_ATTACK_AND_REFERENCE_UNCERTAINTY,NEGATIVE,11.609977324263038,NEW_008,c7efaf8d2029ed140d67b7cbfff1c23fd33e0ffcae18f285566266c063f78e1c,NEW_008_ADTOF_49_38,56.53061224489875,,,TRIO_CONDITIONED_NEW_008_293,BASS_00267,
F_MIX_00656,M2,True,133.51473922902494,DRUM_SUPPORTED,True,367,133.49151927437643,23.219954648510566,172.26562500000261,PROVISIONAL_QUALIFIED_EVIDENCE,SOURCE_ASSOCIATED_NATIVE_MARKER,NUMERICAL_MARKER_ONLY_ATTACK_UNCERTAINTY_UNQUANTIFIED,,INDETERMINATE_UNQUANTIFIED_ATTACK_AND_REFERENCE_UNCERTAINTY,POSITIVE,11.609977324263038,NEW_008,c7efaf8d2029ed140d67b7cbfff1c23fd33e0ffcae18f285566266c063f78e1c,NEW_008_ADTOF_49_38,24.739229024930864,,,TRIO_CONDITIONED_NEW_008_293,,
F_MIX_00657,M2,True,133.781768707483,UNKNOWN,True,368,133.83981859410432,-58.04988662131905,172.26562500000261,UNKNOWN,SOURCE_NEUTRAL_NATIVE_MARKER,NUMERICAL_MARKER_ONLY_ATTACK_UNCERTAINTY_UNQUANTIFIED,,INDETERMINATE_UNQUANTIFIED_ATTACK_AND_REFERENCE_UNCERTAINTY,NEGATIVE,11.609977324263038,NEW_008,c7efaf8d2029ed140d67b7cbfff1c23fd33e0ffcae18f285566266c063f78e1c,NEW_008_ADTOF_38_18,58.231292517007205,,,TRIO_CONDITIONED_NEW_008_303,,
F_MIX_00658,M2,True,133.86303854875283,DRUM_SUPPORTED,True,368,133.83981859410432,23.219954648510566,161.49902343750904,PROVISIONAL_QUALIFIED_EVIDENCE,SOURCE_ASSOCIATED_NATIVE_MARKER,NUMERICAL_MARKER_ONLY_ATTACK_UNCERTAINTY_UNQUANTIFIED,,INDETERMINATE_UNQUANTIFIED_ATTACK_AND_REFERENCE_UNCERTAINTY,POSITIVE,11.609977324263038,NEW_008,c7efaf8d2029ed140d67b7cbfff1c23fd33e0ffcae18f285566266c063f78e1c,NEW_008_ADTOF_38_18,23.038548752822408,,,TRIO_CONDITIONED_NEW_008_303,BASS_00268,
F_MIX_00659,M2,True,134.14167800453515,UNKNOWN,True,369,134.2113378684807,-69.65986394556012,161.49902343750904,UNKNOWN,SOURCE_NEUTRAL_NATIVE_MARKER,NUMERICAL_MARKER_ONLY_ATTACK_UNCERTAINTY_UNQUANTIFIED,,INDETERMINATE_UNQUANTIFIED_ATTACK_AND_REFERENCE_UNCERTAINTY,NEGATIVE,11.609977324263038,NEW_008,c7efaf8d2029ed140d67b7cbfff1c23fd33e0ffcae18f285566266c063f78e1c,NEW_008_ADTOF_35_36,58.32199546483707,,,TRIO_CONDITIONED_NEW_008_312,,
F_MIX_00660,M2,True,134.22294784580498,DRUM_SUPPORTED,True,369,134.2113378684807,11.609977324269494,172.26562499998857,PROVISIONAL_QUALIFIED_EVIDENCE,SOURCE_ASSOCIATED_NATIVE_MARKER,NUMERICAL_MARKER_ONLY_ATTACK_UNCERTAINTY_UNQUANTIFIED,,INDETERMINATE_UNQUANTIFIED_ATTACK_AND_REFERENCE_UNCERTAINTY,POSITIVE,11.609977324263038,NEW_008,c7efaf8d2029ed140d67b7cbfff1c23fd33e0ffcae18f285566266c063f78e1c,NEW_008_ADTOF_35_36,22.94784580499254,,,TRIO_CONDITIONED_NEW_008_312,BASS_00269,
F_MIX_00661,M2,True,134.47836734693877,UNKNOWN,True,370,134.55963718820863,-81.26984126985803,172.26562499998857,UNKNOWN,SOURCE_NEUTRAL_NATIVE_MARKER,NUMERICAL_MARKER_ONLY_ATTACK_UNCERTAINTY_UNQUANTIFIED,,INDETERMINATE_UNQUANTIFIED_ATTACK_AND_REFERENCE_UNCERTAINTY,NEGATIVE,11.609977324263038,NEW_008,c7efaf8d2029ed140d67b7cbfff1c23fd33e0ffcae18f285566266c063f78e1c,NEW_008_ADTOF_49_41,71.63265306124345,,,TRIO_CONDITIONED_NEW_008_314,BASS_00270,
F_MIX_00662,M2,True,134.93115646258502,DRUM_SUPPORTED,True,371,134.93115646258502,0.0,172.26562499998857,PROVISIONAL_QUALIFIED_EVIDENCE,SOURCE_ASSOCIATED_NATIVE_MARKER,NUMERICAL_MARKER_ONLY_ATTACK_UNCERTAINTY_UNQUANTIFIED,,INDETERMINATE_UNQUANTIFIED_ATTACK_AND_REFERENCE_UNCERTAINTY,ZERO,11.609977324263038,NEW_008,c7efaf8d2029ed140d67b7cbfff1c23fd33e0ffcae18f285566266c063f78e1c,NEW_008_ADTOF_38_19,11.156462585034888,,,TRIO_CONDITIONED_NEW_008_323,BASS_00271,
F_MIX_00663,M2,True,135.30267573696145,DRUM_SUPPORTED,True,372,135.27945578231294,23.219954648510566,161.49902343750904,PROVISIONAL_QUALIFIED_EVIDENCE,SOURCE_ASSOCIATED_NATIVE_MARKER,NUMERICAL_MARKER_ONLY_ATTACK_UNCERTAINTY_UNQUANTIFIED,,INDETERMINATE_UNQUANTIFIED_ATTACK_AND_REFERENCE_UNCERTAINTY,POSITIVE,11.609977324263038,NEW_009,c7efaf8d2029ed140d67b7cbfff1c23fd33e0ffcae18f285566266c063f78e1c,NEW_009_ADTOF_49_1,22.67573696144609,,UNCONSTRAINED_NEW_009_161,TRIO_CONDITIONED_NEW_009_13,,
F_MIX_00664,M2,True,135.6625850340136,DRUM_SUPPORTED,True,373,135.65097505668933,11.609977324269494,172.26562499998857,PROVISIONAL_QUALIFIED_EVIDENCE,SOURCE_ASSOCIATED_NATIVE_MARKER,NUMERICAL_MARKER_ONLY_ATTACK_UNCERTAINTY_UNQUANTIFIED,,INDETERMINATE_UNQUANTIFIED_ATTACK_AND_REFERENCE_UNCERTAINTY,POSITIVE,11.609977324263038,NEW_009,c7efaf8d2029ed140d67b7cbfff1c23fd33e0ffcae18f285566266c063f78e1c,NEW_009_ADTOF_38_1,12.585034013596896,,UNCONSTRAINED_NEW_009_161,TRIO_CONDITIONED_NEW_009_20,,
F_MIX_00665,M2,True,136.0108843537415,DRUM_SUPPORTED,True,374,135.99927437641725,11.609977324241072,161.49902343750904,PROVISIONAL_QUALIFIED_EVIDENCE,SOURCE_ASSOCIATED_NATIVE_MARKER,NUMERICAL_MARKER_ONLY_ATTACK_UNCERTAINTY_UNQUANTIFIED,,INDETERMINATE_UNQUANTIFIED_ATTACK_AND_REFERENCE_UNCERTAINTY,POSITIVE,11.609977324263038,NEW_009,c7efaf8d2029ed140d67b7cbfff1c23fd33e0ffcae18f285566266c063f78e1c,NEW_009_ADTOF_35_0,10.88435374148844,,UNCONSTRAINED_NEW_009_161,TRIO_CONDITIONED_NEW_009_28,,
F_MIX_00666,M2,True,136.35918367346937,DRUM_SUPPORTED,True,375,136.37079365079364,-11.609977324269494,161.49902343750904,PROVISIONAL_QUALIFIED_EVIDENCE,SOURCE_ASSOCIATED_NATIVE_MARKER,NUMERICAL_MARKER_ONLY_ATTACK_UNCERTAINTY_UNQUANTIFIED,,INDETERMINATE_UNQUANTIFIED_ATTACK_AND_REFERENCE_UNCERTAINTY,NEGATIVE,11.609977324263038,NEW_009,c7efaf8d2029ed140d67b7cbfff1c23fd33e0ffcae18f285566266c063f78e1c,NEW_009_ADTOF_49_4,0.8163265306393441,,UNCONSTRAINED_NEW_009_161,TRIO_CONDITIONED_NEW_009_34,,
F_MIX_00667,M2,True,136.39401360544218,DRUM_SUPPORTED,True,375,136.37079365079364,23.219954648538987,172.26562500000261,PROVISIONAL_QUALIFIED_EVIDENCE,SOURCE_ASSOCIATED_NATIVE_MARKER,NUMERICAL_MARKER_ONLY_ATTACK_UNCERTAINTY_UNQUANTIFIED,,INDETERMINATE_UNQUANTIFIED_ATTACK_AND_REFERENCE_UNCERTAINTY,POSITIVE,11.609977324263038,NEW_009,c7efaf8d2029ed140d67b7cbfff1c23fd33e0ffcae18f285566266c063f78e1c,NEW_009_ADTOF_38_2,24.013605442178232,,UNCONSTRAINED_NEW_009_161,TRIO_CONDITIONED_NEW_009_34,,
F_MIX_00668,M2,True,136.74231292517007,DRUM_SUPPORTED,True,376,136.71909297052153,23.219954648538987,161.4990234374967,PROVISIONAL_QUALIFIED_EVIDENCE,SOURCE_ASSOCIATED_NATIVE_MARKER,NUMERICAL_MARKER_ONLY_ATTACK_UNCERTAINTY_UNQUANTIFIED,,INDETERMINATE_UNQUANTIFIED_ATTACK_AND_REFERENCE_UNCERTAINTY,POSITIVE,11.609977324263038,NEW_009,c7efaf8d2029ed140d67b7cbfff1c23fd33e0ffcae18f285566266c063f78e1c,NEW_009_ADTOF_35_1,12.31292517007887,,UNCONSTRAINED_NEW_009_161,TRIO_CONDITIONED_NEW_009_39,,
F_MIX_00669,M2,True,137.00934240362812,UNKNOWN,True,377,137.09061224489795,-81.26984126982961,161.4990234374967,UNKNOWN,SOURCE_NEUTRAL_NATIVE_MARKER,NUMERICAL_MARKER_ONLY_ATTACK_UNCERTAINTY_UNQUANTIFIED,,INDETERMINATE_UNQUANTIFIED_ATTACK_AND_REFERENCE_UNCERTAINTY,NEGATIVE,11.609977324263038,NEW_009,c7efaf8d2029ed140d67b7cbfff1c23fd33e0ffcae18f285566266c063f78e1c,NEW_009_ADTOF_38_3,80.65759637187853,,UNCONSTRAINED_NEW_009_161,TRIO_CONDITIONED_NEW_009_43,,
F_MIX_00670,M2,True,137.1138321995465,DRUM_SUPPORTED,True,377,137.09061224489795,23.219954648538987,172.26562500000261,PROVISIONAL_QUALIFIED_EVIDENCE,SOURCE_ASSOCIATED_NATIVE_MARKER,NUMERICAL_MARKER_ONLY_ATTACK_UNCERTAINTY_UNQUANTIFIED,,INDETERMINATE_UNQUANTIFIED_ATTACK_AND_REFERENCE_UNCERTAINTY,POSITIVE,11.609977324263038,NEW_009,c7efaf8d2029ed140d67b7cbfff1c23fd33e0ffcae18f285566266c063f78e1c,NEW_009_ADTOF_38_3,23.832199546490074,,UNCONSTRAINED_NEW_009_161,TRIO_CONDITIONED_NEW_009_46,,
F_MIX_00671,M2,True,137.36925170068028,DRUM_SUPPORTED,True,378,137.43891156462584,-69.65986394556012,172.26562500000261,PROVISIONAL_QUALIFIED_EVIDENCE,SOURCE_ASSOCIATED_NATIVE_MARKER,NUMERICAL_MARKER_ONLY_ATTACK_UNCERTAINTY_UNQUANTIFIED,,INDETERMINATE_UNQUANTIFIED_ATTACK_AND_REFERENCE_UNCERTAINTY,NEGATIVE,11.609977324263038,NEW_009,c7efaf8d2029ed140d67b7cbfff1c23fd33e0ffcae18f285566266c063f78e1c,NEW_009_ADTOF_38_4,19.25170068028592,,UNCONSTRAINED_NEW_009_161,TRIO_CONDITIONED_NEW_009_47,,
F_MIX_00672,M2,True,137.47374149659865,DRUM_SUPPORTED,True,378,137.43891156462584,34.82993197280848,161.4990234374967,PROVISIONAL_QUALIFIED_EVIDENCE,SOURCE_ASSOCIATED_NATIVE_MARKER,NUMERICAL_MARKER_ONLY_ATTACK_UNCERTAINTY_UNQUANTIFIED,,INDETERMINATE_UNQUANTIFIED_ATTACK_AND_REFERENCE_UNCERTAINTY,POSITIVE,11.609977324263038,NEW_009,c7efaf8d2029ed140d67b7cbfff1c23fd33e0ffcae18f285566266c063f78e1c,NEW_009_ADTOF_49_7,23.741496598660206,,UNCONSTRAINED_NEW_009_161,TRIO_CONDITIONED_NEW_009_50,BASS_00272,
F_MIX_00673,M2,True,137.75238095238095,UNKNOWN,True,379,137.81043083900227,-58.04988662131905,161.4990234374967,UNKNOWN,SOURCE_NEUTRAL_NATIVE_MARKER,NUMERICAL_MARKER_ONLY_ATTACK_UNCERTAINTY_UNQUANTIFIED,,INDETERMINATE_UNQUANTIFIED_ATTACK_AND_REFERENCE_UNCERTAINTY,NEGATIVE,11.609977324263038,NEW_009,c7efaf8d2029ed140d67b7cbfff1c23fd33e0ffcae18f285566266c063f78e1c,NEW_009_ADTOF_35_2,67.61904761904702,,UNCONSTRAINED_NEW_009_161,TRIO_CONDITIONED_NEW_009_56,,
F_MIX_00674,M2,True,137.82204081632653,DRUM_SUPPORTED,True,379,137.81043083900227,11.609977324269494,172.26562500000261,PROVISIONAL_QUALIFIED_EVIDENCE,SOURCE_ASSOCIATED_NATIVE_MARKER,NUMERICAL_MARKER_ONLY_ATTACK_UNCERTAINTY_UNQUANTIFIED,,INDETERMINATE_UNQUANTIFIED_ATTACK_AND_REFERENCE_UNCERTAINTY,POSITIVE,11.609977324263038,NEW_009,c7efaf8d2029ed140d67b7cbfff1c23fd33e0ffcae18f285566266c063f78e1c,NEW_009_ADTOF_35_2,2.040816326541517,,UNCONSTRAINED_NEW_009_161,TRIO_CONDITIONED_NEW_009_56,BASS_00274,
F_MIX_00675,M2,True,138.10068027210883,DRUM_SUPPORTED,True,380,138.15873015873015,-58.04988662131905,172.26562500000261,PROVISIONAL_QUALIFIED_EVIDENCE,SOURCE_ASSOCIATED_NATIVE_MARKER,NUMERICAL_MARKER_ONLY_ATTACK_UNCERTAINTY_UNQUANTIFIED,,INDETERMINATE_UNQUANTIFIED_ATTACK_AND_REFERENCE_UNCERTAINTY,NEGATIVE,11.609977324263038,NEW_009,c7efaf8d2029ed140d67b7cbfff1c23fd33e0ffcae18f285566266c063f78e1c,NEW_009_ADTOF_49_9,20.68027210881951,,UNCONSTRAINED_NEW_009_161,TRIO_CONDITIONED_NEW_009_58,,
F_MIX_00676,M2,True,138.54185941043085,DRUM_SUPPORTED,True,381,138.50702947845804,34.82993197280848,161.4990234374967,PROVISIONAL_QUALIFIED_EVIDENCE,SOURCE_ASSOCIATED_NATIVE_MARKER,NUMERICAL_MARKER_ONLY_ATTACK_UNCERTAINTY_UNQUANTIFIED,,INDETERMINATE_UNQUANTIFIED_ATTACK_AND_REFERENCE_UNCERTAINTY,POSITIVE,11.609977324263038,NEW_009,c7efaf8d2029ed140d67b7cbfff1c23fd33e0ffcae18f285566266c063f78e1c,NEW_009_ADTOF_35_3,11.859410430844264,,UNCONSTRAINED_NEW_009_161,TRIO_CONDITIONED_NEW_009_67,BASS_00275,
F_MIX_00677,M2,True,138.79727891156463,DRUM_SUPPORTED,True,382,138.87854875283446,-81.26984126982961,161.4990234374967,PROVISIONAL_QUALIFIED_EVIDENCE,SOURCE_ASSOCIATED_NATIVE_MARKER,NUMERICAL_MARKER_ONLY_ATTACK_UNCERTAINTY_UNQUANTIFIED,,INDETERMINATE_UNQUANTIFIED_ATTACK_AND_REFERENCE_UNCERTAINTY,NEGATIVE,11.609977324263038,NEW_009,c7efaf8d2029ed140d67b7cbfff1c23fd33e0ffcae18f285566266c063f78e1c,NEW_009_ADTOF_38_5,17.278911564631017,,UNCONSTRAINED_NEW_009_161,TRIO_CONDITIONED_NEW_009_72,BASS_00276,
F_MIX_00678,M2,True,139.16879818594106,DRUM_SUPPORTED,True,383,139.22684807256235,-58.049886621290625,172.26562500000261,PROVISIONAL_QUALIFIED_EVIDENCE,SOURCE_ASSOCIATED_NATIVE_MARKER,NUMERICAL_MARKER_ONLY_ATTACK_UNCERTAINTY_UNQUANTIFIED,,INDETERMINATE_UNQUANTIFIED_ATTACK_AND_REFERENCE_UNCERTAINTY,NEGATIVE,11.609977324263038,NEW_009,c7efaf8d2029ed140d67b7cbfff1c23fd33e0ffcae18f285566266c063f78e1c,NEW_009_ADTOF_49_12,28.798185941070642,,UNCONSTRAINED_NEW_009_161,TRIO_CONDITIONED_NEW_009_83,,
F_MIX_00679,M2,True,139.26167800453516,DRUM_SUPPORTED,True,383,139.22684807256235,34.82993197280848,161.4990234374967,PROVISIONAL_QUALIFIED_EVIDENCE,SOURCE_ASSOCIATED_NATIVE_MARKER,NUMERICAL_MARKER_ONLY_ATTACK_UNCERTAINTY_UNQUANTIFIED,,INDETERMINATE_UNQUANTIFIED_ATTACK_AND_REFERENCE_UNCERTAINTY,POSITIVE,11.609977324263038,NEW_009,c7efaf8d2029ed140d67b7cbfff1c23fd33e0ffcae18f285566266c063f78e1c,NEW_009_ADTOF_35_4,11.678004535156106,,UNCONSTRAINED_NEW_009_161,TRIO_CONDITIONED_NEW_009_89,,
F_MIX_00680,M2,True,139.51709750566894,UNKNOWN,True,384,139.59836734693877,-81.26984126982961,161.4990234374967,UNKNOWN,SOURCE_NEUTRAL_NATIVE_MARKER,NUMERICAL_MARKER_ONLY_ATTACK_UNCERTAINTY_UNQUANTIFIED,,INDETERMINATE_UNQUANTIFIED_ATTACK_AND_REFERENCE_UNCERTAINTY,NEGATIVE,11.609977324263038,NEW_009,c7efaf8d2029ed140d67b7cbfff1c23fd33e0ffcae18f285566266c063f78e1c,NEW_009_ADTOF_38_6,37.09750566895309,,UNCONSTRAINED_NEW_009_161,TRIO_CONDITIONED_NEW_009_96,,
F_MIX_00681,M2,True,139.6215873015873,DRUM_SUPPORTED,True,384,139.59836734693877,23.219954648538987,172.26562500000261,PROVISIONAL_QUALIFIED_EVIDENCE,SOURCE_ASSOCIATED_NATIVE_MARKER,NUMERICAL_MARKER_ONLY_ATTACK_UNCERTAINTY_UNQUANTIFIED,,INDETERMINATE_UNQUANTIFIED_ATTACK_AND_REFERENCE_UNCERTAINTY,POSITIVE,11.609977324263038,NEW_009,c7efaf8d2029ed140d67b7cbfff1c23fd33e0ffcae18f285566266c063f78e1c,NEW_009_ADTOF_35_5,21.587301587317143,,UNCONSTRAINED_NEW_009_161,TRIO_CONDITIONED_NEW_009_96,BASS_00277,
F_MIX_00682,M2,True,139.88861678004534,UNKNOWN,True,385,139.94666666666666,-58.04988662131905,172.26562500000261,UNKNOWN,SOURCE_NEUTRAL_NATIVE_MARKER,NUMERICAL_MARKER_ONLY_ATTACK_UNCERTAINTY_UNQUANTIFIED,,INDETERMINATE_UNQUANTIFIED_ATTACK_AND_REFERENCE_UNCERTAINTY,NEGATIVE,11.609977324263038,NEW_009,c7efaf8d2029ed140d67b7cbfff1c23fd33e0ffcae18f285566266c063f78e1c,NEW_009_ADTOF_38_7,38.61678004534497,,UNCONSTRAINED_NEW_009_161,TRIO_CONDITIONED_NEW_009_98,,
F_MIX_00683,M2,True,139.9698866213152,DRUM_SUPPORTED,True,385,139.94666666666666,23.219954648538987,161.4990234374967,PROVISIONAL_QUALIFIED_EVIDENCE,SOURCE_ASSOCIATED_NATIVE_MARKER,NUMERICAL_MARKER_ONLY_ATTACK_UNCERTAINTY_UNQUANTIFIED,,INDETERMINATE_UNQUANTIFIED_ATTACK_AND_REFERENCE_UNCERTAINTY,POSITIVE,11.609977324263038,NEW_009,c7efaf8d2029ed140d67b7cbfff1c23fd33e0ffcae18f285566266c063f78e1c,NEW_009_ADTOF_38_8,9.886621315189359,,UNCONSTRAINED_NEW_009_161,TRIO_CONDITIONED_NEW_009_101,,
F_MIX_00684,M2,True,140.21369614512471,DRUM_SUPPORTED,True,386,140.31818594104308,-104.4897959183686,161.4990234374967,PROVISIONAL_QUALIFIED_EVIDENCE,SOURCE_ASSOCIATED_NATIVE_MARKER,NUMERICAL_MARKER_ONLY_ATTACK_UNCERTAINTY_UNQUANTIFIED,,INDETERMINATE_UNQUANTIFIED_ATTACK_AND_REFERENCE_UNCERTAINTY,NEGATIVE,11.609977324263038,NEW_009,c7efaf8d2029ed140d67b7cbfff1c23fd33e0ffcae18f285566266c063f78e1c,NEW_009_ADTOF_35_6,13.696145124725945,,UNCONSTRAINED_NEW_009_161,TRIO_CONDITIONED_NEW_009_106,BASS_00278,
F_MIX_00685,M2,True,140.5968253968254,UNKNOWN,True,387,140.6897052154195,-92.8798185940991,161.4990234374967,UNKNOWN,SOURCE_NEUTRAL_NATIVE_MARKER,NUMERICAL_MARKER_ONLY_ATTACK_UNCERTAINTY_UNQUANTIFIED,,INDETERMINATE_UNQUANTIFIED_ATTACK_AND_REFERENCE_UNCERTAINTY,NEGATIVE,11.609977324263038,NEW_009,c7efaf8d2029ed140d67b7cbfff1c23fd33e0ffcae18f285566266c063f78e1c,NEW_009_ADTOF_49_17,93.17460317458881,,UNCONSTRAINED_NEW_009_161,TRIO_CONDITIONED_NEW_009_114,,
F_MIX_00686,M2,True,140.70131519274378,DRUM_SUPPORTED,True,387,140.6897052154195,11.609977324269494,172.26562500000261,PROVISIONAL_QUALIFIED_EVIDENCE,SOURCE_ASSOCIATED_NATIVE_MARKER,NUMERICAL_MARKER_ONLY_ATTACK_UNCERTAINTY_UNQUANTIFIED,,INDETERMINATE_UNQUANTIFIED_ATTACK_AND_REFERENCE_UNCERTAINTY,POSITIVE,11.609977324263038,NEW_009,c7efaf8d2029ed140d67b7cbfff1c23fd33e0ffcae18f285566266c063f78e1c,NEW_009_ADTOF_49_17,11.31519274377979,,UNCONSTRAINED_NEW_009_161,TRIO_CONDITIONED_NEW_009_114,BASS_00281,
F_MIX_00687,M3,True,141.0612244897959,DRUM_SUPPORTED,True,388,141.0380045351474,23.219954648510566,161.4990234374967,PROVISIONAL_QUALIFIED_EVIDENCE,SOURCE_ASSOCIATED_NATIVE_MARKER,NUMERICAL_MARKER_ONLY_ATTACK_UNCERTAINTY_UNQUANTIFIED,,INDETERMINATE_UNQUANTIFIED_ATTACK_AND_REFERENCE_UNCERTAINTY,POSITIVE,11.609977324263038,NEW_009,c7efaf8d2029ed140d67b7cbfff1c23fd33e0ffcae18f285566266c063f78e1c,NEW_009_ADTOF_35_7,21.224489795912405,,UNCONSTRAINED_NEW_009_161,TRIO_CONDITIONED_NEW_009_119,BASS_00282,
F_MIX_00688,M3,True,141.3514739229025,UNKNOWN,True,389,141.40952380952382,-58.04988662131905,161.4990234374967,UNKNOWN,SOURCE_NEUTRAL_NATIVE_MARKER,NUMERICAL_MARKER_ONLY_ATTACK_UNCERTAINTY_UNQUANTIFIED,,INDETERMINATE_UNQUANTIFIED_ATTACK_AND_REFERENCE_UNCERTAINTY,NEGATIVE,11.609977324263038,NEW_009,c7efaf8d2029ed140d67b7cbfff1c23fd33e0ffcae18f285566266c063f78e1c,NEW_009_ADTOF_38_9,48.526077097506004,,UNCONSTRAINED_NEW_009_161,TRIO_CONDITIONED_NEW_009_123,,
F_MIX_00689,M3,True,141.42113378684806,DRUM_SUPPORTED,True,389,141.40952380952382,11.609977324241072,161.49902343750904,PROVISIONAL_QUALIFIED_EVIDENCE,SOURCE_ASSOCIATED_NATIVE_MARKER,NUMERICAL_MARKER_ONLY_ATTACK_UNCERTAINTY_UNQUANTIFIED,,INDETERMINATE_UNQUANTIFIED_ATTACK_AND_REFERENCE_UNCERTAINTY,POSITIVE,11.609977324263038,NEW_009,c7efaf8d2029ed140d67b7cbfff1c23fd33e0ffcae18f285566266c063f78e1c,NEW_009_ADTOF_38_9,21.133786848054115,,UNCONSTRAINED_NEW_009_161,TRIO_CONDITIONED_NEW_009_123,BASS_00284,
F_MIX_00690,M3,True,141.71138321995466,UNKNOWN,True,390,141.78104308390022,-69.65986394556012,161.49902343750904,UNKNOWN,SOURCE_NEUTRAL_NATIVE_MARKER,NUMERICAL_MARKER_ONLY_ATTACK_UNCERTAINTY_UNQUANTIFIED,,INDETERMINATE_UNQUANTIFIED_ATTACK_AND_REFERENCE_UNCERTAINTY,NEGATIVE,11.609977324263038,NEW_009,c7efaf8d2029ed140d67b7cbfff1c23fd33e0ffcae18f285566266c063f78e1c,NEW_009_ADTOF_35_8,58.6167800453552,,UNCONSTRAINED_NEW_009_161,TRIO_CONDITIONED_NEW_009_129,,
F_MIX_00691,M3,True,141.79265306122448,DRUM_SUPPORTED,True,390,141.78104308390022,11.609977324269494,172.26562499998857,PROVISIONAL_QUALIFIED_EVIDENCE,SOURCE_ASSOCIATED_NATIVE_MARKER,NUMERICAL_MARKER_ONLY_ATTACK_UNCERTAINTY_UNQUANTIFIED,,INDETERMINATE_UNQUANTIFIED_ATTACK_AND_REFERENCE_UNCERTAINTY,POSITIVE,11.609977324263038,NEW_009,c7efaf8d2029ed140d67b7cbfff1c23fd33e0ffcae18f285566266c063f78e1c,NEW_009_ADTOF_35_8,22.653061224474413,,UNCONSTRAINED_NEW_009_161,TRIO_CONDITIONED_NEW_009_129,BASS_00285,
F_MIX_00692,M3,True,142.12934240362813,DRUM_SUPPORTED,True,391,142.12934240362813,0.0,161.49902343750904,PROVISIONAL_QUALIFIED_EVIDENCE,SOURCE_ASSOCIATED_NATIVE_MARKER,NUMERICAL_MARKER_ONLY_ATTACK_UNCERTAINTY_UNQUANTIFIED,,INDETERMINATE_UNQUANTIFIED_ATTACK_AND_REFERENCE_UNCERTAINTY,ZERO,11.609977324263038,NEW_009,c7efaf8d2029ed140d67b7cbfff1c23fd33e0ffcae18f285566266c063f78e1c,NEW_009_ADTOF_38_10,10.657596371856926,,UNCONSTRAINED_NEW_009_161,TRIO_CONDITIONED_NEW_009_134,BASS_00286,
F_MIX_00693,M3,True,142.1641723356009,DRUM_SUPPORTED,True,391,142.12934240362813,34.82993197278006,161.49902343750904,PROVISIONAL_QUALIFIED_EVIDENCE,SOURCE_ASSOCIATED_NATIVE_MARKER,NUMERICAL_MARKER_ONLY_ATTACK_UNCERTAINTY_UNQUANTIFIED,,INDETERMINATE_UNQUANTIFIED_ATTACK_AND_REFERENCE_UNCERTAINTY,POSITIVE,11.609977324263038,NEW_009,c7efaf8d2029ed140d67b7cbfff1c23fd33e0ffcae18f285566266c063f78e1c,NEW_009_ADTOF_38_10,24.172335600923134,,UNCONSTRAINED_NEW_009_161,TRIO_CONDITIONED_NEW_009_134,,
F_MIX_00694,M3,True,142.4428117913832,DRUM_SUPPORTED,True,392,142.50086167800453,-58.04988662131905,161.49902343750904,PROVISIONAL_QUALIFIED_EVIDENCE,SOURCE_ASSOCIATED_NATIVE_MARKER,NUMERICAL_MARKER_ONLY_ATTACK_UNCERTAINTY_UNQUANTIFIED,,INDETERMINATE_UNQUANTIFIED_ATTACK_AND_REFERENCE_UNCERTAINTY,NEGATIVE,11.609977324263038,NEW_009,c7efaf8d2029ed140d67b7cbfff1c23fd33e0ffcae18f285566266c063f78e1c,NEW_009_ADTOF_49_22,22.811791383219315,,UNCONSTRAINED_NEW_009_161,TRIO_CONDITIONED_NEW_009_140,BASS_00287,
F_MIX_00695,M3,True,142.86077097505668,DRUM_SUPPORTED,True,393,142.87238095238095,-11.609977324269494,161.4990234374967,PROVISIONAL_QUALIFIED_EVIDENCE,SOURCE_ASSOCIATED_NATIVE_MARKER,NUMERICAL_MARKER_ONLY_ATTACK_UNCERTAINTY_UNQUANTIFIED,,INDETERMINATE_UNQUANTIFIED_ATTACK_AND_REFERENCE_UNCERTAINTY,NEGATIVE,11.609977324263038,NEW_009,c7efaf8d2029ed140d67b7cbfff1c23fd33e0ffcae18f285566266c063f78e1c,NEW_009_ADTOF_38_11,0.7709750566675666,,UNCONSTRAINED_NEW_009_161,TRIO_CONDITIONED_NEW_009_145,BASS_00288,
F_MIX_00696,M3,True,143.16263038548752,UNKNOWN,True,394,143.22068027210884,-58.04988662131905,172.26562500000261,UNKNOWN,SOURCE_NEUTRAL_NATIVE_MARKER,NUMERICAL_MARKER_ONLY_ATTACK_UNCERTAINTY_UNQUANTIFIED,,INDETERMINATE_UNQUANTIFIED_ATTACK_AND_REFERENCE_UNCERTAINTY,NEGATIVE,11.609977324263038,NEW_009,c7efaf8d2029ed140d67b7cbfff1c23fd33e0ffcae18f285566266c063f78e1c,NEW_009_ADTOF_49_24,57.36961451248135,,UNCONSTRAINED_NEW_009_161,TRIO_CONDITIONED_NEW_009_149,,
F_MIX_00697,M3,True,143.2322902494331,DRUM_SUPPORTED,True,394,143.22068027210884,11.609977324269494,161.4990234374967,PROVISIONAL_QUALIFIED_EVIDENCE,SOURCE_ASSOCIATED_NATIVE_MARKER,NUMERICAL_MARKER_ONLY_ATTACK_UNCERTAINTY_UNQUANTIFIED,,INDETERMINATE_UNQUANTIFIED_ATTACK_AND_REFERENCE_UNCERTAINTY,POSITIVE,11.609977324263038,NEW_009,c7efaf8d2029ed140d67b7cbfff1c23fd33e0ffcae18f285566266c063f78e1c,NEW_009_ADTOF_49_24,12.290249433107192,,UNCONSTRAINED_NEW_009_161,TRIO_CONDITIONED_NEW_009_149,BASS_00289,
F_MIX_00698,M3,True,143.51092970521543,UNKNOWN,True,395,143.59219954648526,-81.26984126982961,161.4990234374967,UNKNOWN,SOURCE_NEUTRAL_NATIVE_MARKER,NUMERICAL_MARKER_ONLY_ATTACK_UNCERTAINTY_UNQUANTIFIED,,INDETERMINATE_UNQUANTIFIED_ATTACK_AND_REFERENCE_UNCERTAINTY,NEGATIVE,11.609977324263038,NEW_009,c7efaf8d2029ed140d67b7cbfff1c23fd33e0ffcae18f285566266c063f78e1c,NEW_009_ADTOF_35_10,79.07029478457162,,UNCONSTRAINED_NEW_009_161,TRIO_CONDITIONED_NEW_009_155,,
F_MIX_00699,M3,True,143.60380952380953,DRUM_SUPPORTED,True,395,143.59219954648526,11.609977324269494,172.26562500000261,PROVISIONAL_QUALIFIED_EVIDENCE,SOURCE_ASSOCIATED_NATIVE_MARKER,NUMERICAL_MARKER_ONLY_ATTACK_UNCERTAINTY_UNQUANTIFIED,,INDETERMINATE_UNQUANTIFIED_ATTACK_AND_REFERENCE_UNCERTAINTY,POSITIVE,11.609977324263038,NEW_009,c7efaf8d2029ed140d67b7cbfff1c23fd33e0ffcae18f285566266c063f78e1c,NEW_009_ADTOF_35_10,13.80952380952749,,UNCONSTRAINED_NEW_009_161,TRIO_CONDITIONED_NEW_009_155,BASS_00290,
F_MIX_00700,M3,True,143.9637188208617,DRUM_SUPPORTED,True,396,143.94049886621315,23.219954648538987,172.26562500000261,PROVISIONAL_QUALIFIED_EVIDENCE,SOURCE_ASSOCIATED_NATIVE_MARKER,NUMERICAL_MARKER_ONLY_ATTACK_UNCERTAINTY_UNQUANTIFIED,,INDETERMINATE_UNQUANTIFIED_ATTACK_AND_REFERENCE_UNCERTAINTY,POSITIVE,11.609977324263038,NEW_009,c7efaf8d2029ed140d67b7cbfff1c23fd33e0ffcae18f285566266c063f78e1c,NEW_009_ADTOF_49_26,13.718820861697623,,UNCONSTRAINED_NEW_009_161,TRIO_CONDITIONED_NEW_009_163,BASS_00291,
F_MIX_00701,M3,True,144.25396825396825,UNKNOWN,True,397,144.28879818594103,-34.82993197278006,172.26562500000261,UNKNOWN,SOURCE_NEUTRAL_NATIVE_MARKER,NUMERICAL_MARKER_ONLY_ATTACK_UNCERTAINTY_UNQUANTIFIED,,INDETERMINATE_UNQUANTIFIED_ATTACK_AND_REFERENCE_UNCERTAINTY,NEGATIVE,11.609977324263038,NEW_009,c7efaf8d2029ed140d67b7cbfff1c23fd33e0ffcae18f285566266c063f78e1c,NEW_009_ADTOF_38_12,56.03174603174921,,UNCONSTRAINED_NEW_009_161,TRIO_CONDITIONED_NEW_009_168,,
F_MIX_00702,M3,True,144.32362811791384,DRUM_SUPPORTED,True,397,144.28879818594103,34.82993197280848,161.4990234374967,PROVISIONAL_QUALIFIED_EVIDENCE,SOURCE_ASSOCIATED_NATIVE_MARKER,NUMERICAL_MARKER_ONLY_ATTACK_UNCERTAINTY_UNQUANTIFIED,,INDETERMINATE_UNQUANTIFIED_ATTACK_AND_REFERENCE_UNCERTAINTY,POSITIVE,11.609977324263038,NEW_009,c7efaf8d2029ed140d67b7cbfff1c23fd33e0ffcae18f285566266c063f78e1c,NEW_009_ADTOF_35_11,3.6281179138484276,,UNCONSTRAINED_NEW_009_161,TRIO_CONDITIONED_NEW_009_168,BASS_00292,
F_MIX_00703,M3,True,144.62548752834468,UNKNOWN,True,398,144.66031746031746,-34.82993197278006,161.4990234374967,UNKNOWN,SOURCE_NEUTRAL_NATIVE_MARKER,NUMERICAL_MARKER_ONLY_ATTACK_UNCERTAINTY_UNQUANTIFIED,,INDETERMINATE_UNQUANTIFIED_ATTACK_AND_REFERENCE_UNCERTAINTY,NEGATIVE,11.609977324263038,NEW_009,c7efaf8d2029ed140d67b7cbfff1c23fd33e0ffcae18f285566266c063f78e1c,NEW_009_ADTOF_35_12,64.51247165531981,,UNCONSTRAINED_NEW_009_161,TRIO_CONDITIONED_NEW_009_172,BASS_00293,
F_MIX_00704,M3,True,144.98539682539683,UNKNOWN,True,399,145.00861678004534,-23.219954648510566,172.26562500000261,UNKNOWN,SOURCE_NEUTRAL_NATIVE_MARKER,NUMERICAL_MARKER_ONLY_ATTACK_UNCERTAINTY_UNQUANTIFIED,,INDETERMINATE_UNQUANTIFIED_ATTACK_AND_REFERENCE_UNCERTAINTY,NEGATIVE,11.609977324263038,NEW_009,c7efaf8d2029ed140d67b7cbfff1c23fd33e0ffcae18f285566266c063f78e1c,NEW_009_ADTOF_38_13,44.60317460316787,,UNCONSTRAINED_NEW_009_161,TRIO_CONDITIONED_NEW_009_181,,
F_MIX_00705,M3,True,145.04344671201815,DRUM_SUPPORTED,True,399,145.00861678004534,34.82993197280848,161.4990234374967,PROVISIONAL_QUALIFIED_EVIDENCE,SOURCE_ASSOCIATED_NATIVE_MARKER,NUMERICAL_MARKER_ONLY_ATTACK_UNCERTAINTY_UNQUANTIFIED,,INDETERMINATE_UNQUANTIFIED_ATTACK_AND_REFERENCE_UNCERTAINTY,POSITIVE,11.609977324263038,NEW_009,c7efaf8d2029ed140d67b7cbfff1c23fd33e0ffcae18f285566266c063f78e1c,NEW_009_ADTOF_38_13,13.446712018151175,,UNCONSTRAINED_NEW_009_161,TRIO_CONDITIONED_NEW_009_181,BASS_00294,
F_MIX_00706,M3,True,145.29886621315194,DRUM_SUPPORTED,True,400,145.38013605442177,-81.26984126982961,161.4990234374967,PROVISIONAL_QUALIFIED_EVIDENCE,SOURCE_ASSOCIATED_NATIVE_MARKER,NUMERICAL_MARKER_ONLY_ATTACK_UNCERTAINTY_UNQUANTIFIED,,INDETERMINATE_UNQUANTIFIED_ATTACK_AND_REFERENCE_UNCERTAINTY,NEGATIVE,11.609977324263038,NEW_009,c7efaf8d2029ed140d67b7cbfff1c23fd33e0ffcae18f285566266c063f78e1c,NEW_009_ADTOF_38_14,18.866213151937927,,UNCONSTRAINED_NEW_009_161,TRIO_CONDITIONED_NEW_009_185,BASS_00295,
F_MIX_00707,M3,True,145.6587755102041,DRUM_SUPPORTED,True,401,145.72843537414965,-69.65986394556012,172.26562500000261,PROVISIONAL_QUALIFIED_EVIDENCE,SOURCE_ASSOCIATED_NATIVE_MARKER,NUMERICAL_MARKER_ONLY_ATTACK_UNCERTAINTY_UNQUANTIFIED,,INDETERMINATE_UNQUANTIFIED_ATTACK_AND_REFERENCE_UNCERTAINTY,NEGATIVE,11.609977324263038,NEW_009,c7efaf8d2029ed140d67b7cbfff1c23fd33e0ffcae18f285566266c063f78e1c,NEW_009_ADTOF_35_13,28.775510204098964,,UNCONSTRAINED_NEW_009_161,TRIO_CONDITIONED_NEW_009_194,,
F_MIX_00708,M3,True,145.76326530612246,DRUM_SUPPORTED,True,401,145.72843537414965,34.82993197280848,161.4990234374967,PROVISIONAL_QUALIFIED_EVIDENCE,SOURCE_ASSOCIATED_NATIVE_MARKER,NUMERICAL_MARKER_ONLY_ATTACK_UNCERTAINTY_UNQUANTIFIED,,INDETERMINATE_UNQUANTIFIED_ATTACK_AND_REFERENCE_UNCERTAINTY,POSITIVE,11.609977324263038,NEW_009,c7efaf8d2029ed140d67b7cbfff1c23fd33e0ffcae18f285566266c063f78e1c,NEW_009_ADTOF_38_15,13.265306122463016,,UNCONSTRAINED_NEW_009_161,TRIO_CONDITIONED_NEW_009_194,,
F_MIX_00709,M3,True,146.00707482993198,UNKNOWN,True,402,146.09995464852608,-92.8798185940991,161.4990234374967,UNKNOWN,SOURCE_NEUTRAL_NATIVE_MARKER,NUMERICAL_MARKER_ONLY_ATTACK_UNCERTAINTY_UNQUANTIFIED,,INDETERMINATE_UNQUANTIFIED_ATTACK_AND_REFERENCE_UNCERTAINTY,NEGATIVE,11.609977324263038,NEW_009,c7efaf8d2029ed140d67b7cbfff1c23fd33e0ffcae18f285566266c063f78e1c,NEW_009_ADTOF_38_16,102.92517006803337,,UNCONSTRAINED_NEW_009_161,TRIO_CONDITIONED_NEW_009_198,,
F_MIX_00710,M3,True,146.13478458049886,DRUM_SUPPORTED,True,402,146.09995464852608,34.82993197278006,172.26562500000261,PROVISIONAL_QUALIFIED_EVIDENCE,SOURCE_ASSOCIATED_NATIVE_MARKER,NUMERICAL_MARKER_ONLY_ATTACK_UNCERTAINTY_UNQUANTIFIED,,INDETERMINATE_UNQUANTIFIED_ATTACK_AND_REFERENCE_UNCERTAINTY,POSITIVE,11.609977324263038,NEW_009,c7efaf8d2029ed140d67b7cbfff1c23fd33e0ffcae18f285566266c063f78e1c,NEW_009_ADTOF_38_16,24.7845804988458,,UNCONSTRAINED_NEW_009_161,TRIO_CONDITIONED_NEW_009_204,,
F_MIX_00711,M3,True,146.49469387755101,DRUM_SUPPORTED,True,403,146.44825396825397,46.43990929704955,172.26562500000261,PROVISIONAL_QUALIFIED_EVIDENCE,SOURCE_ASSOCIATED_NATIVE_MARKER,NUMERICAL_MARKER_ONLY_ATTACK_UNCERTAINTY_UNQUANTIFIED,,INDETERMINATE_UNQUANTIFIED_ATTACK_AND_REFERENCE_UNCERTAINTY,POSITIVE,11.609977324263038,NEW_009,c7efaf8d2029ed140d67b7cbfff1c23fd33e0ffcae18f285566266c063f78e1c,NEW_009_ADTOF_38_17,14.693877551025025,,UNCONSTRAINED_NEW_009_161,TRIO_CONDITIONED_NEW_009_208,,
F_MIX_00712,M3,True,146.71528344671202,UNKNOWN,True,404,146.79655328798185,-81.26984126982961,172.26562500000261,UNKNOWN,SOURCE_NEUTRAL_NATIVE_MARKER,NUMERICAL_MARKER_ONLY_ATTACK_UNCERTAINTY_UNQUANTIFIED,,INDETERMINATE_UNQUANTIFIED_ATTACK_AND_REFERENCE_UNCERTAINTY,NEGATIVE,11.609977324263038,NEW_009,c7efaf8d2029ed140d67b7cbfff1c23fd33e0ffcae18f285566266c063f78e1c,NEW_009_ADTOF_38_17,235.28344671203172,,UNCONSTRAINED_NEW_009_161,TRIO_CONDITIONED_NEW_009_210,,
F_MIX_00713,M3,True,146.77333333333334,UNKNOWN,True,404,146.79655328798185,-23.219954648510566,172.26562500000261,UNKNOWN,SOURCE_NEUTRAL_NATIVE_MARKER,NUMERICAL_MARKER_ONLY_ATTACK_UNCERTAINTY_UNQUANTIFIED,,INDETERMINATE_UNQUANTIFIED_ATTACK_AND_REFERENCE_UNCERTAINTY,NEGATIVE,11.609977324263038,NEW_009,c7efaf8d2029ed140d67b7cbfff1c23fd33e0ffcae18f285566266c063f78e1c,NEW_009_ADTOF_38_17,293.33333333335077,,UNCONSTRAINED_NEW_009_161,TRIO_CONDITIONED_NEW_009_212,,
F_MIX_00714,M3,True,146.8429931972789,UNKNOWN,True,404,146.79655328798185,46.43990929704955,161.4990234374967,UNKNOWN,SOURCE_NEUTRAL_NATIVE_MARKER,NUMERICAL_MARKER_ONLY_ATTACK_UNCERTAINTY_UNQUANTIFIED,,INDETERMINATE_UNQUANTIFIED_ATTACK_AND_REFERENCE_UNCERTAINTY,POSITIVE,11.609977324263038,NEW_009,c7efaf8d2029ed140d67b7cbfff1c23fd33e0ffcae18f285566266c063f78e1c,NEW_009_ADTOF_49_34,347.0068027210971,,UNCONSTRAINED_NEW_009_161,TRIO_CONDITIONED_NEW_009_212,,
F_MIX_00715,M3,True,147.01714285714286,UNKNOWN,True,405,147.16807256235828,-150.92970521541815,161.4990234374967,UNKNOWN,SOURCE_NEUTRAL_NATIVE_MARKER,NUMERICAL_MARKER_ONLY_ATTACK_UNCERTAINTY_UNQUANTIFIED,,INDETERMINATE_UNQUANTIFIED_ATTACK_AND_REFERENCE_UNCERTAINTY,NEGATIVE,11.609977324263038,NEW_009,c7efaf8d2029ed140d67b7cbfff1c23fd33e0ffcae18f285566266c063f78e1c,NEW_009_ADTOF_49_34,172.85714285713993,,UNCONSTRAINED_NEW_009_161,TRIO_CONDITIONED_NEW_009_215,,
F_MIX_00716,M3,True,147.0635827664399,UNKNOWN,True,405,147.16807256235828,-104.4897959183686,161.4990234374967,UNKNOWN,SOURCE_NEUTRAL_NATIVE_MARKER,NUMERICAL_MARKER_ONLY_ATTACK_UNCERTAINTY_UNQUANTIFIED,,INDETERMINATE_UNQUANTIFIED_ATTACK_AND_REFERENCE_UNCERTAINTY,NEGATIVE,11.609977324263038,NEW_009,c7efaf8d2029ed140d67b7cbfff1c23fd33e0ffcae18f285566266c063f78e1c,NEW_009_ADTOF_49_34,126.41723356009038,,UNCONSTRAINED_NEW_009_161,TRIO_CONDITIONED_NEW_009_215,,
F_MIX_00717,M3,True,147.14485260770974,UNKNOWN,True,405,147.16807256235828,-23.219954648538987,161.4990234374967,UNKNOWN,SOURCE_NEUTRAL_NATIVE_MARKER,NUMERICAL_MARKER_ONLY_ATTACK_UNCERTAINTY_UNQUANTIFIED,,INDETERMINATE_UNQUANTIFIED_ATTACK_AND_REFERENCE_UNCERTAINTY,NEGATIVE,11.609977324263038,NEW_009,c7efaf8d2029ed140d67b7cbfff1c23fd33e0ffcae18f285566266c063f78e1c,NEW_009_ADTOF_49_34,45.14739229026077,,UNCONSTRAINED_NEW_009_161,TRIO_CONDITIONED_NEW_009_215,,
F_MIX_00718,M3,True,147.20290249433106,DRUM_SUPPORTED,True,405,147.16807256235828,34.82993197278006,172.26562500000261,PROVISIONAL_QUALIFIED_EVIDENCE,SOURCE_ASSOCIATED_NATIVE_MARKER,NUMERICAL_MARKER_ONLY_ATTACK_UNCERTAINTY_UNQUANTIFIED,,INDETERMINATE_UNQUANTIFIED_ATTACK_AND_REFERENCE_UNCERTAINTY,POSITIVE,11.609977324263038,NEW_009,c7efaf8d2029ed140d67b7cbfff1c23fd33e0ffcae18f285566266c063f78e1c,NEW_009_ADTOF_49_34,12.902494331058278,,UNCONSTRAINED_NEW_009_161,TRIO_CONDITIONED_NEW_009_215,,
F_MIX_00719,M3,True,147.43510204081633,UNKNOWN,True,406,147.51637188208616,-81.26984126982961,172.26562500000261,UNKNOWN,SOURCE_NEUTRAL_NATIVE_MARKER,NUMERICAL_MARKER_ONLY_ATTACK_UNCERTAINTY_UNQUANTIFIED,,INDETERMINATE_UNQUANTIFIED_ATTACK_AND_REFERENCE_UNCERTAINTY,NEGATIVE,11.609977324263038,NEW_009,c7efaf8d2029ed140d67b7cbfff1c23fd33e0ffcae18f285566266c063f78e1c,NEW_009_ADTOF_49_34,245.10204081633447,,UNCONSTRAINED_NEW_009_161,TRIO_CONDITIONED_NEW_009_217,,
F_MIX_00720,M3,True,147.48154195011338,UNKNOWN,True,406,147.51637188208616,-34.82993197278006,172.26562500000261,UNKNOWN,SOURCE_NEUTRAL_NATIVE_MARKER,NUMERICAL_MARKER_ONLY_ATTACK_UNCERTAINTY_UNQUANTIFIED,,INDETERMINATE_UNQUANTIFIED_ATTACK_AND_REFERENCE_UNCERTAINTY,NEGATIVE,11.609977324263038,NEW_009,c7efaf8d2029ed140d67b7cbfff1c23fd33e0ffcae18f285566266c063f78e1c,NEW_009_ADTOF_49_34,291.541950113384,,UNCONSTRAINED_NEW_009_161,TRIO_CONDITIONED_NEW_009_219,,
F_MIX_00721,M3,True,147.5628117913832,UNKNOWN,True,406,147.51637188208616,46.43990929704955,161.4990234374967,UNKNOWN,SOURCE_NEUTRAL_NATIVE_MARKER,NUMERICAL_MARKER_ONLY_ATTACK_UNCERTAINTY_UNQUANTIFIED,,INDETERMINATE_UNQUANTIFIED_ATTACK_AND_REFERENCE_UNCERTAINTY,POSITIVE,11.609977324263038,NEW_009,c7efaf8d2029ed140d67b7cbfff1c23fd33e0ffcae18f285566266c063f78e1c,NEW_009_ADTOF_49_35,337.1882086167943,,UNCONSTRAINED_NEW_009_161,TRIO_CONDITIONED_NEW_009_219,,
F_MIX_00722,M3,True,147.7253514739229,UNKNOWN,True,407,147.8878911564626,-162.53968253968765,161.4990234374967,UNKNOWN,SOURCE_NEUTRAL_NATIVE_MARKER,NUMERICAL_MARKER_ONLY_ATTACK_UNCERTAINTY_UNQUANTIFIED,,INDETERMINATE_UNQUANTIFIED_ATTACK_AND_REFERENCE_UNCERTAINTY,NEGATIVE,11.609977324263038,NEW_009,c7efaf8d2029ed140d67b7cbfff1c23fd33e0ffcae18f285566266c063f78e1c,NEW_009_ADTOF_49_35,174.64852607710668,,UNCONSTRAINED_NEW_009_161,TRIO_CONDITIONED_NEW_009_221,,
F_MIX_00723,M3,True,147.7950113378685,UNKNOWN,True,407,147.8878911564626,-92.8798185940991,161.4990234374967,UNKNOWN,SOURCE_NEUTRAL_NATIVE_MARKER,NUMERICAL_MARKER_ONLY_ATTACK_UNCERTAINTY_UNQUANTIFIED,,INDETERMINATE_UNQUANTIFIED_ATTACK_AND_REFERENCE_UNCERTAINTY,NEGATIVE,11.609977324263038,NEW_009,c7efaf8d2029ed140d67b7cbfff1c23fd33e0ffcae18f285566266c063f78e1c,NEW_009_ADTOF_49_35,104.98866213151814,,UNCONSTRAINED_NEW_009_161,TRIO_CONDITIONED_NEW_009_221,,
F_MIX_00724,M3,True,147.86467120181405,UNKNOWN,True,407,147.8878911564626,-23.219954648538987,161.4990234374967,UNKNOWN,SOURCE_NEUTRAL_NATIVE_MARKER,NUMERICAL_MARKER_ONLY_ATTACK_UNCERTAINTY_UNQUANTIFIED,,INDETERMINATE_UNQUANTIFIED_ATTACK_AND_REFERENCE_UNCERTAINTY,NEGATIVE,11.609977324263038,NEW_009,c7efaf8d2029ed140d67b7cbfff1c23fd33e0ffcae18f285566266c063f78e1c,NEW_009_ADTOF_49_35,35.32879818595802,,UNCONSTRAINED_NEW_009_161,TRIO_CONDITIONED_NEW_009_223,,
F_MIX_00725,M3,True,147.9111111111111,DRUM_SUPPORTED,True,407,147.8878911564626,23.219954648510566,172.26562500000261,PROVISIONAL_QUALIFIED_EVIDENCE,SOURCE_ASSOCIATED_NATIVE_MARKER,NUMERICAL_MARKER_ONLY_ATTACK_UNCERTAINTY_UNQUANTIFIED,,INDETERMINATE_UNQUANTIFIED_ATTACK_AND_REFERENCE_UNCERTAINTY,POSITIVE,11.609977324263038,NEW_009,c7efaf8d2029ed140d67b7cbfff1c23fd33e0ffcae18f285566266c063f78e1c,NEW_009_ADTOF_49_35,11.111111111091532,,UNCONSTRAINED_NEW_009_161,TRIO_CONDITIONED_NEW_009_223,,
F_MIX_00726,M3,True,148.08526077097505,UNKNOWN,True,408,148.23619047619047,-150.92970521541815,172.26562500000261,UNKNOWN,SOURCE_NEUTRAL_NATIVE_MARKER,NUMERICAL_MARKER_ONLY_ATTACK_UNCERTAINTY_UNQUANTIFIED,,INDETERMINATE_UNQUANTIFIED_ATTACK_AND_REFERENCE_UNCERTAINTY,NEGATIVE,11.609977324263038,NEW_009,c7efaf8d2029ed140d67b7cbfff1c23fd33e0ffcae18f285566266c063f78e1c,NEW_009_ADTOF_49_35,185.26077097504867,,UNCONSTRAINED_NEW_009_161,TRIO_CONDITIONED_NEW_009_225,,
F_MIX_00727,M3,True,148.16653061224488,UNKNOWN,True,408,148.23619047619047,-69.65986394558854,172.26562500000261,UNKNOWN,SOURCE_NEUTRAL_NATIVE_MARKER,NUMERICAL_MARKER_ONLY_ATTACK_UNCERTAINTY_UNQUANTIFIED,,INDETERMINATE_UNQUANTIFIED_ATTACK_AND_REFERENCE_UNCERTAINTY,NEGATIVE,11.609977324263038,NEW_009,c7efaf8d2029ed140d67b7cbfff1c23fd33e0ffcae18f285566266c063f78e1c,NEW_009_ADTOF_35_14,123.46938775510807,,UNCONSTRAINED_NEW_009_161,TRIO_CONDITIONED_NEW_009_225,,
F_MIX_00728,M3,True,148.2013605442177,UNKNOWN,True,408,148.23619047619047,-34.82993197278006,172.26562500000261,UNKNOWN,SOURCE_NEUTRAL_NATIVE_MARKER,NUMERICAL_MARKER_ONLY_ATTACK_UNCERTAINTY_UNQUANTIFIED,,INDETERMINATE_UNQUANTIFIED_ATTACK_AND_REFERENCE_UNCERTAINTY,NEGATIVE,11.609977324263038,NEW_009,c7efaf8d2029ed140d67b7cbfff1c23fd33e0ffcae18f285566266c063f78e1c,NEW_009_ADTOF_35_14,88.63945578229959,,UNCONSTRAINED_NEW_009_161,TRIO_CONDITIONED_NEW_009_227,,
F_MIX_00729,M3,True,148.2942403628118,DRUM_SUPPORTED,True,408,148.23619047619047,58.04988662131905,172.26562500000261,PROVISIONAL_QUALIFIED_EVIDENCE,SOURCE_ASSOCIATED_NATIVE_MARKER,NUMERICAL_MARKER_ONLY_ATTACK_UNCERTAINTY_UNQUANTIFIED,,INDETERMINATE_UNQUANTIFIED_ATTACK_AND_REFERENCE_UNCERTAINTY,POSITIVE,11.609977324263038,NEW_009,c7efaf8d2029ed140d67b7cbfff1c23fd33e0ffcae18f285566266c063f78e1c,NEW_009_ADTOF_35_14,4.240362811799514,,UNCONSTRAINED_NEW_009_161,TRIO_CONDITIONED_NEW_009_227,,
F_MIX_00730,M3,True,148.5380498866213,DRUM_SUPPORTED,True,409,148.58448979591836,-46.43990929704955,172.26562500000261,PROVISIONAL_QUALIFIED_EVIDENCE,SOURCE_ASSOCIATED_NATIVE_MARKER,NUMERICAL_MARKER_ONLY_ATTACK_UNCERTAINTY_UNQUANTIFIED,,INDETERMINATE_UNQUANTIFIED_ATTACK_AND_REFERENCE_UNCERTAINTY,NEGATIVE,11.609977324263038,NEW_009,c7efaf8d2029ed140d67b7cbfff1c23fd33e0ffcae18f285566266c063f78e1c,NEW_009_ADTOF_38_18,28.04988662131791,,UNCONSTRAINED_NEW_009_161,TRIO_CONDITIONED_NEW_009_228,,
F_MIX_00731,M3,True,148.6309297052154,UNKNOWN,True,409,148.58448979591836,46.43990929704955,161.4990234374967,UNKNOWN,SOURCE_NEUTRAL_NATIVE_MARKER,NUMERICAL_MARKER_ONLY_ATTACK_UNCERTAINTY_UNQUANTIFIED,,INDETERMINATE_UNQUANTIFIED_ATTACK_AND_REFERENCE_UNCERTAINTY,POSITIVE,11.609977324263038,NEW_009,c7efaf8d2029ed140d67b7cbfff1c23fd33e0ffcae18f285566266c063f78e1c,NEW_009_ADTOF_38_18,120.92970521541702,,UNCONSTRAINED_NEW_009_161,TRIO_CONDITIONED_NEW_009_229,,
F_MIX_00732,M3,True,148.93278911564627,UNKNOWN,True,410,148.95600907029478,-23.219954648510566,161.4990234374967,UNKNOWN,SOURCE_NEUTRAL_NATIVE_MARKER,NUMERICAL_MARKER_ONLY_ATTACK_UNCERTAINTY_UNQUANTIFIED,,INDETERMINATE_UNQUANTIFIED_ATTACK_AND_REFERENCE_UNCERTAINTY,NEGATIVE,11.609977324263038,NEW_009,c7efaf8d2029ed140d67b7cbfff1c23fd33e0ffcae18f285566266c063f78e1c,NEW_009_ADTOF_38_18,422.78911564628174,,UNCONSTRAINED_NEW_009_161,TRIO_CONDITIONED_NEW_009_232,,
F_MIX_00733,M3,True,149.02566893424037,UNKNOWN,True,410,148.95600907029478,69.65986394558854,172.26562500000261,UNKNOWN,SOURCE_NEUTRAL_NATIVE_MARKER,NUMERICAL_MARKER_ONLY_ATTACK_UNCERTAINTY_UNQUANTIFIED,,INDETERMINATE_UNQUANTIFIED_ATTACK_AND_REFERENCE_UNCERTAINTY,POSITIVE,11.609977324263038,NEW_009,c7efaf8d2029ed140d67b7cbfff1c23fd33e0ffcae18f285566266c063f78e1c,NEW_009_ADTOF_38_18,515.6689342403808,,UNCONSTRAINED_NEW_009_161,TRIO_CONDITIONED_NEW_009_232,,
F_MIX_00734,M3,True,149.11854875283447,UNKNOWN,True,410,148.95600907029478,162.53968253968765,172.26562500000261,UNKNOWN,SOURCE_NEUTRAL_NATIVE_MARKER,NUMERICAL_MARKER_ONLY_ATTACK_UNCERTAINTY_UNQUANTIFIED,,INDETERMINATE_UNQUANTIFIED_ATTACK_AND_REFERENCE_UNCERTAINTY,POSITIVE,11.609977324263038,NEW_009,c7efaf8d2029ed140d67b7cbfff1c23fd33e0ffcae18f285566266c063f78e1c,NEW_009_ADTOF_38_18,608.54875283448,,UNCONSTRAINED_NEW_009_161,TRIO_CONDITIONED_NEW_009_232,,
F_MIX_00735,M3,True,149.2926984126984,UNKNOWN,True,411,149.30430839002267,-11.609977324269494,172.26562500000261,UNKNOWN,SOURCE_NEUTRAL_NATIVE_MARKER,NUMERICAL_MARKER_ONLY_ATTACK_UNCERTAINTY_UNQUANTIFIED,,INDETERMINATE_UNQUANTIFIED_ATTACK_AND_REFERENCE_UNCERTAINTY,NEGATIVE,11.609977324263038,NEW_009,c7efaf8d2029ed140d67b7cbfff1c23fd33e0ffcae18f285566266c063f78e1c,NEW_009_ADTOF_38_19,697.3015873016095,,UNCONSTRAINED_NEW_009_161,TRIO_CONDITIONED_NEW_009_236,,
F_MIX_00736,M3,True,149.35074829931972,UNKNOWN,True,411,149.30430839002267,46.43990929704955,172.26562500000261,UNKNOWN,SOURCE_NEUTRAL_NATIVE_MARKER,NUMERICAL_MARKER_ONLY_ATTACK_UNCERTAINTY_UNQUANTIFIED,,INDETERMINATE_UNQUANTIFIED_ATTACK_AND_REFERENCE_UNCERTAINTY,POSITIVE,11.609977324263038,NEW_009,c7efaf8d2029ed140d67b7cbfff1c23fd33e0ffcae18f285566266c063f78e1c,NEW_009_ADTOF_38_19,639.2517006802905,,UNCONSTRAINED_NEW_009_161,TRIO_CONDITIONED_NEW_009_236,,
F_MIX_00737,M3,True,149.65260770975055,UNKNOWN,True,412,149.65260770975055,0.0,161.4990234374967,UNKNOWN,SOURCE_NEUTRAL_NATIVE_MARKER,NUMERICAL_MARKER_ONLY_ATTACK_UNCERTAINTY_UNQUANTIFIED,,INDETERMINATE_UNQUANTIFIED_ATTACK_AND_REFERENCE_UNCERTAINTY,ZERO,11.609977324263038,NEW_009,c7efaf8d2029ed140d67b7cbfff1c23fd33e0ffcae18f285566266c063f78e1c,NEW_009_ADTOF_38_19,337.39229024945416,,UNCONSTRAINED_NEW_009_161,TRIO_CONDITIONED_NEW_009_238,,
F_MIX_00738,M3,True,149.7338775510204,DRUM_SUPPORTED,True,412,149.65260770975055,81.26984126985803,161.4990234374967,PROVISIONAL_QUALIFIED_EVIDENCE,SOURCE_ASSOCIATED_NATIVE_MARKER,NUMERICAL_MARKER_ONLY_ATTACK_UNCERTAINTY_UNQUANTIFIED,,INDETERMINATE_UNQUANTIFIED_ATTACK_AND_REFERENCE_UNCERTAINTY,POSITIVE,11.609977324263038,NEW_009,c7efaf8d2029ed140d67b7cbfff1c23fd33e0ffcae18f285566266c063f78e1c,NEW_009_ADTOF_38_19,256.12244897959613,,UNCONSTRAINED_NEW_009_161,TRIO_CONDITIONED_NEW_009_238,,
F_MIX_00739,M3,True,149.8964172335601,UNKNOWN,True,413,150.02412698412698,-127.70975056687917,161.4990234374967,UNKNOWN,SOURCE_NEUTRAL_NATIVE_MARKER,NUMERICAL_MARKER_ONLY_ATTACK_UNCERTAINTY_UNQUANTIFIED,,INDETERMINATE_UNQUANTIFIED_ATTACK_AND_REFERENCE_UNCERTAINTY,NEGATIVE,11.609977324263038,NEW_009,c7efaf8d2029ed140d67b7cbfff1c23fd33e0ffcae18f285566266c063f78e1c,NEW_009_ADTOF_38_19,93.58276643990848,,UNCONSTRAINED_NEW_009_164,TRIO_CONDITIONED_NEW_009_240,,
F_MIX_00740,M3,True,150.0125170068027,DRUM_SUPPORTED,True,413,150.02412698412698,-11.609977324269494,161.4990234374967,PROVISIONAL_QUALIFIED_EVIDENCE,SOURCE_ASSOCIATED_NATIVE_MARKER,NUMERICAL_MARKER_ONLY_ATTACK_UNCERTAINTY_UNQUANTIFIED,,INDETERMINATE_UNQUANTIFIED_ATTACK_AND_REFERENCE_UNCERTAINTY,NEGATIVE,11.609977324263038,NEW_010,c7efaf8d2029ed140d67b7cbfff1c23fd33e0ffcae18f285566266c063f78e1c,NEW_010_ADTOF_38_0,22.51700680270119,UNCONSTRAINED_NEW_010_95,UNCONSTRAINED_NEW_010_96,TRIO_CONDITIONED_NEW_010_6,,
F_MIX_00741,M3,True,150.11700680272108,DRUM_SUPPORTED,True,413,150.02412698412698,92.8798185940991,161.4990234374967,PROVISIONAL_QUALIFIED_EVIDENCE,SOURCE_ASSOCIATED_NATIVE_MARKER,NUMERICAL_MARKER_ONLY_ATTACK_UNCERTAINTY_UNQUANTIFIED,,INDETERMINATE_UNQUANTIFIED_ATTACK_AND_REFERENCE_UNCERTAINTY,POSITIVE,11.609977324263038,NEW_010,c7efaf8d2029ed140d67b7cbfff1c23fd33e0ffcae18f285566266c063f78e1c,NEW_010_ADTOF_42_1,27.006802721075474,UNCONSTRAINED_NEW_010_95,UNCONSTRAINED_NEW_010_96,TRIO_CONDITIONED_NEW_010_7,,
F_MIX_00742,M3,True,150.31437641723355,UNKNOWN,True,414,150.3956462585034,-81.26984126985803,161.4990234374967,UNKNOWN,SOURCE_NEUTRAL_NATIVE_MARKER,NUMERICAL_MARKER_ONLY_ATTACK_UNCERTAINTY_UNQUANTIFIED,,INDETERMINATE_UNQUANTIFIED_ATTACK_AND_REFERENCE_UNCERTAINTY,NEGATIVE,11.609977324263038,NEW_010,c7efaf8d2029ed140d67b7cbfff1c23fd33e0ffcae18f285566266c063f78e1c,NEW_010_ADTOF_42_2,45.62358276646705,UNCONSTRAINED_NEW_010_95,UNCONSTRAINED_NEW_010_96,TRIO_CONDITIONED_NEW_010_9,,
F_MIX_00743,M3,True,150.37242630385487,DRUM_SUPPORTED,True,414,150.3956462585034,-23.219954648538987,161.4990234374967,PROVISIONAL_QUALIFIED_EVIDENCE,SOURCE_ASSOCIATED_NATIVE_MARKER,NUMERICAL_MARKER_ONLY_ATTACK_UNCERTAINTY_UNQUANTIFIED,,INDETERMINATE_UNQUANTIFIED_ATTACK_AND_REFERENCE_UNCERTAINTY,NEGATIVE,11.609977324263038,NEW_010,c7efaf8d2029ed140d67b7cbfff1c23fd33e0ffcae18f285566266c063f78e1c,NEW_010_ADTOF_42_2,12.426303854851994,UNCONSTRAINED_NEW_010_95,UNCONSTRAINED_NEW_010_96,TRIO_CONDITIONED_NEW_010_11,,
F_MIX_00744,M3,True,150.465306122449,DRUM_SUPPORTED,True,414,150.3956462585034,69.65986394558854,172.26562500000261,PROVISIONAL_QUALIFIED_EVIDENCE,SOURCE_ASSOCIATED_NATIVE_MARKER,NUMERICAL_MARKER_ONLY_ATTACK_UNCERTAINTY_UNQUANTIFIED,,INDETERMINATE_UNQUANTIFIED_ATTACK_AND_REFERENCE_UNCERTAINTY,POSITIVE,11.609977324263038,NEW_010,c7efaf8d2029ed140d67b7cbfff1c23fd33e0ffcae18f285566266c063f78e1c,NEW_010_ADTOF_42_3,15.306122449004533,UNCONSTRAINED_NEW_010_95,UNCONSTRAINED_NEW_010_96,TRIO_CONDITIONED_NEW_010_11,,
F_MIX_00745,M3,True,150.7091156462585,UNKNOWN,True,415,150.7439455782313,-34.82993197278006,172.26562500000261,UNKNOWN,SOURCE_NEUTRAL_NATIVE_MARKER,NUMERICAL_MARKER_ONLY_ATTACK_UNCERTAINTY_UNQUANTIFIED,,INDETERMINATE_UNQUANTIFIED_ATTACK_AND_REFERENCE_UNCERTAINTY,NEGATIVE,11.609977324263038,NEW_010,c7efaf8d2029ed140d67b7cbfff1c23fd33e0ffcae18f285566266c063f78e1c,NEW_010_ADTOF_42_4,80.88435374148162,UNCONSTRAINED_NEW_010_95,UNCONSTRAINED_NEW_010_96,TRIO_CONDITIONED_NEW_010_13,,
F_MIX_00746,M3,True,150.81360544217688,DRUM_SUPPORTED,True,415,150.7439455782313,69.65986394558854,161.4990234374967,PROVISIONAL_QUALIFIED_EVIDENCE,SOURCE_ASSOCIATED_NATIVE_MARKER,NUMERICAL_MARKER_ONLY_ATTACK_UNCERTAINTY_UNQUANTIFIED,,INDETERMINATE_UNQUANTIFIED_ATTACK_AND_REFERENCE_UNCERTAINTY,POSITIVE,11.609977324263038,NEW_010,c7efaf8d2029ed140d67b7cbfff1c23fd33e0ffcae18f285566266c063f78e1c,NEW_010_ADTOF_42_4,23.60544217688698,UNCONSTRAINED_NEW_010_95,UNCONSTRAINED_NEW_010_96,TRIO_CONDITIONED_NEW_010_15,,
F_MIX_00747,M3,True,151.01097505668935,UNKNOWN,True,416,151.11546485260772,-104.4897959183686,161.4990234374967,UNKNOWN,SOURCE_NEUTRAL_NATIVE_MARKER,NUMERICAL_MARKER_ONLY_ATTACK_UNCERTAINTY_UNQUANTIFIED,,INDETERMINATE_UNQUANTIFIED_ATTACK_AND_REFERENCE_UNCERTAINTY,NEGATIVE,11.609977324263038,NEW_010,c7efaf8d2029ed140d67b7cbfff1c23fd33e0ffcae18f285566266c063f78e1c,NEW_010_ADTOF_42_5,149.02494331064986,UNCONSTRAINED_NEW_010_95,UNCONSTRAINED_NEW_010_96,TRIO_CONDITIONED_NEW_010_16,,
F_MIX_00748,M3,True,151.0806349206349,UNKNOWN,True,416,151.11546485260772,-34.82993197280848,161.4990234374967,UNKNOWN,SOURCE_NEUTRAL_NATIVE_MARKER,NUMERICAL_MARKER_ONLY_ATTACK_UNCERTAINTY_UNQUANTIFIED,,INDETERMINATE_UNQUANTIFIED_ATTACK_AND_REFERENCE_UNCERTAINTY,NEGATIVE,11.609977324263038,NEW_010,c7efaf8d2029ed140d67b7cbfff1c23fd33e0ffcae18f285566266c063f78e1c,NEW_010_ADTOF_42_5,79.36507936508974,UNCONSTRAINED_NEW_010_95,UNCONSTRAINED_NEW_010_96,TRIO_CONDITIONED_NEW_010_19,BASS_FMIX_00001,
F_MIX_00749,M3,True,151.18512471655328,DRUM_SUPPORTED,True,416,151.11546485260772,69.65986394556012,161.4990234374967,PROVISIONAL_QUALIFIED_EVIDENCE,SOURCE_ASSOCIATED_NATIVE_MARKER,NUMERICAL_MARKER_ONLY_ATTACK_UNCERTAINTY_UNQUANTIFIED,,INDETERMINATE_UNQUANTIFIED_ATTACK_AND_REFERENCE_UNCERTAINTY,POSITIVE,11.609977324263038,NEW_010,c7efaf8d2029ed140d67b7cbfff1c23fd33e0ffcae18f285566266c063f78e1c,NEW_010_ADTOF_42_5,25.12471655327886,UNCONSTRAINED_NEW_010_95,UNCONSTRAINED_NEW_010_96,TRIO_CONDITIONED_NEW_010_20,,
F_MIX_00750,M3,True,151.44054421768706,UNKNOWN,True,417,151.48698412698414,-46.439909297077975,161.4990234374967,UNKNOWN,SOURCE_NEUTRAL_NATIVE_MARKER,NUMERICAL_MARKER_ONLY_ATTACK_UNCERTAINTY_UNQUANTIFIED,,INDETERMINATE_UNQUANTIFIED_ATTACK_AND_REFERENCE_UNCERTAINTY,NEGATIVE,11.609977324263038,NEW_010,c7efaf8d2029ed140d67b7cbfff1c23fd33e0ffcae18f285566266c063f78e1c,NEW_010_ADTOF_42_5,280.5442176870656,UNCONSTRAINED_NEW_010_95,UNCONSTRAINED_NEW_010_96,TRIO_CONDITIONED_NEW_010_25,BASS_FMIX_00002,
F_MIX_00751,M3,True,151.54503401360543,UNKNOWN,True,417,151.48698412698414,58.049886621290625,161.49902343750904,UNKNOWN,SOURCE_NEUTRAL_NATIVE_MARKER,NUMERICAL_MARKER_ONLY_ATTACK_UNCERTAINTY_UNQUANTIFIED,,INDETERMINATE_UNQUANTIFIED_ATTACK_AND_REFERENCE_UNCERTAINTY,POSITIVE,11.609977324263038,NEW_010,c7efaf8d2029ed140d67b7cbfff1c23fd33e0ffcae18f285566266c063f78e1c,NEW_010_ADTOF_35_0,214.9659863945601,UNCONSTRAINED_NEW_010_95,UNCONSTRAINED_NEW_010_96,TRIO_CONDITIONED_NEW_010_28,,
F_MIX_00752,M3,True,151.7772335600907,DRUM_SUPPORTED,True,418,151.85850340136054,-81.26984126982961,161.49902343750904,PROVISIONAL_QUALIFIED_EVIDENCE,SOURCE_ASSOCIATED_NATIVE_MARKER,NUMERICAL_MARKER_ONLY_ATTACK_UNCERTAINTY_UNQUANTIFIED,,INDETERMINATE_UNQUANTIFIED_ATTACK_AND_REFERENCE_UNCERTAINTY,NEGATIVE,11.609977324263038,NEW_010,c7efaf8d2029ed140d67b7cbfff1c23fd33e0ffcae18f285566266c063f78e1c,NEW_010_ADTOF_35_0,17.233560090716082,UNCONSTRAINED_NEW_010_95,UNCONSTRAINED_NEW_010_96,TRIO_CONDITIONED_NEW_010_34,BASS_00296,
F_MIX_00753,M3,True,152.2184126984127,UNKNOWN,True,419,152.23002267573696,-11.609977324269494,161.4990234374967,UNKNOWN,SOURCE_NEUTRAL_NATIVE_MARKER,NUMERICAL_MARKER_ONLY_ATTACK_UNCERTAINTY_UNQUANTIFIED,,INDETERMINATE_UNQUANTIFIED_ATTACK_AND_REFERENCE_UNCERTAINTY,NEGATIVE,11.609977324263038,NEW_010,c7efaf8d2029ed140d67b7cbfff1c23fd33e0ffcae18f285566266c063f78e1c,NEW_010_ADTOF_49_0,51.58730158731828,UNCONSTRAINED_NEW_010_95,UNCONSTRAINED_NEW_010_96,TRIO_CONDITIONED_NEW_010_40,,
F_MIX_00754,M3,True,152.276462585034,DRUM_SUPPORTED,True,419,152.23002267573696,46.43990929704955,161.4990234374967,PROVISIONAL_QUALIFIED_EVIDENCE,SOURCE_ASSOCIATED_NATIVE_MARKER,NUMERICAL_MARKER_ONLY_ATTACK_UNCERTAINTY_UNQUANTIFIED,,INDETERMINATE_UNQUANTIFIED_ATTACK_AND_REFERENCE_UNCERTAINTY,POSITIVE,11.609977324263038,NEW_010,c7efaf8d2029ed140d67b7cbfff1c23fd33e0ffcae18f285566266c063f78e1c,NEW_010_ADTOF_49_0,6.462585034000767,UNCONSTRAINED_NEW_010_95,UNCONSTRAINED_NEW_010_96,TRIO_CONDITIONED_NEW_010_43,BASS_00297,
F_MIX_00755,M3,True,152.40417233560092,UNKNOWN,True,419,152.23002267573696,174.14965986395714,161.4990234374967,UNKNOWN,SOURCE_NEUTRAL_NATIVE_MARKER,NUMERICAL_MARKER_ONLY_ATTACK_UNCERTAINTY_UNQUANTIFIED,,INDETERMINATE_UNQUANTIFIED_ATTACK_AND_REFERENCE_UNCERTAINTY,POSITIVE,11.609977324263038,NEW_010,c7efaf8d2029ed140d67b7cbfff1c23fd33e0ffcae18f285566266c063f78e1c,NEW_010_ADTOF_49_0,134.17233560090835,UNCONSTRAINED_NEW_010_95,UNCONSTRAINED_NEW_010_96,TRIO_CONDITIONED_NEW_010_48,,
F_MIX_00756,M3,True,152.56671201814058,UNKNOWN,True,420,152.6015419501134,-34.82993197280848,161.4990234374967,UNKNOWN,SOURCE_NEUTRAL_NATIVE_MARKER,NUMERICAL_MARKER_ONLY_ATTACK_UNCERTAINTY_UNQUANTIFIED,,INDETERMINATE_UNQUANTIFIED_ATTACK_AND_REFERENCE_UNCERTAINTY,NEGATIVE,11.609977324263038,NEW_010,c7efaf8d2029ed140d67b7cbfff1c23fd33e0ffcae18f285566266c063f78e1c,NEW_010_ADTOF_49_1,73.28798185940855,UNCONSTRAINED_NEW_010_95,UNCONSTRAINED_NEW_010_96,TRIO_CONDITIONED_NEW_010_48,,
F_MIX_00757,M3,True,152.6595918367347,DRUM_SUPPORTED,True,420,152.6015419501134,58.04988662131905,151.99908088235597,PROVISIONAL_QUALIFIED_EVIDENCE,SOURCE_ASSOCIATED_NATIVE_MARKER,NUMERICAL_MARKER_ONLY_ATTACK_UNCERTAINTY_UNQUANTIFIED,,INDETERMINATE_UNQUANTIFIED_ATTACK_AND_REFERENCE_UNCERTAINTY,POSITIVE,11.609977324263038,NEW_010,c7efaf8d2029ed140d67b7cbfff1c23fd33e0ffcae18f285566266c063f78e1c,NEW_010_ADTOF_49_1,19.59183673471898,UNCONSTRAINED_NEW_010_95,UNCONSTRAINED_NEW_010_96,TRIO_CONDITIONED_NEW_010_51,BASS_00298,
F_MIX_00758,M3,True,153.01950113378686,DRUM_SUPPORTED,True,421,152.99628117913832,23.219954648538987,161.4990234374967,PROVISIONAL_QUALIFIED_EVIDENCE,SOURCE_ASSOCIATED_NATIVE_MARKER,NUMERICAL_MARKER_ONLY_ATTACK_UNCERTAINTY_UNQUANTIFIED,,INDETERMINATE_UNQUANTIFIED_ATTACK_AND_REFERENCE_UNCERTAINTY,POSITIVE,11.609977324263038,NEW_010,c7efaf8d2029ed140d67b7cbfff1c23fd33e0ffcae18f285566266c063f78e1c,NEW_010_ADTOF_35_1,19.50113378686069,UNCONSTRAINED_NEW_010_95,UNCONSTRAINED_NEW_010_96,TRIO_CONDITIONED_NEW_010_57,BASS_00299,
F_MIX_00759,M3,True,153.37941043083902,DRUM_SUPPORTED,True,422,153.36780045351475,11.609977324269494,161.49902343750904,PROVISIONAL_QUALIFIED_EVIDENCE,SOURCE_ASSOCIATED_NATIVE_MARKER,NUMERICAL_MARKER_ONLY_ATTACK_UNCERTAINTY_UNQUANTIFIED,,INDETERMINATE_UNQUANTIFIED_ATTACK_AND_REFERENCE_UNCERTAINTY,POSITIVE,11.609977324263038,NEW_010,c7efaf8d2029ed140d67b7cbfff1c23fd33e0ffcae18f285566266c063f78e1c,NEW_010_ADTOF_35_2,19.4104308390024,UNCONSTRAINED_NEW_010_95,UNCONSTRAINED_NEW_010_96,TRIO_CONDITIONED_NEW_010_65,BASS_00300,
F_MIX_00760,M3,True,153.73931972789114,DRUM_SUPPORTED,True,423,153.73931972789114,0.0,172.26562499998857,PROVISIONAL_QUALIFIED_EVIDENCE,SOURCE_ASSOCIATED_NATIVE_MARKER,NUMERICAL_MARKER_ONLY_ATTACK_UNCERTAINTY_UNQUANTIFIED,,INDETERMINATE_UNQUANTIFIED_ATTACK_AND_REFERENCE_UNCERTAINTY,ZERO,11.609977324263038,NEW_010,c7efaf8d2029ed140d67b7cbfff1c23fd33e0ffcae18f285566266c063f78e1c,NEW_010_ADTOF_49_4,9.319727891153207,UNCONSTRAINED_NEW_010_95,UNCONSTRAINED_NEW_010_96,TRIO_CONDITIONED_NEW_010_70,BASS_00301,
F_MIX_00761,M3,True,154.041179138322,UNKNOWN,True,424,154.08761904761906,-46.43990929704955,172.26562499998857,UNKNOWN,SOURCE_NEUTRAL_NATIVE_MARKER,NUMERICAL_MARKER_ONLY_ATTACK_UNCERTAINTY_UNQUANTIFIED,,INDETERMINATE_UNQUANTIFIED_ATTACK_AND_REFERENCE_UNCERTAINTY,NEGATIVE,11.609977324263038,NEW_010,c7efaf8d2029ed140d67b7cbfff1c23fd33e0ffcae18f285566266c063f78e1c,NEW_010_ADTOF_49_5,58.82086167798661,UNCONSTRAINED_NEW_010_95,UNCONSTRAINED_NEW_010_96,TRIO_CONDITIONED_NEW_010_78,,
F_MIX_00762,M3,True,154.11083900226757,DRUM_SUPPORTED,True,424,154.08761904761906,23.219954648510566,161.49902343750904,PROVISIONAL_QUALIFIED_EVIDENCE,SOURCE_ASSOCIATED_NATIVE_MARKER,NUMERICAL_MARKER_ONLY_ATTACK_UNCERTAINTY_UNQUANTIFIED,,INDETERMINATE_UNQUANTIFIED_ATTACK_AND_REFERENCE_UNCERTAINTY,POSITIVE,11.609977324263038,NEW_010,c7efaf8d2029ed140d67b7cbfff1c23fd33e0ffcae18f285566266c063f78e1c,NEW_010_ADTOF_49_5,10.839002267573505,UNCONSTRAINED_NEW_010_95,UNCONSTRAINED_NEW_010_96,TRIO_CONDITIONED_NEW_010_78,BASS_00302,
F_MIX_00763,M3,True,154.47074829931972,DRUM_SUPPORTED,True,425,154.45913832199545,11.609977324269494,161.4990234374967,PROVISIONAL_QUALIFIED_EVIDENCE,SOURCE_ASSOCIATED_NATIVE_MARKER,NUMERICAL_MARKER_ONLY_ATTACK_UNCERTAINTY_UNQUANTIFIED,,INDETERMINATE_UNQUANTIFIED_ATTACK_AND_REFERENCE_UNCERTAINTY,POSITIVE,11.609977324263038,NEW_010,c7efaf8d2029ed140d67b7cbfff1c23fd33e0ffcae18f285566266c063f78e1c,NEW_010_ADTOF_35_3,10.748299319715215,UNCONSTRAINED_NEW_010_95,UNCONSTRAINED_NEW_010_96,TRIO_CONDITIONED_NEW_010_85,BASS_00303,
F_MIX_00764,M3,True,154.77260770975056,UNKNOWN,True,426,154.83065759637188,-58.04988662131905,161.4990234374967,UNKNOWN,SOURCE_NEUTRAL_NATIVE_MARKER,NUMERICAL_MARKER_ONLY_ATTACK_UNCERTAINTY_UNQUANTIFIED,,INDETERMINATE_UNQUANTIFIED_ATTACK_AND_REFERENCE_UNCERTAINTY,NEGATIVE,11.609977324263038,NEW_010,c7efaf8d2029ed140d67b7cbfff1c23fd33e0ffcae18f285566266c063f78e1c,NEW_010_ADTOF_49_7,37.392290249442794,UNCONSTRAINED_NEW_010_95,UNCONSTRAINED_NEW_010_96,TRIO_CONDITIONED_NEW_010_91,,
F_MIX_00765,M3,True,154.84226757369615,DRUM_SUPPORTED,True,426,154.83065759637188,11.609977324269494,172.26562500000261,PROVISIONAL_QUALIFIED_EVIDENCE,SOURCE_ASSOCIATED_NATIVE_MARKER,NUMERICAL_MARKER_ONLY_ATTACK_UNCERTAINTY_UNQUANTIFIED,,INDETERMINATE_UNQUANTIFIED_ATTACK_AND_REFERENCE_UNCERTAINTY,POSITIVE,11.609977324263038,NEW_010,c7efaf8d2029ed140d67b7cbfff1c23fd33e0ffcae18f285566266c063f78e1c,NEW_010_ADTOF_49_7,32.267573696145746,UNCONSTRAINED_NEW_010_95,UNCONSTRAINED_NEW_010_96,TRIO_CONDITIONED_NEW_010_91,BASS_00304,
F_MIX_00766,M3,True,155.1092970521542,UNKNOWN,True,427,155.17895691609976,-69.65986394556012,172.26562500000261,UNKNOWN,SOURCE_NEUTRAL_NATIVE_MARKER,NUMERICAL_MARKER_ONLY_ATTACK_UNCERTAINTY_UNQUANTIFIED,,INDETERMINATE_UNQUANTIFIED_ATTACK_AND_REFERENCE_UNCERTAINTY,NEGATIVE,11.609977324263038,control_155_165,c7efaf8d2029ed140d67b7cbfff1c23fd33e0ffcae18f285566266c063f78e1c,ADTOF_ADAPTER_00010,60.70294784578323,,,TRIO_CONDITIONED_control_155_165_5,,
F_MIX_00767,M3,True,155.19056689342403,DRUM_SUPPORTED,True,427,155.17895691609976,11.609977324269494,172.26562500000261,PROVISIONAL_QUALIFIED_EVIDENCE,SOURCE_ASSOCIATED_NATIVE_MARKER,NUMERICAL_MARKER_ONLY_ATTACK_UNCERTAINTY_UNQUANTIFIED,,INDETERMINATE_UNQUANTIFIED_ATTACK_AND_REFERENCE_UNCERTAINTY,POSITIVE,11.609977324263038,control_155_165,c7efaf8d2029ed140d67b7cbfff1c23fd33e0ffcae18f285566266c063f78e1c,ADTOF_ADAPTER_00010,20.566893424046384,,,TRIO_CONDITIONED_control_155_165_5,BASS_00305,
F_MIX_00768,M3,True,155.4575963718821,DRUM_SUPPORTED,True,428,155.52725623582765,-69.65986394556012,172.26562500000261,PROVISIONAL_QUALIFIED_EVIDENCE,SOURCE_ASSOCIATED_NATIVE_MARKER,NUMERICAL_MARKER_ONLY_ATTACK_UNCERTAINTY_UNQUANTIFIED,,INDETERMINATE_UNQUANTIFIED_ATTACK_AND_REFERENCE_UNCERTAINTY,NEGATIVE,11.609977324263038,control_155_165,c7efaf8d2029ed140d67b7cbfff1c23fd33e0ffcae18f285566266c063f78e1c,ADTOF_ADAPTER_00030,17.5963718820924,,,TRIO_CONDITIONED_control_155_165_9,,
F_MIX_00769,M3,True,155.50403628117914,DRUM_SUPPORTED,True,428,155.52725623582765,-23.219954648510566,172.26562500000261,PROVISIONAL_QUALIFIED_EVIDENCE,SOURCE_ASSOCIATED_NATIVE_MARKER,NUMERICAL_MARKER_ONLY_ATTACK_UNCERTAINTY_UNQUANTIFIED,,INDETERMINATE_UNQUANTIFIED_ATTACK_AND_REFERENCE_UNCERTAINTY,NEGATIVE,11.609977324263038,control_155_165,c7efaf8d2029ed140d67b7cbfff1c23fd33e0ffcae18f285566266c063f78e1c,ADTOF_ADAPTER_00031,15.963718820870554,,,TRIO_CONDITIONED_control_155_165_9,BASS_00306,
F_MIX_00770,M3,True,155.84072562358276,UNKNOWN,True,429,155.89877551020408,-58.04988662131905,161.4990234374967,UNKNOWN,SOURCE_NEUTRAL_NATIVE_MARKER,NUMERICAL_MARKER_ONLY_ATTACK_UNCERTAINTY_UNQUANTIFIED,,INDETERMINATE_UNQUANTIFIED_ATTACK_AND_REFERENCE_UNCERTAINTY,NEGATIVE,11.609977324263038,control_155_165,c7efaf8d2029ed140d67b7cbfff1c23fd33e0ffcae18f285566266c063f78e1c,ADTOF_ADAPTER_00011,49.274376417230314,,,TRIO_CONDITIONED_control_155_165_15,,
F_MIX_00771,M3,True,155.91038548752834,DRUM_SUPPORTED,True,429,155.89877551020408,11.609977324269494,172.26562500000261,PROVISIONAL_QUALIFIED_EVIDENCE,SOURCE_ASSOCIATED_NATIVE_MARKER,NUMERICAL_MARKER_ONLY_ATTACK_UNCERTAINTY_UNQUANTIFIED,,INDETERMINATE_UNQUANTIFIED_ATTACK_AND_REFERENCE_UNCERTAINTY,POSITIVE,11.609977324263038,control_155_165,c7efaf8d2029ed140d67b7cbfff1c23fd33e0ffcae18f285566266c063f78e1c,ADTOF_ADAPTER_00011,20.385487528358226,,,TRIO_CONDITIONED_control_155_165_15,,
F_MIX_00772,M3,True,156.1774149659864,DRUM_SUPPORTED,True,430,156.24707482993196,-69.65986394556012,172.26562500000261,PROVISIONAL_QUALIFIED_EVIDENCE,SOURCE_ASSOCIATED_NATIVE_MARKER,NUMERICAL_MARKER_ONLY_ATTACK_UNCERTAINTY_UNQUANTIFIED,,INDETERMINATE_UNQUANTIFIED_ATTACK_AND_REFERENCE_UNCERTAINTY,NEGATIVE,11.609977324263038,control_155_165,c7efaf8d2029ed140d67b7cbfff1c23fd33e0ffcae18f285566266c063f78e1c,ADTOF_ADAPTER_00012,27.414965986395146,,,TRIO_CONDITIONED_control_155_165_19,,
F_MIX_00773,M3,True,156.2702947845805,DRUM_SUPPORTED,True,430,156.24707482993196,23.219954648538987,161.4990234374967,PROVISIONAL_QUALIFIED_EVIDENCE,SOURCE_ASSOCIATED_NATIVE_MARKER,NUMERICAL_MARKER_ONLY_ATTACK_UNCERTAINTY_UNQUANTIFIED,,INDETERMINATE_UNQUANTIFIED_ATTACK_AND_REFERENCE_UNCERTAINTY,POSITIVE,11.609977324263038,control_155_165,c7efaf8d2029ed140d67b7cbfff1c23fd33e0ffcae18f285566266c063f78e1c,ADTOF_ADAPTER_00002,20.294784580499936,,,TRIO_CONDITIONED_control_155_165_19,,
F_MIX_00774,M3,True,156.32834467120182,UNKNOWN,True,430,156.24707482993196,81.26984126985803,161.4990234374967,UNKNOWN,SOURCE_NEUTRAL_NATIVE_MARKER,NUMERICAL_MARKER_ONLY_ATTACK_UNCERTAINTY_UNQUANTIFIED,,INDETERMINATE_UNQUANTIFIED_ATTACK_AND_REFERENCE_UNCERTAINTY,POSITIVE,11.609977324263038,control_155_165,c7efaf8d2029ed140d67b7cbfff1c23fd33e0ffcae18f285566266c063f78e1c,ADTOF_ADAPTER_00002,78.34467120181898,,,TRIO_CONDITIONED_control_155_165_19,,
F_MIX_00775,M3,True,156.6185941043084,DRUM_SUPPORTED,True,431,156.6185941043084,0.0,172.26562500000261,PROVISIONAL_QUALIFIED_EVIDENCE,SOURCE_ASSOCIATED_NATIVE_MARKER,NUMERICAL_MARKER_ONLY_ATTACK_UNCERTAINTY_UNQUANTIFIED,,INDETERMINATE_UNQUANTIFIED_ATTACK_AND_REFERENCE_UNCERTAINTY,ZERO,11.609977324263038,control_155_165,c7efaf8d2029ed140d67b7cbfff1c23fd33e0ffcae18f285566266c063f78e1c,ADTOF_ADAPTER_00013,8.594104308372152,,,TRIO_CONDITIONED_control_155_165_25,,
F_MIX_00776,M3,True,156.88562358276644,DRUM_SUPPORTED,True,432,156.96689342403627,-81.26984126982961,172.26562500000261,PROVISIONAL_QUALIFIED_EVIDENCE,SOURCE_ASSOCIATED_NATIVE_MARKER,NUMERICAL_MARKER_ONLY_ATTACK_UNCERTAINTY_UNQUANTIFIED,,INDETERMINATE_UNQUANTIFIED_ATTACK_AND_REFERENCE_UNCERTAINTY,NEGATIVE,11.609977324263038,control_155_165,c7efaf8d2029ed140d67b7cbfff1c23fd33e0ffcae18f285566266c063f78e1c,ADTOF_ADAPTER_00014,25.6235827664284,,,TRIO_CONDITIONED_control_155_165_30,,
F_MIX_00777,M3,True,157.35002267573697,DRUM_SUPPORTED,True,433,157.3384126984127,11.609977324269494,161.4990234374967,PROVISIONAL_QUALIFIED_EVIDENCE,SOURCE_ASSOCIATED_NATIVE_MARKER,NUMERICAL_MARKER_ONLY_ATTACK_UNCERTAINTY_UNQUANTIFIED,,INDETERMINATE_UNQUANTIFIED_ATTACK_AND_REFERENCE_UNCERTAINTY,POSITIVE,11.609977324263038,control_155_165,c7efaf8d2029ed140d67b7cbfff1c23fd33e0ffcae18f285566266c063f78e1c,ADTOF_ADAPTER_00016,10.022675736962583,,,TRIO_CONDITIONED_control_155_165_36,,
F_MIX_00778,M3,True,157.61705215419502,DRUM_SUPPORTED,True,434,157.70993197278912,-92.8798185940991,161.4990234374967,PROVISIONAL_QUALIFIED_EVIDENCE,SOURCE_ASSOCIATED_NATIVE_MARKER,NUMERICAL_MARKER_ONLY_ATTACK_UNCERTAINTY_UNQUANTIFIED,,INDETERMINATE_UNQUANTIFIED_ATTACK_AND_REFERENCE_UNCERTAINTY,NEGATIVE,11.609977324263038,control_155_165,c7efaf8d2029ed140d67b7cbfff1c23fd33e0ffcae18f285566266c063f78e1c,ADTOF_ADAPTER_00004,17.052154195027924,,,TRIO_CONDITIONED_control_155_165_39,,
F_MIX_00779,M3,True,157.73315192743763,DRUM_SUPPORTED,True,434,157.70993197278912,23.219954648510566,161.4990234374967,PROVISIONAL_QUALIFIED_EVIDENCE,SOURCE_ASSOCIATED_NATIVE_MARKER,NUMERICAL_MARKER_ONLY_ATTACK_UNCERTAINTY_UNQUANTIFIED,,INDETERMINATE_UNQUANTIFIED_ATTACK_AND_REFERENCE_UNCERTAINTY,POSITIVE,11.609977324263038,control_155_165,c7efaf8d2029ed140d67b7cbfff1c23fd33e0ffcae18f285566266c063f78e1c,ADTOF_ADAPTER_00017,23.151927437623954,,,TRIO_CONDITIONED_control_155_165_40,,
F_MIX_00780,M3,True,157.97696145124718,UNKNOWN,True,435,158.08145124716555,-104.4897959183686,161.4990234374967,UNKNOWN,SOURCE_NEUTRAL_NATIVE_MARKER,NUMERICAL_MARKER_ONLY_ATTACK_UNCERTAINTY_UNQUANTIFIED,,INDETERMINATE_UNQUANTIFIED_ATTACK_AND_REFERENCE_UNCERTAINTY,NEGATIVE,11.609977324263038,control_155_165,c7efaf8d2029ed140d67b7cbfff1c23fd33e0ffcae18f285566266c063f78e1c,ADTOF_ADAPTER_00037,93.03854875281559,,,TRIO_CONDITIONED_control_155_165_43,BASS_00307,
F_MIX_00781,M3,True,158.0930612244898,DRUM_SUPPORTED,True,435,158.08145124716555,11.609977324241072,161.49902343750904,PROVISIONAL_QUALIFIED_EVIDENCE,SOURCE_ASSOCIATED_NATIVE_MARKER,NUMERICAL_MARKER_ONLY_ATTACK_UNCERTAINTY_UNQUANTIFIED,,INDETERMINATE_UNQUANTIFIED_ATTACK_AND_REFERENCE_UNCERTAINTY,POSITIVE,11.609977324263038,control_155_165,c7efaf8d2029ed140d67b7cbfff1c23fd33e0ffcae18f285566266c063f78e1c,ADTOF_ADAPTER_00037,23.061224489794085,,,TRIO_CONDITIONED_control_155_165_43,,
F_MIX_00782,M3,True,158.4645804988662,DRUM_SUPPORTED,True,436,158.45297052154194,11.609977324269494,172.26562500000261,PROVISIONAL_QUALIFIED_EVIDENCE,SOURCE_ASSOCIATED_NATIVE_MARKER,NUMERICAL_MARKER_ONLY_ATTACK_UNCERTAINTY_UNQUANTIFIED,,INDETERMINATE_UNQUANTIFIED_ATTACK_AND_REFERENCE_UNCERTAINTY,POSITIVE,11.609977324263038,control_155_165,c7efaf8d2029ed140d67b7cbfff1c23fd33e0ffcae18f285566266c063f78e1c,ADTOF_ADAPTER_00005,5.419501133786753,,,TRIO_CONDITIONED_control_155_165_46,BASS_00308,
F_MIX_00783,M3,True,158.74321995464854,UNKNOWN,True,437,158.80126984126983,-58.049886621290625,172.26562500000261,UNKNOWN,SOURCE_NEUTRAL_NATIVE_MARKER,NUMERICAL_MARKER_ONLY_ATTACK_UNCERTAINTY_UNQUANTIFIED,,INDETERMINATE_UNQUANTIFIED_ATTACK_AND_REFERENCE_UNCERTAINTY,NEGATIVE,11.609977324263038,control_155_165,c7efaf8d2029ed140d67b7cbfff1c23fd33e0ffcae18f285566266c063f78e1c,ADTOF_ADAPTER_00021,66.78004535146442,,,TRIO_CONDITIONED_control_155_165_48,,
F_MIX_00784,M3,True,158.83609977324264,DRUM_SUPPORTED,True,437,158.80126984126983,34.82993197280848,161.4990234374967,PROVISIONAL_QUALIFIED_EVIDENCE,SOURCE_ASSOCIATED_NATIVE_MARKER,NUMERICAL_MARKER_ONLY_ATTACK_UNCERTAINTY_UNQUANTIFIED,,INDETERMINATE_UNQUANTIFIED_ATTACK_AND_REFERENCE_UNCERTAINTY,POSITIVE,11.609977324263038,control_155_165,c7efaf8d2029ed140d67b7cbfff1c23fd33e0ffcae18f285566266c063f78e1c,ADTOF_ADAPTER_00021,26.099773242634683,,,TRIO_CONDITIONED_control_155_165_48,,
F_MIX_00785,M3,True,159.09151927437642,UNKNOWN,True,438,159.17278911564625,-81.26984126982961,161.4990234374967,UNKNOWN,SOURCE_NEUTRAL_NATIVE_MARKER,NUMERICAL_MARKER_ONLY_ATTACK_UNCERTAINTY_UNQUANTIFIED,,INDETERMINATE_UNQUANTIFIED_ATTACK_AND_REFERENCE_UNCERTAINTY,NEGATIVE,11.609977324263038,control_155_165,c7efaf8d2029ed140d67b7cbfff1c23fd33e0ffcae18f285566266c063f78e1c,ADTOF_ADAPTER_00006,108.48072562356492,,,TRIO_CONDITIONED_control_155_165_51,BASS_00309,
F_MIX_00786,M3,True,159.18439909297052,DRUM_SUPPORTED,True,438,159.17278911564625,11.609977324269494,161.4990234374967,PROVISIONAL_QUALIFIED_EVIDENCE,SOURCE_ASSOCIATED_NATIVE_MARKER,NUMERICAL_MARKER_ONLY_ATTACK_UNCERTAINTY_UNQUANTIFIED,,INDETERMINATE_UNQUANTIFIED_ATTACK_AND_REFERENCE_UNCERTAINTY,POSITIVE,11.609977324263038,control_155_165,c7efaf8d2029ed140d67b7cbfff1c23fd33e0ffcae18f285566266c063f78e1c,ADTOF_ADAPTER_00006,15.600907029465816,,,TRIO_CONDITIONED_control_155_165_51,BASS_00310,
F_MIX_00787,M3,True,159.2192290249433,DRUM_SUPPORTED,True,438,159.17278911564625,46.43990929704955,161.4990234374967,PROVISIONAL_QUALIFIED_EVIDENCE,SOURCE_ASSOCIATED_NATIVE_MARKER,NUMERICAL_MARKER_ONLY_ATTACK_UNCERTAINTY_UNQUANTIFIED,,INDETERMINATE_UNQUANTIFIED_ATTACK_AND_REFERENCE_UNCERTAINTY,POSITIVE,11.609977324263038,control_155_165,c7efaf8d2029ed140d67b7cbfff1c23fd33e0ffcae18f285566266c063f78e1c,ADTOF_ADAPTER_00006,19.229024943314244,,,TRIO_CONDITIONED_control_155_165_51,,
F_MIX_00788,M3,True,159.4746485260771,UNKNOWN,True,439,159.54430839002268,-69.65986394558854,161.4990234374967,UNKNOWN,SOURCE_NEUTRAL_NATIVE_MARKER,NUMERICAL_MARKER_ONLY_ATTACK_UNCERTAINTY_UNQUANTIFIED,,INDETERMINATE_UNQUANTIFIED_ATTACK_AND_REFERENCE_UNCERTAINTY,NEGATIVE,11.609977324263038,control_155_165,c7efaf8d2029ed140d67b7cbfff1c23fd33e0ffcae18f285566266c063f78e1c,ADTOF_ADAPTER_00007,65.35147392290241,,,TRIO_CONDITIONED_control_155_165_54,,
F_MIX_00789,M3,True,159.55591836734695,DRUM_SUPPORTED,True,439,159.54430839002268,11.609977324269494,161.4990234374967,PROVISIONAL_QUALIFIED_EVIDENCE,SOURCE_ASSOCIATED_NATIVE_MARKER,NUMERICAL_MARKER_ONLY_ATTACK_UNCERTAINTY_UNQUANTIFIED,,INDETERMINATE_UNQUANTIFIED_ATTACK_AND_REFERENCE_UNCERTAINTY,POSITIVE,11.609977324263038,control_155_165,c7efaf8d2029ed140d67b7cbfff1c23fd33e0ffcae18f285566266c063f78e1c,ADTOF_ADAPTER_00007,15.91836734695562,,,TRIO_CONDITIONED_control_155_165_54,BASS_00311,
F_MIX_00790,M3,True,159.77650793650793,UNKNOWN,True,440,159.9158276643991,-139.31972789117708,161.4990234374967,UNKNOWN,SOURCE_NEUTRAL_NATIVE_MARKER,NUMERICAL_MARKER_ONLY_ATTACK_UNCERTAINTY_UNQUANTIFIED,,INDETERMINATE_UNQUANTIFIED_ATTACK_AND_REFERENCE_UNCERTAINTY,NEGATIVE,11.609977324263038,control_155_165,c7efaf8d2029ed140d67b7cbfff1c23fd33e0ffcae18f285566266c063f78e1c,ADTOF_ADAPTER_00007,236.5079365079339,,,TRIO_CONDITIONED_control_155_165_56,BASS_00312,
F_MIX_00791,M3,True,159.81133786848073,UNKNOWN,True,440,159.9158276643991,-104.4897959183686,161.4990234374967,UNKNOWN,SOURCE_NEUTRAL_NATIVE_MARKER,NUMERICAL_MARKER_ONLY_ATTACK_UNCERTAINTY_UNQUANTIFIED,,INDETERMINATE_UNQUANTIFIED_ATTACK_AND_REFERENCE_UNCERTAINTY,NEGATIVE,11.609977324263038,control_155_165,c7efaf8d2029ed140d67b7cbfff1c23fd33e0ffcae18f285566266c063f78e1c,ADTOF_ADAPTER_00007,271.3378684807424,,,TRIO_CONDITIONED_control_155_165_56,,
F_MIX_00792,M3,True,159.9158276643991,UNKNOWN,True,440,159.9158276643991,0.0,172.26562500000261,UNKNOWN,SOURCE_NEUTRAL_NATIVE_MARKER,NUMERICAL_MARKER_ONLY_ATTACK_UNCERTAINTY_UNQUANTIFIED,,INDETERMINATE_UNQUANTIFIED_ATTACK_AND_REFERENCE_UNCERTAINTY,ZERO,11.609977324263038,control_155_165,c7efaf8d2029ed140d67b7cbfff1c23fd33e0ffcae18f285566266c063f78e1c,ADTOF_ADAPTER_00023,354.1723356009072,,,TRIO_CONDITIONED_control_155_165_56,,
F_MIX_00793,M3,True,160.14802721088435,UNKNOWN,True,441,160.264126984127,-116.0997732426381,172.26562500000261,UNKNOWN,SOURCE_NEUTRAL_NATIVE_MARKER,NUMERICAL_MARKER_ONLY_ATTACK_UNCERTAINTY_UNQUANTIFIED,,INDETERMINATE_UNQUANTIFIED_ATTACK_AND_REFERENCE_UNCERTAINTY,NEGATIVE,11.609977324263038,control_155_165,c7efaf8d2029ed140d67b7cbfff1c23fd33e0ffcae18f285566266c063f78e1c,ADTOF_ADAPTER_00023,121.97278911565945,,,TRIO_CONDITIONED_control_155_165_62,,
F_MIX_00794,M3,True,160.2873469387755,DRUM_SUPPORTED,True,441,160.264126984127,23.219954648510566,172.26562500000261,PROVISIONAL_QUALIFIED_EVIDENCE,SOURCE_ASSOCIATED_NATIVE_MARKER,NUMERICAL_MARKER_ONLY_ATTACK_UNCERTAINTY_UNQUANTIFIED,,INDETERMINATE_UNQUANTIFIED_ATTACK_AND_REFERENCE_UNCERTAINTY,POSITIVE,11.609977324263038,control_155_165,c7efaf8d2029ed140d67b7cbfff1c23fd33e0ffcae18f285566266c063f78e1c,ADTOF_ADAPTER_00023,17.346938775489207,,,TRIO_CONDITIONED_control_155_165_64,,
F_MIX_00795,M3,True,160.6356462585034,DRUM_SUPPORTED,True,442,160.61242630385487,23.219954648538987,161.4990234374967,PROVISIONAL_QUALIFIED_EVIDENCE,SOURCE_ASSOCIATED_NATIVE_MARKER,NUMERICAL_MARKER_ONLY_ATTACK_UNCERTAINTY_UNQUANTIFIED,,INDETERMINATE_UNQUANTIFIED_ATTACK_AND_REFERENCE_UNCERTAINTY,POSITIVE,11.609977324263038,control_155_165,c7efaf8d2029ed140d67b7cbfff1c23fd33e0ffcae18f285566266c063f78e1c,ADTOF_ADAPTER_00038,15.646258503409172,,,TRIO_CONDITIONED_control_155_165_71,,
F_MIX_00796,M3,True,160.83301587301588,UNKNOWN,True,443,160.9839455782313,-150.92970521541815,161.4990234374967,UNKNOWN,SOURCE_NEUTRAL_NATIVE_MARKER,NUMERICAL_MARKER_ONLY_ATTACK_UNCERTAINTY_UNQUANTIFIED,,INDETERMINATE_UNQUANTIFIED_ATTACK_AND_REFERENCE_UNCERTAINTY,NEGATIVE,11.609977324263038,control_155_165,c7efaf8d2029ed140d67b7cbfff1c23fd33e0ffcae18f285566266c063f78e1c,ADTOF_ADAPTER_00024,176.98412698410948,,,TRIO_CONDITIONED_control_155_165_73,,
F_MIX_00797,M3,True,160.86784580498866,UNKNOWN,True,443,160.9839455782313,-116.0997732426381,161.4990234374967,UNKNOWN,SOURCE_NEUTRAL_NATIVE_MARKER,NUMERICAL_MARKER_ONLY_ATTACK_UNCERTAINTY_UNQUANTIFIED,,INDETERMINATE_UNQUANTIFIED_ATTACK_AND_REFERENCE_UNCERTAINTY,NEGATIVE,11.609977324263038,control_155_165,c7efaf8d2029ed140d67b7cbfff1c23fd33e0ffcae18f285566266c063f78e1c,ADTOF_ADAPTER_00024,142.15419501132942,,,TRIO_CONDITIONED_control_155_165_73,,
F_MIX_00798,M3,True,161.03038548752835,DRUM_SUPPORTED,True,443,160.9839455782313,46.43990929704955,172.26562500000261,PROVISIONAL_QUALIFIED_EVIDENCE,SOURCE_ASSOCIATED_NATIVE_MARKER,NUMERICAL_MARKER_ONLY_ATTACK_UNCERTAINTY_UNQUANTIFIED,,INDETERMINATE_UNQUANTIFIED_ATTACK_AND_REFERENCE_UNCERTAINTY,POSITIVE,11.609977324263038,control_155_165,c7efaf8d2029ed140d67b7cbfff1c23fd33e0ffcae18f285566266c063f78e1c,ADTOF_ADAPTER_00024,20.385487528358226,,,TRIO_CONDITIONED_control_155_165_74,,
F_MIX_00799,M3,True,161.19292517006804,UNKNOWN,True,444,161.33224489795919,-139.31972789114866,172.26562500000261,UNKNOWN,SOURCE_NEUTRAL_NATIVE_MARKER,NUMERICAL_MARKER_ONLY_ATTACK_UNCERTAINTY_UNQUANTIFIED,,INDETERMINATE_UNQUANTIFIED_ATTACK_AND_REFERENCE_UNCERTAINTY,NEGATIVE,11.609977324263038,control_155_165,c7efaf8d2029ed140d67b7cbfff1c23fd33e0ffcae18f285566266c063f78e1c,ADTOF_ADAPTER_00024,182.92517006804587,,,TRIO_CONDITIONED_control_155_165_76,,
F_MIX_00800,M3,True,161.2393650793651,UNKNOWN,True,444,161.33224489795919,-92.8798185940991,172.26562500000261,UNKNOWN,SOURCE_NEUTRAL_NATIVE_MARKER,NUMERICAL_MARKER_ONLY_ATTACK_UNCERTAINTY_UNQUANTIFIED,,INDETERMINATE_UNQUANTIFIED_ATTACK_AND_REFERENCE_UNCERTAINTY,NEGATIVE,11.609977324263038,control_155_165,c7efaf8d2029ed140d67b7cbfff1c23fd33e0ffcae18f285566266c063f78e1c,ADTOF_ADAPTER_00024,229.36507936509543,,,TRIO_CONDITIONED_control_155_165_76,,
F_MIX_00801,M3,True,161.2974149659864,UNKNOWN,True,444,161.33224489795919,-34.82993197278006,172.26562500000261,UNKNOWN,SOURCE_NEUTRAL_NATIVE_MARKER,NUMERICAL_MARKER_ONLY_ATTACK_UNCERTAINTY_UNQUANTIFIED,,INDETERMINATE_UNQUANTIFIED_ATTACK_AND_REFERENCE_UNCERTAINTY,NEGATIVE,11.609977324263038,control_155_165,c7efaf8d2029ed140d67b7cbfff1c23fd33e0ffcae18f285566266c063f78e1c,ADTOF_ADAPTER_00024,287.4149659864145,,,TRIO_CONDITIONED_control_155_165_78,,
F_MIX_00802,M3,True,161.37868480725623,UNKNOWN,True,444,161.33224489795919,46.43990929704955,172.26562500000261,UNKNOWN,SOURCE_NEUTRAL_NATIVE_MARKER,NUMERICAL_MARKER_ONLY_ATTACK_UNCERTAINTY_UNQUANTIFIED,,INDETERMINATE_UNQUANTIFIED_ATTACK_AND_REFERENCE_UNCERTAINTY,POSITIVE,11.609977324263038,control_155_165,c7efaf8d2029ed140d67b7cbfff1c23fd33e0ffcae18f285566266c063f78e1c,ADTOF_ADAPTER_00008,221.31519274375933,,,TRIO_CONDITIONED_control_155_165_78,,
F_MIX_00803,M3,True,161.42512471655328,UNKNOWN,True,444,161.33224489795919,92.8798185940991,172.26562500000261,UNKNOWN,SOURCE_NEUTRAL_NATIVE_MARKER,NUMERICAL_MARKER_ONLY_ATTACK_UNCERTAINTY_UNQUANTIFIED,,INDETERMINATE_UNQUANTIFIED_ATTACK_AND_REFERENCE_UNCERTAINTY,POSITIVE,11.609977324263038,control_155_165,c7efaf8d2029ed140d67b7cbfff1c23fd33e0ffcae18f285566266c063f78e1c,ADTOF_ADAPTER_00008,174.87528344670977,,,TRIO_CONDITIONED_control_155_165_78,,
F_MIX_00804,M3,True,161.62249433106575,DRUM_SUPPORTED,True,445,161.68054421768707,-58.04988662131905,172.26562500000261,PROVISIONAL_QUALIFIED_EVIDENCE,SOURCE_ASSOCIATED_NATIVE_MARKER,NUMERICAL_MARKER_ONLY_ATTACK_UNCERTAINTY_UNQUANTIFIED,,INDETERMINATE_UNQUANTIFIED_ATTACK_AND_REFERENCE_UNCERTAINTY,NEGATIVE,11.609977324263038,control_155_165,c7efaf8d2029ed140d67b7cbfff1c23fd33e0ffcae18f285566266c063f78e1c,ADTOF_ADAPTER_00008,22.494331065757933,,,TRIO_CONDITIONED_control_155_165_80,,
F_MIX_00805,M3,True,161.7385941043084,DRUM_SUPPORTED,True,445,161.68054421768707,58.04988662131905,161.4990234374967,PROVISIONAL_QUALIFIED_EVIDENCE,SOURCE_ASSOCIATED_NATIVE_MARKER,NUMERICAL_MARKER_ONLY_ATTACK_UNCERTAINTY_UNQUANTIFIED,,INDETERMINATE_UNQUANTIFIED_ATTACK_AND_REFERENCE_UNCERTAINTY,POSITIVE,11.609977324263038,control_155_165,c7efaf8d2029ed140d67b7cbfff1c23fd33e0ffcae18f285566266c063f78e1c,ADTOF_ADAPTER_00025,18.59410430839148,,,TRIO_CONDITIONED_control_155_165_82,,
F_MIX_00806,M3,True,161.9824036281179,UNKNOWN,True,446,162.0520634920635,-69.65986394558854,161.4990234374967,UNKNOWN,SOURCE_NEUTRAL_NATIVE_MARKER,NUMERICAL_MARKER_ONLY_ATTACK_UNCERTAINTY_UNQUANTIFIED,,INDETERMINATE_UNQUANTIFIED_ATTACK_AND_REFERENCE_UNCERTAINTY,NEGATIVE,11.609977324263038,control_155_165,c7efaf8d2029ed140d67b7cbfff1c23fd33e0ffcae18f285566266c063f78e1c,ADTOF_ADAPTER_00026,97.5963718821049,,,TRIO_CONDITIONED_control_155_165_87,,
F_MIX_00807,M3,True,162.09850340136055,DRUM_SUPPORTED,True,446,162.0520634920635,46.43990929704955,172.26562500000261,PROVISIONAL_QUALIFIED_EVIDENCE,SOURCE_ASSOCIATED_NATIVE_MARKER,NUMERICAL_MARKER_ONLY_ATTACK_UNCERTAINTY_UNQUANTIFIED,,INDETERMINATE_UNQUANTIFIED_ATTACK_AND_REFERENCE_UNCERTAINTY,POSITIVE,11.609977324263038,control_155_165,c7efaf8d2029ed140d67b7cbfff1c23fd33e0ffcae18f285566266c063f78e1c,ADTOF_ADAPTER_00026,18.50340136053319,,,TRIO_CONDITIONED_control_155_165_89,,
F_MIX_00808,M3,True,162.4584126984127,DRUM_SUPPORTED,True,447,162.40036281179138,58.04988662131905,161.4990234374967,PROVISIONAL_QUALIFIED_EVIDENCE,SOURCE_ASSOCIATED_NATIVE_MARKER,NUMERICAL_MARKER_ONLY_ATTACK_UNCERTAINTY_UNQUANTIFIED,,INDETERMINATE_UNQUANTIFIED_ATTACK_AND_REFERENCE_UNCERTAINTY,POSITIVE,11.609977324263038,control_155_165,c7efaf8d2029ed140d67b7cbfff1c23fd33e0ffcae18f285566266c063f78e1c,ADTOF_ADAPTER_00027,8.412698412712416,,,TRIO_CONDITIONED_control_155_165_92,,
F_MIX_00809,M3,True,162.70222222222222,DRUM_SUPPORTED,True,448,162.7718820861678,-69.65986394558854,161.4990234374967,PROVISIONAL_QUALIFIED_EVIDENCE,SOURCE_ASSOCIATED_NATIVE_MARKER,NUMERICAL_MARKER_ONLY_ATTACK_UNCERTAINTY_UNQUANTIFIED,,INDETERMINATE_UNQUANTIFIED_ATTACK_AND_REFERENCE_UNCERTAINTY,NEGATIVE,11.609977324263038,control_155_165,c7efaf8d2029ed140d67b7cbfff1c23fd33e0ffcae18f285566266c063f78e1c,ADTOF_ADAPTER_00028,12.22222222222058,,,TRIO_CONDITIONED_control_155_165_93,,
F_MIX_00810,M3,True,162.81832199546486,UNKNOWN,True,448,162.7718820861678,46.43990929704955,161.4990234374967,UNKNOWN,SOURCE_NEUTRAL_NATIVE_MARKER,NUMERICAL_MARKER_ONLY_ATTACK_UNCERTAINTY_UNQUANTIFIED,,INDETERMINATE_UNQUANTIFIED_ATTACK_AND_REFERENCE_UNCERTAINTY,POSITIVE,11.609977324263038,control_155_165,c7efaf8d2029ed140d67b7cbfff1c23fd33e0ffcae18f285566266c063f78e1c,ADTOF_ADAPTER_00028,128.32199546485867,,,TRIO_CONDITIONED_control_155_165_95,,
F_MIX_00811,M3,True,162.8647619047619,UNKNOWN,True,448,162.7718820861678,92.8798185940991,161.4990234374967,UNKNOWN,SOURCE_NEUTRAL_NATIVE_MARKER,NUMERICAL_MARKER_ONLY_ATTACK_UNCERTAINTY_UNQUANTIFIED,,INDETERMINATE_UNQUANTIFIED_ATTACK_AND_REFERENCE_UNCERTAINTY,POSITIVE,11.609977324263038,control_155_165,c7efaf8d2029ed140d67b7cbfff1c23fd33e0ffcae18f285566266c063f78e1c,ADTOF_ADAPTER_00028,174.76190476190823,,,TRIO_CONDITIONED_control_155_165_95,,
F_MIX_00812,M3,True,163.0505215419501,DRUM_SUPPORTED,True,449,163.14340136054423,-92.87981859412753,161.4990234374967,PROVISIONAL_QUALIFIED_EVIDENCE,SOURCE_ASSOCIATED_NATIVE_MARKER,NUMERICAL_MARKER_ONLY_ATTACK_UNCERTAINTY_UNQUANTIFIED,,INDETERMINATE_UNQUANTIFIED_ATTACK_AND_REFERENCE_UNCERTAINTY,NEGATIVE,11.609977324263038,control_155_165,c7efaf8d2029ed140d67b7cbfff1c23fd33e0ffcae18f285566266c063f78e1c,ADTOF_ADAPTER_00018,10.521541950112123,,,TRIO_CONDITIONED_control_155_165_97,,
F_MIX_00813,M3,True,163.178231292517,DRUM_SUPPORTED,True,449,163.14340136054423,34.82993197278006,161.49902343750904,PROVISIONAL_QUALIFIED_EVIDENCE,SOURCE_ASSOCIATED_NATIVE_MARKER,NUMERICAL_MARKER_ONLY_ATTACK_UNCERTAINTY_UNQUANTIFIED,,INDETERMINATE_UNQUANTIFIED_ATTACK_AND_REFERENCE_UNCERTAINTY,POSITIVE,11.609977324263038,control_155_165,c7efaf8d2029ed140d67b7cbfff1c23fd33e0ffcae18f285566266c063f78e1c,ADTOF_ADAPTER_00019,18.231292517015163,,,TRIO_CONDITIONED_control_155_165_100,,
F_MIX_00814,M3,True,163.44526077097507,UNKNOWN,True,450,163.51492063492063,-69.65986394556012,161.49902343750904,UNKNOWN,SOURCE_NEUTRAL_NATIVE_MARKER,NUMERICAL_MARKER_ONLY_ATTACK_UNCERTAINTY_UNQUANTIFIED,,INDETERMINATE_UNQUANTIFIED_ATTACK_AND_REFERENCE_UNCERTAINTY,NEGATIVE,11.609977324263038,control_155_165,c7efaf8d2029ed140d67b7cbfff1c23fd33e0ffcae18f285566266c063f78e1c,ADTOF_ADAPTER_00039,74.73922902494223,,,TRIO_CONDITIONED_control_155_165_105,,
F_MIX_00815,M3,True,163.85160997732427,UNKNOWN,True,451,163.88643990929705,-34.82993197278006,161.4990234374967,UNKNOWN,SOURCE_NEUTRAL_NATIVE_MARKER,NUMERICAL_MARKER_ONLY_ATTACK_UNCERTAINTY_UNQUANTIFIED,,INDETERMINATE_UNQUANTIFIED_ATTACK_AND_REFERENCE_UNCERTAINTY,NEGATIVE,11.609977324263038,control_155_165,c7efaf8d2029ed140d67b7cbfff1c23fd33e0ffcae18f285566266c063f78e1c,ADTOF_ADAPTER_00009,48.39002267573278,,,TRIO_CONDITIONED_control_155_165_112,,
F_MIX_00816,M3,True,163.92126984126983,DRUM_SUPPORTED,True,451,163.88643990929705,34.82993197278006,172.26562500000261,PROVISIONAL_QUALIFIED_EVIDENCE,SOURCE_ASSOCIATED_NATIVE_MARKER,NUMERICAL_MARKER_ONLY_ATTACK_UNCERTAINTY_UNQUANTIFIED,,INDETERMINATE_UNQUANTIFIED_ATTACK_AND_REFERENCE_UNCERTAINTY,POSITIVE,11.609977324263038,control_155_165,c7efaf8d2029ed140d67b7cbfff1c23fd33e0ffcae18f285566266c063f78e1c,ADTOF_ADAPTER_00009,21.26984126982734,,,TRIO_CONDITIONED_control_155_165_112,BASS_00313,
F_MIX_00817,M3,True,164.1882993197279,UNKNOWN,True,452,164.23473922902494,-46.43990929704955,172.26562500000261,UNKNOWN,SOURCE_NEUTRAL_NATIVE_MARKER,NUMERICAL_MARKER_ONLY_ATTACK_UNCERTAINTY_UNQUANTIFIED,,INDETERMINATE_UNQUANTIFIED_ATTACK_AND_REFERENCE_UNCERTAINTY,NEGATIVE,11.609977324263038,control_155_165,c7efaf8d2029ed140d67b7cbfff1c23fd33e0ffcae18f285566266c063f78e1c,ADTOF_ADAPTER_00041,71.70068027210164,,,TRIO_CONDITIONED_control_155_165_118,,
F_MIX_00818,M3,True,164.281179138322,DRUM_SUPPORTED,True,452,164.23473922902494,46.43990929704955,161.4990234374967,PROVISIONAL_QUALIFIED_EVIDENCE,SOURCE_ASSOCIATED_NATIVE_MARKER,NUMERICAL_MARKER_ONLY_ATTACK_UNCERTAINTY_UNQUANTIFIED,,INDETERMINATE_UNQUANTIFIED_ATTACK_AND_REFERENCE_UNCERTAINTY,POSITIVE,11.609977324263038,control_155_165,c7efaf8d2029ed140d67b7cbfff1c23fd33e0ffcae18f285566266c063f78e1c,ADTOF_ADAPTER_00041,21.17913832199747,,,TRIO_CONDITIONED_control_155_165_121,BASS_00314,
F_MIX_00819,M3,True,164.38566893424036,UNKNOWN,True,452,164.23473922902494,150.92970521541815,161.4990234374967,UNKNOWN,SOURCE_NEUTRAL_NATIVE_MARKER,NUMERICAL_MARKER_ONLY_ATTACK_UNCERTAINTY_UNQUANTIFIED,,INDETERMINATE_UNQUANTIFIED_ATTACK_AND_REFERENCE_UNCERTAINTY,POSITIVE,11.609977324263038,control_155_165,c7efaf8d2029ed140d67b7cbfff1c23fd33e0ffcae18f285566266c063f78e1c,ADTOF_ADAPTER_00041,125.66893424036607,,,TRIO_CONDITIONED_control_155_165_127,,
F_MIX_00820,M3,True,164.53659863945578,UNKNOWN,True,453,164.60625850340136,-69.65986394558854,161.4990234374967,UNKNOWN,SOURCE_NEUTRAL_NATIVE_MARKER,NUMERICAL_MARKER_ONLY_ATTACK_UNCERTAINTY_UNQUANTIFIED,,INDETERMINATE_UNQUANTIFIED_ATTACK_AND_REFERENCE_UNCERTAINTY,NEGATIVE,11.609977324263038,control_155_165,c7efaf8d2029ed140d67b7cbfff1c23fd33e0ffcae18f285566266c063f78e1c,ADTOF_ADAPTER_00042,103.40136054421123,,,TRIO_CONDITIONED_control_155_165_127,,
F_MIX_00821,M3,True,164.62947845804987,DRUM_SUPPORTED,True,453,164.60625850340136,23.219954648510566,161.4990234374967,PROVISIONAL_QUALIFIED_EVIDENCE,SOURCE_ASSOCIATED_NATIVE_MARKER,NUMERICAL_MARKER_ONLY_ATTACK_UNCERTAINTY_UNQUANTIFIED,,INDETERMINATE_UNQUANTIFIED_ATTACK_AND_REFERENCE_UNCERTAINTY,POSITIVE,11.609977324263038,control_155_165,c7efaf8d2029ed140d67b7cbfff1c23fd33e0ffcae18f285566266c063f78e1c,ADTOF_ADAPTER_00042,10.521541950112123,,,TRIO_CONDITIONED_control_155_165_130,BASS_00315,
F_MIX_00822,M3,True,164.66430839002268,DRUM_SUPPORTED,True,453,164.60625850340136,58.04988662131905,161.4990234374967,PROVISIONAL_QUALIFIED_EVIDENCE,SOURCE_ASSOCIATED_NATIVE_MARKER,NUMERICAL_MARKER_ONLY_ATTACK_UNCERTAINTY_UNQUANTIFIED,,INDETERMINATE_UNQUANTIFIED_ATTACK_AND_REFERENCE_UNCERTAINTY,POSITIVE,11.609977324263038,control_155_165,c7efaf8d2029ed140d67b7cbfff1c23fd33e0ffcae18f285566266c063f78e1c,ADTOF_ADAPTER_00042,24.308390022696358,,,TRIO_CONDITIONED_control_155_165_130,,
F_MIX_00823,M3,True,164.93133786848074,UNKNOWN,True,454,164.9777777777778,-46.43990929704955,161.4990234374967,UNKNOWN,SOURCE_NEUTRAL_NATIVE_MARKER,NUMERICAL_MARKER_ONLY_ATTACK_UNCERTAINTY_UNQUANTIFIED,,INDETERMINATE_UNQUANTIFIED_ATTACK_AND_REFERENCE_UNCERTAINTY,NEGATIVE,11.609977324263038,control_155_165,c7efaf8d2029ed140d67b7cbfff1c23fd33e0ffcae18f285566266c063f78e1c,ADTOF_ADAPTER_00042,291.3378684807526,,,TRIO_CONDITIONED_control_155_165_138,BASS_00316,
F_MIX_00824,M3,True,165.37251700680272,DRUM_SUPPORTED,True,455,165.34929705215418,23.219954648538987,172.26562499998857,PROVISIONAL_QUALIFIED_EVIDENCE,SOURCE_ASSOCIATED_NATIVE_MARKER,NUMERICAL_MARKER_ONLY_ATTACK_UNCERTAINTY_UNQUANTIFIED,,INDETERMINATE_UNQUANTIFIED_ATTACK_AND_REFERENCE_UNCERTAINTY,POSITIVE,11.609977324263038,NEW_011,c7efaf8d2029ed140d67b7cbfff1c23fd33e0ffcae18f285566266c063f78e1c,NEW_011_ADTOF_49_2,12.517006802710284,,UNCONSTRAINED_NEW_011_166,TRIO_CONDITIONED_NEW_011_23,BASS_00317,
F_MIX_00825,M3,True,165.6627664399093,UNKNOWN,True,456,165.6975963718821,-34.82993197280848,172.26562499998857,UNKNOWN,SOURCE_NEUTRAL_NATIVE_MARKER,NUMERICAL_MARKER_ONLY_ATTACK_UNCERTAINTY_UNQUANTIFIED,,INDETERMINATE_UNQUANTIFIED_ATTACK_AND_REFERENCE_UNCERTAINTY,NEGATIVE,11.609977324263038,NEW_011,c7efaf8d2029ed140d67b7cbfff1c23fd33e0ffcae18f285566266c063f78e1c,NEW_011_ADTOF_35_0,67.23356009069903,,UNCONSTRAINED_NEW_011_166,TRIO_CONDITIONED_NEW_011_32,,
F_MIX_00826,M3,True,165.73242630385488,DRUM_SUPPORTED,True,456,165.6975963718821,34.82993197278006,161.49902343750904,PROVISIONAL_QUALIFIED_EVIDENCE,SOURCE_ASSOCIATED_NATIVE_MARKER,NUMERICAL_MARKER_ONLY_ATTACK_UNCERTAINTY_UNQUANTIFIED,,INDETERMINATE_UNQUANTIFIED_ATTACK_AND_REFERENCE_UNCERTAINTY,POSITIVE,11.609977324263038,NEW_011,c7efaf8d2029ed140d67b7cbfff1c23fd33e0ffcae18f285566266c063f78e1c,NEW_011_ADTOF_35_0,2.426303854889511,,UNCONSTRAINED_NEW_011_166,TRIO_CONDITIONED_NEW_011_32,BASS_00318,
F_MIX_00827,M3,True,166.02267573696145,UNKNOWN,True,457,166.0691156462585,-46.43990929704955,161.49902343750904,UNKNOWN,SOURCE_NEUTRAL_NATIVE_MARKER,NUMERICAL_MARKER_ONLY_ATTACK_UNCERTAINTY_UNQUANTIFIED,,INDETERMINATE_UNQUANTIFIED_ATTACK_AND_REFERENCE_UNCERTAINTY,NEGATIVE,11.609977324263038,NEW_011,c7efaf8d2029ed140d67b7cbfff1c23fd33e0ffcae18f285566266c063f78e1c,NEW_011_ADTOF_49_4,57.324263038566414,,UNCONSTRAINED_NEW_011_166,TRIO_CONDITIONED_NEW_011_38,,
F_MIX_00828,M3,True,166.09233560090703,DRUM_SUPPORTED,True,457,166.0691156462585,23.219954648538987,172.26562500000261,PROVISIONAL_QUALIFIED_EVIDENCE,SOURCE_ASSOCIATED_NATIVE_MARKER,NUMERICAL_MARKER_ONLY_ATTACK_UNCERTAINTY_UNQUANTIFIED,,INDETERMINATE_UNQUANTIFIED_ATTACK_AND_REFERENCE_UNCERTAINTY,POSITIVE,11.609977324263038,NEW_011,c7efaf8d2029ed140d67b7cbfff1c23fd33e0ffcae18f285566266c063f78e1c,NEW_011_ADTOF_49_4,12.335600907022126,,UNCONSTRAINED_NEW_011_166,TRIO_CONDITIONED_NEW_011_38,,
F_MIX_00829,M3,True,166.37097505668933,UNKNOWN,True,458,166.41741496598638,-46.43990929704955,172.26562500000261,UNKNOWN,SOURCE_NEUTRAL_NATIVE_MARKER,NUMERICAL_MARKER_ONLY_ATTACK_UNCERTAINTY_UNQUANTIFIED,,INDETERMINATE_UNQUANTIFIED_ATTACK_AND_REFERENCE_UNCERTAINTY,NEGATIVE,11.609977324263038,NEW_011,c7efaf8d2029ed140d67b7cbfff1c23fd33e0ffcae18f285566266c063f78e1c,NEW_011_ADTOF_35_1,69.02494331066578,,UNCONSTRAINED_NEW_011_166,TRIO_CONDITIONED_NEW_011_45,,
F_MIX_00830,M3,True,166.4522448979592,DRUM_SUPPORTED,True,458,166.41741496598638,34.82993197280848,161.4990234374967,PROVISIONAL_QUALIFIED_EVIDENCE,SOURCE_ASSOCIATED_NATIVE_MARKER,NUMERICAL_MARKER_ONLY_ATTACK_UNCERTAINTY_UNQUANTIFIED,,INDETERMINATE_UNQUANTIFIED_ATTACK_AND_REFERENCE_UNCERTAINTY,POSITIVE,11.609977324263038,NEW_011,c7efaf8d2029ed140d67b7cbfff1c23fd33e0ffcae18f285566266c063f78e1c,NEW_011_ADTOF_35_1,12.244897959192258,,UNCONSTRAINED_NEW_011_166,TRIO_CONDITIONED_NEW_011_45,,
F_MIX_00831,M3,True,166.5102947845805,UNKNOWN,True,458,166.41741496598638,92.87981859412753,161.4990234374967,UNKNOWN,SOURCE_NEUTRAL_NATIVE_MARKER,NUMERICAL_MARKER_ONLY_ATTACK_UNCERTAINTY_UNQUANTIFIED,,INDETERMINATE_UNQUANTIFIED_ATTACK_AND_REFERENCE_UNCERTAINTY,POSITIVE,11.609977324263038,NEW_011,c7efaf8d2029ed140d67b7cbfff1c23fd33e0ffcae18f285566266c063f78e1c,NEW_011_ADTOF_35_1,70.2947845805113,,UNCONSTRAINED_NEW_011_166,TRIO_CONDITIONED_NEW_011_45,,
F_MIX_00832,M3,True,166.71927437641725,DRUM_SUPPORTED,True,459,166.7889342403628,-69.65986394556012,161.4990234374967,PROVISIONAL_QUALIFIED_EVIDENCE,SOURCE_ASSOCIATED_NATIVE_MARKER,NUMERICAL_MARKER_ONLY_ATTACK_UNCERTAINTY_UNQUANTIFIED,,INDETERMINATE_UNQUANTIFIED_ATTACK_AND_REFERENCE_UNCERTAINTY,NEGATIVE,11.609977324263038,NEW_011,c7efaf8d2029ed140d67b7cbfff1c23fd33e0ffcae18f285566266c063f78e1c,NEW_011_ADTOF_38_0,19.2743764172576,,UNCONSTRAINED_NEW_011_166,TRIO_CONDITIONED_NEW_011_47,,
F_MIX_00833,M3,True,167.1024036281179,UNKNOWN,True,460,167.1372335600907,-34.82993197278006,172.26562500000261,UNKNOWN,SOURCE_NEUTRAL_NATIVE_MARKER,NUMERICAL_MARKER_ONLY_ATTACK_UNCERTAINTY_UNQUANTIFIED,,INDETERMINATE_UNQUANTIFIED_ATTACK_AND_REFERENCE_UNCERTAINTY,NEGATIVE,11.609977324263038,NEW_011,c7efaf8d2029ed140d67b7cbfff1c23fd33e0ffcae18f285566266c063f78e1c,NEW_011_ADTOF_49_7,37.59637188207421,,UNCONSTRAINED_NEW_011_166,TRIO_CONDITIONED_NEW_011_60,,
F_MIX_00834,M3,True,167.16045351473923,DRUM_SUPPORTED,True,460,167.1372335600907,23.219954648538987,172.26562499998857,PROVISIONAL_QUALIFIED_EVIDENCE,SOURCE_ASSOCIATED_NATIVE_MARKER,NUMERICAL_MARKER_ONLY_ATTACK_UNCERTAINTY_UNQUANTIFIED,,INDETERMINATE_UNQUANTIFIED_ATTACK_AND_REFERENCE_UNCERTAINTY,POSITIVE,11.609977324263038,NEW_011,c7efaf8d2029ed140d67b7cbfff1c23fd33e0ffcae18f285566266c063f78e1c,NEW_011_ADTOF_49_7,20.453514739244838,,UNCONSTRAINED_NEW_011_166,TRIO_CONDITIONED_NEW_011_60,,
F_MIX_00835,M3,True,167.32299319727892,UNKNOWN,True,461,167.4855328798186,-162.53968253968765,172.26562499998857,UNKNOWN,SOURCE_NEUTRAL_NATIVE_MARKER,NUMERICAL_MARKER_ONLY_ATTACK_UNCERTAINTY_UNQUANTIFIED,,INDETERMINATE_UNQUANTIFIED_ATTACK_AND_REFERENCE_UNCERTAINTY,NEGATIVE,11.609977324263038,NEW_011,c7efaf8d2029ed140d67b7cbfff1c23fd33e0ffcae18f285566266c063f78e1c,NEW_011_ADTOF_35_2,177.00680272108116,,UNCONSTRAINED_NEW_011_166,TRIO_CONDITIONED_NEW_011_66,,
F_MIX_00836,M3,True,167.4274829931973,UNKNOWN,True,461,167.4855328798186,-58.04988662131905,172.26562499998857,UNKNOWN,SOURCE_NEUTRAL_NATIVE_MARKER,NUMERICAL_MARKER_ONLY_ATTACK_UNCERTAINTY_UNQUANTIFIED,,INDETERMINATE_UNQUANTIFIED_ATTACK_AND_REFERENCE_UNCERTAINTY,NEGATIVE,11.609977324263038,NEW_011,c7efaf8d2029ed140d67b7cbfff1c23fd33e0ffcae18f285566266c063f78e1c,NEW_011_ADTOF_35_2,72.51700680271256,,UNCONSTRAINED_NEW_011_166,TRIO_CONDITIONED_NEW_011_70,,
F_MIX_00837,M3,True,167.5203628117914,DRUM_SUPPORTED,True,461,167.4855328798186,34.82993197278006,172.26562500000261,PROVISIONAL_QUALIFIED_EVIDENCE,SOURCE_ASSOCIATED_NATIVE_MARKER,NUMERICAL_MARKER_ONLY_ATTACK_UNCERTAINTY_UNQUANTIFIED,,INDETERMINATE_UNQUANTIFIED_ATTACK_AND_REFERENCE_UNCERTAINTY,POSITIVE,11.609977324263038,NEW_011,c7efaf8d2029ed140d67b7cbfff1c23fd33e0ffcae18f285566266c063f78e1c,NEW_011_ADTOF_35_2,20.362811791386548,,UNCONSTRAINED_NEW_011_166,TRIO_CONDITIONED_NEW_011_70,,
F_MIX_00838,M3,True,167.78739229024944,UNKNOWN,True,462,167.8338321995465,-46.43990929704955,172.26562500000261,UNKNOWN,SOURCE_NEUTRAL_NATIVE_MARKER,NUMERICAL_MARKER_ONLY_ATTACK_UNCERTAINTY_UNQUANTIFIED,,INDETERMINATE_UNQUANTIFIED_ATTACK_AND_REFERENCE_UNCERTAINTY,NEGATIVE,11.609977324263038,NEW_011,c7efaf8d2029ed140d67b7cbfff1c23fd33e0ffcae18f285566266c063f78e1c,NEW_011_ADTOF_38_1,37.392290249442794,,UNCONSTRAINED_NEW_011_166,TRIO_CONDITIONED_NEW_011_72,,
F_MIX_00839,M3,True,168.1473015873016,UNKNOWN,True,463,168.2053514739229,-58.049886621290625,161.49902343750904,UNKNOWN,SOURCE_NEUTRAL_NATIVE_MARKER,NUMERICAL_MARKER_ONLY_ATTACK_UNCERTAINTY_UNQUANTIFIED,,INDETERMINATE_UNQUANTIFIED_ATTACK_AND_REFERENCE_UNCERTAINTY,NEGATIVE,11.609977324263038,NEW_011,c7efaf8d2029ed140d67b7cbfff1c23fd33e0ffcae18f285566266c063f78e1c,NEW_011_ADTOF_35_4,82.69841269839162,,UNCONSTRAINED_NEW_011_166,TRIO_CONDITIONED_NEW_011_81,,
F_MIX_00840,M3,True,168.25179138321997,DRUM_SUPPORTED,True,463,168.2053514739229,46.439909297077975,172.26562499998857,PROVISIONAL_QUALIFIED_EVIDENCE,SOURCE_ASSOCIATED_NATIVE_MARKER,NUMERICAL_MARKER_ONLY_ATTACK_UNCERTAINTY_UNQUANTIFIED,,INDETERMINATE_UNQUANTIFIED_ATTACK_AND_REFERENCE_UNCERTAINTY,POSITIVE,11.609977324263038,NEW_011,c7efaf8d2029ed140d67b7cbfff1c23fd33e0ffcae18f285566266c063f78e1c,NEW_011_ADTOF_35_4,21.79138321997698,,UNCONSTRAINED_NEW_011_166,TRIO_CONDITIONED_NEW_011_84,,
F_MIX_00841,M3,True,168.49560090702948,DRUM_SUPPORTED,True,464,168.5536507936508,-58.04988662131905,172.26562499998857,PROVISIONAL_QUALIFIED_EVIDENCE,SOURCE_ASSOCIATED_NATIVE_MARKER,NUMERICAL_MARKER_ONLY_ATTACK_UNCERTAINTY_UNQUANTIFIED,,INDETERMINATE_UNQUANTIFIED_ATTACK_AND_REFERENCE_UNCERTAINTY,NEGATIVE,11.609977324263038,NEW_011,c7efaf8d2029ed140d67b7cbfff1c23fd33e0ffcae18f285566266c063f78e1c,NEW_011_ADTOF_38_3,25.600907029485143,,UNCONSTRAINED_NEW_011_166,TRIO_CONDITIONED_NEW_011_87,,
F_MIX_00842,M3,True,168.60009070294785,DRUM_SUPPORTED,True,464,168.5536507936508,46.43990929704955,161.49902343750904,PROVISIONAL_QUALIFIED_EVIDENCE,SOURCE_ASSOCIATED_NATIVE_MARKER,NUMERICAL_MARKER_ONLY_ATTACK_UNCERTAINTY_UNQUANTIFIED,,INDETERMINATE_UNQUANTIFIED_ATTACK_AND_REFERENCE_UNCERTAINTY,POSITIVE,11.609977324263038,NEW_011,c7efaf8d2029ed140d67b7cbfff1c23fd33e0ffcae18f285566266c063f78e1c,NEW_011_ADTOF_49_11,20.0907029478401,,UNCONSTRAINED_NEW_011_166,TRIO_CONDITIONED_NEW_011_88,,
F_MIX_00843,M3,True,168.84390022675737,DRUM_SUPPORTED,True,465,168.9251700680272,-81.26984126982961,161.49902343750904,PROVISIONAL_QUALIFIED_EVIDENCE,SOURCE_ASSOCIATED_NATIVE_MARKER,NUMERICAL_MARKER_ONLY_ATTACK_UNCERTAINTY_UNQUANTIFIED,,INDETERMINATE_UNQUANTIFIED_ATTACK_AND_REFERENCE_UNCERTAINTY,NEGATIVE,11.609977324263038,NEW_011,c7efaf8d2029ed140d67b7cbfff1c23fd33e0ffcae18f285566266c063f78e1c,NEW_011_ADTOF_35_5,23.900226757376686,,UNCONSTRAINED_NEW_011_166,TRIO_CONDITIONED_NEW_011_93,,
F_MIX_00844,M3,True,168.94839002267574,DRUM_SUPPORTED,True,465,168.9251700680272,23.219954648538987,172.26562499998857,PROVISIONAL_QUALIFIED_EVIDENCE,SOURCE_ASSOCIATED_NATIVE_MARKER,NUMERICAL_MARKER_ONLY_ATTACK_UNCERTAINTY_UNQUANTIFIED,,INDETERMINATE_UNQUANTIFIED_ATTACK_AND_REFERENCE_UNCERTAINTY,POSITIVE,11.609977324263038,NEW_011,c7efaf8d2029ed140d67b7cbfff1c23fd33e0ffcae18f285566266c063f78e1c,NEW_011_ADTOF_38_4,18.390022675731643,,UNCONSTRAINED_NEW_011_166,TRIO_CONDITIONED_NEW_011_95,,
F_MIX_00845,M3,True,169.20380952380953,DRUM_SUPPORTED,True,466,169.2734693877551,-69.65986394558854,172.26562499998857,PROVISIONAL_QUALIFIED_EVIDENCE,SOURCE_ASSOCIATED_NATIVE_MARKER,NUMERICAL_MARKER_ONLY_ATTACK_UNCERTAINTY_UNQUANTIFIED,,INDETERMINATE_UNQUANTIFIED_ATTACK_AND_REFERENCE_UNCERTAINTY,NEGATIVE,11.609977324263038,NEW_011,c7efaf8d2029ed140d67b7cbfff1c23fd33e0ffcae18f285566266c063f78e1c,NEW_011_ADTOF_49_13,23.809523809518396,,UNCONSTRAINED_NEW_011_166,TRIO_CONDITIONED_NEW_011_98,,
F_MIX_00846,M3,True,169.3082993197279,DRUM_SUPPORTED,True,466,169.2734693877551,34.82993197278006,172.26562500000261,PROVISIONAL_QUALIFIED_EVIDENCE,SOURCE_ASSOCIATED_NATIVE_MARKER,NUMERICAL_MARKER_ONLY_ATTACK_UNCERTAINTY_UNQUANTIFIED,,INDETERMINATE_UNQUANTIFIED_ATTACK_AND_REFERENCE_UNCERTAINTY,POSITIVE,11.609977324263038,NEW_011,c7efaf8d2029ed140d67b7cbfff1c23fd33e0ffcae18f285566266c063f78e1c,NEW_011_ADTOF_49_14,18.299319727901775,,UNCONSTRAINED_NEW_011_166,TRIO_CONDITIONED_NEW_011_102,,
F_MIX_00847,M3,True,169.69142857142856,DRUM_SUPPORTED,True,467,169.621768707483,69.65986394556012,161.4990234374967,PROVISIONAL_QUALIFIED_EVIDENCE,SOURCE_ASSOCIATED_NATIVE_MARKER,NUMERICAL_MARKER_ONLY_ATTACK_UNCERTAINTY_UNQUANTIFIED,,INDETERMINATE_UNQUANTIFIED_ATTACK_AND_REFERENCE_UNCERTAINTY,POSITIVE,11.609977324263038,NEW_011,c7efaf8d2029ed140d67b7cbfff1c23fd33e0ffcae18f285566266c063f78e1c,NEW_011_ADTOF_38_5,21.42857142857224,,UNCONSTRAINED_NEW_011_166,TRIO_CONDITIONED_NEW_011_103,,
F_MIX_00848,M3,True,169.9004081632653,DRUM_SUPPORTED,True,468,169.99328798185942,-92.87981859412753,161.4990234374967,PROVISIONAL_QUALIFIED_EVIDENCE,SOURCE_ASSOCIATED_NATIVE_MARKER,NUMERICAL_MARKER_ONLY_ATTACK_UNCERTAINTY_UNQUANTIFIED,,INDETERMINATE_UNQUANTIFIED_ATTACK_AND_REFERENCE_UNCERTAINTY,NEGATIVE,11.609977324263038,NEW_011,c7efaf8d2029ed140d67b7cbfff1c23fd33e0ffcae18f285566266c063f78e1c,NEW_011_ADTOF_35_6,10.408163265310577,,UNCONSTRAINED_NEW_011_166,TRIO_CONDITIONED_NEW_011_104,,
F_MIX_00849,M3,True,169.97006802721089,UNKNOWN,True,468,169.99328798185942,-23.219954648538987,161.4990234374967,UNKNOWN,SOURCE_NEUTRAL_NATIVE_MARKER,NUMERICAL_MARKER_ONLY_ATTACK_UNCERTAINTY_UNQUANTIFIED,,INDETERMINATE_UNQUANTIFIED_ATTACK_AND_REFERENCE_UNCERTAINTY,NEGATIVE,11.609977324263038,NEW_011,c7efaf8d2029ed140d67b7cbfff1c23fd33e0ffcae18f285566266c063f78e1c,NEW_011_ADTOF_35_7,79.9319727891259,,UNCONSTRAINED_NEW_011_166,TRIO_CONDITIONED_NEW_011_106,,
F_MIX_00850,M3,True,170.05133786848072,DRUM_SUPPORTED,True,468,169.99328798185942,58.049886621290625,172.26562500000261,PROVISIONAL_QUALIFIED_EVIDENCE,SOURCE_ASSOCIATED_NATIVE_MARKER,NUMERICAL_MARKER_ONLY_ATTACK_UNCERTAINTY_UNQUANTIFIED,,INDETERMINATE_UNQUANTIFIED_ATTACK_AND_REFERENCE_UNCERTAINTY,POSITIVE,11.609977324263038,control_170_180,c7efaf8d2029ed140d67b7cbfff1c23fd33e0ffcae18f285566266c063f78e1c,ADTOF_ADAPTER_00043,1.3378684807037189,,UNCONSTRAINED_control_170_180_0,TRIO_CONDITIONED_control_170_180_0,,
F_MIX_00851,M3,True,170.283537414966,DRUM_SUPPORTED,True,469,170.3415873015873,-58.04988662131905,172.26562500000261,PROVISIONAL_QUALIFIED_EVIDENCE,SOURCE_ASSOCIATED_NATIVE_MARKER,NUMERICAL_MARKER_ONLY_ATTACK_UNCERTAINTY_UNQUANTIFIED,,INDETERMINATE_UNQUANTIFIED_ATTACK_AND_REFERENCE_UNCERTAINTY,NEGATIVE,11.609977324263038,control_170_180,c7efaf8d2029ed140d67b7cbfff1c23fd33e0ffcae18f285566266c063f78e1c,ADTOF_ADAPTER_00044,13.537414965981043,,UNCONSTRAINED_control_170_180_2,TRIO_CONDITIONED_control_170_180_2,,
F_MIX_00852,M3,True,170.41124716553287,DRUM_SUPPORTED,True,469,170.3415873015873,69.65986394556012,161.49902343750904,PROVISIONAL_QUALIFIED_EVIDENCE,SOURCE_ASSOCIATED_NATIVE_MARKER,NUMERICAL_MARKER_ONLY_ATTACK_UNCERTAINTY_UNQUANTIFIED,,INDETERMINATE_UNQUANTIFIED_ATTACK_AND_REFERENCE_UNCERTAINTY,POSITIVE,11.609977324263038,control_170_180,c7efaf8d2029ed140d67b7cbfff1c23fd33e0ffcae18f285566266c063f78e1c,ADTOF_ADAPTER_00069,21.247165532884082,,UNCONSTRAINED_control_170_180_4,TRIO_CONDITIONED_control_170_180_4,,
F_MIX_00853,M3,True,170.67827664399093,UNKNOWN,True,470,170.7131065759637,-34.82993197278006,161.49902343750904,UNKNOWN,SOURCE_NEUTRAL_NATIVE_MARKER,NUMERICAL_MARKER_ONLY_ATTACK_UNCERTAINTY_UNQUANTIFIED,,INDETERMINATE_UNQUANTIFIED_ATTACK_AND_REFERENCE_UNCERTAINTY,NEGATIVE,11.609977324263038,control_170_180,c7efaf8d2029ed140d67b7cbfff1c23fd33e0ffcae18f285566266c063f78e1c,ADTOF_ADAPTER_00045,71.72335600907331,,UNCONSTRAINED_control_170_180_6,TRIO_CONDITIONED_control_170_180_8,,
F_MIX_00854,M3,True,170.75954648526078,DRUM_SUPPORTED,True,470,170.7131065759637,46.439909297077975,172.26562499998857,PROVISIONAL_QUALIFIED_EVIDENCE,SOURCE_ASSOCIATED_NATIVE_MARKER,NUMERICAL_MARKER_ONLY_ATTACK_UNCERTAINTY_UNQUANTIFIED,,INDETERMINATE_UNQUANTIFIED_ATTACK_AND_REFERENCE_UNCERTAINTY,POSITIVE,11.609977324263038,control_170_180,c7efaf8d2029ed140d67b7cbfff1c23fd33e0ffcae18f285566266c063f78e1c,ADTOF_ADAPTER_00045,9.54648526078472,,UNCONSTRAINED_control_170_180_8,TRIO_CONDITIONED_control_170_180_8,,
F_MIX_00855,M3,True,170.98013605442176,DRUM_SUPPORTED,True,471,171.06140589569162,-81.26984126985803,172.26562499998857,PROVISIONAL_QUALIFIED_EVIDENCE,SOURCE_ASSOCIATED_NATIVE_MARKER,NUMERICAL_MARKER_ONLY_ATTACK_UNCERTAINTY_UNQUANTIFIED,,INDETERMINATE_UNQUANTIFIED_ATTACK_AND_REFERENCE_UNCERTAINTY,NEGATIVE,11.609977324263038,control_170_180,c7efaf8d2029ed140d67b7cbfff1c23fd33e0ffcae18f285566266c063f78e1c,ADTOF_ADAPTER_00046,10.136054421764129,,UNCONSTRAINED_control_170_180_10,TRIO_CONDITIONED_control_170_180_10,,
F_MIX_00856,M3,True,171.1194557823129,DRUM_SUPPORTED,True,471,171.06140589569162,58.049886621290625,161.49902343750904,PROVISIONAL_QUALIFIED_EVIDENCE,SOURCE_ASSOCIATED_NATIVE_MARKER,NUMERICAL_MARKER_ONLY_ATTACK_UNCERTAINTY_UNQUANTIFIED,,INDETERMINATE_UNQUANTIFIED_ATTACK_AND_REFERENCE_UNCERTAINTY,POSITIVE,11.609977324263038,control_170_180,c7efaf8d2029ed140d67b7cbfff1c23fd33e0ffcae18f285566266c063f78e1c,ADTOF_ADAPTER_00058,19.455782312917336,,UNCONSTRAINED_control_170_180_12,TRIO_CONDITIONED_control_170_180_12,,
F_MIX_00857,M3,True,171.36326530612246,DRUM_SUPPORTED,True,472,171.43292517006802,-69.65986394556012,161.49902343750904,PROVISIONAL_QUALIFIED_EVIDENCE,SOURCE_ASSOCIATED_NATIVE_MARKER,NUMERICAL_MARKER_ONLY_ATTACK_UNCERTAINTY_UNQUANTIFIED,,INDETERMINATE_UNQUANTIFIED_ATTACK_AND_REFERENCE_UNCERTAINTY,NEGATIVE,11.609977324263038,control_170_180,c7efaf8d2029ed140d67b7cbfff1c23fd33e0ffcae18f285566266c063f78e1c,ADTOF_ADAPTER_00072,23.26530612245392,,UNCONSTRAINED_control_170_180_13,TRIO_CONDITIONED_control_170_180_14,,
F_MIX_00858,M3,True,171.46775510204083,DRUM_SUPPORTED,True,472,171.43292517006802,34.82993197280848,172.26562499998857,PROVISIONAL_QUALIFIED_EVIDENCE,SOURCE_ASSOCIATED_NATIVE_MARKER,NUMERICAL_MARKER_ONLY_ATTACK_UNCERTAINTY_UNQUANTIFIED,,INDETERMINATE_UNQUANTIFIED_ATTACK_AND_REFERENCE_UNCERTAINTY,POSITIVE,11.609977324263038,control_170_180,c7efaf8d2029ed140d67b7cbfff1c23fd33e0ffcae18f285566266c063f78e1c,ADTOF_ADAPTER_00047,17.7551020408373,,UNCONSTRAINED_control_170_180_15,TRIO_CONDITIONED_control_170_180_16,,
F_MIX_00859,M3,True,171.71156462585034,DRUM_SUPPORTED,True,473,171.78122448979593,-69.65986394558854,172.26562499998857,PROVISIONAL_QUALIFIED_EVIDENCE,SOURCE_ASSOCIATED_NATIVE_MARKER,NUMERICAL_MARKER_ONLY_ATTACK_UNCERTAINTY_UNQUANTIFIED,,INDETERMINATE_UNQUANTIFIED_ATTACK_AND_REFERENCE_UNCERTAINTY,NEGATIVE,11.609977324263038,control_170_180,c7efaf8d2029ed140d67b7cbfff1c23fd33e0ffcae18f285566266c063f78e1c,ADTOF_ADAPTER_00048,11.56462585035456,,UNCONSTRAINED_control_170_180_17,TRIO_CONDITIONED_control_170_180_18,,
F_MIX_00860,M3,True,171.8508843537415,DRUM_SUPPORTED,True,473,171.78122448979593,69.65986394556012,161.49902343750904,PROVISIONAL_QUALIFIED_EVIDENCE,SOURCE_ASSOCIATED_NATIVE_MARKER,NUMERICAL_MARKER_ONLY_ATTACK_UNCERTAINTY_UNQUANTIFIED,,INDETERMINATE_UNQUANTIFIED_ATTACK_AND_REFERENCE_UNCERTAINTY,POSITIVE,11.609977324263038,control_170_180,c7efaf8d2029ed140d67b7cbfff1c23fd33e0ffcae18f285566266c063f78e1c,ADTOF_ADAPTER_00075,30.88435374149867,,UNCONSTRAINED_control_170_180_18,TRIO_CONDITIONED_control_170_180_20,,
F_MIX_00861,M3,True,172.0714739229025,DRUM_SUPPORTED,True,474,172.15274376417233,-81.26984126982961,161.49902343750904,PROVISIONAL_QUALIFIED_EVIDENCE,SOURCE_ASSOCIATED_NATIVE_MARKER,NUMERICAL_MARKER_ONLY_ATTACK_UNCERTAINTY_UNQUANTIFIED,,INDETERMINATE_UNQUANTIFIED_ATTACK_AND_REFERENCE_UNCERTAINTY,NEGATIVE,11.609977324263038,control_170_180,c7efaf8d2029ed140d67b7cbfff1c23fd33e0ffcae18f285566266c063f78e1c,ADTOF_ADAPTER_00076,1.4739229025053646,,UNCONSTRAINED_control_170_180_22,TRIO_CONDITIONED_control_170_180_24,,
F_MIX_00862,M3,True,172.18757369614514,DRUM_SUPPORTED,True,474,172.15274376417233,34.82993197280848,172.26562500000261,PROVISIONAL_QUALIFIED_EVIDENCE,SOURCE_ASSOCIATED_NATIVE_MARKER,NUMERICAL_MARKER_ONLY_ATTACK_UNCERTAINTY_UNQUANTIFIED,,INDETERMINATE_UNQUANTIFIED_ATTACK_AND_REFERENCE_UNCERTAINTY,POSITIVE,11.609977324263038,control_170_180,c7efaf8d2029ed140d67b7cbfff1c23fd33e0ffcae18f285566266c063f78e1c,ADTOF_ADAPTER_00076,117.57369614514346,,UNCONSTRAINED_control_170_180_26,TRIO_CONDITIONED_control_170_180_26,,
F_MIX_00863,M3,True,172.24562358276643,UNKNOWN,True,474,172.15274376417233,92.8798185940991,172.26562500000261,UNKNOWN,SOURCE_NEUTRAL_NATIVE_MARKER,NUMERICAL_MARKER_ONLY_ATTACK_UNCERTAINTY_UNQUANTIFIED,,INDETERMINATE_UNQUANTIFIED_ATTACK_AND_REFERENCE_UNCERTAINTY,POSITIVE,11.609977324263038,control_170_180,c7efaf8d2029ed140d67b7cbfff1c23fd33e0ffcae18f285566266c063f78e1c,ADTOF_ADAPTER_00076,175.62358276643408,,UNCONSTRAINED_control_170_180_26,TRIO_CONDITIONED_control_170_180_26,BASS_00319,
F_MIX_00864,M3,True,172.5474829931973,DRUM_SUPPORTED,True,475,172.5010430839002,46.439909297077975,161.4990234374967,PROVISIONAL_QUALIFIED_EVIDENCE,SOURCE_ASSOCIATED_NATIVE_MARKER,NUMERICAL_MARKER_ONLY_ATTACK_UNCERTAINTY_UNQUANTIFIED,,INDETERMINATE_UNQUANTIFIED_ATTACK_AND_REFERENCE_UNCERTAINTY,POSITIVE,11.609977324263038,control_170_180,c7efaf8d2029ed140d67b7cbfff1c23fd33e0ffcae18f285566266c063f78e1c,ADTOF_ADAPTER_00059,7.4829931972999475,,UNCONSTRAINED_control_170_180_28,TRIO_CONDITIONED_control_170_180_28,BASS_00320,
F_MIX_00865,M3,True,172.7912925170068,DRUM_SUPPORTED,True,476,172.87256235827664,-81.26984126982961,161.4990234374967,PROVISIONAL_QUALIFIED_EVIDENCE,SOURCE_ASSOCIATED_NATIVE_MARKER,NUMERICAL_MARKER_ONLY_ATTACK_UNCERTAINTY_UNQUANTIFIED,,INDETERMINATE_UNQUANTIFIED_ATTACK_AND_REFERENCE_UNCERTAINTY,NEGATIVE,11.609977324263038,control_170_180,c7efaf8d2029ed140d67b7cbfff1c23fd33e0ffcae18f285566266c063f78e1c,ADTOF_ADAPTER_00049,11.292517006808112,,UNCONSTRAINED_control_170_180_30,TRIO_CONDITIONED_control_170_180_30,BASS_00321,
F_MIX_00866,M3,True,172.90739229024942,DRUM_SUPPORTED,True,476,172.87256235827664,34.82993197278006,172.26562500000261,PROVISIONAL_QUALIFIED_EVIDENCE,SOURCE_ASSOCIATED_NATIVE_MARKER,NUMERICAL_MARKER_ONLY_ATTACK_UNCERTAINTY_UNQUANTIFIED,,INDETERMINATE_UNQUANTIFIED_ATTACK_AND_REFERENCE_UNCERTAINTY,POSITIVE,11.609977324263038,control_170_180,c7efaf8d2029ed140d67b7cbfff1c23fd33e0ffcae18f285566266c063f78e1c,ADTOF_ADAPTER_00079,17.392290249432563,,UNCONSTRAINED_control_170_180_32,TRIO_CONDITIONED_control_170_180_32,,
F_MIX_00867,M3,True,173.16281179138323,UNKNOWN,True,477,173.22086167800452,-58.049886621290625,172.26562500000261,UNKNOWN,SOURCE_NEUTRAL_NATIVE_MARKER,NUMERICAL_MARKER_ONLY_ATTACK_UNCERTAINTY_UNQUANTIFIED,,INDETERMINATE_UNQUANTIFIED_ATTACK_AND_REFERENCE_UNCERTAINTY,NEGATIVE,11.609977324263038,control_170_180,c7efaf8d2029ed140d67b7cbfff1c23fd33e0ffcae18f285566266c063f78e1c,ADTOF_ADAPTER_00080,87.1882086167659,,UNCONSTRAINED_control_170_180_36,TRIO_CONDITIONED_control_170_180_34,,
F_MIX_00868,M3,True,173.25569160997733,DRUM_SUPPORTED,True,477,173.22086167800452,34.82993197280848,161.4990234374967,PROVISIONAL_QUALIFIED_EVIDENCE,SOURCE_ASSOCIATED_NATIVE_MARKER,NUMERICAL_MARKER_ONLY_ATTACK_UNCERTAINTY_UNQUANTIFIED,,INDETERMINATE_UNQUANTIFIED_ATTACK_AND_REFERENCE_UNCERTAINTY,POSITIVE,11.609977324263038,control_170_180,c7efaf8d2029ed140d67b7cbfff1c23fd33e0ffcae18f285566266c063f78e1c,ADTOF_ADAPTER_00080,5.691609977333201,,UNCONSTRAINED_control_170_180_38,TRIO_CONDITIONED_control_170_180_39,BASS_00322,
F_MIX_00869,M3,True,173.49950113378685,DRUM_SUPPORTED,True,478,173.59238095238095,-92.8798185940991,161.4990234374967,PROVISIONAL_QUALIFIED_EVIDENCE,SOURCE_ASSOCIATED_NATIVE_MARKER,NUMERICAL_MARKER_ONLY_ATTACK_UNCERTAINTY_UNQUANTIFIED,,INDETERMINATE_UNQUANTIFIED_ATTACK_AND_REFERENCE_UNCERTAINTY,NEGATIVE,11.609977324263038,control_170_180,c7efaf8d2029ed140d67b7cbfff1c23fd33e0ffcae18f285566266c063f78e1c,ADTOF_ADAPTER_00050,9.501133786841365,,UNCONSTRAINED_control_170_180_40,TRIO_CONDITIONED_control_170_180_41,BASS_00323,
F_MIX_00870,M3,True,173.638820861678,DRUM_SUPPORTED,True,478,173.59238095238095,46.43990929704955,172.26562500000261,PROVISIONAL_QUALIFIED_EVIDENCE,SOURCE_ASSOCIATED_NATIVE_MARKER,NUMERICAL_MARKER_ONLY_ATTACK_UNCERTAINTY_UNQUANTIFIED,,INDETERMINATE_UNQUANTIFIED_ATTACK_AND_REFERENCE_UNCERTAINTY,POSITIVE,11.609977324263038,control_170_180,c7efaf8d2029ed140d67b7cbfff1c23fd33e0ffcae18f285566266c063f78e1c,ADTOF_ADAPTER_00081,8.820861678003666,,UNCONSTRAINED_control_170_180_43,TRIO_CONDITIONED_control_170_180_43,,
F_MIX_00871,M3,True,173.88263038548752,DRUM_SUPPORTED,True,479,173.94068027210884,-58.04988662131905,172.26562500000261,PROVISIONAL_QUALIFIED_EVIDENCE,SOURCE_ASSOCIATED_NATIVE_MARKER,NUMERICAL_MARKER_ONLY_ATTACK_UNCERTAINTY_UNQUANTIFIED,,INDETERMINATE_UNQUANTIFIED_ATTACK_AND_REFERENCE_UNCERTAINTY,NEGATIVE,11.609977324263038,control_170_180,c7efaf8d2029ed140d67b7cbfff1c23fd33e0ffcae18f285566266c063f78e1c,ADTOF_ADAPTER_00082,22.630385487502735,,UNCONSTRAINED_control_170_180_44,TRIO_CONDITIONED_control_170_180_44,,
F_MIX_00872,M3,True,173.96390022675737,DRUM_SUPPORTED,True,479,173.94068027210884,23.219954648538987,161.4990234374967,PROVISIONAL_QUALIFIED_EVIDENCE,SOURCE_ASSOCIATED_NATIVE_MARKER,NUMERICAL_MARKER_ONLY_ATTACK_UNCERTAINTY_UNQUANTIFIED,,INDETERMINATE_UNQUANTIFIED_ATTACK_AND_REFERENCE_UNCERTAINTY,POSITIVE,11.609977324263038,control_170_180,c7efaf8d2029ed140d67b7cbfff1c23fd33e0ffcae18f285566266c063f78e1c,ADTOF_ADAPTER_00083,13.90022675738578,,UNCONSTRAINED_control_170_180_46,TRIO_CONDITIONED_control_170_180_46,BASS_00324,
F_MIX_00873,M3,True,174.09160997732425,UNKNOWN,True,479,173.94068027210884,150.92970521541815,161.4990234374967,UNKNOWN,SOURCE_NEUTRAL_NATIVE_MARKER,NUMERICAL_MARKER_ONLY_ATTACK_UNCERTAINTY_UNQUANTIFIED,,INDETERMINATE_UNQUANTIFIED_ATTACK_AND_REFERENCE_UNCERTAINTY,POSITIVE,11.609977324263038,control_170_180,c7efaf8d2029ed140d67b7cbfff1c23fd33e0ffcae18f285566266c063f78e1c,ADTOF_ADAPTER_00083,141.60997732426495,,UNCONSTRAINED_control_170_180_49,TRIO_CONDITIONED_control_170_180_49,BASS_FMIX_00003,
F_MIX_00874,M3,True,174.23092970521543,UNKNOWN,True,480,174.31219954648526,-81.26984126982961,161.4990234374967,UNKNOWN,SOURCE_NEUTRAL_NATIVE_MARKER,NUMERICAL_MARKER_ONLY_ATTACK_UNCERTAINTY_UNQUANTIFIED,,INDETERMINATE_UNQUANTIFIED_ATTACK_AND_REFERENCE_UNCERTAINTY,NEGATIVE,11.609977324263038,control_170_180,c7efaf8d2029ed140d67b7cbfff1c23fd33e0ffcae18f285566266c063f78e1c,ADTOF_ADAPTER_00084,79.07029478457162,,UNCONSTRAINED_control_170_180_49,TRIO_CONDITIONED_control_170_180_49,,
F_MIX_00875,M3,True,174.32380952380953,DRUM_SUPPORTED,True,480,174.31219954648526,11.609977324269494,161.4990234374967,PROVISIONAL_QUALIFIED_EVIDENCE,SOURCE_ASSOCIATED_NATIVE_MARKER,NUMERICAL_MARKER_ONLY_ATTACK_UNCERTAINTY_UNQUANTIFIED,,INDETERMINATE_UNQUANTIFIED_ATTACK_AND_REFERENCE_UNCERTAINTY,POSITIVE,11.609977324263038,control_170_180,c7efaf8d2029ed140d67b7cbfff1c23fd33e0ffcae18f285566266c063f78e1c,ADTOF_ADAPTER_00084,13.80952380952749,,UNCONSTRAINED_control_170_180_51,TRIO_CONDITIONED_control_170_180_51,,
F_MIX_00876,M3,True,174.60244897959183,UNKNOWN,True,481,174.68371882086169,-81.26984126985803,161.4990234374967,UNKNOWN,SOURCE_NEUTRAL_NATIVE_MARKER,NUMERICAL_MARKER_ONLY_ATTACK_UNCERTAINTY_UNQUANTIFIED,,INDETERMINATE_UNQUANTIFIED_ATTACK_AND_REFERENCE_UNCERTAINTY,NEGATIVE,11.609977324263038,control_170_180,c7efaf8d2029ed140d67b7cbfff1c23fd33e0ffcae18f285566266c063f78e1c,ADTOF_ADAPTER_00060,67.55102040816041,,UNCONSTRAINED_control_170_180_54,TRIO_CONDITIONED_control_170_180_58,,
F_MIX_00877,M3,True,174.69532879818595,DRUM_SUPPORTED,True,481,174.68371882086169,11.609977324269494,172.26562500000261,PROVISIONAL_QUALIFIED_EVIDENCE,SOURCE_ASSOCIATED_NATIVE_MARKER,NUMERICAL_MARKER_ONLY_ATTACK_UNCERTAINTY_UNQUANTIFIED,,INDETERMINATE_UNQUANTIFIED_ATTACK_AND_REFERENCE_UNCERTAINTY,POSITIVE,11.609977324263038,control_170_180,c7efaf8d2029ed140d67b7cbfff1c23fd33e0ffcae18f285566266c063f78e1c,ADTOF_ADAPTER_00060,25.328798185967116,,UNCONSTRAINED_control_170_180_56,TRIO_CONDITIONED_control_170_180_58,,
F_MIX_00878,M3,True,174.95074829931974,DRUM_SUPPORTED,True,482,175.03201814058957,-81.26984126982961,172.26562500000261,PROVISIONAL_QUALIFIED_EVIDENCE,SOURCE_ASSOCIATED_NATIVE_MARKER,NUMERICAL_MARKER_ONLY_ATTACK_UNCERTAINTY_UNQUANTIFIED,,INDETERMINATE_UNQUANTIFIED_ATTACK_AND_REFERENCE_UNCERTAINTY,NEGATIVE,11.609977324263038,control_170_180,c7efaf8d2029ed140d67b7cbfff1c23fd33e0ffcae18f285566266c063f78e1c,ADTOF_ADAPTER_00085,79.25170068025977,,UNCONSTRAINED_control_170_180_60,TRIO_CONDITIONED_control_170_180_62,,
F_MIX_00879,M3,True,174.98557823129252,UNKNOWN,True,482,175.03201814058957,-46.43990929704955,172.26562500000261,UNKNOWN,SOURCE_NEUTRAL_NATIVE_MARKER,NUMERICAL_MARKER_ONLY_ATTACK_UNCERTAINTY_UNQUANTIFIED,,INDETERMINATE_UNQUANTIFIED_ATTACK_AND_REFERENCE_UNCERTAINTY,NEGATIVE,11.609977324263038,control_170_180,c7efaf8d2029ed140d67b7cbfff1c23fd33e0ffcae18f285566266c063f78e1c,ADTOF_ADAPTER_00085,44.421768707479714,,UNCONSTRAINED_control_170_180_62,TRIO_CONDITIONED_control_170_180_64,,
F_MIX_00880,M3,True,175.05523809523808,DRUM_SUPPORTED,True,482,175.03201814058957,23.219954648510566,161.4990234374967,PROVISIONAL_QUALIFIED_EVIDENCE,SOURCE_ASSOCIATED_NATIVE_MARKER,NUMERICAL_MARKER_ONLY_ATTACK_UNCERTAINTY_UNQUANTIFIED,,INDETERMINATE_UNQUANTIFIED_ATTACK_AND_REFERENCE_UNCERTAINTY,POSITIVE,11.609977324263038,control_170_180,c7efaf8d2029ed140d67b7cbfff1c23fd33e0ffcae18f285566266c063f78e1c,ADTOF_ADAPTER_00085,25.238095238080405,,UNCONSTRAINED_control_170_180_62,TRIO_CONDITIONED_control_170_180_64,,
F_MIX_00881,M3,True,175.22938775510204,UNKNOWN,True,483,175.403537414966,-174.14965986395714,161.4990234374967,UNKNOWN,SOURCE_NEUTRAL_NATIVE_MARKER,NUMERICAL_MARKER_ONLY_ATTACK_UNCERTAINTY_UNQUANTIFIED,,INDETERMINATE_UNQUANTIFIED_ATTACK_AND_REFERENCE_UNCERTAINTY,NEGATIVE,11.609977324263038,control_170_180,c7efaf8d2029ed140d67b7cbfff1c23fd33e0ffcae18f285566266c063f78e1c,ADTOF_ADAPTER_00051,180.6122448979579,,UNCONSTRAINED_control_170_180_67,TRIO_CONDITIONED_control_170_180_69,,
F_MIX_00882,M3,True,175.34548752834468,UNKNOWN,True,483,175.403537414966,-58.04988662131905,161.4990234374967,UNKNOWN,SOURCE_NEUTRAL_NATIVE_MARKER,NUMERICAL_MARKER_ONLY_ATTACK_UNCERTAINTY_UNQUANTIFIED,,INDETERMINATE_UNQUANTIFIED_ATTACK_AND_REFERENCE_UNCERTAINTY,NEGATIVE,11.609977324263038,control_170_180,c7efaf8d2029ed140d67b7cbfff1c23fd33e0ffcae18f285566266c063f78e1c,ADTOF_ADAPTER_00051,64.51247165531981,,UNCONSTRAINED_control_170_180_67,TRIO_CONDITIONED_control_170_180_69,,
F_MIX_00883,M3,True,175.4267573696145,DRUM_SUPPORTED,True,483,175.403537414966,23.219954648510566,172.26562500000261,PROVISIONAL_QUALIFIED_EVIDENCE,SOURCE_ASSOCIATED_NATIVE_MARKER,NUMERICAL_MARKER_ONLY_ATTACK_UNCERTAINTY_UNQUANTIFIED,,INDETERMINATE_UNQUANTIFIED_ATTACK_AND_REFERENCE_UNCERTAINTY,POSITIVE,11.609977324263038,control_170_180,c7efaf8d2029ed140d67b7cbfff1c23fd33e0ffcae18f285566266c063f78e1c,ADTOF_ADAPTER_00051,16.7573696145098,,UNCONSTRAINED_control_170_180_67,TRIO_CONDITIONED_control_170_180_69,,
F_MIX_00884,M3,True,175.5892970521542,UNKNOWN,True,484,175.75183673469388,-162.53968253968765,172.26562500000261,UNKNOWN,SOURCE_NEUTRAL_NATIVE_MARKER,NUMERICAL_MARKER_ONLY_ATTACK_UNCERTAINTY_UNQUANTIFIED,,INDETERMINATE_UNQUANTIFIED_ATTACK_AND_REFERENCE_UNCERTAINTY,NEGATIVE,11.609977324263038,control_170_180,c7efaf8d2029ed140d67b7cbfff1c23fd33e0ffcae18f285566266c063f78e1c,ADTOF_ADAPTER_00051,179.29705215419744,,UNCONSTRAINED_control_170_180_69,TRIO_CONDITIONED_control_170_180_76,,
F_MIX_00885,M3,True,175.69378684807256,UNKNOWN,True,484,175.75183673469388,-58.04988662131905,172.26562500000261,UNKNOWN,SOURCE_NEUTRAL_NATIVE_MARKER,NUMERICAL_MARKER_ONLY_ATTACK_UNCERTAINTY_UNQUANTIFIED,,INDETERMINATE_UNQUANTIFIED_ATTACK_AND_REFERENCE_UNCERTAINTY,NEGATIVE,11.609977324263038,control_170_180,c7efaf8d2029ed140d67b7cbfff1c23fd33e0ffcae18f285566266c063f78e1c,ADTOF_ADAPTER_00061,86.2131519274385,,UNCONSTRAINED_control_170_180_73,TRIO_CONDITIONED_control_170_180_76,,
F_MIX_00886,M3,True,175.79827664399093,DRUM_SUPPORTED,True,484,175.75183673469388,46.43990929704955,161.4990234374967,PROVISIONAL_QUALIFIED_EVIDENCE,SOURCE_ASSOCIATED_NATIVE_MARKER,NUMERICAL_MARKER_ONLY_ATTACK_UNCERTAINTY_UNQUANTIFIED,,INDETERMINATE_UNQUANTIFIED_ATTACK_AND_REFERENCE_UNCERTAINTY,POSITIVE,11.609977324263038,control_170_180,c7efaf8d2029ed140d67b7cbfff1c23fd33e0ffcae18f285566266c063f78e1c,ADTOF_ADAPTER_00061,18.276643990930097,,UNCONSTRAINED_control_170_180_73,TRIO_CONDITIONED_control_170_180_79,,
F_MIX_00887,M3,True,175.96081632653062,UNKNOWN,True,485,176.1233560090703,-162.53968253968765,161.4990234374967,UNKNOWN,SOURCE_NEUTRAL_NATIVE_MARKER,NUMERICAL_MARKER_ONLY_ATTACK_UNCERTAINTY_UNQUANTIFIED,,INDETERMINATE_UNQUANTIFIED_ATTACK_AND_REFERENCE_UNCERTAINTY,NEGATIVE,11.609977324263038,control_170_180,c7efaf8d2029ed140d67b7cbfff1c23fd33e0ffcae18f285566266c063f78e1c,ADTOF_ADAPTER_00052,169.18367346937657,,UNCONSTRAINED_control_170_180_79,TRIO_CONDITIONED_control_170_180_85,,
F_MIX_00888,M3,True,176.065306122449,UNKNOWN,True,485,176.1233560090703,-58.04988662131905,161.4990234374967,UNKNOWN,SOURCE_NEUTRAL_NATIVE_MARKER,NUMERICAL_MARKER_ONLY_ATTACK_UNCERTAINTY_UNQUANTIFIED,,INDETERMINATE_UNQUANTIFIED_ATTACK_AND_REFERENCE_UNCERTAINTY,NEGATIVE,11.609977324263038,control_170_180,c7efaf8d2029ed140d67b7cbfff1c23fd33e0ffcae18f285566266c063f78e1c,ADTOF_ADAPTER_00052,64.69387755100797,,UNCONSTRAINED_control_170_180_79,TRIO_CONDITIONED_control_170_180_85,,
F_MIX_00889,M3,True,176.13496598639455,DRUM_SUPPORTED,True,485,176.1233560090703,11.609977324241072,172.26562500000261,PROVISIONAL_QUALIFIED_EVIDENCE,SOURCE_ASSOCIATED_NATIVE_MARKER,NUMERICAL_MARKER_ONLY_ATTACK_UNCERTAINTY_UNQUANTIFIED,,INDETERMINATE_UNQUANTIFIED_ATTACK_AND_REFERENCE_UNCERTAINTY,POSITIVE,11.609977324263038,control_170_180,c7efaf8d2029ed140d67b7cbfff1c23fd33e0ffcae18f285566266c063f78e1c,ADTOF_ADAPTER_00052,4.9659863945521465,,UNCONSTRAINED_control_170_180_79,TRIO_CONDITIONED_control_170_180_85,,
F_MIX_00890,M3,True,176.32072562358277,UNKNOWN,True,486,176.4716553287982,-150.92970521541815,172.26562500000261,UNKNOWN,SOURCE_NEUTRAL_NATIVE_MARKER,NUMERICAL_MARKER_ONLY_ATTACK_UNCERTAINTY_UNQUANTIFIED,,INDETERMINATE_UNQUANTIFIED_ATTACK_AND_REFERENCE_UNCERTAINTY,NEGATIVE,11.609977324263038,control_170_180,c7efaf8d2029ed140d67b7cbfff1c23fd33e0ffcae18f285566266c063f78e1c,ADTOF_ADAPTER_00052,190.72562358277878,,UNCONSTRAINED_control_170_180_81,TRIO_CONDITIONED_control_170_180_92,,
F_MIX_00891,M3,True,176.43682539682538,UNKNOWN,True,486,176.4716553287982,-34.82993197280848,172.26562500000261,UNKNOWN,SOURCE_NEUTRAL_NATIVE_MARKER,NUMERICAL_MARKER_ONLY_ATTACK_UNCERTAINTY_UNQUANTIFIED,,INDETERMINATE_UNQUANTIFIED_ATTACK_AND_REFERENCE_UNCERTAINTY,NEGATIVE,11.609977324263038,control_170_180,c7efaf8d2029ed140d67b7cbfff1c23fd33e0ffcae18f285566266c063f78e1c,ADTOF_ADAPTER_00089,83.17460317462633,,UNCONSTRAINED_control_170_180_85,TRIO_CONDITIONED_control_170_180_92,,
F_MIX_00892,M3,True,176.5297052154195,DRUM_SUPPORTED,True,486,176.4716553287982,58.04988662131905,161.4990234374967,PROVISIONAL_QUALIFIED_EVIDENCE,SOURCE_ASSOCIATED_NATIVE_MARKER,NUMERICAL_MARKER_ONLY_ATTACK_UNCERTAINTY_UNQUANTIFIED,,INDETERMINATE_UNQUANTIFIED_ATTACK_AND_REFERENCE_UNCERTAINTY,POSITIVE,11.609977324263038,control_170_180,c7efaf8d2029ed140d67b7cbfff1c23fd33e0ffcae18f285566266c063f78e1c,ADTOF_ADAPTER_00089,9.7052154195012,,UNCONSTRAINED_control_170_180_85,TRIO_CONDITIONED_control_170_180_95,,
F_MIX_00893,M3,True,176.79673469387754,DRUM_SUPPORTED,True,487,176.84317460317462,-46.439909297077975,161.4990234374967,PROVISIONAL_QUALIFIED_EVIDENCE,SOURCE_ASSOCIATED_NATIVE_MARKER,NUMERICAL_MARKER_ONLY_ATTACK_UNCERTAINTY_UNQUANTIFIED,,INDETERMINATE_UNQUANTIFIED_ATTACK_AND_REFERENCE_UNCERTAINTY,NEGATIVE,11.609977324263038,control_170_180,c7efaf8d2029ed140d67b7cbfff1c23fd33e0ffcae18f285566266c063f78e1c,ADTOF_ADAPTER_00063,16.73469387753812,,UNCONSTRAINED_control_170_180_90,TRIO_CONDITIONED_control_170_180_98,,
F_MIX_00894,M3,True,177.16825396825396,UNKNOWN,True,488,177.1914739229025,-23.219954648538987,172.26562500000261,UNKNOWN,SOURCE_NEUTRAL_NATIVE_MARKER,NUMERICAL_MARKER_ONLY_ATTACK_UNCERTAINTY_UNQUANTIFIED,,INDETERMINATE_UNQUANTIFIED_ATTACK_AND_REFERENCE_UNCERTAINTY,NEGATIVE,11.609977324263038,control_170_180,c7efaf8d2029ed140d67b7cbfff1c23fd33e0ffcae18f285566266c063f78e1c,ADTOF_ADAPTER_00054,61.746031746025665,,UNCONSTRAINED_control_170_180_95,TRIO_CONDITIONED_control_170_180_106,,
F_MIX_00895,M3,True,177.24952380952382,DRUM_SUPPORTED,True,488,177.1914739229025,58.04988662131905,161.49902343750904,PROVISIONAL_QUALIFIED_EVIDENCE,SOURCE_ASSOCIATED_NATIVE_MARKER,NUMERICAL_MARKER_ONLY_ATTACK_UNCERTAINTY_UNQUANTIFIED,,INDETERMINATE_UNQUANTIFIED_ATTACK_AND_REFERENCE_UNCERTAINTY,POSITIVE,11.609977324263038,control_170_180,c7efaf8d2029ed140d67b7cbfff1c23fd33e0ffcae18f285566266c063f78e1c,ADTOF_ADAPTER_00054,19.52380952383237,,UNCONSTRAINED_control_170_180_95,TRIO_CONDITIONED_control_170_180_109,,
F_MIX_00896,M3,True,177.5978231292517,DRUM_SUPPORTED,True,489,177.5629931972789,34.82993197280848,172.26562499998857,PROVISIONAL_QUALIFIED_EVIDENCE,SOURCE_ASSOCIATED_NATIVE_MARKER,NUMERICAL_MARKER_ONLY_ATTACK_UNCERTAINTY_UNQUANTIFIED,,INDETERMINATE_UNQUANTIFIED_ATTACK_AND_REFERENCE_UNCERTAINTY,POSITIVE,11.609977324263038,control_170_180,c7efaf8d2029ed140d67b7cbfff1c23fd33e0ffcae18f285566266c063f78e1c,ADTOF_ADAPTER_00092,17.82312925169549,,UNCONSTRAINED_control_170_180_99,TRIO_CONDITIONED_control_170_180_114,,
F_MIX_00897,M3,True,177.86485260770976,DRUM_SUPPORTED,True,490,177.9112925170068,-46.43990929704955,172.26562499998857,PROVISIONAL_QUALIFIED_EVIDENCE,SOURCE_ASSOCIATED_NATIVE_MARKER,NUMERICAL_MARKER_ONLY_ATTACK_UNCERTAINTY_UNQUANTIFIED,,INDETERMINATE_UNQUANTIFIED_ATTACK_AND_REFERENCE_UNCERTAINTY,NEGATIVE,11.609977324263038,control_170_180,c7efaf8d2029ed140d67b7cbfff1c23fd33e0ffcae18f285566266c063f78e1c,ADTOF_ADAPTER_00093,5.147392290240305,,UNCONSTRAINED_control_170_180_104,TRIO_CONDITIONED_control_170_180_119,,
F_MIX_00898,M3,True,178.23637188208616,UNKNOWN,True,491,178.2828117913832,-46.43990929704955,161.49902343750904,UNKNOWN,SOURCE_NEUTRAL_NATIVE_MARKER,NUMERICAL_MARKER_ONLY_ATTACK_UNCERTAINTY_UNQUANTIFIED,,INDETERMINATE_UNQUANTIFIED_ATTACK_AND_REFERENCE_UNCERTAINTY,NEGATIVE,11.609977324263038,control_170_180,c7efaf8d2029ed140d67b7cbfff1c23fd33e0ffcae18f285566266c063f78e1c,ADTOF_ADAPTER_00055,73.6281179138416,,UNCONSTRAINED_control_170_180_109,TRIO_CONDITIONED_control_170_180_126,,
F_MIX_00899,M3,True,178.32925170068026,DRUM_SUPPORTED,True,491,178.2828117913832,46.43990929704955,172.26562499998857,PROVISIONAL_QUALIFIED_EVIDENCE,SOURCE_ASSOCIATED_NATIVE_MARKER,NUMERICAL_MARKER_ONLY_ATTACK_UNCERTAINTY_UNQUANTIFIED,,INDETERMINATE_UNQUANTIFIED_ATTACK_AND_REFERENCE_UNCERTAINTY,POSITIVE,11.609977324263038,control_170_180,c7efaf8d2029ed140d67b7cbfff1c23fd33e0ffcae18f285566266c063f78e1c,ADTOF_ADAPTER_00055,19.2517006802575,,UNCONSTRAINED_control_170_180_109,TRIO_CONDITIONED_control_170_180_128,BASS_00325,
F_MIX_00900,M3,True,178.5730612244898,DRUM_SUPPORTED,True,492,178.63111111111112,-58.04988662131905,172.26562499998857,PROVISIONAL_QUALIFIED_EVIDENCE,SOURCE_ASSOCIATED_NATIVE_MARKER,NUMERICAL_MARKER_ONLY_ATTACK_UNCERTAINTY_UNQUANTIFIED,,INDETERMINATE_UNQUANTIFIED_ATTACK_AND_REFERENCE_UNCERTAINTY,NEGATIVE,11.609977324263038,control_170_180,c7efaf8d2029ed140d67b7cbfff1c23fd33e0ffcae18f285566266c063f78e1c,ADTOF_ADAPTER_00064,23.061224489794085,,UNCONSTRAINED_control_170_180_111,TRIO_CONDITIONED_control_170_180_130,,
F_MIX_00901,M3,True,179.03746031746033,DRUM_SUPPORTED,True,493,179.00263038548752,34.82993197280848,161.4990234374967,PROVISIONAL_QUALIFIED_EVIDENCE,SOURCE_ASSOCIATED_NATIVE_MARKER,NUMERICAL_MARKER_ONLY_ATTACK_UNCERTAINTY_UNQUANTIFIED,,INDETERMINATE_UNQUANTIFIED_ATTACK_AND_REFERENCE_UNCERTAINTY,POSITIVE,11.609977324263038,control_170_180,c7efaf8d2029ed140d67b7cbfff1c23fd33e0ffcae18f285566266c063f78e1c,ADTOF_ADAPTER_00056,17.460317460319175,,UNCONSTRAINED_control_170_180_119,TRIO_CONDITIONED_control_170_180_141,BASS_00327,
F_MIX_00902,M3,True,179.39736961451248,DRUM_SUPPORTED,True,494,179.37414965986395,23.219954648538987,172.26562500000261,PROVISIONAL_QUALIFIED_EVIDENCE,SOURCE_ASSOCIATED_NATIVE_MARKER,NUMERICAL_MARKER_ONLY_ATTACK_UNCERTAINTY_UNQUANTIFIED,,INDETERMINATE_UNQUANTIFIED_ATTACK_AND_REFERENCE_UNCERTAINTY,POSITIVE,11.609977324263038,control_170_180,c7efaf8d2029ed140d67b7cbfff1c23fd33e0ffcae18f285566266c063f78e1c,ADTOF_ADAPTER_00057,27.36961451248021,,UNCONSTRAINED_control_170_180_125,TRIO_CONDITIONED_control_170_180_148,BASS_00328,
F_MIX_00903,M3,True,179.74566893424037,DRUM_SUPPORTED,True,495,179.72244897959183,23.219954648538987,161.4990234374967,PROVISIONAL_QUALIFIED_EVIDENCE,SOURCE_ASSOCIATED_NATIVE_MARKER,NUMERICAL_MARKER_ONLY_ATTACK_UNCERTAINTY_UNQUANTIFIED,,INDETERMINATE_UNQUANTIFIED_ATTACK_AND_REFERENCE_UNCERTAINTY,POSITIVE,11.609977324263038,control_170_180,c7efaf8d2029ed140d67b7cbfff1c23fd33e0ffcae18f285566266c063f78e1c,ADTOF_ADAPTER_00066,15.66893424038085,,UNCONSTRAINED_control_170_180_126,TRIO_CONDITIONED_control_170_180_149,,
F_MIX_00904,M3,True,180.01269841269843,DRUM_SUPPORTED,True,496,180.09396825396826,-81.26984126982961,161.4990234374967,PROVISIONAL_QUALIFIED_EVIDENCE,SOURCE_ASSOCIATED_NATIVE_MARKER,NUMERICAL_MARKER_ONLY_ATTACK_UNCERTAINTY_UNQUANTIFIED,,INDETERMINATE_UNQUANTIFIED_ATTACK_AND_REFERENCE_UNCERTAINTY,NEGATIVE,11.609977324263038,NEW_012,c7efaf8d2029ed140d67b7cbfff1c23fd33e0ffcae18f285566266c063f78e1c,NEW_012_ADTOF_42_1,97.30158730158678,UNCONSTRAINED_NEW_012_58,UNCONSTRAINED_NEW_012_5,TRIO_CONDITIONED_NEW_012_4,,
F_MIX_00905,M3,True,180.12879818594104,DRUM_SUPPORTED,True,496,180.09396825396826,34.82993197278006,161.4990234374967,PROVISIONAL_QUALIFIED_EVIDENCE,SOURCE_ASSOCIATED_NATIVE_MARKER,NUMERICAL_MARKER_ONLY_ATTACK_UNCERTAINTY_UNQUANTIFIED,,INDETERMINATE_UNQUANTIFIED_ATTACK_AND_REFERENCE_UNCERTAINTY,POSITIVE,11.609977324263038,NEW_012,c7efaf8d2029ed140d67b7cbfff1c23fd33e0ffcae18f285566266c063f78e1c,NEW_012_ADTOF_42_1,18.798185941022894,UNCONSTRAINED_NEW_012_58,UNCONSTRAINED_NEW_012_7,TRIO_CONDITIONED_NEW_012_6,,
F_MIX_00906,M3,True,180.3958276643991,DRUM_SUPPORTED,True,497,180.46548752834468,-69.65986394558854,161.4990234374967,PROVISIONAL_QUALIFIED_EVIDENCE,SOURCE_ASSOCIATED_NATIVE_MARKER,NUMERICAL_MARKER_ONLY_ATTACK_UNCERTAINTY_UNQUANTIFIED,,INDETERMINATE_UNQUANTIFIED_ATTACK_AND_REFERENCE_UNCERTAINTY,NEGATIVE,11.609977324263038,NEW_012,c7efaf8d2029ed140d67b7cbfff1c23fd33e0ffcae18f285566266c063f78e1c,NEW_012_ADTOF_38_1,25.827664399088235,UNCONSTRAINED_NEW_012_58,UNCONSTRAINED_NEW_012_10,TRIO_CONDITIONED_NEW_012_10,,
F_MIX_00907,M3,True,180.4887074829932,DRUM_SUPPORTED,True,497,180.46548752834468,23.219954648510566,161.49902343750904,PROVISIONAL_QUALIFIED_EVIDENCE,SOURCE_ASSOCIATED_NATIVE_MARKER,NUMERICAL_MARKER_ONLY_ATTACK_UNCERTAINTY_UNQUANTIFIED,,INDETERMINATE_UNQUANTIFIED_ATTACK_AND_REFERENCE_UNCERTAINTY,POSITIVE,11.609977324263038,NEW_012,c7efaf8d2029ed140d67b7cbfff1c23fd33e0ffcae18f285566266c063f78e1c,NEW_012_ADTOF_38_2,8.70748299320212,UNCONSTRAINED_NEW_012_58,UNCONSTRAINED_NEW_012_12,TRIO_CONDITIONED_NEW_012_12,,
F_MIX_00908,M3,True,180.74412698412698,DRUM_SUPPORTED,True,498,180.83700680272108,-92.8798185940991,161.49902343750904,PROVISIONAL_QUALIFIED_EVIDENCE,SOURCE_ASSOCIATED_NATIVE_MARKER,NUMERICAL_MARKER_ONLY_ATTACK_UNCERTAINTY_UNQUANTIFIED,,INDETERMINATE_UNQUANTIFIED_ATTACK_AND_REFERENCE_UNCERTAINTY,NEGATIVE,11.609977324263038,NEW_012,c7efaf8d2029ed140d67b7cbfff1c23fd33e0ffcae18f285566266c063f78e1c,NEW_012_ADTOF_35_0,14.126984126988873,UNCONSTRAINED_NEW_012_58,UNCONSTRAINED_NEW_012_16,TRIO_CONDITIONED_NEW_012_17,,
F_MIX_00909,M3,True,180.84861678004535,DRUM_SUPPORTED,True,498,180.83700680272108,11.609977324269494,161.4990234374967,PROVISIONAL_QUALIFIED_EVIDENCE,SOURCE_ASSOCIATED_NATIVE_MARKER,NUMERICAL_MARKER_ONLY_ATTACK_UNCERTAINTY_UNQUANTIFIED,,INDETERMINATE_UNQUANTIFIED_ATTACK_AND_REFERENCE_UNCERTAINTY,POSITIVE,11.609977324263038,NEW_012,c7efaf8d2029ed140d67b7cbfff1c23fd33e0ffcae18f285566266c063f78e1c,NEW_012_ADTOF_35_1,31.38321995464821,UNCONSTRAINED_NEW_012_58,UNCONSTRAINED_NEW_012_18,TRIO_CONDITIONED_NEW_012_19,,
F_MIX_00910,M3,True,180.8950566893424,DRUM_SUPPORTED,True,498,180.83700680272108,58.04988662131905,161.4990234374967,PROVISIONAL_QUALIFIED_EVIDENCE,SOURCE_ASSOCIATED_NATIVE_MARKER,NUMERICAL_MARKER_ONLY_ATTACK_UNCERTAINTY_UNQUANTIFIED,,INDETERMINATE_UNQUANTIFIED_ATTACK_AND_REFERENCE_UNCERTAINTY,POSITIVE,11.609977324263038,NEW_012,c7efaf8d2029ed140d67b7cbfff1c23fd33e0ffcae18f285566266c063f78e1c,NEW_012_ADTOF_35_1,15.056689342401341,UNCONSTRAINED_NEW_012_58,UNCONSTRAINED_NEW_012_18,TRIO_CONDITIONED_NEW_012_19,,
F_MIX_00911,M3,True,181.23174603174604,DRUM_SUPPORTED,True,499,181.2085260770975,23.219954648538987,161.4990234374967,PROVISIONAL_QUALIFIED_EVIDENCE,SOURCE_ASSOCIATED_NATIVE_MARKER,NUMERICAL_MARKER_ONLY_ATTACK_UNCERTAINTY_UNQUANTIFIED,,INDETERMINATE_UNQUANTIFIED_ATTACK_AND_REFERENCE_UNCERTAINTY,POSITIVE,11.609977324263038,NEW_012,c7efaf8d2029ed140d67b7cbfff1c23fd33e0ffcae18f285566266c063f78e1c,NEW_012_ADTOF_35_2,11.746031746042718,UNCONSTRAINED_NEW_012_58,UNCONSTRAINED_NEW_012_21,TRIO_CONDITIONED_NEW_012_23,,
F_MIX_00912,M3,True,181.48716553287983,DRUM_SUPPORTED,True,500,181.58004535147393,-92.8798185940991,161.4990234374967,PROVISIONAL_QUALIFIED_EVIDENCE,SOURCE_ASSOCIATED_NATIVE_MARKER,NUMERICAL_MARKER_ONLY_ATTACK_UNCERTAINTY_UNQUANTIFIED,,INDETERMINATE_UNQUANTIFIED_ATTACK_AND_REFERENCE_UNCERTAINTY,NEGATIVE,11.609977324263038,NEW_012,c7efaf8d2029ed140d67b7cbfff1c23fd33e0ffcae18f285566266c063f78e1c,NEW_012_ADTOF_42_5,17.16553287982947,UNCONSTRAINED_NEW_012_58,UNCONSTRAINED_NEW_012_22,TRIO_CONDITIONED_NEW_012_24,,
F_MIX_00913,M3,True,181.56843537414966,UNKNOWN,True,500,181.58004535147393,-11.609977324269494,161.4990234374967,UNKNOWN,SOURCE_NEUTRAL_NATIVE_MARKER,NUMERICAL_MARKER_ONLY_ATTACK_UNCERTAINTY_UNQUANTIFIED,,INDETERMINATE_UNQUANTIFIED_ATTACK_AND_REFERENCE_UNCERTAINTY,NEGATIVE,11.609977324263038,NEW_012,c7efaf8d2029ed140d67b7cbfff1c23fd33e0ffcae18f285566266c063f78e1c,NEW_012_ADTOF_35_3,41.5646258503557,UNCONSTRAINED_NEW_012_58,UNCONSTRAINED_NEW_012_24,TRIO_CONDITIONED_NEW_012_26,,
F_MIX_00914,M3,True,181.62648526077098,DRUM_SUPPORTED,True,500,181.58004535147393,46.43990929704955,172.26562500000261,PROVISIONAL_QUALIFIED_EVIDENCE,SOURCE_ASSOCIATED_NATIVE_MARKER,NUMERICAL_MARKER_ONLY_ATTACK_UNCERTAINTY_UNQUANTIFIED,,INDETERMINATE_UNQUANTIFIED_ATTACK_AND_REFERENCE_UNCERTAINTY,POSITIVE,11.609977324263038,NEW_012,c7efaf8d2029ed140d67b7cbfff1c23fd33e0ffcae18f285566266c063f78e1c,NEW_012_ADTOF_35_3,16.48526077096335,UNCONSTRAINED_NEW_012_58,UNCONSTRAINED_NEW_012_24,TRIO_CONDITIONED_NEW_012_26,,
F_MIX_00915,M3,True,181.8702947845805,UNKNOWN,True,501,181.9283446712018,-58.04988662131905,172.26562500000261,UNKNOWN,SOURCE_NEUTRAL_NATIVE_MARKER,NUMERICAL_MARKER_ONLY_ATTACK_UNCERTAINTY_UNQUANTIFIED,,INDETERMINATE_UNQUANTIFIED_ATTACK_AND_REFERENCE_UNCERTAINTY,NEGATIVE,11.609977324263038,NEW_012,c7efaf8d2029ed140d67b7cbfff1c23fd33e0ffcae18f285566266c063f78e1c,NEW_012_ADTOF_42_6,59.70521541951257,UNCONSTRAINED_NEW_012_58,UNCONSTRAINED_NEW_012_26,TRIO_CONDITIONED_NEW_012_27,,
F_MIX_00916,M3,True,181.95156462585035,DRUM_SUPPORTED,True,501,181.9283446712018,23.219954648538987,161.4990234374967,PROVISIONAL_QUALIFIED_EVIDENCE,SOURCE_ASSOCIATED_NATIVE_MARKER,NUMERICAL_MARKER_ONLY_ATTACK_UNCERTAINTY_UNQUANTIFIED,,INDETERMINATE_UNQUANTIFIED_ATTACK_AND_REFERENCE_UNCERTAINTY,POSITIVE,11.609977324263038,NEW_012,c7efaf8d2029ed140d67b7cbfff1c23fd33e0ffcae18f285566266c063f78e1c,NEW_012_ADTOF_42_6,21.564625850345465,UNCONSTRAINED_NEW_012_58,UNCONSTRAINED_NEW_012_26,TRIO_CONDITIONED_NEW_012_28,,
F_MIX_00917,M3,True,182.20698412698414,DRUM_SUPPORTED,True,502,182.29986394557824,-92.8798185940991,161.4990234374967,PROVISIONAL_QUALIFIED_EVIDENCE,SOURCE_ASSOCIATED_NATIVE_MARKER,NUMERICAL_MARKER_ONLY_ATTACK_UNCERTAINTY_UNQUANTIFIED,,INDETERMINATE_UNQUANTIFIED_ATTACK_AND_REFERENCE_UNCERTAINTY,NEGATIVE,11.609977324263038,NEW_012,c7efaf8d2029ed140d67b7cbfff1c23fd33e0ffcae18f285566266c063f78e1c,NEW_012_ADTOF_42_7,6.984126984150407,UNCONSTRAINED_NEW_012_58,UNCONSTRAINED_NEW_012_28,TRIO_CONDITIONED_NEW_012_30,,
F_MIX_00918,M3,True,182.29986394557824,UNKNOWN,True,502,182.29986394557824,0.0,172.26562500000261,UNKNOWN,SOURCE_NEUTRAL_NATIVE_MARKER,NUMERICAL_MARKER_ONLY_ATTACK_UNCERTAINTY_UNQUANTIFIED,,INDETERMINATE_UNQUANTIFIED_ATTACK_AND_REFERENCE_UNCERTAINTY,ZERO,11.609977324263038,NEW_012,c7efaf8d2029ed140d67b7cbfff1c23fd33e0ffcae18f285566266c063f78e1c,NEW_012_ADTOF_35_4,40.136054421765266,UNCONSTRAINED_NEW_012_58,UNCONSTRAINED_NEW_012_30,TRIO_CONDITIONED_NEW_012_32,,
F_MIX_00919,M3,True,182.35791383219956,DRUM_SUPPORTED,True,502,182.29986394557824,58.04988662131905,172.26562500000261,PROVISIONAL_QUALIFIED_EVIDENCE,SOURCE_ASSOCIATED_NATIVE_MARKER,NUMERICAL_MARKER_ONLY_ATTACK_UNCERTAINTY_UNQUANTIFIED,,INDETERMINATE_UNQUANTIFIED_ATTACK_AND_REFERENCE_UNCERTAINTY,POSITIVE,11.609977324263038,NEW_012,c7efaf8d2029ed140d67b7cbfff1c23fd33e0ffcae18f285566266c063f78e1c,NEW_012_ADTOF_35_4,17.91383219955378,UNCONSTRAINED_NEW_012_58,UNCONSTRAINED_NEW_012_30,TRIO_CONDITIONED_NEW_012_32,BASS_00329,
F_MIX_00920,M3,True,182.6829931972789,DRUM_SUPPORTED,True,503,182.64816326530612,34.82993197278006,161.4990234374967,PROVISIONAL_QUALIFIED_EVIDENCE,SOURCE_ASSOCIATED_NATIVE_MARKER,NUMERICAL_MARKER_ONLY_ATTACK_UNCERTAINTY_UNQUANTIFIED,,INDETERMINATE_UNQUANTIFIED_ATTACK_AND_REFERENCE_UNCERTAINTY,POSITIVE,11.609977324263038,NEW_012,c7efaf8d2029ed140d67b7cbfff1c23fd33e0ffcae18f285566266c063f78e1c,NEW_012_ADTOF_35_5,7.006802721093663,UNCONSTRAINED_NEW_012_58,UNCONSTRAINED_NEW_012_33,TRIO_CONDITIONED_NEW_012_35,BASS_00330,
F_MIX_00921,M3,True,182.95002267573696,DRUM_SUPPORTED,True,504,183.01968253968255,-69.65986394558854,161.4990234374967,PROVISIONAL_QUALIFIED_EVIDENCE,SOURCE_ASSOCIATED_NATIVE_MARKER,NUMERICAL_MARKER_ONLY_ATTACK_UNCERTAINTY_UNQUANTIFIED,,INDETERMINATE_UNQUANTIFIED_ATTACK_AND_REFERENCE_UNCERTAINTY,NEGATIVE,11.609977324263038,NEW_012,c7efaf8d2029ed140d67b7cbfff1c23fd33e0ffcae18f285566266c063f78e1c,NEW_012_ADTOF_35_6,0.022675736971677907,UNCONSTRAINED_NEW_012_58,UNCONSTRAINED_NEW_012_35,TRIO_CONDITIONED_NEW_012_38,BASS_00331,
F_MIX_00922,M3,True,183.04290249433106,DRUM_SUPPORTED,True,504,183.01968253968255,23.219954648510566,172.26562500000261,PROVISIONAL_QUALIFIED_EVIDENCE,SOURCE_ASSOCIATED_NATIVE_MARKER,NUMERICAL_MARKER_ONLY_ATTACK_UNCERTAINTY_UNQUANTIFIED,,INDETERMINATE_UNQUANTIFIED_ATTACK_AND_REFERENCE_UNCERTAINTY,POSITIVE,11.609977324263038,NEW_012,c7efaf8d2029ed140d67b7cbfff1c23fd33e0ffcae18f285566266c063f78e1c,NEW_012_ADTOF_42_11,22.902494331049184,UNCONSTRAINED_NEW_012_58,UNCONSTRAINED_NEW_012_38,TRIO_CONDITIONED_NEW_012_38,,
F_MIX_00923,M3,True,183.658231292517,DRUM_SUPPORTED,True,506,183.71628117913832,-58.04988662131905,172.26562500000261,PROVISIONAL_QUALIFIED_EVIDENCE,SOURCE_ASSOCIATED_NATIVE_MARKER,NUMERICAL_MARKER_ONLY_ATTACK_UNCERTAINTY_UNQUANTIFIED,,INDETERMINATE_UNQUANTIFIED_ATTACK_AND_REFERENCE_UNCERTAINTY,NEGATIVE,11.609977324263038,NEW_012,c7efaf8d2029ed140d67b7cbfff1c23fd33e0ffcae18f285566266c063f78e1c,NEW_012_ADTOF_35_7,8.231292516995836,UNCONSTRAINED_NEW_012_58,UNCONSTRAINED_NEW_012_42,TRIO_CONDITIONED_NEW_012_43,BASS_00332,
F_MIX_00924,M3,True,183.7511111111111,DRUM_SUPPORTED,True,506,183.71628117913832,34.82993197278006,172.26562500000261,PROVISIONAL_QUALIFIED_EVIDENCE,SOURCE_ASSOCIATED_NATIVE_MARKER,NUMERICAL_MARKER_ONLY_ATTACK_UNCERTAINTY_UNQUANTIFIED,,INDETERMINATE_UNQUANTIFIED_ATTACK_AND_REFERENCE_UNCERTAINTY,POSITIVE,11.609977324263038,NEW_012,c7efaf8d2029ed140d67b7cbfff1c23fd33e0ffcae18f285566266c063f78e1c,NEW_012_ADTOF_35_8,38.888888888891415,UNCONSTRAINED_NEW_012_58,UNCONSTRAINED_NEW_012_44,TRIO_CONDITIONED_NEW_012_45,,
F_MIX_00925,M3,True,183.79755102040815,DRUM_SUPPORTED,True,506,183.71628117913832,81.26984126982961,172.26562500000261,PROVISIONAL_QUALIFIED_EVIDENCE,SOURCE_ASSOCIATED_NATIVE_MARKER,NUMERICAL_MARKER_ONLY_ATTACK_UNCERTAINTY_UNQUANTIFIED,,INDETERMINATE_UNQUANTIFIED_ATTACK_AND_REFERENCE_UNCERTAINTY,POSITIVE,11.609977324263038,NEW_012,c7efaf8d2029ed140d67b7cbfff1c23fd33e0ffcae18f285566266c063f78e1c,NEW_012_ADTOF_35_8,7.551020408158138,UNCONSTRAINED_NEW_012_58,UNCONSTRAINED_NEW_012_44,TRIO_CONDITIONED_NEW_012_45,BASS_00333,
F_MIX_00926,M3,True,183.98331065759638,DRUM_SUPPORTED,True,507,184.0645804988662,-81.26984126982961,172.26562500000261,PROVISIONAL_QUALIFIED_EVIDENCE,SOURCE_ASSOCIATED_NATIVE_MARKER,NUMERICAL_MARKER_ONLY_ATTACK_UNCERTAINTY_UNQUANTIFIED,,INDETERMINATE_UNQUANTIFIED_ATTACK_AND_REFERENCE_UNCERTAINTY,NEGATIVE,11.609977324263038,NEW_012,c7efaf8d2029ed140d67b7cbfff1c23fd33e0ffcae18f285566266c063f78e1c,NEW_012_ADTOF_42_14,116.6893424036175,UNCONSTRAINED_NEW_012_58,UNCONSTRAINED_NEW_012_46,TRIO_CONDITIONED_NEW_012_46,,
F_MIX_00927,M3,True,184.02975056689343,UNKNOWN,True,507,184.0645804988662,-34.82993197278006,172.26562500000261,UNKNOWN,SOURCE_NEUTRAL_NATIVE_MARKER,NUMERICAL_MARKER_ONLY_ATTACK_UNCERTAINTY_UNQUANTIFIED,,INDETERMINATE_UNQUANTIFIED_ATTACK_AND_REFERENCE_UNCERTAINTY,NEGATIVE,11.609977324263038,NEW_012,c7efaf8d2029ed140d67b7cbfff1c23fd33e0ffcae18f285566266c063f78e1c,NEW_012_ADTOF_42_14,70.24943310656795,UNCONSTRAINED_NEW_012_58,UNCONSTRAINED_NEW_012_46,TRIO_CONDITIONED_NEW_012_46,,
F_MIX_00928,M3,True,184.12263038548753,DRUM_SUPPORTED,True,507,184.0645804988662,58.04988662131905,161.4990234374967,PROVISIONAL_QUALIFIED_EVIDENCE,SOURCE_ASSOCIATED_NATIVE_MARKER,NUMERICAL_MARKER_ONLY_ATTACK_UNCERTAINTY_UNQUANTIFIED,,INDETERMINATE_UNQUANTIFIED_ATTACK_AND_REFERENCE_UNCERTAINTY,POSITIVE,11.609977324263038,NEW_012,c7efaf8d2029ed140d67b7cbfff1c23fd33e0ffcae18f285566266c063f78e1c,NEW_012_ADTOF_42_14,22.630385487531157,UNCONSTRAINED_NEW_012_58,UNCONSTRAINED_NEW_012_48,TRIO_CONDITIONED_NEW_012_49,BASS_00334,
F_MIX_00929,M3,True,184.3548299319728,UNKNOWN,True,508,184.43609977324263,-81.26984126982961,161.4990234374967,UNKNOWN,SOURCE_NEUTRAL_NATIVE_MARKER,NUMERICAL_MARKER_ONLY_ATTACK_UNCERTAINTY_UNQUANTIFIED,,INDETERMINATE_UNQUANTIFIED_ATTACK_AND_REFERENCE_UNCERTAINTY,NEGATIVE,11.609977324263038,NEW_012,c7efaf8d2029ed140d67b7cbfff1c23fd33e0ffcae18f285566266c063f78e1c,NEW_012_ADTOF_42_15,95.17006802718697,UNCONSTRAINED_NEW_012_58,UNCONSTRAINED_NEW_012_50,TRIO_CONDITIONED_NEW_012_51,,
F_MIX_00930,M3,True,184.45931972789117,DRUM_SUPPORTED,True,508,184.43609977324263,23.219954648538987,172.26562500000261,PROVISIONAL_QUALIFIED_EVIDENCE,SOURCE_ASSOCIATED_NATIVE_MARKER,NUMERICAL_MARKER_ONLY_ATTACK_UNCERTAINTY_UNQUANTIFIED,,INDETERMINATE_UNQUANTIFIED_ATTACK_AND_REFERENCE_UNCERTAINTY,POSITIVE,11.609977324263038,NEW_012,c7efaf8d2029ed140d67b7cbfff1c23fd33e0ffcae18f285566266c063f78e1c,NEW_012_ADTOF_42_15,9.319727891181628,UNCONSTRAINED_NEW_012_58,UNCONSTRAINED_NEW_012_52,TRIO_CONDITIONED_NEW_012_54,,
F_MIX_00931,M3,True,184.74956916099774,UNKNOWN,True,509,184.78439909297052,-34.82993197278006,172.26562500000261,UNKNOWN,SOURCE_NEUTRAL_NATIVE_MARKER,NUMERICAL_MARKER_ONLY_ATTACK_UNCERTAINTY_UNQUANTIFIED,,INDETERMINATE_UNQUANTIFIED_ATTACK_AND_REFERENCE_UNCERTAINTY,NEGATIVE,11.609977324263038,NEW_012,c7efaf8d2029ed140d67b7cbfff1c23fd33e0ffcae18f285566266c063f78e1c,NEW_012_ADTOF_42_16,70.4308390022561,UNCONSTRAINED_NEW_012_58,UNCONSTRAINED_NEW_012_56,TRIO_CONDITIONED_NEW_012_59,,
F_MIX_00932,M3,True,184.84244897959184,DRUM_SUPPORTED,True,509,184.78439909297052,58.04988662131905,161.4990234374967,PROVISIONAL_QUALIFIED_EVIDENCE,SOURCE_ASSOCIATED_NATIVE_MARKER,NUMERICAL_MARKER_ONLY_ATTACK_UNCERTAINTY_UNQUANTIFIED,,INDETERMINATE_UNQUANTIFIED_ATTACK_AND_REFERENCE_UNCERTAINTY,POSITIVE,11.609977324263038,NEW_012,c7efaf8d2029ed140d67b7cbfff1c23fd33e0ffcae18f285566266c063f78e1c,NEW_012_ADTOF_42_16,22.448979591843,UNCONSTRAINED_NEW_012_58,UNCONSTRAINED_NEW_012_56,TRIO_CONDITIONED_NEW_012_61,,
F_MIX_00933,M3,True,185.05142857142857,DRUM_SUPPORTED,True,510,185.15591836734694,-104.4897959183686,161.4990234374967,PROVISIONAL_QUALIFIED_EVIDENCE,SOURCE_ASSOCIATED_NATIVE_MARKER,NUMERICAL_MARKER_ONLY_ATTACK_UNCERTAINTY_UNQUANTIFIED,,INDETERMINATE_UNQUANTIFIED_ATTACK_AND_REFERENCE_UNCERTAINTY,NEGATIVE,11.609977324263038,NEW_012,c7efaf8d2029ed140d67b7cbfff1c23fd33e0ffcae18f285566266c063f78e1c,NEW_012_ADTOF_42_17,108.57142857142321,UNCONSTRAINED_NEW_012_58,UNCONSTRAINED_NEW_012_59,TRIO_CONDITIONED_NEW_012_63,,
F_MIX_00934,M3,True,185.17913832199545,DRUM_SUPPORTED,True,510,185.15591836734694,23.219954648510566,172.26562500000261,PROVISIONAL_QUALIFIED_EVIDENCE,SOURCE_ASSOCIATED_NATIVE_MARKER,NUMERICAL_MARKER_ONLY_ATTACK_UNCERTAINTY_UNQUANTIFIED,,INDETERMINATE_UNQUANTIFIED_ATTACK_AND_REFERENCE_UNCERTAINTY,POSITIVE,11.609977324263038,NEW_012,c7efaf8d2029ed140d67b7cbfff1c23fd33e0ffcae18f285566266c063f78e1c,NEW_012_ADTOF_42_17,19.138321995455954,UNCONSTRAINED_NEW_012_61,UNCONSTRAINED_NEW_012_62,TRIO_CONDITIONED_NEW_012_66,,
F_MIX_00935,M3,True,185.5390476190476,DRUM_SUPPORTED,True,511,185.50421768707483,34.82993197278006,161.4990234374967,PROVISIONAL_QUALIFIED_EVIDENCE,SOURCE_ASSOCIATED_NATIVE_MARKER,NUMERICAL_MARKER_ONLY_ATTACK_UNCERTAINTY_UNQUANTIFIED,,INDETERMINATE_UNQUANTIFIED_ATTACK_AND_REFERENCE_UNCERTAINTY,POSITIVE,11.609977324263038,NEW_012,c7efaf8d2029ed140d67b7cbfff1c23fd33e0ffcae18f285566266c063f78e1c,NEW_012_ADTOF_35_9,19.047619047597664,UNCONSTRAINED_NEW_012_66,UNCONSTRAINED_NEW_012_67,TRIO_CONDITIONED_NEW_012_69,,
F_MIX_00936,M3,True,185.80607709750566,DRUM_SUPPORTED,True,512,185.87573696145125,-69.65986394558854,161.4990234374967,PROVISIONAL_QUALIFIED_EVIDENCE,SOURCE_ASSOCIATED_NATIVE_MARKER,NUMERICAL_MARKER_ONLY_ATTACK_UNCERTAINTY_UNQUANTIFIED,,INDETERMINATE_UNQUANTIFIED_ATTACK_AND_REFERENCE_UNCERTAINTY,NEGATIVE,11.609977324263038,NEW_012,c7efaf8d2029ed140d67b7cbfff1c23fd33e0ffcae18f285566266c063f78e1c,NEW_012_ADTOF_42_19,16.0770975056721,UNCONSTRAINED_NEW_012_66,UNCONSTRAINED_NEW_012_68,TRIO_CONDITIONED_NEW_012_70,,
F_MIX_00937,M3,True,185.9221768707483,DRUM_SUPPORTED,True,512,185.87573696145125,46.43990929704955,161.4990234374967,PROVISIONAL_QUALIFIED_EVIDENCE,SOURCE_ASSOCIATED_NATIVE_MARKER,NUMERICAL_MARKER_ONLY_ATTACK_UNCERTAINTY_UNQUANTIFIED,,INDETERMINATE_UNQUANTIFIED_ATTACK_AND_REFERENCE_UNCERTAINTY,POSITIVE,11.609977324263038,NEW_012,c7efaf8d2029ed140d67b7cbfff1c23fd33e0ffcae18f285566266c063f78e1c,NEW_012_ADTOF_42_20,22.17687074829655,UNCONSTRAINED_NEW_012_71,UNCONSTRAINED_NEW_012_69,TRIO_CONDITIONED_NEW_012_71,,
F_MIX_00938,M4,True,186.1427664399093,DRUM_SUPPORTED,True,513,186.24725623582768,-104.4897959183686,161.4990234374967,PROVISIONAL_QUALIFIED_EVIDENCE,SOURCE_ASSOCIATED_NATIVE_MARKER,NUMERICAL_MARKER_ONLY_ATTACK_UNCERTAINTY_UNQUANTIFIED,,INDETERMINATE_UNQUANTIFIED_ATTACK_AND_REFERENCE_UNCERTAINTY,NEGATIVE,11.609977324263038,NEW_012,c7efaf8d2029ed140d67b7cbfff1c23fd33e0ffcae18f285566266c063f78e1c,NEW_012_ADTOF_35_10,2.766439909322571,UNCONSTRAINED_NEW_012_71,UNCONSTRAINED_NEW_012_72,TRIO_CONDITIONED_NEW_012_73,,
F_MIX_00939,M4,True,186.28208616780046,DRUM_SUPPORTED,True,513,186.24725623582768,34.82993197278006,161.49902343750904,PROVISIONAL_QUALIFIED_EVIDENCE,SOURCE_ASSOCIATED_NATIVE_MARKER,NUMERICAL_MARKER_ONLY_ATTACK_UNCERTAINTY_UNQUANTIFIED,,INDETERMINATE_UNQUANTIFIED_ATTACK_AND_REFERENCE_UNCERTAINTY,POSITIVE,11.609977324263038,NEW_012,c7efaf8d2029ed140d67b7cbfff1c23fd33e0ffcae18f285566266c063f78e1c,NEW_012_ADTOF_35_10,142.08616780047123,UNCONSTRAINED_NEW_012_79,UNCONSTRAINED_NEW_012_80,TRIO_CONDITIONED_NEW_012_80,,
F_MIX_00940,M4,True,186.6419954648526,DRUM_SUPPORTED,True,514,186.61877551020407,23.219954648538987,161.4990234374967,PROVISIONAL_QUALIFIED_EVIDENCE,SOURCE_ASSOCIATED_NATIVE_MARKER,NUMERICAL_MARKER_ONLY_ATTACK_UNCERTAINTY_UNQUANTIFIED,,INDETERMINATE_UNQUANTIFIED_ATTACK_AND_REFERENCE_UNCERTAINTY,POSITIVE,11.609977324263038,NEW_012,c7efaf8d2029ed140d67b7cbfff1c23fd33e0ffcae18f285566266c063f78e1c,NEW_012_ADTOF_35_11,358.00453514738706,UNCONSTRAINED_NEW_012_85,UNCONSTRAINED_NEW_012_86,TRIO_CONDITIONED_NEW_012_88,,
F_MIX_00941,M4,True,186.6768253968254,UNKNOWN,True,514,186.61877551020407,58.04988662131905,161.4990234374967,UNKNOWN,SOURCE_NEUTRAL_NATIVE_MARKER,NUMERICAL_MARKER_ONLY_ATTACK_UNCERTAINTY_UNQUANTIFIED,,INDETERMINATE_UNQUANTIFIED_ATTACK_AND_REFERENCE_UNCERTAINTY,POSITIVE,11.609977324263038,NEW_012,c7efaf8d2029ed140d67b7cbfff1c23fd33e0ffcae18f285566266c063f78e1c,NEW_012_ADTOF_35_11,323.174603174607,UNCONSTRAINED_NEW_012_85,UNCONSTRAINED_NEW_012_86,TRIO_CONDITIONED_NEW_012_88,,
F_MIX_00942,M4,True,186.81614512471654,UNKNOWN,True,515,186.9902947845805,-174.14965986395714,161.4990234374967,UNKNOWN,SOURCE_NEUTRAL_NATIVE_MARKER,NUMERICAL_MARKER_ONLY_ATTACK_UNCERTAINTY_UNQUANTIFIED,,INDETERMINATE_UNQUANTIFIED_ATTACK_AND_REFERENCE_UNCERTAINTY,NEGATIVE,11.609977324263038,NEW_012,c7efaf8d2029ed140d67b7cbfff1c23fd33e0ffcae18f285566266c063f78e1c,NEW_012_ADTOF_35_11,183.85487528345834,UNCONSTRAINED_NEW_012_87,UNCONSTRAINED_NEW_012_88,TRIO_CONDITIONED_NEW_012_91,,
F_MIX_00943,M4,True,187.00190476190477,DRUM_SUPPORTED,True,515,186.9902947845805,11.609977324269494,161.4990234374967,PROVISIONAL_QUALIFIED_EVIDENCE,SOURCE_ASSOCIATED_NATIVE_MARKER,NUMERICAL_MARKER_ONLY_ATTACK_UNCERTAINTY_UNQUANTIFIED,,INDETERMINATE_UNQUANTIFIED_ATTACK_AND_REFERENCE_UNCERTAINTY,POSITIVE,11.609977324263038,NEW_012,c7efaf8d2029ed140d67b7cbfff1c23fd33e0ffcae18f285566266c063f78e1c,NEW_012_ADTOF_35_11,1.9047619047682929,UNCONSTRAINED_NEW_012_93,UNCONSTRAINED_NEW_012_94,TRIO_CONDITIONED_NEW_012_97,,
F_MIX_00944,M4,True,187.28054421768707,DRUM_SUPPORTED,True,516,187.36181405895692,-81.26984126985803,161.4990234374967,PROVISIONAL_QUALIFIED_EVIDENCE,SOURCE_ASSOCIATED_NATIVE_MARKER,NUMERICAL_MARKER_ONLY_ATTACK_UNCERTAINTY_UNQUANTIFIED,,INDETERMINATE_UNQUANTIFIED_ATTACK_AND_REFERENCE_UNCERTAINTY,NEGATIVE,11.609977324263038,NEW_012,c7efaf8d2029ed140d67b7cbfff1c23fd33e0ffcae18f285566266c063f78e1c,NEW_012_ADTOF_38_6,30.54421768706561,UNCONSTRAINED_NEW_012_100,UNCONSTRAINED_NEW_012_95,TRIO_CONDITIONED_NEW_012_98,,
F_MIX_00945,M4,True,187.3734240362812,DRUM_SUPPORTED,True,516,187.36181405895692,11.609977324269494,161.49902343750904,PROVISIONAL_QUALIFIED_EVIDENCE,SOURCE_ASSOCIATED_NATIVE_MARKER,NUMERICAL_MARKER_ONLY_ATTACK_UNCERTAINTY_UNQUANTIFIED,,INDETERMINATE_UNQUANTIFIED_ATTACK_AND_REFERENCE_UNCERTAINTY,POSITIVE,11.609977324263038,NEW_012,c7efaf8d2029ed140d67b7cbfff1c23fd33e0ffcae18f285566266c063f78e1c,NEW_012_ADTOF_35_12,3.4240362811885916,UNCONSTRAINED_NEW_012_100,UNCONSTRAINED_NEW_012_101,TRIO_CONDITIONED_NEW_012_105,,
F_MIX_00946,M4,True,187.40825396825397,DRUM_SUPPORTED,True,516,187.36181405895692,46.43990929704955,161.49902343750904,PROVISIONAL_QUALIFIED_EVIDENCE,SOURCE_ASSOCIATED_NATIVE_MARKER,NUMERICAL_MARKER_ONLY_ATTACK_UNCERTAINTY_UNQUANTIFIED,,INDETERMINATE_UNQUANTIFIED_ATTACK_AND_REFERENCE_UNCERTAINTY,POSITIVE,11.609977324263038,NEW_012,c7efaf8d2029ed140d67b7cbfff1c23fd33e0ffcae18f285566266c063f78e1c,NEW_012_ADTOF_35_12,38.25396825396865,UNCONSTRAINED_NEW_012_100,UNCONSTRAINED_NEW_012_101,TRIO_CONDITIONED_NEW_012_105,,
F_MIX_00947,M4,True,187.67528344671203,DRUM_SUPPORTED,True,517,187.73333333333332,-58.049886621290625,161.49902343750904,PROVISIONAL_QUALIFIED_EVIDENCE,SOURCE_ASSOCIATED_NATIVE_MARKER,NUMERICAL_MARKER_ONLY_ATTACK_UNCERTAINTY_UNQUANTIFIED,,INDETERMINATE_UNQUANTIFIED_ATTACK_AND_REFERENCE_UNCERTAINTY,NEGATIVE,11.609977324263038,NEW_012,c7efaf8d2029ed140d67b7cbfff1c23fd33e0ffcae18f285566266c063f78e1c,NEW_012_ADTOF_38_7,34.71655328797851,UNCONSTRAINED_NEW_012_107,UNCONSTRAINED_NEW_012_106,TRIO_CONDITIONED_NEW_012_110,,
F_MIX_00948,M4,True,187.73333333333332,DRUM_SUPPORTED,True,517,187.73333333333332,0.0,172.26562499998857,PROVISIONAL_QUALIFIED_EVIDENCE,SOURCE_ASSOCIATED_NATIVE_MARKER,NUMERICAL_MARKER_ONLY_ATTACK_UNCERTAINTY_UNQUANTIFIED,,INDETERMINATE_UNQUANTIFIED_ATTACK_AND_REFERENCE_UNCERTAINTY,ZERO,11.609977324263038,NEW_012,c7efaf8d2029ed140d67b7cbfff1c23fd33e0ffcae18f285566266c063f78e1c,NEW_012_ADTOF_38_7,23.333333333312112,UNCONSTRAINED_NEW_012_107,UNCONSTRAINED_NEW_012_108,TRIO_CONDITIONED_NEW_012_112,,
F_MIX_00949,M4,True,188.01197278911565,UNKNOWN,True,518,188.08163265306123,-69.65986394558854,172.26562499998857,UNKNOWN,SOURCE_NEUTRAL_NATIVE_MARKER,NUMERICAL_MARKER_ONLY_ATTACK_UNCERTAINTY_UNQUANTIFIED,,INDETERMINATE_UNQUANTIFIED_ATTACK_AND_REFERENCE_UNCERTAINTY,NEGATIVE,11.609977324263038,NEW_012,c7efaf8d2029ed140d67b7cbfff1c23fd33e0ffcae18f285566266c063f78e1c,NEW_012_ADTOF_49_5,78.0272108843576,UNCONSTRAINED_NEW_012_118,UNCONSTRAINED_NEW_012_119,TRIO_CONDITIONED_NEW_012_118,,
F_MIX_00950,M4,True,188.45315192743763,DRUM_SUPPORTED,True,519,188.45315192743763,0.0,172.26562499998857,PROVISIONAL_QUALIFIED_EVIDENCE,SOURCE_ASSOCIATED_NATIVE_MARKER,NUMERICAL_MARKER_ONLY_ATTACK_UNCERTAINTY_UNQUANTIFIED,,INDETERMINATE_UNQUANTIFIED_ATTACK_AND_REFERENCE_UNCERTAINTY,ZERO,11.609977324263038,NEW_012,c7efaf8d2029ed140d67b7cbfff1c23fd33e0ffcae18f285566266c063f78e1c,NEW_012_ADTOF_49_6,3.1519274376421436,UNCONSTRAINED_NEW_012_125,UNCONSTRAINED_NEW_012_126,TRIO_CONDITIONED_NEW_012_132,,
F_MIX_00951,M4,True,188.8130612244898,DRUM_SUPPORTED,True,520,188.80145124716555,11.609977324241072,172.26562500000261,PROVISIONAL_QUALIFIED_EVIDENCE,SOURCE_ASSOCIATED_NATIVE_MARKER,NUMERICAL_MARKER_ONLY_ATTACK_UNCERTAINTY_UNQUANTIFIED,,INDETERMINATE_UNQUANTIFIED_ATTACK_AND_REFERENCE_UNCERTAINTY,POSITIVE,11.609977324263038,NEW_012,c7efaf8d2029ed140d67b7cbfff1c23fd33e0ffcae18f285566266c063f78e1c,NEW_012_ADTOF_49_7,13.061224489774759,UNCONSTRAINED_NEW_012_134,UNCONSTRAINED_NEW_012_135,TRIO_CONDITIONED_NEW_012_142,,
F_MIX_00952,M4,True,189.10331065759638,DRUM_SUPPORTED,True,521,189.14975056689343,-46.43990929704955,172.26562500000261,PROVISIONAL_QUALIFIED_EVIDENCE,SOURCE_ASSOCIATED_NATIVE_MARKER,NUMERICAL_MARKER_ONLY_ATTACK_UNCERTAINTY_UNQUANTIFIED,,INDETERMINATE_UNQUANTIFIED_ATTACK_AND_REFERENCE_UNCERTAINTY,NEGATIVE,11.609977324263038,NEW_012,c7efaf8d2029ed140d67b7cbfff1c23fd33e0ffcae18f285566266c063f78e1c,NEW_012_ADTOF_35_13,56.68934240361523,UNCONSTRAINED_NEW_012_140,UNCONSTRAINED_NEW_012_141,TRIO_CONDITIONED_NEW_012_148,,
F_MIX_00953,M4,True,189.1845804988662,DRUM_SUPPORTED,True,521,189.14975056689343,34.82993197278006,172.26562500000261,PROVISIONAL_QUALIFIED_EVIDENCE,SOURCE_ASSOCIATED_NATIVE_MARKER,NUMERICAL_MARKER_ONLY_ATTACK_UNCERTAINTY_UNQUANTIFIED,,INDETERMINATE_UNQUANTIFIED_ATTACK_AND_REFERENCE_UNCERTAINTY,POSITIVE,11.609977324263038,NEW_012,c7efaf8d2029ed140d67b7cbfff1c23fd33e0ffcae18f285566266c063f78e1c,NEW_012_ADTOF_35_13,24.580498866214384,UNCONSTRAINED_NEW_012_142,UNCONSTRAINED_NEW_012_143,TRIO_CONDITIONED_NEW_012_150,,
F_MIX_00954,M4,True,189.4167800453515,DRUM_SUPPORTED,True,522,189.49804988662132,-81.26984126982961,172.26562500000261,PROVISIONAL_QUALIFIED_EVIDENCE,SOURCE_ASSOCIATED_NATIVE_MARKER,NUMERICAL_MARKER_ONLY_ATTACK_UNCERTAINTY_UNQUANTIFIED,,INDETERMINATE_UNQUANTIFIED_ATTACK_AND_REFERENCE_UNCERTAINTY,NEGATIVE,11.609977324263038,NEW_012,c7efaf8d2029ed140d67b7cbfff1c23fd33e0ffcae18f285566266c063f78e1c,NEW_012_ADTOF_38_11,6.780045351490571,UNCONSTRAINED_NEW_012_142,UNCONSTRAINED_NEW_012_149,TRIO_CONDITIONED_NEW_012_156,,
F_MIX_00955,M4,True,189.90439909297052,DRUM_SUPPORTED,True,523,189.86956916099774,34.82993197278006,172.26562500000261,PROVISIONAL_QUALIFIED_EVIDENCE,SOURCE_ASSOCIATED_NATIVE_MARKER,NUMERICAL_MARKER_ONLY_ATTACK_UNCERTAINTY_UNQUANTIFIED,,INDETERMINATE_UNQUANTIFIED_ATTACK_AND_REFERENCE_UNCERTAINTY,POSITIVE,11.609977324263038,NEW_012,c7efaf8d2029ed140d67b7cbfff1c23fd33e0ffcae18f285566266c063f78e1c,NEW_012_ADTOF_38_12,24.399092970526226,UNCONSTRAINED_NEW_012_155,UNCONSTRAINED_NEW_012_156,TRIO_CONDITIONED_NEW_012_161,,
F_MIX_00956,M4,True,190.1598185941043,UNKNOWN,True,524,190.21786848072563,-58.04988662131905,172.26562500000261,UNKNOWN,SOURCE_NEUTRAL_NATIVE_MARKER,NUMERICAL_MARKER_ONLY_ATTACK_UNCERTAINTY_UNQUANTIFIED,,INDETERMINATE_UNQUANTIFIED_ATTACK_AND_REFERENCE_UNCERTAINTY,NEGATIVE,11.609977324263038,NEW_012,c7efaf8d2029ed140d67b7cbfff1c23fd33e0ffcae18f285566266c063f78e1c,NEW_012_ADTOF_49_11,80.18140589570066,UNCONSTRAINED_NEW_012_164,UNCONSTRAINED_NEW_012_157,TRIO_CONDITIONED_NEW_012_163,,
F_MIX_00957,M4,True,190.26430839002268,DRUM_SUPPORTED,True,524,190.21786848072563,46.43990929704955,172.26562500000261,PROVISIONAL_QUALIFIED_EVIDENCE,SOURCE_ASSOCIATED_NATIVE_MARKER,NUMERICAL_MARKER_ONLY_ATTACK_UNCERTAINTY_UNQUANTIFIED,,INDETERMINATE_UNQUANTIFIED_ATTACK_AND_REFERENCE_UNCERTAINTY,POSITIVE,11.609977324263038,NEW_012,c7efaf8d2029ed140d67b7cbfff1c23fd33e0ffcae18f285566266c063f78e1c,NEW_012_ADTOF_49_11,24.308390022667936,UNCONSTRAINED_NEW_012_164,UNCONSTRAINED_NEW_012_165,TRIO_CONDITIONED_NEW_012_171,,
F_MIX_00958,M4,True,190.61260770975056,BASS_AND_DRUM_SUPPORTED,True,525,190.5661678004535,46.43990929704955,172.26562500000261,PROVISIONAL_QUALIFIED_EVIDENCE,SOURCE_ASSOCIATED_NATIVE_MARKER,NUMERICAL_MARKER_ONLY_ATTACK_UNCERTAINTY_UNQUANTIFIED,,INDETERMINATE_UNQUANTIFIED_ATTACK_AND_REFERENCE_UNCERTAINTY,POSITIVE,11.609977324263038,NEW_012,c7efaf8d2029ed140d67b7cbfff1c23fd33e0ffcae18f285566266c063f78e1c,NEW_012_ADTOF_35_14,22.60770975055948,UNCONSTRAINED_NEW_012_173,UNCONSTRAINED_NEW_012_174,TRIO_CONDITIONED_NEW_012_179,BASS_00335,
F_MIX_00959,M4,True,190.85641723356008,DRUM_SUPPORTED,True,526,190.9144671201814,-58.04988662131905,172.26562500000261,PROVISIONAL_QUALIFIED_EVIDENCE,SOURCE_ASSOCIATED_NATIVE_MARKER,NUMERICAL_MARKER_ONLY_ATTACK_UNCERTAINTY_UNQUANTIFIED,,INDETERMINATE_UNQUANTIFIED_ATTACK_AND_REFERENCE_UNCERTAINTY,NEGATIVE,11.609977324263038,NEW_012,c7efaf8d2029ed140d67b7cbfff1c23fd33e0ffcae18f285566266c063f78e1c,NEW_012_ADTOF_35_15,16.41723356007674,UNCONSTRAINED_NEW_012_181,UNCONSTRAINED_NEW_012_182,TRIO_CONDITIONED_NEW_012_187,BASS_00336;BASS_00337,
F_MIX_00960,M4,True,191.33242630385487,DRUM_SUPPORTED,True,527,191.26276643990929,69.65986394558854,172.26562499998857,PROVISIONAL_QUALIFIED_EVIDENCE,SOURCE_ASSOCIATED_NATIVE_MARKER,NUMERICAL_MARKER_ONLY_ATTACK_UNCERTAINTY_UNQUANTIFIED,,INDETERMINATE_UNQUANTIFIED_ATTACK_AND_REFERENCE_UNCERTAINTY,POSITIVE,11.609977324263038,NEW_012,c7efaf8d2029ed140d67b7cbfff1c23fd33e0ffcae18f285566266c063f78e1c,NEW_012_ADTOF_35_16,12.426303854880416,UNCONSTRAINED_NEW_012_191,UNCONSTRAINED_NEW_012_192,TRIO_CONDITIONED_NEW_012_196,BASS_00338,
F_MIX_00961,M4,True,191.58784580498866,DRUM_SUPPORTED,True,528,191.6110657596372,-23.219954648538987,172.26562499998857,PROVISIONAL_QUALIFIED_EVIDENCE,SOURCE_ASSOCIATED_NATIVE_MARKER,NUMERICAL_MARKER_ONLY_ATTACK_UNCERTAINTY_UNQUANTIFIED,,INDETERMINATE_UNQUANTIFIED_ATTACK_AND_REFERENCE_UNCERTAINTY,NEGATIVE,11.609977324263038,NEW_012,c7efaf8d2029ed140d67b7cbfff1c23fd33e0ffcae18f285566266c063f78e1c,NEW_012_ADTOF_38_14,17.84580498866717,UNCONSTRAINED_NEW_012_200,UNCONSTRAINED_NEW_012_201,TRIO_CONDITIONED_NEW_012_206,,
F_MIX_00962,M4,True,191.7039455782313,DRUM_SUPPORTED,True,528,191.6110657596372,92.8798185940991,172.26562500000261,PROVISIONAL_QUALIFIED_EVIDENCE,SOURCE_ASSOCIATED_NATIVE_MARKER,NUMERICAL_MARKER_ONLY_ATTACK_UNCERTAINTY_UNQUANTIFIED,,INDETERMINATE_UNQUANTIFIED_ATTACK_AND_REFERENCE_UNCERTAINTY,POSITIVE,11.609977324263038,NEW_012,c7efaf8d2029ed140d67b7cbfff1c23fd33e0ffcae18f285566266c063f78e1c,NEW_012_ADTOF_49_15,23.94557823129162,UNCONSTRAINED_NEW_012_200,UNCONSTRAINED_NEW_012_201,TRIO_CONDITIONED_NEW_012_206,,
F_MIX_00963,M4,True,191.93614512471655,DRUM_SUPPORTED,True,529,191.95936507936509,-23.219954648538987,172.26562500000261,PROVISIONAL_QUALIFIED_EVIDENCE,SOURCE_ASSOCIATED_NATIVE_MARKER,NUMERICAL_MARKER_ONLY_ATTACK_UNCERTAINTY_UNQUANTIFIED,,INDETERMINATE_UNQUANTIFIED_ATTACK_AND_REFERENCE_UNCERTAINTY,NEGATIVE,11.609977324263038,NEW_012,c7efaf8d2029ed140d67b7cbfff1c23fd33e0ffcae18f285566266c063f78e1c,NEW_012_ADTOF_35_17,16.145124716558712,UNCONSTRAINED_NEW_012_207,UNCONSTRAINED_NEW_012_208,TRIO_CONDITIONED_NEW_012_214,BASS_00340,
F_MIX_00964,M4,True,192.05224489795918,UNKNOWN,True,529,191.95936507936509,92.8798185940991,161.4990234374967,UNKNOWN,SOURCE_NEUTRAL_NATIVE_MARKER,NUMERICAL_MARKER_ONLY_ATTACK_UNCERTAINTY_UNQUANTIFIED,,INDETERMINATE_UNQUANTIFIED_ATTACK_AND_REFERENCE_UNCERTAINTY,POSITIVE,11.609977324263038,NEW_012,c7efaf8d2029ed140d67b7cbfff1c23fd33e0ffcae18f285566266c063f78e1c,NEW_012_ADTOF_35_17,132.2448979591968,UNCONSTRAINED_NEW_012_209,UNCONSTRAINED_NEW_012_210,TRIO_CONDITIONED_NEW_012_214,,
F_MIX_00965,M4,True,192.2728344671202,DRUM_SUPPORTED,True,530,192.3308843537415,-58.04988662131905,161.4990234374967,PROVISIONAL_QUALIFIED_EVIDENCE,SOURCE_ASSOCIATED_NATIVE_MARKER,NUMERICAL_MARKER_ONLY_ATTACK_UNCERTAINTY_UNQUANTIFIED,,INDETERMINATE_UNQUANTIFIED_ATTACK_AND_REFERENCE_UNCERTAINTY,NEGATIVE,11.609977324263038,NEW_012,c7efaf8d2029ed140d67b7cbfff1c23fd33e0ffcae18f285566266c063f78e1c,NEW_012_ADTOF_38_16,2.8344671201807614,UNCONSTRAINED_NEW_012_219,UNCONSTRAINED_NEW_012_216,TRIO_CONDITIONED_NEW_012_221,BASS_00341,
F_MIX_00966,M4,True,192.63274376417235,DRUM_SUPPORTED,True,531,192.6791836734694,-46.43990929704955,172.26562500000261,PROVISIONAL_QUALIFIED_EVIDENCE,SOURCE_ASSOCIATED_NATIVE_MARKER,NUMERICAL_MARKER_ONLY_ATTACK_UNCERTAINTY_UNQUANTIFIED,,INDETERMINATE_UNQUANTIFIED_ATTACK_AND_REFERENCE_UNCERTAINTY,NEGATIVE,11.609977324263038,NEW_012,c7efaf8d2029ed140d67b7cbfff1c23fd33e0ffcae18f285566266c063f78e1c,NEW_012_ADTOF_47_0,12.743764172341798,UNCONSTRAINED_NEW_012_219,UNCONSTRAINED_NEW_012_224,TRIO_CONDITIONED_NEW_012_229,,
F_MIX_00967,M4,True,192.74884353741496,DRUM_SUPPORTED,True,531,192.6791836734694,69.65986394556012,172.26562500000261,PROVISIONAL_QUALIFIED_EVIDENCE,SOURCE_ASSOCIATED_NATIVE_MARKER,NUMERICAL_MARKER_ONLY_ATTACK_UNCERTAINTY_UNQUANTIFIED,,INDETERMINATE_UNQUANTIFIED_ATTACK_AND_REFERENCE_UNCERTAINTY,POSITIVE,11.609977324263038,NEW_012,c7efaf8d2029ed140d67b7cbfff1c23fd33e0ffcae18f285566266c063f78e1c,NEW_012_ADTOF_42_21,18.84353741496625,UNCONSTRAINED_NEW_012_219,UNCONSTRAINED_NEW_012_227,TRIO_CONDITIONED_NEW_012_232,,
F_MIX_00968,M4,True,192.98104308390023,DRUM_SUPPORTED,True,532,193.02748299319728,-46.43990929704955,172.26562500000261,PROVISIONAL_QUALIFIED_EVIDENCE,SOURCE_ASSOCIATED_NATIVE_MARKER,NUMERICAL_MARKER_ONLY_ATTACK_UNCERTAINTY_UNQUANTIFIED,,INDETERMINATE_UNQUANTIFIED_ATTACK_AND_REFERENCE_UNCERTAINTY,NEGATIVE,11.609977324263038,NEW_012,c7efaf8d2029ed140d67b7cbfff1c23fd33e0ffcae18f285566266c063f78e1c,NEW_012_ADTOF_38_17,21.043083900224246,UNCONSTRAINED_NEW_012_219,UNCONSTRAINED_NEW_012_232,TRIO_CONDITIONED_NEW_012_237,,
F_MIX_00969,M4,True,193.31773242630385,DRUM_SUPPORTED,True,533,193.37578231292517,-58.04988662131905,172.26562500000261,PROVISIONAL_QUALIFIED_EVIDENCE,SOURCE_ASSOCIATED_NATIVE_MARKER,NUMERICAL_MARKER_ONLY_ATTACK_UNCERTAINTY_UNQUANTIFIED,,INDETERMINATE_UNQUANTIFIED_ATTACK_AND_REFERENCE_UNCERTAINTY,NEGATIVE,11.609977324263038,NEW_012,c7efaf8d2029ed140d67b7cbfff1c23fd33e0ffcae18f285566266c063f78e1c,NEW_012_ADTOF_35_18,7.732426303846296,UNCONSTRAINED_NEW_012_219,UNCONSTRAINED_NEW_012_240,TRIO_CONDITIONED_NEW_012_245,,
F_MIX_00970,M4,True,193.457052154195,DRUM_SUPPORTED,True,533,193.37578231292517,81.26984126982961,172.26562500000261,PROVISIONAL_QUALIFIED_EVIDENCE,SOURCE_ASSOCIATED_NATIVE_MARKER,NUMERICAL_MARKER_ONLY_ATTACK_UNCERTAINTY_UNQUANTIFIED,,INDETERMINATE_UNQUANTIFIED_ATTACK_AND_REFERENCE_UNCERTAINTY,POSITIVE,11.609977324263038,NEW_012,c7efaf8d2029ed140d67b7cbfff1c23fd33e0ffcae18f285566266c063f78e1c,NEW_012_ADTOF_42_22,27.052154194990408,UNCONSTRAINED_NEW_012_219,UNCONSTRAINED_NEW_012_244,TRIO_CONDITIONED_NEW_012_249,,
F_MIX_00971,M4,True,193.68925170068027,UNKNOWN,True,534,193.72408163265305,-34.82993197278006,172.26562500000261,UNKNOWN,SOURCE_NEUTRAL_NATIVE_MARKER,NUMERICAL_MARKER_ONLY_ATTACK_UNCERTAINTY_UNQUANTIFIED,,INDETERMINATE_UNQUANTIFIED_ATTACK_AND_REFERENCE_UNCERTAINTY,NEGATIVE,11.609977324263038,NEW_012,c7efaf8d2029ed140d67b7cbfff1c23fd33e0ffcae18f285566266c063f78e1c,NEW_012_ADTOF_38_19,60.748299319726584,UNCONSTRAINED_NEW_012_219,UNCONSTRAINED_NEW_012_247,TRIO_CONDITIONED_NEW_012_252,,
F_MIX_00972,M4,True,193.7705215419501,DRUM_SUPPORTED,True,534,193.72408163265305,46.43990929704955,172.26562500000261,PROVISIONAL_QUALIFIED_EVIDENCE,SOURCE_ASSOCIATED_NATIVE_MARKER,NUMERICAL_MARKER_ONLY_ATTACK_UNCERTAINTY_UNQUANTIFIED,,INDETERMINATE_UNQUANTIFIED_ATTACK_AND_REFERENCE_UNCERTAINTY,POSITIVE,11.609977324263038,NEW_012,c7efaf8d2029ed140d67b7cbfff1c23fd33e0ffcae18f285566266c063f78e1c,NEW_012_ADTOF_38_19,20.52154195010303,UNCONSTRAINED_NEW_012_219,UNCONSTRAINED_NEW_012_247,TRIO_CONDITIONED_NEW_012_252,,
F_MIX_00973,M4,True,194.1536507936508,DRUM_SUPPORTED,True,535,194.07238095238094,81.26984126985803,161.4990234374967,PROVISIONAL_QUALIFIED_EVIDENCE,SOURCE_ASSOCIATED_NATIVE_MARKER,NUMERICAL_MARKER_ONLY_ATTACK_UNCERTAINTY_UNQUANTIFIED,,INDETERMINATE_UNQUANTIFIED_ATTACK_AND_REFERENCE_UNCERTAINTY,POSITIVE,11.609977324263038,NEW_012,c7efaf8d2029ed140d67b7cbfff1c23fd33e0ffcae18f285566266c063f78e1c,NEW_012_ADTOF_35_19,13.65079365081101,UNCONSTRAINED_NEW_012_219,UNCONSTRAINED_NEW_012_251,TRIO_CONDITIONED_NEW_012_255,,
F_MIX_00974,M4,True,194.3742403628118,DRUM_SUPPORTED,True,536,194.44390022675736,-69.65986394556012,161.4990234374967,PROVISIONAL_QUALIFIED_EVIDENCE,SOURCE_ASSOCIATED_NATIVE_MARKER,NUMERICAL_MARKER_ONLY_ATTACK_UNCERTAINTY_UNQUANTIFIED,,INDETERMINATE_UNQUANTIFIED_ATTACK_AND_REFERENCE_UNCERTAINTY,NEGATIVE,11.609977324263038,NEW_012,c7efaf8d2029ed140d67b7cbfff1c23fd33e0ffcae18f285566266c063f78e1c,NEW_012_ADTOF_38_20,14.240362811790419,UNCONSTRAINED_NEW_012_219,UNCONSTRAINED_NEW_012_253,TRIO_CONDITIONED_NEW_012_257,,
F_MIX_00975,M4,True,194.73414965986396,DRUM_SUPPORTED,True,537,194.79219954648525,-58.049886621290625,172.26562500000261,PROVISIONAL_QUALIFIED_EVIDENCE,SOURCE_ASSOCIATED_NATIVE_MARKER,NUMERICAL_MARKER_ONLY_ATTACK_UNCERTAINTY_UNQUANTIFIED,,INDETERMINATE_UNQUANTIFIED_ATTACK_AND_REFERENCE_UNCERTAINTY,NEGATIVE,11.609977324263038,NEW_012,c7efaf8d2029ed140d67b7cbfff1c23fd33e0ffcae18f285566266c063f78e1c,NEW_012_ADTOF_47_2,24.149659863951456,UNCONSTRAINED_NEW_012_219,UNCONSTRAINED_NEW_012_253,TRIO_CONDITIONED_NEW_012_259,,
F_MIX_00976,M4,True,194.8386394557823,UNKNOWN,True,537,194.79219954648525,46.43990929704955,172.26562499998857,UNKNOWN,SOURCE_NEUTRAL_NATIVE_MARKER,NUMERICAL_MARKER_ONLY_ATTACK_UNCERTAINTY_UNQUANTIFIED,,INDETERMINATE_UNQUANTIFIED_ATTACK_AND_REFERENCE_UNCERTAINTY,POSITIVE,11.609977324263038,NEW_012,c7efaf8d2029ed140d67b7cbfff1c23fd33e0ffcae18f285566266c063f78e1c,NEW_012_ADTOF_38_21,101.36054421769813,UNCONSTRAINED_NEW_012_219,UNCONSTRAINED_NEW_012_253,TRIO_CONDITIONED_NEW_012_260,,
F_MIX_00977,M4,True,194.97795918367348,UNKNOWN,True,538,195.14049886621316,-162.53968253968765,172.26562499998857,UNKNOWN,SOURCE_NEUTRAL_NATIVE_MARKER,NUMERICAL_MARKER_ONLY_ATTACK_UNCERTAINTY_UNQUANTIFIED,,INDETERMINATE_UNQUANTIFIED_ATTACK_AND_REFERENCE_UNCERTAINTY,NEGATIVE,11.609977324263038,NEW_012,c7efaf8d2029ed140d67b7cbfff1c23fd33e0ffcae18f285566266c063f78e1c,NEW_012_ADTOF_38_21,37.95918367347895,UNCONSTRAINED_NEW_012_219,UNCONSTRAINED_NEW_012_253,TRIO_CONDITIONED_NEW_012_262,,
F_MIX_00978,M4,True,195.0360090702948,DRUM_SUPPORTED,True,538,195.14049886621316,-104.4897959183686,172.26562499998857,PROVISIONAL_QUALIFIED_EVIDENCE,SOURCE_ASSOCIATED_NATIVE_MARKER,NUMERICAL_MARKER_ONLY_ATTACK_UNCERTAINTY_UNQUANTIFIED,,INDETERMINATE_UNQUANTIFIED_ATTACK_AND_REFERENCE_UNCERTAINTY,NEGATIVE,11.609977324263038,NEW_013,c7efaf8d2029ed140d67b7cbfff1c23fd33e0ffcae18f285566266c063f78e1c,NEW_013_ADTOF_38_0,86.00907029480709,UNCONSTRAINED_NEW_013_39,UNCONSTRAINED_NEW_013_4,TRIO_CONDITIONED_NEW_013_3,,
F_MIX_00979,M4,True,195.11727891156463,DRUM_SUPPORTED,True,538,195.14049886621316,-23.219954648538987,172.26562499998857,PROVISIONAL_QUALIFIED_EVIDENCE,SOURCE_ASSOCIATED_NATIVE_MARKER,NUMERICAL_MARKER_ONLY_ATTACK_UNCERTAINTY_UNQUANTIFIED,,INDETERMINATE_UNQUANTIFIED_ATTACK_AND_REFERENCE_UNCERTAINTY,NEGATIVE,11.609977324263038,NEW_013,c7efaf8d2029ed140d67b7cbfff1c23fd33e0ffcae18f285566266c063f78e1c,NEW_013_ADTOF_38_1,52.72108843536216,UNCONSTRAINED_NEW_013_39,UNCONSTRAINED_NEW_013_5,TRIO_CONDITIONED_NEW_013_5,,
F_MIX_00980,M4,True,195.1869387755102,DRUM_SUPPORTED,True,538,195.14049886621316,46.43990929704955,172.26562500000261,PROVISIONAL_QUALIFIED_EVIDENCE,SOURCE_ASSOCIATED_NATIVE_MARKER,NUMERICAL_MARKER_ONLY_ATTACK_UNCERTAINTY_UNQUANTIFIED,,INDETERMINATE_UNQUANTIFIED_ATTACK_AND_REFERENCE_UNCERTAINTY,POSITIVE,11.609977324263038,NEW_013,c7efaf8d2029ed140d67b7cbfff1c23fd33e0ffcae18f285566266c063f78e1c,NEW_013_ADTOF_38_1,16.938775510226378,UNCONSTRAINED_NEW_013_39,UNCONSTRAINED_NEW_013_6,TRIO_CONDITIONED_NEW_013_6,,
F_MIX_00981,M4,True,195.25659863945577,DRUM_SUPPORTED,True,538,195.14049886621316,116.09977324260967,172.26562500000261,PROVISIONAL_QUALIFIED_EVIDENCE,SOURCE_ASSOCIATED_NATIVE_MARKER,NUMERICAL_MARKER_ONLY_ATTACK_UNCERTAINTY_UNQUANTIFIED,,INDETERMINATE_UNQUANTIFIED_ATTACK_AND_REFERENCE_UNCERTAINTY,POSITIVE,11.609977324263038,NEW_013,c7efaf8d2029ed140d67b7cbfff1c23fd33e0ffcae18f285566266c063f78e1c,NEW_013_ADTOF_38_2,16.598639455764896,UNCONSTRAINED_NEW_013_39,UNCONSTRAINED_NEW_013_7,TRIO_CONDITIONED_NEW_013_6,,
F_MIX_00982,M4,True,195.50040816326532,DRUM_SUPPORTED,True,539,195.48879818594105,11.609977324269494,161.49902343750904,PROVISIONAL_QUALIFIED_EVIDENCE,SOURCE_ASSOCIATED_NATIVE_MARKER,NUMERICAL_MARKER_ONLY_ATTACK_UNCERTAINTY_UNQUANTIFIED,,INDETERMINATE_UNQUANTIFIED_ATTACK_AND_REFERENCE_UNCERTAINTY,POSITIVE,11.609977324263038,NEW_013,c7efaf8d2029ed140d67b7cbfff1c23fd33e0ffcae18f285566266c063f78e1c,NEW_013_ADTOF_38_4,20.408163265329904,UNCONSTRAINED_NEW_013_39,UNCONSTRAINED_NEW_013_10,TRIO_CONDITIONED_NEW_013_7,,
F_MIX_00983,M4,True,195.8487074829932,DRUM_SUPPORTED,True,540,195.86031746031745,-11.609977324241072,161.49902343750904,PROVISIONAL_QUALIFIED_EVIDENCE,SOURCE_ASSOCIATED_NATIVE_MARKER,NUMERICAL_MARKER_ONLY_ATTACK_UNCERTAINTY_UNQUANTIFIED,,INDETERMINATE_UNQUANTIFIED_ATTACK_AND_REFERENCE_UNCERTAINTY,NEGATIVE,11.609977324263038,NEW_013,c7efaf8d2029ed140d67b7cbfff1c23fd33e0ffcae18f285566266c063f78e1c,NEW_013_ADTOF_35_0,91.2925170067922,UNCONSTRAINED_NEW_013_39,UNCONSTRAINED_NEW_013_14,TRIO_CONDITIONED_NEW_013_10,,
F_MIX_00984,M4,True,195.96480725623582,DRUM_SUPPORTED,True,540,195.86031746031745,104.4897959183686,172.26562499998857,PROVISIONAL_QUALIFIED_EVIDENCE,SOURCE_ASSOCIATED_NATIVE_MARKER,NUMERICAL_MARKER_ONLY_ATTACK_UNCERTAINTY_UNQUANTIFIED,,INDETERMINATE_UNQUANTIFIED_ATTACK_AND_REFERENCE_UNCERTAINTY,POSITIVE,11.609977324263038,NEW_013,c7efaf8d2029ed140d67b7cbfff1c23fd33e0ffcae18f285566266c063f78e1c,NEW_013_ADTOF_35_0,24.807256235817476,UNCONSTRAINED_NEW_013_39,UNCONSTRAINED_NEW_013_15,TRIO_CONDITIONED_NEW_013_11,,
F_MIX_00985,M4,True,196.2202267573696,DRUM_SUPPORTED,True,541,196.20861678004536,11.609977324241072,172.26562500000261,PROVISIONAL_QUALIFIED_EVIDENCE,SOURCE_ASSOCIATED_NATIVE_MARKER,NUMERICAL_MARKER_ONLY_ATTACK_UNCERTAINTY_UNQUANTIFIED,,INDETERMINATE_UNQUANTIFIED_ATTACK_AND_REFERENCE_UNCERTAINTY,POSITIVE,11.609977324263038,NEW_013,c7efaf8d2029ed140d67b7cbfff1c23fd33e0ffcae18f285566266c063f78e1c,NEW_013_ADTOF_35_1,10.226757369593997,UNCONSTRAINED_NEW_013_39,UNCONSTRAINED_NEW_013_17,TRIO_CONDITIONED_NEW_013_12,,
F_MIX_00986,M4,True,196.45242630385488,DRUM_SUPPORTED,True,542,196.55691609977325,-104.4897959183686,172.26562500000261,PROVISIONAL_QUALIFIED_EVIDENCE,SOURCE_ASSOCIATED_NATIVE_MARKER,NUMERICAL_MARKER_ONLY_ATTACK_UNCERTAINTY_UNQUANTIFIED,,INDETERMINATE_UNQUANTIFIED_ATTACK_AND_REFERENCE_UNCERTAINTY,NEGATIVE,11.609977324263038,NEW_013,c7efaf8d2029ed140d67b7cbfff1c23fd33e0ffcae18f285566266c063f78e1c,NEW_013_ADTOF_38_5,2.426303854889511,UNCONSTRAINED_NEW_013_39,UNCONSTRAINED_NEW_013_20,TRIO_CONDITIONED_NEW_013_14,,
F_MIX_00987,M4,True,196.8239455782313,DRUM_SUPPORTED,True,543,196.90521541950113,-81.26984126982961,172.26562500000261,PROVISIONAL_QUALIFIED_EVIDENCE,SOURCE_ASSOCIATED_NATIVE_MARKER,NUMERICAL_MARKER_ONLY_ATTACK_UNCERTAINTY_UNQUANTIFIED,,INDETERMINATE_UNQUANTIFIED_ATTACK_AND_REFERENCE_UNCERTAINTY,NEGATIVE,11.609977324263038,NEW_013,c7efaf8d2029ed140d67b7cbfff1c23fd33e0ffcae18f285566266c063f78e1c,NEW_013_ADTOF_38_6,13.945578231300715,UNCONSTRAINED_NEW_013_39,UNCONSTRAINED_NEW_013_24,TRIO_CONDITIONED_NEW_013_16,,
F_MIX_00988,M4,True,197.06775510204082,DRUM_SUPPORTED,True,543,196.90521541950113,162.53968253968765,161.4990234374967,PROVISIONAL_QUALIFIED_EVIDENCE,SOURCE_ASSOCIATED_NATIVE_MARKER,NUMERICAL_MARKER_ONLY_ATTACK_UNCERTAINTY_UNQUANTIFIED,,INDETERMINATE_UNQUANTIFIED_ATTACK_AND_REFERENCE_UNCERTAINTY,POSITIVE,11.609977324263038,NEW_013,c7efaf8d2029ed140d67b7cbfff1c23fd33e0ffcae18f285566266c063f78e1c,NEW_013_ADTOF_38_7,82.24489795918544,UNCONSTRAINED_NEW_013_39,UNCONSTRAINED_NEW_013_27,TRIO_CONDITIONED_NEW_013_19,,
F_MIX_00989,M4,True,197.1722448979592,DRUM_SUPPORTED,True,544,197.27673469387756,-104.4897959183686,161.4990234374967,PROVISIONAL_QUALIFIED_EVIDENCE,SOURCE_ASSOCIATED_NATIVE_MARKER,NUMERICAL_MARKER_ONLY_ATTACK_UNCERTAINTY_UNQUANTIFIED,,INDETERMINATE_UNQUANTIFIED_ATTACK_AND_REFERENCE_UNCERTAINTY,NEGATIVE,11.609977324263038,NEW_013,c7efaf8d2029ed140d67b7cbfff1c23fd33e0ffcae18f285566266c063f78e1c,NEW_013_ADTOF_38_7,22.244897959183163,UNCONSTRAINED_NEW_013_39,UNCONSTRAINED_NEW_013_28,TRIO_CONDITIONED_NEW_013_20,,
F_MIX_00990,M4,True,197.27673469387756,DRUM_SUPPORTED,True,544,197.27673469387756,0.0,172.26562500000261,PROVISIONAL_QUALIFIED_EVIDENCE,SOURCE_ASSOCIATED_NATIVE_MARKER,NUMERICAL_MARKER_ONLY_ATTACK_UNCERTAINTY_UNQUANTIFIED,,INDETERMINATE_UNQUANTIFIED_ATTACK_AND_REFERENCE_UNCERTAINTY,ZERO,11.609977324263038,NEW_013,c7efaf8d2029ed140d67b7cbfff1c23fd33e0ffcae18f285566266c063f78e1c,NEW_013_ADTOF_38_8,16.734693877566542,UNCONSTRAINED_NEW_013_39,UNCONSTRAINED_NEW_013_29,TRIO_CONDITIONED_NEW_013_21,,
F_MIX_00991,M4,True,197.40444444444444,DRUM_SUPPORTED,True,544,197.27673469387756,127.70975056687917,172.26562500000261,PROVISIONAL_QUALIFIED_EVIDENCE,SOURCE_ASSOCIATED_NATIVE_MARKER,NUMERICAL_MARKER_ONLY_ATTACK_UNCERTAINTY_UNQUANTIFIED,,INDETERMINATE_UNQUANTIFIED_ATTACK_AND_REFERENCE_UNCERTAINTY,POSITIVE,11.609977324263038,NEW_013,c7efaf8d2029ed140d67b7cbfff1c23fd33e0ffcae18f285566266c063f78e1c,NEW_013_ADTOF_35_2,34.444444444432065,UNCONSTRAINED_NEW_013_39,UNCONSTRAINED_NEW_013_31,TRIO_CONDITIONED_NEW_013_22,,
F_MIX_00992,M4,True,197.4857142857143,DRUM_SUPPORTED,True,545,197.62503401360544,-139.31972789114866,172.26562500000261,PROVISIONAL_QUALIFIED_EVIDENCE,SOURCE_ASSOCIATED_NATIVE_MARKER,NUMERICAL_MARKER_ONLY_ATTACK_UNCERTAINTY_UNQUANTIFIED,,INDETERMINATE_UNQUANTIFIED_ATTACK_AND_REFERENCE_UNCERTAINTY,NEGATIVE,11.609977324263038,NEW_013,c7efaf8d2029ed140d67b7cbfff1c23fd33e0ffcae18f285566266c063f78e1c,NEW_013_ADTOF_47_2,5.714285714304879,UNCONSTRAINED_NEW_013_39,UNCONSTRAINED_NEW_013_33,TRIO_CONDITIONED_NEW_013_24,,
F_MIX_00993,M4,True,197.6018140589569,DRUM_SUPPORTED,True,545,197.62503401360544,-23.219954648538987,172.26562500000261,PROVISIONAL_QUALIFIED_EVIDENCE,SOURCE_ASSOCIATED_NATIVE_MARKER,NUMERICAL_MARKER_ONLY_ATTACK_UNCERTAINTY_UNQUANTIFIED,,INDETERMINATE_UNQUANTIFIED_ATTACK_AND_REFERENCE_UNCERTAINTY,NEGATIVE,11.609977324263038,NEW_013,c7efaf8d2029ed140d67b7cbfff1c23fd33e0ffcae18f285566266c063f78e1c,NEW_013_ADTOF_38_9,11.814058956900908,UNCONSTRAINED_NEW_013_39,UNCONSTRAINED_NEW_013_40,TRIO_CONDITIONED_NEW_013_30,,
F_MIX_00994,M4,True,197.74113378684808,DRUM_SUPPORTED,True,545,197.62503401360544,116.0997732426381,172.26562500000261,PROVISIONAL_QUALIFIED_EVIDENCE,SOURCE_ASSOCIATED_NATIVE_MARKER,NUMERICAL_MARKER_ONLY_ATTACK_UNCERTAINTY_UNQUANTIFIED,,INDETERMINATE_UNQUANTIFIED_ATTACK_AND_REFERENCE_UNCERTAINTY,POSITIVE,11.609977324263038,NEW_013,c7efaf8d2029ed140d67b7cbfff1c23fd33e0ffcae18f285566266c063f78e1c,NEW_013_ADTOF_35_3,31.13378684807344,UNCONSTRAINED_NEW_013_46,UNCONSTRAINED_NEW_013_47,TRIO_CONDITIONED_NEW_013_36,,
F_MIX_00995,M4,True,197.96172335600906,DRUM_SUPPORTED,True,546,197.97333333333333,-11.609977324269494,172.26562500000261,PROVISIONAL_QUALIFIED_EVIDENCE,SOURCE_ASSOCIATED_NATIVE_MARKER,NUMERICAL_MARKER_ONLY_ATTACK_UNCERTAINTY_UNQUANTIFIED,,INDETERMINATE_UNQUANTIFIED_ATTACK_AND_REFERENCE_UNCERTAINTY,NEGATIVE,11.609977324263038,NEW_013,c7efaf8d2029ed140d67b7cbfff1c23fd33e0ffcae18f285566266c063f78e1c,NEW_013_ADTOF_38_10,1.723356009051713,UNCONSTRAINED_NEW_013_55,UNCONSTRAINED_NEW_013_56,TRIO_CONDITIONED_NEW_013_44,,
F_MIX_00996,M4,True,198.6118820861678,DRUM_SUPPORTED,True,548,198.69315192743764,-81.26984126982961,172.26562500000261,PROVISIONAL_QUALIFIED_EVIDENCE,SOURCE_ASSOCIATED_NATIVE_MARKER,NUMERICAL_MARKER_ONLY_ATTACK_UNCERTAINTY_UNQUANTIFIED,,INDETERMINATE_UNQUANTIFIED_ATTACK_AND_REFERENCE_UNCERTAINTY,NEGATIVE,11.609977324263038,NEW_013,c7efaf8d2029ed140d67b7cbfff1c23fd33e0ffcae18f285566266c063f78e1c,NEW_013_ADTOF_38_11,21.882086167806847,UNCONSTRAINED_NEW_013_80,UNCONSTRAINED_NEW_013_73,TRIO_CONDITIONED_NEW_013_58,,
F_MIX_00997,M4,True,199.07628117913833,DRUM_SUPPORTED,True,549,199.06467120181406,11.609977324269494,172.26562500000261,PROVISIONAL_QUALIFIED_EVIDENCE,SOURCE_ASSOCIATED_NATIVE_MARKER,NUMERICAL_MARKER_ONLY_ATTACK_UNCERTAINTY_UNQUANTIFIED,,INDETERMINATE_UNQUANTIFIED_ATTACK_AND_REFERENCE_UNCERTAINTY,POSITIVE,11.609977324263038,NEW_013,c7efaf8d2029ed140d67b7cbfff1c23fd33e0ffcae18f285566266c063f78e1c,NEW_013_ADTOF_35_6,16.281179138331936,UNCONSTRAINED_NEW_013_88,UNCONSTRAINED_NEW_013_89,TRIO_CONDITIONED_NEW_013_63,,
F_MIX_00998,M4,True,199.4361904761905,DRUM_SUPPORTED,True,550,199.41297052154195,23.219954648538987,172.26562500000261,PROVISIONAL_QUALIFIED_EVIDENCE,SOURCE_ASSOCIATED_NATIVE_MARKER,NUMERICAL_MARKER_ONLY_ATTACK_UNCERTAINTY_UNQUANTIFIED,,INDETERMINATE_UNQUANTIFIED_ATTACK_AND_REFERENCE_UNCERTAINTY,POSITIVE,11.609977324263038,NEW_013,c7efaf8d2029ed140d67b7cbfff1c23fd33e0ffcae18f285566266c063f78e1c,NEW_013_ADTOF_49_4,16.190476190502068,UNCONSTRAINED_NEW_013_104,UNCONSTRAINED_NEW_013_105,TRIO_CONDITIONED_NEW_013_77,,
F_MIX_00999,M4,True,199.81931972789116,DRUM_SUPPORTED,True,551,199.76126984126984,58.04988662131905,161.4990234374967,PROVISIONAL_QUALIFIED_EVIDENCE,SOURCE_ASSOCIATED_NATIVE_MARKER,NUMERICAL_MARKER_ONLY_ATTACK_UNCERTAINTY_UNQUANTIFIED,,INDETERMINATE_UNQUANTIFIED_ATTACK_AND_REFERENCE_UNCERTAINTY,POSITIVE,11.609977324263038,NEW_013,c7efaf8d2029ed140d67b7cbfff1c23fd33e0ffcae18f285566266c063f78e1c,NEW_013_ADTOF_35_7,29.31972789116344,UNCONSTRAINED_NEW_013_112,UNCONSTRAINED_NEW_013_113,TRIO_CONDITIONED_NEW_013_83,,
F_MIX_01000,M4,True,200.16761904761904,DRUM_SUPPORTED,True,552,200.13278911564626,34.82993197278006,172.26562500000261,PROVISIONAL_QUALIFIED_EVIDENCE,SOURCE_ASSOCIATED_NATIVE_MARKER,NUMERICAL_MARKER_ONLY_ATTACK_UNCERTAINTY_UNQUANTIFIED,,INDETERMINATE_UNQUANTIFIED_ATTACK_AND_REFERENCE_UNCERTAINTY,POSITIVE,11.609977324263038,control_200_210,c7efaf8d2029ed140d67b7cbfff1c23fd33e0ffcae18f285566266c063f78e1c,ADTOF_ADAPTER_00108,7.61904761904475,UNCONSTRAINED_control_200_210_78,UNCONSTRAINED_control_200_210_60,TRIO_CONDITIONED_control_200_210_1,,
F_MIX_01001,M4,True,200.80616780045352,DRUM_SUPPORTED,True,554,200.85260770975057,-46.43990929704955,161.4990234374967,PROVISIONAL_QUALIFIED_EVIDENCE,SOURCE_ASSOCIATED_NATIVE_MARKER,NUMERICAL_MARKER_ONLY_ATTACK_UNCERTAINTY_UNQUANTIFIED,,INDETERMINATE_UNQUANTIFIED_ATTACK_AND_REFERENCE_UNCERTAINTY,NEGATIVE,11.609977324263038,control_200_210,c7efaf8d2029ed140d67b7cbfff1c23fd33e0ffcae18f285566266c063f78e1c,ADTOF_ADAPTER_00099,16.16780045353039,UNCONSTRAINED_control_200_210_78,UNCONSTRAINED_control_200_210_60,TRIO_CONDITIONED_control_200_210_11,BASS_00342,
F_MIX_01002,M4,True,201.2473469387755,DRUM_SUPPORTED,True,555,201.20090702947846,46.43990929704955,161.4990234374967,PROVISIONAL_QUALIFIED_EVIDENCE,SOURCE_ASSOCIATED_NATIVE_MARKER,NUMERICAL_MARKER_ONLY_ATTACK_UNCERTAINTY_UNQUANTIFIED,,INDETERMINATE_UNQUANTIFIED_ATTACK_AND_REFERENCE_UNCERTAINTY,POSITIVE,11.609977324263038,control_200_210,c7efaf8d2029ed140d67b7cbfff1c23fd33e0ffcae18f285566266c063f78e1c,ADTOF_ADAPTER_00100,7.346938775498302,UNCONSTRAINED_control_200_210_78,UNCONSTRAINED_control_200_210_60,TRIO_CONDITIONED_control_200_210_21,BASS_00343,
F_MIX_01003,M4,True,201.5027664399093,DRUM_SUPPORTED,True,556,201.57242630385488,-69.65986394558854,161.4990234374967,PROVISIONAL_QUALIFIED_EVIDENCE,SOURCE_ASSOCIATED_NATIVE_MARKER,NUMERICAL_MARKER_ONLY_ATTACK_UNCERTAINTY_UNQUANTIFIED,,INDETERMINATE_UNQUANTIFIED_ATTACK_AND_REFERENCE_UNCERTAINTY,NEGATIVE,11.609977324263038,control_200_210,c7efaf8d2029ed140d67b7cbfff1c23fd33e0ffcae18f285566266c063f78e1c,ADTOF_ADAPTER_00110,12.766439909285054,UNCONSTRAINED_control_200_210_78,UNCONSTRAINED_control_200_210_60,TRIO_CONDITIONED_control_200_210_23,,
F_MIX_01004,M4,True,201.6304761904762,DRUM_SUPPORTED,True,556,201.57242630385488,58.04988662131905,172.26562500000261,PROVISIONAL_QUALIFIED_EVIDENCE,SOURCE_ASSOCIATED_NATIVE_MARKER,NUMERICAL_MARKER_ONLY_ATTACK_UNCERTAINTY_UNQUANTIFIED,,INDETERMINATE_UNQUANTIFIED_ATTACK_AND_REFERENCE_UNCERTAINTY,POSITIVE,11.609977324263038,control_200_210,c7efaf8d2029ed140d67b7cbfff1c23fd33e0ffcae18f285566266c063f78e1c,ADTOF_ADAPTER_00130,30.47619047620742,UNCONSTRAINED_control_200_210_78,UNCONSTRAINED_control_200_210_60,TRIO_CONDITIONED_control_200_210_26,BASS_00345,
F_MIX_01005,M4,True,201.87428571428572,DRUM_SUPPORTED,True,557,201.92072562358277,-46.43990929704955,172.26562500000261,PROVISIONAL_QUALIFIED_EVIDENCE,SOURCE_ASSOCIATED_NATIVE_MARKER,NUMERICAL_MARKER_ONLY_ATTACK_UNCERTAINTY_UNQUANTIFIED,,INDETERMINATE_UNQUANTIFIED_ATTACK_AND_REFERENCE_UNCERTAINTY,NEGATIVE,11.609977324263038,control_200_210,c7efaf8d2029ed140d67b7cbfff1c23fd33e0ffcae18f285566266c063f78e1c,ADTOF_ADAPTER_00131,24.28571428572468,UNCONSTRAINED_control_200_210_78,UNCONSTRAINED_control_200_210_60,TRIO_CONDITIONED_control_200_210_35,BASS_00346,
F_MIX_01006,M4,True,201.96716553287982,DRUM_SUPPORTED,True,557,201.92072562358277,46.43990929704955,172.26562500000261,PROVISIONAL_QUALIFIED_EVIDENCE,SOURCE_ASSOCIATED_NATIVE_MARKER,NUMERICAL_MARKER_ONLY_ATTACK_UNCERTAINTY_UNQUANTIFIED,,INDETERMINATE_UNQUANTIFIED_ATTACK_AND_REFERENCE_UNCERTAINTY,POSITIVE,11.609977324263038,control_200_210,c7efaf8d2029ed140d67b7cbfff1c23fd33e0ffcae18f285566266c063f78e1c,ADTOF_ADAPTER_00101,17.16553287982947,UNCONSTRAINED_control_200_210_78,UNCONSTRAINED_control_200_210_60,TRIO_CONDITIONED_control_200_210_35,BASS_00347,
F_MIX_01007,M4,True,202.23419501133787,UNKNOWN,True,558,202.26902494331065,-34.82993197278006,172.26562500000261,UNKNOWN,SOURCE_NEUTRAL_NATIVE_MARKER,NUMERICAL_MARKER_ONLY_ATTACK_UNCERTAINTY_UNQUANTIFIED,,INDETERMINATE_UNQUANTIFIED_ATTACK_AND_REFERENCE_UNCERTAINTY,NEGATIVE,11.609977324263038,control_200_210,c7efaf8d2029ed140d67b7cbfff1c23fd33e0ffcae18f285566266c063f78e1c,ADTOF_ADAPTER_00102,35.804988662135884,UNCONSTRAINED_control_200_210_78,UNCONSTRAINED_control_200_210_60,TRIO_CONDITIONED_control_200_210_44,,
F_MIX_01008,M4,True,202.2922448979592,DRUM_SUPPORTED,True,558,202.26902494331065,23.219954648538987,161.4990234374967,PROVISIONAL_QUALIFIED_EVIDENCE,SOURCE_ASSOCIATED_NATIVE_MARKER,NUMERICAL_MARKER_ONLY_ATTACK_UNCERTAINTY_UNQUANTIFIED,,INDETERMINATE_UNQUANTIFIED_ATTACK_AND_REFERENCE_UNCERTAINTY,POSITIVE,11.609977324263038,control_200_210,c7efaf8d2029ed140d67b7cbfff1c23fd33e0ffcae18f285566266c063f78e1c,ADTOF_ADAPTER_00103,17.75510204080888,UNCONSTRAINED_control_200_210_78,UNCONSTRAINED_control_200_210_60,TRIO_CONDITIONED_control_200_210_44,BASS_00348,
F_MIX_01009,M4,True,202.6057142857143,UNKNOWN,True,559,202.64054421768708,-34.82993197278006,161.4990234374967,UNKNOWN,SOURCE_NEUTRAL_NATIVE_MARKER,NUMERICAL_MARKER_ONLY_ATTACK_UNCERTAINTY_UNQUANTIFIED,,INDETERMINATE_UNQUANTIFIED_ATTACK_AND_REFERENCE_UNCERTAINTY,NEGATIVE,11.609977324263038,control_200_210,c7efaf8d2029ed140d67b7cbfff1c23fd33e0ffcae18f285566266c063f78e1c,ADTOF_ADAPTER_00104,54.285714285697395,UNCONSTRAINED_control_200_210_78,UNCONSTRAINED_control_200_210_60,TRIO_CONDITIONED_control_200_210_47,,
F_MIX_01010,M4,True,202.68698412698413,DRUM_SUPPORTED,True,559,202.64054421768708,46.43990929704955,172.26562500000261,PROVISIONAL_QUALIFIED_EVIDENCE,SOURCE_ASSOCIATED_NATIVE_MARKER,NUMERICAL_MARKER_ONLY_ATTACK_UNCERTAINTY_UNQUANTIFIED,,INDETERMINATE_UNQUANTIFIED_ATTACK_AND_REFERENCE_UNCERTAINTY,POSITIVE,11.609977324263038,control_200_210,c7efaf8d2029ed140d67b7cbfff1c23fd33e0ffcae18f285566266c063f78e1c,ADTOF_ADAPTER_00104,26.984126984132217,UNCONSTRAINED_control_200_210_78,UNCONSTRAINED_control_200_210_60,TRIO_CONDITIONED_control_200_210_47,BASS_00349,
F_MIX_01011,M4,True,202.87274376417233,UNKNOWN,True,560,202.98884353741497,-116.0997732426381,172.26562500000261,UNKNOWN,SOURCE_NEUTRAL_NATIVE_MARKER,NUMERICAL_MARKER_ONLY_ATTACK_UNCERTAINTY_UNQUANTIFIED,,INDETERMINATE_UNQUANTIFIED_ATTACK_AND_REFERENCE_UNCERTAINTY,NEGATIVE,11.609977324263038,control_200_210,c7efaf8d2029ed140d67b7cbfff1c23fd33e0ffcae18f285566266c063f78e1c,ADTOF_ADAPTER_00135,147.2562358276832,UNCONSTRAINED_control_200_210_78,UNCONSTRAINED_control_200_210_60,TRIO_CONDITIONED_control_200_210_49,,
F_MIX_01012,M4,True,203.04689342403628,DRUM_SUPPORTED,True,560,202.98884353741497,58.04988662131905,172.26562500000261,PROVISIONAL_QUALIFIED_EVIDENCE,SOURCE_ASSOCIATED_NATIVE_MARKER,NUMERICAL_MARKER_ONLY_ATTACK_UNCERTAINTY_UNQUANTIFIED,,INDETERMINATE_UNQUANTIFIED_ATTACK_AND_REFERENCE_UNCERTAINTY,POSITIVE,11.609977324263038,control_200_210,c7efaf8d2029ed140d67b7cbfff1c23fd33e0ffcae18f285566266c063f78e1c,ADTOF_ADAPTER_00135,26.893424036273927,UNCONSTRAINED_control_200_210_78,UNCONSTRAINED_control_200_210_60,TRIO_CONDITIONED_control_200_210_55,,
F_MIX_01013,M4,True,203.32553287981858,UNKNOWN,True,561,203.33714285714285,-11.609977324269494,172.26562500000261,UNKNOWN,SOURCE_NEUTRAL_NATIVE_MARKER,NUMERICAL_MARKER_ONLY_ATTACK_UNCERTAINTY_UNQUANTIFIED,,INDETERMINATE_UNQUANTIFIED_ATTACK_AND_REFERENCE_UNCERTAINTY,NEGATIVE,11.609977324263038,control_200_210,c7efaf8d2029ed140d67b7cbfff1c23fd33e0ffcae18f285566266c063f78e1c,ADTOF_ADAPTER_00105,44.46712018142307,UNCONSTRAINED_control_200_210_78,UNCONSTRAINED_control_200_210_60,TRIO_CONDITIONED_control_200_210_63,BASS_00350,
F_MIX_01014,M4,True,203.39519274376417,DRUM_SUPPORTED,True,561,203.33714285714285,58.04988662131905,172.26562500000261,PROVISIONAL_QUALIFIED_EVIDENCE,SOURCE_ASSOCIATED_NATIVE_MARKER,NUMERICAL_MARKER_ONLY_ATTACK_UNCERTAINTY_UNQUANTIFIED,,INDETERMINATE_UNQUANTIFIED_ATTACK_AND_REFERENCE_UNCERTAINTY,POSITIVE,11.609977324263038,control_200_210,c7efaf8d2029ed140d67b7cbfff1c23fd33e0ffcae18f285566266c063f78e1c,ADTOF_ADAPTER_00105,25.19274376416547,UNCONSTRAINED_control_200_210_78,UNCONSTRAINED_control_200_210_60,TRIO_CONDITIONED_control_200_210_63,,
F_MIX_01015,M4,True,203.66222222222223,DRUM_SUPPORTED,True,562,203.68544217687074,-23.219954648510566,172.26562500000261,PROVISIONAL_QUALIFIED_EVIDENCE,SOURCE_ASSOCIATED_NATIVE_MARKER,NUMERICAL_MARKER_ONLY_ATTACK_UNCERTAINTY_UNQUANTIFIED,,INDETERMINATE_UNQUANTIFIED_ATTACK_AND_REFERENCE_UNCERTAINTY,NEGATIVE,11.609977324263038,control_200_210,c7efaf8d2029ed140d67b7cbfff1c23fd33e0ffcae18f285566266c063f78e1c,ADTOF_ADAPTER_00111,22.222222222239907,UNCONSTRAINED_control_200_210_78,UNCONSTRAINED_control_200_210_60,TRIO_CONDITIONED_control_200_210_69,,
F_MIX_01016,M4,True,203.75510204081633,DRUM_SUPPORTED,True,562,203.68544217687074,69.65986394558854,161.4990234374967,PROVISIONAL_QUALIFIED_EVIDENCE,SOURCE_ASSOCIATED_NATIVE_MARKER,NUMERICAL_MARKER_ONLY_ATTACK_UNCERTAINTY_UNQUANTIFIED,,INDETERMINATE_UNQUANTIFIED_ATTACK_AND_REFERENCE_UNCERTAINTY,POSITIVE,11.609977324263038,control_200_210,c7efaf8d2029ed140d67b7cbfff1c23fd33e0ffcae18f285566266c063f78e1c,ADTOF_ADAPTER_00106,25.102040816335602,UNCONSTRAINED_control_200_210_78,UNCONSTRAINED_control_200_210_60,TRIO_CONDITIONED_control_200_210_69,BASS_00351,
F_MIX_01017,M4,True,204.03374149659865,DRUM_SUPPORTED,True,563,204.05696145124716,-23.219954648510566,161.4990234374967,PROVISIONAL_QUALIFIED_EVIDENCE,SOURCE_ASSOCIATED_NATIVE_MARKER,NUMERICAL_MARKER_ONLY_ATTACK_UNCERTAINTY_UNQUANTIFIED,,INDETERMINATE_UNQUANTIFIED_ATTACK_AND_REFERENCE_UNCERTAINTY,NEGATIVE,11.609977324263038,control_200_210,c7efaf8d2029ed140d67b7cbfff1c23fd33e0ffcae18f285566266c063f78e1c,ADTOF_ADAPTER_00112,23.741496598660206,UNCONSTRAINED_control_200_210_78,UNCONSTRAINED_control_200_210_60,TRIO_CONDITIONED_control_200_210_74,,
F_MIX_01018,M4,True,204.3356009070295,DRUM_SUPPORTED,True,564,204.40526077097505,-69.65986394556012,172.26562500000261,PROVISIONAL_QUALIFIED_EVIDENCE,SOURCE_ASSOCIATED_NATIVE_MARKER,NUMERICAL_MARKER_ONLY_ATTACK_UNCERTAINTY_UNQUANTIFIED,,INDETERMINATE_UNQUANTIFIED_ATTACK_AND_REFERENCE_UNCERTAINTY,NEGATIVE,11.609977324263038,control_200_210,c7efaf8d2029ed140d67b7cbfff1c23fd33e0ffcae18f285566266c063f78e1c,ADTOF_ADAPTER_00113,15.600907029494238,UNCONSTRAINED_control_200_210_78,UNCONSTRAINED_control_200_210_60,TRIO_CONDITIONED_control_200_210_77,,
F_MIX_01019,M4,True,204.70712018140588,DRUM_SUPPORTED,True,565,204.75356009070296,-46.439909297077975,172.26562499998857,PROVISIONAL_QUALIFIED_EVIDENCE,SOURCE_ASSOCIATED_NATIVE_MARKER,NUMERICAL_MARKER_ONLY_ATTACK_UNCERTAINTY_UNQUANTIFIED,,INDETERMINATE_UNQUANTIFIED_ATTACK_AND_REFERENCE_UNCERTAINTY,NEGATIVE,11.609977324263038,control_200_210,c7efaf8d2029ed140d67b7cbfff1c23fd33e0ffcae18f285566266c063f78e1c,ADTOF_ADAPTER_00114,17.120181405886115,UNCONSTRAINED_control_200_210_78,UNCONSTRAINED_control_200_210_60,TRIO_CONDITIONED_control_200_210_81,,
F_MIX_01020,M4,True,204.84643990929706,UNKNOWN,True,565,204.75356009070296,92.8798185940991,161.49902343750904,UNKNOWN,SOURCE_NEUTRAL_NATIVE_MARKER,NUMERICAL_MARKER_ONLY_ATTACK_UNCERTAINTY_UNQUANTIFIED,,INDETERMINATE_UNQUANTIFIED_ATTACK_AND_REFERENCE_UNCERTAINTY,POSITIVE,11.609977324263038,control_200_210,c7efaf8d2029ed140d67b7cbfff1c23fd33e0ffcae18f285566266c063f78e1c,ADTOF_ADAPTER_00114,156.4399092970632,UNCONSTRAINED_control_200_210_78,UNCONSTRAINED_control_200_210_60,TRIO_CONDITIONED_control_200_210_84,,
F_MIX_01021,M4,True,205.06702947845804,DRUM_SUPPORTED,True,566,205.12507936507936,-58.04988662131905,161.49902343750904,PROVISIONAL_QUALIFIED_EVIDENCE,SOURCE_ASSOCIATED_NATIVE_MARKER,NUMERICAL_MARKER_ONLY_ATTACK_UNCERTAINTY_UNQUANTIFIED,,INDETERMINATE_UNQUANTIFIED_ATTACK_AND_REFERENCE_UNCERTAINTY,NEGATIVE,11.609977324263038,control_200_210,c7efaf8d2029ed140d67b7cbfff1c23fd33e0ffcae18f285566266c063f78e1c,ADTOF_ADAPTER_00115,17.029478458027825,UNCONSTRAINED_control_200_210_78,UNCONSTRAINED_control_200_210_60,TRIO_CONDITIONED_control_200_210_87,,
F_MIX_01022,M4,True,205.43854875283446,DRUM_SUPPORTED,True,567,205.47337868480724,-34.82993197278006,172.26562500000261,PROVISIONAL_QUALIFIED_EVIDENCE,SOURCE_ASSOCIATED_NATIVE_MARKER,NUMERICAL_MARKER_ONLY_ATTACK_UNCERTAINTY_UNQUANTIFIED,,INDETERMINATE_UNQUANTIFIED_ATTACK_AND_REFERENCE_UNCERTAINTY,NEGATIVE,11.609977324263038,control_200_210,c7efaf8d2029ed140d67b7cbfff1c23fd33e0ffcae18f285566266c063f78e1c,ADTOF_ADAPTER_00123,18.548752834476545,UNCONSTRAINED_control_200_210_78,UNCONSTRAINED_control_200_210_62,TRIO_CONDITIONED_control_200_210_89,,
F_MIX_01023,M4,True,205.5546485260771,UNKNOWN,True,567,205.47337868480724,81.26984126985803,161.4990234374967,UNKNOWN,SOURCE_NEUTRAL_NATIVE_MARKER,NUMERICAL_MARKER_ONLY_ATTACK_UNCERTAINTY_UNQUANTIFIED,,INDETERMINATE_UNQUANTIFIED_ATTACK_AND_REFERENCE_UNCERTAINTY,POSITIVE,11.609977324263038,control_200_210,c7efaf8d2029ed140d67b7cbfff1c23fd33e0ffcae18f285566266c063f78e1c,ADTOF_ADAPTER_00123,134.64852607711464,UNCONSTRAINED_control_200_210_78,UNCONSTRAINED_control_200_210_63,TRIO_CONDITIONED_control_200_210_89,,
F_MIX_01024,M4,True,205.8100680272109,DRUM_SUPPORTED,True,568,205.84489795918367,-34.82993197278006,161.4990234374967,PROVISIONAL_QUALIFIED_EVIDENCE,SOURCE_ASSOCIATED_NATIVE_MARKER,NUMERICAL_MARKER_ONLY_ATTACK_UNCERTAINTY_UNQUANTIFIED,,INDETERMINATE_UNQUANTIFIED_ATTACK_AND_REFERENCE_UNCERTAINTY,NEGATIVE,11.609977324263038,control_200_210,c7efaf8d2029ed140d67b7cbfff1c23fd33e0ffcae18f285566266c063f78e1c,ADTOF_ADAPTER_00116,20.068027210896844,UNCONSTRAINED_control_200_210_78,UNCONSTRAINED_control_200_210_64,TRIO_CONDITIONED_control_200_210_91,,
F_MIX_01025,M4,True,206.16997732426304,DRUM_SUPPORTED,True,569,206.19319727891155,-23.219954648510566,172.26562500000261,PROVISIONAL_QUALIFIED_EVIDENCE,SOURCE_ASSOCIATED_NATIVE_MARKER,NUMERICAL_MARKER_ONLY_ATTACK_UNCERTAINTY_UNQUANTIFIED,,INDETERMINATE_UNQUANTIFIED_ATTACK_AND_REFERENCE_UNCERTAINTY,NEGATIVE,11.609977324263038,control_200_210,c7efaf8d2029ed140d67b7cbfff1c23fd33e0ffcae18f285566266c063f78e1c,ADTOF_ADAPTER_00107,9.977324263047649,UNCONSTRAINED_control_200_210_78,UNCONSTRAINED_control_200_210_66,TRIO_CONDITIONED_control_200_210_92,,
F_MIX_01026,M4,True,206.28607709750568,DRUM_SUPPORTED,True,569,206.19319727891155,92.87981859412753,161.4990234374967,PROVISIONAL_QUALIFIED_EVIDENCE,SOURCE_ASSOCIATED_NATIVE_MARKER,NUMERICAL_MARKER_ONLY_ATTACK_UNCERTAINTY_UNQUANTIFIED,,INDETERMINATE_UNQUANTIFIED_ATTACK_AND_REFERENCE_UNCERTAINTY,POSITIVE,11.609977324263038,control_200_210,c7efaf8d2029ed140d67b7cbfff1c23fd33e0ffcae18f285566266c063f78e1c,ADTOF_ADAPTER_00107,126.07709750568574,UNCONSTRAINED_control_200_210_78,UNCONSTRAINED_control_200_210_67,TRIO_CONDITIONED_control_200_210_93,,
F_MIX_01027,M4,True,206.50666666666666,DRUM_SUPPORTED,True,570,206.56471655328798,-58.04988662131905,161.4990234374967,PROVISIONAL_QUALIFIED_EVIDENCE,SOURCE_ASSOCIATED_NATIVE_MARKER,NUMERICAL_MARKER_ONLY_ATTACK_UNCERTAINTY_UNQUANTIFIED,,INDETERMINATE_UNQUANTIFIED_ATTACK_AND_REFERENCE_UNCERTAINTY,NEGATIVE,11.609977324263038,control_200_210,c7efaf8d2029ed140d67b7cbfff1c23fd33e0ffcae18f285566266c063f78e1c,ADTOF_ADAPTER_00117,16.66666666665151,UNCONSTRAINED_control_200_210_78,UNCONSTRAINED_control_200_210_68,TRIO_CONDITIONED_control_200_210_94,,
F_MIX_01028,M4,True,206.87818594104309,DRUM_SUPPORTED,True,571,206.9362358276644,-58.04988662131905,161.4990234374967,PROVISIONAL_QUALIFIED_EVIDENCE,SOURCE_ASSOCIATED_NATIVE_MARKER,NUMERICAL_MARKER_ONLY_ATTACK_UNCERTAINTY_UNQUANTIFIED,,INDETERMINATE_UNQUANTIFIED_ATTACK_AND_REFERENCE_UNCERTAINTY,NEGATIVE,11.609977324263038,control_200_210,c7efaf8d2029ed140d67b7cbfff1c23fd33e0ffcae18f285566266c063f78e1c,ADTOF_ADAPTER_00118,18.185941043071807,UNCONSTRAINED_control_200_210_78,UNCONSTRAINED_control_200_210_70,TRIO_CONDITIONED_control_200_210_95,,
F_MIX_01029,M4,True,206.99428571428572,DRUM_SUPPORTED,True,571,206.9362358276644,58.04988662131905,161.4990234374967,PROVISIONAL_QUALIFIED_EVIDENCE,SOURCE_ASSOCIATED_NATIVE_MARKER,NUMERICAL_MARKER_ONLY_ATTACK_UNCERTAINTY_UNQUANTIFIED,,INDETERMINATE_UNQUANTIFIED_ATTACK_AND_REFERENCE_UNCERTAINTY,POSITIVE,11.609977324263038,control_200_210,c7efaf8d2029ed140d67b7cbfff1c23fd33e0ffcae18f285566266c063f78e1c,ADTOF_ADAPTER_00119,105.71428571427077,UNCONSTRAINED_control_200_210_78,UNCONSTRAINED_control_200_210_72,TRIO_CONDITIONED_control_200_210_96,,
F_MIX_01030,M4,True,207.13360544217687,DRUM_SUPPORTED,True,572,207.30775510204083,-174.14965986395714,161.4990234374967,PROVISIONAL_QUALIFIED_EVIDENCE,SOURCE_ASSOCIATED_NATIVE_MARKER,NUMERICAL_MARKER_ONLY_ATTACK_UNCERTAINTY_UNQUANTIFIED,,INDETERMINATE_UNQUANTIFIED_ATTACK_AND_REFERENCE_UNCERTAINTY,NEGATIVE,11.609977324263038,control_200_210,c7efaf8d2029ed140d67b7cbfff1c23fd33e0ffcae18f285566266c063f78e1c,ADTOF_ADAPTER_00119,33.60544217687789,UNCONSTRAINED_control_200_210_78,UNCONSTRAINED_control_200_210_73,TRIO_CONDITIONED_control_200_210_97,,
F_MIX_01031,M4,True,207.26131519274375,UNKNOWN,True,572,207.30775510204083,-46.439909297077975,161.4990234374967,UNKNOWN,SOURCE_NEUTRAL_NATIVE_MARKER,NUMERICAL_MARKER_ONLY_ATTACK_UNCERTAINTY_UNQUANTIFIED,,INDETERMINATE_UNQUANTIFIED_ATTACK_AND_REFERENCE_UNCERTAINTY,NEGATIVE,11.609977324263038,control_200_210,c7efaf8d2029ed140d67b7cbfff1c23fd33e0ffcae18f285566266c063f78e1c,ADTOF_ADAPTER_00120,78.68480725625204,UNCONSTRAINED_control_200_210_78,UNCONSTRAINED_control_200_210_74,TRIO_CONDITIONED_control_200_210_98,,
F_MIX_01032,M4,True,207.35419501133788,DRUM_SUPPORTED,True,572,207.30775510204083,46.43990929704955,161.49902343750904,PROVISIONAL_QUALIFIED_EVIDENCE,SOURCE_ASSOCIATED_NATIVE_MARKER,NUMERICAL_MARKER_ONLY_ATTACK_UNCERTAINTY_UNQUANTIFIED,,INDETERMINATE_UNQUANTIFIED_ATTACK_AND_REFERENCE_UNCERTAINTY,POSITIVE,11.609977324263038,control_200_210,c7efaf8d2029ed140d67b7cbfff1c23fd33e0ffcae18f285566266c063f78e1c,ADTOF_ADAPTER_00120,14.195011337875485,UNCONSTRAINED_control_200_210_78,UNCONSTRAINED_control_200_210_75,TRIO_CONDITIONED_control_200_210_100,,
F_MIX_01033,M4,True,209.258231292517,DRUM_SUPPORTED,True,577,209.21179138321995,46.43990929704955,161.4990234374967,PROVISIONAL_QUALIFIED_EVIDENCE,SOURCE_ASSOCIATED_NATIVE_MARKER,NUMERICAL_MARKER_ONLY_ATTACK_UNCERTAINTY_UNQUANTIFIED,,INDETERMINATE_UNQUANTIFIED_ATTACK_AND_REFERENCE_UNCERTAINTY,POSITIVE,11.609977324263038,control_200_210,c7efaf8d2029ed140d67b7cbfff1c23fd33e0ffcae18f285566266c063f78e1c,ADTOF_ADAPTER_00121,18.23129251698674,UNCONSTRAINED_control_200_210_78,UNCONSTRAINED_control_200_210_77,TRIO_CONDITIONED_control_200_210_100,,
F_MIX_01034,M4,True,209.43238095238095,UNKNOWN,True,578,209.58331065759637,-150.92970521541815,161.4990234374967,UNKNOWN,SOURCE_NEUTRAL_NATIVE_MARKER,NUMERICAL_MARKER_ONLY_ATTACK_UNCERTAINTY_UNQUANTIFIED,,INDETERMINATE_UNQUANTIFIED_ATTACK_AND_REFERENCE_UNCERTAINTY,NEGATIVE,11.609977324263038,control_200_210,c7efaf8d2029ed140d67b7cbfff1c23fd33e0ffcae18f285566266c063f78e1c,ADTOF_ADAPTER_00139,157.61904761905043,UNCONSTRAINED_control_200_210_78,UNCONSTRAINED_control_200_210_77,TRIO_CONDITIONED_control_200_210_100,,
F_MIX_01035,M4,True,209.59492063492064,DRUM_SUPPORTED,True,578,209.58331065759637,11.609977324269494,161.4990234374967,PROVISIONAL_QUALIFIED_EVIDENCE,SOURCE_ASSOCIATED_NATIVE_MARKER,NUMERICAL_MARKER_ONLY_ATTACK_UNCERTAINTY_UNQUANTIFIED,,INDETERMINATE_UNQUANTIFIED_ATTACK_AND_REFERENCE_UNCERTAINTY,POSITIVE,11.609977324263038,control_200_210,c7efaf8d2029ed140d67b7cbfff1c23fd33e0ffcae18f285566266c063f78e1c,ADTOF_ADAPTER_00139,4.920634920637212,UNCONSTRAINED_control_200_210_80,UNCONSTRAINED_control_200_210_77,TRIO_CONDITIONED_control_200_210_100,,
F_MIX_01036,M4,True,209.98965986394558,DRUM_SUPPORTED,True,579,209.9548299319728,34.82993197278006,161.49902343750904,PROVISIONAL_QUALIFIED_EVIDENCE,SOURCE_ASSOCIATED_NATIVE_MARKER,NUMERICAL_MARKER_ONLY_ATTACK_UNCERTAINTY_UNQUANTIFIED,,INDETERMINATE_UNQUANTIFIED_ATTACK_AND_REFERENCE_UNCERTAINTY,POSITIVE,11.609977324263038,NEW_013,c7efaf8d2029ed140d67b7cbfff1c23fd33e0ffcae18f285566266c063f78e1c,NEW_013_ADTOF_49_21,19.65986394557717,UNCONSTRAINED_NEW_013_218,UNCONSTRAINED_NEW_013_233,TRIO_CONDITIONED_NEW_013_217,,
F_MIX_01037,M4,True,210.09414965986394,UNKNOWN,True,579,209.9548299319728,139.31972789114866,161.49902343750904,UNKNOWN,SOURCE_NEUTRAL_NATIVE_MARKER,NUMERICAL_MARKER_ONLY_ATTACK_UNCERTAINTY_UNQUANTIFIED,,INDETERMINATE_UNQUANTIFIED_ATTACK_AND_REFERENCE_UNCERTAINTY,POSITIVE,11.609977324263038,NEW_014,c7efaf8d2029ed140d67b7cbfff1c23fd33e0ffcae18f285566266c063f78e1c,NEW_014_ADTOF_38_0,124.14965986394577,UNCONSTRAINED_NEW_014_152,UNCONSTRAINED_NEW_014_198,TRIO_CONDITIONED_NEW_014_17,,
F_MIX_01038,M4,True,210.17541950113377,UNKNOWN,True,580,210.3263492063492,-150.92970521541815,161.49902343750904,UNKNOWN,SOURCE_NEUTRAL_NATIVE_MARKER,NUMERICAL_MARKER_ONLY_ATTACK_UNCERTAINTY_UNQUANTIFIED,,INDETERMINATE_UNQUANTIFIED_ATTACK_AND_REFERENCE_UNCERTAINTY,NEGATIVE,11.609977324263038,NEW_014,c7efaf8d2029ed140d67b7cbfff1c23fd33e0ffcae18f285566266c063f78e1c,NEW_014_ADTOF_49_2,154.58049886623826,UNCONSTRAINED_NEW_014_152,UNCONSTRAINED_NEW_014_198,TRIO_CONDITIONED_NEW_014_17,,
F_MIX_01039,M4,True,210.25668934240363,UNKNOWN,True,580,210.3263492063492,-69.65986394556012,161.49902343750904,UNKNOWN,SOURCE_NEUTRAL_NATIVE_MARKER,NUMERICAL_MARKER_ONLY_ATTACK_UNCERTAINTY_UNQUANTIFIED,,INDETERMINATE_UNQUANTIFIED_ATTACK_AND_REFERENCE_UNCERTAINTY,NEGATIVE,11.609977324263038,NEW_014,c7efaf8d2029ed140d67b7cbfff1c23fd33e0ffcae18f285566266c063f78e1c,NEW_014_ADTOF_49_2,73.31065759638022,UNCONSTRAINED_NEW_014_152,UNCONSTRAINED_NEW_014_198,TRIO_CONDITIONED_NEW_014_17,,
F_MIX_01040,M4,True,210.34956916099773,DRUM_SUPPORTED,True,580,210.3263492063492,23.219954648538987,161.4990234374967,PROVISIONAL_QUALIFIED_EVIDENCE,SOURCE_ASSOCIATED_NATIVE_MARKER,NUMERICAL_MARKER_ONLY_ATTACK_UNCERTAINTY_UNQUANTIFIED,,INDETERMINATE_UNQUANTIFIED_ATTACK_AND_REFERENCE_UNCERTAINTY,POSITIVE,11.609977324263038,NEW_014,c7efaf8d2029ed140d67b7cbfff1c23fd33e0ffcae18f285566266c063f78e1c,NEW_014_ADTOF_49_2,19.569160997718882,UNCONSTRAINED_NEW_014_152,UNCONSTRAINED_NEW_014_198,TRIO_CONDITIONED_NEW_014_17,,
F_MIX_01041,M4,True,210.53532879818593,UNKNOWN,True,581,210.69786848072562,-162.53968253968765,161.4990234374967,UNKNOWN,SOURCE_NEUTRAL_NATIVE_MARKER,NUMERICAL_MARKER_ONLY_ATTACK_UNCERTAINTY_UNQUANTIFIED,,INDETERMINATE_UNQUANTIFIED_ATTACK_AND_REFERENCE_UNCERTAINTY,NEGATIVE,11.609977324263038,NEW_014,c7efaf8d2029ed140d67b7cbfff1c23fd33e0ffcae18f285566266c063f78e1c,NEW_014_ADTOF_38_1,144.67120181407722,UNCONSTRAINED_NEW_014_152,UNCONSTRAINED_NEW_014_198,TRIO_CONDITIONED_NEW_014_24,,
F_MIX_01042,M4,True,210.62820861678006,UNKNOWN,True,581,210.69786848072562,-69.65986394556012,161.4990234374967,UNKNOWN,SOURCE_NEUTRAL_NATIVE_MARKER,NUMERICAL_MARKER_ONLY_ATTACK_UNCERTAINTY_UNQUANTIFIED,,INDETERMINATE_UNQUANTIFIED_ATTACK_AND_REFERENCE_UNCERTAINTY,NEGATIVE,11.609977324263038,NEW_014,c7efaf8d2029ed140d67b7cbfff1c23fd33e0ffcae18f285566266c063f78e1c,NEW_014_ADTOF_38_1,51.791383219949694,UNCONSTRAINED_NEW_014_152,UNCONSTRAINED_NEW_014_198,TRIO_CONDITIONED_NEW_014_24,,
F_MIX_01043,M4,True,210.68625850340135,DRUM_SUPPORTED,True,581,210.69786848072562,-11.609977324269494,161.4990234374967,PROVISIONAL_QUALIFIED_EVIDENCE,SOURCE_ASSOCIATED_NATIVE_MARKER,NUMERICAL_MARKER_ONLY_ATTACK_UNCERTAINTY_UNQUANTIFIED,,INDETERMINATE_UNQUANTIFIED_ATTACK_AND_REFERENCE_UNCERTAINTY,NEGATIVE,11.609977324263038,NEW_014,c7efaf8d2029ed140d67b7cbfff1c23fd33e0ffcae18f285566266c063f78e1c,NEW_014_ADTOF_38_1,6.258503401340931,UNCONSTRAINED_NEW_014_152,UNCONSTRAINED_NEW_014_198,TRIO_CONDITIONED_NEW_014_24,,
F_MIX_01044,M4,True,210.82557823129252,UNKNOWN,True,581,210.69786848072562,127.70975056690759,161.4990234374967,UNKNOWN,SOURCE_NEUTRAL_NATIVE_MARKER,NUMERICAL_MARKER_ONLY_ATTACK_UNCERTAINTY_UNQUANTIFIED,,INDETERMINATE_UNQUANTIFIED_ATTACK_AND_REFERENCE_UNCERTAINTY,POSITIVE,11.609977324263038,NEW_014,c7efaf8d2029ed140d67b7cbfff1c23fd33e0ffcae18f285566266c063f78e1c,NEW_014_ADTOF_49_4,134.42176870748312,UNCONSTRAINED_NEW_014_152,UNCONSTRAINED_NEW_014_198,TRIO_CONDITIONED_NEW_014_31,,
F_MIX_01045,M4,True,210.9881179138322,DRUM_SUPPORTED,True,582,211.06938775510204,-81.26984126982961,161.4990234374967,PROVISIONAL_QUALIFIED_EVIDENCE,SOURCE_ASSOCIATED_NATIVE_MARKER,NUMERICAL_MARKER_ONLY_ATTACK_UNCERTAINTY_UNQUANTIFIED,,INDETERMINATE_UNQUANTIFIED_ATTACK_AND_REFERENCE_UNCERTAINTY,NEGATIVE,11.609977324263038,NEW_014,c7efaf8d2029ed140d67b7cbfff1c23fd33e0ffcae18f285566266c063f78e1c,NEW_014_ADTOF_49_4,28.117913832204522,UNCONSTRAINED_NEW_014_152,UNCONSTRAINED_NEW_014_198,TRIO_CONDITIONED_NEW_014_31,,
F_MIX_01046,M4,True,211.05777777777777,DRUM_SUPPORTED,True,582,211.06938775510204,-11.609977324269494,161.4990234374967,PROVISIONAL_QUALIFIED_EVIDENCE,SOURCE_ASSOCIATED_NATIVE_MARKER,NUMERICAL_MARKER_ONLY_ATTACK_UNCERTAINTY_UNQUANTIFIED,,INDETERMINATE_UNQUANTIFIED_ATTACK_AND_REFERENCE_UNCERTAINTY,NEGATIVE,11.609977324263038,NEW_014,c7efaf8d2029ed140d67b7cbfff1c23fd33e0ffcae18f285566266c063f78e1c,NEW_014_ADTOF_49_5,17.777777777780557,UNCONSTRAINED_NEW_014_152,UNCONSTRAINED_NEW_014_198,TRIO_CONDITIONED_NEW_014_31,BASS_00352,
F_MIX_01047,M4,True,211.19709750566892,UNKNOWN,True,582,211.06938775510204,127.70975056687917,172.26562500000261,UNKNOWN,SOURCE_NEUTRAL_NATIVE_MARKER,NUMERICAL_MARKER_ONLY_ATTACK_UNCERTAINTY_UNQUANTIFIED,,INDETERMINATE_UNQUANTIFIED_ATTACK_AND_REFERENCE_UNCERTAINTY,POSITIVE,11.609977324263038,NEW_014,c7efaf8d2029ed140d67b7cbfff1c23fd33e0ffcae18f285566266c063f78e1c,NEW_014_ADTOF_49_5,157.09750566892922,UNCONSTRAINED_NEW_014_152,UNCONSTRAINED_NEW_014_198,TRIO_CONDITIONED_NEW_014_38,,
F_MIX_01048,M4,True,211.3364172335601,UNKNOWN,True,583,211.41768707482993,-81.26984126982961,172.26562500000261,UNKNOWN,SOURCE_NEUTRAL_NATIVE_MARKER,NUMERICAL_MARKER_ONLY_ATTACK_UNCERTAINTY_UNQUANTIFIED,,INDETERMINATE_UNQUANTIFIED_ATTACK_AND_REFERENCE_UNCERTAINTY,NEGATIVE,11.609977324263038,NEW_014,c7efaf8d2029ed140d67b7cbfff1c23fd33e0ffcae18f285566266c063f78e1c,NEW_014_ADTOF_38_2,73.58276643989825,UNCONSTRAINED_NEW_014_152,UNCONSTRAINED_NEW_014_198,TRIO_CONDITIONED_NEW_014_38,,
F_MIX_01049,M4,True,211.40607709750566,DRUM_SUPPORTED,True,583,211.41768707482993,-11.609977324269494,172.26562500000261,PROVISIONAL_QUALIFIED_EVIDENCE,SOURCE_ASSOCIATED_NATIVE_MARKER,NUMERICAL_MARKER_ONLY_ATTACK_UNCERTAINTY_UNQUANTIFIED,,INDETERMINATE_UNQUANTIFIED_ATTACK_AND_REFERENCE_UNCERTAINTY,NEGATIVE,11.609977324263038,NEW_014,c7efaf8d2029ed140d67b7cbfff1c23fd33e0ffcae18f285566266c063f78e1c,NEW_014_ADTOF_38_2,3.922902494338132,UNCONSTRAINED_NEW_014_152,UNCONSTRAINED_NEW_014_198,TRIO_CONDITIONED_NEW_014_38,BASS_00353,
F_MIX_01050,M4,True,211.44090702947847,DRUM_SUPPORTED,True,583,211.41768707482993,23.219954648538987,161.4990234374967,PROVISIONAL_QUALIFIED_EVIDENCE,SOURCE_ASSOCIATED_NATIVE_MARKER,NUMERICAL_MARKER_ONLY_ATTACK_UNCERTAINTY_UNQUANTIFIED,,INDETERMINATE_UNQUANTIFIED_ATTACK_AND_REFERENCE_UNCERTAINTY,POSITIVE,11.609977324263038,NEW_014,c7efaf8d2029ed140d67b7cbfff1c23fd33e0ffcae18f285566266c063f78e1c,NEW_014_ADTOF_38_2,30.90702947847035,UNCONSTRAINED_NEW_014_152,UNCONSTRAINED_NEW_014_198,TRIO_CONDITIONED_NEW_014_38,,
F_MIX_01051,M4,True,211.54539682539684,UNKNOWN,True,583,211.41768707482993,127.70975056690759,161.4990234374967,UNKNOWN,SOURCE_NEUTRAL_NATIVE_MARKER,NUMERICAL_MARKER_ONLY_ATTACK_UNCERTAINTY_UNQUANTIFIED,,INDETERMINATE_UNQUANTIFIED_ATTACK_AND_REFERENCE_UNCERTAINTY,POSITIVE,11.609977324263038,NEW_014,c7efaf8d2029ed140d67b7cbfff1c23fd33e0ffcae18f285566266c063f78e1c,NEW_014_ADTOF_38_2,135.39682539683895,UNCONSTRAINED_NEW_014_152,UNCONSTRAINED_NEW_014_198,TRIO_CONDITIONED_NEW_014_42,,
F_MIX_01052,M4,True,211.69632653061225,UNKNOWN,True,584,211.78920634920635,-92.8798185940991,161.4990234374967,UNKNOWN,SOURCE_NEUTRAL_NATIVE_MARKER,NUMERICAL_MARKER_ONLY_ATTACK_UNCERTAINTY_UNQUANTIFIED,,INDETERMINATE_UNQUANTIFIED_ATTACK_AND_REFERENCE_UNCERTAINTY,NEGATIVE,11.609977324263038,NEW_014,c7efaf8d2029ed140d67b7cbfff1c23fd33e0ffcae18f285566266c063f78e1c,NEW_014_ADTOF_49_7,63.673469387737214,UNCONSTRAINED_NEW_014_152,UNCONSTRAINED_NEW_014_198,TRIO_CONDITIONED_NEW_014_46,,
F_MIX_01053,M4,True,211.78920634920635,DRUM_SUPPORTED,True,584,211.78920634920635,0.0,172.26562500000261,PROVISIONAL_QUALIFIED_EVIDENCE,SOURCE_ASSOCIATED_NATIVE_MARKER,NUMERICAL_MARKER_ONLY_ATTACK_UNCERTAINTY_UNQUANTIFIED,,INDETERMINATE_UNQUANTIFIED_ATTACK_AND_REFERENCE_UNCERTAINTY,ZERO,11.609977324263038,NEW_014,c7efaf8d2029ed140d67b7cbfff1c23fd33e0ffcae18f285566266c063f78e1c,NEW_014_ADTOF_49_7,29.206349206361892,UNCONSTRAINED_NEW_014_152,UNCONSTRAINED_NEW_014_198,TRIO_CONDITIONED_NEW_014_46,BASS_00354,
F_MIX_01054,M4,True,212.0562358276644,UNKNOWN,True,585,212.13750566893424,-81.26984126982961,172.26562500000261,UNKNOWN,SOURCE_NEUTRAL_NATIVE_MARKER,NUMERICAL_MARKER_ONLY_ATTACK_UNCERTAINTY_UNQUANTIFIED,,INDETERMINATE_UNQUANTIFIED_ATTACK_AND_REFERENCE_UNCERTAINTY,NEGATIVE,11.609977324263038,NEW_014,c7efaf8d2029ed140d67b7cbfff1c23fd33e0ffcae18f285566266c063f78e1c,NEW_014_ADTOF_38_3,73.76417233558641,UNCONSTRAINED_NEW_014_152,UNCONSTRAINED_NEW_014_198,TRIO_CONDITIONED_NEW_014_53,,
F_MIX_01055,M4,True,212.1491156462585,DRUM_SUPPORTED,True,585,212.13750566893424,11.609977324269494,161.4990234374967,PROVISIONAL_QUALIFIED_EVIDENCE,SOURCE_ASSOCIATED_NATIVE_MARKER,NUMERICAL_MARKER_ONLY_ATTACK_UNCERTAINTY_UNQUANTIFIED,,INDETERMINATE_UNQUANTIFIED_ATTACK_AND_REFERENCE_UNCERTAINTY,POSITIVE,11.609977324263038,NEW_014,c7efaf8d2029ed140d67b7cbfff1c23fd33e0ffcae18f285566266c063f78e1c,NEW_014_ADTOF_38_3,19.115646258512697,UNCONSTRAINED_NEW_014_152,UNCONSTRAINED_NEW_014_198,TRIO_CONDITIONED_NEW_014_53,BASS_00355,
F_MIX_01056,M4,True,212.4277551020408,DRUM_SUPPORTED,True,586,212.50902494331066,-81.26984126985803,161.4990234374967,PROVISIONAL_QUALIFIED_EVIDENCE,SOURCE_ASSOCIATED_NATIVE_MARKER,NUMERICAL_MARKER_ONLY_ATTACK_UNCERTAINTY_UNQUANTIFIED,,INDETERMINATE_UNQUANTIFIED_ATTACK_AND_REFERENCE_UNCERTAINTY,NEGATIVE,11.609977324263038,NEW_014,c7efaf8d2029ed140d67b7cbfff1c23fd33e0ffcae18f285566266c063f78e1c,NEW_014_ADTOF_49_9,17.75510204080888,UNCONSTRAINED_NEW_014_152,UNCONSTRAINED_NEW_014_198,TRIO_CONDITIONED_NEW_014_60,,
F_MIX_01057,M4,True,212.52063492063493,DRUM_SUPPORTED,True,586,212.50902494331066,11.609977324269494,172.26562500000261,PROVISIONAL_QUALIFIED_EVIDENCE,SOURCE_ASSOCIATED_NATIVE_MARKER,NUMERICAL_MARKER_ONLY_ATTACK_UNCERTAINTY_UNQUANTIFIED,,INDETERMINATE_UNQUANTIFIED_ATTACK_AND_REFERENCE_UNCERTAINTY,POSITIVE,11.609977324263038,NEW_014,c7efaf8d2029ed140d67b7cbfff1c23fd33e0ffcae18f285566266c063f78e1c,NEW_014_ADTOF_49_10,20.634920634932996,UNCONSTRAINED_NEW_014_152,UNCONSTRAINED_NEW_014_198,TRIO_CONDITIONED_NEW_014_60,BASS_00356,
F_MIX_01058,M4,True,212.78766439909296,UNKNOWN,True,587,212.85732426303855,-69.65986394558854,172.26562500000261,UNKNOWN,SOURCE_NEUTRAL_NATIVE_MARKER,NUMERICAL_MARKER_ONLY_ATTACK_UNCERTAINTY_UNQUANTIFIED,,INDETERMINATE_UNQUANTIFIED_ATTACK_AND_REFERENCE_UNCERTAINTY,NEGATIVE,11.609977324263038,NEW_014,c7efaf8d2029ed140d67b7cbfff1c23fd33e0ffcae18f285566266c063f78e1c,NEW_014_ADTOF_38_4,72.33560090705282,UNCONSTRAINED_NEW_014_152,UNCONSTRAINED_NEW_014_198,TRIO_CONDITIONED_NEW_014_66,,
F_MIX_01059,M4,True,212.8805442176871,DRUM_SUPPORTED,True,587,212.85732426303855,23.219954648538987,172.26562500000261,PROVISIONAL_QUALIFIED_EVIDENCE,SOURCE_ASSOCIATED_NATIVE_MARKER,NUMERICAL_MARKER_ONLY_ATTACK_UNCERTAINTY_UNQUANTIFIED,,INDETERMINATE_UNQUANTIFIED_ATTACK_AND_REFERENCE_UNCERTAINTY,POSITIVE,11.609977324263038,NEW_014,c7efaf8d2029ed140d67b7cbfff1c23fd33e0ffcae18f285566266c063f78e1c,NEW_014_ADTOF_38_4,20.544217687074706,UNCONSTRAINED_NEW_014_152,UNCONSTRAINED_NEW_014_198,TRIO_CONDITIONED_NEW_014_66,BASS_00357,
F_MIX_01060,M4,True,213.14757369614512,UNKNOWN,True,588,213.20562358276644,-58.04988662131905,172.26562500000261,UNKNOWN,SOURCE_NEUTRAL_NATIVE_MARKER,NUMERICAL_MARKER_ONLY_ATTACK_UNCERTAINTY_UNQUANTIFIED,,INDETERMINATE_UNQUANTIFIED_ATTACK_AND_REFERENCE_UNCERTAINTY,NEGATIVE,11.609977324263038,NEW_014,c7efaf8d2029ed140d67b7cbfff1c23fd33e0ffcae18f285566266c063f78e1c,NEW_014_ADTOF_35_0,92.42630385489292,UNCONSTRAINED_NEW_014_152,UNCONSTRAINED_NEW_014_198,TRIO_CONDITIONED_NEW_014_72,,
F_MIX_01061,M4,True,213.25206349206348,DRUM_SUPPORTED,True,588,213.20562358276644,46.43990929704955,161.4990234374967,PROVISIONAL_QUALIFIED_EVIDENCE,SOURCE_ASSOCIATED_NATIVE_MARKER,NUMERICAL_MARKER_ONLY_ATTACK_UNCERTAINTY_UNQUANTIFIED,,INDETERMINATE_UNQUANTIFIED_ATTACK_AND_REFERENCE_UNCERTAINTY,POSITIVE,11.609977324263038,NEW_014,c7efaf8d2029ed140d67b7cbfff1c23fd33e0ffcae18f285566266c063f78e1c,NEW_014_ADTOF_35_0,12.063492063475678,UNCONSTRAINED_NEW_014_152,UNCONSTRAINED_NEW_014_198,TRIO_CONDITIONED_NEW_014_72,,
F_MIX_01062,M4,True,213.50748299319727,UNKNOWN,True,589,213.57714285714286,-69.65986394558854,161.4990234374967,UNKNOWN,SOURCE_NEUTRAL_NATIVE_MARKER,NUMERICAL_MARKER_ONLY_ATTACK_UNCERTAINTY_UNQUANTIFIED,,INDETERMINATE_UNQUANTIFIED_ATTACK_AND_REFERENCE_UNCERTAINTY,NEGATIVE,11.609977324263038,NEW_014,c7efaf8d2029ed140d67b7cbfff1c23fd33e0ffcae18f285566266c063f78e1c,NEW_014_ADTOF_49_13,92.51700680272279,UNCONSTRAINED_NEW_014_152,UNCONSTRAINED_NEW_014_198,TRIO_CONDITIONED_NEW_014_78,,
F_MIX_01063,M4,True,213.6235827664399,DRUM_SUPPORTED,True,589,213.57714285714286,46.43990929704955,172.26562500000261,PROVISIONAL_QUALIFIED_EVIDENCE,SOURCE_ASSOCIATED_NATIVE_MARKER,NUMERICAL_MARKER_ONLY_ATTACK_UNCERTAINTY_UNQUANTIFIED,,INDETERMINATE_UNQUANTIFIED_ATTACK_AND_REFERENCE_UNCERTAINTY,POSITIVE,11.609977324263038,NEW_014,c7efaf8d2029ed140d67b7cbfff1c23fd33e0ffcae18f285566266c063f78e1c,NEW_014_ADTOF_49_13,23.582766439915304,UNCONSTRAINED_NEW_014_152,UNCONSTRAINED_NEW_014_198,TRIO_CONDITIONED_NEW_014_78,,
F_MIX_01064,M4,True,213.8790022675737,DRUM_SUPPORTED,True,590,213.92544217687075,-46.43990929704955,172.26562500000261,PROVISIONAL_QUALIFIED_EVIDENCE,SOURCE_ASSOCIATED_NATIVE_MARKER,NUMERICAL_MARKER_ONLY_ATTACK_UNCERTAINTY_UNQUANTIFIED,,INDETERMINATE_UNQUANTIFIED_ATTACK_AND_REFERENCE_UNCERTAINTY,NEGATIVE,11.609977324263038,NEW_014,c7efaf8d2029ed140d67b7cbfff1c23fd33e0ffcae18f285566266c063f78e1c,NEW_014_ADTOF_38_5,19.00226757368273,UNCONSTRAINED_NEW_014_152,UNCONSTRAINED_NEW_014_198,TRIO_CONDITIONED_NEW_014_82,,
F_MIX_01065,M4,True,214.1228117913832,UNKNOWN,True,591,214.27374149659863,-150.92970521541815,172.26562500000261,UNKNOWN,SOURCE_NEUTRAL_NATIVE_MARKER,NUMERICAL_MARKER_ONLY_ATTACK_UNCERTAINTY_UNQUANTIFIED,,INDETERMINATE_UNQUANTIFIED_ATTACK_AND_REFERENCE_UNCERTAINTY,NEGATIVE,11.609977324263038,NEW_014,c7efaf8d2029ed140d67b7cbfff1c23fd33e0ffcae18f285566266c063f78e1c,NEW_014_ADTOF_35_1,172.811791383225,UNCONSTRAINED_NEW_014_152,UNCONSTRAINED_NEW_014_198,TRIO_CONDITIONED_NEW_014_93,,
F_MIX_01066,M4,True,214.25052154195012,UNKNOWN,True,591,214.27374149659863,-23.219954648510566,172.26562500000261,UNKNOWN,SOURCE_NEUTRAL_NATIVE_MARKER,NUMERICAL_MARKER_ONLY_ATTACK_UNCERTAINTY_UNQUANTIFIED,,INDETERMINATE_UNQUANTIFIED_ATTACK_AND_REFERENCE_UNCERTAINTY,NEGATIVE,11.609977324263038,NEW_014,c7efaf8d2029ed140d67b7cbfff1c23fd33e0ffcae18f285566266c063f78e1c,NEW_014_ADTOF_35_2,69.47845804987196,UNCONSTRAINED_NEW_014_152,UNCONSTRAINED_NEW_014_198,TRIO_CONDITIONED_NEW_014_93,,
F_MIX_01067,M4,True,214.33179138321995,DRUM_SUPPORTED,True,591,214.27374149659863,58.04988662131905,161.4990234374967,PROVISIONAL_QUALIFIED_EVIDENCE,SOURCE_ASSOCIATED_NATIVE_MARKER,NUMERICAL_MARKER_ONLY_ATTACK_UNCERTAINTY_UNQUANTIFIED,,INDETERMINATE_UNQUANTIFIED_ATTACK_AND_REFERENCE_UNCERTAINTY,POSITIVE,11.609977324263038,NEW_014,c7efaf8d2029ed140d67b7cbfff1c23fd33e0ffcae18f285566266c063f78e1c,NEW_014_ADTOF_35_2,11.791383219957652,UNCONSTRAINED_NEW_014_152,UNCONSTRAINED_NEW_014_198,TRIO_CONDITIONED_NEW_014_93,,
F_MIX_01068,M4,True,214.598820861678,UNKNOWN,True,592,214.64526077097506,-46.43990929704955,161.4990234374967,UNKNOWN,SOURCE_NEUTRAL_NATIVE_MARKER,NUMERICAL_MARKER_ONLY_ATTACK_UNCERTAINTY_UNQUANTIFIED,,INDETERMINATE_UNQUANTIFIED_ATTACK_AND_REFERENCE_UNCERTAINTY,NEGATIVE,11.609977324263038,NEW_014,c7efaf8d2029ed140d67b7cbfff1c23fd33e0ffcae18f285566266c063f78e1c,NEW_014_ADTOF_35_3,81.17913832199974,UNCONSTRAINED_NEW_014_152,UNCONSTRAINED_NEW_014_198,TRIO_CONDITIONED_NEW_014_100,,
F_MIX_01069,M4,True,214.70331065759638,DRUM_SUPPORTED,True,592,214.64526077097506,58.04988662131905,172.26562500000261,PROVISIONAL_QUALIFIED_EVIDENCE,SOURCE_ASSOCIATED_NATIVE_MARKER,NUMERICAL_MARKER_ONLY_ATTACK_UNCERTAINTY_UNQUANTIFIED,,INDETERMINATE_UNQUANTIFIED_ATTACK_AND_REFERENCE_UNCERTAINTY,POSITIVE,11.609977324263038,NEW_014,c7efaf8d2029ed140d67b7cbfff1c23fd33e0ffcae18f285566266c063f78e1c,NEW_014_ADTOF_35_3,23.310657596368856,UNCONSTRAINED_NEW_014_152,UNCONSTRAINED_NEW_014_198,TRIO_CONDITIONED_NEW_014_100,,
F_MIX_01070,M4,True,214.95873015873016,DRUM_SUPPORTED,True,593,214.99356009070294,-34.82993197278006,172.26562500000261,PROVISIONAL_QUALIFIED_EVIDENCE,SOURCE_ASSOCIATED_NATIVE_MARKER,NUMERICAL_MARKER_ONLY_ATTACK_UNCERTAINTY_UNQUANTIFIED,,INDETERMINATE_UNQUANTIFIED_ATTACK_AND_REFERENCE_UNCERTAINTY,NEGATIVE,11.609977324263038,NEW_014,c7efaf8d2029ed140d67b7cbfff1c23fd33e0ffcae18f285566266c063f78e1c,NEW_014_ADTOF_38_6,8.730158730173798,UNCONSTRAINED_NEW_014_152,UNCONSTRAINED_NEW_014_198,TRIO_CONDITIONED_NEW_014_106,,
F_MIX_01071,M4,True,215.0748299319728,DRUM_SUPPORTED,True,593,214.99356009070294,81.26984126985803,172.26562500000261,PROVISIONAL_QUALIFIED_EVIDENCE,SOURCE_ASSOCIATED_NATIVE_MARKER,NUMERICAL_MARKER_ONLY_ATTACK_UNCERTAINTY_UNQUANTIFIED,,INDETERMINATE_UNQUANTIFIED_ATTACK_AND_REFERENCE_UNCERTAINTY,POSITIVE,11.609977324263038,NEW_014,c7efaf8d2029ed140d67b7cbfff1c23fd33e0ffcae18f285566266c063f78e1c,NEW_014_ADTOF_35_4,24.829931972789154,UNCONSTRAINED_NEW_014_152,UNCONSTRAINED_NEW_014_198,TRIO_CONDITIONED_NEW_014_106,,
F_MIX_01072,M4,True,215.34185941043083,UNKNOWN,True,594,215.34185941043083,0.0,161.4990234374967,UNKNOWN,SOURCE_NEUTRAL_NATIVE_MARKER,NUMERICAL_MARKER_ONLY_ATTACK_UNCERTAINTY_UNQUANTIFIED,,INDETERMINATE_UNQUANTIFIED_ATTACK_AND_REFERENCE_UNCERTAINTY,ZERO,11.609977324263038,NEW_014,c7efaf8d2029ed140d67b7cbfff1c23fd33e0ffcae18f285566266c063f78e1c,NEW_014_ADTOF_35_5,68.14058956916824,UNCONSTRAINED_NEW_014_152,UNCONSTRAINED_NEW_014_198,TRIO_CONDITIONED_NEW_014_112,,
F_MIX_01073,M4,True,215.4231292517007,DRUM_SUPPORTED,True,594,215.34185941043083,81.26984126985803,161.4990234374967,PROVISIONAL_QUALIFIED_EVIDENCE,SOURCE_ASSOCIATED_NATIVE_MARKER,NUMERICAL_MARKER_ONLY_ATTACK_UNCERTAINTY_UNQUANTIFIED,,INDETERMINATE_UNQUANTIFIED_ATTACK_AND_REFERENCE_UNCERTAINTY,POSITIVE,11.609977324263038,NEW_014,c7efaf8d2029ed140d67b7cbfff1c23fd33e0ffcae18f285566266c063f78e1c,NEW_014_ADTOF_35_5,13.129251700689792,UNCONSTRAINED_NEW_014_152,UNCONSTRAINED_NEW_014_198,TRIO_CONDITIONED_NEW_014_112,,
F_MIX_01074,M4,True,215.69015873015874,DRUM_SUPPORTED,True,595,215.71337868480725,-23.219954648510566,161.4990234374967,PROVISIONAL_QUALIFIED_EVIDENCE,SOURCE_ASSOCIATED_NATIVE_MARKER,NUMERICAL_MARKER_ONLY_ATTACK_UNCERTAINTY_UNQUANTIFIED,,INDETERMINATE_UNQUANTIFIED_ATTACK_AND_REFERENCE_UNCERTAINTY,NEGATIVE,11.609977324263038,NEW_014,c7efaf8d2029ed140d67b7cbfff1c23fd33e0ffcae18f285566266c063f78e1c,NEW_014_ADTOF_38_7,20.158730158755134,UNCONSTRAINED_NEW_014_152,UNCONSTRAINED_NEW_014_198,TRIO_CONDITIONED_NEW_014_114,,
F_MIX_01075,M4,True,216.03845804988663,DRUM_SUPPORTED,True,596,216.06167800453514,-23.219954648510566,172.26562500000261,PROVISIONAL_QUALIFIED_EVIDENCE,SOURCE_ASSOCIATED_NATIVE_MARKER,NUMERICAL_MARKER_ONLY_ATTACK_UNCERTAINTY_UNQUANTIFIED,,INDETERMINATE_UNQUANTIFIED_ATTACK_AND_REFERENCE_UNCERTAINTY,NEGATIVE,11.609977324263038,NEW_014,c7efaf8d2029ed140d67b7cbfff1c23fd33e0ffcae18f285566266c063f78e1c,NEW_014_ADTOF_38_8,18.458049886618255,UNCONSTRAINED_NEW_014_152,UNCONSTRAINED_NEW_014_198,TRIO_CONDITIONED_NEW_014_116,,
F_MIX_01076,M4,True,216.37514739229024,DRUM_SUPPORTED,True,597,216.40997732426302,-34.82993197278006,172.26562500000261,PROVISIONAL_QUALIFIED_EVIDENCE,SOURCE_ASSOCIATED_NATIVE_MARKER,NUMERICAL_MARKER_ONLY_ATTACK_UNCERTAINTY_UNQUANTIFIED,,INDETERMINATE_UNQUANTIFIED_ATTACK_AND_REFERENCE_UNCERTAINTY,NEGATIVE,11.609977324263038,NEW_014,c7efaf8d2029ed140d67b7cbfff1c23fd33e0ffcae18f285566266c063f78e1c,NEW_014_ADTOF_47_0,5.147392290240305,UNCONSTRAINED_NEW_014_152,UNCONSTRAINED_NEW_014_198,TRIO_CONDITIONED_NEW_014_123,,
F_MIX_01077,M4,True,216.4796371882086,UNKNOWN,True,597,216.40997732426302,69.65986394558854,161.4990234374967,UNKNOWN,SOURCE_NEUTRAL_NATIVE_MARKER,NUMERICAL_MARKER_ONLY_ATTACK_UNCERTAINTY_UNQUANTIFIED,,INDETERMINATE_UNQUANTIFIED_ATTACK_AND_REFERENCE_UNCERTAINTY,POSITIVE,11.609977324263038,NEW_014,c7efaf8d2029ed140d67b7cbfff1c23fd33e0ffcae18f285566266c063f78e1c,NEW_014_ADTOF_47_0,109.6371882086089,UNCONSTRAINED_NEW_014_152,UNCONSTRAINED_NEW_014_198,TRIO_CONDITIONED_NEW_014_123,,
F_MIX_01078,M4,True,216.61895691609976,DRUM_SUPPORTED,True,598,216.78149659863945,-162.53968253968765,161.4990234374967,PROVISIONAL_QUALIFIED_EVIDENCE,SOURCE_ASSOCIATED_NATIVE_MARKER,NUMERICAL_MARKER_ONLY_ATTACK_UNCERTAINTY_UNQUANTIFIED,,INDETERMINATE_UNQUANTIFIED_ATTACK_AND_REFERENCE_UNCERTAINTY,NEGATIVE,11.609977324263038,NEW_014,c7efaf8d2029ed140d67b7cbfff1c23fd33e0ffcae18f285566266c063f78e1c,NEW_014_ADTOF_38_9,28.9569160997587,UNCONSTRAINED_NEW_014_152,UNCONSTRAINED_NEW_014_198,TRIO_CONDITIONED_NEW_014_128,,
F_MIX_01079,M4,True,216.79310657596372,DRUM_SUPPORTED,True,598,216.78149659863945,11.609977324269494,172.26562500000261,PROVISIONAL_QUALIFIED_EVIDENCE,SOURCE_ASSOCIATED_NATIVE_MARKER,NUMERICAL_MARKER_ONLY_ATTACK_UNCERTAINTY_UNQUANTIFIED,,INDETERMINATE_UNQUANTIFIED_ATTACK_AND_REFERENCE_UNCERTAINTY,POSITIVE,11.609977324263038,NEW_014,c7efaf8d2029ed140d67b7cbfff1c23fd33e0ffcae18f285566266c063f78e1c,NEW_014_ADTOF_35_6,26.893424036273927,UNCONSTRAINED_NEW_014_152,UNCONSTRAINED_NEW_014_198,TRIO_CONDITIONED_NEW_014_132,,
F_MIX_01080,M4,True,217.17623582766439,DRUM_SUPPORTED,True,599,217.12979591836734,46.43990929704955,172.26562499998857,PROVISIONAL_QUALIFIED_EVIDENCE,SOURCE_ASSOCIATED_NATIVE_MARKER,NUMERICAL_MARKER_ONLY_ATTACK_UNCERTAINTY_UNQUANTIFIED,,INDETERMINATE_UNQUANTIFIED_ATTACK_AND_REFERENCE_UNCERTAINTY,POSITIVE,11.609977324263038,control_drums_217_221,c7efaf8d2029ed140d67b7cbfff1c23fd33e0ffcae18f285566266c063f78e1c,ADTOF_00097,6.235827664397675,,UNCONSTRAINED_control_drums_217_221_0,TRIO_CONDITIONED_control_drums_217_221_0,,
F_MIX_01081,M4,True,217.40843537414966,DRUM_SUPPORTED,True,600,217.47809523809525,-69.65986394558854,172.26562499998857,PROVISIONAL_QUALIFIED_EVIDENCE,SOURCE_ASSOCIATED_NATIVE_MARKER,NUMERICAL_MARKER_ONLY_ATTACK_UNCERTAINTY_UNQUANTIFIED,,INDETERMINATE_UNQUANTIFIED_ATTACK_AND_REFERENCE_UNCERTAINTY,NEGATIVE,11.609977324263038,control_drums_217_221,c7efaf8d2029ed140d67b7cbfff1c23fd33e0ffcae18f285566266c063f78e1c,ADTOF_00099,8.435374149655672,,UNCONSTRAINED_control_drums_217_221_2,TRIO_CONDITIONED_control_drums_217_221_2,,
F_MIX_01082,M4,True,217.7799546485261,DRUM_SUPPORTED,True,601,217.82639455782314,-46.43990929704955,172.26562500000261,PROVISIONAL_QUALIFIED_EVIDENCE,SOURCE_ASSOCIATED_NATIVE_MARKER,NUMERICAL_MARKER_ONLY_ATTACK_UNCERTAINTY_UNQUANTIFIED,,INDETERMINATE_UNQUANTIFIED_ATTACK_AND_REFERENCE_UNCERTAINTY,NEGATIVE,11.609977324263038,control_drums_217_221,c7efaf8d2029ed140d67b7cbfff1c23fd33e0ffcae18f285566266c063f78e1c,ADTOF_00100,300.0453514739263,,UNCONSTRAINED_control_drums_217_221_4,TRIO_CONDITIONED_control_drums_217_221_4,,
F_MIX_01083,M4,True,217.87283446712019,DRUM_SUPPORTED,True,601,217.82639455782314,46.43990929704955,161.4990234374967,PROVISIONAL_QUALIFIED_EVIDENCE,SOURCE_ASSOCIATED_NATIVE_MARKER,NUMERICAL_MARKER_ONLY_ATTACK_UNCERTAINTY_UNQUANTIFIED,,INDETERMINATE_UNQUANTIFIED_ATTACK_AND_REFERENCE_UNCERTAINTY,POSITIVE,11.609977324263038,control_drums_217_221,c7efaf8d2029ed140d67b7cbfff1c23fd33e0ffcae18f285566266c063f78e1c,ADTOF_00100,207.1655328798272,,UNCONSTRAINED_control_drums_217_221_5,TRIO_CONDITIONED_control_drums_217_221_5,,
F_MIX_01084,M4,True,218.10503401360543,DRUM_SUPPORTED,True,602,218.19791383219956,-92.87981859412753,161.4990234374967,PROVISIONAL_QUALIFIED_EVIDENCE,SOURCE_ASSOCIATED_NATIVE_MARKER,NUMERICAL_MARKER_ONLY_ATTACK_UNCERTAINTY_UNQUANTIFIED,,INDETERMINATE_UNQUANTIFIED_ATTACK_AND_REFERENCE_UNCERTAINTY,NEGATIVE,11.609977324263038,control_drums_217_221,c7efaf8d2029ed140d67b7cbfff1c23fd33e0ffcae18f285566266c063f78e1c,ADTOF_00100,25.03401360542057,,UNCONSTRAINED_control_drums_217_221_6,TRIO_CONDITIONED_control_drums_217_221_7,,
F_MIX_01085,M4,True,218.1863038548753,DRUM_SUPPORTED,True,602,218.19791383219956,-11.609977324269494,161.4990234374967,PROVISIONAL_QUALIFIED_EVIDENCE,SOURCE_ASSOCIATED_NATIVE_MARKER,NUMERICAL_MARKER_ONLY_ATTACK_UNCERTAINTY_UNQUANTIFIED,,INDETERMINATE_UNQUANTIFIED_ATTACK_AND_REFERENCE_UNCERTAINTY,NEGATIVE,11.609977324263038,control_drums_217_221,c7efaf8d2029ed140d67b7cbfff1c23fd33e0ffcae18f285566266c063f78e1c,ADTOF_00101,16.303854875303614,,UNCONSTRAINED_control_drums_217_221_7,TRIO_CONDITIONED_control_drums_217_221_8,,
F_MIX_01086,M4,True,218.26757369614512,DRUM_SUPPORTED,True,602,218.19791383219956,69.65986394556012,172.26562500000261,PROVISIONAL_QUALIFIED_EVIDENCE,SOURCE_ASSOCIATED_NATIVE_MARKER,NUMERICAL_MARKER_ONLY_ATTACK_UNCERTAINTY_UNQUANTIFIED,,INDETERMINATE_UNQUANTIFIED_ATTACK_AND_REFERENCE_UNCERTAINTY,POSITIVE,11.609977324263038,control_drums_217_221,c7efaf8d2029ed140d67b7cbfff1c23fd33e0ffcae18f285566266c063f78e1c,ADTOF_00102,27.573696145111626,,UNCONSTRAINED_control_drums_217_221_8,TRIO_CONDITIONED_control_drums_217_221_9,,
F_MIX_01087,M4,True,218.51138321995464,DRUM_SUPPORTED,True,603,218.54621315192745,-34.82993197280848,172.26562500000261,PROVISIONAL_QUALIFIED_EVIDENCE,SOURCE_ASSOCIATED_NATIVE_MARKER,NUMERICAL_MARKER_ONLY_ATTACK_UNCERTAINTY_UNQUANTIFIED,,INDETERMINATE_UNQUANTIFIED_ATTACK_AND_REFERENCE_UNCERTAINTY,NEGATIVE,11.609977324263038,control_drums_217_221,c7efaf8d2029ed140d67b7cbfff1c23fd33e0ffcae18f285566266c063f78e1c,ADTOF_00104,21.383219954628885,,UNCONSTRAINED_control_drums_217_221_10,TRIO_CONDITIONED_control_drums_217_221_10,,
F_MIX_01088,M4,True,218.70875283446713,DRUM_SUPPORTED,True,603,218.54621315192745,162.53968253968765,161.49902343750904,PROVISIONAL_QUALIFIED_EVIDENCE,SOURCE_ASSOCIATED_NATIVE_MARKER,NUMERICAL_MARKER_ONLY_ATTACK_UNCERTAINTY_UNQUANTIFIED,,INDETERMINATE_UNQUANTIFIED_ATTACK_AND_REFERENCE_UNCERTAINTY,POSITIVE,11.609977324263038,control_drums_217_221,c7efaf8d2029ed140d67b7cbfff1c23fd33e0ffcae18f285566266c063f78e1c,ADTOF_00105,28.752834467127286,,UNCONSTRAINED_control_drums_217_221_11,TRIO_CONDITIONED_control_drums_217_221_13,,
F_MIX_01089,M4,True,218.79002267573696,DRUM_SUPPORTED,True,604,218.91773242630384,-127.70975056687917,161.49902343750904,PROVISIONAL_QUALIFIED_EVIDENCE,SOURCE_ASSOCIATED_NATIVE_MARKER,NUMERICAL_MARKER_ONLY_ATTACK_UNCERTAINTY_UNQUANTIFIED,,INDETERMINATE_UNQUANTIFIED_ATTACK_AND_REFERENCE_UNCERTAINTY,NEGATIVE,11.609977324263038,control_drums_217_221,c7efaf8d2029ed140d67b7cbfff1c23fd33e0ffcae18f285566266c063f78e1c,ADTOF_00106,30.022675736972815,,UNCONSTRAINED_control_drums_217_221_12,TRIO_CONDITIONED_control_drums_217_221_14,,
F_MIX_01090,M4,True,218.85968253968255,DRUM_SUPPORTED,True,604,218.91773242630384,-58.049886621290625,161.49902343750904,PROVISIONAL_QUALIFIED_EVIDENCE,SOURCE_ASSOCIATED_NATIVE_MARKER,NUMERICAL_MARKER_ONLY_ATTACK_UNCERTAINTY_UNQUANTIFIED,,INDETERMINATE_UNQUANTIFIED_ATTACK_AND_REFERENCE_UNCERTAINTY,NEGATIVE,11.609977324263038,control_drums_217_221,c7efaf8d2029ed140d67b7cbfff1c23fd33e0ffcae18f285566266c063f78e1c,ADTOF_00107,29.682539682539755,,UNCONSTRAINED_control_drums_217_221_13,TRIO_CONDITIONED_control_drums_217_221_15,,
F_MIX_01091,M4,True,218.94095238095238,DRUM_SUPPORTED,True,604,218.91773242630384,23.219954648538987,161.4990234374967,PROVISIONAL_QUALIFIED_EVIDENCE,SOURCE_ASSOCIATED_NATIVE_MARKER,NUMERICAL_MARKER_ONLY_ATTACK_UNCERTAINTY_UNQUANTIFIED,,INDETERMINATE_UNQUANTIFIED_ATTACK_AND_REFERENCE_UNCERTAINTY,POSITIVE,11.609977324263038,control_drums_217_221,c7efaf8d2029ed140d67b7cbfff1c23fd33e0ffcae18f285566266c063f78e1c,ADTOF_00118,20.95238095239438,,UNCONSTRAINED_control_drums_217_221_14,TRIO_CONDITIONED_control_drums_217_221_16,,
F_MIX_01092,M4,True,219.19637188208617,DRUM_SUPPORTED,True,605,219.28925170068027,-92.8798185940991,161.4990234374967,PROVISIONAL_QUALIFIED_EVIDENCE,SOURCE_ASSOCIATED_NATIVE_MARKER,NUMERICAL_MARKER_ONLY_ATTACK_UNCERTAINTY_UNQUANTIFIED,,INDETERMINATE_UNQUANTIFIED_ATTACK_AND_REFERENCE_UNCERTAINTY,NEGATIVE,11.609977324263038,control_drums_217_221,c7efaf8d2029ed140d67b7cbfff1c23fd33e0ffcae18f285566266c063f78e1c,ADTOF_00119,26.37188208618113,,UNCONSTRAINED_control_drums_217_221_15,TRIO_CONDITIONED_control_drums_217_221_17,,
F_MIX_01093,M4,True,219.39374149659864,UNKNOWN,True,605,219.28925170068027,104.4897959183686,161.4990234374967,UNKNOWN,SOURCE_NEUTRAL_NATIVE_MARKER,NUMERICAL_MARKER_ONLY_ATTACK_UNCERTAINTY_UNQUANTIFIED,,INDETERMINATE_UNQUANTIFIED_ATTACK_AND_REFERENCE_UNCERTAINTY,POSITIVE,11.609977324263038,control_drums_217_221,c7efaf8d2029ed140d67b7cbfff1c23fd33e0ffcae18f285566266c063f78e1c,ADTOF_00110,123.7414965986261,,UNCONSTRAINED_control_drums_217_221_17,TRIO_CONDITIONED_control_drums_217_221_20,,
F_MIX_01094,M4,True,219.61433106575964,DRUM_SUPPORTED,True,606,219.6607709750567,-46.43990929704955,161.4990234374967,PROVISIONAL_QUALIFIED_EVIDENCE,SOURCE_ASSOCIATED_NATIVE_MARKER,NUMERICAL_MARKER_ONLY_ATTACK_UNCERTAINTY_UNQUANTIFIED,,INDETERMINATE_UNQUANTIFIED_ATTACK_AND_REFERENCE_UNCERTAINTY,NEGATIVE,11.609977324263038,control_drums_217_221,c7efaf8d2029ed140d67b7cbfff1c23fd33e0ffcae18f285566266c063f78e1c,ADTOF_00111,24.331065759639614,,UNCONSTRAINED_control_drums_217_221_19,TRIO_CONDITIONED_control_drums_217_221_23,,
F_MIX_01095,M4,True,219.6839909297052,DRUM_SUPPORTED,True,606,219.6607709750567,23.219954648510566,151.99908088235597,PROVISIONAL_QUALIFIED_EVIDENCE,SOURCE_ASSOCIATED_NATIVE_MARKER,NUMERICAL_MARKER_ONLY_ATTACK_UNCERTAINTY_UNQUANTIFIED,,INDETERMINATE_UNQUANTIFIED_ATTACK_AND_REFERENCE_UNCERTAINTY,POSITIVE,11.609977324263038,control_drums_217_221,c7efaf8d2029ed140d67b7cbfff1c23fd33e0ffcae18f285566266c063f78e1c,ADTOF_00098,23.990929705206554,,UNCONSTRAINED_control_drums_217_221_20,TRIO_CONDITIONED_control_drums_217_221_23,,
F_MIX_01096,M4,True,219.77687074829933,DRUM_SUPPORTED,True,606,219.6607709750567,116.0997732426381,151.99908088235597,PROVISIONAL_QUALIFIED_EVIDENCE,SOURCE_ASSOCIATED_NATIVE_MARKER,NUMERICAL_MARKER_ONLY_ATTACK_UNCERTAINTY_UNQUANTIFIED,,INDETERMINATE_UNQUANTIFIED_ATTACK_AND_REFERENCE_UNCERTAINTY,POSITIVE,11.609977324263038,control_drums_217_221,c7efaf8d2029ed140d67b7cbfff1c23fd33e0ffcae18f285566266c063f78e1c,ADTOF_00112,26.87074829933067,,UNCONSTRAINED_control_drums_217_221_21,TRIO_CONDITIONED_control_drums_217_221_25,,
F_MIX_01097,M4,True,219.85814058956916,DRUM_SUPPORTED,True,606,219.6607709750567,197.3696145124677,151.99908088235597,PROVISIONAL_QUALIFIED_EVIDENCE,SOURCE_ASSOCIATED_NATIVE_MARKER,NUMERICAL_MARKER_ONLY_ATTACK_UNCERTAINTY_UNQUANTIFIED,,INDETERMINATE_UNQUANTIFIED_ATTACK_AND_REFERENCE_UNCERTAINTY,POSITIVE,11.609977324263038,control_drums_217_221,c7efaf8d2029ed140d67b7cbfff1c23fd33e0ffcae18f285566266c063f78e1c,ADTOF_00122,18.140589569156873,,UNCONSTRAINED_control_drums_217_221_22,TRIO_CONDITIONED_control_drums_217_221_26,,
F_MIX_01098,M4,True,219.9974603174603,DRUM_SUPPORTED,True,607,220.05551020408163,-58.04988662131905,151.99908088235597,PROVISIONAL_QUALIFIED_EVIDENCE,SOURCE_ASSOCIATED_NATIVE_MARKER,NUMERICAL_MARKER_ONLY_ATTACK_UNCERTAINTY_UNQUANTIFIED,,INDETERMINATE_UNQUANTIFIED_ATTACK_AND_REFERENCE_UNCERTAINTY,NEGATIVE,11.609977324263038,control_drums_217_221,c7efaf8d2029ed140d67b7cbfff1c23fd33e0ffcae18f285566266c063f78e1c,ADTOF_00113,17.460317460319175,,UNCONSTRAINED_control_drums_217_221_24,TRIO_CONDITIONED_control_drums_217_221_27,,
F_MIX_01099,M4,True,220.14839002267573,DRUM_SUPPORTED,True,607,220.05551020408163,92.8798185940991,151.99908088235597,PROVISIONAL_QUALIFIED_EVIDENCE,SOURCE_ASSOCIATED_NATIVE_MARKER,NUMERICAL_MARKER_ONLY_ATTACK_UNCERTAINTY_UNQUANTIFIED,,INDETERMINATE_UNQUANTIFIED_ATTACK_AND_REFERENCE_UNCERTAINTY,POSITIVE,11.609977324263038,control_drums_217_221,c7efaf8d2029ed140d67b7cbfff1c23fd33e0ffcae18f285566266c063f78e1c,ADTOF_00114,18.390022675731643,,UNCONSTRAINED_control_drums_217_221_25,TRIO_CONDITIONED_control_drums_217_221_28,,
F_MIX_01100,M4,True,220.380589569161,DRUM_SUPPORTED,True,608,220.45024943310656,-69.65986394556012,151.99908088235597,PROVISIONAL_QUALIFIED_EVIDENCE,SOURCE_ASSOCIATED_NATIVE_MARKER,NUMERICAL_MARKER_ONLY_ATTACK_UNCERTAINTY_UNQUANTIFIED,,INDETERMINATE_UNQUANTIFIED_ATTACK_AND_REFERENCE_UNCERTAINTY,NEGATIVE,11.609977324263038,control_drums_217_221,c7efaf8d2029ed140d67b7cbfff1c23fd33e0ffcae18f285566266c063f78e1c,ADTOF_00115,10.589569160998735,,UNCONSTRAINED_control_drums_217_221_27,TRIO_CONDITIONED_control_drums_217_221_29,,
F_MIX_01101,M4,True,220.86820861678004,DRUM_SUPPORTED,True,609,220.821768707483,46.43990929704955,161.4990234374967,PROVISIONAL_QUALIFIED_EVIDENCE,SOURCE_ASSOCIATED_NATIVE_MARKER,NUMERICAL_MARKER_ONLY_ATTACK_UNCERTAINTY_UNQUANTIFIED,,INDETERMINATE_UNQUANTIFIED_ATTACK_AND_REFERENCE_UNCERTAINTY,POSITIVE,11.609977324263038,control_drums_217_221,c7efaf8d2029ed140d67b7cbfff1c23fd33e0ffcae18f285566266c063f78e1c,ADTOF_00116,8.208616780024158,,UNCONSTRAINED_control_drums_217_221_29,TRIO_CONDITIONED_control_drums_217_221_31,,
F_MIX_01102,M4,True,221.262947845805,DRUM_SUPPORTED,True,610,221.1932879818594,69.65986394558854,161.4990234374967,PROVISIONAL_QUALIFIED_EVIDENCE,SOURCE_ASSOCIATED_NATIVE_MARKER,NUMERICAL_MARKER_ONLY_ATTACK_UNCERTAINTY_UNQUANTIFIED,,INDETERMINATE_UNQUANTIFIED_ATTACK_AND_REFERENCE_UNCERTAINTY,POSITIVE,11.609977324263038,NEW_014,c7efaf8d2029ed140d67b7cbfff1c23fd33e0ffcae18f285566266c063f78e1c,NEW_014_ADTOF_49_21,22.94784580499254,UNCONSTRAINED_NEW_014_152,UNCONSTRAINED_NEW_014_198,TRIO_CONDITIONED_NEW_014_168,,
F_MIX_01103,M4,True,221.5183673469388,DRUM_SUPPORTED,True,611,221.56480725623584,-46.43990929704955,161.4990234374967,PROVISIONAL_QUALIFIED_EVIDENCE,SOURCE_ASSOCIATED_NATIVE_MARKER,NUMERICAL_MARKER_ONLY_ATTACK_UNCERTAINTY_UNQUANTIFIED,,INDETERMINATE_UNQUANTIFIED_ATTACK_AND_REFERENCE_UNCERTAINTY,NEGATIVE,11.609977324263038,NEW_014,c7efaf8d2029ed140d67b7cbfff1c23fd33e0ffcae18f285566266c063f78e1c,NEW_014_ADTOF_38_28,18.367346938788387,UNCONSTRAINED_NEW_014_152,UNCONSTRAINED_NEW_014_198,TRIO_CONDITIONED_NEW_014_169,,
F_MIX_01104,M4,True,221.6344671201814,BASS_AND_DRUM_SUPPORTED,True,611,221.56480725623584,69.65986394556012,151.99908088235597,PROVISIONAL_QUALIFIED_EVIDENCE,SOURCE_ASSOCIATED_NATIVE_MARKER,NUMERICAL_MARKER_ONLY_ATTACK_UNCERTAINTY_UNQUANTIFIED,,INDETERMINATE_UNQUANTIFIED_ATTACK_AND_REFERENCE_UNCERTAINTY,POSITIVE,11.609977324263038,NEW_014,c7efaf8d2029ed140d67b7cbfff1c23fd33e0ffcae18f285566266c063f78e1c,NEW_014_ADTOF_49_22,4.467120181402606,UNCONSTRAINED_NEW_014_152,UNCONSTRAINED_NEW_014_198,TRIO_CONDITIONED_NEW_014_175,BASS_00358,
F_MIX_01105,M4,True,221.69251700680272,UNKNOWN,True,611,221.56480725623584,127.70975056687917,151.99908088235597,UNKNOWN,SOURCE_NEUTRAL_NATIVE_MARKER,NUMERICAL_MARKER_ONLY_ATTACK_UNCERTAINTY_UNQUANTIFIED,,INDETERMINATE_UNQUANTIFIED_ATTACK_AND_REFERENCE_UNCERTAINTY,POSITIVE,11.609977324263038,NEW_014,c7efaf8d2029ed140d67b7cbfff1c23fd33e0ffcae18f285566266c063f78e1c,NEW_014_ADTOF_38_29,47.48299319729199,UNCONSTRAINED_NEW_014_152,UNCONSTRAINED_NEW_014_198,TRIO_CONDITIONED_NEW_014_175,,
F_MIX_01106,M4,True,221.98276643990928,BASS_AND_DRUM_SUPPORTED,True,612,221.95954648526077,23.219954648510566,161.4990234374967,PROVISIONAL_QUALIFIED_EVIDENCE,SOURCE_ASSOCIATED_NATIVE_MARKER,NUMERICAL_MARKER_ONLY_ATTACK_UNCERTAINTY_UNQUANTIFIED,,INDETERMINATE_UNQUANTIFIED_ATTACK_AND_REFERENCE_UNCERTAINTY,POSITIVE,11.609977324263038,NEW_014,c7efaf8d2029ed140d67b7cbfff1c23fd33e0ffcae18f285566266c063f78e1c,NEW_014_ADTOF_35_10,12.766439909285054,UNCONSTRAINED_NEW_014_153,UNCONSTRAINED_NEW_014_198,TRIO_CONDITIONED_NEW_014_178,BASS_00359,
F_MIX_01107,M4,True,222.24979591836734,UNKNOWN,True,613,222.3310657596372,-81.26984126985803,161.4990234374967,UNKNOWN,SOURCE_NEUTRAL_NATIVE_MARKER,NUMERICAL_MARKER_ONLY_ATTACK_UNCERTAINTY_UNQUANTIFIED,,INDETERMINATE_UNQUANTIFIED_ATTACK_AND_REFERENCE_UNCERTAINTY,NEGATIVE,11.609977324263038,NEW_014,c7efaf8d2029ed140d67b7cbfff1c23fd33e0ffcae18f285566266c063f78e1c,NEW_014_ADTOF_35_11,110.20408163267348,UNCONSTRAINED_NEW_014_159,UNCONSTRAINED_NEW_014_198,TRIO_CONDITIONED_NEW_014_185,,
F_MIX_01108,M4,True,222.37750566893425,BASS_AND_DRUM_SUPPORTED,True,613,222.3310657596372,46.43990929704955,161.49902343750904,PROVISIONAL_QUALIFIED_EVIDENCE,SOURCE_ASSOCIATED_NATIVE_MARKER,NUMERICAL_MARKER_ONLY_ATTACK_UNCERTAINTY_UNQUANTIFIED,,INDETERMINATE_UNQUANTIFIED_ATTACK_AND_REFERENCE_UNCERTAINTY,POSITIVE,11.609977324263038,NEW_014,c7efaf8d2029ed140d67b7cbfff1c23fd33e0ffcae18f285566266c063f78e1c,NEW_014_ADTOF_35_11,17.50566893423411,UNCONSTRAINED_NEW_014_159,UNCONSTRAINED_NEW_014_198,TRIO_CONDITIONED_NEW_014_185,BASS_00360,
F_MIX_01109,M4,True,222.74902494331064,BASS_AND_DRUM_SUPPORTED,True,614,222.7025850340136,46.43990929704955,161.4990234374967,PROVISIONAL_QUALIFIED_EVIDENCE,SOURCE_ASSOCIATED_NATIVE_MARKER,NUMERICAL_MARKER_ONLY_ATTACK_UNCERTAINTY_UNQUANTIFIED,,INDETERMINATE_UNQUANTIFIED_ATTACK_AND_REFERENCE_UNCERTAINTY,POSITIVE,11.609977324263038,NEW_014,c7efaf8d2029ed140d67b7cbfff1c23fd33e0ffcae18f285566266c063f78e1c,NEW_014_ADTOF_35_12,29.024943310645313,UNCONSTRAINED_NEW_014_160,UNCONSTRAINED_NEW_014_198,TRIO_CONDITIONED_NEW_014_188,BASS_00361,
F_MIX_01110,M4,True,222.9928344671202,DRUM_SUPPORTED,True,615,223.07410430839002,-81.26984126982961,161.4990234374967,PROVISIONAL_QUALIFIED_EVIDENCE,SOURCE_ASSOCIATED_NATIVE_MARKER,NUMERICAL_MARKER_ONLY_ATTACK_UNCERTAINTY_UNQUANTIFIED,,INDETERMINATE_UNQUANTIFIED_ATTACK_AND_REFERENCE_UNCERTAINTY,NEGATIVE,11.609977324263038,NEW_014,c7efaf8d2029ed140d67b7cbfff1c23fd33e0ffcae18f285566266c063f78e1c,NEW_014_ADTOF_49_27,12.834467120200088,UNCONSTRAINED_NEW_014_166,UNCONSTRAINED_NEW_014_198,TRIO_CONDITIONED_NEW_014_194,BASS_00362,
F_MIX_01111,M4,True,223.1089342403628,DRUM_SUPPORTED,True,615,223.07410430839002,34.82993197278006,172.26562500000261,PROVISIONAL_QUALIFIED_EVIDENCE,SOURCE_ASSOCIATED_NATIVE_MARKER,NUMERICAL_MARKER_ONLY_ATTACK_UNCERTAINTY_UNQUANTIFIED,,INDETERMINATE_UNQUANTIFIED_ATTACK_AND_REFERENCE_UNCERTAINTY,POSITIVE,11.609977324263038,NEW_014,c7efaf8d2029ed140d67b7cbfff1c23fd33e0ffcae18f285566266c063f78e1c,NEW_014_ADTOF_38_31,18.934240362796118,UNCONSTRAINED_NEW_014_166,UNCONSTRAINED_NEW_014_198,TRIO_CONDITIONED_NEW_014_194,,
F_MIX_01112,M4,True,223.3643537414966,UNKNOWN,True,616,223.4224036281179,-58.04988662131905,172.26562500000261,UNKNOWN,SOURCE_NEUTRAL_NATIVE_MARKER,NUMERICAL_MARKER_ONLY_ATTACK_UNCERTAINTY_UNQUANTIFIED,,INDETERMINATE_UNQUANTIFIED_ATTACK_AND_REFERENCE_UNCERTAINTY,NEGATIVE,11.609977324263038,NEW_014,c7efaf8d2029ed140d67b7cbfff1c23fd33e0ffcae18f285566266c063f78e1c,NEW_014_ADTOF_35_13,65.64625850342054,UNCONSTRAINED_NEW_014_175,UNCONSTRAINED_NEW_014_198,TRIO_CONDITIONED_NEW_014_201,BASS_00363,
F_MIX_01113,M4,True,223.72426303854874,DRUM_SUPPORTED,True,617,223.79392290249433,-69.65986394558854,161.4990234374967,PROVISIONAL_QUALIFIED_EVIDENCE,SOURCE_ASSOCIATED_NATIVE_MARKER,NUMERICAL_MARKER_ONLY_ATTACK_UNCERTAINTY_UNQUANTIFIED,,INDETERMINATE_UNQUANTIFIED_ATTACK_AND_REFERENCE_UNCERTAINTY,NEGATIVE,11.609977324263038,NEW_014,c7efaf8d2029ed140d67b7cbfff1c23fd33e0ffcae18f285566266c063f78e1c,NEW_014_ADTOF_38_32,24.263038548753002,UNCONSTRAINED_NEW_014_186,UNCONSTRAINED_NEW_014_198,TRIO_CONDITIONED_NEW_014_209,BASS_00364,
F_MIX_01114,M4,True,224.16544217687076,BASS_AND_DRUM_SUPPORTED,True,618,224.14222222222222,23.219954648538987,161.4990234374967,PROVISIONAL_QUALIFIED_EVIDENCE,SOURCE_ASSOCIATED_NATIVE_MARKER,NUMERICAL_MARKER_ONLY_ATTACK_UNCERTAINTY_UNQUANTIFIED,,INDETERMINATE_UNQUANTIFIED_ATTACK_AND_REFERENCE_UNCERTAINTY,POSITIVE,11.609977324263038,NEW_014,c7efaf8d2029ed140d67b7cbfff1c23fd33e0ffcae18f285566266c063f78e1c,NEW_014_ADTOF_35_15,5.442176870758431,UNCONSTRAINED_NEW_014_191,UNCONSTRAINED_NEW_014_198,TRIO_CONDITIONED_NEW_014_219,BASS_00365,
F_MIX_01115,M4,True,224.45569160997732,DRUM_SUPPORTED,True,619,224.51374149659864,-58.04988662131905,161.4990234374967,PROVISIONAL_QUALIFIED_EVIDENCE,SOURCE_ASSOCIATED_NATIVE_MARKER,NUMERICAL_MARKER_ONLY_ATTACK_UNCERTAINTY_UNQUANTIFIED,,INDETERMINATE_UNQUANTIFIED_ATTACK_AND_REFERENCE_UNCERTAINTY,NEGATIVE,11.609977324263038,NEW_014,c7efaf8d2029ed140d67b7cbfff1c23fd33e0ffcae18f285566266c063f78e1c,NEW_014_ADTOF_49_32,15.691609977324106,UNCONSTRAINED_NEW_014_197,UNCONSTRAINED_NEW_014_198,TRIO_CONDITIONED_NEW_014_226,,
F_MIX_01116,M4,True,224.53696145124715,BASS_AND_DRUM_SUPPORTED,True,619,224.51374149659864,23.219954648510566,172.26562500000261,PROVISIONAL_QUALIFIED_EVIDENCE,SOURCE_ASSOCIATED_NATIVE_MARKER,NUMERICAL_MARKER_ONLY_ATTACK_UNCERTAINTY_UNQUANTIFIED,,INDETERMINATE_UNQUANTIFIED_ATTACK_AND_REFERENCE_UNCERTAINTY,POSITIVE,11.609977324263038,NEW_014,c7efaf8d2029ed140d67b7cbfff1c23fd33e0ffcae18f285566266c063f78e1c,NEW_014_ADTOF_35_16,16.961451247141213,UNCONSTRAINED_NEW_014_197,UNCONSTRAINED_NEW_014_198,TRIO_CONDITIONED_NEW_014_226,BASS_00366,
F_MIX_01117,M4,True,224.82721088435375,UNKNOWN,True,620,224.86204081632653,-34.82993197278006,172.26562500000261,UNKNOWN,SOURCE_NEUTRAL_NATIVE_MARKER,NUMERICAL_MARKER_ONLY_ATTACK_UNCERTAINTY_UNQUANTIFIED,,INDETERMINATE_UNQUANTIFIED_ATTACK_AND_REFERENCE_UNCERTAINTY,NEGATIVE,11.609977324263038,NEW_014,c7efaf8d2029ed140d67b7cbfff1c23fd33e0ffcae18f285566266c063f78e1c,NEW_014_ADTOF_35_17,52.789115646248774,UNCONSTRAINED_NEW_014_203,UNCONSTRAINED_NEW_014_201,TRIO_CONDITIONED_NEW_014_232,,
F_MIX_01118,M4,True,224.90848072562358,BASS_AND_DRUM_SUPPORTED,True,620,224.86204081632653,46.43990929704955,161.4990234374967,PROVISIONAL_QUALIFIED_EVIDENCE,SOURCE_ASSOCIATED_NATIVE_MARKER,NUMERICAL_MARKER_ONLY_ATTACK_UNCERTAINTY_UNQUANTIFIED,,INDETERMINATE_UNQUANTIFIED_ATTACK_AND_REFERENCE_UNCERTAINTY,POSITIVE,11.609977324263038,NEW_014,c7efaf8d2029ed140d67b7cbfff1c23fd33e0ffcae18f285566266c063f78e1c,NEW_014_ADTOF_35_17,28.480725623580838,UNCONSTRAINED_NEW_014_203,UNCONSTRAINED_NEW_014_204,TRIO_CONDITIONED_NEW_014_232,BASS_00367,
F_MIX_01119,M4,True,225.16390022675736,UNKNOWN,True,621,225.23356009070295,-69.65986394558854,161.4990234374967,UNKNOWN,SOURCE_NEUTRAL_NATIVE_MARKER,NUMERICAL_MARKER_ONLY_ATTACK_UNCERTAINTY_UNQUANTIFIED,,INDETERMINATE_UNQUANTIFIED_ATTACK_AND_REFERENCE_UNCERTAINTY,NEGATIVE,11.609977324263038,control_225_235,c7efaf8d2029ed140d67b7cbfff1c23fd33e0ffcae18f285566266c063f78e1c,ADTOF_ADAPTER_00147,76.09977324264605,UNCONSTRAINED_control_225_235_38,UNCONSTRAINED_control_225_235_39,TRIO_CONDITIONED_control_225_235_5,,
F_MIX_01120,M4,True,225.25678004535146,DRUM_SUPPORTED,True,621,225.23356009070295,23.219954648510566,172.26562500000261,PROVISIONAL_QUALIFIED_EVIDENCE,SOURCE_ASSOCIATED_NATIVE_MARKER,NUMERICAL_MARKER_ONLY_ATTACK_UNCERTAINTY_UNQUANTIFIED,,INDETERMINATE_UNQUANTIFIED_ATTACK_AND_REFERENCE_UNCERTAINTY,POSITIVE,11.609977324263038,control_225_235,c7efaf8d2029ed140d67b7cbfff1c23fd33e0ffcae18f285566266c063f78e1c,ADTOF_ADAPTER_00147,16.780045351453055,UNCONSTRAINED_control_225_235_38,UNCONSTRAINED_control_225_235_39,TRIO_CONDITIONED_control_225_235_5,BASS_00368,
F_MIX_01121,M4,True,225.61668934240362,DRUM_SUPPORTED,True,622,225.58185941043084,34.82993197278006,172.26562500000261,PROVISIONAL_QUALIFIED_EVIDENCE,SOURCE_ASSOCIATED_NATIVE_MARKER,NUMERICAL_MARKER_ONLY_ATTACK_UNCERTAINTY_UNQUANTIFIED,,INDETERMINATE_UNQUANTIFIED_ATTACK_AND_REFERENCE_UNCERTAINTY,POSITIVE,11.609977324263038,control_225_235,c7efaf8d2029ed140d67b7cbfff1c23fd33e0ffcae18f285566266c063f78e1c,ADTOF_ADAPTER_00141,16.689342403623186,UNCONSTRAINED_control_225_235_38,UNCONSTRAINED_control_225_235_39,TRIO_CONDITIONED_control_225_235_8,BASS_00369,
F_MIX_01122,M4,True,225.8721088435374,DRUM_SUPPORTED,True,623,225.93015873015872,-58.04988662131905,172.26562500000261,PROVISIONAL_QUALIFIED_EVIDENCE,SOURCE_ASSOCIATED_NATIVE_MARKER,NUMERICAL_MARKER_ONLY_ATTACK_UNCERTAINTY_UNQUANTIFIED,,INDETERMINATE_UNQUANTIFIED_ATTACK_AND_REFERENCE_UNCERTAINTY,NEGATIVE,11.609977324263038,control_225_235,c7efaf8d2029ed140d67b7cbfff1c23fd33e0ffcae18f285566266c063f78e1c,ADTOF_ADAPTER_00148,12.108843537390612,UNCONSTRAINED_control_225_235_38,UNCONSTRAINED_control_225_235_39,TRIO_CONDITIONED_control_225_235_9,,
F_MIX_01123,M4,True,225.98820861678004,DRUM_SUPPORTED,True,623,225.93015873015872,58.04988662131905,172.26562500000261,PROVISIONAL_QUALIFIED_EVIDENCE,SOURCE_ASSOCIATED_NATIVE_MARKER,NUMERICAL_MARKER_ONLY_ATTACK_UNCERTAINTY_UNQUANTIFIED,,INDETERMINATE_UNQUANTIFIED_ATTACK_AND_REFERENCE_UNCERTAINTY,POSITIVE,11.609977324263038,control_225_235,c7efaf8d2029ed140d67b7cbfff1c23fd33e0ffcae18f285566266c063f78e1c,ADTOF_ADAPTER_00178,18.208616780043485,UNCONSTRAINED_control_225_235_38,UNCONSTRAINED_control_225_235_39,TRIO_CONDITIONED_control_225_235_15,BASS_00370,
F_MIX_01124,M4,True,226.23201814058956,DRUM_SUPPORTED,True,624,226.2784580498866,-46.43990929704955,172.26562500000261,PROVISIONAL_QUALIFIED_EVIDENCE,SOURCE_ASSOCIATED_NATIVE_MARKER,NUMERICAL_MARKER_ONLY_ATTACK_UNCERTAINTY_UNQUANTIFIED,,INDETERMINATE_UNQUANTIFIED_ATTACK_AND_REFERENCE_UNCERTAINTY,NEGATIVE,11.609977324263038,control_225_235,c7efaf8d2029ed140d67b7cbfff1c23fd33e0ffcae18f285566266c063f78e1c,ADTOF_ADAPTER_00164,22.01814058955165,UNCONSTRAINED_control_225_235_38,UNCONSTRAINED_control_225_235_39,TRIO_CONDITIONED_control_225_235_21,,
F_MIX_01125,M4,True,226.33650793650793,DRUM_SUPPORTED,True,624,226.2784580498866,58.04988662131905,161.4990234374967,PROVISIONAL_QUALIFIED_EVIDENCE,SOURCE_ASSOCIATED_NATIVE_MARKER,NUMERICAL_MARKER_ONLY_ATTACK_UNCERTAINTY_UNQUANTIFIED,,INDETERMINATE_UNQUANTIFIED_ATTACK_AND_REFERENCE_UNCERTAINTY,POSITIVE,11.609977324263038,control_225_235,c7efaf8d2029ed140d67b7cbfff1c23fd33e0ffcae18f285566266c063f78e1c,ADTOF_ADAPTER_00142,16.507936507935028,UNCONSTRAINED_control_225_235_38,UNCONSTRAINED_control_225_235_39,TRIO_CONDITIONED_control_225_235_27,BASS_00371,
F_MIX_01126,M4,True,226.61514739229025,DRUM_SUPPORTED,True,625,226.64997732426303,-34.82993197278006,161.4990234374967,PROVISIONAL_QUALIFIED_EVIDENCE,SOURCE_ASSOCIATED_NATIVE_MARKER,NUMERICAL_MARKER_ONLY_ATTACK_UNCERTAINTY_UNQUANTIFIED,,INDETERMINATE_UNQUANTIFIED_ATTACK_AND_REFERENCE_UNCERTAINTY,NEGATIVE,11.609977324263038,control_225_235,c7efaf8d2029ed140d67b7cbfff1c23fd33e0ffcae18f285566266c063f78e1c,ADTOF_ADAPTER_00181,25.147392290250536,UNCONSTRAINED_control_225_235_38,UNCONSTRAINED_control_225_235_39,TRIO_CONDITIONED_control_225_235_33,BASS_00372,
F_MIX_01127,M4,True,226.96344671201814,DRUM_SUPPORTED,True,626,226.99827664399092,-34.82993197278006,172.26562500000261,PROVISIONAL_QUALIFIED_EVIDENCE,SOURCE_ASSOCIATED_NATIVE_MARKER,NUMERICAL_MARKER_ONLY_ATTACK_UNCERTAINTY_UNQUANTIFIED,,INDETERMINATE_UNQUANTIFIED_ATTACK_AND_REFERENCE_UNCERTAINTY,NEGATIVE,11.609977324263038,control_225_235,c7efaf8d2029ed140d67b7cbfff1c23fd33e0ffcae18f285566266c063f78e1c,ADTOF_ADAPTER_00150,23.44671201814208,UNCONSTRAINED_control_225_235_38,UNCONSTRAINED_control_225_235_39,TRIO_CONDITIONED_control_225_235_34,,
F_MIX_01128,M4,True,227.07954648526078,DRUM_SUPPORTED,True,626,226.99827664399092,81.26984126985803,172.26562499998857,PROVISIONAL_QUALIFIED_EVIDENCE,SOURCE_ASSOCIATED_NATIVE_MARKER,NUMERICAL_MARKER_ONLY_ATTACK_UNCERTAINTY_UNQUANTIFIED,,INDETERMINATE_UNQUANTIFIED_ATTACK_AND_REFERENCE_UNCERTAINTY,POSITIVE,11.609977324263038,control_225_235,c7efaf8d2029ed140d67b7cbfff1c23fd33e0ffcae18f285566266c063f78e1c,ADTOF_ADAPTER_00183,19.546485260775626,UNCONSTRAINED_control_225_235_38,UNCONSTRAINED_control_225_235_39,TRIO_CONDITIONED_control_225_235_34,,
F_MIX_01129,M4,True,227.31174603174603,DRUM_SUPPORTED,True,627,227.34657596371883,-34.82993197280848,172.26562499998857,PROVISIONAL_QUALIFIED_EVIDENCE,SOURCE_ASSOCIATED_NATIVE_MARKER,NUMERICAL_MARKER_ONLY_ATTACK_UNCERTAINTY_UNQUANTIFIED,,INDETERMINATE_UNQUANTIFIED_ATTACK_AND_REFERENCE_UNCERTAINTY,NEGATIVE,11.609977324263038,control_225_235,c7efaf8d2029ed140d67b7cbfff1c23fd33e0ffcae18f285566266c063f78e1c,ADTOF_ADAPTER_00152,21.746031746033623,UNCONSTRAINED_control_225_235_38,UNCONSTRAINED_control_225_235_39,TRIO_CONDITIONED_control_225_235_36,,
F_MIX_01130,M4,True,227.4162358276644,DRUM_SUPPORTED,True,627,227.34657596371883,69.65986394556012,161.49902343750904,PROVISIONAL_QUALIFIED_EVIDENCE,SOURCE_ASSOCIATED_NATIVE_MARKER,NUMERICAL_MARKER_ONLY_ATTACK_UNCERTAINTY_UNQUANTIFIED,,INDETERMINATE_UNQUANTIFIED_ATTACK_AND_REFERENCE_UNCERTAINTY,POSITIVE,11.609977324263038,control_225_235,c7efaf8d2029ed140d67b7cbfff1c23fd33e0ffcae18f285566266c063f78e1c,ADTOF_ADAPTER_00153,16.23582766438858,UNCONSTRAINED_control_225_235_38,UNCONSTRAINED_control_225_235_39,TRIO_CONDITIONED_control_225_235_37,,
F_MIX_01131,M4,True,227.6600453514739,UNKNOWN,True,628,227.71809523809523,-58.04988662131905,161.49902343750904,UNKNOWN,SOURCE_NEUTRAL_NATIVE_MARKER,NUMERICAL_MARKER_ONLY_ATTACK_UNCERTAINTY_UNQUANTIFIED,,INDETERMINATE_UNQUANTIFIED_ATTACK_AND_REFERENCE_UNCERTAINTY,NEGATIVE,11.609977324263038,control_225_235,c7efaf8d2029ed140d67b7cbfff1c23fd33e0ffcae18f285566266c063f78e1c,ADTOF_ADAPTER_00153,260.04535147390584,UNCONSTRAINED_control_225_235_38,UNCONSTRAINED_control_225_235_39,TRIO_CONDITIONED_control_225_235_39,,
F_MIX_01132,M4,True,227.99673469387756,DRUM_SUPPORTED,True,629,228.06639455782312,-69.65986394556012,172.26562500000261,PROVISIONAL_QUALIFIED_EVIDENCE,SOURCE_ASSOCIATED_NATIVE_MARKER,NUMERICAL_MARKER_ONLY_ATTACK_UNCERTAINTY_UNQUANTIFIED,,INDETERMINATE_UNQUANTIFIED_ATTACK_AND_REFERENCE_UNCERTAINTY,NEGATIVE,11.609977324263038,control_225_235,c7efaf8d2029ed140d67b7cbfff1c23fd33e0ffcae18f285566266c063f78e1c,ADTOF_ADAPTER_00154,16.734693877566542,UNCONSTRAINED_control_225_235_38,UNCONSTRAINED_control_225_235_39,TRIO_CONDITIONED_control_225_235_40,,
F_MIX_01133,M4,True,228.37986394557822,DRUM_SUPPORTED,True,630,228.43791383219954,-58.04988662131905,161.4990234374967,PROVISIONAL_QUALIFIED_EVIDENCE,SOURCE_ASSOCIATED_NATIVE_MARKER,NUMERICAL_MARKER_ONLY_ATTACK_UNCERTAINTY_UNQUANTIFIED,,INDETERMINATE_UNQUANTIFIED_ATTACK_AND_REFERENCE_UNCERTAINTY,NEGATIVE,11.609977324263038,control_225_235,c7efaf8d2029ed140d67b7cbfff1c23fd33e0ffcae18f285566266c063f78e1c,ADTOF_ADAPTER_00155,9.863945578217681,UNCONSTRAINED_control_225_235_38,UNCONSTRAINED_control_225_235_39,TRIO_CONDITIONED_control_225_235_42,,
F_MIX_01134,M4,True,228.76299319727892,DRUM_SUPPORTED,True,631,228.80943310657597,-46.43990929704955,161.4990234374967,PROVISIONAL_QUALIFIED_EVIDENCE,SOURCE_ASSOCIATED_NATIVE_MARKER,NUMERICAL_MARKER_ONLY_ATTACK_UNCERTAINTY_UNQUANTIFIED,,INDETERMINATE_UNQUANTIFIED_ATTACK_AND_REFERENCE_UNCERTAINTY,NEGATIVE,11.609977324263038,control_225_235,c7efaf8d2029ed140d67b7cbfff1c23fd33e0ffcae18f285566266c063f78e1c,ADTOF_ADAPTER_00156,12.993197278916568,UNCONSTRAINED_control_225_235_38,UNCONSTRAINED_control_225_235_39,TRIO_CONDITIONED_control_225_235_44,,
F_MIX_01135,M4,True,228.8907029478458,DRUM_SUPPORTED,True,631,228.80943310657597,81.26984126982961,161.4990234374967,PROVISIONAL_QUALIFIED_EVIDENCE,SOURCE_ASSOCIATED_NATIVE_MARKER,NUMERICAL_MARKER_ONLY_ATTACK_UNCERTAINTY_UNQUANTIFIED,,INDETERMINATE_UNQUANTIFIED_ATTACK_AND_REFERENCE_UNCERTAINTY,POSITIVE,11.609977324263038,control_225_235,c7efaf8d2029ed140d67b7cbfff1c23fd33e0ffcae18f285566266c063f78e1c,ADTOF_ADAPTER_00157,20.702947845791186,UNCONSTRAINED_control_225_235_38,UNCONSTRAINED_control_225_235_39,TRIO_CONDITIONED_control_225_235_46,,
F_MIX_01136,M4,True,229.13451247165534,DRUM_SUPPORTED,True,632,229.1809523809524,-46.43990929704955,161.4990234374967,PROVISIONAL_QUALIFIED_EVIDENCE,SOURCE_ASSOCIATED_NATIVE_MARKER,NUMERICAL_MARKER_ONLY_ATTACK_UNCERTAINTY_UNQUANTIFIED,,INDETERMINATE_UNQUANTIFIED_ATTACK_AND_REFERENCE_UNCERTAINTY,NEGATIVE,11.609977324263038,control_225_235,c7efaf8d2029ed140d67b7cbfff1c23fd33e0ffcae18f285566266c063f78e1c,ADTOF_ADAPTER_00165,14.512471655336867,UNCONSTRAINED_control_225_235_38,UNCONSTRAINED_control_225_235_39,TRIO_CONDITIONED_control_225_235_48,,
F_MIX_01137,M4,True,229.2390022675737,DRUM_SUPPORTED,True,632,229.1809523809524,58.04988662131905,161.49902343750904,PROVISIONAL_QUALIFIED_EVIDENCE,SOURCE_ASSOCIATED_NATIVE_MARKER,NUMERICAL_MARKER_ONLY_ATTACK_UNCERTAINTY_UNQUANTIFIED,,INDETERMINATE_UNQUANTIFIED_ATTACK_AND_REFERENCE_UNCERTAINTY,POSITIVE,11.609977324263038,control_225_235,c7efaf8d2029ed140d67b7cbfff1c23fd33e0ffcae18f285566266c063f78e1c,ADTOF_ADAPTER_00166,9.002267573720246,UNCONSTRAINED_control_225_235_38,UNCONSTRAINED_control_225_235_39,TRIO_CONDITIONED_control_225_235_49,,
F_MIX_01138,M4,True,229.35510204081632,DRUM_SUPPORTED,True,632,229.1809523809524,174.14965986392872,161.49902343750904,PROVISIONAL_QUALIFIED_EVIDENCE,SOURCE_ASSOCIATED_NATIVE_MARKER,NUMERICAL_MARKER_ONLY_ATTACK_UNCERTAINTY_UNQUANTIFIED,,INDETERMINATE_UNQUANTIFIED_ATTACK_AND_REFERENCE_UNCERTAINTY,POSITIVE,11.609977324263038,control_225_235,c7efaf8d2029ed140d67b7cbfff1c23fd33e0ffcae18f285566266c063f78e1c,ADTOF_ADAPTER_00167,15.102040816316276,UNCONSTRAINED_control_225_235_38,UNCONSTRAINED_control_225_235_39,TRIO_CONDITIONED_control_225_235_50,,
F_MIX_01139,M4,True,229.48281179138323,DRUM_SUPPORTED,True,633,229.5524716553288,-69.65986394556012,161.49902343750904,PROVISIONAL_QUALIFIED_EVIDENCE,SOURCE_ASSOCIATED_NATIVE_MARKER,NUMERICAL_MARKER_ONLY_ATTACK_UNCERTAINTY_UNQUANTIFIED,,INDETERMINATE_UNQUANTIFIED_ATTACK_AND_REFERENCE_UNCERTAINTY,NEGATIVE,11.609977324263038,control_225_235,c7efaf8d2029ed140d67b7cbfff1c23fd33e0ffcae18f285566266c063f78e1c,ADTOF_ADAPTER_00168,22.811791383219315,UNCONSTRAINED_control_225_235_38,UNCONSTRAINED_control_225_235_39,TRIO_CONDITIONED_control_225_235_51,,
F_MIX_01140,M4,True,229.59891156462584,DRUM_SUPPORTED,True,633,229.5524716553288,46.43990929704955,161.4990234374967,PROVISIONAL_QUALIFIED_EVIDENCE,SOURCE_ASSOCIATED_NATIVE_MARKER,NUMERICAL_MARKER_ONLY_ATTACK_UNCERTAINTY_UNQUANTIFIED,,INDETERMINATE_UNQUANTIFIED_ATTACK_AND_REFERENCE_UNCERTAINTY,POSITIVE,11.609977324263038,control_225_235,c7efaf8d2029ed140d67b7cbfff1c23fd33e0ffcae18f285566266c063f78e1c,ADTOF_ADAPTER_00169,18.91156462582444,UNCONSTRAINED_control_225_235_38,UNCONSTRAINED_control_225_235_39,TRIO_CONDITIONED_control_225_235_52,,
F_MIX_01141,M4,True,229.72662131519274,DRUM_SUPPORTED,True,633,229.5524716553288,174.14965986395714,161.4990234374967,PROVISIONAL_QUALIFIED_EVIDENCE,SOURCE_ASSOCIATED_NATIVE_MARKER,NUMERICAL_MARKER_ONLY_ATTACK_UNCERTAINTY_UNQUANTIFIED,,INDETERMINATE_UNQUANTIFIED_ATTACK_AND_REFERENCE_UNCERTAINTY,POSITIVE,11.609977324263038,control_225_235,c7efaf8d2029ed140d67b7cbfff1c23fd33e0ffcae18f285566266c063f78e1c,ADTOF_ADAPTER_00170,26.6213151927559,UNCONSTRAINED_control_225_235_38,UNCONSTRAINED_control_225_235_39,TRIO_CONDITIONED_control_225_235_53,,
F_MIX_01142,M4,True,229.8311111111111,DRUM_SUPPORTED,True,634,229.9239909297052,-92.8798185940991,161.4990234374967,PROVISIONAL_QUALIFIED_EVIDENCE,SOURCE_ASSOCIATED_NATIVE_MARKER,NUMERICAL_MARKER_ONLY_ATTACK_UNCERTAINTY_UNQUANTIFIED,,INDETERMINATE_UNQUANTIFIED_ATTACK_AND_REFERENCE_UNCERTAINTY,NEGATIVE,11.609977324263038,control_225_235,c7efaf8d2029ed140d67b7cbfff1c23fd33e0ffcae18f285566266c063f78e1c,ADTOF_ADAPTER_00171,11.111111111119953,UNCONSTRAINED_control_225_235_38,UNCONSTRAINED_control_225_235_39,TRIO_CONDITIONED_control_225_235_54,,
F_MIX_01143,M4,True,229.94721088435375,DRUM_SUPPORTED,True,634,229.9239909297052,23.219954648538987,151.99908088235597,PROVISIONAL_QUALIFIED_EVIDENCE,SOURCE_ASSOCIATED_NATIVE_MARKER,NUMERICAL_MARKER_ONLY_ATTACK_UNCERTAINTY_UNQUANTIFIED,,INDETERMINATE_UNQUANTIFIED_ATTACK_AND_REFERENCE_UNCERTAINTY,POSITIVE,11.609977324263038,control_225_235,c7efaf8d2029ed140d67b7cbfff1c23fd33e0ffcae18f285566266c063f78e1c,ADTOF_ADAPTER_00172,7.2108843537534995,UNCONSTRAINED_control_225_235_38,UNCONSTRAINED_control_225_235_39,TRIO_CONDITIONED_control_225_235_55,,
F_MIX_01144,M4,True,231.03854875283446,UNKNOWN,True,637,231.061768707483,-23.219954648538987,161.4990234374967,UNKNOWN,SOURCE_NEUTRAL_NATIVE_MARKER,NUMERICAL_MARKER_ONLY_ATTACK_UNCERTAINTY_UNQUANTIFIED,,INDETERMINATE_UNQUANTIFIED_ATTACK_AND_REFERENCE_UNCERTAINTY,NEGATIVE,11.609977324263038,control_225_235,c7efaf8d2029ed140d67b7cbfff1c23fd33e0ffcae18f285566266c063f78e1c,ADTOF_ADAPTER_00172,1098.5487528344606,UNCONSTRAINED_control_225_235_38,UNCONSTRAINED_control_225_235_39,TRIO_CONDITIONED_control_225_235_57,,
F_MIX_01145,M56,True,232.0950566893424,UNKNOWN,True,640,232.19954648526078,-104.4897959183686,161.4990234374967,UNKNOWN,SOURCE_NEUTRAL_NATIVE_MARKER,NUMERICAL_MARKER_ONLY_ATTACK_UNCERTAINTY_UNQUANTIFIED,,INDETERMINATE_UNQUANTIFIED_ATTACK_AND_REFERENCE_UNCERTAINTY,NEGATIVE,11.609977324263038,control_225_235,c7efaf8d2029ed140d67b7cbfff1c23fd33e0ffcae18f285566266c063f78e1c,ADTOF_ADAPTER_00158,94.94331065758388,UNCONSTRAINED_control_225_235_38,UNCONSTRAINED_control_225_235_39,TRIO_CONDITIONED_control_225_235_57,,
F_MIX_01146,M56,True,232.21115646258502,DRUM_SUPPORTED,True,640,232.19954648526078,11.609977324241072,161.49902343750904,PROVISIONAL_QUALIFIED_EVIDENCE,SOURCE_ASSOCIATED_NATIVE_MARKER,NUMERICAL_MARKER_ONLY_ATTACK_UNCERTAINTY_UNQUANTIFIED,,INDETERMINATE_UNQUANTIFIED_ATTACK_AND_REFERENCE_UNCERTAINTY,POSITIVE,11.609977324263038,control_225_235,c7efaf8d2029ed140d67b7cbfff1c23fd33e0ffcae18f285566266c063f78e1c,ADTOF_ADAPTER_00158,21.156462585025793,UNCONSTRAINED_control_225_235_38,UNCONSTRAINED_control_225_235_39,TRIO_CONDITIONED_control_225_235_58,,
F_MIX_01147,M56,True,232.4433560090703,UNKNOWN,True,641,232.57106575963718,-127.70975056687917,161.49902343750904,UNKNOWN,SOURCE_NEUTRAL_NATIVE_MARKER,NUMERICAL_MARKER_ONLY_ATTACK_UNCERTAINTY_UNQUANTIFIED,,INDETERMINATE_UNQUANTIFIED_ATTACK_AND_REFERENCE_UNCERTAINTY,NEGATIVE,11.609977324263038,control_225_235,c7efaf8d2029ed140d67b7cbfff1c23fd33e0ffcae18f285566266c063f78e1c,ADTOF_ADAPTER_00143,126.64399092969347,UNCONSTRAINED_control_225_235_38,UNCONSTRAINED_control_225_235_39,TRIO_CONDITIONED_control_225_235_61,,
F_MIX_01148,M56,True,232.48979591836735,UNKNOWN,True,641,232.57106575963718,-81.26984126982961,161.49902343750904,UNKNOWN,SOURCE_NEUTRAL_NATIVE_MARKER,NUMERICAL_MARKER_ONLY_ATTACK_UNCERTAINTY_UNQUANTIFIED,,INDETERMINATE_UNQUANTIFIED_ATTACK_AND_REFERENCE_UNCERTAINTY,NEGATIVE,11.609977324263038,control_225_235,c7efaf8d2029ed140d67b7cbfff1c23fd33e0ffcae18f285566266c063f78e1c,ADTOF_ADAPTER_00143,80.20408163264392,UNCONSTRAINED_control_225_235_38,UNCONSTRAINED_control_225_235_39,TRIO_CONDITIONED_control_225_235_61,,
F_MIX_01149,M56,True,232.59428571428572,DRUM_SUPPORTED,True,641,232.57106575963718,23.219954648538987,161.4990234374967,PROVISIONAL_QUALIFIED_EVIDENCE,SOURCE_ASSOCIATED_NATIVE_MARKER,NUMERICAL_MARKER_ONLY_ATTACK_UNCERTAINTY_UNQUANTIFIED,,INDETERMINATE_UNQUANTIFIED_ATTACK_AND_REFERENCE_UNCERTAINTY,POSITIVE,11.609977324263038,control_225_235,c7efaf8d2029ed140d67b7cbfff1c23fd33e0ffcae18f285566266c063f78e1c,ADTOF_ADAPTER_00143,24.28571428572468,UNCONSTRAINED_control_225_235_38,UNCONSTRAINED_control_225_235_39,TRIO_CONDITIONED_control_225_235_68,,
F_MIX_01150,M56,True,232.96580498866214,DRUM_SUPPORTED,True,642,232.9425850340136,23.219954648538987,151.99908088235597,PROVISIONAL_QUALIFIED_EVIDENCE,SOURCE_ASSOCIATED_NATIVE_MARKER,NUMERICAL_MARKER_ONLY_ATTACK_UNCERTAINTY_UNQUANTIFIED,,INDETERMINATE_UNQUANTIFIED_ATTACK_AND_REFERENCE_UNCERTAINTY,POSITIVE,11.609977324263038,control_225_235,c7efaf8d2029ed140d67b7cbfff1c23fd33e0ffcae18f285566266c063f78e1c,ADTOF_ADAPTER_00159,5.804988662134747,UNCONSTRAINED_control_225_235_53,UNCONSTRAINED_control_225_235_41,TRIO_CONDITIONED_control_225_235_71,,
F_MIX_01151,M56,True,233.23283446712017,UNKNOWN,True,643,233.33732426303854,-104.4897959183686,151.99908088235597,UNKNOWN,SOURCE_NEUTRAL_NATIVE_MARKER,NUMERICAL_MARKER_ONLY_ATTACK_UNCERTAINTY_UNQUANTIFIED,,INDETERMINATE_UNQUANTIFIED_ATTACK_AND_REFERENCE_UNCERTAINTY,NEGATIVE,11.609977324263038,control_225_235,c7efaf8d2029ed140d67b7cbfff1c23fd33e0ffcae18f285566266c063f78e1c,ADTOF_ADAPTER_00144,97.16553287984198,UNCONSTRAINED_control_225_235_53,UNCONSTRAINED_control_225_235_44,TRIO_CONDITIONED_control_225_235_73,,
F_MIX_01152,M56,True,233.33732426303854,DRUM_SUPPORTED,True,643,233.33732426303854,0.0,161.4990234374967,PROVISIONAL_QUALIFIED_EVIDENCE,SOURCE_ASSOCIATED_NATIVE_MARKER,NUMERICAL_MARKER_ONLY_ATTACK_UNCERTAINTY_UNQUANTIFIED,,INDETERMINATE_UNQUANTIFIED_ATTACK_AND_REFERENCE_UNCERTAINTY,ZERO,11.609977324263038,control_225_235,c7efaf8d2029ed140d67b7cbfff1c23fd33e0ffcae18f285566266c063f78e1c,ADTOF_ADAPTER_00144,7.324263038526624,UNCONSTRAINED_control_225_235_53,UNCONSTRAINED_control_225_235_54,TRIO_CONDITIONED_control_225_235_75,,
F_MIX_01153,M56,True,233.534693877551,UNKNOWN,True,644,233.70884353741496,-174.14965986395714,161.4990234374967,UNKNOWN,SOURCE_NEUTRAL_NATIVE_MARKER,NUMERICAL_MARKER_ONLY_ATTACK_UNCERTAINTY_UNQUANTIFIED,,INDETERMINATE_UNQUANTIFIED_ATTACK_AND_REFERENCE_UNCERTAINTY,NEGATIVE,11.609977324263038,control_225_235,c7efaf8d2029ed140d67b7cbfff1c23fd33e0ffcae18f285566266c063f78e1c,ADTOF_ADAPTER_00160,185.30612244899203,UNCONSTRAINED_control_225_235_53,UNCONSTRAINED_control_225_235_57,TRIO_CONDITIONED_control_225_235_77,,
F_MIX_01154,M56,True,233.74367346938774,DRUM_SUPPORTED,True,644,233.70884353741496,34.82993197278006,161.4990234374967,PROVISIONAL_QUALIFIED_EVIDENCE,SOURCE_ASSOCIATED_NATIVE_MARKER,NUMERICAL_MARKER_ONLY_ATTACK_UNCERTAINTY_UNQUANTIFIED,,INDETERMINATE_UNQUANTIFIED_ATTACK_AND_REFERENCE_UNCERTAINTY,POSITIVE,11.609977324263038,control_225_235,c7efaf8d2029ed140d67b7cbfff1c23fd33e0ffcae18f285566266c063f78e1c,ADTOF_ADAPTER_00160,23.673469387745172,UNCONSTRAINED_control_225_235_69,UNCONSTRAINED_control_225_235_57,TRIO_CONDITIONED_control_225_235_77,,
F_MIX_01155,M56,True,233.99909297052153,UNKNOWN,True,645,234.0803628117914,-81.26984126985803,161.4990234374967,UNKNOWN,SOURCE_NEUTRAL_NATIVE_MARKER,NUMERICAL_MARKER_ONLY_ATTACK_UNCERTAINTY_UNQUANTIFIED,,INDETERMINATE_UNQUANTIFIED_ATTACK_AND_REFERENCE_UNCERTAINTY,NEGATIVE,11.609977324263038,control_225_235,c7efaf8d2029ed140d67b7cbfff1c23fd33e0ffcae18f285566266c063f78e1c,ADTOF_ADAPTER_00145,80.90702947848172,UNCONSTRAINED_control_225_235_69,UNCONSTRAINED_control_225_235_61,TRIO_CONDITIONED_control_225_235_86,,
F_MIX_01156,M56,True,234.09197278911566,BASS_AND_DRUM_SUPPORTED,True,645,234.0803628117914,11.609977324269494,161.4990234374967,PROVISIONAL_QUALIFIED_EVIDENCE,SOURCE_ASSOCIATED_NATIVE_MARKER,NUMERICAL_MARKER_ONLY_ATTACK_UNCERTAINTY_UNQUANTIFIED,,INDETERMINATE_UNQUANTIFIED_ATTACK_AND_REFERENCE_UNCERTAINTY,POSITIVE,11.609977324263038,control_225_235,c7efaf8d2029ed140d67b7cbfff1c23fd33e0ffcae18f285566266c063f78e1c,ADTOF_ADAPTER_00145,11.97278911564581,UNCONSTRAINED_control_225_235_69,UNCONSTRAINED_control_225_235_70,TRIO_CONDITIONED_control_225_235_86,BASS_00373,
F_MIX_01157,M56,True,234.40544217687074,UNKNOWN,True,646,234.4518820861678,-46.439909297077975,161.4990234374967,UNKNOWN,SOURCE_NEUTRAL_NATIVE_MARKER,NUMERICAL_MARKER_ONLY_ATTACK_UNCERTAINTY_UNQUANTIFIED,,INDETERMINATE_UNQUANTIFIED_ATTACK_AND_REFERENCE_UNCERTAINTY,NEGATIVE,11.609977324263038,control_225_235,c7efaf8d2029ed140d67b7cbfff1c23fd33e0ffcae18f285566266c063f78e1c,ADTOF_ADAPTER_00161,64.55782312926317,UNCONSTRAINED_control_225_235_69,UNCONSTRAINED_control_225_235_73,TRIO_CONDITIONED_control_225_235_89,,
F_MIX_01158,M56,True,234.4867120181406,DRUM_SUPPORTED,True,646,234.4518820861678,34.82993197278006,161.49902343750904,PROVISIONAL_QUALIFIED_EVIDENCE,SOURCE_ASSOCIATED_NATIVE_MARKER,NUMERICAL_MARKER_ONLY_ATTACK_UNCERTAINTY_UNQUANTIFIED,,INDETERMINATE_UNQUANTIFIED_ATTACK_AND_REFERENCE_UNCERTAINTY,POSITIVE,11.609977324263038,control_225_235,c7efaf8d2029ed140d67b7cbfff1c23fd33e0ffcae18f285566266c063f78e1c,ADTOF_ADAPTER_00161,16.712018140594864,UNCONSTRAINED_control_225_235_69,UNCONSTRAINED_control_225_235_73,TRIO_CONDITIONED_control_225_235_89,,
F_MIX_01159,M56,True,234.77696145124716,UNKNOWN,True,647,234.8234013605442,-46.43990929704955,161.49902343750904,UNKNOWN,SOURCE_NEUTRAL_NATIVE_MARKER,NUMERICAL_MARKER_ONLY_ATTACK_UNCERTAINTY_UNQUANTIFIED,,INDETERMINATE_UNQUANTIFIED_ATTACK_AND_REFERENCE_UNCERTAINTY,NEGATIVE,11.609977324263038,control_225_235,c7efaf8d2029ed140d67b7cbfff1c23fd33e0ffcae18f285566266c063f78e1c,ADTOF_ADAPTER_00146,73.03854875283378,UNCONSTRAINED_control_225_235_83,UNCONSTRAINED_control_225_235_76,TRIO_CONDITIONED_control_225_235_97,,
F_MIX_01160,M56,True,234.85823129251702,BASS_AND_DRUM_SUPPORTED,True,647,234.8234013605442,34.82993197280848,161.4990234374967,PROVISIONAL_QUALIFIED_EVIDENCE,SOURCE_ASSOCIATED_NATIVE_MARKER,NUMERICAL_MARKER_ONLY_ATTACK_UNCERTAINTY_UNQUANTIFIED,,INDETERMINATE_UNQUANTIFIED_ATTACK_AND_REFERENCE_UNCERTAINTY,POSITIVE,11.609977324263038,control_225_235,c7efaf8d2029ed140d67b7cbfff1c23fd33e0ffcae18f285566266c063f78e1c,ADTOF_ADAPTER_00146,8.231292517024258,UNCONSTRAINED_control_225_235_83,UNCONSTRAINED_control_225_235_84,TRIO_CONDITIONED_control_225_235_97,BASS_00374,
F_MIX_01161,M56,True,235.13687074829932,UNKNOWN,True,648,235.19492063492063,-58.04988662131905,161.4990234374967,UNKNOWN,SOURCE_NEUTRAL_NATIVE_MARKER,NUMERICAL_MARKER_ONLY_ATTACK_UNCERTAINTY_UNQUANTIFIED,,INDETERMINATE_UNQUANTIFIED_ATTACK_AND_REFERENCE_UNCERTAINTY,NEGATIVE,11.609977324263038,NEW_015,c7efaf8d2029ed140d67b7cbfff1c23fd33e0ffcae18f285566266c063f78e1c,NEW_015_ADTOF_38_15,83.12925170068297,UNCONSTRAINED_NEW_015_92,UNCONSTRAINED_NEW_015_96,TRIO_CONDITIONED_NEW_015_111,,
F_MIX_01162,M56,True,235.22975056689341,DRUM_SUPPORTED,True,648,235.19492063492063,34.82993197278006,161.4990234374967,PROVISIONAL_QUALIFIED_EVIDENCE,SOURCE_ASSOCIATED_NATIVE_MARKER,NUMERICAL_MARKER_ONLY_ATTACK_UNCERTAINTY_UNQUANTIFIED,,INDETERMINATE_UNQUANTIFIED_ATTACK_AND_REFERENCE_UNCERTAINTY,POSITIVE,11.609977324263038,NEW_015,c7efaf8d2029ed140d67b7cbfff1c23fd33e0ffcae18f285566266c063f78e1c,NEW_015_ADTOF_38_15,9.750566893416135,UNCONSTRAINED_NEW_015_108,UNCONSTRAINED_NEW_015_96,TRIO_CONDITIONED_NEW_015_111,,
F_MIX_01163,M56,True,235.49678004535147,UNKNOWN,True,649,235.56643990929706,-69.65986394558854,161.4990234374967,UNKNOWN,SOURCE_NEUTRAL_NATIVE_MARKER,NUMERICAL_MARKER_ONLY_ATTACK_UNCERTAINTY_UNQUANTIFIED,,INDETERMINATE_UNQUANTIFIED_ATTACK_AND_REFERENCE_UNCERTAINTY,NEGATIVE,11.609977324263038,NEW_015,c7efaf8d2029ed140d67b7cbfff1c23fd33e0ffcae18f285566266c063f78e1c,NEW_015_ADTOF_35_11,83.21995464854126,UNCONSTRAINED_NEW_015_108,UNCONSTRAINED_NEW_015_100,TRIO_CONDITIONED_NEW_015_115,,
F_MIX_01164,M56,True,235.58965986394557,DRUM_SUPPORTED,True,649,235.56643990929706,23.219954648510566,151.99908088235597,PROVISIONAL_QUALIFIED_EVIDENCE,SOURCE_ASSOCIATED_NATIVE_MARKER,NUMERICAL_MARKER_ONLY_ATTACK_UNCERTAINTY_UNQUANTIFIED,,INDETERMINATE_UNQUANTIFIED_ATTACK_AND_REFERENCE_UNCERTAINTY,POSITIVE,11.609977324263038,NEW_015,c7efaf8d2029ed140d67b7cbfff1c23fd33e0ffcae18f285566266c063f78e1c,NEW_015_ADTOF_35_11,9.659863945557845,UNCONSTRAINED_NEW_015_108,UNCONSTRAINED_NEW_015_109,TRIO_CONDITIONED_NEW_015_118,,
F_MIX_01165,M56,True,235.8915192743764,UNKNOWN,True,650,235.961179138322,-69.65986394558854,151.99908088235597,UNKNOWN,SOURCE_NEUTRAL_NATIVE_MARKER,NUMERICAL_MARKER_ONLY_ATTACK_UNCERTAINTY_UNQUANTIFIED,,INDETERMINATE_UNQUANTIFIED_ATTACK_AND_REFERENCE_UNCERTAINTY,NEGATIVE,11.609977324263038,NEW_015,c7efaf8d2029ed140d67b7cbfff1c23fd33e0ffcae18f285566266c063f78e1c,NEW_015_ADTOF_42_11,68.4807256236013,UNCONSTRAINED_NEW_015_112,UNCONSTRAINED_NEW_015_113,TRIO_CONDITIONED_NEW_015_123,,
F_MIX_01166,M56,True,235.98439909297053,DRUM_SUPPORTED,True,650,235.961179138322,23.219954648538987,161.4990234374967,PROVISIONAL_QUALIFIED_EVIDENCE,SOURCE_ASSOCIATED_NATIVE_MARKER,NUMERICAL_MARKER_ONLY_ATTACK_UNCERTAINTY_UNQUANTIFIED,,INDETERMINATE_UNQUANTIFIED_ATTACK_AND_REFERENCE_UNCERTAINTY,POSITIVE,11.609977324263038,NEW_015,c7efaf8d2029ed140d67b7cbfff1c23fd33e0ffcae18f285566266c063f78e1c,NEW_015_ADTOF_42_11,24.399092970526226,UNCONSTRAINED_NEW_015_112,UNCONSTRAINED_NEW_015_113,TRIO_CONDITIONED_NEW_015_123,,
F_MIX_01167,M56,True,236.23981859410432,DRUM_SUPPORTED,True,651,236.33269841269842,-92.8798185940991,161.4990234374967,PROVISIONAL_QUALIFIED_EVIDENCE,SOURCE_ASSOCIATED_NATIVE_MARKER,NUMERICAL_MARKER_ONLY_ATTACK_UNCERTAINTY_UNQUANTIFIED,,INDETERMINATE_UNQUANTIFIED_ATTACK_AND_REFERENCE_UNCERTAINTY,NEGATIVE,11.609977324263038,NEW_015,c7efaf8d2029ed140d67b7cbfff1c23fd33e0ffcae18f285566266c063f78e1c,NEW_015_ADTOF_38_16,29.81859410431298,UNCONSTRAINED_NEW_015_118,UNCONSTRAINED_NEW_015_115,TRIO_CONDITIONED_NEW_015_125,,
F_MIX_01168,M56,True,236.3443083900227,DRUM_SUPPORTED,True,651,236.33269841269842,11.609977324269494,161.49902343750904,PROVISIONAL_QUALIFIED_EVIDENCE,SOURCE_ASSOCIATED_NATIVE_MARKER,NUMERICAL_MARKER_ONLY_ATTACK_UNCERTAINTY_UNQUANTIFIED,,INDETERMINATE_UNQUANTIFIED_ATTACK_AND_REFERENCE_UNCERTAINTY,POSITIVE,11.609977324263038,NEW_015,c7efaf8d2029ed140d67b7cbfff1c23fd33e0ffcae18f285566266c063f78e1c,NEW_015_ADTOF_35_12,14.308390022677031,UNCONSTRAINED_NEW_015_118,UNCONSTRAINED_NEW_015_119,TRIO_CONDITIONED_NEW_015_130,,
F_MIX_01169,M56,True,236.72743764172336,DRUM_SUPPORTED,True,652,236.70421768707482,23.219954648538987,161.4990234374967,PROVISIONAL_QUALIFIED_EVIDENCE,SOURCE_ASSOCIATED_NATIVE_MARKER,NUMERICAL_MARKER_ONLY_ATTACK_UNCERTAINTY_UNQUANTIFIED,,INDETERMINATE_UNQUANTIFIED_ATTACK_AND_REFERENCE_UNCERTAINTY,POSITIVE,11.609977324263038,NEW_015,c7efaf8d2029ed140d67b7cbfff1c23fd33e0ffcae18f285566266c063f78e1c,NEW_015_ADTOF_38_17,17.437641723347497,UNCONSTRAINED_NEW_015_124,UNCONSTRAINED_NEW_015_121,TRIO_CONDITIONED_NEW_015_133,,
F_MIX_01170,M56,True,236.87836734693877,UNKNOWN,True,652,236.70421768707482,174.14965986395714,161.4990234374967,UNKNOWN,SOURCE_NEUTRAL_NATIVE_MARKER,NUMERICAL_MARKER_ONLY_ATTACK_UNCERTAINTY_UNQUANTIFIED,,INDETERMINATE_UNQUANTIFIED_ATTACK_AND_REFERENCE_UNCERTAINTY,POSITIVE,11.609977324263038,NEW_015,c7efaf8d2029ed140d67b7cbfff1c23fd33e0ffcae18f285566266c063f78e1c,NEW_015_ADTOF_38_17,168.36734693876565,UNCONSTRAINED_NEW_015_124,UNCONSTRAINED_NEW_015_125,TRIO_CONDITIONED_NEW_015_137,,
F_MIX_01171,M56,True,236.98285714285714,UNKNOWN,True,653,237.07573696145124,-92.8798185940991,161.4990234374967,UNKNOWN,SOURCE_NEUTRAL_NATIVE_MARKER,NUMERICAL_MARKER_ONLY_ATTACK_UNCERTAINTY_UNQUANTIFIED,,INDETERMINATE_UNQUANTIFIED_ATTACK_AND_REFERENCE_UNCERTAINTY,NEGATIVE,11.609977324263038,NEW_015,c7efaf8d2029ed140d67b7cbfff1c23fd33e0ffcae18f285566266c063f78e1c,NEW_015_ADTOF_38_17,272.85714285713425,UNCONSTRAINED_NEW_015_127,UNCONSTRAINED_NEW_015_128,TRIO_CONDITIONED_NEW_015_137,,
F_MIX_01172,M56,True,237.06412698412697,DRUM_SUPPORTED,True,653,237.07573696145124,-11.609977324269494,161.4990234374967,PROVISIONAL_QUALIFIED_EVIDENCE,SOURCE_ASSOCIATED_NATIVE_MARKER,NUMERICAL_MARKER_ONLY_ATTACK_UNCERTAINTY_UNQUANTIFIED,,INDETERMINATE_UNQUANTIFIED_ATTACK_AND_REFERENCE_UNCERTAINTY,NEGATIVE,11.609977324263038,NEW_015,c7efaf8d2029ed140d67b7cbfff1c23fd33e0ffcae18f285566266c063f78e1c,NEW_015_ADTOF_38_17,354.12698412696386,UNCONSTRAINED_NEW_015_127,UNCONSTRAINED_NEW_015_128,TRIO_CONDITIONED_NEW_015_142,,
F_MIX_01173,M56,True,237.47047619047618,DRUM_SUPPORTED,True,654,237.44725623582767,23.219954648510566,161.4990234374967,PROVISIONAL_QUALIFIED_EVIDENCE,SOURCE_ASSOCIATED_NATIVE_MARKER,NUMERICAL_MARKER_ONLY_ATTACK_UNCERTAINTY_UNQUANTIFIED,,INDETERMINATE_UNQUANTIFIED_ATTACK_AND_REFERENCE_UNCERTAINTY,POSITIVE,11.609977324263038,NEW_015,c7efaf8d2029ed140d67b7cbfff1c23fd33e0ffcae18f285566266c063f78e1c,NEW_015_ADTOF_42_13,20.476190476188094,UNCONSTRAINED_NEW_015_134,UNCONSTRAINED_NEW_015_135,TRIO_CONDITIONED_NEW_015_149,,
F_MIX_01174,M56,True,237.71428571428572,UNKNOWN,True,655,237.8187755102041,-104.4897959183686,161.4990234374967,UNKNOWN,SOURCE_NEUTRAL_NATIVE_MARKER,NUMERICAL_MARKER_ONLY_ATTACK_UNCERTAINTY_UNQUANTIFIED,,INDETERMINATE_UNQUANTIFIED_ATTACK_AND_REFERENCE_UNCERTAINTY,NEGATIVE,11.609977324263038,NEW_015,c7efaf8d2029ed140d67b7cbfff1c23fd33e0ffcae18f285566266c063f78e1c,NEW_015_ADTOF_35_13,115.7142857142901,UNCONSTRAINED_NEW_015_139,UNCONSTRAINED_NEW_015_140,TRIO_CONDITIONED_NEW_015_154,BASS_00375,
F_MIX_01175,M56,True,237.83038548752833,BASS_AND_DRUM_SUPPORTED,True,655,237.8187755102041,11.609977324241072,161.49902343750904,PROVISIONAL_QUALIFIED_EVIDENCE,SOURCE_ASSOCIATED_NATIVE_MARKER,NUMERICAL_MARKER_ONLY_ATTACK_UNCERTAINTY_UNQUANTIFIED,,INDETERMINATE_UNQUANTIFIED_ATTACK_AND_REFERENCE_UNCERTAINTY,POSITIVE,11.609977324263038,NEW_015,c7efaf8d2029ed140d67b7cbfff1c23fd33e0ffcae18f285566266c063f78e1c,NEW_015_ADTOF_35_13,0.38548752831957245,UNCONSTRAINED_NEW_015_149,UNCONSTRAINED_NEW_015_150,TRIO_CONDITIONED_NEW_015_159,BASS_00376,
F_MIX_01176,M56,True,238.12063492063493,UNKNOWN,True,656,238.1902947845805,-69.65986394556012,161.49902343750904,UNKNOWN,SOURCE_NEUTRAL_NATIVE_MARKER,NUMERICAL_MARKER_ONLY_ATTACK_UNCERTAINTY_UNQUANTIFIED,,INDETERMINATE_UNQUANTIFIED_ATTACK_AND_REFERENCE_UNCERTAINTY,NEGATIVE,11.609977324263038,NEW_015,c7efaf8d2029ed140d67b7cbfff1c23fd33e0ffcae18f285566266c063f78e1c,NEW_015_ADTOF_35_14,69.36507936507041,UNCONSTRAINED_NEW_015_151,UNCONSTRAINED_NEW_015_152,TRIO_CONDITIONED_NEW_015_163,BASS_00377,
F_MIX_01177,M56,True,238.5037641723356,UNKNOWN,True,657,238.5618140589569,-58.04988662131905,161.4990234374967,UNKNOWN,SOURCE_NEUTRAL_NATIVE_MARKER,NUMERICAL_MARKER_ONLY_ATTACK_UNCERTAINTY_UNQUANTIFIED,,INDETERMINATE_UNQUANTIFIED_ATTACK_AND_REFERENCE_UNCERTAINTY,NEGATIVE,11.609977324263038,NEW_015,c7efaf8d2029ed140d67b7cbfff1c23fd33e0ffcae18f285566266c063f78e1c,NEW_015_ADTOF_49_18,56.235827664409044,UNCONSTRAINED_NEW_015_164,UNCONSTRAINED_NEW_015_156,TRIO_CONDITIONED_NEW_015_170,,
F_MIX_01178,M56,True,238.57342403628118,BASS_AND_DRUM_SUPPORTED,True,657,238.5618140589569,11.609977324269494,161.4990234374967,PROVISIONAL_QUALIFIED_EVIDENCE,SOURCE_ASSOCIATED_NATIVE_MARKER,NUMERICAL_MARKER_ONLY_ATTACK_UNCERTAINTY_UNQUANTIFIED,,INDETERMINATE_UNQUANTIFIED_ATTACK_AND_REFERENCE_UNCERTAINTY,POSITIVE,11.609977324263038,NEW_015,c7efaf8d2029ed140d67b7cbfff1c23fd33e0ffcae18f285566266c063f78e1c,NEW_015_ADTOF_49_18,13.424036281179497,UNCONSTRAINED_NEW_015_164,UNCONSTRAINED_NEW_015_165,TRIO_CONDITIONED_NEW_015_170,BASS_00378,
F_MIX_01179,M56,True,238.96816326530612,DRUM_SUPPORTED,True,658,238.93333333333334,34.82993197278006,151.99908088235597,PROVISIONAL_QUALIFIED_EVIDENCE,SOURCE_ASSOCIATED_NATIVE_MARKER,NUMERICAL_MARKER_ONLY_ATTACK_UNCERTAINTY_UNQUANTIFIED,,INDETERMINATE_UNQUANTIFIED_ATTACK_AND_REFERENCE_UNCERTAINTY,POSITIVE,11.609977324263038,NEW_015,c7efaf8d2029ed140d67b7cbfff1c23fd33e0ffcae18f285566266c063f78e1c,NEW_015_ADTOF_49_19,341.8367346938851,UNCONSTRAINED_NEW_015_181,UNCONSTRAINED_NEW_015_167,TRIO_CONDITIONED_NEW_015_172,,
F_MIX_01180,M56,True,239.0378231292517,UNKNOWN,True,658,238.93333333333334,104.4897959183686,151.99908088235597,UNKNOWN,SOURCE_NEUTRAL_NATIVE_MARKER,NUMERICAL_MARKER_ONLY_ATTACK_UNCERTAINTY_UNQUANTIFIED,,INDETERMINATE_UNQUANTIFIED_ATTACK_AND_REFERENCE_UNCERTAINTY,POSITIVE,11.609977324263038,NEW_015,c7efaf8d2029ed140d67b7cbfff1c23fd33e0ffcae18f285566266c063f78e1c,NEW_015_ADTOF_49_19,272.17687074829655,UNCONSTRAINED_NEW_015_181,UNCONSTRAINED_NEW_015_167,TRIO_CONDITIONED_NEW_015_172,,
F_MIX_01181,M56,True,239.2932426303855,DRUM_SUPPORTED,True,659,239.32807256235827,-34.82993197278006,151.99908088235597,PROVISIONAL_QUALIFIED_EVIDENCE,SOURCE_ASSOCIATED_NATIVE_MARKER,NUMERICAL_MARKER_ONLY_ATTACK_UNCERTAINTY_UNQUANTIFIED,,INDETERMINATE_UNQUANTIFIED_ATTACK_AND_REFERENCE_UNCERTAINTY,NEGATIVE,11.609977324263038,NEW_015,c7efaf8d2029ed140d67b7cbfff1c23fd33e0ffcae18f285566266c063f78e1c,NEW_015_ADTOF_49_19,16.7573696145098,UNCONSTRAINED_NEW_015_181,UNCONSTRAINED_NEW_015_182,TRIO_CONDITIONED_NEW_015_181,BASS_00379,
F_MIX_01182,M56,True,239.32807256235827,DRUM_SUPPORTED,True,659,239.32807256235827,0.0,161.4990234374967,PROVISIONAL_QUALIFIED_EVIDENCE,SOURCE_ASSOCIATED_NATIVE_MARKER,NUMERICAL_MARKER_ONLY_ATTACK_UNCERTAINTY_UNQUANTIFIED,,INDETERMINATE_UNQUANTIFIED_ATTACK_AND_REFERENCE_UNCERTAINTY,ZERO,11.609977324263038,NEW_015,c7efaf8d2029ed140d67b7cbfff1c23fd33e0ffcae18f285566266c063f78e1c,NEW_015_ADTOF_49_19,18.07256235827026,UNCONSTRAINED_NEW_015_181,UNCONSTRAINED_NEW_015_182,TRIO_CONDITIONED_NEW_015_181,,
F_MIX_01183,M56,True,239.52544217687074,UNKNOWN,True,660,239.6995918367347,-174.14965986395714,161.4990234374967,UNKNOWN,SOURCE_NEUTRAL_NATIVE_MARKER,NUMERICAL_MARKER_ONLY_ATTACK_UNCERTAINTY_UNQUANTIFIED,,INDETERMINATE_UNQUANTIFIED_ATTACK_AND_REFERENCE_UNCERTAINTY,NEGATIVE,11.609977324263038,NEW_015,c7efaf8d2029ed140d67b7cbfff1c23fd33e0ffcae18f285566266c063f78e1c,NEW_015_ADTOF_38_19,174.5578231292484,UNCONSTRAINED_NEW_015_181,UNCONSTRAINED_NEW_015_185,TRIO_CONDITIONED_NEW_015_185,,
F_MIX_01184,M56,True,239.71120181405897,DRUM_SUPPORTED,True,660,239.6995918367347,11.609977324269494,161.4990234374967,PROVISIONAL_QUALIFIED_EVIDENCE,SOURCE_ASSOCIATED_NATIVE_MARKER,NUMERICAL_MARKER_ONLY_ATTACK_UNCERTAINTY_UNQUANTIFIED,,INDETERMINATE_UNQUANTIFIED_ATTACK_AND_REFERENCE_UNCERTAINTY,POSITIVE,11.609977324263038,NEW_015,c7efaf8d2029ed140d67b7cbfff1c23fd33e0ffcae18f285566266c063f78e1c,NEW_015_ADTOF_42_15,1.2018140589589166,UNCONSTRAINED_NEW_015_189,UNCONSTRAINED_NEW_015_185,TRIO_CONDITIONED_NEW_015_185,,
F_MIX_01185,M56,True,239.978231292517,UNKNOWN,True,661,240.07111111111112,-92.87981859412753,161.4990234374967,UNKNOWN,SOURCE_NEUTRAL_NATIVE_MARKER,NUMERICAL_MARKER_ONLY_ATTACK_UNCERTAINTY_UNQUANTIFIED,,INDETERMINATE_UNQUANTIFIED_ATTACK_AND_REFERENCE_UNCERTAINTY,NEGATIVE,11.609977324263038,NEW_015,c7efaf8d2029ed140d67b7cbfff1c23fd33e0ffcae18f285566266c063f78e1c,NEW_015_ADTOF_49_20,81.76870748300757,UNCONSTRAINED_NEW_015_189,UNCONSTRAINED_NEW_015_190,TRIO_CONDITIONED_NEW_015_187,BASS_00380,
F_MIX_01186,M56,True,240.0130612244898,UNKNOWN,True,661,240.07111111111112,-58.04988662131905,161.4990234374967,UNKNOWN,SOURCE_NEUTRAL_NATIVE_MARKER,NUMERICAL_MARKER_ONLY_ATTACK_UNCERTAINTY_UNQUANTIFIED,,INDETERMINATE_UNQUANTIFIED_ATTACK_AND_REFERENCE_UNCERTAINTY,NEGATIVE,11.609977324263038,NEW_016,c7efaf8d2029ed140d67b7cbfff1c23fd33e0ffcae18f285566266c063f78e1c,NEW_016_ADTOF_35_0,46.93877551019909,UNCONSTRAINED_NEW_016_4,UNCONSTRAINED_NEW_016_5,TRIO_CONDITIONED_NEW_016_5,,
F_MIX_01187,M56,True,240.07111111111112,DRUM_SUPPORTED,True,661,240.07111111111112,0.0,161.49902343750904,PROVISIONAL_QUALIFIED_EVIDENCE,SOURCE_ASSOCIATED_NATIVE_MARKER,NUMERICAL_MARKER_ONLY_ATTACK_UNCERTAINTY_UNQUANTIFIED,,INDETERMINATE_UNQUANTIFIED_ATTACK_AND_REFERENCE_UNCERTAINTY,ZERO,11.609977324263038,NEW_016,c7efaf8d2029ed140d67b7cbfff1c23fd33e0ffcae18f285566266c063f78e1c,NEW_016_ADTOF_35_0,11.111111111119953,UNCONSTRAINED_NEW_016_4,UNCONSTRAINED_NEW_016_5,TRIO_CONDITIONED_NEW_016_5,,
F_MIX_01188,M56,True,240.37297052154196,UNKNOWN,True,662,240.44263038548752,-69.65986394556012,161.49902343750904,UNKNOWN,SOURCE_NEUTRAL_NATIVE_MARKER,NUMERICAL_MARKER_ONLY_ATTACK_UNCERTAINTY_UNQUANTIFIED,,INDETERMINATE_UNQUANTIFIED_ATTACK_AND_REFERENCE_UNCERTAINTY,NEGATIVE,11.609977324263038,NEW_016,c7efaf8d2029ed140d67b7cbfff1c23fd33e0ffcae18f285566266c063f78e1c,NEW_016_ADTOF_38_0,87.02947845804943,UNCONSTRAINED_NEW_016_11,UNCONSTRAINED_NEW_016_10,TRIO_CONDITIONED_NEW_016_9,,
F_MIX_01189,M56,True,240.47746031746033,DRUM_SUPPORTED,True,662,240.44263038548752,34.82993197280848,161.4990234374967,PROVISIONAL_QUALIFIED_EVIDENCE,SOURCE_ASSOCIATED_NATIVE_MARKER,NUMERICAL_MARKER_ONLY_ATTACK_UNCERTAINTY_UNQUANTIFIED,,INDETERMINATE_UNQUANTIFIED_ATTACK_AND_REFERENCE_UNCERTAINTY,POSITIVE,11.609977324263038,NEW_016,c7efaf8d2029ed140d67b7cbfff1c23fd33e0ffcae18f285566266c063f78e1c,NEW_016_ADTOF_38_0,17.460317460319175,UNCONSTRAINED_NEW_016_11,UNCONSTRAINED_NEW_016_10,TRIO_CONDITIONED_NEW_016_9,,
F_MIX_01190,M56,True,240.7677097505669,UNKNOWN,True,663,240.81414965986394,-46.43990929704955,161.4990234374967,UNKNOWN,SOURCE_NEUTRAL_NATIVE_MARKER,NUMERICAL_MARKER_ONLY_ATTACK_UNCERTAINTY_UNQUANTIFIED,,INDETERMINATE_UNQUANTIFIED_ATTACK_AND_REFERENCE_UNCERTAINTY,NEGATIVE,11.609977324263038,NEW_016,c7efaf8d2029ed140d67b7cbfff1c23fd33e0ffcae18f285566266c063f78e1c,NEW_016_ADTOF_35_1,62.29024943311856,UNCONSTRAINED_NEW_016_13,UNCONSTRAINED_NEW_016_14,TRIO_CONDITIONED_NEW_016_13,BASS_00381,
F_MIX_01191,M56,True,240.84897959183672,DRUM_SUPPORTED,True,663,240.81414965986394,34.82993197278006,161.4990234374967,PROVISIONAL_QUALIFIED_EVIDENCE,SOURCE_ASSOCIATED_NATIVE_MARKER,NUMERICAL_MARKER_ONLY_ATTACK_UNCERTAINTY_UNQUANTIFIED,,INDETERMINATE_UNQUANTIFIED_ATTACK_AND_REFERENCE_UNCERTAINTY,POSITIVE,11.609977324263038,NEW_016,c7efaf8d2029ed140d67b7cbfff1c23fd33e0ffcae18f285566266c063f78e1c,NEW_016_ADTOF_35_1,18.97959183671105,UNCONSTRAINED_NEW_016_13,UNCONSTRAINED_NEW_016_14,TRIO_CONDITIONED_NEW_016_13,BASS_00382,
F_MIX_01192,M56,True,241.12761904761905,UNKNOWN,True,664,241.18566893424037,-58.04988662131905,161.4990234374967,UNKNOWN,SOURCE_NEUTRAL_NATIVE_MARKER,NUMERICAL_MARKER_ONLY_ATTACK_UNCERTAINTY_UNQUANTIFIED,,INDETERMINATE_UNQUANTIFIED_ATTACK_AND_REFERENCE_UNCERTAINTY,NEGATIVE,11.609977324263038,NEW_016,c7efaf8d2029ed140d67b7cbfff1c23fd33e0ffcae18f285566266c063f78e1c,NEW_016_ADTOF_38_1,82.38095238095866,UNCONSTRAINED_NEW_016_16,UNCONSTRAINED_NEW_016_17,TRIO_CONDITIONED_NEW_016_17,BASS_00383,
F_MIX_01193,M56,True,241.2437188208617,DRUM_SUPPORTED,True,664,241.18566893424037,58.04988662131905,161.4990234374967,PROVISIONAL_QUALIFIED_EVIDENCE,SOURCE_ASSOCIATED_NATIVE_MARKER,NUMERICAL_MARKER_ONLY_ATTACK_UNCERTAINTY_UNQUANTIFIED,,INDETERMINATE_UNQUANTIFIED_ATTACK_AND_REFERENCE_UNCERTAINTY,POSITIVE,11.609977324263038,NEW_016,c7efaf8d2029ed140d67b7cbfff1c23fd33e0ffcae18f285566266c063f78e1c,NEW_016_ADTOF_38_1,33.71882086167943,UNCONSTRAINED_NEW_016_16,UNCONSTRAINED_NEW_016_17,TRIO_CONDITIONED_NEW_016_17,,
F_MIX_01194,M56,True,241.4875283446712,UNKNOWN,True,665,241.5571882086168,-69.65986394558854,161.4990234374967,UNKNOWN,SOURCE_NEUTRAL_NATIVE_MARKER,NUMERICAL_MARKER_ONLY_ATTACK_UNCERTAINTY_UNQUANTIFIED,,INDETERMINATE_UNQUANTIFIED_ATTACK_AND_REFERENCE_UNCERTAINTY,NEGATIVE,11.609977324263038,NEW_016,c7efaf8d2029ed140d67b7cbfff1c23fd33e0ffcae18f285566266c063f78e1c,NEW_016_ADTOF_49_2,82.47165532878853,UNCONSTRAINED_NEW_016_20,UNCONSTRAINED_NEW_016_18,TRIO_CONDITIONED_NEW_016_22,,
F_MIX_01195,M56,True,241.59201814058957,BASS_AND_DRUM_SUPPORTED,True,665,241.5571882086168,34.82993197278006,161.49902343750904,PROVISIONAL_QUALIFIED_EVIDENCE,SOURCE_ASSOCIATED_NATIVE_MARKER,NUMERICAL_MARKER_ONLY_ATTACK_UNCERTAINTY_UNQUANTIFIED,,INDETERMINATE_UNQUANTIFIED_ATTACK_AND_REFERENCE_UNCERTAINTY,POSITIVE,11.609977324263038,NEW_016,c7efaf8d2029ed140d67b7cbfff1c23fd33e0ffcae18f285566266c063f78e1c,NEW_016_ADTOF_49_2,22.01814058958007,UNCONSTRAINED_NEW_016_20,UNCONSTRAINED_NEW_016_21,TRIO_CONDITIONED_NEW_016_22,BASS_00384,
F_MIX_01196,M56,True,241.84743764172336,UNKNOWN,True,666,241.9287074829932,-81.26984126982961,161.49902343750904,UNKNOWN,SOURCE_NEUTRAL_NATIVE_MARKER,NUMERICAL_MARKER_ONLY_ATTACK_UNCERTAINTY_UNQUANTIFIED,,INDETERMINATE_UNQUANTIFIED_ATTACK_AND_REFERENCE_UNCERTAINTY,NEGATIVE,11.609977324263038,NEW_016,c7efaf8d2029ed140d67b7cbfff1c23fd33e0ffcae18f285566266c063f78e1c,NEW_016_ADTOF_38_2,102.56235827662863,UNCONSTRAINED_NEW_016_20,UNCONSTRAINED_NEW_016_26,TRIO_CONDITIONED_NEW_016_27,,
F_MIX_01197,M56,True,241.963537414966,DRUM_SUPPORTED,True,666,241.9287074829932,34.82993197280848,161.4990234374967,PROVISIONAL_QUALIFIED_EVIDENCE,SOURCE_ASSOCIATED_NATIVE_MARKER,NUMERICAL_MARKER_ONLY_ATTACK_UNCERTAINTY_UNQUANTIFIED,,INDETERMINATE_UNQUANTIFIED_ATTACK_AND_REFERENCE_UNCERTAINTY,POSITIVE,11.609977324263038,NEW_016,c7efaf8d2029ed140d67b7cbfff1c23fd33e0ffcae18f285566266c063f78e1c,NEW_016_ADTOF_38_2,13.537414966009464,UNCONSTRAINED_NEW_016_27,UNCONSTRAINED_NEW_016_26,TRIO_CONDITIONED_NEW_016_27,,
F_MIX_01198,M56,True,242.2421768707483,UNKNOWN,True,667,242.30022675736961,-58.04988662131905,161.4990234374967,UNKNOWN,SOURCE_NEUTRAL_NATIVE_MARKER,NUMERICAL_MARKER_ONLY_ATTACK_UNCERTAINTY_UNQUANTIFIED,,INDETERMINATE_UNQUANTIFIED_ATTACK_AND_REFERENCE_UNCERTAINTY,NEGATIVE,11.609977324263038,NEW_016,c7efaf8d2029ed140d67b7cbfff1c23fd33e0ffcae18f285566266c063f78e1c,NEW_016_ADTOF_49_4,77.82312925169776,UNCONSTRAINED_NEW_016_27,UNCONSTRAINED_NEW_016_28,TRIO_CONDITIONED_NEW_016_29,BASS_FMIX_00004,
F_MIX_01199,M56,True,242.34666666666666,DRUM_SUPPORTED,True,667,242.30022675736961,46.43990929704955,151.99908088235597,PROVISIONAL_QUALIFIED_EVIDENCE,SOURCE_ASSOCIATED_NATIVE_MARKER,NUMERICAL_MARKER_ONLY_ATTACK_UNCERTAINTY_UNQUANTIFIED,,INDETERMINATE_UNQUANTIFIED_ATTACK_AND_REFERENCE_UNCERTAINTY,POSITIVE,11.609977324263038,NEW_016,c7efaf8d2029ed140d67b7cbfff1c23fd33e0ffcae18f285566266c063f78e1c,NEW_016_ADTOF_49_4,26.666666666670835,UNCONSTRAINED_NEW_016_30,UNCONSTRAINED_NEW_016_31,TRIO_CONDITIONED_NEW_016_32,,
F_MIX_01200,M56,True,242.3931065759637,UNKNOWN,True,667,242.30022675736961,92.8798185940991,151.99908088235597,UNKNOWN,SOURCE_NEUTRAL_NATIVE_MARKER,NUMERICAL_MARKER_ONLY_ATTACK_UNCERTAINTY_UNQUANTIFIED,,INDETERMINATE_UNQUANTIFIED_ATTACK_AND_REFERENCE_UNCERTAINTY,POSITIVE,11.609977324263038,NEW_016,c7efaf8d2029ed140d67b7cbfff1c23fd33e0ffcae18f285566266c063f78e1c,NEW_016_ADTOF_49_4,73.10657596372039,UNCONSTRAINED_NEW_016_30,UNCONSTRAINED_NEW_016_31,TRIO_CONDITIONED_NEW_016_32,,
F_MIX_01201,M56,True,242.59047619047618,UNKNOWN,True,668,242.69496598639455,-104.4897959183686,151.99908088235597,UNKNOWN,SOURCE_NEUTRAL_NATIVE_MARKER,NUMERICAL_MARKER_ONLY_ATTACK_UNCERTAINTY_UNQUANTIFIED,,INDETERMINATE_UNQUANTIFIED_ATTACK_AND_REFERENCE_UNCERTAINTY,NEGATIVE,11.609977324263038,NEW_016,c7efaf8d2029ed140d67b7cbfff1c23fd33e0ffcae18f285566266c063f78e1c,NEW_016_ADTOF_38_3,109.52380952380736,UNCONSTRAINED_NEW_016_35,UNCONSTRAINED_NEW_016_36,TRIO_CONDITIONED_NEW_016_36,,
F_MIX_01202,M56,True,242.7181859410431,DRUM_SUPPORTED,True,668,242.69496598639455,23.219954648538987,161.4990234374967,PROVISIONAL_QUALIFIED_EVIDENCE,SOURCE_ASSOCIATED_NATIVE_MARKER,NUMERICAL_MARKER_ONLY_ATTACK_UNCERTAINTY_UNQUANTIFIED,,INDETERMINATE_UNQUANTIFIED_ATTACK_AND_REFERENCE_UNCERTAINTY,POSITIVE,11.609977324263038,NEW_016,c7efaf8d2029ed140d67b7cbfff1c23fd33e0ffcae18f285566266c063f78e1c,NEW_016_ADTOF_38_3,18.18594104310023,UNCONSTRAINED_NEW_016_35,UNCONSTRAINED_NEW_016_37,TRIO_CONDITIONED_NEW_016_37,,
F_MIX_01203,M56,True,242.98521541950115,UNKNOWN,True,669,243.06648526077097,-81.26984126982961,161.4990234374967,UNKNOWN,SOURCE_NEUTRAL_NATIVE_MARKER,NUMERICAL_MARKER_ONLY_ATTACK_UNCERTAINTY_UNQUANTIFIED,,INDETERMINATE_UNQUANTIFIED_ATTACK_AND_REFERENCE_UNCERTAINTY,NEGATIVE,11.609977324263038,NEW_016,c7efaf8d2029ed140d67b7cbfff1c23fd33e0ffcae18f285566266c063f78e1c,NEW_016_ADTOF_49_6,84.78458049884807,UNCONSTRAINED_NEW_016_35,UNCONSTRAINED_NEW_016_42,TRIO_CONDITIONED_NEW_016_43,,
F_MIX_01204,M56,True,243.3683446712018,UNKNOWN,True,670,243.4380045351474,-69.65986394558854,161.4990234374967,UNKNOWN,SOURCE_NEUTRAL_NATIVE_MARKER,NUMERICAL_MARKER_ONLY_ATTACK_UNCERTAINTY_UNQUANTIFIED,,INDETERMINATE_UNQUANTIFIED_ATTACK_AND_REFERENCE_UNCERTAINTY,NEGATIVE,11.609977324263038,NEW_016,c7efaf8d2029ed140d67b7cbfff1c23fd33e0ffcae18f285566266c063f78e1c,NEW_016_ADTOF_38_4,91.65532879819693,UNCONSTRAINED_NEW_016_47,UNCONSTRAINED_NEW_016_48,TRIO_CONDITIONED_NEW_016_49,,
F_MIX_01205,M56,True,243.47283446712018,DRUM_SUPPORTED,True,670,243.4380045351474,34.82993197278006,161.49902343750904,PROVISIONAL_QUALIFIED_EVIDENCE,SOURCE_ASSOCIATED_NATIVE_MARKER,NUMERICAL_MARKER_ONLY_ATTACK_UNCERTAINTY_UNQUANTIFIED,,INDETERMINATE_UNQUANTIFIED_ATTACK_AND_REFERENCE_UNCERTAINTY,POSITIVE,11.609977324263038,NEW_016,c7efaf8d2029ed140d67b7cbfff1c23fd33e0ffcae18f285566266c063f78e1c,NEW_016_ADTOF_38_4,12.834467120171666,UNCONSTRAINED_NEW_016_47,UNCONSTRAINED_NEW_016_48,TRIO_CONDITIONED_NEW_016_49,,
F_MIX_01206,M56,True,243.72825396825397,DRUM_SUPPORTED,True,671,243.8095238095238,-81.26984126982961,161.49902343750904,PROVISIONAL_QUALIFIED_EVIDENCE,SOURCE_ASSOCIATED_NATIVE_MARKER,NUMERICAL_MARKER_ONLY_ATTACK_UNCERTAINTY_UNQUANTIFIED,,INDETERMINATE_UNQUANTIFIED_ATTACK_AND_REFERENCE_UNCERTAINTY,NEGATIVE,11.609977324263038,NEW_016,c7efaf8d2029ed140d67b7cbfff1c23fd33e0ffcae18f285566266c063f78e1c,NEW_016_ADTOF_38_5,8.253968253967514,UNCONSTRAINED_NEW_016_54,UNCONSTRAINED_NEW_016_55,TRIO_CONDITIONED_NEW_016_56,,
F_MIX_01207,M56,True,243.85596371882087,DRUM_SUPPORTED,True,671,243.8095238095238,46.439909297077975,161.4990234374967,PROVISIONAL_QUALIFIED_EVIDENCE,SOURCE_ASSOCIATED_NATIVE_MARKER,NUMERICAL_MARKER_ONLY_ATTACK_UNCERTAINTY_UNQUANTIFIED,,INDETERMINATE_UNQUANTIFIED_ATTACK_AND_REFERENCE_UNCERTAINTY,POSITIVE,11.609977324263038,NEW_016,c7efaf8d2029ed140d67b7cbfff1c23fd33e0ffcae18f285566266c063f78e1c,NEW_016_ADTOF_49_8,25.96371882086146,UNCONSTRAINED_NEW_016_54,UNCONSTRAINED_NEW_016_55,TRIO_CONDITIONED_NEW_016_56,,
F_MIX_01208,M56,True,244.21587301587303,DRUM_SUPPORTED,True,672,244.18104308390022,34.82993197280848,161.4990234374967,PROVISIONAL_QUALIFIED_EVIDENCE,SOURCE_ASSOCIATED_NATIVE_MARKER,NUMERICAL_MARKER_ONLY_ATTACK_UNCERTAINTY_UNQUANTIFIED,,INDETERMINATE_UNQUANTIFIED_ATTACK_AND_REFERENCE_UNCERTAINTY,POSITIVE,11.609977324263038,NEW_016,c7efaf8d2029ed140d67b7cbfff1c23fd33e0ffcae18f285566266c063f78e1c,NEW_016_ADTOF_38_7,15.873015873040686,UNCONSTRAINED_NEW_016_58,UNCONSTRAINED_NEW_016_59,TRIO_CONDITIONED_NEW_016_60,,
F_MIX_01209,M56,True,244.49451247165533,UNKNOWN,True,673,244.55256235827665,-58.04988662131905,161.4990234374967,UNKNOWN,SOURCE_NEUTRAL_NATIVE_MARKER,NUMERICAL_MARKER_ONLY_ATTACK_UNCERTAINTY_UNQUANTIFIED,,INDETERMINATE_UNQUANTIFIED_ATTACK_AND_REFERENCE_UNCERTAINTY,NEGATIVE,11.609977324263038,NEW_016,c7efaf8d2029ed140d67b7cbfff1c23fd33e0ffcae18f285566266c063f78e1c,NEW_016_ADTOF_35_2,85.48752834468587,UNCONSTRAINED_NEW_016_62,UNCONSTRAINED_NEW_016_59,TRIO_CONDITIONED_NEW_016_62,,
F_MIX_01210,M56,True,244.99374149659863,DRUM_SUPPORTED,True,674,244.92408163265307,69.65986394556012,151.99908088235597,PROVISIONAL_QUALIFIED_EVIDENCE,SOURCE_ASSOCIATED_NATIVE_MARKER,NUMERICAL_MARKER_ONLY_ATTACK_UNCERTAINTY_UNQUANTIFIED,,INDETERMINATE_UNQUANTIFIED_ATTACK_AND_REFERENCE_UNCERTAINTY,POSITIVE,11.609977324263038,NEW_016,c7efaf8d2029ed140d67b7cbfff1c23fd33e0ffcae18f285566266c063f78e1c,NEW_016_ADTOF_38_8,13.741496598640879,UNCONSTRAINED_NEW_016_65,UNCONSTRAINED_NEW_016_59,TRIO_CONDITIONED_NEW_016_70,,
F_MIX_01211,M56,True,245.2607709750567,UNKNOWN,True,675,245.318820861678,-58.04988662131905,151.99908088235597,UNKNOWN,SOURCE_NEUTRAL_NATIVE_MARKER,NUMERICAL_MARKER_ONLY_ATTACK_UNCERTAINTY_UNQUANTIFIED,,INDETERMINATE_UNQUANTIFIED_ATTACK_AND_REFERENCE_UNCERTAINTY,NEGATIVE,11.609977324263038,NEW_016,c7efaf8d2029ed140d67b7cbfff1c23fd33e0ffcae18f285566266c063f78e1c,NEW_016_ADTOF_35_3,79.22902494331652,UNCONSTRAINED_NEW_016_69,UNCONSTRAINED_NEW_016_59,TRIO_CONDITIONED_NEW_016_73,,
F_MIX_01212,M56,True,245.3536507936508,DRUM_SUPPORTED,True,675,245.318820861678,34.82993197278006,161.4990234374967,PROVISIONAL_QUALIFIED_EVIDENCE,SOURCE_ASSOCIATED_NATIVE_MARKER,NUMERICAL_MARKER_ONLY_ATTACK_UNCERTAINTY_UNQUANTIFIED,,INDETERMINATE_UNQUANTIFIED_ATTACK_AND_REFERENCE_UNCERTAINTY,POSITIVE,11.609977324263038,NEW_016,c7efaf8d2029ed140d67b7cbfff1c23fd33e0ffcae18f285566266c063f78e1c,NEW_016_ADTOF_35_3,13.650793650782589,UNCONSTRAINED_NEW_016_69,UNCONSTRAINED_NEW_016_59,TRIO_CONDITIONED_NEW_016_75,,
F_MIX_01213,M56,True,245.539410430839,UNKNOWN,True,676,245.69034013605443,-150.92970521541815,161.4990234374967,UNKNOWN,SOURCE_NEUTRAL_NATIVE_MARKER,NUMERICAL_MARKER_ONLY_ATTACK_UNCERTAINTY_UNQUANTIFIED,,INDETERMINATE_UNQUANTIFIED_ATTACK_AND_REFERENCE_UNCERTAINTY,NEGATIVE,11.609977324263038,NEW_016,c7efaf8d2029ed140d67b7cbfff1c23fd33e0ffcae18f285566266c063f78e1c,NEW_016_ADTOF_38_9,180.58956916098623,UNCONSTRAINED_NEW_016_69,UNCONSTRAINED_NEW_016_59,TRIO_CONDITIONED_NEW_016_78,,
F_MIX_01214,M56,True,245.73678004535148,DRUM_SUPPORTED,True,676,245.69034013605443,46.43990929704955,161.49902343750904,PROVISIONAL_QUALIFIED_EVIDENCE,SOURCE_ASSOCIATED_NATIVE_MARKER,NUMERICAL_MARKER_ONLY_ATTACK_UNCERTAINTY_UNQUANTIFIED,,INDETERMINATE_UNQUANTIFIED_ATTACK_AND_REFERENCE_UNCERTAINTY,POSITIVE,11.609977324263038,NEW_016,c7efaf8d2029ed140d67b7cbfff1c23fd33e0ffcae18f285566266c063f78e1c,NEW_016_ADTOF_38_9,16.780045351481476,UNCONSTRAINED_NEW_016_72,UNCONSTRAINED_NEW_016_59,TRIO_CONDITIONED_NEW_016_78,,
F_MIX_01215,M56,True,245.99219954648527,DRUM_SUPPORTED,True,677,246.06185941043083,-69.65986394556012,161.49902343750904,PROVISIONAL_QUALIFIED_EVIDENCE,SOURCE_ASSOCIATED_NATIVE_MARKER,NUMERICAL_MARKER_ONLY_ATTACK_UNCERTAINTY_UNQUANTIFIED,,INDETERMINATE_UNQUANTIFIED_ATTACK_AND_REFERENCE_UNCERTAINTY,NEGATIVE,11.609977324263038,NEW_016,c7efaf8d2029ed140d67b7cbfff1c23fd33e0ffcae18f285566266c063f78e1c,NEW_016_ADTOF_38_10,22.19954648526823,UNCONSTRAINED_NEW_016_74,UNCONSTRAINED_NEW_016_59,TRIO_CONDITIONED_NEW_016_81,,
F_MIX_01216,M56,True,246.11990929705215,BASS_AND_DRUM_SUPPORTED,True,677,246.06185941043083,58.04988662131905,161.4990234374967,PROVISIONAL_QUALIFIED_EVIDENCE,SOURCE_ASSOCIATED_NATIVE_MARKER,NUMERICAL_MARKER_ONLY_ATTACK_UNCERTAINTY_UNQUANTIFIED,,INDETERMINATE_UNQUANTIFIED_ATTACK_AND_REFERENCE_UNCERTAINTY,POSITIVE,11.609977324263038,NEW_016,c7efaf8d2029ed140d67b7cbfff1c23fd33e0ffcae18f285566266c063f78e1c,NEW_016_ADTOF_35_4,19.909297052151942,UNCONSTRAINED_NEW_016_74,UNCONSTRAINED_NEW_016_59,TRIO_CONDITIONED_NEW_016_83,BASS_00385,
F_MIX_01217,M56,True,246.34049886621315,DRUM_SUPPORTED,True,678,246.43337868480725,-92.8798185940991,161.4990234374967,PROVISIONAL_QUALIFIED_EVIDENCE,SOURCE_ASSOCIATED_NATIVE_MARKER,NUMERICAL_MARKER_ONLY_ATTACK_UNCERTAINTY_UNQUANTIFIED,,INDETERMINATE_UNQUANTIFIED_ATTACK_AND_REFERENCE_UNCERTAINTY,NEGATIVE,11.609977324263038,NEW_016,c7efaf8d2029ed140d67b7cbfff1c23fd33e0ffcae18f285566266c063f78e1c,NEW_016_ADTOF_42_6,10.498866213140445,UNCONSTRAINED_NEW_016_77,UNCONSTRAINED_NEW_016_59,TRIO_CONDITIONED_NEW_016_85,,
F_MIX_01218,M56,True,246.50303854875284,DRUM_SUPPORTED,True,678,246.43337868480725,69.65986394558854,161.4990234374967,PROVISIONAL_QUALIFIED_EVIDENCE,SOURCE_ASSOCIATED_NATIVE_MARKER,NUMERICAL_MARKER_ONLY_ATTACK_UNCERTAINTY_UNQUANTIFIED,,INDETERMINATE_UNQUANTIFIED_ATTACK_AND_REFERENCE_UNCERTAINTY,POSITIVE,11.609977324263038,NEW_016,c7efaf8d2029ed140d67b7cbfff1c23fd33e0ffcae18f285566266c063f78e1c,NEW_016_ADTOF_38_11,33.038548752841734,UNCONSTRAINED_NEW_016_77,UNCONSTRAINED_NEW_016_59,TRIO_CONDITIONED_NEW_016_87,,
F_MIX_01219,M56,True,246.6075283446712,DRUM_SUPPORTED,True,678,246.43337868480725,174.14965986395714,161.4990234374967,PROVISIONAL_QUALIFIED_EVIDENCE,SOURCE_ASSOCIATED_NATIVE_MARKER,NUMERICAL_MARKER_ONLY_ATTACK_UNCERTAINTY_UNQUANTIFIED,,INDETERMINATE_UNQUANTIFIED_ATTACK_AND_REFERENCE_UNCERTAINTY,POSITIVE,11.609977324263038,NEW_016,c7efaf8d2029ed140d67b7cbfff1c23fd33e0ffcae18f285566266c063f78e1c,NEW_016_ADTOF_49_14,17.528344671205787,UNCONSTRAINED_NEW_016_77,UNCONSTRAINED_NEW_016_59,TRIO_CONDITIONED_NEW_016_89,,
F_MIX_01220,M56,True,246.75845804988663,UNKNOWN,True,679,246.80489795918368,-46.43990929704955,161.4990234374967,UNKNOWN,SOURCE_NEUTRAL_NATIVE_MARKER,NUMERICAL_MARKER_ONLY_ATTACK_UNCERTAINTY_UNQUANTIFIED,,INDETERMINATE_UNQUANTIFIED_ATTACK_AND_REFERENCE_UNCERTAINTY,NEGATIVE,11.609977324263038,NEW_016,c7efaf8d2029ed140d67b7cbfff1c23fd33e0ffcae18f285566266c063f78e1c,NEW_016_ADTOF_49_15,71.54195011338516,UNCONSTRAINED_NEW_016_78,UNCONSTRAINED_NEW_016_59,TRIO_CONDITIONED_NEW_016_90,,
F_MIX_01221,M56,True,246.83972789115646,BASS_AND_DRUM_SUPPORTED,True,679,246.80489795918368,34.82993197278006,151.99908088235597,PROVISIONAL_QUALIFIED_EVIDENCE,SOURCE_ASSOCIATED_NATIVE_MARKER,NUMERICAL_MARKER_ONLY_ATTACK_UNCERTAINTY_UNQUANTIFIED,,INDETERMINATE_UNQUANTIFIED_ATTACK_AND_REFERENCE_UNCERTAINTY,POSITIVE,11.609977324263038,NEW_016,c7efaf8d2029ed140d67b7cbfff1c23fd33e0ffcae18f285566266c063f78e1c,NEW_016_ADTOF_49_15,9.727891156444457,UNCONSTRAINED_NEW_016_78,UNCONSTRAINED_NEW_016_59,TRIO_CONDITIONED_NEW_016_91,BASS_00386,
F_MIX_01222,M56,True,247.1067573696145,UNKNOWN,True,680,247.1996371882086,-92.8798185940991,151.99908088235597,UNKNOWN,SOURCE_NEUTRAL_NATIVE_MARKER,NUMERICAL_MARKER_ONLY_ATTACK_UNCERTAINTY_UNQUANTIFIED,,INDETERMINATE_UNQUANTIFIED_ATTACK_AND_REFERENCE_UNCERTAINTY,NEGATIVE,11.609977324263038,NEW_016,c7efaf8d2029ed140d67b7cbfff1c23fd33e0ffcae18f285566266c063f78e1c,NEW_016_ADTOF_38_12,113.24263038548565,UNCONSTRAINED_NEW_016_79,UNCONSTRAINED_NEW_016_110,TRIO_CONDITIONED_NEW_016_97,BASS_00387,
F_MIX_01223,M56,True,247.2344671201814,DRUM_SUPPORTED,True,680,247.1996371882086,34.82993197278006,161.4990234374967,PROVISIONAL_QUALIFIED_EVIDENCE,SOURCE_ASSOCIATED_NATIVE_MARKER,NUMERICAL_MARKER_ONLY_ATTACK_UNCERTAINTY_UNQUANTIFIED,,INDETERMINATE_UNQUANTIFIED_ATTACK_AND_REFERENCE_UNCERTAINTY,POSITIVE,11.609977324263038,NEW_016,c7efaf8d2029ed140d67b7cbfff1c23fd33e0ffcae18f285566266c063f78e1c,NEW_016_ADTOF_38_12,14.467120181393511,UNCONSTRAINED_NEW_016_84,UNCONSTRAINED_NEW_016_110,TRIO_CONDITIONED_NEW_016_97,,
F_MIX_01224,M56,True,247.47827664399094,DRUM_SUPPORTED,True,681,247.57115646258504,-92.8798185940991,161.4990234374967,PROVISIONAL_QUALIFIED_EVIDENCE,SOURCE_ASSOCIATED_NATIVE_MARKER,NUMERICAL_MARKER_ONLY_ATTACK_UNCERTAINTY_UNQUANTIFIED,,INDETERMINATE_UNQUANTIFIED_ATTACK_AND_REFERENCE_UNCERTAINTY,NEGATIVE,11.609977324263038,NEW_016,c7efaf8d2029ed140d67b7cbfff1c23fd33e0ffcae18f285566266c063f78e1c,NEW_016_ADTOF_38_13,18.276643990930097,UNCONSTRAINED_NEW_016_89,UNCONSTRAINED_NEW_016_110,TRIO_CONDITIONED_NEW_016_100,,
F_MIX_01225,M56,True,247.5827664399093,BASS_AND_DRUM_SUPPORTED,True,681,247.57115646258504,11.609977324269494,161.4990234374967,PROVISIONAL_QUALIFIED_EVIDENCE,SOURCE_ASSOCIATED_NATIVE_MARKER,NUMERICAL_MARKER_ONLY_ATTACK_UNCERTAINTY_UNQUANTIFIED,,INDETERMINATE_UNQUANTIFIED_ATTACK_AND_REFERENCE_UNCERTAINTY,POSITIVE,11.609977324263038,NEW_016,c7efaf8d2029ed140d67b7cbfff1c23fd33e0ffcae18f285566266c063f78e1c,NEW_016_ADTOF_35_5,12.766439909313476,UNCONSTRAINED_NEW_016_89,UNCONSTRAINED_NEW_016_110,TRIO_CONDITIONED_NEW_016_103,BASS_00388,
F_MIX_01226,M56,True,247.9891156462585,DRUM_SUPPORTED,True,682,247.94267573696146,46.43990929704955,161.49902343750904,PROVISIONAL_QUALIFIED_EVIDENCE,SOURCE_ASSOCIATED_NATIVE_MARKER,NUMERICAL_MARKER_ONLY_ATTACK_UNCERTAINTY_UNQUANTIFIED,,INDETERMINATE_UNQUANTIFIED_ATTACK_AND_REFERENCE_UNCERTAINTY,POSITIVE,11.609977324263038,NEW_016,c7efaf8d2029ed140d67b7cbfff1c23fd33e0ffcae18f285566266c063f78e1c,NEW_016_ADTOF_38_14,19.115646258512697,UNCONSTRAINED_NEW_016_93,UNCONSTRAINED_NEW_016_110,TRIO_CONDITIONED_NEW_016_106,,
F_MIX_01227,M56,True,248.23292517006803,DRUM_SUPPORTED,True,683,248.31419501133786,-81.26984126982961,161.49902343750904,PROVISIONAL_QUALIFIED_EVIDENCE,SOURCE_ASSOCIATED_NATIVE_MARKER,NUMERICAL_MARKER_ONLY_ATTACK_UNCERTAINTY_UNQUANTIFIED,,INDETERMINATE_UNQUANTIFIED_ATTACK_AND_REFERENCE_UNCERTAINTY,NEGATIVE,11.609977324263038,NEW_016,c7efaf8d2029ed140d67b7cbfff1c23fd33e0ffcae18f285566266c063f78e1c,NEW_016_ADTOF_38_15,7.074829931980275,UNCONSTRAINED_NEW_016_95,UNCONSTRAINED_NEW_016_110,TRIO_CONDITIONED_NEW_016_109,,
F_MIX_01228,M56,True,248.2677551020408,DRUM_SUPPORTED,True,683,248.31419501133786,-46.43990929704955,161.49902343750904,PROVISIONAL_QUALIFIED_EVIDENCE,SOURCE_ASSOCIATED_NATIVE_MARKER,NUMERICAL_MARKER_ONLY_ATTACK_UNCERTAINTY_UNQUANTIFIED,,INDETERMINATE_UNQUANTIFIED_ATTACK_AND_REFERENCE_UNCERTAINTY,NEGATIVE,11.609977324263038,NEW_016,c7efaf8d2029ed140d67b7cbfff1c23fd33e0ffcae18f285566266c063f78e1c,NEW_016_ADTOF_38_15,27.755102040799784,UNCONSTRAINED_NEW_016_95,UNCONSTRAINED_NEW_016_110,TRIO_CONDITIONED_NEW_016_111,,
F_MIX_01229,M56,True,248.3606349206349,BASS_AND_DRUM_SUPPORTED,True,683,248.31419501133786,46.43990929704955,161.4990234374967,PROVISIONAL_QUALIFIED_EVIDENCE,SOURCE_ASSOCIATED_NATIVE_MARKER,NUMERICAL_MARKER_ONLY_ATTACK_UNCERTAINTY_UNQUANTIFIED,,INDETERMINATE_UNQUANTIFIED_ATTACK_AND_REFERENCE_UNCERTAINTY,POSITIVE,11.609977324263038,NEW_016,c7efaf8d2029ed140d67b7cbfff1c23fd33e0ffcae18f285566266c063f78e1c,NEW_016_ADTOF_35_6,10.63492063491367,UNCONSTRAINED_NEW_016_95,UNCONSTRAINED_NEW_016_110,TRIO_CONDITIONED_NEW_016_111,BASS_00389,
F_MIX_01230,M56,True,248.5231746031746,UNKNOWN,True,684,248.68571428571428,-162.53968253968765,161.4990234374967,UNKNOWN,SOURCE_NEUTRAL_NATIVE_MARKER,NUMERICAL_MARKER_ONLY_ATTACK_UNCERTAINTY_UNQUANTIFIED,,INDETERMINATE_UNQUANTIFIED_ATTACK_AND_REFERENCE_UNCERTAINTY,NEGATIVE,11.609977324263038,NEW_016,c7efaf8d2029ed140d67b7cbfff1c23fd33e0ffcae18f285566266c063f78e1c,NEW_016_ADTOF_35_6,173.17460317460132,UNCONSTRAINED_NEW_016_95,UNCONSTRAINED_NEW_016_110,TRIO_CONDITIONED_NEW_016_113,,
F_MIX_01231,M56,True,248.7437641723356,DRUM_SUPPORTED,True,684,248.68571428571428,58.04988662131905,161.4990234374967,PROVISIONAL_QUALIFIED_EVIDENCE,SOURCE_ASSOCIATED_NATIVE_MARKER,NUMERICAL_MARKER_ONLY_ATTACK_UNCERTAINTY_UNQUANTIFIED,,INDETERMINATE_UNQUANTIFIED_ATTACK_AND_REFERENCE_UNCERTAINTY,POSITIVE,11.609977324263038,NEW_016,c7efaf8d2029ed140d67b7cbfff1c23fd33e0ffcae18f285566266c063f78e1c,NEW_016_ADTOF_38_16,13.764172335612557,UNCONSTRAINED_NEW_016_100,UNCONSTRAINED_NEW_016_110,TRIO_CONDITIONED_NEW_016_113,,
F_MIX_01232,M56,True,248.9063038548753,UNKNOWN,True,685,249.0572335600907,-150.92970521541815,161.4990234374967,UNKNOWN,SOURCE_NEUTRAL_NATIVE_MARKER,NUMERICAL_MARKER_ONLY_ATTACK_UNCERTAINTY_UNQUANTIFIED,,INDETERMINATE_UNQUANTIFIED_ATTACK_AND_REFERENCE_UNCERTAINTY,NEGATIVE,11.609977324263038,NEW_016,c7efaf8d2029ed140d67b7cbfff1c23fd33e0ffcae18f285566266c063f78e1c,NEW_016_ADTOF_49_19,73.6961451246998,UNCONSTRAINED_NEW_016_100,UNCONSTRAINED_NEW_016_110,TRIO_CONDITIONED_NEW_016_117,,
F_MIX_01233,M56,True,248.9991836734694,DRUM_SUPPORTED,True,685,249.0572335600907,-58.04988662131905,161.4990234374967,PROVISIONAL_QUALIFIED_EVIDENCE,SOURCE_ASSOCIATED_NATIVE_MARKER,NUMERICAL_MARKER_ONLY_ATTACK_UNCERTAINTY_UNQUANTIFIED,,INDETERMINATE_UNQUANTIFIED_ATTACK_AND_REFERENCE_UNCERTAINTY,NEGATIVE,11.609977324263038,NEW_016,c7efaf8d2029ed140d67b7cbfff1c23fd33e0ffcae18f285566266c063f78e1c,NEW_016_ADTOF_49_19,19.18367346939931,UNCONSTRAINED_NEW_016_104,UNCONSTRAINED_NEW_016_110,TRIO_CONDITIONED_NEW_016_117,,
F_MIX_01234,M56,True,249.11528344671203,BASS_AND_DRUM_SUPPORTED,True,685,249.0572335600907,58.04988662131905,161.4990234374967,PROVISIONAL_QUALIFIED_EVIDENCE,SOURCE_ASSOCIATED_NATIVE_MARKER,NUMERICAL_MARKER_ONLY_ATTACK_UNCERTAINTY_UNQUANTIFIED,,INDETERMINATE_UNQUANTIFIED_ATTACK_AND_REFERENCE_UNCERTAINTY,POSITIVE,11.609977324263038,NEW_016,c7efaf8d2029ed140d67b7cbfff1c23fd33e0ffcae18f285566266c063f78e1c,NEW_016_ADTOF_35_7,25.28344671202376,UNCONSTRAINED_NEW_016_104,UNCONSTRAINED_NEW_016_110,TRIO_CONDITIONED_NEW_016_122,BASS_00390,
F_MIX_01235,M56,True,249.30104308390023,UNKNOWN,True,686,249.42875283446713,-127.70975056690759,161.4990234374967,UNKNOWN,SOURCE_NEUTRAL_NATIVE_MARKER,NUMERICAL_MARKER_ONLY_ATTACK_UNCERTAINTY_UNQUANTIFIED,,INDETERMINATE_UNQUANTIFIED_ATTACK_AND_REFERENCE_UNCERTAINTY,NEGATIVE,11.609977324263038,NEW_016,c7efaf8d2029ed140d67b7cbfff1c23fd33e0ffcae18f285566266c063f78e1c,NEW_016_ADTOF_38_17,58.95691609978826,UNCONSTRAINED_NEW_016_107,UNCONSTRAINED_NEW_016_110,TRIO_CONDITIONED_NEW_016_124,,
F_MIX_01236,M56,True,249.3707029478458,DRUM_SUPPORTED,True,686,249.42875283446713,-58.04988662131905,161.4990234374967,PROVISIONAL_QUALIFIED_EVIDENCE,SOURCE_ASSOCIATED_NATIVE_MARKER,NUMERICAL_MARKER_ONLY_ATTACK_UNCERTAINTY_UNQUANTIFIED,,INDETERMINATE_UNQUANTIFIED_ATTACK_AND_REFERENCE_UNCERTAINTY,NEGATIVE,11.609977324263038,NEW_016,c7efaf8d2029ed140d67b7cbfff1c23fd33e0ffcae18f285566266c063f78e1c,NEW_016_ADTOF_38_17,10.702947845800281,UNCONSTRAINED_NEW_016_107,UNCONSTRAINED_NEW_016_110,TRIO_CONDITIONED_NEW_016_124,,
F_MIX_01237,M56,True,249.48680272108842,BASS_AND_DRUM_SUPPORTED,True,686,249.42875283446713,58.049886621290625,151.99908088235597,PROVISIONAL_QUALIFIED_EVIDENCE,SOURCE_ASSOCIATED_NATIVE_MARKER,NUMERICAL_MARKER_ONLY_ATTACK_UNCERTAINTY_UNQUANTIFIED,,INDETERMINATE_UNQUANTIFIED_ATTACK_AND_REFERENCE_UNCERTAINTY,POSITIVE,11.609977324263038,NEW_016,c7efaf8d2029ed140d67b7cbfff1c23fd33e0ffcae18f285566266c063f78e1c,NEW_016_ADTOF_38_18,26.802721088415637,UNCONSTRAINED_NEW_016_107,UNCONSTRAINED_NEW_016_110,TRIO_CONDITIONED_NEW_016_127,BASS_00391,
F_MIX_01238,M56,True,249.73061224489797,DRUM_SUPPORTED,True,687,249.82349206349207,-92.8798185940991,151.99908088235597,PROVISIONAL_QUALIFIED_EVIDENCE,SOURCE_ASSOCIATED_NATIVE_MARKER,NUMERICAL_MARKER_ONLY_ATTACK_UNCERTAINTY_UNQUANTIFIED,,INDETERMINATE_UNQUANTIFIED_ATTACK_AND_REFERENCE_UNCERTAINTY,NEGATIVE,11.609977324263038,NEW_016,c7efaf8d2029ed140d67b7cbfff1c23fd33e0ffcae18f285566266c063f78e1c,NEW_016_ADTOF_38_19,20.612244897961318,UNCONSTRAINED_NEW_016_113,UNCONSTRAINED_NEW_016_111,TRIO_CONDITIONED_NEW_016_129,,
F_MIX_01239,M56,True,249.83510204081634,DRUM_SUPPORTED,True,687,249.82349206349207,11.609977324269494,161.4990234374967,PROVISIONAL_QUALIFIED_EVIDENCE,SOURCE_ASSOCIATED_NATIVE_MARKER,NUMERICAL_MARKER_ONLY_ATTACK_UNCERTAINTY_UNQUANTIFIED,,INDETERMINATE_UNQUANTIFIED_ATTACK_AND_REFERENCE_UNCERTAINTY,POSITIVE,11.609977324263038,NEW_016,c7efaf8d2029ed140d67b7cbfff1c23fd33e0ffcae18f285566266c063f78e1c,NEW_016_ADTOF_38_20,15.102040816344697,UNCONSTRAINED_NEW_016_113,UNCONSTRAINED_NEW_016_114,TRIO_CONDITIONED_NEW_016_131,,
F_MIX_01240,M56,True,250.20662131519273,DRUM_SUPPORTED,True,688,250.1950113378685,11.609977324241072,161.49902343750904,PROVISIONAL_QUALIFIED_EVIDENCE,SOURCE_ASSOCIATED_NATIVE_MARKER,NUMERICAL_MARKER_ONLY_ATTACK_UNCERTAINTY_UNQUANTIFIED,,INDETERMINATE_UNQUANTIFIED_ATTACK_AND_REFERENCE_UNCERTAINTY,POSITIVE,11.609977324263038,NEW_016,c7efaf8d2029ed140d67b7cbfff1c23fd33e0ffcae18f285566266c063f78e1c,NEW_016_ADTOF_35_8,16.621315192736574,UNCONSTRAINED_NEW_016_116,UNCONSTRAINED_NEW_016_117,TRIO_CONDITIONED_NEW_016_134,BASS_00393,
F_MIX_01241,M56,True,250.4736507936508,UNKNOWN,True,689,250.5665306122449,-92.8798185940991,161.49902343750904,UNKNOWN,SOURCE_NEUTRAL_NATIVE_MARKER,NUMERICAL_MARKER_ONLY_ATTACK_UNCERTAINTY_UNQUANTIFIED,,INDETERMINATE_UNQUANTIFIED_ATTACK_AND_REFERENCE_UNCERTAINTY,NEGATIVE,11.609977324263038,NEW_016,c7efaf8d2029ed140d67b7cbfff1c23fd33e0ffcae18f285566266c063f78e1c,NEW_016_ADTOF_49_22,86.34920634921173,UNCONSTRAINED_NEW_016_121,UNCONSTRAINED_NEW_016_119,TRIO_CONDITIONED_NEW_016_139,BASS_00394,
F_MIX_01242,M56,True,250.57814058956916,DRUM_SUPPORTED,True,689,250.5665306122449,11.609977324269494,161.4990234374967,PROVISIONAL_QUALIFIED_EVIDENCE,SOURCE_ASSOCIATED_NATIVE_MARKER,NUMERICAL_MARKER_ONLY_ATTACK_UNCERTAINTY_UNQUANTIFIED,,INDETERMINATE_UNQUANTIFIED_ATTACK_AND_REFERENCE_UNCERTAINTY,POSITIVE,11.609977324263038,NEW_016,c7efaf8d2029ed140d67b7cbfff1c23fd33e0ffcae18f285566266c063f78e1c,NEW_016_ADTOF_49_22,18.140589569156873,UNCONSTRAINED_NEW_016_121,UNCONSTRAINED_NEW_016_124,TRIO_CONDITIONED_NEW_016_139,BASS_00395,
F_MIX_01243,M56,True,250.88,UNKNOWN,True,690,250.93804988662131,-58.04988662131905,161.4990234374967,UNKNOWN,SOURCE_NEUTRAL_NATIVE_MARKER,NUMERICAL_MARKER_ONLY_ATTACK_UNCERTAINTY_UNQUANTIFIED,,INDETERMINATE_UNQUANTIFIED_ATTACK_AND_REFERENCE_UNCERTAINTY,NEGATIVE,11.609977324263038,NEW_016,c7efaf8d2029ed140d67b7cbfff1c23fd33e0ffcae18f285566266c063f78e1c,NEW_016_ADTOF_38_22,90.00000000000341,UNCONSTRAINED_NEW_016_121,UNCONSTRAINED_NEW_016_127,TRIO_CONDITIONED_NEW_016_142,,
F_MIX_01244,M56,True,250.9728798185941,DRUM_SUPPORTED,True,690,250.93804988662131,34.82993197278006,161.4990234374967,PROVISIONAL_QUALIFIED_EVIDENCE,SOURCE_ASSOCIATED_NATIVE_MARKER,NUMERICAL_MARKER_ONLY_ATTACK_UNCERTAINTY_UNQUANTIFIED,,INDETERMINATE_UNQUANTIFIED_ATTACK_AND_REFERENCE_UNCERTAINTY,POSITIVE,11.609977324263038,NEW_016,c7efaf8d2029ed140d67b7cbfff1c23fd33e0ffcae18f285566266c063f78e1c,NEW_016_ADTOF_38_22,2.8798185940956955,UNCONSTRAINED_NEW_016_121,UNCONSTRAINED_NEW_016_127,TRIO_CONDITIONED_NEW_016_142,BASS_00396,
F_MIX_01245,M56,True,251.23990929705215,UNKNOWN,True,691,251.30956916099774,-69.65986394558854,161.4990234374967,UNKNOWN,SOURCE_NEUTRAL_NATIVE_MARKER,NUMERICAL_MARKER_ONLY_ATTACK_UNCERTAINTY_UNQUANTIFIED,,INDETERMINATE_UNQUANTIFIED_ATTACK_AND_REFERENCE_UNCERTAINTY,NEGATIVE,11.609977324263038,NEW_016,c7efaf8d2029ed140d67b7cbfff1c23fd33e0ffcae18f285566266c063f78e1c,NEW_016_ADTOF_49_24,100.0907029478526,UNCONSTRAINED_NEW_016_134,UNCONSTRAINED_NEW_016_129,TRIO_CONDITIONED_NEW_016_145,BASS_00397,
F_MIX_01246,M56,True,251.33278911564625,DRUM_SUPPORTED,True,691,251.30956916099774,23.219954648510566,161.49902343750904,PROVISIONAL_QUALIFIED_EVIDENCE,SOURCE_ASSOCIATED_NATIVE_MARKER,NUMERICAL_MARKER_ONLY_ATTACK_UNCERTAINTY_UNQUANTIFIED,,INDETERMINATE_UNQUANTIFIED_ATTACK_AND_REFERENCE_UNCERTAINTY,POSITIVE,11.609977324263038,NEW_016,c7efaf8d2029ed140d67b7cbfff1c23fd33e0ffcae18f285566266c063f78e1c,NEW_016_ADTOF_49_24,7.2108843537534995,UNCONSTRAINED_NEW_016_134,UNCONSTRAINED_NEW_016_131,TRIO_CONDITIONED_NEW_016_148,,
F_MIX_01247,M56,True,251.36761904761906,DRUM_SUPPORTED,True,691,251.30956916099774,58.04988662131905,161.49902343750904,PROVISIONAL_QUALIFIED_EVIDENCE,SOURCE_ASSOCIATED_NATIVE_MARKER,NUMERICAL_MARKER_ONLY_ATTACK_UNCERTAINTY_UNQUANTIFIED,,INDETERMINATE_UNQUANTIFIED_ATTACK_AND_REFERENCE_UNCERTAINTY,POSITIVE,11.609977324263038,NEW_016,c7efaf8d2029ed140d67b7cbfff1c23fd33e0ffcae18f285566266c063f78e1c,NEW_016_ADTOF_49_24,27.61904761905498,UNCONSTRAINED_NEW_016_134,UNCONSTRAINED_NEW_016_131,TRIO_CONDITIONED_NEW_016_148,,
F_MIX_01248,M56,True,251.71591836734694,DRUM_SUPPORTED,True,692,251.68108843537414,34.82993197280848,161.4990234374967,PROVISIONAL_QUALIFIED_EVIDENCE,SOURCE_ASSOCIATED_NATIVE_MARKER,NUMERICAL_MARKER_ONLY_ATTACK_UNCERTAINTY_UNQUANTIFIED,,INDETERMINATE_UNQUANTIFIED_ATTACK_AND_REFERENCE_UNCERTAINTY,POSITIVE,11.609977324263038,NEW_016,c7efaf8d2029ed140d67b7cbfff1c23fd33e0ffcae18f285566266c063f78e1c,NEW_016_ADTOF_38_23,15.91836734695562,UNCONSTRAINED_NEW_016_134,UNCONSTRAINED_NEW_016_136,TRIO_CONDITIONED_NEW_016_151,,
F_MIX_01249,M56,True,251.8552380952381,UNKNOWN,True,692,251.68108843537414,174.14965986395714,161.4990234374967,UNKNOWN,SOURCE_NEUTRAL_NATIVE_MARKER,NUMERICAL_MARKER_ONLY_ATTACK_UNCERTAINTY_UNQUANTIFIED,,INDETERMINATE_UNQUANTIFIED_ATTACK_AND_REFERENCE_UNCERTAINTY,POSITIVE,11.609977324263038,NEW_016,c7efaf8d2029ed140d67b7cbfff1c23fd33e0ffcae18f285566266c063f78e1c,NEW_016_ADTOF_38_24,104.76190476191505,UNCONSTRAINED_NEW_016_138,UNCONSTRAINED_NEW_016_139,TRIO_CONDITIONED_NEW_016_155,BASS_00398,
F_MIX_01250,M56,True,251.97133786848073,DRUM_SUPPORTED,True,693,252.05260770975056,-81.26984126982961,161.4990234374967,PROVISIONAL_QUALIFIED_EVIDENCE,SOURCE_ASSOCIATED_NATIVE_MARKER,NUMERICAL_MARKER_ONLY_ATTACK_UNCERTAINTY_UNQUANTIFIED,,INDETERMINATE_UNQUANTIFIED_ATTACK_AND_REFERENCE_UNCERTAINTY,NEGATIVE,11.609977324263038,NEW_016,c7efaf8d2029ed140d67b7cbfff1c23fd33e0ffcae18f285566266c063f78e1c,NEW_016_ADTOF_38_24,11.337868480723046,UNCONSTRAINED_NEW_016_138,UNCONSTRAINED_NEW_016_139,TRIO_CONDITIONED_NEW_016_155,,
F_MIX_01251,M56,True,252.08743764172337,BASS_AND_DRUM_SUPPORTED,True,693,252.05260770975056,34.82993197280848,161.4990234374967,PROVISIONAL_QUALIFIED_EVIDENCE,SOURCE_ASSOCIATED_NATIVE_MARKER,NUMERICAL_MARKER_ONLY_ATTACK_UNCERTAINTY_UNQUANTIFIED,,INDETERMINATE_UNQUANTIFIED_ATTACK_AND_REFERENCE_UNCERTAINTY,POSITIVE,11.609977324263038,NEW_016,c7efaf8d2029ed140d67b7cbfff1c23fd33e0ffcae18f285566266c063f78e1c,NEW_016_ADTOF_35_9,17.43764172337592,UNCONSTRAINED_NEW_016_141,UNCONSTRAINED_NEW_016_142,TRIO_CONDITIONED_NEW_016_157,BASS_FMIX_00005,
F_MIX_01252,M56,True,252.2615873015873,DRUM_SUPPORTED,True,694,252.42412698412699,-162.53968253968765,161.4990234374967,PROVISIONAL_QUALIFIED_EVIDENCE,SOURCE_ASSOCIATED_NATIVE_MARKER,NUMERICAL_MARKER_ONLY_ATTACK_UNCERTAINTY_UNQUANTIFIED,,INDETERMINATE_UNQUANTIFIED_ATTACK_AND_REFERENCE_UNCERTAINTY,NEGATIVE,11.609977324263038,NEW_016,c7efaf8d2029ed140d67b7cbfff1c23fd33e0ffcae18f285566266c063f78e1c,NEW_016_ADTOF_38_25,178.4126984126999,UNCONSTRAINED_NEW_016_143,UNCONSTRAINED_NEW_016_145,TRIO_CONDITIONED_NEW_016_161,,
F_MIX_01253,M56,True,252.45895691609977,DRUM_SUPPORTED,True,694,252.42412698412699,34.82993197278006,161.4990234374967,PROVISIONAL_QUALIFIED_EVIDENCE,SOURCE_ASSOCIATED_NATIVE_MARKER,NUMERICAL_MARKER_ONLY_ATTACK_UNCERTAINTY_UNQUANTIFIED,,INDETERMINATE_UNQUANTIFIED_ATTACK_AND_REFERENCE_UNCERTAINTY,POSITIVE,11.609977324263038,NEW_016,c7efaf8d2029ed140d67b7cbfff1c23fd33e0ffcae18f285566266c063f78e1c,NEW_016_ADTOF_38_25,18.956916099767795,UNCONSTRAINED_NEW_016_143,UNCONSTRAINED_NEW_016_146,TRIO_CONDITIONED_NEW_016_162,,
F_MIX_01254,M56,True,252.72598639455782,UNKNOWN,True,695,252.7956462585034,-69.65986394558854,161.4990234374967,UNKNOWN,SOURCE_NEUTRAL_NATIVE_MARKER,NUMERICAL_MARKER_ONLY_ATTACK_UNCERTAINTY_UNQUANTIFIED,,INDETERMINATE_UNQUANTIFIED_ATTACK_AND_REFERENCE_UNCERTAINTY,NEGATIVE,11.609977324263038,NEW_016,c7efaf8d2029ed140d67b7cbfff1c23fd33e0ffcae18f285566266c063f78e1c,NEW_016_ADTOF_35_10,74.0136054421896,UNCONSTRAINED_NEW_016_148,UNCONSTRAINED_NEW_016_147,TRIO_CONDITIONED_NEW_016_163,,
F_MIX_01255,M56,True,252.81886621315192,DRUM_SUPPORTED,True,695,252.7956462585034,23.219954648510566,161.49902343750904,PROVISIONAL_QUALIFIED_EVIDENCE,SOURCE_ASSOCIATED_NATIVE_MARKER,NUMERICAL_MARKER_ONLY_ATTACK_UNCERTAINTY_UNQUANTIFIED,,INDETERMINATE_UNQUANTIFIED_ATTACK_AND_REFERENCE_UNCERTAINTY,POSITIVE,11.609977324263038,NEW_016,c7efaf8d2029ed140d67b7cbfff1c23fd33e0ffcae18f285566266c063f78e1c,NEW_016_ADTOF_35_10,18.866213151909506,UNCONSTRAINED_NEW_016_148,UNCONSTRAINED_NEW_016_150,TRIO_CONDITIONED_NEW_016_167,,
F_MIX_01256,M56,True,253.09750566893425,DRUM_SUPPORTED,True,696,253.1671655328798,-69.65986394556012,161.49902343750904,PROVISIONAL_QUALIFIED_EVIDENCE,SOURCE_ASSOCIATED_NATIVE_MARKER,NUMERICAL_MARKER_ONLY_ATTACK_UNCERTAINTY_UNQUANTIFIED,,INDETERMINATE_UNQUANTIFIED_ATTACK_AND_REFERENCE_UNCERTAINTY,NEGATIVE,11.609977324263038,NEW_016,c7efaf8d2029ed140d67b7cbfff1c23fd33e0ffcae18f285566266c063f78e1c,NEW_016_ADTOF_38_26,27.505668934253436,UNCONSTRAINED_NEW_016_154,UNCONSTRAINED_NEW_016_151,TRIO_CONDITIONED_NEW_016_168,,
F_MIX_01257,M56,True,253.20199546485262,DRUM_SUPPORTED,True,696,253.1671655328798,34.82993197280848,151.99908088234503,PROVISIONAL_QUALIFIED_EVIDENCE,SOURCE_ASSOCIATED_NATIVE_MARKER,NUMERICAL_MARKER_ONLY_ATTACK_UNCERTAINTY_UNQUANTIFIED,,INDETERMINATE_UNQUANTIFIED_ATTACK_AND_REFERENCE_UNCERTAINTY,POSITIVE,11.609977324263038,NEW_016,c7efaf8d2029ed140d67b7cbfff1c23fd33e0ffcae18f285566266c063f78e1c,NEW_016_ADTOF_35_11,21.995464852608393,UNCONSTRAINED_NEW_016_154,UNCONSTRAINED_NEW_016_155,TRIO_CONDITIONED_NEW_016_172,,
F_MIX_01258,M56,True,253.56190476190477,DRUM_SUPPORTED,True,697,253.56190476190477,0.0,161.49902343750904,PROVISIONAL_QUALIFIED_EVIDENCE,SOURCE_ASSOCIATED_NATIVE_MARKER,NUMERICAL_MARKER_ONLY_ATTACK_UNCERTAINTY_UNQUANTIFIED,,INDETERMINATE_UNQUANTIFIED_ATTACK_AND_REFERENCE_UNCERTAINTY,ZERO,11.609977324263038,NEW_016,c7efaf8d2029ed140d67b7cbfff1c23fd33e0ffcae18f285566266c063f78e1c,NEW_016_ADTOF_35_12,1.9047619047682929,UNCONSTRAINED_NEW_016_158,UNCONSTRAINED_NEW_016_159,TRIO_CONDITIONED_NEW_016_177,,
F_MIX_01259,M56,True,253.9566439909297,DRUM_SUPPORTED,True,698,253.93342403628117,23.219954648538987,161.4990234374967,PROVISIONAL_QUALIFIED_EVIDENCE,SOURCE_ASSOCIATED_NATIVE_MARKER,NUMERICAL_MARKER_ONLY_ATTACK_UNCERTAINTY_UNQUANTIFIED,,INDETERMINATE_UNQUANTIFIED_ATTACK_AND_REFERENCE_UNCERTAINTY,POSITIVE,11.609977324263038,NEW_016,c7efaf8d2029ed140d67b7cbfff1c23fd33e0ffcae18f285566266c063f78e1c,NEW_016_ADTOF_38_28,16.643990929708252,UNCONSTRAINED_NEW_016_158,UNCONSTRAINED_NEW_016_162,TRIO_CONDITIONED_NEW_016_181,,
F_MIX_01260,M56,True,254.2120634920635,DRUM_SUPPORTED,True,699,254.3049433106576,-92.8798185940991,161.4990234374967,PROVISIONAL_QUALIFIED_EVIDENCE,SOURCE_ASSOCIATED_NATIVE_MARKER,NUMERICAL_MARKER_ONLY_ATTACK_UNCERTAINTY_UNQUANTIFIED,,INDETERMINATE_UNQUANTIFIED_ATTACK_AND_REFERENCE_UNCERTAINTY,NEGATIVE,11.609977324263038,NEW_016,c7efaf8d2029ed140d67b7cbfff1c23fd33e0ffcae18f285566266c063f78e1c,NEW_016_ADTOF_38_29,12.0634920635041,UNCONSTRAINED_NEW_016_165,UNCONSTRAINED_NEW_016_163,TRIO_CONDITIONED_NEW_016_184,,
F_MIX_01261,M56,True,254.33977324263037,DRUM_SUPPORTED,True,699,254.3049433106576,34.82993197278006,151.99908088235597,PROVISIONAL_QUALIFIED_EVIDENCE,SOURCE_ASSOCIATED_NATIVE_MARKER,NUMERICAL_MARKER_ONLY_ATTACK_UNCERTAINTY_UNQUANTIFIED,,INDETERMINATE_UNQUANTIFIED_ATTACK_AND_REFERENCE_UNCERTAINTY,POSITIVE,11.609977324263038,NEW_016,c7efaf8d2029ed140d67b7cbfff1c23fd33e0ffcae18f285566266c063f78e1c,NEW_016_ADTOF_35_13,19.773242630378718,UNCONSTRAINED_NEW_016_165,UNCONSTRAINED_NEW_016_166,TRIO_CONDITIONED_NEW_016_187,,
F_MIX_01262,M56,True,254.63002267573697,UNKNOWN,True,700,254.69968253968253,-69.65986394556012,151.99908088235597,UNKNOWN,SOURCE_NEUTRAL_NATIVE_MARKER,NUMERICAL_MARKER_ONLY_ATTACK_UNCERTAINTY_UNQUANTIFIED,,INDETERMINATE_UNQUANTIFIED_ATTACK_AND_REFERENCE_UNCERTAINTY,NEGATIVE,11.609977324263038,NEW_016,c7efaf8d2029ed140d67b7cbfff1c23fd33e0ffcae18f285566266c063f78e1c,NEW_016_ADTOF_42_10,59.977324263030596,UNCONSTRAINED_NEW_016_165,UNCONSTRAINED_NEW_016_169,TRIO_CONDITIONED_NEW_016_193,,
F_MIX_01263,M56,True,254.69968253968253,DRUM_SUPPORTED,True,700,254.69968253968253,0.0,151.99908088234503,PROVISIONAL_QUALIFIED_EVIDENCE,SOURCE_ASSOCIATED_NATIVE_MARKER,NUMERICAL_MARKER_ONLY_ATTACK_UNCERTAINTY_UNQUANTIFIED,,INDETERMINATE_UNQUANTIFIED_ATTACK_AND_REFERENCE_UNCERTAINTY,ZERO,11.609977324263038,NEW_016,c7efaf8d2029ed140d67b7cbfff1c23fd33e0ffcae18f285566266c063f78e1c,NEW_016_ADTOF_42_10,9.682539682529523,UNCONSTRAINED_NEW_016_174,UNCONSTRAINED_NEW_016_172,TRIO_CONDITIONED_NEW_016_193,,
F_MIX_01264,M56,True,254.98993197278912,DRUM_SUPPORTED,True,701,255.0944217687075,-104.4897959183686,151.99908088234503,PROVISIONAL_QUALIFIED_EVIDENCE,SOURCE_ASSOCIATED_NATIVE_MARKER,NUMERICAL_MARKER_ONLY_ATTACK_UNCERTAINTY_UNQUANTIFIED,,INDETERMINATE_UNQUANTIFIED_ATTACK_AND_REFERENCE_UNCERTAINTY,NEGATIVE,11.609977324263038,NEW_016,c7efaf8d2029ed140d67b7cbfff1c23fd33e0ffcae18f285566266c063f78e1c,NEW_016_ADTOF_35_14,29.931972789114525,UNCONSTRAINED_NEW_016_174,UNCONSTRAINED_NEW_016_175,TRIO_CONDITIONED_NEW_016_193,,
F_MIX_01265,M56,True,255.3730612244898,DRUM_SUPPORTED,True,702,255.4659410430839,-92.8798185940991,161.49902343750904,PROVISIONAL_QUALIFIED_EVIDENCE,SOURCE_ASSOCIATED_NATIVE_MARKER,NUMERICAL_MARKER_ONLY_ATTACK_UNCERTAINTY_UNQUANTIFIED,,INDETERMINATE_UNQUANTIFIED_ATTACK_AND_REFERENCE_UNCERTAINTY,NEGATIVE,11.609977324263038,NEW_017,c7efaf8d2029ed140d67b7cbfff1c23fd33e0ffcae18f285566266c063f78e1c,NEW_017_ADTOF_35_1,76.93877551020023,,UNCONSTRAINED_NEW_017_14,TRIO_CONDITIONED_NEW_017_15,,
F_MIX_01266,M56,True,255.4659410430839,DRUM_SUPPORTED,True,702,255.4659410430839,0.0,151.99908088234503,PROVISIONAL_QUALIFIED_EVIDENCE,SOURCE_ASSOCIATED_NATIVE_MARKER,NUMERICAL_MARKER_ONLY_ATTACK_UNCERTAINTY_UNQUANTIFIED,,INDETERMINATE_UNQUANTIFIED_ATTACK_AND_REFERENCE_UNCERTAINTY,ZERO,11.609977324263038,NEW_017,c7efaf8d2029ed140d67b7cbfff1c23fd33e0ffcae18f285566266c063f78e1c,NEW_017_ADTOF_35_1,15.941043083898876,,UNCONSTRAINED_NEW_017_19,TRIO_CONDITIONED_NEW_017_20,,
F_MIX_01267,M56,True,255.75619047619048,UNKNOWN,True,703,255.86068027210885,-104.4897959183686,151.99908088234503,UNKNOWN,SOURCE_NEUTRAL_NATIVE_MARKER,NUMERICAL_MARKER_ONLY_ATTACK_UNCERTAINTY_UNQUANTIFIED,,INDETERMINATE_UNQUANTIFIED_ATTACK_AND_REFERENCE_UNCERTAINTY,NEGATIVE,11.609977324263038,NEW_017,c7efaf8d2029ed140d67b7cbfff1c23fd33e0ffcae18f285566266c063f78e1c,NEW_017_ADTOF_49_2,63.80952380951044,,UNCONSTRAINED_NEW_017_23,TRIO_CONDITIONED_NEW_017_23,,
F_MIX_01268,M56,True,255.8374603174603,DRUM_SUPPORTED,True,703,255.86068027210885,-23.219954648538987,151.99908088234503,PROVISIONAL_QUALIFIED_EVIDENCE,SOURCE_ASSOCIATED_NATIVE_MARKER,NUMERICAL_MARKER_ONLY_ATTACK_UNCERTAINTY_UNQUANTIFIED,,INDETERMINATE_UNQUANTIFIED_ATTACK_AND_REFERENCE_UNCERTAINTY,NEGATIVE,11.609977324263038,NEW_017,c7efaf8d2029ed140d67b7cbfff1c23fd33e0ffcae18f285566266c063f78e1c,NEW_017_ADTOF_49_2,17.460317460319175,,UNCONSTRAINED_NEW_017_25,TRIO_CONDITIONED_NEW_017_26,,
F_MIX_01269,M56,True,256.1857596371882,DRUM_SUPPORTED,True,704,256.2321995464853,-46.439909297077975,161.4990234374967,PROVISIONAL_QUALIFIED_EVIDENCE,SOURCE_ASSOCIATED_NATIVE_MARKER,NUMERICAL_MARKER_ONLY_ATTACK_UNCERTAINTY_UNQUANTIFIED,,INDETERMINATE_UNQUANTIFIED_ATTACK_AND_REFERENCE_UNCERTAINTY,NEGATIVE,11.609977324263038,NEW_017,c7efaf8d2029ed140d67b7cbfff1c23fd33e0ffcae18f285566266c063f78e1c,NEW_017_ADTOF_49_3,44.24036281181998,,UNCONSTRAINED_NEW_017_30,TRIO_CONDITIONED_NEW_017_29,,
F_MIX_01270,M56,True,256.24380952380955,DRUM_SUPPORTED,True,704,256.2321995464853,11.609977324269494,161.49902343750904,PROVISIONAL_QUALIFIED_EVIDENCE,SOURCE_ASSOCIATED_NATIVE_MARKER,NUMERICAL_MARKER_ONLY_ATTACK_UNCERTAINTY_UNQUANTIFIED,,INDETERMINATE_UNQUANTIFIED_ATTACK_AND_REFERENCE_UNCERTAINTY,POSITIVE,11.609977324263038,NEW_017,c7efaf8d2029ed140d67b7cbfff1c23fd33e0ffcae18f285566266c063f78e1c,NEW_017_ADTOF_49_3,13.80952380952749,,UNCONSTRAINED_NEW_017_30,TRIO_CONDITIONED_NEW_017_29,,
F_MIX_01271,M56,True,256.5921088435374,DRUM_SUPPORTED,True,705,256.6037188208617,-11.609977324269494,161.49902343750904,PROVISIONAL_QUALIFIED_EVIDENCE,SOURCE_ASSOCIATED_NATIVE_MARKER,NUMERICAL_MARKER_ONLY_ATTACK_UNCERTAINTY_UNQUANTIFIED,,INDETERMINATE_UNQUANTIFIED_ATTACK_AND_REFERENCE_UNCERTAINTY,NEGATIVE,11.609977324263038,NEW_017,c7efaf8d2029ed140d67b7cbfff1c23fd33e0ffcae18f285566266c063f78e1c,NEW_017_ADTOF_49_4,12.108843537419034,,UNCONSTRAINED_NEW_017_33,TRIO_CONDITIONED_NEW_017_32,,
F_MIX_01272,M56,True,256.6269387755102,DRUM_SUPPORTED,True,705,256.6037188208617,23.219954648538987,161.49902343750904,PROVISIONAL_QUALIFIED_EVIDENCE,SOURCE_ASSOCIATED_NATIVE_MARKER,NUMERICAL_MARKER_ONLY_ATTACK_UNCERTAINTY_UNQUANTIFIED,,INDETERMINATE_UNQUANTIFIED_ATTACK_AND_REFERENCE_UNCERTAINTY,POSITIVE,11.609977324263038,NEW_017,c7efaf8d2029ed140d67b7cbfff1c23fd33e0ffcae18f285566266c063f78e1c,NEW_017_ADTOF_49_4,46.938775510227515,,UNCONSTRAINED_NEW_017_33,TRIO_CONDITIONED_NEW_017_32,,
F_MIX_01273,M56,True,256.6965986394558,UNKNOWN,True,705,256.6037188208617,92.8798185940991,161.49902343750904,UNKNOWN,SOURCE_NEUTRAL_NATIVE_MARKER,NUMERICAL_MARKER_ONLY_ATTACK_UNCERTAINTY_UNQUANTIFIED,,INDETERMINATE_UNQUANTIFIED_ATTACK_AND_REFERENCE_UNCERTAINTY,POSITIVE,11.609977324263038,NEW_017,c7efaf8d2029ed140d67b7cbfff1c23fd33e0ffcae18f285566266c063f78e1c,NEW_017_ADTOF_49_4,116.59863945578763,,UNCONSTRAINED_NEW_017_33,TRIO_CONDITIONED_NEW_017_32,,
F_MIX_01274,M56,True,256.97523809523807,DRUM_SUPPORTED,True,706,256.97523809523807,0.0,161.49902343748434,PROVISIONAL_QUALIFIED_EVIDENCE,SOURCE_ASSOCIATED_NATIVE_MARKER,NUMERICAL_MARKER_ONLY_ATTACK_UNCERTAINTY_UNQUANTIFIED,,INDETERMINATE_UNQUANTIFIED_ATTACK_AND_REFERENCE_UNCERTAINTY,ZERO,11.609977324263038,NEW_017,c7efaf8d2029ed140d67b7cbfff1c23fd33e0ffcae18f285566266c063f78e1c,NEW_017_ADTOF_38_0,5.238095238041751,,UNCONSTRAINED_NEW_017_35,TRIO_CONDITIONED_NEW_017_34,,
F_MIX_01275,M56,True,257.3583673469388,DRUM_SUPPORTED,True,707,257.3467573696145,11.609977324269494,161.49902343750904,PROVISIONAL_QUALIFIED_EVIDENCE,SOURCE_ASSOCIATED_NATIVE_MARKER,NUMERICAL_MARKER_ONLY_ATTACK_UNCERTAINTY_UNQUANTIFIED,,INDETERMINATE_UNQUANTIFIED_ATTACK_AND_REFERENCE_UNCERTAINTY,POSITIVE,11.609977324263038,NEW_017,c7efaf8d2029ed140d67b7cbfff1c23fd33e0ffcae18f285566266c063f78e1c,NEW_017_ADTOF_49_6,8.36734693876906,,UNCONSTRAINED_NEW_017_41,TRIO_CONDITIONED_NEW_017_39,,
F_MIX_01276,M56,True,257.39319727891154,DRUM_SUPPORTED,True,707,257.3467573696145,46.43990929702113,161.49902343750904,PROVISIONAL_QUALIFIED_EVIDENCE,SOURCE_ASSOCIATED_NATIVE_MARKER,NUMERICAL_MARKER_ONLY_ATTACK_UNCERTAINTY_UNQUANTIFIED,,INDETERMINATE_UNQUANTIFIED_ATTACK_AND_REFERENCE_UNCERTAINTY,POSITIVE,11.609977324263038,NEW_017,c7efaf8d2029ed140d67b7cbfff1c23fd33e0ffcae18f285566266c063f78e1c,NEW_017_ADTOF_49_6,43.1972789115207,,UNCONSTRAINED_NEW_017_41,TRIO_CONDITIONED_NEW_017_39,,
F_MIX_01277,M56,True,257.7298866213152,DRUM_SUPPORTED,True,708,257.7182766439909,11.609977324269494,161.49902343748434,PROVISIONAL_QUALIFIED_EVIDENCE,SOURCE_ASSOCIATED_NATIVE_MARKER,NUMERICAL_MARKER_ONLY_ATTACK_UNCERTAINTY_UNQUANTIFIED,,INDETERMINATE_UNQUANTIFIED_ATTACK_AND_REFERENCE_UNCERTAINTY,POSITIVE,11.609977324263038,NEW_017,c7efaf8d2029ed140d67b7cbfff1c23fd33e0ffcae18f285566266c063f78e1c,NEW_017_ADTOF_38_1,19.886621315208686,,UNCONSTRAINED_NEW_017_43,TRIO_CONDITIONED_NEW_017_41,,
F_MIX_01278,M56,True,258.02013605442176,DRUM_SUPPORTED,True,709,258.0897959183674,-69.65986394561696,161.49902343748434,PROVISIONAL_QUALIFIED_EVIDENCE,SOURCE_ASSOCIATED_NATIVE_MARKER,NUMERICAL_MARKER_ONLY_ATTACK_UNCERTAINTY_UNQUANTIFIED,,INDETERMINATE_UNQUANTIFIED_ATTACK_AND_REFERENCE_UNCERTAINTY,NEGATIVE,11.609977324263038,NEW_017,c7efaf8d2029ed140d67b7cbfff1c23fd33e0ffcae18f285566266c063f78e1c,NEW_017_ADTOF_49_8,10.136054421764129,,UNCONSTRAINED_NEW_017_49,TRIO_CONDITIONED_NEW_017_52,,
F_MIX_01279,M56,True,258.0781859410431,UNKNOWN,True,709,258.0897959183674,-11.609977324269494,161.49902343748434,UNKNOWN,SOURCE_NEUTRAL_NATIVE_MARKER,NUMERICAL_MARKER_ONLY_ATTACK_UNCERTAINTY_UNQUANTIFIED,,INDETERMINATE_UNQUANTIFIED_ATTACK_AND_REFERENCE_UNCERTAINTY,NEGATIVE,11.609977324263038,NEW_017,c7efaf8d2029ed140d67b7cbfff1c23fd33e0ffcae18f285566266c063f78e1c,NEW_017_ADTOF_35_2,41.814058956902045,,UNCONSTRAINED_NEW_017_55,TRIO_CONDITIONED_NEW_017_52,BASS_00399,
F_MIX_01280,M56,True,258.4497052154195,DRUM_SUPPORTED,True,710,258.46131519274377,-11.609977324269494,161.49902343750904,PROVISIONAL_QUALIFIED_EVIDENCE,SOURCE_ASSOCIATED_NATIVE_MARKER,NUMERICAL_MARKER_ONLY_ATTACK_UNCERTAINTY_UNQUANTIFIED,,INDETERMINATE_UNQUANTIFIED_ATTACK_AND_REFERENCE_UNCERTAINTY,NEGATIVE,11.609977324263038,NEW_017,c7efaf8d2029ed140d67b7cbfff1c23fd33e0ffcae18f285566266c063f78e1c,NEW_017_ADTOF_35_3,10.29478458048061,,UNCONSTRAINED_NEW_017_57,TRIO_CONDITIONED_NEW_017_54,BASS_00400,
F_MIX_01281,M56,True,258.4845351473923,DRUM_SUPPORTED,True,710,258.46131519274377,23.219954648538987,161.49902343750904,PROVISIONAL_QUALIFIED_EVIDENCE,SOURCE_ASSOCIATED_NATIVE_MARKER,NUMERICAL_MARKER_ONLY_ATTACK_UNCERTAINTY_UNQUANTIFIED,,INDETERMINATE_UNQUANTIFIED_ATTACK_AND_REFERENCE_UNCERTAINTY,POSITIVE,11.609977324263038,NEW_017,c7efaf8d2029ed140d67b7cbfff1c23fd33e0ffcae18f285566266c063f78e1c,NEW_017_ADTOF_35_3,24.535147392327872,,UNCONSTRAINED_NEW_017_57,TRIO_CONDITIONED_NEW_017_54,,
F_MIX_01282,M56,True,258.7631746031746,UNKNOWN,True,711,258.83283446712016,-69.65986394556012,161.49902343750904,UNKNOWN,SOURCE_NEUTRAL_NATIVE_MARKER,NUMERICAL_MARKER_ONLY_ATTACK_UNCERTAINTY_UNQUANTIFIED,,INDETERMINATE_UNQUANTIFIED_ATTACK_AND_REFERENCE_UNCERTAINTY,NEGATIVE,11.609977324263038,NEW_017,c7efaf8d2029ed140d67b7cbfff1c23fd33e0ffcae18f285566266c063f78e1c,NEW_017_ADTOF_35_4,76.82539682537026,,UNCONSTRAINED_NEW_017_61,TRIO_CONDITIONED_NEW_017_59,,
F_MIX_01283,M56,True,258.83283446712016,DRUM_SUPPORTED,True,711,258.83283446712016,0.0,161.49902343748434,PROVISIONAL_QUALIFIED_EVIDENCE,SOURCE_ASSOCIATED_NATIVE_MARKER,NUMERICAL_MARKER_ONLY_ATTACK_UNCERTAINTY_UNQUANTIFIED,,INDETERMINATE_UNQUANTIFIED_ATTACK_AND_REFERENCE_UNCERTAINTY,ZERO,11.609977324263038,NEW_017,c7efaf8d2029ed140d67b7cbfff1c23fd33e0ffcae18f285566266c063f78e1c,NEW_017_ADTOF_35_4,7.165532879810144,,UNCONSTRAINED_NEW_017_64,TRIO_CONDITIONED_NEW_017_59,BASS_00401,
F_MIX_01284,M56,True,259.12308390022673,UNKNOWN,True,712,259.2043537414966,-81.26984126988646,161.49902343748434,UNKNOWN,SOURCE_NEUTRAL_NATIVE_MARKER,NUMERICAL_MARKER_ONLY_ATTACK_UNCERTAINTY_UNQUANTIFIED,,INDETERMINATE_UNQUANTIFIED_ATTACK_AND_REFERENCE_UNCERTAINTY,NEGATIVE,11.609977324263038,NEW_017,c7efaf8d2029ed140d67b7cbfff1c23fd33e0ffcae18f285566266c063f78e1c,NEW_017_ADTOF_38_3,76.91609977325697,,UNCONSTRAINED_NEW_017_68,TRIO_CONDITIONED_NEW_017_64,,
F_MIX_01285,M56,True,259.2043537414966,DRUM_SUPPORTED,True,712,259.2043537414966,0.0,161.49902343750904,PROVISIONAL_QUALIFIED_EVIDENCE,SOURCE_ASSOCIATED_NATIVE_MARKER,NUMERICAL_MARKER_ONLY_ATTACK_UNCERTAINTY_UNQUANTIFIED,,INDETERMINATE_UNQUANTIFIED_ATTACK_AND_REFERENCE_UNCERTAINTY,ZERO,11.609977324263038,NEW_017,c7efaf8d2029ed140d67b7cbfff1c23fd33e0ffcae18f285566266c063f78e1c,NEW_017_ADTOF_38_3,4.353741496629482,,UNCONSTRAINED_NEW_017_68,TRIO_CONDITIONED_NEW_017_64,BASS_00402,
F_MIX_01286,M56,True,259.4946031746032,DRUM_SUPPORTED,True,713,259.575873015873,-81.26984126982961,161.49902343750904,PROVISIONAL_QUALIFIED_EVIDENCE,SOURCE_ASSOCIATED_NATIVE_MARKER,NUMERICAL_MARKER_ONLY_ATTACK_UNCERTAINTY_UNQUANTIFIED,,INDETERMINATE_UNQUANTIFIED_ATTACK_AND_REFERENCE_UNCERTAINTY,NEGATIVE,11.609977324263038,NEW_017,c7efaf8d2029ed140d67b7cbfff1c23fd33e0ffcae18f285566266c063f78e1c,NEW_017_ADTOF_49_12,65.39682539681735,,UNCONSTRAINED_NEW_017_71,TRIO_CONDITIONED_NEW_017_65,,
F_MIX_01287,M56,True,259.575873015873,DRUM_SUPPORTED,True,713,259.575873015873,0.0,161.49902343750904,PROVISIONAL_QUALIFIED_EVIDENCE,SOURCE_ASSOCIATED_NATIVE_MARKER,NUMERICAL_MARKER_ONLY_ATTACK_UNCERTAINTY_UNQUANTIFIED,,INDETERMINATE_UNQUANTIFIED_ATTACK_AND_REFERENCE_UNCERTAINTY,ZERO,11.609977324263038,NEW_017,c7efaf8d2029ed140d67b7cbfff1c23fd33e0ffcae18f285566266c063f78e1c,NEW_017_ADTOF_49_12,15.873015873012264,,UNCONSTRAINED_NEW_017_71,TRIO_CONDITIONED_NEW_017_67,BASS_00403,
F_MIX_01288,M56,True,259.7616326530612,UNKNOWN,True,713,259.575873015873,185.7596371881982,161.49902343750904,UNKNOWN,SOURCE_NEUTRAL_NATIVE_MARKER,NUMERICAL_MARKER_ONLY_ATTACK_UNCERTAINTY_UNQUANTIFIED,,INDETERMINATE_UNQUANTIFIED_ATTACK_AND_REFERENCE_UNCERTAINTY,POSITIVE,11.609977324263038,NEW_017,c7efaf8d2029ed140d67b7cbfff1c23fd33e0ffcae18f285566266c063f78e1c,NEW_017_ADTOF_38_4,78.36734693876224,,UNCONSTRAINED_NEW_017_71,TRIO_CONDITIONED_NEW_017_69,,
F_MIX_01289,M56,True,259.8545124716553,DRUM_SUPPORTED,True,714,259.9473922902494,-92.8798185940991,161.49902343750904,PROVISIONAL_QUALIFIED_EVIDENCE,SOURCE_ASSOCIATED_NATIVE_MARKER,NUMERICAL_MARKER_ONLY_ATTACK_UNCERTAINTY_UNQUANTIFIED,,INDETERMINATE_UNQUANTIFIED_ATTACK_AND_REFERENCE_UNCERTAINTY,NEGATIVE,11.609977324263038,NEW_017,c7efaf8d2029ed140d67b7cbfff1c23fd33e0ffcae18f285566266c063f78e1c,NEW_017_ADTOF_38_4,14.512471655336867,,UNCONSTRAINED_NEW_017_71,TRIO_CONDITIONED_NEW_017_69,,
F_MIX_01290,M56,True,259.9473922902494,DRUM_SUPPORTED,True,714,259.9473922902494,0.0,161.49902343748434,PROVISIONAL_QUALIFIED_EVIDENCE,SOURCE_ASSOCIATED_NATIVE_MARKER,NUMERICAL_MARKER_ONLY_ATTACK_UNCERTAINTY_UNQUANTIFIED,,INDETERMINATE_UNQUANTIFIED_ATTACK_AND_REFERENCE_UNCERTAINTY,ZERO,11.609977324263038,NEW_017,c7efaf8d2029ed140d67b7cbfff1c23fd33e0ffcae18f285566266c063f78e1c,NEW_017_ADTOF_35_5,2.607709750577669,,UNCONSTRAINED_NEW_017_71,TRIO_CONDITIONED_NEW_017_73,BASS_00404,
F_MIX_01291,M56,True,260.23764172335603,UNKNOWN,True,715,260.31891156462586,-81.26984126982961,161.49902343748434,UNKNOWN,SOURCE_NEUTRAL_NATIVE_MARKER,NUMERICAL_MARKER_ONLY_ATTACK_UNCERTAINTY_UNQUANTIFIED,,INDETERMINATE_UNQUANTIFIED_ATTACK_AND_REFERENCE_UNCERTAINTY,NEGATIVE,11.609977324263038,NEW_017,c7efaf8d2029ed140d67b7cbfff1c23fd33e0ffcae18f285566266c063f78e1c,NEW_017_ADTOF_49_14,52.358276643985846,,UNCONSTRAINED_NEW_017_71,TRIO_CONDITIONED_NEW_017_75,,
F_MIX_01292,M56,True,260.3073015873016,DRUM_SUPPORTED,True,715,260.31891156462586,-11.609977324269494,161.49902343748434,PROVISIONAL_QUALIFIED_EVIDENCE,SOURCE_ASSOCIATED_NATIVE_MARKER,NUMERICAL_MARKER_ONLY_ATTACK_UNCERTAINTY_UNQUANTIFIED,,INDETERMINATE_UNQUANTIFIED_ATTACK_AND_REFERENCE_UNCERTAINTY,NEGATIVE,11.609977324263038,NEW_017,c7efaf8d2029ed140d67b7cbfff1c23fd33e0ffcae18f285566266c063f78e1c,NEW_017_ADTOF_49_14,17.301587301574273,,UNCONSTRAINED_NEW_017_71,TRIO_CONDITIONED_NEW_017_77,BASS_00405,
F_MIX_01293,M56,True,260.59755102040816,UNKNOWN,True,716,260.69043083900226,-92.8798185940991,161.49902343750904,UNKNOWN,SOURCE_NEUTRAL_NATIVE_MARKER,NUMERICAL_MARKER_ONLY_ATTACK_UNCERTAINTY_UNQUANTIFIED,,INDETERMINATE_UNQUANTIFIED_ATTACK_AND_REFERENCE_UNCERTAINTY,NEGATIVE,11.609977324263038,NEW_017,c7efaf8d2029ed140d67b7cbfff1c23fd33e0ffcae18f285566266c063f78e1c,NEW_017_ADTOF_49_15,72.44897959185437,,UNCONSTRAINED_NEW_017_71,TRIO_CONDITIONED_NEW_017_82,,
F_MIX_01294,M56,True,260.678820861678,DRUM_SUPPORTED,True,716,260.69043083900226,-11.609977324269494,161.49902343750904,PROVISIONAL_QUALIFIED_EVIDENCE,SOURCE_ASSOCIATED_NATIVE_MARKER,NUMERICAL_MARKER_ONLY_ATTACK_UNCERTAINTY_UNQUANTIFIED,,INDETERMINATE_UNQUANTIFIED_ATTACK_AND_REFERENCE_UNCERTAINTY,NEGATIVE,11.609977324263038,NEW_017,c7efaf8d2029ed140d67b7cbfff1c23fd33e0ffcae18f285566266c063f78e1c,NEW_017_ADTOF_49_15,8.820861677975245,,UNCONSTRAINED_NEW_017_71,TRIO_CONDITIONED_NEW_017_82,BASS_00406,
F_MIX_01295,M56,True,260.9806802721088,DRUM_SUPPORTED,True,717,261.06195011337866,-81.26984126982961,161.49902343750904,PROVISIONAL_QUALIFIED_EVIDENCE,SOURCE_ASSOCIATED_NATIVE_MARKER,NUMERICAL_MARKER_ONLY_ATTACK_UNCERTAINTY_UNQUANTIFIED,,INDETERMINATE_UNQUANTIFIED_ATTACK_AND_REFERENCE_UNCERTAINTY,NEGATIVE,11.609977324263038,NEW_017,c7efaf8d2029ed140d67b7cbfff1c23fd33e0ffcae18f285566266c063f78e1c,NEW_017_ADTOF_49_16,30.680272108838835,,UNCONSTRAINED_NEW_017_71,TRIO_CONDITIONED_NEW_017_83,,
F_MIX_01296,M56,True,261.05034013605444,DRUM_SUPPORTED,True,717,261.06195011337866,-11.60997732421265,161.49902343750904,PROVISIONAL_QUALIFIED_EVIDENCE,SOURCE_ASSOCIATED_NATIVE_MARKER,NUMERICAL_MARKER_ONLY_ATTACK_UNCERTAINTY_UNQUANTIFIED,,INDETERMINATE_UNQUANTIFIED_ATTACK_AND_REFERENCE_UNCERTAINTY,NEGATIVE,11.609977324263038,NEW_017,c7efaf8d2029ed140d67b7cbfff1c23fd33e0ffcae18f285566266c063f78e1c,NEW_017_ADTOF_49_17,9.659863945557845,,UNCONSTRAINED_NEW_017_71,TRIO_CONDITIONED_NEW_017_88,BASS_00407,
F_MIX_01297,M56,True,261.0851700680272,DRUM_SUPPORTED,True,717,261.06195011337866,23.219954648538987,172.26562499998857,PROVISIONAL_QUALIFIED_EVIDENCE,SOURCE_ASSOCIATED_NATIVE_MARKER,NUMERICAL_MARKER_ONLY_ATTACK_UNCERTAINTY_UNQUANTIFIED,,INDETERMINATE_UNQUANTIFIED_ATTACK_AND_REFERENCE_UNCERTAINTY,POSITIVE,11.609977324263038,NEW_017,c7efaf8d2029ed140d67b7cbfff1c23fd33e0ffcae18f285566266c063f78e1c,NEW_017_ADTOF_49_17,25.170068027193793,,UNCONSTRAINED_NEW_017_71,TRIO_CONDITIONED_NEW_017_88,,
F_MIX_01298,M56,True,261.41024943310657,DRUM_SUPPORTED,True,718,261.41024943310657,0.0,161.49902343750904,PROVISIONAL_QUALIFIED_EVIDENCE,SOURCE_ASSOCIATED_NATIVE_MARKER,NUMERICAL_MARKER_ONLY_ATTACK_UNCERTAINTY_UNQUANTIFIED,,INDETERMINATE_UNQUANTIFIED_ATTACK_AND_REFERENCE_UNCERTAINTY,ZERO,11.609977324263038,NEW_017,c7efaf8d2029ed140d67b7cbfff1c23fd33e0ffcae18f285566266c063f78e1c,NEW_017_ADTOF_38_5,10.249433106594097,,UNCONSTRAINED_NEW_017_71,TRIO_CONDITIONED_NEW_017_90,BASS_00408,
F_MIX_01299,M56,True,261.70049886621314,UNKNOWN,True,719,261.78176870748297,-81.26984126982961,161.49902343750904,UNKNOWN,SOURCE_NEUTRAL_NATIVE_MARKER,NUMERICAL_MARKER_ONLY_ATTACK_UNCERTAINTY_UNQUANTIFIED,,INDETERMINATE_UNQUANTIFIED_ATTACK_AND_REFERENCE_UNCERTAINTY,NEGATIVE,11.609977324263038,NEW_017,c7efaf8d2029ed140d67b7cbfff1c23fd33e0ffcae18f285566266c063f78e1c,NEW_017_ADTOF_49_19,59.50113378685273,,UNCONSTRAINED_NEW_017_71,TRIO_CONDITIONED_NEW_017_96,,
F_MIX_01300,M56,True,261.77015873015876,DRUM_SUPPORTED,True,719,261.78176870748297,-11.60997732421265,161.49902343750904,PROVISIONAL_QUALIFIED_EVIDENCE,SOURCE_ASSOCIATED_NATIVE_MARKER,NUMERICAL_MARKER_ONLY_ATTACK_UNCERTAINTY_UNQUANTIFIED,,INDETERMINATE_UNQUANTIFIED_ATTACK_AND_REFERENCE_UNCERTAINTY,NEGATIVE,11.609977324263038,NEW_017,c7efaf8d2029ed140d67b7cbfff1c23fd33e0ffcae18f285566266c063f78e1c,NEW_017_ADTOF_49_19,10.158730158764229,,UNCONSTRAINED_NEW_017_71,TRIO_CONDITIONED_NEW_017_96,BASS_00409,
F_MIX_01301,M56,True,261.9675283446712,UNKNOWN,True,720,262.1532879818594,-185.7596371881982,161.49902343748434,UNKNOWN,SOURCE_NEUTRAL_NATIVE_MARKER,NUMERICAL_MARKER_ONLY_ATTACK_UNCERTAINTY_UNQUANTIFIED,,INDETERMINATE_UNQUANTIFIED_ATTACK_AND_REFERENCE_UNCERTAINTY,NEGATIVE,11.609977324263038,NEW_017,c7efaf8d2029ed140d67b7cbfff1c23fd33e0ffcae18f285566266c063f78e1c,NEW_017_ADTOF_38_6,62.471655328749875,,UNCONSTRAINED_NEW_017_71,TRIO_CONDITIONED_NEW_017_100,,
F_MIX_01302,M56,True,262.04879818594105,DRUM_SUPPORTED,True,720,262.1532879818594,-104.4897959183686,161.49902343748434,PROVISIONAL_QUALIFIED_EVIDENCE,SOURCE_ASSOCIATED_NATIVE_MARKER,NUMERICAL_MARKER_ONLY_ATTACK_UNCERTAINTY_UNQUANTIFIED,,INDETERMINATE_UNQUANTIFIED_ATTACK_AND_REFERENCE_UNCERTAINTY,NEGATIVE,11.609977324263038,NEW_017,c7efaf8d2029ed140d67b7cbfff1c23fd33e0ffcae18f285566266c063f78e1c,NEW_017_ADTOF_38_6,18.798185941079737,,UNCONSTRAINED_NEW_017_71,TRIO_CONDITIONED_NEW_017_100,BASS_00410,
F_MIX_01303,M56,True,262.32743764172335,UNKNOWN,True,720,262.1532879818594,174.14965986392872,172.26562500001668,UNKNOWN,SOURCE_NEUTRAL_NATIVE_MARKER,NUMERICAL_MARKER_ONLY_ATTACK_UNCERTAINTY_UNQUANTIFIED,,INDETERMINATE_UNQUANTIFIED_ATTACK_AND_REFERENCE_UNCERTAINTY,POSITIVE,11.609977324263038,NEW_017,c7efaf8d2029ed140d67b7cbfff1c23fd33e0ffcae18f285566266c063f78e1c,NEW_017_ADTOF_35_7,172.56235827665023,,UNCONSTRAINED_NEW_017_71,TRIO_CONDITIONED_NEW_017_106,,
F_MIX_01304,M56,True,262.443537414966,UNKNOWN,True,721,262.5015873015873,-58.049886621290625,172.26562500001668,UNKNOWN,SOURCE_NEUTRAL_NATIVE_MARKER,NUMERICAL_MARKER_ONLY_ATTACK_UNCERTAINTY_UNQUANTIFIED,,INDETERMINATE_UNQUANTIFIED_ATTACK_AND_REFERENCE_UNCERTAINTY,NEGATIVE,11.609977324263038,NEW_017,c7efaf8d2029ed140d67b7cbfff1c23fd33e0ffcae18f285566266c063f78e1c,NEW_017_ADTOF_35_7,56.462585034012136,,UNCONSTRAINED_NEW_017_71,TRIO_CONDITIONED_NEW_017_109,,
F_MIX_01305,M56,True,262.51319727891155,DRUM_SUPPORTED,True,721,262.5015873015873,11.609977324269494,161.49902343748434,PROVISIONAL_QUALIFIED_EVIDENCE,SOURCE_ASSOCIATED_NATIVE_MARKER,NUMERICAL_MARKER_ONLY_ATTACK_UNCERTAINTY_UNQUANTIFIED,,INDETERMINATE_UNQUANTIFIED_ATTACK_AND_REFERENCE_UNCERTAINTY,POSITIVE,11.609977324263038,NEW_017,c7efaf8d2029ed140d67b7cbfff1c23fd33e0ffcae18f285566266c063f78e1c,NEW_017_ADTOF_35_7,13.197278911547983,,UNCONSTRAINED_NEW_017_71,TRIO_CONDITIONED_NEW_017_109,BASS_00411,
F_MIX_01306,M56,True,262.78022675736963,UNKNOWN,True,722,262.87310657596373,-92.8798185940991,161.49902343748434,UNKNOWN,SOURCE_NEUTRAL_NATIVE_MARKER,NUMERICAL_MARKER_ONLY_ATTACK_UNCERTAINTY_UNQUANTIFIED,,INDETERMINATE_UNQUANTIFIED_ATTACK_AND_REFERENCE_UNCERTAINTY,NEGATIVE,11.609977324263038,NEW_017,c7efaf8d2029ed140d67b7cbfff1c23fd33e0ffcae18f285566266c063f78e1c,NEW_017_ADTOF_49_22,79.77324263038099,,UNCONSTRAINED_NEW_017_71,TRIO_CONDITIONED_NEW_017_114,,
F_MIX_01307,M56,True,262.884716553288,DRUM_SUPPORTED,True,722,262.87310657596373,11.609977324269494,172.26562500001668,PROVISIONAL_QUALIFIED_EVIDENCE,SOURCE_ASSOCIATED_NATIVE_MARKER,NUMERICAL_MARKER_ONLY_ATTACK_UNCERTAINTY_UNQUANTIFIED,,INDETERMINATE_UNQUANTIFIED_ATTACK_AND_REFERENCE_UNCERTAINTY,POSITIVE,11.609977324263038,NEW_017,c7efaf8d2029ed140d67b7cbfff1c23fd33e0ffcae18f285566266c063f78e1c,NEW_017_ADTOF_49_22,24.716553287987608,,UNCONSTRAINED_NEW_017_71,TRIO_CONDITIONED_NEW_017_116,BASS_00412,
F_MIX_01308,M56,True,263.15174603174603,DRUM_SUPPORTED,True,723,263.2214058956916,-69.65986394556012,172.26562500001668,PROVISIONAL_QUALIFIED_EVIDENCE,SOURCE_ASSOCIATED_NATIVE_MARKER,NUMERICAL_MARKER_ONLY_ATTACK_UNCERTAINTY_UNQUANTIFIED,,INDETERMINATE_UNQUANTIFIED_ATTACK_AND_REFERENCE_UNCERTAINTY,NEGATIVE,11.609977324263038,NEW_017,c7efaf8d2029ed140d67b7cbfff1c23fd33e0ffcae18f285566266c063f78e1c,NEW_017_ADTOF_38_7,21.746031746033623,,UNCONSTRAINED_NEW_017_71,TRIO_CONDITIONED_NEW_017_117,BASS_00413,
F_MIX_01309,M56,True,263.5232653061224,DRUM_SUPPORTED,True,724,263.5697052154195,-46.439909297077975,172.26562499998857,PROVISIONAL_QUALIFIED_EVIDENCE,SOURCE_ASSOCIATED_NATIVE_MARKER,NUMERICAL_MARKER_ONLY_ATTACK_UNCERTAINTY_UNQUANTIFIED,,INDETERMINATE_UNQUANTIFIED_ATTACK_AND_REFERENCE_UNCERTAINTY,NEGATIVE,11.609977324263038,NEW_017,c7efaf8d2029ed140d67b7cbfff1c23fd33e0ffcae18f285566266c063f78e1c,NEW_017_ADTOF_49_24,23.2653061224255,,UNCONSTRAINED_NEW_017_71,TRIO_CONDITIONED_NEW_017_121,,
F_MIX_01310,M56,True,263.6161451247166,DRUM_SUPPORTED,True,724,263.5697052154195,46.439909297077975,161.49902343750904,PROVISIONAL_QUALIFIED_EVIDENCE,SOURCE_ASSOCIATED_NATIVE_MARKER,NUMERICAL_MARKER_ONLY_ATTACK_UNCERTAINTY_UNQUANTIFIED,,INDETERMINATE_UNQUANTIFIED_ATTACK_AND_REFERENCE_UNCERTAINTY,POSITIVE,11.609977324263038,NEW_017,c7efaf8d2029ed140d67b7cbfff1c23fd33e0ffcae18f285566266c063f78e1c,NEW_017_ADTOF_35_9,16.145124716558712,,UNCONSTRAINED_NEW_017_71,TRIO_CONDITIONED_NEW_017_123,BASS_00414,
F_MIX_01311,M56,True,263.8831746031746,DRUM_SUPPORTED,True,725,263.9412244897959,-58.049886621290625,161.49902343750904,PROVISIONAL_QUALIFIED_EVIDENCE,SOURCE_ASSOCIATED_NATIVE_MARKER,NUMERICAL_MARKER_ONLY_ATTACK_UNCERTAINTY_UNQUANTIFIED,,INDETERMINATE_UNQUANTIFIED_ATTACK_AND_REFERENCE_UNCERTAINTY,NEGATIVE,11.609977324263038,NEW_017,c7efaf8d2029ed140d67b7cbfff1c23fd33e0ffcae18f285566266c063f78e1c,NEW_017_ADTOF_49_26,23.17460317459563,,UNCONSTRAINED_NEW_017_71,TRIO_CONDITIONED_NEW_017_131,BASS_00415;BASS_00416,
F_MIX_01312,M56,True,264.3243537414966,DRUM_SUPPORTED,True,726,264.2895238095238,34.82993197280848,172.26562499998857,PROVISIONAL_QUALIFIED_EVIDENCE,SOURCE_ASSOCIATED_NATIVE_MARKER,NUMERICAL_MARKER_ONLY_ATTACK_UNCERTAINTY_UNQUANTIFIED,,INDETERMINATE_UNQUANTIFIED_ATTACK_AND_REFERENCE_UNCERTAINTY,POSITIVE,11.609977324263038,NEW_017,c7efaf8d2029ed140d67b7cbfff1c23fd33e0ffcae18f285566266c063f78e1c,NEW_017_ADTOF_49_28,4.353741496629482,,UNCONSTRAINED_NEW_017_71,TRIO_CONDITIONED_NEW_017_135,BASS_00417,
F_MIX_01313,M56,True,264.59138321995465,UNKNOWN,True,727,264.63782312925173,-46.439909297077975,172.26562499998857,UNKNOWN,SOURCE_NEUTRAL_NATIVE_MARKER,NUMERICAL_MARKER_ONLY_ATTACK_UNCERTAINTY_UNQUANTIFIED,,INDETERMINATE_UNQUANTIFIED_ATTACK_AND_REFERENCE_UNCERTAINTY,NEGATIVE,11.609977324263038,NEW_017,c7efaf8d2029ed140d67b7cbfff1c23fd33e0ffcae18f285566266c063f78e1c,NEW_017_ADTOF_35_11,78.61678004536543,,UNCONSTRAINED_NEW_017_71,TRIO_CONDITIONED_NEW_017_138,,
F_MIX_01314,M56,True,264.695873015873,DRUM_SUPPORTED,True,727,264.63782312925173,58.049886621290625,161.49902343750904,PROVISIONAL_QUALIFIED_EVIDENCE,SOURCE_ASSOCIATED_NATIVE_MARKER,NUMERICAL_MARKER_ONLY_ATTACK_UNCERTAINTY_UNQUANTIFIED,,INDETERMINATE_UNQUANTIFIED_ATTACK_AND_REFERENCE_UNCERTAINTY,POSITIVE,11.609977324263038,NEW_017,c7efaf8d2029ed140d67b7cbfff1c23fd33e0ffcae18f285566266c063f78e1c,NEW_017_ADTOF_35_11,25.87301587300317,,UNCONSTRAINED_NEW_017_71,TRIO_CONDITIONED_NEW_017_138,BASS_00418,
F_MIX_01315,M56,True,264.96290249433105,DRUM_SUPPORTED,True,728,265.0093424036281,-46.439909297077975,161.49902343750904,PROVISIONAL_QUALIFIED_EVIDENCE,SOURCE_ASSOCIATED_NATIVE_MARKER,NUMERICAL_MARKER_ONLY_ATTACK_UNCERTAINTY_UNQUANTIFIED,,INDETERMINATE_UNQUANTIFIED_ATTACK_AND_REFERENCE_UNCERTAINTY,NEGATIVE,11.609977324263038,NEW_017,c7efaf8d2029ed140d67b7cbfff1c23fd33e0ffcae18f285566266c063f78e1c,NEW_017_ADTOF_38_10,32.90249433104009,,UNCONSTRAINED_NEW_017_71,TRIO_CONDITIONED_NEW_017_142,,
F_MIX_01316,M56,True,265.05578231292515,DRUM_SUPPORTED,True,728,265.0093424036281,46.43990929702113,172.26562500001668,PROVISIONAL_QUALIFIED_EVIDENCE,SOURCE_ASSOCIATED_NATIVE_MARKER,NUMERICAL_MARKER_ONLY_ATTACK_UNCERTAINTY_UNQUANTIFIED,,INDETERMINATE_UNQUANTIFIED_ATTACK_AND_REFERENCE_UNCERTAINTY,POSITIVE,11.609977324263038,NEW_017,c7efaf8d2029ed140d67b7cbfff1c23fd33e0ffcae18f285566266c063f78e1c,NEW_017_ADTOF_35_12,15.782312925125552,,UNCONSTRAINED_NEW_017_71,TRIO_CONDITIONED_NEW_017_144,BASS_00419,
F_MIX_01317,M56,True,265.31120181405896,DRUM_SUPPORTED,True,729,265.357641723356,-46.43990929702113,172.26562500001668,PROVISIONAL_QUALIFIED_EVIDENCE,SOURCE_ASSOCIATED_NATIVE_MARKER,NUMERICAL_MARKER_ONLY_ATTACK_UNCERTAINTY_UNQUANTIFIED,,INDETERMINATE_UNQUANTIFIED_ATTACK_AND_REFERENCE_UNCERTAINTY,NEGATIVE,11.609977324263038,NEW_017,c7efaf8d2029ed140d67b7cbfff1c23fd33e0ffcae18f285566266c063f78e1c,NEW_017_ADTOF_38_12,31.201814058988475,,UNCONSTRAINED_NEW_017_71,TRIO_CONDITIONED_NEW_017_146,,
F_MIX_01318,M56,True,265.41569160997733,DRUM_SUPPORTED,True,729,265.357641723356,58.04988662134747,161.49902343748434,PROVISIONAL_QUALIFIED_EVIDENCE,SOURCE_ASSOCIATED_NATIVE_MARKER,NUMERICAL_MARKER_ONLY_ATTACK_UNCERTAINTY_UNQUANTIFIED,,INDETERMINATE_UNQUANTIFIED_ATTACK_AND_REFERENCE_UNCERTAINTY,POSITIVE,11.609977324263038,NEW_017,c7efaf8d2029ed140d67b7cbfff1c23fd33e0ffcae18f285566266c063f78e1c,NEW_017_ADTOF_38_13,15.691609977352527,,UNCONSTRAINED_NEW_017_71,TRIO_CONDITIONED_NEW_017_149,BASS_00420,
F_MIX_01319,M56,True,265.6711111111111,DRUM_SUPPORTED,True,730,265.72916099773244,-58.04988662134747,161.49902343748434,PROVISIONAL_QUALIFIED_EVIDENCE,SOURCE_ASSOCIATED_NATIVE_MARKER,NUMERICAL_MARKER_ONLY_ATTACK_UNCERTAINTY_UNQUANTIFIED,,INDETERMINATE_UNQUANTIFIED_ATTACK_AND_REFERENCE_UNCERTAINTY,NEGATIVE,11.609977324263038,NEW_017,c7efaf8d2029ed140d67b7cbfff1c23fd33e0ffcae18f285566266c063f78e1c,NEW_017_ADTOF_35_13,21.11111111111086,,UNCONSTRAINED_NEW_017_71,TRIO_CONDITIONED_NEW_017_153,BASS_FMIX_00006,
F_MIX_01320,M56,True,265.7872108843537,DRUM_SUPPORTED,True,730,265.72916099773244,58.049886621290625,161.49902343750904,PROVISIONAL_QUALIFIED_EVIDENCE,SOURCE_ASSOCIATED_NATIVE_MARKER,NUMERICAL_MARKER_ONLY_ATTACK_UNCERTAINTY_UNQUANTIFIED,,INDETERMINATE_UNQUANTIFIED_ATTACK_AND_REFERENCE_UNCERTAINTY,POSITIVE,11.609977324263038,NEW_017,c7efaf8d2029ed140d67b7cbfff1c23fd33e0ffcae18f285566266c063f78e1c,NEW_017_ADTOF_49_33,17.210884353744405,,UNCONSTRAINED_NEW_017_71,TRIO_CONDITIONED_NEW_017_155,,
F_MIX_01321,M56,True,266.0310204081633,DRUM_SUPPORTED,True,731,266.10068027210883,-69.65986394556012,161.49902343750904,PROVISIONAL_QUALIFIED_EVIDENCE,SOURCE_ASSOCIATED_NATIVE_MARKER,NUMERICAL_MARKER_ONLY_ATTACK_UNCERTAINTY_UNQUANTIFIED,,INDETERMINATE_UNQUANTIFIED_ATTACK_AND_REFERENCE_UNCERTAINTY,NEGATIVE,11.609977324263038,NEW_017,c7efaf8d2029ed140d67b7cbfff1c23fd33e0ffcae18f285566266c063f78e1c,NEW_017_ADTOF_35_14,11.020408163290085,,UNCONSTRAINED_NEW_017_71,TRIO_CONDITIONED_NEW_017_160,,
F_MIX_01322,M56,True,266.13551020408164,DRUM_SUPPORTED,True,731,266.10068027210883,34.82993197280848,161.49902343748434,PROVISIONAL_QUALIFIED_EVIDENCE,SOURCE_ASSOCIATED_NATIVE_MARKER,NUMERICAL_MARKER_ONLY_ATTACK_UNCERTAINTY_UNQUANTIFIED,,INDETERMINATE_UNQUANTIFIED_ATTACK_AND_REFERENCE_UNCERTAINTY,POSITIVE,11.609977324263038,NEW_017,c7efaf8d2029ed140d67b7cbfff1c23fd33e0ffcae18f285566266c063f78e1c,NEW_017_ADTOF_35_15,4.4897959183458624,,UNCONSTRAINED_NEW_017_71,TRIO_CONDITIONED_NEW_017_160,BASS_00421,
F_MIX_01323,M56,True,266.40253968253967,DRUM_SUPPORTED,True,732,266.4721995464853,-69.65986394561696,161.49902343748434,PROVISIONAL_QUALIFIED_EVIDENCE,SOURCE_ASSOCIATED_NATIVE_MARKER,NUMERICAL_MARKER_ONLY_ATTACK_UNCERTAINTY_UNQUANTIFIED,,INDETERMINATE_UNQUANTIFIED_ATTACK_AND_REFERENCE_UNCERTAINTY,NEGATIVE,11.609977324263038,NEW_017,c7efaf8d2029ed140d67b7cbfff1c23fd33e0ffcae18f285566266c063f78e1c,NEW_017_ADTOF_38_15,12.539682539681962,,UNCONSTRAINED_NEW_017_71,TRIO_CONDITIONED_NEW_017_164,,
F_MIX_01324,M56,True,266.5302494331066,DRUM_SUPPORTED,True,732,266.4721995464853,58.049886621290625,161.49902343750904,PROVISIONAL_QUALIFIED_EVIDENCE,SOURCE_ASSOCIATED_NATIVE_MARKER,NUMERICAL_MARKER_ONLY_ATTACK_UNCERTAINTY_UNQUANTIFIED,,INDETERMINATE_UNQUANTIFIED_ATTACK_AND_REFERENCE_UNCERTAINTY,POSITIVE,11.609977324263038,NEW_017,c7efaf8d2029ed140d67b7cbfff1c23fd33e0ffcae18f285566266c063f78e1c,NEW_017_ADTOF_38_16,20.249433106585002,,UNCONSTRAINED_NEW_017_71,TRIO_CONDITIONED_NEW_017_165,,
F_MIX_01325,M56,True,266.7740589569161,UNKNOWN,True,733,266.8437188208617,-69.65986394556012,161.49902343750904,UNKNOWN,SOURCE_NEUTRAL_NATIVE_MARKER,NUMERICAL_MARKER_ONLY_ATTACK_UNCERTAINTY_UNQUANTIFIED,,INDETERMINATE_UNQUANTIFIED_ATTACK_AND_REFERENCE_UNCERTAINTY,NEGATIVE,11.609977324263038,NEW_017,c7efaf8d2029ed140d67b7cbfff1c23fd33e0ffcae18f285566266c063f78e1c,NEW_017_ADTOF_49_36,95.94104308388296,,UNCONSTRAINED_NEW_017_71,TRIO_CONDITIONED_NEW_017_168,BASS_00422,
F_MIX_01326,M56,True,266.8785487528345,DRUM_SUPPORTED,True,733,266.8437188208617,34.82993197280848,161.49902343750904,PROVISIONAL_QUALIFIED_EVIDENCE,SOURCE_ASSOCIATED_NATIVE_MARKER,NUMERICAL_MARKER_ONLY_ATTACK_UNCERTAINTY_UNQUANTIFIED,,INDETERMINATE_UNQUANTIFIED_ATTACK_AND_REFERENCE_UNCERTAINTY,POSITIVE,11.609977324263038,NEW_017,c7efaf8d2029ed140d67b7cbfff1c23fd33e0ffcae18f285566266c063f78e1c,NEW_017_ADTOF_49_36,8.54875283448564,,UNCONSTRAINED_NEW_017_71,TRIO_CONDITIONED_NEW_017_172,,
F_MIX_01327,M56,True,267.1455782312925,DRUM_SUPPORTED,True,734,267.2152380952381,-69.65986394556012,161.49902343750904,PROVISIONAL_QUALIFIED_EVIDENCE,SOURCE_ASSOCIATED_NATIVE_MARKER,NUMERICAL_MARKER_ONLY_ATTACK_UNCERTAINTY_UNQUANTIFIED,,INDETERMINATE_UNQUANTIFIED_ATTACK_AND_REFERENCE_UNCERTAINTY,NEGATIVE,11.609977324263038,NEW_017,c7efaf8d2029ed140d67b7cbfff1c23fd33e0ffcae18f285566266c063f78e1c,NEW_017_ADTOF_35_16,15.57823129252256,,UNCONSTRAINED_NEW_017_71,TRIO_CONDITIONED_NEW_017_177,BASS_00424,
F_MIX_01328,M56,True,267.2732879818594,DRUM_SUPPORTED,True,734,267.2152380952381,58.04988662134747,161.49902343748434,PROVISIONAL_QUALIFIED_EVIDENCE,SOURCE_ASSOCIATED_NATIVE_MARKER,NUMERICAL_MARKER_ONLY_ATTACK_UNCERTAINTY_UNQUANTIFIED,,INDETERMINATE_UNQUANTIFIED_ATTACK_AND_REFERENCE_UNCERTAINTY,POSITIVE,11.609977324263038,NEW_017,c7efaf8d2029ed140d67b7cbfff1c23fd33e0ffcae18f285566266c063f78e1c,NEW_017_ADTOF_38_17,23.2879818594256,,UNCONSTRAINED_NEW_017_71,TRIO_CONDITIONED_NEW_017_179,,
F_MIX_01329,M56,True,267.50548752834464,DRUM_SUPPORTED,True,735,267.58675736961453,-81.26984126988646,161.49902343748434,PROVISIONAL_QUALIFIED_EVIDENCE,SOURCE_ASSOCIATED_NATIVE_MARKER,NUMERICAL_MARKER_ONLY_ATTACK_UNCERTAINTY_UNQUANTIFIED,,INDETERMINATE_UNQUANTIFIED_ATTACK_AND_REFERENCE_UNCERTAINTY,NEGATIVE,11.609977324263038,NEW_017,c7efaf8d2029ed140d67b7cbfff1c23fd33e0ffcae18f285566266c063f78e1c,NEW_017_ADTOF_38_18,15.487528344635848,,UNCONSTRAINED_NEW_017_71,TRIO_CONDITIONED_NEW_017_181,,
F_MIX_01330,M56,True,267.6215873015873,DRUM_SUPPORTED,True,735,267.58675736961453,34.82993197275164,161.49902343750904,PROVISIONAL_QUALIFIED_EVIDENCE,SOURCE_ASSOCIATED_NATIVE_MARKER,NUMERICAL_MARKER_ONLY_ATTACK_UNCERTAINTY_UNQUANTIFIED,,INDETERMINATE_UNQUANTIFIED_ATTACK_AND_REFERENCE_UNCERTAINTY,POSITIVE,11.609977324263038,NEW_017,c7efaf8d2029ed140d67b7cbfff1c23fd33e0ffcae18f285566266c063f78e1c,NEW_017_ADTOF_49_39,11.587301587269394,,UNCONSTRAINED_NEW_017_71,TRIO_CONDITIONED_NEW_017_182,,
F_MIX_01331,M56,True,267.8770068027211,DRUM_SUPPORTED,True,736,267.9582766439909,-81.26984126982961,161.49902343750904,PROVISIONAL_QUALIFIED_EVIDENCE,SOURCE_ASSOCIATED_NATIVE_MARKER,NUMERICAL_MARKER_ONLY_ATTACK_UNCERTAINTY_UNQUANTIFIED,,INDETERMINATE_UNQUANTIFIED_ATTACK_AND_REFERENCE_UNCERTAINTY,NEGATIVE,11.609977324263038,NEW_017,c7efaf8d2029ed140d67b7cbfff1c23fd33e0ffcae18f285566266c063f78e1c,NEW_017_ADTOF_38_19,17.00680272108457,,UNCONSTRAINED_NEW_017_71,TRIO_CONDITIONED_NEW_017_186,,
F_MIX_01332,M56,True,268.35301587301586,UNKNOWN,True,737,268.3297959183673,23.219954648538987,151.99908088233408,UNKNOWN,SOURCE_NEUTRAL_NATIVE_MARKER,NUMERICAL_MARKER_ONLY_ATTACK_UNCERTAINTY_UNQUANTIFIED,,INDETERMINATE_UNQUANTIFIED_ATTACK_AND_REFERENCE_UNCERTAINTY,POSITIVE,11.609977324263038,NEW_017,c7efaf8d2029ed140d67b7cbfff1c23fd33e0ffcae18f285566266c063f78e1c,NEW_017_ADTOF_38_20,376.98412698415495,,UNCONSTRAINED_NEW_017_71,TRIO_CONDITIONED_NEW_017_193,BASS_00425,
F_MIX_01333,M56,True,268.62004535147395,UNKNOWN,True,738,268.7245351473923,-104.4897959183686,151.99908088233408,UNKNOWN,SOURCE_NEUTRAL_NATIVE_MARKER,NUMERICAL_MARKER_ONLY_ATTACK_UNCERTAINTY_UNQUANTIFIED,,INDETERMINATE_UNQUANTIFIED_ATTACK_AND_REFERENCE_UNCERTAINTY,NEGATIVE,11.609977324263038,NEW_017,c7efaf8d2029ed140d67b7cbfff1c23fd33e0ffcae18f285566266c063f78e1c,NEW_017_ADTOF_38_20,109.95464852607029,,UNCONSTRAINED_NEW_017_71,TRIO_CONDITIONED_NEW_017_195,,
F_MIX_01334,M56,True,268.73614512471653,DRUM_SUPPORTED,True,738,268.7245351473923,11.60997732421265,161.49902343750904,PROVISIONAL_QUALIFIED_EVIDENCE,SOURCE_ASSOCIATED_NATIVE_MARKER,NUMERICAL_MARKER_ONLY_ATTACK_UNCERTAINTY_UNQUANTIFIED,,INDETERMINATE_UNQUANTIFIED_ATTACK_AND_REFERENCE_UNCERTAINTY,POSITIVE,11.609977324263038,NEW_017,c7efaf8d2029ed140d67b7cbfff1c23fd33e0ffcae18f285566266c063f78e1c,NEW_017_ADTOF_38_20,6.1451247165109635,,UNCONSTRAINED_NEW_017_71,TRIO_CONDITIONED_NEW_017_195,,
F_MIX_01335,M56,True,269.04961451247163,UNKNOWN,True,739,269.0960544217687,-46.439909297077975,161.49902343750904,UNKNOWN,SOURCE_NEUTRAL_NATIVE_MARKER,NUMERICAL_MARKER_ONLY_ATTACK_UNCERTAINTY_UNQUANTIFIED,,INDETERMINATE_UNQUANTIFIED_ATTACK_AND_REFERENCE_UNCERTAINTY,NEGATIVE,11.609977324263038,NEW_017,c7efaf8d2029ed140d67b7cbfff1c23fd33e0ffcae18f285566266c063f78e1c,NEW_017_ADTOF_35_17,40.385487528340036,,UNCONSTRAINED_NEW_017_71,TRIO_CONDITIONED_NEW_017_198,,
F_MIX_01336,M56,True,269.107664399093,DRUM_SUPPORTED,True,739,269.0960544217687,11.609977324269494,161.49902343750904,PROVISIONAL_QUALIFIED_EVIDENCE,SOURCE_ASSOCIATED_NATIVE_MARKER,NUMERICAL_MARKER_ONLY_ATTACK_UNCERTAINTY_UNQUANTIFIED,,INDETERMINATE_UNQUANTIFIED_ATTACK_AND_REFERENCE_UNCERTAINTY,POSITIVE,11.609977324263038,NEW_017,c7efaf8d2029ed140d67b7cbfff1c23fd33e0ffcae18f285566266c063f78e1c,NEW_017_ADTOF_35_17,17.664399093007432,,UNCONSTRAINED_NEW_017_71,TRIO_CONDITIONED_NEW_017_198,BASS_00426,
F_MIX_01337,M56,True,269.5140136054422,DRUM_SUPPORTED,True,740,269.4675736961451,46.439909297077975,161.49902343748434,PROVISIONAL_QUALIFIED_EVIDENCE,SOURCE_ASSOCIATED_NATIVE_MARKER,NUMERICAL_MARKER_ONLY_ATTACK_UNCERTAINTY_UNQUANTIFIED,,INDETERMINATE_UNQUANTIFIED_ATTACK_AND_REFERENCE_UNCERTAINTY,POSITIVE,11.609977324263038,NEW_017,c7efaf8d2029ed140d67b7cbfff1c23fd33e0ffcae18f285566266c063f78e1c,NEW_017_ADTOF_38_21,4.013605442196422,,UNCONSTRAINED_NEW_017_71,TRIO_CONDITIONED_NEW_017_201,,
F_MIX_01338,M56,True,269.7229931972789,UNKNOWN,True,741,269.83909297052156,-116.0997732426381,161.49902343748434,UNKNOWN,SOURCE_NEUTRAL_NATIVE_MARKER,NUMERICAL_MARKER_ONLY_ATTACK_UNCERTAINTY_UNQUANTIFIED,,INDETERMINATE_UNQUANTIFIED_ATTACK_AND_REFERENCE_UNCERTAINTY,NEGATIVE,11.609977324263038,NEW_017,c7efaf8d2029ed140d67b7cbfff1c23fd33e0ffcae18f285566266c063f78e1c,NEW_017_ADTOF_49_44,147.00680272108002,,UNCONSTRAINED_NEW_017_71,TRIO_CONDITIONED_NEW_017_207,BASS_00427,
F_MIX_01339,M56,True,269.7926530612245,UNKNOWN,True,741,269.83909297052156,-46.439909297077975,161.49902343748434,UNKNOWN,SOURCE_NEUTRAL_NATIVE_MARKER,NUMERICAL_MARKER_ONLY_ATTACK_UNCERTAINTY_UNQUANTIFIED,,INDETERMINATE_UNQUANTIFIED_ATTACK_AND_REFERENCE_UNCERTAINTY,NEGATIVE,11.609977324263038,NEW_017,c7efaf8d2029ed140d67b7cbfff1c23fd33e0ffcae18f285566266c063f78e1c,NEW_017_ADTOF_49_44,77.3469387755199,,UNCONSTRAINED_NEW_017_71,TRIO_CONDITIONED_NEW_017_207,,
F_MIX_01340,M56,True,269.8855328798186,DRUM_SUPPORTED,True,741,269.83909297052156,46.43990929702113,151.99908088235597,PROVISIONAL_QUALIFIED_EVIDENCE,SOURCE_ASSOCIATED_NATIVE_MARKER,NUMERICAL_MARKER_ONLY_ATTACK_UNCERTAINTY_UNQUANTIFIED,,INDETERMINATE_UNQUANTIFIED_ATTACK_AND_REFERENCE_UNCERTAINTY,POSITIVE,11.609977324263038,NEW_017,c7efaf8d2029ed140d67b7cbfff1c23fd33e0ffcae18f285566266c063f78e1c,NEW_017_ADTOF_49_44,15.532879818579204,,UNCONSTRAINED_NEW_017_71,TRIO_CONDITIONED_NEW_017_207,,
F_MIX_01341,M56,True,270.02485260770976,UNKNOWN,True,741,269.83909297052156,185.7596371881982,151.99908088235597,UNKNOWN,SOURCE_NEUTRAL_NATIVE_MARKER,NUMERICAL_MARKER_ONLY_ATTACK_UNCERTAINTY_UNQUANTIFIED,,INDETERMINATE_UNQUANTIFIED_ATTACK_AND_REFERENCE_UNCERTAINTY,POSITIVE,11.609977324263038,NEW_018,c7efaf8d2029ed140d67b7cbfff1c23fd33e0ffcae18f285566266c063f78e1c,NEW_018_ADTOF_38_0,235.14739229023007,UNCONSTRAINED_NEW_018_4,UNCONSTRAINED_NEW_018_5,TRIO_CONDITIONED_NEW_018_4,,
F_MIX_01342,M56,True,270.17578231292515,UNKNOWN,True,742,270.2338321995465,-58.04988662134747,151.99908088235597,UNKNOWN,SOURCE_NEUTRAL_NATIVE_MARKER,NUMERICAL_MARKER_ONLY_ATTACK_UNCERTAINTY_UNQUANTIFIED,,INDETERMINATE_UNQUANTIFIED_ATTACK_AND_REFERENCE_UNCERTAINTY,NEGATIVE,11.609977324263038,NEW_018,c7efaf8d2029ed140d67b7cbfff1c23fd33e0ffcae18f285566266c063f78e1c,NEW_018_ADTOF_38_0,84.21768707484034,UNCONSTRAINED_NEW_018_4,UNCONSTRAINED_NEW_018_8,TRIO_CONDITIONED_NEW_018_7,,
F_MIX_01343,M56,True,270.2802721088435,DRUM_SUPPORTED,True,742,270.2338321995465,46.43990929702113,161.49902343750904,PROVISIONAL_QUALIFIED_EVIDENCE,SOURCE_ASSOCIATED_NATIVE_MARKER,NUMERICAL_MARKER_ONLY_ATTACK_UNCERTAINTY_UNQUANTIFIED,,INDETERMINATE_UNQUANTIFIED_ATTACK_AND_REFERENCE_UNCERTAINTY,POSITIVE,11.609977324263038,NEW_018,c7efaf8d2029ed140d67b7cbfff1c23fd33e0ffcae18f285566266c063f78e1c,NEW_018_ADTOF_38_0,20.272108843528258,UNCONSTRAINED_NEW_018_11,UNCONSTRAINED_NEW_018_8,TRIO_CONDITIONED_NEW_018_7,,
F_MIX_01344,M56,True,270.43120181405897,UNKNOWN,True,743,270.6053514739229,-174.14965986392872,161.49902343750904,UNKNOWN,SOURCE_NEUTRAL_NATIVE_MARKER,NUMERICAL_MARKER_ONLY_ATTACK_UNCERTAINTY_UNQUANTIFIED,,INDETERMINATE_UNQUANTIFIED_ATTACK_AND_REFERENCE_UNCERTAINTY,NEGATIVE,11.609977324263038,NEW_018,c7efaf8d2029ed140d67b7cbfff1c23fd33e0ffcae18f285566266c063f78e1c,NEW_018_ADTOF_38_0,171.20181405897483,UNCONSTRAINED_NEW_018_11,UNCONSTRAINED_NEW_018_12,TRIO_CONDITIONED_NEW_018_12,,
F_MIX_01345,M56,True,270.52408163265306,BASS_SUPPORTED,True,743,270.6053514739229,-81.26984126982961,161.49902343750904,PROVISIONAL_QUALIFIED_EVIDENCE,SOURCE_ASSOCIATED_NATIVE_MARKER,NUMERICAL_MARKER_ONLY_ATTACK_UNCERTAINTY_UNQUANTIFIED,,INDETERMINATE_UNQUANTIFIED_ATTACK_AND_REFERENCE_UNCERTAINTY,NEGATIVE,11.609977324263038,NEW_018,c7efaf8d2029ed140d67b7cbfff1c23fd33e0ffcae18f285566266c063f78e1c,NEW_018_ADTOF_35_0,105.91836734693061,UNCONSTRAINED_NEW_018_11,UNCONSTRAINED_NEW_018_12,TRIO_CONDITIONED_NEW_018_12,BASS_00428,
F_MIX_01346,M56,True,270.65179138322,DRUM_SUPPORTED,True,743,270.6053514739229,46.439909297077975,161.49902343748434,PROVISIONAL_QUALIFIED_EVIDENCE,SOURCE_ASSOCIATED_NATIVE_MARKER,NUMERICAL_MARKER_ONLY_ATTACK_UNCERTAINTY_UNQUANTIFIED,,INDETERMINATE_UNQUANTIFIED_ATTACK_AND_REFERENCE_UNCERTAINTY,POSITIVE,11.609977324263038,NEW_018,c7efaf8d2029ed140d67b7cbfff1c23fd33e0ffcae18f285566266c063f78e1c,NEW_018_ADTOF_35_0,21.79138321997698,UNCONSTRAINED_NEW_018_14,UNCONSTRAINED_NEW_018_15,TRIO_CONDITIONED_NEW_018_12,,
F_MIX_01347,M56,True,270.8607709750567,BASS_AND_DRUM_SUPPORTED,True,744,270.97687074829935,-116.0997732426381,161.49902343748434,PROVISIONAL_QUALIFIED_EVIDENCE,SOURCE_ASSOCIATED_NATIVE_MARKER,NUMERICAL_MARKER_ONLY_ATTACK_UNCERTAINTY_UNQUANTIFIED,,INDETERMINATE_UNQUANTIFIED_ATTACK_AND_REFERENCE_UNCERTAINTY,NEGATIVE,11.609977324263038,NEW_018,c7efaf8d2029ed140d67b7cbfff1c23fd33e0ffcae18f285566266c063f78e1c,NEW_018_ADTOF_35_1,20.770975056734642,UNCONSTRAINED_NEW_018_17,UNCONSTRAINED_NEW_018_18,TRIO_CONDITIONED_NEW_018_14,BASS_00430,
F_MIX_01348,M56,True,271.11619047619047,DRUM_SUPPORTED,True,744,270.97687074829935,139.31972789112024,161.49902343750904,PROVISIONAL_QUALIFIED_EVIDENCE,SOURCE_ASSOCIATED_NATIVE_MARKER,NUMERICAL_MARKER_ONLY_ATTACK_UNCERTAINTY_UNQUANTIFIED,,INDETERMINATE_UNQUANTIFIED_ATTACK_AND_REFERENCE_UNCERTAINTY,POSITIVE,11.609977324263038,NEW_018,c7efaf8d2029ed140d67b7cbfff1c23fd33e0ffcae18f285566266c063f78e1c,NEW_018_ADTOF_42_4,6.190476190454319,UNCONSTRAINED_NEW_018_21,UNCONSTRAINED_NEW_018_22,TRIO_CONDITIONED_NEW_018_16,,
F_MIX_01349,M56,True,271.2671201814059,UNKNOWN,True,745,271.34839002267574,-81.26984126982961,161.49902343750904,UNKNOWN,SOURCE_NEUTRAL_NATIVE_MARKER,NUMERICAL_MARKER_ONLY_ATTACK_UNCERTAINTY_UNQUANTIFIED,,INDETERMINATE_UNQUANTIFIED_ATTACK_AND_REFERENCE_UNCERTAINTY,NEGATIVE,11.609977324263038,NEW_018,c7efaf8d2029ed140d67b7cbfff1c23fd33e0ffcae18f285566266c063f78e1c,NEW_018_ADTOF_38_2,72.87981859406045,UNCONSTRAINED_NEW_018_28,UNCONSTRAINED_NEW_018_29,TRIO_CONDITIONED_NEW_018_20,,
F_MIX_01350,M56,True,271.36,BASS_AND_DRUM_SUPPORTED,True,745,271.34839002267574,11.609977324269494,151.99908088235597,PROVISIONAL_QUALIFIED_EVIDENCE,SOURCE_ASSOCIATED_NATIVE_MARKER,NUMERICAL_MARKER_ONLY_ATTACK_UNCERTAINTY_UNQUANTIFIED,,INDETERMINATE_UNQUANTIFIED_ATTACK_AND_REFERENCE_UNCERTAINTY,POSITIVE,11.609977324263038,NEW_018,c7efaf8d2029ed140d67b7cbfff1c23fd33e0ffcae18f285566266c063f78e1c,NEW_018_ADTOF_38_2,20.000000000038654,UNCONSTRAINED_NEW_018_28,UNCONSTRAINED_NEW_018_29,TRIO_CONDITIONED_NEW_018_20,BASS_00431,
F_MIX_01351,M56,True,271.75473922902495,DRUM_SUPPORTED,True,746,271.7431292517007,11.609977324269494,161.49902343750904,PROVISIONAL_QUALIFIED_EVIDENCE,SOURCE_ASSOCIATED_NATIVE_MARKER,NUMERICAL_MARKER_ONLY_ATTACK_UNCERTAINTY_UNQUANTIFIED,,INDETERMINATE_UNQUANTIFIED_ATTACK_AND_REFERENCE_UNCERTAINTY,POSITIVE,11.609977324263038,NEW_018,c7efaf8d2029ed140d67b7cbfff1c23fd33e0ffcae18f285566266c063f78e1c,NEW_018_ADTOF_38_3,14.73922902493996,UNCONSTRAINED_NEW_018_40,UNCONSTRAINED_NEW_018_32,TRIO_CONDITIONED_NEW_018_24,,
F_MIX_01352,M56,True,272.0101587301587,DRUM_SUPPORTED,True,747,272.1146485260771,-104.4897959183686,161.49902343750904,PROVISIONAL_QUALIFIED_EVIDENCE,SOURCE_ASSOCIATED_NATIVE_MARKER,NUMERICAL_MARKER_ONLY_ATTACK_UNCERTAINTY_UNQUANTIFIED,,INDETERMINATE_UNQUANTIFIED_ATTACK_AND_REFERENCE_UNCERTAINTY,NEGATIVE,11.609977324263038,NEW_018,c7efaf8d2029ed140d67b7cbfff1c23fd33e0ffcae18f285566266c063f78e1c,NEW_018_ADTOF_38_3,270.1587301586983,UNCONSTRAINED_NEW_018_40,UNCONSTRAINED_NEW_018_35,TRIO_CONDITIONED_NEW_018_27,,
F_MIX_01353,M56,True,272.1146485260771,BASS_AND_DRUM_SUPPORTED,True,747,272.1146485260771,0.0,161.49902343748434,PROVISIONAL_QUALIFIED_EVIDENCE,SOURCE_ASSOCIATED_NATIVE_MARKER,NUMERICAL_MARKER_ONLY_ATTACK_UNCERTAINTY_UNQUANTIFIED,,INDETERMINATE_UNQUANTIFIED_ATTACK_AND_REFERENCE_UNCERTAINTY,ZERO,11.609977324263038,NEW_018,c7efaf8d2029ed140d67b7cbfff1c23fd33e0ffcae18f285566266c063f78e1c,NEW_018_ADTOF_38_3,374.6485260770669,UNCONSTRAINED_NEW_018_40,UNCONSTRAINED_NEW_018_41,TRIO_CONDITIONED_NEW_018_29,BASS_00432,
F_MIX_01354,M56,True,272.19591836734696,UNKNOWN,True,747,272.1146485260771,81.26984126988646,161.49902343748434,UNKNOWN,SOURCE_NEUTRAL_NATIVE_MARKER,NUMERICAL_MARKER_ONLY_ATTACK_UNCERTAINTY_UNQUANTIFIED,,INDETERMINATE_UNQUANTIFIED_ATTACK_AND_REFERENCE_UNCERTAINTY,POSITIVE,11.609977324263038,NEW_018,c7efaf8d2029ed140d67b7cbfff1c23fd33e0ffcae18f285566266c063f78e1c,NEW_018_ADTOF_38_4,304.08163265303756,UNCONSTRAINED_NEW_018_40,UNCONSTRAINED_NEW_018_41,TRIO_CONDITIONED_NEW_018_29,,
F_MIX_01355,M56,True,272.5209977324263,DRUM_SUPPORTED,True,748,272.48616780045353,34.82993197275164,161.49902343750904,PROVISIONAL_QUALIFIED_EVIDENCE,SOURCE_ASSOCIATED_NATIVE_MARKER,NUMERICAL_MARKER_ONLY_ATTACK_UNCERTAINTY_UNQUANTIFIED,,INDETERMINATE_UNQUANTIFIED_ATTACK_AND_REFERENCE_UNCERTAINTY,POSITIVE,11.609977324263038,NEW_018,c7efaf8d2029ed140d67b7cbfff1c23fd33e0ffcae18f285566266c063f78e1c,NEW_018_ADTOF_38_4,20.99773242628089,UNCONSTRAINED_NEW_018_52,UNCONSTRAINED_NEW_018_44,TRIO_CONDITIONED_NEW_018_32,,
F_MIX_01356,M56,True,272.78802721088437,DRUM_SUPPORTED,True,749,272.8576870748299,-69.65986394556012,161.49902343750904,PROVISIONAL_QUALIFIED_EVIDENCE,SOURCE_ASSOCIATED_NATIVE_MARKER,NUMERICAL_MARKER_ONLY_ATTACK_UNCERTAINTY_UNQUANTIFIED,,INDETERMINATE_UNQUANTIFIED_ATTACK_AND_REFERENCE_UNCERTAINTY,NEGATIVE,11.609977324263038,NEW_018,c7efaf8d2029ed140d67b7cbfff1c23fd33e0ffcae18f285566266c063f78e1c,NEW_018_ADTOF_38_5,18.02721088438375,UNCONSTRAINED_NEW_018_52,UNCONSTRAINED_NEW_018_47,TRIO_CONDITIONED_NEW_018_35,,
F_MIX_01357,M56,True,272.89251700680273,BASS_AND_DRUM_SUPPORTED,True,749,272.8576870748299,34.82993197280848,151.99908088235597,PROVISIONAL_QUALIFIED_EVIDENCE,SOURCE_ASSOCIATED_NATIVE_MARKER,NUMERICAL_MARKER_ONLY_ATTACK_UNCERTAINTY_UNQUANTIFIED,,INDETERMINATE_UNQUANTIFIED_ATTACK_AND_REFERENCE_UNCERTAINTY,POSITIVE,11.609977324263038,NEW_018,c7efaf8d2029ed140d67b7cbfff1c23fd33e0ffcae18f285566266c063f78e1c,NEW_018_ADTOF_35_2,22.51700680272961,UNCONSTRAINED_NEW_018_52,UNCONSTRAINED_NEW_018_53,TRIO_CONDITIONED_NEW_018_38,BASS_00433,
F_MIX_01358,M56,True,273.26403628117913,BASS_AND_DRUM_SUPPORTED,True,750,273.25242630385486,11.609977324269494,161.49902343748434,PROVISIONAL_QUALIFIED_EVIDENCE,SOURCE_ASSOCIATED_NATIVE_MARKER,NUMERICAL_MARKER_ONLY_ATTACK_UNCERTAINTY_UNQUANTIFIED,,INDETERMINATE_UNQUANTIFIED_ATTACK_AND_REFERENCE_UNCERTAINTY,POSITIVE,11.609977324263038,NEW_018,c7efaf8d2029ed140d67b7cbfff1c23fd33e0ffcae18f285566266c063f78e1c,NEW_018_ADTOF_42_9,14.036281179130583,UNCONSTRAINED_NEW_018_57,UNCONSTRAINED_NEW_018_58,TRIO_CONDITIONED_NEW_018_43,BASS_00434,
F_MIX_01359,M56,True,273.5078458049887,DRUM_SUPPORTED,True,751,273.6239455782313,-116.0997732426381,161.49902343748434,PROVISIONAL_QUALIFIED_EVIDENCE,SOURCE_ASSOCIATED_NATIVE_MARKER,NUMERICAL_MARKER_ONLY_ATTACK_UNCERTAINTY_UNQUANTIFIED,,INDETERMINATE_UNQUANTIFIED_ATTACK_AND_REFERENCE_UNCERTAINTY,NEGATIVE,11.609977324263038,NEW_018,c7efaf8d2029ed140d67b7cbfff1c23fd33e0ffcae18f285566266c063f78e1c,NEW_018_ADTOF_38_7,17.84580498866717,UNCONSTRAINED_NEW_018_61,UNCONSTRAINED_NEW_018_60,TRIO_CONDITIONED_NEW_018_45,,
F_MIX_01360,M56,True,273.6239455782313,BASS_AND_DRUM_SUPPORTED,True,751,273.6239455782313,0.0,161.49902343750904,PROVISIONAL_QUALIFIED_EVIDENCE,SOURCE_ASSOCIATED_NATIVE_MARKER,NUMERICAL_MARKER_ONLY_ATTACK_UNCERTAINTY_UNQUANTIFIED,,INDETERMINATE_UNQUANTIFIED_ATTACK_AND_REFERENCE_UNCERTAINTY,ZERO,11.609977324263038,NEW_018,c7efaf8d2029ed140d67b7cbfff1c23fd33e0ffcae18f285566266c063f78e1c,NEW_018_ADTOF_42_10,3.94557823130981,UNCONSTRAINED_NEW_018_61,UNCONSTRAINED_NEW_018_62,TRIO_CONDITIONED_NEW_018_47,BASS_00435,
F_MIX_01361,M56,True,273.89097505668934,BASS_AND_DRUM_SUPPORTED,True,752,273.9954648526077,-104.4897959183686,161.49902343750904,PROVISIONAL_QUALIFIED_EVIDENCE,SOURCE_ASSOCIATED_NATIVE_MARKER,NUMERICAL_MARKER_ONLY_ATTACK_UNCERTAINTY_UNQUANTIFIED,,INDETERMINATE_UNQUANTIFIED_ATTACK_AND_REFERENCE_UNCERTAINTY,NEGATIVE,11.609977324263038,NEW_018,c7efaf8d2029ed140d67b7cbfff1c23fd33e0ffcae18f285566266c063f78e1c,NEW_018_ADTOF_35_3,20.975056689337634,UNCONSTRAINED_NEW_018_63,UNCONSTRAINED_NEW_018_64,TRIO_CONDITIONED_NEW_018_49,BASS_00436,
F_MIX_01362,M56,True,274.007074829932,BASS_AND_DRUM_SUPPORTED,True,752,273.9954648526077,11.609977324269494,161.49902343750904,PROVISIONAL_QUALIFIED_EVIDENCE,SOURCE_ASSOCIATED_NATIVE_MARKER,NUMERICAL_MARKER_ONLY_ATTACK_UNCERTAINTY_UNQUANTIFIED,,INDETERMINATE_UNQUANTIFIED_ATTACK_AND_REFERENCE_UNCERTAINTY,POSITIVE,11.609977324263038,NEW_018,c7efaf8d2029ed140d67b7cbfff1c23fd33e0ffcae18f285566266c063f78e1c,NEW_018_ADTOF_35_4,27.074829931962086,UNCONSTRAINED_NEW_018_66,UNCONSTRAINED_NEW_018_67,TRIO_CONDITIONED_NEW_018_51,BASS_00437,
F_MIX_01363,M56,True,274.27410430839,UNKNOWN,True,753,274.3669841269841,-92.8798185940991,161.49902343750904,UNKNOWN,SOURCE_NEUTRAL_NATIVE_MARKER,NUMERICAL_MARKER_ONLY_ATTACK_UNCERTAINTY_UNQUANTIFIED,,INDETERMINATE_UNQUANTIFIED_ATTACK_AND_REFERENCE_UNCERTAINTY,NEGATIVE,11.609977324263038,NEW_018,c7efaf8d2029ed140d67b7cbfff1c23fd33e0ffcae18f285566266c063f78e1c,NEW_018_ADTOF_35_4,294.1043083899899,UNCONSTRAINED_NEW_018_73,UNCONSTRAINED_NEW_018_74,TRIO_CONDITIONED_NEW_018_55,,
F_MIX_01364,M56,True,274.35537414965984,BASS_AND_DRUM_SUPPORTED,True,753,274.3669841269841,-11.609977324269494,161.49902343750904,PROVISIONAL_QUALIFIED_EVIDENCE,SOURCE_ASSOCIATED_NATIVE_MARKER,NUMERICAL_MARKER_ONLY_ATTACK_UNCERTAINTY_UNQUANTIFIED,,INDETERMINATE_UNQUANTIFIED_ATTACK_AND_REFERENCE_UNCERTAINTY,NEGATIVE,11.609977324263038,NEW_018,c7efaf8d2029ed140d67b7cbfff1c23fd33e0ffcae18f285566266c063f78e1c,NEW_018_ADTOF_35_4,375.3741496598195,UNCONSTRAINED_NEW_018_73,UNCONSTRAINED_NEW_018_74,TRIO_CONDITIONED_NEW_018_55,BASS_00438,
F_MIX_01365,M56,True,274.75011337868483,DRUM_SUPPORTED,True,754,274.73850340136056,11.609977324269494,161.49902343750904,PROVISIONAL_QUALIFIED_EVIDENCE,SOURCE_ASSOCIATED_NATIVE_MARKER,NUMERICAL_MARKER_ONLY_ATTACK_UNCERTAINTY_UNQUANTIFIED,,INDETERMINATE_UNQUANTIFIED_ATTACK_AND_REFERENCE_UNCERTAINTY,POSITIVE,11.609977324263038,NEW_018,c7efaf8d2029ed140d67b7cbfff1c23fd33e0ffcae18f285566266c063f78e1c,NEW_018_ADTOF_38_9,10.113378684820873,UNCONSTRAINED_NEW_018_73,UNCONSTRAINED_NEW_018_76,TRIO_CONDITIONED_NEW_018_57,,
F_MIX_01366,M56,True,275.01714285714286,UNKNOWN,True,755,275.11002267573696,-92.8798185940991,161.49902343750904,UNKNOWN,SOURCE_NEUTRAL_NATIVE_MARKER,NUMERICAL_MARKER_ONLY_ATTACK_UNCERTAINTY_UNQUANTIFIED,,INDETERMINATE_UNQUANTIFIED_ATTACK_AND_REFERENCE_UNCERTAINTY,NEGATIVE,11.609977324263038,NEW_018,c7efaf8d2029ed140d67b7cbfff1c23fd33e0ffcae18f285566266c063f78e1c,NEW_018_ADTOF_35_5,92.85714285715585,UNCONSTRAINED_NEW_018_79,UNCONSTRAINED_NEW_018_80,TRIO_CONDITIONED_NEW_018_58,,
F_MIX_01367,M56,True,275.1216326530612,BASS_AND_DRUM_SUPPORTED,True,755,275.11002267573696,11.609977324269494,161.49902343750904,PROVISIONAL_QUALIFIED_EVIDENCE,SOURCE_ASSOCIATED_NATIVE_MARKER,NUMERICAL_MARKER_ONLY_ATTACK_UNCERTAINTY_UNQUANTIFIED,,INDETERMINATE_UNQUANTIFIED_ATTACK_AND_REFERENCE_UNCERTAINTY,POSITIVE,11.609977324263038,NEW_018,c7efaf8d2029ed140d67b7cbfff1c23fd33e0ffcae18f285566266c063f78e1c,NEW_018_ADTOF_35_5,11.63265306121275,UNCONSTRAINED_NEW_018_79,UNCONSTRAINED_NEW_018_80,TRIO_CONDITIONED_NEW_018_62,BASS_00439,
F_MIX_01368,M56,True,275.1796825396825,UNKNOWN,True,755,275.11002267573696,69.65986394556012,161.49902343750904,UNKNOWN,SOURCE_NEUTRAL_NATIVE_MARKER,NUMERICAL_MARKER_ONLY_ATTACK_UNCERTAINTY_UNQUANTIFIED,,INDETERMINATE_UNQUANTIFIED_ATTACK_AND_REFERENCE_UNCERTAINTY,POSITIVE,11.609977324263038,NEW_018,c7efaf8d2029ed140d67b7cbfff1c23fd33e0ffcae18f285566266c063f78e1c,NEW_018_ADTOF_35_5,69.68253968250337,UNCONSTRAINED_NEW_018_79,UNCONSTRAINED_NEW_018_80,TRIO_CONDITIONED_NEW_018_62,,
F_MIX_01369,M56,True,275.51637188208616,DRUM_SUPPORTED,True,756,275.48154195011335,34.82993197280848,161.49902343748434,PROVISIONAL_QUALIFIED_EVIDENCE,SOURCE_ASSOCIATED_NATIVE_MARKER,NUMERICAL_MARKER_ONLY_ATTACK_UNCERTAINTY_UNQUANTIFIED,,INDETERMINATE_UNQUANTIFIED_ATTACK_AND_REFERENCE_UNCERTAINTY,POSITIVE,11.609977324263038,NEW_018,c7efaf8d2029ed140d67b7cbfff1c23fd33e0ffcae18f285566266c063f78e1c,NEW_018_ADTOF_38_10,16.371882086161804,UNCONSTRAINED_NEW_018_87,UNCONSTRAINED_NEW_018_83,TRIO_CONDITIONED_NEW_018_64,,
F_MIX_01370,M56,True,275.79501133786846,UNKNOWN,True,757,275.8530612244898,-58.04988662134747,161.49902343748434,UNKNOWN,SOURCE_NEUTRAL_NATIVE_MARKER,NUMERICAL_MARKER_ONLY_ATTACK_UNCERTAINTY_UNQUANTIFIED,,INDETERMINATE_UNQUANTIFIED_ATTACK_AND_REFERENCE_UNCERTAINTY,NEGATIVE,11.609977324263038,NEW_018,c7efaf8d2029ed140d67b7cbfff1c23fd33e0ffcae18f285566266c063f78e1c,NEW_018_ADTOF_35_6,84.98866213153633,UNCONSTRAINED_NEW_018_87,UNCONSTRAINED_NEW_018_88,TRIO_CONDITIONED_NEW_018_68,,
F_MIX_01371,M56,True,275.8995011337868,BASS_AND_DRUM_SUPPORTED,True,757,275.8530612244898,46.43990929702113,161.49902343750904,PROVISIONAL_QUALIFIED_EVIDENCE,SOURCE_ASSOCIATED_NATIVE_MARKER,NUMERICAL_MARKER_ONLY_ATTACK_UNCERTAINTY_UNQUANTIFIED,,INDETERMINATE_UNQUANTIFIED_ATTACK_AND_REFERENCE_UNCERTAINTY,POSITIVE,11.609977324263038,NEW_018,c7efaf8d2029ed140d67b7cbfff1c23fd33e0ffcae18f285566266c063f78e1c,NEW_018_ADTOF_35_6,19.50113378683227,UNCONSTRAINED_NEW_018_87,UNCONSTRAINED_NEW_018_88,TRIO_CONDITIONED_NEW_018_68,BASS_00440,
F_MIX_01372,M56,True,276.259410430839,DRUM_SUPPORTED,True,758,276.2245804988662,34.82993197280848,161.49902343748434,PROVISIONAL_QUALIFIED_EVIDENCE,SOURCE_ASSOCIATED_NATIVE_MARKER,NUMERICAL_MARKER_ONLY_ATTACK_UNCERTAINTY_UNQUANTIFIED,,INDETERMINATE_UNQUANTIFIED_ATTACK_AND_REFERENCE_UNCERTAINTY,POSITIVE,11.609977324263038,NEW_018,c7efaf8d2029ed140d67b7cbfff1c23fd33e0ffcae18f285566266c063f78e1c,NEW_018_ADTOF_38_11,9.410430839011497,UNCONSTRAINED_NEW_018_94,UNCONSTRAINED_NEW_018_90,TRIO_CONDITIONED_NEW_018_69,,
F_MIX_01373,M56,True,276.52643990929704,UNKNOWN,True,759,276.59609977324266,-69.65986394561696,161.49902343748434,UNKNOWN,SOURCE_NEUTRAL_NATIVE_MARKER,NUMERICAL_MARKER_ONLY_ATTACK_UNCERTAINTY_UNQUANTIFIED,,INDETERMINATE_UNQUANTIFIED_ATTACK_AND_REFERENCE_UNCERTAINTY,NEGATIVE,11.609977324263038,NEW_018,c7efaf8d2029ed140d67b7cbfff1c23fd33e0ffcae18f285566266c063f78e1c,NEW_018_ADTOF_35_7,93.56009070296523,UNCONSTRAINED_NEW_018_94,UNCONSTRAINED_NEW_018_95,TRIO_CONDITIONED_NEW_018_72,,
F_MIX_01374,M56,True,276.6309297052154,BASS_AND_DRUM_SUPPORTED,True,759,276.59609977324266,34.82993197275164,161.49902343750904,PROVISIONAL_QUALIFIED_EVIDENCE,SOURCE_ASSOCIATED_NATIVE_MARKER,NUMERICAL_MARKER_ONLY_ATTACK_UNCERTAINTY_UNQUANTIFIED,,INDETERMINATE_UNQUANTIFIED_ATTACK_AND_REFERENCE_UNCERTAINTY,POSITIVE,11.609977324263038,NEW_018,c7efaf8d2029ed140d67b7cbfff1c23fd33e0ffcae18f285566266c063f78e1c,NEW_018_ADTOF_35_7,10.929705215403374,UNCONSTRAINED_NEW_018_94,UNCONSTRAINED_NEW_018_95,TRIO_CONDITIONED_NEW_018_74,BASS_00441,
F_MIX_01375,M56,True,276.9095691609977,DRUM_SUPPORTED,True,760,276.96761904761905,-58.04988662134747,161.49902343750904,PROVISIONAL_QUALIFIED_EVIDENCE,SOURCE_ASSOCIATED_NATIVE_MARKER,NUMERICAL_MARKER_ONLY_ATTACK_UNCERTAINTY_UNQUANTIFIED,,INDETERMINATE_UNQUANTIFIED_ATTACK_AND_REFERENCE_UNCERTAINTY,NEGATIVE,11.609977324263038,NEW_018,c7efaf8d2029ed140d67b7cbfff1c23fd33e0ffcae18f285566266c063f78e1c,NEW_018_ADTOF_38_12,29.569160997709787,UNCONSTRAINED_NEW_018_94,UNCONSTRAINED_NEW_018_98,TRIO_CONDITIONED_NEW_018_75,,
F_MIX_01376,M56,True,277.0140589569161,DRUM_SUPPORTED,True,760,276.96761904761905,46.43990929702113,161.49902343750904,PROVISIONAL_QUALIFIED_EVIDENCE,SOURCE_ASSOCIATED_NATIVE_MARKER,NUMERICAL_MARKER_ONLY_ATTACK_UNCERTAINTY_UNQUANTIFIED,,INDETERMINATE_UNQUANTIFIED_ATTACK_AND_REFERENCE_UNCERTAINTY,POSITIVE,11.609977324263038,NEW_018,c7efaf8d2029ed140d67b7cbfff1c23fd33e0ffcae18f285566266c063f78e1c,NEW_018_ADTOF_38_13,14.05895691607384,UNCONSTRAINED_NEW_018_101,UNCONSTRAINED_NEW_018_98,TRIO_CONDITIONED_NEW_018_77,,
F_MIX_01377,M56,True,277.2694784580499,DRUM_SUPPORTED,True,761,277.33913832199545,-69.65986394556012,161.49902343750904,PROVISIONAL_QUALIFIED_EVIDENCE,SOURCE_ASSOCIATED_NATIVE_MARKER,NUMERICAL_MARKER_ONLY_ATTACK_UNCERTAINTY_UNQUANTIFIED,,INDETERMINATE_UNQUANTIFIED_ATTACK_AND_REFERENCE_UNCERTAINTY,NEGATIVE,11.609977324263038,NEW_018,c7efaf8d2029ed140d67b7cbfff1c23fd33e0ffcae18f285566266c063f78e1c,NEW_018_ADTOF_38_14,29.47845804987992,UNCONSTRAINED_NEW_018_101,UNCONSTRAINED_NEW_018_102,TRIO_CONDITIONED_NEW_018_78,,
F_MIX_01378,M56,True,277.362358276644,BASS_AND_DRUM_SUPPORTED,True,761,277.33913832199545,23.219954648538987,161.49902343748434,PROVISIONAL_QUALIFIED_EVIDENCE,SOURCE_ASSOCIATED_NATIVE_MARKER,NUMERICAL_MARKER_ONLY_ATTACK_UNCERTAINTY_UNQUANTIFIED,,INDETERMINATE_UNQUANTIFIED_ATTACK_AND_REFERENCE_UNCERTAINTY,POSITIVE,11.609977324263038,NEW_018,c7efaf8d2029ed140d67b7cbfff1c23fd33e0ffcae18f285566266c063f78e1c,NEW_018_ADTOF_35_8,12.358276643965382,UNCONSTRAINED_NEW_018_101,UNCONSTRAINED_NEW_018_102,TRIO_CONDITIONED_NEW_018_83,BASS_00442,
F_MIX_01379,M56,True,277.74548752834465,DRUM_SUPPORTED,True,762,277.7106575963719,34.82993197275164,161.49902343750904,PROVISIONAL_QUALIFIED_EVIDENCE,SOURCE_ASSOCIATED_NATIVE_MARKER,NUMERICAL_MARKER_ONLY_ATTACK_UNCERTAINTY_UNQUANTIFIED,,INDETERMINATE_UNQUANTIFIED_ATTACK_AND_REFERENCE_UNCERTAINTY,POSITIVE,11.609977324263038,NEW_018,c7efaf8d2029ed140d67b7cbfff1c23fd33e0ffcae18f285566266c063f78e1c,NEW_018_ADTOF_42_18,5.487528344644943,UNCONSTRAINED_NEW_018_113,UNCONSTRAINED_NEW_018_109,TRIO_CONDITIONED_NEW_018_90,,
F_MIX_01380,M56,True,278.00090702947847,UNKNOWN,True,763,278.0821768707483,-81.26984126982961,161.49902343750904,UNKNOWN,SOURCE_NEUTRAL_NATIVE_MARKER,NUMERICAL_MARKER_ONLY_ATTACK_UNCERTAINTY_UNQUANTIFIED,,INDETERMINATE_UNQUANTIFIED_ATTACK_AND_REFERENCE_UNCERTAINTY,NEGATIVE,11.609977324263038,NEW_018,c7efaf8d2029ed140d67b7cbfff1c23fd33e0ffcae18f285566266c063f78e1c,NEW_018_ADTOF_35_9,89.09297052150578,UNCONSTRAINED_NEW_018_113,UNCONSTRAINED_NEW_018_114,TRIO_CONDITIONED_NEW_018_93,BASS_00443,
F_MIX_01381,M56,True,278.10539682539684,DRUM_SUPPORTED,True,763,278.0821768707483,23.219954648538987,161.49902343750904,PROVISIONAL_QUALIFIED_EVIDENCE,SOURCE_ASSOCIATED_NATIVE_MARKER,NUMERICAL_MARKER_ONLY_ATTACK_UNCERTAINTY_UNQUANTIFIED,,INDETERMINATE_UNQUANTIFIED_ATTACK_AND_REFERENCE_UNCERTAINTY,POSITIVE,11.609977324263038,NEW_018,c7efaf8d2029ed140d67b7cbfff1c23fd33e0ffcae18f285566266c063f78e1c,NEW_018_ADTOF_35_9,15.396825396862823,UNCONSTRAINED_NEW_018_113,UNCONSTRAINED_NEW_018_114,TRIO_CONDITIONED_NEW_018_98,,
F_MIX_01382,M56,True,278.4885260770975,DRUM_SUPPORTED,True,764,278.4536961451247,34.82993197280848,161.49902343748434,PROVISIONAL_QUALIFIED_EVIDENCE,SOURCE_ASSOCIATED_NATIVE_MARKER,NUMERICAL_MARKER_ONLY_ATTACK_UNCERTAINTY_UNQUANTIFIED,,INDETERMINATE_UNQUANTIFIED_ATTACK_AND_REFERENCE_UNCERTAINTY,POSITIVE,11.609977324263038,NEW_018,c7efaf8d2029ed140d67b7cbfff1c23fd33e0ffcae18f285566266c063f78e1c,NEW_018_ADTOF_38_17,18.526077097476445,UNCONSTRAINED_NEW_018_124,UNCONSTRAINED_NEW_018_121,TRIO_CONDITIONED_NEW_018_104,,
F_MIX_01383,M56,True,278.7439455782313,DRUM_SUPPORTED,True,765,278.82521541950115,-81.26984126982961,161.49902343748434,PROVISIONAL_QUALIFIED_EVIDENCE,SOURCE_ASSOCIATED_NATIVE_MARKER,NUMERICAL_MARKER_ONLY_ATTACK_UNCERTAINTY_UNQUANTIFIED,,INDETERMINATE_UNQUANTIFIED_ATTACK_AND_REFERENCE_UNCERTAINTY,NEGATIVE,11.609977324263038,NEW_018,c7efaf8d2029ed140d67b7cbfff1c23fd33e0ffcae18f285566266c063f78e1c,NEW_018_ADTOF_38_18,23.94557823129162,UNCONSTRAINED_NEW_018_124,UNCONSTRAINED_NEW_018_125,TRIO_CONDITIONED_NEW_018_105,,
F_MIX_01384,M56,True,278.8484353741497,BASS_AND_DRUM_SUPPORTED,True,765,278.82521541950115,23.219954648538987,161.49902343750904,PROVISIONAL_QUALIFIED_EVIDENCE,SOURCE_ASSOCIATED_NATIVE_MARKER,NUMERICAL_MARKER_ONLY_ATTACK_UNCERTAINTY_UNQUANTIFIED,,INDETERMINATE_UNQUANTIFIED_ATTACK_AND_REFERENCE_UNCERTAINTY,POSITIVE,11.609977324263038,NEW_018,c7efaf8d2029ed140d67b7cbfff1c23fd33e0ffcae18f285566266c063f78e1c,NEW_018_ADTOF_49_7,8.435374149712516,UNCONSTRAINED_NEW_018_124,UNCONSTRAINED_NEW_018_125,TRIO_CONDITIONED_NEW_018_110,BASS_00445,
F_MIX_01385,M56,True,279.1154648526077,UNKNOWN,True,766,279.19673469387754,-81.26984126982961,161.49902343750904,UNKNOWN,SOURCE_NEUTRAL_NATIVE_MARKER,NUMERICAL_MARKER_ONLY_ATTACK_UNCERTAINTY_UNQUANTIFIED,,INDETERMINATE_UNQUANTIFIED_ATTACK_AND_REFERENCE_UNCERTAINTY,NEGATIVE,11.609977324263038,NEW_018,c7efaf8d2029ed140d67b7cbfff1c23fd33e0ffcae18f285566266c063f78e1c,NEW_018_ADTOF_38_19,94.53514739226421,UNCONSTRAINED_NEW_018_124,UNCONSTRAINED_NEW_018_132,TRIO_CONDITIONED_NEW_018_117,,
F_MIX_01386,M56,True,279.23156462585035,DRUM_SUPPORTED,True,766,279.19673469387754,34.82993197280848,161.49902343750904,PROVISIONAL_QUALIFIED_EVIDENCE,SOURCE_ASSOCIATED_NATIVE_MARKER,NUMERICAL_MARKER_ONLY_ATTACK_UNCERTAINTY_UNQUANTIFIED,,INDETERMINATE_UNQUANTIFIED_ATTACK_AND_REFERENCE_UNCERTAINTY,POSITIVE,11.609977324263038,NEW_018,c7efaf8d2029ed140d67b7cbfff1c23fd33e0ffcae18f285566266c063f78e1c,NEW_018_ADTOF_38_19,21.564625850373886,UNCONSTRAINED_NEW_018_124,UNCONSTRAINED_NEW_018_132,TRIO_CONDITIONED_NEW_018_117,,
F_MIX_01387,M56,True,279.4869841269841,UNKNOWN,True,767,279.56825396825394,-81.26984126982961,161.49902343750904,UNKNOWN,SOURCE_NEUTRAL_NATIVE_MARKER,NUMERICAL_MARKER_ONLY_ATTACK_UNCERTAINTY_UNQUANTIFIED,,INDETERMINATE_UNQUANTIFIED_ATTACK_AND_REFERENCE_UNCERTAINTY,NEGATIVE,11.609977324263038,NEW_018,c7efaf8d2029ed140d67b7cbfff1c23fd33e0ffcae18f285566266c063f78e1c,NEW_018_ADTOF_49_9,73.01587301589052,UNCONSTRAINED_NEW_018_138,UNCONSTRAINED_NEW_018_132,TRIO_CONDITIONED_NEW_018_119,,
F_MIX_01388,M56,True,279.5798639455782,DRUM_SUPPORTED,True,767,279.56825396825394,11.609977324269494,161.49902343748434,PROVISIONAL_QUALIFIED_EVIDENCE,SOURCE_ASSOCIATED_NATIVE_MARKER,NUMERICAL_MARKER_ONLY_ATTACK_UNCERTAINTY_UNQUANTIFIED,,INDETERMINATE_UNQUANTIFIED_ATTACK_AND_REFERENCE_UNCERTAINTY,POSITIVE,11.609977324263038,NEW_018,c7efaf8d2029ed140d67b7cbfff1c23fd33e0ffcae18f285566266c063f78e1c,NEW_018_ADTOF_49_9,19.863945578208586,UNCONSTRAINED_NEW_018_138,UNCONSTRAINED_NEW_018_132,TRIO_CONDITIONED_NEW_018_121,,
F_MIX_01389,M56,True,279.8468934240363,UNKNOWN,True,768,279.9397732426304,-92.8798185940991,161.49902343748434,UNKNOWN,SOURCE_NEUTRAL_NATIVE_MARKER,NUMERICAL_MARKER_ONLY_ATTACK_UNCERTAINTY_UNQUANTIFIED,,INDETERMINATE_UNQUANTIFIED_ATTACK_AND_REFERENCE_UNCERTAINTY,NEGATIVE,11.609977324263038,NEW_018,c7efaf8d2029ed140d67b7cbfff1c23fd33e0ffcae18f285566266c063f78e1c,NEW_018_ADTOF_35_10,103.1065759636931,UNCONSTRAINED_NEW_018_138,UNCONSTRAINED_NEW_018_139,TRIO_CONDITIONED_NEW_018_125,,
F_MIX_01390,M56,True,279.97460317460315,DRUM_SUPPORTED,True,768,279.9397732426304,34.82993197275164,161.49902343750904,PROVISIONAL_QUALIFIED_EVIDENCE,SOURCE_ASSOCIATED_NATIVE_MARKER,NUMERICAL_MARKER_ONLY_ATTACK_UNCERTAINTY_UNQUANTIFIED,,INDETERMINATE_UNQUANTIFIED_ATTACK_AND_REFERENCE_UNCERTAINTY,POSITIVE,11.609977324263038,NEW_018,c7efaf8d2029ed140d67b7cbfff1c23fd33e0ffcae18f285566266c063f78e1c,NEW_018_ADTOF_35_10,24.60317460315764,UNCONSTRAINED_NEW_018_138,UNCONSTRAINED_NEW_018_139,TRIO_CONDITIONED_NEW_018_129,,
F_MIX_01391,M56,True,280.2532426303855,UNKNOWN,True,769,280.3112925170068,-58.049886621290625,161.49902343750904,UNKNOWN,SOURCE_NEUTRAL_NATIVE_MARKER,NUMERICAL_MARKER_ONLY_ATTACK_UNCERTAINTY_UNQUANTIFIED,,INDETERMINATE_UNQUANTIFIED_ATTACK_AND_REFERENCE_UNCERTAINTY,NEGATIVE,11.609977324263038,NEW_018,c7efaf8d2029ed140d67b7cbfff1c23fd33e0ffcae18f285566266c063f78e1c,NEW_018_ADTOF_49_10,76.75736961448365,UNCONSTRAINED_NEW_018_143,UNCONSTRAINED_NEW_018_144,TRIO_CONDITIONED_NEW_018_134,,
F_MIX_01392,M56,True,280.3112925170068,DRUM_SUPPORTED,True,769,280.3112925170068,0.0,161.49902343748434,PROVISIONAL_QUALIFIED_EVIDENCE,SOURCE_ASSOCIATED_NATIVE_MARKER,NUMERICAL_MARKER_ONLY_ATTACK_UNCERTAINTY_UNQUANTIFIED,,INDETERMINATE_UNQUANTIFIED_ATTACK_AND_REFERENCE_UNCERTAINTY,ZERO,11.609977324263038,NEW_018,c7efaf8d2029ed140d67b7cbfff1c23fd33e0ffcae18f285566266c063f78e1c,NEW_018_ADTOF_49_10,18.707482993193025,UNCONSTRAINED_NEW_018_143,UNCONSTRAINED_NEW_018_144,TRIO_CONDITIONED_NEW_018_134,,
F_MIX_01393,M56,True,280.7060317460317,DRUM_SUPPORTED,True,770,280.68281179138324,23.219954648482144,161.49902343750904,PROVISIONAL_QUALIFIED_EVIDENCE,SOURCE_ASSOCIATED_NATIVE_MARKER,NUMERICAL_MARKER_ONLY_ATTACK_UNCERTAINTY_UNQUANTIFIED,,INDETERMINATE_UNQUANTIFIED_ATTACK_AND_REFERENCE_UNCERTAINTY,POSITIVE,11.609977324263038,NEW_018,c7efaf8d2029ed140d67b7cbfff1c23fd33e0ffcae18f285566266c063f78e1c,NEW_018_ADTOF_38_20,16.031746031728744,UNCONSTRAINED_NEW_018_147,UNCONSTRAINED_NEW_018_148,TRIO_CONDITIONED_NEW_018_138,,
F_MIX_01394,M56,True,281.0659410430839,DRUM_SUPPORTED,True,771,281.05433106575964,11.609977324269494,161.49902343750904,PROVISIONAL_QUALIFIED_EVIDENCE,SOURCE_ASSOCIATED_NATIVE_MARKER,NUMERICAL_MARKER_ONLY_ATTACK_UNCERTAINTY_UNQUANTIFIED,,INDETERMINATE_UNQUANTIFIED_ATTACK_AND_REFERENCE_UNCERTAINTY,POSITIVE,11.609977324263038,NEW_018,c7efaf8d2029ed140d67b7cbfff1c23fd33e0ffcae18f285566266c063f78e1c,NEW_018_ADTOF_35_11,5.941043083907971,UNCONSTRAINED_NEW_018_152,UNCONSTRAINED_NEW_018_153,TRIO_CONDITIONED_NEW_018_143,,
F_MIX_01395,M56,True,281.2633106575964,UNKNOWN,True,772,281.42585034013604,-162.53968253965922,161.49902343750904,UNKNOWN,SOURCE_NEUTRAL_NATIVE_MARKER,NUMERICAL_MARKER_ONLY_ATTACK_UNCERTAINTY_UNQUANTIFIED,,INDETERMINATE_UNQUANTIFIED_ATTACK_AND_REFERENCE_UNCERTAINTY,NEGATIVE,11.609977324263038,NEW_018,c7efaf8d2029ed140d67b7cbfff1c23fd33e0ffcae18f285566266c063f78e1c,NEW_018_ADTOF_38_21,156.68934240363797,UNCONSTRAINED_NEW_018_156,UNCONSTRAINED_NEW_018_157,TRIO_CONDITIONED_NEW_018_143,,
F_MIX_01396,M56,True,281.4374603174603,DRUM_SUPPORTED,True,772,281.42585034013604,11.609977324269494,161.49902343748434,PROVISIONAL_QUALIFIED_EVIDENCE,SOURCE_ASSOCIATED_NATIVE_MARKER,NUMERICAL_MARKER_ONLY_ATTACK_UNCERTAINTY_UNQUANTIFIED,,INDETERMINATE_UNQUANTIFIED_ATTACK_AND_REFERENCE_UNCERTAINTY,POSITIVE,11.609977324263038,NEW_018,c7efaf8d2029ed140d67b7cbfff1c23fd33e0ffcae18f285566266c063f78e1c,NEW_018_ADTOF_38_21,17.460317460290753,UNCONSTRAINED_NEW_018_156,UNCONSTRAINED_NEW_018_157,TRIO_CONDITIONED_NEW_018_148,,
F_MIX_01397,M56,True,281.7625396825397,UNKNOWN,True,773,281.7973696145125,-34.82993197280848,161.49902343748434,UNKNOWN,SOURCE_NEUTRAL_NATIVE_MARKER,NUMERICAL_MARKER_ONLY_ATTACK_UNCERTAINTY_UNQUANTIFIED,,INDETERMINATE_UNQUANTIFIED_ATTACK_AND_REFERENCE_UNCERTAINTY,NEGATIVE,11.609977324263038,NEW_018,c7efaf8d2029ed140d67b7cbfff1c23fd33e0ffcae18f285566266c063f78e1c,NEW_018_ADTOF_49_13,37.46031746032941,UNCONSTRAINED_NEW_018_161,UNCONSTRAINED_NEW_018_162,TRIO_CONDITIONED_NEW_018_153,,
F_MIX_01398,M56,True,281.80897959183676,DRUM_SUPPORTED,True,773,281.7973696145125,11.609977324269494,161.49902343750904,PROVISIONAL_QUALIFIED_EVIDENCE,SOURCE_ASSOCIATED_NATIVE_MARKER,NUMERICAL_MARKER_ONLY_ATTACK_UNCERTAINTY_UNQUANTIFIED,,INDETERMINATE_UNQUANTIFIED_ATTACK_AND_REFERENCE_UNCERTAINTY,POSITIVE,11.609977324263038,NEW_018,c7efaf8d2029ed140d67b7cbfff1c23fd33e0ffcae18f285566266c063f78e1c,NEW_018_ADTOF_49_13,8.979591836748568,UNCONSTRAINED_NEW_018_161,UNCONSTRAINED_NEW_018_162,TRIO_CONDITIONED_NEW_018_153,,
F_MIX_01399,M56,True,282.18049886621316,DRUM_SUPPORTED,True,774,282.1688888888889,11.609977324269494,161.49902343750904,PROVISIONAL_QUALIFIED_EVIDENCE,SOURCE_ASSOCIATED_NATIVE_MARKER,NUMERICAL_MARKER_ONLY_ATTACK_UNCERTAINTY_UNQUANTIFIED,,INDETERMINATE_UNQUANTIFIED_ATTACK_AND_REFERENCE_UNCERTAINTY,POSITIVE,11.609977324263038,NEW_018,c7efaf8d2029ed140d67b7cbfff1c23fd33e0ffcae18f285566266c063f78e1c,NEW_018_ADTOF_38_22,20.49886621313135,UNCONSTRAINED_NEW_018_164,UNCONSTRAINED_NEW_018_165,TRIO_CONDITIONED_NEW_018_156,,
F_MIX_01400,M56,True,282.5404081632653,DRUM_SUPPORTED,True,775,282.5404081632653,0.0,161.49902343748434,PROVISIONAL_QUALIFIED_EVIDENCE,SOURCE_ASSOCIATED_NATIVE_MARKER,NUMERICAL_MARKER_ONLY_ATTACK_UNCERTAINTY_UNQUANTIFIED,,INDETERMINATE_UNQUANTIFIED_ATTACK_AND_REFERENCE_UNCERTAINTY,ZERO,11.609977324263038,NEW_018,c7efaf8d2029ed140d67b7cbfff1c23fd33e0ffcae18f285566266c063f78e1c,NEW_018_ADTOF_49_15,9.591836734728076,UNCONSTRAINED_NEW_018_169,UNCONSTRAINED_NEW_018_170,TRIO_CONDITIONED_NEW_018_161,,
F_MIX_01401,M56,True,282.8538775510204,UNKNOWN,True,776,282.91192743764174,-58.04988662134747,161.49902343748434,UNKNOWN,SOURCE_NEUTRAL_NATIVE_MARKER,NUMERICAL_MARKER_ONLY_ATTACK_UNCERTAINTY_UNQUANTIFIED,,INDETERMINATE_UNQUANTIFIED_ATTACK_AND_REFERENCE_UNCERTAINTY,NEGATIVE,11.609977324263038,NEW_018,c7efaf8d2029ed140d67b7cbfff1c23fd33e0ffcae18f285566266c063f78e1c,NEW_018_ADTOF_35_12,46.12244897958817,UNCONSTRAINED_NEW_018_174,UNCONSTRAINED_NEW_018_175,TRIO_CONDITIONED_NEW_018_167,BASS_00446,
F_MIX_01402,M56,True,282.91192743764174,DRUM_SUPPORTED,True,776,282.91192743764174,0.0,161.49902343750904,PROVISIONAL_QUALIFIED_EVIDENCE,SOURCE_ASSOCIATED_NATIVE_MARKER,NUMERICAL_MARKER_ONLY_ATTACK_UNCERTAINTY_UNQUANTIFIED,,INDETERMINATE_UNQUANTIFIED_ATTACK_AND_REFERENCE_UNCERTAINTY,ZERO,11.609977324263038,NEW_018,c7efaf8d2029ed140d67b7cbfff1c23fd33e0ffcae18f285566266c063f78e1c,NEW_018_ADTOF_35_12,11.927437641759298,UNCONSTRAINED_NEW_018_174,UNCONSTRAINED_NEW_018_175,TRIO_CONDITIONED_NEW_018_167,,
F_MIX_01403,M56,True,283.17895691609976,UNKNOWN,True,777,283.28344671201813,-104.4897959183686,161.49902343750904,UNKNOWN,SOURCE_NEUTRAL_NATIVE_MARKER,NUMERICAL_MARKER_ONLY_ATTACK_UNCERTAINTY_UNQUANTIFIED,,INDETERMINATE_UNQUANTIFIED_ATTACK_AND_REFERENCE_UNCERTAINTY,NEGATIVE,11.609977324263038,NEW_018,c7efaf8d2029ed140d67b7cbfff1c23fd33e0ffcae18f285566266c063f78e1c,NEW_018_ADTOF_35_13,101.04308390020833,UNCONSTRAINED_NEW_018_179,UNCONSTRAINED_NEW_018_180,TRIO_CONDITIONED_NEW_018_172,,
F_MIX_01404,M56,True,283.2137868480726,UNKNOWN,True,777,283.28344671201813,-69.65986394556012,161.49902343750904,UNKNOWN,SOURCE_NEUTRAL_NATIVE_MARKER,NUMERICAL_MARKER_ONLY_ATTACK_UNCERTAINTY_UNQUANTIFIED,,INDETERMINATE_UNQUANTIFIED_ATTACK_AND_REFERENCE_UNCERTAINTY,NEGATIVE,11.609977324263038,NEW_018,c7efaf8d2029ed140d67b7cbfff1c23fd33e0ffcae18f285566266c063f78e1c,NEW_018_ADTOF_35_13,66.21315192739985,UNCONSTRAINED_NEW_018_179,UNCONSTRAINED_NEW_018_180,TRIO_CONDITIONED_NEW_018_172,,
F_MIX_01405,M56,True,283.2950566893424,BASS_AND_DRUM_SUPPORTED,True,777,283.28344671201813,11.609977324269494,161.49902343750904,PROVISIONAL_QUALIFIED_EVIDENCE,SOURCE_ASSOCIATED_NATIVE_MARKER,NUMERICAL_MARKER_ONLY_ATTACK_UNCERTAINTY_UNQUANTIFIED,,INDETERMINATE_UNQUANTIFIED_ATTACK_AND_REFERENCE_UNCERTAINTY,POSITIVE,11.609977324263038,NEW_018,c7efaf8d2029ed140d67b7cbfff1c23fd33e0ffcae18f285566266c063f78e1c,NEW_018_ADTOF_35_13,15.056689342429763,UNCONSTRAINED_NEW_018_179,UNCONSTRAINED_NEW_018_180,TRIO_CONDITIONED_NEW_018_172,BASS_00447,
F_MIX_01406,M56,True,283.4227664399093,UNKNOWN,True,777,283.28344671201813,139.31972789117708,161.49902343750904,UNKNOWN,SOURCE_NEUTRAL_NATIVE_MARKER,NUMERICAL_MARKER_ONLY_ATTACK_UNCERTAINTY_UNQUANTIFIED,,INDETERMINATE_UNQUANTIFIED_ATTACK_AND_REFERENCE_UNCERTAINTY,POSITIVE,11.609977324263038,NEW_018,c7efaf8d2029ed140d67b7cbfff1c23fd33e0ffcae18f285566266c063f78e1c,NEW_018_ADTOF_35_13,142.76643990933735,UNCONSTRAINED_NEW_018_179,UNCONSTRAINED_NEW_018_180,TRIO_CONDITIONED_NEW_018_172,,
F_MIX_01407,M56,True,283.58530612244897,UNKNOWN,True,778,283.65496598639453,-69.65986394556012,161.49902343750904,UNKNOWN,SOURCE_NEUTRAL_NATIVE_MARKER,NUMERICAL_MARKER_ONLY_ATTACK_UNCERTAINTY_UNQUANTIFIED,,INDETERMINATE_UNQUANTIFIED_ATTACK_AND_REFERENCE_UNCERTAINTY,NEGATIVE,11.609977324263038,NEW_018,c7efaf8d2029ed140d67b7cbfff1c23fd33e0ffcae18f285566266c063f78e1c,NEW_018_ADTOF_38_23,44.69387755102616,UNCONSTRAINED_NEW_018_184,UNCONSTRAINED_NEW_018_185,TRIO_CONDITIONED_NEW_018_177,,
F_MIX_01408,M56,True,283.6433560090703,BASS_AND_DRUM_SUPPORTED,True,778,283.65496598639453,-11.60997732421265,161.49902343750904,PROVISIONAL_QUALIFIED_EVIDENCE,SOURCE_ASSOCIATED_NATIVE_MARKER,NUMERICAL_MARKER_ONLY_ATTACK_UNCERTAINTY_UNQUANTIFIED,,INDETERMINATE_UNQUANTIFIED_ATTACK_AND_REFERENCE_UNCERTAINTY,NEGATIVE,11.609977324263038,NEW_018,c7efaf8d2029ed140d67b7cbfff1c23fd33e0ffcae18f285566266c063f78e1c,NEW_018_ADTOF_38_23,13.356009070321306,UNCONSTRAINED_NEW_018_184,UNCONSTRAINED_NEW_018_185,TRIO_CONDITIONED_NEW_018_177,BASS_00448,
F_MIX_01409,M56,True,283.9568253968254,UNKNOWN,True,779,284.026485260771,-69.65986394556012,161.49902343748434,UNKNOWN,SOURCE_NEUTRAL_NATIVE_MARKER,NUMERICAL_MARKER_ONLY_ATTACK_UNCERTAINTY_UNQUANTIFIED,,INDETERMINATE_UNQUANTIFIED_ATTACK_AND_REFERENCE_UNCERTAINTY,NEGATIVE,11.609977324263038,NEW_018,c7efaf8d2029ed140d67b7cbfff1c23fd33e0ffcae18f285566266c063f78e1c,NEW_018_ADTOF_35_14,43.17460317457744,UNCONSTRAINED_NEW_018_190,UNCONSTRAINED_NEW_018_191,TRIO_CONDITIONED_NEW_018_182,,
F_MIX_01410,M56,True,284.0148752834467,BASS_AND_DRUM_SUPPORTED,True,779,284.026485260771,-11.609977324269494,161.49902343748434,PROVISIONAL_QUALIFIED_EVIDENCE,SOURCE_ASSOCIATED_NATIVE_MARKER,NUMERICAL_MARKER_ONLY_ATTACK_UNCERTAINTY_UNQUANTIFIED,,INDETERMINATE_UNQUANTIFIED_ATTACK_AND_REFERENCE_UNCERTAINTY,NEGATIVE,11.609977324263038,NEW_018,c7efaf8d2029ed140d67b7cbfff1c23fd33e0ffcae18f285566266c063f78e1c,NEW_018_ADTOF_35_14,14.875283446713183,UNCONSTRAINED_NEW_018_190,UNCONSTRAINED_NEW_018_191,TRIO_CONDITIONED_NEW_018_182,BASS_00449,
F_MIX_01411,M56,True,284.3051247165533,UNKNOWN,True,780,284.37478458049884,-69.65986394556012,172.26562500001668,UNKNOWN,SOURCE_NEUTRAL_NATIVE_MARKER,NUMERICAL_MARKER_ONLY_ATTACK_UNCERTAINTY_UNQUANTIFIED,,INDETERMINATE_UNQUANTIFIED_ATTACK_AND_REFERENCE_UNCERTAINTY,NEGATIVE,11.609977324263038,NEW_018,c7efaf8d2029ed140d67b7cbfff1c23fd33e0ffcae18f285566266c063f78e1c,NEW_018_ADTOF_35_15,64.87528344672455,UNCONSTRAINED_NEW_018_196,UNCONSTRAINED_NEW_018_197,TRIO_CONDITIONED_NEW_018_188,,
F_MIX_01412,M56,True,284.3863945578231,BASS_AND_DRUM_SUPPORTED,True,780,284.37478458049884,11.609977324269494,161.49902343748434,PROVISIONAL_QUALIFIED_EVIDENCE,SOURCE_ASSOCIATED_NATIVE_MARKER,NUMERICAL_MARKER_ONLY_ATTACK_UNCERTAINTY_UNQUANTIFIED,,INDETERMINATE_UNQUANTIFIED_ATTACK_AND_REFERENCE_UNCERTAINTY,POSITIVE,11.609977324263038,NEW_018,c7efaf8d2029ed140d67b7cbfff1c23fd33e0ffcae18f285566266c063f78e1c,NEW_018_ADTOF_35_15,16.39455782310506,UNCONSTRAINED_NEW_018_196,UNCONSTRAINED_NEW_018_197,TRIO_CONDITIONED_NEW_018_188,BASS_00450,
F_MIX_01413,M56,True,284.67664399092973,UNKNOWN,True,781,284.7463038548753,-69.65986394556012,161.49902343748434,UNKNOWN,SOURCE_NEUTRAL_NATIVE_MARKER,NUMERICAL_MARKER_ONLY_ATTACK_UNCERTAINTY_UNQUANTIFIED,,INDETERMINATE_UNQUANTIFIED_ATTACK_AND_REFERENCE_UNCERTAINTY,NEGATIVE,11.609977324263038,NEW_018,c7efaf8d2029ed140d67b7cbfff1c23fd33e0ffcae18f285566266c063f78e1c,NEW_018_ADTOF_49_21,53.35600907028493,UNCONSTRAINED_NEW_018_201,UNCONSTRAINED_NEW_018_202,TRIO_CONDITIONED_NEW_018_193,,
F_MIX_01414,M56,True,284.7463038548753,BASS_AND_DRUM_SUPPORTED,True,781,284.7463038548753,0.0,161.49902343750904,PROVISIONAL_QUALIFIED_EVIDENCE,SOURCE_ASSOCIATED_NATIVE_MARKER,NUMERICAL_MARKER_ONLY_ATTACK_UNCERTAINTY_UNQUANTIFIED,,INDETERMINATE_UNQUANTIFIED_ATTACK_AND_REFERENCE_UNCERTAINTY,ZERO,11.609977324263038,NEW_018,c7efaf8d2029ed140d67b7cbfff1c23fd33e0ffcae18f285566266c063f78e1c,NEW_018_ADTOF_49_21,16.303854875275192,UNCONSTRAINED_NEW_018_201,UNCONSTRAINED_NEW_018_202,TRIO_CONDITIONED_NEW_018_193,BASS_00451,
F_MIX_01415,M56,True,285.0597732426304,DRUM_SUPPORTED,True,782,285.1178231292517,-58.049886621290625,161.49902343750904,PROVISIONAL_QUALIFIED_EVIDENCE,SOURCE_ASSOCIATED_NATIVE_MARKER,NUMERICAL_MARKER_ONLY_ATTACK_UNCERTAINTY_UNQUANTIFIED,,INDETERMINATE_UNQUANTIFIED_ATTACK_AND_REFERENCE_UNCERTAINTY,NEGATIVE,11.609977324263038,NEW_019,c7efaf8d2029ed140d67b7cbfff1c23fd33e0ffcae18f285566266c063f78e1c,NEW_019_ADTOF_38_0,30.226757369575807,UNCONSTRAINED_NEW_019_59,UNCONSTRAINED_NEW_019_60,TRIO_CONDITIONED_NEW_019_10,,
F_MIX_01416,M56,True,285.1062131519274,DRUM_SUPPORTED,True,782,285.1178231292517,-11.609977324269494,161.49902343750904,PROVISIONAL_QUALIFIED_EVIDENCE,SOURCE_ASSOCIATED_NATIVE_MARKER,NUMERICAL_MARKER_ONLY_ATTACK_UNCERTAINTY_UNQUANTIFIED,,INDETERMINATE_UNQUANTIFIED_ATTACK_AND_REFERENCE_UNCERTAINTY,NEGATIVE,11.609977324263038,NEW_019,c7efaf8d2029ed140d67b7cbfff1c23fd33e0ffcae18f285566266c063f78e1c,NEW_019_ADTOF_38_0,16.213151927445324,UNCONSTRAINED_NEW_019_59,UNCONSTRAINED_NEW_019_60,TRIO_CONDITIONED_NEW_019_10,BASS_00452,
F_MIX_01417,M56,True,285.4777324263039,DRUM_SUPPORTED,True,783,285.48934240362814,-11.609977324269494,161.49902343748434,PROVISIONAL_QUALIFIED_EVIDENCE,SOURCE_ASSOCIATED_NATIVE_MARKER,NUMERICAL_MARKER_ONLY_ATTACK_UNCERTAINTY_UNQUANTIFIED,,INDETERMINATE_UNQUANTIFIED_ATTACK_AND_REFERENCE_UNCERTAINTY,NEGATIVE,11.609977324263038,NEW_019,c7efaf8d2029ed140d67b7cbfff1c23fd33e0ffcae18f285566266c063f78e1c,NEW_019_ADTOF_35_0,17.732426303894044,UNCONSTRAINED_NEW_019_59,UNCONSTRAINED_NEW_019_60,TRIO_CONDITIONED_NEW_019_16,BASS_00453,
F_MIX_01418,M56,True,285.75637188208617,UNKNOWN,True,784,285.86086167800454,-104.4897959183686,161.49902343750904,UNKNOWN,SOURCE_NEUTRAL_NATIVE_MARKER,NUMERICAL_MARKER_ONLY_ATTACK_UNCERTAINTY_UNQUANTIFIED,,INDETERMINATE_UNQUANTIFIED_ATTACK_AND_REFERENCE_UNCERTAINTY,NEGATIVE,11.609977324263038,NEW_019,c7efaf8d2029ed140d67b7cbfff1c23fd33e0ffcae18f285566266c063f78e1c,NEW_019_ADTOF_38_1,73.62811791381318,UNCONSTRAINED_NEW_019_59,UNCONSTRAINED_NEW_019_60,TRIO_CONDITIONED_NEW_019_23,,
F_MIX_01419,M56,True,285.84925170068027,DRUM_SUPPORTED,True,784,285.86086167800454,-11.609977324269494,161.49902343750904,PROVISIONAL_QUALIFIED_EVIDENCE,SOURCE_ASSOCIATED_NATIVE_MARKER,NUMERICAL_MARKER_ONLY_ATTACK_UNCERTAINTY_UNQUANTIFIED,,INDETERMINATE_UNQUANTIFIED_ATTACK_AND_REFERENCE_UNCERTAINTY,NEGATIVE,11.609977324263038,NEW_019,c7efaf8d2029ed140d67b7cbfff1c23fd33e0ffcae18f285566266c063f78e1c,NEW_019_ADTOF_38_1,19.25170068028592,UNCONSTRAINED_NEW_019_59,UNCONSTRAINED_NEW_019_60,TRIO_CONDITIONED_NEW_019_23,BASS_00455,
F_MIX_01420,M56,True,286.20916099773245,DRUM_SUPPORTED,True,785,286.23238095238094,-23.219954648482144,161.49902343750904,PROVISIONAL_QUALIFIED_EVIDENCE,SOURCE_ASSOCIATED_NATIVE_MARKER,NUMERICAL_MARKER_ONLY_ATTACK_UNCERTAINTY_UNQUANTIFIED,,INDETERMINATE_UNQUANTIFIED_ATTACK_AND_REFERENCE_UNCERTAINTY,NEGATIVE,11.609977324263038,NEW_019,c7efaf8d2029ed140d67b7cbfff1c23fd33e0ffcae18f285566266c063f78e1c,NEW_019_ADTOF_49_4,19.160997732456053,UNCONSTRAINED_NEW_019_59,UNCONSTRAINED_NEW_019_60,TRIO_CONDITIONED_NEW_019_30,BASS_00456,
F_MIX_01421,M56,True,286.2556009070295,UNKNOWN,True,785,286.23238095238094,23.219954648538987,172.26562499998857,UNKNOWN,SOURCE_NEUTRAL_NATIVE_MARKER,NUMERICAL_MARKER_ONLY_ATTACK_UNCERTAINTY_UNQUANTIFIED,,INDETERMINATE_UNQUANTIFIED_ATTACK_AND_REFERENCE_UNCERTAINTY,POSITIVE,11.609977324263038,NEW_019,c7efaf8d2029ed140d67b7cbfff1c23fd33e0ffcae18f285566266c063f78e1c,NEW_019_ADTOF_49_4,65.60090702947718,UNCONSTRAINED_NEW_019_59,UNCONSTRAINED_NEW_019_60,TRIO_CONDITIONED_NEW_019_30,,
F_MIX_01422,M56,True,286.5690702947846,DRUM_SUPPORTED,True,786,286.58068027210885,-11.609977324269494,172.26562499998857,PROVISIONAL_QUALIFIED_EVIDENCE,SOURCE_ASSOCIATED_NATIVE_MARKER,NUMERICAL_MARKER_ONLY_ATTACK_UNCERTAINTY_UNQUANTIFIED,,INDETERMINATE_UNQUANTIFIED_ATTACK_AND_REFERENCE_UNCERTAINTY,NEGATIVE,11.609977324263038,NEW_019,c7efaf8d2029ed140d67b7cbfff1c23fd33e0ffcae18f285566266c063f78e1c,NEW_019_ADTOF_38_2,19.07029478456934,UNCONSTRAINED_NEW_019_59,UNCONSTRAINED_NEW_019_60,TRIO_CONDITIONED_NEW_019_34,BASS_00457,
F_MIX_01423,M56,True,286.85931972789115,UNKNOWN,True,787,286.95219954648525,-92.8798185940991,161.49902343750904,UNKNOWN,SOURCE_NEUTRAL_NATIVE_MARKER,NUMERICAL_MARKER_ONLY_ATTACK_UNCERTAINTY_UNQUANTIFIED,,INDETERMINATE_UNQUANTIFIED_ATTACK_AND_REFERENCE_UNCERTAINTY,NEGATIVE,11.609977324263038,NEW_019,c7efaf8d2029ed140d67b7cbfff1c23fd33e0ffcae18f285566266c063f78e1c,NEW_019_ADTOF_49_6,60.680272108868394,UNCONSTRAINED_NEW_019_59,UNCONSTRAINED_NEW_019_60,TRIO_CONDITIONED_NEW_019_41,,
F_MIX_01424,M56,True,286.940589569161,DRUM_SUPPORTED,True,787,286.95219954648525,-11.609977324269494,161.49902343750904,PROVISIONAL_QUALIFIED_EVIDENCE,SOURCE_ASSOCIATED_NATIVE_MARKER,NUMERICAL_MARKER_ONLY_ATTACK_UNCERTAINTY_UNQUANTIFIED,,INDETERMINATE_UNQUANTIFIED_ATTACK_AND_REFERENCE_UNCERTAINTY,NEGATIVE,11.609977324263038,NEW_019,c7efaf8d2029ed140d67b7cbfff1c23fd33e0ffcae18f285566266c063f78e1c,NEW_019_ADTOF_49_6,20.58956916096122,UNCONSTRAINED_NEW_019_59,UNCONSTRAINED_NEW_019_60,TRIO_CONDITIONED_NEW_019_41,BASS_00458,
F_MIX_01425,M56,True,287.0915192743764,UNKNOWN,True,787,286.95219954648525,139.31972789117708,172.26562499998857,UNKNOWN,SOURCE_NEUTRAL_NATIVE_MARKER,NUMERICAL_MARKER_ONLY_ATTACK_UNCERTAINTY_UNQUANTIFIED,,INDETERMINATE_UNQUANTIFIED_ATTACK_AND_REFERENCE_UNCERTAINTY,POSITIVE,11.609977324263038,NEW_019,c7efaf8d2029ed140d67b7cbfff1c23fd33e0ffcae18f285566266c063f78e1c,NEW_019_ADTOF_49_6,171.5192743764078,UNCONSTRAINED_NEW_019_59,UNCONSTRAINED_NEW_019_60,TRIO_CONDITIONED_NEW_019_41,BASS_00459,
F_MIX_01426,M56,True,287.2888888888889,DRUM_SUPPORTED,True,788,287.30049886621316,-11.609977324269494,172.26562499998857,PROVISIONAL_QUALIFIED_EVIDENCE,SOURCE_ASSOCIATED_NATIVE_MARKER,NUMERICAL_MARKER_ONLY_ATTACK_UNCERTAINTY_UNQUANTIFIED,,INDETERMINATE_UNQUANTIFIED_ATTACK_AND_REFERENCE_UNCERTAINTY,NEGATIVE,11.609977324263038,NEW_019,c7efaf8d2029ed140d67b7cbfff1c23fd33e0ffcae18f285566266c063f78e1c,NEW_019_ADTOF_38_3,1.1111111111290484,UNCONSTRAINED_NEW_019_59,UNCONSTRAINED_NEW_019_60,TRIO_CONDITIONED_NEW_019_49,,
F_MIX_01427,M56,True,287.3237188208617,DRUM_SUPPORTED,True,788,287.30049886621316,23.219954648538987,161.49902343750904,PROVISIONAL_QUALIFIED_EVIDENCE,SOURCE_ASSOCIATED_NATIVE_MARKER,NUMERICAL_MARKER_ONLY_ATTACK_UNCERTAINTY_UNQUANTIFIED,,INDETERMINATE_UNQUANTIFIED_ATTACK_AND_REFERENCE_UNCERTAINTY,POSITIVE,11.609977324263038,NEW_019,c7efaf8d2029ed140d67b7cbfff1c23fd33e0ffcae18f285566266c063f78e1c,NEW_019_ADTOF_38_3,33.71882086167943,UNCONSTRAINED_NEW_019_59,UNCONSTRAINED_NEW_019_60,TRIO_CONDITIONED_NEW_019_49,,
F_MIX_01428,M56,True,287.67201814058956,DRUM_SUPPORTED,True,789,287.67201814058956,0.0,172.26562499998857,PROVISIONAL_QUALIFIED_EVIDENCE,SOURCE_ASSOCIATED_NATIVE_MARKER,NUMERICAL_MARKER_ONLY_ATTACK_UNCERTAINTY_UNQUANTIFIED,,INDETERMINATE_UNQUANTIFIED_ATTACK_AND_REFERENCE_UNCERTAINTY,ZERO,11.609977324263038,NEW_019,c7efaf8d2029ed140d67b7cbfff1c23fd33e0ffcae18f285566266c063f78e1c,NEW_019_ADTOF_49_8,12.018140589532322,UNCONSTRAINED_NEW_019_59,UNCONSTRAINED_NEW_019_60,TRIO_CONDITIONED_NEW_019_57,BASS_00460,
F_MIX_01429,M56,True,288.0203174603175,DRUM_SUPPORTED,True,790,288.0203174603175,0.0,172.26562500001668,PROVISIONAL_QUALIFIED_EVIDENCE,SOURCE_ASSOCIATED_NATIVE_MARKER,NUMERICAL_MARKER_ONLY_ATTACK_UNCERTAINTY_UNQUANTIFIED,,INDETERMINATE_UNQUANTIFIED_ATTACK_AND_REFERENCE_UNCERTAINTY,ZERO,11.609977324263038,NEW_019,c7efaf8d2029ed140d67b7cbfff1c23fd33e0ffcae18f285566266c063f78e1c,NEW_019_ADTOF_38_4,10.317460317480709,UNCONSTRAINED_NEW_019_59,UNCONSTRAINED_NEW_019_60,TRIO_CONDITIONED_NEW_019_64,BASS_00461,
F_MIX_01430,M56,True,288.3802267573696,DRUM_SUPPORTED,True,791,288.36861678004533,11.609977324269494,161.49902343748434,PROVISIONAL_QUALIFIED_EVIDENCE,SOURCE_ASSOCIATED_NATIVE_MARKER,NUMERICAL_MARKER_ONLY_ATTACK_UNCERTAINTY_UNQUANTIFIED,,INDETERMINATE_UNQUANTIFIED_ATTACK_AND_REFERENCE_UNCERTAINTY,POSITIVE,11.609977324263038,NEW_019,c7efaf8d2029ed140d67b7cbfff1c23fd33e0ffcae18f285566266c063f78e1c,NEW_019_ADTOF_49_10,10.226757369593997,UNCONSTRAINED_NEW_019_59,UNCONSTRAINED_NEW_019_60,TRIO_CONDITIONED_NEW_019_71,BASS_00462,
F_MIX_01431,M56,True,288.57759637188207,UNKNOWN,True,792,288.7401360544218,-162.53968253971607,161.49902343748434,UNKNOWN,SOURCE_NEUTRAL_NATIVE_MARKER,NUMERICAL_MARKER_ONLY_ATTACK_UNCERTAINTY_UNQUANTIFIED,,INDETERMINATE_UNQUANTIFIED_ATTACK_AND_REFERENCE_UNCERTAINTY,NEGATIVE,11.609977324263038,NEW_019,c7efaf8d2029ed140d67b7cbfff1c23fd33e0ffcae18f285566266c063f78e1c,NEW_019_ADTOF_35_1,152.40362811795194,UNCONSTRAINED_NEW_019_59,UNCONSTRAINED_NEW_019_60,TRIO_CONDITIONED_NEW_019_76,,
F_MIX_01432,M56,True,288.68208616780043,UNKNOWN,True,792,288.7401360544218,-58.04988662134747,161.49902343748434,UNKNOWN,SOURCE_NEUTRAL_NATIVE_MARKER,NUMERICAL_MARKER_ONLY_ATTACK_UNCERTAINTY_UNQUANTIFIED,,INDETERMINATE_UNQUANTIFIED_ATTACK_AND_REFERENCE_UNCERTAINTY,NEGATIVE,11.609977324263038,NEW_019,c7efaf8d2029ed140d67b7cbfff1c23fd33e0ffcae18f285566266c063f78e1c,NEW_019_ADTOF_35_1,47.91383219958334,UNCONSTRAINED_NEW_019_59,UNCONSTRAINED_NEW_019_60,TRIO_CONDITIONED_NEW_019_76,,
F_MIX_01433,M56,True,288.7401360544218,DRUM_SUPPORTED,True,792,288.7401360544218,0.0,172.26562500001668,PROVISIONAL_QUALIFIED_EVIDENCE,SOURCE_ASSOCIATED_NATIVE_MARKER,NUMERICAL_MARKER_ONLY_ATTACK_UNCERTAINTY_UNQUANTIFIED,,INDETERMINATE_UNQUANTIFIED_ATTACK_AND_REFERENCE_UNCERTAINTY,ZERO,11.609977324263038,NEW_019,c7efaf8d2029ed140d67b7cbfff1c23fd33e0ffcae18f285566266c063f78e1c,NEW_019_ADTOF_35_1,10.136054421764129,UNCONSTRAINED_NEW_019_59,UNCONSTRAINED_NEW_019_60,TRIO_CONDITIONED_NEW_019_76,BASS_00463,
F_MIX_01434,M56,True,289.0187755102041,DRUM_SUPPORTED,True,793,289.08843537414964,-69.65986394556012,172.26562500001668,PROVISIONAL_QUALIFIED_EVIDENCE,SOURCE_ASSOCIATED_NATIVE_MARKER,NUMERICAL_MARKER_ONLY_ATTACK_UNCERTAINTY_UNQUANTIFIED,,INDETERMINATE_UNQUANTIFIED_ATTACK_AND_REFERENCE_UNCERTAINTY,NEGATIVE,11.609977324263038,NEW_019,c7efaf8d2029ed140d67b7cbfff1c23fd33e0ffcae18f285566266c063f78e1c,NEW_019_ADTOF_49_12,8.775510204088732,UNCONSTRAINED_NEW_019_59,UNCONSTRAINED_NEW_019_60,TRIO_CONDITIONED_NEW_019_79,,
F_MIX_01435,M56,True,289.40190476190475,UNKNOWN,True,794,289.43673469387755,-34.82993197280848,172.26562499998857,UNKNOWN,SOURCE_NEUTRAL_NATIVE_MARKER,NUMERICAL_MARKER_ONLY_ATTACK_UNCERTAINTY_UNQUANTIFIED,,INDETERMINATE_UNQUANTIFIED_ATTACK_AND_REFERENCE_UNCERTAINTY,NEGATIVE,11.609977324263038,NEW_019,c7efaf8d2029ed140d67b7cbfff1c23fd33e0ffcae18f285566266c063f78e1c,NEW_019_ADTOF_38_5,58.09523809523398,UNCONSTRAINED_NEW_019_59,UNCONSTRAINED_NEW_019_60,TRIO_CONDITIONED_NEW_019_82,,
F_MIX_01436,M56,True,289.47156462585036,DRUM_SUPPORTED,True,794,289.43673469387755,34.82993197280848,161.49902343750904,PROVISIONAL_QUALIFIED_EVIDENCE,SOURCE_ASSOCIATED_NATIVE_MARKER,NUMERICAL_MARKER_ONLY_ATTACK_UNCERTAINTY_UNQUANTIFIED,,INDETERMINATE_UNQUANTIFIED_ATTACK_AND_REFERENCE_UNCERTAINTY,POSITIVE,11.609977324263038,NEW_019,c7efaf8d2029ed140d67b7cbfff1c23fd33e0ffcae18f285566266c063f78e1c,NEW_019_ADTOF_38_5,11.564625850382981,UNCONSTRAINED_NEW_019_59,UNCONSTRAINED_NEW_019_60,TRIO_CONDITIONED_NEW_019_82,,
F_MIX_01437,M56,True,289.75020408163266,UNKNOWN,True,795,289.80825396825395,-58.049886621290625,161.49902343750904,UNKNOWN,SOURCE_NEUTRAL_NATIVE_MARKER,NUMERICAL_MARKER_ONLY_ATTACK_UNCERTAINTY_UNQUANTIFIED,,INDETERMINATE_UNQUANTIFIED_ATTACK_AND_REFERENCE_UNCERTAINTY,NEGATIVE,11.609977324263038,NEW_019,c7efaf8d2029ed140d67b7cbfff1c23fd33e0ffcae18f285566266c063f78e1c,NEW_019_ADTOF_49_15,69.79591836733334,UNCONSTRAINED_NEW_019_64,UNCONSTRAINED_NEW_019_65,TRIO_CONDITIONED_NEW_019_91,,
F_MIX_01438,M56,True,289.84308390022676,DRUM_SUPPORTED,True,795,289.80825396825395,34.82993197280848,172.26562499998857,PROVISIONAL_QUALIFIED_EVIDENCE,SOURCE_ASSOCIATED_NATIVE_MARKER,NUMERICAL_MARKER_ONLY_ATTACK_UNCERTAINTY_UNQUANTIFIED,,INDETERMINATE_UNQUANTIFIED_ATTACK_AND_REFERENCE_UNCERTAINTY,POSITIVE,11.609977324263038,NEW_019,c7efaf8d2029ed140d67b7cbfff1c23fd33e0ffcae18f285566266c063f78e1c,NEW_019_ADTOF_49_15,23.083900226765763,UNCONSTRAINED_NEW_019_64,UNCONSTRAINED_NEW_019_65,TRIO_CONDITIONED_NEW_019_91,,
F_MIX_01439,M56,True,290.12172335600906,UNKNOWN,True,796,290.15655328798186,-34.82993197280848,172.26562499998857,UNKNOWN,SOURCE_NEUTRAL_NATIVE_MARKER,NUMERICAL_MARKER_ONLY_ATTACK_UNCERTAINTY_UNQUANTIFIED,,INDETERMINATE_UNQUANTIFIED_ATTACK_AND_REFERENCE_UNCERTAINTY,NEGATIVE,11.609977324263038,NEW_019,c7efaf8d2029ed140d67b7cbfff1c23fd33e0ffcae18f285566266c063f78e1c,NEW_019_ADTOF_38_6,58.27664399095056,UNCONSTRAINED_NEW_019_72,UNCONSTRAINED_NEW_019_73,TRIO_CONDITIONED_NEW_019_98,,
F_MIX_01440,M56,True,290.1913832199547,DRUM_SUPPORTED,True,796,290.15655328798186,34.82993197280848,161.49902343750904,PROVISIONAL_QUALIFIED_EVIDENCE,SOURCE_ASSOCIATED_NATIVE_MARKER,NUMERICAL_MARKER_ONLY_ATTACK_UNCERTAINTY_UNQUANTIFIED,,INDETERMINATE_UNQUANTIFIED_ATTACK_AND_REFERENCE_UNCERTAINTY,POSITIVE,11.609977324263038,NEW_019,c7efaf8d2029ed140d67b7cbfff1c23fd33e0ffcae18f285566266c063f78e1c,NEW_019_ADTOF_38_6,11.383219954666401,UNCONSTRAINED_NEW_019_72,UNCONSTRAINED_NEW_019_73,TRIO_CONDITIONED_NEW_019_98,,
F_MIX_01441,M56,True,290.4932426303855,DRUM_SUPPORTED,True,797,290.52807256235826,-34.82993197275164,161.49902343750904,PROVISIONAL_QUALIFIED_EVIDENCE,SOURCE_ASSOCIATED_NATIVE_MARKER,NUMERICAL_MARKER_ONLY_ATTACK_UNCERTAINTY_UNQUANTIFIED,,INDETERMINATE_UNQUANTIFIED_ATTACK_AND_REFERENCE_UNCERTAINTY,NEGATIVE,11.609977324263038,NEW_019,c7efaf8d2029ed140d67b7cbfff1c23fd33e0ffcae18f285566266c063f78e1c,NEW_019_ADTOF_49_17,23.242630385482244,UNCONSTRAINED_NEW_019_78,UNCONSTRAINED_NEW_019_79,TRIO_CONDITIONED_NEW_019_103,,
F_MIX_01442,M56,True,290.57451247165534,DRUM_SUPPORTED,True,797,290.52807256235826,46.439909297077975,161.49902343748434,PROVISIONAL_QUALIFIED_EVIDENCE,SOURCE_ASSOCIATED_NATIVE_MARKER,NUMERICAL_MARKER_ONLY_ATTACK_UNCERTAINTY_UNQUANTIFIED,,INDETERMINATE_UNQUANTIFIED_ATTACK_AND_REFERENCE_UNCERTAINTY,POSITIVE,11.609977324263038,NEW_019,c7efaf8d2029ed140d67b7cbfff1c23fd33e0ffcae18f285566266c063f78e1c,NEW_019_ADTOF_49_18,14.512471655336867,UNCONSTRAINED_NEW_019_78,UNCONSTRAINED_NEW_019_79,TRIO_CONDITIONED_NEW_019_103,,
F_MIX_01443,M56,True,290.9228117913832,DRUM_SUPPORTED,True,798,290.8995918367347,23.219954648482144,172.26562500001668,PROVISIONAL_QUALIFIED_EVIDENCE,SOURCE_ASSOCIATED_NATIVE_MARKER,NUMERICAL_MARKER_ONLY_ATTACK_UNCERTAINTY_UNQUANTIFIED,,INDETERMINATE_UNQUANTIFIED_ATTACK_AND_REFERENCE_UNCERTAINTY,POSITIVE,11.609977324263038,NEW_019,c7efaf8d2029ed140d67b7cbfff1c23fd33e0ffcae18f285566266c063f78e1c,NEW_019_ADTOF_38_7,22.811791383219315,UNCONSTRAINED_NEW_019_83,UNCONSTRAINED_NEW_019_84,TRIO_CONDITIONED_NEW_019_107,,
F_MIX_01444,M56,True,291.29433106575965,DRUM_SUPPORTED,True,799,291.2478911564626,46.439909297077975,161.49902343748434,PROVISIONAL_QUALIFIED_EVIDENCE,SOURCE_ASSOCIATED_NATIVE_MARKER,NUMERICAL_MARKER_ONLY_ATTACK_UNCERTAINTY_UNQUANTIFIED,,INDETERMINATE_UNQUANTIFIED_ATTACK_AND_REFERENCE_UNCERTAINTY,POSITIVE,11.609977324263038,NEW_019,c7efaf8d2029ed140d67b7cbfff1c23fd33e0ffcae18f285566266c063f78e1c,NEW_019_ADTOF_35_2,24.331065759668036,UNCONSTRAINED_NEW_019_88,UNCONSTRAINED_NEW_019_89,TRIO_CONDITIONED_NEW_019_112,,
F_MIX_01445,M56,True,291.57297052154195,UNKNOWN,True,800,291.619410430839,-46.439909297077975,161.49902343748434,UNKNOWN,SOURCE_NEUTRAL_NATIVE_MARKER,NUMERICAL_MARKER_ONLY_ATTACK_UNCERTAINTY_UNQUANTIFIED,,INDETERMINATE_UNQUANTIFIED_ATTACK_AND_REFERENCE_UNCERTAINTY,NEGATIVE,11.609977324263038,NEW_019,c7efaf8d2029ed140d67b7cbfff1c23fd33e0ffcae18f285566266c063f78e1c,NEW_019_ADTOF_35_3,57.02947845804829,UNCONSTRAINED_NEW_019_96,UNCONSTRAINED_NEW_019_97,TRIO_CONDITIONED_NEW_019_119,,
F_MIX_01446,M56,True,291.6542403628118,DRUM_SUPPORTED,True,800,291.619410430839,34.82993197275164,161.49902343750904,PROVISIONAL_QUALIFIED_EVIDENCE,SOURCE_ASSOCIATED_NATIVE_MARKER,NUMERICAL_MARKER_ONLY_ATTACK_UNCERTAINTY_UNQUANTIFIED,,INDETERMINATE_UNQUANTIFIED_ATTACK_AND_REFERENCE_UNCERTAINTY,POSITIVE,11.609977324263038,NEW_019,c7efaf8d2029ed140d67b7cbfff1c23fd33e0ffcae18f285566266c063f78e1c,NEW_019_ADTOF_49_21,14.240362811790419,UNCONSTRAINED_NEW_019_96,UNCONSTRAINED_NEW_019_97,TRIO_CONDITIONED_NEW_019_119,,
F_MIX_01447,M56,True,291.94448979591834,UNKNOWN,True,801,291.9909297052154,-46.439909297077975,161.49902343750904,UNKNOWN,SOURCE_NEUTRAL_NATIVE_MARKER,NUMERICAL_MARKER_ONLY_ATTACK_UNCERTAINTY_UNQUANTIFIED,,INDETERMINATE_UNQUANTIFIED_ATTACK_AND_REFERENCE_UNCERTAINTY,NEGATIVE,11.609977324263038,NEW_019,c7efaf8d2029ed140d67b7cbfff1c23fd33e0ffcae18f285566266c063f78e1c,NEW_019_ADTOF_49_22,55.51020408165641,UNCONSTRAINED_NEW_019_105,UNCONSTRAINED_NEW_019_106,TRIO_CONDITIONED_NEW_019_125,,
F_MIX_01448,M56,True,292.02575963718823,DRUM_SUPPORTED,True,801,291.9909297052154,34.82993197280848,161.49902343750904,PROVISIONAL_QUALIFIED_EVIDENCE,SOURCE_ASSOCIATED_NATIVE_MARKER,NUMERICAL_MARKER_ONLY_ATTACK_UNCERTAINTY_UNQUANTIFIED,,INDETERMINATE_UNQUANTIFIED_ATTACK_AND_REFERENCE_UNCERTAINTY,POSITIVE,11.609977324263038,NEW_019,c7efaf8d2029ed140d67b7cbfff1c23fd33e0ffcae18f285566266c063f78e1c,NEW_019_ADTOF_49_22,25.759637188230045,UNCONSTRAINED_NEW_019_105,UNCONSTRAINED_NEW_019_106,TRIO_CONDITIONED_NEW_019_125,,
F_MIX_01449,M56,True,292.3972789115646,DRUM_SUPPORTED,True,802,292.3624489795918,34.82993197280848,161.49902343748434,PROVISIONAL_QUALIFIED_EVIDENCE,SOURCE_ASSOCIATED_NATIVE_MARKER,NUMERICAL_MARKER_ONLY_ATTACK_UNCERTAINTY_UNQUANTIFIED,,INDETERMINATE_UNQUANTIFIED_ATTACK_AND_REFERENCE_UNCERTAINTY,POSITIVE,11.609977324263038,NEW_019,c7efaf8d2029ed140d67b7cbfff1c23fd33e0ffcae18f285566266c063f78e1c,NEW_019_ADTOF_38_8,7.2789115646401115,UNCONSTRAINED_NEW_019_114,UNCONSTRAINED_NEW_019_115,TRIO_CONDITIONED_NEW_019_130,,
F_MIX_01450,M56,True,292.6875283446712,DRUM_SUPPORTED,True,803,292.73396825396827,-46.439909297077975,161.49902343748434,PROVISIONAL_QUALIFIED_EVIDENCE,SOURCE_ASSOCIATED_NATIVE_MARKER,NUMERICAL_MARKER_ONLY_ATTACK_UNCERTAINTY_UNQUANTIFIED,,INDETERMINATE_UNQUANTIFIED_ATTACK_AND_REFERENCE_UNCERTAINTY,NEGATIVE,11.609977324263038,NEW_019,c7efaf8d2029ed140d67b7cbfff1c23fd33e0ffcae18f285566266c063f78e1c,NEW_019_ADTOF_49_24,27.52834467116827,UNCONSTRAINED_NEW_019_121,UNCONSTRAINED_NEW_019_122,TRIO_CONDITIONED_NEW_019_136,,
F_MIX_01451,M56,True,292.768798185941,DRUM_SUPPORTED,True,803,292.73396825396827,34.82993197275164,161.49902343750904,PROVISIONAL_QUALIFIED_EVIDENCE,SOURCE_ASSOCIATED_NATIVE_MARKER,NUMERICAL_MARKER_ONLY_ATTACK_UNCERTAINTY_UNQUANTIFIED,,INDETERMINATE_UNQUANTIFIED_ATTACK_AND_REFERENCE_UNCERTAINTY,POSITIVE,11.609977324263038,NEW_019,c7efaf8d2029ed140d67b7cbfff1c23fd33e0ffcae18f285566266c063f78e1c,NEW_019_ADTOF_49_25,28.7981859410138,UNCONSTRAINED_NEW_019_121,UNCONSTRAINED_NEW_019_122,TRIO_CONDITIONED_NEW_019_136,,
F_MIX_01452,M56,True,293.0358276643991,UNKNOWN,True,804,293.10548752834467,-69.65986394556012,161.49902343750904,UNKNOWN,SOURCE_NEUTRAL_NATIVE_MARKER,NUMERICAL_MARKER_ONLY_ATTACK_UNCERTAINTY_UNQUANTIFIED,,INDETERMINATE_UNQUANTIFIED_ATTACK_AND_REFERENCE_UNCERTAINTY,NEGATIVE,11.609977324263038,NEW_019,c7efaf8d2029ed140d67b7cbfff1c23fd33e0ffcae18f285566266c063f78e1c,NEW_019_ADTOF_35_4,74.17233560090608,UNCONSTRAINED_NEW_019_128,UNCONSTRAINED_NEW_019_129,TRIO_CONDITIONED_NEW_019_142,,
F_MIX_01453,M56,True,293.1287074829932,DRUM_SUPPORTED,True,804,293.10548752834467,23.219954648538987,161.49902343750904,PROVISIONAL_QUALIFIED_EVIDENCE,SOURCE_ASSOCIATED_NATIVE_MARKER,NUMERICAL_MARKER_ONLY_ATTACK_UNCERTAINTY_UNQUANTIFIED,,INDETERMINATE_UNQUANTIFIED_ATTACK_AND_REFERENCE_UNCERTAINTY,POSITIVE,11.609977324263038,NEW_019,c7efaf8d2029ed140d67b7cbfff1c23fd33e0ffcae18f285566266c063f78e1c,NEW_019_ADTOF_35_4,18.707482993193025,UNCONSTRAINED_NEW_019_128,UNCONSTRAINED_NEW_019_129,TRIO_CONDITIONED_NEW_019_142,,
F_MIX_01454,M56,True,293.4073469387755,UNKNOWN,True,805,293.47700680272106,-69.65986394556012,161.49902343750904,UNKNOWN,SOURCE_NEUTRAL_NATIVE_MARKER,NUMERICAL_MARKER_ONLY_ATTACK_UNCERTAINTY_UNQUANTIFIED,,INDETERMINATE_UNQUANTIFIED_ATTACK_AND_REFERENCE_UNCERTAINTY,NEGATIVE,11.609977324263038,NEW_019,c7efaf8d2029ed140d67b7cbfff1c23fd33e0ffcae18f285566266c063f78e1c,NEW_019_ADTOF_49_27,62.6530612245233,UNCONSTRAINED_NEW_019_135,UNCONSTRAINED_NEW_019_136,TRIO_CONDITIONED_NEW_019_147,,
F_MIX_01455,M56,True,293.48861678004533,DRUM_SUPPORTED,True,805,293.47700680272106,11.609977324269494,172.26562499998857,PROVISIONAL_QUALIFIED_EVIDENCE,SOURCE_ASSOCIATED_NATIVE_MARKER,NUMERICAL_MARKER_ONLY_ATTACK_UNCERTAINTY_UNQUANTIFIED,,INDETERMINATE_UNQUANTIFIED_ATTACK_AND_REFERENCE_UNCERTAINTY,POSITIVE,11.609977324263038,NEW_019,c7efaf8d2029ed140d67b7cbfff1c23fd33e0ffcae18f285566266c063f78e1c,NEW_019_ADTOF_49_27,18.616780045306314,UNCONSTRAINED_NEW_019_135,UNCONSTRAINED_NEW_019_136,TRIO_CONDITIONED_NEW_019_147,,
F_MIX_01456,M56,True,293.8485260770975,DRUM_SUPPORTED,True,806,293.825306122449,23.219954648538987,161.49902343750904,PROVISIONAL_QUALIFIED_EVIDENCE,SOURCE_ASSOCIATED_NATIVE_MARKER,NUMERICAL_MARKER_ONLY_ATTACK_UNCERTAINTY_UNQUANTIFIED,,INDETERMINATE_UNQUANTIFIED_ATTACK_AND_REFERENCE_UNCERTAINTY,POSITIVE,11.609977324263038,NEW_019,c7efaf8d2029ed140d67b7cbfff1c23fd33e0ffcae18f285566266c063f78e1c,NEW_019_ADTOF_38_9,18.52607709753329,UNCONSTRAINED_NEW_019_140,UNCONSTRAINED_NEW_019_141,TRIO_CONDITIONED_NEW_019_151,,
F_MIX_01457,M56,True,294.11555555555555,UNKNOWN,True,807,294.1968253968254,-81.26984126982961,161.49902343750904,UNKNOWN,SOURCE_NEUTRAL_NATIVE_MARKER,NUMERICAL_MARKER_ONLY_ATTACK_UNCERTAINTY_UNQUANTIFIED,,INDETERMINATE_UNQUANTIFIED_ATTACK_AND_REFERENCE_UNCERTAINTY,NEGATIVE,11.609977324263038,NEW_019,c7efaf8d2029ed140d67b7cbfff1c23fd33e0ffcae18f285566266c063f78e1c,NEW_019_ADTOF_49_29,84.44444444444343,UNCONSTRAINED_NEW_019_149,UNCONSTRAINED_NEW_019_150,TRIO_CONDITIONED_NEW_019_158,,
F_MIX_01458,M56,True,294.2200453514739,DRUM_SUPPORTED,True,807,294.1968253968254,23.219954648538987,161.49902343748434,PROVISIONAL_QUALIFIED_EVIDENCE,SOURCE_ASSOCIATED_NATIVE_MARKER,NUMERICAL_MARKER_ONLY_ATTACK_UNCERTAINTY_UNQUANTIFIED,,INDETERMINATE_UNQUANTIFIED_ATTACK_AND_REFERENCE_UNCERTAINTY,POSITIVE,11.609977324263038,NEW_019,c7efaf8d2029ed140d67b7cbfff1c23fd33e0ffcae18f285566266c063f78e1c,NEW_019_ADTOF_49_29,20.045351473925166,UNCONSTRAINED_NEW_019_149,UNCONSTRAINED_NEW_019_150,TRIO_CONDITIONED_NEW_019_158,,
F_MIX_01459,M56,True,294.46385487528346,UNKNOWN,True,808,294.5683446712018,-104.4897959183686,161.49902343748434,UNKNOWN,SOURCE_NEUTRAL_NATIVE_MARKER,NUMERICAL_MARKER_ONLY_ATTACK_UNCERTAINTY_UNQUANTIFIED,,INDETERMINATE_UNQUANTIFIED_ATTACK_AND_REFERENCE_UNCERTAINTY,NEGATIVE,11.609977324263038,NEW_019,c7efaf8d2029ed140d67b7cbfff1c23fd33e0ffcae18f285566266c063f78e1c,NEW_019_ADTOF_38_10,116.1451247165246,UNCONSTRAINED_NEW_019_156,UNCONSTRAINED_NEW_019_157,TRIO_CONDITIONED_NEW_019_165,,
F_MIX_01460,M56,True,294.5799546485261,DRUM_SUPPORTED,True,808,294.5683446712018,11.609977324269494,161.49902343750904,PROVISIONAL_QUALIFIED_EVIDENCE,SOURCE_ASSOCIATED_NATIVE_MARKER,NUMERICAL_MARKER_ONLY_ATTACK_UNCERTAINTY_UNQUANTIFIED,,INDETERMINATE_UNQUANTIFIED_ATTACK_AND_REFERENCE_UNCERTAINTY,POSITIVE,11.609977324263038,NEW_019,c7efaf8d2029ed140d67b7cbfff1c23fd33e0ffcae18f285566266c063f78e1c,NEW_019_ADTOF_38_10,0.045351473886512395,UNCONSTRAINED_NEW_019_156,UNCONSTRAINED_NEW_019_157,TRIO_CONDITIONED_NEW_019_165,,
F_MIX_01461,M56,True,294.8585941043084,DRUM_SUPPORTED,True,809,294.9398639455782,-81.26984126982961,161.49902343750904,PROVISIONAL_QUALIFIED_EVIDENCE,SOURCE_ASSOCIATED_NATIVE_MARKER,NUMERICAL_MARKER_ONLY_ATTACK_UNCERTAINTY_UNQUANTIFIED,,INDETERMINATE_UNQUANTIFIED_ATTACK_AND_REFERENCE_UNCERTAINTY,NEGATIVE,11.609977324263038,NEW_019,c7efaf8d2029ed140d67b7cbfff1c23fd33e0ffcae18f285566266c063f78e1c,NEW_019_ADTOF_49_31,18.5941043084199,UNCONSTRAINED_NEW_019_162,UNCONSTRAINED_NEW_019_163,TRIO_CONDITIONED_NEW_019_169,,
F_MIX_01462,M56,True,294.9514739229025,DRUM_SUPPORTED,True,809,294.9398639455782,11.609977324269494,172.26562499998857,PROVISIONAL_QUALIFIED_EVIDENCE,SOURCE_ASSOCIATED_NATIVE_MARKER,NUMERICAL_MARKER_ONLY_ATTACK_UNCERTAINTY_UNQUANTIFIED,,INDETERMINATE_UNQUANTIFIED_ATTACK_AND_REFERENCE_UNCERTAINTY,POSITIVE,11.609977324263038,NEW_019,c7efaf8d2029ed140d67b7cbfff1c23fd33e0ffcae18f285566266c063f78e1c,NEW_019_ADTOF_35_5,21.473922902487175,UNCONSTRAINED_NEW_019_162,UNCONSTRAINED_NEW_019_163,TRIO_CONDITIONED_NEW_019_171,,
F_MIX_01463,M56,True,295.3229931972789,BASS_AND_DRUM_SUPPORTED,True,810,295.28816326530614,34.82993197275164,161.49902343750904,PROVISIONAL_QUALIFIED_EVIDENCE,SOURCE_ASSOCIATED_NATIVE_MARKER,NUMERICAL_MARKER_ONLY_ATTACK_UNCERTAINTY_UNQUANTIFIED,,INDETERMINATE_UNQUANTIFIED_ATTACK_AND_REFERENCE_UNCERTAINTY,POSITIVE,11.609977324263038,NEW_019,c7efaf8d2029ed140d67b7cbfff1c23fd33e0ffcae18f285566266c063f78e1c,NEW_019_ADTOF_38_11,22.99319727887905,UNCONSTRAINED_NEW_019_167,UNCONSTRAINED_NEW_019_168,TRIO_CONDITIONED_NEW_019_176,BASS_00464,
F_MIX_01464,M56,True,295.47392290249434,UNKNOWN,True,810,295.28816326530614,185.7596371881982,161.49902343750904,UNKNOWN,SOURCE_NEUTRAL_NATIVE_MARKER,NUMERICAL_MARKER_ONLY_ATTACK_UNCERTAINTY_UNQUANTIFIED,,INDETERMINATE_UNQUANTIFIED_ATTACK_AND_REFERENCE_UNCERTAINTY,POSITIVE,11.609977324263038,NEW_019,c7efaf8d2029ed140d67b7cbfff1c23fd33e0ffcae18f285566266c063f78e1c,NEW_019_ADTOF_35_6,76.07709750567437,UNCONSTRAINED_NEW_019_167,UNCONSTRAINED_NEW_019_174,TRIO_CONDITIONED_NEW_019_180,,
F_MIX_01465,M56,True,295.6712925170068,BASS_AND_DRUM_SUPPORTED,True,811,295.65968253968254,11.609977324269494,161.49902343750904,PROVISIONAL_QUALIFIED_EVIDENCE,SOURCE_ASSOCIATED_NATIVE_MARKER,NUMERICAL_MARKER_ONLY_ATTACK_UNCERTAINTY_UNQUANTIFIED,,INDETERMINATE_UNQUANTIFIED_ATTACK_AND_REFERENCE_UNCERTAINTY,POSITIVE,11.609977324263038,NEW_019,c7efaf8d2029ed140d67b7cbfff1c23fd33e0ffcae18f285566266c063f78e1c,NEW_019_ADTOF_49_34,8.70748299320212,UNCONSTRAINED_NEW_019_177,UNCONSTRAINED_NEW_019_178,TRIO_CONDITIONED_NEW_019_183,BASS_00466,
F_MIX_01466,M56,True,295.7177324263039,UNKNOWN,True,811,295.65968253968254,58.04988662134747,161.49902343750904,UNKNOWN,SOURCE_NEUTRAL_NATIVE_MARKER,NUMERICAL_MARKER_ONLY_ATTACK_UNCERTAINTY_UNQUANTIFIED,,INDETERMINATE_UNQUANTIFIED_ATTACK_AND_REFERENCE_UNCERTAINTY,POSITIVE,11.609977324263038,NEW_019,c7efaf8d2029ed140d67b7cbfff1c23fd33e0ffcae18f285566266c063f78e1c,NEW_019_ADTOF_49_34,37.732426303875855,UNCONSTRAINED_NEW_019_177,UNCONSTRAINED_NEW_019_178,TRIO_CONDITIONED_NEW_019_183,,
F_MIX_01467,M56,True,296.03120181405893,BASS_AND_DRUM_SUPPORTED,True,812,296.03120181405893,0.0,161.49902343748434,PROVISIONAL_QUALIFIED_EVIDENCE,SOURCE_ASSOCIATED_NATIVE_MARKER,NUMERICAL_MARKER_ONLY_ATTACK_UNCERTAINTY_UNQUANTIFIED,,INDETERMINATE_UNQUANTIFIED_ATTACK_AND_REFERENCE_UNCERTAINTY,ZERO,11.609977324263038,NEW_019,c7efaf8d2029ed140d67b7cbfff1c23fd33e0ffcae18f285566266c063f78e1c,NEW_019_ADTOF_38_12,11.201814058949822,UNCONSTRAINED_NEW_019_184,UNCONSTRAINED_NEW_019_185,TRIO_CONDITIONED_NEW_019_188,BASS_00467,
F_MIX_01468,M56,True,296.32145124716556,UNKNOWN,True,813,296.4027210884354,-81.26984126982961,161.49902343748434,UNKNOWN,SOURCE_NEUTRAL_NATIVE_MARKER,NUMERICAL_MARKER_ONLY_ATTACK_UNCERTAINTY_UNQUANTIFIED,,INDETERMINATE_UNQUANTIFIED_ATTACK_AND_REFERENCE_UNCERTAINTY,NEGATIVE,11.609977324263038,NEW_019,c7efaf8d2029ed140d67b7cbfff1c23fd33e0ffcae18f285566266c063f78e1c,NEW_019_ADTOF_35_7,68.54875283443107,UNCONSTRAINED_NEW_019_192,UNCONSTRAINED_NEW_019_193,TRIO_CONDITIONED_NEW_019_192,BASS_00468,
F_MIX_01469,M56,True,296.41433106575965,DRUM_SUPPORTED,True,813,296.4027210884354,11.609977324269494,161.49902343750904,PROVISIONAL_QUALIFIED_EVIDENCE,SOURCE_ASSOCIATED_NATIVE_MARKER,NUMERICAL_MARKER_ONLY_ATTACK_UNCERTAINTY_UNQUANTIFIED,,INDETERMINATE_UNQUANTIFIED_ATTACK_AND_REFERENCE_UNCERTAINTY,POSITIVE,11.609977324263038,NEW_019,c7efaf8d2029ed140d67b7cbfff1c23fd33e0ffcae18f285566266c063f78e1c,NEW_019_ADTOF_35_7,24.331065759668036,UNCONSTRAINED_NEW_019_192,UNCONSTRAINED_NEW_019_193,TRIO_CONDITIONED_NEW_019_197,,
F_MIX_01470,M56,True,296.7742403628118,BASS_AND_DRUM_SUPPORTED,True,814,296.7742403628118,0.0,172.26562499998857,PROVISIONAL_QUALIFIED_EVIDENCE,SOURCE_ASSOCIATED_NATIVE_MARKER,NUMERICAL_MARKER_ONLY_ATTACK_UNCERTAINTY_UNQUANTIFIED,,INDETERMINATE_UNQUANTIFIED_ATTACK_AND_REFERENCE_UNCERTAINTY,ZERO,11.609977324263038,NEW_019,c7efaf8d2029ed140d67b7cbfff1c23fd33e0ffcae18f285566266c063f78e1c,NEW_019_ADTOF_38_13,14.240362811790419,UNCONSTRAINED_NEW_019_196,UNCONSTRAINED_NEW_019_197,TRIO_CONDITIONED_NEW_019_201,BASS_00469,
F_MIX_01471,M56,True,297.0528798185941,DRUM_SUPPORTED,True,815,297.1225396825397,-69.65986394561696,172.26562499998857,PROVISIONAL_QUALIFIED_EVIDENCE,SOURCE_ASSOCIATED_NATIVE_MARKER,NUMERICAL_MARKER_ONLY_ATTACK_UNCERTAINTY_UNQUANTIFIED,,INDETERMINATE_UNQUANTIFIED_ATTACK_AND_REFERENCE_UNCERTAINTY,NEGATIVE,11.609977324263038,NEW_019,c7efaf8d2029ed140d67b7cbfff1c23fd33e0ffcae18f285566266c063f78e1c,NEW_019_ADTOF_35_8,42.87981859408774,UNCONSTRAINED_NEW_019_204,UNCONSTRAINED_NEW_019_202,TRIO_CONDITIONED_NEW_019_205,,
F_MIX_01472,M56,True,297.13414965986397,DRUM_SUPPORTED,True,815,297.1225396825397,11.609977324269494,161.49902343750904,PROVISIONAL_QUALIFIED_EVIDENCE,SOURCE_ASSOCIATED_NATIVE_MARKER,NUMERICAL_MARKER_ONLY_ATTACK_UNCERTAINTY_UNQUANTIFIED,,INDETERMINATE_UNQUANTIFIED_ATTACK_AND_REFERENCE_UNCERTAINTY,POSITIVE,11.609977324263038,NEW_019,c7efaf8d2029ed140d67b7cbfff1c23fd33e0ffcae18f285566266c063f78e1c,NEW_019_ADTOF_35_9,14.14965986396055,UNCONSTRAINED_NEW_019_204,UNCONSTRAINED_NEW_019_205,TRIO_CONDITIONED_NEW_019_208,,
F_MIX_01473,M56,True,297.44761904761907,DRUM_SUPPORTED,True,816,297.4940589569161,-46.43990929702113,161.49902343750904,PROVISIONAL_QUALIFIED_EVIDENCE,SOURCE_ASSOCIATED_NATIVE_MARKER,NUMERICAL_MARKER_ONLY_ATTACK_UNCERTAINTY_UNQUANTIFIED,,INDETERMINATE_UNQUANTIFIED_ATTACK_AND_REFERENCE_UNCERTAINTY,NEGATIVE,11.609977324263038,NEW_019,c7efaf8d2029ed140d67b7cbfff1c23fd33e0ffcae18f285566266c063f78e1c,NEW_019_ADTOF_49_39,12.380952380908639,UNCONSTRAINED_NEW_019_214,UNCONSTRAINED_NEW_019_215,TRIO_CONDITIONED_NEW_019_217,,
F_MIX_01474,M56,True,297.4940589569161,DRUM_SUPPORTED,True,816,297.4940589569161,0.0,161.49902343748434,PROVISIONAL_QUALIFIED_EVIDENCE,SOURCE_ASSOCIATED_NATIVE_MARKER,NUMERICAL_MARKER_ONLY_ATTACK_UNCERTAINTY_UNQUANTIFIED,,INDETERMINATE_UNQUANTIFIED_ATTACK_AND_REFERENCE_UNCERTAINTY,ZERO,11.609977324263038,NEW_019,c7efaf8d2029ed140d67b7cbfff1c23fd33e0ffcae18f285566266c063f78e1c,NEW_019_ADTOF_35_10,24.058956916064744,UNCONSTRAINED_NEW_019_214,UNCONSTRAINED_NEW_019_215,TRIO_CONDITIONED_NEW_019_217,,
F_MIX_01475,M56,True,297.6565986394558,UNKNOWN,True,816,297.4940589569161,162.53968253971607,161.49902343748434,UNKNOWN,SOURCE_NEUTRAL_NATIVE_MARKER,NUMERICAL_MARKER_ONLY_ATTACK_UNCERTAINTY_UNQUANTIFIED,,INDETERMINATE_UNQUANTIFIED_ATTACK_AND_REFERENCE_UNCERTAINTY,POSITIVE,11.609977324263038,NEW_019,c7efaf8d2029ed140d67b7cbfff1c23fd33e0ffcae18f285566266c063f78e1c,NEW_019_ADTOF_35_10,186.5986394557808,UNCONSTRAINED_NEW_019_214,UNCONSTRAINED_NEW_019_215,TRIO_CONDITIONED_NEW_019_217,,
F_MIX_01476,M56,True,297.7146485260771,UNKNOWN,True,817,297.86557823129255,-150.92970521544657,161.49902343748434,UNKNOWN,SOURCE_NEUTRAL_NATIVE_MARKER,NUMERICAL_MARKER_ONLY_ATTACK_UNCERTAINTY_UNQUANTIFIED,,INDETERMINATE_UNQUANTIFIED_ATTACK_AND_REFERENCE_UNCERTAINTY,NEGATIVE,11.609977324263038,NEW_019,c7efaf8d2029ed140d67b7cbfff1c23fd33e0ffcae18f285566266c063f78e1c,NEW_019_ADTOF_49_40,135.35147392292401,UNCONSTRAINED_NEW_019_214,UNCONSTRAINED_NEW_019_221,TRIO_CONDITIONED_NEW_019_223,,
F_MIX_01477,M56,True,297.7610884353742,UNKNOWN,True,817,297.86557823129255,-104.4897959183686,161.49902343748434,UNKNOWN,SOURCE_NEUTRAL_NATIVE_MARKER,NUMERICAL_MARKER_ONLY_ATTACK_UNCERTAINTY_UNQUANTIFIED,,INDETERMINATE_UNQUANTIFIED_ATTACK_AND_REFERENCE_UNCERTAINTY,NEGATIVE,11.609977324263038,NEW_019,c7efaf8d2029ed140d67b7cbfff1c23fd33e0ffcae18f285566266c063f78e1c,NEW_019_ADTOF_49_40,88.91156462584604,UNCONSTRAINED_NEW_019_214,UNCONSTRAINED_NEW_019_221,TRIO_CONDITIONED_NEW_019_223,,
F_MIX_01478,M56,True,298.23709750566894,DRUM_SUPPORTED,True,818,298.23709750566894,0.0,161.49902343750904,PROVISIONAL_QUALIFIED_EVIDENCE,SOURCE_ASSOCIATED_NATIVE_MARKER,NUMERICAL_MARKER_ONLY_ATTACK_UNCERTAINTY_UNQUANTIFIED,,INDETERMINATE_UNQUANTIFIED_ATTACK_AND_REFERENCE_UNCERTAINTY,ZERO,11.609977324263038,NEW_019,c7efaf8d2029ed140d67b7cbfff1c23fd33e0ffcae18f285566266c063f78e1c,NEW_019_ADTOF_38_14,7.097505668923532,UNCONSTRAINED_NEW_019_226,UNCONSTRAINED_NEW_019_227,TRIO_CONDITIONED_NEW_019_226,,
F_MIX_01479,M56,True,298.5273469387755,UNKNOWN,True,819,298.60861678004534,-81.26984126982961,161.49902343750904,UNKNOWN,SOURCE_NEUTRAL_NATIVE_MARKER,NUMERICAL_MARKER_ONLY_ATTACK_UNCERTAINTY_UNQUANTIFIED,,INDETERMINATE_UNQUANTIFIED_ATTACK_AND_REFERENCE_UNCERTAINTY,NEGATIVE,11.609977324263038,NEW_019,c7efaf8d2029ed140d67b7cbfff1c23fd33e0ffcae18f285566266c063f78e1c,NEW_019_ADTOF_49_42,72.6530612245142,UNCONSTRAINED_NEW_019_232,UNCONSTRAINED_NEW_019_233,TRIO_CONDITIONED_NEW_019_229,,
F_MIX_01480,M56,True,298.6202267573696,BASS_AND_DRUM_SUPPORTED,True,819,298.60861678004534,11.609977324269494,172.26562499998857,PROVISIONAL_QUALIFIED_EVIDENCE,SOURCE_ASSOCIATED_NATIVE_MARKER,NUMERICAL_MARKER_ONLY_ATTACK_UNCERTAINTY_UNQUANTIFIED,,INDETERMINATE_UNQUANTIFIED_ATTACK_AND_REFERENCE_UNCERTAINTY,POSITIVE,11.609977324263038,NEW_019,c7efaf8d2029ed140d67b7cbfff1c23fd33e0ffcae18f285566266c063f78e1c,NEW_019_ADTOF_49_42,20.226757369584902,UNCONSTRAINED_NEW_019_232,UNCONSTRAINED_NEW_019_233,TRIO_CONDITIONED_NEW_019_229,BASS_FMIX_00007,
F_MIX_01481,M56,True,298.9104761904762,UNKNOWN,True,820,298.95691609977325,-46.439909297077975,172.26562499998857,UNKNOWN,SOURCE_NEUTRAL_NATIVE_MARKER,NUMERICAL_MARKER_ONLY_ATTACK_UNCERTAINTY_UNQUANTIFIED,,INDETERMINATE_UNQUANTIFIED_ATTACK_AND_REFERENCE_UNCERTAINTY,NEGATIVE,11.609977324263038,NEW_019,c7efaf8d2029ed140d67b7cbfff1c23fd33e0ffcae18f285566266c063f78e1c,NEW_019_ADTOF_49_43,49.523809523805085,UNCONSTRAINED_NEW_019_239,UNCONSTRAINED_NEW_019_240,TRIO_CONDITIONED_NEW_019_234,,
F_MIX_01482,M56,True,298.9685260770975,DRUM_SUPPORTED,True,820,298.95691609977325,11.609977324269494,161.49902343750904,PROVISIONAL_QUALIFIED_EVIDENCE,SOURCE_ASSOCIATED_NATIVE_MARKER,NUMERICAL_MARKER_ONLY_ATTACK_UNCERTAINTY_UNQUANTIFIED,,INDETERMINATE_UNQUANTIFIED_ATTACK_AND_REFERENCE_UNCERTAINTY,POSITIVE,11.609977324263038,NEW_019,c7efaf8d2029ed140d67b7cbfff1c23fd33e0ffcae18f285566266c063f78e1c,NEW_019_ADTOF_49_43,8.526077097542384,UNCONSTRAINED_NEW_019_239,UNCONSTRAINED_NEW_019_240,TRIO_CONDITIONED_NEW_019_234,,
F_MIX_01483,M56,True,299.2587755102041,DRUM_SUPPORTED,True,821,299.32843537414965,-69.65986394556012,161.49902343750904,PROVISIONAL_QUALIFIED_EVIDENCE,SOURCE_ASSOCIATED_NATIVE_MARKER,NUMERICAL_MARKER_ONLY_ATTACK_UNCERTAINTY_UNQUANTIFIED,,INDETERMINATE_UNQUANTIFIED_ATTACK_AND_REFERENCE_UNCERTAINTY,NEGATIVE,11.609977324263038,NEW_019,c7efaf8d2029ed140d67b7cbfff1c23fd33e0ffcae18f285566266c063f78e1c,NEW_019_ADTOF_49_44,61.22448979590445,UNCONSTRAINED_NEW_019_246,UNCONSTRAINED_NEW_019_244,TRIO_CONDITIONED_NEW_019_238,,
F_MIX_01484,M56,True,299.3400453514739,BASS_AND_DRUM_SUPPORTED,True,821,299.32843537414965,11.609977324269494,161.49902343748434,PROVISIONAL_QUALIFIED_EVIDENCE,SOURCE_ASSOCIATED_NATIVE_MARKER,NUMERICAL_MARKER_ONLY_ATTACK_UNCERTAINTY_UNQUANTIFIED,,INDETERMINATE_UNQUANTIFIED_ATTACK_AND_REFERENCE_UNCERTAINTY,POSITIVE,11.609977324263038,NEW_019,c7efaf8d2029ed140d67b7cbfff1c23fd33e0ffcae18f285566266c063f78e1c,NEW_019_ADTOF_49_44,20.045351473925166,UNCONSTRAINED_NEW_019_246,UNCONSTRAINED_NEW_019_247,TRIO_CONDITIONED_NEW_019_241,BASS_00470,
F_MIX_01485,M56,True,299.4097052154195,UNKNOWN,True,821,299.32843537414965,81.26984126982961,161.49902343748434,UNKNOWN,SOURCE_NEUTRAL_NATIVE_MARKER,NUMERICAL_MARKER_ONLY_ATTACK_UNCERTAINTY_UNQUANTIFIED,,INDETERMINATE_UNQUANTIFIED_ATTACK_AND_REFERENCE_UNCERTAINTY,POSITIVE,11.609977324263038,NEW_019,c7efaf8d2029ed140d67b7cbfff1c23fd33e0ffcae18f285566266c063f78e1c,NEW_019_ADTOF_49_44,89.70521541948528,UNCONSTRAINED_NEW_019_246,UNCONSTRAINED_NEW_019_247,TRIO_CONDITIONED_NEW_019_241,,
F_MIX_01486,M56,True,299.6651247165533,DRUM_SUPPORTED,True,822,299.6999546485261,-34.82993197280848,161.49902343748434,PROVISIONAL_QUALIFIED_EVIDENCE,SOURCE_ASSOCIATED_NATIVE_MARKER,NUMERICAL_MARKER_ONLY_ATTACK_UNCERTAINTY_UNQUANTIFIED,,INDETERMINATE_UNQUANTIFIED_ATTACK_AND_REFERENCE_UNCERTAINTY,NEGATIVE,11.609977324263038,NEW_019,c7efaf8d2029ed140d67b7cbfff1c23fd33e0ffcae18f285566266c063f78e1c,NEW_019_ADTOF_35_11,24.87528344670409,UNCONSTRAINED_NEW_019_252,UNCONSTRAINED_NEW_019_253,TRIO_CONDITIONED_NEW_019_247,,
F_MIX_01487,M56,True,299.6999546485261,BASS_AND_DRUM_SUPPORTED,True,822,299.6999546485261,0.0,161.49902343750904,PROVISIONAL_QUALIFIED_EVIDENCE,SOURCE_ASSOCIATED_NATIVE_MARKER,NUMERICAL_MARKER_ONLY_ATTACK_UNCERTAINTY_UNQUANTIFIED,,INDETERMINATE_UNQUANTIFIED_ATTACK_AND_REFERENCE_UNCERTAINTY,ZERO,11.609977324263038,NEW_019,c7efaf8d2029ed140d67b7cbfff1c23fd33e0ffcae18f285566266c063f78e1c,NEW_019_ADTOF_35_11,9.954648526104393,UNCONSTRAINED_NEW_019_252,UNCONSTRAINED_NEW_019_253,TRIO_CONDITIONED_NEW_019_247,BASS_00471,
F_MIX_01488,M56,True,300.0714739229025,DRUM_SUPPORTED,True,823,300.0714739229025,0.0,172.26562499998857,PROVISIONAL_QUALIFIED_EVIDENCE,SOURCE_ASSOCIATED_NATIVE_MARKER,NUMERICAL_MARKER_ONLY_ATTACK_UNCERTAINTY_UNQUANTIFIED,,INDETERMINATE_UNQUANTIFIED_ATTACK_AND_REFERENCE_UNCERTAINTY,ZERO,11.609977324263038,NEW_020,c7efaf8d2029ed140d67b7cbfff1c23fd33e0ffcae18f285566266c063f78e1c,NEW_020_ADTOF_35_1,21.473922902487175,UNCONSTRAINED_NEW_020_52,UNCONSTRAINED_NEW_020_53,TRIO_CONDITIONED_NEW_020_12,BASS_00472,
F_MIX_01489,M56,True,300.3501133786848,UNKNOWN,True,824,300.4197732426304,-69.65986394561696,172.26562499998857,UNKNOWN,SOURCE_NEUTRAL_NATIVE_MARKER,NUMERICAL_MARKER_ONLY_ATTACK_UNCERTAINTY_UNQUANTIFIED,,INDETERMINATE_UNQUANTIFIED_ATTACK_AND_REFERENCE_UNCERTAINTY,NEGATIVE,11.609977324263038,NEW_020,c7efaf8d2029ed140d67b7cbfff1c23fd33e0ffcae18f285566266c063f78e1c,NEW_020_ADTOF_35_2,59.88662131522915,UNCONSTRAINED_NEW_020_52,UNCONSTRAINED_NEW_020_53,TRIO_CONDITIONED_NEW_020_18,,
F_MIX_01490,M56,True,300.3849433106576,DRUM_SUPPORTED,True,824,300.4197732426304,-34.82993197280848,172.26562499998857,PROVISIONAL_QUALIFIED_EVIDENCE,SOURCE_ASSOCIATED_NATIVE_MARKER,NUMERICAL_MARKER_ONLY_ATTACK_UNCERTAINTY_UNQUANTIFIED,,INDETERMINATE_UNQUANTIFIED_ATTACK_AND_REFERENCE_UNCERTAINTY,NEGATIVE,11.609977324263038,NEW_020,c7efaf8d2029ed140d67b7cbfff1c23fd33e0ffcae18f285566266c063f78e1c,NEW_020_ADTOF_35_2,25.05668934242067,UNCONSTRAINED_NEW_020_52,UNCONSTRAINED_NEW_020_53,TRIO_CONDITIONED_NEW_020_18,,
F_MIX_01491,M56,True,300.4313832199546,DRUM_SUPPORTED,True,824,300.4197732426304,11.60997732421265,161.49902343750904,PROVISIONAL_QUALIFIED_EVIDENCE,SOURCE_ASSOCIATED_NATIVE_MARKER,NUMERICAL_MARKER_ONLY_ATTACK_UNCERTAINTY_UNQUANTIFIED,,INDETERMINATE_UNQUANTIFIED_ATTACK_AND_REFERENCE_UNCERTAINTY,POSITIVE,11.609977324263038,NEW_020,c7efaf8d2029ed140d67b7cbfff1c23fd33e0ffcae18f285566266c063f78e1c,NEW_020_ADTOF_35_2,21.383219954600463,UNCONSTRAINED_NEW_020_52,UNCONSTRAINED_NEW_020_53,TRIO_CONDITIONED_NEW_020_18,BASS_00473,
F_MIX_01492,M56,True,300.72163265306125,UNKNOWN,True,825,300.7912925170068,-69.65986394556012,161.49902343750904,UNKNOWN,SOURCE_NEUTRAL_NATIVE_MARKER,NUMERICAL_MARKER_ONLY_ATTACK_UNCERTAINTY_UNQUANTIFIED,,INDETERMINATE_UNQUANTIFIED_ATTACK_AND_REFERENCE_UNCERTAINTY,NEGATIVE,11.609977324263038,NEW_020,c7efaf8d2029ed140d67b7cbfff1c23fd33e0ffcae18f285566266c063f78e1c,NEW_020_ADTOF_49_3,68.36734693877133,UNCONSTRAINED_NEW_020_52,UNCONSTRAINED_NEW_020_53,TRIO_CONDITIONED_NEW_020_24,,
F_MIX_01493,M56,True,300.756462585034,DRUM_SUPPORTED,True,825,300.7912925170068,-34.82993197280848,161.49902343750904,PROVISIONAL_QUALIFIED_EVIDENCE,SOURCE_ASSOCIATED_NATIVE_MARKER,NUMERICAL_MARKER_ONLY_ATTACK_UNCERTAINTY_UNQUANTIFIED,,INDETERMINATE_UNQUANTIFIED_ATTACK_AND_REFERENCE_UNCERTAINTY,NEGATIVE,11.609977324263038,NEW_020,c7efaf8d2029ed140d67b7cbfff1c23fd33e0ffcae18f285566266c063f78e1c,NEW_020_ADTOF_49_3,33.537414966019696,UNCONSTRAINED_NEW_020_52,UNCONSTRAINED_NEW_020_53,TRIO_CONDITIONED_NEW_020_24,,
F_MIX_01494,M56,True,300.81451247165535,DRUM_SUPPORTED,True,825,300.7912925170068,23.219954648538987,161.49902343750904,PROVISIONAL_QUALIFIED_EVIDENCE,SOURCE_ASSOCIATED_NATIVE_MARKER,NUMERICAL_MARKER_ONLY_ATTACK_UNCERTAINTY_UNQUANTIFIED,,INDETERMINATE_UNQUANTIFIED_ATTACK_AND_REFERENCE_UNCERTAINTY,POSITIVE,11.609977324263038,NEW_020,c7efaf8d2029ed140d67b7cbfff1c23fd33e0ffcae18f285566266c063f78e1c,NEW_020_ADTOF_49_3,24.512471655327772,UNCONSTRAINED_NEW_020_52,UNCONSTRAINED_NEW_020_53,TRIO_CONDITIONED_NEW_020_24,BASS_00474,
F_MIX_01495,M56,True,300.8493424036281,UNKNOWN,True,825,300.7912925170068,58.049886621290625,161.49902343750904,UNKNOWN,SOURCE_NEUTRAL_NATIVE_MARKER,NUMERICAL_MARKER_ONLY_ATTACK_UNCERTAINTY_UNQUANTIFIED,,INDETERMINATE_UNQUANTIFIED_ATTACK_AND_REFERENCE_UNCERTAINTY,POSITIVE,11.609977324263038,NEW_020,c7efaf8d2029ed140d67b7cbfff1c23fd33e0ffcae18f285566266c063f78e1c,NEW_020_ADTOF_49_3,59.34240362807941,UNCONSTRAINED_NEW_020_52,UNCONSTRAINED_NEW_020_53,TRIO_CONDITIONED_NEW_020_24,,
F_MIX_01496,M56,True,301.1047619047619,UNKNOWN,True,826,301.1628117913832,-58.049886621290625,161.49902343750904,UNKNOWN,SOURCE_NEUTRAL_NATIVE_MARKER,NUMERICAL_MARKER_ONLY_ATTACK_UNCERTAINTY_UNQUANTIFIED,,INDETERMINATE_UNQUANTIFIED_ATTACK_AND_REFERENCE_UNCERTAINTY,NEGATIVE,11.609977324263038,NEW_020,c7efaf8d2029ed140d67b7cbfff1c23fd33e0ffcae18f285566266c063f78e1c,NEW_020_ADTOF_35_3,35.23809523807131,UNCONSTRAINED_NEW_020_52,UNCONSTRAINED_NEW_020_53,TRIO_CONDITIONED_NEW_020_30,,
F_MIX_01497,M56,True,301.1628117913832,DRUM_SUPPORTED,True,826,301.1628117913832,0.0,161.49902343748434,PROVISIONAL_QUALIFIED_EVIDENCE,SOURCE_ASSOCIATED_NATIVE_MARKER,NUMERICAL_MARKER_ONLY_ATTACK_UNCERTAINTY_UNQUANTIFIED,,INDETERMINATE_UNQUANTIFIED_ATTACK_AND_REFERENCE_UNCERTAINTY,ZERO,11.609977324263038,NEW_020,c7efaf8d2029ed140d67b7cbfff1c23fd33e0ffcae18f285566266c063f78e1c,NEW_020_ADTOF_35_3,22.811791383219315,UNCONSTRAINED_NEW_020_52,UNCONSTRAINED_NEW_020_53,TRIO_CONDITIONED_NEW_020_30,,
F_MIX_01498,M56,True,301.44145124716556,UNKNOWN,True,827,301.53433106575966,-92.8798185940991,161.49902343748434,UNKNOWN,SOURCE_NEUTRAL_NATIVE_MARKER,NUMERICAL_MARKER_ONLY_ATTACK_UNCERTAINTY_UNQUANTIFIED,,INDETERMINATE_UNQUANTIFIED_ATTACK_AND_REFERENCE_UNCERTAINTY,NEGATIVE,11.609977324263038,NEW_020,c7efaf8d2029ed140d67b7cbfff1c23fd33e0ffcae18f285566266c063f78e1c,NEW_020_ADTOF_35_4,68.54875283443107,UNCONSTRAINED_NEW_020_52,UNCONSTRAINED_NEW_020_53,TRIO_CONDITIONED_NEW_020_37,,
F_MIX_01499,M56,True,301.53433106575966,DRUM_SUPPORTED,True,827,301.53433106575966,0.0,172.26562500001668,PROVISIONAL_QUALIFIED_EVIDENCE,SOURCE_ASSOCIATED_NATIVE_MARKER,NUMERICAL_MARKER_ONLY_ATTACK_UNCERTAINTY_UNQUANTIFIED,,INDETERMINATE_UNQUANTIFIED_ATTACK_AND_REFERENCE_UNCERTAINTY,ZERO,11.609977324263038,NEW_020,c7efaf8d2029ed140d67b7cbfff1c23fd33e0ffcae18f285566266c063f78e1c,NEW_020_ADTOF_35_4,24.331065759668036,UNCONSTRAINED_NEW_020_52,UNCONSTRAINED_NEW_020_53,TRIO_CONDITIONED_NEW_020_37,,
F_MIX_01500,M56,True,301.8942403628118,DRUM_SUPPORTED,True,828,301.8826303854875,11.609977324269494,161.49902343748434,PROVISIONAL_QUALIFIED_EVIDENCE,SOURCE_ASSOCIATED_NATIVE_MARKER,NUMERICAL_MARKER_ONLY_ATTACK_UNCERTAINTY_UNQUANTIFIED,,INDETERMINATE_UNQUANTIFIED_ATTACK_AND_REFERENCE_UNCERTAINTY,POSITIVE,11.609977324263038,NEW_020,c7efaf8d2029ed140d67b7cbfff1c23fd33e0ffcae18f285566266c063f78e1c,NEW_020_ADTOF_35_5,14.240362811790419,UNCONSTRAINED_NEW_020_52,UNCONSTRAINED_NEW_020_53,TRIO_CONDITIONED_NEW_020_43,,
F_MIX_01501,M56,True,302.1960997732426,UNKNOWN,True,829,302.25414965986397,-58.04988662134747,161.49902343748434,UNKNOWN,SOURCE_NEUTRAL_NATIVE_MARKER,NUMERICAL_MARKER_ONLY_ATTACK_UNCERTAINTY_UNQUANTIFIED,,INDETERMINATE_UNQUANTIFIED_ATTACK_AND_REFERENCE_UNCERTAINTY,NEGATIVE,11.609977324263038,NEW_020,c7efaf8d2029ed140d67b7cbfff1c23fd33e0ffcae18f285566266c063f78e1c,NEW_020_ADTOF_35_6,43.90022675738692,UNCONSTRAINED_NEW_020_52,UNCONSTRAINED_NEW_020_53,TRIO_CONDITIONED_NEW_020_48,,
F_MIX_01502,M56,True,302.25414965986397,DRUM_SUPPORTED,True,829,302.25414965986397,0.0,161.49902343750904,PROVISIONAL_QUALIFIED_EVIDENCE,SOURCE_ASSOCIATED_NATIVE_MARKER,NUMERICAL_MARKER_ONLY_ATTACK_UNCERTAINTY_UNQUANTIFIED,,INDETERMINATE_UNQUANTIFIED_ATTACK_AND_REFERENCE_UNCERTAINTY,ZERO,11.609977324263038,NEW_020,c7efaf8d2029ed140d67b7cbfff1c23fd33e0ffcae18f285566266c063f78e1c,NEW_020_ADTOF_35_6,14.14965986396055,UNCONSTRAINED_NEW_020_52,UNCONSTRAINED_NEW_020_53,TRIO_CONDITIONED_NEW_020_48,,
F_MIX_01503,M56,True,302.53278911564627,UNKNOWN,True,830,302.62566893424037,-92.8798185940991,161.49902343750904,UNKNOWN,SOURCE_NEUTRAL_NATIVE_MARKER,NUMERICAL_MARKER_ONLY_ATTACK_UNCERTAINTY_UNQUANTIFIED,,INDETERMINATE_UNQUANTIFIED_ATTACK_AND_REFERENCE_UNCERTAINTY,NEGATIVE,11.609977324263038,NEW_020,c7efaf8d2029ed140d67b7cbfff1c23fd33e0ffcae18f285566266c063f78e1c,NEW_020_ADTOF_35_7,77.21088435374668,UNCONSTRAINED_NEW_020_52,UNCONSTRAINED_NEW_020_53,TRIO_CONDITIONED_NEW_020_53,,
F_MIX_01504,M56,True,302.62566893424037,DRUM_SUPPORTED,True,830,302.62566893424037,0.0,161.49902343750904,PROVISIONAL_QUALIFIED_EVIDENCE,SOURCE_ASSOCIATED_NATIVE_MARKER,NUMERICAL_MARKER_ONLY_ATTACK_UNCERTAINTY_UNQUANTIFIED,,INDETERMINATE_UNQUANTIFIED_ATTACK_AND_REFERENCE_UNCERTAINTY,ZERO,11.609977324263038,NEW_020,c7efaf8d2029ed140d67b7cbfff1c23fd33e0ffcae18f285566266c063f78e1c,NEW_020_ADTOF_35_7,15.668934240352428,UNCONSTRAINED_NEW_020_52,UNCONSTRAINED_NEW_020_53,TRIO_CONDITIONED_NEW_020_53,,
F_MIX_01505,M56,True,302.9855782312925,DRUM_SUPPORTED,True,831,302.99718820861676,-11.609977324269494,161.49902343750904,PROVISIONAL_QUALIFIED_EVIDENCE,SOURCE_ASSOCIATED_NATIVE_MARKER,NUMERICAL_MARKER_ONLY_ATTACK_UNCERTAINTY_UNQUANTIFIED,,INDETERMINATE_UNQUANTIFIED_ATTACK_AND_REFERENCE_UNCERTAINTY,NEGATIVE,11.609977324263038,NEW_020,c7efaf8d2029ed140d67b7cbfff1c23fd33e0ffcae18f285566266c063f78e1c,NEW_020_ADTOF_35_9,15.578231292465716,UNCONSTRAINED_NEW_020_52,UNCONSTRAINED_NEW_020_53,TRIO_CONDITIONED_NEW_020_58,,
F_MIX_01506,M56,True,303.35709750566895,DRUM_SUPPORTED,True,832,303.3687074829932,-11.609977324269494,161.49902343748434,PROVISIONAL_QUALIFIED_EVIDENCE,SOURCE_ASSOCIATED_NATIVE_MARKER,NUMERICAL_MARKER_ONLY_ATTACK_UNCERTAINTY_UNQUANTIFIED,,INDETERMINATE_UNQUANTIFIED_ATTACK_AND_REFERENCE_UNCERTAINTY,NEGATIVE,11.609977324263038,NEW_020,c7efaf8d2029ed140d67b7cbfff1c23fd33e0ffcae18f285566266c063f78e1c,NEW_020_ADTOF_35_10,17.09750566897128,UNCONSTRAINED_NEW_020_52,UNCONSTRAINED_NEW_020_53,TRIO_CONDITIONED_NEW_020_63,BASS_00475,
F_MIX_01507,M56,True,303.72861678004534,DRUM_SUPPORTED,True,833,303.7402267573696,-11.609977324269494,161.49902343750904,PROVISIONAL_QUALIFIED_EVIDENCE,SOURCE_ASSOCIATED_NATIVE_MARKER,NUMERICAL_MARKER_ONLY_ATTACK_UNCERTAINTY_UNQUANTIFIED,,INDETERMINATE_UNQUANTIFIED_ATTACK_AND_REFERENCE_UNCERTAINTY,NEGATIVE,11.609977324263038,NEW_020,c7efaf8d2029ed140d67b7cbfff1c23fd33e0ffcae18f285566266c063f78e1c,NEW_020_ADTOF_35_11,18.616780045363157,UNCONSTRAINED_NEW_020_52,UNCONSTRAINED_NEW_020_53,TRIO_CONDITIONED_NEW_020_67,BASS_00476,
F_MIX_01508,M56,True,304.0885260770975,DRUM_SUPPORTED,True,834,304.0885260770975,0.0,161.49902343750904,PROVISIONAL_QUALIFIED_EVIDENCE,SOURCE_ASSOCIATED_NATIVE_MARKER,NUMERICAL_MARKER_ONLY_ATTACK_UNCERTAINTY_UNQUANTIFIED,,INDETERMINATE_UNQUANTIFIED_ATTACK_AND_REFERENCE_UNCERTAINTY,ZERO,11.609977324263038,NEW_020,c7efaf8d2029ed140d67b7cbfff1c23fd33e0ffcae18f285566266c063f78e1c,NEW_020_ADTOF_38_4,18.52607709753329,UNCONSTRAINED_NEW_020_52,UNCONSTRAINED_NEW_020_53,TRIO_CONDITIONED_NEW_020_72,BASS_00477,
F_MIX_01509,M56,True,304.44843537414965,DRUM_SUPPORTED,True,835,304.4600453514739,-11.609977324269494,161.49902343750904,PROVISIONAL_QUALIFIED_EVIDENCE,SOURCE_ASSOCIATED_NATIVE_MARKER,NUMERICAL_MARKER_ONLY_ATTACK_UNCERTAINTY_UNQUANTIFIED,,INDETERMINATE_UNQUANTIFIED_ATTACK_AND_REFERENCE_UNCERTAINTY,NEGATIVE,11.609977324263038,NEW_020,c7efaf8d2029ed140d67b7cbfff1c23fd33e0ffcae18f285566266c063f78e1c,NEW_020_ADTOF_35_12,8.435374149655672,UNCONSTRAINED_NEW_020_52,UNCONSTRAINED_NEW_020_53,TRIO_CONDITIONED_NEW_020_78,BASS_00478,
F_MIX_01510,M56,True,304.7851247165533,BASS_AND_DRUM_SUPPORTED,True,836,304.8315646258503,-46.43990929702113,161.49902343750904,PROVISIONAL_QUALIFIED_EVIDENCE,SOURCE_ASSOCIATED_NATIVE_MARKER,NUMERICAL_MARKER_ONLY_ATTACK_UNCERTAINTY_UNQUANTIFIED,,INDETERMINATE_UNQUANTIFIED_ATTACK_AND_REFERENCE_UNCERTAINTY,NEGATIVE,11.609977324263038,NEW_020,c7efaf8d2029ed140d67b7cbfff1c23fd33e0ffcae18f285566266c063f78e1c,NEW_020_ADTOF_35_13,24.87528344670409,UNCONSTRAINED_NEW_020_52,UNCONSTRAINED_NEW_020_53,TRIO_CONDITIONED_NEW_020_84,BASS_00479,
F_MIX_01511,M56,True,304.8315646258503,DRUM_SUPPORTED,True,836,304.8315646258503,0.0,161.49902343748434,PROVISIONAL_QUALIFIED_EVIDENCE,SOURCE_ASSOCIATED_NATIVE_MARKER,NUMERICAL_MARKER_ONLY_ATTACK_UNCERTAINTY_UNQUANTIFIED,,INDETERMINATE_UNQUANTIFIED_ATTACK_AND_REFERENCE_UNCERTAINTY,ZERO,11.609977324263038,NEW_020,c7efaf8d2029ed140d67b7cbfff1c23fd33e0ffcae18f285566266c063f78e1c,NEW_020_ADTOF_35_13,21.564625850317043,UNCONSTRAINED_NEW_020_52,UNCONSTRAINED_NEW_020_53,TRIO_CONDITIONED_NEW_020_84,,
F_MIX_01512,M56,True,305.1102040816327,UNKNOWN,True,837,305.2030839002268,-92.8798185940991,161.49902343748434,UNKNOWN,SOURCE_NEUTRAL_NATIVE_MARKER,NUMERICAL_MARKER_ONLY_ATTACK_UNCERTAINTY_UNQUANTIFIED,,INDETERMINATE_UNQUANTIFIED_ATTACK_AND_REFERENCE_UNCERTAINTY,NEGATIVE,11.609977324263038,NEW_020,c7efaf8d2029ed140d67b7cbfff1c23fd33e0ffcae18f285566266c063f78e1c,NEW_020_ADTOF_49_15,69.79591836733334,UNCONSTRAINED_NEW_020_58,UNCONSTRAINED_NEW_020_59,TRIO_CONDITIONED_NEW_020_91,,
F_MIX_01513,M56,True,305.1914739229025,BASS_AND_DRUM_SUPPORTED,True,837,305.2030839002268,-11.609977324269494,161.49902343748434,PROVISIONAL_QUALIFIED_EVIDENCE,SOURCE_ASSOCIATED_NATIVE_MARKER,NUMERICAL_MARKER_ONLY_ATTACK_UNCERTAINTY_UNQUANTIFIED,,INDETERMINATE_UNQUANTIFIED_ATTACK_AND_REFERENCE_UNCERTAINTY,NEGATIVE,11.609977324263038,NEW_020,c7efaf8d2029ed140d67b7cbfff1c23fd33e0ffcae18f285566266c063f78e1c,NEW_020_ADTOF_35_14,1.4739229025053646,UNCONSTRAINED_NEW_020_58,UNCONSTRAINED_NEW_020_59,TRIO_CONDITIONED_NEW_020_91,BASS_00480,
F_MIX_01514,M56,True,305.5629931972789,DRUM_SUPPORTED,True,838,305.57460317460317,-11.609977324269494,161.49902343750904,PROVISIONAL_QUALIFIED_EVIDENCE,SOURCE_ASSOCIATED_NATIVE_MARKER,NUMERICAL_MARKER_ONLY_ATTACK_UNCERTAINTY_UNQUANTIFIED,,INDETERMINATE_UNQUANTIFIED_ATTACK_AND_REFERENCE_UNCERTAINTY,NEGATIVE,11.609977324263038,NEW_020,c7efaf8d2029ed140d67b7cbfff1c23fd33e0ffcae18f285566266c063f78e1c,NEW_020_ADTOF_35_15,12.993197278888147,UNCONSTRAINED_NEW_020_68,UNCONSTRAINED_NEW_020_63,TRIO_CONDITIONED_NEW_020_96,,
F_MIX_01515,M56,True,305.9229024943311,BASS_AND_DRUM_SUPPORTED,True,839,305.94612244897957,-23.219954648482144,161.49902343750904,PROVISIONAL_QUALIFIED_EVIDENCE,SOURCE_ASSOCIATED_NATIVE_MARKER,NUMERICAL_MARKER_ONLY_ATTACK_UNCERTAINTY_UNQUANTIFIED,,INDETERMINATE_UNQUANTIFIED_ATTACK_AND_REFERENCE_UNCERTAINTY,NEGATIVE,11.609977324263038,NEW_020,c7efaf8d2029ed140d67b7cbfff1c23fd33e0ffcae18f285566266c063f78e1c,NEW_020_ADTOF_35_16,12.902494331058278,UNCONSTRAINED_NEW_020_71,UNCONSTRAINED_NEW_020_72,TRIO_CONDITIONED_NEW_020_104,BASS_00482;BASS_00483,
F_MIX_01516,M56,True,306.2828117913832,BASS_AND_DRUM_SUPPORTED,True,840,306.2944217687075,-11.609977324269494,172.26562499998857,PROVISIONAL_QUALIFIED_EVIDENCE,SOURCE_ASSOCIATED_NATIVE_MARKER,NUMERICAL_MARKER_ONLY_ATTACK_UNCERTAINTY_UNQUANTIFIED,,INDETERMINATE_UNQUANTIFIED_ATTACK_AND_REFERENCE_UNCERTAINTY,NEGATIVE,11.609977324263038,NEW_020,c7efaf8d2029ed140d67b7cbfff1c23fd33e0ffcae18f285566266c063f78e1c,NEW_020_ADTOF_38_6,12.81179138322841,UNCONSTRAINED_NEW_020_78,UNCONSTRAINED_NEW_020_79,TRIO_CONDITIONED_NEW_020_110,BASS_00485,
F_MIX_01517,M56,True,306.5730612244898,BASS_AND_DRUM_SUPPORTED,True,841,306.6659410430839,-92.8798185940991,161.49902343750904,PROVISIONAL_QUALIFIED_EVIDENCE,SOURCE_ASSOCIATED_NATIVE_MARKER,NUMERICAL_MARKER_ONLY_ATTACK_UNCERTAINTY_UNQUANTIFIED,,INDETERMINATE_UNQUANTIFIED_ATTACK_AND_REFERENCE_UNCERTAINTY,NEGATIVE,11.609977324263038,NEW_020,c7efaf8d2029ed140d67b7cbfff1c23fd33e0ffcae18f285566266c063f78e1c,NEW_020_ADTOF_35_17,66.93877551020933,UNCONSTRAINED_NEW_020_81,UNCONSTRAINED_NEW_020_82,TRIO_CONDITIONED_NEW_020_113,BASS_00486,
F_MIX_01518,M56,True,306.65433106575966,DRUM_SUPPORTED,True,841,306.6659410430839,-11.60997732421265,161.49902343750904,PROVISIONAL_QUALIFIED_EVIDENCE,SOURCE_ASSOCIATED_NATIVE_MARKER,NUMERICAL_MARKER_ONLY_ATTACK_UNCERTAINTY_UNQUANTIFIED,,INDETERMINATE_UNQUANTIFIED_ATTACK_AND_REFERENCE_UNCERTAINTY,NEGATIVE,11.609977324263038,NEW_020,c7efaf8d2029ed140d67b7cbfff1c23fd33e0ffcae18f285566266c063f78e1c,NEW_020_ADTOF_35_17,14.33106575967713,UNCONSTRAINED_NEW_020_86,UNCONSTRAINED_NEW_020_87,TRIO_CONDITIONED_NEW_020_119,,
F_MIX_01519,M56,True,307.0142403628118,BASS_AND_DRUM_SUPPORTED,True,842,307.03746031746033,-23.219954648538987,161.49902343748434,PROVISIONAL_QUALIFIED_EVIDENCE,SOURCE_ASSOCIATED_NATIVE_MARKER,NUMERICAL_MARKER_ONLY_ATTACK_UNCERTAINTY_UNQUANTIFIED,,INDETERMINATE_UNQUANTIFIED_ATTACK_AND_REFERENCE_UNCERTAINTY,NEGATIVE,11.609977324263038,NEW_020,c7efaf8d2029ed140d67b7cbfff1c23fd33e0ffcae18f285566266c063f78e1c,NEW_020_ADTOF_38_7,14.240362811790419,UNCONSTRAINED_NEW_020_91,UNCONSTRAINED_NEW_020_92,TRIO_CONDITIONED_NEW_020_125,BASS_00487,
F_MIX_01520,M56,True,307.3741496598639,BASS_AND_DRUM_SUPPORTED,True,843,307.3857596371882,-11.609977324269494,172.26562500001668,PROVISIONAL_QUALIFIED_EVIDENCE,SOURCE_ASSOCIATED_NATIVE_MARKER,NUMERICAL_MARKER_ONLY_ATTACK_UNCERTAINTY_UNQUANTIFIED,,INDETERMINATE_UNQUANTIFIED_ATTACK_AND_REFERENCE_UNCERTAINTY,NEGATIVE,11.609977324263038,NEW_020,c7efaf8d2029ed140d67b7cbfff1c23fd33e0ffcae18f285566266c063f78e1c,NEW_020_ADTOF_35_18,14.149659863903707,UNCONSTRAINED_NEW_020_99,UNCONSTRAINED_NEW_020_100,TRIO_CONDITIONED_NEW_020_132,BASS_00488,
F_MIX_01521,M56,True,307.7340589569161,BASS_AND_DRUM_SUPPORTED,True,844,307.7340589569161,0.0,161.49902343750904,PROVISIONAL_QUALIFIED_EVIDENCE,SOURCE_ASSOCIATED_NATIVE_MARKER,NUMERICAL_MARKER_ONLY_ATTACK_UNCERTAINTY_UNQUANTIFIED,,INDETERMINATE_UNQUANTIFIED_ATTACK_AND_REFERENCE_UNCERTAINTY,ZERO,11.609977324263038,NEW_020,c7efaf8d2029ed140d67b7cbfff1c23fd33e0ffcae18f285566266c063f78e1c,NEW_020_ADTOF_49_22,4.058956916082934,UNCONSTRAINED_NEW_020_106,UNCONSTRAINED_NEW_020_107,TRIO_CONDITIONED_NEW_020_141,BASS_00489,
F_MIX_01522,M56,True,308.03591836734694,UNKNOWN,True,845,308.1055782312925,-69.65986394556012,161.49902343750904,UNKNOWN,SOURCE_NEUTRAL_NATIVE_MARKER,NUMERICAL_MARKER_ONLY_ATTACK_UNCERTAINTY_UNQUANTIFIED,,INDETERMINATE_UNQUANTIFIED_ATTACK_AND_REFERENCE_UNCERTAINTY,NEGATIVE,11.609977324263038,NEW_020,c7efaf8d2029ed140d67b7cbfff1c23fd33e0ffcae18f285566266c063f78e1c,NEW_020_ADTOF_35_19,54.08163265303756,UNCONSTRAINED_NEW_020_113,UNCONSTRAINED_NEW_020_114,TRIO_CONDITIONED_NEW_020_144,,
F_MIX_01523,M56,True,308.11718820861677,BASS_AND_DRUM_SUPPORTED,True,845,308.1055782312925,11.609977324269494,172.26562499998857,PROVISIONAL_QUALIFIED_EVIDENCE,SOURCE_ASSOCIATED_NATIVE_MARKER,NUMERICAL_MARKER_ONLY_ATTACK_UNCERTAINTY_UNQUANTIFIED,,INDETERMINATE_UNQUANTIFIED_ATTACK_AND_REFERENCE_UNCERTAINTY,POSITIVE,11.609977324263038,NEW_020,c7efaf8d2029ed140d67b7cbfff1c23fd33e0ffcae18f285566266c063f78e1c,NEW_020_ADTOF_35_19,27.188208616792053,UNCONSTRAINED_NEW_020_113,UNCONSTRAINED_NEW_020_114,TRIO_CONDITIONED_NEW_020_150,BASS_00490,
F_MIX_01524,M56,True,308.4654875283447,BASS_AND_DRUM_SUPPORTED,True,846,308.4538775510204,11.609977324269494,161.49902343750904,PROVISIONAL_QUALIFIED_EVIDENCE,SOURCE_ASSOCIATED_NATIVE_MARKER,NUMERICAL_MARKER_ONLY_ATTACK_UNCERTAINTY_UNQUANTIFIED,,INDETERMINATE_UNQUANTIFIED_ATTACK_AND_REFERENCE_UNCERTAINTY,POSITIVE,11.609977324263038,NEW_020,c7efaf8d2029ed140d67b7cbfff1c23fd33e0ffcae18f285566266c063f78e1c,NEW_020_ADTOF_38_8,25.487528344683597,UNCONSTRAINED_NEW_020_118,UNCONSTRAINED_NEW_020_119,TRIO_CONDITIONED_NEW_020_155,BASS_00491,
F_MIX_01525,M56,True,308.8253968253968,BASS_AND_DRUM_SUPPORTED,True,847,308.8253968253968,0.0,161.49902343748434,PROVISIONAL_QUALIFIED_EVIDENCE,SOURCE_ASSOCIATED_NATIVE_MARKER,NUMERICAL_MARKER_ONLY_ATTACK_UNCERTAINTY_UNQUANTIFIED,,INDETERMINATE_UNQUANTIFIED_ATTACK_AND_REFERENCE_UNCERTAINTY,ZERO,11.609977324263038,NEW_020,c7efaf8d2029ed140d67b7cbfff1c23fd33e0ffcae18f285566266c063f78e1c,NEW_020_ADTOF_49_25,5.396825396815075,UNCONSTRAINED_NEW_020_126,UNCONSTRAINED_NEW_020_127,TRIO_CONDITIONED_NEW_020_162,BASS_00492,
F_MIX_01526,M56,True,309.0924263038549,BASS_SUPPORTED,True,848,309.19691609977326,-104.4897959183686,161.49902343748434,PROVISIONAL_QUALIFIED_EVIDENCE,SOURCE_ASSOCIATED_NATIVE_MARKER,NUMERICAL_MARKER_ONLY_ATTACK_UNCERTAINTY_UNQUANTIFIED,,INDETERMINATE_UNQUANTIFIED_ATTACK_AND_REFERENCE_UNCERTAINTY,NEGATIVE,11.609977324263038,NEW_020,c7efaf8d2029ed140d67b7cbfff1c23fd33e0ffcae18f285566266c063f78e1c,NEW_020_ADTOF_35_20,87.5736961451139,UNCONSTRAINED_NEW_020_132,UNCONSTRAINED_NEW_020_135,TRIO_CONDITIONED_NEW_020_169,BASS_00493,
F_MIX_01527,M56,True,309.185306122449,DRUM_SUPPORTED,True,848,309.19691609977326,-11.609977324269494,161.49902343748434,PROVISIONAL_QUALIFIED_EVIDENCE,SOURCE_ASSOCIATED_NATIVE_MARKER,NUMERICAL_MARKER_ONLY_ATTACK_UNCERTAINTY_UNQUANTIFIED,,INDETERMINATE_UNQUANTIFIED_ATTACK_AND_REFERENCE_UNCERTAINTY,NEGATIVE,11.609977324263038,NEW_020,c7efaf8d2029ed140d67b7cbfff1c23fd33e0ffcae18f285566266c063f78e1c,NEW_020_ADTOF_35_20,5.306122448985207,UNCONSTRAINED_NEW_020_134,UNCONSTRAINED_NEW_020_135,TRIO_CONDITIONED_NEW_020_169,,
F_MIX_01528,M56,True,309.3710657596372,UNKNOWN,True,848,309.19691609977326,174.14965986392872,172.26562500001668,UNKNOWN,SOURCE_NEUTRAL_NATIVE_MARKER,NUMERICAL_MARKER_ONLY_ATTACK_UNCERTAINTY_UNQUANTIFIED,,INDETERMINATE_UNQUANTIFIED_ATTACK_AND_REFERENCE_UNCERTAINTY,POSITIVE,11.609977324263038,NEW_020,c7efaf8d2029ed140d67b7cbfff1c23fd33e0ffcae18f285566266c063f78e1c,NEW_020_ADTOF_49_27,178.93424036282113,UNCONSTRAINED_NEW_020_143,UNCONSTRAINED_NEW_020_144,TRIO_CONDITIONED_NEW_020_172,,
F_MIX_01529,M56,True,309.5568253968254,DRUM_SUPPORTED,True,849,309.5452154195011,11.609977324269494,161.49902343748434,PROVISIONAL_QUALIFIED_EVIDENCE,SOURCE_ASSOCIATED_NATIVE_MARKER,NUMERICAL_MARKER_ONLY_ATTACK_UNCERTAINTY_UNQUANTIFIED,,INDETERMINATE_UNQUANTIFIED_ATTACK_AND_REFERENCE_UNCERTAINTY,POSITIVE,11.609977324263038,NEW_020,c7efaf8d2029ed140d67b7cbfff1c23fd33e0ffcae18f285566266c063f78e1c,NEW_020_ADTOF_49_27,6.825396825377084,UNCONSTRAINED_NEW_020_143,UNCONSTRAINED_NEW_020_144,TRIO_CONDITIONED_NEW_020_179,,
F_MIX_01530,M56,True,309.84707482993196,UNKNOWN,True,850,309.9167346938776,-69.65986394561696,161.49902343748434,UNKNOWN,SOURCE_NEUTRAL_NATIVE_MARKER,NUMERICAL_MARKER_ONLY_ATTACK_UNCERTAINTY_UNQUANTIFIED,,INDETERMINATE_UNQUANTIFIED_ATTACK_AND_REFERENCE_UNCERTAINTY,NEGATIVE,11.609977324263038,NEW_020,c7efaf8d2029ed140d67b7cbfff1c23fd33e0ffcae18f285566266c063f78e1c,NEW_020_ADTOF_38_9,62.92517006806975,UNCONSTRAINED_NEW_020_150,UNCONSTRAINED_NEW_020_151,TRIO_CONDITIONED_NEW_020_186,,
F_MIX_01531,M56,True,309.9167346938776,BASS_AND_DRUM_SUPPORTED,True,850,309.9167346938776,0.0,161.49902343750904,PROVISIONAL_QUALIFIED_EVIDENCE,SOURCE_ASSOCIATED_NATIVE_MARKER,NUMERICAL_MARKER_ONLY_ATTACK_UNCERTAINTY_UNQUANTIFIED,,INDETERMINATE_UNQUANTIFIED_ATTACK_AND_REFERENCE_UNCERTAINTY,ZERO,11.609977324263038,NEW_020,c7efaf8d2029ed140d67b7cbfff1c23fd33e0ffcae18f285566266c063f78e1c,NEW_020_ADTOF_38_9,6.734693877547215,UNCONSTRAINED_NEW_020_150,UNCONSTRAINED_NEW_020_151,TRIO_CONDITIONED_NEW_020_186,BASS_00494,
F_MIX_01532,M56,True,310.19537414965987,UNKNOWN,True,851,310.28825396825397,-92.8798185940991,161.49902343750904,UNKNOWN,SOURCE_NEUTRAL_NATIVE_MARKER,NUMERICAL_MARKER_ONLY_ATTACK_UNCERTAINTY_UNQUANTIFIED,,INDETERMINATE_UNQUANTIFIED_ATTACK_AND_REFERENCE_UNCERTAINTY,NEGATIVE,11.609977324263038,NEW_020,c7efaf8d2029ed140d67b7cbfff1c23fd33e0ffcae18f285566266c063f78e1c,NEW_020_ADTOF_49_29,94.62585034015092,UNCONSTRAINED_NEW_020_161,UNCONSTRAINED_NEW_020_157,TRIO_CONDITIONED_NEW_020_195,BASS_00495,
F_MIX_01533,M56,True,310.3114739229025,DRUM_SUPPORTED,True,851,310.28825396825397,23.219954648538987,161.49902343750904,PROVISIONAL_QUALIFIED_EVIDENCE,SOURCE_ASSOCIATED_NATIVE_MARKER,NUMERICAL_MARKER_ONLY_ATTACK_UNCERTAINTY_UNQUANTIFIED,,INDETERMINATE_UNQUANTIFIED_ATTACK_AND_REFERENCE_UNCERTAINTY,POSITIVE,11.609977324263038,NEW_020,c7efaf8d2029ed140d67b7cbfff1c23fd33e0ffcae18f285566266c063f78e1c,NEW_020_ADTOF_49_29,21.473922902487175,UNCONSTRAINED_NEW_020_161,UNCONSTRAINED_NEW_020_162,TRIO_CONDITIONED_NEW_020_195,,
F_MIX_01534,M56,True,310.6365532879819,BASS_AND_DRUM_SUPPORTED,True,852,310.65977324263037,-23.219954648482144,161.49902343750904,PROVISIONAL_QUALIFIED_EVIDENCE,SOURCE_ASSOCIATED_NATIVE_MARKER,NUMERICAL_MARKER_ONLY_ATTACK_UNCERTAINTY_UNQUANTIFIED,,INDETERMINATE_UNQUANTIFIED_ATTACK_AND_REFERENCE_UNCERTAINTY,NEGATIVE,11.609977324263038,NEW_020,c7efaf8d2029ed140d67b7cbfff1c23fd33e0ffcae18f285566266c063f78e1c,NEW_020_ADTOF_35_21,3.446712018103426,UNCONSTRAINED_NEW_020_169,UNCONSTRAINED_NEW_020_170,TRIO_CONDITIONED_NEW_020_202,BASS_00496,
F_MIX_01535,M56,True,310.67138321995463,DRUM_SUPPORTED,True,852,310.65977324263037,11.609977324269494,161.49902343748434,PROVISIONAL_QUALIFIED_EVIDENCE,SOURCE_ASSOCIATED_NATIVE_MARKER,NUMERICAL_MARKER_ONLY_ATTACK_UNCERTAINTY_UNQUANTIFIED,,INDETERMINATE_UNQUANTIFIED_ATTACK_AND_REFERENCE_UNCERTAINTY,POSITIVE,11.609977324263038,NEW_020,c7efaf8d2029ed140d67b7cbfff1c23fd33e0ffcae18f285566266c063f78e1c,NEW_020_ADTOF_49_30,21.383219954657307,UNCONSTRAINED_NEW_020_169,UNCONSTRAINED_NEW_020_170,TRIO_CONDITIONED_NEW_020_202,,
F_MIX_01536,M56,True,311.01968253968255,BASS_AND_DRUM_SUPPORTED,True,853,311.0312925170068,-11.609977324269494,161.49902343748434,PROVISIONAL_QUALIFIED_EVIDENCE,SOURCE_ASSOCIATED_NATIVE_MARKER,NUMERICAL_MARKER_ONLY_ATTACK_UNCERTAINTY_UNQUANTIFIED,,INDETERMINATE_UNQUANTIFIED_ATTACK_AND_REFERENCE_UNCERTAINTY,NEGATIVE,11.609977324263038,NEW_020,c7efaf8d2029ed140d67b7cbfff1c23fd33e0ffcae18f285566266c063f78e1c,NEW_020_ADTOF_49_31,9.682539682557945,UNCONSTRAINED_NEW_020_179,UNCONSTRAINED_NEW_020_180,TRIO_CONDITIONED_NEW_020_211,BASS_00498,
F_MIX_01537,M56,True,311.4028117913832,DRUM_SUPPORTED,True,854,311.4028117913832,0.0,161.49902343750904,PROVISIONAL_QUALIFIED_EVIDENCE,SOURCE_ASSOCIATED_NATIVE_MARKER,NUMERICAL_MARKER_ONLY_ATTACK_UNCERTAINTY_UNQUANTIFIED,,INDETERMINATE_UNQUANTIFIED_ATTACK_AND_REFERENCE_UNCERTAINTY,ZERO,11.609977324263038,NEW_020,c7efaf8d2029ed140d67b7cbfff1c23fd33e0ffcae18f285566266c063f78e1c,NEW_020_ADTOF_38_10,22.811791383219315,UNCONSTRAINED_NEW_020_186,UNCONSTRAINED_NEW_020_187,TRIO_CONDITIONED_NEW_020_218,,
F_MIX_01538,M56,True,311.6814512471655,UNKNOWN,True,855,311.7743310657596,-92.8798185940991,161.49902343750904,UNKNOWN,SOURCE_NEUTRAL_NATIVE_MARKER,NUMERICAL_MARKER_ONLY_ATTACK_UNCERTAINTY_UNQUANTIFIED,,INDETERMINATE_UNQUANTIFIED_ATTACK_AND_REFERENCE_UNCERTAINTY,NEGATIVE,11.609977324263038,NEW_020,c7efaf8d2029ed140d67b7cbfff1c23fd33e0ffcae18f285566266c063f78e1c,NEW_020_ADTOF_35_22,78.54875283447882,UNCONSTRAINED_NEW_020_197,UNCONSTRAINED_NEW_020_198,TRIO_CONDITIONED_NEW_020_227,,
F_MIX_01539,M56,True,312.1226303854875,DRUM_SUPPORTED,True,856,312.14585034013606,-23.219954648538987,161.49902343748434,PROVISIONAL_QUALIFIED_EVIDENCE,SOURCE_ASSOCIATED_NATIVE_MARKER,NUMERICAL_MARKER_ONLY_ATTACK_UNCERTAINTY_UNQUANTIFIED,,INDETERMINATE_UNQUANTIFIED_ATTACK_AND_REFERENCE_UNCERTAINTY,NEGATIVE,11.609977324263038,NEW_020,c7efaf8d2029ed140d67b7cbfff1c23fd33e0ffcae18f285566266c063f78e1c,NEW_020_ADTOF_35_23,12.63038548751183,UNCONSTRAINED_NEW_020_204,UNCONSTRAINED_NEW_020_205,TRIO_CONDITIONED_NEW_020_233,,
F_MIX_01540,M56,True,312.5057596371882,DRUM_SUPPORTED,True,857,312.51736961451246,-11.609977324269494,161.49902343750904,PROVISIONAL_QUALIFIED_EVIDENCE,SOURCE_ASSOCIATED_NATIVE_MARKER,NUMERICAL_MARKER_ONLY_ATTACK_UNCERTAINTY_UNQUANTIFIED,,INDETERMINATE_UNQUANTIFIED_ATTACK_AND_REFERENCE_UNCERTAINTY,NEGATIVE,11.609977324263038,NEW_020,c7efaf8d2029ed140d67b7cbfff1c23fd33e0ffcae18f285566266c063f78e1c,NEW_020_ADTOF_49_35,5.759637188191391,UNCONSTRAINED_NEW_020_214,UNCONSTRAINED_NEW_020_215,TRIO_CONDITIONED_NEW_020_242,,
F_MIX_01541,M56,True,312.8656689342404,DRUM_SUPPORTED,True,858,312.8888888888889,-23.219954648538987,161.49902343748434,PROVISIONAL_QUALIFIED_EVIDENCE,SOURCE_ASSOCIATED_NATIVE_MARKER,NUMERICAL_MARKER_ONLY_ATTACK_UNCERTAINTY_UNQUANTIFIED,,INDETERMINATE_UNQUANTIFIED_ATTACK_AND_REFERENCE_UNCERTAINTY,NEGATIVE,11.609977324263038,NEW_020,c7efaf8d2029ed140d67b7cbfff1c23fd33e0ffcae18f285566266c063f78e1c,NEW_020_ADTOF_35_24,15.668934240352428,UNCONSTRAINED_NEW_020_221,UNCONSTRAINED_NEW_020_222,TRIO_CONDITIONED_NEW_020_248,,
F_MIX_01542,M56,True,313.15591836734694,UNKNOWN,True,859,313.2371882086168,-81.26984126982961,172.26562500001668,UNKNOWN,SOURCE_NEUTRAL_NATIVE_MARKER,NUMERICAL_MARKER_ONLY_ATTACK_UNCERTAINTY_UNQUANTIFIED,,INDETERMINATE_UNQUANTIFIED_ATTACK_AND_REFERENCE_UNCERTAINTY,NEGATIVE,11.609977324263038,NEW_020,c7efaf8d2029ed140d67b7cbfff1c23fd33e0ffcae18f285566266c063f78e1c,NEW_020_ADTOF_35_25,74.08163265307621,UNCONSTRAINED_NEW_020_232,UNCONSTRAINED_NEW_020_233,TRIO_CONDITIONED_NEW_020_257,,
F_MIX_01543,M56,True,313.2604081632653,DRUM_SUPPORTED,True,859,313.2371882086168,23.219954648538987,161.49902343748434,PROVISIONAL_QUALIFIED_EVIDENCE,SOURCE_ASSOCIATED_NATIVE_MARKER,NUMERICAL_MARKER_ONLY_ATTACK_UNCERTAINTY_UNQUANTIFIED,,INDETERMINATE_UNQUANTIFIED_ATTACK_AND_REFERENCE_UNCERTAINTY,POSITIVE,11.609977324263038,NEW_020,c7efaf8d2029ed140d67b7cbfff1c23fd33e0ffcae18f285566266c063f78e1c,NEW_020_ADTOF_49_37,20.408163265301482,UNCONSTRAINED_NEW_020_232,UNCONSTRAINED_NEW_020_233,TRIO_CONDITIONED_NEW_020_257,,
F_MIX_01544,M56,True,313.6087074829932,BASS_AND_DRUM_SUPPORTED,True,860,313.6087074829932,0.0,161.49902343750904,PROVISIONAL_QUALIFIED_EVIDENCE,SOURCE_ASSOCIATED_NATIVE_MARKER,NUMERICAL_MARKER_ONLY_ATTACK_UNCERTAINTY_UNQUANTIFIED,,INDETERMINATE_UNQUANTIFIED_ATTACK_AND_REFERENCE_UNCERTAINTY,ZERO,11.609977324263038,NEW_020,c7efaf8d2029ed140d67b7cbfff1c23fd33e0ffcae18f285566266c063f78e1c,NEW_020_ADTOF_35_26,8.70748299320212,UNCONSTRAINED_NEW_020_239,UNCONSTRAINED_NEW_020_240,TRIO_CONDITIONED_NEW_020_263,BASS_00499,
F_MIX_01545,M56,True,313.96861678004535,BASS_AND_DRUM_SUPPORTED,True,861,313.9802267573696,-11.609977324269494,161.49902343750904,PROVISIONAL_QUALIFIED_EVIDENCE,SOURCE_ASSOCIATED_NATIVE_MARKER,NUMERICAL_MARKER_ONLY_ATTACK_UNCERTAINTY_UNQUANTIFIED,,INDETERMINATE_UNQUANTIFIED_ATTACK_AND_REFERENCE_UNCERTAINTY,NEGATIVE,11.609977324263038,NEW_020,c7efaf8d2029ed140d67b7cbfff1c23fd33e0ffcae18f285566266c063f78e1c,NEW_020_ADTOF_35_27,8.616780045372252,UNCONSTRAINED_NEW_020_249,UNCONSTRAINED_NEW_020_250,TRIO_CONDITIONED_NEW_020_272,BASS_00500,
F_MIX_01546,M56,True,314.01505668934243,UNKNOWN,True,861,313.9802267573696,34.82993197280848,161.49902343750904,UNKNOWN,SOURCE_NEUTRAL_NATIVE_MARKER,NUMERICAL_MARKER_ONLY_ATTACK_UNCERTAINTY_UNQUANTIFIED,,INDETERMINATE_UNQUANTIFIED_ATTACK_AND_REFERENCE_UNCERTAINTY,POSITIVE,11.609977324263038,NEW_020,c7efaf8d2029ed140d67b7cbfff1c23fd33e0ffcae18f285566266c063f78e1c,NEW_020_ADTOF_35_27,55.05668934245023,UNCONSTRAINED_NEW_020_249,UNCONSTRAINED_NEW_020_250,TRIO_CONDITIONED_NEW_020_272,,
F_MIX_01547,M56,True,314.34013605442175,BASS_AND_DRUM_SUPPORTED,True,862,314.351746031746,-11.609977324269494,161.49902343750904,PROVISIONAL_QUALIFIED_EVIDENCE,SOURCE_ASSOCIATED_NATIVE_MARKER,NUMERICAL_MARKER_ONLY_ATTACK_UNCERTAINTY_UNQUANTIFIED,,INDETERMINATE_UNQUANTIFIED_ATTACK_AND_REFERENCE_UNCERTAINTY,NEGATIVE,11.609977324263038,NEW_020,c7efaf8d2029ed140d67b7cbfff1c23fd33e0ffcae18f285566266c063f78e1c,NEW_020_ADTOF_35_28,10.136054421764129,UNCONSTRAINED_NEW_020_256,UNCONSTRAINED_NEW_020_257,TRIO_CONDITIONED_NEW_020_278,BASS_00501,
F_MIX_01548,M56,True,314.6187755102041,UNKNOWN,True,863,314.72326530612247,-104.4897959183686,161.49902343748434,UNKNOWN,SOURCE_NEUTRAL_NATIVE_MARKER,NUMERICAL_MARKER_ONLY_ATTACK_UNCERTAINTY_UNQUANTIFIED,,INDETERMINATE_UNQUANTIFIED_ATTACK_AND_REFERENCE_UNCERTAINTY,NEGATIVE,11.609977324263038,NEW_020,c7efaf8d2029ed140d67b7cbfff1c23fd33e0ffcae18f285566266c063f78e1c,NEW_020_ADTOF_49_41,61.22448979590445,UNCONSTRAINED_NEW_020_264,UNCONSTRAINED_NEW_020_265,TRIO_CONDITIONED_NEW_020_285,BASS_00502,
F_MIX_01549,M56,True,314.97868480725623,UNKNOWN,True,864,315.09478458049887,-116.0997732426381,161.49902343750904,UNKNOWN,SOURCE_NEUTRAL_NATIVE_MARKER,NUMERICAL_MARKER_ONLY_ATTACK_UNCERTAINTY_UNQUANTIFIED,,INDETERMINATE_UNQUANTIFIED_ATTACK_AND_REFERENCE_UNCERTAINTY,NEGATIVE,11.609977324263038,NEW_020,c7efaf8d2029ed140d67b7cbfff1c23fd33e0ffcae18f285566266c063f78e1c,NEW_020_ADTOF_38_13,71.31519274378206,UNCONSTRAINED_NEW_020_270,UNCONSTRAINED_NEW_020_271,TRIO_CONDITIONED_NEW_020_294,,
F_MIX_01550,M56,True,315.0715646258503,BASS_AND_DRUM_SUPPORTED,True,864,315.09478458049887,-23.219954648538987,161.49902343750904,PROVISIONAL_QUALIFIED_EVIDENCE,SOURCE_ASSOCIATED_NATIVE_MARKER,NUMERICAL_MARKER_ONLY_ATTACK_UNCERTAINTY_UNQUANTIFIED,,INDETERMINATE_UNQUANTIFIED_ATTACK_AND_REFERENCE_UNCERTAINTY,NEGATIVE,11.609977324263038,NEW_021,c7efaf8d2029ed140d67b7cbfff1c23fd33e0ffcae18f285566266c063f78e1c,NEW_021_ADTOF_35_1,11.564625850326138,UNCONSTRAINED_NEW_021_12,UNCONSTRAINED_NEW_021_13,TRIO_CONDITIONED_NEW_021_14,BASS_00503,
F_MIX_01551,M56,True,315.4430839002268,DRUM_SUPPORTED,True,865,315.4430839002268,0.0,161.49902343750904,PROVISIONAL_QUALIFIED_EVIDENCE,SOURCE_ASSOCIATED_NATIVE_MARKER,NUMERICAL_MARKER_ONLY_ATTACK_UNCERTAINTY_UNQUANTIFIED,,INDETERMINATE_UNQUANTIFIED_ATTACK_AND_REFERENCE_UNCERTAINTY,ZERO,11.609977324263038,NEW_021,c7efaf8d2029ed140d67b7cbfff1c23fd33e0ffcae18f285566266c063f78e1c,NEW_021_ADTOF_49_2,13.083900226774858,UNCONSTRAINED_NEW_021_22,UNCONSTRAINED_NEW_021_23,TRIO_CONDITIONED_NEW_021_24,,
F_MIX_01552,M56,True,315.8029931972789,BASS_AND_DRUM_SUPPORTED,True,866,315.8146031746032,-11.609977324269494,161.49902343750904,PROVISIONAL_QUALIFIED_EVIDENCE,SOURCE_ASSOCIATED_NATIVE_MARKER,NUMERICAL_MARKER_ONLY_ATTACK_UNCERTAINTY_UNQUANTIFIED,,INDETERMINATE_UNQUANTIFIED_ATTACK_AND_REFERENCE_UNCERTAINTY,NEGATIVE,11.609977324263038,NEW_021,c7efaf8d2029ed140d67b7cbfff1c23fd33e0ffcae18f285566266c063f78e1c,NEW_021_ADTOF_35_2,12.993197278888147,UNCONSTRAINED_NEW_021_28,UNCONSTRAINED_NEW_021_29,TRIO_CONDITIONED_NEW_021_30,BASS_00504,
F_MIX_01553,M56,True,316.0816326530612,UNKNOWN,True,867,316.1861224489796,-104.4897959183686,161.49902343750904,UNKNOWN,SOURCE_NEUTRAL_NATIVE_MARKER,NUMERICAL_MARKER_ONLY_ATTACK_UNCERTAINTY_UNQUANTIFIED,,INDETERMINATE_UNQUANTIFIED_ATTACK_AND_REFERENCE_UNCERTAINTY,NEGATIVE,11.609977324263038,NEW_021,c7efaf8d2029ed140d67b7cbfff1c23fd33e0ffcae18f285566266c063f78e1c,NEW_021_ADTOF_49_4,88.36734693880999,UNCONSTRAINED_NEW_021_38,UNCONSTRAINED_NEW_021_39,TRIO_CONDITIONED_NEW_021_40,BASS_00505,
F_MIX_01554,M56,True,316.1861224489796,DRUM_SUPPORTED,True,867,316.1861224489796,0.0,161.49902343748434,PROVISIONAL_QUALIFIED_EVIDENCE,SOURCE_ASSOCIATED_NATIVE_MARKER,NUMERICAL_MARKER_ONLY_ATTACK_UNCERTAINTY_UNQUANTIFIED,,INDETERMINATE_UNQUANTIFIED_ATTACK_AND_REFERENCE_UNCERTAINTY,ZERO,11.609977324263038,NEW_021,c7efaf8d2029ed140d67b7cbfff1c23fd33e0ffcae18f285566266c063f78e1c,NEW_021_ADTOF_49_4,16.122448979558612,UNCONSTRAINED_NEW_021_38,UNCONSTRAINED_NEW_021_39,TRIO_CONDITIONED_NEW_021_40,,
F_MIX_01555,M56,True,316.51120181405895,DRUM_SUPPORTED,True,868,316.557641723356,-46.439909297077975,161.49902343748434,PROVISIONAL_QUALIFIED_EVIDENCE,SOURCE_ASSOCIATED_NATIVE_MARKER,NUMERICAL_MARKER_ONLY_ATTACK_UNCERTAINTY_UNQUANTIFIED,,INDETERMINATE_UNQUANTIFIED_ATTACK_AND_REFERENCE_UNCERTAINTY,NEGATIVE,11.609977324263038,NEW_021,c7efaf8d2029ed140d67b7cbfff1c23fd33e0ffcae18f285566266c063f78e1c,NEW_021_ADTOF_35_3,1.2018140589589166,UNCONSTRAINED_NEW_021_45,UNCONSTRAINED_NEW_021_46,TRIO_CONDITIONED_NEW_021_47,BASS_00506,
F_MIX_01556,M56,True,316.9407709750567,BASS_SUPPORTED,True,869,316.9059410430839,34.82993197280848,161.49902343748434,PROVISIONAL_QUALIFIED_EVIDENCE,SOURCE_ASSOCIATED_NATIVE_MARKER,NUMERICAL_MARKER_ONLY_ATTACK_UNCERTAINTY_UNQUANTIFIED,,INDETERMINATE_UNQUANTIFIED_ATTACK_AND_REFERENCE_UNCERTAINTY,POSITIVE,11.609977324263038,NEW_021,c7efaf8d2029ed140d67b7cbfff1c23fd33e0ffcae18f285566266c063f78e1c,NEW_021_ADTOF_35_4,40.77097505671645,UNCONSTRAINED_NEW_021_54,UNCONSTRAINED_NEW_021_55,TRIO_CONDITIONED_NEW_021_56,BASS_00507,
F_MIX_01557,M56,True,317.27746031746034,BASS_AND_DRUM_SUPPORTED,True,870,317.27746031746034,0.0,161.49902343750904,PROVISIONAL_QUALIFIED_EVIDENCE,SOURCE_ASSOCIATED_NATIVE_MARKER,NUMERICAL_MARKER_ONLY_ATTACK_UNCERTAINTY_UNQUANTIFIED,,INDETERMINATE_UNQUANTIFIED_ATTACK_AND_REFERENCE_UNCERTAINTY,ZERO,11.609977324263038,NEW_021,c7efaf8d2029ed140d67b7cbfff1c23fd33e0ffcae18f285566266c063f78e1c,NEW_021_ADTOF_35_5,17.460317460347596,UNCONSTRAINED_NEW_021_60,UNCONSTRAINED_NEW_021_61,TRIO_CONDITIONED_NEW_021_62,BASS_00508,
F_MIX_01558,M56,True,317.5677097505669,UNKNOWN,True,871,317.64897959183673,-81.26984126982961,161.49902343750904,UNKNOWN,SOURCE_NEUTRAL_NATIVE_MARKER,NUMERICAL_MARKER_ONLY_ATTACK_UNCERTAINTY_UNQUANTIFIED,,INDETERMINATE_UNQUANTIFIED_ATTACK_AND_REFERENCE_UNCERTAINTY,NEGATIVE,11.609977324263038,NEW_021,c7efaf8d2029ed140d67b7cbfff1c23fd33e0ffcae18f285566266c063f78e1c,NEW_021_ADTOF_35_6,72.29024943308104,UNCONSTRAINED_NEW_021_68,UNCONSTRAINED_NEW_021_69,TRIO_CONDITIONED_NEW_021_70,BASS_00509,
F_MIX_01559,M56,True,317.9392290249433,UNKNOWN,True,872,318.02049886621313,-81.26984126982961,161.49902343750904,UNKNOWN,SOURCE_NEUTRAL_NATIVE_MARKER,NUMERICAL_MARKER_ONLY_ATTACK_UNCERTAINTY_UNQUANTIFIED,,INDETERMINATE_UNQUANTIFIED_ATTACK_AND_REFERENCE_UNCERTAINTY,NEGATIVE,11.609977324263038,NEW_021,c7efaf8d2029ed140d67b7cbfff1c23fd33e0ffcae18f285566266c063f78e1c,NEW_021_ADTOF_49_9,50.77097505670736,UNCONSTRAINED_NEW_021_75,UNCONSTRAINED_NEW_021_76,TRIO_CONDITIONED_NEW_021_77,,
F_MIX_01560,M56,True,318.00888888888886,BASS_AND_DRUM_SUPPORTED,True,872,318.02049886621313,-11.609977324269494,161.49902343750904,PROVISIONAL_QUALIFIED_EVIDENCE,SOURCE_ASSOCIATED_NATIVE_MARKER,NUMERICAL_MARKER_ONLY_ATTACK_UNCERTAINTY_UNQUANTIFIED,,INDETERMINATE_UNQUANTIFIED_ATTACK_AND_REFERENCE_UNCERTAINTY,NEGATIVE,11.609977324263038,NEW_021,c7efaf8d2029ed140d67b7cbfff1c23fd33e0ffcae18f285566266c063f78e1c,NEW_021_ADTOF_49_9,18.88888888885276,UNCONSTRAINED_NEW_021_75,UNCONSTRAINED_NEW_021_76,TRIO_CONDITIONED_NEW_021_77,BASS_00510,
F_MIX_01561,M56,True,318.2991383219955,UNKNOWN,True,873,318.36879818594105,-69.65986394556012,172.26562499998857,UNKNOWN,SOURCE_NEUTRAL_NATIVE_MARKER,NUMERICAL_MARKER_ONLY_ATTACK_UNCERTAINTY_UNQUANTIFIED,,INDETERMINATE_UNQUANTIFIED_ATTACK_AND_REFERENCE_UNCERTAINTY,NEGATIVE,11.609977324263038,NEW_021,c7efaf8d2029ed140d67b7cbfff1c23fd33e0ffcae18f285566266c063f78e1c,NEW_021_ADTOF_35_7,70.86167800451904,UNCONSTRAINED_NEW_021_83,UNCONSTRAINED_NEW_021_84,TRIO_CONDITIONED_NEW_021_85,BASS_00511,
F_MIX_01562,M56,True,318.55455782312924,UNKNOWN,True,873,318.36879818594105,185.7596371881982,161.49902343750904,UNKNOWN,SOURCE_NEUTRAL_NATIVE_MARKER,NUMERICAL_MARKER_ONLY_ATTACK_UNCERTAINTY_UNQUANTIFIED,,INDETERMINATE_UNQUANTIFIED_ATTACK_AND_REFERENCE_UNCERTAINTY,POSITIVE,11.609977324263038,NEW_021,c7efaf8d2029ed140d67b7cbfff1c23fd33e0ffcae18f285566266c063f78e1c,NEW_021_ADTOF_35_8,165.44217687078344,UNCONSTRAINED_NEW_021_83,UNCONSTRAINED_NEW_021_84,TRIO_CONDITIONED_NEW_021_92,,
F_MIX_01563,M56,True,318.74031746031744,BASS_AND_DRUM_SUPPORTED,True,874,318.74031746031744,0.0,161.49902343748434,PROVISIONAL_QUALIFIED_EVIDENCE,SOURCE_ASSOCIATED_NATIVE_MARKER,NUMERICAL_MARKER_ONLY_ATTACK_UNCERTAINTY_UNQUANTIFIED,,INDETERMINATE_UNQUANTIFIED_ATTACK_AND_REFERENCE_UNCERTAINTY,ZERO,11.609977324263038,NEW_021,c7efaf8d2029ed140d67b7cbfff1c23fd33e0ffcae18f285566266c063f78e1c,NEW_021_ADTOF_35_8,20.31746031741477,UNCONSTRAINED_NEW_021_90,UNCONSTRAINED_NEW_021_91,TRIO_CONDITIONED_NEW_021_92,BASS_00512,
F_MIX_01564,M56,True,319.030566893424,UNKNOWN,True,875,319.1118367346939,-81.26984126988646,161.49902343748434,UNKNOWN,SOURCE_NEUTRAL_NATIVE_MARKER,NUMERICAL_MARKER_ONLY_ATTACK_UNCERTAINTY_UNQUANTIFIED,,INDETERMINATE_UNQUANTIFIED_ATTACK_AND_REFERENCE_UNCERTAINTY,NEGATIVE,11.609977324263038,NEW_021,c7efaf8d2029ed140d67b7cbfff1c23fd33e0ffcae18f285566266c063f78e1c,NEW_021_ADTOF_35_9,69.43310657601387,UNCONSTRAINED_NEW_021_99,UNCONSTRAINED_NEW_021_100,TRIO_CONDITIONED_NEW_021_102,,
F_MIX_01565,M56,True,319.12344671201816,BASS_AND_DRUM_SUPPORTED,True,875,319.1118367346939,11.609977324269494,172.26562500001668,PROVISIONAL_QUALIFIED_EVIDENCE,SOURCE_ASSOCIATED_NATIVE_MARKER,NUMERICAL_MARKER_ONLY_ATTACK_UNCERTAINTY_UNQUANTIFIED,,INDETERMINATE_UNQUANTIFIED_ATTACK_AND_REFERENCE_UNCERTAINTY,POSITIVE,11.609977324263038,NEW_021,c7efaf8d2029ed140d67b7cbfff1c23fd33e0ffcae18f285566266c063f78e1c,NEW_021_ADTOF_35_9,23.44671201814208,UNCONSTRAINED_NEW_021_99,UNCONSTRAINED_NEW_021_100,TRIO_CONDITIONED_NEW_021_102,BASS_00513,
F_MIX_01566,M56,True,319.27437641723355,UNKNOWN,True,875,319.1118367346939,162.53968253965922,172.26562500001668,UNKNOWN,SOURCE_NEUTRAL_NATIVE_MARKER,NUMERICAL_MARKER_ONLY_ATTACK_UNCERTAINTY_UNQUANTIFIED,,INDETERMINATE_UNQUANTIFIED_ATTACK_AND_REFERENCE_UNCERTAINTY,POSITIVE,11.609977324263038,NEW_021,c7efaf8d2029ed140d67b7cbfff1c23fd33e0ffcae18f285566266c063f78e1c,NEW_021_ADTOF_35_9,174.3764172335318,UNCONSTRAINED_NEW_021_99,UNCONSTRAINED_NEW_021_100,TRIO_CONDITIONED_NEW_021_102,,
F_MIX_01567,M56,True,319.471746031746,BASS_AND_DRUM_SUPPORTED,True,876,319.46013605442175,11.609977324269494,161.49902343748434,PROVISIONAL_QUALIFIED_EVIDENCE,SOURCE_ASSOCIATED_NATIVE_MARKER,NUMERICAL_MARKER_ONLY_ATTACK_UNCERTAINTY_UNQUANTIFIED,,INDETERMINATE_UNQUANTIFIED_ATTACK_AND_REFERENCE_UNCERTAINTY,POSITIVE,11.609977324263038,NEW_021,c7efaf8d2029ed140d67b7cbfff1c23fd33e0ffcae18f285566266c063f78e1c,NEW_021_ADTOF_35_10,11.746031746042718,UNCONSTRAINED_NEW_021_105,UNCONSTRAINED_NEW_021_106,TRIO_CONDITIONED_NEW_021_108,BASS_00514,
F_MIX_01568,M56,True,319.7503854875283,UNKNOWN,True,877,319.8316553287982,-81.26984126988646,161.49902343748434,UNKNOWN,SOURCE_NEUTRAL_NATIVE_MARKER,NUMERICAL_MARKER_ONLY_ATTACK_UNCERTAINTY_UNQUANTIFIED,,INDETERMINATE_UNQUANTIFIED_ATTACK_AND_REFERENCE_UNCERTAINTY,NEGATIVE,11.609977324263038,NEW_021,c7efaf8d2029ed140d67b7cbfff1c23fd33e0ffcae18f285566266c063f78e1c,NEW_021_ADTOF_35_11,79.61451247166451,UNCONSTRAINED_NEW_021_111,UNCONSTRAINED_NEW_021_115,TRIO_CONDITIONED_NEW_021_115,BASS_00515,
F_MIX_01569,M56,True,320.19156462585033,BASS_AND_DRUM_SUPPORTED,True,878,320.2031746031746,-11.609977324269494,161.49902343750904,PROVISIONAL_QUALIFIED_EVIDENCE,SOURCE_ASSOCIATED_NATIVE_MARKER,NUMERICAL_MARKER_ONLY_ATTACK_UNCERTAINTY_UNQUANTIFIED,,INDETERMINATE_UNQUANTIFIED_ATTACK_AND_REFERENCE_UNCERTAINTY,NEGATIVE,11.609977324263038,NEW_021,c7efaf8d2029ed140d67b7cbfff1c23fd33e0ffcae18f285566266c063f78e1c,NEW_021_ADTOF_35_12,1.5646258503352328,UNCONSTRAINED_NEW_021_121,UNCONSTRAINED_NEW_021_122,TRIO_CONDITIONED_NEW_021_122,BASS_00516,
F_MIX_01570,M56,True,320.22639455782314,UNKNOWN,True,878,320.2031746031746,23.219954648538987,161.49902343750904,UNKNOWN,SOURCE_NEUTRAL_NATIVE_MARKER,NUMERICAL_MARKER_ONLY_ATTACK_UNCERTAINTY_UNQUANTIFIED,,INDETERMINATE_UNQUANTIFIED_ATTACK_AND_REFERENCE_UNCERTAINTY,POSITIVE,11.609977324263038,NEW_021,c7efaf8d2029ed140d67b7cbfff1c23fd33e0ffcae18f285566266c063f78e1c,NEW_021_ADTOF_35_12,36.394557823143714,UNCONSTRAINED_NEW_021_121,UNCONSTRAINED_NEW_021_122,TRIO_CONDITIONED_NEW_021_122,,
F_MIX_01571,M56,True,320.4818140589569,UNKNOWN,True,879,320.574693877551,-92.8798185940991,161.49902343750904,UNKNOWN,SOURCE_NEUTRAL_NATIVE_MARKER,NUMERICAL_MARKER_ONLY_ATTACK_UNCERTAINTY_UNQUANTIFIED,,INDETERMINATE_UNQUANTIFIED_ATTACK_AND_REFERENCE_UNCERTAINTY,NEGATIVE,11.609977324263038,NEW_021,c7efaf8d2029ed140d67b7cbfff1c23fd33e0ffcae18f285566266c063f78e1c,NEW_021_ADTOF_35_13,78.1859410431025,UNCONSTRAINED_NEW_021_130,UNCONSTRAINED_NEW_021_131,TRIO_CONDITIONED_NEW_021_130,BASS_00517,
F_MIX_01572,M56,True,320.9346031746032,BASS_AND_DRUM_SUPPORTED,True,880,320.94621315192745,-11.609977324269494,161.49902343748434,PROVISIONAL_QUALIFIED_EVIDENCE,SOURCE_ASSOCIATED_NATIVE_MARKER,NUMERICAL_MARKER_ONLY_ATTACK_UNCERTAINTY_UNQUANTIFIED,,INDETERMINATE_UNQUANTIFIED_ATTACK_AND_REFERENCE_UNCERTAINTY,NEGATIVE,11.609977324263038,NEW_021,c7efaf8d2029ed140d67b7cbfff1c23fd33e0ffcae18f285566266c063f78e1c,NEW_021_ADTOF_35_14,14.603174603166735,UNCONSTRAINED_NEW_021_134,UNCONSTRAINED_NEW_021_135,TRIO_CONDITIONED_NEW_021_134,BASS_00518,
F_MIX_01573,M56,True,321.2132426303855,UNKNOWN,True,881,321.2945124716553,-81.26984126982961,172.26562500001668,UNKNOWN,SOURCE_NEUTRAL_NATIVE_MARKER,NUMERICAL_MARKER_ONLY_ATTACK_UNCERTAINTY_UNQUANTIFIED,,INDETERMINATE_UNQUANTIFIED_ATTACK_AND_REFERENCE_UNCERTAINTY,NEGATIVE,11.609977324263038,NEW_021,c7efaf8d2029ed140d67b7cbfff1c23fd33e0ffcae18f285566266c063f78e1c,NEW_021_ADTOF_35_15,86.7573696145314,UNCONSTRAINED_NEW_021_141,UNCONSTRAINED_NEW_021_142,TRIO_CONDITIONED_NEW_021_140,BASS_00519,
F_MIX_01574,M56,True,321.67764172335603,DRUM_SUPPORTED,True,882,321.66603174603176,11.609977324269494,161.49902343750904,PROVISIONAL_QUALIFIED_EVIDENCE,SOURCE_ASSOCIATED_NATIVE_MARKER,NUMERICAL_MARKER_ONLY_ATTACK_UNCERTAINTY_UNQUANTIFIED,,INDETERMINATE_UNQUANTIFIED_ATTACK_AND_REFERENCE_UNCERTAINTY,POSITIVE,11.609977324263038,NEW_021,c7efaf8d2029ed140d67b7cbfff1c23fd33e0ffcae18f285566266c063f78e1c,NEW_021_ADTOF_35_16,17.641723356007333,UNCONSTRAINED_NEW_021_147,UNCONSTRAINED_NEW_021_148,TRIO_CONDITIONED_NEW_021_145,,
F_MIX_01575,M56,True,321.95628117913833,UNKNOWN,True,883,322.03755102040816,-81.26984126982961,161.49902343750904,UNKNOWN,SOURCE_NEUTRAL_NATIVE_MARKER,NUMERICAL_MARKER_ONLY_ATTACK_UNCERTAINTY_UNQUANTIFIED,,INDETERMINATE_UNQUANTIFIED_ATTACK_AND_REFERENCE_UNCERTAINTY,NEGATIVE,11.609977324263038,NEW_021,c7efaf8d2029ed140d67b7cbfff1c23fd33e0ffcae18f285566266c063f78e1c,NEW_021_ADTOF_35_17,73.71882086164305,UNCONSTRAINED_NEW_021_155,UNCONSTRAINED_NEW_021_156,TRIO_CONDITIONED_NEW_021_151,,
F_MIX_01576,M56,True,322.35102040816327,UNKNOWN,True,884,322.40907029478456,-58.049886621290625,161.49902343750904,UNKNOWN,SOURCE_NEUTRAL_NATIVE_MARKER,NUMERICAL_MARKER_ONLY_ATTACK_UNCERTAINTY_UNQUANTIFIED,,INDETERMINATE_UNQUANTIFIED_ATTACK_AND_REFERENCE_UNCERTAINTY,NEGATIVE,11.609977324263038,NEW_021,c7efaf8d2029ed140d67b7cbfff1c23fd33e0ffcae18f285566266c063f78e1c,NEW_021_ADTOF_35_18,48.97959183671219,UNCONSTRAINED_NEW_021_159,UNCONSTRAINED_NEW_021_160,TRIO_CONDITIONED_NEW_021_154,,
F_MIX_01577,M56,True,322.4206802721088,DRUM_SUPPORTED,True,884,322.40907029478456,11.609977324269494,161.49902343748434,PROVISIONAL_QUALIFIED_EVIDENCE,SOURCE_ASSOCIATED_NATIVE_MARKER,NUMERICAL_MARKER_ONLY_ATTACK_UNCERTAINTY_UNQUANTIFIED,,INDETERMINATE_UNQUANTIFIED_ATTACK_AND_REFERENCE_UNCERTAINTY,POSITIVE,11.609977324263038,NEW_021,c7efaf8d2029ed140d67b7cbfff1c23fd33e0ffcae18f285566266c063f78e1c,NEW_021_ADTOF_35_18,20.68027210884793,UNCONSTRAINED_NEW_021_159,UNCONSTRAINED_NEW_021_160,TRIO_CONDITIONED_NEW_021_154,,
F_MIX_01578,M56,True,322.6993197278912,UNKNOWN,True,885,322.780589569161,-81.26984126982961,161.49902343748434,UNKNOWN,SOURCE_NEUTRAL_NATIVE_MARKER,NUMERICAL_MARKER_ONLY_ATTACK_UNCERTAINTY_UNQUANTIFIED,,INDETERMINATE_UNQUANTIFIED_ATTACK_AND_REFERENCE_UNCERTAINTY,NEGATIVE,11.609977324263038,NEW_021,c7efaf8d2029ed140d67b7cbfff1c23fd33e0ffcae18f285566266c063f78e1c,NEW_021_ADTOF_35_19,80.68027210879336,UNCONSTRAINED_NEW_021_168,UNCONSTRAINED_NEW_021_169,TRIO_CONDITIONED_NEW_021_161,,
F_MIX_01579,M56,True,323.1637188208617,DRUM_SUPPORTED,True,886,323.1521088435374,11.609977324269494,161.49902343748434,PROVISIONAL_QUALIFIED_EVIDENCE,SOURCE_ASSOCIATED_NATIVE_MARKER,NUMERICAL_MARKER_ONLY_ATTACK_UNCERTAINTY_UNQUANTIFIED,,INDETERMINATE_UNQUANTIFIED_ATTACK_AND_REFERENCE_UNCERTAINTY,POSITIVE,11.609977324263038,NEW_021,c7efaf8d2029ed140d67b7cbfff1c23fd33e0ffcae18f285566266c063f78e1c,NEW_021_ADTOF_35_20,13.718820861697623,UNCONSTRAINED_NEW_021_175,UNCONSTRAINED_NEW_021_176,TRIO_CONDITIONED_NEW_021_167,,
F_MIX_01580,M56,True,323.442358276644,DRUM_SUPPORTED,True,887,323.52362811791386,-81.26984126988646,161.49902343748434,PROVISIONAL_QUALIFIED_EVIDENCE,SOURCE_ASSOCIATED_NATIVE_MARKER,NUMERICAL_MARKER_ONLY_ATTACK_UNCERTAINTY_UNQUANTIFIED,,INDETERMINATE_UNQUANTIFIED_ATTACK_AND_REFERENCE_UNCERTAINTY,NEGATIVE,11.609977324263038,NEW_021,c7efaf8d2029ed140d67b7cbfff1c23fd33e0ffcae18f285566266c063f78e1c,NEW_021_ADTOF_49_24,12.358276643965382,UNCONSTRAINED_NEW_021_184,UNCONSTRAINED_NEW_021_185,TRIO_CONDITIONED_NEW_021_173,,
F_MIX_01581,M56,True,323.8138775510204,UNKNOWN,True,888,323.8719274376417,-58.049886621290625,172.26562500001668,UNKNOWN,SOURCE_NEUTRAL_NATIVE_MARKER,NUMERICAL_MARKER_ONLY_ATTACK_UNCERTAINTY_UNQUANTIFIED,,INDETERMINATE_UNQUANTIFIED_ATTACK_AND_REFERENCE_UNCERTAINTY,NEGATIVE,11.609977324263038,NEW_021,c7efaf8d2029ed140d67b7cbfff1c23fd33e0ffcae18f285566266c063f78e1c,NEW_021_ADTOF_35_21,46.12244897958817,UNCONSTRAINED_NEW_021_190,UNCONSTRAINED_NEW_021_191,TRIO_CONDITIONED_NEW_021_177,,
F_MIX_01582,M56,True,323.883537414966,DRUM_SUPPORTED,True,888,323.8719274376417,11.609977324269494,161.49902343750904,PROVISIONAL_QUALIFIED_EVIDENCE,SOURCE_ASSOCIATED_NATIVE_MARKER,NUMERICAL_MARKER_ONLY_ATTACK_UNCERTAINTY_UNQUANTIFIED,,INDETERMINATE_UNQUANTIFIED_ATTACK_AND_REFERENCE_UNCERTAINTY,POSITIVE,11.609977324263038,NEW_021,c7efaf8d2029ed140d67b7cbfff1c23fd33e0ffcae18f285566266c063f78e1c,NEW_021_ADTOF_35_21,23.537414965971948,UNCONSTRAINED_NEW_021_190,UNCONSTRAINED_NEW_021_191,TRIO_CONDITIONED_NEW_021_177,,
F_MIX_01583,M56,True,324.150566893424,UNKNOWN,True,889,324.2434467120181,-92.8798185940991,161.49902343750904,UNKNOWN,SOURCE_NEUTRAL_NATIVE_MARKER,NUMERICAL_MARKER_ONLY_ATTACK_UNCERTAINTY_UNQUANTIFIED,,INDETERMINATE_UNQUANTIFIED_ATTACK_AND_REFERENCE_UNCERTAINTY,NEGATIVE,11.609977324263038,NEW_021,c7efaf8d2029ed140d67b7cbfff1c23fd33e0ffcae18f285566266c063f78e1c,NEW_021_ADTOF_35_22,79.43310657600477,UNCONSTRAINED_NEW_021_200,UNCONSTRAINED_NEW_021_201,TRIO_CONDITIONED_NEW_021_183,,
F_MIX_01584,M56,True,324.2434467120181,DRUM_SUPPORTED,True,889,324.2434467120181,0.0,161.49902343748434,PROVISIONAL_QUALIFIED_EVIDENCE,SOURCE_ASSOCIATED_NATIVE_MARKER,NUMERICAL_MARKER_ONLY_ATTACK_UNCERTAINTY_UNQUANTIFIED,,INDETERMINATE_UNQUANTIFIED_ATTACK_AND_REFERENCE_UNCERTAINTY,ZERO,11.609977324263038,NEW_021,c7efaf8d2029ed140d67b7cbfff1c23fd33e0ffcae18f285566266c063f78e1c,NEW_021_ADTOF_35_22,13.446712018094331,UNCONSTRAINED_NEW_021_200,UNCONSTRAINED_NEW_021_201,TRIO_CONDITIONED_NEW_021_183,,
F_MIX_01585,M56,True,324.61496598639457,DRUM_SUPPORTED,True,890,324.61496598639457,0.0,172.26562500001668,PROVISIONAL_QUALIFIED_EVIDENCE,SOURCE_ASSOCIATED_NATIVE_MARKER,NUMERICAL_MARKER_ONLY_ATTACK_UNCERTAINTY_UNQUANTIFIED,,INDETERMINATE_UNQUANTIFIED_ATTACK_AND_REFERENCE_UNCERTAINTY,ZERO,11.609977324263038,NEW_021,c7efaf8d2029ed140d67b7cbfff1c23fd33e0ffcae18f285566266c063f78e1c,NEW_021_ADTOF_35_23,14.965986394543052,UNCONSTRAINED_NEW_021_206,UNCONSTRAINED_NEW_021_207,TRIO_CONDITIONED_NEW_021_189,,
F_MIX_01586,M56,True,324.90521541950113,UNKNOWN,True,891,324.9632653061224,-58.049886621290625,172.26562500001668,UNKNOWN,SOURCE_NEUTRAL_NATIVE_MARKER,NUMERICAL_MARKER_ONLY_ATTACK_UNCERTAINTY_UNQUANTIFIED,,INDETERMINATE_UNQUANTIFIED_ATTACK_AND_REFERENCE_UNCERTAINTY,NEGATIVE,11.609977324263038,NEW_021,c7efaf8d2029ed140d67b7cbfff1c23fd33e0ffcae18f285566266c063f78e1c,NEW_021_ADTOF_35_24,64.78458049889468,UNCONSTRAINED_NEW_021_212,UNCONSTRAINED_NEW_021_213,TRIO_CONDITIONED_NEW_021_192,,
F_MIX_01587,M56,True,324.98648526077096,DRUM_SUPPORTED,True,891,324.9632653061224,23.219954648538987,172.26562499998857,PROVISIONAL_QUALIFIED_EVIDENCE,SOURCE_ASSOCIATED_NATIVE_MARKER,NUMERICAL_MARKER_ONLY_ATTACK_UNCERTAINTY_UNQUANTIFIED,,INDETERMINATE_UNQUANTIFIED_ATTACK_AND_REFERENCE_UNCERTAINTY,POSITIVE,11.609977324263038,NEW_021,c7efaf8d2029ed140d67b7cbfff1c23fd33e0ffcae18f285566266c063f78e1c,NEW_021_ADTOF_35_24,16.48526077093493,UNCONSTRAINED_NEW_021_212,UNCONSTRAINED_NEW_021_213,TRIO_CONDITIONED_NEW_021_197,,
F_MIX_01588,M56,True,325.3347845804989,DRUM_SUPPORTED,True,892,325.31156462585034,23.219954648538987,161.49902343750904,PROVISIONAL_QUALIFIED_EVIDENCE,SOURCE_ASSOCIATED_NATIVE_MARKER,NUMERICAL_MARKER_ONLY_ATTACK_UNCERTAINTY_UNQUANTIFIED,,INDETERMINATE_UNQUANTIFIED_ATTACK_AND_REFERENCE_UNCERTAINTY,POSITIVE,11.609977324263038,NEW_021,c7efaf8d2029ed140d67b7cbfff1c23fd33e0ffcae18f285566266c063f78e1c,NEW_021_ADTOF_35_25,4.78458049889241,UNCONSTRAINED_NEW_021_221,UNCONSTRAINED_NEW_021_222,TRIO_CONDITIONED_NEW_021_209,,
F_MIX_01589,M56,True,325.6018140589569,UNKNOWN,True,893,325.68308390022673,-81.26984126982961,161.49902343750904,UNKNOWN,SOURCE_NEUTRAL_NATIVE_MARKER,NUMERICAL_MARKER_ONLY_ATTACK_UNCERTAINTY_UNQUANTIFIED,,INDETERMINATE_UNQUANTIFIED_ATTACK_AND_REFERENCE_UNCERTAINTY,NEGATIVE,11.609977324263038,NEW_021,c7efaf8d2029ed140d67b7cbfff1c23fd33e0ffcae18f285566266c063f78e1c,NEW_021_ADTOF_35_26,88.18594104309341,UNCONSTRAINED_NEW_021_231,UNCONSTRAINED_NEW_021_232,TRIO_CONDITIONED_NEW_021_216,BASS_00520,
F_MIX_01590,M56,True,325.9617233560091,UNKNOWN,True,894,326.03138321995465,-69.65986394556012,172.26562499998857,UNKNOWN,SOURCE_NEUTRAL_NATIVE_MARKER,NUMERICAL_MARKER_ONLY_ATTACK_UNCERTAINTY_UNQUANTIFIED,,INDETERMINATE_UNQUANTIFIED_ATTACK_AND_REFERENCE_UNCERTAINTY,NEGATIVE,11.609977324263038,NEW_021,c7efaf8d2029ed140d67b7cbfff1c23fd33e0ffcae18f285566266c063f78e1c,NEW_021_ADTOF_35_27,88.27664399092328,UNCONSTRAINED_NEW_021_241,UNCONSTRAINED_NEW_021_242,TRIO_CONDITIONED_NEW_021_226,,
F_MIX_01591,M56,True,326.06621315192746,BASS_AND_DRUM_SUPPORTED,True,894,326.03138321995465,34.82993197280848,172.26562499998857,PROVISIONAL_QUALIFIED_EVIDENCE,SOURCE_ASSOCIATED_NATIVE_MARKER,NUMERICAL_MARKER_ONLY_ATTACK_UNCERTAINTY_UNQUANTIFIED,,INDETERMINATE_UNQUANTIFIED_ATTACK_AND_REFERENCE_UNCERTAINTY,POSITIVE,11.609977324263038,NEW_021,c7efaf8d2029ed140d67b7cbfff1c23fd33e0ffcae18f285566266c063f78e1c,NEW_021_ADTOF_35_27,16.213151927445324,UNCONSTRAINED_NEW_021_241,UNCONSTRAINED_NEW_021_242,TRIO_CONDITIONED_NEW_021_226,BASS_00521,
F_MIX_01592,M56,True,326.3332426303855,UNKNOWN,True,895,326.37968253968256,-46.439909297077975,172.26562499998857,UNKNOWN,SOURCE_NEUTRAL_NATIVE_MARKER,NUMERICAL_MARKER_ONLY_ATTACK_UNCERTAINTY_UNQUANTIFIED,,INDETERMINATE_UNQUANTIFIED_ATTACK_AND_REFERENCE_UNCERTAINTY,NEGATIVE,11.609977324263038,NEW_021,c7efaf8d2029ed140d67b7cbfff1c23fd33e0ffcae18f285566266c063f78e1c,NEW_021_ADTOF_35_28,76.7573696145405,UNCONSTRAINED_NEW_021_253,UNCONSTRAINED_NEW_021_254,TRIO_CONDITIONED_NEW_021_234,BASS_00522,
F_MIX_01593,M56,True,326.69315192743767,UNKNOWN,True,896,326.75120181405896,-58.049886621290625,161.49902343750904,UNKNOWN,SOURCE_NEUTRAL_NATIVE_MARKER,NUMERICAL_MARKER_ONLY_ATTACK_UNCERTAINTY_UNQUANTIFIED,,INDETERMINATE_UNQUANTIFIED_ATTACK_AND_REFERENCE_UNCERTAINTY,NEGATIVE,11.609977324263038,NEW_021,c7efaf8d2029ed140d67b7cbfff1c23fd33e0ffcae18f285566266c063f78e1c,NEW_021_ADTOF_35_29,66.84807256232261,UNCONSTRAINED_NEW_021_265,UNCONSTRAINED_NEW_021_266,TRIO_CONDITIONED_NEW_021_239,,
F_MIX_01594,M56,True,326.78603174603177,BASS_AND_DRUM_SUPPORTED,True,896,326.75120181405896,34.82993197280848,172.26562499998857,PROVISIONAL_QUALIFIED_EVIDENCE,SOURCE_ASSOCIATED_NATIVE_MARKER,NUMERICAL_MARKER_ONLY_ATTACK_UNCERTAINTY_UNQUANTIFIED,,INDETERMINATE_UNQUANTIFIED_ATTACK_AND_REFERENCE_UNCERTAINTY,POSITIVE,11.609977324263038,NEW_021,c7efaf8d2029ed140d67b7cbfff1c23fd33e0ffcae18f285566266c063f78e1c,NEW_021_ADTOF_35_29,26.031746031776493,UNCONSTRAINED_NEW_021_265,UNCONSTRAINED_NEW_021_266,TRIO_CONDITIONED_NEW_021_239,BASS_00523,
F_MIX_01595,M56,True,327.0530612244898,DRUM_SUPPORTED,True,897,327.0995011337869,-46.439909297077975,172.26562499998857,PROVISIONAL_QUALIFIED_EVIDENCE,SOURCE_ASSOCIATED_NATIVE_MARKER,NUMERICAL_MARKER_ONLY_ATTACK_UNCERTAINTY_UNQUANTIFIED,,INDETERMINATE_UNQUANTIFIED_ATTACK_AND_REFERENCE_UNCERTAINTY,NEGATIVE,11.609977324263038,NEW_021,c7efaf8d2029ed140d67b7cbfff1c23fd33e0ffcae18f285566266c063f78e1c,NEW_021_ADTOF_47_0,13.061224489774759,UNCONSTRAINED_NEW_021_277,UNCONSTRAINED_NEW_021_278,TRIO_CONDITIONED_NEW_021_247,BASS_00524,
F_MIX_01596,M56,True,327.4129705215419,DRUM_SUPPORTED,True,898,327.47102040816327,-58.04988662134747,161.49902343750904,PROVISIONAL_QUALIFIED_EVIDENCE,SOURCE_ASSOCIATED_NATIVE_MARKER,NUMERICAL_MARKER_ONLY_ATTACK_UNCERTAINTY_UNQUANTIFIED,,INDETERMINATE_UNQUANTIFIED_ATTACK_AND_REFERENCE_UNCERTAINTY,NEGATIVE,11.609977324263038,NEW_021,c7efaf8d2029ed140d67b7cbfff1c23fd33e0ffcae18f285566266c063f78e1c,NEW_021_ADTOF_35_31,12.97052154194489,UNCONSTRAINED_NEW_021_284,UNCONSTRAINED_NEW_021_291,TRIO_CONDITIONED_NEW_021_259,BASS_00525,
F_MIX_01597,M56,True,327.52907029478456,DRUM_SUPPORTED,True,898,327.47102040816327,58.049886621290625,161.49902343750904,PROVISIONAL_QUALIFIED_EVIDENCE,SOURCE_ASSOCIATED_NATIVE_MARKER,NUMERICAL_MARKER_ONLY_ATTACK_UNCERTAINTY_UNQUANTIFIED,,INDETERMINATE_UNQUANTIFIED_ATTACK_AND_REFERENCE_UNCERTAINTY,POSITIVE,11.609977324263038,NEW_021,c7efaf8d2029ed140d67b7cbfff1c23fd33e0ffcae18f285566266c063f78e1c,NEW_021_ADTOF_35_32,19.07029478456934,UNCONSTRAINED_NEW_021_290,UNCONSTRAINED_NEW_021_291,TRIO_CONDITIONED_NEW_021_259,,
F_MIX_01598,M56,True,327.7844897959184,UNKNOWN,True,899,327.84253968253967,-58.049886621290625,161.49902343750904,UNKNOWN,SOURCE_NEUTRAL_NATIVE_MARKER,NUMERICAL_MARKER_ONLY_ATTACK_UNCERTAINTY_UNQUANTIFIED,,INDETERMINATE_UNQUANTIFIED_ATTACK_AND_REFERENCE_UNCERTAINTY,NEGATIVE,11.609977324263038,NEW_021,c7efaf8d2029ed140d67b7cbfff1c23fd33e0ffcae18f285566266c063f78e1c,NEW_021_ADTOF_35_33,85.51020408162913,UNCONSTRAINED_NEW_021_296,UNCONSTRAINED_NEW_021_302,TRIO_CONDITIONED_NEW_021_267,BASS_00526,
F_MIX_01599,M56,True,328.1443990929705,UNKNOWN,True,900,328.2140589569161,-69.65986394561696,161.49902343748434,UNKNOWN,SOURCE_NEUTRAL_NATIVE_MARKER,NUMERICAL_MARKER_ONLY_ATTACK_UNCERTAINTY_UNQUANTIFIED,,INDETERMINATE_UNQUANTIFIED_ATTACK_AND_REFERENCE_UNCERTAINTY,NEGATIVE,11.609977324263038,NEW_021,c7efaf8d2029ed140d67b7cbfff1c23fd33e0ffcae18f285566266c063f78e1c,NEW_021_ADTOF_35_34,95.60090702950674,UNCONSTRAINED_NEW_021_306,UNCONSTRAINED_NEW_021_309,TRIO_CONDITIONED_NEW_021_274,BASS_00527,
F_MIX_01600,M56,True,328.26049886621314,DRUM_SUPPORTED,True,900,328.2140589569161,46.43990929702113,172.26562500001668,PROVISIONAL_QUALIFIED_EVIDENCE,SOURCE_ASSOCIATED_NATIVE_MARKER,NUMERICAL_MARKER_ONLY_ATTACK_UNCERTAINTY_UNQUANTIFIED,,INDETERMINATE_UNQUANTIFIED_ATTACK_AND_REFERENCE_UNCERTAINTY,POSITIVE,11.609977324263038,NEW_021,c7efaf8d2029ed140d67b7cbfff1c23fd33e0ffcae18f285566266c063f78e1c,NEW_021_ADTOF_35_34,20.49886621313135,UNCONSTRAINED_NEW_021_308,UNCONSTRAINED_NEW_021_309,TRIO_CONDITIONED_NEW_021_276,,
F_MIX_01601,M56,True,328.51591836734696,UNKNOWN,True,901,328.562358276644,-46.43990929702113,172.26562500001668,UNKNOWN,SOURCE_NEUTRAL_NATIVE_MARKER,NUMERICAL_MARKER_ONLY_ATTACK_UNCERTAINTY_UNQUANTIFIED,,INDETERMINATE_UNQUANTIFIED_ATTACK_AND_REFERENCE_UNCERTAINTY,NEGATIVE,11.609977324263038,NEW_021,c7efaf8d2029ed140d67b7cbfff1c23fd33e0ffcae18f285566266c063f78e1c,NEW_021_ADTOF_35_35,74.08163265301937,UNCONSTRAINED_NEW_021_312,UNCONSTRAINED_NEW_021_317,TRIO_CONDITIONED_NEW_021_280,BASS_00528,
F_MIX_01602,M56,True,329.003537414966,BASS_AND_DRUM_SUPPORTED,True,902,328.9570975056689,46.439909297077975,151.99908088233408,PROVISIONAL_QUALIFIED_EVIDENCE,SOURCE_ASSOCIATED_NATIVE_MARKER,NUMERICAL_MARKER_ONLY_ATTACK_UNCERTAINTY_UNQUANTIFIED,,INDETERMINATE_UNQUANTIFIED_ATTACK_AND_REFERENCE_UNCERTAINTY,POSITIVE,11.609977324263038,NEW_021,c7efaf8d2029ed140d67b7cbfff1c23fd33e0ffcae18f285566266c063f78e1c,NEW_021_ADTOF_35_36,23.537414965971948,UNCONSTRAINED_NEW_021_322,UNCONSTRAINED_NEW_021_323,TRIO_CONDITIONED_NEW_021_293,BASS_00529,
F_MIX_01603,M56,True,329.270566893424,UNKNOWN,True,903,329.3518367346939,-81.26984126988646,151.99908088233408,UNKNOWN,SOURCE_NEUTRAL_NATIVE_MARKER,NUMERICAL_MARKER_ONLY_ATTACK_UNCERTAINTY_UNQUANTIFIED,,INDETERMINATE_UNQUANTIFIED_ATTACK_AND_REFERENCE_UNCERTAINTY,NEGATIVE,11.609977324263038,NEW_021,c7efaf8d2029ed140d67b7cbfff1c23fd33e0ffcae18f285566266c063f78e1c,NEW_021_ADTOF_35_37,79.43310657600477,UNCONSTRAINED_NEW_021_330,UNCONSTRAINED_NEW_021_331,TRIO_CONDITIONED_NEW_021_297,BASS_00530,
F_MIX_01604,M56,True,329.73496598639457,DRUM_SUPPORTED,True,904,329.7233560090703,11.609977324269494,172.26562500001668,PROVISIONAL_QUALIFIED_EVIDENCE,SOURCE_ASSOCIATED_NATIVE_MARKER,NUMERICAL_MARKER_ONLY_ATTACK_UNCERTAINTY_UNQUANTIFIED,,INDETERMINATE_UNQUANTIFIED_ATTACK_AND_REFERENCE_UNCERTAINTY,POSITIVE,11.609977324263038,NEW_021,c7efaf8d2029ed140d67b7cbfff1c23fd33e0ffcae18f285566266c063f78e1c,NEW_021_ADTOF_49_42,14.965986394543052,UNCONSTRAINED_NEW_021_337,UNCONSTRAINED_NEW_021_338,TRIO_CONDITIONED_NEW_021_306,,
F_MIX_01605,M56,True,329.99038548752833,DRUM_SUPPORTED,True,905,330.07165532879816,-81.26984126982961,172.26562500001668,PROVISIONAL_QUALIFIED_EVIDENCE,SOURCE_ASSOCIATED_NATIVE_MARKER,NUMERICAL_MARKER_ONLY_ATTACK_UNCERTAINTY_UNQUANTIFIED,,INDETERMINATE_UNQUANTIFIED_ATTACK_AND_REFERENCE_UNCERTAINTY,NEGATIVE,11.609977324263038,NEW_021,c7efaf8d2029ed140d67b7cbfff1c23fd33e0ffcae18f285566266c063f78e1c,NEW_021_ADTOF_38_12,10.385487528310478,UNCONSTRAINED_NEW_021_342,UNCONSTRAINED_NEW_021_343,TRIO_CONDITIONED_NEW_021_311,,
F_MIX_01606,EXCLUDED,False,330.3502947845805,DRUM_SUPPORTED,True,906,330.39673469387753,-46.43990929702113,184.5703124999942,PROVISIONAL_QUALIFIED_EVIDENCE,SOURCE_ASSOCIATED_NATIVE_MARKER,NUMERICAL_MARKER_ONLY_ATTACK_UNCERTAINTY_UNQUANTIFIED,,INDETERMINATE_UNQUANTIFIED_ATTACK_AND_REFERENCE_UNCERTAINTY,NEGATIVE,11.609977324263038,control_330_340,c7efaf8d2029ed140d67b7cbfff1c23fd33e0ffcae18f285566266c063f78e1c,ADTOF_ADAPTER_00189,20.294784580528358,UNCONSTRAINED_control_330_340_0,UNCONSTRAINED_control_330_340_7,TRIO_CONDITIONED_control_330_340_7,,PI_M7_STOP_PHRASE_FINAL_HIT_DECAY
F_MIX_01607,EXCLUDED,False,330.7218140589569,DRUM_SUPPORTED,True,907,330.69859410430837,23.219954648538987,234.9076704545194,PROVISIONAL_QUALIFIED_EVIDENCE,SOURCE_ASSOCIATED_NATIVE_MARKER,NUMERICAL_MARKER_ONLY_ATTACK_UNCERTAINTY_UNQUANTIFIED,,INDETERMINATE_UNQUANTIFIED_ATTACK_AND_REFERENCE_UNCERTAINTY,POSITIVE,11.609977324263038,control_330_340,c7efaf8d2029ed140d67b7cbfff1c23fd33e0ffcae18f285566266c063f78e1c,ADTOF_ADAPTER_00190,21.814058956920235,UNCONSTRAINED_control_330_340_1,UNCONSTRAINED_control_330_340_7,TRIO_CONDITIONED_control_330_340_7,,PI_M7_STOP_PHRASE_FINAL_HIT_DECAY
F_MIX_01608,EXCLUDED,False,331.2210430839002,UNKNOWN,True,909,331.255873015873,-34.82993197280848,198.76802884615563,UNKNOWN,SOURCE_NEUTRAL_NATIVE_MARKER,NUMERICAL_MARKER_ONLY_ATTACK_UNCERTAINTY_UNQUANTIFIED,,INDETERMINATE_UNQUANTIFIED_ATTACK_AND_REFERENCE_UNCERTAINTY,NEGATIVE,11.609977324263038,control_330_340,c7efaf8d2029ed140d67b7cbfff1c23fd33e0ffcae18f285566266c063f78e1c,ADTOF_ADAPTER_00190,521.0430839002242,UNCONSTRAINED_control_330_340_3,UNCONSTRAINED_control_330_340_7,TRIO_CONDITIONED_control_330_340_7,,PI_M7_STOP_PHRASE_FINAL_HIT_DECAY
F_MIX_01609,EXCLUDED,False,331.5693424036281,UNKNOWN,True,910,331.5809523809524,-11.609977324269494,184.5703124999942,UNKNOWN,SOURCE_NEUTRAL_NATIVE_MARKER,NUMERICAL_MARKER_ONLY_ATTACK_UNCERTAINTY_UNQUANTIFIED,,INDETERMINATE_UNQUANTIFIED_ATTACK_AND_REFERENCE_UNCERTAINTY,NEGATIVE,11.609977324263038,control_330_340,c7efaf8d2029ed140d67b7cbfff1c23fd33e0ffcae18f285566266c063f78e1c,ADTOF_ADAPTER_00191,620.6575963718706,UNCONSTRAINED_control_330_340_4,UNCONSTRAINED_control_330_340_7,TRIO_CONDITIONED_control_330_340_7,,PI_M7_STOP_PHRASE_FINAL_HIT_DECAY
F_MIX_01610,EXCLUDED,False,331.88281179138323,UNKNOWN,True,911,331.9060317460318,-23.219954648538987,184.5703124999942,UNKNOWN,SOURCE_NEUTRAL_NATIVE_MARKER,NUMERICAL_MARKER_ONLY_ATTACK_UNCERTAINTY_UNQUANTIFIED,,INDETERMINATE_UNQUANTIFIED_ATTACK_AND_REFERENCE_UNCERTAINTY,NEGATIVE,11.609977324263038,control_330_340,c7efaf8d2029ed140d67b7cbfff1c23fd33e0ffcae18f285566266c063f78e1c,ADTOF_ADAPTER_00191,307.18820861676477,UNCONSTRAINED_control_330_340_4,UNCONSTRAINED_control_330_340_7,TRIO_CONDITIONED_control_330_340_7,,PI_M7_STOP_PHRASE_FINAL_HIT_DECAY
F_MIX_01611,EXCLUDED,False,332.138231292517,UNKNOWN,True,912,332.2078911564626,-69.65986394561696,198.76802884615563,UNKNOWN,SOURCE_NEUTRAL_NATIVE_MARKER,NUMERICAL_MARKER_ONLY_ATTACK_UNCERTAINTY_UNQUANTIFIED,,INDETERMINATE_UNQUANTIFIED_ATTACK_AND_REFERENCE_UNCERTAINTY,NEGATIVE,11.609977324263038,control_330_340,c7efaf8d2029ed140d67b7cbfff1c23fd33e0ffcae18f285566266c063f78e1c,ADTOF_ADAPTER_00191,51.76870748300644,UNCONSTRAINED_control_330_340_5,UNCONSTRAINED_control_330_340_7,TRIO_CONDITIONED_control_330_340_7,,PI_M7_STOP_PHRASE_FINAL_HIT_DECAY
F_MIX_01612,EXCLUDED,False,332.2078911564626,BASS_AND_DRUM_SUPPORTED,True,912,332.2078911564626,0.0,198.76802884615563,PROVISIONAL_QUALIFIED_EVIDENCE,SOURCE_ASSOCIATED_NATIVE_MARKER,NUMERICAL_MARKER_ONLY_ATTACK_UNCERTAINTY_UNQUANTIFIED,,INDETERMINATE_UNQUANTIFIED_ATTACK_AND_REFERENCE_UNCERTAINTY,ZERO,11.609977324263038,control_330_340,c7efaf8d2029ed140d67b7cbfff1c23fd33e0ffcae18f285566266c063f78e1c,ADTOF_ADAPTER_00191,17.891156462610525,UNCONSTRAINED_control_330_340_5,UNCONSTRAINED_control_330_340_7,TRIO_CONDITIONED_control_330_340_7,BASS_00531,PI_M7_STOP_PHRASE_FINAL_HIT_DECAY
F_MIX_01613,EXCLUDED,False,332.78839002267574,BASS_AND_DRUM_SUPPORTED,True,914,332.8116099773243,-23.219954648538987,198.76802884615563,PROVISIONAL_QUALIFIED_EVIDENCE,SOURCE_ASSOCIATED_NATIVE_MARKER,NUMERICAL_MARKER_ONLY_ATTACK_UNCERTAINTY_UNQUANTIFIED,,INDETERMINATE_UNQUANTIFIED_ATTACK_AND_REFERENCE_UNCERTAINTY,NEGATIVE,11.609977324263038,control_330_340,c7efaf8d2029ed140d67b7cbfff1c23fd33e0ffcae18f285566266c063f78e1c,ADTOF_ADAPTER_00192,18.390022675760065,UNCONSTRAINED_control_330_340_6,UNCONSTRAINED_control_330_340_7,TRIO_CONDITIONED_control_330_340_7,BASS_00532,PI_M7_STOP_PHRASE_FINAL_HIT_DECAY
F_MIX_01614,EXCLUDED,False,333.38049886621314,UNKNOWN,True,916,333.4385487528345,-58.04988662134747,184.5703124999942,UNKNOWN,SOURCE_NEUTRAL_NATIVE_MARKER,NUMERICAL_MARKER_ONLY_ATTACK_UNCERTAINTY_UNQUANTIFIED,,INDETERMINATE_UNQUANTIFIED_ATTACK_AND_REFERENCE_UNCERTAINTY,NEGATIVE,11.609977324263038,control_330_340,c7efaf8d2029ed140d67b7cbfff1c23fd33e0ffcae18f285566266c063f78e1c,ADTOF_ADAPTER_00193,509.50113378684136,UNCONSTRAINED_control_330_340_9,UNCONSTRAINED_control_330_340_12,TRIO_CONDITIONED_control_330_340_7,,PI_M7_STOP_PHRASE_FINAL_HIT_DECAY
F_MIX_01615,EXCLUDED,False,333.5198185941043,UNKNOWN,True,916,333.4385487528345,81.26984126982961,198.76802884615563,UNKNOWN,SOURCE_NEUTRAL_NATIVE_MARKER,NUMERICAL_MARKER_ONLY_ATTACK_UNCERTAINTY_UNQUANTIFIED,,INDETERMINATE_UNQUANTIFIED_ATTACK_AND_REFERENCE_UNCERTAINTY,POSITIVE,11.609977324263038,control_330_340,c7efaf8d2029ed140d67b7cbfff1c23fd33e0ffcae18f285566266c063f78e1c,ADTOF_ADAPTER_00193,370.1814058956643,UNCONSTRAINED_control_330_340_9,UNCONSTRAINED_control_330_340_12,TRIO_CONDITIONED_control_330_340_7,,PI_M7_STOP_PHRASE_FINAL_HIT_DECAY
F_MIX_01616,EXCLUDED,False,333.75201814058954,UNKNOWN,True,917,333.74040816326533,11.60997732421265,198.76802884615563,UNKNOWN,SOURCE_NEUTRAL_NATIVE_MARKER,NUMERICAL_MARKER_ONLY_ATTACK_UNCERTAINTY_UNQUANTIFIED,,INDETERMINATE_UNQUANTIFIED_ATTACK_AND_REFERENCE_UNCERTAINTY,POSITIVE,11.609977324263038,control_330_340,c7efaf8d2029ed140d67b7cbfff1c23fd33e0ffcae18f285566266c063f78e1c,ADTOF_ADAPTER_00193,137.98185941044494,UNCONSTRAINED_control_330_340_10,UNCONSTRAINED_control_330_340_12,TRIO_CONDITIONED_control_330_340_7,,PI_M7_STOP_PHRASE_FINAL_HIT_DECAY
F_MIX_01617,EXCLUDED,False,333.91455782312926,DRUM_SUPPORTED,True,918,334.04226757369617,-127.70975056690759,198.76802884615563,PROVISIONAL_QUALIFIED_EVIDENCE,SOURCE_ASSOCIATED_NATIVE_MARKER,NUMERICAL_MARKER_ONLY_ATTACK_UNCERTAINTY_UNQUANTIFIED,,INDETERMINATE_UNQUANTIFIED_ATTACK_AND_REFERENCE_UNCERTAINTY,NEGATIVE,11.609977324263038,control_330_340,c7efaf8d2029ed140d67b7cbfff1c23fd33e0ffcae18f285566266c063f78e1c,ADTOF_ADAPTER_00193,24.557823129271128,UNCONSTRAINED_control_330_340_10,UNCONSTRAINED_control_330_340_12,TRIO_CONDITIONED_control_330_340_7,,PI_M7_STOP_PHRASE_FINAL_HIT_DECAY
F_MIX_01618,EXCLUDED,False,334.14675736961453,UNKNOWN,True,918,334.04226757369617,104.4897959183686,172.26562500001668,UNKNOWN,SOURCE_NEUTRAL_NATIVE_MARKER,NUMERICAL_MARKER_ONLY_ATTACK_UNCERTAINTY_UNQUANTIFIED,,INDETERMINATE_UNQUANTIFIED_ATTACK_AND_REFERENCE_UNCERTAINTY,POSITIVE,11.609977324263038,control_330_340,c7efaf8d2029ed140d67b7cbfff1c23fd33e0ffcae18f285566266c063f78e1c,ADTOF_ADAPTER_00193,256.7573696145473,UNCONSTRAINED_control_330_340_10,UNCONSTRAINED_control_330_340_12,TRIO_CONDITIONED_control_330_340_28,,PI_M7_STOP_PHRASE_FINAL_HIT_DECAY
F_MIX_01619,EXCLUDED,False,334.69242630385486,UNKNOWN,True,920,334.64598639455784,46.43990929702113,95.70312499999885,UNKNOWN,SOURCE_NEUTRAL_NATIVE_MARKER,NUMERICAL_MARKER_ONLY_ATTACK_UNCERTAINTY_UNQUANTIFIED,,INDETERMINATE_UNQUANTIFIED_ATTACK_AND_REFERENCE_UNCERTAINTY,POSITIVE,11.609977324263038,control_330_340,c7efaf8d2029ed140d67b7cbfff1c23fd33e0ffcae18f285566266c063f78e1c,ADTOF_ADAPTER_00193,802.4263038548725,UNCONSTRAINED_control_330_340_13,UNCONSTRAINED_control_330_340_15,TRIO_CONDITIONED_control_330_340_28,,PI_M7_STOP_PHRASE_FINAL_HIT_DECAY
F_MIX_01620,EXCLUDED,False,335.09877551020406,UNKNOWN,True,921,335.27292517006805,-174.14965986398556,95.70312499999885,UNKNOWN,SOURCE_NEUTRAL_NATIVE_MARKER,NUMERICAL_MARKER_ONLY_ATTACK_UNCERTAINTY_UNQUANTIFIED,,INDETERMINATE_UNQUANTIFIED_ATTACK_AND_REFERENCE_UNCERTAINTY,NEGATIVE,11.609977324263038,control_330_340,c7efaf8d2029ed140d67b7cbfff1c23fd33e0ffcae18f285566266c063f78e1c,ADTOF_ADAPTER_00193,1208.7755102040774,UNCONSTRAINED_control_330_340_17,UNCONSTRAINED_control_330_340_16,TRIO_CONDITIONED_control_330_340_28,,PI_M7_STOP_PHRASE_FINAL_HIT_DECAY
F_MIX_01621,EXCLUDED,False,335.95791383219955,UNKNOWN,True,923,335.7837641723356,174.14965986392872,123.04687500000331,UNKNOWN,SOURCE_NEUTRAL_NATIVE_MARKER,NUMERICAL_MARKER_ONLY_ATTACK_UNCERTAINTY_UNQUANTIFIED,,INDETERMINATE_UNQUANTIFIED_ATTACK_AND_REFERENCE_UNCERTAINTY,POSITIVE,11.609977324263038,control_330_340,c7efaf8d2029ed140d67b7cbfff1c23fd33e0ffcae18f285566266c063f78e1c,ADTOF_ADAPTER_00193,2067.913832199565,UNCONSTRAINED_control_330_340_17,UNCONSTRAINED_control_330_340_20,TRIO_CONDITIONED_control_330_340_31,,PI_M7_STOP_PHRASE_FINAL_HIT_DECAY
F_MIX_01622,EXCLUDED,False,336.2249433106576,UNKNOWN,True,924,336.27138321995466,-46.439909297077975,123.04687500000331,UNKNOWN,SOURCE_NEUTRAL_NATIVE_MARKER,NUMERICAL_MARKER_ONLY_ATTACK_UNCERTAINTY_UNQUANTIFIED,,INDETERMINATE_UNQUANTIFIED_ATTACK_AND_REFERENCE_UNCERTAINTY,NEGATIVE,11.609977324263038,control_330_340,c7efaf8d2029ed140d67b7cbfff1c23fd33e0ffcae18f285566266c063f78e1c,ADTOF_ADAPTER_00193,2334.943310657593,UNCONSTRAINED_control_330_340_17,UNCONSTRAINED_control_330_340_21,TRIO_CONDITIONED_control_330_340_34,,PI_M7_STOP_PHRASE_FINAL_HIT_DECAY
F_MIX_01623,EXCLUDED,False,336.42231292517005,UNKNOWN,True,925,336.45714285714286,-34.82993197280848,322.9980468750181,UNKNOWN,SOURCE_NEUTRAL_NATIVE_MARKER,NUMERICAL_MARKER_ONLY_ATTACK_UNCERTAINTY_UNQUANTIFIED,,INDETERMINATE_UNQUANTIFIED_ATTACK_AND_REFERENCE_UNCERTAINTY,NEGATIVE,11.609977324263038,control_330_340,c7efaf8d2029ed140d67b7cbfff1c23fd33e0ffcae18f285566266c063f78e1c,ADTOF_ADAPTER_00193,2532.3129251700607,UNCONSTRAINED_control_330_340_25,UNCONSTRAINED_control_330_340_22,TRIO_CONDITIONED_control_330_340_35,,PI_M7_STOP_PHRASE_FINAL_HIT_DECAY
F_MIX_01624,EXCLUDED,False,337.40916099773244,UNKNOWN,True,928,337.4323809523809,-23.219954648482144,215.33203125001205,UNKNOWN,SOURCE_NEUTRAL_NATIVE_MARKER,NUMERICAL_MARKER_ONLY_ATTACK_UNCERTAINTY_UNQUANTIFIED,,INDETERMINATE_UNQUANTIFIED_ATTACK_AND_REFERENCE_UNCERTAINTY,NEGATIVE,11.609977324263038,control_330_340,c7efaf8d2029ed140d67b7cbfff1c23fd33e0ffcae18f285566266c063f78e1c,ADTOF_ADAPTER_00193,3519.160997732456,UNCONSTRAINED_control_330_340_25,UNCONSTRAINED_control_330_340_27,TRIO_CONDITIONED_control_330_340_44,,PI_M7_STOP_PHRASE_FINAL_HIT_DECAY
F_MIX_01625,EXCLUDED,False,337.9896598639456,UNKNOWN,True,930,338.03609977324265,-46.439909297077975,198.76802884615563,UNKNOWN,SOURCE_NEUTRAL_NATIVE_MARKER,NUMERICAL_MARKER_ONLY_ATTACK_UNCERTAINTY_UNQUANTIFIED,,INDETERMINATE_UNQUANTIFIED_ATTACK_AND_REFERENCE_UNCERTAINTY,NEGATIVE,11.609977324263038,control_330_340,c7efaf8d2029ed140d67b7cbfff1c23fd33e0ffcae18f285566266c063f78e1c,ADTOF_ADAPTER_00193,4099.65986394559,UNCONSTRAINED_control_330_340_28,UNCONSTRAINED_control_330_340_30,TRIO_CONDITIONED_control_330_340_49,,PI_M7_STOP_PHRASE_FINAL_HIT_DECAY
F_MIX_01626,EXCLUDED,False,339.63827664399093,UNKNOWN,True,936,339.68471655328796,-46.43990929702113,234.90767045457167,UNKNOWN,SOURCE_NEUTRAL_NATIVE_MARKER,NUMERICAL_MARKER_ONLY_ATTACK_UNCERTAINTY_UNQUANTIFIED,,INDETERMINATE_UNQUANTIFIED_ATTACK_AND_REFERENCE_UNCERTAINTY,NEGATIVE,11.609977324263038,control_330_340,c7efaf8d2029ed140d67b7cbfff1c23fd33e0ffcae18f285566266c063f78e1c,ADTOF_ADAPTER_00193,5748.276643990948,UNCONSTRAINED_control_330_340_28,UNCONSTRAINED_control_330_340_30,TRIO_CONDITIONED_control_330_340_49,,PI_M7_STOP_PHRASE_FINAL_HIT_DECAY
