event_id,family,timestamp_s,sample_index,frame_index,previous_interval_s,source_identity,kind,timing_grid_ms
F_MIX_00000,F_MIX,0.7198185941043084,31744,62,,UNKNOWN_SOURCE,SPECTRAL_ONSET_CANDIDATE,11.609977324263038
F_MIX_00001,F_MIX,0.8359183673469388,36864,72,0.11609977324263043,UNKNOWN_SOURCE,SPECTRAL_ONSET_CANDIDATE,11.609977324263038
F_MIX_00002,F_MIX,0.8823582766439909,38912,76,0.04643990929705211,UNKNOWN_SOURCE,SPECTRAL_ONSET_CANDIDATE,11.609977324263038
F_MIX_00003,F_MIX,1.230657596371882,54272,106,0.3482993197278911,UNKNOWN_SOURCE,SPECTRAL_ONSET_CANDIDATE,11.609977324263038
F_MIX_00004,F_MIX,1.474467120181406,65024,127,0.24380952380952392,UNKNOWN_SOURCE,SPECTRAL_ONSET_CANDIDATE,11.609977324263038
F_MIX_00005,F_MIX,1.5789569160997732,69632,136,0.10448979591836727,UNKNOWN_SOURCE,SPECTRAL_ONSET_CANDIDATE,11.609977324263038
F_MIX_00006,F_MIX,1.7531065759637188,77312,151,0.1741496598639456,UNKNOWN_SOURCE,SPECTRAL_ONSET_CANDIDATE,11.609977324263038
F_MIX_00007,F_MIX,1.8692063492063493,82432,161,0.11609977324263054,UNKNOWN_SOURCE,SPECTRAL_ONSET_CANDIDATE,11.609977324263038
F_MIX_00008,F_MIX,1.9736961451247166,87040,170,0.10448979591836727,UNKNOWN_SOURCE,SPECTRAL_ONSET_CANDIDATE,11.609977324263038
F_MIX_00009,F_MIX,2.1942857142857144,96768,189,0.2205895691609978,UNKNOWN_SOURCE,SPECTRAL_ONSET_CANDIDATE,11.609977324263038
F_MIX_00010,F_MIX,2.3219954648526078,102400,200,0.12770975056689338,UNKNOWN_SOURCE,SPECTRAL_ONSET_CANDIDATE,11.609977324263038
F_MIX_00011,F_MIX,2.6238548752834467,115712,226,0.30185941043083897,UNKNOWN_SOURCE,SPECTRAL_ONSET_CANDIDATE,11.609977324263038
F_MIX_00012,F_MIX,2.705124716553288,119296,233,0.08126984126984116,UNKNOWN_SOURCE,SPECTRAL_ONSET_CANDIDATE,11.609977324263038
F_MIX_00013,F_MIX,2.9605442176870747,130560,255,0.25541950113378675,UNKNOWN_SOURCE,SPECTRAL_ONSET_CANDIDATE,11.609977324263038
F_MIX_00014,F_MIX,2.995374149659864,132096,258,0.034829931972789385,UNKNOWN_SOURCE,SPECTRAL_ONSET_CANDIDATE,11.609977324263038
F_MIX_00015,F_MIX,3.076643990929705,135680,265,0.08126984126984116,UNKNOWN_SOURCE,SPECTRAL_ONSET_CANDIDATE,11.609977324263038
F_MIX_00016,F_MIX,3.308843537414966,145920,285,0.23219954648526064,UNKNOWN_SOURCE,SPECTRAL_ONSET_CANDIDATE,11.609977324263038
F_MIX_00017,F_MIX,3.436553287981859,151552,296,0.12770975056689338,UNKNOWN_SOURCE,SPECTRAL_ONSET_CANDIDATE,11.609977324263038
F_MIX_00018,F_MIX,3.6919727891156464,162816,318,0.2554195011337872,UNKNOWN_SOURCE,SPECTRAL_ONSET_CANDIDATE,11.609977324263038
F_MIX_00019,F_MIX,3.7964625850340137,167424,327,0.10448979591836727,UNKNOWN_SOURCE,SPECTRAL_ONSET_CANDIDATE,11.609977324263038
F_MIX_00020,F_MIX,4.0751020408163265,179712,351,0.27863945578231286,UNKNOWN_SOURCE,SPECTRAL_ONSET_CANDIDATE,11.609977324263038
F_MIX_00021,F_MIX,4.191201814058957,184832,361,0.1160997732426301,UNKNOWN_SOURCE,SPECTRAL_ONSET_CANDIDATE,11.609977324263038
F_MIX_00022,F_MIX,4.388571428571429,193536,378,0.19736961451247215,UNKNOWN_SOURCE,SPECTRAL_ONSET_CANDIDATE,11.609977324263038
F_MIX_00023,F_MIX,4.516281179138322,199168,389,0.12770975056689338,UNKNOWN_SOURCE,SPECTRAL_ONSET_CANDIDATE,11.609977324263038
F_MIX_00024,F_MIX,4.574331065759637,201728,394,0.058049886621314606,UNKNOWN_SOURCE,SPECTRAL_ONSET_CANDIDATE,11.609977324263038
F_MIX_00025,F_MIX,4.899410430839002,216064,422,0.3250793650793655,UNKNOWN_SOURCE,SPECTRAL_ONSET_CANDIDATE,11.609977324263038
F_MIX_00026,F_MIX,5.154829931972789,227328,444,0.25541950113378675,UNKNOWN_SOURCE,SPECTRAL_ONSET_CANDIDATE,11.609977324263038
F_MIX_00027,F_MIX,5.259319727891157,231936,453,0.10448979591836771,UNKNOWN_SOURCE,SPECTRAL_ONSET_CANDIDATE,11.609977324263038
F_MIX_00028,F_MIX,5.526349206349207,243712,476,0.26702947845805003,UNKNOWN_SOURCE,SPECTRAL_ONSET_CANDIDATE,11.609977324263038
F_MIX_00029,F_MIX,5.630839002267574,248320,485,0.10448979591836682,UNKNOWN_SOURCE,SPECTRAL_ONSET_CANDIDATE,11.609977324263038
F_MIX_00030,F_MIX,5.874648526077097,259072,506,0.24380952380952348,UNKNOWN_SOURCE,SPECTRAL_ONSET_CANDIDATE,11.609977324263038
F_MIX_00031,F_MIX,5.9675283446712015,263168,514,0.09287981859410444,UNKNOWN_SOURCE,SPECTRAL_ONSET_CANDIDATE,11.609977324263038
F_MIX_00032,F_MIX,6.199727891156463,273408,534,0.2321995464852611,UNKNOWN_SOURCE,SPECTRAL_ONSET_CANDIDATE,11.609977324263038
F_MIX_00033,F_MIX,6.2345578231292516,274944,537,0.03482993197278894,UNKNOWN_SOURCE,SPECTRAL_ONSET_CANDIDATE,11.609977324263038
F_MIX_00034,F_MIX,6.339047619047619,279552,546,0.10448979591836771,UNKNOWN_SOURCE,SPECTRAL_ONSET_CANDIDATE,11.609977324263038
F_MIX_00035,F_MIX,6.582857142857143,290304,567,0.24380952380952348,UNKNOWN_SOURCE,SPECTRAL_ONSET_CANDIDATE,11.609977324263038
F_MIX_00036,F_MIX,6.6873469387755105,294912,576,0.10448979591836771,UNKNOWN_SOURCE,SPECTRAL_ONSET_CANDIDATE,11.609977324263038
F_MIX_00037,F_MIX,6.965986394557823,307200,600,0.2786394557823124,UNKNOWN_SOURCE,SPECTRAL_ONSET_CANDIDATE,11.609977324263038
F_MIX_00038,F_MIX,7.070476190476191,311808,609,0.10448979591836771,UNKNOWN_SOURCE,SPECTRAL_ONSET_CANDIDATE,11.609977324263038
F_MIX_00039,F_MIX,7.430385487528345,327680,640,0.35990929705215446,UNKNOWN_SOURCE,SPECTRAL_ONSET_CANDIDATE,11.609977324263038
F_MIX_00040,F_MIX,7.790294784580499,343552,671,0.3599092970521536,UNKNOWN_SOURCE,SPECTRAL_ONSET_CANDIDATE,11.609977324263038
F_MIX_00041,F_MIX,8.034104308390022,354304,692,0.24380952380952348,UNKNOWN_SOURCE,SPECTRAL_ONSET_CANDIDATE,11.609977324263038
F_MIX_00042,F_MIX,8.13859410430839,358912,701,0.1044897959183686,UNKNOWN_SOURCE,SPECTRAL_ONSET_CANDIDATE,11.609977324263038
F_MIX_00043,F_MIX,8.394013605442177,370176,723,0.25541950113378675,UNKNOWN_SOURCE,SPECTRAL_ONSET_CANDIDATE,11.609977324263038
F_MIX_00044,F_MIX,8.510113378684807,375296,733,0.11609977324262921,UNKNOWN_SOURCE,SPECTRAL_ONSET_CANDIDATE,11.609977324263038
F_MIX_00045,F_MIX,8.777142857142858,387072,756,0.2670294784580509,UNKNOWN_SOURCE,SPECTRAL_ONSET_CANDIDATE,11.609977324263038
F_MIX_00046,F_MIX,8.870022675736962,391168,764,0.09287981859410444,UNKNOWN_SOURCE,SPECTRAL_ONSET_CANDIDATE,11.609977324263038
F_MIX_00047,F_MIX,9.218321995464853,406528,794,0.3482993197278912,UNKNOWN_SOURCE,SPECTRAL_ONSET_CANDIDATE,11.609977324263038
F_MIX_00048,F_MIX,9.508571428571429,419328,819,0.2902494331065757,UNKNOWN_SOURCE,SPECTRAL_ONSET_CANDIDATE,11.609977324263038
F_MIX_00049,F_MIX,9.601451247165533,423424,827,0.09287981859410444,UNKNOWN_SOURCE,SPECTRAL_ONSET_CANDIDATE,11.609977324263038
F_MIX_00050,F_MIX,9.868480725623582,435200,850,0.26702947845804914,UNKNOWN_SOURCE,SPECTRAL_ONSET_CANDIDATE,11.609977324263038
F_MIX_00051,F_MIX,9.97297052154195,439808,859,0.10448979591836682,UNKNOWN_SOURCE,SPECTRAL_ONSET_CANDIDATE,11.609977324263038
F_MIX_00052,F_MIX,10.216780045351474,450560,880,0.24380952380952436,UNKNOWN_SOURCE,SPECTRAL_ONSET_CANDIDATE,11.609977324263038
F_MIX_00053,F_MIX,10.356099773242631,456704,892,0.13931972789115754,UNKNOWN_SOURCE,SPECTRAL_ONSET_CANDIDATE,11.609977324263038
F_MIX_00054,F_MIX,10.611519274376418,467968,914,0.25541950113378675,UNKNOWN_SOURCE,SPECTRAL_ONSET_CANDIDATE,11.609977324263038
F_MIX_00055,F_MIX,10.716009070294785,472576,923,0.10448979591836682,UNKNOWN_SOURCE,SPECTRAL_ONSET_CANDIDATE,11.609977324263038
F_MIX_00056,F_MIX,10.936598639455783,482304,942,0.2205895691609978,UNKNOWN_SOURCE,SPECTRAL_ONSET_CANDIDATE,11.609977324263038
F_MIX_00057,F_MIX,10.983038548752834,484352,946,0.04643990929705133,UNKNOWN_SOURCE,SPECTRAL_ONSET_CANDIDATE,11.609977324263038
F_MIX_00058,F_MIX,11.3081179138322,498688,974,0.3250793650793664,UNKNOWN_SOURCE,SPECTRAL_ONSET_CANDIDATE,11.609977324263038
F_MIX_00059,F_MIX,11.34294784580499,500224,977,0.03482993197278894,UNKNOWN_SOURCE,SPECTRAL_ONSET_CANDIDATE,11.609977324263038
F_MIX_00060,F_MIX,11.447437641723356,504832,986,0.10448979591836682,UNKNOWN_SOURCE,SPECTRAL_ONSET_CANDIDATE,11.609977324263038
F_MIX_00061,F_MIX,11.679637188208616,515072,1006,0.2321995464852602,UNKNOWN_SOURCE,SPECTRAL_ONSET_CANDIDATE,11.609977324263038
F_MIX_00062,F_MIX,11.72607709750567,517120,1010,0.046439909297053106,UNKNOWN_SOURCE,SPECTRAL_ONSET_CANDIDATE,11.609977324263038
F_MIX_00063,F_MIX,11.77251700680272,519168,1014,0.04643990929705133,UNKNOWN_SOURCE,SPECTRAL_ONSET_CANDIDATE,11.609977324263038
F_MIX_00064,F_MIX,11.818956916099774,521216,1018,0.046439909297053106,UNKNOWN_SOURCE,SPECTRAL_ONSET_CANDIDATE,11.609977324263038
F_MIX_00065,F_MIX,12.07437641723356,532480,1040,0.25541950113378675,UNKNOWN_SOURCE,SPECTRAL_ONSET_CANDIDATE,11.609977324263038
F_MIX_00066,F_MIX,12.144036281179138,535552,1046,0.06965986394557788,UNKNOWN_SOURCE,SPECTRAL_ONSET_CANDIDATE,11.609977324263038
F_MIX_00067,F_MIX,12.527165532879819,552448,1079,0.38312925170068013,UNKNOWN_SOURCE,SPECTRAL_ONSET_CANDIDATE,11.609977324263038
F_MIX_00068,F_MIX,12.910294784580499,569344,1112,0.38312925170068013,UNKNOWN_SOURCE,SPECTRAL_ONSET_CANDIDATE,11.609977324263038
F_MIX_00069,F_MIX,13.165714285714285,580608,1134,0.25541950113378675,UNKNOWN_SOURCE,SPECTRAL_ONSET_CANDIDATE,11.609977324263038
F_MIX_00070,F_MIX,13.25859410430839,584704,1142,0.09287981859410444,UNKNOWN_SOURCE,SPECTRAL_ONSET_CANDIDATE,11.609977324263038
F_MIX_00071,F_MIX,13.40952380952381,591360,1155,0.15092970521541993,UNKNOWN_SOURCE,SPECTRAL_ONSET_CANDIDATE,11.609977324263038
F_MIX_00072,F_MIX,13.525623582766439,596480,1165,0.11609977324262921,UNKNOWN_SOURCE,SPECTRAL_ONSET_CANDIDATE,11.609977324263038
F_MIX_00073,F_MIX,13.64172335600907,601600,1175,0.11609977324263099,UNKNOWN_SOURCE,SPECTRAL_ONSET_CANDIDATE,11.609977324263038
F_MIX_00074,F_MIX,13.908752834467121,613376,1198,0.2670294784580509,UNKNOWN_SOURCE,SPECTRAL_ONSET_CANDIDATE,11.609977324263038
F_MIX_00075,F_MIX,14.001632653061224,617472,1206,0.09287981859410266,UNKNOWN_SOURCE,SPECTRAL_ONSET_CANDIDATE,11.609977324263038
F_MIX_00076,F_MIX,14.373151927437641,633856,1238,0.37151927437641774,UNKNOWN_SOURCE,SPECTRAL_ONSET_CANDIDATE,11.609977324263038
F_MIX_00077,F_MIX,14.55891156462585,642048,1254,0.18575963718820887,UNKNOWN_SOURCE,SPECTRAL_ONSET_CANDIDATE,11.609977324263038
F_MIX_00078,F_MIX,14.733061224489797,649728,1269,0.17414965986394648,UNKNOWN_SOURCE,SPECTRAL_ONSET_CANDIDATE,11.609977324263038
F_MIX_00079,F_MIX,14.872380952380952,655872,1281,0.13931972789115576,UNKNOWN_SOURCE,SPECTRAL_ONSET_CANDIDATE,11.609977324263038
F_MIX_00080,F_MIX,14.965260770975057,659968,1289,0.09287981859410444,UNKNOWN_SOURCE,SPECTRAL_ONSET_CANDIDATE,11.609977324263038
F_MIX_00081,F_MIX,15.069750566893424,664576,1298,0.10448979591836682,UNKNOWN_SOURCE,SPECTRAL_ONSET_CANDIDATE,11.609977324263038
F_MIX_00082,F_MIX,15.104580498866213,666112,1301,0.03482993197278894,UNKNOWN_SOURCE,SPECTRAL_ONSET_CANDIDATE,11.609977324263038
F_MIX_00083,F_MIX,15.464489795918368,681984,1332,0.35990929705215535,UNKNOWN_SOURCE,SPECTRAL_ONSET_CANDIDATE,11.609977324263038
F_MIX_00084,F_MIX,15.731519274376417,693760,1355,0.26702947845804914,UNKNOWN_SOURCE,SPECTRAL_ONSET_CANDIDATE,11.609977324263038
F_MIX_00085,F_MIX,15.824399092970522,697856,1363,0.09287981859410444,UNKNOWN_SOURCE,SPECTRAL_ONSET_CANDIDATE,11.609977324263038
F_MIX_00086,F_MIX,16.04498866213152,707584,1382,0.2205895691609978,UNKNOWN_SOURCE,SPECTRAL_ONSET_CANDIDATE,11.609977324263038
F_MIX_00087,F_MIX,16.195918367346938,714240,1395,0.15092970521541815,UNKNOWN_SOURCE,SPECTRAL_ONSET_CANDIDATE,11.609977324263038
F_MIX_00088,F_MIX,16.555827664399093,730112,1426,0.35990929705215535,UNKNOWN_SOURCE,SPECTRAL_ONSET_CANDIDATE,11.609977324263038
F_MIX_00089,F_MIX,16.834467120181404,742400,1450,0.27863945578231153,UNKNOWN_SOURCE,SPECTRAL_ONSET_CANDIDATE,11.609977324263038
F_MIX_00090,F_MIX,16.938956916099773,747008,1459,0.1044897959183686,UNKNOWN_SOURCE,SPECTRAL_ONSET_CANDIDATE,11.609977324263038
F_MIX_00091,F_MIX,17.29886621315193,762880,1490,0.35990929705215535,UNKNOWN_SOURCE,SPECTRAL_ONSET_CANDIDATE,11.609977324263038
F_MIX_00092,F_MIX,17.438185941043084,769024,1502,0.13931972789115576,UNKNOWN_SOURCE,SPECTRAL_ONSET_CANDIDATE,11.609977324263038
F_MIX_00093,F_MIX,17.565895691609978,774656,1513,0.12770975056689338,UNKNOWN_SOURCE,SPECTRAL_ONSET_CANDIDATE,11.609977324263038
F_MIX_00094,F_MIX,17.670385487528346,779264,1522,0.1044897959183686,UNKNOWN_SOURCE,SPECTRAL_ONSET_CANDIDATE,11.609977324263038
F_MIX_00095,F_MIX,17.716825396825396,781312,1526,0.04643990929704955,UNKNOWN_SOURCE,SPECTRAL_ONSET_CANDIDATE,11.609977324263038
F_MIX_00096,F_MIX,17.925804988662133,790528,1544,0.2089795918367372,UNKNOWN_SOURCE,SPECTRAL_ONSET_CANDIDATE,11.609977324263038
F_MIX_00097,F_MIX,18.04190476190476,795648,1554,0.11609977324262744,UNKNOWN_SOURCE,SPECTRAL_ONSET_CANDIDATE,11.609977324263038
F_MIX_00098,F_MIX,18.297324263038547,806912,1576,0.25541950113378675,UNKNOWN_SOURCE,SPECTRAL_ONSET_CANDIDATE,11.609977324263038
F_MIX_00099,F_MIX,18.332154195011338,808448,1579,0.03482993197279072,UNKNOWN_SOURCE,SPECTRAL_ONSET_CANDIDATE,11.609977324263038
F_MIX_00100,F_MIX,18.401814058956916,811520,1585,0.06965986394557788,UNKNOWN_SOURCE,SPECTRAL_ONSET_CANDIDATE,11.609977324263038
F_MIX_00101,F_MIX,18.657233560090702,822784,1607,0.25541950113378675,UNKNOWN_SOURCE,SPECTRAL_ONSET_CANDIDATE,11.609977324263038
F_MIX_00102,F_MIX,18.784943310657596,828416,1618,0.12770975056689338,UNKNOWN_SOURCE,SPECTRAL_ONSET_CANDIDATE,11.609977324263038
F_MIX_00103,F_MIX,19.040362811791383,839680,1640,0.25541950113378675,UNKNOWN_SOURCE,SPECTRAL_ONSET_CANDIDATE,11.609977324263038
F_MIX_00104,F_MIX,19.156462585034014,844800,1650,0.11609977324263099,UNKNOWN_SOURCE,SPECTRAL_ONSET_CANDIDATE,11.609977324263038
F_MIX_00105,F_MIX,19.504761904761907,860160,1680,0.34829931972789296,UNKNOWN_SOURCE,SPECTRAL_ONSET_CANDIDATE,11.609977324263038
F_MIX_00106,F_MIX,19.748571428571427,870912,1701,0.2438095238095208,UNKNOWN_SOURCE,SPECTRAL_ONSET_CANDIDATE,11.609977324263038
F_MIX_00107,F_MIX,19.783401360544218,872448,1704,0.03482993197279072,UNKNOWN_SOURCE,SPECTRAL_ONSET_CANDIDATE,11.609977324263038
F_MIX_00108,F_MIX,19.86467120181406,876032,1711,0.08126984126984027,UNKNOWN_SOURCE,SPECTRAL_ONSET_CANDIDATE,11.609977324263038
F_MIX_00109,F_MIX,20.131700680272107,887808,1734,0.26702947845804914,UNKNOWN_SOURCE,SPECTRAL_ONSET_CANDIDATE,11.609977324263038
F_MIX_00110,F_MIX,20.21297052154195,891392,1741,0.08126984126984382,UNKNOWN_SOURCE,SPECTRAL_ONSET_CANDIDATE,11.609977324263038
F_MIX_00111,F_MIX,20.468390022675738,902656,1763,0.25541950113378675,UNKNOWN_SOURCE,SPECTRAL_ONSET_CANDIDATE,11.609977324263038
F_MIX_00112,F_MIX,20.58448979591837,907776,1773,0.11609977324263099,UNKNOWN_SOURCE,SPECTRAL_ONSET_CANDIDATE,11.609977324263038
F_MIX_00113,F_MIX,20.839909297052156,919040,1795,0.25541950113378675,UNKNOWN_SOURCE,SPECTRAL_ONSET_CANDIDATE,11.609977324263038
F_MIX_00114,F_MIX,20.956009070294783,924160,1805,0.11609977324262744,UNKNOWN_SOURCE,SPECTRAL_ONSET_CANDIDATE,11.609977324263038
F_MIX_00115,F_MIX,21.223038548752836,935936,1828,0.2670294784580527,UNKNOWN_SOURCE,SPECTRAL_ONSET_CANDIDATE,11.609977324263038
F_MIX_00116,F_MIX,21.304308390022676,939520,1835,0.08126984126984027,UNKNOWN_SOURCE,SPECTRAL_ONSET_CANDIDATE,11.609977324263038
F_MIX_00117,F_MIX,21.559727891156463,950784,1857,0.25541950113378675,UNKNOWN_SOURCE,SPECTRAL_ONSET_CANDIDATE,11.609977324263038
F_MIX_00118,F_MIX,21.93124716553288,967168,1889,0.37151927437641774,UNKNOWN_SOURCE,SPECTRAL_ONSET_CANDIDATE,11.609977324263038
F_MIX_00119,F_MIX,22.035736961451246,971776,1898,0.10448979591836505,UNKNOWN_SOURCE,SPECTRAL_ONSET_CANDIDATE,11.609977324263038
F_MIX_00120,F_MIX,22.27954648526077,982528,1919,0.24380952380952436,UNKNOWN_SOURCE,SPECTRAL_ONSET_CANDIDATE,11.609977324263038
F_MIX_00121,F_MIX,22.407256235827663,988160,1930,0.12770975056689338,UNKNOWN_SOURCE,SPECTRAL_ONSET_CANDIDATE,11.609977324263038
F_MIX_00122,F_MIX,22.651065759637188,998912,1951,0.24380952380952436,UNKNOWN_SOURCE,SPECTRAL_ONSET_CANDIDATE,11.609977324263038
F_MIX_00123,F_MIX,22.790385487528344,1005056,1963,0.13931972789115576,UNKNOWN_SOURCE,SPECTRAL_ONSET_CANDIDATE,11.609977324263038
F_MIX_00124,F_MIX,23.034195011337868,1015808,1984,0.24380952380952436,UNKNOWN_SOURCE,SPECTRAL_ONSET_CANDIDATE,11.609977324263038
F_MIX_00125,F_MIX,23.11546485260771,1019392,1991,0.08126984126984027,UNKNOWN_SOURCE,SPECTRAL_ONSET_CANDIDATE,11.609977324263038
F_MIX_00126,F_MIX,23.394104308390023,1031680,2015,0.2786394557823151,UNKNOWN_SOURCE,SPECTRAL_ONSET_CANDIDATE,11.609977324263038
F_MIX_00127,F_MIX,23.695963718820863,1044992,2041,0.30185941043083986,UNKNOWN_SOURCE,SPECTRAL_ONSET_CANDIDATE,11.609977324263038
F_MIX_00128,F_MIX,23.754013605442175,1047552,2046,0.05804988662131194,UNKNOWN_SOURCE,SPECTRAL_ONSET_CANDIDATE,11.609977324263038
F_MIX_00129,F_MIX,23.84689342403628,1051648,2054,0.09287981859410621,UNKNOWN_SOURCE,SPECTRAL_ONSET_CANDIDATE,11.609977324263038
F_MIX_00130,F_MIX,24.18358276643991,1066496,2083,0.336689342403627,UNKNOWN_SOURCE,SPECTRAL_ONSET_CANDIDATE,11.609977324263038
F_MIX_00131,F_MIX,24.253242630385486,1069568,2089,0.06965986394557788,UNKNOWN_SOURCE,SPECTRAL_ONSET_CANDIDATE,11.609977324263038
F_MIX_00132,F_MIX,24.555102040816326,1082880,2115,0.30185941043083986,UNKNOWN_SOURCE,SPECTRAL_ONSET_CANDIDATE,11.609977324263038
F_MIX_00133,F_MIX,24.589931972789117,1084416,2118,0.03482993197279072,UNKNOWN_SOURCE,SPECTRAL_ONSET_CANDIDATE,11.609977324263038
F_MIX_00134,F_MIX,24.856961451247166,1096192,2141,0.26702947845804914,UNKNOWN_SOURCE,SPECTRAL_ONSET_CANDIDATE,11.609977324263038
F_MIX_00135,F_MIX,24.94984126984127,1100288,2149,0.09287981859410266,UNKNOWN_SOURCE,SPECTRAL_ONSET_CANDIDATE,11.609977324263038
F_MIX_00136,F_MIX,25.205260770975055,1111552,2171,0.25541950113378675,UNKNOWN_SOURCE,SPECTRAL_ONSET_CANDIDATE,11.609977324263038
F_MIX_00137,F_MIX,25.240090702947846,1113088,2174,0.03482993197279072,UNKNOWN_SOURCE,SPECTRAL_ONSET_CANDIDATE,11.609977324263038
F_MIX_00138,F_MIX,25.33297052154195,1117184,2182,0.09287981859410266,UNKNOWN_SOURCE,SPECTRAL_ONSET_CANDIDATE,11.609977324263038
F_MIX_00139,F_MIX,25.576780045351473,1127936,2203,0.24380952380952436,UNKNOWN_SOURCE,SPECTRAL_ONSET_CANDIDATE,11.609977324263038
F_MIX_00140,F_MIX,25.66965986394558,1132032,2211,0.09287981859410621,UNKNOWN_SOURCE,SPECTRAL_ONSET_CANDIDATE,11.609977324263038
F_MIX_00141,F_MIX,25.971519274376416,1145344,2237,0.3018594104308363,UNKNOWN_SOURCE,SPECTRAL_ONSET_CANDIDATE,11.609977324263038
F_MIX_00142,F_MIX,26.041179138321997,1148416,2243,0.06965986394558144,UNKNOWN_SOURCE,SPECTRAL_ONSET_CANDIDATE,11.609977324263038
F_MIX_00143,F_MIX,26.21532879818594,1156096,2258,0.17414965986394293,UNKNOWN_SOURCE,SPECTRAL_ONSET_CANDIDATE,11.609977324263038
F_MIX_00144,F_MIX,26.308208616780046,1160192,2266,0.09287981859410621,UNKNOWN_SOURCE,SPECTRAL_ONSET_CANDIDATE,11.609977324263038
F_MIX_00145,F_MIX,26.40108843537415,1164288,2274,0.09287981859410266,UNKNOWN_SOURCE,SPECTRAL_ONSET_CANDIDATE,11.609977324263038
F_MIX_00146,F_MIX,26.43591836734694,1165824,2277,0.03482993197279072,UNKNOWN_SOURCE,SPECTRAL_ONSET_CANDIDATE,11.609977324263038
F_MIX_00147,F_MIX,26.528798185941042,1169920,2285,0.09287981859410266,UNKNOWN_SOURCE,SPECTRAL_ONSET_CANDIDATE,11.609977324263038
F_MIX_00148,F_MIX,26.70294784580499,1177600,2300,0.17414965986394648,UNKNOWN_SOURCE,SPECTRAL_ONSET_CANDIDATE,11.609977324263038
F_MIX_00149,F_MIX,26.772607709750567,1180672,2306,0.06965986394557788,UNKNOWN_SOURCE,SPECTRAL_ONSET_CANDIDATE,11.609977324263038
F_MIX_00150,F_MIX,27.144126984126984,1197056,2338,0.37151927437641774,UNKNOWN_SOURCE,SPECTRAL_ONSET_CANDIDATE,11.609977324263038
F_MIX_00151,F_MIX,27.50403628117914,1212928,2369,0.35990929705215535,UNKNOWN_SOURCE,SPECTRAL_ONSET_CANDIDATE,11.609977324263038
F_MIX_00152,F_MIX,27.805895691609976,1226240,2395,0.3018594104308363,UNKNOWN_SOURCE,SPECTRAL_ONSET_CANDIDATE,11.609977324263038
F_MIX_00153,F_MIX,28.142585034013607,1241088,2424,0.3366893424036306,UNKNOWN_SOURCE,SPECTRAL_ONSET_CANDIDATE,11.609977324263038
F_MIX_00154,F_MIX,28.23546485260771,1245184,2432,0.09287981859410266,UNKNOWN_SOURCE,SPECTRAL_ONSET_CANDIDATE,11.609977324263038
F_MIX_00155,F_MIX,28.525714285714287,1257984,2457,0.29024943310657747,UNKNOWN_SOURCE,SPECTRAL_ONSET_CANDIDATE,11.609977324263038
F_MIX_00156,F_MIX,28.606984126984127,1261568,2464,0.08126984126984027,UNKNOWN_SOURCE,SPECTRAL_ONSET_CANDIDATE,11.609977324263038
F_MIX_00157,F_MIX,28.943673469387754,1276416,2493,0.336689342403627,UNKNOWN_SOURCE,SPECTRAL_ONSET_CANDIDATE,11.609977324263038
F_MIX_00158,F_MIX,29.31519274376417,1292800,2525,0.37151927437641774,UNKNOWN_SOURCE,SPECTRAL_ONSET_CANDIDATE,11.609977324263038
F_MIX_00159,F_MIX,29.61705215419501,1306112,2551,0.30185941043083986,UNKNOWN_SOURCE,SPECTRAL_ONSET_CANDIDATE,11.609977324263038
F_MIX_00160,F_MIX,29.68671201814059,1309184,2557,0.06965986394557788,UNKNOWN_SOURCE,SPECTRAL_ONSET_CANDIDATE,11.609977324263038
F_MIX_00161,F_MIX,29.95374149659864,1320960,2580,0.26702947845804914,UNKNOWN_SOURCE,SPECTRAL_ONSET_CANDIDATE,11.609977324263038
F_MIX_00162,F_MIX,30.06984126984127,1326080,2590,0.11609977324263099,UNKNOWN_SOURCE,SPECTRAL_ONSET_CANDIDATE,11.609977324263038
F_MIX_00163,F_MIX,30.37170068027211,1339392,2616,0.30185941043083986,UNKNOWN_SOURCE,SPECTRAL_ONSET_CANDIDATE,11.609977324263038
F_MIX_00164,F_MIX,30.67356009070295,1352704,2642,0.30185941043083986,UNKNOWN_SOURCE,SPECTRAL_ONSET_CANDIDATE,11.609977324263038
F_MIX_00165,F_MIX,30.778049886621314,1357312,2651,0.10448979591836505,UNKNOWN_SOURCE,SPECTRAL_ONSET_CANDIDATE,11.609977324263038
F_MIX_00166,F_MIX,31.05668934240363,1369600,2675,0.2786394557823151,UNKNOWN_SOURCE,SPECTRAL_ONSET_CANDIDATE,11.609977324263038
F_MIX_00167,F_MIX,31.13795918367347,1373184,2682,0.08126984126984027,UNKNOWN_SOURCE,SPECTRAL_ONSET_CANDIDATE,11.609977324263038
F_MIX_00168,F_MIX,31.41659863945578,1385472,2706,0.27863945578231153,UNKNOWN_SOURCE,SPECTRAL_ONSET_CANDIDATE,11.609977324263038
F_MIX_00169,F_MIX,31.509478458049887,1389568,2714,0.09287981859410621,UNKNOWN_SOURCE,SPECTRAL_ONSET_CANDIDATE,11.609977324263038
F_MIX_00170,F_MIX,31.86938775510204,1405440,2745,0.3599092970521518,UNKNOWN_SOURCE,SPECTRAL_ONSET_CANDIDATE,11.609977324263038
F_MIX_00171,F_MIX,32.13641723356009,1417216,2768,0.26702947845804914,UNKNOWN_SOURCE,SPECTRAL_ONSET_CANDIDATE,11.609977324263038
F_MIX_00172,F_MIX,32.38022675736961,1427968,2789,0.24380952380952436,UNKNOWN_SOURCE,SPECTRAL_ONSET_CANDIDATE,11.609977324263038
F_MIX_00173,F_MIX,32.496326530612244,1433088,2799,0.11609977324263099,UNKNOWN_SOURCE,SPECTRAL_ONSET_CANDIDATE,11.609977324263038
F_MIX_00174,F_MIX,32.60081632653061,1437696,2808,0.1044897959183686,UNKNOWN_SOURCE,SPECTRAL_ONSET_CANDIDATE,11.609977324263038
F_MIX_00175,F_MIX,32.833015873015874,1447936,2828,0.23219954648526198,UNKNOWN_SOURCE,SPECTRAL_ONSET_CANDIDATE,11.609977324263038
F_MIX_00176,F_MIX,32.879455782312924,1449984,2832,0.04643990929704955,UNKNOWN_SOURCE,SPECTRAL_ONSET_CANDIDATE,11.609977324263038
F_MIX_00177,F_MIX,32.97233560090703,1454080,2840,0.09287981859410621,UNKNOWN_SOURCE,SPECTRAL_ONSET_CANDIDATE,11.609977324263038
F_MIX_00178,F_MIX,33.20453514739229,1464320,2860,0.23219954648526198,UNKNOWN_SOURCE,SPECTRAL_ONSET_CANDIDATE,11.609977324263038
F_MIX_00179,F_MIX,33.32063492063492,1469440,2870,0.11609977324263099,UNKNOWN_SOURCE,SPECTRAL_ONSET_CANDIDATE,11.609977324263038
F_MIX_00180,F_MIX,33.57605442176871,1480704,2892,0.25541950113378675,UNKNOWN_SOURCE,SPECTRAL_ONSET_CANDIDATE,11.609977324263038
F_MIX_00181,F_MIX,33.68054421768707,1485312,2901,0.1044897959183615,UNKNOWN_SOURCE,SPECTRAL_ONSET_CANDIDATE,11.609977324263038
F_MIX_00182,F_MIX,33.94757369614513,1497088,2924,0.26702947845805625,UNKNOWN_SOURCE,SPECTRAL_ONSET_CANDIDATE,11.609977324263038
F_MIX_00183,F_MIX,34.06367346938776,1502208,2934,0.11609977324263099,UNKNOWN_SOURCE,SPECTRAL_ONSET_CANDIDATE,11.609977324263038
F_MIX_00184,F_MIX,34.28426303854875,1511936,2953,0.22058956916099248,UNKNOWN_SOURCE,SPECTRAL_ONSET_CANDIDATE,11.609977324263038
F_MIX_00185,F_MIX,34.319092970521545,1513472,2956,0.03482993197279427,UNKNOWN_SOURCE,SPECTRAL_ONSET_CANDIDATE,11.609977324263038
F_MIX_00186,F_MIX,34.40036281179138,1517056,2963,0.08126984126983672,UNKNOWN_SOURCE,SPECTRAL_ONSET_CANDIDATE,11.609977324263038
F_MIX_00187,F_MIX,34.65578231292517,1528320,2985,0.25541950113378675,UNKNOWN_SOURCE,SPECTRAL_ONSET_CANDIDATE,11.609977324263038
F_MIX_00188,F_MIX,34.76027210884354,1532928,2994,0.1044897959183686,UNKNOWN_SOURCE,SPECTRAL_ONSET_CANDIDATE,11.609977324263038
F_MIX_00189,F_MIX,35.02730158730159,1544704,3017,0.26702947845804914,UNKNOWN_SOURCE,SPECTRAL_ONSET_CANDIDATE,11.609977324263038
F_MIX_00190,F_MIX,35.15501133786848,1550336,3028,0.12770975056689338,UNKNOWN_SOURCE,SPECTRAL_ONSET_CANDIDATE,11.609977324263038
F_MIX_00191,F_MIX,35.49170068027211,1565184,3057,0.3366893424036306,UNKNOWN_SOURCE,SPECTRAL_ONSET_CANDIDATE,11.609977324263038
F_MIX_00192,F_MIX,35.75873015873016,1576960,3080,0.26702947845804914,UNKNOWN_SOURCE,SPECTRAL_ONSET_CANDIDATE,11.609977324263038
F_MIX_00193,F_MIX,35.86321995464853,1581568,3089,0.1044897959183686,UNKNOWN_SOURCE,SPECTRAL_ONSET_CANDIDATE,11.609977324263038
F_MIX_00194,F_MIX,36.13024943310658,1593344,3112,0.26702947845804914,UNKNOWN_SOURCE,SPECTRAL_ONSET_CANDIDATE,11.609977324263038
F_MIX_00195,F_MIX,36.22312925170068,1597440,3120,0.09287981859410621,UNKNOWN_SOURCE,SPECTRAL_ONSET_CANDIDATE,11.609977324263038
F_MIX_00196,F_MIX,36.594648526077094,1613824,3152,0.37151927437641064,UNKNOWN_SOURCE,SPECTRAL_ONSET_CANDIDATE,11.609977324263038
F_MIX_00197,F_MIX,36.768798185941044,1621504,3167,0.17414965986395003,UNKNOWN_SOURCE,SPECTRAL_ONSET_CANDIDATE,11.609977324263038
F_MIX_00198,F_MIX,36.95455782312925,1629696,3183,0.18575963718820532,UNKNOWN_SOURCE,SPECTRAL_ONSET_CANDIDATE,11.609977324263038
F_MIX_00199,F_MIX,37.314467120181405,1645568,3214,0.35990929705215535,UNKNOWN_SOURCE,SPECTRAL_ONSET_CANDIDATE,11.609977324263038
F_MIX_00200,F_MIX,37.697596371882085,1662464,3247,0.38312925170068013,UNKNOWN_SOURCE,SPECTRAL_ONSET_CANDIDATE,11.609977324263038
F_MIX_00201,F_MIX,37.82530612244898,1668096,3258,0.12770975056689338,UNKNOWN_SOURCE,SPECTRAL_ONSET_CANDIDATE,11.609977324263038
F_MIX_00202,F_MIX,37.95301587301587,1673728,3269,0.12770975056689338,UNKNOWN_SOURCE,SPECTRAL_ONSET_CANDIDATE,11.609977324263038
F_MIX_00203,F_MIX,37.98784580498866,1675264,3272,0.034829931972787165,UNKNOWN_SOURCE,SPECTRAL_ONSET_CANDIDATE,11.609977324263038
F_MIX_00204,F_MIX,38.0691156462585,1678848,3279,0.08126984126984382,UNKNOWN_SOURCE,SPECTRAL_ONSET_CANDIDATE,11.609977324263038
F_MIX_00205,F_MIX,38.254875283446715,1687040,3295,0.18575963718821242,UNKNOWN_SOURCE,SPECTRAL_ONSET_CANDIDATE,11.609977324263038
F_MIX_00206,F_MIX,38.32453514739229,1690112,3301,0.06965986394557433,UNKNOWN_SOURCE,SPECTRAL_ONSET_CANDIDATE,11.609977324263038
F_MIX_00207,F_MIX,38.44063492063492,1695232,3311,0.11609977324263099,UNKNOWN_SOURCE,SPECTRAL_ONSET_CANDIDATE,11.609977324263038
F_MIX_00208,F_MIX,38.69605442176871,1706496,3333,0.25541950113378675,UNKNOWN_SOURCE,SPECTRAL_ONSET_CANDIDATE,11.609977324263038
F_MIX_00209,F_MIX,38.81215419501134,1711616,3343,0.11609977324263099,UNKNOWN_SOURCE,SPECTRAL_ONSET_CANDIDATE,11.609977324263038
F_MIX_00210,F_MIX,39.172063492063494,1727488,3374,0.35990929705215535,UNKNOWN_SOURCE,SPECTRAL_ONSET_CANDIDATE,11.609977324263038
F_MIX_00211,F_MIX,39.46231292517007,1740288,3399,0.2902494331065739,UNKNOWN_SOURCE,SPECTRAL_ONSET_CANDIDATE,11.609977324263038
F_MIX_00212,F_MIX,39.555192743764174,1744384,3407,0.09287981859410621,UNKNOWN_SOURCE,SPECTRAL_ONSET_CANDIDATE,11.609977324263038
F_MIX_00213,F_MIX,39.74095238095238,1752576,3423,0.18575963718820532,UNKNOWN_SOURCE,SPECTRAL_ONSET_CANDIDATE,11.609977324263038
F_MIX_00214,F_MIX,39.92671201814059,1760768,3439,0.18575963718821242,UNKNOWN_SOURCE,SPECTRAL_ONSET_CANDIDATE,11.609977324263038
F_MIX_00215,F_MIX,40.2053514739229,1773056,3463,0.27863945578231153,UNKNOWN_SOURCE,SPECTRAL_ONSET_CANDIDATE,11.609977324263038
F_MIX_00216,F_MIX,40.29823129251701,1777152,3471,0.09287981859410621,UNKNOWN_SOURCE,SPECTRAL_ONSET_CANDIDATE,11.609977324263038
F_MIX_00217,F_MIX,40.56526077097506,1788928,3494,0.26702947845804914,UNKNOWN_SOURCE,SPECTRAL_ONSET_CANDIDATE,11.609977324263038
F_MIX_00218,F_MIX,40.66975056689343,1793536,3503,0.1044897959183686,UNKNOWN_SOURCE,SPECTRAL_ONSET_CANDIDATE,11.609977324263038
F_MIX_00219,F_MIX,40.90195011337868,1803776,3523,0.23219954648525487,UNKNOWN_SOURCE,SPECTRAL_ONSET_CANDIDATE,11.609977324263038
F_MIX_00220,F_MIX,41.029659863945575,1809408,3534,0.12770975056689338,UNKNOWN_SOURCE,SPECTRAL_ONSET_CANDIDATE,11.609977324263038
F_MIX_00221,F_MIX,41.28507936507936,1820672,3556,0.25541950113378675,UNKNOWN_SOURCE,SPECTRAL_ONSET_CANDIDATE,11.609977324263038
F_MIX_00222,F_MIX,41.40117913832199,1825792,3566,0.11609977324263099,UNKNOWN_SOURCE,SPECTRAL_ONSET_CANDIDATE,11.609977324263038
F_MIX_00223,F_MIX,41.64498866213152,1836544,3587,0.24380952380952436,UNKNOWN_SOURCE,SPECTRAL_ONSET_CANDIDATE,11.609977324263038
F_MIX_00224,F_MIX,41.749478458049886,1841152,3596,0.1044897959183686,UNKNOWN_SOURCE,SPECTRAL_ONSET_CANDIDATE,11.609977324263038
F_MIX_00225,F_MIX,42.10938775510204,1857024,3627,0.35990929705215535,UNKNOWN_SOURCE,SPECTRAL_ONSET_CANDIDATE,11.609977324263038
F_MIX_00226,F_MIX,42.38802721088435,1869312,3651,0.27863945578231153,UNKNOWN_SOURCE,SPECTRAL_ONSET_CANDIDATE,11.609977324263038
F_MIX_00227,F_MIX,42.52734693877551,1875456,3663,0.13931972789115576,UNKNOWN_SOURCE,SPECTRAL_ONSET_CANDIDATE,11.609977324263038
F_MIX_00228,F_MIX,42.71310657596372,1883648,3679,0.18575963718821242,UNKNOWN_SOURCE,SPECTRAL_ONSET_CANDIDATE,11.609977324263038
F_MIX_00229,F_MIX,42.75954648526077,1885696,3683,0.04643990929704955,UNKNOWN_SOURCE,SPECTRAL_ONSET_CANDIDATE,11.609977324263038
F_MIX_00230,F_MIX,42.86403628117914,1890304,3692,0.1044897959183686,UNKNOWN_SOURCE,SPECTRAL_ONSET_CANDIDATE,11.609977324263038
F_MIX_00231,F_MIX,43.23555555555556,1906688,3724,0.37151927437641774,UNKNOWN_SOURCE,SPECTRAL_ONSET_CANDIDATE,11.609977324263038
F_MIX_00232,F_MIX,43.47936507936508,1917440,3745,0.24380952380952436,UNKNOWN_SOURCE,SPECTRAL_ONSET_CANDIDATE,11.609977324263038
F_MIX_00233,F_MIX,43.86249433106576,1934336,3778,0.38312925170068013,UNKNOWN_SOURCE,SPECTRAL_ONSET_CANDIDATE,11.609977324263038
F_MIX_00234,F_MIX,44.00181405895692,1940480,3790,0.13931972789115576,UNKNOWN_SOURCE,SPECTRAL_ONSET_CANDIDATE,11.609977324263038
F_MIX_00235,F_MIX,44.18757369614512,1948672,3806,0.18575963718820532,UNKNOWN_SOURCE,SPECTRAL_ONSET_CANDIDATE,11.609977324263038
F_MIX_00236,F_MIX,44.22240362811792,1950208,3809,0.03482993197279427,UNKNOWN_SOURCE,SPECTRAL_ONSET_CANDIDATE,11.609977324263038
F_MIX_00237,F_MIX,44.36172335600907,1956352,3821,0.13931972789115576,UNKNOWN_SOURCE,SPECTRAL_ONSET_CANDIDATE,11.609977324263038
F_MIX_00238,F_MIX,44.68680272108843,1970688,3849,0.3250793650793611,UNKNOWN_SOURCE,SPECTRAL_ONSET_CANDIDATE,11.609977324263038
F_MIX_00239,F_MIX,44.72163265306123,1972224,3852,0.03482993197279427,UNKNOWN_SOURCE,SPECTRAL_ONSET_CANDIDATE,11.609977324263038
F_MIX_00240,F_MIX,45.10476190476191,1989120,3885,0.38312925170068013,UNKNOWN_SOURCE,SPECTRAL_ONSET_CANDIDATE,11.609977324263038
F_MIX_00241,F_MIX,45.77814058956916,2018816,3943,0.673378684807254,UNKNOWN_SOURCE,SPECTRAL_ONSET_CANDIDATE,11.609977324263038
F_MIX_00242,F_MIX,46.172879818594105,2036224,3977,0.3947392290249425,UNKNOWN_SOURCE,SPECTRAL_ONSET_CANDIDATE,11.609977324263038
F_MIX_00243,F_MIX,46.335419501133785,2043392,3991,0.16253968253968054,UNKNOWN_SOURCE,SPECTRAL_ONSET_CANDIDATE,11.609977324263038
F_MIX_00244,F_MIX,46.451519274376416,2048512,4001,0.11609977324263099,UNKNOWN_SOURCE,SPECTRAL_ONSET_CANDIDATE,11.609977324263038
F_MIX_00245,F_MIX,46.66049886621315,2057728,4019,0.2089795918367372,UNKNOWN_SOURCE,SPECTRAL_ONSET_CANDIDATE,11.609977324263038
F_MIX_00246,F_MIX,47.04362811791383,2074624,4052,0.38312925170068013,UNKNOWN_SOURCE,SPECTRAL_ONSET_CANDIDATE,11.609977324263038
F_MIX_00247,F_MIX,47.29904761904762,2085888,4074,0.25541950113378675,UNKNOWN_SOURCE,SPECTRAL_ONSET_CANDIDATE,11.609977324263038
F_MIX_00248,F_MIX,47.42675736961451,2091520,4085,0.12770975056689338,UNKNOWN_SOURCE,SPECTRAL_ONSET_CANDIDATE,11.609977324263038
F_MIX_00249,F_MIX,47.658956916099775,2101760,4105,0.23219954648526198,UNKNOWN_SOURCE,SPECTRAL_ONSET_CANDIDATE,11.609977324263038
F_MIX_00250,F_MIX,47.751836734693875,2105856,4113,0.0928798185940991,UNKNOWN_SOURCE,SPECTRAL_ONSET_CANDIDATE,11.609977324263038
F_MIX_00251,F_MIX,47.83310657596372,2109440,4120,0.08126984126984382,UNKNOWN_SOURCE,SPECTRAL_ONSET_CANDIDATE,11.609977324263038
F_MIX_00252,F_MIX,48.042086167800456,2118656,4138,0.2089795918367372,UNKNOWN_SOURCE,SPECTRAL_ONSET_CANDIDATE,11.609977324263038
F_MIX_00253,F_MIX,48.12335600907029,2122240,4145,0.08126984126983672,UNKNOWN_SOURCE,SPECTRAL_ONSET_CANDIDATE,11.609977324263038
F_MIX_00254,F_MIX,48.54131519274377,2140672,4181,0.4179591836734744,UNKNOWN_SOURCE,SPECTRAL_ONSET_CANDIDATE,11.609977324263038
F_MIX_00255,F_MIX,48.901224489795915,2156544,4212,0.35990929705214825,UNKNOWN_SOURCE,SPECTRAL_ONSET_CANDIDATE,11.609977324263038
F_MIX_00256,F_MIX,49.191473922902496,2169344,4237,0.290249433106581,UNKNOWN_SOURCE,SPECTRAL_ONSET_CANDIDATE,11.609977324263038
F_MIX_00257,F_MIX,49.284353741496595,2173440,4245,0.0928798185940991,UNKNOWN_SOURCE,SPECTRAL_ONSET_CANDIDATE,11.609977324263038
F_MIX_00258,F_MIX,49.31918367346939,2174976,4248,0.03482993197279427,UNKNOWN_SOURCE,SPECTRAL_ONSET_CANDIDATE,11.609977324263038
F_MIX_00259,F_MIX,49.65587301587301,2189824,4277,0.33668934240362347,UNKNOWN_SOURCE,SPECTRAL_ONSET_CANDIDATE,11.609977324263038
F_MIX_00260,F_MIX,50.01578231292517,2205696,4308,0.35990929705215535,UNKNOWN_SOURCE,SPECTRAL_ONSET_CANDIDATE,11.609977324263038
F_MIX_00261,F_MIX,50.39891156462585,2222592,4341,0.38312925170068013,UNKNOWN_SOURCE,SPECTRAL_ONSET_CANDIDATE,11.609977324263038
F_MIX_00262,F_MIX,50.758820861678004,2238464,4372,0.35990929705215535,UNKNOWN_SOURCE,SPECTRAL_ONSET_CANDIDATE,11.609977324263038
F_MIX_00263,F_MIX,51.037460317460315,2250752,4396,0.27863945578231153,UNKNOWN_SOURCE,SPECTRAL_ONSET_CANDIDATE,11.609977324263038
F_MIX_00264,F_MIX,51.13034013605442,2254848,4404,0.09287981859410621,UNKNOWN_SOURCE,SPECTRAL_ONSET_CANDIDATE,11.609977324263038
F_MIX_00265,F_MIX,51.44380952380953,2268672,4431,0.3134693877551058,UNKNOWN_SOURCE,SPECTRAL_ONSET_CANDIDATE,11.609977324263038
F_MIX_00266,F_MIX,51.757278911564626,2282496,4458,0.3134693877550987,UNKNOWN_SOURCE,SPECTRAL_ONSET_CANDIDATE,11.609977324263038
F_MIX_00267,F_MIX,51.81532879818594,2285056,4463,0.05804988662131194,UNKNOWN_SOURCE,SPECTRAL_ONSET_CANDIDATE,11.609977324263038
F_MIX_00268,F_MIX,52.024308390022675,2294272,4481,0.2089795918367372,UNKNOWN_SOURCE,SPECTRAL_ONSET_CANDIDATE,11.609977324263038
F_MIX_00269,F_MIX,52.186848072562356,2301440,4495,0.16253968253968054,UNKNOWN_SOURCE,SPECTRAL_ONSET_CANDIDATE,11.609977324263038
F_MIX_00270,F_MIX,52.244897959183675,2304000,4500,0.05804988662131905,UNKNOWN_SOURCE,SPECTRAL_ONSET_CANDIDATE,11.609977324263038
F_MIX_00271,F_MIX,52.523537414965986,2316288,4524,0.27863945578231153,UNKNOWN_SOURCE,SPECTRAL_ONSET_CANDIDATE,11.609977324263038
F_MIX_00272,F_MIX,52.61641723356009,2320384,4532,0.09287981859410621,UNKNOWN_SOURCE,SPECTRAL_ONSET_CANDIDATE,11.609977324263038
F_MIX_00273,F_MIX,52.895056689342404,2332672,4556,0.27863945578231153,UNKNOWN_SOURCE,SPECTRAL_ONSET_CANDIDATE,11.609977324263038
F_MIX_00274,F_MIX,52.97632653061225,2336256,4563,0.08126984126984382,UNKNOWN_SOURCE,SPECTRAL_ONSET_CANDIDATE,11.609977324263038
F_MIX_00275,F_MIX,53.324625850340134,2351616,4593,0.34829931972788586,UNKNOWN_SOURCE,SPECTRAL_ONSET_CANDIDATE,11.609977324263038
F_MIX_00276,F_MIX,53.614875283446715,2364416,4618,0.290249433106581,UNKNOWN_SOURCE,SPECTRAL_ONSET_CANDIDATE,11.609977324263038
F_MIX_00277,F_MIX,53.69614512471655,2368000,4625,0.08126984126983672,UNKNOWN_SOURCE,SPECTRAL_ONSET_CANDIDATE,11.609977324263038
F_MIX_00278,F_MIX,53.998004535147395,2381312,4651,0.3018594104308434,UNKNOWN_SOURCE,SPECTRAL_ONSET_CANDIDATE,11.609977324263038
F_MIX_00279,F_MIX,54.05605442176871,2383872,4656,0.05804988662131194,UNKNOWN_SOURCE,SPECTRAL_ONSET_CANDIDATE,11.609977324263038
F_MIX_00280,F_MIX,54.34630385487528,2396672,4681,0.2902494331065739,UNKNOWN_SOURCE,SPECTRAL_ONSET_CANDIDATE,11.609977324263038
F_MIX_00281,F_MIX,54.427573696145124,2400256,4688,0.08126984126984382,UNKNOWN_SOURCE,SPECTRAL_ONSET_CANDIDATE,11.609977324263038
F_MIX_00282,F_MIX,54.57850340136054,2406912,4701,0.15092970521541815,UNKNOWN_SOURCE,SPECTRAL_ONSET_CANDIDATE,11.609977324263038
F_MIX_00283,F_MIX,54.78748299319728,2416128,4719,0.2089795918367372,UNKNOWN_SOURCE,SPECTRAL_ONSET_CANDIDATE,11.609977324263038
F_MIX_00284,F_MIX,55.147392290249435,2432000,4750,0.35990929705215535,UNKNOWN_SOURCE,SPECTRAL_ONSET_CANDIDATE,11.609977324263038
F_MIX_00285,F_MIX,55.50730158730159,2447872,4781,0.35990929705215535,UNKNOWN_SOURCE,SPECTRAL_ONSET_CANDIDATE,11.609977324263038
F_MIX_00286,F_MIX,55.80916099773243,2461184,4807,0.3018594104308363,UNKNOWN_SOURCE,SPECTRAL_ONSET_CANDIDATE,11.609977324263038
F_MIX_00287,F_MIX,55.878820861678,2464256,4813,0.06965986394557433,UNKNOWN_SOURCE,SPECTRAL_ONSET_CANDIDATE,11.609977324263038
F_MIX_00288,F_MIX,56.16907029478458,2477056,4838,0.290249433106581,UNKNOWN_SOURCE,SPECTRAL_ONSET_CANDIDATE,11.609977324263038
F_MIX_00289,F_MIX,56.23873015873016,2480128,4844,0.06965986394557433,UNKNOWN_SOURCE,SPECTRAL_ONSET_CANDIDATE,11.609977324263038
F_MIX_00290,F_MIX,56.52897959183674,2492928,4869,0.290249433106581,UNKNOWN_SOURCE,SPECTRAL_ONSET_CANDIDATE,11.609977324263038
F_MIX_00291,F_MIX,56.610249433106574,2496512,4876,0.08126984126983672,UNKNOWN_SOURCE,SPECTRAL_ONSET_CANDIDATE,11.609977324263038
F_MIX_00292,F_MIX,56.95854875283447,2511872,4906,0.34829931972789296,UNKNOWN_SOURCE,SPECTRAL_ONSET_CANDIDATE,11.609977324263038
F_MIX_00293,F_MIX,57.225578231292516,2523648,4929,0.26702947845804914,UNKNOWN_SOURCE,SPECTRAL_ONSET_CANDIDATE,11.609977324263038
F_MIX_00294,F_MIX,57.376507936507934,2530304,4942,0.15092970521541815,UNKNOWN_SOURCE,SPECTRAL_ONSET_CANDIDATE,11.609977324263038
F_MIX_00295,F_MIX,57.68997732426304,2544128,4969,0.3134693877551058,UNKNOWN_SOURCE,SPECTRAL_ONSET_CANDIDATE,11.609977324263038
F_MIX_00296,F_MIX,57.96861678004535,2556416,4993,0.27863945578231153,UNKNOWN_SOURCE,SPECTRAL_ONSET_CANDIDATE,11.609977324263038
F_MIX_00297,F_MIX,58.10793650793651,2562560,5005,0.13931972789115576,UNKNOWN_SOURCE,SPECTRAL_ONSET_CANDIDATE,11.609977324263038
F_MIX_00298,F_MIX,58.38657596371882,2574848,5029,0.27863945578231153,UNKNOWN_SOURCE,SPECTRAL_ONSET_CANDIDATE,11.609977324263038
F_MIX_00299,F_MIX,58.42140589569161,2576384,5032,0.03482993197279427,UNKNOWN_SOURCE,SPECTRAL_ONSET_CANDIDATE,11.609977324263038
F_MIX_00300,F_MIX,58.700045351473925,2588672,5056,0.27863945578231153,UNKNOWN_SOURCE,SPECTRAL_ONSET_CANDIDATE,11.609977324263038
F_MIX_00301,F_MIX,58.792925170068024,2592768,5064,0.0928798185940991,UNKNOWN_SOURCE,SPECTRAL_ONSET_CANDIDATE,11.609977324263038
F_MIX_00302,F_MIX,59.05995464852608,2604544,5087,0.26702947845805625,UNKNOWN_SOURCE,SPECTRAL_ONSET_CANDIDATE,11.609977324263038
F_MIX_00303,F_MIX,59.15283446712018,2608640,5095,0.0928798185940991,UNKNOWN_SOURCE,SPECTRAL_ONSET_CANDIDATE,11.609977324263038
F_MIX_00304,F_MIX,59.43147392290249,2620928,5119,0.27863945578231153,UNKNOWN_SOURCE,SPECTRAL_ONSET_CANDIDATE,11.609977324263038
F_MIX_00305,F_MIX,59.5243537414966,2625024,5127,0.09287981859410621,UNKNOWN_SOURCE,SPECTRAL_ONSET_CANDIDATE,11.609977324263038
F_MIX_00306,F_MIX,59.88426303854875,2640896,5158,0.35990929705215535,UNKNOWN_SOURCE,SPECTRAL_ONSET_CANDIDATE,11.609977324263038
F_MIX_00307,F_MIX,60.03519274376417,2647552,5171,0.15092970521541815,UNKNOWN_SOURCE,SPECTRAL_ONSET_CANDIDATE,11.609977324263038
F_MIX_00308,F_MIX,60.1512925170068,2652672,5181,0.11609977324263099,UNKNOWN_SOURCE,SPECTRAL_ONSET_CANDIDATE,11.609977324263038
F_MIX_00309,F_MIX,60.24417233560091,2656768,5189,0.09287981859410621,UNKNOWN_SOURCE,SPECTRAL_ONSET_CANDIDATE,11.609977324263038
F_MIX_00310,F_MIX,60.3718820861678,2662400,5200,0.12770975056689338,UNKNOWN_SOURCE,SPECTRAL_ONSET_CANDIDATE,11.609977324263038
F_MIX_00311,F_MIX,60.48798185941043,2667520,5210,0.11609977324263099,UNKNOWN_SOURCE,SPECTRAL_ONSET_CANDIDATE,11.609977324263038
F_MIX_00312,F_MIX,60.615691609977326,2673152,5221,0.12770975056689338,UNKNOWN_SOURCE,SPECTRAL_ONSET_CANDIDATE,11.609977324263038
F_MIX_00313,F_MIX,60.87111111111111,2684416,5243,0.25541950113378675,UNKNOWN_SOURCE,SPECTRAL_ONSET_CANDIDATE,11.609977324263038
F_MIX_00314,F_MIX,61.03365079365079,2691584,5257,0.16253968253968054,UNKNOWN_SOURCE,SPECTRAL_ONSET_CANDIDATE,11.609977324263038
F_MIX_00315,F_MIX,61.24263038548753,2700800,5275,0.2089795918367372,UNKNOWN_SOURCE,SPECTRAL_ONSET_CANDIDATE,11.609977324263038
F_MIX_00316,F_MIX,61.35873015873016,2705920,5285,0.11609977324263099,UNKNOWN_SOURCE,SPECTRAL_ONSET_CANDIDATE,11.609977324263038
F_MIX_00317,F_MIX,61.61414965986395,2717184,5307,0.25541950113378675,UNKNOWN_SOURCE,SPECTRAL_ONSET_CANDIDATE,11.609977324263038
F_MIX_00318,F_MIX,61.73024943310658,2722304,5317,0.11609977324263099,UNKNOWN_SOURCE,SPECTRAL_ONSET_CANDIDATE,11.609977324263038
F_MIX_00319,F_MIX,62.0669387755102,2737152,5346,0.33668934240362347,UNKNOWN_SOURCE,SPECTRAL_ONSET_CANDIDATE,11.609977324263038
F_MIX_00320,F_MIX,62.368798185941046,2750464,5372,0.3018594104308434,UNKNOWN_SOURCE,SPECTRAL_ONSET_CANDIDATE,11.609977324263038
F_MIX_00321,F_MIX,62.43845804988662,2753536,5378,0.06965986394557433,UNKNOWN_SOURCE,SPECTRAL_ONSET_CANDIDATE,11.609977324263038
F_MIX_00322,F_MIX,62.49650793650794,2756096,5383,0.05804988662131905,UNKNOWN_SOURCE,SPECTRAL_ONSET_CANDIDATE,11.609977324263038
F_MIX_00323,F_MIX,62.798367346938775,2769408,5409,0.3018594104308363,UNKNOWN_SOURCE,SPECTRAL_ONSET_CANDIDATE,11.609977324263038
F_MIX_00324,F_MIX,63.181496598639455,2786304,5442,0.38312925170068013,UNKNOWN_SOURCE,SPECTRAL_ONSET_CANDIDATE,11.609977324263038
F_MIX_00325,F_MIX,63.46013605442177,2798592,5466,0.27863945578231153,UNKNOWN_SOURCE,SPECTRAL_ONSET_CANDIDATE,11.609977324263038
F_MIX_00326,F_MIX,63.54140589569161,2802176,5473,0.08126984126984382,UNKNOWN_SOURCE,SPECTRAL_ONSET_CANDIDATE,11.609977324263038
F_MIX_00327,F_MIX,63.80843537414966,2813952,5496,0.26702947845804914,UNKNOWN_SOURCE,SPECTRAL_ONSET_CANDIDATE,11.609977324263038
F_MIX_00328,F_MIX,64.24961451247165,2833408,5534,0.44117913832199207,UNKNOWN_SOURCE,SPECTRAL_ONSET_CANDIDATE,11.609977324263038
F_MIX_00329,F_MIX,64.51664399092971,2845184,5557,0.26702947845805625,UNKNOWN_SOURCE,SPECTRAL_ONSET_CANDIDATE,11.609977324263038
F_MIX_00330,F_MIX,64.62113378684808,2849792,5566,0.1044897959183686,UNKNOWN_SOURCE,SPECTRAL_ONSET_CANDIDATE,11.609977324263038
F_MIX_00331,F_MIX,64.88816326530612,2861568,5589,0.26702947845804204,UNKNOWN_SOURCE,SPECTRAL_ONSET_CANDIDATE,11.609977324263038
F_MIX_00332,F_MIX,64.98104308390023,2865664,5597,0.09287981859411332,UNKNOWN_SOURCE,SPECTRAL_ONSET_CANDIDATE,11.609977324263038
F_MIX_00333,F_MIX,65.23646258503402,2876928,5619,0.25541950113378675,UNKNOWN_SOURCE,SPECTRAL_ONSET_CANDIDATE,11.609977324263038
F_MIX_00334,F_MIX,65.34095238095239,2881536,5628,0.1044897959183686,UNKNOWN_SOURCE,SPECTRAL_ONSET_CANDIDATE,11.609977324263038
F_MIX_00335,F_MIX,65.70086167800453,2897408,5659,0.35990929705214114,UNKNOWN_SOURCE,SPECTRAL_ONSET_CANDIDATE,11.609977324263038
F_MIX_00336,F_MIX,65.99111111111111,2910208,5684,0.290249433106581,UNKNOWN_SOURCE,SPECTRAL_ONSET_CANDIDATE,11.609977324263038
F_MIX_00337,F_MIX,66.07238095238095,2913792,5691,0.08126984126984382,UNKNOWN_SOURCE,SPECTRAL_ONSET_CANDIDATE,11.609977324263038
F_MIX_00338,F_MIX,66.42068027210884,2929152,5721,0.34829931972788586,UNKNOWN_SOURCE,SPECTRAL_ONSET_CANDIDATE,11.609977324263038
F_MIX_00339,F_MIX,66.69931972789115,2941440,5745,0.27863945578231153,UNKNOWN_SOURCE,SPECTRAL_ONSET_CANDIDATE,11.609977324263038
F_MIX_00340,F_MIX,66.79219954648526,2945536,5753,0.09287981859411332,UNKNOWN_SOURCE,SPECTRAL_ONSET_CANDIDATE,11.609977324263038
F_MIX_00341,F_MIX,67.1288888888889,2960384,5782,0.3366893424036306,UNKNOWN_SOURCE,SPECTRAL_ONSET_CANDIDATE,11.609977324263038
F_MIX_00342,F_MIX,67.43074829931973,2973696,5808,0.3018594104308363,UNKNOWN_SOURCE,SPECTRAL_ONSET_CANDIDATE,11.609977324263038
F_MIX_00343,F_MIX,67.5004081632653,2976768,5814,0.06965986394557433,UNKNOWN_SOURCE,SPECTRAL_ONSET_CANDIDATE,11.609977324263038
F_MIX_00344,F_MIX,67.80226757369614,2990080,5840,0.3018594104308363,UNKNOWN_SOURCE,SPECTRAL_ONSET_CANDIDATE,11.609977324263038
F_MIX_00345,F_MIX,67.87192743764173,2993152,5846,0.06965986394558854,UNKNOWN_SOURCE,SPECTRAL_ONSET_CANDIDATE,11.609977324263038
F_MIX_00346,F_MIX,68.1621768707483,3005952,5871,0.2902494331065668,UNKNOWN_SOURCE,SPECTRAL_ONSET_CANDIDATE,11.609977324263038
F_MIX_00347,F_MIX,68.20861678004535,3008000,5875,0.04643990929704955,UNKNOWN_SOURCE,SPECTRAL_ONSET_CANDIDATE,11.609977324263038
F_MIX_00348,F_MIX,68.28988662131519,3011584,5882,0.08126984126984382,UNKNOWN_SOURCE,SPECTRAL_ONSET_CANDIDATE,11.609977324263038
F_MIX_00349,F_MIX,68.52208616780045,3021824,5902,0.23219954648526198,UNKNOWN_SOURCE,SPECTRAL_ONSET_CANDIDATE,11.609977324263038
F_MIX_00350,F_MIX,68.59174603174603,3024896,5908,0.06965986394557433,UNKNOWN_SOURCE,SPECTRAL_ONSET_CANDIDATE,11.609977324263038
F_MIX_00351,F_MIX,68.84716553287981,3036160,5930,0.25541950113378675,UNKNOWN_SOURCE,SPECTRAL_ONSET_CANDIDATE,11.609977324263038
F_MIX_00352,F_MIX,68.98648526077098,3042304,5942,0.13931972789116287,UNKNOWN_SOURCE,SPECTRAL_ONSET_CANDIDATE,11.609977324263038
F_MIX_00353,F_MIX,69.29995464852608,3056128,5969,0.3134693877551058,UNKNOWN_SOURCE,SPECTRAL_ONSET_CANDIDATE,11.609977324263038
F_MIX_00354,F_MIX,69.56698412698412,3067904,5992,0.26702947845804204,UNKNOWN_SOURCE,SPECTRAL_ONSET_CANDIDATE,11.609977324263038
F_MIX_00355,F_MIX,69.64825396825397,3071488,5999,0.08126984126984382,UNKNOWN_SOURCE,SPECTRAL_ONSET_CANDIDATE,11.609977324263038
F_MIX_00356,F_MIX,69.92689342403628,3083776,6023,0.27863945578231153,UNKNOWN_SOURCE,SPECTRAL_ONSET_CANDIDATE,11.609977324263038
F_MIX_00357,F_MIX,70.01977324263038,3087872,6031,0.0928798185940991,UNKNOWN_SOURCE,SPECTRAL_ONSET_CANDIDATE,11.609977324263038
F_MIX_00358,F_MIX,70.2984126984127,3100160,6055,0.27863945578232574,UNKNOWN_SOURCE,SPECTRAL_ONSET_CANDIDATE,11.609977324263038
F_MIX_00359,F_MIX,70.37968253968253,3103744,6062,0.08126984126982961,UNKNOWN_SOURCE,SPECTRAL_ONSET_CANDIDATE,11.609977324263038
F_MIX_00360,F_MIX,70.64671201814059,3115520,6085,0.26702947845805625,UNKNOWN_SOURCE,SPECTRAL_ONSET_CANDIDATE,11.609977324263038
F_MIX_00361,F_MIX,70.75120181405896,3120128,6094,0.1044897959183686,UNKNOWN_SOURCE,SPECTRAL_ONSET_CANDIDATE,11.609977324263038
F_MIX_00362,F_MIX,70.99501133786848,3130880,6115,0.24380952380951726,UNKNOWN_SOURCE,SPECTRAL_ONSET_CANDIDATE,11.609977324263038
F_MIX_00363,F_MIX,71.1459410430839,3137536,6128,0.15092970521541815,UNKNOWN_SOURCE,SPECTRAL_ONSET_CANDIDATE,11.609977324263038
F_MIX_00364,F_MIX,71.40136054421768,3148800,6150,0.25541950113378675,UNKNOWN_SOURCE,SPECTRAL_ONSET_CANDIDATE,11.609977324263038
F_MIX_00365,F_MIX,71.47102040816327,3151872,6156,0.06965986394558854,UNKNOWN_SOURCE,SPECTRAL_ONSET_CANDIDATE,11.609977324263038
F_MIX_00366,F_MIX,71.72643990929706,3163136,6178,0.25541950113378675,UNKNOWN_SOURCE,SPECTRAL_ONSET_CANDIDATE,11.609977324263038
F_MIX_00367,F_MIX,71.81931972789116,3167232,6186,0.0928798185940991,UNKNOWN_SOURCE,SPECTRAL_ONSET_CANDIDATE,11.609977324263038
F_MIX_00368,F_MIX,72.09795918367347,3179520,6210,0.27863945578231153,UNKNOWN_SOURCE,SPECTRAL_ONSET_CANDIDATE,11.609977324263038
F_MIX_00369,F_MIX,72.19083900226758,3183616,6218,0.09287981859411332,UNKNOWN_SOURCE,SPECTRAL_ONSET_CANDIDATE,11.609977324263038
F_MIX_00370,F_MIX,72.44625850340137,3194880,6240,0.25541950113378675,UNKNOWN_SOURCE,SPECTRAL_ONSET_CANDIDATE,11.609977324263038
F_MIX_00371,F_MIX,72.53913832199547,3198976,6248,0.0928798185940991,UNKNOWN_SOURCE,SPECTRAL_ONSET_CANDIDATE,11.609977324263038
F_MIX_00372,F_MIX,72.89904761904762,3214848,6279,0.35990929705215535,UNKNOWN_SOURCE,SPECTRAL_ONSET_CANDIDATE,11.609977324263038
F_MIX_00373,F_MIX,73.18929705215419,3227648,6304,0.2902494331065668,UNKNOWN_SOURCE,SPECTRAL_ONSET_CANDIDATE,11.609977324263038
F_MIX_00374,F_MIX,73.27056689342403,3231232,6311,0.08126984126984382,UNKNOWN_SOURCE,SPECTRAL_ONSET_CANDIDATE,11.609977324263038
F_MIX_00375,F_MIX,73.60725623582766,3246080,6340,0.3366893424036306,UNKNOWN_SOURCE,SPECTRAL_ONSET_CANDIDATE,11.609977324263038
F_MIX_00376,F_MIX,73.64208616780046,3247616,6343,0.03482993197279427,UNKNOWN_SOURCE,SPECTRAL_ONSET_CANDIDATE,11.609977324263038
F_MIX_00377,F_MIX,73.88589569160997,3258368,6364,0.24380952380951726,UNKNOWN_SOURCE,SPECTRAL_ONSET_CANDIDATE,11.609977324263038
F_MIX_00378,F_MIX,74.33868480725623,3278336,6403,0.45278911564625446,UNKNOWN_SOURCE,SPECTRAL_ONSET_CANDIDATE,11.609977324263038
F_MIX_00379,F_MIX,74.64054421768708,3291648,6429,0.3018594104308505,UNKNOWN_SOURCE,SPECTRAL_ONSET_CANDIDATE,11.609977324263038
F_MIX_00380,F_MIX,74.72181405895692,3295232,6436,0.08126984126984382,UNKNOWN_SOURCE,SPECTRAL_ONSET_CANDIDATE,11.609977324263038
F_MIX_00381,F_MIX,74.98884353741497,3307008,6459,0.26702947845804204,UNKNOWN_SOURCE,SPECTRAL_ONSET_CANDIDATE,11.609977324263038
F_MIX_00382,F_MIX,75.08172335600906,3311104,6467,0.0928798185940991,UNKNOWN_SOURCE,SPECTRAL_ONSET_CANDIDATE,11.609977324263038
F_MIX_00383,F_MIX,75.34875283446712,3322880,6490,0.26702947845805625,UNKNOWN_SOURCE,SPECTRAL_ONSET_CANDIDATE,11.609977324263038
F_MIX_00384,F_MIX,75.43002267573696,3326464,6497,0.08126984126984382,UNKNOWN_SOURCE,SPECTRAL_ONSET_CANDIDATE,11.609977324263038
F_MIX_00385,F_MIX,75.72027210884353,3339264,6522,0.2902494331065668,UNKNOWN_SOURCE,SPECTRAL_ONSET_CANDIDATE,11.609977324263038
F_MIX_00386,F_MIX,75.80154195011337,3342848,6529,0.08126984126984382,UNKNOWN_SOURCE,SPECTRAL_ONSET_CANDIDATE,11.609977324263038
F_MIX_00387,F_MIX,76.06857142857143,3354624,6552,0.26702947845805625,UNKNOWN_SOURCE,SPECTRAL_ONSET_CANDIDATE,11.609977324263038
F_MIX_00388,F_MIX,76.42848072562359,3370496,6583,0.35990929705215535,UNKNOWN_SOURCE,SPECTRAL_ONSET_CANDIDATE,11.609977324263038
F_MIX_00389,F_MIX,76.52136054421769,3374592,6591,0.0928798185940991,UNKNOWN_SOURCE,SPECTRAL_ONSET_CANDIDATE,11.609977324263038
F_MIX_00390,F_MIX,76.77678004535147,3385856,6613,0.25541950113378675,UNKNOWN_SOURCE,SPECTRAL_ONSET_CANDIDATE,11.609977324263038
F_MIX_00391,F_MIX,77.13668934240363,3401728,6644,0.35990929705215535,UNKNOWN_SOURCE,SPECTRAL_ONSET_CANDIDATE,11.609977324263038
F_MIX_00392,F_MIX,77.22956916099773,3405824,6652,0.0928798185940991,UNKNOWN_SOURCE,SPECTRAL_ONSET_CANDIDATE,11.609977324263038
F_MIX_00393,F_MIX,77.48498866213151,3417088,6674,0.25541950113378675,UNKNOWN_SOURCE,SPECTRAL_ONSET_CANDIDATE,11.609977324263038
F_MIX_00394,F_MIX,77.87972789115646,3434496,6708,0.3947392290249496,UNKNOWN_SOURCE,SPECTRAL_ONSET_CANDIDATE,11.609977324263038
F_MIX_00395,F_MIX,77.94938775510204,3437568,6714,0.06965986394557433,UNKNOWN_SOURCE,SPECTRAL_ONSET_CANDIDATE,11.609977324263038
F_MIX_00396,F_MIX,78.2164172335601,3449344,6737,0.26702947845805625,UNKNOWN_SOURCE,SPECTRAL_ONSET_CANDIDATE,11.609977324263038
F_MIX_00397,F_MIX,78.3092970521542,3453440,6745,0.0928798185940991,UNKNOWN_SOURCE,SPECTRAL_ONSET_CANDIDATE,11.609977324263038
F_MIX_00398,F_MIX,78.57632653061225,3465216,6768,0.26702947845805625,UNKNOWN_SOURCE,SPECTRAL_ONSET_CANDIDATE,11.609977324263038
F_MIX_00399,F_MIX,78.68081632653062,3469824,6777,0.1044897959183686,UNKNOWN_SOURCE,SPECTRAL_ONSET_CANDIDATE,11.609977324263038
F_MIX_00400,F_MIX,78.9362358276644,3481088,6799,0.25541950113378675,UNKNOWN_SOURCE,SPECTRAL_ONSET_CANDIDATE,11.609977324263038
F_MIX_00401,F_MIX,79.04072562358277,3485696,6808,0.1044897959183686,UNKNOWN_SOURCE,SPECTRAL_ONSET_CANDIDATE,11.609977324263038
F_MIX_00402,F_MIX,79.28453514739229,3496448,6829,0.24380952380951726,UNKNOWN_SOURCE,SPECTRAL_ONSET_CANDIDATE,11.609977324263038
F_MIX_00403,F_MIX,79.38902494331066,3501056,6838,0.1044897959183686,UNKNOWN_SOURCE,SPECTRAL_ONSET_CANDIDATE,11.609977324263038
F_MIX_00404,F_MIX,79.63283446712018,3511808,6859,0.24380952380951726,UNKNOWN_SOURCE,SPECTRAL_ONSET_CANDIDATE,11.609977324263038
F_MIX_00405,F_MIX,79.74893424036281,3516928,6869,0.1160997732426381,UNKNOWN_SOURCE,SPECTRAL_ONSET_CANDIDATE,11.609977324263038
F_MIX_00406,F_MIX,80.0043537414966,3528192,6891,0.25541950113378675,UNKNOWN_SOURCE,SPECTRAL_ONSET_CANDIDATE,11.609977324263038
F_MIX_00407,F_MIX,80.0972335600907,3532288,6899,0.0928798185940991,UNKNOWN_SOURCE,SPECTRAL_ONSET_CANDIDATE,11.609977324263038
F_MIX_00408,F_MIX,80.35265306122449,3543552,6921,0.25541950113378675,UNKNOWN_SOURCE,SPECTRAL_ONSET_CANDIDATE,11.609977324263038
F_MIX_00409,F_MIX,80.71256235827664,3559424,6952,0.35990929705215535,UNKNOWN_SOURCE,SPECTRAL_ONSET_CANDIDATE,11.609977324263038
F_MIX_00410,F_MIX,80.82866213151928,3564544,6962,0.1160997732426381,UNKNOWN_SOURCE,SPECTRAL_ONSET_CANDIDATE,11.609977324263038
F_MIX_00411,F_MIX,81.08408163265307,3575808,6984,0.25541950113378675,UNKNOWN_SOURCE,SPECTRAL_ONSET_CANDIDATE,11.609977324263038
F_MIX_00412,F_MIX,81.21179138321996,3581440,6995,0.12770975056689338,UNKNOWN_SOURCE,SPECTRAL_ONSET_CANDIDATE,11.609977324263038
F_MIX_00413,F_MIX,81.45560090702948,3592192,7016,0.24380952380951726,UNKNOWN_SOURCE,SPECTRAL_ONSET_CANDIDATE,11.609977324263038
F_MIX_00414,F_MIX,81.54848072562358,3596288,7024,0.0928798185940991,UNKNOWN_SOURCE,SPECTRAL_ONSET_CANDIDATE,11.609977324263038
F_MIX_00415,F_MIX,81.81551020408163,3608064,7047,0.26702947845805625,UNKNOWN_SOURCE,SPECTRAL_ONSET_CANDIDATE,11.609977324263038
F_MIX_00416,F_MIX,81.90839002267573,3612160,7055,0.0928798185940991,UNKNOWN_SOURCE,SPECTRAL_ONSET_CANDIDATE,11.609977324263038
F_MIX_00417,F_MIX,82.18702947845804,3624448,7079,0.27863945578231153,UNKNOWN_SOURCE,SPECTRAL_ONSET_CANDIDATE,11.609977324263038
F_MIX_00418,F_MIX,82.25668934240363,3627520,7085,0.06965986394558854,UNKNOWN_SOURCE,SPECTRAL_ONSET_CANDIDATE,11.609977324263038
F_MIX_00419,F_MIX,82.62820861678004,3643904,7117,0.37151927437641064,UNKNOWN_SOURCE,SPECTRAL_ONSET_CANDIDATE,11.609977324263038
F_MIX_00420,F_MIX,82.99972789115647,3660288,7149,0.37151927437642485,UNKNOWN_SOURCE,SPECTRAL_ONSET_CANDIDATE,11.609977324263038
F_MIX_00421,F_MIX,83.34802721088435,3675648,7179,0.34829931972788586,UNKNOWN_SOURCE,SPECTRAL_ONSET_CANDIDATE,11.609977324263038
F_MIX_00422,F_MIX,83.71954648526076,3692032,7211,0.37151927437641064,UNKNOWN_SOURCE,SPECTRAL_ONSET_CANDIDATE,11.609977324263038
F_MIX_00423,F_MIX,84.09106575963719,3708416,7243,0.37151927437642485,UNKNOWN_SOURCE,SPECTRAL_ONSET_CANDIDATE,11.609977324263038
F_MIX_00424,F_MIX,84.45097505668934,3724288,7274,0.35990929705215535,UNKNOWN_SOURCE,SPECTRAL_ONSET_CANDIDATE,11.609977324263038
F_MIX_00425,F_MIX,84.74122448979591,3737088,7299,0.2902494331065668,UNKNOWN_SOURCE,SPECTRAL_ONSET_CANDIDATE,11.609977324263038
F_MIX_00426,F_MIX,84.82249433106576,3740672,7306,0.08126984126984382,UNKNOWN_SOURCE,SPECTRAL_ONSET_CANDIDATE,11.609977324263038
F_MIX_00427,F_MIX,85.10113378684807,3752960,7330,0.27863945578231153,UNKNOWN_SOURCE,SPECTRAL_ONSET_CANDIDATE,11.609977324263038
F_MIX_00428,F_MIX,85.18240362811791,3756544,7337,0.08126984126984382,UNKNOWN_SOURCE,SPECTRAL_ONSET_CANDIDATE,11.609977324263038
F_MIX_00429,F_MIX,85.46104308390022,3768832,7361,0.27863945578231153,UNKNOWN_SOURCE,SPECTRAL_ONSET_CANDIDATE,11.609977324263038
F_MIX_00430,F_MIX,85.53070294784581,3771904,7367,0.06965986394558854,UNKNOWN_SOURCE,SPECTRAL_ONSET_CANDIDATE,11.609977324263038
F_MIX_00431,F_MIX,85.82095238095238,3784704,7392,0.2902494331065668,UNKNOWN_SOURCE,SPECTRAL_ONSET_CANDIDATE,11.609977324263038
F_MIX_00432,F_MIX,85.90222222222222,3788288,7399,0.08126984126984382,UNKNOWN_SOURCE,SPECTRAL_ONSET_CANDIDATE,11.609977324263038
F_MIX_00433,F_MIX,86.18086167800453,3800576,7423,0.27863945578231153,UNKNOWN_SOURCE,SPECTRAL_ONSET_CANDIDATE,11.609977324263038
F_MIX_00434,F_MIX,86.2505215419501,3803648,7429,0.06965986394557433,UNKNOWN_SOURCE,SPECTRAL_ONSET_CANDIDATE,11.609977324263038
F_MIX_00435,F_MIX,86.2853514739229,3805184,7432,0.03482993197279427,UNKNOWN_SOURCE,SPECTRAL_ONSET_CANDIDATE,11.609977324263038
F_MIX_00436,F_MIX,86.61043083900226,3819520,7460,0.3250793650793611,UNKNOWN_SOURCE,SPECTRAL_ONSET_CANDIDATE,11.609977324263038
F_MIX_00437,F_MIX,86.88907029478457,3831808,7484,0.27863945578231153,UNKNOWN_SOURCE,SPECTRAL_ONSET_CANDIDATE,11.609977324263038
F_MIX_00438,F_MIX,86.98195011337869,3835904,7492,0.09287981859411332,UNKNOWN_SOURCE,SPECTRAL_ONSET_CANDIDATE,11.609977324263038
F_MIX_00439,F_MIX,87.02839002267574,3837952,7496,0.04643990929704955,UNKNOWN_SOURCE,SPECTRAL_ONSET_CANDIDATE,11.609977324263038
F_MIX_00440,F_MIX,87.260589569161,3848192,7516,0.23219954648526198,UNKNOWN_SOURCE,SPECTRAL_ONSET_CANDIDATE,11.609977324263038
F_MIX_00441,F_MIX,87.34185941043084,3851776,7523,0.08126984126984382,UNKNOWN_SOURCE,SPECTRAL_ONSET_CANDIDATE,11.609977324263038
F_MIX_00442,F_MIX,87.59727891156463,3863040,7545,0.25541950113378675,UNKNOWN_SOURCE,SPECTRAL_ONSET_CANDIDATE,11.609977324263038
F_MIX_00443,F_MIX,88.03845804988661,3882496,7583,0.44117913832198496,UNKNOWN_SOURCE,SPECTRAL_ONSET_CANDIDATE,11.609977324263038
F_MIX_00444,F_MIX,88.3287074829932,3895296,7608,0.290249433106581,UNKNOWN_SOURCE,SPECTRAL_ONSET_CANDIDATE,11.609977324263038
F_MIX_00445,F_MIX,88.75827664399092,3914240,7645,0.4295691609977297,UNKNOWN_SOURCE,SPECTRAL_ONSET_CANDIDATE,11.609977324263038
F_MIX_00446,F_MIX,89.03691609977324,3926528,7669,0.27863945578231153,UNKNOWN_SOURCE,SPECTRAL_ONSET_CANDIDATE,11.609977324263038
F_MIX_00447,F_MIX,89.10657596371883,3929600,7675,0.06965986394558854,UNKNOWN_SOURCE,SPECTRAL_ONSET_CANDIDATE,11.609977324263038
F_MIX_00448,F_MIX,89.47809523809524,3945984,7707,0.37151927437641064,UNKNOWN_SOURCE,SPECTRAL_ONSET_CANDIDATE,11.609977324263038
F_MIX_00449,F_MIX,89.74512471655329,3957760,7730,0.26702947845805625,UNKNOWN_SOURCE,SPECTRAL_ONSET_CANDIDATE,11.609977324263038
F_MIX_00450,F_MIX,90.16308390022675,3976192,7766,0.4179591836734602,UNKNOWN_SOURCE,SPECTRAL_ONSET_CANDIDATE,11.609977324263038
F_MIX_00451,F_MIX,90.45333333333333,3988992,7791,0.290249433106581,UNKNOWN_SOURCE,SPECTRAL_ONSET_CANDIDATE,11.609977324263038
F_MIX_00452,F_MIX,90.5578231292517,3993600,7800,0.1044897959183686,UNKNOWN_SOURCE,SPECTRAL_ONSET_CANDIDATE,11.609977324263038
F_MIX_00453,F_MIX,90.5926530612245,3995136,7803,0.03482993197279427,UNKNOWN_SOURCE,SPECTRAL_ONSET_CANDIDATE,11.609977324263038
F_MIX_00454,F_MIX,90.84807256235828,4006400,7825,0.25541950113378675,UNKNOWN_SOURCE,SPECTRAL_ONSET_CANDIDATE,11.609977324263038
F_MIX_00455,F_MIX,90.90612244897959,4008960,7830,0.058049886621304836,UNKNOWN_SOURCE,SPECTRAL_ONSET_CANDIDATE,11.609977324263038
F_MIX_00456,F_MIX,91.1847619047619,4021248,7854,0.27863945578231153,UNKNOWN_SOURCE,SPECTRAL_ONSET_CANDIDATE,11.609977324263038
F_MIX_00457,F_MIX,91.26603174603174,4024832,7861,0.08126984126984382,UNKNOWN_SOURCE,SPECTRAL_ONSET_CANDIDATE,11.609977324263038
F_MIX_00458,F_MIX,91.54467120181405,4037120,7885,0.27863945578231153,UNKNOWN_SOURCE,SPECTRAL_ONSET_CANDIDATE,11.609977324263038
F_MIX_00459,F_MIX,91.6259410430839,4040704,7892,0.08126984126984382,UNKNOWN_SOURCE,SPECTRAL_ONSET_CANDIDATE,11.609977324263038
F_MIX_00460,F_MIX,91.89297052154195,4052480,7915,0.26702947845805625,UNKNOWN_SOURCE,SPECTRAL_ONSET_CANDIDATE,11.609977324263038
F_MIX_00461,F_MIX,91.99746031746032,4057088,7924,0.1044897959183686,UNKNOWN_SOURCE,SPECTRAL_ONSET_CANDIDATE,11.609977324263038
F_MIX_00462,F_MIX,92.25287981859411,4068352,7946,0.25541950113378675,UNKNOWN_SOURCE,SPECTRAL_ONSET_CANDIDATE,11.609977324263038
F_MIX_00463,F_MIX,92.28770975056689,4069888,7949,0.03482993197278006,UNKNOWN_SOURCE,SPECTRAL_ONSET_CANDIDATE,11.609977324263038
F_MIX_00464,F_MIX,92.34575963718821,4072448,7954,0.05804988662131905,UNKNOWN_SOURCE,SPECTRAL_ONSET_CANDIDATE,11.609977324263038
F_MIX_00465,F_MIX,92.63600907029479,4085248,7979,0.290249433106581,UNKNOWN_SOURCE,SPECTRAL_ONSET_CANDIDATE,11.609977324263038
F_MIX_00466,F_MIX,92.70566893424036,4088320,7985,0.06965986394557433,UNKNOWN_SOURCE,SPECTRAL_ONSET_CANDIDATE,11.609977324263038
F_MIX_00467,F_MIX,92.9726984126984,4100096,8008,0.26702947845804204,UNKNOWN_SOURCE,SPECTRAL_ONSET_CANDIDATE,11.609977324263038
F_MIX_00468,F_MIX,93.07718820861678,4104704,8017,0.1044897959183686,UNKNOWN_SOURCE,SPECTRAL_ONSET_CANDIDATE,11.609977324263038
F_MIX_00469,F_MIX,93.33260770975056,4115968,8039,0.25541950113378675,UNKNOWN_SOURCE,SPECTRAL_ONSET_CANDIDATE,11.609977324263038
F_MIX_00470,F_MIX,93.43709750566893,4120576,8048,0.1044897959183686,UNKNOWN_SOURCE,SPECTRAL_ONSET_CANDIDATE,11.609977324263038
F_MIX_00471,F_MIX,93.70412698412699,4132352,8071,0.26702947845805625,UNKNOWN_SOURCE,SPECTRAL_ONSET_CANDIDATE,11.609977324263038
F_MIX_00472,F_MIX,93.79700680272109,4136448,8079,0.0928798185940991,UNKNOWN_SOURCE,SPECTRAL_ONSET_CANDIDATE,11.609977324263038
F_MIX_00473,F_MIX,94.04081632653062,4147200,8100,0.24380952380953147,UNKNOWN_SOURCE,SPECTRAL_ONSET_CANDIDATE,11.609977324263038
F_MIX_00474,F_MIX,94.50521541950113,4167680,8140,0.46439909297050974,UNKNOWN_SOURCE,SPECTRAL_ONSET_CANDIDATE,11.609977324263038
F_MIX_00475,F_MIX,94.78385487528345,4179968,8164,0.27863945578232574,UNKNOWN_SOURCE,SPECTRAL_ONSET_CANDIDATE,11.609977324263038
F_MIX_00476,F_MIX,95.19020408163266,4197888,8199,0.4063492063492049,UNKNOWN_SOURCE,SPECTRAL_ONSET_CANDIDATE,11.609977324263038
F_MIX_00477,F_MIX,95.51528344671202,4212224,8227,0.3250793650793611,UNKNOWN_SOURCE,SPECTRAL_ONSET_CANDIDATE,11.609977324263038
F_MIX_00478,F_MIX,95.59655328798186,4215808,8234,0.08126984126984382,UNKNOWN_SOURCE,SPECTRAL_ONSET_CANDIDATE,11.609977324263038
F_MIX_00479,F_MIX,95.87519274376417,4228096,8258,0.27863945578231153,UNKNOWN_SOURCE,SPECTRAL_ONSET_CANDIDATE,11.609977324263038
F_MIX_00480,F_MIX,95.95646258503402,4231680,8265,0.08126984126984382,UNKNOWN_SOURCE,SPECTRAL_ONSET_CANDIDATE,11.609977324263038
F_MIX_00481,F_MIX,96.23510204081633,4243968,8289,0.27863945578231153,UNKNOWN_SOURCE,SPECTRAL_ONSET_CANDIDATE,11.609977324263038
F_MIX_00482,F_MIX,96.60662131519274,4260352,8321,0.37151927437641064,UNKNOWN_SOURCE,SPECTRAL_ONSET_CANDIDATE,11.609977324263038
F_MIX_00483,F_MIX,96.68789115646258,4263936,8328,0.08126984126984382,UNKNOWN_SOURCE,SPECTRAL_ONSET_CANDIDATE,11.609977324263038
F_MIX_00484,F_MIX,96.94331065759637,4275200,8350,0.25541950113378675,UNKNOWN_SOURCE,SPECTRAL_ONSET_CANDIDATE,11.609977324263038
F_MIX_00485,F_MIX,96.97814058956916,4276736,8353,0.03482993197279427,UNKNOWN_SOURCE,SPECTRAL_ONSET_CANDIDATE,11.609977324263038
F_MIX_00486,F_MIX,97.4077097505669,4295680,8390,0.4295691609977297,UNKNOWN_SOURCE,SPECTRAL_ONSET_CANDIDATE,11.609977324263038
F_MIX_00487,F_MIX,97.69795918367348,4308480,8415,0.290249433106581,UNKNOWN_SOURCE,SPECTRAL_ONSET_CANDIDATE,11.609977324263038
F_MIX_00488,F_MIX,98.06947845804989,4324864,8447,0.37151927437641064,UNKNOWN_SOURCE,SPECTRAL_ONSET_CANDIDATE,11.609977324263038
F_MIX_00489,F_MIX,98.15074829931973,4328448,8454,0.08126984126984382,UNKNOWN_SOURCE,SPECTRAL_ONSET_CANDIDATE,11.609977324263038
F_MIX_00490,F_MIX,98.40616780045352,4339712,8476,0.25541950113378675,UNKNOWN_SOURCE,SPECTRAL_ONSET_CANDIDATE,11.609977324263038
F_MIX_00491,F_MIX,98.7892970521542,4356608,8509,0.38312925170068013,UNKNOWN_SOURCE,SPECTRAL_ONSET_CANDIDATE,11.609977324263038
F_MIX_00492,F_MIX,98.87056689342404,4360192,8516,0.08126984126984382,UNKNOWN_SOURCE,SPECTRAL_ONSET_CANDIDATE,11.609977324263038
F_MIX_00493,F_MIX,99.12598639455783,4371456,8538,0.25541950113378675,UNKNOWN_SOURCE,SPECTRAL_ONSET_CANDIDATE,11.609977324263038
F_MIX_00494,F_MIX,99.47428571428571,4386816,8568,0.34829931972788586,UNKNOWN_SOURCE,SPECTRAL_ONSET_CANDIDATE,11.609977324263038
F_MIX_00495,F_MIX,99.57877551020408,4391424,8577,0.1044897959183686,UNKNOWN_SOURCE,SPECTRAL_ONSET_CANDIDATE,11.609977324263038
F_MIX_00496,F_MIX,99.84580498866214,4403200,8600,0.26702947845805625,UNKNOWN_SOURCE,SPECTRAL_ONSET_CANDIDATE,11.609977324263038
F_MIX_00497,F_MIX,99.93868480725624,4407296,8608,0.0928798185940991,UNKNOWN_SOURCE,SPECTRAL_ONSET_CANDIDATE,11.609977324263038
F_MIX_00498,F_MIX,100.11283446712018,4414976,8623,0.17414965986394293,UNKNOWN_SOURCE,SPECTRAL_ONSET_CANDIDATE,11.609977324263038
F_MIX_00499,F_MIX,100.22893424036282,4420096,8633,0.1160997732426381,UNKNOWN_SOURCE,SPECTRAL_ONSET_CANDIDATE,11.609977324263038
F_MIX_00500,F_MIX,100.29859410430839,4423168,8639,0.06965986394557433,UNKNOWN_SOURCE,SPECTRAL_ONSET_CANDIDATE,11.609977324263038
F_MIX_00501,F_MIX,100.6120634920635,4436992,8666,0.3134693877551058,UNKNOWN_SOURCE,SPECTRAL_ONSET_CANDIDATE,11.609977324263038
F_MIX_00502,F_MIX,100.68172335600907,4440064,8672,0.06965986394557433,UNKNOWN_SOURCE,SPECTRAL_ONSET_CANDIDATE,11.609977324263038
F_MIX_00503,F_MIX,100.97197278911564,4452864,8697,0.2902494331065668,UNKNOWN_SOURCE,SPECTRAL_ONSET_CANDIDATE,11.609977324263038
F_MIX_00504,F_MIX,101.05324263038548,4456448,8704,0.08126984126984382,UNKNOWN_SOURCE,SPECTRAL_ONSET_CANDIDATE,11.609977324263038
F_MIX_00505,F_MIX,101.3318820861678,4468736,8728,0.27863945578231153,UNKNOWN_SOURCE,SPECTRAL_ONSET_CANDIDATE,11.609977324263038
F_MIX_00506,F_MIX,101.65696145124717,4483072,8756,0.3250793650793753,UNKNOWN_SOURCE,SPECTRAL_ONSET_CANDIDATE,11.609977324263038
F_MIX_00507,F_MIX,101.78467120181406,4488704,8767,0.12770975056689338,UNKNOWN_SOURCE,SPECTRAL_ONSET_CANDIDATE,11.609977324263038
F_MIX_00508,F_MIX,102.0517006802721,4500480,8790,0.26702947845804204,UNKNOWN_SOURCE,SPECTRAL_ONSET_CANDIDATE,11.609977324263038
F_MIX_00509,F_MIX,102.4,4515840,8820,0.34829931972790007,UNKNOWN_SOURCE,SPECTRAL_ONSET_CANDIDATE,11.609977324263038
F_MIX_00510,F_MIX,102.50448979591837,4520448,8829,0.1044897959183686,UNKNOWN_SOURCE,SPECTRAL_ONSET_CANDIDATE,11.609977324263038
F_MIX_00511,F_MIX,102.78312925170069,4532736,8853,0.27863945578231153,UNKNOWN_SOURCE,SPECTRAL_ONSET_CANDIDATE,11.609977324263038
F_MIX_00512,F_MIX,103.22430839002267,4552192,8891,0.44117913832198496,UNKNOWN_SOURCE,SPECTRAL_ONSET_CANDIDATE,11.609977324263038
F_MIX_00513,F_MIX,103.49133786848073,4563968,8914,0.26702947845805625,UNKNOWN_SOURCE,SPECTRAL_ONSET_CANDIDATE,11.609977324263038
F_MIX_00514,F_MIX,103.58421768707483,4568064,8922,0.0928798185940991,UNKNOWN_SOURCE,SPECTRAL_ONSET_CANDIDATE,11.609977324263038
F_MIX_00515,F_MIX,103.85124716553288,4579840,8945,0.26702947845805625,UNKNOWN_SOURCE,SPECTRAL_ONSET_CANDIDATE,11.609977324263038
F_MIX_00516,F_MIX,103.94412698412698,4583936,8953,0.0928798185940991,UNKNOWN_SOURCE,SPECTRAL_ONSET_CANDIDATE,11.609977324263038
F_MIX_00517,F_MIX,104.18793650793651,4594688,8974,0.24380952380953147,UNKNOWN_SOURCE,SPECTRAL_ONSET_CANDIDATE,11.609977324263038
F_MIX_00518,F_MIX,104.23437641723356,4596736,8978,0.04643990929704955,UNKNOWN_SOURCE,SPECTRAL_ONSET_CANDIDATE,11.609977324263038
F_MIX_00519,F_MIX,104.30403628117914,4599808,8984,0.06965986394557433,UNKNOWN_SOURCE,SPECTRAL_ONSET_CANDIDATE,11.609977324263038
F_MIX_00520,F_MIX,104.33886621315193,4601344,8987,0.03482993197279427,UNKNOWN_SOURCE,SPECTRAL_ONSET_CANDIDATE,11.609977324263038
F_MIX_00521,F_MIX,104.54784580498867,4610560,9005,0.2089795918367372,UNKNOWN_SOURCE,SPECTRAL_ONSET_CANDIDATE,11.609977324263038
F_MIX_00522,F_MIX,104.65233560090702,4615168,9014,0.10448979591835439,UNKNOWN_SOURCE,SPECTRAL_ONSET_CANDIDATE,11.609977324263038
F_MIX_00523,F_MIX,104.90775510204081,4626432,9036,0.25541950113378675,UNKNOWN_SOURCE,SPECTRAL_ONSET_CANDIDATE,11.609977324263038
F_MIX_00524,F_MIX,105.02385487528345,4631552,9046,0.1160997732426381,UNKNOWN_SOURCE,SPECTRAL_ONSET_CANDIDATE,11.609977324263038
F_MIX_00525,F_MIX,105.27927437641723,4642816,9068,0.25541950113378675,UNKNOWN_SOURCE,SPECTRAL_ONSET_CANDIDATE,11.609977324263038
F_MIX_00526,F_MIX,105.3837641723356,4647424,9077,0.1044897959183686,UNKNOWN_SOURCE,SPECTRAL_ONSET_CANDIDATE,11.609977324263038
F_MIX_00527,F_MIX,105.61596371882086,4657664,9097,0.23219954648526198,UNKNOWN_SOURCE,SPECTRAL_ONSET_CANDIDATE,11.609977324263038
F_MIX_00528,F_MIX,106.10358276643991,4679168,9139,0.48761904761904873,UNKNOWN_SOURCE,SPECTRAL_ONSET_CANDIDATE,11.609977324263038
F_MIX_00529,F_MIX,106.37061224489796,4690944,9162,0.26702947845804204,UNKNOWN_SOURCE,SPECTRAL_ONSET_CANDIDATE,11.609977324263038
F_MIX_00530,F_MIX,106.82340136054422,4710912,9201,0.45278911564626867,UNKNOWN_SOURCE,SPECTRAL_ONSET_CANDIDATE,11.609977324263038
F_MIX_00531,F_MIX,107.06721088435374,4721664,9222,0.24380952380951726,UNKNOWN_SOURCE,SPECTRAL_ONSET_CANDIDATE,11.609977324263038
F_MIX_00532,F_MIX,107.18331065759637,4726784,9232,0.11609977324262388,UNKNOWN_SOURCE,SPECTRAL_ONSET_CANDIDATE,11.609977324263038
F_MIX_00533,F_MIX,107.4271201814059,4737536,9253,0.24380952380953147,UNKNOWN_SOURCE,SPECTRAL_ONSET_CANDIDATE,11.609977324263038
F_MIX_00534,F_MIX,107.53160997732427,4742144,9262,0.1044897959183686,UNKNOWN_SOURCE,SPECTRAL_ONSET_CANDIDATE,11.609977324263038
F_MIX_00535,F_MIX,107.76380952380953,4752384,9282,0.23219954648526198,UNKNOWN_SOURCE,SPECTRAL_ONSET_CANDIDATE,11.609977324263038
F_MIX_00536,F_MIX,107.89151927437642,4758016,9293,0.12770975056689338,UNKNOWN_SOURCE,SPECTRAL_ONSET_CANDIDATE,11.609977324263038
F_MIX_00537,F_MIX,108.10049886621316,4767232,9311,0.2089795918367372,UNKNOWN_SOURCE,SPECTRAL_ONSET_CANDIDATE,11.609977324263038
F_MIX_00538,F_MIX,108.2398185941043,4773376,9323,0.13931972789114866,UNKNOWN_SOURCE,SPECTRAL_ONSET_CANDIDATE,11.609977324263038
F_MIX_00539,F_MIX,108.4604081632653,4783104,9342,0.22058956916099248,UNKNOWN_SOURCE,SPECTRAL_ONSET_CANDIDATE,11.609977324263038
F_MIX_00540,F_MIX,108.92480725623582,4803584,9382,0.46439909297052395,UNKNOWN_SOURCE,SPECTRAL_ONSET_CANDIDATE,11.609977324263038
F_MIX_00541,F_MIX,108.95963718820862,4805120,9385,0.03482993197279427,UNKNOWN_SOURCE,SPECTRAL_ONSET_CANDIDATE,11.609977324263038
F_MIX_00542,F_MIX,109.19183673469388,4815360,9405,0.23219954648526198,UNKNOWN_SOURCE,SPECTRAL_ONSET_CANDIDATE,11.609977324263038
F_MIX_00543,F_MIX,109.3079365079365,4820480,9415,0.11609977324262388,UNKNOWN_SOURCE,SPECTRAL_ONSET_CANDIDATE,11.609977324263038
F_MIX_00544,F_MIX,109.6562358276644,4835840,9445,0.34829931972790007,UNKNOWN_SOURCE,SPECTRAL_ONSET_CANDIDATE,11.609977324263038
F_MIX_00545,F_MIX,109.91165532879819,4847104,9467,0.25541950113378675,UNKNOWN_SOURCE,SPECTRAL_ONSET_CANDIDATE,11.609977324263038
F_MIX_00546,F_MIX,110.38766439909297,4868096,9508,0.47600907029477924,UNKNOWN_SOURCE,SPECTRAL_ONSET_CANDIDATE,11.609977324263038
F_MIX_00547,F_MIX,110.53859410430839,4874752,9521,0.15092970521541815,UNKNOWN_SOURCE,SPECTRAL_ONSET_CANDIDATE,11.609977324263038
F_MIX_00548,F_MIX,110.65469387755103,4879872,9531,0.1160997732426381,UNKNOWN_SOURCE,SPECTRAL_ONSET_CANDIDATE,11.609977324263038
F_MIX_00549,F_MIX,110.7243537414966,4882944,9537,0.06965986394557433,UNKNOWN_SOURCE,SPECTRAL_ONSET_CANDIDATE,11.609977324263038
F_MIX_00550,F_MIX,110.79401360544217,4886016,9543,0.06965986394557433,UNKNOWN_SOURCE,SPECTRAL_ONSET_CANDIDATE,11.609977324263038
F_MIX_00551,F_MIX,110.99138321995464,4894720,9560,0.1973696145124677,UNKNOWN_SOURCE,SPECTRAL_ONSET_CANDIDATE,11.609977324263038
F_MIX_00552,F_MIX,111.21197278911565,4904448,9579,0.2205895691610067,UNKNOWN_SOURCE,SPECTRAL_ONSET_CANDIDATE,11.609977324263038
F_MIX_00553,F_MIX,111.36290249433107,4911104,9592,0.15092970521541815,UNKNOWN_SOURCE,SPECTRAL_ONSET_CANDIDATE,11.609977324263038
F_MIX_00554,F_MIX,111.46739229024944,4915712,9601,0.1044897959183686,UNKNOWN_SOURCE,SPECTRAL_ONSET_CANDIDATE,11.609977324263038
F_MIX_00555,F_MIX,111.72281179138322,4926976,9623,0.25541950113378675,UNKNOWN_SOURCE,SPECTRAL_ONSET_CANDIDATE,11.609977324263038
F_MIX_00556,F_MIX,111.82730158730159,4931584,9632,0.1044897959183686,UNKNOWN_SOURCE,SPECTRAL_ONSET_CANDIDATE,11.609977324263038
F_MIX_00557,F_MIX,112.11755102040816,4944384,9657,0.2902494331065668,UNKNOWN_SOURCE,SPECTRAL_ONSET_CANDIDATE,11.609977324263038
F_MIX_00558,F_MIX,112.198820861678,4947968,9664,0.08126984126984382,UNKNOWN_SOURCE,SPECTRAL_ONSET_CANDIDATE,11.609977324263038
F_MIX_00559,F_MIX,112.51229024943311,4961792,9691,0.3134693877551058,UNKNOWN_SOURCE,SPECTRAL_ONSET_CANDIDATE,11.609977324263038
F_MIX_00560,F_MIX,112.5471201814059,4963328,9694,0.03482993197279427,UNKNOWN_SOURCE,SPECTRAL_ONSET_CANDIDATE,11.609977324263038
F_MIX_00561,F_MIX,112.80253968253969,4974592,9716,0.25541950113378675,UNKNOWN_SOURCE,SPECTRAL_ONSET_CANDIDATE,11.609977324263038
F_MIX_00562,F_MIX,113.1740589569161,4990976,9748,0.37151927437641064,UNKNOWN_SOURCE,SPECTRAL_ONSET_CANDIDATE,11.609977324263038
F_MIX_00563,F_MIX,113.27854875283447,4995584,9757,0.1044897959183686,UNKNOWN_SOURCE,SPECTRAL_ONSET_CANDIDATE,11.609977324263038
F_MIX_00564,F_MIX,113.54557823129252,5007360,9780,0.26702947845805625,UNKNOWN_SOURCE,SPECTRAL_ONSET_CANDIDATE,11.609977324263038
F_MIX_00565,F_MIX,113.65006802721088,5011968,9789,0.10448979591835439,UNKNOWN_SOURCE,SPECTRAL_ONSET_CANDIDATE,11.609977324263038
F_MIX_00566,F_MIX,113.90548752834466,5023232,9811,0.25541950113378675,UNKNOWN_SOURCE,SPECTRAL_ONSET_CANDIDATE,11.609977324263038
F_MIX_00567,F_MIX,113.99836734693878,5027328,9819,0.09287981859411332,UNKNOWN_SOURCE,SPECTRAL_ONSET_CANDIDATE,11.609977324263038
F_MIX_00568,F_MIX,114.2421768707483,5038080,9840,0.24380952380951726,UNKNOWN_SOURCE,SPECTRAL_ONSET_CANDIDATE,11.609977324263038
F_MIX_00569,F_MIX,114.71818594104309,5059072,9881,0.47600907029479345,UNKNOWN_SOURCE,SPECTRAL_ONSET_CANDIDATE,11.609977324263038
F_MIX_00570,F_MIX,114.97360544217688,5070336,9903,0.25541950113378675,UNKNOWN_SOURCE,SPECTRAL_ONSET_CANDIDATE,11.609977324263038
F_MIX_00571,F_MIX,115.06648526077097,5074432,9911,0.0928798185940991,UNKNOWN_SOURCE,SPECTRAL_ONSET_CANDIDATE,11.609977324263038
F_MIX_00572,F_MIX,115.43800453514739,5090816,9943,0.37151927437641064,UNKNOWN_SOURCE,SPECTRAL_ONSET_CANDIDATE,11.609977324263038
F_MIX_00573,F_MIX,115.79791383219954,5106688,9974,0.35990929705215535,UNKNOWN_SOURCE,SPECTRAL_ONSET_CANDIDATE,11.609977324263038
F_MIX_00574,F_MIX,116.08816326530612,5119488,9999,0.290249433106581,UNKNOWN_SOURCE,SPECTRAL_ONSET_CANDIDATE,11.609977324263038
F_MIX_00575,F_MIX,116.16943310657597,5123072,10006,0.08126984126984382,UNKNOWN_SOURCE,SPECTRAL_ONSET_CANDIDATE,11.609977324263038
F_MIX_00576,F_MIX,116.5061224489796,5137920,10035,0.3366893424036306,UNKNOWN_SOURCE,SPECTRAL_ONSET_CANDIDATE,11.609977324263038
F_MIX_00577,F_MIX,116.70349206349206,5146624,10052,0.1973696145124677,UNKNOWN_SOURCE,SPECTRAL_ONSET_CANDIDATE,11.609977324263038
F_MIX_00578,F_MIX,116.877641723356,5154304,10067,0.17414965986394293,UNKNOWN_SOURCE,SPECTRAL_ONSET_CANDIDATE,11.609977324263038
F_MIX_00579,F_MIX,117.2259410430839,5169664,10097,0.34829931972790007,UNKNOWN_SOURCE,SPECTRAL_ONSET_CANDIDATE,11.609977324263038
F_MIX_00580,F_MIX,117.26077097505669,5171200,10100,0.03482993197278006,UNKNOWN_SOURCE,SPECTRAL_ONSET_CANDIDATE,11.609977324263038
F_MIX_00581,F_MIX,117.51619047619047,5182464,10122,0.25541950113378675,UNKNOWN_SOURCE,SPECTRAL_ONSET_CANDIDATE,11.609977324263038
F_MIX_00582,F_MIX,117.60907029478459,5186560,10130,0.09287981859411332,UNKNOWN_SOURCE,SPECTRAL_ONSET_CANDIDATE,11.609977324263038
F_MIX_00583,F_MIX,117.980589569161,5202944,10162,0.37151927437641064,UNKNOWN_SOURCE,SPECTRAL_ONSET_CANDIDATE,11.609977324263038
F_MIX_00584,F_MIX,118.35210884353741,5219328,10194,0.37151927437641064,UNKNOWN_SOURCE,SPECTRAL_ONSET_CANDIDATE,11.609977324263038
F_MIX_00585,F_MIX,118.64235827664399,5232128,10219,0.290249433106581,UNKNOWN_SOURCE,SPECTRAL_ONSET_CANDIDATE,11.609977324263038
F_MIX_00586,F_MIX,118.72362811791383,5235712,10226,0.08126984126984382,UNKNOWN_SOURCE,SPECTRAL_ONSET_CANDIDATE,11.609977324263038
F_MIX_00587,F_MIX,119.06031746031746,5250560,10255,0.3366893424036306,UNKNOWN_SOURCE,SPECTRAL_ONSET_CANDIDATE,11.609977324263038
F_MIX_00588,F_MIX,119.09514739229024,5252096,10258,0.03482993197278006,UNKNOWN_SOURCE,SPECTRAL_ONSET_CANDIDATE,11.609977324263038
F_MIX_00589,F_MIX,119.44344671201814,5267456,10288,0.34829931972790007,UNKNOWN_SOURCE,SPECTRAL_ONSET_CANDIDATE,11.609977324263038
F_MIX_00590,F_MIX,119.58276643990929,5273600,10300,0.13931972789114866,UNKNOWN_SOURCE,SPECTRAL_ONSET_CANDIDATE,11.609977324263038
F_MIX_00591,F_MIX,119.8033560090703,5283328,10319,0.2205895691610067,UNKNOWN_SOURCE,SPECTRAL_ONSET_CANDIDATE,11.609977324263038
F_MIX_00592,F_MIX,120.07038548752834,5295104,10342,0.26702947845804204,UNKNOWN_SOURCE,SPECTRAL_ONSET_CANDIDATE,11.609977324263038
F_MIX_00593,F_MIX,120.3025850340136,5305344,10362,0.23219954648526198,UNKNOWN_SOURCE,SPECTRAL_ONSET_CANDIDATE,11.609977324263038
F_MIX_00594,F_MIX,120.52317460317461,5315072,10381,0.2205895691610067,UNKNOWN_SOURCE,SPECTRAL_ONSET_CANDIDATE,11.609977324263038
F_MIX_00595,F_MIX,120.80181405895692,5327360,10405,0.27863945578231153,UNKNOWN_SOURCE,SPECTRAL_ONSET_CANDIDATE,11.609977324263038
F_MIX_00596,F_MIX,121.1849433106576,5344256,10438,0.38312925170068013,UNKNOWN_SOURCE,SPECTRAL_ONSET_CANDIDATE,11.609977324263038
F_MIX_00597,F_MIX,121.25460317460318,5347328,10444,0.06965986394557433,UNKNOWN_SOURCE,SPECTRAL_ONSET_CANDIDATE,11.609977324263038
F_MIX_00598,F_MIX,121.61451247165533,5363200,10475,0.35990929705215535,UNKNOWN_SOURCE,SPECTRAL_ONSET_CANDIDATE,11.609977324263038
F_MIX_00599,F_MIX,121.9047619047619,5376000,10500,0.2902494331065668,UNKNOWN_SOURCE,SPECTRAL_ONSET_CANDIDATE,11.609977324263038
F_MIX_00600,F_MIX,121.97442176870749,5379072,10506,0.06965986394558854,UNKNOWN_SOURCE,SPECTRAL_ONSET_CANDIDATE,11.609977324263038
F_MIX_00601,F_MIX,122.24145124716553,5390848,10529,0.26702947845804204,UNKNOWN_SOURCE,SPECTRAL_ONSET_CANDIDATE,11.609977324263038
F_MIX_00602,F_MIX,122.33433106575964,5394944,10537,0.09287981859411332,UNKNOWN_SOURCE,SPECTRAL_ONSET_CANDIDATE,11.609977324263038
F_MIX_00603,F_MIX,122.70585034013605,5411328,10569,0.37151927437641064,UNKNOWN_SOURCE,SPECTRAL_ONSET_CANDIDATE,11.609977324263038
F_MIX_00604,F_MIX,123.05414965986395,5426688,10599,0.34829931972790007,UNKNOWN_SOURCE,SPECTRAL_ONSET_CANDIDATE,11.609977324263038
F_MIX_00605,F_MIX,123.33278911564626,5438976,10623,0.27863945578231153,UNKNOWN_SOURCE,SPECTRAL_ONSET_CANDIDATE,11.609977324263038
F_MIX_00606,F_MIX,123.42566893424036,5443072,10631,0.0928798185940991,UNKNOWN_SOURCE,SPECTRAL_ONSET_CANDIDATE,11.609977324263038
F_MIX_00607,F_MIX,123.7275283446712,5456384,10657,0.3018594104308363,UNKNOWN_SOURCE,SPECTRAL_ONSET_CANDIDATE,11.609977324263038
F_MIX_00608,F_MIX,123.79718820861677,5459456,10663,0.06965986394557433,UNKNOWN_SOURCE,SPECTRAL_ONSET_CANDIDATE,11.609977324263038
F_MIX_00609,F_MIX,124.09904761904762,5472768,10689,0.3018594104308505,UNKNOWN_SOURCE,SPECTRAL_ONSET_CANDIDATE,11.609977324263038
F_MIX_00610,F_MIX,124.15709750566893,5475328,10694,0.058049886621304836,UNKNOWN_SOURCE,SPECTRAL_ONSET_CANDIDATE,11.609977324263038
F_MIX_00611,F_MIX,124.42412698412699,5487104,10717,0.26702947845805625,UNKNOWN_SOURCE,SPECTRAL_ONSET_CANDIDATE,11.609977324263038
F_MIX_00612,F_MIX,124.52861678004535,5491712,10726,0.1044897959183686,UNKNOWN_SOURCE,SPECTRAL_ONSET_CANDIDATE,11.609977324263038
F_MIX_00613,F_MIX,124.87691609977324,5507072,10756,0.34829931972788586,UNKNOWN_SOURCE,SPECTRAL_ONSET_CANDIDATE,11.609977324263038
F_MIX_00614,F_MIX,125.17877551020408,5520384,10782,0.3018594104308363,UNKNOWN_SOURCE,SPECTRAL_ONSET_CANDIDATE,11.609977324263038
F_MIX_00615,F_MIX,125.2368253968254,5522944,10787,0.05804988662131905,UNKNOWN_SOURCE,SPECTRAL_ONSET_CANDIDATE,11.609977324263038
F_MIX_00616,F_MIX,125.58512471655328,5538304,10817,0.34829931972788586,UNKNOWN_SOURCE,SPECTRAL_ONSET_CANDIDATE,11.609977324263038
F_MIX_00617,F_MIX,125.85215419501134,5550080,10840,0.26702947845805625,UNKNOWN_SOURCE,SPECTRAL_ONSET_CANDIDATE,11.609977324263038
F_MIX_00618,F_MIX,125.9914739229025,5556224,10852,0.13931972789116287,UNKNOWN_SOURCE,SPECTRAL_ONSET_CANDIDATE,11.609977324263038
F_MIX_00619,F_MIX,126.23528344671202,5566976,10873,0.24380952380951726,UNKNOWN_SOURCE,SPECTRAL_ONSET_CANDIDATE,11.609977324263038
F_MIX_00620,F_MIX,126.30494331065759,5570048,10879,0.06965986394557433,UNKNOWN_SOURCE,SPECTRAL_ONSET_CANDIDATE,11.609977324263038
F_MIX_00621,F_MIX,126.65324263038549,5585408,10909,0.34829931972790007,UNKNOWN_SOURCE,SPECTRAL_ONSET_CANDIDATE,11.609977324263038
F_MIX_00622,F_MIX,126.69968253968254,5587456,10913,0.04643990929704955,UNKNOWN_SOURCE,SPECTRAL_ONSET_CANDIDATE,11.609977324263038
F_MIX_00623,F_MIX,126.9318820861678,5597696,10933,0.23219954648526198,UNKNOWN_SOURCE,SPECTRAL_ONSET_CANDIDATE,11.609977324263038
F_MIX_00624,F_MIX,127.0247619047619,5601792,10941,0.0928798185940991,UNKNOWN_SOURCE,SPECTRAL_ONSET_CANDIDATE,11.609977324263038
F_MIX_00625,F_MIX,127.29179138321996,5613568,10964,0.26702947845805625,UNKNOWN_SOURCE,SPECTRAL_ONSET_CANDIDATE,11.609977324263038
F_MIX_00626,F_MIX,127.39628117913833,5618176,10973,0.1044897959183686,UNKNOWN_SOURCE,SPECTRAL_ONSET_CANDIDATE,11.609977324263038
F_MIX_00627,F_MIX,127.65170068027211,5629440,10995,0.25541950113378675,UNKNOWN_SOURCE,SPECTRAL_ONSET_CANDIDATE,11.609977324263038
F_MIX_00628,F_MIX,127.74458049886621,5633536,11003,0.0928798185940991,UNKNOWN_SOURCE,SPECTRAL_ONSET_CANDIDATE,11.609977324263038
F_MIX_00629,F_MIX,128.02321995464854,5645824,11027,0.27863945578232574,UNKNOWN_SOURCE,SPECTRAL_ONSET_CANDIDATE,11.609977324263038
F_MIX_00630,F_MIX,128.1277097505669,5650432,11036,0.1044897959183686,UNKNOWN_SOURCE,SPECTRAL_ONSET_CANDIDATE,11.609977324263038
F_MIX_00631,F_MIX,128.3831292517007,5661696,11058,0.25541950113378675,UNKNOWN_SOURCE,SPECTRAL_ONSET_CANDIDATE,11.609977324263038
F_MIX_00632,F_MIX,128.4992290249433,5666816,11068,0.11609977324260967,UNKNOWN_SOURCE,SPECTRAL_ONSET_CANDIDATE,11.609977324263038
F_MIX_00633,F_MIX,128.74303854875282,5677568,11089,0.24380952380951726,UNKNOWN_SOURCE,SPECTRAL_ONSET_CANDIDATE,11.609977324263038
F_MIX_00634,F_MIX,128.87074829931973,5683200,11100,0.1277097505669076,UNKNOWN_SOURCE,SPECTRAL_ONSET_CANDIDATE,11.609977324263038
F_MIX_00635,F_MIX,129.20743764172335,5698048,11129,0.33668934240361637,UNKNOWN_SOURCE,SPECTRAL_ONSET_CANDIDATE,11.609977324263038
F_MIX_00636,F_MIX,129.2538775510204,5700096,11133,0.04643990929704955,UNKNOWN_SOURCE,SPECTRAL_ONSET_CANDIDATE,11.609977324263038
F_MIX_00637,F_MIX,129.4744671201814,5709824,11152,0.2205895691610067,UNKNOWN_SOURCE,SPECTRAL_ONSET_CANDIDATE,11.609977324263038
F_MIX_00638,F_MIX,129.84598639455783,5726208,11184,0.37151927437642485,UNKNOWN_SOURCE,SPECTRAL_ONSET_CANDIDATE,11.609977324263038
F_MIX_00639,F_MIX,129.92725623582766,5729792,11191,0.08126984126982961,UNKNOWN_SOURCE,SPECTRAL_ONSET_CANDIDATE,11.609977324263038
F_MIX_00640,F_MIX,130.2871655328798,5745664,11222,0.35990929705215535,UNKNOWN_SOURCE,SPECTRAL_ONSET_CANDIDATE,11.609977324263038
F_MIX_00641,F_MIX,130.5193650793651,5755904,11242,0.2321995464852762,UNKNOWN_SOURCE,SPECTRAL_ONSET_CANDIDATE,11.609977324263038
F_MIX_00642,F_MIX,130.6354648526077,5761024,11252,0.11609977324260967,UNKNOWN_SOURCE,SPECTRAL_ONSET_CANDIDATE,11.609977324263038
F_MIX_00643,F_MIX,130.89088435374148,5772288,11274,0.25541950113378675,UNKNOWN_SOURCE,SPECTRAL_ONSET_CANDIDATE,11.609977324263038
F_MIX_00644,F_MIX,130.9489342403628,5774848,11279,0.05804988662131905,UNKNOWN_SOURCE,SPECTRAL_ONSET_CANDIDATE,11.609977324263038
F_MIX_00645,F_MIX,131.00698412698412,5777408,11284,0.05804988662131905,UNKNOWN_SOURCE,SPECTRAL_ONSET_CANDIDATE,11.609977324263038
F_MIX_00646,F_MIX,131.2624036281179,5788672,11306,0.25541950113378675,UNKNOWN_SOURCE,SPECTRAL_ONSET_CANDIDATE,11.609977324263038
F_MIX_00647,F_MIX,131.3320634920635,5791744,11312,0.06965986394558854,UNKNOWN_SOURCE,SPECTRAL_ONSET_CANDIDATE,11.609977324263038
F_MIX_00648,F_MIX,131.59909297052155,5803520,11335,0.26702947845805625,UNKNOWN_SOURCE,SPECTRAL_ONSET_CANDIDATE,11.609977324263038
F_MIX_00649,F_MIX,132.0867120181406,5825024,11377,0.4876190476190345,UNKNOWN_SOURCE,SPECTRAL_ONSET_CANDIDATE,11.609977324263038
F_MIX_00650,F_MIX,132.31891156462586,5835264,11397,0.2321995464852762,UNKNOWN_SOURCE,SPECTRAL_ONSET_CANDIDATE,11.609977324263038
F_MIX_00651,F_MIX,132.44662131519274,5840896,11408,0.12770975056687917,UNKNOWN_SOURCE,SPECTRAL_ONSET_CANDIDATE,11.609977324263038
F_MIX_00652,F_MIX,132.69043083900226,5851648,11429,0.24380952380951726,UNKNOWN_SOURCE,SPECTRAL_ONSET_CANDIDATE,11.609977324263038
F_MIX_00653,F_MIX,132.78331065759636,5855744,11437,0.0928798185940991,UNKNOWN_SOURCE,SPECTRAL_ONSET_CANDIDATE,11.609977324263038
F_MIX_00654,F_MIX,133.05034013605442,5867520,11460,0.26702947845805625,UNKNOWN_SOURCE,SPECTRAL_ONSET_CANDIDATE,11.609977324263038
F_MIX_00655,F_MIX,133.4334693877551,5884416,11493,0.38312925170069434,UNKNOWN_SOURCE,SPECTRAL_ONSET_CANDIDATE,11.609977324263038
F_MIX_00656,F_MIX,133.51473922902494,5888000,11500,0.08126984126982961,UNKNOWN_SOURCE,SPECTRAL_ONSET_CANDIDATE,11.609977324263038
F_MIX_00657,F_MIX,133.781768707483,5899776,11523,0.26702947845805625,UNKNOWN_SOURCE,SPECTRAL_ONSET_CANDIDATE,11.609977324263038
F_MIX_00658,F_MIX,133.86303854875283,5903360,11530,0.08126984126982961,UNKNOWN_SOURCE,SPECTRAL_ONSET_CANDIDATE,11.609977324263038
F_MIX_00659,F_MIX,134.14167800453515,5915648,11554,0.27863945578232574,UNKNOWN_SOURCE,SPECTRAL_ONSET_CANDIDATE,11.609977324263038
F_MIX_00660,F_MIX,134.22294784580498,5919232,11561,0.08126984126982961,UNKNOWN_SOURCE,SPECTRAL_ONSET_CANDIDATE,11.609977324263038
F_MIX_00661,F_MIX,134.47836734693877,5930496,11583,0.25541950113378675,UNKNOWN_SOURCE,SPECTRAL_ONSET_CANDIDATE,11.609977324263038
F_MIX_00662,F_MIX,134.93115646258502,5950464,11622,0.45278911564625446,UNKNOWN_SOURCE,SPECTRAL_ONSET_CANDIDATE,11.609977324263038
F_MIX_00663,F_MIX,135.30267573696145,5966848,11654,0.37151927437642485,UNKNOWN_SOURCE,SPECTRAL_ONSET_CANDIDATE,11.609977324263038
F_MIX_00664,F_MIX,135.6625850340136,5982720,11685,0.35990929705215535,UNKNOWN_SOURCE,SPECTRAL_ONSET_CANDIDATE,11.609977324263038
F_MIX_00665,F_MIX,136.0108843537415,5998080,11715,0.34829931972788586,UNKNOWN_SOURCE,SPECTRAL_ONSET_CANDIDATE,11.609977324263038
F_MIX_00666,F_MIX,136.35918367346937,6013440,11745,0.34829931972788586,UNKNOWN_SOURCE,SPECTRAL_ONSET_CANDIDATE,11.609977324263038
F_MIX_00667,F_MIX,136.39401360544218,6014976,11748,0.03482993197280848,UNKNOWN_SOURCE,SPECTRAL_ONSET_CANDIDATE,11.609977324263038
F_MIX_00668,F_MIX,136.74231292517007,6030336,11778,0.34829931972788586,UNKNOWN_SOURCE,SPECTRAL_ONSET_CANDIDATE,11.609977324263038
F_MIX_00669,F_MIX,137.00934240362812,6042112,11801,0.26702947845805625,UNKNOWN_SOURCE,SPECTRAL_ONSET_CANDIDATE,11.609977324263038
F_MIX_00670,F_MIX,137.1138321995465,6046720,11810,0.1044897959183686,UNKNOWN_SOURCE,SPECTRAL_ONSET_CANDIDATE,11.609977324263038
F_MIX_00671,F_MIX,137.36925170068028,6057984,11832,0.25541950113378675,UNKNOWN_SOURCE,SPECTRAL_ONSET_CANDIDATE,11.609977324263038
F_MIX_00672,F_MIX,137.47374149659865,6062592,11841,0.1044897959183686,UNKNOWN_SOURCE,SPECTRAL_ONSET_CANDIDATE,11.609977324263038
F_MIX_00673,F_MIX,137.75238095238095,6074880,11865,0.2786394557822973,UNKNOWN_SOURCE,SPECTRAL_ONSET_CANDIDATE,11.609977324263038
F_MIX_00674,F_MIX,137.82204081632653,6077952,11871,0.06965986394558854,UNKNOWN_SOURCE,SPECTRAL_ONSET_CANDIDATE,11.609977324263038
F_MIX_00675,F_MIX,138.10068027210883,6090240,11895,0.2786394557822973,UNKNOWN_SOURCE,SPECTRAL_ONSET_CANDIDATE,11.609977324263038
F_MIX_00676,F_MIX,138.54185941043085,6109696,11933,0.4411791383220134,UNKNOWN_SOURCE,SPECTRAL_ONSET_CANDIDATE,11.609977324263038
F_MIX_00677,F_MIX,138.79727891156463,6120960,11955,0.25541950113378675,UNKNOWN_SOURCE,SPECTRAL_ONSET_CANDIDATE,11.609977324263038
F_MIX_00678,F_MIX,139.16879818594106,6137344,11987,0.37151927437642485,UNKNOWN_SOURCE,SPECTRAL_ONSET_CANDIDATE,11.609977324263038
F_MIX_00679,F_MIX,139.26167800453516,6141440,11995,0.0928798185940991,UNKNOWN_SOURCE,SPECTRAL_ONSET_CANDIDATE,11.609977324263038
F_MIX_00680,F_MIX,139.51709750566894,6152704,12017,0.25541950113378675,UNKNOWN_SOURCE,SPECTRAL_ONSET_CANDIDATE,11.609977324263038
F_MIX_00681,F_MIX,139.6215873015873,6157312,12026,0.1044897959183686,UNKNOWN_SOURCE,SPECTRAL_ONSET_CANDIDATE,11.609977324263038
F_MIX_00682,F_MIX,139.88861678004534,6169088,12049,0.2670294784580278,UNKNOWN_SOURCE,SPECTRAL_ONSET_CANDIDATE,11.609977324263038
F_MIX_00683,F_MIX,139.9698866213152,6172672,12056,0.08126984126985803,UNKNOWN_SOURCE,SPECTRAL_ONSET_CANDIDATE,11.609977324263038
F_MIX_00684,F_MIX,140.21369614512471,6183424,12077,0.24380952380951726,UNKNOWN_SOURCE,SPECTRAL_ONSET_CANDIDATE,11.609977324263038
F_MIX_00685,F_MIX,140.5968253968254,6200320,12110,0.38312925170069434,UNKNOWN_SOURCE,SPECTRAL_ONSET_CANDIDATE,11.609977324263038
F_MIX_00686,F_MIX,140.70131519274378,6204928,12119,0.1044897959183686,UNKNOWN_SOURCE,SPECTRAL_ONSET_CANDIDATE,11.609977324263038
F_MIX_00687,F_MIX,141.0612244897959,6220800,12150,0.35990929705212693,UNKNOWN_SOURCE,SPECTRAL_ONSET_CANDIDATE,11.609977324263038
F_MIX_00688,F_MIX,141.3514739229025,6233600,12175,0.29024943310659523,UNKNOWN_SOURCE,SPECTRAL_ONSET_CANDIDATE,11.609977324263038
F_MIX_00689,F_MIX,141.42113378684806,6236672,12181,0.06965986394556012,UNKNOWN_SOURCE,SPECTRAL_ONSET_CANDIDATE,11.609977324263038
F_MIX_00690,F_MIX,141.71138321995466,6249472,12206,0.29024943310659523,UNKNOWN_SOURCE,SPECTRAL_ONSET_CANDIDATE,11.609977324263038
F_MIX_00691,F_MIX,141.79265306122448,6253056,12213,0.08126984126982961,UNKNOWN_SOURCE,SPECTRAL_ONSET_CANDIDATE,11.609977324263038
F_MIX_00692,F_MIX,142.12934240362813,6267904,12242,0.3366893424036448,UNKNOWN_SOURCE,SPECTRAL_ONSET_CANDIDATE,11.609977324263038
F_MIX_00693,F_MIX,142.1641723356009,6269440,12245,0.03482993197278006,UNKNOWN_SOURCE,SPECTRAL_ONSET_CANDIDATE,11.609977324263038
F_MIX_00694,F_MIX,142.4428117913832,6281728,12269,0.2786394557822973,UNKNOWN_SOURCE,SPECTRAL_ONSET_CANDIDATE,11.609977324263038
F_MIX_00695,F_MIX,142.86077097505668,6300160,12305,0.4179591836734744,UNKNOWN_SOURCE,SPECTRAL_ONSET_CANDIDATE,11.609977324263038
F_MIX_00696,F_MIX,143.16263038548752,6313472,12331,0.3018594104308363,UNKNOWN_SOURCE,SPECTRAL_ONSET_CANDIDATE,11.609977324263038
F_MIX_00697,F_MIX,143.2322902494331,6316544,12337,0.06965986394558854,UNKNOWN_SOURCE,SPECTRAL_ONSET_CANDIDATE,11.609977324263038
F_MIX_00698,F_MIX,143.51092970521543,6328832,12361,0.27863945578232574,UNKNOWN_SOURCE,SPECTRAL_ONSET_CANDIDATE,11.609977324263038
F_MIX_00699,F_MIX,143.60380952380953,6332928,12369,0.0928798185940991,UNKNOWN_SOURCE,SPECTRAL_ONSET_CANDIDATE,11.609977324263038
F_MIX_00700,F_MIX,143.9637188208617,6348800,12400,0.35990929705215535,UNKNOWN_SOURCE,SPECTRAL_ONSET_CANDIDATE,11.609977324263038
F_MIX_00701,F_MIX,144.25396825396825,6361600,12425,0.2902494331065668,UNKNOWN_SOURCE,SPECTRAL_ONSET_CANDIDATE,11.609977324263038
F_MIX_00702,F_MIX,144.32362811791384,6364672,12431,0.06965986394558854,UNKNOWN_SOURCE,SPECTRAL_ONSET_CANDIDATE,11.609977324263038
F_MIX_00703,F_MIX,144.62548752834468,6377984,12457,0.3018594104308363,UNKNOWN_SOURCE,SPECTRAL_ONSET_CANDIDATE,11.609977324263038
F_MIX_00704,F_MIX,144.98539682539683,6393856,12488,0.35990929705215535,UNKNOWN_SOURCE,SPECTRAL_ONSET_CANDIDATE,11.609977324263038
F_MIX_00705,F_MIX,145.04344671201815,6396416,12493,0.05804988662131905,UNKNOWN_SOURCE,SPECTRAL_ONSET_CANDIDATE,11.609977324263038
F_MIX_00706,F_MIX,145.29886621315194,6407680,12515,0.25541950113378675,UNKNOWN_SOURCE,SPECTRAL_ONSET_CANDIDATE,11.609977324263038
F_MIX_00707,F_MIX,145.6587755102041,6423552,12546,0.35990929705215535,UNKNOWN_SOURCE,SPECTRAL_ONSET_CANDIDATE,11.609977324263038
F_MIX_00708,F_MIX,145.76326530612246,6428160,12555,0.1044897959183686,UNKNOWN_SOURCE,SPECTRAL_ONSET_CANDIDATE,11.609977324263038
F_MIX_00709,F_MIX,146.00707482993198,6438912,12576,0.24380952380951726,UNKNOWN_SOURCE,SPECTRAL_ONSET_CANDIDATE,11.609977324263038
F_MIX_00710,F_MIX,146.13478458049886,6444544,12587,0.12770975056687917,UNKNOWN_SOURCE,SPECTRAL_ONSET_CANDIDATE,11.609977324263038
F_MIX_00711,F_MIX,146.49469387755101,6460416,12618,0.35990929705215535,UNKNOWN_SOURCE,SPECTRAL_ONSET_CANDIDATE,11.609977324263038
F_MIX_00712,F_MIX,146.71528344671202,6470144,12637,0.2205895691610067,UNKNOWN_SOURCE,SPECTRAL_ONSET_CANDIDATE,11.609977324263038
F_MIX_00713,F_MIX,146.77333333333334,6472704,12642,0.05804988662131905,UNKNOWN_SOURCE,SPECTRAL_ONSET_CANDIDATE,11.609977324263038
F_MIX_00714,F_MIX,146.8429931972789,6475776,12648,0.06965986394556012,UNKNOWN_SOURCE,SPECTRAL_ONSET_CANDIDATE,11.609977324263038
F_MIX_00715,F_MIX,147.01714285714286,6483456,12663,0.17414965986395714,UNKNOWN_SOURCE,SPECTRAL_ONSET_CANDIDATE,11.609977324263038
F_MIX_00716,F_MIX,147.0635827664399,6485504,12667,0.04643990929704955,UNKNOWN_SOURCE,SPECTRAL_ONSET_CANDIDATE,11.609977324263038
F_MIX_00717,F_MIX,147.14485260770974,6489088,12674,0.08126984126982961,UNKNOWN_SOURCE,SPECTRAL_ONSET_CANDIDATE,11.609977324263038
F_MIX_00718,F_MIX,147.20290249433106,6491648,12679,0.05804988662131905,UNKNOWN_SOURCE,SPECTRAL_ONSET_CANDIDATE,11.609977324263038
F_MIX_00719,F_MIX,147.43510204081633,6501888,12699,0.2321995464852762,UNKNOWN_SOURCE,SPECTRAL_ONSET_CANDIDATE,11.609977324263038
F_MIX_00720,F_MIX,147.48154195011338,6503936,12703,0.04643990929704955,UNKNOWN_SOURCE,SPECTRAL_ONSET_CANDIDATE,11.609977324263038
F_MIX_00721,F_MIX,147.5628117913832,6507520,12710,0.08126984126982961,UNKNOWN_SOURCE,SPECTRAL_ONSET_CANDIDATE,11.609977324263038
F_MIX_00722,F_MIX,147.7253514739229,6514688,12724,0.16253968253968765,UNKNOWN_SOURCE,SPECTRAL_ONSET_CANDIDATE,11.609977324263038
F_MIX_00723,F_MIX,147.7950113378685,6517760,12730,0.06965986394558854,UNKNOWN_SOURCE,SPECTRAL_ONSET_CANDIDATE,11.609977324263038
F_MIX_00724,F_MIX,147.86467120181405,6520832,12736,0.06965986394556012,UNKNOWN_SOURCE,SPECTRAL_ONSET_CANDIDATE,11.609977324263038
F_MIX_00725,F_MIX,147.9111111111111,6522880,12740,0.04643990929704955,UNKNOWN_SOURCE,SPECTRAL_ONSET_CANDIDATE,11.609977324263038
F_MIX_00726,F_MIX,148.08526077097505,6530560,12755,0.17414965986395714,UNKNOWN_SOURCE,SPECTRAL_ONSET_CANDIDATE,11.609977324263038
F_MIX_00727,F_MIX,148.16653061224488,6534144,12762,0.08126984126982961,UNKNOWN_SOURCE,SPECTRAL_ONSET_CANDIDATE,11.609977324263038
F_MIX_00728,F_MIX,148.2013605442177,6535680,12765,0.03482993197280848,UNKNOWN_SOURCE,SPECTRAL_ONSET_CANDIDATE,11.609977324263038
F_MIX_00729,F_MIX,148.2942403628118,6539776,12773,0.0928798185940991,UNKNOWN_SOURCE,SPECTRAL_ONSET_CANDIDATE,11.609977324263038
F_MIX_00730,F_MIX,148.5380498866213,6550528,12794,0.24380952380951726,UNKNOWN_SOURCE,SPECTRAL_ONSET_CANDIDATE,11.609977324263038
F_MIX_00731,F_MIX,148.6309297052154,6554624,12802,0.0928798185940991,UNKNOWN_SOURCE,SPECTRAL_ONSET_CANDIDATE,11.609977324263038
F_MIX_00732,F_MIX,148.93278911564627,6567936,12828,0.3018594104308647,UNKNOWN_SOURCE,SPECTRAL_ONSET_CANDIDATE,11.609977324263038
F_MIX_00733,F_MIX,149.02566893424037,6572032,12836,0.0928798185940991,UNKNOWN_SOURCE,SPECTRAL_ONSET_CANDIDATE,11.609977324263038
F_MIX_00734,F_MIX,149.11854875283447,6576128,12844,0.0928798185940991,UNKNOWN_SOURCE,SPECTRAL_ONSET_CANDIDATE,11.609977324263038
F_MIX_00735,F_MIX,149.2926984126984,6583808,12859,0.17414965986392872,UNKNOWN_SOURCE,SPECTRAL_ONSET_CANDIDATE,11.609977324263038
F_MIX_00736,F_MIX,149.35074829931972,6586368,12864,0.05804988662131905,UNKNOWN_SOURCE,SPECTRAL_ONSET_CANDIDATE,11.609977324263038
F_MIX_00737,F_MIX,149.65260770975055,6599680,12890,0.3018594104308363,UNKNOWN_SOURCE,SPECTRAL_ONSET_CANDIDATE,11.609977324263038
F_MIX_00738,F_MIX,149.7338775510204,6603264,12897,0.08126984126985803,UNKNOWN_SOURCE,SPECTRAL_ONSET_CANDIDATE,11.609977324263038
F_MIX_00739,F_MIX,149.8964172335601,6610432,12911,0.16253968253968765,UNKNOWN_SOURCE,SPECTRAL_ONSET_CANDIDATE,11.609977324263038
F_MIX_00740,F_MIX,150.0125170068027,6615552,12921,0.11609977324260967,UNKNOWN_SOURCE,SPECTRAL_ONSET_CANDIDATE,11.609977324263038
F_MIX_00741,F_MIX,150.11700680272108,6620160,12930,0.1044897959183686,UNKNOWN_SOURCE,SPECTRAL_ONSET_CANDIDATE,11.609977324263038
F_MIX_00742,F_MIX,150.31437641723355,6628864,12947,0.1973696145124677,UNKNOWN_SOURCE,SPECTRAL_ONSET_CANDIDATE,11.609977324263038
F_MIX_00743,F_MIX,150.37242630385487,6631424,12952,0.05804988662131905,UNKNOWN_SOURCE,SPECTRAL_ONSET_CANDIDATE,11.609977324263038
F_MIX_00744,F_MIX,150.465306122449,6635520,12960,0.09287981859412753,UNKNOWN_SOURCE,SPECTRAL_ONSET_CANDIDATE,11.609977324263038
F_MIX_00745,F_MIX,150.7091156462585,6646272,12981,0.24380952380951726,UNKNOWN_SOURCE,SPECTRAL_ONSET_CANDIDATE,11.609977324263038
F_MIX_00746,F_MIX,150.81360544217688,6650880,12990,0.1044897959183686,UNKNOWN_SOURCE,SPECTRAL_ONSET_CANDIDATE,11.609977324263038
F_MIX_00747,F_MIX,151.01097505668935,6659584,13007,0.1973696145124677,UNKNOWN_SOURCE,SPECTRAL_ONSET_CANDIDATE,11.609977324263038
F_MIX_00748,F_MIX,151.0806349206349,6662656,13013,0.06965986394556012,UNKNOWN_SOURCE,SPECTRAL_ONSET_CANDIDATE,11.609977324263038
F_MIX_00749,F_MIX,151.18512471655328,6667264,13022,0.1044897959183686,UNKNOWN_SOURCE,SPECTRAL_ONSET_CANDIDATE,11.609977324263038
F_MIX_00750,F_MIX,151.44054421768706,6678528,13044,0.25541950113378675,UNKNOWN_SOURCE,SPECTRAL_ONSET_CANDIDATE,11.609977324263038
F_MIX_00751,F_MIX,151.54503401360543,6683136,13053,0.1044897959183686,UNKNOWN_SOURCE,SPECTRAL_ONSET_CANDIDATE,11.609977324263038
F_MIX_00752,F_MIX,151.7772335600907,6693376,13073,0.2321995464852762,UNKNOWN_SOURCE,SPECTRAL_ONSET_CANDIDATE,11.609977324263038
F_MIX_00753,F_MIX,152.2184126984127,6712832,13111,0.44117913832198496,UNKNOWN_SOURCE,SPECTRAL_ONSET_CANDIDATE,11.609977324263038
F_MIX_00754,F_MIX,152.276462585034,6715392,13116,0.05804988662131905,UNKNOWN_SOURCE,SPECTRAL_ONSET_CANDIDATE,11.609977324263038
F_MIX_00755,F_MIX,152.40417233560092,6721024,13127,0.1277097505669076,UNKNOWN_SOURCE,SPECTRAL_ONSET_CANDIDATE,11.609977324263038
F_MIX_00756,F_MIX,152.56671201814058,6728192,13141,0.16253968253965922,UNKNOWN_SOURCE,SPECTRAL_ONSET_CANDIDATE,11.609977324263038
F_MIX_00757,F_MIX,152.6595918367347,6732288,13149,0.09287981859412753,UNKNOWN_SOURCE,SPECTRAL_ONSET_CANDIDATE,11.609977324263038
F_MIX_00758,F_MIX,153.01950113378686,6748160,13180,0.35990929705215535,UNKNOWN_SOURCE,SPECTRAL_ONSET_CANDIDATE,11.609977324263038
F_MIX_00759,F_MIX,153.37941043083902,6764032,13211,0.35990929705215535,UNKNOWN_SOURCE,SPECTRAL_ONSET_CANDIDATE,11.609977324263038
F_MIX_00760,F_MIX,153.73931972789114,6779904,13242,0.35990929705212693,UNKNOWN_SOURCE,SPECTRAL_ONSET_CANDIDATE,11.609977324263038
F_MIX_00761,F_MIX,154.041179138322,6793216,13268,0.3018594104308647,UNKNOWN_SOURCE,SPECTRAL_ONSET_CANDIDATE,11.609977324263038
F_MIX_00762,F_MIX,154.11083900226757,6796288,13274,0.06965986394556012,UNKNOWN_SOURCE,SPECTRAL_ONSET_CANDIDATE,11.609977324263038
F_MIX_00763,F_MIX,154.47074829931972,6812160,13305,0.35990929705215535,UNKNOWN_SOURCE,SPECTRAL_ONSET_CANDIDATE,11.609977324263038
F_MIX_00764,F_MIX,154.77260770975056,6825472,13331,0.3018594104308363,UNKNOWN_SOURCE,SPECTRAL_ONSET_CANDIDATE,11.609977324263038
F_MIX_00765,F_MIX,154.84226757369615,6828544,13337,0.06965986394558854,UNKNOWN_SOURCE,SPECTRAL_ONSET_CANDIDATE,11.609977324263038
F_MIX_00766,F_MIX,155.1092970521542,6840320,13360,0.26702947845805625,UNKNOWN_SOURCE,SPECTRAL_ONSET_CANDIDATE,11.609977324263038
F_MIX_00767,F_MIX,155.19056689342403,6843904,13367,0.08126984126982961,UNKNOWN_SOURCE,SPECTRAL_ONSET_CANDIDATE,11.609977324263038
F_MIX_00768,F_MIX,155.4575963718821,6855680,13390,0.26702947845805625,UNKNOWN_SOURCE,SPECTRAL_ONSET_CANDIDATE,11.609977324263038
F_MIX_00769,F_MIX,155.50403628117914,6857728,13394,0.04643990929704955,UNKNOWN_SOURCE,SPECTRAL_ONSET_CANDIDATE,11.609977324263038
F_MIX_00770,F_MIX,155.84072562358276,6872576,13423,0.33668934240361637,UNKNOWN_SOURCE,SPECTRAL_ONSET_CANDIDATE,11.609977324263038
F_MIX_00771,F_MIX,155.91038548752834,6875648,13429,0.06965986394558854,UNKNOWN_SOURCE,SPECTRAL_ONSET_CANDIDATE,11.609977324263038
F_MIX_00772,F_MIX,156.1774149659864,6887424,13452,0.26702947845805625,UNKNOWN_SOURCE,SPECTRAL_ONSET_CANDIDATE,11.609977324263038
F_MIX_00773,F_MIX,156.2702947845805,6891520,13460,0.0928798185940991,UNKNOWN_SOURCE,SPECTRAL_ONSET_CANDIDATE,11.609977324263038
F_MIX_00774,F_MIX,156.32834467120182,6894080,13465,0.05804988662131905,UNKNOWN_SOURCE,SPECTRAL_ONSET_CANDIDATE,11.609977324263038
F_MIX_00775,F_MIX,156.6185941043084,6906880,13490,0.2902494331065668,UNKNOWN_SOURCE,SPECTRAL_ONSET_CANDIDATE,11.609977324263038
F_MIX_00776,F_MIX,156.88562358276644,6918656,13513,0.26702947845805625,UNKNOWN_SOURCE,SPECTRAL_ONSET_CANDIDATE,11.609977324263038
F_MIX_00777,F_MIX,157.35002267573697,6939136,13553,0.46439909297052395,UNKNOWN_SOURCE,SPECTRAL_ONSET_CANDIDATE,11.609977324263038
F_MIX_00778,F_MIX,157.61705215419502,6950912,13576,0.26702947845805625,UNKNOWN_SOURCE,SPECTRAL_ONSET_CANDIDATE,11.609977324263038
F_MIX_00779,F_MIX,157.73315192743763,6956032,13586,0.11609977324260967,UNKNOWN_SOURCE,SPECTRAL_ONSET_CANDIDATE,11.609977324263038
F_MIX_00780,F_MIX,157.97696145124718,6966784,13607,0.24380952380954568,UNKNOWN_SOURCE,SPECTRAL_ONSET_CANDIDATE,11.609977324263038
F_MIX_00781,F_MIX,158.0930612244898,6971904,13617,0.11609977324260967,UNKNOWN_SOURCE,SPECTRAL_ONSET_CANDIDATE,11.609977324263038
F_MIX_00782,F_MIX,158.4645804988662,6988288,13649,0.37151927437642485,UNKNOWN_SOURCE,SPECTRAL_ONSET_CANDIDATE,11.609977324263038
F_MIX_00783,F_MIX,158.74321995464854,7000576,13673,0.27863945578232574,UNKNOWN_SOURCE,SPECTRAL_ONSET_CANDIDATE,11.609977324263038
F_MIX_00784,F_MIX,158.83609977324264,7004672,13681,0.0928798185940991,UNKNOWN_SOURCE,SPECTRAL_ONSET_CANDIDATE,11.609977324263038
F_MIX_00785,F_MIX,159.09151927437642,7015936,13703,0.25541950113378675,UNKNOWN_SOURCE,SPECTRAL_ONSET_CANDIDATE,11.609977324263038
F_MIX_00786,F_MIX,159.18439909297052,7020032,13711,0.0928798185940991,UNKNOWN_SOURCE,SPECTRAL_ONSET_CANDIDATE,11.609977324263038
F_MIX_00787,F_MIX,159.2192290249433,7021568,13714,0.03482993197278006,UNKNOWN_SOURCE,SPECTRAL_ONSET_CANDIDATE,11.609977324263038
F_MIX_00788,F_MIX,159.4746485260771,7032832,13736,0.25541950113378675,UNKNOWN_SOURCE,SPECTRAL_ONSET_CANDIDATE,11.609977324263038
F_MIX_00789,F_MIX,159.55591836734695,7036416,13743,0.08126984126985803,UNKNOWN_SOURCE,SPECTRAL_ONSET_CANDIDATE,11.609977324263038
F_MIX_00790,F_MIX,159.77650793650793,7046144,13762,0.22058956916097827,UNKNOWN_SOURCE,SPECTRAL_ONSET_CANDIDATE,11.609977324263038
F_MIX_00791,F_MIX,159.81133786848073,7047680,13765,0.03482993197280848,UNKNOWN_SOURCE,SPECTRAL_ONSET_CANDIDATE,11.609977324263038
F_MIX_00792,F_MIX,159.9158276643991,7052288,13774,0.1044897959183686,UNKNOWN_SOURCE,SPECTRAL_ONSET_CANDIDATE,11.609977324263038
F_MIX_00793,F_MIX,160.14802721088435,7062528,13794,0.23219954648524777,UNKNOWN_SOURCE,SPECTRAL_ONSET_CANDIDATE,11.609977324263038
F_MIX_00794,F_MIX,160.2873469387755,7068672,13806,0.13931972789114866,UNKNOWN_SOURCE,SPECTRAL_ONSET_CANDIDATE,11.609977324263038
F_MIX_00795,F_MIX,160.6356462585034,7084032,13836,0.3482993197279143,UNKNOWN_SOURCE,SPECTRAL_ONSET_CANDIDATE,11.609977324263038
F_MIX_00796,F_MIX,160.83301587301588,7092736,13853,0.1973696145124677,UNKNOWN_SOURCE,SPECTRAL_ONSET_CANDIDATE,11.609977324263038
F_MIX_00797,F_MIX,160.86784580498866,7094272,13856,0.03482993197278006,UNKNOWN_SOURCE,SPECTRAL_ONSET_CANDIDATE,11.609977324263038
F_MIX_00798,F_MIX,161.03038548752835,7101440,13870,0.16253968253968765,UNKNOWN_SOURCE,SPECTRAL_ONSET_CANDIDATE,11.609977324263038
F_MIX_00799,F_MIX,161.19292517006804,7108608,13884,0.16253968253968765,UNKNOWN_SOURCE,SPECTRAL_ONSET_CANDIDATE,11.609977324263038
F_MIX_00800,F_MIX,161.2393650793651,7110656,13888,0.04643990929704955,UNKNOWN_SOURCE,SPECTRAL_ONSET_CANDIDATE,11.609977324263038
F_MIX_00801,F_MIX,161.2974149659864,7113216,13893,0.05804988662131905,UNKNOWN_SOURCE,SPECTRAL_ONSET_CANDIDATE,11.609977324263038
F_MIX_00802,F_MIX,161.37868480725623,7116800,13900,0.08126984126982961,UNKNOWN_SOURCE,SPECTRAL_ONSET_CANDIDATE,11.609977324263038
F_MIX_00803,F_MIX,161.42512471655328,7118848,13904,0.04643990929704955,UNKNOWN_SOURCE,SPECTRAL_ONSET_CANDIDATE,11.609977324263038
F_MIX_00804,F_MIX,161.62249433106575,7127552,13921,0.1973696145124677,UNKNOWN_SOURCE,SPECTRAL_ONSET_CANDIDATE,11.609977324263038
F_MIX_00805,F_MIX,161.7385941043084,7132672,13931,0.1160997732426381,UNKNOWN_SOURCE,SPECTRAL_ONSET_CANDIDATE,11.609977324263038
F_MIX_00806,F_MIX,161.9824036281179,7143424,13952,0.24380952380951726,UNKNOWN_SOURCE,SPECTRAL_ONSET_CANDIDATE,11.609977324263038
F_MIX_00807,F_MIX,162.09850340136055,7148544,13962,0.1160997732426381,UNKNOWN_SOURCE,SPECTRAL_ONSET_CANDIDATE,11.609977324263038
F_MIX_00808,F_MIX,162.4584126984127,7164416,13993,0.35990929705215535,UNKNOWN_SOURCE,SPECTRAL_ONSET_CANDIDATE,11.609977324263038
F_MIX_00809,F_MIX,162.70222222222222,7175168,14014,0.24380952380951726,UNKNOWN_SOURCE,SPECTRAL_ONSET_CANDIDATE,11.609977324263038
F_MIX_00810,F_MIX,162.81832199546486,7180288,14024,0.1160997732426381,UNKNOWN_SOURCE,SPECTRAL_ONSET_CANDIDATE,11.609977324263038
F_MIX_00811,F_MIX,162.8647619047619,7182336,14028,0.04643990929704955,UNKNOWN_SOURCE,SPECTRAL_ONSET_CANDIDATE,11.609977324263038
F_MIX_00812,F_MIX,163.0505215419501,7190528,14044,0.1857596371881982,UNKNOWN_SOURCE,SPECTRAL_ONSET_CANDIDATE,11.609977324263038
F_MIX_00813,F_MIX,163.178231292517,7196160,14055,0.1277097505669076,UNKNOWN_SOURCE,SPECTRAL_ONSET_CANDIDATE,11.609977324263038
F_MIX_00814,F_MIX,163.44526077097507,7207936,14078,0.26702947845805625,UNKNOWN_SOURCE,SPECTRAL_ONSET_CANDIDATE,11.609977324263038
F_MIX_00815,F_MIX,163.85160997732427,7225856,14113,0.4063492063492049,UNKNOWN_SOURCE,SPECTRAL_ONSET_CANDIDATE,11.609977324263038
F_MIX_00816,F_MIX,163.92126984126983,7228928,14119,0.06965986394556012,UNKNOWN_SOURCE,SPECTRAL_ONSET_CANDIDATE,11.609977324263038
F_MIX_00817,F_MIX,164.1882993197279,7240704,14142,0.26702947845805625,UNKNOWN_SOURCE,SPECTRAL_ONSET_CANDIDATE,11.609977324263038
F_MIX_00818,F_MIX,164.281179138322,7244800,14150,0.0928798185940991,UNKNOWN_SOURCE,SPECTRAL_ONSET_CANDIDATE,11.609977324263038
F_MIX_00819,F_MIX,164.38566893424036,7249408,14159,0.1044897959183686,UNKNOWN_SOURCE,SPECTRAL_ONSET_CANDIDATE,11.609977324263038
F_MIX_00820,F_MIX,164.53659863945578,7256064,14172,0.15092970521541815,UNKNOWN_SOURCE,SPECTRAL_ONSET_CANDIDATE,11.609977324263038
F_MIX_00821,F_MIX,164.62947845804987,7260160,14180,0.0928798185940991,UNKNOWN_SOURCE,SPECTRAL_ONSET_CANDIDATE,11.609977324263038
F_MIX_00822,F_MIX,164.66430839002268,7261696,14183,0.03482993197280848,UNKNOWN_SOURCE,SPECTRAL_ONSET_CANDIDATE,11.609977324263038
F_MIX_00823,F_MIX,164.93133786848074,7273472,14206,0.26702947845805625,UNKNOWN_SOURCE,SPECTRAL_ONSET_CANDIDATE,11.609977324263038
F_MIX_00824,F_MIX,165.37251700680272,7292928,14244,0.44117913832198496,UNKNOWN_SOURCE,SPECTRAL_ONSET_CANDIDATE,11.609977324263038
F_MIX_00825,F_MIX,165.6627664399093,7305728,14269,0.2902494331065668,UNKNOWN_SOURCE,SPECTRAL_ONSET_CANDIDATE,11.609977324263038
F_MIX_00826,F_MIX,165.73242630385488,7308800,14275,0.06965986394558854,UNKNOWN_SOURCE,SPECTRAL_ONSET_CANDIDATE,11.609977324263038
F_MIX_00827,F_MIX,166.02267573696145,7321600,14300,0.2902494331065668,UNKNOWN_SOURCE,SPECTRAL_ONSET_CANDIDATE,11.609977324263038
F_MIX_00828,F_MIX,166.09233560090703,7324672,14306,0.06965986394558854,UNKNOWN_SOURCE,SPECTRAL_ONSET_CANDIDATE,11.609977324263038
F_MIX_00829,F_MIX,166.37097505668933,7336960,14330,0.2786394557822973,UNKNOWN_SOURCE,SPECTRAL_ONSET_CANDIDATE,11.609977324263038
F_MIX_00830,F_MIX,166.4522448979592,7340544,14337,0.08126984126985803,UNKNOWN_SOURCE,SPECTRAL_ONSET_CANDIDATE,11.609977324263038
F_MIX_00831,F_MIX,166.5102947845805,7343104,14342,0.05804988662131905,UNKNOWN_SOURCE,SPECTRAL_ONSET_CANDIDATE,11.609977324263038
F_MIX_00832,F_MIX,166.71927437641725,7352320,14360,0.2089795918367372,UNKNOWN_SOURCE,SPECTRAL_ONSET_CANDIDATE,11.609977324263038
F_MIX_00833,F_MIX,167.1024036281179,7369216,14393,0.3831292517006659,UNKNOWN_SOURCE,SPECTRAL_ONSET_CANDIDATE,11.609977324263038
F_MIX_00834,F_MIX,167.16045351473923,7371776,14398,0.05804988662131905,UNKNOWN_SOURCE,SPECTRAL_ONSET_CANDIDATE,11.609977324263038
F_MIX_00835,F_MIX,167.32299319727892,7378944,14412,0.16253968253968765,UNKNOWN_SOURCE,SPECTRAL_ONSET_CANDIDATE,11.609977324263038
F_MIX_00836,F_MIX,167.4274829931973,7383552,14421,0.1044897959183686,UNKNOWN_SOURCE,SPECTRAL_ONSET_CANDIDATE,11.609977324263038
F_MIX_00837,F_MIX,167.5203628117914,7387648,14429,0.0928798185940991,UNKNOWN_SOURCE,SPECTRAL_ONSET_CANDIDATE,11.609977324263038
F_MIX_00838,F_MIX,167.78739229024944,7399424,14452,0.26702947845805625,UNKNOWN_SOURCE,SPECTRAL_ONSET_CANDIDATE,11.609977324263038
F_MIX_00839,F_MIX,168.1473015873016,7415296,14483,0.35990929705215535,UNKNOWN_SOURCE,SPECTRAL_ONSET_CANDIDATE,11.609977324263038
F_MIX_00840,F_MIX,168.25179138321997,7419904,14492,0.1044897959183686,UNKNOWN_SOURCE,SPECTRAL_ONSET_CANDIDATE,11.609977324263038
F_MIX_00841,F_MIX,168.49560090702948,7430656,14513,0.24380952380951726,UNKNOWN_SOURCE,SPECTRAL_ONSET_CANDIDATE,11.609977324263038
F_MIX_00842,F_MIX,168.60009070294785,7435264,14522,0.1044897959183686,UNKNOWN_SOURCE,SPECTRAL_ONSET_CANDIDATE,11.609977324263038
F_MIX_00843,F_MIX,168.84390022675737,7446016,14543,0.24380952380951726,UNKNOWN_SOURCE,SPECTRAL_ONSET_CANDIDATE,11.609977324263038
F_MIX_00844,F_MIX,168.94839002267574,7450624,14552,0.1044897959183686,UNKNOWN_SOURCE,SPECTRAL_ONSET_CANDIDATE,11.609977324263038
F_MIX_00845,F_MIX,169.20380952380953,7461888,14574,0.25541950113378675,UNKNOWN_SOURCE,SPECTRAL_ONSET_CANDIDATE,11.609977324263038
F_MIX_00846,F_MIX,169.3082993197279,7466496,14583,0.1044897959183686,UNKNOWN_SOURCE,SPECTRAL_ONSET_CANDIDATE,11.609977324263038
F_MIX_00847,F_MIX,169.69142857142856,7483392,14616,0.3831292517006659,UNKNOWN_SOURCE,SPECTRAL_ONSET_CANDIDATE,11.609977324263038
F_MIX_00848,F_MIX,169.9004081632653,7492608,14634,0.2089795918367372,UNKNOWN_SOURCE,SPECTRAL_ONSET_CANDIDATE,11.609977324263038
F_MIX_00849,F_MIX,169.97006802721089,7495680,14640,0.06965986394558854,UNKNOWN_SOURCE,SPECTRAL_ONSET_CANDIDATE,11.609977324263038
F_MIX_00850,F_MIX,170.05133786848072,7499264,14647,0.08126984126982961,UNKNOWN_SOURCE,SPECTRAL_ONSET_CANDIDATE,11.609977324263038
F_MIX_00851,F_MIX,170.283537414966,7509504,14667,0.2321995464852762,UNKNOWN_SOURCE,SPECTRAL_ONSET_CANDIDATE,11.609977324263038
F_MIX_00852,F_MIX,170.41124716553287,7515136,14678,0.12770975056687917,UNKNOWN_SOURCE,SPECTRAL_ONSET_CANDIDATE,11.609977324263038
F_MIX_00853,F_MIX,170.67827664399093,7526912,14701,0.26702947845805625,UNKNOWN_SOURCE,SPECTRAL_ONSET_CANDIDATE,11.609977324263038
F_MIX_00854,F_MIX,170.75954648526078,7530496,14708,0.08126984126985803,UNKNOWN_SOURCE,SPECTRAL_ONSET_CANDIDATE,11.609977324263038
F_MIX_00855,F_MIX,170.98013605442176,7540224,14727,0.22058956916097827,UNKNOWN_SOURCE,SPECTRAL_ONSET_CANDIDATE,11.609977324263038
F_MIX_00856,F_MIX,171.1194557823129,7546368,14739,0.13931972789114866,UNKNOWN_SOURCE,SPECTRAL_ONSET_CANDIDATE,11.609977324263038
F_MIX_00857,F_MIX,171.36326530612246,7557120,14760,0.24380952380954568,UNKNOWN_SOURCE,SPECTRAL_ONSET_CANDIDATE,11.609977324263038
F_MIX_00858,F_MIX,171.46775510204083,7561728,14769,0.1044897959183686,UNKNOWN_SOURCE,SPECTRAL_ONSET_CANDIDATE,11.609977324263038
F_MIX_00859,F_MIX,171.71156462585034,7572480,14790,0.24380952380951726,UNKNOWN_SOURCE,SPECTRAL_ONSET_CANDIDATE,11.609977324263038
F_MIX_00860,F_MIX,171.8508843537415,7578624,14802,0.13931972789114866,UNKNOWN_SOURCE,SPECTRAL_ONSET_CANDIDATE,11.609977324263038
F_MIX_00861,F_MIX,172.0714739229025,7588352,14821,0.2205895691610067,UNKNOWN_SOURCE,SPECTRAL_ONSET_CANDIDATE,11.609977324263038
F_MIX_00862,F_MIX,172.18757369614514,7593472,14831,0.1160997732426381,UNKNOWN_SOURCE,SPECTRAL_ONSET_CANDIDATE,11.609977324263038
F_MIX_00863,F_MIX,172.24562358276643,7596032,14836,0.058049886621290625,UNKNOWN_SOURCE,SPECTRAL_ONSET_CANDIDATE,11.609977324263038
F_MIX_00864,F_MIX,172.5474829931973,7609344,14862,0.3018594104308647,UNKNOWN_SOURCE,SPECTRAL_ONSET_CANDIDATE,11.609977324263038
F_MIX_00865,F_MIX,172.7912925170068,7620096,14883,0.24380952380951726,UNKNOWN_SOURCE,SPECTRAL_ONSET_CANDIDATE,11.609977324263038
F_MIX_00866,F_MIX,172.90739229024942,7625216,14893,0.11609977324260967,UNKNOWN_SOURCE,SPECTRAL_ONSET_CANDIDATE,11.609977324263038
F_MIX_00867,F_MIX,173.16281179138323,7636480,14915,0.2554195011338152,UNKNOWN_SOURCE,SPECTRAL_ONSET_CANDIDATE,11.609977324263038
F_MIX_00868,F_MIX,173.25569160997733,7640576,14923,0.0928798185940991,UNKNOWN_SOURCE,SPECTRAL_ONSET_CANDIDATE,11.609977324263038
F_MIX_00869,F_MIX,173.49950113378685,7651328,14944,0.24380952380951726,UNKNOWN_SOURCE,SPECTRAL_ONSET_CANDIDATE,11.609977324263038
F_MIX_00870,F_MIX,173.638820861678,7657472,14956,0.13931972789114866,UNKNOWN_SOURCE,SPECTRAL_ONSET_CANDIDATE,11.609977324263038
F_MIX_00871,F_MIX,173.88263038548752,7668224,14977,0.24380952380951726,UNKNOWN_SOURCE,SPECTRAL_ONSET_CANDIDATE,11.609977324263038
F_MIX_00872,F_MIX,173.96390022675737,7671808,14984,0.08126984126985803,UNKNOWN_SOURCE,SPECTRAL_ONSET_CANDIDATE,11.609977324263038
F_MIX_00873,F_MIX,174.09160997732425,7677440,14995,0.12770975056687917,UNKNOWN_SOURCE,SPECTRAL_ONSET_CANDIDATE,11.609977324263038
F_MIX_00874,F_MIX,174.23092970521543,7683584,15007,0.13931972789117708,UNKNOWN_SOURCE,SPECTRAL_ONSET_CANDIDATE,11.609977324263038
F_MIX_00875,F_MIX,174.32380952380953,7687680,15015,0.0928798185940991,UNKNOWN_SOURCE,SPECTRAL_ONSET_CANDIDATE,11.609977324263038
F_MIX_00876,F_MIX,174.60244897959183,7699968,15039,0.2786394557822973,UNKNOWN_SOURCE,SPECTRAL_ONSET_CANDIDATE,11.609977324263038
F_MIX_00877,F_MIX,174.69532879818595,7704064,15047,0.09287981859412753,UNKNOWN_SOURCE,SPECTRAL_ONSET_CANDIDATE,11.609977324263038
F_MIX_00878,F_MIX,174.95074829931974,7715328,15069,0.25541950113378675,UNKNOWN_SOURCE,SPECTRAL_ONSET_CANDIDATE,11.609977324263038
F_MIX_00879,F_MIX,174.98557823129252,7716864,15072,0.03482993197278006,UNKNOWN_SOURCE,SPECTRAL_ONSET_CANDIDATE,11.609977324263038
F_MIX_00880,F_MIX,175.05523809523808,7719936,15078,0.06965986394556012,UNKNOWN_SOURCE,SPECTRAL_ONSET_CANDIDATE,11.609977324263038
F_MIX_00881,F_MIX,175.22938775510204,7727616,15093,0.17414965986395714,UNKNOWN_SOURCE,SPECTRAL_ONSET_CANDIDATE,11.609977324263038
F_MIX_00882,F_MIX,175.34548752834468,7732736,15103,0.1160997732426381,UNKNOWN_SOURCE,SPECTRAL_ONSET_CANDIDATE,11.609977324263038
F_MIX_00883,F_MIX,175.4267573696145,7736320,15110,0.08126984126982961,UNKNOWN_SOURCE,SPECTRAL_ONSET_CANDIDATE,11.609977324263038
F_MIX_00884,F_MIX,175.5892970521542,7743488,15124,0.16253968253968765,UNKNOWN_SOURCE,SPECTRAL_ONSET_CANDIDATE,11.609977324263038
F_MIX_00885,F_MIX,175.69378684807256,7748096,15133,0.1044897959183686,UNKNOWN_SOURCE,SPECTRAL_ONSET_CANDIDATE,11.609977324263038
F_MIX_00886,F_MIX,175.79827664399093,7752704,15142,0.1044897959183686,UNKNOWN_SOURCE,SPECTRAL_ONSET_CANDIDATE,11.609977324263038
F_MIX_00887,F_MIX,175.96081632653062,7759872,15156,0.16253968253968765,UNKNOWN_SOURCE,SPECTRAL_ONSET_CANDIDATE,11.609977324263038
F_MIX_00888,F_MIX,176.065306122449,7764480,15165,0.1044897959183686,UNKNOWN_SOURCE,SPECTRAL_ONSET_CANDIDATE,11.609977324263038
F_MIX_00889,F_MIX,176.13496598639455,7767552,15171,0.06965986394556012,UNKNOWN_SOURCE,SPECTRAL_ONSET_CANDIDATE,11.609977324263038
F_MIX_00890,F_MIX,176.32072562358277,7775744,15187,0.18575963718822663,UNKNOWN_SOURCE,SPECTRAL_ONSET_CANDIDATE,11.609977324263038
F_MIX_00891,F_MIX,176.43682539682538,7780864,15197,0.11609977324260967,UNKNOWN_SOURCE,SPECTRAL_ONSET_CANDIDATE,11.609977324263038
F_MIX_00892,F_MIX,176.5297052154195,7784960,15205,0.09287981859412753,UNKNOWN_SOURCE,SPECTRAL_ONSET_CANDIDATE,11.609977324263038
F_MIX_00893,F_MIX,176.79673469387754,7796736,15228,0.2670294784580278,UNKNOWN_SOURCE,SPECTRAL_ONSET_CANDIDATE,11.609977324263038
F_MIX_00894,F_MIX,177.16825396825396,7813120,15260,0.37151927437642485,UNKNOWN_SOURCE,SPECTRAL_ONSET_CANDIDATE,11.609977324263038
F_MIX_00895,F_MIX,177.24952380952382,7816704,15267,0.08126984126985803,UNKNOWN_SOURCE,SPECTRAL_ONSET_CANDIDATE,11.609977324263038
F_MIX_00896,F_MIX,177.5978231292517,7832064,15297,0.34829931972788586,UNKNOWN_SOURCE,SPECTRAL_ONSET_CANDIDATE,11.609977324263038
F_MIX_00897,F_MIX,177.86485260770976,7843840,15320,0.26702947845805625,UNKNOWN_SOURCE,SPECTRAL_ONSET_CANDIDATE,11.609977324263038
F_MIX_00898,F_MIX,178.23637188208616,7860224,15352,0.3715192743763964,UNKNOWN_SOURCE,SPECTRAL_ONSET_CANDIDATE,11.609977324263038
F_MIX_00899,F_MIX,178.32925170068026,7864320,15360,0.0928798185940991,UNKNOWN_SOURCE,SPECTRAL_ONSET_CANDIDATE,11.609977324263038
F_MIX_00900,F_MIX,178.5730612244898,7875072,15381,0.24380952380954568,UNKNOWN_SOURCE,SPECTRAL_ONSET_CANDIDATE,11.609977324263038
F_MIX_00901,F_MIX,179.03746031746033,7895552,15421,0.46439909297052395,UNKNOWN_SOURCE,SPECTRAL_ONSET_CANDIDATE,11.609977324263038
F_MIX_00902,F_MIX,179.39736961451248,7911424,15452,0.35990929705215535,UNKNOWN_SOURCE,SPECTRAL_ONSET_CANDIDATE,11.609977324263038
F_MIX_00903,F_MIX,179.74566893424037,7926784,15482,0.34829931972788586,UNKNOWN_SOURCE,SPECTRAL_ONSET_CANDIDATE,11.609977324263038
F_MIX_00904,F_MIX,180.01269841269843,7938560,15505,0.26702947845805625,UNKNOWN_SOURCE,SPECTRAL_ONSET_CANDIDATE,11.609977324263038
F_MIX_00905,F_MIX,180.12879818594104,7943680,15515,0.11609977324260967,UNKNOWN_SOURCE,SPECTRAL_ONSET_CANDIDATE,11.609977324263038
F_MIX_00906,F_MIX,180.3958276643991,7955456,15538,0.26702947845805625,UNKNOWN_SOURCE,SPECTRAL_ONSET_CANDIDATE,11.609977324263038
F_MIX_00907,F_MIX,180.4887074829932,7959552,15546,0.0928798185940991,UNKNOWN_SOURCE,SPECTRAL_ONSET_CANDIDATE,11.609977324263038
F_MIX_00908,F_MIX,180.74412698412698,7970816,15568,0.25541950113378675,UNKNOWN_SOURCE,SPECTRAL_ONSET_CANDIDATE,11.609977324263038
F_MIX_00909,F_MIX,180.84861678004535,7975424,15577,0.1044897959183686,UNKNOWN_SOURCE,SPECTRAL_ONSET_CANDIDATE,11.609977324263038
F_MIX_00910,F_MIX,180.8950566893424,7977472,15581,0.04643990929704955,UNKNOWN_SOURCE,SPECTRAL_ONSET_CANDIDATE,11.609977324263038
F_MIX_00911,F_MIX,181.23174603174604,7992320,15610,0.3366893424036448,UNKNOWN_SOURCE,SPECTRAL_ONSET_CANDIDATE,11.609977324263038
F_MIX_00912,F_MIX,181.48716553287983,8003584,15632,0.25541950113378675,UNKNOWN_SOURCE,SPECTRAL_ONSET_CANDIDATE,11.609977324263038
F_MIX_00913,F_MIX,181.56843537414966,8007168,15639,0.08126984126982961,UNKNOWN_SOURCE,SPECTRAL_ONSET_CANDIDATE,11.609977324263038
F_MIX_00914,F_MIX,181.62648526077098,8009728,15644,0.05804988662131905,UNKNOWN_SOURCE,SPECTRAL_ONSET_CANDIDATE,11.609977324263038
F_MIX_00915,F_MIX,181.8702947845805,8020480,15665,0.24380952380951726,UNKNOWN_SOURCE,SPECTRAL_ONSET_CANDIDATE,11.609977324263038
F_MIX_00916,F_MIX,181.95156462585035,8024064,15672,0.08126984126985803,UNKNOWN_SOURCE,SPECTRAL_ONSET_CANDIDATE,11.609977324263038
F_MIX_00917,F_MIX,182.20698412698414,8035328,15694,0.25541950113378675,UNKNOWN_SOURCE,SPECTRAL_ONSET_CANDIDATE,11.609977324263038
F_MIX_00918,F_MIX,182.29986394557824,8039424,15702,0.0928798185940991,UNKNOWN_SOURCE,SPECTRAL_ONSET_CANDIDATE,11.609977324263038
F_MIX_00919,F_MIX,182.35791383219956,8041984,15707,0.05804988662131905,UNKNOWN_SOURCE,SPECTRAL_ONSET_CANDIDATE,11.609977324263038
F_MIX_00920,F_MIX,182.6829931972789,8056320,15735,0.32507936507934687,UNKNOWN_SOURCE,SPECTRAL_ONSET_CANDIDATE,11.609977324263038
F_MIX_00921,F_MIX,182.95002267573696,8068096,15758,0.26702947845805625,UNKNOWN_SOURCE,SPECTRAL_ONSET_CANDIDATE,11.609977324263038
F_MIX_00922,F_MIX,183.04290249433106,8072192,15766,0.0928798185940991,UNKNOWN_SOURCE,SPECTRAL_ONSET_CANDIDATE,11.609977324263038
F_MIX_00923,F_MIX,183.658231292517,8099328,15819,0.6153287981859421,UNKNOWN_SOURCE,SPECTRAL_ONSET_CANDIDATE,11.609977324263038
F_MIX_00924,F_MIX,183.7511111111111,8103424,15827,0.0928798185940991,UNKNOWN_SOURCE,SPECTRAL_ONSET_CANDIDATE,11.609977324263038
F_MIX_00925,F_MIX,183.79755102040815,8105472,15831,0.04643990929704955,UNKNOWN_SOURCE,SPECTRAL_ONSET_CANDIDATE,11.609977324263038
F_MIX_00926,F_MIX,183.98331065759638,8113664,15847,0.18575963718822663,UNKNOWN_SOURCE,SPECTRAL_ONSET_CANDIDATE,11.609977324263038
F_MIX_00927,F_MIX,184.02975056689343,8115712,15851,0.04643990929704955,UNKNOWN_SOURCE,SPECTRAL_ONSET_CANDIDATE,11.609977324263038
F_MIX_00928,F_MIX,184.12263038548753,8119808,15859,0.0928798185940991,UNKNOWN_SOURCE,SPECTRAL_ONSET_CANDIDATE,11.609977324263038
F_MIX_00929,F_MIX,184.3548299319728,8130048,15879,0.2321995464852762,UNKNOWN_SOURCE,SPECTRAL_ONSET_CANDIDATE,11.609977324263038
F_MIX_00930,F_MIX,184.45931972789117,8134656,15888,0.1044897959183686,UNKNOWN_SOURCE,SPECTRAL_ONSET_CANDIDATE,11.609977324263038
F_MIX_00931,F_MIX,184.74956916099774,8147456,15913,0.2902494331065668,UNKNOWN_SOURCE,SPECTRAL_ONSET_CANDIDATE,11.609977324263038
F_MIX_00932,F_MIX,184.84244897959184,8151552,15921,0.0928798185940991,UNKNOWN_SOURCE,SPECTRAL_ONSET_CANDIDATE,11.609977324263038
F_MIX_00933,F_MIX,185.05142857142857,8160768,15939,0.2089795918367372,UNKNOWN_SOURCE,SPECTRAL_ONSET_CANDIDATE,11.609977324263038
F_MIX_00934,F_MIX,185.17913832199545,8166400,15950,0.12770975056687917,UNKNOWN_SOURCE,SPECTRAL_ONSET_CANDIDATE,11.609977324263038
F_MIX_00935,F_MIX,185.5390476190476,8182272,15981,0.35990929705215535,UNKNOWN_SOURCE,SPECTRAL_ONSET_CANDIDATE,11.609977324263038
F_MIX_00936,F_MIX,185.80607709750566,8194048,16004,0.26702947845805625,UNKNOWN_SOURCE,SPECTRAL_ONSET_CANDIDATE,11.609977324263038
F_MIX_00937,F_MIX,185.9221768707483,8199168,16014,0.1160997732426381,UNKNOWN_SOURCE,SPECTRAL_ONSET_CANDIDATE,11.609977324263038
F_MIX_00938,F_MIX,186.1427664399093,8208896,16033,0.2205895691610067,UNKNOWN_SOURCE,SPECTRAL_ONSET_CANDIDATE,11.609977324263038
F_MIX_00939,F_MIX,186.28208616780046,8215040,16045,0.13931972789114866,UNKNOWN_SOURCE,SPECTRAL_ONSET_CANDIDATE,11.609977324263038
F_MIX_00940,F_MIX,186.6419954648526,8230912,16076,0.35990929705215535,UNKNOWN_SOURCE,SPECTRAL_ONSET_CANDIDATE,11.609977324263038
F_MIX_00941,F_MIX,186.6768253968254,8232448,16079,0.03482993197278006,UNKNOWN_SOURCE,SPECTRAL_ONSET_CANDIDATE,11.609977324263038
F_MIX_00942,F_MIX,186.81614512471654,8238592,16091,0.13931972789114866,UNKNOWN_SOURCE,SPECTRAL_ONSET_CANDIDATE,11.609977324263038
F_MIX_00943,F_MIX,187.00190476190477,8246784,16107,0.18575963718822663,UNKNOWN_SOURCE,SPECTRAL_ONSET_CANDIDATE,11.609977324263038
F_MIX_00944,F_MIX,187.28054421768707,8259072,16131,0.2786394557822973,UNKNOWN_SOURCE,SPECTRAL_ONSET_CANDIDATE,11.609977324263038
F_MIX_00945,F_MIX,187.3734240362812,8263168,16139,0.09287981859412753,UNKNOWN_SOURCE,SPECTRAL_ONSET_CANDIDATE,11.609977324263038
F_MIX_00946,F_MIX,187.40825396825397,8264704,16142,0.03482993197278006,UNKNOWN_SOURCE,SPECTRAL_ONSET_CANDIDATE,11.609977324263038
F_MIX_00947,F_MIX,187.67528344671203,8276480,16165,0.26702947845805625,UNKNOWN_SOURCE,SPECTRAL_ONSET_CANDIDATE,11.609977324263038
F_MIX_00948,F_MIX,187.73333333333332,8279040,16170,0.058049886621290625,UNKNOWN_SOURCE,SPECTRAL_ONSET_CANDIDATE,11.609977324263038
F_MIX_00949,F_MIX,188.01197278911565,8291328,16194,0.27863945578232574,UNKNOWN_SOURCE,SPECTRAL_ONSET_CANDIDATE,11.609977324263038
F_MIX_00950,F_MIX,188.45315192743763,8310784,16232,0.44117913832198496,UNKNOWN_SOURCE,SPECTRAL_ONSET_CANDIDATE,11.609977324263038
F_MIX_00951,F_MIX,188.8130612244898,8326656,16263,0.35990929705215535,UNKNOWN_SOURCE,SPECTRAL_ONSET_CANDIDATE,11.609977324263038
F_MIX_00952,F_MIX,189.10331065759638,8339456,16288,0.29024943310659523,UNKNOWN_SOURCE,SPECTRAL_ONSET_CANDIDATE,11.609977324263038
F_MIX_00953,F_MIX,189.1845804988662,8343040,16295,0.08126984126982961,UNKNOWN_SOURCE,SPECTRAL_ONSET_CANDIDATE,11.609977324263038
F_MIX_00954,F_MIX,189.4167800453515,8353280,16315,0.2321995464852762,UNKNOWN_SOURCE,SPECTRAL_ONSET_CANDIDATE,11.609977324263038
F_MIX_00955,F_MIX,189.90439909297052,8374784,16357,0.4876190476190345,UNKNOWN_SOURCE,SPECTRAL_ONSET_CANDIDATE,11.609977324263038
F_MIX_00956,F_MIX,190.1598185941043,8386048,16379,0.25541950113378675,UNKNOWN_SOURCE,SPECTRAL_ONSET_CANDIDATE,11.609977324263038
F_MIX_00957,F_MIX,190.26430839002268,8390656,16388,0.1044897959183686,UNKNOWN_SOURCE,SPECTRAL_ONSET_CANDIDATE,11.609977324263038
F_MIX_00958,F_MIX,190.61260770975056,8406016,16418,0.34829931972788586,UNKNOWN_SOURCE,SPECTRAL_ONSET_CANDIDATE,11.609977324263038
F_MIX_00959,F_MIX,190.85641723356008,8416768,16439,0.24380952380951726,UNKNOWN_SOURCE,SPECTRAL_ONSET_CANDIDATE,11.609977324263038
F_MIX_00960,F_MIX,191.33242630385487,8437760,16480,0.47600907029479345,UNKNOWN_SOURCE,SPECTRAL_ONSET_CANDIDATE,11.609977324263038
F_MIX_00961,F_MIX,191.58784580498866,8449024,16502,0.25541950113378675,UNKNOWN_SOURCE,SPECTRAL_ONSET_CANDIDATE,11.609977324263038
F_MIX_00962,F_MIX,191.7039455782313,8454144,16512,0.1160997732426381,UNKNOWN_SOURCE,SPECTRAL_ONSET_CANDIDATE,11.609977324263038
F_MIX_00963,F_MIX,191.93614512471655,8464384,16532,0.23219954648524777,UNKNOWN_SOURCE,SPECTRAL_ONSET_CANDIDATE,11.609977324263038
F_MIX_00964,F_MIX,192.05224489795918,8469504,16542,0.1160997732426381,UNKNOWN_SOURCE,SPECTRAL_ONSET_CANDIDATE,11.609977324263038
F_MIX_00965,F_MIX,192.2728344671202,8479232,16561,0.2205895691610067,UNKNOWN_SOURCE,SPECTRAL_ONSET_CANDIDATE,11.609977324263038
F_MIX_00966,F_MIX,192.63274376417235,8495104,16592,0.35990929705215535,UNKNOWN_SOURCE,SPECTRAL_ONSET_CANDIDATE,11.609977324263038
F_MIX_00967,F_MIX,192.74884353741496,8500224,16602,0.11609977324260967,UNKNOWN_SOURCE,SPECTRAL_ONSET_CANDIDATE,11.609977324263038
F_MIX_00968,F_MIX,192.98104308390023,8510464,16622,0.2321995464852762,UNKNOWN_SOURCE,SPECTRAL_ONSET_CANDIDATE,11.609977324263038
F_MIX_00969,F_MIX,193.31773242630385,8525312,16651,0.33668934240361637,UNKNOWN_SOURCE,SPECTRAL_ONSET_CANDIDATE,11.609977324263038
F_MIX_00970,F_MIX,193.457052154195,8531456,16663,0.13931972789114866,UNKNOWN_SOURCE,SPECTRAL_ONSET_CANDIDATE,11.609977324263038
F_MIX_00971,F_MIX,193.68925170068027,8541696,16683,0.2321995464852762,UNKNOWN_SOURCE,SPECTRAL_ONSET_CANDIDATE,11.609977324263038
F_MIX_00972,F_MIX,193.7705215419501,8545280,16690,0.08126984126982961,UNKNOWN_SOURCE,SPECTRAL_ONSET_CANDIDATE,11.609977324263038
F_MIX_00973,F_MIX,194.1536507936508,8562176,16723,0.38312925170069434,UNKNOWN_SOURCE,SPECTRAL_ONSET_CANDIDATE,11.609977324263038
F_MIX_00974,F_MIX,194.3742403628118,8571904,16742,0.2205895691610067,UNKNOWN_SOURCE,SPECTRAL_ONSET_CANDIDATE,11.609977324263038
F_MIX_00975,F_MIX,194.73414965986396,8587776,16773,0.35990929705215535,UNKNOWN_SOURCE,SPECTRAL_ONSET_CANDIDATE,11.609977324263038
F_MIX_00976,F_MIX,194.8386394557823,8592384,16782,0.10448979591834018,UNKNOWN_SOURCE,SPECTRAL_ONSET_CANDIDATE,11.609977324263038
F_MIX_00977,F_MIX,194.97795918367348,8598528,16794,0.13931972789117708,UNKNOWN_SOURCE,SPECTRAL_ONSET_CANDIDATE,11.609977324263038
F_MIX_00978,F_MIX,195.0360090702948,8601088,16799,0.05804988662131905,UNKNOWN_SOURCE,SPECTRAL_ONSET_CANDIDATE,11.609977324263038
F_MIX_00979,F_MIX,195.11727891156463,8604672,16806,0.08126984126982961,UNKNOWN_SOURCE,SPECTRAL_ONSET_CANDIDATE,11.609977324263038
F_MIX_00980,F_MIX,195.1869387755102,8607744,16812,0.06965986394558854,UNKNOWN_SOURCE,SPECTRAL_ONSET_CANDIDATE,11.609977324263038
F_MIX_00981,F_MIX,195.25659863945577,8610816,16818,0.06965986394556012,UNKNOWN_SOURCE,SPECTRAL_ONSET_CANDIDATE,11.609977324263038
F_MIX_00982,F_MIX,195.50040816326532,8621568,16839,0.24380952380954568,UNKNOWN_SOURCE,SPECTRAL_ONSET_CANDIDATE,11.609977324263038
F_MIX_00983,F_MIX,195.8487074829932,8636928,16869,0.34829931972788586,UNKNOWN_SOURCE,SPECTRAL_ONSET_CANDIDATE,11.609977324263038
F_MIX_00984,F_MIX,195.96480725623582,8642048,16879,0.11609977324260967,UNKNOWN_SOURCE,SPECTRAL_ONSET_CANDIDATE,11.609977324263038
F_MIX_00985,F_MIX,196.2202267573696,8653312,16901,0.25541950113378675,UNKNOWN_SOURCE,SPECTRAL_ONSET_CANDIDATE,11.609977324263038
F_MIX_00986,F_MIX,196.45242630385488,8663552,16921,0.2321995464852762,UNKNOWN_SOURCE,SPECTRAL_ONSET_CANDIDATE,11.609977324263038
F_MIX_00987,F_MIX,196.8239455782313,8679936,16953,0.37151927437642485,UNKNOWN_SOURCE,SPECTRAL_ONSET_CANDIDATE,11.609977324263038
F_MIX_00988,F_MIX,197.06775510204082,8690688,16974,0.24380952380951726,UNKNOWN_SOURCE,SPECTRAL_ONSET_CANDIDATE,11.609977324263038
F_MIX_00989,F_MIX,197.1722448979592,8695296,16983,0.1044897959183686,UNKNOWN_SOURCE,SPECTRAL_ONSET_CANDIDATE,11.609977324263038
F_MIX_00990,F_MIX,197.27673469387756,8699904,16992,0.1044897959183686,UNKNOWN_SOURCE,SPECTRAL_ONSET_CANDIDATE,11.609977324263038
F_MIX_00991,F_MIX,197.40444444444444,8705536,17003,0.12770975056687917,UNKNOWN_SOURCE,SPECTRAL_ONSET_CANDIDATE,11.609977324263038
F_MIX_00992,F_MIX,197.4857142857143,8709120,17010,0.08126984126985803,UNKNOWN_SOURCE,SPECTRAL_ONSET_CANDIDATE,11.609977324263038
F_MIX_00993,F_MIX,197.6018140589569,8714240,17020,0.11609977324260967,UNKNOWN_SOURCE,SPECTRAL_ONSET_CANDIDATE,11.609977324263038
F_MIX_00994,F_MIX,197.74113378684808,8720384,17032,0.13931972789117708,UNKNOWN_SOURCE,SPECTRAL_ONSET_CANDIDATE,11.609977324263038
F_MIX_00995,F_MIX,197.96172335600906,8730112,17051,0.22058956916097827,UNKNOWN_SOURCE,SPECTRAL_ONSET_CANDIDATE,11.609977324263038
F_MIX_00996,F_MIX,198.6118820861678,8758784,17107,0.6501587301587506,UNKNOWN_SOURCE,SPECTRAL_ONSET_CANDIDATE,11.609977324263038
F_MIX_00997,F_MIX,199.07628117913833,8779264,17147,0.46439909297052395,UNKNOWN_SOURCE,SPECTRAL_ONSET_CANDIDATE,11.609977324263038
F_MIX_00998,F_MIX,199.4361904761905,8795136,17178,0.35990929705215535,UNKNOWN_SOURCE,SPECTRAL_ONSET_CANDIDATE,11.609977324263038
F_MIX_00999,F_MIX,199.81931972789116,8812032,17211,0.3831292517006659,UNKNOWN_SOURCE,SPECTRAL_ONSET_CANDIDATE,11.609977324263038
F_MIX_01000,F_MIX,200.16761904761904,8827392,17241,0.34829931972788586,UNKNOWN_SOURCE,SPECTRAL_ONSET_CANDIDATE,11.609977324263038
F_MIX_01001,F_MIX,200.80616780045352,8855552,17296,0.6385487528344811,UNKNOWN_SOURCE,SPECTRAL_ONSET_CANDIDATE,11.609977324263038
F_MIX_01002,F_MIX,201.2473469387755,8875008,17334,0.44117913832198496,UNKNOWN_SOURCE,SPECTRAL_ONSET_CANDIDATE,11.609977324263038
F_MIX_01003,F_MIX,201.5027664399093,8886272,17356,0.25541950113378675,UNKNOWN_SOURCE,SPECTRAL_ONSET_CANDIDATE,11.609977324263038
F_MIX_01004,F_MIX,201.6304761904762,8891904,17367,0.1277097505669076,UNKNOWN_SOURCE,SPECTRAL_ONSET_CANDIDATE,11.609977324263038
F_MIX_01005,F_MIX,201.87428571428572,8902656,17388,0.24380952380951726,UNKNOWN_SOURCE,SPECTRAL_ONSET_CANDIDATE,11.609977324263038
F_MIX_01006,F_MIX,201.96716553287982,8906752,17396,0.0928798185940991,UNKNOWN_SOURCE,SPECTRAL_ONSET_CANDIDATE,11.609977324263038
F_MIX_01007,F_MIX,202.23419501133787,8918528,17419,0.26702947845805625,UNKNOWN_SOURCE,SPECTRAL_ONSET_CANDIDATE,11.609977324263038
F_MIX_01008,F_MIX,202.2922448979592,8921088,17424,0.05804988662131905,UNKNOWN_SOURCE,SPECTRAL_ONSET_CANDIDATE,11.609977324263038
F_MIX_01009,F_MIX,202.6057142857143,8934912,17451,0.3134693877551058,UNKNOWN_SOURCE,SPECTRAL_ONSET_CANDIDATE,11.609977324263038
F_MIX_01010,F_MIX,202.68698412698413,8938496,17458,0.08126984126982961,UNKNOWN_SOURCE,SPECTRAL_ONSET_CANDIDATE,11.609977324263038
F_MIX_01011,F_MIX,202.87274376417233,8946688,17474,0.1857596371881982,UNKNOWN_SOURCE,SPECTRAL_ONSET_CANDIDATE,11.609977324263038
F_MIX_01012,F_MIX,203.04689342403628,8954368,17489,0.17414965986395714,UNKNOWN_SOURCE,SPECTRAL_ONSET_CANDIDATE,11.609977324263038
F_MIX_01013,F_MIX,203.32553287981858,8966656,17513,0.2786394557822973,UNKNOWN_SOURCE,SPECTRAL_ONSET_CANDIDATE,11.609977324263038
F_MIX_01014,F_MIX,203.39519274376417,8969728,17519,0.06965986394558854,UNKNOWN_SOURCE,SPECTRAL_ONSET_CANDIDATE,11.609977324263038
F_MIX_01015,F_MIX,203.66222222222223,8981504,17542,0.26702947845805625,UNKNOWN_SOURCE,SPECTRAL_ONSET_CANDIDATE,11.609977324263038
F_MIX_01016,F_MIX,203.75510204081633,8985600,17550,0.0928798185940991,UNKNOWN_SOURCE,SPECTRAL_ONSET_CANDIDATE,11.609977324263038
F_MIX_01017,F_MIX,204.03374149659865,8997888,17574,0.27863945578232574,UNKNOWN_SOURCE,SPECTRAL_ONSET_CANDIDATE,11.609977324263038
F_MIX_01018,F_MIX,204.3356009070295,9011200,17600,0.3018594104308363,UNKNOWN_SOURCE,SPECTRAL_ONSET_CANDIDATE,11.609977324263038
F_MIX_01019,F_MIX,204.70712018140588,9027584,17632,0.3715192743763964,UNKNOWN_SOURCE,SPECTRAL_ONSET_CANDIDATE,11.609977324263038
F_MIX_01020,F_MIX,204.84643990929706,9033728,17644,0.13931972789117708,UNKNOWN_SOURCE,SPECTRAL_ONSET_CANDIDATE,11.609977324263038
F_MIX_01021,F_MIX,205.06702947845804,9043456,17663,0.22058956916097827,UNKNOWN_SOURCE,SPECTRAL_ONSET_CANDIDATE,11.609977324263038
F_MIX_01022,F_MIX,205.43854875283446,9059840,17695,0.37151927437642485,UNKNOWN_SOURCE,SPECTRAL_ONSET_CANDIDATE,11.609977324263038
F_MIX_01023,F_MIX,205.5546485260771,9064960,17705,0.1160997732426381,UNKNOWN_SOURCE,SPECTRAL_ONSET_CANDIDATE,11.609977324263038
F_MIX_01024,F_MIX,205.8100680272109,9076224,17727,0.25541950113378675,UNKNOWN_SOURCE,SPECTRAL_ONSET_CANDIDATE,11.609977324263038
F_MIX_01025,F_MIX,206.16997732426304,9092096,17758,0.35990929705215535,UNKNOWN_SOURCE,SPECTRAL_ONSET_CANDIDATE,11.609977324263038
F_MIX_01026,F_MIX,206.28607709750568,9097216,17768,0.1160997732426381,UNKNOWN_SOURCE,SPECTRAL_ONSET_CANDIDATE,11.609977324263038
F_MIX_01027,F_MIX,206.50666666666666,9106944,17787,0.22058956916097827,UNKNOWN_SOURCE,SPECTRAL_ONSET_CANDIDATE,11.609977324263038
F_MIX_01028,F_MIX,206.87818594104309,9123328,17819,0.37151927437642485,UNKNOWN_SOURCE,SPECTRAL_ONSET_CANDIDATE,11.609977324263038
F_MIX_01029,F_MIX,206.99428571428572,9128448,17829,0.1160997732426381,UNKNOWN_SOURCE,SPECTRAL_ONSET_CANDIDATE,11.609977324263038
F_MIX_01030,F_MIX,207.13360544217687,9134592,17841,0.13931972789114866,UNKNOWN_SOURCE,SPECTRAL_ONSET_CANDIDATE,11.609977324263038
F_MIX_01031,F_MIX,207.26131519274375,9140224,17852,0.12770975056687917,UNKNOWN_SOURCE,SPECTRAL_ONSET_CANDIDATE,11.609977324263038
F_MIX_01032,F_MIX,207.35419501133788,9144320,17860,0.09287981859412753,UNKNOWN_SOURCE,SPECTRAL_ONSET_CANDIDATE,11.609977324263038
F_MIX_01033,F_MIX,209.258231292517,9228288,18024,1.904036281179117,UNKNOWN_SOURCE,SPECTRAL_ONSET_CANDIDATE,11.609977324263038
F_MIX_01034,F_MIX,209.43238095238095,9235968,18039,0.17414965986395714,UNKNOWN_SOURCE,SPECTRAL_ONSET_CANDIDATE,11.609977324263038
F_MIX_01035,F_MIX,209.59492063492064,9243136,18053,0.16253968253968765,UNKNOWN_SOURCE,SPECTRAL_ONSET_CANDIDATE,11.609977324263038
F_MIX_01036,F_MIX,209.98965986394558,9260544,18087,0.3947392290249354,UNKNOWN_SOURCE,SPECTRAL_ONSET_CANDIDATE,11.609977324263038
F_MIX_01037,F_MIX,210.09414965986394,9265152,18096,0.1044897959183686,UNKNOWN_SOURCE,SPECTRAL_ONSET_CANDIDATE,11.609977324263038
F_MIX_01038,F_MIX,210.17541950113377,9268736,18103,0.08126984126982961,UNKNOWN_SOURCE,SPECTRAL_ONSET_CANDIDATE,11.609977324263038
F_MIX_01039,F_MIX,210.25668934240363,9272320,18110,0.08126984126985803,UNKNOWN_SOURCE,SPECTRAL_ONSET_CANDIDATE,11.609977324263038
F_MIX_01040,F_MIX,210.34956916099773,9276416,18118,0.0928798185940991,UNKNOWN_SOURCE,SPECTRAL_ONSET_CANDIDATE,11.609977324263038
F_MIX_01041,F_MIX,210.53532879818593,9284608,18134,0.1857596371881982,UNKNOWN_SOURCE,SPECTRAL_ONSET_CANDIDATE,11.609977324263038
F_MIX_01042,F_MIX,210.62820861678006,9288704,18142,0.09287981859412753,UNKNOWN_SOURCE,SPECTRAL_ONSET_CANDIDATE,11.609977324263038
F_MIX_01043,F_MIX,210.68625850340135,9291264,18147,0.058049886621290625,UNKNOWN_SOURCE,SPECTRAL_ONSET_CANDIDATE,11.609977324263038
F_MIX_01044,F_MIX,210.82557823129252,9297408,18159,0.13931972789117708,UNKNOWN_SOURCE,SPECTRAL_ONSET_CANDIDATE,11.609977324263038
F_MIX_01045,F_MIX,210.9881179138322,9304576,18173,0.16253968253968765,UNKNOWN_SOURCE,SPECTRAL_ONSET_CANDIDATE,11.609977324263038
F_MIX_01046,F_MIX,211.05777777777777,9307648,18179,0.06965986394556012,UNKNOWN_SOURCE,SPECTRAL_ONSET_CANDIDATE,11.609977324263038
F_MIX_01047,F_MIX,211.19709750566892,9313792,18191,0.13931972789114866,UNKNOWN_SOURCE,SPECTRAL_ONSET_CANDIDATE,11.609977324263038
F_MIX_01048,F_MIX,211.3364172335601,9319936,18203,0.13931972789117708,UNKNOWN_SOURCE,SPECTRAL_ONSET_CANDIDATE,11.609977324263038
F_MIX_01049,F_MIX,211.40607709750566,9323008,18209,0.06965986394556012,UNKNOWN_SOURCE,SPECTRAL_ONSET_CANDIDATE,11.609977324263038
F_MIX_01050,F_MIX,211.44090702947847,9324544,18212,0.03482993197280848,UNKNOWN_SOURCE,SPECTRAL_ONSET_CANDIDATE,11.609977324263038
F_MIX_01051,F_MIX,211.54539682539684,9329152,18221,0.1044897959183686,UNKNOWN_SOURCE,SPECTRAL_ONSET_CANDIDATE,11.609977324263038
F_MIX_01052,F_MIX,211.69632653061225,9335808,18234,0.15092970521541815,UNKNOWN_SOURCE,SPECTRAL_ONSET_CANDIDATE,11.609977324263038
F_MIX_01053,F_MIX,211.78920634920635,9339904,18242,0.0928798185940991,UNKNOWN_SOURCE,SPECTRAL_ONSET_CANDIDATE,11.609977324263038
F_MIX_01054,F_MIX,212.0562358276644,9351680,18265,0.26702947845805625,UNKNOWN_SOURCE,SPECTRAL_ONSET_CANDIDATE,11.609977324263038
F_MIX_01055,F_MIX,212.1491156462585,9355776,18273,0.0928798185940991,UNKNOWN_SOURCE,SPECTRAL_ONSET_CANDIDATE,11.609977324263038
F_MIX_01056,F_MIX,212.4277551020408,9368064,18297,0.2786394557822973,UNKNOWN_SOURCE,SPECTRAL_ONSET_CANDIDATE,11.609977324263038
F_MIX_01057,F_MIX,212.52063492063493,9372160,18305,0.09287981859412753,UNKNOWN_SOURCE,SPECTRAL_ONSET_CANDIDATE,11.609977324263038
F_MIX_01058,F_MIX,212.78766439909296,9383936,18328,0.2670294784580278,UNKNOWN_SOURCE,SPECTRAL_ONSET_CANDIDATE,11.609977324263038
F_MIX_01059,F_MIX,212.8805442176871,9388032,18336,0.09287981859412753,UNKNOWN_SOURCE,SPECTRAL_ONSET_CANDIDATE,11.609977324263038
F_MIX_01060,F_MIX,213.14757369614512,9399808,18359,0.2670294784580278,UNKNOWN_SOURCE,SPECTRAL_ONSET_CANDIDATE,11.609977324263038
F_MIX_01061,F_MIX,213.25206349206348,9404416,18368,0.1044897959183686,UNKNOWN_SOURCE,SPECTRAL_ONSET_CANDIDATE,11.609977324263038
F_MIX_01062,F_MIX,213.50748299319727,9415680,18390,0.25541950113378675,UNKNOWN_SOURCE,SPECTRAL_ONSET_CANDIDATE,11.609977324263038
F_MIX_01063,F_MIX,213.6235827664399,9420800,18400,0.1160997732426381,UNKNOWN_SOURCE,SPECTRAL_ONSET_CANDIDATE,11.609977324263038
F_MIX_01064,F_MIX,213.8790022675737,9432064,18422,0.25541950113378675,UNKNOWN_SOURCE,SPECTRAL_ONSET_CANDIDATE,11.609977324263038
F_MIX_01065,F_MIX,214.1228117913832,9442816,18443,0.24380952380951726,UNKNOWN_SOURCE,SPECTRAL_ONSET_CANDIDATE,11.609977324263038
F_MIX_01066,F_MIX,214.25052154195012,9448448,18454,0.1277097505669076,UNKNOWN_SOURCE,SPECTRAL_ONSET_CANDIDATE,11.609977324263038
F_MIX_01067,F_MIX,214.33179138321995,9452032,18461,0.08126984126982961,UNKNOWN_SOURCE,SPECTRAL_ONSET_CANDIDATE,11.609977324263038
F_MIX_01068,F_MIX,214.598820861678,9463808,18484,0.26702947845805625,UNKNOWN_SOURCE,SPECTRAL_ONSET_CANDIDATE,11.609977324263038
F_MIX_01069,F_MIX,214.70331065759638,9468416,18493,0.1044897959183686,UNKNOWN_SOURCE,SPECTRAL_ONSET_CANDIDATE,11.609977324263038
F_MIX_01070,F_MIX,214.95873015873016,9479680,18515,0.25541950113378675,UNKNOWN_SOURCE,SPECTRAL_ONSET_CANDIDATE,11.609977324263038
F_MIX_01071,F_MIX,215.0748299319728,9484800,18525,0.1160997732426381,UNKNOWN_SOURCE,SPECTRAL_ONSET_CANDIDATE,11.609977324263038
F_MIX_01072,F_MIX,215.34185941043083,9496576,18548,0.2670294784580278,UNKNOWN_SOURCE,SPECTRAL_ONSET_CANDIDATE,11.609977324263038
F_MIX_01073,F_MIX,215.4231292517007,9500160,18555,0.08126984126985803,UNKNOWN_SOURCE,SPECTRAL_ONSET_CANDIDATE,11.609977324263038
F_MIX_01074,F_MIX,215.69015873015874,9511936,18578,0.26702947845805625,UNKNOWN_SOURCE,SPECTRAL_ONSET_CANDIDATE,11.609977324263038
F_MIX_01075,F_MIX,216.03845804988663,9527296,18608,0.34829931972788586,UNKNOWN_SOURCE,SPECTRAL_ONSET_CANDIDATE,11.609977324263038
F_MIX_01076,F_MIX,216.37514739229024,9542144,18637,0.33668934240361637,UNKNOWN_SOURCE,SPECTRAL_ONSET_CANDIDATE,11.609977324263038
F_MIX_01077,F_MIX,216.4796371882086,9546752,18646,0.1044897959183686,UNKNOWN_SOURCE,SPECTRAL_ONSET_CANDIDATE,11.609977324263038
F_MIX_01078,F_MIX,216.61895691609976,9552896,18658,0.13931972789114866,UNKNOWN_SOURCE,SPECTRAL_ONSET_CANDIDATE,11.609977324263038
F_MIX_01079,F_MIX,216.79310657596372,9560576,18673,0.17414965986395714,UNKNOWN_SOURCE,SPECTRAL_ONSET_CANDIDATE,11.609977324263038
F_MIX_01080,F_MIX,217.17623582766439,9577472,18706,0.3831292517006659,UNKNOWN_SOURCE,SPECTRAL_ONSET_CANDIDATE,11.609977324263038
F_MIX_01081,F_MIX,217.40843537414966,9587712,18726,0.2321995464852762,UNKNOWN_SOURCE,SPECTRAL_ONSET_CANDIDATE,11.609977324263038
F_MIX_01082,F_MIX,217.7799546485261,9604096,18758,0.37151927437642485,UNKNOWN_SOURCE,SPECTRAL_ONSET_CANDIDATE,11.609977324263038
F_MIX_01083,F_MIX,217.87283446712019,9608192,18766,0.0928798185940991,UNKNOWN_SOURCE,SPECTRAL_ONSET_CANDIDATE,11.609977324263038
F_MIX_01084,F_MIX,218.10503401360543,9618432,18786,0.23219954648524777,UNKNOWN_SOURCE,SPECTRAL_ONSET_CANDIDATE,11.609977324263038
F_MIX_01085,F_MIX,218.1863038548753,9622016,18793,0.08126984126985803,UNKNOWN_SOURCE,SPECTRAL_ONSET_CANDIDATE,11.609977324263038
F_MIX_01086,F_MIX,218.26757369614512,9625600,18800,0.08126984126982961,UNKNOWN_SOURCE,SPECTRAL_ONSET_CANDIDATE,11.609977324263038
F_MIX_01087,F_MIX,218.51138321995464,9636352,18821,0.24380952380951726,UNKNOWN_SOURCE,SPECTRAL_ONSET_CANDIDATE,11.609977324263038
F_MIX_01088,F_MIX,218.70875283446713,9645056,18838,0.19736961451249613,UNKNOWN_SOURCE,SPECTRAL_ONSET_CANDIDATE,11.609977324263038
F_MIX_01089,F_MIX,218.79002267573696,9648640,18845,0.08126984126982961,UNKNOWN_SOURCE,SPECTRAL_ONSET_CANDIDATE,11.609977324263038
F_MIX_01090,F_MIX,218.85968253968255,9651712,18851,0.06965986394558854,UNKNOWN_SOURCE,SPECTRAL_ONSET_CANDIDATE,11.609977324263038
F_MIX_01091,F_MIX,218.94095238095238,9655296,18858,0.08126984126982961,UNKNOWN_SOURCE,SPECTRAL_ONSET_CANDIDATE,11.609977324263038
F_MIX_01092,F_MIX,219.19637188208617,9666560,18880,0.25541950113378675,UNKNOWN_SOURCE,SPECTRAL_ONSET_CANDIDATE,11.609977324263038
F_MIX_01093,F_MIX,219.39374149659864,9675264,18897,0.1973696145124677,UNKNOWN_SOURCE,SPECTRAL_ONSET_CANDIDATE,11.609977324263038
F_MIX_01094,F_MIX,219.61433106575964,9684992,18916,0.2205895691610067,UNKNOWN_SOURCE,SPECTRAL_ONSET_CANDIDATE,11.609977324263038
F_MIX_01095,F_MIX,219.6839909297052,9688064,18922,0.06965986394556012,UNKNOWN_SOURCE,SPECTRAL_ONSET_CANDIDATE,11.609977324263038
F_MIX_01096,F_MIX,219.77687074829933,9692160,18930,0.09287981859412753,UNKNOWN_SOURCE,SPECTRAL_ONSET_CANDIDATE,11.609977324263038
F_MIX_01097,F_MIX,219.85814058956916,9695744,18937,0.08126984126982961,UNKNOWN_SOURCE,SPECTRAL_ONSET_CANDIDATE,11.609977324263038
F_MIX_01098,F_MIX,219.9974603174603,9701888,18949,0.13931972789114866,UNKNOWN_SOURCE,SPECTRAL_ONSET_CANDIDATE,11.609977324263038
F_MIX_01099,F_MIX,220.14839002267573,9708544,18962,0.15092970521541815,UNKNOWN_SOURCE,SPECTRAL_ONSET_CANDIDATE,11.609977324263038
F_MIX_01100,F_MIX,220.380589569161,9718784,18982,0.2321995464852762,UNKNOWN_SOURCE,SPECTRAL_ONSET_CANDIDATE,11.609977324263038
F_MIX_01101,F_MIX,220.86820861678004,9740288,19024,0.4876190476190345,UNKNOWN_SOURCE,SPECTRAL_ONSET_CANDIDATE,11.609977324263038
F_MIX_01102,F_MIX,221.262947845805,9757696,19058,0.39473922902496383,UNKNOWN_SOURCE,SPECTRAL_ONSET_CANDIDATE,11.609977324263038
F_MIX_01103,F_MIX,221.5183673469388,9768960,19080,0.25541950113378675,UNKNOWN_SOURCE,SPECTRAL_ONSET_CANDIDATE,11.609977324263038
F_MIX_01104,F_MIX,221.6344671201814,9774080,19090,0.11609977324260967,UNKNOWN_SOURCE,SPECTRAL_ONSET_CANDIDATE,11.609977324263038
F_MIX_01105,F_MIX,221.69251700680272,9776640,19095,0.05804988662131905,UNKNOWN_SOURCE,SPECTRAL_ONSET_CANDIDATE,11.609977324263038
F_MIX_01106,F_MIX,221.98276643990928,9789440,19120,0.2902494331065668,UNKNOWN_SOURCE,SPECTRAL_ONSET_CANDIDATE,11.609977324263038
F_MIX_01107,F_MIX,222.24979591836734,9801216,19143,0.26702947845805625,UNKNOWN_SOURCE,SPECTRAL_ONSET_CANDIDATE,11.609977324263038
F_MIX_01108,F_MIX,222.37750566893425,9806848,19154,0.1277097505669076,UNKNOWN_SOURCE,SPECTRAL_ONSET_CANDIDATE,11.609977324263038
F_MIX_01109,F_MIX,222.74902494331064,9823232,19186,0.3715192743763964,UNKNOWN_SOURCE,SPECTRAL_ONSET_CANDIDATE,11.609977324263038
F_MIX_01110,F_MIX,222.9928344671202,9833984,19207,0.24380952380954568,UNKNOWN_SOURCE,SPECTRAL_ONSET_CANDIDATE,11.609977324263038
F_MIX_01111,F_MIX,223.1089342403628,9839104,19217,0.11609977324260967,UNKNOWN_SOURCE,SPECTRAL_ONSET_CANDIDATE,11.609977324263038
F_MIX_01112,F_MIX,223.3643537414966,9850368,19239,0.25541950113378675,UNKNOWN_SOURCE,SPECTRAL_ONSET_CANDIDATE,11.609977324263038
F_MIX_01113,F_MIX,223.72426303854874,9866240,19270,0.35990929705215535,UNKNOWN_SOURCE,SPECTRAL_ONSET_CANDIDATE,11.609977324263038
F_MIX_01114,F_MIX,224.16544217687076,9885696,19308,0.4411791383220134,UNKNOWN_SOURCE,SPECTRAL_ONSET_CANDIDATE,11.609977324263038
F_MIX_01115,F_MIX,224.45569160997732,9898496,19333,0.2902494331065668,UNKNOWN_SOURCE,SPECTRAL_ONSET_CANDIDATE,11.609977324263038
F_MIX_01116,F_MIX,224.53696145124715,9902080,19340,0.08126984126982961,UNKNOWN_SOURCE,SPECTRAL_ONSET_CANDIDATE,11.609977324263038
F_MIX_01117,F_MIX,224.82721088435375,9914880,19365,0.29024943310659523,UNKNOWN_SOURCE,SPECTRAL_ONSET_CANDIDATE,11.609977324263038
F_MIX_01118,F_MIX,224.90848072562358,9918464,19372,0.08126984126982961,UNKNOWN_SOURCE,SPECTRAL_ONSET_CANDIDATE,11.609977324263038
F_MIX_01119,F_MIX,225.16390022675736,9929728,19394,0.25541950113378675,UNKNOWN_SOURCE,SPECTRAL_ONSET_CANDIDATE,11.609977324263038
F_MIX_01120,F_MIX,225.25678004535146,9933824,19402,0.0928798185940991,UNKNOWN_SOURCE,SPECTRAL_ONSET_CANDIDATE,11.609977324263038
F_MIX_01121,F_MIX,225.61668934240362,9949696,19433,0.35990929705215535,UNKNOWN_SOURCE,SPECTRAL_ONSET_CANDIDATE,11.609977324263038
F_MIX_01122,F_MIX,225.8721088435374,9960960,19455,0.25541950113378675,UNKNOWN_SOURCE,SPECTRAL_ONSET_CANDIDATE,11.609977324263038
F_MIX_01123,F_MIX,225.98820861678004,9966080,19465,0.1160997732426381,UNKNOWN_SOURCE,SPECTRAL_ONSET_CANDIDATE,11.609977324263038
F_MIX_01124,F_MIX,226.23201814058956,9976832,19486,0.24380952380951726,UNKNOWN_SOURCE,SPECTRAL_ONSET_CANDIDATE,11.609977324263038
F_MIX_01125,F_MIX,226.33650793650793,9981440,19495,0.1044897959183686,UNKNOWN_SOURCE,SPECTRAL_ONSET_CANDIDATE,11.609977324263038
F_MIX_01126,F_MIX,226.61514739229025,9993728,19519,0.27863945578232574,UNKNOWN_SOURCE,SPECTRAL_ONSET_CANDIDATE,11.609977324263038
F_MIX_01127,F_MIX,226.96344671201814,10009088,19549,0.34829931972788586,UNKNOWN_SOURCE,SPECTRAL_ONSET_CANDIDATE,11.609977324263038
F_MIX_01128,F_MIX,227.07954648526078,10014208,19559,0.1160997732426381,UNKNOWN_SOURCE,SPECTRAL_ONSET_CANDIDATE,11.609977324263038
F_MIX_01129,F_MIX,227.31174603174603,10024448,19579,0.23219954648524777,UNKNOWN_SOURCE,SPECTRAL_ONSET_CANDIDATE,11.609977324263038
F_MIX_01130,F_MIX,227.4162358276644,10029056,19588,0.1044897959183686,UNKNOWN_SOURCE,SPECTRAL_ONSET_CANDIDATE,11.609977324263038
F_MIX_01131,F_MIX,227.6600453514739,10039808,19609,0.24380952380951726,UNKNOWN_SOURCE,SPECTRAL_ONSET_CANDIDATE,11.609977324263038
F_MIX_01132,F_MIX,227.99673469387756,10054656,19638,0.3366893424036448,UNKNOWN_SOURCE,SPECTRAL_ONSET_CANDIDATE,11.609977324263038
F_MIX_01133,F_MIX,228.37986394557822,10071552,19671,0.3831292517006659,UNKNOWN_SOURCE,SPECTRAL_ONSET_CANDIDATE,11.609977324263038
F_MIX_01134,F_MIX,228.76299319727892,10088448,19704,0.38312925170069434,UNKNOWN_SOURCE,SPECTRAL_ONSET_CANDIDATE,11.609977324263038
F_MIX_01135,F_MIX,228.8907029478458,10094080,19715,0.12770975056687917,UNKNOWN_SOURCE,SPECTRAL_ONSET_CANDIDATE,11.609977324263038
F_MIX_01136,F_MIX,229.13451247165534,10104832,19736,0.24380952380954568,UNKNOWN_SOURCE,SPECTRAL_ONSET_CANDIDATE,11.609977324263038
F_MIX_01137,F_MIX,229.2390022675737,10109440,19745,0.1044897959183686,UNKNOWN_SOURCE,SPECTRAL_ONSET_CANDIDATE,11.609977324263038
F_MIX_01138,F_MIX,229.35510204081632,10114560,19755,0.11609977324260967,UNKNOWN_SOURCE,SPECTRAL_ONSET_CANDIDATE,11.609977324263038
F_MIX_01139,F_MIX,229.48281179138323,10120192,19766,0.1277097505669076,UNKNOWN_SOURCE,SPECTRAL_ONSET_CANDIDATE,11.609977324263038
F_MIX_01140,F_MIX,229.59891156462584,10125312,19776,0.11609977324260967,UNKNOWN_SOURCE,SPECTRAL_ONSET_CANDIDATE,11.609977324263038
F_MIX_01141,F_MIX,229.72662131519274,10130944,19787,0.1277097505669076,UNKNOWN_SOURCE,SPECTRAL_ONSET_CANDIDATE,11.609977324263038
F_MIX_01142,F_MIX,229.8311111111111,10135552,19796,0.1044897959183686,UNKNOWN_SOURCE,SPECTRAL_ONSET_CANDIDATE,11.609977324263038
F_MIX_01143,F_MIX,229.94721088435375,10140672,19806,0.1160997732426381,UNKNOWN_SOURCE,SPECTRAL_ONSET_CANDIDATE,11.609977324263038
F_MIX_01144,F_MIX,231.03854875283446,10188800,19900,1.0913378684807071,UNKNOWN_SOURCE,SPECTRAL_ONSET_CANDIDATE,11.609977324263038
F_MIX_01145,F_MIX,232.0950566893424,10235392,19991,1.0565079365079555,UNKNOWN_SOURCE,SPECTRAL_ONSET_CANDIDATE,11.609977324263038
F_MIX_01146,F_MIX,232.21115646258502,10240512,20001,0.11609977324260967,UNKNOWN_SOURCE,SPECTRAL_ONSET_CANDIDATE,11.609977324263038
F_MIX_01147,F_MIX,232.4433560090703,10250752,20021,0.2321995464852762,UNKNOWN_SOURCE,SPECTRAL_ONSET_CANDIDATE,11.609977324263038
F_MIX_01148,F_MIX,232.48979591836735,10252800,20025,0.04643990929704955,UNKNOWN_SOURCE,SPECTRAL_ONSET_CANDIDATE,11.609977324263038
F_MIX_01149,F_MIX,232.59428571428572,10257408,20034,0.1044897959183686,UNKNOWN_SOURCE,SPECTRAL_ONSET_CANDIDATE,11.609977324263038
F_MIX_01150,F_MIX,232.96580498866214,10273792,20066,0.37151927437642485,UNKNOWN_SOURCE,SPECTRAL_ONSET_CANDIDATE,11.609977324263038
F_MIX_01151,F_MIX,233.23283446712017,10285568,20089,0.2670294784580278,UNKNOWN_SOURCE,SPECTRAL_ONSET_CANDIDATE,11.609977324263038
F_MIX_01152,F_MIX,233.33732426303854,10290176,20098,0.1044897959183686,UNKNOWN_SOURCE,SPECTRAL_ONSET_CANDIDATE,11.609977324263038
F_MIX_01153,F_MIX,233.534693877551,10298880,20115,0.1973696145124677,UNKNOWN_SOURCE,SPECTRAL_ONSET_CANDIDATE,11.609977324263038
F_MIX_01154,F_MIX,233.74367346938774,10308096,20133,0.2089795918367372,UNKNOWN_SOURCE,SPECTRAL_ONSET_CANDIDATE,11.609977324263038
F_MIX_01155,F_MIX,233.99909297052153,10319360,20155,0.25541950113378675,UNKNOWN_SOURCE,SPECTRAL_ONSET_CANDIDATE,11.609977324263038
F_MIX_01156,F_MIX,234.09197278911566,10323456,20163,0.09287981859412753,UNKNOWN_SOURCE,SPECTRAL_ONSET_CANDIDATE,11.609977324263038
F_MIX_01157,F_MIX,234.40544217687074,10337280,20190,0.3134693877550774,UNKNOWN_SOURCE,SPECTRAL_ONSET_CANDIDATE,11.609977324263038
F_MIX_01158,F_MIX,234.4867120181406,10340864,20197,0.08126984126985803,UNKNOWN_SOURCE,SPECTRAL_ONSET_CANDIDATE,11.609977324263038
F_MIX_01159,F_MIX,234.77696145124716,10353664,20222,0.2902494331065668,UNKNOWN_SOURCE,SPECTRAL_ONSET_CANDIDATE,11.609977324263038
F_MIX_01160,F_MIX,234.85823129251702,10357248,20229,0.08126984126985803,UNKNOWN_SOURCE,SPECTRAL_ONSET_CANDIDATE,11.609977324263038
F_MIX_01161,F_MIX,235.13687074829932,10369536,20253,0.2786394557822973,UNKNOWN_SOURCE,SPECTRAL_ONSET_CANDIDATE,11.609977324263038
F_MIX_01162,F_MIX,235.22975056689341,10373632,20261,0.0928798185940991,UNKNOWN_SOURCE,SPECTRAL_ONSET_CANDIDATE,11.609977324263038
F_MIX_01163,F_MIX,235.49678004535147,10385408,20284,0.26702947845805625,UNKNOWN_SOURCE,SPECTRAL_ONSET_CANDIDATE,11.609977324263038
F_MIX_01164,F_MIX,235.58965986394557,10389504,20292,0.0928798185940991,UNKNOWN_SOURCE,SPECTRAL_ONSET_CANDIDATE,11.609977324263038
F_MIX_01165,F_MIX,235.8915192743764,10402816,20318,0.3018594104308363,UNKNOWN_SOURCE,SPECTRAL_ONSET_CANDIDATE,11.609977324263038
F_MIX_01166,F_MIX,235.98439909297053,10406912,20326,0.09287981859412753,UNKNOWN_SOURCE,SPECTRAL_ONSET_CANDIDATE,11.609977324263038
F_MIX_01167,F_MIX,236.23981859410432,10418176,20348,0.25541950113378675,UNKNOWN_SOURCE,SPECTRAL_ONSET_CANDIDATE,11.609977324263038
F_MIX_01168,F_MIX,236.3443083900227,10422784,20357,0.1044897959183686,UNKNOWN_SOURCE,SPECTRAL_ONSET_CANDIDATE,11.609977324263038
F_MIX_01169,F_MIX,236.72743764172336,10439680,20390,0.3831292517006659,UNKNOWN_SOURCE,SPECTRAL_ONSET_CANDIDATE,11.609977324263038
F_MIX_01170,F_MIX,236.87836734693877,10446336,20403,0.15092970521541815,UNKNOWN_SOURCE,SPECTRAL_ONSET_CANDIDATE,11.609977324263038
F_MIX_01171,F_MIX,236.98285714285714,10450944,20412,0.1044897959183686,UNKNOWN_SOURCE,SPECTRAL_ONSET_CANDIDATE,11.609977324263038
F_MIX_01172,F_MIX,237.06412698412697,10454528,20419,0.08126984126982961,UNKNOWN_SOURCE,SPECTRAL_ONSET_CANDIDATE,11.609977324263038
F_MIX_01173,F_MIX,237.47047619047618,10472448,20454,0.4063492063492049,UNKNOWN_SOURCE,SPECTRAL_ONSET_CANDIDATE,11.609977324263038
F_MIX_01174,F_MIX,237.71428571428572,10483200,20475,0.24380952380954568,UNKNOWN_SOURCE,SPECTRAL_ONSET_CANDIDATE,11.609977324263038
F_MIX_01175,F_MIX,237.83038548752833,10488320,20485,0.11609977324260967,UNKNOWN_SOURCE,SPECTRAL_ONSET_CANDIDATE,11.609977324263038
F_MIX_01176,F_MIX,238.12063492063493,10501120,20510,0.29024943310659523,UNKNOWN_SOURCE,SPECTRAL_ONSET_CANDIDATE,11.609977324263038
F_MIX_01177,F_MIX,238.5037641723356,10518016,20543,0.3831292517006659,UNKNOWN_SOURCE,SPECTRAL_ONSET_CANDIDATE,11.609977324263038
F_MIX_01178,F_MIX,238.57342403628118,10521088,20549,0.06965986394558854,UNKNOWN_SOURCE,SPECTRAL_ONSET_CANDIDATE,11.609977324263038
F_MIX_01179,F_MIX,238.96816326530612,10538496,20583,0.3947392290249354,UNKNOWN_SOURCE,SPECTRAL_ONSET_CANDIDATE,11.609977324263038
F_MIX_01180,F_MIX,239.0378231292517,10541568,20589,0.06965986394558854,UNKNOWN_SOURCE,SPECTRAL_ONSET_CANDIDATE,11.609977324263038
F_MIX_01181,F_MIX,239.2932426303855,10552832,20611,0.25541950113378675,UNKNOWN_SOURCE,SPECTRAL_ONSET_CANDIDATE,11.609977324263038
F_MIX_01182,F_MIX,239.32807256235827,10554368,20614,0.03482993197278006,UNKNOWN_SOURCE,SPECTRAL_ONSET_CANDIDATE,11.609977324263038
F_MIX_01183,F_MIX,239.52544217687074,10563072,20631,0.1973696145124677,UNKNOWN_SOURCE,SPECTRAL_ONSET_CANDIDATE,11.609977324263038
F_MIX_01184,F_MIX,239.71120181405897,10571264,20647,0.18575963718822663,UNKNOWN_SOURCE,SPECTRAL_ONSET_CANDIDATE,11.609977324263038
F_MIX_01185,F_MIX,239.978231292517,10583040,20670,0.2670294784580278,UNKNOWN_SOURCE,SPECTRAL_ONSET_CANDIDATE,11.609977324263038
F_MIX_01186,F_MIX,240.0130612244898,10584576,20673,0.03482993197280848,UNKNOWN_SOURCE,SPECTRAL_ONSET_CANDIDATE,11.609977324263038
F_MIX_01187,F_MIX,240.07111111111112,10587136,20678,0.05804988662131905,UNKNOWN_SOURCE,SPECTRAL_ONSET_CANDIDATE,11.609977324263038
F_MIX_01188,F_MIX,240.37297052154196,10600448,20704,0.3018594104308363,UNKNOWN_SOURCE,SPECTRAL_ONSET_CANDIDATE,11.609977324263038
F_MIX_01189,F_MIX,240.47746031746033,10605056,20713,0.1044897959183686,UNKNOWN_SOURCE,SPECTRAL_ONSET_CANDIDATE,11.609977324263038
F_MIX_01190,F_MIX,240.7677097505669,10617856,20738,0.2902494331065668,UNKNOWN_SOURCE,SPECTRAL_ONSET_CANDIDATE,11.609977324263038
F_MIX_01191,F_MIX,240.84897959183672,10621440,20745,0.08126984126982961,UNKNOWN_SOURCE,SPECTRAL_ONSET_CANDIDATE,11.609977324263038
F_MIX_01192,F_MIX,241.12761904761905,10633728,20769,0.27863945578232574,UNKNOWN_SOURCE,SPECTRAL_ONSET_CANDIDATE,11.609977324263038
F_MIX_01193,F_MIX,241.2437188208617,10638848,20779,0.1160997732426381,UNKNOWN_SOURCE,SPECTRAL_ONSET_CANDIDATE,11.609977324263038
F_MIX_01194,F_MIX,241.4875283446712,10649600,20800,0.24380952380951726,UNKNOWN_SOURCE,SPECTRAL_ONSET_CANDIDATE,11.609977324263038
F_MIX_01195,F_MIX,241.59201814058957,10654208,20809,0.1044897959183686,UNKNOWN_SOURCE,SPECTRAL_ONSET_CANDIDATE,11.609977324263038
F_MIX_01196,F_MIX,241.84743764172336,10665472,20831,0.25541950113378675,UNKNOWN_SOURCE,SPECTRAL_ONSET_CANDIDATE,11.609977324263038
F_MIX_01197,F_MIX,241.963537414966,10670592,20841,0.1160997732426381,UNKNOWN_SOURCE,SPECTRAL_ONSET_CANDIDATE,11.609977324263038
F_MIX_01198,F_MIX,242.2421768707483,10682880,20865,0.2786394557822973,UNKNOWN_SOURCE,SPECTRAL_ONSET_CANDIDATE,11.609977324263038
F_MIX_01199,F_MIX,242.34666666666666,10687488,20874,0.1044897959183686,UNKNOWN_SOURCE,SPECTRAL_ONSET_CANDIDATE,11.609977324263038
F_MIX_01200,F_MIX,242.3931065759637,10689536,20878,0.04643990929704955,UNKNOWN_SOURCE,SPECTRAL_ONSET_CANDIDATE,11.609977324263038
F_MIX_01201,F_MIX,242.59047619047618,10698240,20895,0.1973696145124677,UNKNOWN_SOURCE,SPECTRAL_ONSET_CANDIDATE,11.609977324263038
F_MIX_01202,F_MIX,242.7181859410431,10703872,20906,0.1277097505669076,UNKNOWN_SOURCE,SPECTRAL_ONSET_CANDIDATE,11.609977324263038
F_MIX_01203,F_MIX,242.98521541950115,10715648,20929,0.26702947845805625,UNKNOWN_SOURCE,SPECTRAL_ONSET_CANDIDATE,11.609977324263038
F_MIX_01204,F_MIX,243.3683446712018,10732544,20962,0.3831292517006659,UNKNOWN_SOURCE,SPECTRAL_ONSET_CANDIDATE,11.609977324263038
F_MIX_01205,F_MIX,243.47283446712018,10737152,20971,0.1044897959183686,UNKNOWN_SOURCE,SPECTRAL_ONSET_CANDIDATE,11.609977324263038
F_MIX_01206,F_MIX,243.72825396825397,10748416,20993,0.25541950113378675,UNKNOWN_SOURCE,SPECTRAL_ONSET_CANDIDATE,11.609977324263038
F_MIX_01207,F_MIX,243.85596371882087,10754048,21004,0.1277097505669076,UNKNOWN_SOURCE,SPECTRAL_ONSET_CANDIDATE,11.609977324263038
F_MIX_01208,F_MIX,244.21587301587303,10769920,21035,0.35990929705215535,UNKNOWN_SOURCE,SPECTRAL_ONSET_CANDIDATE,11.609977324263038
F_MIX_01209,F_MIX,244.49451247165533,10782208,21059,0.2786394557822973,UNKNOWN_SOURCE,SPECTRAL_ONSET_CANDIDATE,11.609977324263038
F_MIX_01210,F_MIX,244.99374149659863,10804224,21102,0.499229024943304,UNKNOWN_SOURCE,SPECTRAL_ONSET_CANDIDATE,11.609977324263038
F_MIX_01211,F_MIX,245.2607709750567,10816000,21125,0.26702947845805625,UNKNOWN_SOURCE,SPECTRAL_ONSET_CANDIDATE,11.609977324263038
F_MIX_01212,F_MIX,245.3536507936508,10820096,21133,0.0928798185940991,UNKNOWN_SOURCE,SPECTRAL_ONSET_CANDIDATE,11.609977324263038
F_MIX_01213,F_MIX,245.539410430839,10828288,21149,0.18575963718822663,UNKNOWN_SOURCE,SPECTRAL_ONSET_CANDIDATE,11.609977324263038
F_MIX_01214,F_MIX,245.73678004535148,10836992,21166,0.1973696145124677,UNKNOWN_SOURCE,SPECTRAL_ONSET_CANDIDATE,11.609977324263038
F_MIX_01215,F_MIX,245.99219954648527,10848256,21188,0.25541950113378675,UNKNOWN_SOURCE,SPECTRAL_ONSET_CANDIDATE,11.609977324263038
F_MIX_01216,F_MIX,246.11990929705215,10853888,21199,0.12770975056687917,UNKNOWN_SOURCE,SPECTRAL_ONSET_CANDIDATE,11.609977324263038
F_MIX_01217,F_MIX,246.34049886621315,10863616,21218,0.2205895691610067,UNKNOWN_SOURCE,SPECTRAL_ONSET_CANDIDATE,11.609977324263038
F_MIX_01218,F_MIX,246.50303854875284,10870784,21232,0.16253968253968765,UNKNOWN_SOURCE,SPECTRAL_ONSET_CANDIDATE,11.609977324263038
F_MIX_01219,F_MIX,246.6075283446712,10875392,21241,0.1044897959183686,UNKNOWN_SOURCE,SPECTRAL_ONSET_CANDIDATE,11.609977324263038
F_MIX_01220,F_MIX,246.75845804988663,10882048,21254,0.15092970521541815,UNKNOWN_SOURCE,SPECTRAL_ONSET_CANDIDATE,11.609977324263038
F_MIX_01221,F_MIX,246.83972789115646,10885632,21261,0.08126984126982961,UNKNOWN_SOURCE,SPECTRAL_ONSET_CANDIDATE,11.609977324263038
F_MIX_01222,F_MIX,247.1067573696145,10897408,21284,0.26702947845805625,UNKNOWN_SOURCE,SPECTRAL_ONSET_CANDIDATE,11.609977324263038
F_MIX_01223,F_MIX,247.2344671201814,10903040,21295,0.12770975056687917,UNKNOWN_SOURCE,SPECTRAL_ONSET_CANDIDATE,11.609977324263038
F_MIX_01224,F_MIX,247.47827664399094,10913792,21316,0.24380952380954568,UNKNOWN_SOURCE,SPECTRAL_ONSET_CANDIDATE,11.609977324263038
F_MIX_01225,F_MIX,247.5827664399093,10918400,21325,0.1044897959183686,UNKNOWN_SOURCE,SPECTRAL_ONSET_CANDIDATE,11.609977324263038
F_MIX_01226,F_MIX,247.9891156462585,10936320,21360,0.4063492063492049,UNKNOWN_SOURCE,SPECTRAL_ONSET_CANDIDATE,11.609977324263038
F_MIX_01227,F_MIX,248.23292517006803,10947072,21381,0.24380952380951726,UNKNOWN_SOURCE,SPECTRAL_ONSET_CANDIDATE,11.609977324263038
F_MIX_01228,F_MIX,248.2677551020408,10948608,21384,0.03482993197278006,UNKNOWN_SOURCE,SPECTRAL_ONSET_CANDIDATE,11.609977324263038
F_MIX_01229,F_MIX,248.3606349206349,10952704,21392,0.0928798185940991,UNKNOWN_SOURCE,SPECTRAL_ONSET_CANDIDATE,11.609977324263038
F_MIX_01230,F_MIX,248.5231746031746,10959872,21406,0.16253968253968765,UNKNOWN_SOURCE,SPECTRAL_ONSET_CANDIDATE,11.609977324263038
F_MIX_01231,F_MIX,248.7437641723356,10969600,21425,0.2205895691610067,UNKNOWN_SOURCE,SPECTRAL_ONSET_CANDIDATE,11.609977324263038
F_MIX_01232,F_MIX,248.9063038548753,10976768,21439,0.16253968253968765,UNKNOWN_SOURCE,SPECTRAL_ONSET_CANDIDATE,11.609977324263038
F_MIX_01233,F_MIX,248.9991836734694,10980864,21447,0.0928798185940991,UNKNOWN_SOURCE,SPECTRAL_ONSET_CANDIDATE,11.609977324263038
F_MIX_01234,F_MIX,249.11528344671203,10985984,21457,0.1160997732426381,UNKNOWN_SOURCE,SPECTRAL_ONSET_CANDIDATE,11.609977324263038
F_MIX_01235,F_MIX,249.30104308390023,10994176,21473,0.1857596371881982,UNKNOWN_SOURCE,SPECTRAL_ONSET_CANDIDATE,11.609977324263038
F_MIX_01236,F_MIX,249.3707029478458,10997248,21479,0.06965986394558854,UNKNOWN_SOURCE,SPECTRAL_ONSET_CANDIDATE,11.609977324263038
F_MIX_01237,F_MIX,249.48680272108842,11002368,21489,0.11609977324260967,UNKNOWN_SOURCE,SPECTRAL_ONSET_CANDIDATE,11.609977324263038
F_MIX_01238,F_MIX,249.73061224489797,11013120,21510,0.24380952380954568,UNKNOWN_SOURCE,SPECTRAL_ONSET_CANDIDATE,11.609977324263038
F_MIX_01239,F_MIX,249.83510204081634,11017728,21519,0.1044897959183686,UNKNOWN_SOURCE,SPECTRAL_ONSET_CANDIDATE,11.609977324263038
F_MIX_01240,F_MIX,250.20662131519273,11034112,21551,0.3715192743763964,UNKNOWN_SOURCE,SPECTRAL_ONSET_CANDIDATE,11.609977324263038
F_MIX_01241,F_MIX,250.4736507936508,11045888,21574,0.26702947845805625,UNKNOWN_SOURCE,SPECTRAL_ONSET_CANDIDATE,11.609977324263038
F_MIX_01242,F_MIX,250.57814058956916,11050496,21583,0.1044897959183686,UNKNOWN_SOURCE,SPECTRAL_ONSET_CANDIDATE,11.609977324263038
F_MIX_01243,F_MIX,250.88,11063808,21609,0.3018594104308363,UNKNOWN_SOURCE,SPECTRAL_ONSET_CANDIDATE,11.609977324263038
F_MIX_01244,F_MIX,250.9728798185941,11067904,21617,0.0928798185940991,UNKNOWN_SOURCE,SPECTRAL_ONSET_CANDIDATE,11.609977324263038
F_MIX_01245,F_MIX,251.23990929705215,11079680,21640,0.26702947845805625,UNKNOWN_SOURCE,SPECTRAL_ONSET_CANDIDATE,11.609977324263038
F_MIX_01246,F_MIX,251.33278911564625,11083776,21648,0.0928798185940991,UNKNOWN_SOURCE,SPECTRAL_ONSET_CANDIDATE,11.609977324263038
F_MIX_01247,F_MIX,251.36761904761906,11085312,21651,0.03482993197280848,UNKNOWN_SOURCE,SPECTRAL_ONSET_CANDIDATE,11.609977324263038
F_MIX_01248,F_MIX,251.71591836734694,11100672,21681,0.34829931972788586,UNKNOWN_SOURCE,SPECTRAL_ONSET_CANDIDATE,11.609977324263038
F_MIX_01249,F_MIX,251.8552380952381,11106816,21693,0.13931972789114866,UNKNOWN_SOURCE,SPECTRAL_ONSET_CANDIDATE,11.609977324263038
F_MIX_01250,F_MIX,251.97133786848073,11111936,21703,0.1160997732426381,UNKNOWN_SOURCE,SPECTRAL_ONSET_CANDIDATE,11.609977324263038
F_MIX_01251,F_MIX,252.08743764172337,11117056,21713,0.1160997732426381,UNKNOWN_SOURCE,SPECTRAL_ONSET_CANDIDATE,11.609977324263038
F_MIX_01252,F_MIX,252.2615873015873,11124736,21728,0.17414965986392872,UNKNOWN_SOURCE,SPECTRAL_ONSET_CANDIDATE,11.609977324263038
F_MIX_01253,F_MIX,252.45895691609977,11133440,21745,0.1973696145124677,UNKNOWN_SOURCE,SPECTRAL_ONSET_CANDIDATE,11.609977324263038
F_MIX_01254,F_MIX,252.72598639455782,11145216,21768,0.26702947845805625,UNKNOWN_SOURCE,SPECTRAL_ONSET_CANDIDATE,11.609977324263038
F_MIX_01255,F_MIX,252.81886621315192,11149312,21776,0.0928798185940991,UNKNOWN_SOURCE,SPECTRAL_ONSET_CANDIDATE,11.609977324263038
F_MIX_01256,F_MIX,253.09750566893425,11161600,21800,0.27863945578232574,UNKNOWN_SOURCE,SPECTRAL_ONSET_CANDIDATE,11.609977324263038
F_MIX_01257,F_MIX,253.20199546485262,11166208,21809,0.1044897959183686,UNKNOWN_SOURCE,SPECTRAL_ONSET_CANDIDATE,11.609977324263038
F_MIX_01258,F_MIX,253.56190476190477,11182080,21840,0.35990929705215535,UNKNOWN_SOURCE,SPECTRAL_ONSET_CANDIDATE,11.609977324263038
F_MIX_01259,F_MIX,253.9566439909297,11199488,21874,0.3947392290249354,UNKNOWN_SOURCE,SPECTRAL_ONSET_CANDIDATE,11.609977324263038
F_MIX_01260,F_MIX,254.2120634920635,11210752,21896,0.25541950113378675,UNKNOWN_SOURCE,SPECTRAL_ONSET_CANDIDATE,11.609977324263038
F_MIX_01261,F_MIX,254.33977324263037,11216384,21907,0.12770975056687917,UNKNOWN_SOURCE,SPECTRAL_ONSET_CANDIDATE,11.609977324263038
F_MIX_01262,F_MIX,254.63002267573697,11229184,21932,0.29024943310659523,UNKNOWN_SOURCE,SPECTRAL_ONSET_CANDIDATE,11.609977324263038
F_MIX_01263,F_MIX,254.69968253968253,11232256,21938,0.06965986394556012,UNKNOWN_SOURCE,SPECTRAL_ONSET_CANDIDATE,11.609977324263038
F_MIX_01264,F_MIX,254.98993197278912,11245056,21963,0.29024943310659523,UNKNOWN_SOURCE,SPECTRAL_ONSET_CANDIDATE,11.609977324263038
F_MIX_01265,F_MIX,255.3730612244898,11261952,21996,0.3831292517006659,UNKNOWN_SOURCE,SPECTRAL_ONSET_CANDIDATE,11.609977324263038
F_MIX_01266,F_MIX,255.4659410430839,11266048,22004,0.0928798185940991,UNKNOWN_SOURCE,SPECTRAL_ONSET_CANDIDATE,11.609977324263038
F_MIX_01267,F_MIX,255.75619047619048,11278848,22029,0.29024943310659523,UNKNOWN_SOURCE,SPECTRAL_ONSET_CANDIDATE,11.609977324263038
F_MIX_01268,F_MIX,255.8374603174603,11282432,22036,0.08126984126982961,UNKNOWN_SOURCE,SPECTRAL_ONSET_CANDIDATE,11.609977324263038
F_MIX_01269,F_MIX,256.1857596371882,11297792,22066,0.34829931972788586,UNKNOWN_SOURCE,SPECTRAL_ONSET_CANDIDATE,11.609977324263038
F_MIX_01270,F_MIX,256.24380952380955,11300352,22071,0.05804988662134747,UNKNOWN_SOURCE,SPECTRAL_ONSET_CANDIDATE,11.609977324263038
F_MIX_01271,F_MIX,256.5921088435374,11315712,22101,0.34829931972785744,UNKNOWN_SOURCE,SPECTRAL_ONSET_CANDIDATE,11.609977324263038
F_MIX_01272,F_MIX,256.6269387755102,11317248,22104,0.03482993197280848,UNKNOWN_SOURCE,SPECTRAL_ONSET_CANDIDATE,11.609977324263038
F_MIX_01273,F_MIX,256.6965986394558,11320320,22110,0.06965986394556012,UNKNOWN_SOURCE,SPECTRAL_ONSET_CANDIDATE,11.609977324263038
F_MIX_01274,F_MIX,256.97523809523807,11332608,22134,0.2786394557822973,UNKNOWN_SOURCE,SPECTRAL_ONSET_CANDIDATE,11.609977324263038
F_MIX_01275,F_MIX,257.3583673469388,11349504,22167,0.38312925170072276,UNKNOWN_SOURCE,SPECTRAL_ONSET_CANDIDATE,11.609977324263038
F_MIX_01276,F_MIX,257.39319727891154,11351040,22170,0.03482993197275164,UNKNOWN_SOURCE,SPECTRAL_ONSET_CANDIDATE,11.609977324263038
F_MIX_01277,F_MIX,257.7298866213152,11365888,22199,0.3366893424036448,UNKNOWN_SOURCE,SPECTRAL_ONSET_CANDIDATE,11.609977324263038
F_MIX_01278,F_MIX,258.02013605442176,11378688,22224,0.2902494331065668,UNKNOWN_SOURCE,SPECTRAL_ONSET_CANDIDATE,11.609977324263038
F_MIX_01279,F_MIX,258.0781859410431,11381248,22229,0.05804988662134747,UNKNOWN_SOURCE,SPECTRAL_ONSET_CANDIDATE,11.609977324263038
F_MIX_01280,F_MIX,258.4497052154195,11397632,22261,0.3715192743763964,UNKNOWN_SOURCE,SPECTRAL_ONSET_CANDIDATE,11.609977324263038
F_MIX_01281,F_MIX,258.4845351473923,11399168,22264,0.03482993197280848,UNKNOWN_SOURCE,SPECTRAL_ONSET_CANDIDATE,11.609977324263038
F_MIX_01282,F_MIX,258.7631746031746,11411456,22288,0.2786394557822973,UNKNOWN_SOURCE,SPECTRAL_ONSET_CANDIDATE,11.609977324263038
F_MIX_01283,F_MIX,258.83283446712016,11414528,22294,0.06965986394556012,UNKNOWN_SOURCE,SPECTRAL_ONSET_CANDIDATE,11.609977324263038
F_MIX_01284,F_MIX,259.12308390022673,11427328,22319,0.2902494331065668,UNKNOWN_SOURCE,SPECTRAL_ONSET_CANDIDATE,11.609977324263038
F_MIX_01285,F_MIX,259.2043537414966,11430912,22326,0.08126984126988646,UNKNOWN_SOURCE,SPECTRAL_ONSET_CANDIDATE,11.609977324263038
F_MIX_01286,F_MIX,259.4946031746032,11443712,22351,0.2902494331065668,UNKNOWN_SOURCE,SPECTRAL_ONSET_CANDIDATE,11.609977324263038
F_MIX_01287,F_MIX,259.575873015873,11447296,22358,0.08126984126982961,UNKNOWN_SOURCE,SPECTRAL_ONSET_CANDIDATE,11.609977324263038
F_MIX_01288,F_MIX,259.7616326530612,11455488,22374,0.1857596371881982,UNKNOWN_SOURCE,SPECTRAL_ONSET_CANDIDATE,11.609977324263038
F_MIX_01289,F_MIX,259.8545124716553,11459584,22382,0.0928798185940991,UNKNOWN_SOURCE,SPECTRAL_ONSET_CANDIDATE,11.609977324263038
F_MIX_01290,F_MIX,259.9473922902494,11463680,22390,0.0928798185940991,UNKNOWN_SOURCE,SPECTRAL_ONSET_CANDIDATE,11.609977324263038
F_MIX_01291,F_MIX,260.23764172335603,11476480,22415,0.29024943310662366,UNKNOWN_SOURCE,SPECTRAL_ONSET_CANDIDATE,11.609977324263038
F_MIX_01292,F_MIX,260.3073015873016,11479552,22421,0.06965986394556012,UNKNOWN_SOURCE,SPECTRAL_ONSET_CANDIDATE,11.609977324263038
F_MIX_01293,F_MIX,260.59755102040816,11492352,22446,0.2902494331065668,UNKNOWN_SOURCE,SPECTRAL_ONSET_CANDIDATE,11.609977324263038
F_MIX_01294,F_MIX,260.678820861678,11495936,22453,0.08126984126982961,UNKNOWN_SOURCE,SPECTRAL_ONSET_CANDIDATE,11.609977324263038
F_MIX_01295,F_MIX,260.9806802721088,11509248,22479,0.3018594104308363,UNKNOWN_SOURCE,SPECTRAL_ONSET_CANDIDATE,11.609977324263038
F_MIX_01296,F_MIX,261.05034013605444,11512320,22485,0.06965986394561696,UNKNOWN_SOURCE,SPECTRAL_ONSET_CANDIDATE,11.609977324263038
F_MIX_01297,F_MIX,261.0851700680272,11513856,22488,0.03482993197275164,UNKNOWN_SOURCE,SPECTRAL_ONSET_CANDIDATE,11.609977324263038
F_MIX_01298,F_MIX,261.41024943310657,11528192,22516,0.3250793650793753,UNKNOWN_SOURCE,SPECTRAL_ONSET_CANDIDATE,11.609977324263038
F_MIX_01299,F_MIX,261.70049886621314,11540992,22541,0.2902494331065668,UNKNOWN_SOURCE,SPECTRAL_ONSET_CANDIDATE,11.609977324263038
F_MIX_01300,F_MIX,261.77015873015876,11544064,22547,0.06965986394561696,UNKNOWN_SOURCE,SPECTRAL_ONSET_CANDIDATE,11.609977324263038
F_MIX_01301,F_MIX,261.9675283446712,11552768,22564,0.1973696145124677,UNKNOWN_SOURCE,SPECTRAL_ONSET_CANDIDATE,11.609977324263038
F_MIX_01302,F_MIX,262.04879818594105,11556352,22571,0.08126984126982961,UNKNOWN_SOURCE,SPECTRAL_ONSET_CANDIDATE,11.609977324263038
F_MIX_01303,F_MIX,262.32743764172335,11568640,22595,0.2786394557822973,UNKNOWN_SOURCE,SPECTRAL_ONSET_CANDIDATE,11.609977324263038
F_MIX_01304,F_MIX,262.443537414966,11573760,22605,0.1160997732426381,UNKNOWN_SOURCE,SPECTRAL_ONSET_CANDIDATE,11.609977324263038
F_MIX_01305,F_MIX,262.51319727891155,11576832,22611,0.06965986394556012,UNKNOWN_SOURCE,SPECTRAL_ONSET_CANDIDATE,11.609977324263038
F_MIX_01306,F_MIX,262.78022675736963,11588608,22634,0.26702947845808467,UNKNOWN_SOURCE,SPECTRAL_ONSET_CANDIDATE,11.609977324263038
F_MIX_01307,F_MIX,262.884716553288,11593216,22643,0.1044897959183686,UNKNOWN_SOURCE,SPECTRAL_ONSET_CANDIDATE,11.609977324263038
F_MIX_01308,F_MIX,263.15174603174603,11604992,22666,0.2670294784580278,UNKNOWN_SOURCE,SPECTRAL_ONSET_CANDIDATE,11.609977324263038
F_MIX_01309,F_MIX,263.5232653061224,11621376,22698,0.3715192743763964,UNKNOWN_SOURCE,SPECTRAL_ONSET_CANDIDATE,11.609977324263038
F_MIX_01310,F_MIX,263.6161451247166,11625472,22706,0.09287981859415595,UNKNOWN_SOURCE,SPECTRAL_ONSET_CANDIDATE,11.609977324263038
F_MIX_01311,F_MIX,263.8831746031746,11637248,22729,0.2670294784580278,UNKNOWN_SOURCE,SPECTRAL_ONSET_CANDIDATE,11.609977324263038
F_MIX_01312,F_MIX,264.3243537414966,11656704,22767,0.4411791383220134,UNKNOWN_SOURCE,SPECTRAL_ONSET_CANDIDATE,11.609977324263038
F_MIX_01313,F_MIX,264.59138321995465,11668480,22790,0.2670294784580278,UNKNOWN_SOURCE,SPECTRAL_ONSET_CANDIDATE,11.609977324263038
F_MIX_01314,F_MIX,264.695873015873,11673088,22799,0.1044897959183686,UNKNOWN_SOURCE,SPECTRAL_ONSET_CANDIDATE,11.609977324263038
F_MIX_01315,F_MIX,264.96290249433105,11684864,22822,0.2670294784580278,UNKNOWN_SOURCE,SPECTRAL_ONSET_CANDIDATE,11.609977324263038
F_MIX_01316,F_MIX,265.05578231292515,11688960,22830,0.0928798185940991,UNKNOWN_SOURCE,SPECTRAL_ONSET_CANDIDATE,11.609977324263038
F_MIX_01317,F_MIX,265.31120181405896,11700224,22852,0.2554195011338152,UNKNOWN_SOURCE,SPECTRAL_ONSET_CANDIDATE,11.609977324263038
F_MIX_01318,F_MIX,265.41569160997733,11704832,22861,0.1044897959183686,UNKNOWN_SOURCE,SPECTRAL_ONSET_CANDIDATE,11.609977324263038
F_MIX_01319,F_MIX,265.6711111111111,11716096,22883,0.25541950113375833,UNKNOWN_SOURCE,SPECTRAL_ONSET_CANDIDATE,11.609977324263038
F_MIX_01320,F_MIX,265.7872108843537,11721216,22893,0.1160997732426381,UNKNOWN_SOURCE,SPECTRAL_ONSET_CANDIDATE,11.609977324263038
F_MIX_01321,F_MIX,266.0310204081633,11731968,22914,0.24380952380954568,UNKNOWN_SOURCE,SPECTRAL_ONSET_CANDIDATE,11.609977324263038
F_MIX_01322,F_MIX,266.13551020408164,11736576,22923,0.1044897959183686,UNKNOWN_SOURCE,SPECTRAL_ONSET_CANDIDATE,11.609977324263038
F_MIX_01323,F_MIX,266.40253968253967,11748352,22946,0.2670294784580278,UNKNOWN_SOURCE,SPECTRAL_ONSET_CANDIDATE,11.609977324263038
F_MIX_01324,F_MIX,266.5302494331066,11753984,22957,0.1277097505669076,UNKNOWN_SOURCE,SPECTRAL_ONSET_CANDIDATE,11.609977324263038
F_MIX_01325,F_MIX,266.7740589569161,11764736,22978,0.24380952380954568,UNKNOWN_SOURCE,SPECTRAL_ONSET_CANDIDATE,11.609977324263038
F_MIX_01326,F_MIX,266.8785487528345,11769344,22987,0.1044897959183686,UNKNOWN_SOURCE,SPECTRAL_ONSET_CANDIDATE,11.609977324263038
F_MIX_01327,F_MIX,267.1455782312925,11781120,23010,0.2670294784580278,UNKNOWN_SOURCE,SPECTRAL_ONSET_CANDIDATE,11.609977324263038
F_MIX_01328,F_MIX,267.2732879818594,11786752,23021,0.1277097505669076,UNKNOWN_SOURCE,SPECTRAL_ONSET_CANDIDATE,11.609977324263038
F_MIX_01329,F_MIX,267.50548752834464,11796992,23041,0.23219954648521934,UNKNOWN_SOURCE,SPECTRAL_ONSET_CANDIDATE,11.609977324263038
F_MIX_01330,F_MIX,267.6215873015873,11802112,23051,0.1160997732426381,UNKNOWN_SOURCE,SPECTRAL_ONSET_CANDIDATE,11.609977324263038
F_MIX_01331,F_MIX,267.8770068027211,11813376,23073,0.2554195011338152,UNKNOWN_SOURCE,SPECTRAL_ONSET_CANDIDATE,11.609977324263038
F_MIX_01332,F_MIX,268.35301587301586,11834368,23114,0.476009070294765,UNKNOWN_SOURCE,SPECTRAL_ONSET_CANDIDATE,11.609977324263038
F_MIX_01333,F_MIX,268.62004535147395,11846144,23137,0.26702947845808467,UNKNOWN_SOURCE,SPECTRAL_ONSET_CANDIDATE,11.609977324263038
F_MIX_01334,F_MIX,268.73614512471653,11851264,23147,0.11609977324258125,UNKNOWN_SOURCE,SPECTRAL_ONSET_CANDIDATE,11.609977324263038
F_MIX_01335,F_MIX,269.04961451247163,11865088,23174,0.3134693877551058,UNKNOWN_SOURCE,SPECTRAL_ONSET_CANDIDATE,11.609977324263038
F_MIX_01336,F_MIX,269.107664399093,11867648,23179,0.05804988662134747,UNKNOWN_SOURCE,SPECTRAL_ONSET_CANDIDATE,11.609977324263038
F_MIX_01337,F_MIX,269.5140136054422,11885568,23214,0.4063492063492049,UNKNOWN_SOURCE,SPECTRAL_ONSET_CANDIDATE,11.609977324263038
F_MIX_01338,F_MIX,269.7229931972789,11894784,23232,0.2089795918367372,UNKNOWN_SOURCE,SPECTRAL_ONSET_CANDIDATE,11.609977324263038
F_MIX_01339,F_MIX,269.7926530612245,11897856,23238,0.06965986394556012,UNKNOWN_SOURCE,SPECTRAL_ONSET_CANDIDATE,11.609977324263038
F_MIX_01340,F_MIX,269.8855328798186,11901952,23246,0.0928798185940991,UNKNOWN_SOURCE,SPECTRAL_ONSET_CANDIDATE,11.609977324263038
F_MIX_01341,F_MIX,270.02485260770976,11908096,23258,0.13931972789117708,UNKNOWN_SOURCE,SPECTRAL_ONSET_CANDIDATE,11.609977324263038
F_MIX_01342,F_MIX,270.17578231292515,11914752,23271,0.15092970521538973,UNKNOWN_SOURCE,SPECTRAL_ONSET_CANDIDATE,11.609977324263038
F_MIX_01343,F_MIX,270.2802721088435,11919360,23280,0.1044897959183686,UNKNOWN_SOURCE,SPECTRAL_ONSET_CANDIDATE,11.609977324263038
F_MIX_01344,F_MIX,270.43120181405897,11926016,23293,0.15092970521544657,UNKNOWN_SOURCE,SPECTRAL_ONSET_CANDIDATE,11.609977324263038
F_MIX_01345,F_MIX,270.52408163265306,11930112,23301,0.0928798185940991,UNKNOWN_SOURCE,SPECTRAL_ONSET_CANDIDATE,11.609977324263038
F_MIX_01346,F_MIX,270.65179138322,11935744,23312,0.1277097505669076,UNKNOWN_SOURCE,SPECTRAL_ONSET_CANDIDATE,11.609977324263038
F_MIX_01347,F_MIX,270.8607709750567,11944960,23330,0.2089795918367372,UNKNOWN_SOURCE,SPECTRAL_ONSET_CANDIDATE,11.609977324263038
F_MIX_01348,F_MIX,271.11619047619047,11956224,23352,0.25541950113375833,UNKNOWN_SOURCE,SPECTRAL_ONSET_CANDIDATE,11.609977324263038
F_MIX_01349,F_MIX,271.2671201814059,11962880,23365,0.15092970521544657,UNKNOWN_SOURCE,SPECTRAL_ONSET_CANDIDATE,11.609977324263038
F_MIX_01350,F_MIX,271.36,11966976,23373,0.0928798185940991,UNKNOWN_SOURCE,SPECTRAL_ONSET_CANDIDATE,11.609977324263038
F_MIX_01351,F_MIX,271.75473922902495,11984384,23407,0.3947392290249354,UNKNOWN_SOURCE,SPECTRAL_ONSET_CANDIDATE,11.609977324263038
F_MIX_01352,F_MIX,272.0101587301587,11995648,23429,0.25541950113375833,UNKNOWN_SOURCE,SPECTRAL_ONSET_CANDIDATE,11.609977324263038
F_MIX_01353,F_MIX,272.1146485260771,12000256,23438,0.1044897959183686,UNKNOWN_SOURCE,SPECTRAL_ONSET_CANDIDATE,11.609977324263038
F_MIX_01354,F_MIX,272.19591836734696,12003840,23445,0.08126984126988646,UNKNOWN_SOURCE,SPECTRAL_ONSET_CANDIDATE,11.609977324263038
F_MIX_01355,F_MIX,272.5209977324263,12018176,23473,0.32507936507931845,UNKNOWN_SOURCE,SPECTRAL_ONSET_CANDIDATE,11.609977324263038
F_MIX_01356,F_MIX,272.78802721088437,12029952,23496,0.26702947845808467,UNKNOWN_SOURCE,SPECTRAL_ONSET_CANDIDATE,11.609977324263038
F_MIX_01357,F_MIX,272.89251700680273,12034560,23505,0.1044897959183686,UNKNOWN_SOURCE,SPECTRAL_ONSET_CANDIDATE,11.609977324263038
F_MIX_01358,F_MIX,273.26403628117913,12050944,23537,0.3715192743763964,UNKNOWN_SOURCE,SPECTRAL_ONSET_CANDIDATE,11.609977324263038
F_MIX_01359,F_MIX,273.5078458049887,12061696,23558,0.24380952380954568,UNKNOWN_SOURCE,SPECTRAL_ONSET_CANDIDATE,11.609977324263038
F_MIX_01360,F_MIX,273.6239455782313,12066816,23568,0.1160997732426381,UNKNOWN_SOURCE,SPECTRAL_ONSET_CANDIDATE,11.609977324263038
F_MIX_01361,F_MIX,273.89097505668934,12078592,23591,0.2670294784580278,UNKNOWN_SOURCE,SPECTRAL_ONSET_CANDIDATE,11.609977324263038
F_MIX_01362,F_MIX,274.007074829932,12083712,23601,0.1160997732426381,UNKNOWN_SOURCE,SPECTRAL_ONSET_CANDIDATE,11.609977324263038
F_MIX_01363,F_MIX,274.27410430839,12095488,23624,0.2670294784580278,UNKNOWN_SOURCE,SPECTRAL_ONSET_CANDIDATE,11.609977324263038
F_MIX_01364,F_MIX,274.35537414965984,12099072,23631,0.08126984126982961,UNKNOWN_SOURCE,SPECTRAL_ONSET_CANDIDATE,11.609977324263038
F_MIX_01365,F_MIX,274.75011337868483,12116480,23665,0.39473922902499226,UNKNOWN_SOURCE,SPECTRAL_ONSET_CANDIDATE,11.609977324263038
F_MIX_01366,F_MIX,275.01714285714286,12128256,23688,0.2670294784580278,UNKNOWN_SOURCE,SPECTRAL_ONSET_CANDIDATE,11.609977324263038
F_MIX_01367,F_MIX,275.1216326530612,12132864,23697,0.1044897959183686,UNKNOWN_SOURCE,SPECTRAL_ONSET_CANDIDATE,11.609977324263038
F_MIX_01368,F_MIX,275.1796825396825,12135424,23702,0.058049886621290625,UNKNOWN_SOURCE,SPECTRAL_ONSET_CANDIDATE,11.609977324263038
F_MIX_01369,F_MIX,275.51637188208616,12150272,23731,0.3366893424036448,UNKNOWN_SOURCE,SPECTRAL_ONSET_CANDIDATE,11.609977324263038
F_MIX_01370,F_MIX,275.79501133786846,12162560,23755,0.2786394557822973,UNKNOWN_SOURCE,SPECTRAL_ONSET_CANDIDATE,11.609977324263038
F_MIX_01371,F_MIX,275.8995011337868,12167168,23764,0.1044897959183686,UNKNOWN_SOURCE,SPECTRAL_ONSET_CANDIDATE,11.609977324263038
F_MIX_01372,F_MIX,276.259410430839,12183040,23795,0.3599092970521838,UNKNOWN_SOURCE,SPECTRAL_ONSET_CANDIDATE,11.609977324263038
F_MIX_01373,F_MIX,276.52643990929704,12194816,23818,0.2670294784580278,UNKNOWN_SOURCE,SPECTRAL_ONSET_CANDIDATE,11.609977324263038
F_MIX_01374,F_MIX,276.6309297052154,12199424,23827,0.1044897959183686,UNKNOWN_SOURCE,SPECTRAL_ONSET_CANDIDATE,11.609977324263038
F_MIX_01375,F_MIX,276.9095691609977,12211712,23851,0.2786394557822973,UNKNOWN_SOURCE,SPECTRAL_ONSET_CANDIDATE,11.609977324263038
F_MIX_01376,F_MIX,277.0140589569161,12216320,23860,0.1044897959183686,UNKNOWN_SOURCE,SPECTRAL_ONSET_CANDIDATE,11.609977324263038
F_MIX_01377,F_MIX,277.2694784580499,12227584,23882,0.2554195011338152,UNKNOWN_SOURCE,SPECTRAL_ONSET_CANDIDATE,11.609977324263038
F_MIX_01378,F_MIX,277.362358276644,12231680,23890,0.0928798185940991,UNKNOWN_SOURCE,SPECTRAL_ONSET_CANDIDATE,11.609977324263038
F_MIX_01379,F_MIX,277.74548752834465,12248576,23923,0.3831292517006659,UNKNOWN_SOURCE,SPECTRAL_ONSET_CANDIDATE,11.609977324263038
F_MIX_01380,F_MIX,278.00090702947847,12259840,23945,0.2554195011338152,UNKNOWN_SOURCE,SPECTRAL_ONSET_CANDIDATE,11.609977324263038
F_MIX_01381,F_MIX,278.10539682539684,12264448,23954,0.1044897959183686,UNKNOWN_SOURCE,SPECTRAL_ONSET_CANDIDATE,11.609977324263038
F_MIX_01382,F_MIX,278.4885260770975,12281344,23987,0.3831292517006659,UNKNOWN_SOURCE,SPECTRAL_ONSET_CANDIDATE,11.609977324263038
F_MIX_01383,F_MIX,278.7439455782313,12292608,24009,0.2554195011338152,UNKNOWN_SOURCE,SPECTRAL_ONSET_CANDIDATE,11.609977324263038
F_MIX_01384,F_MIX,278.8484353741497,12297216,24018,0.1044897959183686,UNKNOWN_SOURCE,SPECTRAL_ONSET_CANDIDATE,11.609977324263038
F_MIX_01385,F_MIX,279.1154648526077,12308992,24041,0.2670294784580278,UNKNOWN_SOURCE,SPECTRAL_ONSET_CANDIDATE,11.609977324263038
F_MIX_01386,F_MIX,279.23156462585035,12314112,24051,0.1160997732426381,UNKNOWN_SOURCE,SPECTRAL_ONSET_CANDIDATE,11.609977324263038
F_MIX_01387,F_MIX,279.4869841269841,12325376,24073,0.25541950113375833,UNKNOWN_SOURCE,SPECTRAL_ONSET_CANDIDATE,11.609977324263038
F_MIX_01388,F_MIX,279.5798639455782,12329472,24081,0.0928798185940991,UNKNOWN_SOURCE,SPECTRAL_ONSET_CANDIDATE,11.609977324263038
F_MIX_01389,F_MIX,279.8468934240363,12341248,24104,0.26702947845808467,UNKNOWN_SOURCE,SPECTRAL_ONSET_CANDIDATE,11.609977324263038
F_MIX_01390,F_MIX,279.97460317460315,12346880,24115,0.12770975056685074,UNKNOWN_SOURCE,SPECTRAL_ONSET_CANDIDATE,11.609977324263038
F_MIX_01391,F_MIX,280.2532426303855,12359168,24139,0.27863945578235416,UNKNOWN_SOURCE,SPECTRAL_ONSET_CANDIDATE,11.609977324263038
F_MIX_01392,F_MIX,280.3112925170068,12361728,24144,0.058049886621290625,UNKNOWN_SOURCE,SPECTRAL_ONSET_CANDIDATE,11.609977324263038
F_MIX_01393,F_MIX,280.7060317460317,12379136,24178,0.3947392290249354,UNKNOWN_SOURCE,SPECTRAL_ONSET_CANDIDATE,11.609977324263038
F_MIX_01394,F_MIX,281.0659410430839,12395008,24209,0.3599092970521838,UNKNOWN_SOURCE,SPECTRAL_ONSET_CANDIDATE,11.609977324263038
F_MIX_01395,F_MIX,281.2633106575964,12403712,24226,0.1973696145124677,UNKNOWN_SOURCE,SPECTRAL_ONSET_CANDIDATE,11.609977324263038
F_MIX_01396,F_MIX,281.4374603174603,12411392,24241,0.17414965986392872,UNKNOWN_SOURCE,SPECTRAL_ONSET_CANDIDATE,11.609977324263038
F_MIX_01397,F_MIX,281.7625396825397,12425728,24269,0.3250793650793753,UNKNOWN_SOURCE,SPECTRAL_ONSET_CANDIDATE,11.609977324263038
F_MIX_01398,F_MIX,281.80897959183676,12427776,24273,0.046439909297077975,UNKNOWN_SOURCE,SPECTRAL_ONSET_CANDIDATE,11.609977324263038
F_MIX_01399,F_MIX,282.18049886621316,12444160,24305,0.3715192743763964,UNKNOWN_SOURCE,SPECTRAL_ONSET_CANDIDATE,11.609977324263038
F_MIX_01400,F_MIX,282.5404081632653,12460032,24336,0.35990929705212693,UNKNOWN_SOURCE,SPECTRAL_ONSET_CANDIDATE,11.609977324263038
F_MIX_01401,F_MIX,282.8538775510204,12473856,24363,0.3134693877551058,UNKNOWN_SOURCE,SPECTRAL_ONSET_CANDIDATE,11.609977324263038
F_MIX_01402,F_MIX,282.91192743764174,12476416,24368,0.05804988662134747,UNKNOWN_SOURCE,SPECTRAL_ONSET_CANDIDATE,11.609977324263038
F_MIX_01403,F_MIX,283.17895691609976,12488192,24391,0.2670294784580278,UNKNOWN_SOURCE,SPECTRAL_ONSET_CANDIDATE,11.609977324263038
F_MIX_01404,F_MIX,283.2137868480726,12489728,24394,0.03482993197280848,UNKNOWN_SOURCE,SPECTRAL_ONSET_CANDIDATE,11.609977324263038
F_MIX_01405,F_MIX,283.2950566893424,12493312,24401,0.08126984126982961,UNKNOWN_SOURCE,SPECTRAL_ONSET_CANDIDATE,11.609977324263038
F_MIX_01406,F_MIX,283.4227664399093,12498944,24412,0.1277097505669076,UNKNOWN_SOURCE,SPECTRAL_ONSET_CANDIDATE,11.609977324263038
F_MIX_01407,F_MIX,283.58530612244897,12506112,24426,0.16253968253965922,UNKNOWN_SOURCE,SPECTRAL_ONSET_CANDIDATE,11.609977324263038
F_MIX_01408,F_MIX,283.6433560090703,12508672,24431,0.05804988662134747,UNKNOWN_SOURCE,SPECTRAL_ONSET_CANDIDATE,11.609977324263038
F_MIX_01409,F_MIX,283.9568253968254,12522496,24458,0.3134693877551058,UNKNOWN_SOURCE,SPECTRAL_ONSET_CANDIDATE,11.609977324263038
F_MIX_01410,F_MIX,284.0148752834467,12525056,24463,0.058049886621290625,UNKNOWN_SOURCE,SPECTRAL_ONSET_CANDIDATE,11.609977324263038
F_MIX_01411,F_MIX,284.3051247165533,12537856,24488,0.2902494331065668,UNKNOWN_SOURCE,SPECTRAL_ONSET_CANDIDATE,11.609977324263038
F_MIX_01412,F_MIX,284.3863945578231,12541440,24495,0.08126984126982961,UNKNOWN_SOURCE,SPECTRAL_ONSET_CANDIDATE,11.609977324263038
F_MIX_01413,F_MIX,284.67664399092973,12554240,24520,0.29024943310662366,UNKNOWN_SOURCE,SPECTRAL_ONSET_CANDIDATE,11.609977324263038
F_MIX_01414,F_MIX,284.7463038548753,12557312,24526,0.06965986394556012,UNKNOWN_SOURCE,SPECTRAL_ONSET_CANDIDATE,11.609977324263038
F_MIX_01415,F_MIX,285.0597732426304,12571136,24553,0.3134693877551058,UNKNOWN_SOURCE,SPECTRAL_ONSET_CANDIDATE,11.609977324263038
F_MIX_01416,F_MIX,285.1062131519274,12573184,24557,0.04643990929702113,UNKNOWN_SOURCE,SPECTRAL_ONSET_CANDIDATE,11.609977324263038
F_MIX_01417,F_MIX,285.4777324263039,12589568,24589,0.37151927437645327,UNKNOWN_SOURCE,SPECTRAL_ONSET_CANDIDATE,11.609977324263038
F_MIX_01418,F_MIX,285.75637188208617,12601856,24613,0.2786394557822973,UNKNOWN_SOURCE,SPECTRAL_ONSET_CANDIDATE,11.609977324263038
F_MIX_01419,F_MIX,285.84925170068027,12605952,24621,0.0928798185940991,UNKNOWN_SOURCE,SPECTRAL_ONSET_CANDIDATE,11.609977324263038
F_MIX_01420,F_MIX,286.20916099773245,12621824,24652,0.3599092970521838,UNKNOWN_SOURCE,SPECTRAL_ONSET_CANDIDATE,11.609977324263038
F_MIX_01421,F_MIX,286.2556009070295,12623872,24656,0.04643990929702113,UNKNOWN_SOURCE,SPECTRAL_ONSET_CANDIDATE,11.609977324263038
F_MIX_01422,F_MIX,286.5690702947846,12637696,24683,0.3134693877551058,UNKNOWN_SOURCE,SPECTRAL_ONSET_CANDIDATE,11.609977324263038
F_MIX_01423,F_MIX,286.85931972789115,12650496,24708,0.2902494331065668,UNKNOWN_SOURCE,SPECTRAL_ONSET_CANDIDATE,11.609977324263038
F_MIX_01424,F_MIX,286.940589569161,12654080,24715,0.08126984126982961,UNKNOWN_SOURCE,SPECTRAL_ONSET_CANDIDATE,11.609977324263038
F_MIX_01425,F_MIX,287.0915192743764,12660736,24728,0.15092970521544657,UNKNOWN_SOURCE,SPECTRAL_ONSET_CANDIDATE,11.609977324263038
F_MIX_01426,F_MIX,287.2888888888889,12669440,24745,0.1973696145124677,UNKNOWN_SOURCE,SPECTRAL_ONSET_CANDIDATE,11.609977324263038
F_MIX_01427,F_MIX,287.3237188208617,12670976,24748,0.03482993197280848,UNKNOWN_SOURCE,SPECTRAL_ONSET_CANDIDATE,11.609977324263038
F_MIX_01428,F_MIX,287.67201814058956,12686336,24778,0.34829931972785744,UNKNOWN_SOURCE,SPECTRAL_ONSET_CANDIDATE,11.609977324263038
F_MIX_01429,F_MIX,288.0203174603175,12701696,24808,0.3482993197279143,UNKNOWN_SOURCE,SPECTRAL_ONSET_CANDIDATE,11.609977324263038
F_MIX_01430,F_MIX,288.3802267573696,12717568,24839,0.35990929705212693,UNKNOWN_SOURCE,SPECTRAL_ONSET_CANDIDATE,11.609977324263038
F_MIX_01431,F_MIX,288.57759637188207,12726272,24856,0.1973696145124677,UNKNOWN_SOURCE,SPECTRAL_ONSET_CANDIDATE,11.609977324263038
F_MIX_01432,F_MIX,288.68208616780043,12730880,24865,0.1044897959183686,UNKNOWN_SOURCE,SPECTRAL_ONSET_CANDIDATE,11.609977324263038
F_MIX_01433,F_MIX,288.7401360544218,12733440,24870,0.05804988662134747,UNKNOWN_SOURCE,SPECTRAL_ONSET_CANDIDATE,11.609977324263038
F_MIX_01434,F_MIX,289.0187755102041,12745728,24894,0.2786394557822973,UNKNOWN_SOURCE,SPECTRAL_ONSET_CANDIDATE,11.609977324263038
F_MIX_01435,F_MIX,289.40190476190475,12762624,24927,0.3831292517006659,UNKNOWN_SOURCE,SPECTRAL_ONSET_CANDIDATE,11.609977324263038
F_MIX_01436,F_MIX,289.47156462585036,12765696,24933,0.06965986394561696,UNKNOWN_SOURCE,SPECTRAL_ONSET_CANDIDATE,11.609977324263038
F_MIX_01437,F_MIX,289.75020408163266,12777984,24957,0.2786394557822973,UNKNOWN_SOURCE,SPECTRAL_ONSET_CANDIDATE,11.609977324263038
F_MIX_01438,F_MIX,289.84308390022676,12782080,24965,0.0928798185940991,UNKNOWN_SOURCE,SPECTRAL_ONSET_CANDIDATE,11.609977324263038
F_MIX_01439,F_MIX,290.12172335600906,12794368,24989,0.2786394557822973,UNKNOWN_SOURCE,SPECTRAL_ONSET_CANDIDATE,11.609977324263038
F_MIX_01440,F_MIX,290.1913832199547,12797440,24995,0.06965986394561696,UNKNOWN_SOURCE,SPECTRAL_ONSET_CANDIDATE,11.609977324263038
F_MIX_01441,F_MIX,290.4932426303855,12810752,25021,0.3018594104308363,UNKNOWN_SOURCE,SPECTRAL_ONSET_CANDIDATE,11.609977324263038
F_MIX_01442,F_MIX,290.57451247165534,12814336,25028,0.08126984126982961,UNKNOWN_SOURCE,SPECTRAL_ONSET_CANDIDATE,11.609977324263038
F_MIX_01443,F_MIX,290.9228117913832,12829696,25058,0.34829931972785744,UNKNOWN_SOURCE,SPECTRAL_ONSET_CANDIDATE,11.609977324263038
F_MIX_01444,F_MIX,291.29433106575965,12846080,25090,0.37151927437645327,UNKNOWN_SOURCE,SPECTRAL_ONSET_CANDIDATE,11.609977324263038
F_MIX_01445,F_MIX,291.57297052154195,12858368,25114,0.2786394557822973,UNKNOWN_SOURCE,SPECTRAL_ONSET_CANDIDATE,11.609977324263038
F_MIX_01446,F_MIX,291.6542403628118,12861952,25121,0.08126984126982961,UNKNOWN_SOURCE,SPECTRAL_ONSET_CANDIDATE,11.609977324263038
F_MIX_01447,F_MIX,291.94448979591834,12874752,25146,0.2902494331065668,UNKNOWN_SOURCE,SPECTRAL_ONSET_CANDIDATE,11.609977324263038
F_MIX_01448,F_MIX,292.02575963718823,12878336,25153,0.08126984126988646,UNKNOWN_SOURCE,SPECTRAL_ONSET_CANDIDATE,11.609977324263038
F_MIX_01449,F_MIX,292.3972789115646,12894720,25185,0.3715192743763964,UNKNOWN_SOURCE,SPECTRAL_ONSET_CANDIDATE,11.609977324263038
F_MIX_01450,F_MIX,292.6875283446712,12907520,25210,0.2902494331065668,UNKNOWN_SOURCE,SPECTRAL_ONSET_CANDIDATE,11.609977324263038
F_MIX_01451,F_MIX,292.768798185941,12911104,25217,0.08126984126982961,UNKNOWN_SOURCE,SPECTRAL_ONSET_CANDIDATE,11.609977324263038
F_MIX_01452,F_MIX,293.0358276643991,12922880,25240,0.26702947845808467,UNKNOWN_SOURCE,SPECTRAL_ONSET_CANDIDATE,11.609977324263038
F_MIX_01453,F_MIX,293.1287074829932,12926976,25248,0.0928798185940991,UNKNOWN_SOURCE,SPECTRAL_ONSET_CANDIDATE,11.609977324263038
F_MIX_01454,F_MIX,293.4073469387755,12939264,25272,0.2786394557822973,UNKNOWN_SOURCE,SPECTRAL_ONSET_CANDIDATE,11.609977324263038
F_MIX_01455,F_MIX,293.48861678004533,12942848,25279,0.08126984126982961,UNKNOWN_SOURCE,SPECTRAL_ONSET_CANDIDATE,11.609977324263038
F_MIX_01456,F_MIX,293.8485260770975,12958720,25310,0.3599092970521838,UNKNOWN_SOURCE,SPECTRAL_ONSET_CANDIDATE,11.609977324263038
F_MIX_01457,F_MIX,294.11555555555555,12970496,25333,0.2670294784580278,UNKNOWN_SOURCE,SPECTRAL_ONSET_CANDIDATE,11.609977324263038
F_MIX_01458,F_MIX,294.2200453514739,12975104,25342,0.1044897959183686,UNKNOWN_SOURCE,SPECTRAL_ONSET_CANDIDATE,11.609977324263038
F_MIX_01459,F_MIX,294.46385487528346,12985856,25363,0.24380952380954568,UNKNOWN_SOURCE,SPECTRAL_ONSET_CANDIDATE,11.609977324263038
F_MIX_01460,F_MIX,294.5799546485261,12990976,25373,0.1160997732426381,UNKNOWN_SOURCE,SPECTRAL_ONSET_CANDIDATE,11.609977324263038
F_MIX_01461,F_MIX,294.8585941043084,13003264,25397,0.2786394557822973,UNKNOWN_SOURCE,SPECTRAL_ONSET_CANDIDATE,11.609977324263038
F_MIX_01462,F_MIX,294.9514739229025,13007360,25405,0.0928798185940991,UNKNOWN_SOURCE,SPECTRAL_ONSET_CANDIDATE,11.609977324263038
F_MIX_01463,F_MIX,295.3229931972789,13023744,25437,0.3715192743763964,UNKNOWN_SOURCE,SPECTRAL_ONSET_CANDIDATE,11.609977324263038
F_MIX_01464,F_MIX,295.47392290249434,13030400,25450,0.15092970521544657,UNKNOWN_SOURCE,SPECTRAL_ONSET_CANDIDATE,11.609977324263038
F_MIX_01465,F_MIX,295.6712925170068,13039104,25467,0.1973696145124677,UNKNOWN_SOURCE,SPECTRAL_ONSET_CANDIDATE,11.609977324263038
F_MIX_01466,F_MIX,295.7177324263039,13041152,25471,0.046439909297077975,UNKNOWN_SOURCE,SPECTRAL_ONSET_CANDIDATE,11.609977324263038
F_MIX_01467,F_MIX,296.03120181405893,13054976,25498,0.31346938775504896,UNKNOWN_SOURCE,SPECTRAL_ONSET_CANDIDATE,11.609977324263038
F_MIX_01468,F_MIX,296.32145124716556,13067776,25523,0.29024943310662366,UNKNOWN_SOURCE,SPECTRAL_ONSET_CANDIDATE,11.609977324263038
F_MIX_01469,F_MIX,296.41433106575965,13071872,25531,0.0928798185940991,UNKNOWN_SOURCE,SPECTRAL_ONSET_CANDIDATE,11.609977324263038
F_MIX_01470,F_MIX,296.7742403628118,13087744,25562,0.35990929705212693,UNKNOWN_SOURCE,SPECTRAL_ONSET_CANDIDATE,11.609977324263038
F_MIX_01471,F_MIX,297.0528798185941,13100032,25586,0.2786394557822973,UNKNOWN_SOURCE,SPECTRAL_ONSET_CANDIDATE,11.609977324263038
F_MIX_01472,F_MIX,297.13414965986397,13103616,25593,0.08126984126988646,UNKNOWN_SOURCE,SPECTRAL_ONSET_CANDIDATE,11.609977324263038
F_MIX_01473,F_MIX,297.44761904761907,13117440,25620,0.3134693877551058,UNKNOWN_SOURCE,SPECTRAL_ONSET_CANDIDATE,11.609977324263038
F_MIX_01474,F_MIX,297.4940589569161,13119488,25624,0.04643990929702113,UNKNOWN_SOURCE,SPECTRAL_ONSET_CANDIDATE,11.609977324263038
F_MIX_01475,F_MIX,297.6565986394558,13126656,25638,0.16253968253971607,UNKNOWN_SOURCE,SPECTRAL_ONSET_CANDIDATE,11.609977324263038
F_MIX_01476,F_MIX,297.7146485260771,13129216,25643,0.058049886621290625,UNKNOWN_SOURCE,SPECTRAL_ONSET_CANDIDATE,11.609977324263038
F_MIX_01477,F_MIX,297.7610884353742,13131264,25647,0.046439909297077975,UNKNOWN_SOURCE,SPECTRAL_ONSET_CANDIDATE,11.609977324263038
F_MIX_01478,F_MIX,298.23709750566894,13152256,25688,0.476009070294765,UNKNOWN_SOURCE,SPECTRAL_ONSET_CANDIDATE,11.609977324263038
F_MIX_01479,F_MIX,298.5273469387755,13165056,25713,0.2902494331065668,UNKNOWN_SOURCE,SPECTRAL_ONSET_CANDIDATE,11.609977324263038
F_MIX_01480,F_MIX,298.6202267573696,13169152,25721,0.0928798185940991,UNKNOWN_SOURCE,SPECTRAL_ONSET_CANDIDATE,11.609977324263038
F_MIX_01481,F_MIX,298.9104761904762,13181952,25746,0.2902494331065668,UNKNOWN_SOURCE,SPECTRAL_ONSET_CANDIDATE,11.609977324263038
F_MIX_01482,F_MIX,298.9685260770975,13184512,25751,0.05804988662134747,UNKNOWN_SOURCE,SPECTRAL_ONSET_CANDIDATE,11.609977324263038
F_MIX_01483,F_MIX,299.2587755102041,13197312,25776,0.2902494331065668,UNKNOWN_SOURCE,SPECTRAL_ONSET_CANDIDATE,11.609977324263038
F_MIX_01484,F_MIX,299.3400453514739,13200896,25783,0.08126984126982961,UNKNOWN_SOURCE,SPECTRAL_ONSET_CANDIDATE,11.609977324263038
F_MIX_01485,F_MIX,299.4097052154195,13203968,25789,0.06965986394556012,UNKNOWN_SOURCE,SPECTRAL_ONSET_CANDIDATE,11.609977324263038
F_MIX_01486,F_MIX,299.6651247165533,13215232,25811,0.2554195011338152,UNKNOWN_SOURCE,SPECTRAL_ONSET_CANDIDATE,11.609977324263038
F_MIX_01487,F_MIX,299.6999546485261,13216768,25814,0.03482993197280848,UNKNOWN_SOURCE,SPECTRAL_ONSET_CANDIDATE,11.609977324263038
F_MIX_01488,F_MIX,300.0714739229025,13233152,25846,0.3715192743763964,UNKNOWN_SOURCE,SPECTRAL_ONSET_CANDIDATE,11.609977324263038
F_MIX_01489,F_MIX,300.3501133786848,13245440,25870,0.2786394557822973,UNKNOWN_SOURCE,SPECTRAL_ONSET_CANDIDATE,11.609977324263038
F_MIX_01490,F_MIX,300.3849433106576,13246976,25873,0.03482993197280848,UNKNOWN_SOURCE,SPECTRAL_ONSET_CANDIDATE,11.609977324263038
F_MIX_01491,F_MIX,300.4313832199546,13249024,25877,0.04643990929702113,UNKNOWN_SOURCE,SPECTRAL_ONSET_CANDIDATE,11.609977324263038
F_MIX_01492,F_MIX,300.72163265306125,13261824,25902,0.29024943310662366,UNKNOWN_SOURCE,SPECTRAL_ONSET_CANDIDATE,11.609977324263038
F_MIX_01493,F_MIX,300.756462585034,13263360,25905,0.03482993197275164,UNKNOWN_SOURCE,SPECTRAL_ONSET_CANDIDATE,11.609977324263038
F_MIX_01494,F_MIX,300.81451247165535,13265920,25910,0.05804988662134747,UNKNOWN_SOURCE,SPECTRAL_ONSET_CANDIDATE,11.609977324263038
F_MIX_01495,F_MIX,300.8493424036281,13267456,25913,0.03482993197275164,UNKNOWN_SOURCE,SPECTRAL_ONSET_CANDIDATE,11.609977324263038
F_MIX_01496,F_MIX,301.1047619047619,13278720,25935,0.2554195011338152,UNKNOWN_SOURCE,SPECTRAL_ONSET_CANDIDATE,11.609977324263038
F_MIX_01497,F_MIX,301.1628117913832,13281280,25940,0.058049886621290625,UNKNOWN_SOURCE,SPECTRAL_ONSET_CANDIDATE,11.609977324263038
F_MIX_01498,F_MIX,301.44145124716556,13293568,25964,0.27863945578235416,UNKNOWN_SOURCE,SPECTRAL_ONSET_CANDIDATE,11.609977324263038
F_MIX_01499,F_MIX,301.53433106575966,13297664,25972,0.0928798185940991,UNKNOWN_SOURCE,SPECTRAL_ONSET_CANDIDATE,11.609977324263038
F_MIX_01500,F_MIX,301.8942403628118,13313536,26003,0.35990929705212693,UNKNOWN_SOURCE,SPECTRAL_ONSET_CANDIDATE,11.609977324263038
F_MIX_01501,F_MIX,302.1960997732426,13326848,26029,0.3018594104308363,UNKNOWN_SOURCE,SPECTRAL_ONSET_CANDIDATE,11.609977324263038
F_MIX_01502,F_MIX,302.25414965986397,13329408,26034,0.05804988662134747,UNKNOWN_SOURCE,SPECTRAL_ONSET_CANDIDATE,11.609977324263038
F_MIX_01503,F_MIX,302.53278911564627,13341696,26058,0.2786394557822973,UNKNOWN_SOURCE,SPECTRAL_ONSET_CANDIDATE,11.609977324263038
F_MIX_01504,F_MIX,302.62566893424037,13345792,26066,0.0928798185940991,UNKNOWN_SOURCE,SPECTRAL_ONSET_CANDIDATE,11.609977324263038
F_MIX_01505,F_MIX,302.9855782312925,13361664,26097,0.35990929705212693,UNKNOWN_SOURCE,SPECTRAL_ONSET_CANDIDATE,11.609977324263038
F_MIX_01506,F_MIX,303.35709750566895,13378048,26129,0.37151927437645327,UNKNOWN_SOURCE,SPECTRAL_ONSET_CANDIDATE,11.609977324263038
F_MIX_01507,F_MIX,303.72861678004534,13394432,26161,0.3715192743763964,UNKNOWN_SOURCE,SPECTRAL_ONSET_CANDIDATE,11.609977324263038
F_MIX_01508,F_MIX,304.0885260770975,13410304,26192,0.3599092970521838,UNKNOWN_SOURCE,SPECTRAL_ONSET_CANDIDATE,11.609977324263038
F_MIX_01509,F_MIX,304.44843537414965,13426176,26223,0.35990929705212693,UNKNOWN_SOURCE,SPECTRAL_ONSET_CANDIDATE,11.609977324263038
F_MIX_01510,F_MIX,304.7851247165533,13441024,26252,0.3366893424036448,UNKNOWN_SOURCE,SPECTRAL_ONSET_CANDIDATE,11.609977324263038
F_MIX_01511,F_MIX,304.8315646258503,13443072,26256,0.04643990929702113,UNKNOWN_SOURCE,SPECTRAL_ONSET_CANDIDATE,11.609977324263038
F_MIX_01512,F_MIX,305.1102040816327,13455360,26280,0.27863945578235416,UNKNOWN_SOURCE,SPECTRAL_ONSET_CANDIDATE,11.609977324263038
F_MIX_01513,F_MIX,305.1914739229025,13458944,26287,0.08126984126982961,UNKNOWN_SOURCE,SPECTRAL_ONSET_CANDIDATE,11.609977324263038
F_MIX_01514,F_MIX,305.5629931972789,13475328,26319,0.3715192743763964,UNKNOWN_SOURCE,SPECTRAL_ONSET_CANDIDATE,11.609977324263038
F_MIX_01515,F_MIX,305.9229024943311,13491200,26350,0.3599092970521838,UNKNOWN_SOURCE,SPECTRAL_ONSET_CANDIDATE,11.609977324263038
F_MIX_01516,F_MIX,306.2828117913832,13507072,26381,0.35990929705212693,UNKNOWN_SOURCE,SPECTRAL_ONSET_CANDIDATE,11.609977324263038
F_MIX_01517,F_MIX,306.5730612244898,13519872,26406,0.2902494331065668,UNKNOWN_SOURCE,SPECTRAL_ONSET_CANDIDATE,11.609977324263038
F_MIX_01518,F_MIX,306.65433106575966,13523456,26413,0.08126984126988646,UNKNOWN_SOURCE,SPECTRAL_ONSET_CANDIDATE,11.609977324263038
F_MIX_01519,F_MIX,307.0142403628118,13539328,26444,0.35990929705212693,UNKNOWN_SOURCE,SPECTRAL_ONSET_CANDIDATE,11.609977324263038
F_MIX_01520,F_MIX,307.3741496598639,13555200,26475,0.35990929705212693,UNKNOWN_SOURCE,SPECTRAL_ONSET_CANDIDATE,11.609977324263038
F_MIX_01521,F_MIX,307.7340589569161,13571072,26506,0.3599092970521838,UNKNOWN_SOURCE,SPECTRAL_ONSET_CANDIDATE,11.609977324263038
F_MIX_01522,F_MIX,308.03591836734694,13584384,26532,0.3018594104308363,UNKNOWN_SOURCE,SPECTRAL_ONSET_CANDIDATE,11.609977324263038
F_MIX_01523,F_MIX,308.11718820861677,13587968,26539,0.08126984126982961,UNKNOWN_SOURCE,SPECTRAL_ONSET_CANDIDATE,11.609977324263038
F_MIX_01524,F_MIX,308.4654875283447,13603328,26569,0.3482993197279143,UNKNOWN_SOURCE,SPECTRAL_ONSET_CANDIDATE,11.609977324263038
F_MIX_01525,F_MIX,308.8253968253968,13619200,26600,0.35990929705212693,UNKNOWN_SOURCE,SPECTRAL_ONSET_CANDIDATE,11.609977324263038
F_MIX_01526,F_MIX,309.0924263038549,13630976,26623,0.26702947845808467,UNKNOWN_SOURCE,SPECTRAL_ONSET_CANDIDATE,11.609977324263038
F_MIX_01527,F_MIX,309.185306122449,13635072,26631,0.0928798185940991,UNKNOWN_SOURCE,SPECTRAL_ONSET_CANDIDATE,11.609977324263038
F_MIX_01528,F_MIX,309.3710657596372,13643264,26647,0.1857596371881982,UNKNOWN_SOURCE,SPECTRAL_ONSET_CANDIDATE,11.609977324263038
F_MIX_01529,F_MIX,309.5568253968254,13651456,26663,0.1857596371881982,UNKNOWN_SOURCE,SPECTRAL_ONSET_CANDIDATE,11.609977324263038
F_MIX_01530,F_MIX,309.84707482993196,13664256,26688,0.2902494331065668,UNKNOWN_SOURCE,SPECTRAL_ONSET_CANDIDATE,11.609977324263038
F_MIX_01531,F_MIX,309.9167346938776,13667328,26694,0.06965986394561696,UNKNOWN_SOURCE,SPECTRAL_ONSET_CANDIDATE,11.609977324263038
F_MIX_01532,F_MIX,310.19537414965987,13679616,26718,0.2786394557822973,UNKNOWN_SOURCE,SPECTRAL_ONSET_CANDIDATE,11.609977324263038
F_MIX_01533,F_MIX,310.3114739229025,13684736,26728,0.1160997732426381,UNKNOWN_SOURCE,SPECTRAL_ONSET_CANDIDATE,11.609977324263038
F_MIX_01534,F_MIX,310.6365532879819,13699072,26756,0.3250793650793753,UNKNOWN_SOURCE,SPECTRAL_ONSET_CANDIDATE,11.609977324263038
F_MIX_01535,F_MIX,310.67138321995463,13700608,26759,0.03482993197275164,UNKNOWN_SOURCE,SPECTRAL_ONSET_CANDIDATE,11.609977324263038
F_MIX_01536,F_MIX,311.01968253968255,13715968,26789,0.3482993197279143,UNKNOWN_SOURCE,SPECTRAL_ONSET_CANDIDATE,11.609977324263038
F_MIX_01537,F_MIX,311.4028117913832,13732864,26822,0.3831292517006659,UNKNOWN_SOURCE,SPECTRAL_ONSET_CANDIDATE,11.609977324263038
F_MIX_01538,F_MIX,311.6814512471655,13745152,26846,0.2786394557822973,UNKNOWN_SOURCE,SPECTRAL_ONSET_CANDIDATE,11.609977324263038
F_MIX_01539,F_MIX,312.1226303854875,13764608,26884,0.4411791383220134,UNKNOWN_SOURCE,SPECTRAL_ONSET_CANDIDATE,11.609977324263038
F_MIX_01540,F_MIX,312.5057596371882,13781504,26917,0.3831292517006659,UNKNOWN_SOURCE,SPECTRAL_ONSET_CANDIDATE,11.609977324263038
F_MIX_01541,F_MIX,312.8656689342404,13797376,26948,0.3599092970521838,UNKNOWN_SOURCE,SPECTRAL_ONSET_CANDIDATE,11.609977324263038
F_MIX_01542,F_MIX,313.15591836734694,13810176,26973,0.2902494331065668,UNKNOWN_SOURCE,SPECTRAL_ONSET_CANDIDATE,11.609977324263038
F_MIX_01543,F_MIX,313.2604081632653,13814784,26982,0.1044897959183686,UNKNOWN_SOURCE,SPECTRAL_ONSET_CANDIDATE,11.609977324263038
F_MIX_01544,F_MIX,313.6087074829932,13830144,27012,0.3482993197279143,UNKNOWN_SOURCE,SPECTRAL_ONSET_CANDIDATE,11.609977324263038
F_MIX_01545,F_MIX,313.96861678004535,13846016,27043,0.35990929705212693,UNKNOWN_SOURCE,SPECTRAL_ONSET_CANDIDATE,11.609977324263038
F_MIX_01546,F_MIX,314.01505668934243,13848064,27047,0.046439909297077975,UNKNOWN_SOURCE,SPECTRAL_ONSET_CANDIDATE,11.609977324263038
F_MIX_01547,F_MIX,314.34013605442175,13862400,27075,0.32507936507931845,UNKNOWN_SOURCE,SPECTRAL_ONSET_CANDIDATE,11.609977324263038
F_MIX_01548,F_MIX,314.6187755102041,13874688,27099,0.27863945578235416,UNKNOWN_SOURCE,SPECTRAL_ONSET_CANDIDATE,11.609977324263038
F_MIX_01549,F_MIX,314.97868480725623,13890560,27130,0.35990929705212693,UNKNOWN_SOURCE,SPECTRAL_ONSET_CANDIDATE,11.609977324263038
F_MIX_01550,F_MIX,315.0715646258503,13894656,27138,0.0928798185940991,UNKNOWN_SOURCE,SPECTRAL_ONSET_CANDIDATE,11.609977324263038
F_MIX_01551,F_MIX,315.4430839002268,13911040,27170,0.37151927437645327,UNKNOWN_SOURCE,SPECTRAL_ONSET_CANDIDATE,11.609977324263038
F_MIX_01552,F_MIX,315.8029931972789,13926912,27201,0.35990929705212693,UNKNOWN_SOURCE,SPECTRAL_ONSET_CANDIDATE,11.609977324263038
F_MIX_01553,F_MIX,316.0816326530612,13939200,27225,0.2786394557822973,UNKNOWN_SOURCE,SPECTRAL_ONSET_CANDIDATE,11.609977324263038
F_MIX_01554,F_MIX,316.1861224489796,13943808,27234,0.1044897959183686,UNKNOWN_SOURCE,SPECTRAL_ONSET_CANDIDATE,11.609977324263038
F_MIX_01555,F_MIX,316.51120181405895,13958144,27262,0.3250793650793753,UNKNOWN_SOURCE,SPECTRAL_ONSET_CANDIDATE,11.609977324263038
F_MIX_01556,F_MIX,316.9407709750567,13977088,27299,0.4295691609977439,UNKNOWN_SOURCE,SPECTRAL_ONSET_CANDIDATE,11.609977324263038
F_MIX_01557,F_MIX,317.27746031746034,13991936,27328,0.3366893424036448,UNKNOWN_SOURCE,SPECTRAL_ONSET_CANDIDATE,11.609977324263038
F_MIX_01558,F_MIX,317.5677097505669,14004736,27353,0.2902494331065668,UNKNOWN_SOURCE,SPECTRAL_ONSET_CANDIDATE,11.609977324263038
F_MIX_01559,F_MIX,317.9392290249433,14021120,27385,0.3715192743763964,UNKNOWN_SOURCE,SPECTRAL_ONSET_CANDIDATE,11.609977324263038
F_MIX_01560,F_MIX,318.00888888888886,14024192,27391,0.06965986394556012,UNKNOWN_SOURCE,SPECTRAL_ONSET_CANDIDATE,11.609977324263038
F_MIX_01561,F_MIX,318.2991383219955,14036992,27416,0.29024943310662366,UNKNOWN_SOURCE,SPECTRAL_ONSET_CANDIDATE,11.609977324263038
F_MIX_01562,F_MIX,318.55455782312924,14048256,27438,0.25541950113375833,UNKNOWN_SOURCE,SPECTRAL_ONSET_CANDIDATE,11.609977324263038
F_MIX_01563,F_MIX,318.74031746031744,14056448,27454,0.1857596371881982,UNKNOWN_SOURCE,SPECTRAL_ONSET_CANDIDATE,11.609977324263038
F_MIX_01564,F_MIX,319.030566893424,14069248,27479,0.2902494331065668,UNKNOWN_SOURCE,SPECTRAL_ONSET_CANDIDATE,11.609977324263038
F_MIX_01565,F_MIX,319.12344671201816,14073344,27487,0.09287981859415595,UNKNOWN_SOURCE,SPECTRAL_ONSET_CANDIDATE,11.609977324263038
F_MIX_01566,F_MIX,319.27437641723355,14080000,27500,0.15092970521538973,UNKNOWN_SOURCE,SPECTRAL_ONSET_CANDIDATE,11.609977324263038
F_MIX_01567,F_MIX,319.471746031746,14088704,27517,0.1973696145124677,UNKNOWN_SOURCE,SPECTRAL_ONSET_CANDIDATE,11.609977324263038
F_MIX_01568,F_MIX,319.7503854875283,14100992,27541,0.2786394557822973,UNKNOWN_SOURCE,SPECTRAL_ONSET_CANDIDATE,11.609977324263038
F_MIX_01569,F_MIX,320.19156462585033,14120448,27579,0.4411791383220134,UNKNOWN_SOURCE,SPECTRAL_ONSET_CANDIDATE,11.609977324263038
F_MIX_01570,F_MIX,320.22639455782314,14121984,27582,0.03482993197280848,UNKNOWN_SOURCE,SPECTRAL_ONSET_CANDIDATE,11.609977324263038
F_MIX_01571,F_MIX,320.4818140589569,14133248,27604,0.25541950113375833,UNKNOWN_SOURCE,SPECTRAL_ONSET_CANDIDATE,11.609977324263038
F_MIX_01572,F_MIX,320.9346031746032,14153216,27643,0.4527891156462829,UNKNOWN_SOURCE,SPECTRAL_ONSET_CANDIDATE,11.609977324263038
F_MIX_01573,F_MIX,321.2132426303855,14165504,27667,0.2786394557822973,UNKNOWN_SOURCE,SPECTRAL_ONSET_CANDIDATE,11.609977324263038
F_MIX_01574,F_MIX,321.67764172335603,14185984,27707,0.4643990929705524,UNKNOWN_SOURCE,SPECTRAL_ONSET_CANDIDATE,11.609977324263038
F_MIX_01575,F_MIX,321.95628117913833,14198272,27731,0.2786394557822973,UNKNOWN_SOURCE,SPECTRAL_ONSET_CANDIDATE,11.609977324263038
F_MIX_01576,F_MIX,322.35102040816327,14215680,27765,0.3947392290249354,UNKNOWN_SOURCE,SPECTRAL_ONSET_CANDIDATE,11.609977324263038
F_MIX_01577,F_MIX,322.4206802721088,14218752,27771,0.06965986394556012,UNKNOWN_SOURCE,SPECTRAL_ONSET_CANDIDATE,11.609977324263038
F_MIX_01578,F_MIX,322.6993197278912,14231040,27795,0.27863945578235416,UNKNOWN_SOURCE,SPECTRAL_ONSET_CANDIDATE,11.609977324263038
F_MIX_01579,F_MIX,323.1637188208617,14251520,27835,0.46439909297049553,UNKNOWN_SOURCE,SPECTRAL_ONSET_CANDIDATE,11.609977324263038
F_MIX_01580,F_MIX,323.442358276644,14263808,27859,0.2786394557822973,UNKNOWN_SOURCE,SPECTRAL_ONSET_CANDIDATE,11.609977324263038
F_MIX_01581,F_MIX,323.8138775510204,14280192,27891,0.37151927437645327,UNKNOWN_SOURCE,SPECTRAL_ONSET_CANDIDATE,11.609977324263038
F_MIX_01582,F_MIX,323.883537414966,14283264,27897,0.06965986394556012,UNKNOWN_SOURCE,SPECTRAL_ONSET_CANDIDATE,11.609977324263038
F_MIX_01583,F_MIX,324.150566893424,14295040,27920,0.2670294784580278,UNKNOWN_SOURCE,SPECTRAL_ONSET_CANDIDATE,11.609977324263038
F_MIX_01584,F_MIX,324.2434467120181,14299136,27928,0.0928798185940991,UNKNOWN_SOURCE,SPECTRAL_ONSET_CANDIDATE,11.609977324263038
F_MIX_01585,F_MIX,324.61496598639457,14315520,27960,0.37151927437645327,UNKNOWN_SOURCE,SPECTRAL_ONSET_CANDIDATE,11.609977324263038
F_MIX_01586,F_MIX,324.90521541950113,14328320,27985,0.2902494331065668,UNKNOWN_SOURCE,SPECTRAL_ONSET_CANDIDATE,11.609977324263038
F_MIX_01587,F_MIX,324.98648526077096,14331904,27992,0.08126984126982961,UNKNOWN_SOURCE,SPECTRAL_ONSET_CANDIDATE,11.609977324263038
F_MIX_01588,F_MIX,325.3347845804989,14347264,28022,0.3482993197279143,UNKNOWN_SOURCE,SPECTRAL_ONSET_CANDIDATE,11.609977324263038
F_MIX_01589,F_MIX,325.6018140589569,14359040,28045,0.2670294784580278,UNKNOWN_SOURCE,SPECTRAL_ONSET_CANDIDATE,11.609977324263038
F_MIX_01590,F_MIX,325.9617233560091,14374912,28076,0.3599092970521838,UNKNOWN_SOURCE,SPECTRAL_ONSET_CANDIDATE,11.609977324263038
F_MIX_01591,F_MIX,326.06621315192746,14379520,28085,0.1044897959183686,UNKNOWN_SOURCE,SPECTRAL_ONSET_CANDIDATE,11.609977324263038
F_MIX_01592,F_MIX,326.3332426303855,14391296,28108,0.2670294784580278,UNKNOWN_SOURCE,SPECTRAL_ONSET_CANDIDATE,11.609977324263038
F_MIX_01593,F_MIX,326.69315192743767,14407168,28139,0.3599092970521838,UNKNOWN_SOURCE,SPECTRAL_ONSET_CANDIDATE,11.609977324263038
F_MIX_01594,F_MIX,326.78603174603177,14411264,28147,0.0928798185940991,UNKNOWN_SOURCE,SPECTRAL_ONSET_CANDIDATE,11.609977324263038
F_MIX_01595,F_MIX,327.0530612244898,14423040,28170,0.2670294784580278,UNKNOWN_SOURCE,SPECTRAL_ONSET_CANDIDATE,11.609977324263038
F_MIX_01596,F_MIX,327.4129705215419,14438912,28201,0.35990929705212693,UNKNOWN_SOURCE,SPECTRAL_ONSET_CANDIDATE,11.609977324263038
F_MIX_01597,F_MIX,327.52907029478456,14444032,28211,0.1160997732426381,UNKNOWN_SOURCE,SPECTRAL_ONSET_CANDIDATE,11.609977324263038
F_MIX_01598,F_MIX,327.7844897959184,14455296,28233,0.2554195011338152,UNKNOWN_SOURCE,SPECTRAL_ONSET_CANDIDATE,11.609977324263038
F_MIX_01599,F_MIX,328.1443990929705,14471168,28264,0.35990929705212693,UNKNOWN_SOURCE,SPECTRAL_ONSET_CANDIDATE,11.609977324263038
F_MIX_01600,F_MIX,328.26049886621314,14476288,28274,0.1160997732426381,UNKNOWN_SOURCE,SPECTRAL_ONSET_CANDIDATE,11.609977324263038
F_MIX_01601,F_MIX,328.51591836734696,14487552,28296,0.2554195011338152,UNKNOWN_SOURCE,SPECTRAL_ONSET_CANDIDATE,11.609977324263038
F_MIX_01602,F_MIX,329.003537414966,14509056,28338,0.4876190476190345,UNKNOWN_SOURCE,SPECTRAL_ONSET_CANDIDATE,11.609977324263038
F_MIX_01603,F_MIX,329.270566893424,14520832,28361,0.2670294784580278,UNKNOWN_SOURCE,SPECTRAL_ONSET_CANDIDATE,11.609977324263038
F_MIX_01604,F_MIX,329.73496598639457,14541312,28401,0.4643990929705524,UNKNOWN_SOURCE,SPECTRAL_ONSET_CANDIDATE,11.609977324263038
F_MIX_01605,F_MIX,329.99038548752833,14552576,28423,0.25541950113375833,UNKNOWN_SOURCE,SPECTRAL_ONSET_CANDIDATE,11.609977324263038
F_MIX_01606,F_MIX,330.3502947845805,14568448,28454,0.3599092970521838,UNKNOWN_SOURCE,SPECTRAL_ONSET_CANDIDATE,11.609977324263038
F_MIX_01607,F_MIX,330.7218140589569,14584832,28486,0.3715192743763964,UNKNOWN_SOURCE,SPECTRAL_ONSET_CANDIDATE,11.609977324263038
F_MIX_01608,F_MIX,331.2210430839002,14606848,28529,0.499229024943304,UNKNOWN_SOURCE,SPECTRAL_ONSET_CANDIDATE,11.609977324263038
F_MIX_01609,F_MIX,331.5693424036281,14622208,28559,0.3482993197279143,UNKNOWN_SOURCE,SPECTRAL_ONSET_CANDIDATE,11.609977324263038
F_MIX_01610,F_MIX,331.88281179138323,14636032,28586,0.3134693877551058,UNKNOWN_SOURCE,SPECTRAL_ONSET_CANDIDATE,11.609977324263038
F_MIX_01611,F_MIX,332.138231292517,14647296,28608,0.25541950113375833,UNKNOWN_SOURCE,SPECTRAL_ONSET_CANDIDATE,11.609977324263038
F_MIX_01612,F_MIX,332.2078911564626,14650368,28614,0.06965986394561696,UNKNOWN_SOURCE,SPECTRAL_ONSET_CANDIDATE,11.609977324263038
F_MIX_01613,F_MIX,332.78839002267574,14675968,28664,0.5804988662131336,UNKNOWN_SOURCE,SPECTRAL_ONSET_CANDIDATE,11.609977324263038
F_MIX_01614,F_MIX,333.38049886621314,14702080,28715,0.5921088435374031,UNKNOWN_SOURCE,SPECTRAL_ONSET_CANDIDATE,11.609977324263038
F_MIX_01615,F_MIX,333.5198185941043,14708224,28727,0.13931972789117708,UNKNOWN_SOURCE,SPECTRAL_ONSET_CANDIDATE,11.609977324263038
F_MIX_01616,F_MIX,333.75201814058954,14718464,28747,0.23219954648521934,UNKNOWN_SOURCE,SPECTRAL_ONSET_CANDIDATE,11.609977324263038
F_MIX_01617,F_MIX,333.91455782312926,14725632,28761,0.16253968253971607,UNKNOWN_SOURCE,SPECTRAL_ONSET_CANDIDATE,11.609977324263038
F_MIX_01618,F_MIX,334.14675736961453,14735872,28781,0.2321995464852762,UNKNOWN_SOURCE,SPECTRAL_ONSET_CANDIDATE,11.609977324263038
F_MIX_01619,F_MIX,334.69242630385486,14759936,28828,0.5456689342403251,UNKNOWN_SOURCE,SPECTRAL_ONSET_CANDIDATE,11.609977324263038
F_MIX_01620,F_MIX,335.09877551020406,14777856,28863,0.4063492063492049,UNKNOWN_SOURCE,SPECTRAL_ONSET_CANDIDATE,11.609977324263038
F_MIX_01621,F_MIX,335.95791383219955,14815744,28937,0.8591383219954878,UNKNOWN_SOURCE,SPECTRAL_ONSET_CANDIDATE,11.609977324263038
F_MIX_01622,F_MIX,336.2249433106576,14827520,28960,0.2670294784580278,UNKNOWN_SOURCE,SPECTRAL_ONSET_CANDIDATE,11.609977324263038
F_MIX_01623,F_MIX,336.42231292517005,14836224,28977,0.1973696145124677,UNKNOWN_SOURCE,SPECTRAL_ONSET_CANDIDATE,11.609977324263038
F_MIX_01624,F_MIX,337.40916099773244,14879744,29062,0.9868480725623954,UNKNOWN_SOURCE,SPECTRAL_ONSET_CANDIDATE,11.609977324263038
F_MIX_01625,F_MIX,337.9896598639456,14905344,29112,0.5804988662131336,UNKNOWN_SOURCE,SPECTRAL_ONSET_CANDIDATE,11.609977324263038
F_MIX_01626,F_MIX,339.63827664399093,14978048,29254,1.6486167800453586,UNKNOWN_SOURCE,SPECTRAL_ONSET_CANDIDATE,11.609977324263038
