episode_id,BP_member_id,query_id,pitch_name,midi_pitch,f0_hz,BP_onset_s,BP_offset_s,window_start_s,window_end_s,target_frequency_bandwidth_ENBW_hz,supporting_harmonics_observed,supporting_harmonics_with_same_rise,target_onset_status,target_onset_candidates_s,selected_clear_onset_s,selected_minus_BP_ms,target_observation,harmonic_observations,ambiguity_notes,episode_status
HF001,BP_0003,HF001_BP_0003_39,D#2,39,77.78174593052023,47.79928843537415,48.00826802721088,47.64928843537415,47.94928843537415,29.166666666666664,2,0,TARGET_ONSET_CLEAR,[47.757460317460314],47.757460317460314,-41.82811791383756,"{""status"": ""TARGET_ONSET_CLEAR"", ""candidate_s"": [47.757460317460314], ""baseline"": 0.0007063285338352789, ""peak"": 0.00624825031453846, ""low"": 0.0018147128899759152, ""high"": 0.004031481602257187, ""relative_power_proxy"": 0.22944733286182417, ""dynamic_ratio"": 8.846096420048632, ""incomplete_rise"": false, ""f0"": 77.78174593052023, ""kernel_samples"": 2269, ""support_ms"": 51.45124716553288, ""ENBW_hz"": 29.166666666666664, ""tuning_low_hz"": 76.2250373404866, ""tuning_high_hz"": 79.37024645820105, ""approx_first_null_halfwidth_hz"": 38.888888888888886}","[{""status"": ""TARGET_ACTIVITY_CONTINUOUS"", ""candidate_s"": [], ""baseline"": 0.00028539387470634424, ""peak"": 0.00640075104946022, ""low"": 0.0015084653096571195, ""high"": 0.00395460817955867, ""relative_power_proxy"": 0.13559327361893778, ""dynamic_ratio"": 22.427780049751476, ""incomplete_rise"": false, ""f0"": 155.56349186104046, ""kernel_samples"": 1135, ""support_ms"": 25.736961451247165, ""ENBW_hz"": 58.33333333333333, ""tuning_low_hz"": 152.4500746809732, ""tuning_high_hz"": 158.7404929164021, ""approx_first_null_halfwidth_hz"": 77.77777777777777, ""harmonic_number"": 2, ""supports_primary_candidates"": []}, {""status"": ""TARGET_ONSET_CLEAR"", ""candidate_s"": [47.65170068027211], ""baseline"": 3.005617392106334e-05, ""peak"": 0.0017022987461207551, ""low"": 0.0003645046883610017, ""high"": 0.0010334017172408784, ""relative_power_proxy"": 0.02103801188929247, ""dynamic_ratio"": 56.63724034175172, ""incomplete_rise"": false, ""f0"": 233.3452377915607, ""kernel_samples"": 757, ""support_ms"": 17.165532879818592, ""ENBW_hz"": 87.5, ""tuning_low_hz"": 228.67511202145977, ""tuning_high_hz"": 238.11073937460318, ""approx_first_null_halfwidth_hz"": 116.66666666666667, ""harmonic_number"": 3, ""supports_primary_candidates"": []}]",Conditional pitched-component observation; finite-band leakage and centered smoothing; original family ambiguity retained.,TARGET_ONSET_CLEAR
HF002,BP_0004,HF002_BP_0004_43,G2,43,97.99885899543733,48.019878004535144,48.194027664399094,47.869878004535146,48.16987800453514,36.75000000000001,1,1,TARGET_ONSET_CLEAR,[48.11065759637188],48.11065759637188,90.77959183673556,"{""status"": ""TARGET_ONSET_CLEAR"", ""candidate_s"": [48.11065759637188], ""baseline"": 0.0001954402778407617, ""peak"": 0.08470678879751584, ""low"": 0.017097709981775778, ""high"": 0.05090224938964581, ""relative_power_proxy"": 0.20063857798496978, ""dynamic_ratio"": 433.4152086425713, ""incomplete_rise"": false, ""f0"": 97.99885899543733, ""kernel_samples"": 1801, ""support_ms"": 40.8390022675737, ""ENBW_hz"": 36.75000000000001, ""tuning_low_hz"": 96.03752907430179, ""tuning_high_hz"": 100.00024424803152, ""approx_first_null_halfwidth_hz"": 49.0}","[{""status"": ""TARGET_ONSET_CLEAR"", ""candidate_s"": [48.122630385487525], ""baseline"": 7.934199212970763e-06, ""peak"": 0.012903776326139167, ""low"": 0.00258710262459821, ""high"": 0.007745439475368689, ""relative_power_proxy"": 0.02352885894175304, ""dynamic_ratio"": 1626.3489206376573, ""incomplete_rise"": false, ""f0"": 195.99771799087466, ""kernel_samples"": 901, ""support_ms"": 20.430839002267575, ""ENBW_hz"": 73.5, ""tuning_low_hz"": 192.07505814860357, ""tuning_high_hz"": 200.00048849606304, ""approx_first_null_halfwidth_hz"": 98.0, ""harmonic_number"": 2, ""supports_primary_candidates"": [48.11065759637188]}, {""status"": ""TARGET_NOT_OBSERVABLE"", ""candidate_s"": [], ""baseline"": 1.7421936824320175e-06, ""peak"": 0.004059689171681923, ""low"": 0.0008133315892823303, ""high"": 0.0024365103804821265, ""relative_power_proxy"": 0.007152859460670551, ""dynamic_ratio"": 2330.2169056282946, ""incomplete_rise"": false, ""f0"": 293.996576986312, ""kernel_samples"": 601, ""support_ms"": 13.628117913832199, ""ENBW_hz"": 110.25, ""tuning_low_hz"": 288.11258722290535, ""tuning_high_hz"": 300.00073274409453, ""approx_first_null_halfwidth_hz"": 147.0, ""harmonic_number"": 3, ""supports_primary_candidates"": []}]",Conditional pitched-component observation; finite-band leakage and centered smoothing; original family ambiguity retained.,TARGET_ONSET_CLEAR
HF003,BP_0005,HF003_BP_0005_31,G1,31,48.999429497718666,48.10114784580499,48.61198684807256,47.95114784580499,48.25114784580499,18.375,2,1,TARGET_ONSET_CLEAR,[48.13061224489796],48.13061224489796,29.464399092972826,"{""status"": ""TARGET_ONSET_CLEAR"", ""candidate_s"": [48.13061224489796], ""baseline"": 2.0434600883783473e-05, ""peak"": 0.01723270601457968, ""low"": 0.0034628888836229633, ""high"": 0.010347797449101323, ""relative_power_proxy"": 0.050262147653489096, ""dynamic_ratio"": 843.3101342466265, ""incomplete_rise"": false, ""f0"": 48.999429497718666, ""kernel_samples"": 3601, ""support_ms"": 81.65532879818595, ""ENBW_hz"": 18.375, ""tuning_low_hz"": 48.01876453715089, ""tuning_high_hz"": 50.00012212401576, ""approx_first_null_halfwidth_hz"": 24.5}","[{""status"": ""TARGET_ONSET_CLEAR"", ""candidate_s"": [48.11065759637188], ""baseline"": 0.00019280199172608346, ""peak"": 0.08470678879751577, ""low"": 0.01709559935288402, ""high"": 0.05090119407519989, ""relative_power_proxy"": 0.30384783015208544, ""dynamic_ratio"": 439.3460256253987, ""incomplete_rise"": false, ""f0"": 97.99885899543733, ""kernel_samples"": 1801, ""support_ms"": 40.8390022675737, ""ENBW_hz"": 36.75000000000001, ""tuning_low_hz"": 96.03752907430179, ""tuning_high_hz"": 100.00024424803152, ""approx_first_null_halfwidth_hz"": 49.0, ""harmonic_number"": 2, ""supports_primary_candidates"": [48.13061224489796]}, {""status"": ""TARGET_ONSET_UNRESOLVED"", ""candidate_s"": [], ""baseline"": 2.47060187219038e-05, ""peak"": 0.027102691100059556, ""low"": 0.005440303034989434, ""high"": 0.016271497067524496, ""relative_power_proxy"": 0.04094848202092214, ""dynamic_ratio"": 1097.0076322346065, ""incomplete_rise"": false, ""f0"": 146.998288493156, ""kernel_samples"": 1201, ""support_ms"": 27.233560090702948, ""ENBW_hz"": 55.125000000000014, ""tuning_low_hz"": 144.05629361145267, ""tuning_high_hz"": 150.00036637204727, ""approx_first_null_halfwidth_hz"": 73.5, ""harmonic_number"": 3, ""supports_primary_candidates"": []}]",Conditional pitched-component observation; finite-band leakage and centered smoothing; original family ambiguity retained.,TARGET_ONSET_UNRESOLVED
HF003,BP_0006,HF003_BP_0006_31,G1,31,48.999429497718666,48.194027664399094,48.48427709750567,48.044027664399096,48.34402766439909,18.375,2,1,TARGET_ONSET_CLEAR,[48.132607709750566],48.132607709750566,-61.41995464852812,"{""status"": ""TARGET_ONSET_CLEAR"", ""candidate_s"": [48.132607709750566], ""baseline"": 0.001550977247771601, ""peak"": 0.01723270601457968, ""low"": 0.004687323001133218, ""high"": 0.010960014507856448, ""relative_power_proxy"": 0.07515890616955737, ""dynamic_ratio"": 11.110869639989325, ""incomplete_rise"": false, ""f0"": 48.999429497718666, ""kernel_samples"": 3601, ""support_ms"": 81.65532879818595, ""ENBW_hz"": 18.375, ""tuning_low_hz"": 48.01876453715089, ""tuning_high_hz"": 50.00012212401576, ""approx_first_null_halfwidth_hz"": 24.5}","[{""status"": ""TARGET_ONSET_CLEAR"", ""candidate_s"": [48.11365079365079], ""baseline"": 0.007860238610816242, ""peak"": 0.08470678879751577, ""low"": 0.02322954864815615, ""high"": 0.05396816872283596, ""relative_power_proxy"": 0.3011348594990152, ""dynamic_ratio"": 10.776617987264823, ""incomplete_rise"": false, ""f0"": 97.99885899543733, ""kernel_samples"": 1801, ""support_ms"": 40.8390022675737, ""ENBW_hz"": 36.75000000000001, ""tuning_low_hz"": 96.03752907430179, ""tuning_high_hz"": 100.00024424803152, ""approx_first_null_halfwidth_hz"": 49.0, ""harmonic_number"": 2, ""supports_primary_candidates"": [48.132607709750566]}, {""status"": ""TARGET_ACTIVITY_CONTINUOUS"", ""candidate_s"": [], ""baseline"": 0.0005078349702181739, ""peak"": 0.02710269110005955, ""low"": 0.0058268061961864485, ""high"": 0.016464748648122998, ""relative_power_proxy"": 0.03719178092693634, ""dynamic_ratio"": 53.36909171185239, ""incomplete_rise"": false, ""f0"": 146.998288493156, ""kernel_samples"": 1201, ""support_ms"": 27.233560090702948, ""ENBW_hz"": 55.125000000000014, ""tuning_low_hz"": 144.05629361145267, ""tuning_high_hz"": 150.00036637204727, ""approx_first_null_halfwidth_hz"": 73.5, ""harmonic_number"": 3, ""supports_primary_candidates"": []}]",Conditional pitched-component observation; finite-band leakage and centered smoothing; original family ambiguity retained.,TARGET_ONSET_UNRESOLVED
HF003,BP_0006,HF003_BP_0006_43,G2,43,97.99885899543733,48.194027664399094,48.48427709750567,48.044027664399096,48.34402766439909,36.75000000000001,1,1,TARGET_ONSET_CLEAR,[48.11365079365079],48.11365079365079,-80.37687074830302,"{""status"": ""TARGET_ONSET_CLEAR"", ""candidate_s"": [48.11365079365079], ""baseline"": 0.007860238610816242, ""peak"": 0.08470678879751577, ""low"": 0.02322954864815615, ""high"": 0.05396816872283596, ""relative_power_proxy"": 0.3011348594990152, ""dynamic_ratio"": 10.776617987264823, ""incomplete_rise"": false, ""f0"": 97.99885899543733, ""kernel_samples"": 1801, ""support_ms"": 40.8390022675737, ""ENBW_hz"": 36.75000000000001, ""tuning_low_hz"": 96.03752907430179, ""tuning_high_hz"": 100.00024424803152, ""approx_first_null_halfwidth_hz"": 49.0}","[{""status"": ""TARGET_ONSET_CLEAR"", ""candidate_s"": [48.122630385487525], ""baseline"": 0.00024709699284157006, ""peak"": 0.01290377632613916, ""low"": 0.0027784328595010883, ""high"": 0.007841104592820124, ""relative_power_proxy"": 0.016981424102583076, ""dynamic_ratio"": 52.221502891427775, ""incomplete_rise"": false, ""f0"": 195.99771799087466, ""kernel_samples"": 901, ""support_ms"": 20.430839002267575, ""ENBW_hz"": 73.5, ""tuning_low_hz"": 192.07505814860357, ""tuning_high_hz"": 200.00048849606304, ""approx_first_null_halfwidth_hz"": 98.0, ""harmonic_number"": 2, ""supports_primary_candidates"": [48.11365079365079]}, {""status"": ""TARGET_NOT_OBSERVABLE"", ""candidate_s"": [], ""baseline"": 4.2798467141943054e-05, ""peak"": 0.004059689171681913, ""low"": 0.0008461766080499369, ""high"": 0.0024529328898659246, ""relative_power_proxy"": 0.0060296266418251665, ""dynamic_ratio"": 94.85594795294348, ""incomplete_rise"": false, ""f0"": 293.996576986312, ""kernel_samples"": 601, ""support_ms"": 13.628117913832199, ""ENBW_hz"": 110.25, ""tuning_low_hz"": 288.11258722290535, ""tuning_high_hz"": 300.00073274409453, ""approx_first_null_halfwidth_hz"": 147.0, ""harmonic_number"": 3, ""supports_primary_candidates"": []}]",Conditional pitched-component observation; finite-band leakage and centered smoothing; original family ambiguity retained.,TARGET_ONSET_UNRESOLVED
HF004,BP_0007,HF004_BP_0007_44,G#2,44,103.82617439498628,48.577156916099774,48.797746485260774,48.427156916099776,48.72715691609977,38.95759717314487,2,0,TARGET_ACTIVITY_CONTINUOUS,[],,,"{""status"": ""TARGET_ACTIVITY_CONTINUOUS"", ""candidate_s"": [], ""baseline"": 0.00011236094938531761, ""peak"": 0.0035819020723461344, ""low"": 0.000806269173977481, ""high"": 0.0021940856231618074, ""relative_power_proxy"": 0.16677253072403048, ""dynamic_ratio"": 31.878531571166903, ""incomplete_rise"": false, ""f0"": 103.82617439498628, ""kernel_samples"": 1699, ""support_ms"": 38.52607709750567, ""ENBW_hz"": 38.95759717314487, ""tuning_low_hz"": 101.74821772768054, ""tuning_high_hz"": 105.94656820770479, ""approx_first_null_halfwidth_hz"": 51.9434628975265}","[{""status"": ""TARGET_ONSET_MULTIPLE"", ""candidate_s"": [48.46984126984127, 48.572607709750564], ""baseline"": 5.471131091580261e-05, ""peak"": 0.0009099245139727815, ""low"": 0.0002257539515271984, ""high"": 0.00056783923274999, ""relative_power_proxy"": 0.06333048078474814, ""dynamic_ratio"": 16.63137838852189, ""incomplete_rise"": false, ""f0"": 207.65234878997256, ""kernel_samples"": 851, ""support_ms"": 19.29705215419501, ""ENBW_hz"": 77.82352941176471, ""tuning_low_hz"": 203.49643545536108, ""tuning_high_hz"": 211.89313641540957, ""approx_first_null_halfwidth_hz"": 103.76470588235294, ""harmonic_number"": 2, ""supports_primary_candidates"": []}, {""status"": ""TARGET_ONSET_MULTIPLE"", ""candidate_s"": [48.574603174603176, 48.624489795918365, 48.641451247165534, 48.69233560090703], ""baseline"": 1.2796359683710681e-05, ""peak"": 0.0010886095002904889, ""low"": 0.00022795898780506637, ""high"": 0.0006582842440477776, ""relative_power_proxy"": 0.04640275841455913, ""dynamic_ratio"": 85.07181160875385, ""incomplete_rise"": false, ""f0"": 311.4785231849588, ""kernel_samples"": 567, ""support_ms"": 12.857142857142858, ""ENBW_hz"": 116.87279151943461, ""tuning_low_hz"": 305.2446531830416, ""tuning_high_hz"": 317.8397046231143, ""approx_first_null_halfwidth_hz"": 155.8303886925795, ""harmonic_number"": 3, ""supports_primary_candidates"": []}]",Conditional pitched-component observation; finite-band leakage and centered smoothing; original family ambiguity retained.,TARGET_ACTIVITY_CONTINUOUS
HF005,BP_0008,HF005_BP_0008_32,G#1,32,51.91308719749314,48.61198684807256,48.77452653061224,48.46198684807256,48.76198684807256,19.467333725721012,2,0,TARGET_ACTIVITY_CONTINUOUS,[],,,"{""status"": ""TARGET_ACTIVITY_CONTINUOUS"", ""candidate_s"": [], ""baseline"": 3.591817560706865e-05, ""peak"": 0.0012931690441887098, ""low"": 0.0002873683493233969, ""high"": 0.0007902686967560534, ""relative_power_proxy"": 0.02437263825761854, ""dynamic_ratio"": 36.00319399112842, ""incomplete_rise"": false, ""f0"": 51.91308719749314, ""kernel_samples"": 3399, ""support_ms"": 77.07482993197279, ""ENBW_hz"": 19.467333725721012, ""tuning_low_hz"": 50.87410886384027, ""tuning_high_hz"": 52.97328410385239, ""approx_first_null_halfwidth_hz"": 25.956444967628016}","[{""status"": ""TARGET_ACTIVITY_CONTINUOUS"", ""candidate_s"": [], ""baseline"": 0.00011236094938531777, ""peak"": 0.0028225635954270863, ""low"": 0.0006544014785936715, ""high"": 0.0017384825370103786, ""relative_power_proxy"": 0.1176084735325121, ""dynamic_ratio"": 25.12050326085898, ""incomplete_rise"": false, ""f0"": 103.82617439498628, ""kernel_samples"": 1699, ""support_ms"": 38.52607709750567, ""ENBW_hz"": 38.95759717314487, ""tuning_low_hz"": 101.74821772768054, ""tuning_high_hz"": 105.94656820770479, ""approx_first_null_halfwidth_hz"": 51.9434628975265, ""harmonic_number"": 2, ""supports_primary_candidates"": []}, {""status"": ""TARGET_ONSET_CLEAR"", ""candidate_s"": [48.56961451247165], ""baseline"": 3.755568804794761e-05, ""peak"": 0.0011997065611372725, ""low"": 0.0002699858626658126, ""high"": 0.0007348462119015425, ""relative_power_proxy"": 0.0492819593121633, ""dynamic_ratio"": 31.94473656308995, ""incomplete_rise"": false, ""f0"": 155.7392615924794, ""kernel_samples"": 1133, ""support_ms"": 25.691609977324262, ""ENBW_hz"": 58.43639575971731, ""tuning_low_hz"": 152.6223265915208, ""tuning_high_hz"": 158.91985231155715, ""approx_first_null_halfwidth_hz"": 77.91519434628975, ""harmonic_number"": 3, ""supports_primary_candidates"": []}]",Conditional pitched-component observation; finite-band leakage and centered smoothing; original family ambiguity retained.,TARGET_ACTIVITY_CONTINUOUS
HF006,BP_0009,HF006_BP_0009_33,A1,33,55.0,48.97189614512472,49.20537959183673,48.82189614512472,49.121896145124715,20.620324189526187,2,1,TARGET_ONSET_CLEAR,[48.92181405895692],48.92181405895692,-50.08208616779797,"{""status"": ""TARGET_ONSET_CLEAR"", ""candidate_s"": [48.92181405895692], ""baseline"": 1.226039891003165e-05, ""peak"": 0.002969883539231538, ""low"": 0.0006037850269743329, ""high"": 0.0017868342831029351, ""relative_power_proxy"": 0.07535722588155419, ""dynamic_ratio"": 242.2338425547908, ""incomplete_rise"": false, ""f0"": 55.0, ""kernel_samples"": 3209, ""support_ms"": 72.76643990929706, ""ENBW_hz"": 20.620324189526187, ""tuning_low_hz"": 53.899240799655864, ""tuning_high_hz"": 56.123239495041524, ""approx_first_null_halfwidth_hz"": 27.49376558603491}","[{""status"": ""TARGET_ONSET_MULTIPLE"", ""candidate_s"": [48.90385487528345, 48.95673469387755], ""baseline"": 0.00014704894988644033, ""peak"": 0.019474122115951578, ""low"": 0.004012463583099468, ""high"": 0.011743292849525524, ""relative_power_proxy"": 0.2948298151907894, ""dynamic_ratio"": 132.43292203712176, ""incomplete_rise"": true, ""f0"": 110.0, ""kernel_samples"": 1605, ""support_ms"": 36.394557823129254, ""ENBW_hz"": 41.240648379052374, ""tuning_low_hz"": 107.79848159931173, ""tuning_high_hz"": 112.24647899008305, ""approx_first_null_halfwidth_hz"": 54.98753117206982, ""harmonic_number"": 2, ""supports_primary_candidates"": [48.92181405895692]}, {""status"": ""TARGET_ONSET_MULTIPLE"", ""candidate_s"": [48.97269841269841, 49.02557823129251, 49.04353741496599, 49.080453514739226, 49.0984126984127], ""baseline"": 8.321970796345684e-05, ""peak"": 0.0026833896880122405, ""low"": 0.0006032537039732137, ""high"": 0.0016433216959927269, ""relative_power_proxy"": 0.03699310291129849, ""dynamic_ratio"": 32.24464196858948, ""incomplete_rise"": true, ""f0"": 165.0, ""kernel_samples"": 1071, ""support_ms"": 24.285714285714285, ""ENBW_hz"": 61.82242990654205, ""tuning_low_hz"": 161.69772239896758, ""tuning_high_hz"": 168.36971848512457, ""approx_first_null_halfwidth_hz"": 82.42990654205607, ""harmonic_number"": 3, ""supports_primary_candidates"": []}]",Conditional pitched-component observation; finite-band leakage and centered smoothing; original family ambiguity retained.,TARGET_ONSET_CLEAR
HF007,BP_0010,HF007_BP_0010_34,A#1,34,58.27047018976124,49.35630929705216,49.54206893424036,49.20630929705216,49.506309297052155,21.846103038309113,2,2,TARGET_ONSET_CLEAR,[49.32390022675737],49.32390022675737,-32.4090702947899,"{""status"": ""TARGET_ONSET_CLEAR"", ""candidate_s"": [49.32390022675737], ""baseline"": 0.00017985639230594765, ""peak"": 0.003312712883138499, ""low"": 0.000806427690472458, ""high"": 0.0020595702868054784, ""relative_power_proxy"": 0.17744772765008068, ""dynamic_ratio"": 18.418655243030532, ""incomplete_rise"": false, ""f0"": 58.27047018976124, ""kernel_samples"": 3029, ""support_ms"": 68.68480725623583, ""ENBW_hz"": 21.846103038309113, ""tuning_low_hz"": 57.10425644122018, ""tuning_high_hz"": 59.460500980884504, ""approx_first_null_halfwidth_hz"": 29.128137384412152}","[{""status"": ""TARGET_ONSET_CLEAR"", ""candidate_s"": [49.296961451247164], ""baseline"": 0.0002581415023732052, ""peak"": 0.022133202907281036, ""low"": 0.004633153783354772, ""high"": 0.013383178345317904, ""relative_power_proxy"": 0.1962972396796804, ""dynamic_ratio"": 85.74058298956595, ""incomplete_rise"": false, ""f0"": 116.54094037952248, ""kernel_samples"": 1515, ""support_ms"": 34.35374149659864, ""ENBW_hz"": 43.692206076618234, ""tuning_low_hz"": 114.20851288244036, ""tuning_high_hz"": 118.92100196176901, ""approx_first_null_halfwidth_hz"": 58.256274768824305, ""harmonic_number"": 2, ""supports_primary_candidates"": [49.32390022675737]}, {""status"": ""TARGET_ONSET_MULTIPLE"", ""candidate_s"": [49.29197278911565, 49.31891156462585, 49.33986394557823], ""baseline"": 7.45328395702469e-05, ""peak"": 0.0028560544385436534, ""low"": 0.0006308371593649281, ""high"": 0.0017434457989542907, ""relative_power_proxy"": 0.03557082075891612, ""dynamic_ratio"": 38.31941000787758, ""incomplete_rise"": false, ""f0"": 174.81141056928374, ""kernel_samples"": 1011, ""support_ms"": 22.92517006802721, ""ENBW_hz"": 65.4950495049505, ""tuning_low_hz"": 171.31276932366055, ""tuning_high_hz"": 178.38150294265353, ""approx_first_null_halfwidth_hz"": 87.32673267326733, ""harmonic_number"": 3, ""supports_primary_candidates"": [49.32390022675737]}]",Conditional pitched-component observation; finite-band leakage and centered smoothing; original family ambiguity retained.,TARGET_ONSET_CLEAR
HF008,BP_0012,HF008_BP_0012_35,B1,35,61.7354126570155,49.669778684807255,49.92519818594104,49.51977868480726,49.819778684807254,23.145556333100068,2,2,TARGET_ONSET_CLEAR,[49.67809523809524],49.67809523809524,8.316553287983197,"{""status"": ""TARGET_ONSET_CLEAR"", ""candidate_s"": [49.67809523809524], ""baseline"": 0.0004778667889274625, ""peak"": 0.0035395812804922496, ""low"": 0.00109020968724042, ""high"": 0.0023148954838663346, ""relative_power_proxy"": 0.0889529049907093, ""dynamic_ratio"": 7.407045985423227, ""incomplete_rise"": false, ""f0"": 61.7354126570155, ""kernel_samples"": 2859, ""support_ms"": 64.82993197278913, ""ENBW_hz"": 23.145556333100068, ""tuning_low_hz"": 60.49985223030184, ""tuning_high_hz"": 62.99620636136179, ""approx_first_null_halfwidth_hz"": 30.86074177746676}","[{""status"": ""TARGET_ONSET_UNRESOLVED"", ""candidate_s"": [49.64916099773242], ""baseline"": 0.00045099611248710075, ""peak"": 0.017176365762799142, ""low"": 0.003796070042549509, ""high"": 0.010486217902674323, ""relative_power_proxy"": 0.2673445296565724, ""dynamic_ratio"": 38.08539649727117, ""incomplete_rise"": true, ""f0"": 123.470825314031, ""kernel_samples"": 1429, ""support_ms"": 32.40362811791383, ""ENBW_hz"": 46.3235294117647, ""tuning_low_hz"": 120.99970446060368, ""tuning_high_hz"": 125.99241272272359, ""approx_first_null_halfwidth_hz"": 61.76470588235294, ""harmonic_number"": 2, ""supports_primary_candidates"": [49.67809523809524]}, {""status"": ""TARGET_ONSET_MULTIPLE"", ""candidate_s"": [49.648163265306124, 49.67510204081633], ""baseline"": 2.4269289681837506e-05, ""peak"": 0.0029779546103396067, ""low"": 0.0006150063538133913, ""high"": 0.001796480482076499, ""relative_power_proxy"": 0.030222632985463686, ""dynamic_ratio"": 122.70464646389003, ""incomplete_rise"": false, ""f0"": 185.2062379710465, ""kernel_samples"": 953, ""support_ms"": 21.60997732426304, ""ENBW_hz"": 69.48529411764706, ""tuning_low_hz"": 181.4995566909055, ""tuning_high_hz"": 188.98861908408537, ""approx_first_null_halfwidth_hz"": 92.6470588235294, ""harmonic_number"": 3, ""supports_primary_candidates"": [49.67809523809524]}]",Conditional pitched-component observation; finite-band leakage and centered smoothing; original family ambiguity retained.,TARGET_ONSET_UNRESOLVED
HF008,BP_0011,HF008_BP_0011_35,B1,35,61.7354126570155,49.65816870748299,49.91358820861678,49.508168707482994,49.80816870748299,23.145556333100068,2,2,TARGET_ONSET_CLEAR,[49.67809523809524],49.67809523809524,19.926530612245585,"{""status"": ""TARGET_ONSET_CLEAR"", ""candidate_s"": [49.67809523809524], ""baseline"": 0.0004778667889274622, ""peak"": 0.0035395812804922488, ""low"": 0.0010902096872404195, ""high"": 0.002314895483866334, ""relative_power_proxy"": 0.09330334448152335, ""dynamic_ratio"": 7.407045985423229, ""incomplete_rise"": false, ""f0"": 61.7354126570155, ""kernel_samples"": 2859, ""support_ms"": 64.82993197278913, ""ENBW_hz"": 23.145556333100068, ""tuning_low_hz"": 60.49985223030184, ""tuning_high_hz"": 62.99620636136179, ""approx_first_null_halfwidth_hz"": 30.86074177746676}","[{""status"": ""TARGET_ONSET_CLEAR"", ""candidate_s"": [49.64916099773242], ""baseline"": 0.0004509961124871003, ""peak"": 0.017176365762799142, ""low"": 0.0037960700425495085, ""high"": 0.010486217902674323, ""relative_power_proxy"": 0.2517223524793932, ""dynamic_ratio"": 38.08539649727121, ""incomplete_rise"": false, ""f0"": 123.470825314031, ""kernel_samples"": 1429, ""support_ms"": 32.40362811791383, ""ENBW_hz"": 46.3235294117647, ""tuning_low_hz"": 120.99970446060368, ""tuning_high_hz"": 125.99241272272359, ""approx_first_null_halfwidth_hz"": 61.76470588235294, ""harmonic_number"": 2, ""supports_primary_candidates"": [49.67809523809524]}, {""status"": ""TARGET_ONSET_MULTIPLE"", ""candidate_s"": [49.648163265306124, 49.67510204081633], ""baseline"": 2.4269289681837726e-05, ""peak"": 0.0029779546103396084, ""low"": 0.0006150063538133919, ""high"": 0.0017964804820764999, ""relative_power_proxy"": 0.029200464920353, ""dynamic_ratio"": 122.70464646388899, ""incomplete_rise"": false, ""f0"": 185.2062379710465, ""kernel_samples"": 953, ""support_ms"": 21.60997732426304, ""ENBW_hz"": 69.48529411764706, ""tuning_low_hz"": 181.4995566909055, ""tuning_high_hz"": 188.98861908408537, ""approx_first_null_halfwidth_hz"": 92.6470588235294, ""harmonic_number"": 3, ""supports_primary_candidates"": [49.67809523809524]}]",Conditional pitched-component observation; finite-band leakage and centered smoothing; original family ambiguity retained.,TARGET_ONSET_UNRESOLVED
HF008,BP_0011,HF008_BP_0011_47,B2,47,123.47082531403103,49.65816870748299,49.91358820861678,49.508168707482994,49.80816870748299,46.3235294117647,0,0,TARGET_ONSET_CLEAR,[49.64916099773242],49.64916099773242,-9.007709750569859,"{""status"": ""TARGET_ONSET_CLEAR"", ""candidate_s"": [49.64916099773242], ""baseline"": 0.0004509961124871006, ""peak"": 0.017176365762799125, ""low"": 0.0037960700425495055, ""high"": 0.010486217902674313, ""relative_power_proxy"": 0.2517223524793935, ""dynamic_ratio"": 38.08539649727115, ""incomplete_rise"": false, ""f0"": 123.47082531403103, ""kernel_samples"": 1429, ""support_ms"": 32.40362811791383, ""ENBW_hz"": 46.3235294117647, ""tuning_low_hz"": 120.99970446060371, ""tuning_high_hz"": 125.99241272272361, ""approx_first_null_halfwidth_hz"": 61.76470588235294}","[{""status"": ""TARGET_NOT_OBSERVABLE"", ""candidate_s"": [], ""baseline"": 1.1843017144269884e-05, ""peak"": 0.0009473021369604847, ""low"": 0.00019893484110751285, ""high"": 0.0005731184890339988, ""relative_power_proxy"": 0.004575639375426845, ""dynamic_ratio"": 79.9882433184542, ""incomplete_rise"": false, ""f0"": 246.94165062806206, ""kernel_samples"": 715, ""support_ms"": 16.213151927437643, ""ENBW_hz"": 92.64705882352942, ""tuning_low_hz"": 241.99940892120742, ""tuning_high_hz"": 251.98482544544723, ""approx_first_null_halfwidth_hz"": 123.52941176470588, ""harmonic_number"": 2, ""supports_primary_candidates"": []}, {""status"": ""TARGET_NOT_OBSERVABLE"", ""candidate_s"": [], ""baseline"": 1.1209504139858332e-05, ""peak"": 0.0010415952854990569, ""low"": 0.00021728666041169803, ""high"": 0.0006294409729553774, ""relative_power_proxy"": 0.006786711025963714, ""dynamic_ratio"": 92.92072802715606, ""incomplete_rise"": false, ""f0"": 370.4124759420931, ""kernel_samples"": 477, ""support_ms"": 10.816326530612244, ""ENBW_hz"": 138.97058823529414, ""tuning_low_hz"": 362.9991133818111, ""tuning_high_hz"": 377.97723816817086, ""approx_first_null_halfwidth_hz"": 185.2941176470588, ""harmonic_number"": 3, ""supports_primary_candidates"": []}]",Conditional pitched-component observation; finite-band leakage and centered smoothing; original family ambiguity retained.,TARGET_ONSET_UNRESOLVED
HF009,BP_0013,HF009_BP_0013_36,C2,36,65.40639132514966,50.052907936507935,50.34315736961451,49.90290793650794,50.202907936507934,24.536350148367955,2,0,TARGET_ONSET_CLEAR,[50.04925170068027],50.04925170068027,-3.656235827662613,"{""status"": ""TARGET_ONSET_CLEAR"", ""candidate_s"": [50.04925170068027], ""baseline"": 0.0005729979450845566, ""peak"": 0.004940235522597254, ""low"": 0.001446445460587096, ""high"": 0.0031933404915921748, ""relative_power_proxy"": 0.0710876759165179, ""dynamic_ratio"": 8.621733402321764, ""incomplete_rise"": false, ""f0"": 65.40639132514966, ""kernel_samples"": 2697, ""support_ms"": 61.156462585034014, ""ENBW_hz"": 24.536350148367955, ""tuning_low_hz"": 64.0973606521957, ""tuning_high_hz"": 66.7421557245051, ""approx_first_null_halfwidth_hz"": 32.71513353115727}","[{""status"": ""TARGET_ONSET_CLEAR"", ""candidate_s"": [50.014331065759634], ""baseline"": 0.0011159591555909216, ""peak"": 0.02945142066105929, ""low"": 0.0067830514566845955, ""high"": 0.01811723605887194, ""relative_power_proxy"": 0.32860110938918946, ""dynamic_ratio"": 26.391127769783118, ""incomplete_rise"": false, ""f0"": 130.8127826502993, ""kernel_samples"": 1349, ""support_ms"": 30.589569160997733, ""ENBW_hz"": 49.07270029673592, ""tuning_low_hz"": 128.1947213043914, ""tuning_high_hz"": 133.4843114490102, ""approx_first_null_halfwidth_hz"": 65.43026706231454, ""harmonic_number"": 2, ""supports_primary_candidates"": []}, {""status"": ""TARGET_ONSET_CLEAR"", ""candidate_s"": [50.0821768707483], ""baseline"": 0.00010948719704299527, ""peak"": 0.006350843763891482, ""low"": 0.001357758510412693, ""high"": 0.0038543011371520875, ""relative_power_proxy"": 0.03213177423928095, ""dynamic_ratio"": 58.00535528731753, ""incomplete_rise"": false, ""f0"": 196.21917397544897, ""kernel_samples"": 899, ""support_ms"": 20.385487528344672, ""ENBW_hz"": 73.66369710467706, ""tuning_low_hz"": 192.2920819565871, ""tuning_high_hz"": 200.2264671735153, ""approx_first_null_halfwidth_hz"": 98.21826280623608, ""harmonic_number"": 3, ""supports_primary_candidates"": []}]",Conditional pitched-component observation; finite-band leakage and centered smoothing; original family ambiguity retained.,TARGET_ONSET_CLEAR
HF010,BP_0014,HF010_BP_0014_28,E1,28,41.20344461410875,50.35476734693877,51.18035963718821,50.20476734693877,50.50476734693877,15.44838860345633,2,0,TARGET_NOT_OBSERVABLE,[],,,"{""status"": ""TARGET_NOT_OBSERVABLE"", ""candidate_s"": [], ""baseline"": 8.6133937848709e-07, ""peak"": 0.0066742190204553175, ""low"": 0.0013355328755938535, ""high"": 0.004004875948024585, ""relative_power_proxy"": 0.0024337305890164357, ""dynamic_ratio"": 7748.651910212503, ""incomplete_rise"": false, ""f0"": 41.20344461410875, ""kernel_samples"": 4283, ""support_ms"": 97.12018140589569, ""ENBW_hz"": 15.44838860345633, ""tuning_low_hz"": 40.37880696420238, ""tuning_high_hz"": 42.044923456332796, ""approx_first_null_halfwidth_hz"": 20.597851471275106}","[{""status"": ""TARGET_ONSET_CLEAR"", ""candidate_s"": [50.39047619047619], ""baseline"": 0.0003531771296258142, ""peak"": 0.09974634753537448, ""low"": 0.020231811210775545, ""high"": 0.05998907937307501, ""relative_power_proxy"": 0.04728494941277523, ""dynamic_ratio"": 282.42584009064865, ""incomplete_rise"": false, ""f0"": 82.4068892282175, ""kernel_samples"": 2141, ""support_ms"": 48.54875283446712, ""ENBW_hz"": 30.911214953271024, ""tuning_low_hz"": 80.75761392840477, ""tuning_high_hz"": 84.08984691266559, ""approx_first_null_halfwidth_hz"": 41.21495327102804, ""harmonic_number"": 2, ""supports_primary_candidates"": []}, {""status"": ""TARGET_ONSET_MULTIPLE"", ""candidate_s"": [50.40344671201814, 50.42938775510204], ""baseline"": 0.0035048455941396775, ""peak"": 0.06904265750160628, ""low"": 0.016612407975632997, ""high"": 0.04282753273861963, ""relative_power_proxy"": 0.30420781992966334, ""dynamic_ratio"": 19.699200905469258, ""incomplete_rise"": true, ""f0"": 123.61033384232624, ""kernel_samples"": 1429, ""support_ms"": 32.40362811791383, ""ENBW_hz"": 46.3235294117647, ""tuning_low_hz"": 121.13642089260715, ""tuning_high_hz"": 126.1347703689984, ""approx_first_null_halfwidth_hz"": 61.76470588235294, ""harmonic_number"": 3, ""supports_primary_candidates"": []}]",Conditional pitched-component observation; finite-band leakage and centered smoothing; original family ambiguity retained.,TARGET_ONSET_MULTIPLE
HF010,BP_0015,HF010_BP_0015_28,E1,28,41.20344461410875,50.6914566893424,51.05264988662132,50.541456689342404,50.8414566893424,15.44838860345633,2,0,TARGET_ACTIVITY_CONTINUOUS,[],,,"{""status"": ""TARGET_ACTIVITY_CONTINUOUS"", ""candidate_s"": [], ""baseline"": 0.005437469035562264, ""peak"": 0.0071377108754387755, ""low"": 0.0057775174035375665, ""high"": 0.006457614139488171, ""relative_power_proxy"": 0.08216190615362043, ""dynamic_ratio"": 1.3126899351070414, ""incomplete_rise"": false, ""f0"": 41.20344461410875, ""kernel_samples"": 4283, ""support_ms"": 97.12018140589569, ""ENBW_hz"": 15.44838860345633, ""tuning_low_hz"": 40.37880696420238, ""tuning_high_hz"": 42.044923456332796, ""approx_first_null_halfwidth_hz"": 20.597851471275106}","[{""status"": ""TARGET_ACTIVITY_CONTINUOUS"", ""candidate_s"": [], ""baseline"": 0.013565633971390554, ""peak"": 0.04436412773844167, ""low"": 0.01972533272480078, ""high"": 0.03204473023162122, ""relative_power_proxy"": 0.2379238410827643, ""dynamic_ratio"": 3.2703320635072464, ""incomplete_rise"": false, ""f0"": 82.4068892282175, ""kernel_samples"": 2141, ""support_ms"": 48.54875283446712, ""ENBW_hz"": 30.911214953271024, ""tuning_low_hz"": 80.75761392840477, ""tuning_high_hz"": 84.08984691266559, ""approx_first_null_halfwidth_hz"": 41.21495327102804, ""harmonic_number"": 2, ""supports_primary_candidates"": []}, {""status"": ""TARGET_ONSET_MULTIPLE"", ""candidate_s"": [50.547120181405894, 50.57006802721089], ""baseline"": 0.006938888676934513, ""peak"": 0.04150769502124888, ""low"": 0.013852649945797386, ""high"": 0.027680172483523134, ""relative_power_proxy"": 0.17938704140455558, ""dynamic_ratio"": 5.981893780660321, ""incomplete_rise"": false, ""f0"": 123.61033384232624, ""kernel_samples"": 1429, ""support_ms"": 32.40362811791383, ""ENBW_hz"": 46.3235294117647, ""tuning_low_hz"": 121.13642089260715, ""tuning_high_hz"": 126.1347703689984, ""approx_first_null_halfwidth_hz"": 61.76470588235294, ""harmonic_number"": 3, ""supports_primary_candidates"": []}]",Conditional pitched-component observation; finite-band leakage and centered smoothing; original family ambiguity retained.,TARGET_ONSET_MULTIPLE
HF010,BP_0015,HF010_BP_0015_47,B2,47,123.47082531403103,50.6914566893424,51.05264988662132,50.541456689342404,50.8414566893424,46.3235294117647,0,0,TARGET_ONSET_MULTIPLE,"[50.547120181405894, 50.57006802721089]",,,"{""status"": ""TARGET_ONSET_MULTIPLE"", ""candidate_s"": [50.547120181405894, 50.57006802721089], ""baseline"": 0.006887979009528933, ""peak"": 0.04164874905531234, ""low"": 0.013840133018685613, ""high"": 0.02774444103699897, ""relative_power_proxy"": 0.18016553369265487, ""dynamic_ratio"": 6.0465847816456515, ""incomplete_rise"": false, ""f0"": 123.47082531403103, ""kernel_samples"": 1429, ""support_ms"": 32.40362811791383, ""ENBW_hz"": 46.3235294117647, ""tuning_low_hz"": 120.99970446060371, ""tuning_high_hz"": 125.99241272272361, ""approx_first_null_halfwidth_hz"": 61.76470588235294}","[{""status"": ""TARGET_NOT_OBSERVABLE"", ""candidate_s"": [], ""baseline"": 0.00010023450446554326, ""peak"": 0.002097398035410554, ""low"": 0.0004996672106545454, ""high"": 0.0012985326230325496, ""relative_power_proxy"": 0.0032358886292071063, ""dynamic_ratio"": 20.92491050456141, ""incomplete_rise"": false, ""f0"": 246.94165062806206, ""kernel_samples"": 715, ""support_ms"": 16.213151927437643, ""ENBW_hz"": 92.64705882352942, ""tuning_low_hz"": 241.99940892120742, ""tuning_high_hz"": 251.98482544544723, ""approx_first_null_halfwidth_hz"": 123.52941176470588, ""harmonic_number"": 2, ""supports_primary_candidates"": []}, {""status"": ""TARGET_NOT_OBSERVABLE"", ""candidate_s"": [], ""baseline"": 1.002535033672791e-05, ""peak"": 0.001778290284878325, ""low"": 0.0003636783372450474, ""high"": 0.001070984311061686, ""relative_power_proxy"": 0.0026014269156873736, ""dynamic_ratio"": 177.3793658226137, ""incomplete_rise"": false, ""f0"": 370.4124759420931, ""kernel_samples"": 477, ""support_ms"": 10.816326530612244, ""ENBW_hz"": 138.97058823529414, ""tuning_low_hz"": 362.9991133818111, ""tuning_high_hz"": 377.97723816817086, ""approx_first_null_halfwidth_hz"": 185.2941176470588, ""harmonic_number"": 3, ""supports_primary_candidates"": []}]",Conditional pitched-component observation; finite-band leakage and centered smoothing; original family ambiguity retained.,TARGET_ONSET_MULTIPLE
HF010,BP_0016,HF010_BP_0016_28,E1,28,41.20344461410875,50.80755646258503,50.9946,50.657556462585035,50.95755646258503,15.44838860345633,2,0,TARGET_ACTIVITY_CONTINUOUS,[],,,"{""status"": ""TARGET_ACTIVITY_CONTINUOUS"", ""candidate_s"": [], ""baseline"": 0.005259531908116246, ""peak"": 0.006639479553536678, ""low"": 0.005535521437200332, ""high"": 0.006087500495368505, ""relative_power_proxy"": 0.09018176434060733, ""dynamic_ratio"": 1.2623708097085533, ""incomplete_rise"": false, ""f0"": 41.20344461410875, ""kernel_samples"": 4283, ""support_ms"": 97.12018140589569, ""ENBW_hz"": 15.44838860345633, ""tuning_low_hz"": 40.37880696420238, ""tuning_high_hz"": 42.044923456332796, ""approx_first_null_halfwidth_hz"": 20.597851471275106}","[{""status"": ""TARGET_ACTIVITY_CONTINUOUS"", ""candidate_s"": [], ""baseline"": 0.01001326114382672, ""peak"": 0.021036294384368596, ""low"": 0.012217867791935096, ""high"": 0.016627081088151845, ""relative_power_proxy"": 0.22074908883648386, ""dynamic_ratio"": 2.10084347968271, ""incomplete_rise"": false, ""f0"": 82.4068892282175, ""kernel_samples"": 2141, ""support_ms"": 48.54875283446712, ""ENBW_hz"": 30.911214953271024, ""tuning_low_hz"": 80.75761392840477, ""tuning_high_hz"": 84.08984691266559, ""approx_first_null_halfwidth_hz"": 41.21495327102804, ""harmonic_number"": 2, ""supports_primary_candidates"": []}, {""status"": ""TARGET_ACTIVITY_CONTINUOUS"", ""candidate_s"": [], ""baseline"": 0.0062048599100874005, ""peak"": 0.024698380985812188, ""low"": 0.009903564125232358, ""high"": 0.017300972555522272, ""relative_power_proxy"": 0.17998783086277317, ""dynamic_ratio"": 3.980489703830282, ""incomplete_rise"": false, ""f0"": 123.61033384232624, ""kernel_samples"": 1429, ""support_ms"": 32.40362811791383, ""ENBW_hz"": 46.3235294117647, ""tuning_low_hz"": 121.13642089260715, ""tuning_high_hz"": 126.1347703689984, ""approx_first_null_halfwidth_hz"": 61.76470588235294, ""harmonic_number"": 3, ""supports_primary_candidates"": []}]",Conditional pitched-component observation; finite-band leakage and centered smoothing; original family ambiguity retained.,TARGET_ONSET_MULTIPLE
HF010,BP_0016,HF010_BP_0016_40,E2,40,82.4068892282175,50.80755646258503,50.9946,50.657556462585035,50.95755646258503,30.911214953271024,1,0,TARGET_ACTIVITY_CONTINUOUS,[],,,"{""status"": ""TARGET_ACTIVITY_CONTINUOUS"", ""candidate_s"": [], ""baseline"": 0.01001326114382672, ""peak"": 0.021036294384368596, ""low"": 0.012217867791935096, ""high"": 0.016627081088151845, ""relative_power_proxy"": 0.22074908883648386, ""dynamic_ratio"": 2.10084347968271, ""incomplete_rise"": false, ""f0"": 82.4068892282175, ""kernel_samples"": 2141, ""support_ms"": 48.54875283446712, ""ENBW_hz"": 30.911214953271024, ""tuning_low_hz"": 80.75761392840477, ""tuning_high_hz"": 84.08984691266559, ""approx_first_null_halfwidth_hz"": 41.21495327102804}","[{""status"": ""TARGET_ONSET_MULTIPLE"", ""candidate_s"": [50.66585034013605, 50.808526077097504], ""baseline"": 0.0011090962542220483, ""peak"": 0.013103183423046965, ""low"": 0.0035079136879870316, ""high"": 0.008305548555516998, ""relative_power_proxy"": 0.06626293028307383, ""dynamic_ratio"": 11.814288771751295, ""incomplete_rise"": false, ""f0"": 164.813778456435, ""kernel_samples"": 1071, ""support_ms"": 24.285714285714285, ""ENBW_hz"": 61.82242990654205, ""tuning_low_hz"": 161.51522785680953, ""tuning_high_hz"": 168.17969382533119, ""approx_first_null_halfwidth_hz"": 82.42990654205607, ""harmonic_number"": 2, ""supports_primary_candidates"": []}, {""status"": ""TARGET_NOT_OBSERVABLE"", ""candidate_s"": [], ""baseline"": 9.307114027579026e-05, ""peak"": 0.0023493526989018807, ""low"": 0.0005443274520010084, ""high"": 0.0014468400754514444, ""relative_power_proxy"": 0.005125836059526328, ""dynamic_ratio"": 25.242547710710664, ""incomplete_rise"": false, ""f0"": 247.22066768465248, ""kernel_samples"": 715, ""support_ms"": 16.213151927437643, ""ENBW_hz"": 92.64705882352942, ""tuning_low_hz"": 242.2728417852143, ""tuning_high_hz"": 252.2695407379968, ""approx_first_null_halfwidth_hz"": 123.52941176470588, ""harmonic_number"": 3, ""supports_primary_candidates"": []}]",Conditional pitched-component observation; finite-band leakage and centered smoothing; original family ambiguity retained.,TARGET_ONSET_MULTIPLE
HF011,BP_0017,HF011_BP_0017_29,F1,29,43.653528929125486,51.18035963718821,51.38933922902494,51.03035963718821,51.33035963718821,16.373762376237625,2,0,TARGET_ACTIVITY_CONTINUOUS,[],,,"{""status"": ""TARGET_ACTIVITY_CONTINUOUS"", ""candidate_s"": [], ""baseline"": 0.0013286229247017616, ""peak"": 0.004761910000583842, ""low"": 0.0020152803398781776, ""high"": 0.0033885951702310097, ""relative_power_proxy"": 0.2953205969784825, ""dynamic_ratio"": 3.5840944123802148, ""incomplete_rise"": false, ""f0"": 43.653528929125486, ""kernel_samples"": 4041, ""support_ms"": 91.63265306122449, ""ENBW_hz"": 16.373762376237625, ""tuning_low_hz"": 42.77985577283051, ""tuning_high_hz"": 44.545044707146054, ""approx_first_null_halfwidth_hz"": 21.831683168316832}","[{""status"": ""TARGET_ACTIVITY_CONTINUOUS"", ""candidate_s"": [], ""baseline"": 1.0877284818574871e-05, ""peak"": 0.005059623970730316, ""low"": 0.001020626622000923, ""high"": 0.003040125296365619, ""relative_power_proxy"": 0.026532962892638755, ""dynamic_ratio"": 465.1550506510702, ""incomplete_rise"": false, ""f0"": 87.30705785825097, ""kernel_samples"": 2021, ""support_ms"": 45.827664399092974, ""ENBW_hz"": 32.74752475247525, ""tuning_low_hz"": 85.55971154566102, ""tuning_high_hz"": 89.09008941429211, ""approx_first_null_halfwidth_hz"": 43.663366336633665, ""harmonic_number"": 2, ""supports_primary_candidates"": []}, {""status"": ""TARGET_ACTIVITY_CONTINUOUS"", ""candidate_s"": [], ""baseline"": 0.00015285576104735429, ""peak"": 0.007997781459590033, ""low"": 0.00172184090075589, ""high"": 0.004859811180172961, ""relative_power_proxy"": 0.07605282126934733, ""dynamic_ratio"": 52.32240777050165, ""incomplete_rise"": false, ""f0"": 130.96058678737646, ""kernel_samples"": 1347, ""support_ms"": 30.54421768707483, ""ENBW_hz"": 49.14561664190194, ""tuning_low_hz"": 128.33956731849153, ""tuning_high_hz"": 133.63513412143817, ""approx_first_null_halfwidth_hz"": 65.52748885586924, ""harmonic_number"": 3, ""supports_primary_candidates"": []}]",Conditional pitched-component observation; finite-band leakage and centered smoothing; original family ambiguity retained.,TARGET_ACTIVITY_CONTINUOUS
HF012,BP_0019,HF012_BP_0019_33,A1,33,55.0,51.586708843537416,51.95822811791383,51.43670884353742,51.736708843537414,20.620324189526187,2,1,TARGET_ONSET_CLEAR,[51.5308843537415],51.5308843537415,-55.82448979591703,"{""status"": ""TARGET_ONSET_CLEAR"", ""candidate_s"": [51.5308843537415], ""baseline"": 8.327730861387099e-05, ""peak"": 0.0035866662535379147, ""low"": 0.0007839550975986797, ""high"": 0.0021853106755682973, ""relative_power_proxy"": 0.09088128360835131, ""dynamic_ratio"": 43.06895015265305, ""incomplete_rise"": false, ""f0"": 55.0, ""kernel_samples"": 3209, ""support_ms"": 72.76643990929706, ""ENBW_hz"": 20.620324189526187, ""tuning_low_hz"": 53.899240799655864, ""tuning_high_hz"": 56.123239495041524, ""approx_first_null_halfwidth_hz"": 27.49376558603491}","[{""status"": ""TARGET_ONSET_CLEAR"", ""candidate_s"": [51.49995464852608], ""baseline"": 0.0002117117155218098, ""peak"": 0.01688816110814522, ""low"": 0.0035470015940464923, ""high"": 0.010217581351095857, ""relative_power_proxy"": 0.34949488054948763, ""dynamic_ratio"": 79.76961060714405, ""incomplete_rise"": false, ""f0"": 110.0, ""kernel_samples"": 1605, ""support_ms"": 36.394557823129254, ""ENBW_hz"": 41.240648379052374, ""tuning_low_hz"": 107.79848159931173, ""tuning_high_hz"": 112.24647899008305, ""approx_first_null_halfwidth_hz"": 54.98753117206982, ""harmonic_number"": 2, ""supports_primary_candidates"": [51.5308843537415]}, {""status"": ""TARGET_ONSET_MULTIPLE"", ""candidate_s"": [51.5837641723356, 51.60371882086168, 51.622675736961455], ""baseline"": 0.0002495470070641503, ""peak"": 0.005179684979421502, ""low"": 0.0012355746015356205, ""high"": 0.0032076297904785607, ""relative_power_proxy"": 0.061761166017095956, ""dynamic_ratio"": 20.75634983708691, ""incomplete_rise"": true, ""f0"": 165.0, ""kernel_samples"": 1071, ""support_ms"": 24.285714285714285, ""ENBW_hz"": 61.82242990654205, ""tuning_low_hz"": 161.69772239896758, ""tuning_high_hz"": 168.36971848512457, ""approx_first_null_halfwidth_hz"": 82.42990654205607, ""harmonic_number"": 3, ""supports_primary_candidates"": []}]",Conditional pitched-component observation; finite-band leakage and centered smoothing; original family ambiguity retained.,TARGET_ONSET_UNRESOLVED
HF012,BP_0018,HF012_BP_0018_33,A1,33,55.0,51.56348888888889,51.72602857142857,51.41348888888889,51.71348888888889,20.620324189526187,2,1,TARGET_ONSET_CLEAR,[51.5308843537415],51.5308843537415,-32.604535147392255,"{""status"": ""TARGET_ONSET_CLEAR"", ""candidate_s"": [51.5308843537415], ""baseline"": 8.327730861387057e-05, ""peak"": 0.0035866662535379086, ""low"": 0.0007839550975986782, ""high"": 0.0021853106755682934, ""relative_power_proxy"": 0.0908812836083514, ""dynamic_ratio"": 43.068950152653194, ""incomplete_rise"": false, ""f0"": 55.0, ""kernel_samples"": 3209, ""support_ms"": 72.76643990929706, ""ENBW_hz"": 20.620324189526187, ""tuning_low_hz"": 53.899240799655864, ""tuning_high_hz"": 56.123239495041524, ""approx_first_null_halfwidth_hz"": 27.49376558603491}","[{""status"": ""TARGET_ONSET_CLEAR"", ""candidate_s"": [51.49995464852608], ""baseline"": 0.00012410426506045909, ""peak"": 0.016888161108145228, ""low"": 0.0034769156336774128, ""high"": 0.01018253837091132, ""relative_power_proxy"": 0.3494948805494877, ""dynamic_ratio"": 136.0804247937646, ""incomplete_rise"": false, ""f0"": 110.0, ""kernel_samples"": 1605, ""support_ms"": 36.394557823129254, ""ENBW_hz"": 41.240648379052374, ""tuning_low_hz"": 107.79848159931173, ""tuning_high_hz"": 112.24647899008305, ""approx_first_null_halfwidth_hz"": 54.98753117206982, ""harmonic_number"": 2, ""supports_primary_candidates"": [51.5308843537415]}, {""status"": ""TARGET_ONSET_MULTIPLE"", ""candidate_s"": [51.5837641723356, 51.60371882086168, 51.62167800453515], ""baseline"": 0.00017895980863536653, ""peak"": 0.005179684979421504, ""low"": 0.0011791048427925942, ""high"": 0.003179394911107049, ""relative_power_proxy"": 0.05705665536789541, ""dynamic_ratio"": 28.94328631058829, ""incomplete_rise"": false, ""f0"": 165.0, ""kernel_samples"": 1071, ""support_ms"": 24.285714285714285, ""ENBW_hz"": 61.82242990654205, ""tuning_low_hz"": 161.69772239896758, ""tuning_high_hz"": 168.36971848512457, ""approx_first_null_halfwidth_hz"": 82.42990654205607, ""harmonic_number"": 3, ""supports_primary_candidates"": []}]",Conditional pitched-component observation; finite-band leakage and centered smoothing; original family ambiguity retained.,TARGET_ONSET_UNRESOLVED
HF012,BP_0018,HF012_BP_0018_45,A2,45,110.0,51.56348888888889,51.72602857142857,51.41348888888889,51.71348888888889,41.240648379052374,2,0,TARGET_ONSET_CLEAR,[51.49995464852608],51.49995464852608,-63.534240362812966,"{""status"": ""TARGET_ONSET_CLEAR"", ""candidate_s"": [51.49995464852608], ""baseline"": 0.00012410426506045909, ""peak"": 0.016888161108145228, ""low"": 0.0034769156336774128, ""high"": 0.01018253837091132, ""relative_power_proxy"": 0.3494948805494877, ""dynamic_ratio"": 136.0804247937646, ""incomplete_rise"": false, ""f0"": 110.0, ""kernel_samples"": 1605, ""support_ms"": 36.394557823129254, ""ENBW_hz"": 41.240648379052374, ""tuning_low_hz"": 107.79848159931173, ""tuning_high_hz"": 112.24647899008305, ""approx_first_null_halfwidth_hz"": 54.98753117206982}","[{""status"": ""TARGET_ONSET_CLEAR"", ""candidate_s"": [51.44907029478458], ""baseline"": 9.200119051930185e-05, ""peak"": 0.0029765795271310728, ""low"": 0.0006689168578416561, ""high"": 0.0018227481924863644, ""relative_power_proxy"": 0.02412578285309544, ""dynamic_ratio"": 32.35370662411793, ""incomplete_rise"": false, ""f0"": 220.0, ""kernel_samples"": 803, ""support_ms"": 18.20861678004535, ""ENBW_hz"": 82.4812967581047, ""tuning_low_hz"": 215.59696319862346, ""tuning_high_hz"": 224.4929579801661, ""approx_first_null_halfwidth_hz"": 109.97506234413964, ""harmonic_number"": 2, ""supports_primary_candidates"": []}, {""status"": ""TARGET_ONSET_CLEAR"", ""candidate_s"": [51.4540589569161], ""baseline"": 1.9901139224527335e-05, ""peak"": 0.0030818073506285303, ""low"": 0.0006322823815053279, ""high"": 0.001857044866066929, ""relative_power_proxy"": 0.014663598041098345, ""dynamic_ratio"": 154.85582588308955, ""incomplete_rise"": false, ""f0"": 330.0, ""kernel_samples"": 535, ""support_ms"": 12.131519274376418, ""ENBW_hz"": 123.87640449438202, ""tuning_low_hz"": 323.39544479793517, ""tuning_high_hz"": 336.73943697024913, ""approx_first_null_halfwidth_hz"": 165.1685393258427, ""harmonic_number"": 3, ""supports_primary_candidates"": []}]",Conditional pitched-component observation; finite-band leakage and centered smoothing; original family ambiguity retained.,TARGET_ONSET_UNRESOLVED
HF013,BP_0021,HF013_BP_0021_38,D2,38,73.41619197935188,51.87695827664399,52.16720770975057,51.72695827664399,52.02695827664399,27.539550374687764,2,2,TARGET_ONSET_CLEAR,[51.88607709750567],51.88607709750567,9.118820861679922,"{""status"": ""TARGET_ONSET_CLEAR"", ""candidate_s"": [51.88607709750567], ""baseline"": 0.00024768602122065956, ""peak"": 0.009679044384347042, ""low"": 0.002133957693845936, ""high"": 0.005906501039096489, ""relative_power_proxy"": 0.02709263096339237, ""dynamic_ratio"": 39.07787906901752, ""incomplete_rise"": false, ""f0"": 73.41619197935188, ""kernel_samples"": 2403, ""support_ms"": 54.48979591836735, ""ENBW_hz"": 27.539550374687764, ""tuning_low_hz"": 71.9468547288882, ""tuning_high_hz"": 74.91553682311113, ""approx_first_null_halfwidth_hz"": 36.71940049958368}","[{""status"": ""TARGET_ONSET_CLEAR"", ""candidate_s"": [51.86512471655329], ""baseline"": 0.0005011573256450199, ""peak"": 0.017542504999831846, ""low"": 0.0039094268604823856, ""high"": 0.010725965930157115, ""relative_power_proxy"": 0.2578352675183241, ""dynamic_ratio"": 35.00398797374373, ""incomplete_rise"": false, ""f0"": 146.83238395870376, ""kernel_samples"": 1203, ""support_ms"": 27.278911564625847, ""ENBW_hz"": 55.03327787021632, ""tuning_low_hz"": 143.8937094577764, ""tuning_high_hz"": 149.83107364622225, ""approx_first_null_halfwidth_hz"": 73.37770382695507, ""harmonic_number"": 2, ""supports_primary_candidates"": [51.88607709750567]}, {""status"": ""TARGET_ONSET_MULTIPLE"", ""candidate_s"": [51.88607709750567, 51.89904761904762], ""baseline"": 0.00012733537767493526, ""peak"": 0.006366446945801479, ""low"": 0.0013751576913002442, ""high"": 0.003870802318550862, ""relative_power_proxy"": 0.021718700319807188, ""dynamic_ratio"": 49.99747173212062, ""incomplete_rise"": true, ""f0"": 220.24857593805564, ""kernel_samples"": 801, ""support_ms"": 18.163265306122447, ""ENBW_hz"": 82.68749999999997, ""tuning_low_hz"": 215.84056418666458, ""tuning_high_hz"": 224.74661046933338, ""approx_first_null_halfwidth_hz"": 110.25, ""harmonic_number"": 3, ""supports_primary_candidates"": [51.88607709750567]}]",Conditional pitched-component observation; finite-band leakage and centered smoothing; original family ambiguity retained.,TARGET_ONSET_UNRESOLVED
HF013,BP_0020,HF013_BP_0020_38,D2,38,73.41619197935188,51.86534829931973,52.16720770975057,51.71534829931973,52.015348299319726,27.539550374687764,2,2,TARGET_ONSET_CLEAR,[51.88607709750567],51.88607709750567,20.72879818594231,"{""status"": ""TARGET_ONSET_CLEAR"", ""candidate_s"": [51.88607709750567], ""baseline"": 0.00024768602122065956, ""peak"": 0.009679044384347036, ""low"": 0.0021339576938459353, ""high"": 0.005906501039096485, ""relative_power_proxy"": 0.023570705653975236, ""dynamic_ratio"": 39.0778790690175, ""incomplete_rise"": false, ""f0"": 73.41619197935188, ""kernel_samples"": 2403, ""support_ms"": 54.48979591836735, ""ENBW_hz"": 27.539550374687764, ""tuning_low_hz"": 71.9468547288882, ""tuning_high_hz"": 74.91553682311113, ""approx_first_null_halfwidth_hz"": 36.71940049958368}","[{""status"": ""TARGET_ONSET_CLEAR"", ""candidate_s"": [51.86512471655329], ""baseline"": 0.0005011573256450217, ""peak"": 0.017542504999831832, ""low"": 0.003909426860482384, ""high"": 0.010725965930157106, ""relative_power_proxy"": 0.15458897726202073, ""dynamic_ratio"": 35.00398797374358, ""incomplete_rise"": false, ""f0"": 146.83238395870376, ""kernel_samples"": 1203, ""support_ms"": 27.278911564625847, ""ENBW_hz"": 55.03327787021632, ""tuning_low_hz"": 143.8937094577764, ""tuning_high_hz"": 149.83107364622225, ""approx_first_null_halfwidth_hz"": 73.37770382695507, ""harmonic_number"": 2, ""supports_primary_candidates"": [51.88607709750567]}, {""status"": ""TARGET_ONSET_MULTIPLE"", ""candidate_s"": [51.88607709750567, 51.89904761904762], ""baseline"": 0.0001211052158457888, ""peak"": 0.006366446945801475, ""low"": 0.001370173561836926, ""high"": 0.0038683102538192003, ""relative_power_proxy"": 0.02236650812822117, ""dynamic_ratio"": 52.56955203241029, ""incomplete_rise"": true, ""f0"": 220.24857593805564, ""kernel_samples"": 801, ""support_ms"": 18.163265306122447, ""ENBW_hz"": 82.68749999999997, ""tuning_low_hz"": 215.84056418666458, ""tuning_high_hz"": 224.74661046933338, ""approx_first_null_halfwidth_hz"": 110.25, ""harmonic_number"": 3, ""supports_primary_candidates"": [51.88607709750567]}]",Conditional pitched-component observation; finite-band leakage and centered smoothing; original family ambiguity retained.,TARGET_ONSET_UNRESOLVED
HF013,BP_0020,HF013_BP_0020_50,D3,50,146.8323839587038,51.86534829931973,52.16720770975057,51.71534829931973,52.015348299319726,55.03327787021632,0,0,TARGET_ONSET_CLEAR,[51.86512471655329],51.86512471655329,-0.22358276643785757,"{""status"": ""TARGET_ONSET_CLEAR"", ""candidate_s"": [51.86512471655329], ""baseline"": 0.0005011573256450186, ""peak"": 0.017542504999831825, ""low"": 0.0039094268604823795, ""high"": 0.010725965930157101, ""relative_power_proxy"": 0.15458897726202067, ""dynamic_ratio"": 35.00398797374378, ""incomplete_rise"": false, ""f0"": 146.8323839587038, ""kernel_samples"": 1203, ""support_ms"": 27.278911564625847, ""ENBW_hz"": 55.03327787021632, ""tuning_low_hz"": 143.89370945777642, ""tuning_high_hz"": 149.83107364622228, ""approx_first_null_halfwidth_hz"": 73.37770382695507}","[{""status"": ""TARGET_NOT_OBSERVABLE"", ""candidate_s"": [], ""baseline"": 1.4206465699097408e-05, ""peak"": 0.001852786853411863, ""low"": 0.00038192254324165054, ""high"": 0.0011173546983267568, ""relative_power_proxy"": 0.005912078678136048, ""dynamic_ratio"": 130.4185638184152, ""incomplete_rise"": false, ""f0"": 293.6647679174076, ""kernel_samples"": 601, ""support_ms"": 13.628117913832199, ""ENBW_hz"": 110.25, ""tuning_low_hz"": 287.78741891555285, ""tuning_high_hz"": 299.66214729244456, ""approx_first_null_halfwidth_hz"": 147.0, ""harmonic_number"": 2, ""supports_primary_candidates"": []}, {""status"": ""TARGET_NOT_OBSERVABLE"", ""candidate_s"": [], ""baseline"": 7.4023494198866e-06, ""peak"": 0.002675171911832447, ""low"": 0.0005409562619023986, ""high"": 0.0016080640868674225, ""relative_power_proxy"": 0.002169471579561204, ""dynamic_ratio"": 361.39497882192995, ""incomplete_rise"": false, ""f0"": 440.4971518761114, ""kernel_samples"": 401, ""support_ms"": 9.09297052154195, ""ENBW_hz"": 165.375, ""tuning_low_hz"": 431.6811283733293, ""tuning_high_hz"": 449.49322093866687, ""approx_first_null_halfwidth_hz"": 220.5, ""harmonic_number"": 3, ""supports_primary_candidates"": []}]",Conditional pitched-component observation; finite-band leakage and centered smoothing; original family ambiguity retained.,TARGET_ONSET_UNRESOLVED
HF014,BP_0022,HF014_BP_0022_39,D#2,39,77.78174593052023,52.16720770975057,52.38779727891156,52.01720770975057,52.31720770975057,29.166666666666664,2,0,TARGET_ONSET_UNRESOLVED,[],,,"{""status"": ""TARGET_ONSET_UNRESOLVED"", ""candidate_s"": [], ""baseline"": 0.00031260937854799583, ""peak"": 0.0038373701206099557, ""low"": 0.0010175615269603878, ""high"": 0.0024274658237851713, ""relative_power_proxy"": 0.033536450496397995, ""dynamic_ratio"": 12.275287895819776, ""incomplete_rise"": true, ""f0"": 77.78174593052023, ""kernel_samples"": 2269, ""support_ms"": 51.45124716553288, ""ENBW_hz"": 29.166666666666664, ""tuning_low_hz"": 76.2250373404866, ""tuning_high_hz"": 79.37024645820105, ""approx_first_null_halfwidth_hz"": 38.888888888888886}","[{""status"": ""TARGET_ACTIVITY_CONTINUOUS"", ""candidate_s"": [], ""baseline"": 0.0019763425526210326, ""peak"": 0.009307474525407344, ""low"": 0.003442568947178295, ""high"": 0.006375021736292818, ""relative_power_proxy"": 0.2254338485965183, ""dynamic_ratio"": 4.709443974205655, ""incomplete_rise"": false, ""f0"": 155.56349186104046, ""kernel_samples"": 1135, ""support_ms"": 25.736961451247165, ""ENBW_hz"": 58.33333333333333, ""tuning_low_hz"": 152.4500746809732, ""tuning_high_hz"": 158.7404929164021, ""approx_first_null_halfwidth_hz"": 77.77777777777777, ""harmonic_number"": 2, ""supports_primary_candidates"": []}, {""status"": ""TARGET_ONSET_CLEAR"", ""candidate_s"": [52.173424036281176], ""baseline"": 0.00017036281633517626, ""peak"": 0.004044263559944887, ""low"": 0.0009451429650571184, ""high"": 0.0024947032625010023, ""relative_power_proxy"": 0.03412901728683723, ""dynamic_ratio"": 23.739121287993367, ""incomplete_rise"": false, ""f0"": 233.3452377915607, ""kernel_samples"": 757, ""support_ms"": 17.165532879818592, ""ENBW_hz"": 87.5, ""tuning_low_hz"": 228.67511202145977, ""tuning_high_hz"": 238.11073937460318, ""approx_first_null_halfwidth_hz"": 116.66666666666667, ""harmonic_number"": 3, ""supports_primary_candidates"": []}]",Conditional pitched-component observation; finite-band leakage and centered smoothing; original family ambiguity retained.,TARGET_ONSET_UNRESOLVED
HF014,BP_0023,HF014_BP_0023_39,D#2,39,77.78174593052023,52.16720770975057,52.306527437641726,52.01720770975057,52.31720770975057,29.166666666666664,2,0,TARGET_ONSET_UNRESOLVED,[],,,"{""status"": ""TARGET_ONSET_UNRESOLVED"", ""candidate_s"": [], ""baseline"": 0.00031260937854799583, ""peak"": 0.0038373701206099557, ""low"": 0.0010175615269603878, ""high"": 0.0024274658237851713, ""relative_power_proxy"": 0.033536450496397995, ""dynamic_ratio"": 12.275287895819776, ""incomplete_rise"": true, ""f0"": 77.78174593052023, ""kernel_samples"": 2269, ""support_ms"": 51.45124716553288, ""ENBW_hz"": 29.166666666666664, ""tuning_low_hz"": 76.2250373404866, ""tuning_high_hz"": 79.37024645820105, ""approx_first_null_halfwidth_hz"": 38.888888888888886}","[{""status"": ""TARGET_ACTIVITY_CONTINUOUS"", ""candidate_s"": [], ""baseline"": 0.0019763425526210326, ""peak"": 0.009307474525407344, ""low"": 0.003442568947178295, ""high"": 0.006375021736292818, ""relative_power_proxy"": 0.2254338485965183, ""dynamic_ratio"": 4.709443974205655, ""incomplete_rise"": false, ""f0"": 155.56349186104046, ""kernel_samples"": 1135, ""support_ms"": 25.736961451247165, ""ENBW_hz"": 58.33333333333333, ""tuning_low_hz"": 152.4500746809732, ""tuning_high_hz"": 158.7404929164021, ""approx_first_null_halfwidth_hz"": 77.77777777777777, ""harmonic_number"": 2, ""supports_primary_candidates"": []}, {""status"": ""TARGET_ONSET_CLEAR"", ""candidate_s"": [52.173424036281176], ""baseline"": 0.00017036281633517626, ""peak"": 0.004044263559944887, ""low"": 0.0009451429650571184, ""high"": 0.0024947032625010023, ""relative_power_proxy"": 0.03412901728683723, ""dynamic_ratio"": 23.739121287993367, ""incomplete_rise"": false, ""f0"": 233.3452377915607, ""kernel_samples"": 757, ""support_ms"": 17.165532879818592, ""ENBW_hz"": 87.5, ""tuning_low_hz"": 228.67511202145977, ""tuning_high_hz"": 238.11073937460318, ""approx_first_null_halfwidth_hz"": 116.66666666666667, ""harmonic_number"": 3, ""supports_primary_candidates"": []}]",Conditional pitched-component observation; finite-band leakage and centered smoothing; original family ambiguity retained.,TARGET_ONSET_UNRESOLVED
HF014,BP_0023,HF014_BP_0023_51,D#3,51,155.56349186104046,52.16720770975057,52.306527437641726,52.01720770975057,52.31720770975057,58.33333333333333,1,0,TARGET_ACTIVITY_CONTINUOUS,[],,,"{""status"": ""TARGET_ACTIVITY_CONTINUOUS"", ""candidate_s"": [], ""baseline"": 0.0019763425526210326, ""peak"": 0.009307474525407344, ""low"": 0.003442568947178295, ""high"": 0.006375021736292818, ""relative_power_proxy"": 0.2254338485965183, ""dynamic_ratio"": 4.709443974205655, ""incomplete_rise"": false, ""f0"": 155.56349186104046, ""kernel_samples"": 1135, ""support_ms"": 25.736961451247165, ""ENBW_hz"": 58.33333333333333, ""tuning_low_hz"": 152.4500746809732, ""tuning_high_hz"": 158.7404929164021, ""approx_first_null_halfwidth_hz"": 77.77777777777777}","[{""status"": ""TARGET_ONSET_CLEAR"", ""candidate_s"": [52.179410430839], ""baseline"": 5.536476182293818e-05, ""peak"": 0.005127156114098276, ""low"": 0.0010697230322780056, ""high"": 0.0030984395731881403, ""relative_power_proxy"": 0.012983182580109248, ""dynamic_ratio"": 92.60684856724232, ""incomplete_rise"": false, ""f0"": 311.1269837220809, ""kernel_samples"": 567, ""support_ms"": 12.857142857142858, ""ENBW_hz"": 116.87279151943461, ""tuning_low_hz"": 304.9001493619464, ""tuning_high_hz"": 317.4809858328042, ""approx_first_null_halfwidth_hz"": 155.8303886925795, ""harmonic_number"": 2, ""supports_primary_candidates"": []}, {""status"": ""TARGET_NOT_OBSERVABLE"", ""candidate_s"": [], ""baseline"": 3.099867236511482e-05, ""peak"": 0.0017765314674148087, ""low"": 0.00038010523137505366, ""high"": 0.0010783183493949312, ""relative_power_proxy"": 0.002975589190915247, ""dynamic_ratio"": 57.30992109888149, ""incomplete_rise"": false, ""f0"": 466.6904755831214, ""kernel_samples"": 379, ""support_ms"": 8.594104308390023, ""ENBW_hz"": 175.0, ""tuning_low_hz"": 457.35022404291954, ""tuning_high_hz"": 476.22147874920637, ""approx_first_null_halfwidth_hz"": 233.33333333333334, ""harmonic_number"": 3, ""supports_primary_candidates"": []}]",Conditional pitched-component observation; finite-band leakage and centered smoothing; original family ambiguity retained.,TARGET_ONSET_UNRESOLVED
HF015,BP_0024,HF015_BP_0024_36,C2,36,65.40639132514966,52.573556916099776,52.71287664399093,52.42355691609978,52.723556916099774,24.536350148367955,2,1,TARGET_ONSET_CLEAR,[52.623401360544214],52.623401360544214,49.84444444443881,"{""status"": ""TARGET_ONSET_CLEAR"", ""candidate_s"": [52.623401360544214], ""baseline"": 0.00030720945565723104, ""peak"": 0.0036852891418058743, ""low"": 0.0009828253928869596, ""high"": 0.002334057267346417, ""relative_power_proxy"": 0.033100134185233714, ""dynamic_ratio"": 11.996014686207236, ""incomplete_rise"": false, ""f0"": 65.40639132514966, ""kernel_samples"": 2697, ""support_ms"": 61.156462585034014, ""ENBW_hz"": 24.536350148367955, ""tuning_low_hz"": 64.0973606521957, ""tuning_high_hz"": 66.7421557245051, ""approx_first_null_halfwidth_hz"": 32.71513353115727}","[{""status"": ""TARGET_ONSET_UNRESOLVED"", ""candidate_s"": [52.59646258503401], ""baseline"": 0.0007485623371788514, ""peak"": 0.019257827362036285, ""low"": 0.004450415342150338, ""high"": 0.011854121352093312, ""relative_power_proxy"": 0.12472959860069413, ""dynamic_ratio"": 25.72641770171651, ""incomplete_rise"": true, ""f0"": 130.8127826502993, ""kernel_samples"": 1349, ""support_ms"": 30.589569160997733, ""ENBW_hz"": 49.07270029673592, ""tuning_low_hz"": 128.1947213043914, ""tuning_high_hz"": 133.4843114490102, ""approx_first_null_halfwidth_hz"": 65.43026706231454, ""harmonic_number"": 2, ""supports_primary_candidates"": [52.623401360544214]}, {""status"": ""TARGET_ONSET_CLEAR"", ""candidate_s"": [52.50666666666667], ""baseline"": 0.0001239703909452499, ""peak"": 0.009967527050336007, ""low"": 0.0020926817228234013, ""high"": 0.0060301043865797046, ""relative_power_proxy"": 0.0309894919280254, ""dynamic_ratio"": 80.40248138555964, ""incomplete_rise"": false, ""f0"": 196.21917397544897, ""kernel_samples"": 899, ""support_ms"": 20.385487528344672, ""ENBW_hz"": 73.66369710467706, ""tuning_low_hz"": 192.2920819565871, ""tuning_high_hz"": 200.2264671735153, ""approx_first_null_halfwidth_hz"": 98.21826280623608, ""harmonic_number"": 3, ""supports_primary_candidates"": []}]",Conditional pitched-component observation; finite-band leakage and centered smoothing; original family ambiguity retained.,TARGET_ONSET_UNRESOLVED
HF015,BP_0025,HF015_BP_0025_36,C2,36,65.40639132514966,52.5967768707483,52.77092653061224,52.4467768707483,52.7467768707483,24.536350148367955,2,1,TARGET_ONSET_CLEAR,[52.623401360544214],52.623401360544214,26.62448979591403,"{""status"": ""TARGET_ONSET_CLEAR"", ""candidate_s"": [52.623401360544214], ""baseline"": 0.000307209455657232, ""peak"": 0.003685289141805876, ""low"": 0.000982825392886961, ""high"": 0.0023340572673464185, ""relative_power_proxy"": 0.03430502421265779, ""dynamic_ratio"": 11.996014686207204, ""incomplete_rise"": false, ""f0"": 65.40639132514966, ""kernel_samples"": 2697, ""support_ms"": 61.156462585034014, ""ENBW_hz"": 24.536350148367955, ""tuning_low_hz"": 64.0973606521957, ""tuning_high_hz"": 66.7421557245051, ""approx_first_null_halfwidth_hz"": 32.71513353115727}","[{""status"": ""TARGET_ONSET_CLEAR"", ""candidate_s"": [52.59646258503401], ""baseline"": 0.0007485623371788511, ""peak"": 0.019257827362036295, ""low"": 0.004450415342150339, ""high"": 0.011854121352093315, ""relative_power_proxy"": 0.129718970475363, ""dynamic_ratio"": 25.726417701716535, ""incomplete_rise"": false, ""f0"": 130.8127826502993, ""kernel_samples"": 1349, ""support_ms"": 30.589569160997733, ""ENBW_hz"": 49.07270029673592, ""tuning_low_hz"": 128.1947213043914, ""tuning_high_hz"": 133.4843114490102, ""approx_first_null_halfwidth_hz"": 65.43026706231454, ""harmonic_number"": 2, ""supports_primary_candidates"": [52.623401360544214]}, {""status"": ""TARGET_ONSET_CLEAR"", ""candidate_s"": [52.50666666666667], ""baseline"": 0.0001308000933532105, ""peak"": 0.009967527050336007, ""low"": 0.00209814548474977, ""high"": 0.006032836267542887, ""relative_power_proxy"": 0.04280068829807832, ""dynamic_ratio"": 76.20428085949338, ""incomplete_rise"": false, ""f0"": 196.21917397544897, ""kernel_samples"": 899, ""support_ms"": 20.385487528344672, ""ENBW_hz"": 73.66369710467706, ""tuning_low_hz"": 192.2920819565871, ""tuning_high_hz"": 200.2264671735153, ""approx_first_null_halfwidth_hz"": 98.21826280623608, ""harmonic_number"": 3, ""supports_primary_candidates"": []}]",Conditional pitched-component observation; finite-band leakage and centered smoothing; original family ambiguity retained.,TARGET_ONSET_UNRESOLVED
HF015,BP_0025,HF015_BP_0025_48,C3,48,130.8127826502993,52.5967768707483,52.77092653061224,52.4467768707483,52.7467768707483,49.07270029673592,1,0,TARGET_ONSET_CLEAR,[52.59646258503401],52.59646258503401,-0.31428571428904206,"{""status"": ""TARGET_ONSET_CLEAR"", ""candidate_s"": [52.59646258503401], ""baseline"": 0.0007485623371788511, ""peak"": 0.019257827362036295, ""low"": 0.004450415342150339, ""high"": 0.011854121352093315, ""relative_power_proxy"": 0.129718970475363, ""dynamic_ratio"": 25.726417701716535, ""incomplete_rise"": false, ""f0"": 130.8127826502993, ""kernel_samples"": 1349, ""support_ms"": 30.589569160997733, ""ENBW_hz"": 49.07270029673592, ""tuning_low_hz"": 128.1947213043914, ""tuning_high_hz"": 133.4843114490102, ""approx_first_null_halfwidth_hz"": 65.43026706231454}","[{""status"": ""TARGET_ONSET_CLEAR"", ""candidate_s"": [52.50866213151927], ""baseline"": 2.9165733512117493e-05, ""peak"": 0.005134399509986935, ""low"": 0.001050212488807081, ""high"": 0.003092305999397008, ""relative_power_proxy"": 0.013607443181978943, ""dynamic_ratio"": 176.0421868990109, ""incomplete_rise"": false, ""f0"": 261.6255653005986, ""kernel_samples"": 675, ""support_ms"": 15.306122448979592, ""ENBW_hz"": 98.14540059347182, ""tuning_low_hz"": 256.3894426087828, ""tuning_high_hz"": 266.9686228980204, ""approx_first_null_halfwidth_hz"": 130.86053412462908, ""harmonic_number"": 2, ""supports_primary_candidates"": []}, {""status"": ""TARGET_NOT_OBSERVABLE"", ""candidate_s"": [], ""baseline"": 1.4152160363610489e-05, ""peak"": 0.002221360561825693, ""low"": 0.00045559384065602706, ""high"": 0.0013384772012408602, ""relative_power_proxy"": 0.0036151557076797448, ""dynamic_ratio"": 156.96264773380364, ""incomplete_rise"": false, ""f0"": 392.43834795089793, ""kernel_samples"": 451, ""support_ms"": 10.226757369614512, ""ENBW_hz"": 147.0, ""tuning_low_hz"": 384.5841639131742, ""tuning_high_hz"": 400.4529343470306, ""approx_first_null_halfwidth_hz"": 196.0, ""harmonic_number"": 3, ""supports_primary_candidates"": []}]",Conditional pitched-component observation; finite-band leakage and centered smoothing; original family ambiguity retained.,TARGET_ONSET_UNRESOLVED
HF015,BP_0026,HF015_BP_0026_36,C2,36,65.40639132514966,52.724486621315194,52.95797006802721,52.574486621315195,52.87448662131519,24.536350148367955,2,2,TARGET_ONSET_CLEAR,[52.623401360544214],52.623401360544214,-101.08526077097935,"{""status"": ""TARGET_ONSET_CLEAR"", ""candidate_s"": [52.623401360544214], ""baseline"": 0.00030720945565723104, ""peak"": 0.003685289141805876, ""low"": 0.00098282539288696, ""high"": 0.002334057267346418, ""relative_power_proxy"": 0.07484915362855082, ""dynamic_ratio"": 11.996014686207243, ""incomplete_rise"": false, ""f0"": 65.40639132514966, ""kernel_samples"": 2697, ""support_ms"": 61.156462585034014, ""ENBW_hz"": 24.536350148367955, ""tuning_low_hz"": 64.0973606521957, ""tuning_high_hz"": 66.7421557245051, ""approx_first_null_halfwidth_hz"": 32.71513353115727}","[{""status"": ""TARGET_ONSET_CLEAR"", ""candidate_s"": [52.59746031746032], ""baseline"": 0.0025136690914822433, ""peak"": 0.019257827362036285, ""low"": 0.005862500745593051, ""high"": 0.012560164053814667, ""relative_power_proxy"": 0.22572779432257295, ""dynamic_ratio"": 7.66124205739446, ""incomplete_rise"": false, ""f0"": 130.8127826502993, ""kernel_samples"": 1349, ""support_ms"": 30.589569160997733, ""ENBW_hz"": 49.07270029673592, ""tuning_low_hz"": 128.1947213043914, ""tuning_high_hz"": 133.4843114490102, ""approx_first_null_halfwidth_hz"": 65.43026706231454, ""harmonic_number"": 2, ""supports_primary_candidates"": [52.623401360544214]}, {""status"": ""TARGET_ONSET_MULTIPLE"", ""candidate_s"": [52.60344671201814, 52.64834467120181], ""baseline"": 0.0001872571493746628, ""peak"": 0.0041414767232921075, ""low"": 0.0009781010641581518, ""high"": 0.00255978889372513, ""relative_power_proxy"": 0.0632569892969571, ""dynamic_ratio"": 22.116521249641952, ""incomplete_rise"": false, ""f0"": 196.21917397544897, ""kernel_samples"": 899, ""support_ms"": 20.385487528344672, ""ENBW_hz"": 73.66369710467706, ""tuning_low_hz"": 192.2920819565871, ""tuning_high_hz"": 200.2264671735153, ""approx_first_null_halfwidth_hz"": 98.21826280623608, ""harmonic_number"": 3, ""supports_primary_candidates"": [52.623401360544214]}]",Conditional pitched-component observation; finite-band leakage and centered smoothing; original family ambiguity retained.,TARGET_ONSET_UNRESOLVED
HF016,BP_0027,HF016_BP_0027_43,G2,43,97.99885899543733,52.887026303854874,53.0856798185941,52.737026303854876,53.03702630385487,36.75000000000001,2,0,TARGET_ONSET_CLEAR,[52.980589569161],52.980589569161,93.56326530612336,"{""status"": ""TARGET_ONSET_CLEAR"", ""candidate_s"": [52.980589569161], ""baseline"": 7.13244206268468e-05, ""peak"": 0.05410436358394277, ""low"": 0.010877932253290033, ""high"": 0.032491147918616396, ""relative_power_proxy"": 0.030302677659417607, ""dynamic_ratio"": 758.5671654734432, ""incomplete_rise"": false, ""f0"": 97.99885899543733, ""kernel_samples"": 1801, ""support_ms"": 40.8390022675737, ""ENBW_hz"": 36.75000000000001, ""tuning_low_hz"": 96.03752907430179, ""tuning_high_hz"": 100.00024424803152, ""approx_first_null_halfwidth_hz"": 49.0}","[{""status"": ""TARGET_ONSET_MULTIPLE"", ""candidate_s"": [52.75310657596372, 52.932698412698414], ""baseline"": 0.00018256913348584376, ""peak"": 0.003742979755390768, ""low"": 0.0008946512578668286, ""high"": 0.0023188155066287985, ""relative_power_proxy"": 0.05881652907381834, ""dynamic_ratio"": 20.501711784051356, ""incomplete_rise"": false, ""f0"": 195.99771799087466, ""kernel_samples"": 901, ""support_ms"": 20.430839002267575, ""ENBW_hz"": 73.5, ""tuning_low_hz"": 192.07505814860357, ""tuning_high_hz"": 200.00048849606304, ""approx_first_null_halfwidth_hz"": 98.0, ""harmonic_number"": 2, ""supports_primary_candidates"": []}, {""status"": ""TARGET_ONSET_MULTIPLE"", ""candidate_s"": [52.90675736961451, 52.93170068027211], ""baseline"": 3.4805315982812645e-05, ""peak"": 0.001094114494374662, ""low"": 0.00024666715166118253, ""high"": 0.0006703908230179224, ""relative_power_proxy"": 0.01429692537809239, ""dynamic_ratio"": 31.435269684520346, ""incomplete_rise"": true, ""f0"": 293.996576986312, ""kernel_samples"": 601, ""support_ms"": 13.628117913832199, ""ENBW_hz"": 110.25, ""tuning_low_hz"": 288.11258722290535, ""tuning_high_hz"": 300.00073274409453, ""approx_first_null_halfwidth_hz"": 147.0, ""harmonic_number"": 3, ""supports_primary_candidates"": []}]",Conditional pitched-component observation; finite-band leakage and centered smoothing; original family ambiguity retained.,TARGET_ONSET_CLEAR
HF016,BP_0028,HF016_BP_0028_43,G2,43,97.99885899543733,53.0856798185941,53.317879365079364,52.9356798185941,53.2356798185941,36.75000000000001,1,0,TARGET_ONSET_CLEAR,[52.981587301587304],52.981587301587304,-104.09251700679789,"{""status"": ""TARGET_ONSET_CLEAR"", ""candidate_s"": [52.981587301587304], ""baseline"": 0.001788935923645581, ""peak"": 0.05410436358394273, ""low"": 0.01225202145570501, ""high"": 0.03317819251982387, ""relative_power_proxy"": 0.40769805752072563, ""dynamic_ratio"": 30.24388010146625, ""incomplete_rise"": false, ""f0"": 97.99885899543733, ""kernel_samples"": 1801, ""support_ms"": 40.8390022675737, ""ENBW_hz"": 36.75000000000001, ""tuning_low_hz"": 96.03752907430179, ""tuning_high_hz"": 100.00024424803152, ""approx_first_null_halfwidth_hz"": 49.0}","[{""status"": ""TARGET_ACTIVITY_CONTINUOUS"", ""candidate_s"": [], ""baseline"": 8.807390393573394e-05, ""peak"": 0.0037429797553907656, ""low"": 0.0008190550742267403, ""high"": 0.002281017414808753, ""relative_power_proxy"": 0.020979945911394373, ""dynamic_ratio"": 42.49817015176203, ""incomplete_rise"": false, ""f0"": 195.99771799087466, ""kernel_samples"": 901, ""support_ms"": 20.430839002267575, ""ENBW_hz"": 73.5, ""tuning_low_hz"": 192.07505814860357, ""tuning_high_hz"": 200.00048849606304, ""approx_first_null_halfwidth_hz"": 98.0, ""harmonic_number"": 2, ""supports_primary_candidates"": []}, {""status"": ""TARGET_NOT_OBSERVABLE"", ""candidate_s"": [], ""baseline"": 3.659588546899172e-05, ""peak"": 0.0008619344652292012, ""low"": 0.00020166360142103362, ""high"": 0.0005317990333251173, ""relative_power_proxy"": 0.008076699743610471, ""dynamic_ratio"": 23.552769776797227, ""incomplete_rise"": false, ""f0"": 293.996576986312, ""kernel_samples"": 601, ""support_ms"": 13.628117913832199, ""ENBW_hz"": 110.25, ""tuning_low_hz"": 288.11258722290535, ""tuning_high_hz"": 300.00073274409453, ""approx_first_null_halfwidth_hz"": 147.0, ""harmonic_number"": 3, ""supports_primary_candidates"": []}]",Conditional pitched-component observation; finite-band leakage and centered smoothing; original family ambiguity retained.,TARGET_ONSET_CLEAR
HF017,BP_0029,HF017_BP_0029_41,F2,41,87.30705785825097,53.37592925170068,53.701008616780044,53.225929251700684,53.52592925170068,32.74752475247525,0,0,TARGET_ONSET_CLEAR,[53.347755102040814],53.347755102040814,-28.17414965986842,"{""status"": ""TARGET_ONSET_CLEAR"", ""candidate_s"": [53.347755102040814], ""baseline"": 0.0003557188419268523, ""peak"": 0.04629028562696253, ""low"": 0.009542632198933988, ""high"": 0.02791645891294826, ""relative_power_proxy"": 0.3563090146862133, ""dynamic_ratio"": 130.13166627952018, ""incomplete_rise"": false, ""f0"": 87.30705785825097, ""kernel_samples"": 2021, ""support_ms"": 45.827664399092974, ""ENBW_hz"": 32.74752475247525, ""tuning_low_hz"": 85.55971154566102, ""tuning_high_hz"": 89.09008941429211, ""approx_first_null_halfwidth_hz"": 43.663366336633665}","[{""status"": ""TARGET_NOT_OBSERVABLE"", ""candidate_s"": [], ""baseline"": 3.817401468947451e-05, ""peak"": 0.0006783184096540825, ""low"": 0.0001662028936823961, ""high"": 0.00042226065166823927, ""relative_power_proxy"": 0.004282379715674593, ""dynamic_ratio"": 17.76911375897571, ""incomplete_rise"": false, ""f0"": 174.61411571650194, ""kernel_samples"": 1011, ""support_ms"": 22.92517006802721, ""ENBW_hz"": 65.4950495049505, ""tuning_low_hz"": 171.11942309132203, ""tuning_high_hz"": 178.18017882858422, ""approx_first_null_halfwidth_hz"": 87.32673267326733, ""harmonic_number"": 2, ""supports_primary_candidates"": []}, {""status"": ""TARGET_NOT_OBSERVABLE"", ""candidate_s"": [], ""baseline"": 2.089603370200437e-05, ""peak"": 0.0012066143067516449, ""low"": 0.00025803968831193246, ""high"": 0.0007323269975317887, ""relative_power_proxy"": 0.003198826779401209, ""dynamic_ratio"": 57.743700261926, ""incomplete_rise"": false, ""f0"": 261.9211735747529, ""kernel_samples"": 675, ""support_ms"": 15.306122448979592, ""ENBW_hz"": 98.14540059347182, ""tuning_low_hz"": 256.67913463698306, ""tuning_high_hz"": 267.27026824287634, ""approx_first_null_halfwidth_hz"": 130.86053412462908, ""harmonic_number"": 3, ""supports_primary_candidates"": []}]",Conditional pitched-component observation; finite-band leakage and centered smoothing; original family ambiguity retained.,TARGET_ONSET_CLEAR
HF018,BP_0030,HF018_BP_0030_46,A#2,46,116.54094037952248,53.72422857142857,54.362777324263035,53.57422857142857,53.87422857142857,43.692206076618234,1,0,TARGET_ONSET_CLEAR,[53.71591836734694],53.71591836734694,-8.310204081631412,"{""status"": ""TARGET_ONSET_CLEAR"", ""candidate_s"": [53.71591836734694], ""baseline"": 0.001298172960579173, ""peak"": 0.01729550618027457, ""low"": 0.0044976396045182535, ""high"": 0.010896572892396414, ""relative_power_proxy"": 0.14293153119994376, ""dynamic_ratio"": 13.322959810038157, ""incomplete_rise"": false, ""f0"": 116.54094037952248, ""kernel_samples"": 1515, ""support_ms"": 34.35374149659864, ""ENBW_hz"": 43.692206076618234, ""tuning_low_hz"": 114.20851288244036, ""tuning_high_hz"": 118.92100196176901, ""approx_first_null_halfwidth_hz"": 58.256274768824305}","[{""status"": ""TARGET_ONSET_MULTIPLE"", ""candidate_s"": [53.59519274376417, 53.661043083900225], ""baseline"": 0.00018024002331538784, ""peak"": 0.0022561274801959946, ""low"": 0.0005954175146915092, ""high"": 0.001425772497443752, ""relative_power_proxy"": 0.03642796808498208, ""dynamic_ratio"": 12.517350135092773, ""incomplete_rise"": false, ""f0"": 233.08188075904496, ""kernel_samples"": 757, ""support_ms"": 17.165532879818592, ""ENBW_hz"": 87.5, ""tuning_low_hz"": 228.41702576488072, ""tuning_high_hz"": 237.84200392353802, ""approx_first_null_halfwidth_hz"": 116.66666666666667, ""harmonic_number"": 2, ""supports_primary_candidates"": []}, {""status"": ""TARGET_NOT_OBSERVABLE"", ""candidate_s"": [], ""baseline"": 2.066397037487125e-05, ""peak"": 0.002377097169814604, ""low"": 0.0004919506102628178, ""high"": 0.0014345238900387107, ""relative_power_proxy"": 0.00821098816005916, ""dynamic_ratio"": 115.03583903243056, ""incomplete_rise"": false, ""f0"": 349.6228211385675, ""kernel_samples"": 505, ""support_ms"": 11.45124716553288, ""ENBW_hz"": 131.25, ""tuning_low_hz"": 342.6255386473211, ""tuning_high_hz"": 356.76300588530705, ""approx_first_null_halfwidth_hz"": 175.0, ""harmonic_number"": 3, ""supports_primary_candidates"": []}]",Conditional pitched-component observation; finite-band leakage and centered smoothing; original family ambiguity retained.,TARGET_ONSET_CLEAR
HF019,BP_0031,HF019_BP_0031_44,G#2,44,103.82617439498628,54.40921723356009,54.757516553287985,54.25921723356009,54.55921723356009,38.95759717314487,2,1,TARGET_ONSET_CLEAR,[54.41233560090703],54.41233560090703,3.118367346935713,"{""status"": ""TARGET_ONSET_CLEAR"", ""candidate_s"": [54.41233560090703], ""baseline"": 0.0009397285169525628, ""peak"": 0.030993059430310842, ""low"": 0.00695039469962422, ""high"": 0.01897172706496753, ""relative_power_proxy"": 0.3693646687934551, ""dynamic_ratio"": 32.98086508092567, ""incomplete_rise"": false, ""f0"": 103.82617439498628, ""kernel_samples"": 1699, ""support_ms"": 38.52607709750567, ""ENBW_hz"": 38.95759717314487, ""tuning_low_hz"": 101.74821772768054, ""tuning_high_hz"": 105.94656820770479, ""approx_first_null_halfwidth_hz"": 51.9434628975265}","[{""status"": ""TARGET_ONSET_MULTIPLE"", ""candidate_s"": [54.35546485260771, 54.371428571428574, 54.395374149659865], ""baseline"": 0.00039484719062186414, ""peak"": 0.004328926183323339, ""low"": 0.001181662989162159, ""high"": 0.0027552945862427485, ""relative_power_proxy"": 0.03390381432050545, ""dynamic_ratio"": 10.963548142524456, ""incomplete_rise"": false, ""f0"": 207.65234878997256, ""kernel_samples"": 851, ""support_ms"": 19.29705215419501, ""ENBW_hz"": 77.82352941176471, ""tuning_low_hz"": 203.49643545536108, ""tuning_high_hz"": 211.89313641540957, ""approx_first_null_halfwidth_hz"": 103.76470588235294, ""harmonic_number"": 2, ""supports_primary_candidates"": [54.41233560090703]}, {""status"": ""TARGET_ONSET_CLEAR"", ""candidate_s"": [54.36045351473923], ""baseline"": 6.801988574960902e-05, ""peak"": 0.003804629883129438, ""low"": 0.0008153418852255749, ""high"": 0.0023099858841775065, ""relative_power_proxy"": 0.01283419820565692, ""dynamic_ratio"": 55.93408223493387, ""incomplete_rise"": false, ""f0"": 311.4785231849588, ""kernel_samples"": 567, ""support_ms"": 12.857142857142858, ""ENBW_hz"": 116.87279151943461, ""tuning_low_hz"": 305.2446531830416, ""tuning_high_hz"": 317.8397046231143, ""approx_first_null_halfwidth_hz"": 155.8303886925795, ""harmonic_number"": 3, ""supports_primary_candidates"": []}]",Conditional pitched-component observation; finite-band leakage and centered smoothing; original family ambiguity retained.,TARGET_ONSET_CLEAR
HF020,BP_0032,HF020_BP_0032_43,G2,43,97.99885899543733,54.88522630385488,55.130319727891155,54.73522630385488,55.03522630385488,36.75000000000001,1,0,TARGET_ONSET_CLEAR,[54.78349206349206],54.78349206349206,-101.73424036281631,"{""status"": ""TARGET_ONSET_CLEAR"", ""candidate_s"": [54.78349206349206], ""baseline"": 0.002089860088530073, ""peak"": 0.06623255619644564, ""low"": 0.014918399310113186, ""high"": 0.04057547775327941, ""relative_power_proxy"": 0.2638955201035259, ""dynamic_ratio"": 31.69233986521608, ""incomplete_rise"": false, ""f0"": 97.99885899543733, ""kernel_samples"": 1801, ""support_ms"": 40.8390022675737, ""ENBW_hz"": 36.75000000000001, ""tuning_low_hz"": 96.03752907430179, ""tuning_high_hz"": 100.00024424803152, ""approx_first_null_halfwidth_hz"": 49.0}","[{""status"": ""TARGET_ONSET_CLEAR"", ""candidate_s"": [54.82340136054422], ""baseline"": 5.2930054775482445e-05, ""peak"": 0.001375742119120536, ""low"": 0.00031749246764449317, ""high"": 0.0008466172933825146, ""relative_power_proxy"": 0.01864549621845266, ""dynamic_ratio"": 25.991700272295745, ""incomplete_rise"": false, ""f0"": 195.99771799087466, ""kernel_samples"": 901, ""support_ms"": 20.430839002267575, ""ENBW_hz"": 73.5, ""tuning_low_hz"": 192.07505814860357, ""tuning_high_hz"": 200.00048849606304, ""approx_first_null_halfwidth_hz"": 98.0, ""harmonic_number"": 2, ""supports_primary_candidates"": []}, {""status"": ""TARGET_NOT_OBSERVABLE"", ""candidate_s"": [], ""baseline"": 1.6827866630188625e-05, ""peak"": 0.0010357449436395872, ""low"": 0.00022061128203206833, ""high"": 0.0006281781128358277, ""relative_power_proxy"": 0.0056148086936977535, ""dynamic_ratio"": 61.54939104292014, ""incomplete_rise"": false, ""f0"": 293.996576986312, ""kernel_samples"": 601, ""support_ms"": 13.628117913832199, ""ENBW_hz"": 110.25, ""tuning_low_hz"": 288.11258722290535, ""tuning_high_hz"": 300.00073274409453, ""approx_first_null_halfwidth_hz"": 147.0, ""harmonic_number"": 3, ""supports_primary_candidates"": []}]",Conditional pitched-component observation; finite-band leakage and centered smoothing; original family ambiguity retained.,TARGET_ONSET_CLEAR
HF021,BP_0033,HF021_BP_0033_41,F2,41,87.30705785825097,55.188369614512474,55.37412925170068,55.038369614512476,55.33836961451247,32.74752475247525,0,0,TARGET_ONSET_CLEAR,[55.16462585034014],55.16462585034014,-23.743764172337478,"{""status"": ""TARGET_ONSET_CLEAR"", ""candidate_s"": [55.16462585034014], ""baseline"": 9.703943556286737e-05, ""peak"": 0.0447081051994197, ""low"": 0.009019252588334234, ""high"": 0.026863678893876964, ""relative_power_proxy"": 0.3517018413980582, ""dynamic_ratio"": 460.72099389382146, ""incomplete_rise"": false, ""f0"": 87.30705785825097, ""kernel_samples"": 2021, ""support_ms"": 45.827664399092974, ""ENBW_hz"": 32.74752475247525, ""tuning_low_hz"": 85.55971154566102, ""tuning_high_hz"": 89.09008941429211, ""approx_first_null_halfwidth_hz"": 43.663366336633665}","[{""status"": ""TARGET_NOT_OBSERVABLE"", ""candidate_s"": [], ""baseline"": 6.95996754484633e-05, ""peak"": 0.0026924206218201085, ""low"": 0.0005941638647227924, ""high"": 0.0016432922432714503, ""relative_power_proxy"": 0.008189844947087327, ""dynamic_ratio"": 38.68438472552611, ""incomplete_rise"": false, ""f0"": 174.61411571650194, ""kernel_samples"": 1011, ""support_ms"": 22.92517006802721, ""ENBW_hz"": 65.4950495049505, ""tuning_low_hz"": 171.11942309132203, ""tuning_high_hz"": 178.18017882858422, ""approx_first_null_halfwidth_hz"": 87.32673267326733, ""harmonic_number"": 2, ""supports_primary_candidates"": []}, {""status"": ""TARGET_NOT_OBSERVABLE"", ""candidate_s"": [], ""baseline"": 3.6648624375039666e-05, ""peak"": 0.002523701165941416, ""low"": 0.0005340591326883149, ""high"": 0.0015288801493148656, ""relative_power_proxy"": 0.005452295746262382, ""dynamic_ratio"": 68.86209807264244, ""incomplete_rise"": false, ""f0"": 261.9211735747529, ""kernel_samples"": 675, ""support_ms"": 15.306122448979592, ""ENBW_hz"": 98.14540059347182, ""tuning_low_hz"": 256.67913463698306, ""tuning_high_hz"": 267.27026824287634, ""approx_first_null_halfwidth_hz"": 130.86053412462908, ""harmonic_number"": 3, ""supports_primary_candidates"": []}]",Conditional pitched-component observation; finite-band leakage and centered smoothing; original family ambiguity retained.,TARGET_ONSET_CLEAR
HF022,BP_0034,HF022_BP_0034_35,B1,35,61.7354126570155,55.49022902494331,55.80369841269841,55.34022902494331,55.64022902494331,23.145556333100068,2,1,TARGET_ONSET_CLEAR,[55.53578231292517],55.53578231292517,45.553287981860535,"{""status"": ""TARGET_ONSET_CLEAR"", ""candidate_s"": [55.53578231292517], ""baseline"": 4.9886536022362784e-05, ""peak"": 0.007005363061752509, ""low"": 0.0014409818411683921, ""high"": 0.0042231724514604505, ""relative_power_proxy"": 0.03311637725836573, ""dynamic_ratio"": 140.42592691968417, ""incomplete_rise"": false, ""f0"": 61.7354126570155, ""kernel_samples"": 2859, ""support_ms"": 64.82993197278913, ""ENBW_hz"": 23.145556333100068, ""tuning_low_hz"": 60.49985223030184, ""tuning_high_hz"": 62.99620636136179, ""approx_first_null_halfwidth_hz"": 30.86074177746676}","[{""status"": ""TARGET_ONSET_UNRESOLVED"", ""candidate_s"": [55.506848072562356], ""baseline"": 0.0004404123150731882, ""peak"": 0.03885472350917611, ""low"": 0.008123274553893773, ""high"": 0.023488999031534938, ""relative_power_proxy"": 0.11751634591051577, ""dynamic_ratio"": 88.22351732539357, ""incomplete_rise"": true, ""f0"": 123.470825314031, ""kernel_samples"": 1429, ""support_ms"": 32.40362811791383, ""ENBW_hz"": 46.3235294117647, ""tuning_low_hz"": 120.99970446060368, ""tuning_high_hz"": 125.99241272272359, ""approx_first_null_halfwidth_hz"": 61.76470588235294, ""harmonic_number"": 2, ""supports_primary_candidates"": [55.53578231292517]}, {""status"": ""TARGET_ONSET_UNRESOLVED"", ""candidate_s"": [], ""baseline"": 2.730762631115109e-05, ""peak"": 0.012005635362200952, ""low"": 0.0024229731734891117, ""high"": 0.007214304267845031, ""relative_power_proxy"": 0.059010444920075206, ""dynamic_ratio"": 439.64404761531534, ""incomplete_rise"": true, ""f0"": 185.2062379710465, ""kernel_samples"": 953, ""support_ms"": 21.60997732426304, ""ENBW_hz"": 69.48529411764706, ""tuning_low_hz"": 181.4995566909055, ""tuning_high_hz"": 188.98861908408537, ""approx_first_null_halfwidth_hz"": 92.6470588235294, ""harmonic_number"": 3, ""supports_primary_candidates"": []}]",Conditional pitched-component observation; finite-band leakage and centered smoothing; original family ambiguity retained.,TARGET_ONSET_CLEAR
HF023,BP_0035,HF023_BP_0035_34,A#1,34,58.27047018976124,55.87335827664399,56.221657596371884,55.72335827664399,56.02335827664399,21.846103038309113,2,2,TARGET_ONSET_CLEAR,[55.90494331065759],55.90494331065759,31.585034013602353,"{""status"": ""TARGET_ONSET_CLEAR"", ""candidate_s"": [55.90494331065759], ""baseline"": 0.00024072524491584445, ""peak"": 0.004876293799649569, ""low"": 0.0011678389558625894, ""high"": 0.003022066377756079, ""relative_power_proxy"": 0.04821422685539751, ""dynamic_ratio"": 20.256678111821138, ""incomplete_rise"": false, ""f0"": 58.27047018976124, ""kernel_samples"": 3029, ""support_ms"": 68.68480725623583, ""ENBW_hz"": 21.846103038309113, ""tuning_low_hz"": 57.10425644122018, ""tuning_high_hz"": 59.460500980884504, ""approx_first_null_halfwidth_hz"": 29.128137384412152}","[{""status"": ""TARGET_ONSET_CLEAR"", ""candidate_s"": [55.87700680272109], ""baseline"": 0.0005104573680370102, ""peak"": 0.033593033456276844, ""low"": 0.007126972585684978, ""high"": 0.02036000302098091, ""relative_power_proxy"": 0.3048061744346875, ""dynamic_ratio"": 65.80967493027, ""incomplete_rise"": false, ""f0"": 116.54094037952248, ""kernel_samples"": 1515, ""support_ms"": 34.35374149659864, ""ENBW_hz"": 43.692206076618234, ""tuning_low_hz"": 114.20851288244036, ""tuning_high_hz"": 118.92100196176901, ""approx_first_null_halfwidth_hz"": 58.256274768824305, ""harmonic_number"": 2, ""supports_primary_candidates"": [55.90494331065759]}, {""status"": ""TARGET_ONSET_MULTIPLE"", ""candidate_s"": [55.73034013605442, 55.746303854875286, 55.76226757369614, 55.91990929705216], ""baseline"": 0.00025515008307963426, ""peak"": 0.0051256273034201065, ""low"": 0.0012292455271477288, ""high"": 0.0031774364152839176, ""relative_power_proxy"": 0.052262570801809995, ""dynamic_ratio"": 20.088675816030833, ""incomplete_rise"": false, ""f0"": 174.81141056928374, ""kernel_samples"": 1011, ""support_ms"": 22.92517006802721, ""ENBW_hz"": 65.4950495049505, ""tuning_low_hz"": 171.31276932366055, ""tuning_high_hz"": 178.38150294265353, ""approx_first_null_halfwidth_hz"": 87.32673267326733, ""harmonic_number"": 3, ""supports_primary_candidates"": [55.90494331065759]}]",Conditional pitched-component observation; finite-band leakage and centered smoothing; original family ambiguity retained.,TARGET_ONSET_UNRESOLVED
HF023,BP_0036,HF023_BP_0036_34,A#1,34,58.27047018976124,55.88496825396825,56.09394784580499,55.734968253968255,56.03496825396825,21.846103038309113,2,2,TARGET_ONSET_CLEAR,[55.90494331065759],55.90494331065759,19.975056689339965,"{""status"": ""TARGET_ONSET_CLEAR"", ""candidate_s"": [55.90494331065759], ""baseline"": 0.0002415389169340697, ""peak"": 0.004876293799649573, ""low"": 0.0011684898934771705, ""high"": 0.003022391846563372, ""relative_power_proxy"": 0.049921890458360804, ""dynamic_ratio"": 20.1884394512732, ""incomplete_rise"": false, ""f0"": 58.27047018976124, ""kernel_samples"": 3029, ""support_ms"": 68.68480725623583, ""ENBW_hz"": 21.846103038309113, ""tuning_low_hz"": 57.10425644122018, ""tuning_high_hz"": 59.460500980884504, ""approx_first_null_halfwidth_hz"": 29.128137384412152}","[{""status"": ""TARGET_ONSET_CLEAR"", ""candidate_s"": [55.87700680272109], ""baseline"": 0.0005114029355527043, ""peak"": 0.033593033456276844, ""low"": 0.007127729039697532, ""high"": 0.020360381247987187, ""relative_power_proxy"": 0.2917694262150851, ""dynamic_ratio"": 65.6879949661822, ""incomplete_rise"": false, ""f0"": 116.54094037952248, ""kernel_samples"": 1515, ""support_ms"": 34.35374149659864, ""ENBW_hz"": 43.692206076618234, ""tuning_low_hz"": 114.20851288244036, ""tuning_high_hz"": 118.92100196176901, ""approx_first_null_halfwidth_hz"": 58.256274768824305, ""harmonic_number"": 2, ""supports_primary_candidates"": [55.90494331065759]}, {""status"": ""TARGET_ONSET_MULTIPLE"", ""candidate_s"": [55.746303854875286, 55.76226757369614, 55.91990929705216], ""baseline"": 0.00022779028569215774, ""peak"": 0.005125627303420114, ""low"": 0.0012073576892377492, ""high"": 0.0031664924963289314, ""relative_power_proxy"": 0.05180214818583317, ""dynamic_ratio"": 22.50151839375202, ""incomplete_rise"": false, ""f0"": 174.81141056928374, ""kernel_samples"": 1011, ""support_ms"": 22.92517006802721, ""ENBW_hz"": 65.4950495049505, ""tuning_low_hz"": 171.31276932366055, ""tuning_high_hz"": 178.38150294265353, ""approx_first_null_halfwidth_hz"": 87.32673267326733, ""harmonic_number"": 3, ""supports_primary_candidates"": [55.90494331065759]}]",Conditional pitched-component observation; finite-band leakage and centered smoothing; original family ambiguity retained.,TARGET_ONSET_UNRESOLVED
HF023,BP_0036,HF023_BP_0036_46,A#2,46,116.54094037952248,55.88496825396825,56.09394784580499,55.734968253968255,56.03496825396825,43.692206076618234,0,0,TARGET_ONSET_CLEAR,[55.87700680272109],55.87700680272109,-7.961451247162188,"{""status"": ""TARGET_ONSET_CLEAR"", ""candidate_s"": [55.87700680272109], ""baseline"": 0.0005114029355527043, ""peak"": 0.033593033456276844, ""low"": 0.007127729039697532, ""high"": 0.020360381247987187, ""relative_power_proxy"": 0.2917694262150851, ""dynamic_ratio"": 65.6879949661822, ""incomplete_rise"": false, ""f0"": 116.54094037952248, ""kernel_samples"": 1515, ""support_ms"": 34.35374149659864, ""ENBW_hz"": 43.692206076618234, ""tuning_low_hz"": 114.20851288244036, ""tuning_high_hz"": 118.92100196176901, ""approx_first_null_halfwidth_hz"": 58.256274768824305}","[{""status"": ""TARGET_NOT_OBSERVABLE"", ""candidate_s"": [], ""baseline"": 4.984784601230443e-05, ""peak"": 0.001641631826418299, ""low"": 0.0003682046420935033, ""high"": 0.0010049182342559012, ""relative_power_proxy"": 0.008898329454653986, ""dynamic_ratio"": 32.93285382909181, ""incomplete_rise"": false, ""f0"": 233.08188075904496, ""kernel_samples"": 757, ""support_ms"": 17.165532879818592, ""ENBW_hz"": 87.5, ""tuning_low_hz"": 228.41702576488072, ""tuning_high_hz"": 237.84200392353802, ""approx_first_null_halfwidth_hz"": 116.66666666666667, ""harmonic_number"": 2, ""supports_primary_candidates"": []}, {""status"": ""TARGET_NOT_OBSERVABLE"", ""candidate_s"": [], ""baseline"": 1.9168199899269504e-05, ""peak"": 0.0016996723867819983, ""low"": 0.0003552690372758153, ""high"": 0.0010274707120289067, ""relative_power_proxy"": 0.008676539401145681, ""dynamic_ratio"": 88.6714660590936, ""incomplete_rise"": false, ""f0"": 349.6228211385675, ""kernel_samples"": 505, ""support_ms"": 11.45124716553288, ""ENBW_hz"": 131.25, ""tuning_low_hz"": 342.6255386473211, ""tuning_high_hz"": 356.76300588530705, ""approx_first_null_halfwidth_hz"": 175.0, ""harmonic_number"": 3, ""supports_primary_candidates"": []}]",Conditional pitched-component observation; finite-band leakage and centered smoothing; original family ambiguity retained.,TARGET_ONSET_UNRESOLVED
HF024,BP_0037,HF024_BP_0037_44,G#2,44,103.82617439498628,56.29131746031746,56.558346938775514,56.14131746031746,56.44131746031746,38.95759717314487,2,1,TARGET_ONSET_CLEAR,[56.22721088435374],56.22721088435374,-64.10657596372005,"{""status"": ""TARGET_ONSET_CLEAR"", ""candidate_s"": [56.22721088435374], ""baseline"": 0.0023400392193276185, ""peak"": 0.04405209828794499, ""low"": 0.010682451033051094, ""high"": 0.02736727466049804, ""relative_power_proxy"": 0.16613687199989682, ""dynamic_ratio"": 18.825367508414164, ""incomplete_rise"": false, ""f0"": 103.82617439498628, ""kernel_samples"": 1699, ""support_ms"": 38.52607709750567, ""ENBW_hz"": 38.95759717314487, ""tuning_low_hz"": 101.74821772768054, ""tuning_high_hz"": 105.94656820770479, ""approx_first_null_halfwidth_hz"": 51.9434628975265}","[{""status"": ""TARGET_ONSET_MULTIPLE"", ""candidate_s"": [56.1912925170068, 56.21324263038549], ""baseline"": 0.000435296510770876, ""peak"": 0.004426042529776594, ""low"": 0.0012334457145720197, ""high"": 0.0028297441221743066, ""relative_power_proxy"": 0.012499266015824004, ""dynamic_ratio"": 10.167879641255151, ""incomplete_rise"": false, ""f0"": 207.65234878997256, ""kernel_samples"": 851, ""support_ms"": 19.29705215419501, ""ENBW_hz"": 77.82352941176471, ""tuning_low_hz"": 203.49643545536108, ""tuning_high_hz"": 211.89313641540957, ""approx_first_null_halfwidth_hz"": 103.76470588235294, ""harmonic_number"": 2, ""supports_primary_candidates"": [56.22721088435374]}, {""status"": ""TARGET_ONSET_UNRESOLVED"", ""candidate_s"": [56.26312925170068], ""baseline"": 0.00019312594835072075, ""peak"": 0.006689477469942546, ""low"": 0.001492396252669086, ""high"": 0.004090936861305816, ""relative_power_proxy"": 0.023082204725175845, ""dynamic_ratio"": 34.63790095049431, ""incomplete_rise"": true, ""f0"": 311.4785231849588, ""kernel_samples"": 567, ""support_ms"": 12.857142857142858, ""ENBW_hz"": 116.87279151943461, ""tuning_low_hz"": 305.2446531830416, ""tuning_high_hz"": 317.8397046231143, ""approx_first_null_halfwidth_hz"": 155.8303886925795, ""harmonic_number"": 3, ""supports_primary_candidates"": []}]",Conditional pitched-component observation; finite-band leakage and centered smoothing; original family ambiguity retained.,TARGET_ONSET_CLEAR
HF025,BP_0038,HF025_BP_0038_43,G2,43,97.99885899543733,56.65122675736961,56.89503628117914,56.501226757369615,56.80122675736961,36.75000000000001,1,0,TARGET_ONSET_CLEAR,[56.60834467120181],56.60834467120181,-42.88208616780054,"{""status"": ""TARGET_ONSET_CLEAR"", ""candidate_s"": [56.60834467120181], ""baseline"": 0.00039124902228092486, ""peak"": 0.0508751933173468, ""low"": 0.0104880378812941, ""high"": 0.03068161559932045, ""relative_power_proxy"": 0.07152798311641785, ""dynamic_ratio"": 130.03276793064384, ""incomplete_rise"": false, ""f0"": 97.99885899543733, ""kernel_samples"": 1801, ""support_ms"": 40.8390022675737, ""ENBW_hz"": 36.75000000000001, ""tuning_low_hz"": 96.03752907430179, ""tuning_high_hz"": 100.00024424803152, ""approx_first_null_halfwidth_hz"": 49.0}","[{""status"": ""TARGET_NOT_OBSERVABLE"", ""candidate_s"": [], ""baseline"": 3.8221974297309333e-05, ""peak"": 0.0015311516750058408, ""low"": 0.00033680791443901567, ""high"": 0.0009339797947224283, ""relative_power_proxy"": 0.004204216664352594, ""dynamic_ratio"": 40.05946064156156, ""incomplete_rise"": false, ""f0"": 195.99771799087466, ""kernel_samples"": 901, ""support_ms"": 20.430839002267575, ""ENBW_hz"": 73.5, ""tuning_low_hz"": 192.07505814860357, ""tuning_high_hz"": 200.00048849606304, ""approx_first_null_halfwidth_hz"": 98.0, ""harmonic_number"": 2, ""supports_primary_candidates"": []}, {""status"": ""TARGET_ONSET_CLEAR"", ""candidate_s"": [56.64126984126984], ""baseline"": 3.171155217053536e-05, ""peak"": 0.012012569529051005, ""low"": 0.0024278831475466295, ""high"": 0.007220226338298817, ""relative_power_proxy"": 0.027861070740009878, ""dynamic_ratio"": 378.8073653554059, ""incomplete_rise"": false, ""f0"": 293.996576986312, ""kernel_samples"": 601, ""support_ms"": 13.628117913832199, ""ENBW_hz"": 110.25, ""tuning_low_hz"": 288.11258722290535, ""tuning_high_hz"": 300.00073274409453, ""approx_first_null_halfwidth_hz"": 147.0, ""harmonic_number"": 3, ""supports_primary_candidates"": []}]",Conditional pitched-component observation; finite-band leakage and centered smoothing; original family ambiguity retained.,TARGET_ONSET_CLEAR
HF026,BP_0039,HF026_BP_0039_47,B2,47,123.47082531403103,56.95437006802721,57.16334965986395,56.80437006802721,57.10437006802721,46.3235294117647,1,0,TARGET_ONSET_UNRESOLVED,[56.95854875283447],,,"{""status"": ""TARGET_ONSET_UNRESOLVED"", ""candidate_s"": [56.95854875283447], ""baseline"": 0.0008330124648043144, ""peak"": 0.053063893810497656, ""low"": 0.011279188733942984, ""high"": 0.03217154127222032, ""relative_power_proxy"": 0.1501935247280528, ""dynamic_ratio"": 63.70120022509274, ""incomplete_rise"": true, ""f0"": 123.47082531403103, ""kernel_samples"": 1429, ""support_ms"": 32.40362811791383, ""ENBW_hz"": 46.3235294117647, ""tuning_low_hz"": 120.99970446060371, ""tuning_high_hz"": 125.99241272272361, ""approx_first_null_halfwidth_hz"": 61.76470588235294}","[{""status"": ""TARGET_NOT_OBSERVABLE"", ""candidate_s"": [], ""baseline"": 6.368889217608914e-05, ""peak"": 0.002626893463009458, ""low"": 0.000576329806342763, ""high"": 0.0016016116346761105, ""relative_power_proxy"": 0.006131154078135152, ""dynamic_ratio"": 41.24570821151255, ""incomplete_rise"": false, ""f0"": 246.94165062806206, ""kernel_samples"": 715, ""support_ms"": 16.213151927437643, ""ENBW_hz"": 92.64705882352942, ""tuning_low_hz"": 241.99940892120742, ""tuning_high_hz"": 251.98482544544723, ""approx_first_null_halfwidth_hz"": 123.52941176470588, ""harmonic_number"": 2, ""supports_primary_candidates"": []}, {""status"": ""TARGET_ONSET_CLEAR"", ""candidate_s"": [56.99147392290249], ""baseline"": 0.002293297898384788, ""peak"": 0.04681879651907017, ""low"": 0.011198397622521864, ""high"": 0.02900859707079602, ""relative_power_proxy"": 0.24851776495365704, ""dynamic_ratio"": 20.415488346300545, ""incomplete_rise"": false, ""f0"": 370.4124759420931, ""kernel_samples"": 477, ""support_ms"": 10.816326530612244, ""ENBW_hz"": 138.97058823529414, ""tuning_low_hz"": 362.9991133818111, ""tuning_high_hz"": 377.97723816817086, ""approx_first_null_halfwidth_hz"": 185.2941176470588, ""harmonic_number"": 3, ""supports_primary_candidates"": []}]",Conditional pitched-component observation; finite-band leakage and centered smoothing; original family ambiguity retained.,TARGET_ONSET_UNRESOLVED
HF027,BP_0040,HF027_BP_0040_35,B1,35,61.7354126570155,57.03563990929705,57.209789569160996,56.885639909297055,57.18563990929705,23.145556333100068,2,1,TARGET_ONSET_CLEAR,[56.9924716553288],56.9924716553288,-43.16825396825408,"{""status"": ""TARGET_ONSET_CLEAR"", ""candidate_s"": [56.9924716553288], ""baseline"": 0.0006731789187839018, ""peak"": 0.012413561533196362, ""low"": 0.003021255441666394, ""high"": 0.0077174084874313785, ""relative_power_proxy"": 0.034661883604306595, ""dynamic_ratio"": 18.44021134176553, ""incomplete_rise"": false, ""f0"": 61.7354126570155, ""kernel_samples"": 2859, ""support_ms"": 64.82993197278913, ""ENBW_hz"": 23.145556333100068, ""tuning_low_hz"": 60.49985223030184, ""tuning_high_hz"": 62.99620636136179, ""approx_first_null_halfwidth_hz"": 30.86074177746676}","[{""status"": ""TARGET_ONSET_CLEAR"", ""candidate_s"": [56.95954648526077], ""baseline"": 0.002963832750973499, ""peak"": 0.05306389381049769, ""low"": 0.012983844962878337, ""high"": 0.03302386938668801, ""relative_power_proxy"": 0.17386257033861682, ""dynamic_ratio"": 17.903808436244706, ""incomplete_rise"": false, ""f0"": 123.470825314031, ""kernel_samples"": 1429, ""support_ms"": 32.40362811791383, ""ENBW_hz"": 46.3235294117647, ""tuning_low_hz"": 120.99970446060368, ""tuning_high_hz"": 125.99241272272359, ""approx_first_null_halfwidth_hz"": 61.76470588235294, ""harmonic_number"": 2, ""supports_primary_candidates"": []}, {""status"": ""TARGET_ONSET_MULTIPLE"", ""candidate_s"": [56.892698412698415, 56.97850340136054], ""baseline"": 0.0007936729557175819, ""peak"": 0.010882849887561009, ""low"": 0.0028115083420862676, ""high"": 0.006847179114823638, ""relative_power_proxy"": 0.025985013457074033, ""dynamic_ratio"": 13.712007961417205, ""incomplete_rise"": false, ""f0"": 185.2062379710465, ""kernel_samples"": 953, ""support_ms"": 21.60997732426304, ""ENBW_hz"": 69.48529411764706, ""tuning_low_hz"": 181.4995566909055, ""tuning_high_hz"": 188.98861908408537, ""approx_first_null_halfwidth_hz"": 92.6470588235294, ""harmonic_number"": 3, ""supports_primary_candidates"": [56.9924716553288]}]",Conditional pitched-component observation; finite-band leakage and centered smoothing; original family ambiguity retained.,TARGET_ONSET_CLEAR
HF028,BP_0041,HF028_BP_0041_48,C3,48,130.8127826502993,57.314279365079365,57.581308843537414,57.164279365079366,57.46427936507936,49.07270029673592,2,0,TARGET_ONSET_CLEAR,[57.206984126984125],57.206984126984125,-107.29523809524011,"{""status"": ""TARGET_ONSET_CLEAR"", ""candidate_s"": [57.206984126984125], ""baseline"": 0.0023529651561642714, ""peak"": 0.016808597744297927, ""low"": 0.005244091673791003, ""high"": 0.011026344709044464, ""relative_power_proxy"": 0.24865428384972782, ""dynamic_ratio"": 7.143581238448411, ""incomplete_rise"": false, ""f0"": 130.8127826502993, ""kernel_samples"": 1349, ""support_ms"": 30.589569160997733, ""ENBW_hz"": 49.07270029673592, ""tuning_low_hz"": 128.1947213043914, ""tuning_high_hz"": 133.4843114490102, ""approx_first_null_halfwidth_hz"": 65.43026706231454}","[{""status"": ""TARGET_ONSET_CLEAR"", ""candidate_s"": [57.23292517006803], ""baseline"": 0.00023153793491914685, ""peak"": 0.0120627771101583, ""low"": 0.002597785769966978, ""high"": 0.007330281440062638, ""relative_power_proxy"": 0.03713241911272067, ""dynamic_ratio"": 52.09849139567832, ""incomplete_rise"": false, ""f0"": 261.6255653005986, ""kernel_samples"": 675, ""support_ms"": 15.306122448979592, ""ENBW_hz"": 98.14540059347182, ""tuning_low_hz"": 256.3894426087828, ""tuning_high_hz"": 266.9686228980204, ""approx_first_null_halfwidth_hz"": 130.86053412462908, ""harmonic_number"": 2, ""supports_primary_candidates"": []}, {""status"": ""TARGET_ONSET_CLEAR"", ""candidate_s"": [57.36163265306122], ""baseline"": 0.000364695288808112, ""peak"": 0.013400857121785369, ""low"": 0.002971927655403563, ""high"": 0.008186392388594466, ""relative_power_proxy"": 0.12368698790423209, ""dynamic_ratio"": 36.74535299203265, ""incomplete_rise"": false, ""f0"": 392.43834795089793, ""kernel_samples"": 451, ""support_ms"": 10.226757369614512, ""ENBW_hz"": 147.0, ""tuning_low_hz"": 384.5841639131742, ""tuning_high_hz"": 400.4529343470306, ""approx_first_null_halfwidth_hz"": 196.0, ""harmonic_number"": 3, ""supports_primary_candidates"": []}]",Conditional pitched-component observation; finite-band leakage and centered smoothing; original family ambiguity retained.,TARGET_ONSET_CLEAR
HF029,BP_0042,HF029_BP_0042_36,C2,36,65.40639132514966,57.34910929705215,57.581308843537414,57.19910929705215,57.49910929705215,24.536350148367955,2,0,TARGET_NOT_OBSERVABLE,[],,,"{""status"": ""TARGET_NOT_OBSERVABLE"", ""candidate_s"": [], ""baseline"": 7.410518238027109e-05, ""peak"": 0.002402936795926577, ""low"": 0.0005398715050895323, ""high"": 0.0014714041505080545, ""relative_power_proxy"": 0.00746471574746282, ""dynamic_ratio"": 32.42602904066675, ""incomplete_rise"": false, ""f0"": 65.40639132514966, ""kernel_samples"": 2697, ""support_ms"": 61.156462585034014, ""ENBW_hz"": 24.536350148367955, ""tuning_low_hz"": 64.0973606521957, ""tuning_high_hz"": 66.7421557245051, ""approx_first_null_halfwidth_hz"": 32.71513353115727}","[{""status"": ""TARGET_ONSET_CLEAR"", ""candidate_s"": [57.205986394557826], ""baseline"": 0.0021236297403472077, ""peak"": 0.016808597744297934, ""low"": 0.005060623341137353, ""high"": 0.010934610542717643, ""relative_power_proxy"": 0.1824529881181127, ""dynamic_ratio"": 7.915032185200879, ""incomplete_rise"": false, ""f0"": 130.8127826502993, ""kernel_samples"": 1349, ""support_ms"": 30.589569160997733, ""ENBW_hz"": 49.07270029673592, ""tuning_low_hz"": 128.1947213043914, ""tuning_high_hz"": 133.4843114490102, ""approx_first_null_halfwidth_hz"": 65.43026706231454, ""harmonic_number"": 2, ""supports_primary_candidates"": []}, {""status"": ""TARGET_ONSET_CLEAR"", ""candidate_s"": [57.20199546485261], ""baseline"": 0.00021336860390472085, ""peak"": 0.022503992161259773, ""low"": 0.004671493315375731, ""high"": 0.013587742738317754, ""relative_power_proxy"": 0.04629054634772102, ""dynamic_ratio"": 105.47002581180531, ""incomplete_rise"": false, ""f0"": 196.21917397544897, ""kernel_samples"": 899, ""support_ms"": 20.385487528344672, ""ENBW_hz"": 73.66369710467706, ""tuning_low_hz"": 192.2920819565871, ""tuning_high_hz"": 200.2264671735153, ""approx_first_null_halfwidth_hz"": 98.21826280623608, ""harmonic_number"": 3, ""supports_primary_candidates"": []}]",Conditional pitched-component observation; finite-band leakage and centered smoothing; original family ambiguity retained.,TARGET_ONSET_CLEAR
HF029,BP_0043,HF029_BP_0043_36,C2,36,65.40639132514966,57.37232925170068,57.51164897959184,57.22232925170068,57.522329251700675,24.536350148367955,2,0,TARGET_NOT_OBSERVABLE,[],,,"{""status"": ""TARGET_NOT_OBSERVABLE"", ""candidate_s"": [], ""baseline"": 4.7003087462719674e-05, ""peak"": 0.0009799870794249843, ""low"": 0.0002335998858551726, ""high"": 0.0006067934826400784, ""relative_power_proxy"": 0.007446578530884454, ""dynamic_ratio"": 20.84941931106669, ""incomplete_rise"": false, ""f0"": 65.40639132514966, ""kernel_samples"": 2697, ""support_ms"": 61.156462585034014, ""ENBW_hz"": 24.536350148367955, ""tuning_low_hz"": 64.0973606521957, ""tuning_high_hz"": 66.7421557245051, ""approx_first_null_halfwidth_hz"": 32.71513353115727}","[{""status"": ""TARGET_ACTIVITY_CONTINUOUS"", ""candidate_s"": [], ""baseline"": 0.0019968899362318502, ""peak"": 0.016808597744297934, ""low"": 0.004959231497845067, ""high"": 0.0108839146210715, ""relative_power_proxy"": 0.17239835095709774, ""dynamic_ratio"": 8.417388179148178, ""incomplete_rise"": false, ""f0"": 130.8127826502993, ""kernel_samples"": 1349, ""support_ms"": 30.589569160997733, ""ENBW_hz"": 49.07270029673592, ""tuning_low_hz"": 128.1947213043914, ""tuning_high_hz"": 133.4843114490102, ""approx_first_null_halfwidth_hz"": 65.43026706231454, ""harmonic_number"": 2, ""supports_primary_candidates"": []}, {""status"": ""TARGET_ACTIVITY_CONTINUOUS"", ""candidate_s"": [], ""baseline"": 0.00021384439604724484, ""peak"": 0.012489045995003943, ""low"": 0.0026688847158385844, ""high"": 0.007578965355421264, ""relative_power_proxy"": 0.048268716380991415, ""dynamic_ratio"": 58.40249370970061, ""incomplete_rise"": false, ""f0"": 196.21917397544897, ""kernel_samples"": 899, ""support_ms"": 20.385487528344672, ""ENBW_hz"": 73.66369710467706, ""tuning_low_hz"": 192.2920819565871, ""tuning_high_hz"": 200.2264671735153, ""approx_first_null_halfwidth_hz"": 98.21826280623608, ""harmonic_number"": 3, ""supports_primary_candidates"": []}]",Conditional pitched-component observation; finite-band leakage and centered smoothing; original family ambiguity retained.,TARGET_ONSET_CLEAR
HF029,BP_0043,HF029_BP_0043_64,E4,64,329.6275569128699,57.37232925170068,57.51164897959184,57.22232925170068,57.522329251700675,123.41417910447763,1,1,TARGET_ONSET_CLEAR,[57.36163265306122],57.36163265306122,-10.696598639455601,"{""status"": ""TARGET_ONSET_CLEAR"", ""candidate_s"": [57.36163265306122], ""baseline"": 0.0003938665636466379, ""peak"": 0.015583628968019242, ""low"": 0.0034318190445211585, ""high"": 0.0095077240062702, ""relative_power_proxy"": 0.1512930459915018, ""dynamic_ratio"": 39.56575755945681, ""incomplete_rise"": false, ""f0"": 329.6275569128699, ""kernel_samples"": 537, ""support_ms"": 12.176870748299319, ""ENBW_hz"": 123.41417910447763, ""tuning_low_hz"": 323.030455713619, ""tuning_high_hz"": 336.3593876506623, ""approx_first_null_halfwidth_hz"": 164.55223880597015}","[{""status"": ""TARGET_NOT_OBSERVABLE"", ""candidate_s"": [], ""baseline"": 4.762491501190151e-05, ""peak"": 0.0028134224525072186, ""low"": 0.0006007844225109651, ""high"": 0.0017071034375090919, ""relative_power_proxy"": 0.00832836889985375, ""dynamic_ratio"": 59.07459261195829, ""incomplete_rise"": false, ""f0"": 659.2551138257398, ""kernel_samples"": 269, ""support_ms"": 6.099773242630386, ""ENBW_hz"": 246.82835820895525, ""tuning_low_hz"": 646.060911427238, ""tuning_high_hz"": 672.7187753013246, ""approx_first_null_halfwidth_hz"": 329.1044776119403, ""harmonic_number"": 2, ""supports_primary_candidates"": []}, {""status"": ""TARGET_ONSET_MULTIPLE"", ""candidate_s"": [57.289795918367346, 57.359637188208616], ""baseline"": 8.137753302115506e-05, ""peak"": 0.0015292439508962712, ""low"": 0.00037095081659617825, ""high"": 0.0009500973837462248, ""relative_power_proxy"": 0.013380097845871236, ""dynamic_ratio"": 18.791967440186788, ""incomplete_rise"": false, ""f0"": 988.8826707386097, ""kernel_samples"": 179, ""support_ms"": 4.058956916099773, ""ENBW_hz"": 371.62921348314603, ""tuning_low_hz"": 969.091367140857, ""tuning_high_hz"": 1009.078162951987, ""approx_first_null_halfwidth_hz"": 495.5056179775281, ""harmonic_number"": 3, ""supports_primary_candidates"": [57.36163265306122]}]",Conditional pitched-component observation; finite-band leakage and centered smoothing; original family ambiguity retained.,TARGET_ONSET_CLEAR
HF030,BP_0044,HF030_BP_0044_28,E1,28,41.20344461410875,57.56969886621315,57.70901859410431,57.41969886621315,57.71969886621315,15.44838860345633,1,0,TARGET_NOT_OBSERVABLE,[],,,"{""status"": ""TARGET_NOT_OBSERVABLE"", ""candidate_s"": [], ""baseline"": 8.384403669959746e-08, ""peak"": 0.003928719899646319, ""low"": 0.0007858110551586235, ""high"": 0.002357265477402471, ""relative_power_proxy"": 5.241834445726571e-05, ""dynamic_ratio"": 46857.47554977529, ""incomplete_rise"": false, ""f0"": 41.20344461410875, ""kernel_samples"": 4283, ""support_ms"": 97.12018140589569, ""ENBW_hz"": 15.44838860345633, ""tuning_low_hz"": 40.37880696420238, ""tuning_high_hz"": 42.044923456332796, ""approx_first_null_halfwidth_hz"": 20.597851471275106}","[{""status"": ""TARGET_NOT_OBSERVABLE"", ""candidate_s"": [], ""baseline"": 6.544205301915641e-06, ""peak"": 0.10264612630279503, ""low"": 0.02053446062480054, ""high"": 0.06159029346379779, ""relative_power_proxy"": 0.0031304659639882974, ""dynamic_ratio"": 15685.040668383059, ""incomplete_rise"": false, ""f0"": 82.4068892282175, ""kernel_samples"": 2141, ""support_ms"": 48.54875283446712, ""ENBW_hz"": 30.911214953271024, ""tuning_low_hz"": 80.75761392840477, ""tuning_high_hz"": 84.08984691266559, ""approx_first_null_halfwidth_hz"": 41.21495327102804, ""harmonic_number"": 2, ""supports_primary_candidates"": []}, {""status"": ""TARGET_ONSET_CLEAR"", ""candidate_s"": [57.69986394557823], ""baseline"": 0.001019364936034351, ""peak"": 0.07252818831706136, ""low"": 0.015321129612239751, ""high"": 0.043924658964650545, ""relative_power_proxy"": 0.12428632205943636, ""dynamic_ratio"": 71.15036603006843, ""incomplete_rise"": false, ""f0"": 123.61033384232624, ""kernel_samples"": 1429, ""support_ms"": 32.40362811791383, ""ENBW_hz"": 46.3235294117647, ""tuning_low_hz"": 121.13642089260715, ""tuning_high_hz"": 126.1347703689984, ""approx_first_null_halfwidth_hz"": 61.76470588235294, ""harmonic_number"": 3, ""supports_primary_candidates"": []}]",Conditional pitched-component observation; finite-band leakage and centered smoothing; original family ambiguity retained.,TARGET_ONSET_UNRESOLVED
HF030,BP_0045,HF030_BP_0045_28,E1,28,41.20344461410875,57.67418866213152,57.813508390022676,57.52418866213152,57.82418866213152,15.44838860345633,2,0,TARGET_NOT_OBSERVABLE,[],,,"{""status"": ""TARGET_NOT_OBSERVABLE"", ""candidate_s"": [], ""baseline"": 8.407229486347009e-08, ""peak"": 0.005722750684357967, ""low"": 0.0011446173947074843, ""high"": 0.0034336840395327254, ""relative_power_proxy"": 0.009987659811042509, ""dynamic_ratio"": 68069.40019480609, ""incomplete_rise"": false, ""f0"": 41.20344461410875, ""kernel_samples"": 4283, ""support_ms"": 97.12018140589569, ""ENBW_hz"": 15.44838860345633, ""tuning_low_hz"": 40.37880696420238, ""tuning_high_hz"": 42.044923456332796, ""approx_first_null_halfwidth_hz"": 20.597851471275106}","[{""status"": ""TARGET_ONSET_CLEAR"", ""candidate_s"": [57.6918820861678], ""baseline"": 7.9192767245902e-06, ""peak"": 0.10264612630279506, ""low"": 0.020535560681938684, ""high"": 0.06159084349236686, ""relative_power_proxy"": 0.08531383867110946, ""dynamic_ratio"": 12961.55316609505, ""incomplete_rise"": false, ""f0"": 82.4068892282175, ""kernel_samples"": 2141, ""support_ms"": 48.54875283446712, ""ENBW_hz"": 30.911214953271024, ""tuning_low_hz"": 80.75761392840477, ""tuning_high_hz"": 84.08984691266559, ""approx_first_null_halfwidth_hz"": 41.21495327102804, ""harmonic_number"": 2, ""supports_primary_candidates"": []}, {""status"": ""TARGET_ONSET_UNRESOLVED"", ""candidate_s"": [57.69986394557823], ""baseline"": 0.0010237316331443251, ""peak"": 0.07252818831706136, ""low"": 0.015324622969927731, ""high"": 0.04392640564349454, ""relative_power_proxy"": 0.0698647839502254, ""dynamic_ratio"": 70.84687624069576, ""incomplete_rise"": true, ""f0"": 123.61033384232624, ""kernel_samples"": 1429, ""support_ms"": 32.40362811791383, ""ENBW_hz"": 46.3235294117647, ""tuning_low_hz"": 121.13642089260715, ""tuning_high_hz"": 126.1347703689984, ""approx_first_null_halfwidth_hz"": 61.76470588235294, ""harmonic_number"": 3, ""supports_primary_candidates"": []}]",Conditional pitched-component observation; finite-band leakage and centered smoothing; original family ambiguity retained.,TARGET_ONSET_UNRESOLVED
HF030,BP_0045,HF030_BP_0045_47,B2,47,123.47082531403103,57.67418866213152,57.813508390022676,57.52418866213152,57.82418866213152,46.3235294117647,2,0,TARGET_ONSET_UNRESOLVED,[57.69986394557823],,,"{""status"": ""TARGET_ONSET_UNRESOLVED"", ""candidate_s"": [57.69986394557823], ""baseline"": 0.0010185162307243035, ""peak"": 0.07290988781560957, ""low"": 0.015396790547701359, ""high"": 0.04415333918165547, ""relative_power_proxy"": 0.06957617966568348, ""dynamic_ratio"": 71.58441428445448, ""incomplete_rise"": true, ""f0"": 123.47082531403103, ""kernel_samples"": 1429, ""support_ms"": 32.40362811791383, ""ENBW_hz"": 46.3235294117647, ""tuning_low_hz"": 120.99970446060371, ""tuning_high_hz"": 125.99241272272361, ""approx_first_null_halfwidth_hz"": 61.76470588235294}","[{""status"": ""TARGET_ONSET_UNRESOLVED"", ""candidate_s"": [], ""baseline"": 0.00014212115982761842, ""peak"": 0.004795730130052566, ""low"": 0.001072842953872608, ""high"": 0.0029342865419625867, ""relative_power_proxy"": 0.024213014199900858, ""dynamic_ratio"": 33.743955761896416, ""incomplete_rise"": false, ""f0"": 246.94165062806206, ""kernel_samples"": 715, ""support_ms"": 16.213151927437643, ""ENBW_hz"": 92.64705882352942, ""tuning_low_hz"": 241.99940892120742, ""tuning_high_hz"": 251.98482544544723, ""approx_first_null_halfwidth_hz"": 123.52941176470588, ""harmonic_number"": 2, ""supports_primary_candidates"": []}, {""status"": ""TARGET_ONSET_CLEAR"", ""candidate_s"": [57.59609977324263], ""baseline"": 0.0003053210703463317, ""peak"": 0.005477630672927318, ""low"": 0.001339782990862529, ""high"": 0.003408706831894923, ""relative_power_proxy"": 0.042164321386773215, ""dynamic_ratio"": 17.9405589883264, ""incomplete_rise"": false, ""f0"": 370.4124759420931, ""kernel_samples"": 477, ""support_ms"": 10.816326530612244, ""ENBW_hz"": 138.97058823529414, ""tuning_low_hz"": 362.9991133818111, ""tuning_high_hz"": 377.97723816817086, ""approx_first_null_halfwidth_hz"": 185.2941176470588, ""harmonic_number"": 3, ""supports_primary_candidates"": []}]",Conditional pitched-component observation; finite-band leakage and centered smoothing; original family ambiguity retained.,TARGET_ONSET_UNRESOLVED
HF030,BP_0046,HF030_BP_0046_28,E1,28,41.20344461410875,57.70901859410431,58.12697777777778,57.55901859410431,57.859018594104306,15.44838860345633,2,2,TARGET_ONSET_CLEAR,[57.680907029478455],57.680907029478455,-28.111564625852736,"{""status"": ""TARGET_ONSET_CLEAR"", ""candidate_s"": [57.680907029478455], ""baseline"": 9.054136233295492e-08, ""peak"": 0.005722750684357969, ""low"": 0.0011446225699614603, ""high"": 0.0034336866271597144, ""relative_power_proxy"": 0.02638255148447769, ""dynamic_ratio"": 63205.92640645954, ""incomplete_rise"": false, ""f0"": 41.20344461410875, ""kernel_samples"": 4283, ""support_ms"": 97.12018140589569, ""ENBW_hz"": 15.44838860345633, ""tuning_low_hz"": 40.37880696420238, ""tuning_high_hz"": 42.044923456332796, ""approx_first_null_halfwidth_hz"": 20.597851471275106}","[{""status"": ""TARGET_ONSET_CLEAR"", ""candidate_s"": [57.6918820861678], ""baseline"": 1.2738913015204724e-05, ""peak"": 0.10264612630279506, ""low"": 0.020539416390971177, ""high"": 0.06159277134688311, ""relative_power_proxy"": 0.2604364031418084, ""dynamic_ratio"": 8057.683271742269, ""incomplete_rise"": false, ""f0"": 82.4068892282175, ""kernel_samples"": 2141, ""support_ms"": 48.54875283446712, ""ENBW_hz"": 30.911214953271024, ""tuning_low_hz"": 80.75761392840477, ""tuning_high_hz"": 84.08984691266559, ""approx_first_null_halfwidth_hz"": 41.21495327102804, ""harmonic_number"": 2, ""supports_primary_candidates"": [57.680907029478455]}, {""status"": ""TARGET_ONSET_UNRESOLVED"", ""candidate_s"": [57.69986394557823], ""baseline"": 0.0010237316331443238, ""peak"": 0.07252818831706141, ""low"": 0.01532462296992774, ""high"": 0.04392640564349457, ""relative_power_proxy"": 0.08127773035784988, ""dynamic_ratio"": 70.8468762406959, ""incomplete_rise"": true, ""f0"": 123.61033384232624, ""kernel_samples"": 1429, ""support_ms"": 32.40362811791383, ""ENBW_hz"": 46.3235294117647, ""tuning_low_hz"": 121.13642089260715, ""tuning_high_hz"": 126.1347703689984, ""approx_first_null_halfwidth_hz"": 61.76470588235294, ""harmonic_number"": 3, ""supports_primary_candidates"": [57.680907029478455]}]",Conditional pitched-component observation; finite-band leakage and centered smoothing; original family ambiguity retained.,TARGET_ONSET_UNRESOLVED
HF030,BP_0047,HF030_BP_0047_28,E1,28,41.20344461410875,57.72062857142857,57.917998185941045,57.57062857142857,57.87062857142857,15.44838860345633,2,2,TARGET_ONSET_CLEAR,[57.680907029478455],57.680907029478455,-39.721541950115125,"{""status"": ""TARGET_ONSET_CLEAR"", ""candidate_s"": [57.680907029478455], ""baseline"": 1.0400138064255441e-07, ""peak"": 0.0057227506843579735, ""low"": 0.0011446333379761086, ""high"": 0.0034336920111670407, ""relative_power_proxy"": 0.03023438287874802, ""dynamic_ratio"": 55025.71839912514, ""incomplete_rise"": false, ""f0"": 41.20344461410875, ""kernel_samples"": 4283, ""support_ms"": 97.12018140589569, ""ENBW_hz"": 15.44838860345633, ""tuning_low_hz"": 40.37880696420238, ""tuning_high_hz"": 42.044923456332796, ""approx_first_null_halfwidth_hz"": 20.597851471275106}","[{""status"": ""TARGET_ONSET_CLEAR"", ""candidate_s"": [57.6918820861678], ""baseline"": 2.0110640612462212e-05, ""peak"": 0.10264612630279503, ""low"": 0.020545313773048978, ""high"": 0.061595720037922005, ""relative_power_proxy"": 0.2604364031418085, ""dynamic_ratio"": 5104.070441156756, ""incomplete_rise"": false, ""f0"": 82.4068892282175, ""kernel_samples"": 2141, ""support_ms"": 48.54875283446712, ""ENBW_hz"": 30.911214953271024, ""tuning_low_hz"": 80.75761392840477, ""tuning_high_hz"": 84.08984691266559, ""approx_first_null_halfwidth_hz"": 41.21495327102804, ""harmonic_number"": 2, ""supports_primary_candidates"": [57.680907029478455]}, {""status"": ""TARGET_ONSET_UNRESOLVED"", ""candidate_s"": [57.69986394557823], ""baseline"": 0.0010237316331443273, ""peak"": 0.07252818831706138, ""low"": 0.015324622969927738, ""high"": 0.04392640564349456, ""relative_power_proxy"": 0.09525808864685861, ""dynamic_ratio"": 70.84687624069564, ""incomplete_rise"": true, ""f0"": 123.61033384232624, ""kernel_samples"": 1429, ""support_ms"": 32.40362811791383, ""ENBW_hz"": 46.3235294117647, ""tuning_low_hz"": 121.13642089260715, ""tuning_high_hz"": 126.1347703689984, ""approx_first_null_halfwidth_hz"": 61.76470588235294, ""harmonic_number"": 3, ""supports_primary_candidates"": [57.680907029478455]}]",Conditional pitched-component observation; finite-band leakage and centered smoothing; original family ambiguity retained.,TARGET_ONSET_UNRESOLVED
HF030,BP_0047,HF030_BP_0047_40,E2,40,82.4068892282175,57.72062857142857,57.917998185941045,57.57062857142857,57.87062857142857,30.911214953271024,1,1,TARGET_ONSET_CLEAR,[57.6918820861678],57.6918820861678,-28.746485260768395,"{""status"": ""TARGET_ONSET_CLEAR"", ""candidate_s"": [57.6918820861678], ""baseline"": 2.0110640612462212e-05, ""peak"": 0.10264612630279503, ""low"": 0.020545313773048978, ""high"": 0.061595720037922005, ""relative_power_proxy"": 0.2604364031418085, ""dynamic_ratio"": 5104.070441156756, ""incomplete_rise"": false, ""f0"": 82.4068892282175, ""kernel_samples"": 2141, ""support_ms"": 48.54875283446712, ""ENBW_hz"": 30.911214953271024, ""tuning_low_hz"": 80.75761392840477, ""tuning_high_hz"": 84.08984691266559, ""approx_first_null_halfwidth_hz"": 41.21495327102804}","[{""status"": ""TARGET_ONSET_MULTIPLE"", ""candidate_s"": [57.69687074829932, 57.770702947845805, 57.79265306122449, 57.81759637188209], ""baseline"": 0.00034347858793251244, ""peak"": 0.026040503324094234, ""low"": 0.005482883535164857, ""high"": 0.015761693429629544, ""relative_power_proxy"": 0.0378840603395083, ""dynamic_ratio"": 75.81405141100306, ""incomplete_rise"": true, ""f0"": 164.813778456435, ""kernel_samples"": 1071, ""support_ms"": 24.285714285714285, ""ENBW_hz"": 61.82242990654205, ""tuning_low_hz"": 161.51522785680953, ""tuning_high_hz"": 168.17969382533119, ""approx_first_null_halfwidth_hz"": 82.42990654205607, ""harmonic_number"": 2, ""supports_primary_candidates"": [57.6918820861678]}, {""status"": ""TARGET_NOT_OBSERVABLE"", ""candidate_s"": [], ""baseline"": 0.00013315571745221134, ""peak"": 0.004758484355266041, ""low"": 0.0010582214450149772, ""high"": 0.0029083529001405085, ""relative_power_proxy"": 0.006582102524856833, ""dynamic_ratio"": 35.73623758945107, ""incomplete_rise"": false, ""f0"": 247.22066768465248, ""kernel_samples"": 715, ""support_ms"": 16.213151927437643, ""ENBW_hz"": 92.64705882352942, ""tuning_low_hz"": 242.2728417852143, ""tuning_high_hz"": 252.2695407379968, ""approx_first_null_halfwidth_hz"": 123.52941176470588, ""harmonic_number"": 3, ""supports_primary_candidates"": []}]",Conditional pitched-component observation; finite-band leakage and centered smoothing; original family ambiguity retained.,TARGET_ONSET_UNRESOLVED
HF031,BP_0048,HF031_BP_0048_29,F1,29,43.653528929125486,58.12697777777778,58.3707873015873,57.97697777777778,58.27697777777778,16.373762376237625,2,0,TARGET_ACTIVITY_CONTINUOUS,[],,,"{""status"": ""TARGET_ACTIVITY_CONTINUOUS"", ""candidate_s"": [], ""baseline"": 0.0018001392239880018, ""peak"": 0.005252804439076072, ""low"": 0.0024906722670056157, ""high"": 0.003871738353040844, ""relative_power_proxy"": 0.05059189060142992, ""dynamic_ratio"": 2.917998990899763, ""incomplete_rise"": false, ""f0"": 43.653528929125486, ""kernel_samples"": 4041, ""support_ms"": 91.63265306122449, ""ENBW_hz"": 16.373762376237625, ""tuning_low_hz"": 42.77985577283051, ""tuning_high_hz"": 44.545044707146054, ""approx_first_null_halfwidth_hz"": 21.831683168316832}","[{""status"": ""TARGET_ACTIVITY_CONTINUOUS"", ""candidate_s"": [], ""baseline"": 0.0030618868276583, ""peak"": 0.022431073850291628, ""low"": 0.0069357242321849664, ""high"": 0.014683399041238297, ""relative_power_proxy"": 0.17535260753580806, ""dynamic_ratio"": 7.32589906578836, ""incomplete_rise"": false, ""f0"": 87.30705785825097, ""kernel_samples"": 2021, ""support_ms"": 45.827664399092974, ""ENBW_hz"": 32.74752475247525, ""tuning_low_hz"": 85.55971154566102, ""tuning_high_hz"": 89.09008941429211, ""approx_first_null_halfwidth_hz"": 43.663366336633665, ""harmonic_number"": 2, ""supports_primary_candidates"": []}, {""status"": ""TARGET_ONSET_CLEAR"", ""candidate_s"": [57.98421768707483], ""baseline"": 0.0003196216185782821, ""peak"": 0.03228151648913416, ""low"": 0.0067120005926894575, ""high"": 0.019496758540911804, ""relative_power_proxy"": 0.059141377671596426, ""dynamic_ratio"": 100.99916467705307, ""incomplete_rise"": false, ""f0"": 130.96058678737646, ""kernel_samples"": 1347, ""support_ms"": 30.54421768707483, ""ENBW_hz"": 49.14561664190194, ""tuning_low_hz"": 128.33956731849153, ""tuning_high_hz"": 133.63513412143817, ""approx_first_null_halfwidth_hz"": 65.52748885586924, ""harmonic_number"": 3, ""supports_primary_candidates"": []}]",Conditional pitched-component observation; finite-band leakage and centered smoothing; original family ambiguity retained.,TARGET_ACTIVITY_CONTINUOUS
HF032,BP_0049,HF032_BP_0049_33,A1,33,55.0,58.44044716553288,58.75391655328798,58.29044716553288,58.59044716553288,20.620324189526187,2,0,TARGET_NOT_OBSERVABLE,[],,,"{""status"": ""TARGET_NOT_OBSERVABLE"", ""candidate_s"": [], ""baseline"": 0.00020223546633684725, ""peak"": 0.00562700611542054, ""low"": 0.001287189596153586, ""high"": 0.003457097855787063, ""relative_power_proxy"": 0.009309796516552454, ""dynamic_ratio"": 27.824032141069118, ""incomplete_rise"": false, ""f0"": 55.0, ""kernel_samples"": 3209, ""support_ms"": 72.76643990929706, ""ENBW_hz"": 20.620324189526187, ""tuning_low_hz"": 53.899240799655864, ""tuning_high_hz"": 56.123239495041524, ""approx_first_null_halfwidth_hz"": 27.49376558603491}","[{""status"": ""TARGET_ONSET_CLEAR"", ""candidate_s"": [58.43519274376417], ""baseline"": 0.0003165458438930845, ""peak"": 0.08170295029595881, ""low"": 0.016593826734306233, ""high"": 0.049148388515132514, ""relative_power_proxy"": 0.33826040888897724, ""dynamic_ratio"": 258.1077966184087, ""incomplete_rise"": false, ""f0"": 110.0, ""kernel_samples"": 1605, ""support_ms"": 36.394557823129254, ""ENBW_hz"": 41.240648379052374, ""tuning_low_hz"": 107.79848159931173, ""tuning_high_hz"": 112.24647899008305, ""approx_first_null_halfwidth_hz"": 54.98753117206982, ""harmonic_number"": 2, ""supports_primary_candidates"": []}, {""status"": ""TARGET_ONSET_MULTIPLE"", ""candidate_s"": [58.44517006802721, 58.464126984126985, 58.48308390022676, 58.50104308390023], ""baseline"": 0.00022368084683551436, ""peak"": 0.01623229771351183, ""low"": 0.0034254042201707774, ""high"": 0.009828850966841302, ""relative_power_proxy"": 0.03704805302065586, ""dynamic_ratio"": 72.56901045912254, ""incomplete_rise"": false, ""f0"": 165.0, ""kernel_samples"": 1071, ""support_ms"": 24.285714285714285, ""ENBW_hz"": 61.82242990654205, ""tuning_low_hz"": 161.69772239896758, ""tuning_high_hz"": 168.36971848512457, ""approx_first_null_halfwidth_hz"": 82.42990654205607, ""harmonic_number"": 3, ""supports_primary_candidates"": []}]",Conditional pitched-component observation; finite-band leakage and centered smoothing; original family ambiguity retained.,TARGET_NOT_OBSERVABLE
HF033,BP_0050,HF033_BP_0050_46,A#2,46,116.54094037952248,58.846796371882085,59.173159637188206,58.69679637188209,58.996796371882084,43.692206076618234,2,1,TARGET_ONSET_CLEAR,[58.80335600907029],58.80335600907029,-43.44036281179342,"{""status"": ""TARGET_ONSET_CLEAR"", ""candidate_s"": [58.80335600907029], ""baseline"": 0.002379681556485078, ""peak"": 0.040024311839557715, ""low"": 0.009908607613099606, ""high"": 0.02496645972632866, ""relative_power_proxy"": 0.20827210183920405, ""dynamic_ratio"": 16.81918815166003, ""incomplete_rise"": false, ""f0"": 116.54094037952248, ""kernel_samples"": 1515, ""support_ms"": 34.35374149659864, ""ENBW_hz"": 43.692206076618234, ""tuning_low_hz"": 114.20851288244036, ""tuning_high_hz"": 118.92100196176901, ""approx_first_null_halfwidth_hz"": 58.256274768824305}","[{""status"": ""TARGET_ONSET_CLEAR"", ""candidate_s"": [58.77541950113379], ""baseline"": 4.3453934525257816e-05, ""peak"": 0.011431296595242129, ""low"": 0.002321022466668632, ""high"": 0.00687615953095538, ""relative_power_proxy"": 0.02232395030451179, ""dynamic_ratio"": 263.06700923935045, ""incomplete_rise"": false, ""f0"": 233.08188075904496, ""kernel_samples"": 757, ""support_ms"": 17.165532879818592, ""ENBW_hz"": 87.5, ""tuning_low_hz"": 228.41702576488072, ""tuning_high_hz"": 237.84200392353802, ""approx_first_null_halfwidth_hz"": 116.66666666666667, ""harmonic_number"": 2, ""supports_primary_candidates"": []}, {""status"": ""TARGET_ONSET_MULTIPLE"", ""candidate_s"": [58.756462585034015, 58.76444444444444, 58.78040816326531, 58.788390022675735], ""baseline"": 9.161872295319238e-05, ""peak"": 0.010044314073564587, ""low"": 0.0020821577930754715, ""high"": 0.006063235933320029, ""relative_power_proxy"": 0.017069558760449768, ""dynamic_ratio"": 109.63167516203193, ""incomplete_rise"": false, ""f0"": 349.6228211385675, ""kernel_samples"": 505, ""support_ms"": 11.45124716553288, ""ENBW_hz"": 131.25, ""tuning_low_hz"": 342.6255386473211, ""tuning_high_hz"": 356.76300588530705, ""approx_first_null_halfwidth_hz"": 175.0, ""harmonic_number"": 3, ""supports_primary_candidates"": [58.80335600907029]}]",Conditional pitched-component observation; finite-band leakage and centered smoothing; original family ambiguity retained.,TARGET_ONSET_CLEAR
HF034,BP_0051,HF034_BP_0051_34,A#1,34,58.27047018976124,58.88162630385487,59.207989569161,58.731626303854874,59.03162630385487,21.846103038309113,2,2,TARGET_ONSET_CLEAR,[58.816326530612244],58.816326530612244,-65.29977324262859,"{""status"": ""TARGET_ONSET_CLEAR"", ""candidate_s"": [58.816326530612244], ""baseline"": 0.0010505781905903394, ""peak"": 0.005351857269541501, ""low"": 0.0019108340063805718, ""high"": 0.0036313456379610362, ""relative_power_proxy"": 0.090719004786936, ""dynamic_ratio"": 5.094201761921397, ""incomplete_rise"": false, ""f0"": 58.27047018976124, ""kernel_samples"": 3029, ""support_ms"": 68.68480725623583, ""ENBW_hz"": 21.846103038309113, ""tuning_low_hz"": 57.10425644122018, ""tuning_high_hz"": 59.460500980884504, ""approx_first_null_halfwidth_hz"": 29.128137384412152}","[{""status"": ""TARGET_ONSET_CLEAR"", ""candidate_s"": [58.80335600907029], ""baseline"": 0.002379681556485073, ""peak"": 0.04002431183955768, ""low"": 0.009908607613099595, ""high"": 0.024966459726328633, ""relative_power_proxy"": 0.23120272181229565, ""dynamic_ratio"": 16.819188151660047, ""incomplete_rise"": false, ""f0"": 116.54094037952248, ""kernel_samples"": 1515, ""support_ms"": 34.35374149659864, ""ENBW_hz"": 43.692206076618234, ""tuning_low_hz"": 114.20851288244036, ""tuning_high_hz"": 118.92100196176901, ""approx_first_null_halfwidth_hz"": 58.256274768824305, ""harmonic_number"": 2, ""supports_primary_candidates"": [58.816326530612244]}, {""status"": ""TARGET_ONSET_MULTIPLE"", ""candidate_s"": [58.809342403628115, 58.84226757369615], ""baseline"": 0.000265044033857254, ""peak"": 0.012945885144186244, ""low"": 0.0028012122559230523, ""high"": 0.007873548700054647, ""relative_power_proxy"": 0.040067172647770245, ""dynamic_ratio"": 48.84428053626202, ""incomplete_rise"": false, ""f0"": 174.81141056928374, ""kernel_samples"": 1011, ""support_ms"": 22.92517006802721, ""ENBW_hz"": 65.4950495049505, ""tuning_low_hz"": 171.31276932366055, ""tuning_high_hz"": 178.38150294265353, ""approx_first_null_halfwidth_hz"": 87.32673267326733, ""harmonic_number"": 3, ""supports_primary_candidates"": [58.816326530612244]}]",Conditional pitched-component observation; finite-band leakage and centered smoothing; original family ambiguity retained.,TARGET_ONSET_UNRESOLVED
HF034,BP_0052,HF034_BP_0052_34,A#1,34,58.27047018976124,59.173159637188206,59.44018911564626,59.02315963718821,59.323159637188205,21.846103038309113,2,0,TARGET_ACTIVITY_CONTINUOUS,[],,,"{""status"": ""TARGET_ACTIVITY_CONTINUOUS"", ""candidate_s"": [], ""baseline"": 8.585995010307302e-05, ""peak"": 0.004214217790262404, ""low"": 0.0009115315181349393, ""high"": 0.0025628746541986715, ""relative_power_proxy"": 0.04548785286318979, ""dynamic_ratio"": 49.08246260571228, ""incomplete_rise"": false, ""f0"": 58.27047018976124, ""kernel_samples"": 3029, ""support_ms"": 68.68480725623583, ""ENBW_hz"": 21.846103038309113, ""tuning_low_hz"": 57.10425644122018, ""tuning_high_hz"": 59.460500980884504, ""approx_first_null_halfwidth_hz"": 29.128137384412152}","[{""status"": ""TARGET_ONSET_CLEAR"", ""candidate_s"": [59.13759637188208], ""baseline"": 0.0025022048635250384, ""peak"": 0.06703353087812271, ""low"": 0.015408470066444574, ""high"": 0.041221000472283637, ""relative_power_proxy"": 0.15180317373316934, ""dynamic_ratio"": 26.789785223136242, ""incomplete_rise"": false, ""f0"": 116.54094037952248, ""kernel_samples"": 1515, ""support_ms"": 34.35374149659864, ""ENBW_hz"": 43.692206076618234, ""tuning_low_hz"": 114.20851288244036, ""tuning_high_hz"": 118.92100196176901, ""approx_first_null_halfwidth_hz"": 58.256274768824305, ""harmonic_number"": 2, ""supports_primary_candidates"": []}, {""status"": ""TARGET_ONSET_MULTIPLE"", ""candidate_s"": [59.05079365079365, 59.15455782312925], ""baseline"": 0.0004282405680136399, ""peak"": 0.020747012430696054, ""low"": 0.004491994940550123, ""high"": 0.012619503685623088, ""relative_power_proxy"": 0.045410850634882746, ""dynamic_ratio"": 48.447097216710304, ""incomplete_rise"": false, ""f0"": 174.81141056928374, ""kernel_samples"": 1011, ""support_ms"": 22.92517006802721, ""ENBW_hz"": 65.4950495049505, ""tuning_low_hz"": 171.31276932366055, ""tuning_high_hz"": 178.38150294265353, ""approx_first_null_halfwidth_hz"": 87.32673267326733, ""harmonic_number"": 3, ""supports_primary_candidates"": []}]",Conditional pitched-component observation; finite-band leakage and centered smoothing; original family ambiguity retained.,TARGET_ONSET_UNRESOLVED
HF034,BP_0052,HF034_BP_0052_46,A#2,46,116.54094037952248,59.173159637188206,59.44018911564626,59.02315963718821,59.323159637188205,43.692206076618234,2,1,TARGET_ONSET_CLEAR,[59.13759637188208],59.13759637188208,-35.563265306123526,"{""status"": ""TARGET_ONSET_CLEAR"", ""candidate_s"": [59.13759637188208], ""baseline"": 0.0025022048635250384, ""peak"": 0.06703353087812271, ""low"": 0.015408470066444574, ""high"": 0.041221000472283637, ""relative_power_proxy"": 0.15180317373316934, ""dynamic_ratio"": 26.789785223136242, ""incomplete_rise"": false, ""f0"": 116.54094037952248, ""kernel_samples"": 1515, ""support_ms"": 34.35374149659864, ""ENBW_hz"": 43.692206076618234, ""tuning_low_hz"": 114.20851288244036, ""tuning_high_hz"": 118.92100196176901, ""approx_first_null_halfwidth_hz"": 58.256274768824305}","[{""status"": ""TARGET_ONSET_MULTIPLE"", ""candidate_s"": [59.05478458049887, 59.12362811791383], ""baseline"": 0.00036056058963706227, ""peak"": 0.015201620912122397, ""low"": 0.0033287726541341295, ""high"": 0.009265196783128263, ""relative_power_proxy"": 0.06746342121694796, ""dynamic_ratio"": 42.16107181160382, ""incomplete_rise"": false, ""f0"": 233.08188075904496, ""kernel_samples"": 757, ""support_ms"": 17.165532879818592, ""ENBW_hz"": 87.5, ""tuning_low_hz"": 228.41702576488072, ""tuning_high_hz"": 237.84200392353802, ""approx_first_null_halfwidth_hz"": 116.66666666666667, ""harmonic_number"": 2, ""supports_primary_candidates"": [59.13759637188208]}, {""status"": ""TARGET_ONSET_MULTIPLE"", ""candidate_s"": [59.069750566893426, 59.08571428571429, 59.09369614512472], ""baseline"": 6.233806924724104e-05, ""peak"": 0.007872023998724968, ""low"": 0.0016242752551427866, ""high"": 0.004748149626933877, ""relative_power_proxy"": 0.013487811913429439, ""dynamic_ratio"": 126.27956068872581, ""incomplete_rise"": false, ""f0"": 349.6228211385675, ""kernel_samples"": 505, ""support_ms"": 11.45124716553288, ""ENBW_hz"": 131.25, ""tuning_low_hz"": 342.6255386473211, ""tuning_high_hz"": 356.76300588530705, ""approx_first_null_halfwidth_hz"": 175.0, ""harmonic_number"": 3, ""supports_primary_candidates"": []}]",Conditional pitched-component observation; finite-band leakage and centered smoothing; original family ambiguity retained.,TARGET_ONSET_UNRESOLVED
HF035,BP_0053,HF035_BP_0053_39,D#2,39,77.78174593052023,59.41696916099773,59.614338775510205,59.26696916099773,59.56696916099773,29.166666666666664,2,0,TARGET_NOT_OBSERVABLE,[],,,"{""status"": ""TARGET_NOT_OBSERVABLE"", ""candidate_s"": [], ""baseline"": 3.0298139575984787e-05, ""peak"": 0.012012534471940199, ""low"": 0.002426745406048828, ""high"": 0.007219639938994513, ""relative_power_proxy"": 0.008602388607434118, ""dynamic_ratio"": 396.4776266811342, ""incomplete_rise"": false, ""f0"": 77.78174593052023, ""kernel_samples"": 2269, ""support_ms"": 51.45124716553288, ""ENBW_hz"": 29.166666666666664, ""tuning_low_hz"": 76.2250373404866, ""tuning_high_hz"": 79.37024645820105, ""approx_first_null_halfwidth_hz"": 38.888888888888886}","[{""status"": ""TARGET_ONSET_CLEAR"", ""candidate_s"": [59.50775510204082], ""baseline"": 0.00016239284310779598, ""peak"": 0.01238641526661481, ""low"": 0.002607197327809199, ""high"": 0.007496806297212004, ""relative_power_proxy"": 0.09773128393335415, ""dynamic_ratio"": 76.27439134366739, ""incomplete_rise"": false, ""f0"": 155.56349186104046, ""kernel_samples"": 1135, ""support_ms"": 25.736961451247165, ""ENBW_hz"": 58.33333333333333, ""tuning_low_hz"": 152.4500746809732, ""tuning_high_hz"": 158.7404929164021, ""approx_first_null_halfwidth_hz"": 77.77777777777777, ""harmonic_number"": 2, ""supports_primary_candidates"": []}, {""status"": ""TARGET_ONSET_CLEAR"", ""candidate_s"": [59.54267573696145], ""baseline"": 0.00027021913509615175, ""peak"": 0.00691929830437073, ""low"": 0.0016000349689510676, ""high"": 0.004259666636660898, ""relative_power_proxy"": 0.08531797358754398, ""dynamic_ratio"": 25.606248432068455, ""incomplete_rise"": false, ""f0"": 233.3452377915607, ""kernel_samples"": 757, ""support_ms"": 17.165532879818592, ""ENBW_hz"": 87.5, ""tuning_low_hz"": 228.67511202145977, ""tuning_high_hz"": 238.11073937460318, ""approx_first_null_halfwidth_hz"": 116.66666666666667, ""harmonic_number"": 3, ""supports_primary_candidates"": []}]",Conditional pitched-component observation; finite-band leakage and centered smoothing; original family ambiguity retained.,TARGET_ONSET_CLEAR
HF035,BP_0054,HF035_BP_0054_39,D#2,39,77.78174593052023,59.614338775510205,59.881368253968255,59.46433877551021,59.764338775510204,29.166666666666664,2,2,TARGET_ONSET_CLEAR,[59.519727891156464],59.519727891156464,-94.61088435374165,"{""status"": ""TARGET_ONSET_CLEAR"", ""candidate_s"": [59.519727891156464], ""baseline"": 0.0001856783801574418, ""peak"": 0.012012534471940183, ""low"": 0.00255104959851399, ""high"": 0.0072817920352270865, ""relative_power_proxy"": 0.21615109552160044, ""dynamic_ratio"": 64.69538597737888, ""incomplete_rise"": false, ""f0"": 77.78174593052023, ""kernel_samples"": 2269, ""support_ms"": 51.45124716553288, ""ENBW_hz"": 29.166666666666664, ""tuning_low_hz"": 76.2250373404866, ""tuning_high_hz"": 79.37024645820105, ""approx_first_null_halfwidth_hz"": 38.888888888888886}","[{""status"": ""TARGET_ONSET_CLEAR"", ""candidate_s"": [59.50775510204082], ""baseline"": 0.00015735400333562449, ""peak"": 0.012386415266614815, ""low"": 0.0026031662559914625, ""high"": 0.007494790761303138, ""relative_power_proxy"": 0.03628316420592225, ""dynamic_ratio"": 78.71687408038488, ""incomplete_rise"": false, ""f0"": 155.56349186104046, ""kernel_samples"": 1135, ""support_ms"": 25.736961451247165, ""ENBW_hz"": 58.33333333333333, ""tuning_low_hz"": 152.4500746809732, ""tuning_high_hz"": 158.7404929164021, ""approx_first_null_halfwidth_hz"": 77.77777777777777, ""harmonic_number"": 2, ""supports_primary_candidates"": [59.519727891156464]}, {""status"": ""TARGET_ONSET_CLEAR"", ""candidate_s"": [59.54267573696145], ""baseline"": 0.0001513320150450475, ""peak"": 0.006919298304370735, ""low"": 0.0015049252729101852, ""high"": 0.0042121117886404595, ""relative_power_proxy"": 0.016727784486384262, ""dynamic_ratio"": 45.722633788435616, ""incomplete_rise"": false, ""f0"": 233.3452377915607, ""kernel_samples"": 757, ""support_ms"": 17.165532879818592, ""ENBW_hz"": 87.5, ""tuning_low_hz"": 228.67511202145977, ""tuning_high_hz"": 238.11073937460318, ""approx_first_null_halfwidth_hz"": 116.66666666666667, ""harmonic_number"": 3, ""supports_primary_candidates"": [59.519727891156464]}]",Conditional pitched-component observation; finite-band leakage and centered smoothing; original family ambiguity retained.,TARGET_ONSET_CLEAR
HF036,BP_0055,HF036_BP_0055_34,A#1,34,58.27047018976124,59.927808163265304,60.20644761904762,59.777808163265306,60.0778081632653,21.846103038309113,2,1,TARGET_ONSET_CLEAR,[59.90485260770975],59.90485260770975,-22.95555555555495,"{""status"": ""TARGET_ONSET_CLEAR"", ""candidate_s"": [59.90485260770975], ""baseline"": 0.0002747712926896555, ""peak"": 0.010487135909778292, ""low"": 0.002317244216107383, ""high"": 0.006402190062942838, ""relative_power_proxy"": 0.1567456315318944, ""dynamic_ratio"": 38.16678156994786, ""incomplete_rise"": false, ""f0"": 58.27047018976124, ""kernel_samples"": 3029, ""support_ms"": 68.68480725623583, ""ENBW_hz"": 21.846103038309113, ""tuning_low_hz"": 57.10425644122018, ""tuning_high_hz"": 59.460500980884504, ""approx_first_null_halfwidth_hz"": 29.128137384412152}","[{""status"": ""TARGET_ONSET_CLEAR"", ""candidate_s"": [59.87392290249433], ""baseline"": 0.0003147791696760463, ""peak"": 0.03504524160407651, ""low"": 0.007260871656556139, ""high"": 0.021153056630316323, ""relative_power_proxy"": 0.14388664969516232, ""dynamic_ratio"": 111.33278494934459, ""incomplete_rise"": false, ""f0"": 116.54094037952248, ""kernel_samples"": 1515, ""support_ms"": 34.35374149659864, ""ENBW_hz"": 43.692206076618234, ""tuning_low_hz"": 114.20851288244036, ""tuning_high_hz"": 118.92100196176901, ""approx_first_null_halfwidth_hz"": 58.256274768824305, ""harmonic_number"": 2, ""supports_primary_candidates"": [59.90485260770975]}, {""status"": ""TARGET_ONSET_CLEAR"", ""candidate_s"": [59.86893424036281], ""baseline"": 0.0002771897051669329, ""peak"": 0.009101102616150873, ""low"": 0.0020419722873637213, ""high"": 0.005571537451757298, ""relative_power_proxy"": 0.04447908048392673, ""dynamic_ratio"": 32.83347991105906, ""incomplete_rise"": false, ""f0"": 174.81141056928374, ""kernel_samples"": 1011, ""support_ms"": 22.92517006802721, ""ENBW_hz"": 65.4950495049505, ""tuning_low_hz"": 171.31276932366055, ""tuning_high_hz"": 178.38150294265353, ""approx_first_null_halfwidth_hz"": 87.32673267326733, ""harmonic_number"": 3, ""supports_primary_candidates"": []}]",Conditional pitched-component observation; finite-band leakage and centered smoothing; original family ambiguity retained.,TARGET_ONSET_CLEAR
HF037,BP_0056,HF037_BP_0056_41,F2,41,87.30705785825097,60.21805759637188,60.55474693877551,60.06805759637188,60.36805759637188,32.74752475247525,1,1,TARGET_ONSET_CLEAR,[60.23609977324263],60.23609977324263,18.04217687075038,"{""status"": ""TARGET_ONSET_CLEAR"", ""candidate_s"": [60.23609977324263], ""baseline"": 0.00018802883486230472, ""peak"": 0.03515837930105118, ""low"": 0.007182098928100081, ""high"": 0.02117023911457563, ""relative_power_proxy"": 0.07987547676301876, ""dynamic_ratio"": 186.9839768288624, ""incomplete_rise"": false, ""f0"": 87.30705785825097, ""kernel_samples"": 2021, ""support_ms"": 45.827664399092974, ""ENBW_hz"": 32.74752475247525, ""tuning_low_hz"": 85.55971154566102, ""tuning_high_hz"": 89.09008941429211, ""approx_first_null_halfwidth_hz"": 43.663366336633665}","[{""status"": ""TARGET_ONSET_CLEAR"", ""candidate_s"": [60.22013605442177], ""baseline"": 3.510847465218121e-05, ""peak"": 0.002425900075008678, ""low"": 0.0005132667947234806, ""high"": 0.0014695834348660791, ""relative_power_proxy"": 0.0107117243139462, ""dynamic_ratio"": 69.09727919090788, ""incomplete_rise"": false, ""f0"": 174.61411571650194, ""kernel_samples"": 1011, ""support_ms"": 22.92517006802721, ""ENBW_hz"": 65.4950495049505, ""tuning_low_hz"": 171.11942309132203, ""tuning_high_hz"": 178.18017882858422, ""approx_first_null_halfwidth_hz"": 87.32673267326733, ""harmonic_number"": 2, ""supports_primary_candidates"": [60.23609977324263]}, {""status"": ""TARGET_NOT_OBSERVABLE"", ""candidate_s"": [], ""baseline"": 8.689939975735451e-06, ""peak"": 0.0003724237511473677, ""low"": 8.14367022100619e-05, ""high"": 0.00022693022667871478, ""relative_power_proxy"": 0.0026698637776524617, ""dynamic_ratio"": 42.85688418875967, ""incomplete_rise"": false, ""f0"": 261.9211735747529, ""kernel_samples"": 675, ""support_ms"": 15.306122448979592, ""ENBW_hz"": 98.14540059347182, ""tuning_low_hz"": 256.67913463698306, ""tuning_high_hz"": 267.27026824287634, ""approx_first_null_halfwidth_hz"": 130.86053412462908, ""harmonic_number"": 3, ""supports_primary_candidates"": []}]",Conditional pitched-component observation; finite-band leakage and centered smoothing; original family ambiguity retained.,TARGET_ONSET_CLEAR
HF038,BP_0057,HF038_BP_0057_42,F#2,42,92.4986056779086,60.67084671201814,60.91594013605442,60.52084671201814,60.82084671201814,34.66981132075471,0,0,TARGET_ONSET_CLEAR,[60.60526077097506],60.60526077097506,-65.58594104308213,"{""status"": ""TARGET_ONSET_CLEAR"", ""candidate_s"": [60.60526077097506], ""baseline"": 0.003329444318777614, ""peak"": 0.0912822375407357, ""low"": 0.02092000296316923, ""high"": 0.05610112025195246, ""relative_power_proxy"": 0.3306555973471996, ""dynamic_ratio"": 27.416658397293585, ""incomplete_rise"": false, ""f0"": 92.4986056779086, ""kernel_samples"": 1909, ""support_ms"": 43.28798185941043, ""ENBW_hz"": 34.66981132075471, ""tuning_low_hz"": 90.64735674665475, ""tuning_high_hz"": 94.38766180761222, ""approx_first_null_halfwidth_hz"": 46.22641509433962}","[{""status"": ""TARGET_NOT_OBSERVABLE"", ""candidate_s"": [], ""baseline"": 5.5113948047529335e-05, ""peak"": 0.0035377328199420847, ""low"": 0.0007516377224264405, ""high"": 0.0021446852711842625, ""relative_power_proxy"": 0.003381732854112559, ""dynamic_ratio"": 64.18942836196753, ""incomplete_rise"": false, ""f0"": 184.9972113558172, ""kernel_samples"": 955, ""support_ms"": 21.65532879818594, ""ENBW_hz"": 69.33962264150944, ""tuning_low_hz"": 181.2947134933095, ""tuning_high_hz"": 188.77532361522444, ""approx_first_null_halfwidth_hz"": 92.45283018867924, ""harmonic_number"": 2, ""supports_primary_candidates"": []}, {""status"": ""TARGET_NOT_OBSERVABLE"", ""candidate_s"": [], ""baseline"": 2.6835585834533973e-05, ""peak"": 0.005743190170038912, ""low"": 0.0011701065026754095, ""high"": 0.003456648336357161, ""relative_power_proxy"": 0.0021667578787620666, ""dynamic_ratio"": 214.01396658343702, ""incomplete_rise"": false, ""f0"": 277.4958170337258, ""kernel_samples"": 637, ""support_ms"": 14.444444444444445, ""ENBW_hz"": 104.00943396226417, ""tuning_low_hz"": 271.94207023996427, ""tuning_high_hz"": 283.16298542283664, ""approx_first_null_halfwidth_hz"": 138.67924528301887, ""harmonic_number"": 3, ""supports_primary_candidates"": []}]",Conditional pitched-component observation; finite-band leakage and centered smoothing; original family ambiguity retained.,TARGET_ONSET_CLEAR
HF039,BP_0058,HF039_BP_0058_43,G2,43,97.99885899543733,60.91594013605442,61.05525986394558,60.76594013605442,61.065940136054415,36.75000000000001,0,0,TARGET_ONSET_CLEAR,[60.96344671201814],60.96344671201814,47.50657596372321,"{""status"": ""TARGET_ONSET_CLEAR"", ""candidate_s"": [60.96344671201814], ""baseline"": 5.718603608180214e-05, ""peak"": 0.043434965307662395, ""low"": 0.008732741890397919, ""high"": 0.026083853599030156, ""relative_power_proxy"": 0.09252972825839044, ""dynamic_ratio"": 759.5379621264632, ""incomplete_rise"": false, ""f0"": 97.99885899543733, ""kernel_samples"": 1801, ""support_ms"": 40.8390022675737, ""ENBW_hz"": 36.75000000000001, ""tuning_low_hz"": 96.03752907430179, ""tuning_high_hz"": 100.00024424803152, ""approx_first_null_halfwidth_hz"": 49.0}","[{""status"": ""TARGET_NOT_OBSERVABLE"", ""candidate_s"": [], ""baseline"": 5.068032300404966e-05, ""peak"": 0.0009784395851847659, ""low"": 0.00023623217544019293, ""high"": 0.0006073358803124794, ""relative_power_proxy"": 0.003081537129906713, ""dynamic_ratio"": 19.3061039706985, ""incomplete_rise"": false, ""f0"": 195.99771799087466, ""kernel_samples"": 901, ""support_ms"": 20.430839002267575, ""ENBW_hz"": 73.5, ""tuning_low_hz"": 192.07505814860357, ""tuning_high_hz"": 200.00048849606304, ""approx_first_null_halfwidth_hz"": 98.0, ""harmonic_number"": 2, ""supports_primary_candidates"": []}, {""status"": ""TARGET_NOT_OBSERVABLE"", ""candidate_s"": [], ""baseline"": 1.8153922595619975e-05, ""peak"": 0.00041806068045196397, ""low"": 9.813527416688879e-05, ""high"": 0.00025809797730942636, ""relative_power_proxy"": 0.0012690831763525554, ""dynamic_ratio"": 23.02866932752208, ""incomplete_rise"": false, ""f0"": 293.996576986312, ""kernel_samples"": 601, ""support_ms"": 13.628117913832199, ""ENBW_hz"": 110.25, ""tuning_low_hz"": 288.11258722290535, ""tuning_high_hz"": 300.00073274409453, ""approx_first_null_halfwidth_hz"": 147.0, ""harmonic_number"": 3, ""supports_primary_candidates"": []}]",Conditional pitched-component observation; finite-band leakage and centered smoothing; original family ambiguity retained.,TARGET_ONSET_CLEAR
HF039,BP_0059,HF039_BP_0059_43,G2,43,97.99885899543733,61.06686984126984,61.26423945578232,60.91686984126984,61.21686984126984,36.75000000000001,0,0,TARGET_ONSET_CLEAR,[60.964444444444446],60.964444444444446,-102.42539682539586,"{""status"": ""TARGET_ONSET_CLEAR"", ""candidate_s"": [60.964444444444446], ""baseline"": 0.0005351006900854172, ""peak"": 0.043434965307662374, ""low"": 0.00911507361360081, ""high"": 0.02627501946063159, ""relative_power_proxy"": 0.11912028266075386, ""dynamic_ratio"": 81.17157408398954, ""incomplete_rise"": false, ""f0"": 97.99885899543733, ""kernel_samples"": 1801, ""support_ms"": 40.8390022675737, ""ENBW_hz"": 36.75000000000001, ""tuning_low_hz"": 96.03752907430179, ""tuning_high_hz"": 100.00024424803152, ""approx_first_null_halfwidth_hz"": 49.0}","[{""status"": ""TARGET_NOT_OBSERVABLE"", ""candidate_s"": [], ""baseline"": 4.3962012022093096e-05, ""peak"": 0.0009784395851847633, ""low"": 0.00023085752665462714, ""high"": 0.0006046485559196952, ""relative_power_proxy"": 0.004045656907043852, ""dynamic_ratio"": 22.256478722881216, ""incomplete_rise"": false, ""f0"": 195.99771799087466, ""kernel_samples"": 901, ""support_ms"": 20.430839002267575, ""ENBW_hz"": 73.5, ""tuning_low_hz"": 192.07505814860357, ""tuning_high_hz"": 200.00048849606304, ""approx_first_null_halfwidth_hz"": 98.0, ""harmonic_number"": 2, ""supports_primary_candidates"": []}, {""status"": ""TARGET_NOT_OBSERVABLE"", ""candidate_s"": [], ""baseline"": 2.376890121562407e-05, ""peak"": 0.00038493954811611575, ""low"": 9.60030305957224e-05, ""high"": 0.00024047128935591908, ""relative_power_proxy"": 0.001984254374518711, ""dynamic_ratio"": 16.195092260431558, ""incomplete_rise"": false, ""f0"": 293.996576986312, ""kernel_samples"": 601, ""support_ms"": 13.628117913832199, ""ENBW_hz"": 110.25, ""tuning_low_hz"": 288.11258722290535, ""tuning_high_hz"": 300.00073274409453, ""approx_first_null_halfwidth_hz"": 147.0, ""harmonic_number"": 3, ""supports_primary_candidates"": []}]",Conditional pitched-component observation; finite-band leakage and centered smoothing; original family ambiguity retained.,TARGET_ONSET_CLEAR
HF040,BP_0060,HF040_BP_0060_47,B2,47,123.47082531403103,61.33389931972789,61.53126893424036,61.18389931972789,61.48389931972789,46.3235294117647,0,0,TARGET_ONSET_CLEAR,[61.33160997732426],61.33160997732426,-2.289342403628325,"{""status"": ""TARGET_ONSET_CLEAR"", ""candidate_s"": [61.33160997732426], ""baseline"": 0.00032537764878755223, ""peak"": 0.021100368208709062, ""low"": 0.004480375760771854, ""high"": 0.012790371984740456, ""relative_power_proxy"": 0.045730599037981025, ""dynamic_ratio"": 64.84885574450155, ""incomplete_rise"": false, ""f0"": 123.47082531403103, ""kernel_samples"": 1429, ""support_ms"": 32.40362811791383, ""ENBW_hz"": 46.3235294117647, ""tuning_low_hz"": 120.99970446060371, ""tuning_high_hz"": 125.99241272272361, ""approx_first_null_halfwidth_hz"": 61.76470588235294}","[{""status"": ""TARGET_NOT_OBSERVABLE"", ""candidate_s"": [], ""baseline"": 4.589753201212673e-05, ""peak"": 0.0013331320937094958, ""low"": 0.00030334444435160053, ""high"": 0.0008182382690305483, ""relative_power_proxy"": 0.002114923069383846, ""dynamic_ratio"": 29.045833953713775, ""incomplete_rise"": false, ""f0"": 246.94165062806206, ""kernel_samples"": 715, ""support_ms"": 16.213151927437643, ""ENBW_hz"": 92.64705882352942, ""tuning_low_hz"": 241.99940892120742, ""tuning_high_hz"": 251.98482544544723, ""approx_first_null_halfwidth_hz"": 123.52941176470588, ""harmonic_number"": 2, ""supports_primary_candidates"": []}, {""status"": ""TARGET_NOT_OBSERVABLE"", ""candidate_s"": [], ""baseline"": 2.5668586765038483e-05, ""peak"": 0.003960206351748567, ""low"": 0.0008125761397617441, ""high"": 0.0023863912457551552, ""relative_power_proxy"": 0.0016166276392971942, ""dynamic_ratio"": 154.28221226197405, ""incomplete_rise"": false, ""f0"": 370.4124759420931, ""kernel_samples"": 477, ""support_ms"": 10.816326530612244, ""ENBW_hz"": 138.97058823529414, ""tuning_low_hz"": 362.9991133818111, ""tuning_high_hz"": 377.97723816817086, ""approx_first_null_halfwidth_hz"": 185.2941176470588, ""harmonic_number"": 3, ""supports_primary_candidates"": []}]",Conditional pitched-component observation; finite-band leakage and centered smoothing; original family ambiguity retained.,TARGET_ONSET_CLEAR
HF040,BP_0061,HF040_BP_0061_47,B2,47,123.47082531403103,61.53126893424036,61.67058866213152,61.38126893424036,61.68126893424036,46.3235294117647,0,0,TARGET_ACTIVITY_CONTINUOUS,[],,,"{""status"": ""TARGET_ACTIVITY_CONTINUOUS"", ""candidate_s"": [], ""baseline"": 0.004221282404618947, ""peak"": 0.01153709549118499, ""low"": 0.0056844450219321555, ""high"": 0.008610770256558573, ""relative_power_proxy"": 0.28755556348202826, ""dynamic_ratio"": 2.733078336232858, ""incomplete_rise"": false, ""f0"": 123.47082531403103, ""kernel_samples"": 1429, ""support_ms"": 32.40362811791383, ""ENBW_hz"": 46.3235294117647, ""tuning_low_hz"": 120.99970446060371, ""tuning_high_hz"": 125.99241272272361, ""approx_first_null_halfwidth_hz"": 61.76470588235294}","[{""status"": ""TARGET_NOT_OBSERVABLE"", ""candidate_s"": [], ""baseline"": 0.00012362973230278646, ""peak"": 0.010253796226852335, ""low"": 0.0021496630312126965, ""high"": 0.006201729629032515, ""relative_power_proxy"": 0.00803621391556389, ""dynamic_ratio"": 82.93956506950413, ""incomplete_rise"": false, ""f0"": 246.94165062806206, ""kernel_samples"": 715, ""support_ms"": 16.213151927437643, ""ENBW_hz"": 92.64705882352942, ""tuning_low_hz"": 241.99940892120742, ""tuning_high_hz"": 251.98482544544723, ""approx_first_null_halfwidth_hz"": 123.52941176470588, ""harmonic_number"": 2, ""supports_primary_candidates"": []}, {""status"": ""TARGET_NOT_OBSERVABLE"", ""candidate_s"": [], ""baseline"": 2.9921897494269787e-05, ""peak"": 0.0015238550172113783, ""low"": 0.00032870852143769157, ""high"": 0.0009262817693245349, ""relative_power_proxy"": 0.004737267376236563, ""dynamic_ratio"": 50.927753412135864, ""incomplete_rise"": false, ""f0"": 370.4124759420931, ""kernel_samples"": 477, ""support_ms"": 10.816326530612244, ""ENBW_hz"": 138.97058823529414, ""tuning_low_hz"": 362.9991133818111, ""tuning_high_hz"": 377.97723816817086, ""approx_first_null_halfwidth_hz"": 185.2941176470588, ""harmonic_number"": 3, ""supports_primary_candidates"": []}]",Conditional pitched-component observation; finite-band leakage and centered smoothing; original family ambiguity retained.,TARGET_ONSET_CLEAR
HF041,BP_0062,HF041_BP_0062_48,C3,48,130.8127826502993,61.70541859410431,61.86795827664399,61.55541859410431,61.85541859410431,49.07270029673592,1,0,TARGET_ONSET_MULTIPLE,"[61.7037641723356, 61.73668934240363]",,,"{""status"": ""TARGET_ONSET_MULTIPLE"", ""candidate_s"": [61.7037641723356, 61.73668934240363], ""baseline"": 0.00198246269504973, ""peak"": 0.015393109315677856, ""low"": 0.004664592019175355, ""high"": 0.010028850667426606, ""relative_power_proxy"": 0.38107414042807936, ""dynamic_ratio"": 7.764640088368331, ""incomplete_rise"": false, ""f0"": 130.8127826502993, ""kernel_samples"": 1349, ""support_ms"": 30.589569160997733, ""ENBW_hz"": 49.07270029673592, ""tuning_low_hz"": 128.1947213043914, ""tuning_high_hz"": 133.4843114490102, ""approx_first_null_halfwidth_hz"": 65.43026706231454}","[{""status"": ""TARGET_ONSET_CLEAR"", ""candidate_s"": [61.60299319727891], ""baseline"": 0.00013584096710527352, ""peak"": 0.007617819654610112, ""low"": 0.0016322367046062414, ""high"": 0.004625028179608176, ""relative_power_proxy"": 0.02401345782198883, ""dynamic_ratio"": 56.078956274703806, ""incomplete_rise"": false, ""f0"": 261.6255653005986, ""kernel_samples"": 675, ""support_ms"": 15.306122448979592, ""ENBW_hz"": 98.14540059347182, ""tuning_low_hz"": 256.3894426087828, ""tuning_high_hz"": 266.9686228980204, ""approx_first_null_halfwidth_hz"": 130.86053412462908, ""harmonic_number"": 2, ""supports_primary_candidates"": []}, {""status"": ""TARGET_NOT_OBSERVABLE"", ""candidate_s"": [], ""baseline"": 1.785052996574788e-05, ""peak"": 0.0011561759230630181, ""low"": 0.00024551560858520195, ""high"": 0.0007008457658241099, ""relative_power_proxy"": 0.0059314755321811215, ""dynamic_ratio"": 64.7698373819445, ""incomplete_rise"": false, ""f0"": 392.43834795089793, ""kernel_samples"": 451, ""support_ms"": 10.226757369614512, ""ENBW_hz"": 147.0, ""tuning_low_hz"": 384.5841639131742, ""tuning_high_hz"": 400.4529343470306, ""approx_first_null_halfwidth_hz"": 196.0, ""harmonic_number"": 3, ""supports_primary_candidates"": []}]",Conditional pitched-component observation; finite-band leakage and centered smoothing; original family ambiguity retained.,TARGET_ONSET_MULTIPLE
HF041,BP_0063,HF041_BP_0063_48,C3,48,130.8127826502993,61.86795827664399,62.04210793650793,61.71795827664399,62.01795827664399,49.07270029673592,1,0,TARGET_ACTIVITY_CONTINUOUS,[],,,"{""status"": ""TARGET_ACTIVITY_CONTINUOUS"", ""candidate_s"": [], ""baseline"": 0.0005150502137478952, ""peak"": 0.013327923873383184, ""low"": 0.003077624945674953, ""high"": 0.008202774409529068, ""relative_power_proxy"": 0.4167562132125751, ""dynamic_ratio"": 25.876940767384838, ""incomplete_rise"": false, ""f0"": 130.8127826502993, ""kernel_samples"": 1349, ""support_ms"": 30.589569160997733, ""ENBW_hz"": 49.07270029673592, ""tuning_low_hz"": 128.1947213043914, ""tuning_high_hz"": 133.4843114490102, ""approx_first_null_halfwidth_hz"": 65.43026706231454}","[{""status"": ""TARGET_ACTIVITY_CONTINUOUS"", ""candidate_s"": [], ""baseline"": 9.196113858189415e-05, ""peak"": 0.001393672591232671, ""low"": 0.00035230342911204954, ""high"": 0.0008729880101723601, ""relative_power_proxy"": 0.022836014277332863, ""dynamic_ratio"": 15.155016702969196, ""incomplete_rise"": false, ""f0"": 261.6255653005986, ""kernel_samples"": 675, ""support_ms"": 15.306122448979592, ""ENBW_hz"": 98.14540059347182, ""tuning_low_hz"": 256.3894426087828, ""tuning_high_hz"": 266.9686228980204, ""approx_first_null_halfwidth_hz"": 130.86053412462908, ""harmonic_number"": 2, ""supports_primary_candidates"": []}, {""status"": ""TARGET_NOT_OBSERVABLE"", ""candidate_s"": [], ""baseline"": 7.050685916933597e-06, ""peak"": 0.00050477102199462, ""low"": 0.00010659475313247089, ""high"": 0.00030568288756354544, ""relative_power_proxy"": 0.0033517328402755636, ""dynamic_ratio"": 71.59176113380873, ""incomplete_rise"": false, ""f0"": 392.43834795089793, ""kernel_samples"": 451, ""support_ms"": 10.226757369614512, ""ENBW_hz"": 147.0, ""tuning_low_hz"": 384.5841639131742, ""tuning_high_hz"": 400.4529343470306, ""approx_first_null_halfwidth_hz"": 196.0, ""harmonic_number"": 3, ""supports_primary_candidates"": []}]",Conditional pitched-component observation; finite-band leakage and centered smoothing; original family ambiguity retained.,TARGET_ONSET_MULTIPLE
HF042,BP_0064,HF042_BP_0064_52,E3,52,164.81377845643496,62.181427664399095,62.42523718820861,62.0314276643991,62.331427664399094,61.82242990654205,2,0,TARGET_ONSET_CLEAR,[62.051972789115645],62.051972789115645,-129.45487528345012,"{""status"": ""TARGET_ONSET_CLEAR"", ""candidate_s"": [62.051972789115645], ""baseline"": 0.0009451064860723512, ""peak"": 0.0042201567532875175, ""low"": 0.0016001165395153846, ""high"": 0.0029101366464014513, ""relative_power_proxy"": 0.1717643112337094, ""dynamic_ratio"": 4.4652711789393535, ""incomplete_rise"": false, ""f0"": 164.81377845643496, ""kernel_samples"": 1071, ""support_ms"": 24.285714285714285, ""ENBW_hz"": 61.82242990654205, ""tuning_low_hz"": 161.5152278568095, ""tuning_high_hz"": 168.17969382533116, ""approx_first_null_halfwidth_hz"": 82.42990654205607}","[{""status"": ""TARGET_ONSET_CLEAR"", ""candidate_s"": [62.08489795918367], ""baseline"": 0.00011915447079006247, ""peak"": 0.0015489713580005531, ""low"": 0.0004051178482321606, ""high"": 0.0009770446031163568, ""relative_power_proxy"": 0.027533349153173733, ""dynamic_ratio"": 12.9996914738489, ""incomplete_rise"": false, ""f0"": 329.6275569128699, ""kernel_samples"": 537, ""support_ms"": 12.176870748299319, ""ENBW_hz"": 123.41417910447763, ""tuning_low_hz"": 323.030455713619, ""tuning_high_hz"": 336.3593876506623, ""approx_first_null_halfwidth_hz"": 164.55223880597015, ""harmonic_number"": 2, ""supports_primary_candidates"": []}, {""status"": ""TARGET_ONSET_UNRESOLVED"", ""candidate_s"": [], ""baseline"": 2.4975981086065148e-05, ""peak"": 0.0006777559357575987, ""low"": 0.00015553197202037187, ""high"": 0.0004166439538889853, ""relative_power_proxy"": 0.010973456902102016, ""dynamic_ratio"": 27.136308816943288, ""incomplete_rise"": false, ""f0"": 494.44133536930485, ""kernel_samples"": 357, ""support_ms"": 8.095238095238095, ""ENBW_hz"": 185.81460674157302, ""tuning_low_hz"": 484.5456835704285, ""tuning_high_hz"": 504.5390814759935, ""approx_first_null_halfwidth_hz"": 247.75280898876406, ""harmonic_number"": 3, ""supports_primary_candidates"": []}]",Conditional pitched-component observation; finite-band leakage and centered smoothing; original family ambiguity retained.,TARGET_ONSET_CLEAR
HF043,BP_0065,HF043_BP_0065_52,E3,52,164.81377845643496,62.92575011337868,63.16955963718821,62.775750113378685,63.07575011337868,61.82242990654205,2,0,TARGET_ACTIVITY_CONTINUOUS,[],,,"{""status"": ""TARGET_ACTIVITY_CONTINUOUS"", ""candidate_s"": [], ""baseline"": 0.0015759028598442619, ""peak"": 0.006294936294615895, ""low"": 0.0025197095467985884, ""high"": 0.004407322920707241, ""relative_power_proxy"": 0.12642347784133084, ""dynamic_ratio"": 3.9944951272174163, ""incomplete_rise"": false, ""f0"": 164.81377845643496, ""kernel_samples"": 1071, ""support_ms"": 24.285714285714285, ""ENBW_hz"": 61.82242990654205, ""tuning_low_hz"": 161.5152278568095, ""tuning_high_hz"": 168.17969382533116, ""approx_first_null_halfwidth_hz"": 82.42990654205607}","[{""status"": ""TARGET_ONSET_MULTIPLE"", ""candidate_s"": [62.80526077097505, 62.83419501133787], ""baseline"": 0.0002168198700852011, ""peak"": 0.0015644780977958847, ""low"": 0.0004863515156273378, ""high"": 0.0010254148067116112, ""relative_power_proxy"": 0.024019592041136097, ""dynamic_ratio"": 7.215566069572454, ""incomplete_rise"": false, ""f0"": 329.6275569128699, ""kernel_samples"": 537, ""support_ms"": 12.176870748299319, ""ENBW_hz"": 123.41417910447763, ""tuning_low_hz"": 323.030455713619, ""tuning_high_hz"": 336.3593876506623, ""approx_first_null_halfwidth_hz"": 164.55223880597015, ""harmonic_number"": 2, ""supports_primary_candidates"": []}, {""status"": ""TARGET_ONSET_UNRESOLVED"", ""candidate_s"": [], ""baseline"": 5.253848676603125e-05, ""peak"": 0.0006555338245839141, ""low"": 0.00017313755432960782, ""high"": 0.000414335689456761, ""relative_power_proxy"": 0.011023721291561983, ""dynamic_ratio"": 12.477211753417864, ""incomplete_rise"": true, ""f0"": 494.44133536930485, ""kernel_samples"": 357, ""support_ms"": 8.095238095238095, ""ENBW_hz"": 185.81460674157302, ""tuning_low_hz"": 484.5456835704285, ""tuning_high_hz"": 504.5390814759935, ""approx_first_null_halfwidth_hz"": 247.75280898876406, ""harmonic_number"": 3, ""supports_primary_candidates"": []}]",Conditional pitched-component observation; finite-band leakage and centered smoothing; original family ambiguity retained.,TARGET_ACTIVITY_CONTINUOUS
HF044,BP_0066,HF044_BP_0066_53,F3,53,174.61411571650194,63.18116961451247,63.34370929705216,63.03116961451247,63.33116961451247,65.4950495049505,2,0,TARGET_ONSET_CLEAR,[63.173424036281176],63.173424036281176,-7.745578231293848,"{""status"": ""TARGET_ONSET_CLEAR"", ""candidate_s"": [63.173424036281176], ""baseline"": 8.301649411312001e-05, ""peak"": 0.006013410342059367, ""low"": 0.0012690952637023694, ""high"": 0.0036412528028808683, ""relative_power_proxy"": 0.056826215550332106, ""dynamic_ratio"": 72.43633215665994, ""incomplete_rise"": false, ""f0"": 174.61411571650194, ""kernel_samples"": 1011, ""support_ms"": 22.92517006802721, ""ENBW_hz"": 65.4950495049505, ""tuning_low_hz"": 171.11942309132203, ""tuning_high_hz"": 178.18017882858422, ""approx_first_null_halfwidth_hz"": 87.32673267326733}","[{""status"": ""TARGET_ONSET_CLEAR"", ""candidate_s"": [63.09260770975057], ""baseline"": 6.264813047402677e-05, ""peak"": 0.0021766685252936463, ""low"": 0.0004854522094379507, ""high"": 0.0013310603673657984, ""relative_power_proxy"": 0.017564730028696334, ""dynamic_ratio"": 34.74434925390262, ""incomplete_rise"": false, ""f0"": 349.2282314330039, ""kernel_samples"": 507, ""support_ms"": 11.496598639455781, ""ENBW_hz"": 130.7312252964427, ""tuning_low_hz"": 342.23884618264407, ""tuning_high_hz"": 356.36035765716844, ""approx_first_null_halfwidth_hz"": 174.3083003952569, ""harmonic_number"": 2, ""supports_primary_candidates"": []}, {""status"": ""TARGET_ONSET_MULTIPLE"", ""candidate_s"": [63.20934240362812, 63.236281179138324], ""baseline"": 5.4928635369416564e-05, ""peak"": 0.0027176467350772857, ""low"": 0.0005874722553109905, ""high"": 0.001652559495194138, ""relative_power_proxy"": 0.027099479638208197, ""dynamic_ratio"": 49.47595578881667, ""incomplete_rise"": false, ""f0"": 523.8423471495058, ""kernel_samples"": 337, ""support_ms"": 7.64172335600907, ""ENBW_hz"": 196.875, ""tuning_low_hz"": 513.3582692739661, ""tuning_high_hz"": 534.5405364857527, ""approx_first_null_halfwidth_hz"": 262.5, ""harmonic_number"": 3, ""supports_primary_candidates"": []}]",Conditional pitched-component observation; finite-band leakage and centered smoothing; original family ambiguity retained.,TARGET_ONSET_CLEAR
HF045,BP_0067,HF045_BP_0067_57,A3,57,220.0,63.90098820861678,64.10996780045352,63.75098820861678,64.05098820861679,82.4812967581047,2,0,TARGET_ONSET_CLEAR,[63.90775510204082],63.90775510204082,6.7668934240359135,"{""status"": ""TARGET_ONSET_CLEAR"", ""candidate_s"": [63.90775510204082], ""baseline"": 9.498993029039869e-05, ""peak"": 0.00354651257469778, ""low"": 0.0007852944591718751, ""high"": 0.0021659035169348277, ""relative_power_proxy"": 0.05312822911174328, ""dynamic_ratio"": 37.33566877937009, ""incomplete_rise"": false, ""f0"": 220.0, ""kernel_samples"": 803, ""support_ms"": 18.20861678004535, ""ENBW_hz"": 82.4812967581047, ""tuning_low_hz"": 215.59696319862346, ""tuning_high_hz"": 224.4929579801661, ""approx_first_null_halfwidth_hz"": 109.97506234413964}","[{""status"": ""TARGET_ONSET_MULTIPLE"", ""candidate_s"": [63.810975056689344, 63.94965986394558], ""baseline"": 0.0001018998240864554, ""peak"": 0.009260965268469121, ""low"": 0.0019337129129629886, ""high"": 0.005597339090716054, ""relative_power_proxy"": 0.13997935374431347, ""dynamic_ratio"": 90.8830348972123, ""incomplete_rise"": false, ""f0"": 440.0, ""kernel_samples"": 401, ""support_ms"": 9.09297052154195, ""ENBW_hz"": 165.375, ""tuning_low_hz"": 431.1939263972469, ""tuning_high_hz"": 448.9859159603322, ""approx_first_null_halfwidth_hz"": 220.5, ""harmonic_number"": 2, ""supports_primary_candidates"": []}, {""status"": ""TARGET_ONSET_CLEAR"", ""candidate_s"": [63.935691609977326], ""baseline"": 3.298291791862739e-05, ""peak"": 0.002838498565540247, ""low"": 0.0005940860474429513, ""high"": 0.0017162923064915991, ""relative_power_proxy"": 0.013337323847929067, ""dynamic_ratio"": 86.05965586620157, ""incomplete_rise"": false, ""f0"": 660.0, ""kernel_samples"": 269, ""support_ms"": 6.099773242630386, ""ENBW_hz"": 246.82835820895525, ""tuning_low_hz"": 646.7908895958703, ""tuning_high_hz"": 673.4788739404983, ""approx_first_null_halfwidth_hz"": 329.1044776119403, ""harmonic_number"": 3, ""supports_primary_candidates"": []}]",Conditional pitched-component observation; finite-band leakage and centered smoothing; original family ambiguity retained.,TARGET_ONSET_CLEAR
HF046,BP_0069,HF046_BP_0069_43,G2,43,97.99885899543733,64.29572743764172,64.4582671201814,64.14572743764171,64.44572743764172,36.75000000000001,2,0,TARGET_NOT_OBSERVABLE,[],,,"{""status"": ""TARGET_NOT_OBSERVABLE"", ""candidate_s"": [], ""baseline"": 2.0086563145153313e-05, ""peak"": 0.005643410718654414, ""low"": 0.0011447513942470053, ""high"": 0.0033940810564507097, ""relative_power_proxy"": 0.006430944370725487, ""dynamic_ratio"": 280.954520585375, ""incomplete_rise"": false, ""f0"": 97.99885899543733, ""kernel_samples"": 1801, ""support_ms"": 40.8390022675737, ""ENBW_hz"": 36.75000000000001, ""tuning_low_hz"": 96.03752907430179, ""tuning_high_hz"": 100.00024424803152, ""approx_first_null_halfwidth_hz"": 49.0}","[{""status"": ""TARGET_ONSET_CLEAR"", ""candidate_s"": [64.25197278911564], ""baseline"": 0.00014865121257890378, ""peak"": 0.0071325432018181645, ""low"": 0.001545429610426756, ""high"": 0.00433898640612246, ""relative_power_proxy"": 0.06457552497098414, ""dynamic_ratio"": 47.98173575632438, ""incomplete_rise"": false, ""f0"": 195.99771799087466, ""kernel_samples"": 901, ""support_ms"": 20.430839002267575, ""ENBW_hz"": 73.5, ""tuning_low_hz"": 192.07505814860357, ""tuning_high_hz"": 200.00048849606304, ""approx_first_null_halfwidth_hz"": 98.0, ""harmonic_number"": 2, ""supports_primary_candidates"": []}, {""status"": ""TARGET_ONSET_CLEAR"", ""candidate_s"": [64.28689342403628], ""baseline"": 0.0002812739616941798, ""peak"": 0.004097404862653136, ""low"": 0.0010445001418859711, ""high"": 0.0025709525022695537, ""relative_power_proxy"": 0.04699089544758385, ""dynamic_ratio"": 14.567309529732132, ""incomplete_rise"": false, ""f0"": 293.996576986312, ""kernel_samples"": 601, ""support_ms"": 13.628117913832199, ""ENBW_hz"": 110.25, ""tuning_low_hz"": 288.11258722290535, ""tuning_high_hz"": 300.00073274409453, ""approx_first_null_halfwidth_hz"": 147.0, ""harmonic_number"": 3, ""supports_primary_candidates"": []}]",Conditional pitched-component observation; finite-band leakage and centered smoothing; original family ambiguity retained.,TARGET_ONSET_UNRESOLVED
HF046,BP_0068,HF046_BP_0068_43,G2,43,97.99885899543733,64.27250748299319,64.50470702947845,64.12250748299319,64.4225074829932,36.75000000000001,2,0,TARGET_NOT_OBSERVABLE,[],,,"{""status"": ""TARGET_NOT_OBSERVABLE"", ""candidate_s"": [], ""baseline"": 1.2473527186878159e-05, ""peak"": 0.005643410718654413, ""low"": 0.0011386609654803852, ""high"": 0.0033910358420673986, ""relative_power_proxy"": 0.00583509665044378, ""dynamic_ratio"": 452.4310272551565, ""incomplete_rise"": false, ""f0"": 97.99885899543733, ""kernel_samples"": 1801, ""support_ms"": 40.8390022675737, ""ENBW_hz"": 36.75000000000001, ""tuning_low_hz"": 96.03752907430179, ""tuning_high_hz"": 100.00024424803152, ""approx_first_null_halfwidth_hz"": 49.0}","[{""status"": ""TARGET_ONSET_UNRESOLVED"", ""candidate_s"": [64.25197278911564], ""baseline"": 0.00012585498036742654, ""peak"": 0.007132543201818159, ""low"": 0.001527192624657573, ""high"": 0.004329867913237866, ""relative_power_proxy"": 0.057805826886634014, ""dynamic_ratio"": 56.672713157596945, ""incomplete_rise"": true, ""f0"": 195.99771799087466, ""kernel_samples"": 901, ""support_ms"": 20.430839002267575, ""ENBW_hz"": 73.5, ""tuning_low_hz"": 192.07505814860357, ""tuning_high_hz"": 200.00048849606304, ""approx_first_null_halfwidth_hz"": 98.0, ""harmonic_number"": 2, ""supports_primary_candidates"": []}, {""status"": ""TARGET_ONSET_CLEAR"", ""candidate_s"": [64.28689342403628], ""baseline"": 0.0003036444387651069, ""peak"": 0.004097404862653118, ""low"": 0.0010623965235427091, ""high"": 0.0025799006930979133, ""relative_power_proxy"": 0.049173023199792595, ""dynamic_ratio"": 13.49408828074334, ""incomplete_rise"": false, ""f0"": 293.996576986312, ""kernel_samples"": 601, ""support_ms"": 13.628117913832199, ""ENBW_hz"": 110.25, ""tuning_low_hz"": 288.11258722290535, ""tuning_high_hz"": 300.00073274409453, ""approx_first_null_halfwidth_hz"": 147.0, ""harmonic_number"": 3, ""supports_primary_candidates"": []}]",Conditional pitched-component observation; finite-band leakage and centered smoothing; original family ambiguity retained.,TARGET_ONSET_UNRESOLVED
HF046,BP_0068,HF046_BP_0068_55,G3,55,195.99771799087463,64.27250748299319,64.50470702947845,64.12250748299319,64.4225074829932,73.5,2,0,TARGET_ONSET_UNRESOLVED,[64.25197278911564],,,"{""status"": ""TARGET_ONSET_UNRESOLVED"", ""candidate_s"": [64.25197278911564], ""baseline"": 0.00012585498036742654, ""peak"": 0.007132543201818171, ""low"": 0.0015271926246575754, ""high"": 0.004329867913237874, ""relative_power_proxy"": 0.05780582688663393, ""dynamic_ratio"": 56.672713157597045, ""incomplete_rise"": true, ""f0"": 195.99771799087463, ""kernel_samples"": 901, ""support_ms"": 20.430839002267575, ""ENBW_hz"": 73.5, ""tuning_low_hz"": 192.07505814860355, ""tuning_high_hz"": 200.000488496063, ""approx_first_null_halfwidth_hz"": 98.0}","[{""status"": ""TARGET_ONSET_CLEAR"", ""candidate_s"": [64.28090702947846], ""baseline"": 0.00019175836503762447, ""peak"": 0.019914818716680972, ""low"": 0.004136370435366294, ""high"": 0.012025594576023632, ""relative_power_proxy"": 0.13711260767967923, ""dynamic_ratio"": 103.85371565289228, ""incomplete_rise"": false, ""f0"": 391.99543598174927, ""kernel_samples"": 451, ""support_ms"": 10.226757369614512, ""ENBW_hz"": 147.0, ""tuning_low_hz"": 384.1501162972071, ""tuning_high_hz"": 400.000976992126, ""approx_first_null_halfwidth_hz"": 196.0, ""harmonic_number"": 2, ""supports_primary_candidates"": []}, {""status"": ""TARGET_ONSET_CLEAR"", ""candidate_s"": [64.28489795918367], ""baseline"": 2.3311597178682987e-05, ""peak"": 0.003047715397617543, ""low"": 0.000628192357266455, ""high"": 0.0018379538774419989, ""relative_power_proxy"": 0.025256192773362374, ""dynamic_ratio"": 130.73816325225835, ""incomplete_rise"": false, ""f0"": 587.9931539726239, ""kernel_samples"": 301, ""support_ms"": 6.825396825396826, ""ENBW_hz"": 220.50000000000006, ""tuning_low_hz"": 576.2251744458106, ""tuning_high_hz"": 600.001465488189, ""approx_first_null_halfwidth_hz"": 294.0, ""harmonic_number"": 3, ""supports_primary_candidates"": []}]",Conditional pitched-component observation; finite-band leakage and centered smoothing; original family ambiguity retained.,TARGET_ONSET_UNRESOLVED
HF047,BP_0070,HF047_BP_0070_53,F3,53,174.61411571650194,64.64402675736962,64.86590022675738,64.49402675736961,64.79402675736962,65.4950495049505,2,0,TARGET_ONSET_CLEAR,[64.61015873015873],64.61015873015873,-33.868027210886,"{""status"": ""TARGET_ONSET_CLEAR"", ""candidate_s"": [64.61015873015873], ""baseline"": 0.0001420524787520107, ""peak"": 0.024379111119546562, ""low"": 0.0049894642069109214, ""high"": 0.01468428766322874, ""relative_power_proxy"": 0.08706563431544195, ""dynamic_ratio"": 171.62045557900188, ""incomplete_rise"": false, ""f0"": 174.61411571650194, ""kernel_samples"": 1011, ""support_ms"": 22.92517006802721, ""ENBW_hz"": 65.4950495049505, ""tuning_low_hz"": 171.11942309132203, ""tuning_high_hz"": 178.18017882858422, ""approx_first_null_halfwidth_hz"": 87.32673267326733}","[{""status"": ""TARGET_ONSET_CLEAR"", ""candidate_s"": [64.50240362811792], ""baseline"": 4.794299922513094e-05, ""peak"": 0.002856328972392698, ""low"": 0.0006096201938586444, ""high"": 0.001732974583125671, ""relative_power_proxy"": 0.04233073119130636, ""dynamic_ratio"": 59.57760295679326, ""incomplete_rise"": false, ""f0"": 349.2282314330039, ""kernel_samples"": 507, ""support_ms"": 11.496598639455781, ""ENBW_hz"": 130.7312252964427, ""tuning_low_hz"": 342.23884618264407, ""tuning_high_hz"": 356.36035765716844, ""approx_first_null_halfwidth_hz"": 174.3083003952569, ""harmonic_number"": 2, ""supports_primary_candidates"": []}, {""status"": ""TARGET_ONSET_CLEAR"", ""candidate_s"": [64.54031746031745], ""baseline"": 8.403960071913292e-05, ""peak"": 0.002405390356752423, ""low"": 0.0005483097519257909, ""high"": 0.001476850054339107, ""relative_power_proxy"": 0.04642478500745411, ""dynamic_ratio"": 28.62210596158625, ""incomplete_rise"": false, ""f0"": 523.8423471495058, ""kernel_samples"": 337, ""support_ms"": 7.64172335600907, ""ENBW_hz"": 196.875, ""tuning_low_hz"": 513.3582692739661, ""tuning_high_hz"": 534.5405364857527, ""approx_first_null_halfwidth_hz"": 262.5, ""harmonic_number"": 3, ""supports_primary_candidates"": []}]",Conditional pitched-component observation; finite-band leakage and centered smoothing; original family ambiguity retained.,TARGET_ONSET_CLEAR
HF048,BP_0071,HF048_BP_0071_47,B2,47,123.47082531403103,64.97039002267573,65.14453968253969,64.82039002267572,65.12039002267574,46.3235294117647,1,0,TARGET_ONSET_CLEAR,[64.96634920634921],64.96634920634921,-4.040816326522645,"{""status"": ""TARGET_ONSET_CLEAR"", ""candidate_s"": [64.96634920634921], ""baseline"": 2.8575206764750913e-05, ""peak"": 0.2238746892707608, ""low"": 0.04479779801956397, ""high"": 0.13433624364516236, ""relative_power_proxy"": 0.3588100000905174, ""dynamic_ratio"": 7834.57810520281, ""incomplete_rise"": false, ""f0"": 123.47082531403103, ""kernel_samples"": 1429, ""support_ms"": 32.40362811791383, ""ENBW_hz"": 46.3235294117647, ""tuning_low_hz"": 120.99970446060371, ""tuning_high_hz"": 125.99241272272361, ""approx_first_null_halfwidth_hz"": 61.76470588235294}","[{""status"": ""TARGET_NOT_OBSERVABLE"", ""candidate_s"": [], ""baseline"": 0.00011159251326246334, ""peak"": 0.0063853116585214555, ""low"": 0.001366336342314262, ""high"": 0.0038758240004178584, ""relative_power_proxy"": 0.007242944787611613, ""dynamic_ratio"": 57.2198929107666, ""incomplete_rise"": false, ""f0"": 246.94165062806206, ""kernel_samples"": 715, ""support_ms"": 16.213151927437643, ""ENBW_hz"": 92.64705882352942, ""tuning_low_hz"": 241.99940892120742, ""tuning_high_hz"": 251.98482544544723, ""approx_first_null_halfwidth_hz"": 123.52941176470588, ""harmonic_number"": 2, ""supports_primary_candidates"": []}, {""status"": ""TARGET_ONSET_MULTIPLE"", ""candidate_s"": [64.89650793650793, 65.00426303854876, 65.02222222222223], ""baseline"": 0.00010055486582568807, ""peak"": 0.0061135590248097855, ""low"": 0.0013031556976225078, ""high"": 0.003708357361216146, ""relative_power_proxy"": 0.02162841850629464, ""dynamic_ratio"": 60.79824158293487, ""incomplete_rise"": false, ""f0"": 370.4124759420931, ""kernel_samples"": 477, ""support_ms"": 10.816326530612244, ""ENBW_hz"": 138.97058823529414, ""tuning_low_hz"": 362.9991133818111, ""tuning_high_hz"": 377.97723816817086, ""approx_first_null_halfwidth_hz"": 185.2941176470588, ""harmonic_number"": 3, ""supports_primary_candidates"": []}]",Conditional pitched-component observation; finite-band leakage and centered smoothing; original family ambiguity retained.,TARGET_ONSET_CLEAR
HF048,BP_0072,HF048_BP_0072_47,B2,47,123.47082531403103,65.14453968253969,65.30707936507937,64.99453968253968,65.29453968253969,46.3235294117647,1,0,TARGET_ACTIVITY_CONTINUOUS,[],,,"{""status"": ""TARGET_ACTIVITY_CONTINUOUS"", ""candidate_s"": [], ""baseline"": 0.012065021230492221, ""peak"": 0.06643043605926427, ""low"": 0.02293810419624663, ""high"": 0.04468427012775546, ""relative_power_proxy"": 0.43739688167183643, ""dynamic_ratio"": 5.506035570942305, ""incomplete_rise"": false, ""f0"": 123.47082531403103, ""kernel_samples"": 1429, ""support_ms"": 32.40362811791383, ""ENBW_hz"": 46.3235294117647, ""tuning_low_hz"": 120.99970446060371, ""tuning_high_hz"": 125.99241272272361, ""approx_first_null_halfwidth_hz"": 61.76470588235294}","[{""status"": ""TARGET_NOT_OBSERVABLE"", ""candidate_s"": [], ""baseline"": 0.00014676556216059567, ""peak"": 0.006242417647390898, ""low"": 0.0013658959792066563, ""high"": 0.0038041568132987764, ""relative_power_proxy"": 0.007380329503305843, ""dynamic_ratio"": 42.53325886191367, ""incomplete_rise"": false, ""f0"": 246.94165062806206, ""kernel_samples"": 715, ""support_ms"": 16.213151927437643, ""ENBW_hz"": 92.64705882352942, ""tuning_low_hz"": 241.99940892120742, ""tuning_high_hz"": 251.98482544544723, ""approx_first_null_halfwidth_hz"": 123.52941176470588, ""harmonic_number"": 2, ""supports_primary_candidates"": []}, {""status"": ""TARGET_ONSET_MULTIPLE"", ""candidate_s"": [65.25768707482993, 65.27963718820861], ""baseline"": 0.00015927369869345702, ""peak"": 0.009940486975368076, ""low"": 0.002115516354028381, ""high"": 0.006028001664698229, ""relative_power_proxy"": 0.013493807532409417, ""dynamic_ratio"": 62.41135263958325, ""incomplete_rise"": true, ""f0"": 370.4124759420931, ""kernel_samples"": 477, ""support_ms"": 10.816326530612244, ""ENBW_hz"": 138.97058823529414, ""tuning_low_hz"": 362.9991133818111, ""tuning_high_hz"": 377.97723816817086, ""approx_first_null_halfwidth_hz"": 185.2941176470588, ""harmonic_number"": 3, ""supports_primary_candidates"": []}]",Conditional pitched-component observation; finite-band leakage and centered smoothing; original family ambiguity retained.,TARGET_ONSET_CLEAR
HF049,BP_0073,HF049_BP_0073_46,A#2,46,116.54094037952248,65.423179138322,65.69020861678004,65.27317913832199,65.573179138322,43.692206076618234,2,1,TARGET_ONSET_CLEAR,[65.33052154195012],65.33052154195012,-92.65759637187898,"{""status"": ""TARGET_ONSET_CLEAR"", ""candidate_s"": [65.33052154195012], ""baseline"": 0.0020252423608397453, ""peak"": 0.0545572876034962, ""low"": 0.012531651409371037, ""high"": 0.03354446950643362, ""relative_power_proxy"": 0.35435649977358213, ""dynamic_ratio"": 26.93864628669657, ""incomplete_rise"": false, ""f0"": 116.54094037952248, ""kernel_samples"": 1515, ""support_ms"": 34.35374149659864, ""ENBW_hz"": 43.692206076618234, ""tuning_low_hz"": 114.20851288244036, ""tuning_high_hz"": 118.92100196176901, ""approx_first_null_halfwidth_hz"": 58.256274768824305}","[{""status"": ""TARGET_ONSET_MULTIPLE"", ""candidate_s"": [65.28063492063492, 65.34648526077098], ""baseline"": 0.0005585438188991722, ""peak"": 0.003811436391363215, ""low"": 0.0012091223333919807, ""high"": 0.002510279362377598, ""relative_power_proxy"": 0.027176280494872966, ""dynamic_ratio"": 6.82388070979844, ""incomplete_rise"": false, ""f0"": 233.08188075904496, ""kernel_samples"": 757, ""support_ms"": 17.165532879818592, ""ENBW_hz"": 87.5, ""tuning_low_hz"": 228.41702576488072, ""tuning_high_hz"": 237.84200392353802, ""approx_first_null_halfwidth_hz"": 116.66666666666667, ""harmonic_number"": 2, ""supports_primary_candidates"": [65.33052154195012]}, {""status"": ""TARGET_ONSET_MULTIPLE"", ""candidate_s"": [65.27963718820861, 65.36943310657597], ""baseline"": 0.00027830026137546743, ""peak"": 0.012379371416536349, ""low"": 0.0026985144924076437, ""high"": 0.007538942954471997, ""relative_power_proxy"": 0.05529434254279465, ""dynamic_ratio"": 44.482068954418914, ""incomplete_rise"": false, ""f0"": 349.6228211385675, ""kernel_samples"": 505, ""support_ms"": 11.45124716553288, ""ENBW_hz"": 131.25, ""tuning_low_hz"": 342.6255386473211, ""tuning_high_hz"": 356.76300588530705, ""approx_first_null_halfwidth_hz"": 175.0, ""harmonic_number"": 3, ""supports_primary_candidates"": []}]",Conditional pitched-component observation; finite-band leakage and centered smoothing; original family ambiguity retained.,TARGET_ONSET_CLEAR
HF050,BP_0074,HF050_BP_0074_50,D3,50,146.8323839587038,66.06172789115647,66.37519727891157,65.91172789115646,66.21172789115647,55.03327787021632,2,0,TARGET_ONSET_CLEAR,[66.05786848072562],66.05786848072562,-3.8594104308486976,"{""status"": ""TARGET_ONSET_CLEAR"", ""candidate_s"": [66.05786848072562], ""baseline"": 0.00021870048135048725, ""peak"": 0.02622058437677823, ""low"": 0.005419077260436036, ""high"": 0.01581983081860713, ""relative_power_proxy"": 0.22079570138464863, ""dynamic_ratio"": 119.8926687991938, ""incomplete_rise"": false, ""f0"": 146.8323839587038, ""kernel_samples"": 1203, ""support_ms"": 27.278911564625847, ""ENBW_hz"": 55.03327787021632, ""tuning_low_hz"": 143.89370945777642, ""tuning_high_hz"": 149.83107364622228, ""approx_first_null_halfwidth_hz"": 73.37770382695507}","[{""status"": ""TARGET_ONSET_CLEAR"", ""candidate_s"": [65.97505668934241], ""baseline"": 3.654666402101521e-05, ""peak"": 0.003016247651795581, ""low"": 0.0006324868615759284, ""high"": 0.0018243672566857546, ""relative_power_proxy"": 0.010556200279185066, ""dynamic_ratio"": 82.53140834033897, ""incomplete_rise"": false, ""f0"": 293.6647679174076, ""kernel_samples"": 601, ""support_ms"": 13.628117913832199, ""ENBW_hz"": 110.25, ""tuning_low_hz"": 287.78741891555285, ""tuning_high_hz"": 299.66214729244456, ""approx_first_null_halfwidth_hz"": 147.0, ""harmonic_number"": 2, ""supports_primary_candidates"": []}, {""status"": ""TARGET_ONSET_MULTIPLE"", ""candidate_s"": [65.96408163265306, 65.98204081632653, 66.08680272108843, 66.19455782312926], ""baseline"": 0.0006611891142641151, ""peak"": 0.014079996122655229, ""low"": 0.003344950515942338, ""high"": 0.008712473319298784, ""relative_power_proxy"": 0.18217526954642643, ""dynamic_ratio"": 21.294960577694734, ""incomplete_rise"": false, ""f0"": 440.4971518761114, ""kernel_samples"": 401, ""support_ms"": 9.09297052154195, ""ENBW_hz"": 165.375, ""tuning_low_hz"": 431.6811283733293, ""tuning_high_hz"": 449.49322093866687, ""approx_first_null_halfwidth_hz"": 220.5, ""harmonic_number"": 3, ""supports_primary_candidates"": []}]",Conditional pitched-component observation; finite-band leakage and centered smoothing; original family ambiguity retained.,TARGET_ONSET_CLEAR
HF051,BP_0075,HF051_BP_0075_46,A#2,46,116.54094037952248,66.42163718820862,66.73510657596373,66.27163718820862,66.57163718820863,43.692206076618234,2,1,TARGET_ONSET_UNRESOLVED,[66.417052154195],,,"{""status"": ""TARGET_ONSET_UNRESOLVED"", ""candidate_s"": [66.417052154195], ""baseline"": 0.00047071040304334615, ""peak"": 0.0634249719250984, ""low"": 0.013061562707454356, ""high"": 0.03824326731627638, ""relative_power_proxy"": 0.33519307378231744, ""dynamic_ratio"": 134.74308516452695, ""incomplete_rise"": true, ""f0"": 116.54094037952248, ""kernel_samples"": 1515, ""support_ms"": 34.35374149659864, ""ENBW_hz"": 43.692206076618234, ""tuning_low_hz"": 114.20851288244036, ""tuning_high_hz"": 118.92100196176901, ""approx_first_null_halfwidth_hz"": 58.256274768824305}","[{""status"": ""TARGET_ONSET_MULTIPLE"", ""candidate_s"": [66.40607709750567, 66.44698412698413], ""baseline"": 0.00011368633918598797, ""peak"": 0.002866431201348425, ""low"": 0.0006642353116184754, ""high"": 0.0017653332564834502, ""relative_power_proxy"": 0.025087307589092687, ""dynamic_ratio"": 25.213506054223593, ""incomplete_rise"": true, ""f0"": 233.08188075904496, ""kernel_samples"": 757, ""support_ms"": 17.165532879818592, ""ENBW_hz"": 87.5, ""tuning_low_hz"": 228.41702576488072, ""tuning_high_hz"": 237.84200392353802, ""approx_first_null_halfwidth_hz"": 116.66666666666667, ""harmonic_number"": 2, ""supports_primary_candidates"": [66.417052154195]}, {""status"": ""TARGET_ONSET_MULTIPLE"", ""candidate_s"": [66.35419501133786, 66.3631746031746, 66.37215419501133], ""baseline"": 7.97535506683061e-05, ""peak"": 0.0021833733707739317, ""low"": 0.0005004775146894312, ""high"": 0.0013419254427316815, ""relative_power_proxy"": 0.013092347353059499, ""dynamic_ratio"": 27.376503647524743, ""incomplete_rise"": false, ""f0"": 349.6228211385675, ""kernel_samples"": 505, ""support_ms"": 11.45124716553288, ""ENBW_hz"": 131.25, ""tuning_low_hz"": 342.6255386473211, ""tuning_high_hz"": 356.76300588530705, ""approx_first_null_halfwidth_hz"": 175.0, ""harmonic_number"": 3, ""supports_primary_candidates"": []}]",Conditional pitched-component observation; finite-band leakage and centered smoothing; original family ambiguity retained.,TARGET_ONSET_UNRESOLVED
HF052,BP_0076,HF052_BP_0076_38,D2,38,73.41619197935188,66.66544671201814,66.8395963718821,66.51544671201813,66.81544671201814,27.539550374687764,2,0,TARGET_NOT_OBSERVABLE,[],,,"{""status"": ""TARGET_NOT_OBSERVABLE"", ""candidate_s"": [], ""baseline"": 1.620075651592957e-05, ""peak"": 0.018895771666490552, ""low"": 0.0037921149385108537, ""high"": 0.011343943302500702, ""relative_power_proxy"": 0.002934873464407297, ""dynamic_ratio"": 1166.3511915576948, ""incomplete_rise"": false, ""f0"": 73.41619197935188, ""kernel_samples"": 2403, ""support_ms"": 54.48979591836735, ""ENBW_hz"": 27.539550374687764, ""tuning_low_hz"": 71.9468547288882, ""tuning_high_hz"": 74.91553682311113, ""approx_first_null_halfwidth_hz"": 36.71940049958368}","[{""status"": ""TARGET_ONSET_CLEAR"", ""candidate_s"": [66.7742403628118], ""baseline"": 0.00020099387884087755, ""peak"": 0.021182583349910966, ""low"": 0.004397311773054895, ""high"": 0.012789947561482929, ""relative_power_proxy"": 0.19466352478401183, ""dynamic_ratio"": 105.3891962883146, ""incomplete_rise"": false, ""f0"": 146.83238395870376, ""kernel_samples"": 1203, ""support_ms"": 27.278911564625847, ""ENBW_hz"": 55.03327787021632, ""tuning_low_hz"": 143.8937094577764, ""tuning_high_hz"": 149.83107364622225, ""approx_first_null_halfwidth_hz"": 73.37770382695507, ""harmonic_number"": 2, ""supports_primary_candidates"": []}, {""status"": ""TARGET_ONSET_MULTIPLE"", ""candidate_s"": [66.78122448979592, 66.79619047619047], ""baseline"": 0.00015899160514452976, ""peak"": 0.007887359155236523, ""low"": 0.0017046651151629286, ""high"": 0.004796012135199726, ""relative_power_proxy"": 0.03822526179157841, ""dynamic_ratio"": 49.60865165218375, ""incomplete_rise"": true, ""f0"": 220.24857593805564, ""kernel_samples"": 801, ""support_ms"": 18.163265306122447, ""ENBW_hz"": 82.68749999999997, ""tuning_low_hz"": 215.84056418666458, ""tuning_high_hz"": 224.74661046933338, ""approx_first_null_halfwidth_hz"": 110.25, ""harmonic_number"": 3, ""supports_primary_candidates"": []}]",Conditional pitched-component observation; finite-band leakage and centered smoothing; original family ambiguity retained.,TARGET_ONSET_UNRESOLVED
HF052,BP_0077,HF052_BP_0077_38,D2,38,73.41619197935188,66.78154648526078,67.08468979591837,66.63154648526077,66.93154648526078,27.539550374687764,2,2,TARGET_ONSET_CLEAR,[66.79020408163265],66.79020408163265,8.657596371875798,"{""status"": ""TARGET_ONSET_CLEAR"", ""candidate_s"": [66.79020408163265], ""baseline"": 3.0071386206647304e-05, ""peak"": 0.018895771666490552, ""low"": 0.003803211442263429, ""high"": 0.011349491554376992, ""relative_power_proxy"": 0.05075150947825674, ""dynamic_ratio"": 628.363838522137, ""incomplete_rise"": false, ""f0"": 73.41619197935188, ""kernel_samples"": 2403, ""support_ms"": 54.48979591836735, ""ENBW_hz"": 27.539550374687764, ""tuning_low_hz"": 71.9468547288882, ""tuning_high_hz"": 74.91553682311113, ""approx_first_null_halfwidth_hz"": 36.71940049958368}","[{""status"": ""TARGET_ONSET_CLEAR"", ""candidate_s"": [66.7742403628118], ""baseline"": 0.00020099387884087513, ""peak"": 0.02118258334991096, ""low"": 0.004397311773054892, ""high"": 0.012789947561482926, ""relative_power_proxy"": 0.31112462917903994, ""dynamic_ratio"": 105.38919628831583, ""incomplete_rise"": false, ""f0"": 146.83238395870376, ""kernel_samples"": 1203, ""support_ms"": 27.278911564625847, ""ENBW_hz"": 55.03327787021632, ""tuning_low_hz"": 143.8937094577764, ""tuning_high_hz"": 149.83107364622225, ""approx_first_null_halfwidth_hz"": 73.37770382695507, ""harmonic_number"": 2, ""supports_primary_candidates"": [66.79020408163265]}, {""status"": ""TARGET_ONSET_MULTIPLE"", ""candidate_s"": [66.78122448979592, 66.79619047619047, 66.84907029478458], ""baseline"": 0.0001296249278296717, ""peak"": 0.007887359155236525, ""low"": 0.0016811717733110423, ""high"": 0.004784265464273784, ""relative_power_proxy"": 0.03806734945284044, ""dynamic_ratio"": 60.84754905785239, ""incomplete_rise"": false, ""f0"": 220.24857593805564, ""kernel_samples"": 801, ""support_ms"": 18.163265306122447, ""ENBW_hz"": 82.68749999999997, ""tuning_low_hz"": 215.84056418666458, ""tuning_high_hz"": 224.74661046933338, ""approx_first_null_halfwidth_hz"": 110.25, ""harmonic_number"": 3, ""supports_primary_candidates"": [66.79020408163265]}]",Conditional pitched-component observation; finite-band leakage and centered smoothing; original family ambiguity retained.,TARGET_ONSET_UNRESOLVED
HF052,BP_0077,HF052_BP_0077_50,D3,50,146.8323839587038,66.78154648526078,67.08468979591837,66.63154648526077,66.93154648526078,55.03327787021632,1,0,TARGET_ONSET_CLEAR,[66.7742403628118],66.7742403628118,-7.306122448980545,"{""status"": ""TARGET_ONSET_CLEAR"", ""candidate_s"": [66.7742403628118], ""baseline"": 0.00020099387884087467, ""peak"": 0.021182583349910966, ""low"": 0.004397311773054894, ""high"": 0.012789947561482929, ""relative_power_proxy"": 0.3111246291790402, ""dynamic_ratio"": 105.3891962883161, ""incomplete_rise"": false, ""f0"": 146.8323839587038, ""kernel_samples"": 1203, ""support_ms"": 27.278911564625847, ""ENBW_hz"": 55.03327787021632, ""tuning_low_hz"": 143.89370945777642, ""tuning_high_hz"": 149.83107364622228, ""approx_first_null_halfwidth_hz"": 73.37770382695507}","[{""status"": ""TARGET_NOT_OBSERVABLE"", ""candidate_s"": [], ""baseline"": 4.434096042630097e-05, ""peak"": 0.0017624390904111887, ""low"": 0.00038796058642327855, ""high"": 0.0010751998384172336, ""relative_power_proxy"": 0.009469839168178095, ""dynamic_ratio"": 39.747427062175056, ""incomplete_rise"": false, ""f0"": 293.6647679174076, ""kernel_samples"": 601, ""support_ms"": 13.628117913832199, ""ENBW_hz"": 110.25, ""tuning_low_hz"": 287.78741891555285, ""tuning_high_hz"": 299.66214729244456, ""approx_first_null_halfwidth_hz"": 147.0, ""harmonic_number"": 2, ""supports_primary_candidates"": []}, {""status"": ""TARGET_ONSET_MULTIPLE"", ""candidate_s"": [66.64952380952381, 66.6744671201814, 66.71437641723357, 66.80018140589569], ""baseline"": 0.00010135952175184335, ""peak"": 0.002224573280632935, ""low"": 0.0005260022735280617, ""high"": 0.0013752877770804985, ""relative_power_proxy"": 0.016128281074877914, ""dynamic_ratio"": 21.947353758034854, ""incomplete_rise"": true, ""f0"": 440.4971518761114, ""kernel_samples"": 401, ""support_ms"": 9.09297052154195, ""ENBW_hz"": 165.375, ""tuning_low_hz"": 431.6811283733293, ""tuning_high_hz"": 449.49322093866687, ""approx_first_null_halfwidth_hz"": 220.5, ""harmonic_number"": 3, ""supports_primary_candidates"": []}]",Conditional pitched-component observation; finite-band leakage and centered smoothing; original family ambiguity retained.,TARGET_ONSET_UNRESOLVED
HF052,BP_0078,HF052_BP_0078_38,D2,38,73.41619197935188,66.8395963718821,67.22400952380953,66.68959637188209,66.9895963718821,27.539550374687764,2,2,TARGET_ONSET_CLEAR,[66.79020408163265],66.79020408163265,-49.39229024944325,"{""status"": ""TARGET_ONSET_CLEAR"", ""candidate_s"": [66.79020408163265], ""baseline"": 5.938699038984078e-05, ""peak"": 0.01889577166649056, ""low"": 0.0038266639256099846, ""high"": 0.011361217796050272, ""relative_power_proxy"": 0.13931316381794553, ""dynamic_ratio"": 318.18032101729506, ""incomplete_rise"": false, ""f0"": 73.41619197935188, ""kernel_samples"": 2403, ""support_ms"": 54.48979591836735, ""ENBW_hz"": 27.539550374687764, ""tuning_low_hz"": 71.9468547288882, ""tuning_high_hz"": 74.91553682311113, ""approx_first_null_halfwidth_hz"": 36.71940049958368}","[{""status"": ""TARGET_ONSET_CLEAR"", ""candidate_s"": [66.7742403628118], ""baseline"": 0.0002097845706307218, ""peak"": 0.021182583349910966, ""low"": 0.004404344326486771, ""high"": 0.01279346383819887, ""relative_power_proxy"": 0.30595668713786534, ""dynamic_ratio"": 100.97302812225455, ""incomplete_rise"": false, ""f0"": 146.83238395870376, ""kernel_samples"": 1203, ""support_ms"": 27.278911564625847, ""ENBW_hz"": 55.03327787021632, ""tuning_low_hz"": 143.8937094577764, ""tuning_high_hz"": 149.83107364622225, ""approx_first_null_halfwidth_hz"": 73.37770382695507, ""harmonic_number"": 2, ""supports_primary_candidates"": [66.79020408163265]}, {""status"": ""TARGET_ONSET_MULTIPLE"", ""candidate_s"": [66.78122448979592, 66.79619047619047, 66.84907029478458], ""baseline"": 0.00011202100983232986, ""peak"": 0.007887359155236525, ""low"": 0.001667088638913169, ""high"": 0.004777223897074846, ""relative_power_proxy"": 0.02660913207544815, ""dynamic_ratio"": 70.40964161135592, ""incomplete_rise"": true, ""f0"": 220.24857593805564, ""kernel_samples"": 801, ""support_ms"": 18.163265306122447, ""ENBW_hz"": 82.68749999999997, ""tuning_low_hz"": 215.84056418666458, ""tuning_high_hz"": 224.74661046933338, ""approx_first_null_halfwidth_hz"": 110.25, ""harmonic_number"": 3, ""supports_primary_candidates"": [66.79020408163265]}]",Conditional pitched-component observation; finite-band leakage and centered smoothing; original family ambiguity retained.,TARGET_ONSET_UNRESOLVED
HF053,BP_0079,HF053_BP_0079_43,G2,43,97.99885899543733,66.96859002267574,67.17756961451246,66.81859002267574,67.11859002267575,36.75000000000001,1,0,TARGET_ONSET_UNRESOLVED,[67.06258503401361],,,"{""status"": ""TARGET_ONSET_UNRESOLVED"", ""candidate_s"": [67.06258503401361], ""baseline"": 0.0013446045512866824, ""peak"": 0.0061567041206377245, ""low"": 0.002307024465156891, ""high"": 0.004231864292897308, ""relative_power_proxy"": 0.050702149456957335, ""dynamic_ratio"": 4.578821419833984, ""incomplete_rise"": true, ""f0"": 97.99885899543733, ""kernel_samples"": 1801, ""support_ms"": 40.8390022675737, ""ENBW_hz"": 36.75000000000001, ""tuning_low_hz"": 96.03752907430179, ""tuning_high_hz"": 100.00024424803152, ""approx_first_null_halfwidth_hz"": 49.0}","[{""status"": ""TARGET_ONSET_CLEAR"", ""candidate_s"": [67.09451247165534], ""baseline"": 0.001699074056940145, ""peak"": 0.012733447921301497, ""low"": 0.003905948829812415, ""high"": 0.008319698375556956, ""relative_power_proxy"": 0.09820591075139994, ""dynamic_ratio"": 7.494345446150303, ""incomplete_rise"": false, ""f0"": 195.99771799087466, ""kernel_samples"": 901, ""support_ms"": 20.430839002267575, ""ENBW_hz"": 73.5, ""tuning_low_hz"": 192.07505814860357, ""tuning_high_hz"": 200.00048849606304, ""approx_first_null_halfwidth_hz"": 98.0, ""harmonic_number"": 2, ""supports_primary_candidates"": []}, {""status"": ""TARGET_NOT_OBSERVABLE"", ""candidate_s"": [], ""baseline"": 7.085132759428163e-05, ""peak"": 0.0037813631821158582, ""low"": 0.0008129536984985969, ""high"": 0.0022971584403072274, ""relative_power_proxy"": 0.007898999240656608, ""dynamic_ratio"": 53.370392771878684, ""incomplete_rise"": false, ""f0"": 293.996576986312, ""kernel_samples"": 601, ""support_ms"": 13.628117913832199, ""ENBW_hz"": 110.25, ""tuning_low_hz"": 288.11258722290535, ""tuning_high_hz"": 300.00073274409453, ""approx_first_null_halfwidth_hz"": 147.0, ""harmonic_number"": 3, ""supports_primary_candidates"": []}]",Conditional pitched-component observation; finite-band leakage and centered smoothing; original family ambiguity retained.,TARGET_ONSET_UNRESOLVED
HF053,BP_0080,HF053_BP_0080_43,G2,43,97.99885899543733,67.17756961451246,67.44459909297052,67.02756961451246,67.32756961451247,36.75000000000001,2,1,TARGET_ONSET_CLEAR,[67.13142857142857],67.13142857142857,-46.14104308389244,"{""status"": ""TARGET_ONSET_CLEAR"", ""candidate_s"": [67.13142857142857], ""baseline"": 0.0015366320957920668, ""peak"": 0.1109116796365265, ""low"": 0.023411641603938955, ""high"": 0.06716166062023272, ""relative_power_proxy"": 0.24039433709561667, ""dynamic_ratio"": 72.17842184882672, ""incomplete_rise"": false, ""f0"": 97.99885899543733, ""kernel_samples"": 1801, ""support_ms"": 40.8390022675737, ""ENBW_hz"": 36.75000000000001, ""tuning_low_hz"": 96.03752907430179, ""tuning_high_hz"": 100.00024424803152, ""approx_first_null_halfwidth_hz"": 49.0}","[{""status"": ""TARGET_ONSET_CLEAR"", ""candidate_s"": [67.09351473922902], ""baseline"": 0.0008511308485128746, ""peak"": 0.012733447921301525, ""low"": 0.0032275942630706047, ""high"": 0.007980521092186063, ""relative_power_proxy"": 0.04482224469720847, ""dynamic_ratio"": 14.96062320329459, ""incomplete_rise"": false, ""f0"": 195.99771799087466, ""kernel_samples"": 901, ""support_ms"": 20.430839002267575, ""ENBW_hz"": 73.5, ""tuning_low_hz"": 192.07505814860357, ""tuning_high_hz"": 200.00048849606304, ""approx_first_null_halfwidth_hz"": 98.0, ""harmonic_number"": 2, ""supports_primary_candidates"": []}, {""status"": ""TARGET_ONSET_MULTIPLE"", ""candidate_s"": [67.07954648526078, 67.1384126984127], ""baseline"": 6.787523106674447e-05, ""peak"": 0.0038357658216801598, ""low"": 0.0008214533491894276, ""high"": 0.0023286095854347937, ""relative_power_proxy"": 0.01008839509394309, ""dynamic_ratio"": 56.51201125058852, ""incomplete_rise"": false, ""f0"": 293.996576986312, ""kernel_samples"": 601, ""support_ms"": 13.628117913832199, ""ENBW_hz"": 110.25, ""tuning_low_hz"": 288.11258722290535, ""tuning_high_hz"": 300.00073274409453, ""approx_first_null_halfwidth_hz"": 147.0, ""harmonic_number"": 3, ""supports_primary_candidates"": [67.13142857142857]}]",Conditional pitched-component observation; finite-band leakage and centered smoothing; original family ambiguity retained.,TARGET_ONSET_UNRESOLVED
HF054,BP_0081,HF054_BP_0081_41,F2,41,87.30705785825097,67.47942902494331,67.68840861678004,67.32942902494331,67.62942902494332,32.74752475247525,1,1,TARGET_ONSET_CLEAR,[67.48861678004535],67.48861678004535,9.18775510203318,"{""status"": ""TARGET_ONSET_CLEAR"", ""candidate_s"": [67.48861678004535], ""baseline"": 0.00024637624538789476, ""peak"": 0.06860514727658483, ""low"": 0.013918130451627283, ""high"": 0.041261638864106054, ""relative_power_proxy"": 0.2646218937458668, ""dynamic_ratio"": 278.4568259353611, ""incomplete_rise"": false, ""f0"": 87.30705785825097, ""kernel_samples"": 2021, ""support_ms"": 45.827664399092974, ""ENBW_hz"": 32.74752475247525, ""tuning_low_hz"": 85.55971154566102, ""tuning_high_hz"": 89.09008941429211, ""approx_first_null_halfwidth_hz"": 43.663366336633665}","[{""status"": ""TARGET_ONSET_CLEAR"", ""candidate_s"": [67.47863945578231], ""baseline"": 9.405900157581385e-05, ""peak"": 0.006542349522017181, ""low"": 0.0013837171056640873, ""high"": 0.0039630333138406335, ""relative_power_proxy"": 0.014472706838958384, ""dynamic_ratio"": 69.55580446751698, ""incomplete_rise"": false, ""f0"": 174.61411571650194, ""kernel_samples"": 1011, ""support_ms"": 22.92517006802721, ""ENBW_hz"": 65.4950495049505, ""tuning_low_hz"": 171.11942309132203, ""tuning_high_hz"": 178.18017882858422, ""approx_first_null_halfwidth_hz"": 87.32673267326733, ""harmonic_number"": 2, ""supports_primary_candidates"": [67.48861678004535]}, {""status"": ""TARGET_NOT_OBSERVABLE"", ""candidate_s"": [], ""baseline"": 3.214224750689056e-05, ""peak"": 0.0010014308984010762, ""low"": 0.00022599997768572768, ""high"": 0.0006137154380434018, ""relative_power_proxy"": 0.00873747355726837, ""dynamic_ratio"": 31.15621887319461, ""incomplete_rise"": false, ""f0"": 261.9211735747529, ""kernel_samples"": 675, ""support_ms"": 15.306122448979592, ""ENBW_hz"": 98.14540059347182, ""tuning_low_hz"": 256.67913463698306, ""tuning_high_hz"": 267.27026824287634, ""approx_first_null_halfwidth_hz"": 130.86053412462908, ""harmonic_number"": 3, ""supports_primary_candidates"": []}]",Conditional pitched-component observation; finite-band leakage and centered smoothing; original family ambiguity retained.,TARGET_ONSET_CLEAR
HF055,BP_0082,HF055_BP_0082_35,B1,35,61.7354126570155,67.80450839002268,67.96704807256236,67.65450839002267,67.95450839002268,23.145556333100068,2,2,TARGET_ONSET_MULTIPLE,"[67.74503401360545, 67.85578231292517]",,,"{""status"": ""TARGET_ONSET_MULTIPLE"", ""candidate_s"": [67.74503401360545, 67.85578231292517], ""baseline"": 0.00021808593326772785, ""peak"": 0.018852381809250814, ""low"": 0.003944945108464345, ""high"": 0.01139866345885758, ""relative_power_proxy"": 0.14440127957668836, ""dynamic_ratio"": 86.44474004706736, ""incomplete_rise"": false, ""f0"": 61.7354126570155, ""kernel_samples"": 2859, ""support_ms"": 64.82993197278913, ""ENBW_hz"": 23.145556333100068, ""tuning_low_hz"": 60.49985223030184, ""tuning_high_hz"": 62.99620636136179, ""approx_first_null_halfwidth_hz"": 30.86074177746676}","[{""status"": ""TARGET_ONSET_MULTIPLE"", ""candidate_s"": [67.72108843537416, 67.83482993197279], ""baseline"": 0.0007632360545970755, ""peak"": 0.05394275207566702, ""low"": 0.011399139258811064, ""high"": 0.03267094566723904, ""relative_power_proxy"": 0.16984021722532136, ""dynamic_ratio"": 70.67636775118578, ""incomplete_rise"": false, ""f0"": 123.470825314031, ""kernel_samples"": 1429, ""support_ms"": 32.40362811791383, ""ENBW_hz"": 46.3235294117647, ""tuning_low_hz"": 120.99970446060368, ""tuning_high_hz"": 125.99241272272359, ""approx_first_null_halfwidth_hz"": 61.76470588235294, ""harmonic_number"": 2, ""supports_primary_candidates"": [67.74503401360545, 67.85578231292517]}, {""status"": ""TARGET_ONSET_CLEAR"", ""candidate_s"": [67.82485260770974], ""baseline"": 0.00012775165945517117, ""peak"": 0.012708667518180965, ""low"": 0.00264393483120033, ""high"": 0.0076763011746906465, ""relative_power_proxy"": 0.028384356476959274, ""dynamic_ratio"": 99.4794711268742, ""incomplete_rise"": false, ""f0"": 185.2062379710465, ""kernel_samples"": 953, ""support_ms"": 21.60997732426304, ""ENBW_hz"": 69.48529411764706, ""tuning_low_hz"": 181.4995566909055, ""tuning_high_hz"": 188.98861908408537, ""approx_first_null_halfwidth_hz"": 92.6470588235294, ""harmonic_number"": 3, ""supports_primary_candidates"": [67.85578231292517]}]",Conditional pitched-component observation; finite-band leakage and centered smoothing; original family ambiguity retained.,TARGET_ONSET_MULTIPLE
HF055,BP_0083,HF055_BP_0083_35,B1,35,61.7354126570155,67.8277283446712,68.0483179138322,67.6777283446712,67.9777283446712,23.145556333100068,2,2,TARGET_ONSET_MULTIPLE,"[67.74702947845805, 67.85578231292517]",,,"{""status"": ""TARGET_ONSET_MULTIPLE"", ""candidate_s"": [67.74702947845805, 67.85578231292517], ""baseline"": 0.0006381595537711606, ""peak"": 0.018852381809250814, ""low"": 0.004281004004867091, ""high"": 0.011566692907058952, ""relative_power_proxy"": 0.15155195550018014, ""dynamic_ratio"": 29.54179984902513, ""incomplete_rise"": false, ""f0"": 61.7354126570155, ""kernel_samples"": 2859, ""support_ms"": 64.82993197278913, ""ENBW_hz"": 23.145556333100068, ""tuning_low_hz"": 60.49985223030184, ""tuning_high_hz"": 62.99620636136179, ""approx_first_null_halfwidth_hz"": 30.86074177746676}","[{""status"": ""TARGET_ONSET_MULTIPLE"", ""candidate_s"": [67.72108843537416, 67.83482993197279], ""baseline"": 0.001031235160933818, ""peak"": 0.053942752075666976, ""low"": 0.01161353854388045, ""high"": 0.032778145309773715, ""relative_power_proxy"": 0.17547602693298994, ""dynamic_ratio"": 52.30887591809806, ""incomplete_rise"": false, ""f0"": 123.470825314031, ""kernel_samples"": 1429, ""support_ms"": 32.40362811791383, ""ENBW_hz"": 46.3235294117647, ""tuning_low_hz"": 120.99970446060368, ""tuning_high_hz"": 125.99241272272359, ""approx_first_null_halfwidth_hz"": 61.76470588235294, ""harmonic_number"": 2, ""supports_primary_candidates"": [67.74702947845805, 67.85578231292517]}, {""status"": ""TARGET_ONSET_CLEAR"", ""candidate_s"": [67.82485260770974], ""baseline"": 0.00012786790768838367, ""peak"": 0.012708667518180955, ""low"": 0.002644027829786898, ""high"": 0.007676347673983927, ""relative_power_proxy"": 0.030766547235209166, ""dynamic_ratio"": 99.38903160245806, ""incomplete_rise"": false, ""f0"": 185.2062379710465, ""kernel_samples"": 953, ""support_ms"": 21.60997732426304, ""ENBW_hz"": 69.48529411764706, ""tuning_low_hz"": 181.4995566909055, ""tuning_high_hz"": 188.98861908408537, ""approx_first_null_halfwidth_hz"": 92.6470588235294, ""harmonic_number"": 3, ""supports_primary_candidates"": [67.85578231292517]}]",Conditional pitched-component observation; finite-band leakage and centered smoothing; original family ambiguity retained.,TARGET_ONSET_MULTIPLE
HF055,BP_0083,HF055_BP_0083_47,B2,47,123.47082531403103,67.8277283446712,68.0483179138322,67.6777283446712,67.9777283446712,46.3235294117647,0,0,TARGET_ONSET_MULTIPLE,"[67.72108843537416, 67.83482993197279]",,,"{""status"": ""TARGET_ONSET_MULTIPLE"", ""candidate_s"": [67.72108843537416, 67.83482993197279], ""baseline"": 0.0010312351609338163, ""peak"": 0.05394275207566693, ""low"": 0.01161353854388044, ""high"": 0.03277814530977368, ""relative_power_proxy"": 0.17547602693299016, ""dynamic_ratio"": 52.3088759180981, ""incomplete_rise"": false, ""f0"": 123.47082531403103, ""kernel_samples"": 1429, ""support_ms"": 32.40362811791383, ""ENBW_hz"": 46.3235294117647, ""tuning_low_hz"": 120.99970446060371, ""tuning_high_hz"": 125.99241272272361, ""approx_first_null_halfwidth_hz"": 61.76470588235294}","[{""status"": ""TARGET_NOT_OBSERVABLE"", ""candidate_s"": [], ""baseline"": 4.176017252339812e-05, ""peak"": 0.006460265640817319, ""low"": 0.0013254612661821824, ""high"": 0.0038928634534997502, ""relative_power_proxy"": 0.0071798003609590405, ""dynamic_ratio"": 154.69920861073186, ""incomplete_rise"": false, ""f0"": 246.94165062806206, ""kernel_samples"": 715, ""support_ms"": 16.213151927437643, ""ENBW_hz"": 92.64705882352942, ""tuning_low_hz"": 241.99940892120742, ""tuning_high_hz"": 251.98482544544723, ""approx_first_null_halfwidth_hz"": 123.52941176470588, ""harmonic_number"": 2, ""supports_primary_candidates"": []}, {""status"": ""TARGET_NOT_OBSERVABLE"", ""candidate_s"": [], ""baseline"": 2.7191868848686656e-05, ""peak"": 0.005108822129952885, ""low"": 0.0010435179210695263, ""high"": 0.0030761700255112056, ""relative_power_proxy"": 0.0032880768397567897, ""dynamic_ratio"": 187.88050789674335, ""incomplete_rise"": false, ""f0"": 370.4124759420931, ""kernel_samples"": 477, ""support_ms"": 10.816326530612244, ""ENBW_hz"": 138.97058823529414, ""tuning_low_hz"": 362.9991133818111, ""tuning_high_hz"": 377.97723816817086, ""approx_first_null_halfwidth_hz"": 185.2941176470588, ""harmonic_number"": 3, ""supports_primary_candidates"": []}]",Conditional pitched-component observation; finite-band leakage and centered smoothing; original family ambiguity retained.,TARGET_ONSET_MULTIPLE
HF055,BP_0084,HF055_BP_0084_35,B1,35,61.7354126570155,67.96704807256236,68.16441768707483,67.81704807256236,68.11704807256237,23.145556333100068,2,1,TARGET_ONSET_CLEAR,[67.85877551020408],67.85877551020408,-108.27256235828031,"{""status"": ""TARGET_ONSET_CLEAR"", ""candidate_s"": [67.85877551020408], ""baseline"": 0.0024423776611267605, ""peak"": 0.018852381809250807, ""low"": 0.00572437849075157, ""high"": 0.012288380150001188, ""relative_power_proxy"": 0.10490351989953352, ""dynamic_ratio"": 7.718864330159938, ""incomplete_rise"": false, ""f0"": 61.7354126570155, ""kernel_samples"": 2859, ""support_ms"": 64.82993197278913, ""ENBW_hz"": 23.145556333100068, ""tuning_low_hz"": 60.49985223030184, ""tuning_high_hz"": 62.99620636136179, ""approx_first_null_halfwidth_hz"": 30.86074177746676}","[{""status"": ""TARGET_ONSET_CLEAR"", ""candidate_s"": [67.83383219954649], ""baseline"": 0.0034293738495403884, ""peak"": 0.04121967021979473, ""low"": 0.010987433123591257, ""high"": 0.026103551671692992, ""relative_power_proxy"": 0.19338329869142773, ""dynamic_ratio"": 12.01959075570576, ""incomplete_rise"": false, ""f0"": 123.470825314031, ""kernel_samples"": 1429, ""support_ms"": 32.40362811791383, ""ENBW_hz"": 46.3235294117647, ""tuning_low_hz"": 120.99970446060368, ""tuning_high_hz"": 125.99241272272359, ""approx_first_null_halfwidth_hz"": 61.76470588235294, ""harmonic_number"": 2, ""supports_primary_candidates"": [67.85877551020408]}, {""status"": ""TARGET_ONSET_CLEAR"", ""candidate_s"": [67.82485260770974], ""baseline"": 0.00016223435873393221, ""peak"": 0.012708667518180955, ""low"": 0.002671520990623337, ""high"": 0.007690094254402145, ""relative_power_proxy"": 0.0369699993590574, ""dynamic_ratio"": 78.33524055791067, ""incomplete_rise"": false, ""f0"": 185.2062379710465, ""kernel_samples"": 953, ""support_ms"": 21.60997732426304, ""ENBW_hz"": 69.48529411764706, ""tuning_low_hz"": 181.4995566909055, ""tuning_high_hz"": 188.98861908408537, ""approx_first_null_halfwidth_hz"": 92.6470588235294, ""harmonic_number"": 3, ""supports_primary_candidates"": []}]",Conditional pitched-component observation; finite-band leakage and centered smoothing; original family ambiguity retained.,TARGET_ONSET_MULTIPLE
HF056,BP_0085,HF056_BP_0085_34,A#1,34,58.27047018976124,68.16441768707483,68.32695736961452,68.01441768707483,68.31441768707484,21.846103038309113,2,2,TARGET_ONSET_CLEAR,[68.222947845805],68.222947845805,58.53015873016432,"{""status"": ""TARGET_ONSET_CLEAR"", ""candidate_s"": [68.222947845805], ""baseline"": 0.001193125227029795, ""peak"": 0.014753774874853551, ""low"": 0.003905255156594546, ""high"": 0.009329515015724049, ""relative_power_proxy"": 0.1262241387150417, ""dynamic_ratio"": 12.365654954410846, ""incomplete_rise"": false, ""f0"": 58.27047018976124, ""kernel_samples"": 3029, ""support_ms"": 68.68480725623583, ""ENBW_hz"": 21.846103038309113, ""tuning_low_hz"": 57.10425644122018, ""tuning_high_hz"": 59.460500980884504, ""approx_first_null_halfwidth_hz"": 29.128137384412152}","[{""status"": ""TARGET_ONSET_CLEAR"", ""candidate_s"": [68.19501133786848], ""baseline"": 0.0003450059932255808, ""peak"": 0.01858813681039658, ""low"": 0.003993632156659781, ""high"": 0.01129088448352818, ""relative_power_proxy"": 0.26173386651598135, ""dynamic_ratio"": 53.877721475530436, ""incomplete_rise"": false, ""f0"": 116.54094037952248, ""kernel_samples"": 1515, ""support_ms"": 34.35374149659864, ""ENBW_hz"": 43.692206076618234, ""tuning_low_hz"": 114.20851288244036, ""tuning_high_hz"": 118.92100196176901, ""approx_first_null_halfwidth_hz"": 58.256274768824305, ""harmonic_number"": 2, ""supports_primary_candidates"": [68.222947845805]}, {""status"": ""TARGET_ONSET_MULTIPLE"", ""candidate_s"": [68.01641723356009, 68.20399092970521, 68.24090702947846], ""baseline"": 5.48687668310137e-05, ""peak"": 0.003560661891787529, ""low"": 0.0007560273918223168, ""high"": 0.0021583446418049226, ""relative_power_proxy"": 0.03964005481540154, ""dynamic_ratio"": 64.89414830032085, ""incomplete_rise"": true, ""f0"": 174.81141056928374, ""kernel_samples"": 1011, ""support_ms"": 22.92517006802721, ""ENBW_hz"": 65.4950495049505, ""tuning_low_hz"": 171.31276932366055, ""tuning_high_hz"": 178.38150294265353, ""approx_first_null_halfwidth_hz"": 87.32673267326733, ""harmonic_number"": 3, ""supports_primary_candidates"": [68.222947845805]}]",Conditional pitched-component observation; finite-band leakage and centered smoothing; original family ambiguity retained.,TARGET_ONSET_UNRESOLVED
HF056,BP_0086,HF056_BP_0086_34,A#1,34,58.27047018976124,68.19924761904763,68.33856734693877,68.04924761904762,68.34924761904763,21.846103038309113,2,2,TARGET_ONSET_CLEAR,[68.222947845805],68.222947845805,23.700226757370046,"{""status"": ""TARGET_ONSET_CLEAR"", ""candidate_s"": [68.222947845805], ""baseline"": 0.001193125227029795, ""peak"": 0.01475377487485357, ""low"": 0.0039052551565945505, ""high"": 0.009329515015724061, ""relative_power_proxy"": 0.0858743731693734, ""dynamic_ratio"": 12.365654954410862, ""incomplete_rise"": false, ""f0"": 58.27047018976124, ""kernel_samples"": 3029, ""support_ms"": 68.68480725623583, ""ENBW_hz"": 21.846103038309113, ""tuning_low_hz"": 57.10425644122018, ""tuning_high_hz"": 59.460500980884504, ""approx_first_null_halfwidth_hz"": 29.128137384412152}","[{""status"": ""TARGET_ONSET_CLEAR"", ""candidate_s"": [68.19501133786848], ""baseline"": 0.0003450059932255806, ""peak"": 0.01858813681039658, ""low"": 0.003993632156659781, ""high"": 0.01129088448352818, ""relative_power_proxy"": 0.159583424545474, ""dynamic_ratio"": 53.87772147553046, ""incomplete_rise"": false, ""f0"": 116.54094037952248, ""kernel_samples"": 1515, ""support_ms"": 34.35374149659864, ""ENBW_hz"": 43.692206076618234, ""tuning_low_hz"": 114.20851288244036, ""tuning_high_hz"": 118.92100196176901, ""approx_first_null_halfwidth_hz"": 58.256274768824305, ""harmonic_number"": 2, ""supports_primary_candidates"": [68.222947845805]}, {""status"": ""TARGET_ONSET_MULTIPLE"", ""candidate_s"": [68.20399092970521, 68.24090702947846], ""baseline"": 5.486876683101331e-05, ""peak"": 0.003560661891787519, ""low"": 0.0007560273918223145, ""high"": 0.0021583446418049165, ""relative_power_proxy"": 0.028588216788453167, ""dynamic_ratio"": 64.89414830032112, ""incomplete_rise"": true, ""f0"": 174.81141056928374, ""kernel_samples"": 1011, ""support_ms"": 22.92517006802721, ""ENBW_hz"": 65.4950495049505, ""tuning_low_hz"": 171.31276932366055, ""tuning_high_hz"": 178.38150294265353, ""approx_first_null_halfwidth_hz"": 87.32673267326733, ""harmonic_number"": 3, ""supports_primary_candidates"": [68.222947845805]}]",Conditional pitched-component observation; finite-band leakage and centered smoothing; original family ambiguity retained.,TARGET_ONSET_UNRESOLVED
HF056,BP_0086,HF056_BP_0086_46,A#2,46,116.54094037952248,68.19924761904763,68.33856734693877,68.04924761904762,68.34924761904763,43.692206076618234,0,0,TARGET_ONSET_CLEAR,[68.19501133786848],68.19501133786848,-4.236281179146317,"{""status"": ""TARGET_ONSET_CLEAR"", ""candidate_s"": [68.19501133786848], ""baseline"": 0.0003450059932255806, ""peak"": 0.01858813681039658, ""low"": 0.003993632156659781, ""high"": 0.01129088448352818, ""relative_power_proxy"": 0.159583424545474, ""dynamic_ratio"": 53.87772147553046, ""incomplete_rise"": false, ""f0"": 116.54094037952248, ""kernel_samples"": 1515, ""support_ms"": 34.35374149659864, ""ENBW_hz"": 43.692206076618234, ""tuning_low_hz"": 114.20851288244036, ""tuning_high_hz"": 118.92100196176901, ""approx_first_null_halfwidth_hz"": 58.256274768824305}","[{""status"": ""TARGET_NOT_OBSERVABLE"", ""candidate_s"": [], ""baseline"": 1.2845187161077487e-05, ""peak"": 0.0007616254082962182, ""low"": 0.00016260123138810563, ""high"": 0.00046211331984216187, ""relative_power_proxy"": 0.004023181103159326, ""dynamic_ratio"": 59.292667264828744, ""incomplete_rise"": false, ""f0"": 233.08188075904496, ""kernel_samples"": 757, ""support_ms"": 17.165532879818592, ""ENBW_hz"": 87.5, ""tuning_low_hz"": 228.41702576488072, ""tuning_high_hz"": 237.84200392353802, ""approx_first_null_halfwidth_hz"": 116.66666666666667, ""harmonic_number"": 2, ""supports_primary_candidates"": []}, {""status"": ""TARGET_NOT_OBSERVABLE"", ""candidate_s"": [], ""baseline"": 3.7377660173613755e-06, ""peak"": 0.00039816197798218456, ""low"": 8.262260841032602e-05, ""high"": 0.00024039229319625528, ""relative_power_proxy"": 0.0015607897964365395, ""dynamic_ratio"": 106.52405103283068, ""incomplete_rise"": false, ""f0"": 349.6228211385675, ""kernel_samples"": 505, ""support_ms"": 11.45124716553288, ""ENBW_hz"": 131.25, ""tuning_low_hz"": 342.6255386473211, ""tuning_high_hz"": 356.76300588530705, ""approx_first_null_halfwidth_hz"": 175.0, ""harmonic_number"": 3, ""supports_primary_candidates"": []}]",Conditional pitched-component observation; finite-band leakage and centered smoothing; original family ambiguity retained.,TARGET_ONSET_UNRESOLVED
HF056,BP_0087,HF056_BP_0087_34,A#1,34,58.27047018976124,68.32695736961452,68.51271700680272,68.17695736961451,68.47695736961452,21.846103038309113,2,2,TARGET_ONSET_CLEAR,[68.2239455782313],68.2239455782313,-103.01179138322425,"{""status"": ""TARGET_ONSET_CLEAR"", ""candidate_s"": [68.2239455782313], ""baseline"": 0.0014858419026332389, ""peak"": 0.014753774874853562, ""low"": 0.0041394284970773035, ""high"": 0.009446601685965433, ""relative_power_proxy"": 0.17675991931210028, ""dynamic_ratio"": 9.929572485946604, ""incomplete_rise"": false, ""f0"": 58.27047018976124, ""kernel_samples"": 3029, ""support_ms"": 68.68480725623583, ""ENBW_hz"": 21.846103038309113, ""tuning_low_hz"": 57.10425644122018, ""tuning_high_hz"": 59.460500980884504, ""approx_first_null_halfwidth_hz"": 29.128137384412152}","[{""status"": ""TARGET_ONSET_CLEAR"", ""candidate_s"": [68.19700680272109], ""baseline"": 0.001977224512977319, ""peak"": 0.01858813681039658, ""low"": 0.005299406972461172, ""high"": 0.011943771891428874, ""relative_power_proxy"": 0.11391252319897659, ""dynamic_ratio"": 9.40112601699765, ""incomplete_rise"": false, ""f0"": 116.54094037952248, ""kernel_samples"": 1515, ""support_ms"": 34.35374149659864, ""ENBW_hz"": 43.692206076618234, ""tuning_low_hz"": 114.20851288244036, ""tuning_high_hz"": 118.92100196176901, ""approx_first_null_halfwidth_hz"": 58.256274768824305, ""harmonic_number"": 2, ""supports_primary_candidates"": [68.2239455782313]}, {""status"": ""TARGET_ONSET_MULTIPLE"", ""candidate_s"": [68.20498866213151, 68.24090702947846], ""baseline"": 0.00011345159913366718, ""peak"": 0.0035606618917875207, ""low"": 0.0008028936576644378, ""high"": 0.0021817777747259793, ""relative_power_proxy"": 0.017301426310141137, ""dynamic_ratio"": 31.38485414905783, ""incomplete_rise"": false, ""f0"": 174.81141056928374, ""kernel_samples"": 1011, ""support_ms"": 22.92517006802721, ""ENBW_hz"": 65.4950495049505, ""tuning_low_hz"": 171.31276932366055, ""tuning_high_hz"": 178.38150294265353, ""approx_first_null_halfwidth_hz"": 87.32673267326733, ""harmonic_number"": 3, ""supports_primary_candidates"": [68.2239455782313]}]",Conditional pitched-component observation; finite-band leakage and centered smoothing; original family ambiguity retained.,TARGET_ONSET_UNRESOLVED
HF057,BP_0088,HF057_BP_0088_36,C2,36,65.40639132514966,68.50110702947846,68.68686666666667,68.35110702947846,68.65110702947847,24.536350148367955,1,1,TARGET_ONSET_CLEAR,[68.59809523809524],68.59809523809524,96.98820861677859,"{""status"": ""TARGET_ONSET_CLEAR"", ""candidate_s"": [68.59809523809524], ""baseline"": 0.0006892033824396684, ""peak"": 0.010703633209570025, ""low"": 0.0026920893478657396, ""high"": 0.006697861278717883, ""relative_power_proxy"": 0.12655594310837687, ""dynamic_ratio"": 15.530442076010853, ""incomplete_rise"": false, ""f0"": 65.40639132514966, ""kernel_samples"": 2697, ""support_ms"": 61.156462585034014, ""ENBW_hz"": 24.536350148367955, ""tuning_low_hz"": 64.0973606521957, ""tuning_high_hz"": 66.7421557245051, ""approx_first_null_halfwidth_hz"": 32.71513353115727}","[{""status"": ""TARGET_ONSET_CLEAR"", ""candidate_s"": [68.57115646258504], ""baseline"": 0.0001464186597108293, ""peak"": 0.027758400767487888, ""low"": 0.005668815081266241, ""high"": 0.016713607924377063, ""relative_power_proxy"": 0.11758946227087613, ""dynamic_ratio"": 189.58239900781473, ""incomplete_rise"": false, ""f0"": 130.8127826502993, ""kernel_samples"": 1349, ""support_ms"": 30.589569160997733, ""ENBW_hz"": 49.07270029673592, ""tuning_low_hz"": 128.1947213043914, ""tuning_high_hz"": 133.4843114490102, ""approx_first_null_halfwidth_hz"": 65.43026706231454, ""harmonic_number"": 2, ""supports_primary_candidates"": [68.59809523809524]}, {""status"": ""TARGET_NOT_OBSERVABLE"", ""candidate_s"": [], ""baseline"": 1.5808235790866218e-05, ""peak"": 0.007161528046914326, ""low"": 0.0014449521980155584, ""high"": 0.004303240122464942, ""relative_power_proxy"": 0.007985581355720296, ""dynamic_ratio"": 453.0251282721981, ""incomplete_rise"": false, ""f0"": 196.21917397544897, ""kernel_samples"": 899, ""support_ms"": 20.385487528344672, ""ENBW_hz"": 73.66369710467706, ""tuning_low_hz"": 192.2920819565871, ""tuning_high_hz"": 200.2264671735153, ""approx_first_null_halfwidth_hz"": 98.21826280623608, ""harmonic_number"": 3, ""supports_primary_candidates"": []}]",Conditional pitched-component observation; finite-band leakage and centered smoothing; original family ambiguity retained.,TARGET_ONSET_UNRESOLVED
HF057,BP_0090,HF057_BP_0090_36,C2,36,65.40639132514966,68.68686666666667,68.8855201814059,68.53686666666667,68.83686666666668,24.536350148367955,2,1,TARGET_ONSET_CLEAR,[68.59809523809524],68.59809523809524,-88.77142857143383,"{""status"": ""TARGET_ONSET_CLEAR"", ""candidate_s"": [68.59809523809524], ""baseline"": 0.0006892033824396678, ""peak"": 0.010703633209570025, ""low"": 0.002692089347865739, ""high"": 0.006697861278717882, ""relative_power_proxy"": 0.09409776838356873, ""dynamic_ratio"": 15.530442076010866, ""incomplete_rise"": false, ""f0"": 65.40639132514966, ""kernel_samples"": 2697, ""support_ms"": 61.156462585034014, ""ENBW_hz"": 24.536350148367955, ""tuning_low_hz"": 64.0973606521957, ""tuning_high_hz"": 66.7421557245051, ""approx_first_null_halfwidth_hz"": 32.71513353115727}","[{""status"": ""TARGET_ONSET_CLEAR"", ""candidate_s"": [68.57215419501134], ""baseline"": 0.0005561816753762905, ""peak"": 0.027758400767487888, ""low"": 0.005996625493798611, ""high"": 0.016877513130643246, ""relative_power_proxy"": 0.2252247885452074, ""dynamic_ratio"": 49.908873298832894, ""incomplete_rise"": false, ""f0"": 130.8127826502993, ""kernel_samples"": 1349, ""support_ms"": 30.589569160997733, ""ENBW_hz"": 49.07270029673592, ""tuning_low_hz"": 128.1947213043914, ""tuning_high_hz"": 133.4843114490102, ""approx_first_null_halfwidth_hz"": 65.43026706231454, ""harmonic_number"": 2, ""supports_primary_candidates"": [68.59809523809524]}, {""status"": ""TARGET_ONSET_CLEAR"", ""candidate_s"": [68.8225850340136], ""baseline"": 6.671470824476032e-05, ""peak"": 0.0124647052936365, ""low"": 0.0025463128253231087, ""high"": 0.0075055090594798035, ""relative_power_proxy"": 0.040994455481529274, ""dynamic_ratio"": 186.83594100279166, ""incomplete_rise"": false, ""f0"": 196.21917397544897, ""kernel_samples"": 899, ""support_ms"": 20.385487528344672, ""ENBW_hz"": 73.66369710467706, ""tuning_low_hz"": 192.2920819565871, ""tuning_high_hz"": 200.2264671735153, ""approx_first_null_halfwidth_hz"": 98.21826280623608, ""harmonic_number"": 3, ""supports_primary_candidates"": []}]",Conditional pitched-component observation; finite-band leakage and centered smoothing; original family ambiguity retained.,TARGET_ONSET_UNRESOLVED
HF057,BP_0089,HF057_BP_0089_36,C2,36,65.40639132514966,68.66364671201814,68.85069024943311,68.51364671201813,68.81364671201814,24.536350148367955,2,2,TARGET_ONSET_CLEAR,[68.59809523809524],68.59809523809524,-65.55147392289484,"{""status"": ""TARGET_ONSET_CLEAR"", ""candidate_s"": [68.59809523809524], ""baseline"": 0.0006892033824396689, ""peak"": 0.010703633209570022, ""low"": 0.0026920893478657396, ""high"": 0.00669786127871788, ""relative_power_proxy"": 0.0966600045891588, ""dynamic_ratio"": 15.530442076010836, ""incomplete_rise"": false, ""f0"": 65.40639132514966, ""kernel_samples"": 2697, ""support_ms"": 61.156462585034014, ""ENBW_hz"": 24.536350148367955, ""tuning_low_hz"": 64.0973606521957, ""tuning_high_hz"": 66.7421557245051, ""approx_first_null_halfwidth_hz"": 32.71513353115727}","[{""status"": ""TARGET_ONSET_CLEAR"", ""candidate_s"": [68.57215419501134], ""baseline"": 0.00026776276055167123, ""peak"": 0.027758400767487888, ""low"": 0.0057658903619389155, ""high"": 0.0167621455647134, ""relative_power_proxy"": 0.23157366780835476, ""dynamic_ratio"": 103.6678913464191, ""incomplete_rise"": false, ""f0"": 130.8127826502993, ""kernel_samples"": 1349, ""support_ms"": 30.589569160997733, ""ENBW_hz"": 49.07270029673592, ""tuning_low_hz"": 128.1947213043914, ""tuning_high_hz"": 133.4843114490102, ""approx_first_null_halfwidth_hz"": 65.43026706231454, ""harmonic_number"": 2, ""supports_primary_candidates"": [68.59809523809524]}, {""status"": ""TARGET_ONSET_CLEAR"", ""candidate_s"": [68.58213151927437], ""baseline"": 5.30224906214654e-05, ""peak"": 0.00716152804691431, ""low"": 0.0014747236018800344, ""high"": 0.004318125824397172, ""relative_power_proxy"": 0.036897981412832744, ""dynamic_ratio"": 135.0658553186686, ""incomplete_rise"": false, ""f0"": 196.21917397544897, ""kernel_samples"": 899, ""support_ms"": 20.385487528344672, ""ENBW_hz"": 73.66369710467706, ""tuning_low_hz"": 192.2920819565871, ""tuning_high_hz"": 200.2264671735153, ""approx_first_null_halfwidth_hz"": 98.21826280623608, ""harmonic_number"": 3, ""supports_primary_candidates"": [68.59809523809524]}]",Conditional pitched-component observation; finite-band leakage and centered smoothing; original family ambiguity retained.,TARGET_ONSET_UNRESOLVED
HF057,BP_0089,HF057_BP_0089_48,C3,48,130.8127826502993,68.66364671201814,68.85069024943311,68.51364671201813,68.81364671201814,49.07270029673592,2,0,TARGET_ONSET_CLEAR,[68.57215419501134],68.57215419501134,-91.49251700679883,"{""status"": ""TARGET_ONSET_CLEAR"", ""candidate_s"": [68.57215419501134], ""baseline"": 0.00026776276055167123, ""peak"": 0.027758400767487888, ""low"": 0.0057658903619389155, ""high"": 0.0167621455647134, ""relative_power_proxy"": 0.23157366780835476, ""dynamic_ratio"": 103.6678913464191, ""incomplete_rise"": false, ""f0"": 130.8127826502993, ""kernel_samples"": 1349, ""support_ms"": 30.589569160997733, ""ENBW_hz"": 49.07270029673592, ""tuning_low_hz"": 128.1947213043914, ""tuning_high_hz"": 133.4843114490102, ""approx_first_null_halfwidth_hz"": 65.43026706231454}","[{""status"": ""TARGET_ONSET_CLEAR"", ""candidate_s"": [68.60308390022676], ""baseline"": 3.4344965790418974e-05, ""peak"": 0.0019356897052004126, ""low"": 0.00041461391367241776, ""high"": 0.0011751518094364152, ""relative_power_proxy"": 0.010047060109248971, ""dynamic_ratio"": 56.36021642916881, ""incomplete_rise"": false, ""f0"": 261.6255653005986, ""kernel_samples"": 675, ""support_ms"": 15.306122448979592, ""ENBW_hz"": 98.14540059347182, ""tuning_low_hz"": 256.3894426087828, ""tuning_high_hz"": 266.9686228980204, ""approx_first_null_halfwidth_hz"": 130.86053412462908, ""harmonic_number"": 2, ""supports_primary_candidates"": []}, {""status"": ""TARGET_ACTIVITY_CONTINUOUS"", ""candidate_s"": [], ""baseline"": 3.554097316740009e-05, ""peak"": 0.0031604740609591578, ""low"": 0.0006605275907257517, ""high"": 0.0019105008258424546, ""relative_power_proxy"": 0.010509888791526313, ""dynamic_ratio"": 88.92480366457995, ""incomplete_rise"": false, ""f0"": 392.43834795089793, ""kernel_samples"": 451, ""support_ms"": 10.226757369614512, ""ENBW_hz"": 147.0, ""tuning_low_hz"": 384.5841639131742, ""tuning_high_hz"": 400.4529343470306, ""approx_first_null_halfwidth_hz"": 196.0, ""harmonic_number"": 3, ""supports_primary_candidates"": []}]",Conditional pitched-component observation; finite-band leakage and centered smoothing; original family ambiguity retained.,TARGET_ONSET_UNRESOLVED
HF058,BP_0091,HF058_BP_0091_37,C#2,37,69.29565774421802,68.94357006802721,69.22220952380952,68.79357006802721,69.09357006802722,25.981932443047924,2,1,TARGET_ONSET_CLEAR,[68.96426303854875],68.96426303854875,20.69297052153729,"{""status"": ""TARGET_ONSET_CLEAR"", ""candidate_s"": [68.96426303854875], ""baseline"": 0.00024137927903519898, ""peak"": 0.007648913353328177, ""low"": 0.0017228860938937945, ""high"": 0.004685899723610986, ""relative_power_proxy"": 0.04136783445404983, ""dynamic_ratio"": 31.6883594312699, ""incomplete_rise"": false, ""f0"": 69.29565774421802, ""kernel_samples"": 2547, ""support_ms"": 57.755102040816325, ""ENBW_hz"": 25.981932443047924, ""tuning_low_hz"": 67.908788056839, ""tuning_high_hz"": 70.71085082809412, ""approx_first_null_halfwidth_hz"": 34.642576590730556}","[{""status"": ""TARGET_ONSET_UNRESOLVED"", ""candidate_s"": [68.94231292517007], ""baseline"": 0.0002632795808970357, ""peak"": 0.019066663035655157, ""low"": 0.00402395627184866, ""high"": 0.011545309653751907, ""relative_power_proxy"": 0.17299753176431693, ""dynamic_ratio"": 72.41983206860168, ""incomplete_rise"": true, ""f0"": 138.59131548843604, ""kernel_samples"": 1273, ""support_ms"": 28.866213151927436, ""ENBW_hz"": 52.004716981132084, ""tuning_low_hz"": 135.817576113678, ""tuning_high_hz"": 141.42170165618825, ""approx_first_null_halfwidth_hz"": 69.33962264150944, ""harmonic_number"": 2, ""supports_primary_candidates"": [68.96426303854875]}, {""status"": ""TARGET_ONSET_CLEAR"", ""candidate_s"": [68.82358276643991], ""baseline"": 8.473306401742299e-05, ""peak"": 0.012582867120308575, ""low"": 0.0025843598752756532, ""high"": 0.007583613497792114, ""relative_power_proxy"": 0.04303227255379954, ""dynamic_ratio"": 148.500083954491, ""incomplete_rise"": false, ""f0"": 207.88697323265404, ""kernel_samples"": 849, ""support_ms"": 19.25170068027211, ""ENBW_hz"": 78.00707547169812, ""tuning_low_hz"": 203.72636417051697, ""tuning_high_hz"": 212.13255248428234, ""approx_first_null_halfwidth_hz"": 104.00943396226415, ""harmonic_number"": 3, ""supports_primary_candidates"": []}]",Conditional pitched-component observation; finite-band leakage and centered smoothing; original family ambiguity retained.,TARGET_ONSET_CLEAR
HF059,BP_0093,HF059_BP_0093_38,D2,38,73.41619197935188,69.28025941043084,69.54728888888889,69.13025941043084,69.43025941043085,27.539550374687764,2,2,TARGET_ONSET_UNRESOLVED,[69.30049886621315],,,"{""status"": ""TARGET_ONSET_UNRESOLVED"", ""candidate_s"": [69.30049886621315], ""baseline"": 0.00043132396686500636, ""peak"": 0.006463885371423448, ""low"": 0.001637836247776695, ""high"": 0.004050860809600071, ""relative_power_proxy"": 0.09471226010846538, ""dynamic_ratio"": 14.986149316962216, ""incomplete_rise"": true, ""f0"": 73.41619197935188, ""kernel_samples"": 2403, ""support_ms"": 54.48979591836735, ""ENBW_hz"": 27.539550374687764, ""tuning_low_hz"": 71.9468547288882, ""tuning_high_hz"": 74.91553682311113, ""approx_first_null_halfwidth_hz"": 36.71940049958368}","[{""status"": ""TARGET_ONSET_CLEAR"", ""candidate_s"": [69.28154195011338], ""baseline"": 0.0010229537046506957, ""peak"": 0.006445344077276297, ""low"": 0.0021074317791758158, ""high"": 0.004276387928226056, ""relative_power_proxy"": 0.2765937205588125, ""dynamic_ratio"": 6.3007192290067175, ""incomplete_rise"": false, ""f0"": 146.83238395870376, ""kernel_samples"": 1203, ""support_ms"": 27.278911564625847, ""ENBW_hz"": 55.03327787021632, ""tuning_low_hz"": 143.8937094577764, ""tuning_high_hz"": 149.83107364622225, ""approx_first_null_halfwidth_hz"": 73.37770382695507, ""harmonic_number"": 2, ""supports_primary_candidates"": [69.30049886621315]}, {""status"": ""TARGET_ONSET_MULTIPLE"", ""candidate_s"": [69.29251700680273, 69.30448979591837], ""baseline"": 6.681704505866846e-05, ""peak"": 0.0022479079024114324, ""low"": 0.0005030352165292213, ""high"": 0.0013754715594703267, ""relative_power_proxy"": 0.031926591607893406, ""dynamic_ratio"": 33.64273143832782, ""incomplete_rise"": true, ""f0"": 220.24857593805564, ""kernel_samples"": 801, ""support_ms"": 18.163265306122447, ""ENBW_hz"": 82.68749999999997, ""tuning_low_hz"": 215.84056418666458, ""tuning_high_hz"": 224.74661046933338, ""approx_first_null_halfwidth_hz"": 110.25, ""harmonic_number"": 3, ""supports_primary_candidates"": [69.30049886621315]}]",Conditional pitched-component observation; finite-band leakage and centered smoothing; original family ambiguity retained.,TARGET_ONSET_UNRESOLVED
HF059,BP_0092,HF059_BP_0092_38,D2,38,73.41619197935188,69.26864943310657,69.46601904761906,69.11864943310657,69.41864943310658,27.539550374687764,2,2,TARGET_ONSET_CLEAR,[69.30049886621315],69.30049886621315,31.849433106572178,"{""status"": ""TARGET_ONSET_CLEAR"", ""candidate_s"": [69.30049886621315], ""baseline"": 0.0004313239668650059, ""peak"": 0.00646388537142345, ""low"": 0.001637836247776695, ""high"": 0.004050860809600073, ""relative_power_proxy"": 0.08540072168941143, ""dynamic_ratio"": 14.986149316962235, ""incomplete_rise"": false, ""f0"": 73.41619197935188, ""kernel_samples"": 2403, ""support_ms"": 54.48979591836735, ""ENBW_hz"": 27.539550374687764, ""tuning_low_hz"": 71.9468547288882, ""tuning_high_hz"": 74.91553682311113, ""approx_first_null_halfwidth_hz"": 36.71940049958368}","[{""status"": ""TARGET_ONSET_CLEAR"", ""candidate_s"": [69.28154195011338], ""baseline"": 0.001022953704650697, ""peak"": 0.0064453440772762995, ""low"": 0.0021074317791758175, ""high"": 0.004276387928226058, ""relative_power_proxy"": 0.26573238648282604, ""dynamic_ratio"": 6.300719229006712, ""incomplete_rise"": false, ""f0"": 146.83238395870376, ""kernel_samples"": 1203, ""support_ms"": 27.278911564625847, ""ENBW_hz"": 55.03327787021632, ""tuning_low_hz"": 143.8937094577764, ""tuning_high_hz"": 149.83107364622225, ""approx_first_null_halfwidth_hz"": 73.37770382695507, ""harmonic_number"": 2, ""supports_primary_candidates"": [69.30049886621315]}, {""status"": ""TARGET_ONSET_MULTIPLE"", ""candidate_s"": [69.29251700680273, 69.30448979591837], ""baseline"": 6.609341237879235e-05, ""peak"": 0.002247907902411431, ""low"": 0.0005024563103853202, ""high"": 0.0013751821063983755, ""relative_power_proxy"": 0.03105734954782724, ""dynamic_ratio"": 34.01107344145429, ""incomplete_rise"": true, ""f0"": 220.24857593805564, ""kernel_samples"": 801, ""support_ms"": 18.163265306122447, ""ENBW_hz"": 82.68749999999997, ""tuning_low_hz"": 215.84056418666458, ""tuning_high_hz"": 224.74661046933338, ""approx_first_null_halfwidth_hz"": 110.25, ""harmonic_number"": 3, ""supports_primary_candidates"": [69.30049886621315]}]",Conditional pitched-component observation; finite-band leakage and centered smoothing; original family ambiguity retained.,TARGET_ONSET_UNRESOLVED
HF059,BP_0092,HF059_BP_0092_50,D3,50,146.8323839587038,69.26864943310657,69.46601904761906,69.11864943310657,69.41864943310658,55.03327787021632,1,1,TARGET_ONSET_CLEAR,[69.28154195011338],69.28154195011338,12.892517006804383,"{""status"": ""TARGET_ONSET_CLEAR"", ""candidate_s"": [69.28154195011338], ""baseline"": 0.0010229537046506987, ""peak"": 0.0064453440772762926, ""low"": 0.0021074317791758175, ""high"": 0.004276387928226055, ""relative_power_proxy"": 0.26573238648282616, ""dynamic_ratio"": 6.3007192290066945, ""incomplete_rise"": false, ""f0"": 146.8323839587038, ""kernel_samples"": 1203, ""support_ms"": 27.278911564625847, ""ENBW_hz"": 55.03327787021632, ""tuning_low_hz"": 143.89370945777642, ""tuning_high_hz"": 149.83107364622228, ""approx_first_null_halfwidth_hz"": 73.37770382695507}","[{""status"": ""TARGET_NOT_OBSERVABLE"", ""candidate_s"": [], ""baseline"": 9.213002039344394e-06, ""peak"": 0.0016634111253254389, ""low"": 0.00034005262669656327, ""high"": 0.001001731876011001, ""relative_power_proxy"": 0.006221444801322367, ""dynamic_ratio"": 180.55039152512842, ""incomplete_rise"": false, ""f0"": 293.6647679174076, ""kernel_samples"": 601, ""support_ms"": 13.628117913832199, ""ENBW_hz"": 110.25, ""tuning_low_hz"": 287.78741891555285, ""tuning_high_hz"": 299.66214729244456, ""approx_first_null_halfwidth_hz"": 147.0, ""harmonic_number"": 2, ""supports_primary_candidates"": []}, {""status"": ""TARGET_ONSET_CLEAR"", ""candidate_s"": [69.29151927437641], ""baseline"": 5.199037583926447e-05, ""peak"": 0.002026251775205351, ""low"": 0.00044684265571248174, ""high"": 0.0012365472154589163, ""relative_power_proxy"": 0.017605909402894183, ""dynamic_ratio"": 38.973593525651594, ""incomplete_rise"": false, ""f0"": 440.4971518761114, ""kernel_samples"": 401, ""support_ms"": 9.09297052154195, ""ENBW_hz"": 165.375, ""tuning_low_hz"": 431.6811283733293, ""tuning_high_hz"": 449.49322093866687, ""approx_first_null_halfwidth_hz"": 220.5, ""harmonic_number"": 3, ""supports_primary_candidates"": [69.28154195011338]}]",Conditional pitched-component observation; finite-band leakage and centered smoothing; original family ambiguity retained.,TARGET_ONSET_UNRESOLVED
HF060,BP_0094,HF060_BP_0094_39,D#2,39,77.78174593052023,69.54728888888889,69.75626848072562,69.39728888888888,69.69728888888889,29.166666666666664,2,1,TARGET_ONSET_CLEAR,[69.66766439909297],69.66766439909297,120.37551020408443,"{""status"": ""TARGET_ONSET_CLEAR"", ""candidate_s"": [69.66766439909297], ""baseline"": 0.00041614875130533525, ""peak"": 0.009604713543982806, ""low"": 0.002253861709840829, ""high"": 0.005929287626911818, ""relative_power_proxy"": 0.0971493614602772, ""dynamic_ratio"": 23.080000874340406, ""incomplete_rise"": false, ""f0"": 77.78174593052023, ""kernel_samples"": 2269, ""support_ms"": 51.45124716553288, ""ENBW_hz"": 29.166666666666664, ""tuning_low_hz"": 76.2250373404866, ""tuning_high_hz"": 79.37024645820105, ""approx_first_null_halfwidth_hz"": 38.888888888888886}","[{""status"": ""TARGET_ONSET_CLEAR"", ""candidate_s"": [69.6487074829932], ""baseline"": 0.0002961697135270322, ""peak"": 0.00661650729827308, ""low"": 0.0015602372304762417, ""high"": 0.00408837226437466, ""relative_power_proxy"": 0.17175188842056827, ""dynamic_ratio"": 22.34025626549817, ""incomplete_rise"": false, ""f0"": 155.56349186104046, ""kernel_samples"": 1135, ""support_ms"": 25.736961451247165, ""ENBW_hz"": 58.33333333333333, ""tuning_low_hz"": 152.4500746809732, ""tuning_high_hz"": 158.7404929164021, ""approx_first_null_halfwidth_hz"": 77.77777777777777, ""harmonic_number"": 2, ""supports_primary_candidates"": [69.66766439909297]}, {""status"": ""TARGET_ONSET_MULTIPLE"", ""candidate_s"": [69.57587301587301, 69.63374149659865], ""baseline"": 6.482541300216345e-05, ""peak"": 0.003680545760623486, ""low"": 0.000787969482526428, ""high"": 0.0022342576215749568, ""relative_power_proxy"": 0.03259218702160208, ""dynamic_ratio"": 56.776279396795395, ""incomplete_rise"": false, ""f0"": 233.3452377915607, ""kernel_samples"": 757, ""support_ms"": 17.165532879818592, ""ENBW_hz"": 87.5, ""tuning_low_hz"": 228.67511202145977, ""tuning_high_hz"": 238.11073937460318, ""approx_first_null_halfwidth_hz"": 116.66666666666667, ""harmonic_number"": 3, ""supports_primary_candidates"": []}]",Conditional pitched-component observation; finite-band leakage and centered smoothing; original family ambiguity retained.,TARGET_ONSET_CLEAR
HF060,BP_0095,HF060_BP_0095_39,D#2,39,77.78174593052023,69.75626848072562,70.02329795918368,69.60626848072562,69.90626848072563,29.166666666666664,2,2,TARGET_ONSET_CLEAR,[69.66766439909297],69.66766439909297,-88.60408163265276,"{""status"": ""TARGET_ONSET_CLEAR"", ""candidate_s"": [69.66766439909297], ""baseline"": 0.0004736976201383823, ""peak"": 0.0096047135439828, ""low"": 0.002299900804907266, ""high"": 0.005952307174445033, ""relative_power_proxy"": 0.2516295931979361, ""dynamic_ratio"": 20.276043483555934, ""incomplete_rise"": false, ""f0"": 77.78174593052023, ""kernel_samples"": 2269, ""support_ms"": 51.45124716553288, ""ENBW_hz"": 29.166666666666664, ""tuning_low_hz"": 76.2250373404866, ""tuning_high_hz"": 79.37024645820105, ""approx_first_null_halfwidth_hz"": 38.888888888888886}","[{""status"": ""TARGET_ONSET_CLEAR"", ""candidate_s"": [69.6487074829932], ""baseline"": 0.00029662287782345316, ""peak"": 0.006616507298273071, ""low"": 0.0015605997619133768, ""high"": 0.004088553530093224, ""relative_power_proxy"": 0.052150484145005414, ""dynamic_ratio"": 22.306126037288152, ""incomplete_rise"": false, ""f0"": 155.56349186104046, ""kernel_samples"": 1135, ""support_ms"": 25.736961451247165, ""ENBW_hz"": 58.33333333333333, ""tuning_low_hz"": 152.4500746809732, ""tuning_high_hz"": 158.7404929164021, ""approx_first_null_halfwidth_hz"": 77.77777777777777, ""harmonic_number"": 2, ""supports_primary_candidates"": [69.66766439909297]}, {""status"": ""TARGET_ONSET_MULTIPLE"", ""candidate_s"": [69.65668934240362, 69.69759637188209], ""baseline"": 0.00022974294924183882, ""peak"": 0.004388019825542813, ""low"": 0.0010613983245020338, ""high"": 0.0027247090750224237, ""relative_power_proxy"": 0.03235466485339637, ""dynamic_ratio"": 19.099693113644875, ""incomplete_rise"": false, ""f0"": 233.3452377915607, ""kernel_samples"": 757, ""support_ms"": 17.165532879818592, ""ENBW_hz"": 87.5, ""tuning_low_hz"": 228.67511202145977, ""tuning_high_hz"": 238.11073937460318, ""approx_first_null_halfwidth_hz"": 116.66666666666667, ""harmonic_number"": 3, ""supports_primary_candidates"": [69.66766439909297]}]",Conditional pitched-component observation; finite-band leakage and centered smoothing; original family ambiguity retained.,TARGET_ONSET_CLEAR
HF061,BP_0096,HF061_BP_0096_46,A#2,46,116.54094037952248,70.01168798185941,70.1742276643991,69.8616879818594,70.16168798185942,43.692206076618234,1,0,TARGET_ONSET_CLEAR,[70.00589569160998],70.00589569160998,-5.792290249431176,"{""status"": ""TARGET_ONSET_CLEAR"", ""candidate_s"": [70.00589569160998], ""baseline"": 0.0004063720981496067, ""peak"": 0.027905656089550146, ""low"": 0.0059062288964297155, ""high"": 0.01690594249298993, ""relative_power_proxy"": 0.17410507686399293, ""dynamic_ratio"": 68.67020697684963, ""incomplete_rise"": false, ""f0"": 116.54094037952248, ""kernel_samples"": 1515, ""support_ms"": 34.35374149659864, ""ENBW_hz"": 43.692206076618234, ""tuning_low_hz"": 114.20851288244036, ""tuning_high_hz"": 118.92100196176901, ""approx_first_null_halfwidth_hz"": 58.256274768824305}","[{""status"": ""TARGET_ONSET_MULTIPLE"", ""candidate_s"": [69.97197278911564, 70.03283446712018], ""baseline"": 0.00015883942482099742, ""peak"": 0.0033178323099342616, ""low"": 0.0007906380018436503, ""high"": 0.002054235155888956, ""relative_power_proxy"": 0.03181663244940665, ""dynamic_ratio"": 20.88796477117228, ""incomplete_rise"": false, ""f0"": 233.08188075904496, ""kernel_samples"": 757, ""support_ms"": 17.165532879818592, ""ENBW_hz"": 87.5, ""tuning_low_hz"": 228.41702576488072, ""tuning_high_hz"": 237.84200392353802, ""approx_first_null_halfwidth_hz"": 116.66666666666667, ""harmonic_number"": 2, ""supports_primary_candidates"": []}, {""status"": ""TARGET_NOT_OBSERVABLE"", ""candidate_s"": [], ""baseline"": 2.4793904976349722e-05, ""peak"": 0.0019011174289763413, ""low"": 0.0004000586097763481, ""high"": 0.0011505880193763446, ""relative_power_proxy"": 0.00684058550886205, ""dynamic_ratio"": 76.6768054806118, ""incomplete_rise"": false, ""f0"": 349.6228211385675, ""kernel_samples"": 505, ""support_ms"": 11.45124716553288, ""ENBW_hz"": 131.25, ""tuning_low_hz"": 342.6255386473211, ""tuning_high_hz"": 356.76300588530705, ""approx_first_null_halfwidth_hz"": 175.0, ""harmonic_number"": 3, ""supports_primary_candidates"": []}]",Conditional pitched-component observation; finite-band leakage and centered smoothing; original family ambiguity retained.,TARGET_ONSET_CLEAR
HF061,BP_0097,HF061_BP_0097_46,A#2,46,116.54094037952248,70.1742276643991,70.32515736961452,70.02422766439909,70.3242276643991,43.692206076618234,1,0,TARGET_ACTIVITY_CONTINUOUS,[],,,"{""status"": ""TARGET_ACTIVITY_CONTINUOUS"", ""candidate_s"": [], ""baseline"": 0.0028090901420998573, ""peak"": 0.0274978129804494, ""low"": 0.007746834709769766, ""high"": 0.017622323845109582, ""relative_power_proxy"": 0.20513810735052243, ""dynamic_ratio"": 9.788868135037552, ""incomplete_rise"": false, ""f0"": 116.54094037952248, ""kernel_samples"": 1515, ""support_ms"": 34.35374149659864, ""ENBW_hz"": 43.692206076618234, ""tuning_low_hz"": 114.20851288244036, ""tuning_high_hz"": 118.92100196176901, ""approx_first_null_halfwidth_hz"": 58.256274768824305}","[{""status"": ""TARGET_ONSET_CLEAR"", ""candidate_s"": [70.27528344671202], ""baseline"": 0.00033039627241983035, ""peak"": 0.005469352384916346, ""low"": 0.0013581874949191335, ""high"": 0.0034137699399177397, ""relative_power_proxy"": 0.03580014085154781, ""dynamic_ratio"": 16.55391674021827, ""incomplete_rise"": false, ""f0"": 233.08188075904496, ""kernel_samples"": 757, ""support_ms"": 17.165532879818592, ""ENBW_hz"": 87.5, ""tuning_low_hz"": 228.41702576488072, ""tuning_high_hz"": 237.84200392353802, ""approx_first_null_halfwidth_hz"": 116.66666666666667, ""harmonic_number"": 2, ""supports_primary_candidates"": []}, {""status"": ""TARGET_NOT_OBSERVABLE"", ""candidate_s"": [], ""baseline"": 2.3200380533166922e-05, ""peak"": 0.0028621248178019626, ""low"": 0.0005909852679869262, ""high"": 0.0017265550428944444, ""relative_power_proxy"": 0.008067365705007837, ""dynamic_ratio"": 123.3654255674949, ""incomplete_rise"": false, ""f0"": 349.6228211385675, ""kernel_samples"": 505, ""support_ms"": 11.45124716553288, ""ENBW_hz"": 131.25, ""tuning_low_hz"": 342.6255386473211, ""tuning_high_hz"": 356.76300588530705, ""approx_first_null_halfwidth_hz"": 175.0, ""harmonic_number"": 3, ""supports_primary_candidates"": []}]",Conditional pitched-component observation; finite-band leakage and centered smoothing; original family ambiguity retained.,TARGET_ONSET_CLEAR
HF062,BP_0098,HF062_BP_0098_43,G2,43,97.99885899543733,70.29032743764172,70.45286712018141,70.14032743764172,70.44032743764173,36.75000000000001,2,0,TARGET_ONSET_CLEAR,[70.36907029478458],70.36907029478458,78.74285714285634,"{""status"": ""TARGET_ONSET_CLEAR"", ""candidate_s"": [70.36907029478458], ""baseline"": 0.0006106436153645685, ""peak"": 0.05647426353726691, ""low"": 0.011783367599745038, ""high"": 0.03412881556850597, ""relative_power_proxy"": 0.13495810500547847, ""dynamic_ratio"": 92.48318023197615, ""incomplete_rise"": false, ""f0"": 97.99885899543733, ""kernel_samples"": 1801, ""support_ms"": 40.8390022675737, ""ENBW_hz"": 36.75000000000001, ""tuning_low_hz"": 96.03752907430179, ""tuning_high_hz"": 100.00024424803152, ""approx_first_null_halfwidth_hz"": 49.0}","[{""status"": ""TARGET_ONSET_CLEAR"", ""candidate_s"": [70.27727891156462], ""baseline"": 0.00021569350429269805, ""peak"": 0.005246046626890062, ""low"": 0.0012217641288121707, ""high"": 0.0032339053778511167, ""relative_power_proxy"": 0.03391890991558824, ""dynamic_ratio"": 24.321764552404552, ""incomplete_rise"": false, ""f0"": 195.99771799087466, ""kernel_samples"": 901, ""support_ms"": 20.430839002267575, ""ENBW_hz"": 73.5, ""tuning_low_hz"": 192.07505814860357, ""tuning_high_hz"": 200.00048849606304, ""approx_first_null_halfwidth_hz"": 98.0, ""harmonic_number"": 2, ""supports_primary_candidates"": []}, {""status"": ""TARGET_ONSET_CLEAR"", ""candidate_s"": [70.28226757369615], ""baseline"": 7.625572158581555e-05, ""peak"": 0.0034146410766538117, ""low"": 0.0007439327925994148, ""high"": 0.002079286934626613, ""relative_power_proxy"": 0.017752216222637784, ""dynamic_ratio"": 44.778817977757804, ""incomplete_rise"": false, ""f0"": 293.996576986312, ""kernel_samples"": 601, ""support_ms"": 13.628117913832199, ""ENBW_hz"": 110.25, ""tuning_low_hz"": 288.11258722290535, ""tuning_high_hz"": 300.00073274409453, ""approx_first_null_halfwidth_hz"": 147.0, ""harmonic_number"": 3, ""supports_primary_candidates"": []}]",Conditional pitched-component observation; finite-band leakage and centered smoothing; original family ambiguity retained.,TARGET_ONSET_CLEAR
HF062,BP_0099,HF062_BP_0099_43,G2,43,97.99885899543733,70.46447709750566,70.68506666666667,70.31447709750566,70.61447709750567,36.75000000000001,1,1,TARGET_ONSET_CLEAR,[70.36907029478458],70.36907029478458,-95.40680272108659,"{""status"": ""TARGET_ONSET_CLEAR"", ""candidate_s"": [70.36907029478458], ""baseline"": 0.000629763112984632, ""peak"": 0.056474263537266894, ""low"": 0.011798663197841085, ""high"": 0.034136463367553986, ""relative_power_proxy"": 0.29698794999990463, ""dynamic_ratio"": 89.67540710604469, ""incomplete_rise"": false, ""f0"": 97.99885899543733, ""kernel_samples"": 1801, ""support_ms"": 40.8390022675737, ""ENBW_hz"": 36.75000000000001, ""tuning_low_hz"": 96.03752907430179, ""tuning_high_hz"": 100.00024424803152, ""approx_first_null_halfwidth_hz"": 49.0}","[{""status"": ""TARGET_ONSET_MULTIPLE"", ""candidate_s"": [70.32616780045352, 70.36009070294784], ""baseline"": 0.0001307515275030177, ""peak"": 0.0015582711123130065, ""low"": 0.00041625544446501544, ""high"": 0.000987263278389011, ""relative_power_proxy"": 0.02615574336889189, ""dynamic_ratio"": 11.917804266394075, ""incomplete_rise"": false, ""f0"": 195.99771799087466, ""kernel_samples"": 901, ""support_ms"": 20.430839002267575, ""ENBW_hz"": 73.5, ""tuning_low_hz"": 192.07505814860357, ""tuning_high_hz"": 200.00048849606304, ""approx_first_null_halfwidth_hz"": 98.0, ""harmonic_number"": 2, ""supports_primary_candidates"": [70.36907029478458]}, {""status"": ""TARGET_NOT_OBSERVABLE"", ""candidate_s"": [], ""baseline"": 3.5088757103022873e-05, ""peak"": 0.0007370244178733087, ""low"": 0.00017547588925708002, ""high"": 0.00045625015356519436, ""relative_power_proxy"": 0.006454033742228739, ""dynamic_ratio"": 21.004574647923747, ""incomplete_rise"": false, ""f0"": 293.996576986312, ""kernel_samples"": 601, ""support_ms"": 13.628117913832199, ""ENBW_hz"": 110.25, ""tuning_low_hz"": 288.11258722290535, ""tuning_high_hz"": 300.00073274409453, ""approx_first_null_halfwidth_hz"": 147.0, ""harmonic_number"": 3, ""supports_primary_candidates"": []}]",Conditional pitched-component observation; finite-band leakage and centered smoothing; original family ambiguity retained.,TARGET_ONSET_CLEAR
HF063,BP_0100,HF063_BP_0100_39,D#2,39,77.78174593052023,70.71989659863945,71.1043097505669,70.56989659863945,70.86989659863946,29.166666666666664,2,1,TARGET_ONSET_CLEAR,[70.72526077097505],70.72526077097505,5.364172335603712,"{""status"": ""TARGET_ONSET_CLEAR"", ""candidate_s"": [70.72526077097505], ""baseline"": 0.00014227828583465157, ""peak"": 0.011831906584340555, ""low"": 0.002480203945535832, ""high"": 0.0071560552649381935, ""relative_power_proxy"": 0.04919044501919984, ""dynamic_ratio"": 83.16031160293133, ""incomplete_rise"": false, ""f0"": 77.78174593052023, ""kernel_samples"": 2269, ""support_ms"": 51.45124716553288, ""ENBW_hz"": 29.166666666666664, ""tuning_low_hz"": 76.2250373404866, ""tuning_high_hz"": 79.37024645820105, ""approx_first_null_halfwidth_hz"": 38.888888888888886}","[{""status"": ""TARGET_ONSET_MULTIPLE"", ""candidate_s"": [70.63446712018141, 70.71628117913832], ""baseline"": 0.00015591072582145442, ""peak"": 0.010089106093519455, ""low"": 0.002142549799361055, ""high"": 0.006115827946440255, ""relative_power_proxy"": 0.06867218604759288, ""dynamic_ratio"": 64.71078907729081, ""incomplete_rise"": false, ""f0"": 155.56349186104046, ""kernel_samples"": 1135, ""support_ms"": 25.736961451247165, ""ENBW_hz"": 58.33333333333333, ""tuning_low_hz"": 152.4500746809732, ""tuning_high_hz"": 158.7404929164021, ""approx_first_null_halfwidth_hz"": 77.77777777777777, ""harmonic_number"": 2, ""supports_primary_candidates"": [70.72526077097505]}, {""status"": ""TARGET_ONSET_MULTIPLE"", ""candidate_s"": [70.63546485260771, 70.64743764172336], ""baseline"": 4.9070791114368286e-05, ""peak"": 0.0116257044247279, ""low"": 0.0023643975178370747, ""high"": 0.006995050971282487, ""relative_power_proxy"": 0.02520108861750576, ""dynamic_ratio"": 236.91699605233808, ""incomplete_rise"": false, ""f0"": 233.3452377915607, ""kernel_samples"": 757, ""support_ms"": 17.165532879818592, ""ENBW_hz"": 87.5, ""tuning_low_hz"": 228.67511202145977, ""tuning_high_hz"": 238.11073937460318, ""approx_first_null_halfwidth_hz"": 116.66666666666667, ""harmonic_number"": 3, ""supports_primary_candidates"": []}]",Conditional pitched-component observation; finite-band leakage and centered smoothing; original family ambiguity retained.,TARGET_ONSET_CLEAR
